{"type":"FeatureCollection","features":[{"type":"Feature","properties":{"depth":5,"kind":"band"},"geometry":{"type":"MultiPolygon","coordinates":[[[[24,39.9932],[24,39.9943],[23.9995,39.9949],[23.9995,39.9943],[23.9984,39.9932],[23.9995,39.9926],[24,39.9932]]],[[[24,39.9766],[24,39.987],[23.9995,39.9876],[23.9978,39.988],[23.9964,39.9895],[23.9943,39.988],[23.9932,39.9896],[23.9919,39.9891],[23.9928,39.988],[23.9911,39.9871],[23.9911,39.9859],[23.9901,39.9849],[23.9891,39.9828],[23.9911,39.9807],[23.9932,39.9807],[23.9943,39.9797],[23.9949,39.9786],[23.9939,39.9776],[23.9974,39.9776],[23.9984,39.9766],[23.9984,39.9757],[24,39.9766]]],[[[23.9202,39.9661],[23.9208,39.9682],[23.9193,39.9672],[23.9182,39.9682],[23.9182,39.9693],[23.9182,39.9672],[23.9193,39.9661],[23.9202,39.9661]]],[[[23.9745,39.962],[23.9745,39.9641],[23.9724,39.9634],[23.9717,39.9641],[23.9701,39.9641],[23.97,39.963],[23.9714,39.962],[23.9745,39.962]]],[[[23.9266,39.9599],[23.9266,39.961],[23.9253,39.962],[23.9245,39.9641],[23.9245,39.9656],[23.9234,39.9641],[23.9224,39.9651],[23.9214,39.9651],[23.9203,39.9661],[23.9203,39.9641],[23.9226,39.962],[23.9231,39.9609],[23.9245,39.9609],[23.9255,39.9599],[23.9266,39.9599]]],[[[23.9828,39.9589],[23.9849,39.9609],[23.987,39.9612],[23.988,39.9604],[23.9891,39.961],[23.9932,39.9611],[23.9943,39.9603],[23.9958,39.962],[23.9953,39.9637],[23.9968,39.9641],[23.9964,39.9645],[23.9943,39.9643],[23.9924,39.9651],[23.9911,39.9641],[23.9901,39.9651],[23.988,39.963],[23.987,39.9627],[23.9859,39.963],[23.9849,39.962],[23.9818,39.962],[23.9807,39.963],[23.977,39.963],[23.9776,39.963],[23.9786,39.962],[23.9797,39.962],[23.9807,39.9609],[23.9807,39.9589],[23.9828,39.9589]]],[[[23.9949,39.9589],[23.9943,39.9593],[23.9943,39.9584],[23.9949,39.9589]]],[[[23.9964,39.9536],[23.9964,39.9547],[23.9964,39.9531],[23.9964,39.9536]]],[[[23.7505,39.9182],[23.7514,39.9193],[23.7505,39.9193],[23.7495,39.9203],[23.7495,39.9193],[23.7505,39.9182],[23.7505,39.9175],[23.7505,39.9182]]],[[[23.0005,39.3391],[23.0019,39.3401],[23.0005,39.3406],[23,39.3401],[23,39.3391],[23.0005,39.3386],[23.0005,39.3391]]],[[[23.003,39.3391],[23.0026,39.3395],[23.0026,39.3391],[23.003,39.3391]]],[[[23.0693,39.313],[23.0693,39.3137],[23.0686,39.313],[23.0693,39.313]]],[[[23.9495,39.2714],[23.9484,39.272],[23.9474,39.2714],[23.9495,39.2714]]],[[[23.5157,39.1755],[23.5151,39.1761],[23.5151,39.1755],[23.5157,39.1755]]],[[[23.9109,39.1724],[23.9089,39.1724],[23.9099,39.1724],[23.9109,39.1718],[23.9109,39.1724]]],[[[23.969,39.163],[23.9682,39.1638],[23.9682,39.163],[23.969,39.163]]],[[[23.491,39.1578],[23.4901,39.1589],[23.4907,39.1599],[23.4901,39.1599],[23.4894,39.1589],[23.4894,39.1578],[23.491,39.1578]]],[[[23.1839,39.1547],[23.1839,39.1552],[23.1833,39.1547],[23.1839,39.1538],[23.1839,39.1547]]],[[[23.0711,39.1505],[23.0703,39.1505],[23.0693,39.1513],[23.0685,39.1505],[23.0711,39.1505]]],[[[23.8734,39.1464],[23.8744,39.1474],[23.8734,39.1474],[23.8734,39.1464]]],[[[23.4649,39.1266],[23.4641,39.1276],[23.463,39.1276],[23.4623,39.1266],[23.4641,39.1258],[23.4649,39.1266]]],[[[23.2137,39.1245],[23.213,39.1262],[23.212,39.1259],[23.2114,39.1245],[23.213,39.1238],[23.2137,39.1245]]],[[[23.1141,39.1234],[23.115,39.1245],[23.1141,39.1245],[23.113,39.1255],[23.113,39.1262],[23.1109,39.1245],[23.1109,39.1234],[23.1141,39.1234]]],[[[23.118,39.1214],[23.1172,39.1218],[23.1169,39.1214],[23.1172,39.1208],[23.118,39.1214]]],[[[23.1016,39.1141],[23.1016,39.1148],[23.1008,39.1141],[23.1016,39.1141]]],[[[23.1005,39.113],[23.1005,39.1137],[23.0998,39.113],[23.1005,39.113]]],[[[23.2089,39.1016],[23.2089,39.1026],[23.2099,39.1036],[23.2068,39.1036],[23.206,39.1026],[23.2068,39.1026],[23.2078,39.1016],[23.2078,39.101],[23.2089,39.1016]]],[[[23.1734,39.1005],[23.1734,39.1013],[23.1727,39.1005],[23.1734,39.1005]]],[[[23.1651,39.0974],[23.1651,39.0981],[23.1641,39.0974],[23.1651,39.0974]]],[[[23.1526,39.0922],[23.1526,39.0932],[23.1513,39.0922],[23.1526,39.0915],[23.1526,39.0922]]],[[[23.1307,39.0901],[23.1315,39.0911],[23.1307,39.0922],[23.1307,39.0901]]],[[[23.1257,39.0849],[23.1266,39.087],[23.1248,39.087],[23.1238,39.0859],[23.1257,39.0849]]],[[[23.1249,39.0828],[23.1234,39.0839],[23.1234,39.0846],[23.1227,39.0828],[23.1249,39.0828]]],[[[23.7411,39.0786],[23.7401,39.0795],[23.7401,39.0786],[23.7411,39.0786]]],[[[23.7339,39.0714],[23.7339,39.0721],[23.7331,39.0714],[23.7339,39.0714]]],[[[23.9554,39.0714],[23.9547,39.0719],[23.9539,39.0714],[23.9547,39.0704],[23.9554,39.0714]]],[[[23.0672,39.0339],[23.0687,39.0349],[23.0684,39.0359],[23.0672,39.0349],[23.0661,39.0359],[23.0661,39.0349],[23.0672,39.0339],[23.0672,39.0331],[23.0672,39.0339]]],[[[23.0526,39.0161],[23.0536,39.0172],[23.0526,39.0172],[23.0516,39.0157],[23.0526,39.0161]]],[[[23.0332,39.0141],[23.0328,39.0151],[23.0344,39.0161],[23.0324,39.0161],[23.0311,39.0151],[23.0328,39.0133],[23.0332,39.0141]]],[[[23.0182,39.0005],[23.0182,39.0012],[23.0175,39.0005],[23.0182,39],[23.0182,39.0005]]],[[[23.0731,39.0005],[23.0724,39.0009],[23.0715,39.0005],[23.0724,39],[23.0731,39.0005]]],[[[23.0764,39.0005],[23.0746,39.0005],[23.0755,39],[23.0764,39.0005]]],[[[24,39.0005],[24,39.2214],[23.9974,39.2214],[23.9964,39.222],[23.9943,39.2245],[23.9939,39.2266],[23.9932,39.2276],[23.9974,39.2318],[23.9974,39.2359],[23.9984,39.237],[23.9984,39.238],[24,39.2391],[24,39.9661],[23.9987,39.9661],[23.9975,39.9651],[23.9976,39.9641],[23.9967,39.963],[23.9964,39.9602],[23.9957,39.9599],[23.9964,39.9589],[23.9974,39.959],[23.9984,39.9578],[23.9984,39.9536],[23.9964,39.9522],[23.9964,39.9516],[23.9953,39.9505],[23.9943,39.9515],[23.9922,39.9495],[23.9932,39.9484],[23.9922,39.9473],[23.9911,39.9473],[23.9901,39.9464],[23.9891,39.9474],[23.9891,39.9484],[23.988,39.9479],[23.9891,39.9464],[23.988,39.9453],[23.9859,39.9453],[23.9849,39.9463],[23.9849,39.9453],[23.9839,39.9443],[23.9818,39.9443],[23.9807,39.9432],[23.9776,39.9432],[23.9766,39.9443],[23.9651,39.9443],[23.9641,39.9453],[23.963,39.9453],[23.961,39.9432],[23.9609,39.9422],[23.9599,39.9411],[23.9547,39.9411],[23.9526,39.9391],[23.9526,39.937],[23.9495,39.9349],[23.9422,39.9349],[23.9412,39.9359],[23.9411,39.938],[23.9401,39.938],[23.9391,39.9388],[23.9359,39.9387],[23.9349,39.938],[23.9339,39.938],[23.9339,39.937],[23.9318,39.9349],[23.9297,39.9349],[23.9286,39.9359],[23.9276,39.9349],[23.9266,39.9359],[23.9286,39.938],[23.9303,39.938],[23.9307,39.9405],[23.9339,39.9416],[23.9339,39.9422],[23.9328,39.9432],[23.9337,39.9443],[23.9336,39.9453],[23.9328,39.9453],[23.9318,39.9443],[23.9307,39.9443],[23.9286,39.9464],[23.927,39.9464],[23.9255,39.9461],[23.9255,39.9453],[23.9245,39.9443],[23.9234,39.9453],[23.9245,39.9464],[23.9252,39.9464],[23.9234,39.9464],[23.9224,39.945],[23.9182,39.9453],[23.9172,39.9464],[23.9177,39.9505],[23.9161,39.9526],[23.9167,39.9536],[23.9141,39.9575],[23.912,39.9557],[23.9109,39.9554],[23.9068,39.9557],[23.9036,39.9578],[23.9047,39.9589],[23.9026,39.9589],[23.9016,39.9578],[23.9005,39.9589],[23.9026,39.962],[23.9026,39.9633],[23.9016,39.9651],[23.9016,39.9661],[23.9001,39.9672],[23.9001,39.9682],[23.8995,39.9682],[23.8984,39.9693],[23.8984,39.9703],[23.8995,39.9714],[23.9005,39.9714],[23.9005,39.9734],[23.8995,39.9745],[23.8999,39.9755],[23.8995,39.9776],[23.9005,39.9786],[23.9016,39.9786],[23.9026,39.9776],[23.9036,39.9776],[23.9036,39.9818],[23.9016,39.9849],[23.8948,39.9891],[23.8932,39.9895],[23.8911,39.988],[23.8901,39.9891],[23.8911,39.9901],[23.8911,39.9911],[23.8918,39.9922],[23.8911,39.9936],[23.8901,39.9932],[23.8891,39.9938],[23.8884,39.9932],[23.8891,39.9932],[23.8902,39.9922],[23.8901,39.9911],[23.8891,39.9901],[23.888,39.9911],[23.8859,39.9911],[23.8849,39.9922],[23.8859,39.9932],[23.8865,39.9932],[23.8849,39.9932],[23.8839,39.9943],[23.8776,39.9943],[23.8766,39.9948],[23.8734,39.9947],[23.8724,39.9943],[23.8693,39.9976],[23.8661,40],[23.5911,40],[23.5903,39.9995],[23.5922,39.9986],[23.5995,39.9974],[23.6047,39.9959],[23.6136,39.9953],[23.6245,39.9896],[23.6266,39.9892],[23.6286,39.9874],[23.6339,39.986],[23.637,39.9854],[23.6484,39.9861],[23.6526,39.9842],[23.6557,39.9834],[23.6589,39.9833],[23.6599,39.9839],[23.662,39.9831],[23.6661,39.9828],[23.6703,39.979],[23.671,39.9766],[23.6724,39.9756],[23.6755,39.9752],[23.6776,39.9755],[23.6786,39.9745],[23.6797,39.9755],[23.6818,39.9734],[23.6821,39.9714],[23.6828,39.9703],[23.6828,39.9661],[23.6818,39.9648],[23.6797,39.9651],[23.6786,39.9661],[23.6776,39.9651],[23.6776,39.9616],[23.6797,39.9596],[23.6818,39.9592],[23.6849,39.962],[23.687,39.9599],[23.6873,39.9536],[23.688,39.9526],[23.6885,39.9495],[23.6898,39.9474],[23.6896,39.9464],[23.6901,39.9453],[23.688,39.9432],[23.6871,39.9432],[23.6874,39.9422],[23.6878,39.9411],[23.6891,39.9401],[23.6891,39.9388],[23.6911,39.9359],[23.6974,39.9315],[23.7016,39.9301],[23.7047,39.9297],[23.7068,39.9302],[23.7099,39.9289],[23.7151,39.9307],[23.7195,39.9307],[23.7224,39.9318],[23.725,39.9318],[23.7276,39.9339],[23.7286,39.9339],[23.7297,39.9328],[23.7307,39.9328],[23.7329,39.9318],[23.7334,39.9328],[23.7327,39.9339],[23.7349,39.9345],[23.737,39.9318],[23.737,39.9307],[23.7391,39.9307],[23.7401,39.9318],[23.7411,39.9318],[23.7401,39.9328],[23.7422,39.9349],[23.7453,39.9349],[23.7484,39.9318],[23.7484,39.9307],[23.7464,39.9276],[23.7474,39.9276],[23.7484,39.9266],[23.7484,39.9255],[23.7495,39.9255],[23.7505,39.9245],[23.7516,39.9255],[23.7526,39.9245],[23.7526,39.9203],[23.7517,39.9193],[23.7526,39.9182],[23.7526,39.9172],[23.7505,39.9141],[23.7425,39.9141],[23.7401,39.912],[23.7391,39.912],[23.738,39.913],[23.7307,39.9128],[23.7276,39.9109],[23.7255,39.9107],[23.7234,39.9089],[23.7214,39.9088],[23.7203,39.9078],[23.7183,39.9078],[23.7172,39.9067],[23.713,39.9068],[23.712,39.9078],[23.7057,39.9078],[23.7047,39.9088],[23.7016,39.9089],[23.7005,39.9098],[23.6984,39.9098],[23.6964,39.912],[23.6922,39.913],[23.6911,39.9141],[23.6911,39.9151],[23.6901,39.9151],[23.6901,39.9141],[23.6891,39.913],[23.688,39.9141],[23.6807,39.9141],[23.6797,39.913],[23.6745,39.913],[23.6734,39.9141],[23.6714,39.9141],[23.6703,39.913],[23.6589,39.913],[23.6578,39.912],[23.6536,39.912],[23.6526,39.913],[23.653,39.9141],[23.6471,39.9141],[23.6443,39.913],[23.6422,39.913],[23.6401,39.9151],[23.638,39.9146],[23.637,39.9151],[23.6318,39.9151],[23.6307,39.9161],[23.6245,39.917],[23.6203,39.9181],[23.6089,39.9182],[23.6078,39.9193],[23.6047,39.9209],[23.6026,39.9203],[23.6016,39.9193],[23.5974,39.9193],[23.5964,39.9203],[23.5922,39.9203],[23.5901,39.9224],[23.5891,39.9224],[23.5839,39.9272],[23.5807,39.9286],[23.5779,39.9307],[23.5745,39.9307],[23.5724,39.9317],[23.5682,39.9309],[23.563,39.9307],[23.5609,39.932],[23.553,39.9339],[23.5464,39.9368],[23.5432,39.9393],[23.5401,39.9405],[23.538,39.942],[23.5286,39.9438],[23.5245,39.9466],[23.5182,39.9484],[23.513,39.9509],[23.5078,39.9525],[23.5016,39.9562],[23.4911,39.9605],[23.4849,39.9627],[23.4782,39.9641],[23.4745,39.9656],[23.4651,39.968],[23.4495,39.9689],[23.437,39.9681],[23.4318,39.9665],[23.4286,39.9645],[23.4245,39.963],[23.4234,39.962],[23.4224,39.962],[23.4203,39.9609],[23.4182,39.9593],[23.4078,39.9581],[23.3964,39.9586],[23.3943,39.9582],[23.3883,39.9599],[23.3859,39.9599],[23.3818,39.9612],[23.3755,39.9609],[23.3745,39.9599],[23.3722,39.9599],[23.3703,39.959],[23.3672,39.9568],[23.3661,39.9572],[23.3633,39.9568],[23.3599,39.9554],[23.3587,39.9547],[23.3568,39.9526],[23.3547,39.9536],[23.354,39.9557],[23.3558,39.9578],[23.3599,39.9648],[23.3738,39.9839],[23.3761,39.9901],[23.3797,39.9966],[23.3802,39.9995],[23.3797,40],[23.0005,40],[23,39.9995],[23,39.5516],[23.0036,39.5516],[23.0068,39.5495],[23.0068,39.5474],[23.0057,39.5464],[23.0057,39.5443],[23.0078,39.5443],[23.0089,39.5432],[23.0099,39.5432],[23.0109,39.5425],[23.0109,39.5391],[23.012,39.538],[23.013,39.538],[23.0141,39.5372],[23.0151,39.5359],[23.0141,39.5349],[23.0141,39.5339],[23.0151,39.5328],[23.0172,39.5328],[23.0182,39.5318],[23.0182,39.5307],[23.0214,39.5286],[23.0255,39.5286],[23.0266,39.5276],[23.0328,39.5276],[23.0339,39.5286],[23.0349,39.5286],[23.0359,39.5276],[23.038,39.5276],[23.037,39.5286],[23.0391,39.5301],[23.0474,39.5303],[23.0505,39.5299],[23.0547,39.5279],[23.057,39.5255],[23.0568,39.5245],[23.0547,39.5224],[23.056,39.5214],[23.0568,39.5214],[23.0578,39.5203],[23.0599,39.5203],[23.0609,39.5193],[23.063,39.5193],[23.0641,39.5182],[23.0661,39.5182],[23.0696,39.5151],[23.0703,39.5141],[23.0703,39.513],[23.0717,39.512],[23.0755,39.512],[23.0766,39.5111],[23.0776,39.5109],[23.0821,39.5068],[23.0839,39.5068],[23.088,39.5036],[23.0891,39.5036],[23.0901,39.5026],[23.0922,39.5026],[23.0953,39.5005],[23.0964,39.5005],[23.0984,39.4974],[23.0995,39.4974],[23.1005,39.4984],[23.1016,39.4974],[23.1005,39.4964],[23.1005,39.4943],[23.1016,39.4932],[23.1016,39.4922],[23.1005,39.4911],[23.1039,39.488],[23.1047,39.488],[23.1057,39.487],[23.1057,39.4849],[23.1068,39.4839],[23.1078,39.4849],[23.1089,39.4839],[23.1078,39.4828],[23.1078,39.4818],[23.1099,39.4797],[23.1099,39.4776],[23.112,39.4755],[23.112,39.4745],[23.113,39.4734],[23.1134,39.4693],[23.1145,39.4672],[23.1159,39.4661],[23.118,39.462],[23.1202,39.4589],[23.1255,39.4525],[23.1276,39.4512],[23.1307,39.4505],[23.1328,39.4488],[23.1339,39.4487],[23.1349,39.4474],[23.1349,39.4464],[23.1396,39.4401],[23.1411,39.4396],[23.142,39.438],[23.1432,39.4372],[23.1484,39.4349],[23.1516,39.4318],[23.1526,39.4318],[23.1557,39.4286],[23.1557,39.4276],[23.1568,39.4266],[23.1567,39.4245],[23.1586,39.4224],[23.1599,39.4224],[23.1625,39.4203],[23.1626,39.4182],[23.1672,39.4147],[23.1682,39.4125],[23.1701,39.4109],[23.1713,39.4089],[23.1724,39.4081],[23.1734,39.4089],[23.1755,39.4068],[23.1766,39.4078],[23.1818,39.4078],[23.1839,39.4057],[23.1839,39.4047],[23.1832,39.4036],[23.1849,39.4036],[23.188,39.4005],[23.1891,39.4016],[23.1901,39.4016],[23.1943,39.3995],[23.1955,39.3984],[23.1964,39.3943],[23.1953,39.3932],[23.1953,39.3911],[23.1964,39.3904],[23.1964,39.3911],[23.1974,39.3922],[23.1984,39.3911],[23.1974,39.3901],[23.1966,39.3901],[23.1964,39.388],[23.1948,39.387],[23.1949,39.3859],[23.1974,39.3828],[23.1974,39.3821],[23.1984,39.3828],[23.1995,39.3828],[23.2016,39.3849],[23.2026,39.3839],[23.2026,39.3828],[23.2036,39.3839],[23.2047,39.3828],[23.2036,39.3818],[23.203,39.3776],[23.2047,39.3755],[23.2057,39.3755],[23.2068,39.3745],[23.2068,39.3703],[23.2057,39.3693],[23.2078,39.3672],[23.2078,39.3654],[23.2099,39.3651],[23.2109,39.3661],[23.212,39.3651],[23.2141,39.3651],[23.2151,39.3641],[23.2154,39.362],[23.2161,39.3609],[23.2172,39.3609],[23.2193,39.3578],[23.2203,39.3574],[23.2214,39.3589],[23.2224,39.3589],[23.2234,39.3578],[23.2234,39.3568],[23.2224,39.3557],[23.2224,39.3547],[23.2234,39.3536],[23.2234,39.3526],[23.2224,39.3516],[23.2245,39.3516],[23.2266,39.3496],[23.2286,39.3495],[23.23,39.3484],[23.2297,39.3474],[23.2328,39.3474],[23.2349,39.3453],[23.2349,39.3443],[23.2339,39.3432],[23.2339,39.3422],[23.237,39.3425],[23.2391,39.3402],[23.2443,39.3401],[23.2453,39.3391],[23.2453,39.3382],[23.2495,39.338],[23.2516,39.3359],[23.2547,39.3359],[23.2557,39.3354],[23.2568,39.334],[23.2578,39.3339],[23.2613,39.3307],[23.2612,39.3286],[23.263,39.3266],[23.263,39.326],[23.2651,39.3245],[23.2661,39.3245],[23.2672,39.3234],[23.2693,39.3234],[23.2703,39.3224],[23.2695,39.3214],[23.2703,39.3193],[23.2714,39.3203],[23.2724,39.3203],[23.2734,39.3193],[23.2734,39.3182],[23.2725,39.3172],[23.2737,39.3161],[23.2755,39.3161],[23.2776,39.313],[23.277,39.3109],[23.2776,39.3099],[23.2776,39.3063],[23.2786,39.3068],[23.2807,39.3047],[23.2797,39.3036],[23.2786,39.3047],[23.2779,39.3047],[23.2776,39.3026],[23.2779,39.3016],[23.2776,39.3005],[23.2766,39.2995],[23.2766,39.298],[23.277,39.2974],[23.2768,39.2964],[23.2797,39.2932],[23.2807,39.2932],[23.2818,39.2922],[23.2828,39.2922],[23.287,39.288],[23.2859,39.2866],[23.2859,39.2849],[23.2849,39.2839],[23.2843,39.2839],[23.2859,39.2818],[23.2859,39.2807],[23.2839,39.2782],[23.2839,39.2769],[23.2849,39.2751],[23.2885,39.2714],[23.2901,39.2709],[23.2917,39.2693],[23.2918,39.2682],[23.3002,39.2609],[23.3018,39.2599],[23.3026,39.2599],[23.3036,39.2586],[23.3068,39.2568],[23.3077,39.2557],[23.3099,39.2557],[23.313,39.2526],[23.3131,39.2505],[23.3161,39.2491],[23.3166,39.2484],[23.3161,39.2474],[23.3193,39.2453],[23.3186,39.2443],[23.3203,39.2422],[23.3193,39.2408],[23.3193,39.2401],[23.3175,39.238],[23.3179,39.237],[23.3191,39.2359],[23.3203,39.2359],[23.3214,39.2344],[23.3224,39.2349],[23.3234,39.2339],[23.3232,39.2318],[23.3266,39.2278],[23.3286,39.2276],[23.3297,39.2266],[23.3307,39.2266],[23.3328,39.2247],[23.3328,39.2255],[23.3339,39.2266],[23.3349,39.2255],[23.3339,39.2245],[23.3331,39.2245],[23.3331,39.2224],[23.332,39.2214],[23.3328,39.2214],[23.3339,39.2203],[23.3339,39.2193],[23.3349,39.2193],[23.3359,39.2182],[23.3332,39.2151],[23.3331,39.2141],[23.3339,39.213],[23.3339,39.212],[23.3373,39.2089],[23.337,39.2078],[23.338,39.2068],[23.3374,39.2057],[23.338,39.2044],[23.3437,39.1995],[23.3445,39.1974],[23.3446,39.1943],[23.3464,39.1938],[23.3505,39.1916],[23.3516,39.1901],[23.3526,39.187],[23.3526,39.1859],[23.3517,39.1849],[23.3516,39.1807],[23.3505,39.1797],[23.3498,39.1797],[23.3484,39.1775],[23.3484,39.1755],[23.3474,39.1745],[23.3464,39.1745],[23.3464,39.1724],[23.3453,39.1703],[23.3432,39.1682],[23.3411,39.1672],[23.3397,39.1672],[23.3401,39.1661],[23.338,39.1641],[23.3366,39.1641],[23.337,39.162],[23.3352,39.1589],[23.3312,39.1578],[23.3307,39.1568],[23.3318,39.1557],[23.3307,39.1543],[23.3297,39.1536],[23.3266,39.1536],[23.3255,39.1526],[23.3255,39.1514],[23.3261,39.1505],[23.3245,39.1484],[23.3224,39.1484],[23.3214,39.1493],[23.3214,39.1484],[23.3203,39.1474],[23.3189,39.1474],[23.3182,39.146],[23.3172,39.146],[23.3151,39.1443],[23.313,39.1448],[23.312,39.1432],[23.3099,39.1432],[23.3089,39.1422],[23.3078,39.1422],[23.3078,39.1401],[23.3089,39.1391],[23.3078,39.1379],[23.3057,39.1377],[23.3047,39.1391],[23.3047,39.1401],[23.3041,39.1401],[23.303,39.1391],[23.3036,39.1391],[23.3047,39.138],[23.3036,39.137],[23.3026,39.138],[23.3026,39.1388],[23.2984,39.1388],[23.2964,39.137],[23.2943,39.1365],[23.2932,39.1367],[23.2922,39.138],[23.2932,39.1391],[23.2939,39.1391],[23.2932,39.1398],[23.2922,39.1391],[23.2911,39.1391],[23.2922,39.138],[23.2911,39.1367],[23.2901,39.1368],[23.2891,39.138],[23.2863,39.138],[23.2849,39.137],[23.2839,39.137],[23.2818,39.1348],[23.2807,39.1348],[23.2797,39.1359],[23.2807,39.137],[23.2814,39.137],[23.2776,39.137],[23.2766,39.138],[23.2766,39.137],[23.2755,39.1359],[23.2745,39.1358],[23.2734,39.137],[23.2745,39.138],[23.2745,39.1388],[23.2713,39.1391],[23.2641,39.1348],[23.2636,39.1339],[23.2651,39.1328],[23.2641,39.1318],[23.263,39.1328],[23.263,39.1334],[23.262,39.1328],[23.2599,39.1328],[23.2589,39.1318],[23.2583,39.1318],[23.2589,39.1318],[23.2599,39.1307],[23.2599,39.1297],[23.2589,39.1283],[23.2495,39.1231],[23.2484,39.1232],[23.2474,39.1245],[23.2474,39.1251],[23.2453,39.1255],[23.2422,39.1228],[23.2391,39.1232],[23.2297,39.1228],[23.2255,39.1245],[23.2245,39.1255],[23.2255,39.1266],[23.2224,39.1297],[23.2234,39.1307],[23.2217,39.1307],[23.2208,39.1297],[23.2214,39.1286],[23.2203,39.1276],[23.2203,39.1266],[23.2161,39.1234],[23.2141,39.1237],[23.2109,39.1203],[23.2099,39.1203],[23.2094,39.1182],[23.2141,39.1182],[23.2161,39.1165],[23.2214,39.1161],[23.2266,39.1135],[23.2276,39.1142],[23.2293,39.1109],[23.2292,39.1099],[23.2273,39.1078],[23.2214,39.1042],[23.2099,39.0995],[23.2089,39.0999],[23.2068,39.0995],[23.2036,39.1016],[23.2029,39.1016],[23.2026,39.1005],[23.2016,39.0995],[23.2047,39.0964],[23.2057,39.0974],[23.2068,39.097],[23.2077,39.0953],[23.2074,39.0943],[23.2057,39.0929],[23.2036,39.0929],[23.2026,39.0943],[23.2016,39.0943],[23.2005,39.0932],[23.1984,39.0929],[23.1981,39.0932],[23.1974,39.0943],[23.1984,39.0953],[23.1984,39.0964],[23.1974,39.0974],[23.1974,39.0984],[23.1984,39.0995],[23.1974,39.1005],[23.1974,39.1026],[23.1964,39.1026],[23.1945,39.1005],[23.1943,39.0996],[23.1901,39.0996],[23.188,39.1016],[23.186,39.0995],[23.1849,39.0993],[23.1828,39.1014],[23.1828,39.1005],[23.1818,39.0994],[23.1797,39.0984],[23.1755,39.098],[23.1714,39.0964],[23.1661,39.0964],[23.1661,39.0953],[23.1641,39.0932],[23.163,39.0943],[23.163,39.0932],[23.1641,39.0922],[23.1641,39.0911],[23.1651,39.0901],[23.1644,39.0891],[23.163,39.0883],[23.1578,39.0875],[23.1557,39.0877],[23.1547,39.0882],[23.1536,39.0901],[23.1547,39.0911],[23.1529,39.0911],[23.1526,39.09],[23.1463,39.0901],[23.1452,39.0922],[23.1464,39.0932],[23.147,39.0932],[23.1464,39.095],[23.1453,39.095],[23.1453,39.0943],[23.1432,39.092],[23.1422,39.092],[23.1411,39.0907],[23.137,39.0903],[23.1348,39.088],[23.133,39.087],[23.1327,39.0849],[23.1307,39.0832],[23.1266,39.0829],[23.1255,39.0825],[23.1234,39.0805],[23.1214,39.0807],[23.1203,39.0818],[23.1214,39.0828],[23.1221,39.0828],[23.1214,39.0828],[23.1203,39.0839],[23.1193,39.0828],[23.1182,39.0839],[23.1161,39.0839],[23.1151,39.0828],[23.113,39.0821],[23.1078,39.0841],[23.1047,39.0847],[23.1025,39.0859],[23.0992,39.0859],[23.0953,39.0842],[23.088,39.0839],[23.0807,39.0821],[23.0724,39.0828],[23.0714,39.0839],[23.0724,39.0849],[23.073,39.0849],[23.0724,39.0849],[23.0714,39.0859],[23.0714,39.0875],[23.0701,39.0891],[23.0693,39.0891],[23.0682,39.0901],[23.0672,39.0901],[23.0661,39.0891],[23.0651,39.0891],[23.0641,39.0901],[23.0641,39.0911],[23.0634,39.0911],[23.0641,39.0901],[23.063,39.0891],[23.062,39.0901],[23.0589,39.0901],[23.0578,39.0911],[23.0578,39.0922],[23.0589,39.0932],[23.0578,39.094],[23.0568,39.0932],[23.0526,39.0932],[23.0516,39.0943],[23.0505,39.0943],[23.0495,39.0953],[23.0495,39.0964],[23.0516,39.0984],[23.0505,39.0984],[23.0495,39.0995],[23.0516,39.1016],[23.0526,39.1016],[23.0526,39.1026],[23.0536,39.1036],[23.0536,39.1057],[23.0578,39.1099],[23.0609,39.1099],[23.063,39.113],[23.063,39.1141],[23.0641,39.1151],[23.0641,39.1161],[23.0651,39.1172],[23.0669,39.1172],[23.0641,39.1193],[23.0641,39.1224],[23.0651,39.1234],[23.0651,39.1276],[23.0661,39.1286],[23.0672,39.1286],[23.0661,39.1286],[23.0651,39.1297],[23.0646,39.1339],[23.0649,39.1359],[23.0661,39.137],[23.0672,39.1364],[23.0672,39.138],[23.0693,39.1401],[23.0714,39.1401],[23.0724,39.1411],[23.0734,39.1411],[23.0734,39.1422],[23.0745,39.1432],[23.0755,39.1432],[23.0807,39.1484],[23.0818,39.1484],[23.0828,39.1474],[23.0828,39.1449],[23.0849,39.1453],[23.087,39.1484],[23.0884,39.1474],[23.0922,39.1474],[23.0932,39.1464],[23.0932,39.1432],[23.0953,39.1432],[23.0953,39.1443],[23.0995,39.1484],[23.0995,39.1495],[23.1005,39.1505],[23.1005,39.1516],[23.1016,39.1526],[23.1026,39.1526],[23.1016,39.1536],[23.1047,39.1565],[23.1036,39.1578],[23.1068,39.1609],[23.1089,39.1609],[23.1099,39.1599],[23.1099,39.1568],[23.1078,39.1547],[23.1061,39.1547],[23.1078,39.1526],[23.1078,39.1516],[23.1109,39.1516],[23.112,39.1526],[23.113,39.1526],[23.1141,39.1516],[23.1141,39.1505],[23.1157,39.1495],[23.1157,39.1484],[23.115,39.1474],[23.1141,39.1469],[23.1136,39.1474],[23.1109,39.1474],[23.1109,39.1464],[23.1099,39.1453],[23.1099,39.1443],[23.1109,39.1453],[23.112,39.1453],[23.113,39.1443],[23.113,39.1432],[23.1141,39.1443],[23.1152,39.1432],[23.1151,39.1411],[23.1141,39.1401],[23.113,39.1411],[23.113,39.1401],[23.1112,39.138],[23.113,39.138],[23.1141,39.1391],[23.1151,39.1391],[23.1161,39.138],[23.1172,39.1391],[23.1182,39.138],[23.1161,39.1359],[23.1172,39.1349],[23.1182,39.1349],[23.1193,39.1359],[23.1224,39.1363],[23.125,39.1349],[23.1255,39.1336],[23.1266,39.1338],[23.1272,39.1328],[23.127,39.1318],[23.1255,39.1315],[23.1234,39.1294],[23.1231,39.1297],[23.1234,39.1304],[23.1244,39.1307],[23.1234,39.1311],[23.1201,39.1297],[23.1209,39.1286],[23.1176,39.1224],[23.1183,39.1214],[23.1175,39.1203],[23.1176,39.1193],[23.1151,39.1156],[23.113,39.1141],[23.1099,39.1126],[23.1078,39.1125],[23.1047,39.1132],[23.1036,39.1151],[23.1019,39.1151],[23.1026,39.1151],[23.1036,39.1141],[23.1016,39.112],[23.1016,39.1109],[23.1039,39.1099],[23.1033,39.1089],[23.1005,39.1068],[23.0984,39.1068],[23.0974,39.1057],[23.0964,39.1068],[23.0964,39.1047],[23.0974,39.1036],[23.0974,39.1005],[23.0947,39.0974],[23.0964,39.0974],[23.0984,39.0995],[23.1026,39.0995],[23.1047,39.1016],[23.1057,39.1005],[23.1099,39.1005],[23.1099,39.1016],[23.1141,39.1057],[23.1161,39.1057],[23.1193,39.1078],[23.1203,39.1068],[23.1266,39.113],[23.1286,39.113],[23.1297,39.112],[23.1297,39.1109],[23.1307,39.1112],[23.1307,39.113],[23.1328,39.1151],[23.1339,39.1151],[23.138,39.1193],[23.1391,39.1193],[23.1391,39.1203],[23.138,39.1214],[23.1391,39.1224],[23.1401,39.1214],[23.1411,39.1214],[23.1422,39.1224],[23.1432,39.1224],[23.1443,39.1214],[23.1474,39.1214],[23.1484,39.1203],[23.1547,39.1203],[23.1557,39.1198],[23.1557,39.1214],[23.1547,39.1224],[23.1526,39.1224],[23.1505,39.1245],[23.1502,39.1266],[23.1495,39.1266],[23.1484,39.1276],[23.1474,39.1276],[23.1464,39.1266],[23.1453,39.1276],[23.1505,39.1328],[23.1516,39.1328],[23.1526,39.1318],[23.1547,39.1318],[23.1589,39.1276],[23.1589,39.1269],[23.1599,39.1267],[23.1609,39.1276],[23.162,39.1276],[23.163,39.1286],[23.1651,39.1286],[23.1682,39.1256],[23.1703,39.1266],[23.1714,39.1266],[23.1724,39.1256],[23.1745,39.1266],[23.1755,39.1266],[23.1768,39.1276],[23.1773,39.1286],[23.1724,39.1339],[23.1724,39.1349],[23.1745,39.137],[23.1745,39.138],[23.1755,39.1391],[23.1766,39.1391],[23.1773,39.1401],[23.1755,39.1422],[23.1755,39.1443],[23.1745,39.1453],[23.1734,39.1443],[23.1724,39.1453],[23.1734,39.1464],[23.1734,39.1495],[23.1745,39.1505],[23.1734,39.1516],[23.1745,39.1526],[23.1734,39.1536],[23.1734,39.1549],[23.1745,39.1557],[23.1755,39.1547],[23.1763,39.1547],[23.1766,39.1557],[23.1776,39.1568],[23.1786,39.1568],[23.1797,39.1561],[23.1797,39.1568],[23.1807,39.1578],[23.1807,39.1589],[23.1828,39.1609],[23.1859,39.1578],[23.1843,39.1557],[23.1849,39.1557],[23.1859,39.1568],[23.1875,39.1568],[23.1891,39.1589],[23.1891,39.1599],[23.1901,39.1609],[23.1932,39.1609],[23.1943,39.1599],[23.1947,39.1578],[23.1937,39.1557],[23.1922,39.1542],[23.1905,39.1536],[23.1922,39.1536],[23.1932,39.1526],[23.1932,39.1516],[23.1943,39.1516],[23.1953,39.1505],[23.1966,39.1505],[23.1953,39.1516],[23.1953,39.1526],[23.1964,39.1536],[23.1964,39.1557],[23.1974,39.1568],[23.1999,39.1568],[23.2026,39.1587],[23.2026,39.1614],[23.2021,39.162],[23.2026,39.1636],[23.2033,39.162],[23.2049,39.162],[23.2047,39.1651],[23.2057,39.1661],[23.2057,39.1693],[23.2068,39.1703],[23.2057,39.1714],[23.2068,39.1724],[23.2078,39.1714],[23.2099,39.1714],[23.2109,39.1703],[23.2109,39.162],[23.2099,39.1609],[23.2099,39.1589],[23.2094,39.1578],[23.2099,39.1568],[23.2089,39.1557],[23.2078,39.1554],[23.2057,39.1557],[23.2047,39.1547],[23.2036,39.1547],[23.2036,39.1536],[23.2026,39.1526],[23.2012,39.1526],[23.2016,39.1516],[23.2005,39.1505],[23.1995,39.151],[23.1983,39.1505],[23.1986,39.1474],[23.1995,39.1474],[23.2016,39.1456],[23.2026,39.1458],[23.2047,39.1448],[23.2057,39.1464],[23.2074,39.1464],[23.2087,39.1474],[23.2089,39.1484],[23.2099,39.1495],[23.2109,39.1495],[23.212,39.1482],[23.213,39.1483],[23.2138,39.1495],[23.2144,39.1526],[23.213,39.1526],[23.2109,39.1547],[23.2109,39.1589],[23.212,39.1599],[23.212,39.1609],[23.2172,39.1661],[23.2182,39.168],[23.2188,39.1714],[23.2209,39.1755],[23.2193,39.1776],[23.2193,39.1797],[23.2203,39.1807],[23.221,39.1807],[23.2182,39.1828],[23.2182,39.1839],[23.2172,39.1849],[23.2182,39.1859],[23.2161,39.1899],[23.2151,39.1898],[23.2151,39.1891],[23.212,39.1856],[23.2112,39.1859],[23.2108,39.187],[23.2115,39.188],[23.2109,39.1891],[23.212,39.1901],[23.2089,39.1928],[23.2057,39.1932],[23.2026,39.1964],[23.2021,39.1974],[23.2016,39.1974],[23.2005,39.1984],[23.1995,39.1984],[23.1964,39.196],[23.1961,39.1964],[23.1968,39.1974],[23.1964,39.1979],[23.1953,39.1975],[23.1943,39.1995],[23.1953,39.2005],[23.1953,39.2036],[23.1935,39.2036],[23.1932,39.2029],[23.1927,39.2036],[23.1932,39.2047],[23.1922,39.2057],[23.1911,39.2047],[23.1901,39.2057],[23.1911,39.2068],[23.1901,39.2068],[23.1891,39.2078],[23.1891,39.2109],[23.188,39.212],[23.1878,39.2141],[23.1856,39.2182],[23.1857,39.2224],[23.1821,39.2255],[23.1807,39.2255],[23.1797,39.2266],[23.1776,39.2266],[23.1766,39.2276],[23.1776,39.2286],[23.1774,39.2297],[23.1783,39.2307],[23.1776,39.2339],[23.1783,39.2349],[23.1766,39.2366],[23.1766,39.2359],[23.1755,39.2349],[23.1745,39.2359],[23.1755,39.237],[23.1761,39.237],[23.1766,39.2391],[23.1797,39.2422],[23.1797,39.2432],[23.1814,39.2453],[23.1812,39.2484],[23.1806,39.2495],[23.1786,39.2495],[23.1776,39.2505],[23.1776,39.2526],[23.1766,39.2536],[23.1755,39.2543],[23.1755,39.2536],[23.1745,39.2526],[23.1734,39.2536],[23.1745,39.2547],[23.1751,39.2547],[23.1745,39.2568],[23.1724,39.2599],[23.1703,39.2599],[23.1693,39.2589],[23.1682,39.2587],[23.1658,39.2589],[23.1651,39.2599],[23.1661,39.2609],[23.1661,39.262],[23.1651,39.263],[23.1661,39.2641],[23.1661,39.2672],[23.1641,39.2703],[23.1641,39.2714],[23.163,39.2714],[23.162,39.2703],[23.1609,39.2701],[23.1599,39.2714],[23.1609,39.2724],[23.1599,39.2734],[23.1589,39.2734],[23.1568,39.2755],[23.1567,39.2776],[23.1547,39.2776],[23.1536,39.2766],[23.1522,39.2766],[23.1474,39.2828],[23.1478,39.2839],[23.1474,39.2846],[23.1436,39.287],[23.1427,39.2891],[23.1401,39.2891],[23.138,39.2904],[23.1339,39.2901],[23.1328,39.2891],[23.1318,39.2901],[23.1328,39.2911],[23.1318,39.2911],[23.131,39.2901],[23.1303,39.2901],[23.1286,39.2922],[23.1297,39.2932],[23.1286,39.2932],[23.1255,39.2958],[23.1245,39.2943],[23.1234,39.2953],[23.125,39.2964],[23.1234,39.297],[23.1234,39.2964],[23.1223,39.2953],[23.1214,39.2964],[23.1224,39.2974],[23.1231,39.2974],[23.1232,39.2995],[23.1224,39.3005],[23.1224,39.3018],[23.1214,39.3036],[23.1203,39.3042],[23.1161,39.3043],[23.1141,39.3057],[23.112,39.3063],[23.1109,39.3057],[23.1099,39.3064],[23.1099,39.3057],[23.1089,39.3047],[23.1076,39.3057],[23.1094,39.3068],[23.1089,39.3078],[23.1057,39.3085],[23.1047,39.3062],[23.1026,39.3051],[23.1007,39.3057],[23.1005,39.3075],[23.0995,39.3074],[23.0995,39.3068],[23.1005,39.3057],[23.1005,39.3047],[23.0995,39.3036],[23.0974,39.3057],[23.0964,39.3057],[23.0953,39.3068],[23.0953,39.3088],[23.0943,39.3094],[23.0932,39.3075],[23.0922,39.3072],[23.0901,39.3073],[23.0896,39.3078],[23.0891,39.3089],[23.0901,39.3099],[23.088,39.3099],[23.087,39.3089],[23.0859,39.3099],[23.0839,39.3099],[23.0828,39.3089],[23.0818,39.3099],[23.0828,39.3109],[23.0797,39.3109],[23.0766,39.3137],[23.0766,39.313],[23.0755,39.312],[23.0745,39.3118],[23.0734,39.313],[23.0745,39.3141],[23.0752,39.3141],[23.0734,39.3148],[23.0724,39.3141],[23.0714,39.3117],[23.0693,39.31],[23.0672,39.3095],[23.0661,39.3086],[23.0651,39.3085],[23.0641,39.3099],[23.0641,39.3106],[23.063,39.3099],[23.0599,39.3099],[23.0589,39.3106],[23.0568,39.3099],[23.0547,39.3099],[23.0536,39.3109],[23.0526,39.3109],[23.0516,39.3099],[23.0505,39.3109],[23.0516,39.312],[23.0505,39.3127],[23.0499,39.3109],[23.0495,39.3106],[23.0489,39.3109],[23.0484,39.312],[23.0495,39.313],[23.05,39.313],[23.0484,39.313],[23.0474,39.3114],[23.0453,39.3114],[23.0443,39.3116],[23.0432,39.3137],[23.0411,39.313],[23.0391,39.3135],[23.038,39.313],[23.0349,39.313],[23.0328,39.3136],[23.0307,39.3135],[23.0298,39.3141],[23.0255,39.3141],[23.0245,39.3127],[23.0224,39.312],[23.0203,39.3124],[23.0192,39.3141],[23.0203,39.3154],[23.0193,39.3151],[23.0167,39.3182],[23.0156,39.3182],[23.0161,39.3172],[23.0151,39.316],[23.0141,39.3156],[23.0125,39.3172],[23.0141,39.3193],[23.0141,39.3235],[23.013,39.3255],[23.0129,39.3276],[23.012,39.3276],[23.0109,39.3286],[23.0109,39.3307],[23.0117,39.3318],[23.0113,39.3328],[23.013,39.3356],[23.012,39.3373],[23.0109,39.3384],[23.0099,39.3386],[23.0089,39.3366],[23.0036,39.3345],[23,39.337],[23,39.0661],[23.0016,39.0651],[23,39.0641],[23,39.0411],[23.0016,39.04],[23.0027,39.038],[23,39.0349],[23,39.0234],[23.0005,39.0225],[23.0016,39.023],[23.003,39.0245],[23.0056,39.0286],[23.0078,39.0297],[23.0109,39.0289],[23.0141,39.0255],[23.0151,39.0255],[23.0161,39.0245],[23.0161,39.0266],[23.0182,39.0286],[23.0193,39.0276],[23.0203,39.0276],[23.0245,39.0318],[23.0245,39.0339],[23.0234,39.0349],[23.0245,39.0359],[23.0255,39.0349],[23.0286,39.0349],[23.0297,39.0359],[23.0318,39.0359],[23.0349,39.038],[23.0359,39.037],[23.037,39.038],[23.038,39.038],[23.0391,39.0373],[23.0401,39.038],[23.0464,39.038],[23.0474,39.0391],[23.0474,39.0401],[23.0484,39.0414],[23.0495,39.0413],[23.0505,39.0401],[23.0495,39.0391],[23.0516,39.0391],[23.0526,39.0401],[23.0536,39.0391],[23.0526,39.038],[23.0547,39.038],[23.0557,39.0391],[23.0589,39.0391],[23.0599,39.0391],[23.0609,39.038],[23.062,39.038],[23.0651,39.0401],[23.0661,39.0391],[23.0672,39.0391],[23.0682,39.0384],[23.0682,39.0391],[23.0693,39.0401],[23.0706,39.0391],[23.0708,39.038],[23.0704,39.0359],[23.0695,39.0349],[23.0699,39.0339],[23.0696,39.0307],[23.0682,39.0291],[23.0672,39.0292],[23.0665,39.0286],[23.0676,39.0276],[23.0672,39.0272],[23.0661,39.0284],[23.0641,39.0276],[23.062,39.0276],[23.063,39.0266],[23.063,39.0245],[23.0644,39.0234],[23.0645,39.0224],[23.0641,39.0214],[23.062,39.0193],[23.0609,39.0193],[23.0578,39.0172],[23.0578,39.0161],[23.0589,39.0151],[23.0589,39.0141],[23.0578,39.013],[23.0568,39.0124],[23.0536,39.0122],[23.0474,39.0156],[23.0464,39.0179],[23.0443,39.0179],[23.0436,39.0172],[23.0443,39.0172],[23.0453,39.0161],[23.0443,39.0151],[23.0432,39.0161],[23.0432,39.0169],[23.0411,39.0169],[23.0401,39.0161],[23.0391,39.0168],[23.038,39.0169],[23.037,39.0161],[23.0353,39.0161],[23.0359,39.0161],[23.037,39.0151],[23.0349,39.0129],[23.0307,39.0126],[23.0297,39.0141],[23.0302,39.0151],[23.0297,39.0151],[23.0286,39.0141],[23.0276,39.0147],[23.0276,39.0141],[23.0266,39.013],[23.0266,39.012],[23.0248,39.0099],[23.0255,39.0099],[23.0266,39.0089],[23.0255,39.0078],[23.0245,39.0089],[23.0245,39.0095],[23.0234,39.0084],[23.0234,39.0068],[23.0246,39.0057],[23.0238,39.0036],[23.0224,39.0024],[23.0214,39.0026],[23.0203,39.0036],[23.0203,39.0043],[23.0203,39.0036],[23.0186,39.0016],[23.0193,39.0016],[23.0203,39],[23.0703,39],[23.0713,39.0005],[23.0703,39.0012],[23.0661,39.002],[23.0655,39.0026],[23.0651,39.0036],[23.0666,39.0057],[23.0651,39.0057],[23.0641,39.0047],[23.0634,39.0047],[23.0643,39.0036],[23.0641,39.0034],[23.063,39.0045],[23.0604,39.0047],[23.0589,39.0058],[23.0578,39.006],[23.0564,39.0078],[23.0578,39.008],[23.0609,39.0109],[23.0672,39.0109],[23.0682,39.0099],[23.0714,39.0099],[23.0734,39.012],[23.0745,39.012],[23.0755,39.013],[23.0766,39.012],[23.0755,39.0109],[23.0766,39.0109],[23.0776,39.012],[23.0797,39.011],[23.0802,39.0078],[23.0826,39.0047],[23.0828,39.0036],[23.084,39.0026],[23.0839,39.0017],[23.0828,39.0036],[23.0811,39.0016],[23.0797,39.0016],[23.0778,39.0005],[23.0786,39],[23.1214,39],[23.1307,39.0089],[23.1359,39.0091],[23.1484,39.0081],[23.1505,39.0086],[23.1536,39.0102],[23.1557,39.0105],[23.1589,39.0093],[23.1672,39.0089],[23.1703,39.0082],[23.1755,39.0079],[23.1818,39.0044],[23.188,39.005],[23.1922,39.0048],[23.1974,39.0057],[23.2036,39.0052],[23.2057,39.006],[23.2057,39.0068],[23.2068,39.0078],[23.2094,39.0089],[23.2109,39.0111],[23.2109,39.012],[23.212,39.0131],[23.212,39.0141],[23.213,39.0151],[23.2151,39.0154],[23.2172,39.0164],[23.2214,39.0193],[23.229,39.0224],[23.237,39.0248],[23.2495,39.0243],[23.2516,39.0249],[23.2547,39.0242],[23.2651,39.0306],[23.2682,39.0335],[23.2755,39.0344],[23.2775,39.038],[23.2797,39.0391],[23.2828,39.0391],[23.288,39.0381],[23.2901,39.0386],[23.2922,39.0397],[23.2953,39.0394],[23.3026,39.0401],[23.3047,39.0393],[23.3068,39.0392],[23.3109,39.0402],[23.313,39.0395],[23.3193,39.0391],[23.3203,39.0379],[23.3227,39.037],[23.3249,39.0349],[23.327,39.0318],[23.3286,39.0307],[23.3321,39.0245],[23.3359,39.0193],[23.338,39.0175],[23.3401,39.0168],[23.3422,39.0182],[23.3432,39.0172],[23.3432,39.0159],[23.3443,39.0161],[23.3453,39.0172],[23.3484,39.0172],[23.3495,39.0161],[23.3485,39.0141],[23.3496,39.013],[23.3505,39.013],[23.3516,39.012],[23.3516,39.0112],[23.3547,39.01],[23.3578,39.0099],[23.3589,39.0109],[23.3609,39.0109],[23.3632,39.0089],[23.3672,39.0089],[23.3682,39.008],[23.3693,39.0089],[23.3714,39.0089],[23.3724,39.0078],[23.3766,39.0078],[23.3807,39.0041],[23.3818,39.0005],[23.3828,39],[23.9995,39],[24,39.0005]],[[23.8995,39.9599],[23.8984,39.9599],[23.8974,39.9609],[23.8974,39.962],[23.8984,39.962],[23.8984,39.963],[23.8995,39.9641],[23.9005,39.9641],[23.9016,39.963],[23.9016,39.962],[23.8995,39.9599]],[[23.9984,39.2202],[23.9984,39.2209],[23.9989,39.2203],[23.9984,39.2202]],[[23.8661,39.1974],[23.8609,39.1974],[23.8586,39.2005],[23.8589,39.2036],[23.8599,39.2047],[23.8641,39.2047],[23.8661,39.2016],[23.8655,39.2005],[23.8672,39.1984],[23.8661,39.1974]],[[23.8661,39.1889],[23.8651,39.1886],[23.8626,39.1891],[23.863,39.1932],[23.8641,39.1943],[23.8672,39.1943],[23.8682,39.1932],[23.8672,39.1922],[23.8672,39.1911],[23.8682,39.1901],[23.8672,39.1891],[23.8661,39.1889]],[[23.0578,39.1724],[23.0568,39.1734],[23.0557,39.1734],[23.0547,39.1749],[23.0536,39.1752],[23.0536,39.1745],[23.0526,39.1734],[23.0516,39.1742],[23.0505,39.1755],[23.0516,39.1766],[23.0516,39.1782],[23.0495,39.1776],[23.0484,39.1783],[23.0478,39.1776],[23.0484,39.1776],[23.0505,39.1755],[23.0495,39.1745],[23.0484,39.1755],[23.0474,39.1755],[23.0463,39.1766],[23.0495,39.1807],[23.0505,39.1807],[23.0516,39.1818],[23.0526,39.1818],[23.0526,39.1828],[23.0536,39.1839],[23.0557,39.1839],[23.0568,39.1849],[23.0585,39.1839],[23.0587,39.1828],[23.0584,39.1807],[23.0589,39.1797],[23.0568,39.1776],[23.0568,39.1766],[23.0578,39.1755],[23.0578,39.1745],[23.0589,39.1734],[23.0578,39.1724]],[[23.5214,39.1649],[23.5182,39.1651],[23.5172,39.1661],[23.5182,39.1672],[23.5182,39.1724],[23.5203,39.1745],[23.5224,39.1745],[23.5234,39.1734],[23.5245,39.1745],[23.5262,39.1734],[23.527,39.1724],[23.5271,39.1703],[23.5251,39.1661],[23.5214,39.1649]],[[23.9818,39.1609],[23.9797,39.1609],[23.9786,39.162],[23.9797,39.163],[23.9805,39.163],[23.9786,39.163],[23.9755,39.1661],[23.9737,39.1641],[23.9745,39.1641],[23.9755,39.163],[23.9735,39.1609],[23.9682,39.1609],[23.9661,39.163],[23.9672,39.1641],[23.9679,39.1641],[23.9672,39.1651],[23.9672,39.1661],[23.9661,39.1672],[23.9661,39.1682],[23.9672,39.1693],[23.9672,39.1703],[23.9651,39.1682],[23.9641,39.1679],[23.9641,39.1661],[23.963,39.1651],[23.962,39.1651],[23.9609,39.1661],[23.9599,39.1659],[23.9599,39.1651],[23.9609,39.1641],[23.9609,39.163],[23.9599,39.1618],[23.9589,39.1617],[23.9578,39.1608],[23.9557,39.1609],[23.9547,39.162],[23.9557,39.163],[23.9565,39.163],[23.9547,39.163],[23.9536,39.162],[23.9526,39.163],[23.9547,39.1651],[23.9526,39.1651],[23.9516,39.1641],[23.9495,39.1641],[23.9484,39.1651],[23.9495,39.1661],[23.9495,39.1682],[23.9516,39.1703],[23.9497,39.1703],[23.9474,39.1682],[23.9464,39.1682],[23.9453,39.1693],[23.9464,39.1703],[23.9453,39.1703],[23.9443,39.1692],[23.9432,39.169],[23.9422,39.1703],[23.9432,39.1714],[23.9432,39.1724],[23.9422,39.1724],[23.9411,39.1714],[23.9401,39.1724],[23.9411,39.1734],[23.9411,39.1766],[23.9401,39.1766],[23.938,39.1797],[23.938,39.1818],[23.9422,39.1859],[23.9453,39.1859],[23.9464,39.1849],[23.9484,39.187],[23.9557,39.187],[23.9589,39.1891],[23.9599,39.1891],[23.9609,39.1901],[23.963,39.1897],[23.963,39.1911],[23.9641,39.1922],[23.9661,39.1922],[23.9672,39.1911],[23.9734,39.1911],[23.9766,39.1943],[23.9776,39.1944],[23.9776,39.1995],[23.9766,39.1995],[23.9755,39.1984],[23.9734,39.1984],[23.9724,39.1995],[23.9733,39.2005],[23.9724,39.2016],[23.9721,39.2047],[23.9706,39.2047],[23.9714,39.2036],[23.9703,39.2024],[23.9693,39.2026],[23.9682,39.2036],[23.9693,39.2047],[23.97,39.2047],[23.9693,39.2057],[23.9693,39.2068],[23.9682,39.2078],[23.9672,39.2068],[23.9661,39.2068],[23.9651,39.2078],[23.9672,39.2109],[23.9682,39.2109],[23.9661,39.2109],[23.9651,39.212],[23.9651,39.2128],[23.9651,39.212],[23.9641,39.2109],[23.963,39.212],[23.963,39.213],[23.9641,39.2141],[23.9641,39.217],[23.963,39.2172],[23.962,39.2161],[23.9609,39.2172],[23.962,39.2182],[23.962,39.2203],[23.963,39.2214],[23.9651,39.2214],[23.9661,39.2224],[23.9672,39.2224],[23.9672,39.2234],[23.9661,39.2245],[23.9682,39.2266],[23.9693,39.2266],[23.9682,39.2276],[23.9682,39.2328],[23.9693,39.2339],[23.9693,39.2349],[23.9703,39.2359],[23.9703,39.237],[23.9711,39.238],[23.9703,39.2391],[23.9724,39.2411],[23.9745,39.2391],[23.9755,39.2401],[23.9766,39.2401],[23.9797,39.2385],[23.9797,39.2367],[23.9807,39.2349],[23.9807,39.2328],[23.9786,39.2307],[23.9779,39.2307],[23.9797,39.2307],[23.9828,39.2328],[23.9839,39.2318],[23.9839,39.2245],[23.9831,39.2214],[23.9835,39.2182],[23.9828,39.2141],[23.9818,39.213],[23.9818,39.2093],[23.9859,39.212],[23.987,39.212],[23.987,39.213],[23.9859,39.2141],[23.9863,39.2151],[23.9891,39.2163],[23.9922,39.2161],[23.9953,39.213],[23.9953,39.2109],[23.9936,39.2089],[23.9932,39.2068],[23.9905,39.2016],[23.9898,39.1974],[23.9901,39.1932],[23.988,39.1911],[23.9859,39.1911],[23.9849,39.1911],[23.9828,39.1932],[23.982,39.1932],[23.9797,39.1901],[23.9849,39.1901],[23.9859,39.1911],[23.987,39.1901],[23.987,39.1895],[23.9891,39.188],[23.9901,39.1859],[23.9901,39.1807],[23.988,39.1753],[23.9859,39.1724],[23.9849,39.1724],[23.9839,39.1734],[23.9839,39.1703],[23.9849,39.1693],[23.9859,39.1703],[23.987,39.1693],[23.9859,39.1682],[23.987,39.1672],[23.9859,39.1661],[23.9859,39.1651],[23.987,39.1641],[23.987,39.163],[23.9859,39.1619],[23.9818,39.1609]],[[23.187,39.1589],[23.1859,39.1589],[23.1849,39.1599],[23.1859,39.1609],[23.187,39.1609],[23.188,39.1599],[23.187,39.1589]],[[23.5161,39.1589],[23.5151,39.1599],[23.5151,39.1609],[23.5161,39.162],[23.5172,39.1609],[23.5172,39.1599],[23.5161,39.1589]],[[23.4953,39.1575],[23.4943,39.1589],[23.4943,39.1609],[23.4953,39.162],[23.4974,39.1599],[23.4974,39.1589],[23.4964,39.1578],[23.4953,39.1575]],[[23.0693,39.1483],[23.0672,39.1482],[23.0651,39.1502],[23.0651,39.1495],[23.0641,39.1484],[23.063,39.1495],[23.0651,39.151],[23.0651,39.1521],[23.0641,39.1536],[23.0641,39.1547],[23.0651,39.1557],[23.0641,39.1568],[23.0651,39.1578],[23.0672,39.1581],[23.0682,39.159],[23.0695,39.1589],[23.0702,39.1599],[23.0703,39.1609],[23.0693,39.1616],[23.0682,39.1609],[23.0672,39.1609],[23.0661,39.162],[23.0661,39.163],[23.0671,39.1641],[23.0672,39.1651],[23.0693,39.1672],[23.0729,39.1672],[23.0734,39.1685],[23.0755,39.1703],[23.0766,39.1703],[23.0776,39.1693],[23.0776,39.1682],[23.0766,39.1672],[23.0766,39.165],[23.0818,39.1672],[23.0855,39.1672],[23.087,39.1682],[23.088,39.1682],[23.0891,39.1673],[23.0901,39.1682],[23.0926,39.1682],[23.0943,39.1693],[23.0953,39.1682],[23.0953,39.1661],[23.0964,39.1651],[23.0956,39.1641],[23.0953,39.162],[23.0943,39.161],[23.0922,39.1609],[23.0911,39.162],[23.0911,39.1627],[23.0901,39.1617],[23.0901,39.1599],[23.0932,39.1578],[23.0932,39.1567],[23.0901,39.1547],[23.088,39.1547],[23.087,39.1557],[23.088,39.1568],[23.0888,39.1568],[23.0862,39.1578],[23.0852,39.1568],[23.0859,39.1568],[23.087,39.1557],[23.0859,39.1547],[23.0849,39.1557],[23.0849,39.1564],[23.0828,39.1536],[23.0818,39.1536],[23.0797,39.1516],[23.0786,39.1516],[23.0776,39.1526],[23.0769,39.1526],[23.0755,39.1516],[23.0737,39.1516],[23.0745,39.1505],[23.0724,39.1484],[23.0693,39.1483]],[[23.5036,39.146],[23.4984,39.1462],[23.4974,39.1467],[23.4961,39.1484],[23.4974,39.1495],[23.4974,39.1505],[23.4984,39.1518],[23.5005,39.1535],[23.5026,39.1536],[23.5036,39.1529],[23.5036,39.1536],[23.5047,39.1547],[23.5057,39.1536],[23.5063,39.1484],[23.5047,39.1465],[23.5036,39.146]],[[23.5943,39.145],[23.5932,39.1443],[23.5911,39.1443],[23.5901,39.1453],[23.5899,39.1495],[23.5916,39.1495],[23.5914,39.1505],[23.5922,39.151],[23.5974,39.1512],[23.5976,39.1495],[23.5966,39.1484],[23.5958,39.1464],[23.5943,39.145]],[[23.1661,39.1432],[23.1641,39.1453],[23.1641,39.1464],[23.1651,39.1474],[23.1661,39.1474],[23.1672,39.1464],[23.1672,39.1443],[23.1661,39.1432]],[[23.5203,39.1432],[23.5172,39.1453],[23.5172,39.1464],[23.5151,39.1484],[23.5151,39.1495],[23.513,39.1516],[23.513,39.1536],[23.5141,39.1547],[23.5151,39.1547],[23.5161,39.1557],[23.5172,39.1557],[23.5193,39.1578],[23.5203,39.1568],[23.5193,39.1557],[23.5193,39.1547],[23.5203,39.1557],[23.5214,39.1547],[23.5203,39.1536],[23.5203,39.1526],[23.5234,39.1505],[23.5224,39.1495],[23.5238,39.1474],[23.5203,39.1432]],[[23.5266,39.1431],[23.5255,39.1432],[23.5245,39.1443],[23.5255,39.1453],[23.5263,39.1453],[23.5255,39.1464],[23.5255,39.1474],[23.5266,39.1484],[23.5307,39.1484],[23.5318,39.1495],[23.5328,39.1495],[23.5339,39.1485],[23.5339,39.1464],[23.5318,39.1443],[23.5286,39.1439],[23.5266,39.1431]],[[23.4214,39.1339],[23.4193,39.1339],[23.4182,39.1349],[23.4182,39.136],[23.4193,39.137],[23.4214,39.137],[23.4224,39.1359],[23.4224,39.1349],[23.4214,39.1339]],[[23.8547,39.1304],[23.8536,39.1297],[23.8526,39.1297],[23.8516,39.1305],[23.8495,39.1307],[23.8484,39.1318],[23.8484,39.1343],[23.8443,39.1391],[23.8422,39.1391],[23.8411,39.138],[23.8401,39.138],[23.838,39.1411],[23.8375,39.1411],[23.838,39.1401],[23.837,39.1391],[23.8349,39.1391],[23.8318,39.137],[23.8307,39.138],[23.8297,39.138],[23.8276,39.1401],[23.8276,39.1422],[23.8266,39.1432],[23.8266,39.1516],[23.8298,39.1557],[23.8349,39.1589],[23.8391,39.1599],[23.8432,39.1618],[23.8484,39.1619],[23.8505,39.1634],[23.8547,39.1702],[23.8568,39.1723],[23.8578,39.1724],[23.8589,39.1714],[23.8599,39.1714],[23.8609,39.1703],[23.8609,39.1693],[23.863,39.1687],[23.8641,39.1693],[23.8672,39.1693],[23.8682,39.1703],[23.8693,39.1703],[23.8693,39.1714],[23.8703,39.1724],[23.8724,39.1718],[23.8754,39.1734],[23.8755,39.1755],[23.8776,39.1776],[23.8783,39.1776],[23.8786,39.1787],[23.8782,39.1797],[23.8776,39.1807],[23.8755,39.1807],[23.8745,39.1797],[23.8714,39.1797],[23.8703,39.1807],[23.8724,39.1828],[23.8714,39.1828],[23.8703,39.1818],[23.8684,39.1828],[23.8682,39.187],[23.8703,39.1901],[23.8714,39.1891],[23.8734,39.1891],[23.8745,39.1901],[23.8745,39.1922],[23.8755,39.1932],[23.8755,39.1964],[23.8745,39.1964],[23.8734,39.1974],[23.8724,39.197],[23.8714,39.1984],[23.8703,39.1984],[23.8682,39.2005],[23.8672,39.2005],[23.8661,39.2016],[23.8682,39.2036],[23.8672,39.2047],[23.8672,39.2057],[23.8682,39.2068],[23.8693,39.2057],[23.8724,39.2057],[23.8734,39.2047],[23.8755,39.2047],[23.8776,39.2078],[23.8797,39.2078],[23.8807,39.2093],[23.8807,39.2109],[23.8797,39.212],[23.8807,39.213],[23.8818,39.213],[23.8839,39.2152],[23.8845,39.2161],[23.8839,39.2172],[23.8849,39.2182],[23.8859,39.2182],[23.8859,39.2193],[23.8839,39.2193],[23.8828,39.2203],[23.8828,39.2214],[23.8839,39.2224],[23.8849,39.2214],[23.8849,39.2224],[23.8859,39.2234],[23.8891,39.2226],[23.8922,39.2228],[23.8953,39.2255],[23.8995,39.2273],[23.9026,39.2297],[23.9047,39.23],[23.9057,39.2307],[23.9068,39.2307],[23.9078,39.2297],[23.9087,39.2297],[23.912,39.2328],[23.9127,39.2339],[23.912,39.2349],[23.913,39.238],[23.9141,39.2391],[23.9141,39.2401],[23.913,39.2411],[23.912,39.2401],[23.9109,39.2411],[23.9109,39.2432],[23.912,39.2443],[23.914,39.2443],[23.9151,39.2452],[23.9151,39.2464],[23.9161,39.2474],[23.9151,39.2474],[23.9141,39.2484],[23.9141,39.2505],[23.9161,39.2526],[23.9161,39.2547],[23.9182,39.2568],[23.9192,39.2568],[23.9182,39.2578],[23.9193,39.2589],[23.9203,39.2578],[23.9214,39.2578],[23.9203,39.2589],[23.9214,39.2599],[23.9224,39.2599],[23.9234,39.2589],[23.9265,39.2589],[23.9266,39.2599],[23.9276,39.2609],[23.9297,39.2614],[23.9297,39.262],[23.9318,39.2641],[23.9318,39.2651],[23.9328,39.2661],[23.9328,39.2672],[23.9349,39.2693],[23.9349,39.2724],[23.9359,39.2734],[23.938,39.2734],[23.938,39.2745],[23.9359,39.2766],[23.9359,39.2776],[23.937,39.2786],[23.9391,39.2786],[23.9401,39.2797],[23.9411,39.2797],[23.9411,39.2807],[23.9422,39.2818],[23.9464,39.2818],[23.9453,39.2818],[23.9432,39.2839],[23.9432,39.287],[23.9443,39.288],[23.9443,39.2891],[23.9453,39.2901],[23.9474,39.2901],[23.9474,39.2922],[23.9484,39.2932],[23.9516,39.2932],[23.9526,39.2943],[23.9547,39.2943],[23.9557,39.2953],[23.9568,39.2943],[23.9568,39.2932],[23.9557,39.2922],[23.9568,39.2911],[23.9578,39.2911],[23.9599,39.2891],[23.9599,39.287],[23.9578,39.2849],[23.9568,39.2859],[23.9557,39.2859],[23.9578,39.2839],[23.9589,39.2849],[23.9599,39.2839],[23.9588,39.2828],[23.9599,39.2818],[23.9536,39.2755],[23.9527,39.2755],[23.9516,39.2745],[23.9508,39.2745],[23.9505,39.2724],[23.9526,39.2745],[23.9547,39.2745],[23.9578,39.2766],[23.9599,39.2745],[23.959,39.2734],[23.9599,39.2724],[23.962,39.2745],[23.963,39.2745],[23.9641,39.2734],[23.9651,39.2734],[23.9672,39.2714],[23.9672,39.2724],[23.9682,39.2734],[23.9693,39.2724],[23.9703,39.2734],[23.9745,39.2734],[23.9755,39.2724],[23.9766,39.2724],[23.9786,39.2703],[23.9787,39.2693],[23.9839,39.2693],[23.9839,39.2714],[23.9849,39.2724],[23.987,39.27],[23.987,39.2714],[23.9901,39.2745],[23.9911,39.2745],[23.9922,39.2734],[23.9911,39.2724],[23.9911,39.2703],[23.9901,39.2691],[23.9884,39.2693],[23.9866,39.2682],[23.987,39.2672],[23.9859,39.2641],[23.9842,39.262],[23.9799,39.2516],[23.9786,39.2512],[23.9766,39.2495],[23.9745,39.2464],[23.9714,39.2453],[23.9703,39.2443],[23.9693,39.2443],[23.9693,39.2422],[23.965,39.2359],[23.963,39.2356],[23.9609,39.2337],[23.9581,39.2349],[23.9536,39.2303],[23.9526,39.2276],[23.9495,39.2245],[23.9469,39.2234],[23.9464,39.2229],[23.9464,39.2203],[23.9486,39.2182],[23.9487,39.2172],[23.9474,39.2148],[23.9453,39.2172],[23.9453,39.2179],[23.9432,39.2178],[23.9432,39.2161],[23.9446,39.2151],[23.9432,39.2141],[23.9422,39.2151],[23.9411,39.2141],[23.9411,39.213],[23.9422,39.212],[23.9411,39.2109],[23.9401,39.212],[23.9339,39.2064],[23.9339,39.2057],[23.9349,39.2047],[23.9339,39.2029],[23.9328,39.2026],[23.9318,39.2036],[23.9318,39.2044],[23.9318,39.2026],[23.931,39.2016],[23.9345,39.2005],[23.9328,39.1984],[23.9318,39.1984],[23.9307,39.1995],[23.9307,39.1984],[23.9276,39.1953],[23.9276,39.1944],[23.9297,39.1943],[23.9318,39.1924],[23.9328,39.1922],[23.9329,39.1911],[23.9307,39.1896],[23.9297,39.1898],[23.9286,39.1891],[23.9276,39.1894],[23.9279,39.188],[23.9286,39.188],[23.9297,39.187],[23.9299,39.1859],[23.9286,39.1849],[23.9276,39.1859],[23.9276,39.1866],[23.9276,39.1839],[23.9291,39.1828],[23.9276,39.1818],[23.9266,39.1828],[23.9258,39.1828],[23.9238,39.1807],[23.9245,39.1807],[23.9255,39.1797],[23.9245,39.1786],[23.9234,39.1797],[23.9234,39.1804],[23.9234,39.1786],[23.9245,39.1783],[23.9248,39.1776],[23.9244,39.1766],[23.9257,39.1755],[23.9255,39.1743],[23.9224,39.1722],[23.9172,39.1701],[23.9143,39.1703],[23.9128,39.1682],[23.9109,39.167],[23.9089,39.1672],[23.9078,39.1682],[23.9062,39.1682],[23.9057,39.1677],[23.9052,39.1682],[23.901,39.1682],[23.9026,39.167],[23.9047,39.1672],[23.9068,39.1655],[23.9089,39.1651],[23.9099,39.1641],[23.9082,39.162],[23.9089,39.162],[23.9099,39.1609],[23.9089,39.1599],[23.9078,39.1609],[23.9078,39.1615],[23.9068,39.1609],[23.9062,39.1599],[23.9068,39.1599],[23.9078,39.1589],[23.9057,39.1572],[23.9032,39.1578],[23.9026,39.1589],[23.9036,39.1599],[23.9042,39.1599],[23.9036,39.1599],[23.9026,39.1609],[23.9016,39.1599],[23.9005,39.1609],[23.8968,39.1609],[23.8958,39.1589],[23.8927,39.1568],[23.8932,39.1568],[23.8943,39.1557],[23.8932,39.1546],[23.8922,39.1544],[23.8911,39.1547],[23.8901,39.1557],[23.8917,39.1568],[23.8911,39.1574],[23.8901,39.1578],[23.888,39.1599],[23.887,39.1599],[23.887,39.1589],[23.8849,39.1568],[23.8834,39.1568],[23.8818,39.1557],[23.8807,39.1557],[23.8807,39.1536],[23.8823,39.1526],[23.8828,39.1516],[23.8859,39.1495],[23.8844,39.1464],[23.8828,39.1455],[23.8786,39.1451],[23.8752,39.1453],[23.8742,39.1432],[23.8724,39.1427],[23.8703,39.1443],[23.8703,39.1464],[23.8703,39.1453],[23.8687,39.1443],[23.8703,39.1422],[23.8693,39.1411],[23.8687,39.1411],[23.8714,39.138],[23.8714,39.137],[23.8724,39.1359],[23.8714,39.1349],[23.8693,39.1366],[23.8665,39.1359],[23.8672,39.1359],[23.8682,39.1349],[23.8672,39.1338],[23.8661,39.1339],[23.8651,39.1349],[23.8599,39.1346],[23.8581,39.1339],[23.8589,39.1339],[23.8599,39.1328],[23.8599,39.1318],[23.8589,39.1307],[23.8578,39.1318],[23.8578,39.1325],[23.8557,39.1307],[23.8547,39.1304]],[[23.4234,39.1286],[23.4214,39.1286],[23.4203,39.1297],[23.423,39.1328],[23.4245,39.1328],[23.4255,39.1318],[23.4245,39.1307],[23.4255,39.1297],[23.4245,39.1286],[23.4234,39.1286]],[[23.8047,39.1285],[23.8035,39.1286],[23.8026,39.1297],[23.8026,39.1304],[23.7984,39.1307],[23.7974,39.1297],[23.7964,39.1297],[23.7943,39.1318],[23.7974,39.1349],[23.7984,39.1349],[23.7984,39.1359],[23.7974,39.137],[23.7984,39.138],[23.7995,39.137],[23.8005,39.137],[23.8005,39.138],[23.8016,39.1391],[23.8047,39.1391],[23.8068,39.137],[23.8068,39.1349],[23.8078,39.1344],[23.8088,39.1349],[23.8078,39.137],[23.8085,39.138],[23.8057,39.1411],[23.8078,39.1432],[23.8089,39.1422],[23.8099,39.1432],[23.813,39.1432],[23.8141,39.1422],[23.8141,39.1401],[23.8131,39.1391],[23.8132,39.138],[23.812,39.138],[23.8089,39.1349],[23.8078,39.1309],[23.8047,39.1285]],[[23.6172,39.1266],[23.613,39.1266],[23.612,39.1276],[23.612,39.1307],[23.6139,39.1328],[23.6161,39.1369],[23.6172,39.1377],[23.6203,39.1391],[23.6224,39.1389],[23.6237,39.138],[23.6241,39.1349],[23.6238,39.1339],[23.6224,39.1326],[23.619,39.1318],[23.6193,39.1307],[23.6182,39.1307],[23.6184,39.1276],[23.6172,39.1266]],[[23.462,39.1244],[23.4589,39.1245],[23.4578,39.1255],[23.4589,39.1266],[23.4596,39.1266],[23.4589,39.1266],[23.4574,39.1276],[23.4516,39.1276],[23.4505,39.1286],[23.4484,39.1286],[23.4474,39.1297],[23.4474,39.1318],[23.4457,39.1339],[23.446,39.1349],[23.4453,39.1359],[23.4443,39.1359],[23.4432,39.137],[23.4438,39.1391],[23.4453,39.1401],[23.4432,39.1407],[23.4411,39.1401],[23.4391,39.1408],[23.438,39.1401],[23.4363,39.1401],[23.4349,39.1391],[23.4323,39.1391],[23.429,39.1359],[23.4297,39.1359],[23.4307,39.1349],[23.4297,39.1337],[23.4286,39.1349],[23.4286,39.1356],[23.4276,39.1349],[23.4266,39.1349],[23.4255,39.1359],[23.4234,39.1359],[23.4203,39.1391],[23.4193,39.1391],[23.4182,39.1398],[23.4172,39.1387],[23.4141,39.1391],[23.4099,39.1432],[23.4099,39.1443],[23.4089,39.1443],[23.4057,39.1474],[23.4022,39.1474],[23.4005,39.1464],[23.3964,39.1422],[23.3964,39.1411],[23.3943,39.1391],[23.3932,39.1391],[23.3922,39.1401],[23.388,39.1405],[23.388,39.1421],[23.3908,39.1464],[23.3901,39.1495],[23.3904,39.1526],[23.388,39.1537],[23.3859,39.1557],[23.3859,39.1578],[23.387,39.1596],[23.3898,39.1609],[23.3901,39.162],[23.3922,39.1641],[23.3933,39.1641],[23.3948,39.1651],[23.3966,39.1672],[23.3961,39.1693],[23.3973,39.1703],[23.4016,39.1712],[23.4036,39.1707],[23.4099,39.1709],[23.4151,39.173],[23.4172,39.1745],[23.419,39.1745],[23.4214,39.1755],[23.4224,39.1751],[23.4266,39.1762],[23.4286,39.1776],[23.4318,39.1779],[23.4391,39.1806],[23.4422,39.1825],[23.4434,39.1839],[23.4432,39.1859],[23.4422,39.1859],[23.4411,39.187],[23.4411,39.1891],[23.4429,39.1911],[23.4422,39.1922],[23.4422,39.1953],[23.4401,39.1974],[23.4411,39.1984],[23.4432,39.1984],[23.4443,39.1995],[23.4501,39.1995],[23.4526,39.2009],[23.4536,39.2019],[23.4536,39.2026],[23.4578,39.2061],[23.4589,39.2099],[23.4609,39.212],[23.4609,39.2141],[23.4641,39.2161],[23.4651,39.2151],[23.4641,39.2141],[23.4641,39.2109],[23.463,39.2099],[23.463,39.2089],[23.4641,39.2081],[23.4651,39.2089],[23.4682,39.2089],[23.4693,39.2078],[23.4734,39.2078],[23.4745,39.2068],[23.4766,39.2089],[23.4805,39.2068],[23.4828,39.2068],[23.4849,39.2047],[23.487,39.2047],[23.488,39.2041],[23.4901,39.2043],[23.4922,39.2036],[23.4943,39.2016],[23.4932,39.2005],[23.4946,39.1995],[23.4936,39.1984],[23.4953,39.1964],[23.4962,39.1943],[23.4995,39.1932],[23.5026,39.1943],[23.5047,39.1943],[23.5083,39.1911],[23.5089,39.1901],[23.5078,39.1891],[23.5089,39.1877],[23.5109,39.1885],[23.512,39.1884],[23.5141,39.187],[23.513,39.1859],[23.512,39.1839],[23.5121,39.1828],[23.5134,39.1807],[23.5151,39.1797],[23.5172,39.1807],[23.5182,39.1807],[23.5193,39.1797],[23.5182,39.1786],[23.5161,39.1793],[23.5161,39.1776],[23.5172,39.1766],[23.5161,39.1751],[23.5161,39.1724],[23.5151,39.1709],[23.5156,39.1682],[23.5109,39.1641],[23.5109,39.162],[23.5099,39.1606],[23.5099,39.1589],[23.5089,39.1578],[23.5078,39.1576],[23.5078,39.1557],[23.5068,39.1547],[23.5057,39.1547],[23.5047,39.1557],[23.5016,39.1557],[23.4995,39.1589],[23.4992,39.1599],[23.5005,39.1609],[23.5005,39.162],[23.5016,39.1635],[23.5016,39.1661],[23.5023,39.1682],[23.5012,39.1682],[23.4995,39.1664],[23.4964,39.1651],[23.4953,39.1641],[23.4943,39.1646],[23.4932,39.163],[23.4939,39.1609],[23.4926,39.1599],[23.4932,39.1589],[23.4922,39.1578],[23.4915,39.1578],[23.4916,39.1568],[23.4911,39.1557],[23.487,39.1532],[23.4862,39.1536],[23.4852,39.1557],[23.4849,39.1578],[23.4859,39.1589],[23.4828,39.1609],[23.4797,39.1609],[23.4786,39.1599],[23.4776,39.1599],[23.4745,39.1578],[23.4725,39.1557],[23.4748,39.1536],[23.4745,39.153],[23.4734,39.1526],[23.4724,39.1536],[23.4714,39.1536],[23.4698,39.1526],[23.4693,39.1511],[23.4693,39.1495],[23.4703,39.1489],[23.4711,39.1495],[23.4714,39.1507],[23.4732,39.1495],[23.4738,39.1453],[23.4703,39.1434],[23.4682,39.1433],[23.4672,39.1459],[23.4656,39.1464],[23.4651,39.1459],[23.4651,39.1422],[23.4641,39.1411],[23.4623,39.1411],[23.4609,39.1401],[23.4593,39.1401],[23.4589,39.1393],[23.4599,39.1391],[23.4609,39.138],[23.4609,39.1372],[23.4661,39.137],[23.4672,39.1359],[23.4672,39.1349],[23.4661,39.1339],[23.4651,39.1349],[23.4641,39.1339],[23.4661,39.1307],[23.4654,39.1286],[23.4661,39.1286],[23.4672,39.1276],[23.467,39.1266],[23.4651,39.1252],[23.462,39.1244]],[[23.4818,39.1212],[23.4807,39.1214],[23.4797,39.1224],[23.4807,39.1234],[23.4786,39.1234],[23.4776,39.1245],[23.4776,39.1255],[23.4786,39.1266],[23.4812,39.1266],[23.4839,39.1286],[23.4849,39.1276],[23.4839,39.1266],[23.4859,39.1245],[23.4839,39.1224],[23.4828,39.1224],[23.4818,39.1212]],[[23.5089,39.113],[23.5068,39.1148],[23.5057,39.1141],[23.4995,39.1141],[23.4984,39.1151],[23.4974,39.1151],[23.4927,39.1182],[23.4943,39.1199],[23.4943,39.1219],[23.4932,39.1234],[23.4943,39.1257],[23.4939,39.1266],[23.4932,39.1266],[23.4922,39.1276],[23.4964,39.1307],[23.4965,39.1318],[23.4953,39.1341],[23.4984,39.1336],[23.4999,39.1328],[23.5036,39.1286],[23.5038,39.1276],[23.5047,39.1276],[23.5057,39.1266],[23.5052,39.1255],[23.5057,39.1245],[23.5057,39.1214],[23.5052,39.1193],[23.5057,39.1182],[23.5068,39.1182],[23.5078,39.1172],[23.5099,39.1141],[23.5089,39.113]],[[23.6286,39.1099],[23.6266,39.1099],[23.6234,39.112],[23.6255,39.1151],[23.6286,39.1151],[23.6297,39.1141],[23.6297,39.1109],[23.6286,39.1099]],[[23.6411,39.1109],[23.6401,39.1109],[23.6391,39.112],[23.6401,39.113],[23.6391,39.113],[23.638,39.112],[23.6359,39.112],[23.6328,39.1141],[23.6328,39.1182],[23.6339,39.1193],[23.6339,39.1203],[23.6328,39.1214],[23.6339,39.1224],[23.6349,39.1214],[23.6359,39.1224],[23.637,39.1225],[23.6391,39.1203],[23.638,39.1193],[23.6401,39.1193],[23.6411,39.1203],[23.6422,39.1193],[23.6411,39.1182],[23.6411,39.1172],[23.6422,39.1172],[23.6432,39.1182],[23.6453,39.1161],[23.6453,39.113],[23.6432,39.1109],[23.6411,39.1109]],[[23.9828,39.1015],[23.9818,39.1005],[23.9807,39.1016],[23.9797,39.1016],[23.9786,39.1026],[23.9786,39.1036],[23.9786,39.1026],[23.9776,39.1016],[23.9766,39.1016],[23.9755,39.1026],[23.9766,39.1036],[23.9755,39.1047],[23.9755,39.1057],[23.9745,39.1057],[23.9734,39.1047],[23.9724,39.1057],[23.9745,39.1078],[23.9755,39.1078],[23.9745,39.1078],[23.9734,39.1089],[23.9734,39.1099],[23.9724,39.1109],[23.9724,39.112],[23.9734,39.113],[23.9755,39.113],[23.9755,39.1141],[23.9766,39.1151],[23.9776,39.1141],[23.9776,39.1161],[23.9786,39.1172],[23.9786,39.1182],[23.9776,39.1172],[23.9766,39.1182],[23.9786,39.1203],[23.9786,39.1234],[23.9797,39.1245],[23.9807,39.1234],[23.9818,39.1234],[23.9859,39.1197],[23.9859,39.1203],[23.9849,39.1214],[23.9849,39.1234],[23.9828,39.1255],[23.9828,39.1276],[23.9837,39.1286],[23.9849,39.1297],[23.9859,39.1286],[23.9891,39.1286],[23.9891,39.1297],[23.9901,39.1307],[23.9891,39.1318],[23.9901,39.1328],[23.9911,39.1318],[23.9922,39.1318],[23.9932,39.131],[23.9932,39.1318],[23.9943,39.1328],[23.9953,39.1318],[23.9953,39.1297],[23.9946,39.1286],[23.9943,39.1255],[23.9932,39.1245],[23.9922,39.1255],[23.9922,39.1245],[23.9933,39.1234],[23.9932,39.1224],[23.9922,39.1214],[23.9922,39.1203],[23.9901,39.1182],[23.9891,39.1182],[23.9875,39.1172],[23.9862,39.1141],[23.9859,39.1057],[23.9851,39.1047],[23.9849,39.1036],[23.9828,39.1015]],[[23.7224,39.0662],[23.7203,39.0662],[23.7193,39.0672],[23.7193,39.0693],[23.7182,39.0702],[23.7172,39.0703],[23.7161,39.0693],[23.7109,39.0693],[23.7099,39.0703],[23.7068,39.0703],[23.7057,39.0714],[23.7047,39.0724],[23.7047,39.0755],[23.7068,39.0776],[23.7068,39.0786],[23.7078,39.0797],[23.7078,39.0818],[23.7047,39.0839],[23.7036,39.0828],[23.6995,39.0828],[23.6983,39.0839],[23.6918,39.0839],[23.6901,39.0828],[23.6839,39.0828],[23.6828,39.0818],[23.6807,39.0818],[23.6797,39.0828],[23.6786,39.0818],[23.6734,39.0818],[23.6724,39.0828],[23.6714,39.0828],[23.6703,39.0839],[23.6703,39.0849],[23.6698,39.0849],[23.6703,39.0839],[23.6693,39.0828],[23.6672,39.0828],[23.6662,39.0839],[23.6661,39.0849],[23.6654,39.0849],[23.6641,39.0839],[23.662,39.0839],[23.6609,39.0828],[23.6599,39.0838],[23.6578,39.0818],[23.6568,39.0828],[23.6547,39.0828],[23.6526,39.0849],[23.6526,39.0859],[23.6547,39.0891],[23.6589,39.0891],[23.6578,39.0901],[23.6578,39.0932],[23.6568,39.0943],[23.6568,39.0964],[23.6557,39.0974],[23.6547,39.0964],[23.6526,39.0984],[23.6547,39.1005],[23.6547,39.1016],[23.6557,39.1026],[23.6557,39.1078],[23.6568,39.1089],[23.6599,39.1089],[23.6609,39.1078],[23.6609,39.1062],[23.6609,39.1078],[23.662,39.1089],[23.663,39.1089],[23.663,39.1109],[23.6547,39.1109],[23.6536,39.1099],[23.6516,39.1095],[23.6495,39.1109],[23.6505,39.112],[23.651,39.1141],[23.652,39.1151],[23.653,39.1172],[23.6538,39.1214],[23.6536,39.1224],[23.6516,39.1245],[23.6505,39.1245],[23.6495,39.1255],[23.6495,39.1263],[23.6484,39.1266],[23.6474,39.1276],[23.6474,39.1286],[23.6453,39.1305],[23.6453,39.1297],[23.6443,39.1286],[23.6432,39.1297],[23.6443,39.1307],[23.645,39.1307],[23.6441,39.1318],[23.644,39.1359],[23.6411,39.1386],[23.6391,39.1391],[23.637,39.1411],[23.6328,39.1417],[23.6309,39.1432],[23.6297,39.1432],[23.6281,39.1443],[23.6266,39.1432],[23.6255,39.1443],[23.6252,39.1495],[23.6245,39.1505],[23.6244,39.1516],[23.6234,39.1526],[23.6231,39.1568],[23.6224,39.158],[23.6203,39.1599],[23.6193,39.162],[23.6161,39.1645],[23.6141,39.163],[23.613,39.163],[23.612,39.1641],[23.612,39.1661],[23.6099,39.1661],[23.6089,39.1672],[23.6089,39.1685],[23.6073,39.1703],[23.6047,39.1766],[23.6046,39.1786],[23.6026,39.1807],[23.6023,39.1828],[23.601,39.1849],[23.5984,39.1878],[23.5974,39.188],[23.5964,39.1891],[23.5964,39.1901],[23.5891,39.1974],[23.5901,39.1984],[23.5901,39.1995],[23.5891,39.2005],[23.5888,39.2036],[23.5911,39.206],[23.5911,39.2068],[23.5922,39.2078],[23.5911,39.2089],[23.5932,39.2109],[23.5953,39.2109],[23.5964,39.2099],[23.5974,39.2109],[23.6025,39.2109],[23.6036,39.212],[23.6099,39.212],[23.6109,39.2115],[23.6115,39.2109],[23.6113,39.2099],[23.612,39.2099],[23.6151,39.2068],[23.6154,39.2016],[23.6151,39.2002],[23.6161,39.1987],[23.6182,39.1977],[23.6214,39.1978],[23.6245,39.1958],[23.6276,39.1954],[23.6286,39.1956],[23.6297,39.1964],[23.6311,39.1953],[23.6307,39.1939],[23.6349,39.1932],[23.6363,39.1911],[23.6359,39.1901],[23.637,39.1891],[23.637,39.1855],[23.6375,39.1849],[23.637,39.1839],[23.6378,39.1828],[23.6391,39.1828],[23.6401,39.1818],[23.6401,39.1801],[23.6407,39.1797],[23.6432,39.1797],[23.6443,39.1786],[23.6443,39.1766],[23.6453,39.1766],[23.6464,39.1776],[23.6474,39.1776],[23.6495,39.1755],[23.6526,39.1755],[23.6536,39.1766],[23.6547,39.1755],[23.652,39.1724],[23.6526,39.1714],[23.6547,39.1714],[23.6572,39.1693],[23.6589,39.1693],[23.6599,39.1682],[23.6609,39.1682],[23.662,39.1676],[23.662,39.1682],[23.663,39.1693],[23.6659,39.1672],[23.6703,39.1672],[23.6734,39.1661],[23.6789,39.162],[23.681,39.1599],[23.6797,39.1589],[23.6807,39.1589],[23.6828,39.1579],[23.6849,39.1589],[23.687,39.1592],[23.688,39.1599],[23.6932,39.1599],[23.6995,39.1536],[23.7026,39.1536],[23.7036,39.1526],[23.7047,39.1536],[23.7057,39.1536],[23.7078,39.1516],[23.7078,39.1506],[23.7089,39.1498],[23.7109,39.1495],[23.712,39.1505],[23.7141,39.1505],[23.7151,39.1495],[23.7141,39.1484],[23.7172,39.1464],[23.7172,39.1453],[23.7172,39.1464],[23.7193,39.1484],[23.7224,39.1484],[23.7234,39.1495],[23.7245,39.1484],[23.7234,39.1474],[23.7234,39.1464],[23.7245,39.1464],[23.7255,39.1474],[23.7266,39.1464],[23.7255,39.1453],[23.7255,39.1432],[23.7234,39.1411],[23.7234,39.1401],[23.7245,39.1401],[23.7266,39.1391],[23.7276,39.138],[23.7286,39.138],[23.7297,39.1391],[23.7307,39.138],[23.7297,39.137],[23.7307,39.1359],[23.7286,39.1339],[23.7269,39.1339],[23.7255,39.1324],[23.7255,39.1318],[23.7242,39.1307],[23.7255,39.1285],[23.7286,39.1266],[23.7307,39.1259],[23.7318,39.1243],[23.7328,39.1245],[23.7339,39.1234],[23.7349,39.1245],[23.7359,39.1245],[23.737,39.1237],[23.738,39.1239],[23.7391,39.125],[23.7409,39.1286],[23.7422,39.1298],[23.7443,39.1307],[23.7464,39.1307],[23.7474,39.1303],[23.7547,39.1309],[23.7568,39.1307],[23.7578,39.1297],[23.762,39.1299],[23.7641,39.1297],[23.7651,39.1288],[23.7661,39.1288],[23.7682,39.129],[23.7693,39.1297],[23.7703,39.1286],[23.7734,39.1286],[23.7745,39.1297],[23.7766,39.1297],[23.7776,39.1307],[23.7786,39.1297],[23.7807,39.1297],[23.7839,39.1318],[23.7849,39.1318],[23.7859,39.1307],[23.7859,39.1297],[23.7849,39.1286],[23.7849,39.1276],[23.788,39.1276],[23.7891,39.1266],[23.788,39.1255],[23.787,39.1255],[23.7885,39.1245],[23.7911,39.1245],[23.7943,39.1224],[23.7943,39.1203],[23.7953,39.1193],[23.7943,39.1182],[23.7932,39.1193],[23.7922,39.1193],[23.7932,39.1182],[23.7932,39.1172],[23.7922,39.1161],[23.7911,39.1172],[23.7911,39.118],[23.7901,39.1172],[23.7911,39.1161],[23.7891,39.1141],[23.788,39.1151],[23.787,39.1141],[23.7893,39.112],[23.7892,39.1109],[23.788,39.1099],[23.787,39.1109],[23.787,39.1117],[23.7859,39.1109],[23.7851,39.1109],[23.7859,39.1099],[23.7859,39.1078],[23.787,39.1068],[23.786,39.1057],[23.7853,39.1036],[23.7818,39.1016],[23.7807,39.1026],[23.7786,39.1016],[23.7789,39.1005],[23.7797,39.1005],[23.7807,39.0995],[23.7807,39.0984],[23.7791,39.0964],[23.7766,39.0953],[23.7755,39.0943],[23.7745,39.0953],[23.7737,39.0953],[23.7728,39.0932],[23.7734,39.0932],[23.7745,39.0922],[23.7724,39.0895],[23.7685,39.0859],[23.7661,39.0849],[23.7641,39.0848],[23.763,39.0849],[23.762,39.0859],[23.763,39.087],[23.7577,39.087],[23.7568,39.0854],[23.7553,39.0849],[23.7542,39.0839],[23.7536,39.0818],[23.7516,39.0797],[23.7505,39.0797],[23.7495,39.0807],[23.7505,39.0818],[23.7505,39.0839],[23.7495,39.0847],[23.7484,39.0839],[23.7474,39.0839],[23.7464,39.0828],[23.7458,39.0828],[23.7464,39.0818],[23.7443,39.0786],[23.7433,39.0755],[23.7422,39.0745],[23.7411,39.0745],[23.7401,39.0734],[23.7391,39.0734],[23.737,39.0714],[23.7359,39.0714],[23.7339,39.0693],[23.7297,39.0693],[23.7286,39.0682],[23.7266,39.0682],[23.7255,39.0693],[23.7224,39.0662]],[[23.9536,39.065],[23.9526,39.0641],[23.9495,39.0641],[23.9484,39.0651],[23.9484,39.0682],[23.9505,39.0703],[23.9527,39.0714],[23.9536,39.0724],[23.9547,39.0755],[23.9557,39.0766],[23.9589,39.0768],[23.9599,39.0755],[23.9599,39.0734],[23.9578,39.0712],[23.9557,39.0711],[23.9547,39.0703],[23.9551,39.0693],[23.9547,39.0661],[23.9536,39.065]],[[23.3391,39.0399],[23.338,39.0392],[23.337,39.0402],[23.3307,39.0411],[23.3297,39.0422],[23.3307,39.0432],[23.3315,39.0432],[23.3307,39.0432],[23.3297,39.0443],[23.3297,39.0464],[23.3307,39.0474],[23.3318,39.0474],[23.3349,39.0505],[23.3411,39.0505],[23.3422,39.0516],[23.3432,39.0505],[23.3422,39.0495],[23.3422,39.0464],[23.3411,39.0453],[23.3404,39.0453],[23.3411,39.0443],[23.3401,39.0432],[23.3391,39.0399]],[[23.3359,39.0388],[23.3347,39.0391],[23.3365,39.0391],[23.3359,39.0388]],[[23.3464,39.039],[23.3453,39.0384],[23.3443,39.0387],[23.3436,39.0391],[23.3438,39.0401],[23.3453,39.0411],[23.3453,39.0422],[23.3464,39.0432],[23.3474,39.0432],[23.3484,39.0443],[23.3495,39.0432],[23.3484,39.0422],[23.3484,39.0411],[23.3495,39.0401],[23.3484,39.0391],[23.3464,39.039]],[[23.0599,39.012],[23.0589,39.013],[23.0589,39.0141],[23.0599,39.0151],[23.0609,39.0141],[23.0609,39.013],[23.0599,39.012]]]]}},{"type":"Feature","properties":{"depth":5,"kind":"isobath"},"geometry":{"type":"MultiLineString","coordinates":[[[23.9995,39.9949],[23.9995,39.9943],[23.9984,39.9932],[23.9995,39.9926]],[[23.9995,39.9876],[23.9978,39.988],[23.9964,39.9895],[23.9943,39.988],[23.9932,39.9896],[23.9919,39.9891],[23.9928,39.988],[23.9911,39.9871],[23.9911,39.9859],[23.9901,39.9849],[23.9891,39.9828],[23.9911,39.9807],[23.9932,39.9807],[23.9943,39.9797],[23.9949,39.9786],[23.9939,39.9776],[23.9974,39.9776],[23.9984,39.9766],[23.9984,39.9757]],[[23.9202,39.9661],[23.9208,39.9682],[23.9193,39.9672],[23.9182,39.9682],[23.9182,39.9693],[23.9182,39.9672],[23.9193,39.9661]],[[23.9745,39.962],[23.9745,39.9641],[23.9724,39.9634],[23.9717,39.9641],[23.9701,39.9641],[23.97,39.963],[23.9714,39.962]],[[23.9266,39.9599],[23.9266,39.961],[23.9253,39.962],[23.9245,39.9641],[23.9245,39.9656],[23.9234,39.9641],[23.9224,39.9651],[23.9214,39.9651],[23.9203,39.9661],[23.9203,39.9641],[23.9226,39.962],[23.9231,39.9609],[23.9245,39.9609],[23.9255,39.9599]],[[23.9828,39.9589],[23.9849,39.9609],[23.987,39.9612],[23.988,39.9604],[23.9891,39.961],[23.9932,39.9611],[23.9943,39.9603],[23.9958,39.962],[23.9953,39.9637],[23.9968,39.9641],[23.9964,39.9645],[23.9943,39.9643],[23.9924,39.9651],[23.9911,39.9641],[23.9901,39.9651],[23.988,39.963],[23.987,39.9627],[23.9859,39.963],[23.9849,39.962],[23.9818,39.962],[23.9807,39.963],[23.977,39.963],[23.9776,39.963],[23.9786,39.962],[23.9797,39.962],[23.9807,39.9609],[23.9807,39.9589]],[[23.9949,39.9589],[23.9943,39.9593],[23.9943,39.9584]],[[23.9964,39.9536],[23.9964,39.9547],[23.9964,39.9531]],[[23.7505,39.9182],[23.7514,39.9193],[23.7505,39.9193],[23.7495,39.9203],[23.7495,39.9193],[23.7505,39.9182],[23.7505,39.9175]],[[23.0005,39.3386],[23.0005,39.3391],[23.0019,39.3401],[23.0005,39.3406]],[[23.003,39.3391],[23.0026,39.3395],[23.0026,39.3391]],[[23.0693,39.313],[23.0693,39.3137],[23.0686,39.313]],[[23.9495,39.2714],[23.9484,39.272],[23.9474,39.2714]],[[23.5157,39.1755],[23.5151,39.1761],[23.5151,39.1755]],[[23.9109,39.1724],[23.9089,39.1724],[23.9099,39.1724],[23.9109,39.1718]],[[23.969,39.163],[23.9682,39.1638],[23.9682,39.163]],[[23.491,39.1578],[23.4901,39.1589],[23.4907,39.1599],[23.4901,39.1599],[23.4894,39.1589],[23.4894,39.1578]],[[23.1839,39.1547],[23.1839,39.1552],[23.1833,39.1547],[23.1839,39.1538]],[[23.0711,39.1505],[23.0703,39.1505],[23.0693,39.1513],[23.0685,39.1505]],[[23.8734,39.1464],[23.8744,39.1474],[23.8734,39.1474]],[[23.4649,39.1266],[23.4641,39.1276],[23.463,39.1276],[23.4623,39.1266],[23.4641,39.1258]],[[23.2137,39.1245],[23.213,39.1262],[23.212,39.1259],[23.2114,39.1245],[23.213,39.1238]],[[23.1141,39.1234],[23.115,39.1245],[23.1141,39.1245],[23.113,39.1255],[23.113,39.1262],[23.1109,39.1245],[23.1109,39.1234]],[[23.118,39.1214],[23.1172,39.1218],[23.1169,39.1214],[23.1172,39.1208]],[[23.1016,39.1141],[23.1016,39.1148],[23.1008,39.1141]],[[23.1005,39.113],[23.1005,39.1137],[23.0998,39.113]],[[23.2089,39.1016],[23.2089,39.1026],[23.2099,39.1036],[23.2068,39.1036],[23.206,39.1026],[23.2068,39.1026],[23.2078,39.1016],[23.2078,39.101]],[[23.1734,39.1005],[23.1734,39.1013],[23.1727,39.1005]],[[23.1651,39.0974],[23.1651,39.0981],[23.1641,39.0974]],[[23.1526,39.0922],[23.1526,39.0932],[23.1513,39.0922],[23.1526,39.0915]],[[23.1307,39.0901],[23.1315,39.0911],[23.1307,39.0922]],[[23.1257,39.0849],[23.1266,39.087],[23.1248,39.087],[23.1238,39.0859]],[[23.1249,39.0828],[23.1234,39.0839],[23.1234,39.0846],[23.1227,39.0828]],[[23.7411,39.0786],[23.7401,39.0795],[23.7401,39.0786]],[[23.7339,39.0714],[23.7339,39.0721],[23.7331,39.0714]],[[23.9554,39.0714],[23.9547,39.0719],[23.9539,39.0714],[23.9547,39.0704]],[[23.0672,39.0339],[23.0687,39.0349],[23.0684,39.0359],[23.0672,39.0349],[23.0661,39.0359],[23.0661,39.0349],[23.0672,39.0339],[23.0672,39.0331]],[[23.0526,39.0161],[23.0536,39.0172],[23.0526,39.0172],[23.0516,39.0157]],[[23.0332,39.0141],[23.0328,39.0151],[23.0344,39.0161],[23.0324,39.0161],[23.0311,39.0151],[23.0328,39.0133]],[[23.0182,39.0005],[23.0182,39.0012],[23.0175,39.0005]],[[23.0731,39.0005],[23.0724,39.0009],[23.0715,39.0005]],[[23.0764,39.0005],[23.0746,39.0005]],[[23.9974,39.2214],[23.9964,39.222],[23.9943,39.2245],[23.9939,39.2266],[23.9932,39.2276],[23.9974,39.2318],[23.9974,39.2359],[23.9984,39.237],[23.9984,39.238]],[[23.9987,39.9661],[23.9975,39.9651],[23.9976,39.9641],[23.9967,39.963],[23.9964,39.9602],[23.9957,39.9599],[23.9964,39.9589],[23.9974,39.959],[23.9984,39.9578],[23.9984,39.9536],[23.9964,39.9522],[23.9964,39.9516],[23.9953,39.9505],[23.9943,39.9515],[23.9922,39.9495],[23.9932,39.9484],[23.9922,39.9473],[23.9911,39.9473],[23.9901,39.9464],[23.9891,39.9474],[23.9891,39.9484],[23.988,39.9479],[23.9891,39.9464],[23.988,39.9453],[23.9859,39.9453],[23.9849,39.9463],[23.9849,39.9453],[23.9839,39.9443],[23.9818,39.9443],[23.9807,39.9432],[23.9776,39.9432],[23.9766,39.9443],[23.9651,39.9443],[23.9641,39.9453],[23.963,39.9453],[23.961,39.9432],[23.9609,39.9422],[23.9599,39.9411],[23.9547,39.9411],[23.9526,39.9391],[23.9526,39.937],[23.9495,39.9349],[23.9422,39.9349],[23.9412,39.9359],[23.9411,39.938],[23.9401,39.938],[23.9391,39.9388],[23.9359,39.9387],[23.9349,39.938],[23.9339,39.938],[23.9339,39.937],[23.9318,39.9349],[23.9297,39.9349],[23.9286,39.9359],[23.9276,39.9349],[23.9266,39.9359],[23.9286,39.938],[23.9303,39.938],[23.9307,39.9405],[23.9339,39.9416],[23.9339,39.9422],[23.9328,39.9432],[23.9337,39.9443],[23.9336,39.9453],[23.9328,39.9453],[23.9318,39.9443],[23.9307,39.9443],[23.9286,39.9464],[23.927,39.9464],[23.9255,39.9461],[23.9255,39.9453],[23.9245,39.9443],[23.9234,39.9453],[23.9245,39.9464],[23.9252,39.9464],[23.9234,39.9464],[23.9224,39.945],[23.9182,39.9453],[23.9172,39.9464],[23.9177,39.9505],[23.9161,39.9526],[23.9167,39.9536],[23.9141,39.9575],[23.912,39.9557],[23.9109,39.9554],[23.9068,39.9557],[23.9036,39.9578],[23.9047,39.9589],[23.9026,39.9589],[23.9016,39.9578],[23.9005,39.9589],[23.9026,39.962],[23.9026,39.9633],[23.9016,39.9651],[23.9016,39.9661],[23.9001,39.9672],[23.9001,39.9682],[23.8995,39.9682],[23.8984,39.9693],[23.8984,39.9703],[23.8995,39.9714],[23.9005,39.9714],[23.9005,39.9734],[23.8995,39.9745],[23.8999,39.9755],[23.8995,39.9776],[23.9005,39.9786],[23.9016,39.9786],[23.9026,39.9776],[23.9036,39.9776],[23.9036,39.9818],[23.9016,39.9849],[23.8948,39.9891],[23.8932,39.9895],[23.8911,39.988],[23.8901,39.9891],[23.8911,39.9901],[23.8911,39.9911],[23.8918,39.9922],[23.8911,39.9936],[23.8901,39.9932],[23.8891,39.9938],[23.8884,39.9932],[23.8891,39.9932],[23.8902,39.9922],[23.8901,39.9911],[23.8891,39.9901],[23.888,39.9911],[23.8859,39.9911],[23.8849,39.9922],[23.8859,39.9932],[23.8865,39.9932],[23.8849,39.9932],[23.8839,39.9943],[23.8776,39.9943],[23.8766,39.9948],[23.8734,39.9947],[23.8724,39.9943],[23.8693,39.9976]],[[23.5903,39.9995],[23.5922,39.9986],[23.5995,39.9974],[23.6047,39.9959],[23.6136,39.9953],[23.6245,39.9896],[23.6266,39.9892],[23.6286,39.9874],[23.6339,39.986],[23.637,39.9854],[23.6484,39.9861],[23.6526,39.9842],[23.6557,39.9834],[23.6589,39.9833],[23.6599,39.9839],[23.662,39.9831],[23.6661,39.9828],[23.6703,39.979],[23.671,39.9766],[23.6724,39.9756],[23.6755,39.9752],[23.6776,39.9755],[23.6786,39.9745],[23.6797,39.9755],[23.6818,39.9734],[23.6821,39.9714],[23.6828,39.9703],[23.6828,39.9661],[23.6818,39.9648],[23.6797,39.9651],[23.6786,39.9661],[23.6776,39.9651],[23.6776,39.9616],[23.6797,39.9596],[23.6818,39.9592],[23.6849,39.962],[23.687,39.9599],[23.6873,39.9536],[23.688,39.9526],[23.6885,39.9495],[23.6898,39.9474],[23.6896,39.9464],[23.6901,39.9453],[23.688,39.9432],[23.6871,39.9432],[23.6874,39.9422],[23.6878,39.9411],[23.6891,39.9401],[23.6891,39.9388],[23.6911,39.9359],[23.6974,39.9315],[23.7016,39.9301],[23.7047,39.9297],[23.7068,39.9302],[23.7099,39.9289],[23.7151,39.9307],[23.7195,39.9307],[23.7224,39.9318],[23.725,39.9318],[23.7276,39.9339],[23.7286,39.9339],[23.7297,39.9328],[23.7307,39.9328],[23.7329,39.9318],[23.7334,39.9328],[23.7327,39.9339],[23.7349,39.9345],[23.737,39.9318],[23.737,39.9307],[23.7391,39.9307],[23.7401,39.9318],[23.7411,39.9318],[23.7401,39.9328],[23.7422,39.9349],[23.7453,39.9349],[23.7484,39.9318],[23.7484,39.9307],[23.7464,39.9276],[23.7474,39.9276],[23.7484,39.9266],[23.7484,39.9255],[23.7495,39.9255],[23.7505,39.9245],[23.7516,39.9255],[23.7526,39.9245],[23.7526,39.9203],[23.7517,39.9193],[23.7526,39.9182],[23.7526,39.9172],[23.7505,39.9141],[23.7425,39.9141],[23.7401,39.912],[23.7391,39.912],[23.738,39.913],[23.7307,39.9128],[23.7276,39.9109],[23.7255,39.9107],[23.7234,39.9089],[23.7214,39.9088],[23.7203,39.9078],[23.7183,39.9078],[23.7172,39.9067],[23.713,39.9068],[23.712,39.9078],[23.7057,39.9078],[23.7047,39.9088],[23.7016,39.9089],[23.7005,39.9098],[23.6984,39.9098],[23.6964,39.912],[23.6922,39.913],[23.6911,39.9141],[23.6911,39.9151],[23.6901,39.9151],[23.6901,39.9141],[23.6891,39.913],[23.688,39.9141],[23.6807,39.9141],[23.6797,39.913],[23.6745,39.913],[23.6734,39.9141],[23.6714,39.9141],[23.6703,39.913],[23.6589,39.913],[23.6578,39.912],[23.6536,39.912],[23.6526,39.913],[23.653,39.9141],[23.6471,39.9141],[23.6443,39.913],[23.6422,39.913],[23.6401,39.9151],[23.638,39.9146],[23.637,39.9151],[23.6318,39.9151],[23.6307,39.9161],[23.6245,39.917],[23.6203,39.9181],[23.6089,39.9182],[23.6078,39.9193],[23.6047,39.9209],[23.6026,39.9203],[23.6016,39.9193],[23.5974,39.9193],[23.5964,39.9203],[23.5922,39.9203],[23.5901,39.9224],[23.5891,39.9224],[23.5839,39.9272],[23.5807,39.9286],[23.5779,39.9307],[23.5745,39.9307],[23.5724,39.9317],[23.5682,39.9309],[23.563,39.9307],[23.5609,39.932],[23.553,39.9339],[23.5464,39.9368],[23.5432,39.9393],[23.5401,39.9405],[23.538,39.942],[23.5286,39.9438],[23.5245,39.9466],[23.5182,39.9484],[23.513,39.9509],[23.5078,39.9525],[23.5016,39.9562],[23.4911,39.9605],[23.4849,39.9627],[23.4782,39.9641],[23.4745,39.9656],[23.4651,39.968],[23.4495,39.9689],[23.437,39.9681],[23.4318,39.9665],[23.4286,39.9645],[23.4245,39.963],[23.4234,39.962],[23.4224,39.962],[23.4203,39.9609],[23.4182,39.9593],[23.4078,39.9581],[23.3964,39.9586],[23.3943,39.9582],[23.3883,39.9599],[23.3859,39.9599],[23.3818,39.9612],[23.3755,39.9609],[23.3745,39.9599],[23.3722,39.9599],[23.3703,39.959],[23.3672,39.9568],[23.3661,39.9572],[23.3633,39.9568],[23.3599,39.9554],[23.3587,39.9547],[23.3568,39.9526],[23.3547,39.9536],[23.354,39.9557],[23.3558,39.9578],[23.3599,39.9648],[23.3738,39.9839],[23.3761,39.9901],[23.3797,39.9966],[23.3802,39.9995]],[[23.0036,39.5516],[23.0068,39.5495],[23.0068,39.5474],[23.0057,39.5464],[23.0057,39.5443],[23.0078,39.5443],[23.0089,39.5432],[23.0099,39.5432],[23.0109,39.5425],[23.0109,39.5391],[23.012,39.538],[23.013,39.538],[23.0141,39.5372],[23.0151,39.5359],[23.0141,39.5349],[23.0141,39.5339],[23.0151,39.5328],[23.0172,39.5328],[23.0182,39.5318],[23.0182,39.5307],[23.0214,39.5286],[23.0255,39.5286],[23.0266,39.5276],[23.0328,39.5276],[23.0339,39.5286],[23.0349,39.5286],[23.0359,39.5276],[23.038,39.5276],[23.037,39.5286],[23.0391,39.5301],[23.0474,39.5303],[23.0505,39.5299],[23.0547,39.5279],[23.057,39.5255],[23.0568,39.5245],[23.0547,39.5224],[23.056,39.5214],[23.0568,39.5214],[23.0578,39.5203],[23.0599,39.5203],[23.0609,39.5193],[23.063,39.5193],[23.0641,39.5182],[23.0661,39.5182],[23.0696,39.5151],[23.0703,39.5141],[23.0703,39.513],[23.0717,39.512],[23.0755,39.512],[23.0766,39.5111],[23.0776,39.5109],[23.0821,39.5068],[23.0839,39.5068],[23.088,39.5036],[23.0891,39.5036],[23.0901,39.5026],[23.0922,39.5026],[23.0953,39.5005],[23.0964,39.5005],[23.0984,39.4974],[23.0995,39.4974],[23.1005,39.4984],[23.1016,39.4974],[23.1005,39.4964],[23.1005,39.4943],[23.1016,39.4932],[23.1016,39.4922],[23.1005,39.4911],[23.1039,39.488],[23.1047,39.488],[23.1057,39.487],[23.1057,39.4849],[23.1068,39.4839],[23.1078,39.4849],[23.1089,39.4839],[23.1078,39.4828],[23.1078,39.4818],[23.1099,39.4797],[23.1099,39.4776],[23.112,39.4755],[23.112,39.4745],[23.113,39.4734],[23.1134,39.4693],[23.1145,39.4672],[23.1159,39.4661],[23.118,39.462],[23.1202,39.4589],[23.1255,39.4525],[23.1276,39.4512],[23.1307,39.4505],[23.1328,39.4488],[23.1339,39.4487],[23.1349,39.4474],[23.1349,39.4464],[23.1396,39.4401],[23.1411,39.4396],[23.142,39.438],[23.1432,39.4372],[23.1484,39.4349],[23.1516,39.4318],[23.1526,39.4318],[23.1557,39.4286],[23.1557,39.4276],[23.1568,39.4266],[23.1567,39.4245],[23.1586,39.4224],[23.1599,39.4224],[23.1625,39.4203],[23.1626,39.4182],[23.1672,39.4147],[23.1682,39.4125],[23.1701,39.4109],[23.1713,39.4089],[23.1724,39.4081],[23.1734,39.4089],[23.1755,39.4068],[23.1766,39.4078],[23.1818,39.4078],[23.1839,39.4057],[23.1839,39.4047],[23.1832,39.4036],[23.1849,39.4036],[23.188,39.4005],[23.1891,39.4016],[23.1901,39.4016],[23.1943,39.3995],[23.1955,39.3984],[23.1964,39.3943],[23.1953,39.3932],[23.1953,39.3911],[23.1964,39.3904],[23.1964,39.3911],[23.1974,39.3922],[23.1984,39.3911],[23.1974,39.3901],[23.1966,39.3901],[23.1964,39.388],[23.1948,39.387],[23.1949,39.3859],[23.1974,39.3828],[23.1974,39.3821],[23.1984,39.3828],[23.1995,39.3828],[23.2016,39.3849],[23.2026,39.3839],[23.2026,39.3828],[23.2036,39.3839],[23.2047,39.3828],[23.2036,39.3818],[23.203,39.3776],[23.2047,39.3755],[23.2057,39.3755],[23.2068,39.3745],[23.2068,39.3703],[23.2057,39.3693],[23.2078,39.3672],[23.2078,39.3654],[23.2099,39.3651],[23.2109,39.3661],[23.212,39.3651],[23.2141,39.3651],[23.2151,39.3641],[23.2154,39.362],[23.2161,39.3609],[23.2172,39.3609],[23.2193,39.3578],[23.2203,39.3574],[23.2214,39.3589],[23.2224,39.3589],[23.2234,39.3578],[23.2234,39.3568],[23.2224,39.3557],[23.2224,39.3547],[23.2234,39.3536],[23.2234,39.3526],[23.2224,39.3516],[23.2245,39.3516],[23.2266,39.3496],[23.2286,39.3495],[23.23,39.3484],[23.2297,39.3474],[23.2328,39.3474],[23.2349,39.3453],[23.2349,39.3443],[23.2339,39.3432],[23.2339,39.3422],[23.237,39.3425],[23.2391,39.3402],[23.2443,39.3401],[23.2453,39.3391],[23.2453,39.3382],[23.2495,39.338],[23.2516,39.3359],[23.2547,39.3359],[23.2557,39.3354],[23.2568,39.334],[23.2578,39.3339],[23.2613,39.3307],[23.2612,39.3286],[23.263,39.3266],[23.263,39.326],[23.2651,39.3245],[23.2661,39.3245],[23.2672,39.3234],[23.2693,39.3234],[23.2703,39.3224],[23.2695,39.3214],[23.2703,39.3193],[23.2714,39.3203],[23.2724,39.3203],[23.2734,39.3193],[23.2734,39.3182],[23.2725,39.3172],[23.2737,39.3161],[23.2755,39.3161],[23.2776,39.313],[23.277,39.3109],[23.2776,39.3099],[23.2776,39.3063],[23.2786,39.3068],[23.2807,39.3047],[23.2797,39.3036],[23.2786,39.3047],[23.2779,39.3047],[23.2776,39.3026],[23.2779,39.3016],[23.2776,39.3005],[23.2766,39.2995],[23.2766,39.298],[23.277,39.2974],[23.2768,39.2964],[23.2797,39.2932],[23.2807,39.2932],[23.2818,39.2922],[23.2828,39.2922],[23.287,39.288],[23.2859,39.2866],[23.2859,39.2849],[23.2849,39.2839],[23.2843,39.2839],[23.2859,39.2818],[23.2859,39.2807],[23.2839,39.2782],[23.2839,39.2769],[23.2849,39.2751],[23.2885,39.2714],[23.2901,39.2709],[23.2917,39.2693],[23.2918,39.2682],[23.3002,39.2609],[23.3018,39.2599],[23.3026,39.2599],[23.3036,39.2586],[23.3068,39.2568],[23.3077,39.2557],[23.3099,39.2557],[23.313,39.2526],[23.3131,39.2505],[23.3161,39.2491],[23.3166,39.2484],[23.3161,39.2474],[23.3193,39.2453],[23.3186,39.2443],[23.3203,39.2422],[23.3193,39.2408],[23.3193,39.2401],[23.3175,39.238],[23.3179,39.237],[23.3191,39.2359],[23.3203,39.2359],[23.3214,39.2344],[23.3224,39.2349],[23.3234,39.2339],[23.3232,39.2318],[23.3266,39.2278],[23.3286,39.2276],[23.3297,39.2266],[23.3307,39.2266],[23.3328,39.2247],[23.3328,39.2255],[23.3339,39.2266],[23.3349,39.2255],[23.3339,39.2245],[23.3331,39.2245],[23.3331,39.2224],[23.332,39.2214],[23.3328,39.2214],[23.3339,39.2203],[23.3339,39.2193],[23.3349,39.2193],[23.3359,39.2182],[23.3332,39.2151],[23.3331,39.2141],[23.3339,39.213],[23.3339,39.212],[23.3373,39.2089],[23.337,39.2078],[23.338,39.2068],[23.3374,39.2057],[23.338,39.2044],[23.3437,39.1995],[23.3445,39.1974],[23.3446,39.1943],[23.3464,39.1938],[23.3505,39.1916],[23.3516,39.1901],[23.3526,39.187],[23.3526,39.1859],[23.3517,39.1849],[23.3516,39.1807],[23.3505,39.1797],[23.3498,39.1797],[23.3484,39.1775],[23.3484,39.1755],[23.3474,39.1745],[23.3464,39.1745],[23.3464,39.1724],[23.3453,39.1703],[23.3432,39.1682],[23.3411,39.1672],[23.3397,39.1672],[23.3401,39.1661],[23.338,39.1641],[23.3366,39.1641],[23.337,39.162],[23.3352,39.1589],[23.3312,39.1578],[23.3307,39.1568],[23.3318,39.1557],[23.3307,39.1543],[23.3297,39.1536],[23.3266,39.1536],[23.3255,39.1526],[23.3255,39.1514],[23.3261,39.1505],[23.3245,39.1484],[23.3224,39.1484],[23.3214,39.1493],[23.3214,39.1484],[23.3203,39.1474],[23.3189,39.1474],[23.3182,39.146],[23.3172,39.146],[23.3151,39.1443],[23.313,39.1448],[23.312,39.1432],[23.3099,39.1432],[23.3089,39.1422],[23.3078,39.1422],[23.3078,39.1401],[23.3089,39.1391],[23.3078,39.1379],[23.3057,39.1377],[23.3047,39.1391],[23.3047,39.1401],[23.3041,39.1401],[23.303,39.1391],[23.3036,39.1391],[23.3047,39.138],[23.3036,39.137],[23.3026,39.138],[23.3026,39.1388],[23.2984,39.1388],[23.2964,39.137],[23.2943,39.1365],[23.2932,39.1367],[23.2922,39.138],[23.2932,39.1391],[23.2939,39.1391],[23.2932,39.1398],[23.2922,39.1391],[23.2911,39.1391],[23.2922,39.138],[23.2911,39.1367],[23.2901,39.1368],[23.2891,39.138],[23.2863,39.138],[23.2849,39.137],[23.2839,39.137],[23.2818,39.1348],[23.2807,39.1348],[23.2797,39.1359],[23.2807,39.137],[23.2814,39.137],[23.2776,39.137],[23.2766,39.138],[23.2766,39.137],[23.2755,39.1359],[23.2745,39.1358],[23.2734,39.137],[23.2745,39.138],[23.2745,39.1388],[23.2713,39.1391],[23.2641,39.1348],[23.2636,39.1339],[23.2651,39.1328],[23.2641,39.1318],[23.263,39.1328],[23.263,39.1334],[23.262,39.1328],[23.2599,39.1328],[23.2589,39.1318],[23.2583,39.1318],[23.2589,39.1318],[23.2599,39.1307],[23.2599,39.1297],[23.2589,39.1283],[23.2495,39.1231],[23.2484,39.1232],[23.2474,39.1245],[23.2474,39.1251],[23.2453,39.1255],[23.2422,39.1228],[23.2391,39.1232],[23.2297,39.1228],[23.2255,39.1245],[23.2245,39.1255],[23.2255,39.1266],[23.2224,39.1297],[23.2234,39.1307],[23.2217,39.1307],[23.2208,39.1297],[23.2214,39.1286],[23.2203,39.1276],[23.2203,39.1266],[23.2161,39.1234],[23.2141,39.1237],[23.2109,39.1203],[23.2099,39.1203],[23.2094,39.1182],[23.2141,39.1182],[23.2161,39.1165],[23.2214,39.1161],[23.2266,39.1135],[23.2276,39.1142],[23.2293,39.1109],[23.2292,39.1099],[23.2273,39.1078],[23.2214,39.1042],[23.2099,39.0995],[23.2089,39.0999],[23.2068,39.0995],[23.2036,39.1016],[23.2029,39.1016],[23.2026,39.1005],[23.2016,39.0995],[23.2047,39.0964],[23.2057,39.0974],[23.2068,39.097],[23.2077,39.0953],[23.2074,39.0943],[23.2057,39.0929],[23.2036,39.0929],[23.2026,39.0943],[23.2016,39.0943],[23.2005,39.0932],[23.1984,39.0929],[23.1981,39.0932],[23.1974,39.0943],[23.1984,39.0953],[23.1984,39.0964],[23.1974,39.0974],[23.1974,39.0984],[23.1984,39.0995],[23.1974,39.1005],[23.1974,39.1026],[23.1964,39.1026],[23.1945,39.1005],[23.1943,39.0996],[23.1901,39.0996],[23.188,39.1016],[23.186,39.0995],[23.1849,39.0993],[23.1828,39.1014],[23.1828,39.1005],[23.1818,39.0994],[23.1797,39.0984],[23.1755,39.098],[23.1714,39.0964],[23.1661,39.0964],[23.1661,39.0953],[23.1641,39.0932],[23.163,39.0943],[23.163,39.0932],[23.1641,39.0922],[23.1641,39.0911],[23.1651,39.0901],[23.1644,39.0891],[23.163,39.0883],[23.1578,39.0875],[23.1557,39.0877],[23.1547,39.0882],[23.1536,39.0901],[23.1547,39.0911],[23.1529,39.0911],[23.1526,39.09],[23.1463,39.0901],[23.1452,39.0922],[23.1464,39.0932],[23.147,39.0932],[23.1464,39.095],[23.1453,39.095],[23.1453,39.0943],[23.1432,39.092],[23.1422,39.092],[23.1411,39.0907],[23.137,39.0903],[23.1348,39.088],[23.133,39.087],[23.1327,39.0849],[23.1307,39.0832],[23.1266,39.0829],[23.1255,39.0825],[23.1234,39.0805],[23.1214,39.0807],[23.1203,39.0818],[23.1214,39.0828],[23.1221,39.0828],[23.1214,39.0828],[23.1203,39.0839],[23.1193,39.0828],[23.1182,39.0839],[23.1161,39.0839],[23.1151,39.0828],[23.113,39.0821],[23.1078,39.0841],[23.1047,39.0847],[23.1025,39.0859],[23.0992,39.0859],[23.0953,39.0842],[23.088,39.0839],[23.0807,39.0821],[23.0724,39.0828],[23.0714,39.0839],[23.0724,39.0849],[23.073,39.0849],[23.0724,39.0849],[23.0714,39.0859],[23.0714,39.0875],[23.0701,39.0891],[23.0693,39.0891],[23.0682,39.0901],[23.0672,39.0901],[23.0661,39.0891],[23.0651,39.0891],[23.0641,39.0901],[23.0641,39.0911],[23.0634,39.0911],[23.0641,39.0901],[23.063,39.0891],[23.062,39.0901],[23.0589,39.0901],[23.0578,39.0911],[23.0578,39.0922],[23.0589,39.0932],[23.0578,39.094],[23.0568,39.0932],[23.0526,39.0932],[23.0516,39.0943],[23.0505,39.0943],[23.0495,39.0953],[23.0495,39.0964],[23.0516,39.0984],[23.0505,39.0984],[23.0495,39.0995],[23.0516,39.1016],[23.0526,39.1016],[23.0526,39.1026],[23.0536,39.1036],[23.0536,39.1057],[23.0578,39.1099],[23.0609,39.1099],[23.063,39.113],[23.063,39.1141],[23.0641,39.1151],[23.0641,39.1161],[23.0651,39.1172],[23.0669,39.1172],[23.0641,39.1193],[23.0641,39.1224],[23.0651,39.1234],[23.0651,39.1276],[23.0661,39.1286],[23.0672,39.1286],[23.0661,39.1286],[23.0651,39.1297],[23.0646,39.1339],[23.0649,39.1359],[23.0661,39.137],[23.0672,39.1364],[23.0672,39.138],[23.0693,39.1401],[23.0714,39.1401],[23.0724,39.1411],[23.0734,39.1411],[23.0734,39.1422],[23.0745,39.1432],[23.0755,39.1432],[23.0807,39.1484],[23.0818,39.1484],[23.0828,39.1474],[23.0828,39.1449],[23.0849,39.1453],[23.087,39.1484],[23.0884,39.1474],[23.0922,39.1474],[23.0932,39.1464],[23.0932,39.1432],[23.0953,39.1432],[23.0953,39.1443],[23.0995,39.1484],[23.0995,39.1495],[23.1005,39.1505],[23.1005,39.1516],[23.1016,39.1526],[23.1026,39.1526],[23.1016,39.1536],[23.1047,39.1565],[23.1036,39.1578],[23.1068,39.1609],[23.1089,39.1609],[23.1099,39.1599],[23.1099,39.1568],[23.1078,39.1547],[23.1061,39.1547],[23.1078,39.1526],[23.1078,39.1516],[23.1109,39.1516],[23.112,39.1526],[23.113,39.1526],[23.1141,39.1516],[23.1141,39.1505],[23.1157,39.1495],[23.1157,39.1484],[23.115,39.1474],[23.1141,39.1469],[23.1136,39.1474],[23.1109,39.1474],[23.1109,39.1464],[23.1099,39.1453],[23.1099,39.1443],[23.1109,39.1453],[23.112,39.1453],[23.113,39.1443],[23.113,39.1432],[23.1141,39.1443],[23.1152,39.1432],[23.1151,39.1411],[23.1141,39.1401],[23.113,39.1411],[23.113,39.1401],[23.1112,39.138],[23.113,39.138],[23.1141,39.1391],[23.1151,39.1391],[23.1161,39.138],[23.1172,39.1391],[23.1182,39.138],[23.1161,39.1359],[23.1172,39.1349],[23.1182,39.1349],[23.1193,39.1359],[23.1224,39.1363],[23.125,39.1349],[23.1255,39.1336],[23.1266,39.1338],[23.1272,39.1328],[23.127,39.1318],[23.1255,39.1315],[23.1234,39.1294],[23.1231,39.1297],[23.1234,39.1304],[23.1244,39.1307],[23.1234,39.1311],[23.1201,39.1297],[23.1209,39.1286],[23.1176,39.1224],[23.1183,39.1214],[23.1175,39.1203],[23.1176,39.1193],[23.1151,39.1156],[23.113,39.1141],[23.1099,39.1126],[23.1078,39.1125],[23.1047,39.1132],[23.1036,39.1151],[23.1019,39.1151],[23.1026,39.1151],[23.1036,39.1141],[23.1016,39.112],[23.1016,39.1109],[23.1039,39.1099],[23.1033,39.1089],[23.1005,39.1068],[23.0984,39.1068],[23.0974,39.1057],[23.0964,39.1068],[23.0964,39.1047],[23.0974,39.1036],[23.0974,39.1005],[23.0947,39.0974],[23.0964,39.0974],[23.0984,39.0995],[23.1026,39.0995],[23.1047,39.1016],[23.1057,39.1005],[23.1099,39.1005],[23.1099,39.1016],[23.1141,39.1057],[23.1161,39.1057],[23.1193,39.1078],[23.1203,39.1068],[23.1266,39.113],[23.1286,39.113],[23.1297,39.112],[23.1297,39.1109],[23.1307,39.1112],[23.1307,39.113],[23.1328,39.1151],[23.1339,39.1151],[23.138,39.1193],[23.1391,39.1193],[23.1391,39.1203],[23.138,39.1214],[23.1391,39.1224],[23.1401,39.1214],[23.1411,39.1214],[23.1422,39.1224],[23.1432,39.1224],[23.1443,39.1214],[23.1474,39.1214],[23.1484,39.1203],[23.1547,39.1203],[23.1557,39.1198],[23.1557,39.1214],[23.1547,39.1224],[23.1526,39.1224],[23.1505,39.1245],[23.1502,39.1266],[23.1495,39.1266],[23.1484,39.1276],[23.1474,39.1276],[23.1464,39.1266],[23.1453,39.1276],[23.1505,39.1328],[23.1516,39.1328],[23.1526,39.1318],[23.1547,39.1318],[23.1589,39.1276],[23.1589,39.1269],[23.1599,39.1267],[23.1609,39.1276],[23.162,39.1276],[23.163,39.1286],[23.1651,39.1286],[23.1682,39.1256],[23.1703,39.1266],[23.1714,39.1266],[23.1724,39.1256],[23.1745,39.1266],[23.1755,39.1266],[23.1768,39.1276],[23.1773,39.1286],[23.1724,39.1339],[23.1724,39.1349],[23.1745,39.137],[23.1745,39.138],[23.1755,39.1391],[23.1766,39.1391],[23.1773,39.1401],[23.1755,39.1422],[23.1755,39.1443],[23.1745,39.1453],[23.1734,39.1443],[23.1724,39.1453],[23.1734,39.1464],[23.1734,39.1495],[23.1745,39.1505],[23.1734,39.1516],[23.1745,39.1526],[23.1734,39.1536],[23.1734,39.1549],[23.1745,39.1557],[23.1755,39.1547],[23.1763,39.1547],[23.1766,39.1557],[23.1776,39.1568],[23.1786,39.1568],[23.1797,39.1561],[23.1797,39.1568],[23.1807,39.1578],[23.1807,39.1589],[23.1828,39.1609],[23.1859,39.1578],[23.1843,39.1557],[23.1849,39.1557],[23.1859,39.1568],[23.1875,39.1568],[23.1891,39.1589],[23.1891,39.1599],[23.1901,39.1609],[23.1932,39.1609],[23.1943,39.1599],[23.1947,39.1578],[23.1937,39.1557],[23.1922,39.1542],[23.1905,39.1536],[23.1922,39.1536],[23.1932,39.1526],[23.1932,39.1516],[23.1943,39.1516],[23.1953,39.1505],[23.1966,39.1505],[23.1953,39.1516],[23.1953,39.1526],[23.1964,39.1536],[23.1964,39.1557],[23.1974,39.1568],[23.1999,39.1568],[23.2026,39.1587],[23.2026,39.1614],[23.2021,39.162],[23.2026,39.1636],[23.2033,39.162],[23.2049,39.162],[23.2047,39.1651],[23.2057,39.1661],[23.2057,39.1693],[23.2068,39.1703],[23.2057,39.1714],[23.2068,39.1724],[23.2078,39.1714],[23.2099,39.1714],[23.2109,39.1703],[23.2109,39.162],[23.2099,39.1609],[23.2099,39.1589],[23.2094,39.1578],[23.2099,39.1568],[23.2089,39.1557],[23.2078,39.1554],[23.2057,39.1557],[23.2047,39.1547],[23.2036,39.1547],[23.2036,39.1536],[23.2026,39.1526],[23.2012,39.1526],[23.2016,39.1516],[23.2005,39.1505],[23.1995,39.151],[23.1983,39.1505],[23.1986,39.1474],[23.1995,39.1474],[23.2016,39.1456],[23.2026,39.1458],[23.2047,39.1448],[23.2057,39.1464],[23.2074,39.1464],[23.2087,39.1474],[23.2089,39.1484],[23.2099,39.1495],[23.2109,39.1495],[23.212,39.1482],[23.213,39.1483],[23.2138,39.1495],[23.2144,39.1526],[23.213,39.1526],[23.2109,39.1547],[23.2109,39.1589],[23.212,39.1599],[23.212,39.1609],[23.2172,39.1661],[23.2182,39.168],[23.2188,39.1714],[23.2209,39.1755],[23.2193,39.1776],[23.2193,39.1797],[23.2203,39.1807],[23.221,39.1807],[23.2182,39.1828],[23.2182,39.1839],[23.2172,39.1849],[23.2182,39.1859],[23.2161,39.1899],[23.2151,39.1898],[23.2151,39.1891],[23.212,39.1856],[23.2112,39.1859],[23.2108,39.187],[23.2115,39.188],[23.2109,39.1891],[23.212,39.1901],[23.2089,39.1928],[23.2057,39.1932],[23.2026,39.1964],[23.2021,39.1974],[23.2016,39.1974],[23.2005,39.1984],[23.1995,39.1984],[23.1964,39.196],[23.1961,39.1964],[23.1968,39.1974],[23.1964,39.1979],[23.1953,39.1975],[23.1943,39.1995],[23.1953,39.2005],[23.1953,39.2036],[23.1935,39.2036],[23.1932,39.2029],[23.1927,39.2036],[23.1932,39.2047],[23.1922,39.2057],[23.1911,39.2047],[23.1901,39.2057],[23.1911,39.2068],[23.1901,39.2068],[23.1891,39.2078],[23.1891,39.2109],[23.188,39.212],[23.1878,39.2141],[23.1856,39.2182],[23.1857,39.2224],[23.1821,39.2255],[23.1807,39.2255],[23.1797,39.2266],[23.1776,39.2266],[23.1766,39.2276],[23.1776,39.2286],[23.1774,39.2297],[23.1783,39.2307],[23.1776,39.2339],[23.1783,39.2349],[23.1766,39.2366],[23.1766,39.2359],[23.1755,39.2349],[23.1745,39.2359],[23.1755,39.237],[23.1761,39.237],[23.1766,39.2391],[23.1797,39.2422],[23.1797,39.2432],[23.1814,39.2453],[23.1812,39.2484],[23.1806,39.2495],[23.1786,39.2495],[23.1776,39.2505],[23.1776,39.2526],[23.1766,39.2536],[23.1755,39.2543],[23.1755,39.2536],[23.1745,39.2526],[23.1734,39.2536],[23.1745,39.2547],[23.1751,39.2547],[23.1745,39.2568],[23.1724,39.2599],[23.1703,39.2599],[23.1693,39.2589],[23.1682,39.2587],[23.1658,39.2589],[23.1651,39.2599],[23.1661,39.2609],[23.1661,39.262],[23.1651,39.263],[23.1661,39.2641],[23.1661,39.2672],[23.1641,39.2703],[23.1641,39.2714],[23.163,39.2714],[23.162,39.2703],[23.1609,39.2701],[23.1599,39.2714],[23.1609,39.2724],[23.1599,39.2734],[23.1589,39.2734],[23.1568,39.2755],[23.1567,39.2776],[23.1547,39.2776],[23.1536,39.2766],[23.1522,39.2766],[23.1474,39.2828],[23.1478,39.2839],[23.1474,39.2846],[23.1436,39.287],[23.1427,39.2891],[23.1401,39.2891],[23.138,39.2904],[23.1339,39.2901],[23.1328,39.2891],[23.1318,39.2901],[23.1328,39.2911],[23.1318,39.2911],[23.131,39.2901],[23.1303,39.2901],[23.1286,39.2922],[23.1297,39.2932],[23.1286,39.2932],[23.1255,39.2958],[23.1245,39.2943],[23.1234,39.2953],[23.125,39.2964],[23.1234,39.297],[23.1234,39.2964],[23.1223,39.2953],[23.1214,39.2964],[23.1224,39.2974],[23.1231,39.2974],[23.1232,39.2995],[23.1224,39.3005],[23.1224,39.3018],[23.1214,39.3036],[23.1203,39.3042],[23.1161,39.3043],[23.1141,39.3057],[23.112,39.3063],[23.1109,39.3057],[23.1099,39.3064],[23.1099,39.3057],[23.1089,39.3047],[23.1076,39.3057],[23.1094,39.3068],[23.1089,39.3078],[23.1057,39.3085],[23.1047,39.3062],[23.1026,39.3051],[23.1007,39.3057],[23.1005,39.3075],[23.0995,39.3074],[23.0995,39.3068],[23.1005,39.3057],[23.1005,39.3047],[23.0995,39.3036],[23.0974,39.3057],[23.0964,39.3057],[23.0953,39.3068],[23.0953,39.3088],[23.0943,39.3094],[23.0932,39.3075],[23.0922,39.3072],[23.0901,39.3073],[23.0896,39.3078],[23.0891,39.3089],[23.0901,39.3099],[23.088,39.3099],[23.087,39.3089],[23.0859,39.3099],[23.0839,39.3099],[23.0828,39.3089],[23.0818,39.3099],[23.0828,39.3109],[23.0797,39.3109],[23.0766,39.3137],[23.0766,39.313],[23.0755,39.312],[23.0745,39.3118],[23.0734,39.313],[23.0745,39.3141],[23.0752,39.3141],[23.0734,39.3148],[23.0724,39.3141],[23.0714,39.3117],[23.0693,39.31],[23.0672,39.3095],[23.0661,39.3086],[23.0651,39.3085],[23.0641,39.3099],[23.0641,39.3106],[23.063,39.3099],[23.0599,39.3099],[23.0589,39.3106],[23.0568,39.3099],[23.0547,39.3099],[23.0536,39.3109],[23.0526,39.3109],[23.0516,39.3099],[23.0505,39.3109],[23.0516,39.312],[23.0505,39.3127],[23.0499,39.3109],[23.0495,39.3106],[23.0489,39.3109],[23.0484,39.312],[23.0495,39.313],[23.05,39.313],[23.0484,39.313],[23.0474,39.3114],[23.0453,39.3114],[23.0443,39.3116],[23.0432,39.3137],[23.0411,39.313],[23.0391,39.3135],[23.038,39.313],[23.0349,39.313],[23.0328,39.3136],[23.0307,39.3135],[23.0298,39.3141],[23.0255,39.3141],[23.0245,39.3127],[23.0224,39.312],[23.0203,39.3124],[23.0192,39.3141],[23.0203,39.3154],[23.0193,39.3151],[23.0167,39.3182],[23.0156,39.3182],[23.0161,39.3172],[23.0151,39.316],[23.0141,39.3156],[23.0125,39.3172],[23.0141,39.3193],[23.0141,39.3235],[23.013,39.3255],[23.0129,39.3276],[23.012,39.3276],[23.0109,39.3286],[23.0109,39.3307],[23.0117,39.3318],[23.0113,39.3328],[23.013,39.3356],[23.012,39.3373],[23.0109,39.3384],[23.0099,39.3386],[23.0089,39.3366],[23.0036,39.3345]],[[23.0016,39.04],[23.0027,39.038]],[[23.0005,39.0225],[23.0016,39.023],[23.003,39.0245],[23.0056,39.0286],[23.0078,39.0297],[23.0109,39.0289],[23.0141,39.0255],[23.0151,39.0255],[23.0161,39.0245],[23.0161,39.0266],[23.0182,39.0286],[23.0193,39.0276],[23.0203,39.0276],[23.0245,39.0318],[23.0245,39.0339],[23.0234,39.0349],[23.0245,39.0359],[23.0255,39.0349],[23.0286,39.0349],[23.0297,39.0359],[23.0318,39.0359],[23.0349,39.038],[23.0359,39.037],[23.037,39.038],[23.038,39.038],[23.0391,39.0373],[23.0401,39.038],[23.0464,39.038],[23.0474,39.0391],[23.0474,39.0401],[23.0484,39.0414],[23.0495,39.0413],[23.0505,39.0401],[23.0495,39.0391],[23.0516,39.0391],[23.0526,39.0401],[23.0536,39.0391],[23.0526,39.038],[23.0547,39.038],[23.0557,39.0391],[23.0589,39.0391],[23.0599,39.0391],[23.0609,39.038],[23.062,39.038],[23.0651,39.0401],[23.0661,39.0391],[23.0672,39.0391],[23.0682,39.0384],[23.0682,39.0391],[23.0693,39.0401],[23.0706,39.0391],[23.0708,39.038],[23.0704,39.0359],[23.0695,39.0349],[23.0699,39.0339],[23.0696,39.0307],[23.0682,39.0291],[23.0672,39.0292],[23.0665,39.0286],[23.0676,39.0276],[23.0672,39.0272],[23.0661,39.0284],[23.0641,39.0276],[23.062,39.0276],[23.063,39.0266],[23.063,39.0245],[23.0644,39.0234],[23.0645,39.0224],[23.0641,39.0214],[23.062,39.0193],[23.0609,39.0193],[23.0578,39.0172],[23.0578,39.0161],[23.0589,39.0151],[23.0589,39.0141],[23.0578,39.013],[23.0568,39.0124],[23.0536,39.0122],[23.0474,39.0156],[23.0464,39.0179],[23.0443,39.0179],[23.0436,39.0172],[23.0443,39.0172],[23.0453,39.0161],[23.0443,39.0151],[23.0432,39.0161],[23.0432,39.0169],[23.0411,39.0169],[23.0401,39.0161],[23.0391,39.0168],[23.038,39.0169],[23.037,39.0161],[23.0353,39.0161],[23.0359,39.0161],[23.037,39.0151],[23.0349,39.0129],[23.0307,39.0126],[23.0297,39.0141],[23.0302,39.0151],[23.0297,39.0151],[23.0286,39.0141],[23.0276,39.0147],[23.0276,39.0141],[23.0266,39.013],[23.0266,39.012],[23.0248,39.0099],[23.0255,39.0099],[23.0266,39.0089],[23.0255,39.0078],[23.0245,39.0089],[23.0245,39.0095],[23.0234,39.0084],[23.0234,39.0068],[23.0246,39.0057],[23.0238,39.0036],[23.0224,39.0024],[23.0214,39.0026],[23.0203,39.0036],[23.0203,39.0043],[23.0203,39.0036],[23.0186,39.0016],[23.0193,39.0016]],[[23.0713,39.0005],[23.0703,39.0012],[23.0661,39.002],[23.0655,39.0026],[23.0651,39.0036],[23.0666,39.0057],[23.0651,39.0057],[23.0641,39.0047],[23.0634,39.0047],[23.0643,39.0036],[23.0641,39.0034],[23.063,39.0045],[23.0604,39.0047],[23.0589,39.0058],[23.0578,39.006],[23.0564,39.0078],[23.0578,39.008],[23.0609,39.0109],[23.0672,39.0109],[23.0682,39.0099],[23.0714,39.0099],[23.0734,39.012],[23.0745,39.012],[23.0755,39.013],[23.0766,39.012],[23.0755,39.0109],[23.0766,39.0109],[23.0776,39.012],[23.0797,39.011],[23.0802,39.0078],[23.0826,39.0047],[23.0828,39.0036],[23.084,39.0026],[23.0839,39.0017],[23.0828,39.0036],[23.0811,39.0016],[23.0797,39.0016],[23.0778,39.0005]],[[23.1307,39.0089],[23.1359,39.0091],[23.1484,39.0081],[23.1505,39.0086],[23.1536,39.0102],[23.1557,39.0105],[23.1589,39.0093],[23.1672,39.0089],[23.1703,39.0082],[23.1755,39.0079],[23.1818,39.0044],[23.188,39.005],[23.1922,39.0048],[23.1974,39.0057],[23.2036,39.0052],[23.2057,39.006],[23.2057,39.0068],[23.2068,39.0078],[23.2094,39.0089],[23.2109,39.0111],[23.2109,39.012],[23.212,39.0131],[23.212,39.0141],[23.213,39.0151],[23.2151,39.0154],[23.2172,39.0164],[23.2214,39.0193],[23.229,39.0224],[23.237,39.0248],[23.2495,39.0243],[23.2516,39.0249],[23.2547,39.0242],[23.2651,39.0306],[23.2682,39.0335],[23.2755,39.0344],[23.2775,39.038],[23.2797,39.0391],[23.2828,39.0391],[23.288,39.0381],[23.2901,39.0386],[23.2922,39.0397],[23.2953,39.0394],[23.3026,39.0401],[23.3047,39.0393],[23.3068,39.0392],[23.3109,39.0402],[23.313,39.0395],[23.3193,39.0391],[23.3203,39.0379],[23.3227,39.037],[23.3249,39.0349],[23.327,39.0318],[23.3286,39.0307],[23.3321,39.0245],[23.3359,39.0193],[23.338,39.0175],[23.3401,39.0168],[23.3422,39.0182],[23.3432,39.0172],[23.3432,39.0159],[23.3443,39.0161],[23.3453,39.0172],[23.3484,39.0172],[23.3495,39.0161],[23.3485,39.0141],[23.3496,39.013],[23.3505,39.013],[23.3516,39.012],[23.3516,39.0112],[23.3547,39.01],[23.3578,39.0099],[23.3589,39.0109],[23.3609,39.0109],[23.3632,39.0089],[23.3672,39.0089],[23.3682,39.008],[23.3693,39.0089],[23.3714,39.0089],[23.3724,39.0078],[23.3766,39.0078],[23.3807,39.0041],[23.3818,39.0005]],[[23.8995,39.9599],[23.8984,39.9599],[23.8974,39.9609],[23.8974,39.962],[23.8984,39.962],[23.8984,39.963],[23.8995,39.9641],[23.9005,39.9641],[23.9016,39.963],[23.9016,39.962]],[[23.9984,39.2202],[23.9984,39.2209],[23.9989,39.2203]],[[23.8661,39.1974],[23.8609,39.1974],[23.8586,39.2005],[23.8589,39.2036],[23.8599,39.2047],[23.8641,39.2047],[23.8661,39.2016],[23.8655,39.2005],[23.8672,39.1984]],[[23.8661,39.1889],[23.8651,39.1886],[23.8626,39.1891],[23.863,39.1932],[23.8641,39.1943],[23.8672,39.1943],[23.8682,39.1932],[23.8672,39.1922],[23.8672,39.1911],[23.8682,39.1901],[23.8672,39.1891]],[[23.0578,39.1724],[23.0568,39.1734],[23.0557,39.1734],[23.0547,39.1749],[23.0536,39.1752],[23.0536,39.1745],[23.0526,39.1734],[23.0516,39.1742],[23.0505,39.1755],[23.0516,39.1766],[23.0516,39.1782],[23.0495,39.1776],[23.0484,39.1783],[23.0478,39.1776],[23.0484,39.1776],[23.0505,39.1755],[23.0495,39.1745],[23.0484,39.1755],[23.0474,39.1755],[23.0463,39.1766],[23.0495,39.1807],[23.0505,39.1807],[23.0516,39.1818],[23.0526,39.1818],[23.0526,39.1828],[23.0536,39.1839],[23.0557,39.1839],[23.0568,39.1849],[23.0585,39.1839],[23.0587,39.1828],[23.0584,39.1807],[23.0589,39.1797],[23.0568,39.1776],[23.0568,39.1766],[23.0578,39.1755],[23.0578,39.1745],[23.0589,39.1734]],[[23.5214,39.1649],[23.5182,39.1651],[23.5172,39.1661],[23.5182,39.1672],[23.5182,39.1724],[23.5203,39.1745],[23.5224,39.1745],[23.5234,39.1734],[23.5245,39.1745],[23.5262,39.1734],[23.527,39.1724],[23.5271,39.1703],[23.5251,39.1661]],[[23.9818,39.1609],[23.9797,39.1609],[23.9786,39.162],[23.9797,39.163],[23.9805,39.163],[23.9786,39.163],[23.9755,39.1661],[23.9737,39.1641],[23.9745,39.1641],[23.9755,39.163],[23.9735,39.1609],[23.9682,39.1609],[23.9661,39.163],[23.9672,39.1641],[23.9679,39.1641],[23.9672,39.1651],[23.9672,39.1661],[23.9661,39.1672],[23.9661,39.1682],[23.9672,39.1693],[23.9672,39.1703],[23.9651,39.1682],[23.9641,39.1679],[23.9641,39.1661],[23.963,39.1651],[23.962,39.1651],[23.9609,39.1661],[23.9599,39.1659],[23.9599,39.1651],[23.9609,39.1641],[23.9609,39.163],[23.9599,39.1618],[23.9589,39.1617],[23.9578,39.1608],[23.9557,39.1609],[23.9547,39.162],[23.9557,39.163],[23.9565,39.163],[23.9547,39.163],[23.9536,39.162],[23.9526,39.163],[23.9547,39.1651],[23.9526,39.1651],[23.9516,39.1641],[23.9495,39.1641],[23.9484,39.1651],[23.9495,39.1661],[23.9495,39.1682],[23.9516,39.1703],[23.9497,39.1703],[23.9474,39.1682],[23.9464,39.1682],[23.9453,39.1693],[23.9464,39.1703],[23.9453,39.1703],[23.9443,39.1692],[23.9432,39.169],[23.9422,39.1703],[23.9432,39.1714],[23.9432,39.1724],[23.9422,39.1724],[23.9411,39.1714],[23.9401,39.1724],[23.9411,39.1734],[23.9411,39.1766],[23.9401,39.1766],[23.938,39.1797],[23.938,39.1818],[23.9422,39.1859],[23.9453,39.1859],[23.9464,39.1849],[23.9484,39.187],[23.9557,39.187],[23.9589,39.1891],[23.9599,39.1891],[23.9609,39.1901],[23.963,39.1897],[23.963,39.1911],[23.9641,39.1922],[23.9661,39.1922],[23.9672,39.1911],[23.9734,39.1911],[23.9766,39.1943],[23.9776,39.1944],[23.9776,39.1995],[23.9766,39.1995],[23.9755,39.1984],[23.9734,39.1984],[23.9724,39.1995],[23.9733,39.2005],[23.9724,39.2016],[23.9721,39.2047],[23.9706,39.2047],[23.9714,39.2036],[23.9703,39.2024],[23.9693,39.2026],[23.9682,39.2036],[23.9693,39.2047],[23.97,39.2047],[23.9693,39.2057],[23.9693,39.2068],[23.9682,39.2078],[23.9672,39.2068],[23.9661,39.2068],[23.9651,39.2078],[23.9672,39.2109],[23.9682,39.2109],[23.9661,39.2109],[23.9651,39.212],[23.9651,39.2128],[23.9651,39.212],[23.9641,39.2109],[23.963,39.212],[23.963,39.213],[23.9641,39.2141],[23.9641,39.217],[23.963,39.2172],[23.962,39.2161],[23.9609,39.2172],[23.962,39.2182],[23.962,39.2203],[23.963,39.2214],[23.9651,39.2214],[23.9661,39.2224],[23.9672,39.2224],[23.9672,39.2234],[23.9661,39.2245],[23.9682,39.2266],[23.9693,39.2266],[23.9682,39.2276],[23.9682,39.2328],[23.9693,39.2339],[23.9693,39.2349],[23.9703,39.2359],[23.9703,39.237],[23.9711,39.238],[23.9703,39.2391],[23.9724,39.2411],[23.9745,39.2391],[23.9755,39.2401],[23.9766,39.2401],[23.9797,39.2385],[23.9797,39.2367],[23.9807,39.2349],[23.9807,39.2328],[23.9786,39.2307],[23.9779,39.2307],[23.9797,39.2307],[23.9828,39.2328],[23.9839,39.2318],[23.9839,39.2245],[23.9831,39.2214],[23.9835,39.2182],[23.9828,39.2141],[23.9818,39.213],[23.9818,39.2093],[23.9859,39.212],[23.987,39.212],[23.987,39.213],[23.9859,39.2141],[23.9863,39.2151],[23.9891,39.2163],[23.9922,39.2161],[23.9953,39.213],[23.9953,39.2109],[23.9936,39.2089],[23.9932,39.2068],[23.9905,39.2016],[23.9898,39.1974],[23.9901,39.1932],[23.988,39.1911],[23.9859,39.1911],[23.9849,39.1911],[23.9828,39.1932],[23.982,39.1932],[23.9797,39.1901],[23.9849,39.1901],[23.9859,39.1911],[23.987,39.1901],[23.987,39.1895],[23.9891,39.188],[23.9901,39.1859],[23.9901,39.1807],[23.988,39.1753],[23.9859,39.1724],[23.9849,39.1724],[23.9839,39.1734],[23.9839,39.1703],[23.9849,39.1693],[23.9859,39.1703],[23.987,39.1693],[23.9859,39.1682],[23.987,39.1672],[23.9859,39.1661],[23.9859,39.1651],[23.987,39.1641],[23.987,39.163],[23.9859,39.1619]],[[23.187,39.1589],[23.1859,39.1589],[23.1849,39.1599],[23.1859,39.1609],[23.187,39.1609],[23.188,39.1599]],[[23.5161,39.1589],[23.5151,39.1599],[23.5151,39.1609],[23.5161,39.162],[23.5172,39.1609],[23.5172,39.1599]],[[23.4953,39.1575],[23.4943,39.1589],[23.4943,39.1609],[23.4953,39.162],[23.4974,39.1599],[23.4974,39.1589],[23.4964,39.1578]],[[23.0693,39.1483],[23.0672,39.1482],[23.0651,39.1502],[23.0651,39.1495],[23.0641,39.1484],[23.063,39.1495],[23.0651,39.151],[23.0651,39.1521],[23.0641,39.1536],[23.0641,39.1547],[23.0651,39.1557],[23.0641,39.1568],[23.0651,39.1578],[23.0672,39.1581],[23.0682,39.159],[23.0695,39.1589],[23.0702,39.1599],[23.0703,39.1609],[23.0693,39.1616],[23.0682,39.1609],[23.0672,39.1609],[23.0661,39.162],[23.0661,39.163],[23.0671,39.1641],[23.0672,39.1651],[23.0693,39.1672],[23.0729,39.1672],[23.0734,39.1685],[23.0755,39.1703],[23.0766,39.1703],[23.0776,39.1693],[23.0776,39.1682],[23.0766,39.1672],[23.0766,39.165],[23.0818,39.1672],[23.0855,39.1672],[23.087,39.1682],[23.088,39.1682],[23.0891,39.1673],[23.0901,39.1682],[23.0926,39.1682],[23.0943,39.1693],[23.0953,39.1682],[23.0953,39.1661],[23.0964,39.1651],[23.0956,39.1641],[23.0953,39.162],[23.0943,39.161],[23.0922,39.1609],[23.0911,39.162],[23.0911,39.1627],[23.0901,39.1617],[23.0901,39.1599],[23.0932,39.1578],[23.0932,39.1567],[23.0901,39.1547],[23.088,39.1547],[23.087,39.1557],[23.088,39.1568],[23.0888,39.1568],[23.0862,39.1578],[23.0852,39.1568],[23.0859,39.1568],[23.087,39.1557],[23.0859,39.1547],[23.0849,39.1557],[23.0849,39.1564],[23.0828,39.1536],[23.0818,39.1536],[23.0797,39.1516],[23.0786,39.1516],[23.0776,39.1526],[23.0769,39.1526],[23.0755,39.1516],[23.0737,39.1516],[23.0745,39.1505],[23.0724,39.1484]],[[23.5036,39.146],[23.4984,39.1462],[23.4974,39.1467],[23.4961,39.1484],[23.4974,39.1495],[23.4974,39.1505],[23.4984,39.1518],[23.5005,39.1535],[23.5026,39.1536],[23.5036,39.1529],[23.5036,39.1536],[23.5047,39.1547],[23.5057,39.1536],[23.5063,39.1484],[23.5047,39.1465]],[[23.5943,39.145],[23.5932,39.1443],[23.5911,39.1443],[23.5901,39.1453],[23.5899,39.1495],[23.5916,39.1495],[23.5914,39.1505],[23.5922,39.151],[23.5974,39.1512],[23.5976,39.1495],[23.5966,39.1484],[23.5958,39.1464]],[[23.1661,39.1432],[23.1641,39.1453],[23.1641,39.1464],[23.1651,39.1474],[23.1661,39.1474],[23.1672,39.1464],[23.1672,39.1443]],[[23.5203,39.1432],[23.5172,39.1453],[23.5172,39.1464],[23.5151,39.1484],[23.5151,39.1495],[23.513,39.1516],[23.513,39.1536],[23.5141,39.1547],[23.5151,39.1547],[23.5161,39.1557],[23.5172,39.1557],[23.5193,39.1578],[23.5203,39.1568],[23.5193,39.1557],[23.5193,39.1547],[23.5203,39.1557],[23.5214,39.1547],[23.5203,39.1536],[23.5203,39.1526],[23.5234,39.1505],[23.5224,39.1495],[23.5238,39.1474]],[[23.5266,39.1431],[23.5255,39.1432],[23.5245,39.1443],[23.5255,39.1453],[23.5263,39.1453],[23.5255,39.1464],[23.5255,39.1474],[23.5266,39.1484],[23.5307,39.1484],[23.5318,39.1495],[23.5328,39.1495],[23.5339,39.1485],[23.5339,39.1464],[23.5318,39.1443],[23.5286,39.1439]],[[23.4214,39.1339],[23.4193,39.1339],[23.4182,39.1349],[23.4182,39.136],[23.4193,39.137],[23.4214,39.137],[23.4224,39.1359],[23.4224,39.1349]],[[23.8547,39.1304],[23.8536,39.1297],[23.8526,39.1297],[23.8516,39.1305],[23.8495,39.1307],[23.8484,39.1318],[23.8484,39.1343],[23.8443,39.1391],[23.8422,39.1391],[23.8411,39.138],[23.8401,39.138],[23.838,39.1411],[23.8375,39.1411],[23.838,39.1401],[23.837,39.1391],[23.8349,39.1391],[23.8318,39.137],[23.8307,39.138],[23.8297,39.138],[23.8276,39.1401],[23.8276,39.1422],[23.8266,39.1432],[23.8266,39.1516],[23.8298,39.1557],[23.8349,39.1589],[23.8391,39.1599],[23.8432,39.1618],[23.8484,39.1619],[23.8505,39.1634],[23.8547,39.1702],[23.8568,39.1723],[23.8578,39.1724],[23.8589,39.1714],[23.8599,39.1714],[23.8609,39.1703],[23.8609,39.1693],[23.863,39.1687],[23.8641,39.1693],[23.8672,39.1693],[23.8682,39.1703],[23.8693,39.1703],[23.8693,39.1714],[23.8703,39.1724],[23.8724,39.1718],[23.8754,39.1734],[23.8755,39.1755],[23.8776,39.1776],[23.8783,39.1776],[23.8786,39.1787],[23.8782,39.1797],[23.8776,39.1807],[23.8755,39.1807],[23.8745,39.1797],[23.8714,39.1797],[23.8703,39.1807],[23.8724,39.1828],[23.8714,39.1828],[23.8703,39.1818],[23.8684,39.1828],[23.8682,39.187],[23.8703,39.1901],[23.8714,39.1891],[23.8734,39.1891],[23.8745,39.1901],[23.8745,39.1922],[23.8755,39.1932],[23.8755,39.1964],[23.8745,39.1964],[23.8734,39.1974],[23.8724,39.197],[23.8714,39.1984],[23.8703,39.1984],[23.8682,39.2005],[23.8672,39.2005],[23.8661,39.2016],[23.8682,39.2036],[23.8672,39.2047],[23.8672,39.2057],[23.8682,39.2068],[23.8693,39.2057],[23.8724,39.2057],[23.8734,39.2047],[23.8755,39.2047],[23.8776,39.2078],[23.8797,39.2078],[23.8807,39.2093],[23.8807,39.2109],[23.8797,39.212],[23.8807,39.213],[23.8818,39.213],[23.8839,39.2152],[23.8845,39.2161],[23.8839,39.2172],[23.8849,39.2182],[23.8859,39.2182],[23.8859,39.2193],[23.8839,39.2193],[23.8828,39.2203],[23.8828,39.2214],[23.8839,39.2224],[23.8849,39.2214],[23.8849,39.2224],[23.8859,39.2234],[23.8891,39.2226],[23.8922,39.2228],[23.8953,39.2255],[23.8995,39.2273],[23.9026,39.2297],[23.9047,39.23],[23.9057,39.2307],[23.9068,39.2307],[23.9078,39.2297],[23.9087,39.2297],[23.912,39.2328],[23.9127,39.2339],[23.912,39.2349],[23.913,39.238],[23.9141,39.2391],[23.9141,39.2401],[23.913,39.2411],[23.912,39.2401],[23.9109,39.2411],[23.9109,39.2432],[23.912,39.2443],[23.914,39.2443],[23.9151,39.2452],[23.9151,39.2464],[23.9161,39.2474],[23.9151,39.2474],[23.9141,39.2484],[23.9141,39.2505],[23.9161,39.2526],[23.9161,39.2547],[23.9182,39.2568],[23.9192,39.2568],[23.9182,39.2578],[23.9193,39.2589],[23.9203,39.2578],[23.9214,39.2578],[23.9203,39.2589],[23.9214,39.2599],[23.9224,39.2599],[23.9234,39.2589],[23.9265,39.2589],[23.9266,39.2599],[23.9276,39.2609],[23.9297,39.2614],[23.9297,39.262],[23.9318,39.2641],[23.9318,39.2651],[23.9328,39.2661],[23.9328,39.2672],[23.9349,39.2693],[23.9349,39.2724],[23.9359,39.2734],[23.938,39.2734],[23.938,39.2745],[23.9359,39.2766],[23.9359,39.2776],[23.937,39.2786],[23.9391,39.2786],[23.9401,39.2797],[23.9411,39.2797],[23.9411,39.2807],[23.9422,39.2818],[23.9464,39.2818],[23.9453,39.2818],[23.9432,39.2839],[23.9432,39.287],[23.9443,39.288],[23.9443,39.2891],[23.9453,39.2901],[23.9474,39.2901],[23.9474,39.2922],[23.9484,39.2932],[23.9516,39.2932],[23.9526,39.2943],[23.9547,39.2943],[23.9557,39.2953],[23.9568,39.2943],[23.9568,39.2932],[23.9557,39.2922],[23.9568,39.2911],[23.9578,39.2911],[23.9599,39.2891],[23.9599,39.287],[23.9578,39.2849],[23.9568,39.2859],[23.9557,39.2859],[23.9578,39.2839],[23.9589,39.2849],[23.9599,39.2839],[23.9588,39.2828],[23.9599,39.2818],[23.9536,39.2755],[23.9527,39.2755],[23.9516,39.2745],[23.9508,39.2745],[23.9505,39.2724],[23.9526,39.2745],[23.9547,39.2745],[23.9578,39.2766],[23.9599,39.2745],[23.959,39.2734],[23.9599,39.2724],[23.962,39.2745],[23.963,39.2745],[23.9641,39.2734],[23.9651,39.2734],[23.9672,39.2714],[23.9672,39.2724],[23.9682,39.2734],[23.9693,39.2724],[23.9703,39.2734],[23.9745,39.2734],[23.9755,39.2724],[23.9766,39.2724],[23.9786,39.2703],[23.9787,39.2693],[23.9839,39.2693],[23.9839,39.2714],[23.9849,39.2724],[23.987,39.27],[23.987,39.2714],[23.9901,39.2745],[23.9911,39.2745],[23.9922,39.2734],[23.9911,39.2724],[23.9911,39.2703],[23.9901,39.2691],[23.9884,39.2693],[23.9866,39.2682],[23.987,39.2672],[23.9859,39.2641],[23.9842,39.262],[23.9799,39.2516],[23.9786,39.2512],[23.9766,39.2495],[23.9745,39.2464],[23.9714,39.2453],[23.9703,39.2443],[23.9693,39.2443],[23.9693,39.2422],[23.965,39.2359],[23.963,39.2356],[23.9609,39.2337],[23.9581,39.2349],[23.9536,39.2303],[23.9526,39.2276],[23.9495,39.2245],[23.9469,39.2234],[23.9464,39.2229],[23.9464,39.2203],[23.9486,39.2182],[23.9487,39.2172],[23.9474,39.2148],[23.9453,39.2172],[23.9453,39.2179],[23.9432,39.2178],[23.9432,39.2161],[23.9446,39.2151],[23.9432,39.2141],[23.9422,39.2151],[23.9411,39.2141],[23.9411,39.213],[23.9422,39.212],[23.9411,39.2109],[23.9401,39.212],[23.9339,39.2064],[23.9339,39.2057],[23.9349,39.2047],[23.9339,39.2029],[23.9328,39.2026],[23.9318,39.2036],[23.9318,39.2044],[23.9318,39.2026],[23.931,39.2016],[23.9345,39.2005],[23.9328,39.1984],[23.9318,39.1984],[23.9307,39.1995],[23.9307,39.1984],[23.9276,39.1953],[23.9276,39.1944],[23.9297,39.1943],[23.9318,39.1924],[23.9328,39.1922],[23.9329,39.1911],[23.9307,39.1896],[23.9297,39.1898],[23.9286,39.1891],[23.9276,39.1894],[23.9279,39.188],[23.9286,39.188],[23.9297,39.187],[23.9299,39.1859],[23.9286,39.1849],[23.9276,39.1859],[23.9276,39.1866],[23.9276,39.1839],[23.9291,39.1828],[23.9276,39.1818],[23.9266,39.1828],[23.9258,39.1828],[23.9238,39.1807],[23.9245,39.1807],[23.9255,39.1797],[23.9245,39.1786],[23.9234,39.1797],[23.9234,39.1804],[23.9234,39.1786],[23.9245,39.1783],[23.9248,39.1776],[23.9244,39.1766],[23.9257,39.1755],[23.9255,39.1743],[23.9224,39.1722],[23.9172,39.1701],[23.9143,39.1703],[23.9128,39.1682],[23.9109,39.167],[23.9089,39.1672],[23.9078,39.1682],[23.9062,39.1682],[23.9057,39.1677],[23.9052,39.1682],[23.901,39.1682],[23.9026,39.167],[23.9047,39.1672],[23.9068,39.1655],[23.9089,39.1651],[23.9099,39.1641],[23.9082,39.162],[23.9089,39.162],[23.9099,39.1609],[23.9089,39.1599],[23.9078,39.1609],[23.9078,39.1615],[23.9068,39.1609],[23.9062,39.1599],[23.9068,39.1599],[23.9078,39.1589],[23.9057,39.1572],[23.9032,39.1578],[23.9026,39.1589],[23.9036,39.1599],[23.9042,39.1599],[23.9036,39.1599],[23.9026,39.1609],[23.9016,39.1599],[23.9005,39.1609],[23.8968,39.1609],[23.8958,39.1589],[23.8927,39.1568],[23.8932,39.1568],[23.8943,39.1557],[23.8932,39.1546],[23.8922,39.1544],[23.8911,39.1547],[23.8901,39.1557],[23.8917,39.1568],[23.8911,39.1574],[23.8901,39.1578],[23.888,39.1599],[23.887,39.1599],[23.887,39.1589],[23.8849,39.1568],[23.8834,39.1568],[23.8818,39.1557],[23.8807,39.1557],[23.8807,39.1536],[23.8823,39.1526],[23.8828,39.1516],[23.8859,39.1495],[23.8844,39.1464],[23.8828,39.1455],[23.8786,39.1451],[23.8752,39.1453],[23.8742,39.1432],[23.8724,39.1427],[23.8703,39.1443],[23.8703,39.1464],[23.8703,39.1453],[23.8687,39.1443],[23.8703,39.1422],[23.8693,39.1411],[23.8687,39.1411],[23.8714,39.138],[23.8714,39.137],[23.8724,39.1359],[23.8714,39.1349],[23.8693,39.1366],[23.8665,39.1359],[23.8672,39.1359],[23.8682,39.1349],[23.8672,39.1338],[23.8661,39.1339],[23.8651,39.1349],[23.8599,39.1346],[23.8581,39.1339],[23.8589,39.1339],[23.8599,39.1328],[23.8599,39.1318],[23.8589,39.1307],[23.8578,39.1318],[23.8578,39.1325],[23.8557,39.1307]],[[23.4234,39.1286],[23.4214,39.1286],[23.4203,39.1297],[23.423,39.1328],[23.4245,39.1328],[23.4255,39.1318],[23.4245,39.1307],[23.4255,39.1297],[23.4245,39.1286]],[[23.8047,39.1285],[23.8035,39.1286],[23.8026,39.1297],[23.8026,39.1304],[23.7984,39.1307],[23.7974,39.1297],[23.7964,39.1297],[23.7943,39.1318],[23.7974,39.1349],[23.7984,39.1349],[23.7984,39.1359],[23.7974,39.137],[23.7984,39.138],[23.7995,39.137],[23.8005,39.137],[23.8005,39.138],[23.8016,39.1391],[23.8047,39.1391],[23.8068,39.137],[23.8068,39.1349],[23.8078,39.1344],[23.8088,39.1349],[23.8078,39.137],[23.8085,39.138],[23.8057,39.1411],[23.8078,39.1432],[23.8089,39.1422],[23.8099,39.1432],[23.813,39.1432],[23.8141,39.1422],[23.8141,39.1401],[23.8131,39.1391],[23.8132,39.138],[23.812,39.138],[23.8089,39.1349],[23.8078,39.1309]],[[23.6172,39.1266],[23.613,39.1266],[23.612,39.1276],[23.612,39.1307],[23.6139,39.1328],[23.6161,39.1369],[23.6172,39.1377],[23.6203,39.1391],[23.6224,39.1389],[23.6237,39.138],[23.6241,39.1349],[23.6238,39.1339],[23.6224,39.1326],[23.619,39.1318],[23.6193,39.1307],[23.6182,39.1307],[23.6184,39.1276]],[[23.462,39.1244],[23.4589,39.1245],[23.4578,39.1255],[23.4589,39.1266],[23.4596,39.1266],[23.4589,39.1266],[23.4574,39.1276],[23.4516,39.1276],[23.4505,39.1286],[23.4484,39.1286],[23.4474,39.1297],[23.4474,39.1318],[23.4457,39.1339],[23.446,39.1349],[23.4453,39.1359],[23.4443,39.1359],[23.4432,39.137],[23.4438,39.1391],[23.4453,39.1401],[23.4432,39.1407],[23.4411,39.1401],[23.4391,39.1408],[23.438,39.1401],[23.4363,39.1401],[23.4349,39.1391],[23.4323,39.1391],[23.429,39.1359],[23.4297,39.1359],[23.4307,39.1349],[23.4297,39.1337],[23.4286,39.1349],[23.4286,39.1356],[23.4276,39.1349],[23.4266,39.1349],[23.4255,39.1359],[23.4234,39.1359],[23.4203,39.1391],[23.4193,39.1391],[23.4182,39.1398],[23.4172,39.1387],[23.4141,39.1391],[23.4099,39.1432],[23.4099,39.1443],[23.4089,39.1443],[23.4057,39.1474],[23.4022,39.1474],[23.4005,39.1464],[23.3964,39.1422],[23.3964,39.1411],[23.3943,39.1391],[23.3932,39.1391],[23.3922,39.1401],[23.388,39.1405],[23.388,39.1421],[23.3908,39.1464],[23.3901,39.1495],[23.3904,39.1526],[23.388,39.1537],[23.3859,39.1557],[23.3859,39.1578],[23.387,39.1596],[23.3898,39.1609],[23.3901,39.162],[23.3922,39.1641],[23.3933,39.1641],[23.3948,39.1651],[23.3966,39.1672],[23.3961,39.1693],[23.3973,39.1703],[23.4016,39.1712],[23.4036,39.1707],[23.4099,39.1709],[23.4151,39.173],[23.4172,39.1745],[23.419,39.1745],[23.4214,39.1755],[23.4224,39.1751],[23.4266,39.1762],[23.4286,39.1776],[23.4318,39.1779],[23.4391,39.1806],[23.4422,39.1825],[23.4434,39.1839],[23.4432,39.1859],[23.4422,39.1859],[23.4411,39.187],[23.4411,39.1891],[23.4429,39.1911],[23.4422,39.1922],[23.4422,39.1953],[23.4401,39.1974],[23.4411,39.1984],[23.4432,39.1984],[23.4443,39.1995],[23.4501,39.1995],[23.4526,39.2009],[23.4536,39.2019],[23.4536,39.2026],[23.4578,39.2061],[23.4589,39.2099],[23.4609,39.212],[23.4609,39.2141],[23.4641,39.2161],[23.4651,39.2151],[23.4641,39.2141],[23.4641,39.2109],[23.463,39.2099],[23.463,39.2089],[23.4641,39.2081],[23.4651,39.2089],[23.4682,39.2089],[23.4693,39.2078],[23.4734,39.2078],[23.4745,39.2068],[23.4766,39.2089],[23.4805,39.2068],[23.4828,39.2068],[23.4849,39.2047],[23.487,39.2047],[23.488,39.2041],[23.4901,39.2043],[23.4922,39.2036],[23.4943,39.2016],[23.4932,39.2005],[23.4946,39.1995],[23.4936,39.1984],[23.4953,39.1964],[23.4962,39.1943],[23.4995,39.1932],[23.5026,39.1943],[23.5047,39.1943],[23.5083,39.1911],[23.5089,39.1901],[23.5078,39.1891],[23.5089,39.1877],[23.5109,39.1885],[23.512,39.1884],[23.5141,39.187],[23.513,39.1859],[23.512,39.1839],[23.5121,39.1828],[23.5134,39.1807],[23.5151,39.1797],[23.5172,39.1807],[23.5182,39.1807],[23.5193,39.1797],[23.5182,39.1786],[23.5161,39.1793],[23.5161,39.1776],[23.5172,39.1766],[23.5161,39.1751],[23.5161,39.1724],[23.5151,39.1709],[23.5156,39.1682],[23.5109,39.1641],[23.5109,39.162],[23.5099,39.1606],[23.5099,39.1589],[23.5089,39.1578],[23.5078,39.1576],[23.5078,39.1557],[23.5068,39.1547],[23.5057,39.1547],[23.5047,39.1557],[23.5016,39.1557],[23.4995,39.1589],[23.4992,39.1599],[23.5005,39.1609],[23.5005,39.162],[23.5016,39.1635],[23.5016,39.1661],[23.5023,39.1682],[23.5012,39.1682],[23.4995,39.1664],[23.4964,39.1651],[23.4953,39.1641],[23.4943,39.1646],[23.4932,39.163],[23.4939,39.1609],[23.4926,39.1599],[23.4932,39.1589],[23.4922,39.1578],[23.4915,39.1578],[23.4916,39.1568],[23.4911,39.1557],[23.487,39.1532],[23.4862,39.1536],[23.4852,39.1557],[23.4849,39.1578],[23.4859,39.1589],[23.4828,39.1609],[23.4797,39.1609],[23.4786,39.1599],[23.4776,39.1599],[23.4745,39.1578],[23.4725,39.1557],[23.4748,39.1536],[23.4745,39.153],[23.4734,39.1526],[23.4724,39.1536],[23.4714,39.1536],[23.4698,39.1526],[23.4693,39.1511],[23.4693,39.1495],[23.4703,39.1489],[23.4711,39.1495],[23.4714,39.1507],[23.4732,39.1495],[23.4738,39.1453],[23.4703,39.1434],[23.4682,39.1433],[23.4672,39.1459],[23.4656,39.1464],[23.4651,39.1459],[23.4651,39.1422],[23.4641,39.1411],[23.4623,39.1411],[23.4609,39.1401],[23.4593,39.1401],[23.4589,39.1393],[23.4599,39.1391],[23.4609,39.138],[23.4609,39.1372],[23.4661,39.137],[23.4672,39.1359],[23.4672,39.1349],[23.4661,39.1339],[23.4651,39.1349],[23.4641,39.1339],[23.4661,39.1307],[23.4654,39.1286],[23.4661,39.1286],[23.4672,39.1276],[23.467,39.1266],[23.4651,39.1252]],[[23.4818,39.1212],[23.4807,39.1214],[23.4797,39.1224],[23.4807,39.1234],[23.4786,39.1234],[23.4776,39.1245],[23.4776,39.1255],[23.4786,39.1266],[23.4812,39.1266],[23.4839,39.1286],[23.4849,39.1276],[23.4839,39.1266],[23.4859,39.1245],[23.4839,39.1224],[23.4828,39.1224]],[[23.5089,39.113],[23.5068,39.1148],[23.5057,39.1141],[23.4995,39.1141],[23.4984,39.1151],[23.4974,39.1151],[23.4927,39.1182],[23.4943,39.1199],[23.4943,39.1219],[23.4932,39.1234],[23.4943,39.1257],[23.4939,39.1266],[23.4932,39.1266],[23.4922,39.1276],[23.4964,39.1307],[23.4965,39.1318],[23.4953,39.1341],[23.4984,39.1336],[23.4999,39.1328],[23.5036,39.1286],[23.5038,39.1276],[23.5047,39.1276],[23.5057,39.1266],[23.5052,39.1255],[23.5057,39.1245],[23.5057,39.1214],[23.5052,39.1193],[23.5057,39.1182],[23.5068,39.1182],[23.5078,39.1172],[23.5099,39.1141]],[[23.6286,39.1099],[23.6266,39.1099],[23.6234,39.112],[23.6255,39.1151],[23.6286,39.1151],[23.6297,39.1141],[23.6297,39.1109]],[[23.6411,39.1109],[23.6401,39.1109],[23.6391,39.112],[23.6401,39.113],[23.6391,39.113],[23.638,39.112],[23.6359,39.112],[23.6328,39.1141],[23.6328,39.1182],[23.6339,39.1193],[23.6339,39.1203],[23.6328,39.1214],[23.6339,39.1224],[23.6349,39.1214],[23.6359,39.1224],[23.637,39.1225],[23.6391,39.1203],[23.638,39.1193],[23.6401,39.1193],[23.6411,39.1203],[23.6422,39.1193],[23.6411,39.1182],[23.6411,39.1172],[23.6422,39.1172],[23.6432,39.1182],[23.6453,39.1161],[23.6453,39.113],[23.6432,39.1109]],[[23.9828,39.1015],[23.9818,39.1005],[23.9807,39.1016],[23.9797,39.1016],[23.9786,39.1026],[23.9786,39.1036],[23.9786,39.1026],[23.9776,39.1016],[23.9766,39.1016],[23.9755,39.1026],[23.9766,39.1036],[23.9755,39.1047],[23.9755,39.1057],[23.9745,39.1057],[23.9734,39.1047],[23.9724,39.1057],[23.9745,39.1078],[23.9755,39.1078],[23.9745,39.1078],[23.9734,39.1089],[23.9734,39.1099],[23.9724,39.1109],[23.9724,39.112],[23.9734,39.113],[23.9755,39.113],[23.9755,39.1141],[23.9766,39.1151],[23.9776,39.1141],[23.9776,39.1161],[23.9786,39.1172],[23.9786,39.1182],[23.9776,39.1172],[23.9766,39.1182],[23.9786,39.1203],[23.9786,39.1234],[23.9797,39.1245],[23.9807,39.1234],[23.9818,39.1234],[23.9859,39.1197],[23.9859,39.1203],[23.9849,39.1214],[23.9849,39.1234],[23.9828,39.1255],[23.9828,39.1276],[23.9837,39.1286],[23.9849,39.1297],[23.9859,39.1286],[23.9891,39.1286],[23.9891,39.1297],[23.9901,39.1307],[23.9891,39.1318],[23.9901,39.1328],[23.9911,39.1318],[23.9922,39.1318],[23.9932,39.131],[23.9932,39.1318],[23.9943,39.1328],[23.9953,39.1318],[23.9953,39.1297],[23.9946,39.1286],[23.9943,39.1255],[23.9932,39.1245],[23.9922,39.1255],[23.9922,39.1245],[23.9933,39.1234],[23.9932,39.1224],[23.9922,39.1214],[23.9922,39.1203],[23.9901,39.1182],[23.9891,39.1182],[23.9875,39.1172],[23.9862,39.1141],[23.9859,39.1057],[23.9851,39.1047],[23.9849,39.1036]],[[23.7224,39.0662],[23.7203,39.0662],[23.7193,39.0672],[23.7193,39.0693],[23.7182,39.0702],[23.7172,39.0703],[23.7161,39.0693],[23.7109,39.0693],[23.7099,39.0703],[23.7068,39.0703],[23.7057,39.0714],[23.7047,39.0724],[23.7047,39.0755],[23.7068,39.0776],[23.7068,39.0786],[23.7078,39.0797],[23.7078,39.0818],[23.7047,39.0839],[23.7036,39.0828],[23.6995,39.0828],[23.6983,39.0839],[23.6918,39.0839],[23.6901,39.0828],[23.6839,39.0828],[23.6828,39.0818],[23.6807,39.0818],[23.6797,39.0828],[23.6786,39.0818],[23.6734,39.0818],[23.6724,39.0828],[23.6714,39.0828],[23.6703,39.0839],[23.6703,39.0849],[23.6698,39.0849],[23.6703,39.0839],[23.6693,39.0828],[23.6672,39.0828],[23.6662,39.0839],[23.6661,39.0849],[23.6654,39.0849],[23.6641,39.0839],[23.662,39.0839],[23.6609,39.0828],[23.6599,39.0838],[23.6578,39.0818],[23.6568,39.0828],[23.6547,39.0828],[23.6526,39.0849],[23.6526,39.0859],[23.6547,39.0891],[23.6589,39.0891],[23.6578,39.0901],[23.6578,39.0932],[23.6568,39.0943],[23.6568,39.0964],[23.6557,39.0974],[23.6547,39.0964],[23.6526,39.0984],[23.6547,39.1005],[23.6547,39.1016],[23.6557,39.1026],[23.6557,39.1078],[23.6568,39.1089],[23.6599,39.1089],[23.6609,39.1078],[23.6609,39.1062],[23.6609,39.1078],[23.662,39.1089],[23.663,39.1089],[23.663,39.1109],[23.6547,39.1109],[23.6536,39.1099],[23.6516,39.1095],[23.6495,39.1109],[23.6505,39.112],[23.651,39.1141],[23.652,39.1151],[23.653,39.1172],[23.6538,39.1214],[23.6536,39.1224],[23.6516,39.1245],[23.6505,39.1245],[23.6495,39.1255],[23.6495,39.1263],[23.6484,39.1266],[23.6474,39.1276],[23.6474,39.1286],[23.6453,39.1305],[23.6453,39.1297],[23.6443,39.1286],[23.6432,39.1297],[23.6443,39.1307],[23.645,39.1307],[23.6441,39.1318],[23.644,39.1359],[23.6411,39.1386],[23.6391,39.1391],[23.637,39.1411],[23.6328,39.1417],[23.6309,39.1432],[23.6297,39.1432],[23.6281,39.1443],[23.6266,39.1432],[23.6255,39.1443],[23.6252,39.1495],[23.6245,39.1505],[23.6244,39.1516],[23.6234,39.1526],[23.6231,39.1568],[23.6224,39.158],[23.6203,39.1599],[23.6193,39.162],[23.6161,39.1645],[23.6141,39.163],[23.613,39.163],[23.612,39.1641],[23.612,39.1661],[23.6099,39.1661],[23.6089,39.1672],[23.6089,39.1685],[23.6073,39.1703],[23.6047,39.1766],[23.6046,39.1786],[23.6026,39.1807],[23.6023,39.1828],[23.601,39.1849],[23.5984,39.1878],[23.5974,39.188],[23.5964,39.1891],[23.5964,39.1901],[23.5891,39.1974],[23.5901,39.1984],[23.5901,39.1995],[23.5891,39.2005],[23.5888,39.2036],[23.5911,39.206],[23.5911,39.2068],[23.5922,39.2078],[23.5911,39.2089],[23.5932,39.2109],[23.5953,39.2109],[23.5964,39.2099],[23.5974,39.2109],[23.6025,39.2109],[23.6036,39.212],[23.6099,39.212],[23.6109,39.2115],[23.6115,39.2109],[23.6113,39.2099],[23.612,39.2099],[23.6151,39.2068],[23.6154,39.2016],[23.6151,39.2002],[23.6161,39.1987],[23.6182,39.1977],[23.6214,39.1978],[23.6245,39.1958],[23.6276,39.1954],[23.6286,39.1956],[23.6297,39.1964],[23.6311,39.1953],[23.6307,39.1939],[23.6349,39.1932],[23.6363,39.1911],[23.6359,39.1901],[23.637,39.1891],[23.637,39.1855],[23.6375,39.1849],[23.637,39.1839],[23.6378,39.1828],[23.6391,39.1828],[23.6401,39.1818],[23.6401,39.1801],[23.6407,39.1797],[23.6432,39.1797],[23.6443,39.1786],[23.6443,39.1766],[23.6453,39.1766],[23.6464,39.1776],[23.6474,39.1776],[23.6495,39.1755],[23.6526,39.1755],[23.6536,39.1766],[23.6547,39.1755],[23.652,39.1724],[23.6526,39.1714],[23.6547,39.1714],[23.6572,39.1693],[23.6589,39.1693],[23.6599,39.1682],[23.6609,39.1682],[23.662,39.1676],[23.662,39.1682],[23.663,39.1693],[23.6659,39.1672],[23.6703,39.1672],[23.6734,39.1661],[23.6789,39.162],[23.681,39.1599],[23.6797,39.1589],[23.6807,39.1589],[23.6828,39.1579],[23.6849,39.1589],[23.687,39.1592],[23.688,39.1599],[23.6932,39.1599],[23.6995,39.1536],[23.7026,39.1536],[23.7036,39.1526],[23.7047,39.1536],[23.7057,39.1536],[23.7078,39.1516],[23.7078,39.1506],[23.7089,39.1498],[23.7109,39.1495],[23.712,39.1505],[23.7141,39.1505],[23.7151,39.1495],[23.7141,39.1484],[23.7172,39.1464],[23.7172,39.1453],[23.7172,39.1464],[23.7193,39.1484],[23.7224,39.1484],[23.7234,39.1495],[23.7245,39.1484],[23.7234,39.1474],[23.7234,39.1464],[23.7245,39.1464],[23.7255,39.1474],[23.7266,39.1464],[23.7255,39.1453],[23.7255,39.1432],[23.7234,39.1411],[23.7234,39.1401],[23.7245,39.1401],[23.7266,39.1391],[23.7276,39.138],[23.7286,39.138],[23.7297,39.1391],[23.7307,39.138],[23.7297,39.137],[23.7307,39.1359],[23.7286,39.1339],[23.7269,39.1339],[23.7255,39.1324],[23.7255,39.1318],[23.7242,39.1307],[23.7255,39.1285],[23.7286,39.1266],[23.7307,39.1259],[23.7318,39.1243],[23.7328,39.1245],[23.7339,39.1234],[23.7349,39.1245],[23.7359,39.1245],[23.737,39.1237],[23.738,39.1239],[23.7391,39.125],[23.7409,39.1286],[23.7422,39.1298],[23.7443,39.1307],[23.7464,39.1307],[23.7474,39.1303],[23.7547,39.1309],[23.7568,39.1307],[23.7578,39.1297],[23.762,39.1299],[23.7641,39.1297],[23.7651,39.1288],[23.7661,39.1288],[23.7682,39.129],[23.7693,39.1297],[23.7703,39.1286],[23.7734,39.1286],[23.7745,39.1297],[23.7766,39.1297],[23.7776,39.1307],[23.7786,39.1297],[23.7807,39.1297],[23.7839,39.1318],[23.7849,39.1318],[23.7859,39.1307],[23.7859,39.1297],[23.7849,39.1286],[23.7849,39.1276],[23.788,39.1276],[23.7891,39.1266],[23.788,39.1255],[23.787,39.1255],[23.7885,39.1245],[23.7911,39.1245],[23.7943,39.1224],[23.7943,39.1203],[23.7953,39.1193],[23.7943,39.1182],[23.7932,39.1193],[23.7922,39.1193],[23.7932,39.1182],[23.7932,39.1172],[23.7922,39.1161],[23.7911,39.1172],[23.7911,39.118],[23.7901,39.1172],[23.7911,39.1161],[23.7891,39.1141],[23.788,39.1151],[23.787,39.1141],[23.7893,39.112],[23.7892,39.1109],[23.788,39.1099],[23.787,39.1109],[23.787,39.1117],[23.7859,39.1109],[23.7851,39.1109],[23.7859,39.1099],[23.7859,39.1078],[23.787,39.1068],[23.786,39.1057],[23.7853,39.1036],[23.7818,39.1016],[23.7807,39.1026],[23.7786,39.1016],[23.7789,39.1005],[23.7797,39.1005],[23.7807,39.0995],[23.7807,39.0984],[23.7791,39.0964],[23.7766,39.0953],[23.7755,39.0943],[23.7745,39.0953],[23.7737,39.0953],[23.7728,39.0932],[23.7734,39.0932],[23.7745,39.0922],[23.7724,39.0895],[23.7685,39.0859],[23.7661,39.0849],[23.7641,39.0848],[23.763,39.0849],[23.762,39.0859],[23.763,39.087],[23.7577,39.087],[23.7568,39.0854],[23.7553,39.0849],[23.7542,39.0839],[23.7536,39.0818],[23.7516,39.0797],[23.7505,39.0797],[23.7495,39.0807],[23.7505,39.0818],[23.7505,39.0839],[23.7495,39.0847],[23.7484,39.0839],[23.7474,39.0839],[23.7464,39.0828],[23.7458,39.0828],[23.7464,39.0818],[23.7443,39.0786],[23.7433,39.0755],[23.7422,39.0745],[23.7411,39.0745],[23.7401,39.0734],[23.7391,39.0734],[23.737,39.0714],[23.7359,39.0714],[23.7339,39.0693],[23.7297,39.0693],[23.7286,39.0682],[23.7266,39.0682],[23.7255,39.0693]],[[23.9536,39.065],[23.9526,39.0641],[23.9495,39.0641],[23.9484,39.0651],[23.9484,39.0682],[23.9505,39.0703],[23.9527,39.0714],[23.9536,39.0724],[23.9547,39.0755],[23.9557,39.0766],[23.9589,39.0768],[23.9599,39.0755],[23.9599,39.0734],[23.9578,39.0712],[23.9557,39.0711],[23.9547,39.0703],[23.9551,39.0693],[23.9547,39.0661]],[[23.3391,39.0399],[23.338,39.0392],[23.337,39.0402],[23.3307,39.0411],[23.3297,39.0422],[23.3307,39.0432],[23.3315,39.0432],[23.3307,39.0432],[23.3297,39.0443],[23.3297,39.0464],[23.3307,39.0474],[23.3318,39.0474],[23.3349,39.0505],[23.3411,39.0505],[23.3422,39.0516],[23.3432,39.0505],[23.3422,39.0495],[23.3422,39.0464],[23.3411,39.0453],[23.3404,39.0453],[23.3411,39.0443],[23.3401,39.0432]],[[23.3359,39.0388],[23.3347,39.0391],[23.3365,39.0391]],[[23.3464,39.039],[23.3453,39.0384],[23.3443,39.0387],[23.3436,39.0391],[23.3438,39.0401],[23.3453,39.0411],[23.3453,39.0422],[23.3464,39.0432],[23.3474,39.0432],[23.3484,39.0443],[23.3495,39.0432],[23.3484,39.0422],[23.3484,39.0411],[23.3495,39.0401],[23.3484,39.0391]],[[23.0599,39.012],[23.0589,39.013],[23.0589,39.0141],[23.0599,39.0151],[23.0609,39.0141],[23.0609,39.013]]]}},{"type":"Feature","properties":{"depth":10,"kind":"band"},"geometry":{"type":"MultiPolygon","coordinates":[[[[24,39.9932],[24,39.9943],[23.9995,39.9945],[23.9984,39.9932],[24,39.9932]]],[[[23.8911,39.9901],[23.8911,39.9907],[23.8905,39.9901],[23.8911,39.9901]]],[[[24,39.9797],[24,39.9839],[23.9991,39.9849],[24,39.9859],[24,39.987],[23.9974,39.9873],[23.9964,39.9881],[23.9943,39.9876],[23.9908,39.9828],[23.9907,39.9818],[23.9943,39.9811],[23.9964,39.9818],[23.9984,39.9807],[23.9995,39.9795],[24,39.9797]]],[[[23.9985,39.9766],[23.9995,39.9768],[24,39.9776],[23.9995,39.9783],[23.9982,39.9776],[23.9985,39.9766]]],[[[23.9182,39.9682],[23.9182,39.9693],[23.9182,39.9679],[23.9182,39.9682]]],[[[23.9215,39.963],[23.9234,39.9637],[23.9245,39.9634],[23.9245,39.9645],[23.9234,39.9641],[23.9224,39.9646],[23.9214,39.9642],[23.9203,39.9645],[23.9215,39.963]]],[[[23.8984,39.962],[23.8984,39.9628],[23.8981,39.962],[23.8984,39.962]]],[[[23.6826,39.9609],[23.6825,39.962],[23.6799,39.9641],[23.6797,39.9651],[23.6786,39.9639],[23.6785,39.962],[23.6807,39.9606],[23.6818,39.9604],[23.6826,39.9609]]],[[[23.9908,39.9609],[23.9932,39.9616],[23.9943,39.9612],[23.9947,39.963],[23.9922,39.9647],[23.9911,39.9641],[23.9901,39.9651],[23.988,39.963],[23.9873,39.963],[23.987,39.9624],[23.986,39.962],[23.988,39.961],[23.9908,39.9609]]],[[[23.9266,39.9599],[23.9245,39.9624],[23.924,39.9609],[23.9255,39.9599],[23.9266,39.9599]]],[[[23.9828,39.9589],[23.9852,39.9609],[23.9849,39.962],[23.9818,39.962],[23.9807,39.963],[23.9777,39.963],[23.9786,39.962],[23.9797,39.962],[23.9807,39.9609],[23.9807,39.9589],[23.9828,39.9589]]],[[[23.9248,39.9464],[23.9234,39.9464],[23.9234,39.9455],[23.9248,39.9464]]],[[[23.7481,39.9328],[23.7474,39.9336],[23.7474,39.9328],[23.7481,39.9328]]],[[[23.7495,39.9266],[23.7489,39.9318],[23.7484,39.9324],[23.7484,39.9307],[23.7474,39.9297],[23.7474,39.9279],[23.7484,39.9266],[23.7484,39.9256],[23.7495,39.9266]]],[[[23.7505,39.9182],[23.7506,39.9193],[23.7495,39.9203],[23.7495,39.9193],[23.7505,39.9182]]],[[[23.0103,39.338],[23.0099,39.3381],[23.0099,39.3375],[23.0103,39.338]]],[[[23.0495,39.313],[23.0484,39.313],[23.0484,39.3124],[23.0495,39.313]]],[[[23.0693,39.313],[23.0693,39.3133],[23.069,39.313],[23.0693,39.313]]],[[[23.0516,39.312],[23.0505,39.3123],[23.0505,39.3113],[23.0516,39.312]]],[[[23.073,39.312],[23.0734,39.313],[23.0748,39.3141],[23.0734,39.3144],[23.0724,39.3141],[23.0721,39.313],[23.0724,39.3112],[23.073,39.312]]],[[[23.1005,39.3068],[23.0995,39.307],[23.1005,39.3063],[23.1005,39.3068]]],[[[23.1089,39.3068],[23.1081,39.3078],[23.1057,39.3081],[23.1057,39.307],[23.1068,39.3061],[23.1089,39.3068]]],[[[23.1061,39.3057],[23.1057,39.3063],[23.1057,39.3047],[23.1061,39.3057]]],[[[23.1245,39.2964],[23.1234,39.2967],[23.1234,39.2956],[23.1245,39.2964]]],[[[23.1327,39.2911],[23.1318,39.2911],[23.1318,39.2908],[23.1327,39.2911]]],[[[23.163,39.2703],[23.1635,39.2714],[23.163,39.2714],[23.163,39.2703]]],[[[23.97,39.2443],[23.9693,39.2443],[23.9693,39.2435],[23.97,39.2443]]],[[[23.9457,39.2161],[23.9453,39.2176],[23.9432,39.2174],[23.9432,39.2161],[23.9453,39.2155],[23.9457,39.2161]]],[[[23.9833,39.2109],[23.987,39.2123],[23.987,39.213],[23.9839,39.2155],[23.9835,39.2141],[23.9818,39.213],[23.9818,39.2103],[23.9833,39.2109]]],[[[23.9328,39.2016],[23.9329,39.2026],[23.9318,39.204],[23.9314,39.2016],[23.9328,39.2016]]],[[[23.1956,39.1964],[23.1953,39.1968],[23.1944,39.1964],[23.1953,39.1957],[23.1956,39.1964]]],[[[23.988,39.1911],[23.9862,39.1911],[23.987,39.1902],[23.988,39.1911]]],[[[23.9849,39.1901],[23.9857,39.1911],[23.9849,39.1911],[23.9828,39.1932],[23.9807,39.1916],[23.9802,39.1901],[23.9849,39.1901]]],[[[23.9882,39.1901],[23.988,39.1909],[23.9873,39.1901],[23.9882,39.1901]]],[[[23.9296,39.188],[23.9295,39.1891],[23.928,39.1891],[23.9283,39.188],[23.9296,39.188]]],[[[23.2082,39.1839],[23.2078,39.1846],[23.2069,39.1839],[23.2078,39.1829],[23.2082,39.1839]]],[[[23.9291,39.1839],[23.9276,39.1863],[23.9276,39.1839],[23.9291,39.1839]]],[[[23.8714,39.1818],[23.8724,39.1828],[23.8714,39.1828],[23.8707,39.1818],[23.8714,39.1818]]],[[[23.9241,39.1786],[23.9234,39.18],[23.9234,39.1786],[23.9241,39.1786]]],[[[23.0505,39.1755],[23.0516,39.1766],[23.0516,39.1777],[23.0486,39.1776],[23.0505,39.1755],[23.0505,39.1745],[23.0505,39.1755]]],[[[23.9687,39.163],[23.9682,39.1635],[23.9682,39.163],[23.9687,39.163]]],[[[23.0974,39.1609],[23.0964,39.1613],[23.096,39.1609],[23.0964,39.1604],[23.0974,39.1609]]],[[[23.2115,39.1609],[23.2109,39.1617],[23.2104,39.1609],[23.2109,39.1599],[23.2115,39.1609]]],[[[23.4984,39.1609],[23.4995,39.1611],[23.5,39.162],[23.4995,39.1638],[23.4984,39.1642],[23.4977,39.1651],[23.4932,39.163],[23.4943,39.1622],[23.4953,39.1625],[23.4964,39.1609],[23.4984,39.1609]]],[[[23.9088,39.1599],[23.9078,39.1611],[23.9068,39.1609],[23.9067,39.1599],[23.9078,39.1589],[23.9088,39.1599]]],[[[23.0931,39.1589],[23.0924,39.1609],[23.0911,39.1624],[23.0901,39.1614],[23.0901,39.1599],[23.0916,39.1589],[23.0931,39.1589]]],[[[23.4905,39.1578],[23.4901,39.1599],[23.4898,39.1578],[23.4905,39.1578]]],[[[23.5193,39.1547],[23.5201,39.1557],[23.5193,39.1557],[23.5193,39.1547]]],[[[23.4727,39.1516],[23.4724,39.1536],[23.4719,39.1536],[23.4708,39.1526],[23.472,39.1516],[23.4727,39.1516]]],[[[23.0708,39.1505],[23.0693,39.1511],[23.0687,39.1505],[23.0708,39.1505]]],[[[23.4696,39.1495],[23.4707,39.1505],[23.4709,39.1516],[23.4703,39.1523],[23.4693,39.1506],[23.4693,39.1495],[23.4696,39.1495]]],[[[23.4784,39.1484],[23.4776,39.1488],[23.4774,39.1484],[23.4776,39.1479],[23.4784,39.1484]]],[[[23.113,39.1432],[23.1148,39.1453],[23.1129,39.1474],[23.1109,39.1474],[23.1109,39.1464],[23.1099,39.1453],[23.1099,39.1443],[23.1109,39.1453],[23.112,39.1453],[23.113,39.1443],[23.113,39.1432]]],[[[23.2923,39.137],[23.2922,39.138],[23.2936,39.1391],[23.2932,39.1394],[23.2911,39.1391],[23.2922,39.138],[23.2922,39.136],[23.2923,39.137]]],[[[23.4642,39.1266],[23.4641,39.1276],[23.463,39.1276],[23.4627,39.1266],[23.4642,39.1266]]],[[[23.213,39.1255],[23.2125,39.1255],[23.213,39.1246],[23.213,39.1255]]],[[[23.2128,39.1245],[23.212,39.1249],[23.2118,39.1245],[23.2128,39.1245]]],[[[23.9931,39.1245],[23.9922,39.1255],[23.9922,39.1245],[23.9931,39.1245]]],[[[23.1141,39.1234],[23.1146,39.1245],[23.1141,39.1245],[23.113,39.1257],[23.1109,39.1245],[23.1109,39.1234],[23.1141,39.1234]]],[[[23.1198,39.1234],[23.1193,39.1238],[23.1193,39.1229],[23.1198,39.1234]]],[[[23.7932,39.1193],[23.7922,39.1193],[23.7932,39.1184],[23.7932,39.1193]]],[[[23.6422,39.1172],[23.643,39.1182],[23.6422,39.1188],[23.6411,39.1182],[23.6411,39.1172],[23.6422,39.1172]]],[[[23.7911,39.1172],[23.7911,39.1177],[23.7901,39.1172],[23.7911,39.1165],[23.7911,39.1172]]],[[[23.1036,39.1151],[23.1022,39.1151],[23.1036,39.1144],[23.1036,39.1151]]],[[[23.1016,39.1141],[23.1016,39.1145],[23.1011,39.1141],[23.1016,39.1141]]],[[[23.1005,39.113],[23.1005,39.1134],[23.1001,39.113],[23.1005,39.113]]],[[[23.6401,39.113],[23.6391,39.113],[23.6391,39.112],[23.6401,39.113]]],[[[23.1033,39.1109],[23.104,39.112],[23.1036,39.1123],[23.1026,39.1125],[23.1016,39.112],[23.1016,39.1109],[23.1033,39.1109]]],[[[23.2082,39.1026],[23.2099,39.1036],[23.2068,39.1036],[23.2063,39.1026],[23.2078,39.1021],[23.2082,39.1026]]],[[[23.1734,39.1005],[23.1734,39.101],[23.1729,39.1005],[23.1734,39.1005]]],[[[23.1886,39.1005],[23.188,39.1016],[23.1874,39.1005],[23.188,39.0996],[23.1886,39.1005]]],[[[23.1651,39.0974],[23.1651,39.0979],[23.1641,39.0974],[23.1651,39.0974]]],[[[23.1666,39.0964],[23.1661,39.0964],[23.1661,39.0957],[23.1666,39.0964]]],[[[23.2047,39.0964],[23.2056,39.0984],[23.2045,39.1005],[23.2032,39.1016],[23.2017,39.0995],[23.2047,39.0964]]],[[[23.1466,39.0932],[23.1464,39.0945],[23.1453,39.0947],[23.1449,39.0932],[23.1453,39.0929],[23.1466,39.0932]]],[[[23.1526,39.0922],[23.1526,39.0932],[23.152,39.0922],[23.1526,39.0918],[23.1526,39.0922]]],[[[23.1547,39.0911],[23.1532,39.0911],[23.1536,39.0904],[23.1547,39.0911]]],[[[23.1259,39.0859],[23.1266,39.087],[23.1251,39.087],[23.1241,39.0859],[23.1255,39.0854],[23.1259,39.0859]]],[[[23.1241,39.0828],[23.1234,39.0843],[23.123,39.0828],[23.1241,39.0828]]],[[[23.7471,39.0818],[23.747,39.0828],[23.7463,39.0828],[23.7464,39.081],[23.7471,39.0818]]],[[[23.1251,39.0807],[23.1243,39.0807],[23.1245,39.0803],[23.1251,39.0807]]],[[[23.7411,39.0786],[23.7401,39.079],[23.7401,39.0786],[23.7411,39.0786]]],[[[23.7339,39.0714],[23.7339,39.0718],[23.7334,39.0714],[23.7339,39.0714]]],[[[23.0672,39.0339],[23.0679,39.0349],[23.0672,39.0349],[23.0661,39.0359],[23.0661,39.0349],[23.0672,39.0334],[23.0672,39.0339]]],[[[23.0664,39.0276],[23.0655,39.0276],[23.0661,39.0271],[23.0664,39.0276]]],[[[23.0649,39.0245],[23.0657,39.0266],[23.0651,39.0273],[23.062,39.0276],[23.063,39.0266],[23.063,39.0245],[23.0641,39.0241],[23.0649,39.0245]]],[[[23.0464,39.0161],[23.0464,39.0176],[23.044,39.0172],[23.0464,39.0161]]],[[[23.0526,39.0161],[23.053,39.0172],[23.052,39.0161],[23.0526,39.0161]]],[[[23.0328,39.0151],[23.0328,39.016],[23.0315,39.0151],[23.0328,39.0144],[23.0328,39.0151]]],[[[23.0362,39.013],[23.0358,39.013],[23.0359,39.0123],[23.0362,39.013]]],[[[23.0766,39.0109],[23.0766,39.0116],[23.0755,39.0109],[23.0766,39.0109]]],[[[23.0576,39.0089],[23.0568,39.0095],[23.0563,39.0089],[23.0568,39.0085],[23.0576,39.0089]]],[[[23.0863,39.0057],[23.0859,39.0062],[23.0856,39.0057],[23.0859,39.0054],[23.0863,39.0057]]],[[[23.0661,39.0047],[23.066,39.0057],[23.0651,39.0057],[23.0646,39.0047],[23.0651,39.0041],[23.0661,39.0047]]],[[[23.0211,39.0026],[23.0203,39.0039],[23.0194,39.0026],[23.0203,39.0018],[23.0211,39.0026]]],[[[23.02,39.0016],[23.0193,39.0024],[23.019,39.0016],[23.02,39.0016]]],[[[23.0182,39.0005],[23.0182,39.0009],[23.0179,39.0005],[23.0182,39],[23.0182,39.0005]]],[[[23.0661,39.0005],[23.0641,39.0014],[23.063,39.003],[23.062,39.0036],[23.0599,39.0033],[23.0578,39.0042],[23.0568,39.0068],[23.0557,39.0075],[23.0547,39.0075],[23.0536,39.0066],[23.0516,39.0068],[23.0531,39.0078],[23.053,39.0099],[23.0522,39.0109],[23.0474,39.0134],[23.0464,39.0146],[23.0453,39.014],[23.0443,39.0144],[23.0432,39.0166],[23.0422,39.0166],[23.0401,39.0161],[23.038,39.0165],[23.0356,39.0161],[23.0372,39.0151],[23.0368,39.0141],[23.0374,39.013],[23.0359,39.0119],[23.0339,39.0112],[23.0297,39.0112],[23.0293,39.012],[23.0298,39.013],[23.0298,39.0151],[23.0286,39.0141],[23.0276,39.0144],[23.0251,39.0099],[23.0267,39.0089],[23.0266,39.0076],[23.0255,39.0078],[23.0245,39.0091],[23.0234,39.0079],[23.0234,39.0068],[23.0255,39.0061],[23.0261,39.0047],[23.024,39.0016],[23.0224,39.0009],[23.0214,39.0012],[23.0211,39.0005],[23.0214,39],[23.0651,39],[23.0661,39.0005]]],[[[24,39.0005],[24,39.2193],[23.9995,39.2203],[23.9984,39.2201],[23.9974,39.2213],[23.9963,39.2214],[23.9934,39.2255],[23.9932,39.2276],[23.9974,39.2318],[23.9974,39.2359],[23.9984,39.237],[23.9984,39.238],[24,39.2401],[24,39.9661],[23.999,39.9661],[23.9979,39.9651],[23.998,39.9641],[23.9966,39.9599],[23.9984,39.9578],[23.9984,39.9536],[23.9953,39.9505],[23.9943,39.9513],[23.9923,39.9495],[23.9932,39.9484],[23.9922,39.9473],[23.9911,39.9472],[23.9901,39.9464],[23.9891,39.9474],[23.9891,39.9482],[23.988,39.9474],[23.9891,39.9464],[23.988,39.9453],[23.9859,39.9452],[23.9849,39.9462],[23.9849,39.9453],[23.9839,39.9443],[23.9818,39.9443],[23.9807,39.9432],[23.9776,39.9432],[23.9766,39.9443],[23.9651,39.9443],[23.9641,39.9453],[23.963,39.9453],[23.9599,39.9411],[23.9557,39.941],[23.9536,39.9401],[23.9526,39.9391],[23.9526,39.937],[23.9495,39.9349],[23.9422,39.9349],[23.9412,39.9359],[23.9411,39.9378],[23.9391,39.9384],[23.9347,39.938],[23.9339,39.9376],[23.9339,39.937],[23.9318,39.9349],[23.9297,39.9349],[23.9286,39.9359],[23.9276,39.9349],[23.9266,39.9359],[23.9282,39.938],[23.93,39.9391],[23.9302,39.9411],[23.9328,39.9422],[23.9326,39.9443],[23.9307,39.9443],[23.9276,39.9463],[23.9266,39.9456],[23.9255,39.9456],[23.9252,39.9443],[23.9245,39.9441],[23.9234,39.945],[23.9224,39.9441],[23.9214,39.9448],[23.9182,39.9449],[23.917,39.9464],[23.916,39.9505],[23.9164,39.9516],[23.9156,39.9526],[23.9159,39.9536],[23.913,39.9567],[23.9109,39.9548],[23.9089,39.9547],[23.9043,39.9568],[23.9036,39.9578],[23.9047,39.9589],[23.9026,39.9589],[23.9016,39.9578],[23.9005,39.9589],[23.9016,39.9599],[23.9019,39.962],[23.9016,39.9625],[23.9016,39.962],[23.8995,39.9597],[23.8984,39.9599],[23.8974,39.9609],[23.8974,39.9623],[23.8995,39.9641],[23.9007,39.9641],[23.9016,39.965],[23.9011,39.9661],[23.8996,39.9672],[23.8983,39.9703],[23.9001,39.9724],[23.8987,39.9745],[23.8995,39.9776],[23.9005,39.9786],[23.9016,39.9786],[23.903,39.9776],[23.9032,39.9786],[23.903,39.9818],[23.901,39.9839],[23.9007,39.9849],[23.8995,39.985],[23.8984,39.986],[23.8974,39.9856],[23.8967,39.9859],[23.8943,39.9884],[23.8932,39.9886],[23.8922,39.9876],[23.8911,39.9876],[23.8897,39.9891],[23.8899,39.9901],[23.8855,39.9911],[23.8847,39.9922],[23.886,39.9932],[23.8797,39.9935],[23.8766,39.9943],[23.8724,39.9937],[23.8714,39.9943],[23.8693,39.9968],[23.8672,39.9976],[23.8661,40],[23.5932,40],[23.5931,39.9995],[23.5943,39.9991],[23.6047,39.9969],[23.6078,39.997],[23.6151,39.996],[23.6195,39.9932],[23.6224,39.9921],[23.6245,39.9903],[23.6266,39.9896],[23.6286,39.9881],[23.6349,39.9866],[23.637,39.9862],[23.6432,39.9873],[23.6464,39.9872],[23.6505,39.9864],[23.6528,39.9849],[23.6572,39.9849],[23.6651,39.9833],[23.6696,39.9807],[23.6724,39.9773],[23.6776,39.9763],[23.6786,39.9753],[23.6797,39.9758],[23.6807,39.9752],[23.6826,39.9724],[23.6832,39.9693],[23.6833,39.9651],[23.6872,39.9599],[23.6877,39.9547],[23.6891,39.9498],[23.6903,39.9474],[23.6901,39.9453],[23.6891,39.9439],[23.6879,39.9432],[23.688,39.9425],[23.6911,39.9379],[23.6935,39.9359],[23.6964,39.9338],[23.701,39.9318],[23.7109,39.9305],[23.7141,39.9314],[23.7182,39.9315],[23.7203,39.9322],[23.7234,39.9324],[23.7276,39.9339],[23.7318,39.9327],[23.7328,39.9348],[23.7349,39.9355],[23.7363,39.9349],[23.737,39.9321],[23.7391,39.9314],[23.7402,39.9318],[23.7404,39.9339],[23.7411,39.9345],[23.7455,39.9349],[23.7474,39.9362],[23.7484,39.9355],[23.7508,39.9307],[23.751,39.9255],[23.7516,39.9255],[23.7526,39.9245],[23.7526,39.9203],[23.7521,39.9193],[23.7526,39.9172],[23.7505,39.9141],[23.7428,39.9141],[23.7401,39.912],[23.7391,39.912],[23.738,39.913],[23.7307,39.9126],[23.7297,39.9117],[23.7255,39.9105],[23.7234,39.9089],[23.7214,39.9087],[23.7203,39.9078],[23.7185,39.9078],[23.7172,39.9066],[23.7161,39.9066],[23.713,39.9068],[23.712,39.9078],[23.7057,39.9078],[23.7047,39.9087],[23.7016,39.9089],[23.7005,39.9098],[23.6984,39.9098],[23.6955,39.912],[23.6922,39.913],[23.6904,39.9151],[23.6901,39.9141],[23.6891,39.913],[23.688,39.9141],[23.6807,39.9141],[23.6797,39.913],[23.6745,39.913],[23.6734,39.9141],[23.6714,39.9141],[23.6703,39.913],[23.6599,39.913],[23.6589,39.9129],[23.6578,39.912],[23.6536,39.912],[23.6526,39.913],[23.6526,39.9136],[23.6516,39.9139],[23.6466,39.913],[23.6422,39.913],[23.6391,39.9142],[23.6349,39.914],[23.6286,39.9144],[23.6193,39.9172],[23.6141,39.9175],[23.6124,39.9182],[23.6089,39.9182],[23.6077,39.9193],[23.6047,39.9203],[23.6026,39.9203],[23.6016,39.9193],[23.5974,39.9193],[23.5964,39.9203],[23.5922,39.9203],[23.5901,39.9224],[23.5891,39.9224],[23.588,39.9234],[23.587,39.9234],[23.5839,39.9259],[23.5807,39.9272],[23.5776,39.9293],[23.5714,39.9299],[23.563,39.9291],[23.5607,39.9297],[23.5598,39.9307],[23.5578,39.9316],[23.5484,39.9344],[23.5441,39.937],[23.5422,39.9387],[23.5401,39.9389],[23.5359,39.9408],[23.5297,39.9428],[23.5241,39.9453],[23.5057,39.9521],[23.5016,39.9548],[23.4901,39.9594],[23.4828,39.9619],[23.4776,39.9626],[23.4739,39.9641],[23.4651,39.9662],[23.4495,39.9673],[23.438,39.9668],[23.4359,39.9673],[23.4339,39.966],[23.4318,39.9656],[23.4192,39.9589],[23.412,39.9568],[23.3964,39.9568],[23.3901,39.9576],[23.3828,39.9594],[23.3766,39.9597],[23.3725,39.9589],[23.3682,39.9567],[23.3609,39.9549],[23.3568,39.9521],[23.3557,39.952],[23.3536,39.9528],[23.3526,39.9557],[23.353,39.9568],[23.3575,39.9641],[23.3672,39.9771],[23.3693,39.9807],[23.3703,39.9838],[23.3735,39.988],[23.3764,39.9943],[23.3776,39.9955],[23.3775,39.9995],[23.3766,40],[23.0005,40],[23,39.9995],[23,39.5516],[23.0036,39.5516],[23.0068,39.5495],[23.0068,39.5474],[23.0057,39.5464],[23.0057,39.5443],[23.0078,39.5443],[23.0089,39.5432],[23.0109,39.5427],[23.0115,39.5422],[23.0109,39.5416],[23.0109,39.5391],[23.012,39.538],[23.0141,39.5376],[23.0151,39.5359],[23.0145,39.5349],[23.0153,39.5339],[23.0224,39.5287],[23.0255,39.5286],[23.0273,39.5276],[23.0297,39.528],[23.0328,39.5276],[23.0339,39.5286],[23.0349,39.5286],[23.0363,39.5276],[23.038,39.5276],[23.037,39.5286],[23.038,39.5305],[23.0391,39.5309],[23.0464,39.5312],[23.0505,39.5307],[23.055,39.5286],[23.0574,39.5255],[23.057,39.5245],[23.0547,39.5224],[23.0578,39.5205],[23.0599,39.5203],[23.0609,39.5193],[23.063,39.5193],[23.0661,39.5182],[23.0693,39.5158],[23.0703,39.514],[23.0724,39.5124],[23.0755,39.512],[23.0776,39.511],[23.0828,39.5073],[23.0859,39.506],[23.0885,39.5036],[23.091,39.5026],[23.0922,39.5026],[23.0953,39.5005],[23.0964,39.5005],[23.0984,39.4974],[23.0995,39.4974],[23.1005,39.4984],[23.1016,39.4974],[23.1005,39.4964],[23.1005,39.4943],[23.1016,39.4932],[23.1013,39.4911],[23.1057,39.487],[23.1057,39.4849],[23.1068,39.4839],[23.1078,39.4849],[23.1089,39.4839],[23.1078,39.4828],[23.1078,39.4818],[23.1099,39.4797],[23.1099,39.478],[23.112,39.4755],[23.1133,39.4724],[23.1182,39.4655],[23.1201,39.462],[23.1273,39.4526],[23.1328,39.4493],[23.1339,39.4491],[23.1432,39.4383],[23.1484,39.4349],[23.1516,39.4318],[23.1526,39.4318],[23.1557,39.4286],[23.1557,39.4276],[23.1568,39.4266],[23.1568,39.4258],[23.1609,39.4216],[23.1634,39.4203],[23.1658,39.4172],[23.1714,39.4119],[23.1733,39.4089],[23.1755,39.4075],[23.1818,39.4078],[23.1839,39.4057],[23.1839,39.4037],[23.1849,39.4036],[23.188,39.4005],[23.1901,39.4022],[23.1943,39.4005],[23.1961,39.3984],[23.1971,39.3943],[23.1953,39.3932],[23.1953,39.3911],[23.1964,39.3907],[23.1974,39.3922],[23.1984,39.3911],[23.1969,39.3901],[23.1962,39.387],[23.1964,39.3859],[23.1973,39.3839],[23.1984,39.3833],[23.1995,39.383],[23.2016,39.3849],[23.2026,39.3839],[23.2026,39.3828],[23.2036,39.3839],[23.2047,39.3828],[23.2036,39.3818],[23.2033,39.3786],[23.2047,39.3763],[23.2068,39.3745],[23.2068,39.3703],[23.2059,39.3693],[23.2075,39.3682],[23.2078,39.366],[23.2088,39.3651],[23.2099,39.3651],[23.2109,39.3661],[23.2123,39.3651],[23.2141,39.3651],[23.2157,39.363],[23.2161,39.3613],[23.2182,39.3599],[23.2182,39.3589],[23.2193,39.3579],[23.2224,39.3589],[23.2234,39.3578],[23.2234,39.3568],[23.2224,39.3557],[23.2224,39.3547],[23.2234,39.3536],[23.2234,39.3518],[23.2297,39.3491],[23.2306,39.3474],[23.2328,39.3474],[23.2339,39.3467],[23.2349,39.3453],[23.2349,39.3443],[23.2339,39.3428],[23.2359,39.3423],[23.237,39.3429],[23.2391,39.3408],[23.2432,39.3406],[23.2443,39.3401],[23.2453,39.3386],[23.2484,39.3385],[23.2505,39.3378],[23.2516,39.3363],[23.2526,39.336],[23.2536,39.3363],[23.2557,39.3358],[23.2568,39.3344],[23.2578,39.3342],[23.2617,39.3307],[23.2616,39.3286],[23.263,39.3265],[23.2651,39.3245],[23.2661,39.3245],[23.2672,39.3234],[23.2693,39.3234],[23.2703,39.3224],[23.2699,39.3214],[23.2703,39.32],[23.2714,39.3206],[23.2724,39.3203],[23.2734,39.3193],[23.273,39.3172],[23.2741,39.3161],[23.2755,39.3161],[23.2776,39.313],[23.2776,39.3075],[23.2808,39.3047],[23.2797,39.3036],[23.2783,39.3047],[23.2782,39.3036],[23.2776,39.3028],[23.2782,39.3016],[23.2768,39.2995],[23.2769,39.2984],[23.2776,39.297],[23.2819,39.2922],[23.2828,39.2922],[23.2859,39.2899],[23.287,39.288],[23.2859,39.2862],[23.2859,39.2849],[23.2847,39.2839],[23.2849,39.2828],[23.2859,39.2818],[23.2859,39.2807],[23.2849,39.2797],[23.2839,39.2774],[23.2849,39.2758],[23.288,39.274],[23.2922,39.2696],[23.2995,39.2641],[23.3025,39.2609],[23.3068,39.2586],[23.312,39.2541],[23.3141,39.2528],[23.3142,39.2516],[23.3169,39.2495],[23.317,39.2474],[23.3176,39.2464],[23.3182,39.2464],[23.3193,39.2453],[23.3193,39.2432],[23.3203,39.2422],[23.3186,39.2391],[23.3204,39.2359],[23.3234,39.2339],[23.3272,39.2297],[23.3284,39.2276],[23.3297,39.2266],[23.3307,39.2266],[23.3328,39.225],[23.3339,39.2266],[23.3349,39.2255],[23.3333,39.2245],[23.3334,39.2224],[23.3324,39.2214],[23.3339,39.2203],[23.3339,39.2194],[23.3349,39.2193],[23.3359,39.2182],[23.3339,39.2161],[23.3343,39.213],[23.3377,39.2089],[23.3375,39.2078],[23.338,39.2056],[23.3443,39.2007],[23.3464,39.1962],[23.3516,39.1922],[23.3534,39.188],[23.354,39.1839],[23.3535,39.1818],[23.3521,39.1797],[23.3526,39.1776],[23.3484,39.1732],[23.3464,39.1724],[23.3463,39.1714],[23.3391,39.1643],[23.3349,39.1582],[23.3318,39.1576],[23.3312,39.1568],[23.3318,39.1557],[23.3315,39.1547],[23.3307,39.1538],[23.3287,39.1536],[23.3287,39.1516],[23.3245,39.1484],[23.3193,39.1469],[23.3182,39.1456],[23.3172,39.1455],[23.3161,39.1446],[23.3132,39.1443],[23.312,39.1432],[23.3101,39.1432],[23.3089,39.1422],[23.3078,39.1422],[23.3078,39.1401],[23.309,39.1391],[23.3078,39.1375],[23.3057,39.1372],[23.3047,39.138],[23.3047,39.1401],[23.3033,39.1391],[23.3047,39.138],[23.3047,39.137],[23.3036,39.1367],[23.3026,39.1385],[23.2984,39.1384],[23.2974,39.138],[23.2964,39.1364],[23.2943,39.1357],[23.2901,39.1362],[23.2891,39.138],[23.2867,39.138],[23.2859,39.1373],[23.2839,39.1368],[23.2818,39.1344],[23.2807,39.134],[23.2786,39.1349],[23.2797,39.1366],[23.281,39.137],[23.2776,39.137],[23.2766,39.138],[23.2761,39.1359],[23.2745,39.1352],[23.2734,39.137],[23.2745,39.1381],[23.2714,39.1381],[23.2683,39.137],[23.2643,39.1339],[23.2654,39.1328],[23.2647,39.1318],[23.2641,39.1314],[23.2634,39.1318],[23.263,39.133],[23.2606,39.1328],[23.259,39.1318],[23.2599,39.1311],[23.2604,39.1297],[23.26,39.1286],[23.2578,39.1262],[23.2526,39.1234],[23.2505,39.1226],[23.2484,39.1225],[23.2474,39.1247],[23.2464,39.1248],[23.2453,39.1255],[23.2443,39.1234],[23.2422,39.1216],[23.2401,39.1211],[23.238,39.1217],[23.2328,39.1219],[23.2318,39.1224],[23.2297,39.1221],[23.2276,39.1229],[23.2251,39.1245],[23.2245,39.1255],[23.2255,39.1266],[23.2224,39.1297],[23.2228,39.1307],[23.2222,39.1307],[23.2213,39.1297],[23.2214,39.1286],[23.2203,39.1276],[23.2204,39.1266],[23.2196,39.1255],[23.2161,39.1234],[23.2141,39.1228],[23.2109,39.1203],[23.2099,39.1203],[23.2099,39.1185],[23.2141,39.1182],[23.2172,39.1168],[23.2214,39.1163],[23.2266,39.1141],[23.2276,39.1149],[23.2286,39.1132],[23.2294,39.113],[23.2304,39.1109],[23.2302,39.1099],[23.2276,39.1069],[23.2224,39.1036],[23.2109,39.0981],[23.2101,39.0974],[23.2087,39.0943],[23.2068,39.0923],[23.2047,39.092],[23.2036,39.0924],[23.2026,39.0943],[23.2016,39.0943],[23.2005,39.0927],[23.1984,39.0919],[23.1974,39.0926],[23.1966,39.0943],[23.1984,39.0953],[23.1984,39.0964],[23.1974,39.0974],[23.1979,39.0995],[23.1974,39.1005],[23.1974,39.1026],[23.1964,39.1026],[23.1949,39.0995],[23.1932,39.0977],[23.188,39.099],[23.187,39.0979],[23.1859,39.0988],[23.1849,39.0984],[23.1839,39.1005],[23.1828,39.101],[23.1823,39.0995],[23.1797,39.0971],[23.1693,39.0948],[23.1672,39.0948],[23.1641,39.0932],[23.163,39.0943],[23.163,39.0932],[23.1641,39.0922],[23.1641,39.0911],[23.1651,39.0912],[23.1665,39.0901],[23.1654,39.0891],[23.1651,39.0881],[23.1641,39.0883],[23.162,39.0869],[23.1578,39.0859],[23.1557,39.0859],[23.1547,39.0864],[23.1526,39.0886],[23.1484,39.0883],[23.1443,39.0895],[23.1432,39.089],[23.1422,39.0899],[23.1411,39.0896],[23.1371,39.087],[23.1368,39.0859],[23.1342,39.0828],[23.1266,39.0812],[23.1245,39.0794],[23.1234,39.08],[23.1224,39.0795],[23.1207,39.0797],[23.1202,39.0818],[23.1218,39.0828],[23.1203,39.0839],[23.1193,39.0828],[23.1182,39.0826],[23.1179,39.0839],[23.1161,39.0839],[23.113,39.0811],[23.112,39.0811],[23.1026,39.0843],[23.1011,39.0859],[23.1002,39.0859],[23.0999,39.0849],[23.0953,39.083],[23.0891,39.0827],[23.0807,39.0811],[23.0766,39.0813],[23.0734,39.0821],[23.0714,39.0839],[23.0725,39.0849],[23.0714,39.0859],[23.0707,39.088],[23.0682,39.0901],[23.0672,39.0901],[23.0661,39.0891],[23.0651,39.0891],[23.0637,39.0911],[23.0641,39.0901],[23.063,39.0891],[23.062,39.0901],[23.0589,39.0901],[23.0578,39.0911],[23.0578,39.0922],[23.0589,39.0932],[23.0578,39.0937],[23.0568,39.0932],[23.0526,39.0932],[23.0516,39.0943],[23.0505,39.0943],[23.0495,39.0953],[23.0495,39.0964],[23.0505,39.098],[23.0516,39.0984],[23.0505,39.0984],[23.0495,39.0995],[23.0505,39.1012],[23.0526,39.1016],[23.0526,39.1026],[23.0536,39.1036],[23.0536,39.1057],[23.0578,39.1099],[23.0609,39.1099],[23.0611,39.1109],[23.063,39.113],[23.063,39.1141],[23.0641,39.1151],[23.0641,39.1161],[23.0651,39.1172],[23.0658,39.1172],[23.0656,39.1182],[23.0641,39.1193],[23.0635,39.1214],[23.0651,39.124],[23.0651,39.1276],[23.0661,39.1286],[23.0672,39.1286],[23.0661,39.1286],[23.0641,39.1307],[23.0637,39.1339],[23.0642,39.1359],[23.0651,39.1372],[23.0661,39.1373],[23.0672,39.1368],[23.0672,39.138],[23.0693,39.1401],[23.0714,39.1401],[23.0724,39.1411],[23.0731,39.1411],[23.0729,39.1422],[23.0734,39.1428],[23.0751,39.1432],[23.0807,39.1484],[23.0818,39.1484],[23.0829,39.1474],[23.0828,39.1462],[23.0839,39.1457],[23.0859,39.1464],[23.087,39.149],[23.0888,39.1474],[23.0922,39.1474],[23.0932,39.1464],[23.0932,39.1438],[23.0943,39.1438],[23.0995,39.1485],[23.0995,39.1495],[23.1005,39.1505],[23.1005,39.1516],[23.1016,39.1526],[23.1025,39.1526],[23.1016,39.1536],[23.1026,39.1563],[23.104,39.1568],[23.1036,39.1578],[23.1042,39.1589],[23.1068,39.1609],[23.1078,39.1612],[23.1089,39.1609],[23.1099,39.1599],[23.1096,39.1557],[23.1089,39.1549],[23.1067,39.1547],[23.1078,39.1522],[23.1109,39.1519],[23.112,39.1526],[23.113,39.1526],[23.1141,39.1516],[23.1141,39.1505],[23.1161,39.1505],[23.1172,39.1499],[23.1193,39.1484],[23.1195,39.1474],[23.1163,39.1443],[23.1161,39.1422],[23.1154,39.1411],[23.1141,39.1401],[23.113,39.1411],[23.1127,39.1391],[23.1116,39.138],[23.113,39.138],[23.1141,39.1391],[23.1151,39.1391],[23.1161,39.138],[23.1172,39.1393],[23.1182,39.1388],[23.119,39.138],[23.1162,39.1359],[23.1172,39.1349],[23.1193,39.1359],[23.1224,39.1367],[23.1231,39.1359],[23.1255,39.1352],[23.1266,39.1358],[23.1276,39.1353],[23.1297,39.1361],[23.1307,39.1358],[23.1318,39.1366],[23.1322,39.1359],[23.1318,39.1348],[23.1328,39.1343],[23.134,39.1349],[23.1328,39.1332],[23.1276,39.131],[23.1266,39.1311],[23.1245,39.13],[23.1224,39.128],[23.1214,39.1279],[23.1214,39.1252],[23.1206,39.1255],[23.1203,39.1268],[23.1198,39.1245],[23.1204,39.1234],[23.1195,39.1224],[23.1191,39.1161],[23.1172,39.113],[23.1109,39.11],[23.1078,39.11],[23.1057,39.1092],[23.1051,39.1089],[23.1047,39.1077],[23.1036,39.1079],[23.1005,39.1068],[23.0984,39.1068],[23.0974,39.1057],[23.0964,39.1068],[23.0964,39.1056],[23.0974,39.1036],[23.0974,39.1005],[23.0964,39.0995],[23.0964,39.0982],[23.0984,39.0995],[23.1026,39.0999],[23.1047,39.1016],[23.1057,39.1005],[23.1084,39.1005],[23.1099,39.101],[23.1099,39.1016],[23.1141,39.1057],[23.1161,39.1057],[23.1193,39.1078],[23.1203,39.1073],[23.1215,39.1089],[23.1234,39.1099],[23.1266,39.113],[23.1286,39.113],[23.1297,39.1115],[23.1307,39.1118],[23.1307,39.113],[23.1322,39.1151],[23.1328,39.1155],[23.1339,39.1151],[23.1348,39.1172],[23.1359,39.1182],[23.138,39.1193],[23.1391,39.1193],[23.1391,39.1203],[23.1373,39.1214],[23.1391,39.1228],[23.1401,39.1214],[23.1411,39.1214],[23.1422,39.1224],[23.1432,39.1224],[23.1443,39.1214],[23.1474,39.1214],[23.1484,39.1203],[23.1499,39.1203],[23.1505,39.1208],[23.1511,39.1203],[23.1551,39.1203],[23.1557,39.1208],[23.1557,39.1214],[23.1547,39.1224],[23.1526,39.1224],[23.1505,39.1245],[23.1505,39.1258],[23.1499,39.1266],[23.1484,39.1276],[23.1474,39.1276],[23.1464,39.1266],[23.1448,39.1276],[23.1505,39.1328],[23.1516,39.1328],[23.153,39.1318],[23.1547,39.1318],[23.1589,39.1275],[23.1599,39.1273],[23.1641,39.1289],[23.1651,39.1286],[23.1672,39.1266],[23.1682,39.1261],[23.1703,39.1269],[23.1724,39.1261],[23.1748,39.1266],[23.1766,39.1286],[23.1755,39.1307],[23.1724,39.1339],[23.1724,39.1349],[23.1732,39.137],[23.1745,39.1376],[23.1768,39.1401],[23.1766,39.1411],[23.1755,39.1422],[23.1755,39.1443],[23.1745,39.1453],[23.1734,39.1443],[23.1724,39.1453],[23.1734,39.1464],[23.1734,39.1495],[23.1745,39.1505],[23.1734,39.1516],[23.1745,39.1526],[23.173,39.1547],[23.1734,39.1554],[23.1745,39.1557],[23.176,39.1547],[23.1776,39.1568],[23.1796,39.1568],[23.1807,39.1578],[23.1807,39.1589],[23.1828,39.1609],[23.1859,39.1578],[23.1849,39.1568],[23.1849,39.1557],[23.1891,39.1589],[23.1891,39.1599],[23.1901,39.1609],[23.1922,39.1615],[23.1936,39.1609],[23.195,39.1589],[23.1951,39.1578],[23.1932,39.1547],[23.1933,39.1536],[23.1953,39.1534],[23.1964,39.1547],[23.1964,39.1557],[23.1974,39.1568],[23.2004,39.1578],[23.2024,39.1599],[23.2017,39.162],[23.2022,39.1641],[23.203,39.1641],[23.2036,39.1626],[23.2047,39.1627],[23.2047,39.1651],[23.2057,39.1664],[23.2057,39.1693],[23.2068,39.1703],[23.2053,39.1714],[23.2068,39.1737],[23.2078,39.1714],[23.2099,39.1714],[23.2109,39.1703],[23.2109,39.1664],[23.2115,39.1661],[23.2109,39.1658],[23.2109,39.1628],[23.212,39.1622],[23.2127,39.163],[23.2117,39.1641],[23.213,39.1653],[23.2159,39.1661],[23.2168,39.1672],[23.2173,39.1714],[23.2199,39.1755],[23.22,39.1766],[23.2187,39.1797],[23.2196,39.1807],[23.2196,39.1818],[23.2182,39.1828],[23.2182,39.1839],[23.2172,39.1849],[23.2176,39.1859],[23.2174,39.187],[23.2161,39.1893],[23.2151,39.1894],[23.2144,39.187],[23.2147,39.1849],[23.2141,39.1846],[23.2136,39.1859],[23.213,39.1861],[23.2119,39.1839],[23.2089,39.1821],[23.2064,39.1839],[23.2068,39.1849],[23.2099,39.187],[23.2095,39.188],[23.212,39.1901],[23.2092,39.1922],[23.2068,39.1932],[23.2057,39.1932],[23.2005,39.1984],[23.1995,39.1984],[23.1989,39.1974],[23.199,39.1964],[23.1984,39.1959],[23.1974,39.196],[23.1956,39.1943],[23.1949,39.1943],[23.1941,39.1964],[23.194,39.1984],[23.1932,39.1995],[23.1953,39.2005],[23.1953,39.2035],[23.1938,39.2036],[23.1932,39.2022],[23.1925,39.2026],[23.1921,39.2036],[23.1932,39.2047],[23.1922,39.2057],[23.1911,39.2047],[23.1901,39.2057],[23.1911,39.2068],[23.1901,39.2068],[23.1891,39.2078],[23.1891,39.2105],[23.1873,39.213],[23.187,39.2151],[23.1848,39.2182],[23.1851,39.2224],[23.1797,39.2266],[23.1776,39.2266],[23.1766,39.2276],[23.1774,39.2307],[23.1769,39.2339],[23.1776,39.2359],[23.1766,39.2362],[23.1755,39.2347],[23.1743,39.2359],[23.1756,39.237],[23.1766,39.2396],[23.1786,39.2411],[23.1783,39.2422],[23.1797,39.2426],[23.1797,39.2432],[23.1807,39.2443],[23.181,39.2453],[23.1805,39.2484],[23.1798,39.2495],[23.1786,39.2495],[23.1776,39.2505],[23.1776,39.2515],[23.1759,39.2536],[23.1755,39.2538],[23.1745,39.2526],[23.1727,39.2536],[23.1734,39.2544],[23.1746,39.2547],[23.174,39.2568],[23.1717,39.2599],[23.1703,39.2599],[23.1697,39.2589],[23.1682,39.2581],[23.1651,39.2584],[23.1642,39.2599],[23.1661,39.2609],[23.1661,39.262],[23.1651,39.263],[23.1656,39.2651],[23.1656,39.2672],[23.1651,39.2683],[23.1618,39.2682],[23.163,39.2679],[23.1641,39.2682],[23.1647,39.2661],[23.1641,39.2647],[23.162,39.2661],[23.1619,39.2672],[23.1609,39.2682],[23.1597,39.2714],[23.1609,39.2724],[23.1599,39.2734],[23.1589,39.2734],[23.1578,39.2743],[23.1568,39.2755],[23.1561,39.2776],[23.1547,39.2776],[23.1536,39.2758],[23.1516,39.2765],[23.1516,39.2776],[23.1496,39.2786],[23.1489,39.2797],[23.1471,39.2839],[23.1432,39.2864],[23.1421,39.2891],[23.137,39.2892],[23.1358,39.2901],[23.1339,39.2901],[23.1328,39.2886],[23.1318,39.2887],[23.1297,39.2894],[23.1281,39.2911],[23.1282,39.2922],[23.1291,39.2932],[23.1255,39.2948],[23.1245,39.2937],[23.1214,39.2948],[23.1206,39.2964],[23.1227,39.2974],[23.1227,39.2984],[23.1215,39.3026],[23.1203,39.3036],[23.1151,39.304],[23.1123,39.3057],[23.1099,39.306],[23.1089,39.3039],[23.1068,39.3053],[23.1057,39.3047],[23.1047,39.3051],[23.1036,39.3046],[23.1026,39.3035],[23.1005,39.3039],[23.0984,39.3036],[23.0974,39.3044],[23.0971,39.3057],[23.0964,39.3057],[23.0953,39.3068],[23.0943,39.309],[23.0942,39.3078],[23.0933,39.3068],[23.0901,39.3064],[23.0882,39.3078],[23.0883,39.3089],[23.0901,39.3099],[23.088,39.3099],[23.087,39.3081],[23.0859,39.3099],[23.0839,39.3099],[23.0836,39.3089],[23.0828,39.3083],[23.0813,39.3099],[23.0828,39.3109],[23.0797,39.3109],[23.0776,39.313],[23.0766,39.3134],[23.0755,39.3112],[23.0703,39.31],[23.0682,39.3078],[23.0672,39.3076],[23.0661,39.3081],[23.0651,39.3078],[23.0641,39.3103],[23.063,39.3099],[23.0547,39.3099],[23.0536,39.3109],[23.0526,39.3109],[23.0516,39.3094],[23.0495,39.309],[23.0484,39.3099],[23.0474,39.3095],[23.0464,39.3106],[23.0453,39.3102],[23.0437,39.3109],[23.0432,39.3133],[23.0419,39.313],[23.0411,39.312],[23.0349,39.3117],[23.0334,39.312],[23.033,39.313],[23.0307,39.3123],[23.0297,39.3129],[23.0266,39.3131],[23.0255,39.3141],[23.0255,39.313],[23.0245,39.3117],[23.0224,39.3109],[23.0203,39.311],[23.018,39.312],[23.0175,39.3141],[23.0166,39.3151],[23.0172,39.3156],[23.0172,39.3174],[23.0162,39.3182],[23.016,39.3151],[23.0151,39.3143],[23.012,39.3145],[23.0104,39.3151],[23.01,39.3161],[23.0107,39.3182],[23.0133,39.3193],[23.0137,39.3224],[23.0124,39.3245],[23.0123,39.3276],[23.0108,39.3286],[23.0099,39.331],[23.0089,39.3314],[23.0078,39.3309],[23.0057,39.3331],[23.0047,39.3327],[23.0005,39.3334],[23,39.3328],[23,39.0661],[23.0016,39.0651],[23,39.0641],[23,39.0432],[23.0007,39.0422],[23,39.0411],[23.0026,39.0401],[23.0037,39.038],[23.0019,39.0359],[23.0013,39.0339],[23,39.0318],[23,39.0245],[23.0005,39.024],[23.0026,39.0261],[23.0047,39.0297],[23.0057,39.0302],[23.0068,39.0318],[23.0078,39.0313],[23.0089,39.0315],[23.0099,39.0302],[23.0109,39.0302],[23.012,39.0276],[23.0141,39.0255],[23.0161,39.0252],[23.0161,39.0266],[23.0182,39.0286],[23.0193,39.0276],[23.0203,39.0281],[23.0221,39.0297],[23.0234,39.0318],[23.0245,39.0322],[23.0245,39.0339],[23.0228,39.0349],[23.0245,39.0364],[23.0255,39.0349],[23.0279,39.0349],[23.0297,39.0359],[23.0318,39.0359],[23.0349,39.038],[23.0359,39.037],[23.037,39.038],[23.0391,39.0377],[23.0401,39.038],[23.0464,39.038],[23.0469,39.0411],[23.0484,39.0424],[23.0495,39.0418],[23.0506,39.0422],[23.051,39.0401],[23.0495,39.0391],[23.0516,39.0391],[23.0526,39.0405],[23.0532,39.0401],[23.0536,39.0391],[23.0526,39.038],[23.0547,39.038],[23.0557,39.0391],[23.0589,39.0391],[23.0599,39.0391],[23.0609,39.0381],[23.062,39.038],[23.0651,39.0401],[23.0661,39.0391],[23.0682,39.0387],[23.0693,39.0409],[23.0703,39.0407],[23.0716,39.0391],[23.0715,39.0349],[23.071,39.0328],[23.0714,39.0318],[23.0686,39.0276],[23.0655,39.0245],[23.066,39.0234],[23.063,39.0195],[23.0609,39.0193],[23.0578,39.0172],[23.0578,39.0161],[23.0589,39.0151],[23.0589,39.0141],[23.0575,39.012],[23.0574,39.0099],[23.0578,39.0093],[23.0589,39.0089],[23.0609,39.0109],[23.0641,39.0114],[23.0648,39.0109],[23.0672,39.0109],[23.0683,39.0099],[23.0708,39.0099],[23.0724,39.0109],[23.0734,39.0126],[23.0737,39.012],[23.0745,39.012],[23.0755,39.0142],[23.0766,39.0125],[23.0776,39.0133],[23.0786,39.0131],[23.0801,39.012],[23.0818,39.0083],[23.0839,39.008],[23.0849,39.0091],[23.087,39.0081],[23.0868,39.0068],[23.088,39.0057],[23.0873,39.0047],[23.0881,39.0036],[23.0877,39.0026],[23.0881,39.0016],[23.0874,39.0005],[23.088,39],[23.1203,39],[23.1204,39.0005],[23.1269,39.0057],[23.1286,39.0079],[23.1307,39.0092],[23.1328,39.0095],[23.1484,39.0091],[23.1516,39.0096],[23.1547,39.0111],[23.1557,39.0111],[23.1599,39.0098],[23.1745,39.009],[23.1807,39.0063],[23.1849,39.0057],[23.2036,39.0064],[23.2057,39.0071],[23.2089,39.0094],[23.213,39.0151],[23.2234,39.0206],[23.2323,39.0245],[23.238,39.0258],[23.2484,39.0251],[23.2516,39.026],[23.2536,39.0252],[23.2557,39.0254],[23.265,39.0318],[23.2672,39.0341],[23.2743,39.0349],[23.2755,39.0358],[23.2765,39.038],[23.2786,39.0391],[23.2828,39.0397],[23.288,39.0388],[23.2922,39.0405],[23.2953,39.0402],[23.3005,39.0407],[23.3057,39.04],[23.3099,39.0409],[23.3182,39.0397],[23.3226,39.038],[23.3255,39.0361],[23.3284,39.0328],[23.3303,39.0318],[23.3315,39.0297],[23.3322,39.0266],[23.334,39.0234],[23.337,39.0194],[23.3387,39.0182],[23.3401,39.0178],[23.3422,39.0182],[23.3432,39.0168],[23.3443,39.0167],[23.3453,39.0172],[23.3484,39.0172],[23.3495,39.0161],[23.3491,39.0151],[23.3495,39.014],[23.3517,39.012],[23.3547,39.0108],[23.3568,39.0105],[23.3609,39.0109],[23.3621,39.0099],[23.3641,39.0092],[23.3714,39.0089],[23.3724,39.0083],[23.3755,39.0083],[23.3776,39.0074],[23.3786,39.0057],[23.3807,39.005],[23.3818,39.0033],[23.3828,39.004],[23.383,39.0036],[23.3821,39.0026],[23.3827,39.0016],[23.3824,39.0005],[23.3828,39],[23.9995,39],[24,39.0005]],[[23.1839,39.2208],[23.1834,39.2214],[23.1839,39.2216],[23.1842,39.2214],[23.1839,39.2208]],[[23.8651,39.1974],[23.8641,39.197],[23.8609,39.1971],[23.8586,39.1995],[23.8579,39.2005],[23.8581,39.2026],[23.8595,39.2047],[23.8641,39.2057],[23.8653,39.2047],[23.8651,39.2026],[23.8661,39.2016],[23.8661,39.1995],[23.8672,39.1984],[23.8661,39.1974],[23.8651,39.1974]],[[23.863,39.1859],[23.8608,39.1859],[23.862,39.186],[23.8623,39.187],[23.8638,39.188],[23.8609,39.189],[23.8622,39.1911],[23.8624,39.1932],[23.8641,39.1944],[23.8672,39.1943],[23.8682,39.1932],[23.8672,39.1922],[23.8672,39.1911],[23.8682,39.1901],[23.863,39.1859]],[[23.0589,39.1723],[23.0578,39.1719],[23.0568,39.1734],[23.0557,39.1734],[23.0536,39.1749],[23.0526,39.1734],[23.0516,39.1733],[23.0505,39.1744],[23.0495,39.1743],[23.0484,39.1755],[23.0474,39.1755],[23.0458,39.1766],[23.0495,39.1807],[23.0517,39.1818],[23.0536,39.1839],[23.0557,39.1839],[23.0568,39.1849],[23.0589,39.1847],[23.0598,39.1828],[23.0598,39.1818],[23.0589,39.1797],[23.0568,39.1776],[23.0568,39.1766],[23.0578,39.1755],[23.0578,39.1745],[23.0597,39.1734],[23.0589,39.1723]],[[23.9839,39.1609],[23.9797,39.1604],[23.9786,39.162],[23.9801,39.163],[23.9786,39.163],[23.9755,39.1661],[23.974,39.1641],[23.9755,39.163],[23.9745,39.1609],[23.9724,39.1601],[23.9682,39.1604],[23.9665,39.162],[23.9661,39.163],[23.9675,39.1641],[23.9669,39.1651],[23.9672,39.1661],[23.9661,39.1672],[23.9661,39.1682],[23.9672,39.1693],[23.9672,39.1703],[23.9641,39.1675],[23.9641,39.1661],[23.963,39.1651],[23.962,39.1651],[23.9609,39.1661],[23.9599,39.1656],[23.9609,39.1641],[23.9609,39.163],[23.9599,39.1615],[23.9578,39.1605],[23.9557,39.1605],[23.9547,39.162],[23.9561,39.163],[23.9547,39.163],[23.9547,39.162],[23.9536,39.1615],[23.9528,39.162],[23.9526,39.163],[23.9547,39.1651],[23.9526,39.1651],[23.9505,39.1637],[23.949,39.1641],[23.948,39.1651],[23.9495,39.1661],[23.9495,39.1682],[23.9516,39.1703],[23.9501,39.1703],[23.9474,39.1681],[23.9464,39.1679],[23.9453,39.1693],[23.9464,39.1703],[23.9453,39.1703],[23.9452,39.1693],[23.9443,39.1682],[23.9432,39.1683],[23.9425,39.1693],[23.942,39.1703],[23.9432,39.1714],[23.9432,39.1724],[23.9422,39.1724],[23.9411,39.1714],[23.94,39.1714],[23.9401,39.1724],[23.9411,39.1734],[23.9411,39.1766],[23.9401,39.1766],[23.938,39.1797],[23.938,39.1818],[23.9422,39.1859],[23.9453,39.1859],[23.9464,39.1849],[23.9474,39.1865],[23.9484,39.187],[23.9557,39.187],[23.9589,39.1891],[23.9599,39.1891],[23.9609,39.1901],[23.9626,39.1901],[23.963,39.1918],[23.9641,39.1922],[23.9661,39.1922],[23.9672,39.1914],[23.9692,39.1911],[23.973,39.1911],[23.9775,39.1953],[23.9776,39.1995],[23.9766,39.1995],[23.9755,39.1984],[23.9734,39.1984],[23.9724,39.1995],[23.9724,39.2039],[23.9717,39.2047],[23.971,39.2047],[23.9714,39.2018],[23.9693,39.2013],[23.9682,39.2024],[23.966,39.2016],[23.9672,39.2031],[23.9696,39.2047],[23.9693,39.2068],[23.9682,39.2078],[23.9672,39.2063],[23.9661,39.206],[23.9651,39.2065],[23.9641,39.2059],[23.9638,39.2068],[23.9661,39.2089],[23.9661,39.2099],[23.9672,39.2109],[23.9682,39.2109],[23.9661,39.2109],[23.9651,39.2125],[23.9641,39.2109],[23.963,39.2106],[23.9625,39.212],[23.9641,39.2141],[23.9641,39.2166],[23.963,39.2172],[23.962,39.2161],[23.9609,39.2172],[23.962,39.2182],[23.9619,39.2203],[23.963,39.2214],[23.9651,39.2214],[23.9661,39.2224],[23.9672,39.2224],[23.9672,39.2234],[23.9661,39.2245],[23.9682,39.2266],[23.9693,39.2266],[23.9682,39.2276],[23.9682,39.2328],[23.9703,39.2359],[23.9706,39.238],[23.9703,39.2391],[23.9724,39.2411],[23.9745,39.2391],[23.9765,39.2411],[23.9766,39.2422],[23.9766,39.2411],[23.9774,39.2401],[23.9797,39.2394],[23.9808,39.237],[23.9804,39.2359],[23.981,39.2339],[23.9807,39.2328],[23.9783,39.2307],[23.9797,39.2307],[23.9828,39.2328],[23.9843,39.2307],[23.9845,39.2245],[23.9838,39.2214],[23.9841,39.2193],[23.9849,39.2186],[23.9859,39.2186],[23.988,39.2169],[23.9891,39.2172],[23.9922,39.2164],[23.9946,39.2141],[23.9956,39.212],[23.9907,39.2005],[23.9904,39.1932],[23.9881,39.1911],[23.9894,39.1901],[23.9887,39.1891],[23.9905,39.1849],[23.9904,39.1807],[23.9894,39.1776],[23.987,39.172],[23.9849,39.1724],[23.9839,39.1734],[23.9839,39.1703],[23.9849,39.1693],[23.9859,39.1708],[23.9871,39.1693],[23.9859,39.1682],[23.987,39.1672],[23.9859,39.1661],[23.9859,39.1651],[23.9872,39.1641],[23.9873,39.163],[23.9859,39.1614],[23.9839,39.1609]],[[23.187,39.1589],[23.1859,39.1589],[23.1849,39.1599],[23.1859,39.161],[23.187,39.1609],[23.188,39.1599],[23.187,39.1589]],[[23.5161,39.1589],[23.5151,39.1599],[23.5151,39.1609],[23.5161,39.162],[23.5172,39.1609],[23.5172,39.1599],[23.5161,39.1589]],[[23.0703,39.1481],[23.0672,39.1475],[23.0661,39.1495],[23.0651,39.1498],[23.0641,39.148],[23.0625,39.1495],[23.0644,39.1505],[23.0651,39.1514],[23.0641,39.1532],[23.0633,39.1536],[23.0648,39.1557],[23.0641,39.1568],[23.0651,39.158],[23.0696,39.1599],[23.0696,39.1609],[23.0672,39.1609],[23.0661,39.162],[23.0661,39.163],[23.0676,39.1661],[23.0693,39.1672],[23.0724,39.1676],[23.0736,39.1693],[23.0766,39.1707],[23.078,39.1703],[23.0776,39.1699],[23.0776,39.1682],[23.0766,39.1672],[23.0766,39.1658],[23.0818,39.1673],[23.087,39.1682],[23.0891,39.1678],[23.0943,39.1693],[23.0953,39.1682],[23.0953,39.1661],[23.0965,39.1651],[23.0962,39.163],[23.0974,39.1609],[23.0974,39.1599],[23.0961,39.1589],[23.0953,39.157],[23.0943,39.1568],[23.0937,39.1557],[23.0901,39.1545],[23.088,39.1547],[23.087,39.1557],[23.0885,39.1568],[23.0866,39.1578],[23.0856,39.1568],[23.087,39.1557],[23.0859,39.1547],[23.0849,39.1561],[23.0828,39.1536],[23.0818,39.1536],[23.0807,39.152],[23.0786,39.1516],[23.0772,39.1526],[23.0755,39.1516],[23.0739,39.1516],[23.0745,39.1505],[23.0734,39.1493],[23.0724,39.1484],[23.0703,39.1481]],[[23.5203,39.1432],[23.5172,39.1453],[23.5172,39.1464],[23.5151,39.1484],[23.5148,39.1495],[23.513,39.1516],[23.513,39.1536],[23.5141,39.1547],[23.5182,39.1568],[23.5193,39.158],[23.5214,39.1569],[23.5214,39.1547],[23.5203,39.1536],[23.5203,39.1526],[23.5234,39.1505],[23.5224,39.1495],[23.5241,39.1474],[23.5203,39.1432]],[[23.5953,39.1441],[23.5911,39.1441],[23.5898,39.1453],[23.5893,39.1474],[23.5897,39.1495],[23.5911,39.1515],[23.5932,39.1526],[23.5917,39.1536],[23.5932,39.156],[23.5943,39.1566],[23.5953,39.1561],[23.5984,39.1557],[23.5988,39.1526],[23.5998,39.1516],[23.5997,39.1505],[23.599,39.1495],[23.5997,39.1484],[23.5984,39.1482],[23.5966,39.1453],[23.5953,39.1441]],[[23.1661,39.1432],[23.1651,39.1427],[23.1642,39.1443],[23.1641,39.1464],[23.1651,39.1476],[23.1661,39.1474],[23.1672,39.1464],[23.1672,39.1443],[23.1661,39.1432]],[[23.5276,39.1428],[23.5255,39.1428],[23.5244,39.1443],[23.526,39.1453],[23.5253,39.1474],[23.5266,39.1484],[23.5307,39.1484],[23.5318,39.1503],[23.5328,39.1507],[23.5344,39.1484],[23.5343,39.1464],[23.5318,39.1439],[23.5276,39.1428]],[[23.8589,39.1307],[23.8578,39.1321],[23.8536,39.1297],[23.8505,39.1301],[23.8484,39.1318],[23.8481,39.1339],[23.8435,39.1391],[23.8422,39.1391],[23.8411,39.138],[23.8401,39.138],[23.8391,39.1391],[23.8391,39.1401],[23.838,39.141],[23.838,39.1401],[23.837,39.1391],[23.8349,39.1391],[23.8318,39.137],[23.8307,39.138],[23.8297,39.138],[23.8276,39.1401],[23.8276,39.1422],[23.8266,39.1432],[23.8263,39.1516],[23.828,39.1547],[23.8318,39.1582],[23.8432,39.163],[23.8443,39.1628],[23.8474,39.1635],[23.8495,39.1647],[23.8509,39.1661],[23.8527,39.1693],[23.8578,39.1735],[23.8589,39.1714],[23.8599,39.1714],[23.8609,39.1698],[23.862,39.1694],[23.868,39.1703],[23.8681,39.1714],[23.8693,39.1721],[23.8724,39.1727],[23.8745,39.1739],[23.8775,39.1786],[23.8776,39.1799],[23.8771,39.1807],[23.8755,39.1807],[23.8745,39.1797],[23.8703,39.1797],[23.8693,39.1804],[23.8689,39.1807],[23.8697,39.1818],[23.8682,39.1821],[23.8675,39.1828],[23.8675,39.187],[23.8693,39.188],[23.8693,39.1891],[23.8703,39.1901],[23.8714,39.1895],[23.8734,39.1893],[23.8742,39.1901],[23.8745,39.1922],[23.8755,39.1932],[23.8755,39.1959],[23.8734,39.1974],[23.8724,39.1966],[23.8714,39.1984],[23.8703,39.1984],[23.8682,39.2005],[23.8672,39.2005],[23.8661,39.2016],[23.8682,39.2036],[23.8669,39.2047],[23.8665,39.2057],[23.8672,39.2066],[23.8682,39.2068],[23.8693,39.2057],[23.8724,39.2057],[23.8734,39.2047],[23.8755,39.2047],[23.8766,39.2057],[23.8766,39.2068],[23.8776,39.2078],[23.8785,39.2078],[23.8801,39.2099],[23.8805,39.2109],[23.8797,39.212],[23.8807,39.213],[23.8813,39.213],[23.8839,39.2162],[23.8839,39.2172],[23.8852,39.2193],[23.8839,39.2193],[23.8828,39.2203],[23.8828,39.2214],[23.8839,39.2224],[23.8849,39.2214],[23.8849,39.2224],[23.8859,39.2235],[23.8901,39.2231],[23.8922,39.2237],[23.9026,39.23],[23.9068,39.2312],[23.9078,39.2299],[23.9089,39.2317],[23.911,39.2328],[23.9116,39.2339],[23.9113,39.2349],[23.9141,39.2391],[23.9141,39.2401],[23.913,39.2411],[23.912,39.2401],[23.9109,39.2411],[23.9109,39.2432],[23.912,39.2443],[23.9134,39.2443],[23.9151,39.2464],[23.9151,39.2474],[23.9141,39.2484],[23.9141,39.2505],[23.9161,39.2526],[23.9161,39.2547],[23.9182,39.2568],[23.919,39.2568],[23.9182,39.2578],[23.9193,39.2589],[23.9203,39.2578],[23.9214,39.2578],[23.9203,39.2589],[23.9214,39.2599],[23.9224,39.2599],[23.9234,39.2589],[23.9253,39.2589],[23.9266,39.2603],[23.9307,39.263],[23.9328,39.2665],[23.9328,39.2672],[23.9349,39.2693],[23.9349,39.2724],[23.9359,39.2734],[23.9377,39.2734],[23.937,39.2755],[23.9359,39.2766],[23.9359,39.2776],[23.937,39.2786],[23.9391,39.2786],[23.9401,39.2797],[23.9411,39.2797],[23.9411,39.2807],[23.9422,39.2818],[23.9464,39.2818],[23.9453,39.2818],[23.9432,39.2839],[23.9432,39.287],[23.9453,39.2901],[23.9474,39.2901],[23.9474,39.2922],[23.9484,39.2932],[23.9516,39.2932],[23.9526,39.2943],[23.9547,39.2943],[23.9557,39.2953],[23.9568,39.2943],[23.9568,39.2932],[23.9557,39.2922],[23.9568,39.2911],[23.9578,39.2911],[23.9599,39.2891],[23.9599,39.287],[23.9578,39.2849],[23.9568,39.2859],[23.956,39.2859],[23.9578,39.2839],[23.9589,39.2849],[23.9599,39.2839],[23.9589,39.2828],[23.9599,39.2818],[23.9547,39.2763],[23.9511,39.2745],[23.9505,39.2738],[23.9505,39.2724],[23.9526,39.2745],[23.9547,39.2745],[23.9578,39.2766],[23.9599,39.2745],[23.9592,39.2734],[23.9599,39.2724],[23.962,39.2745],[23.963,39.2745],[23.9641,39.2734],[23.9651,39.2734],[23.9672,39.2714],[23.9672,39.2724],[23.9682,39.2734],[23.9693,39.2724],[23.9703,39.2734],[23.9745,39.2734],[23.9755,39.2724],[23.9766,39.2724],[23.9786,39.2703],[23.9788,39.2693],[23.9839,39.2693],[23.9839,39.2714],[23.9849,39.2724],[23.987,39.2704],[23.987,39.2714],[23.9901,39.2745],[23.9911,39.2745],[23.9922,39.2734],[23.9911,39.2724],[23.9911,39.2703],[23.9901,39.2687],[23.9891,39.2692],[23.988,39.268],[23.9864,39.2651],[23.9859,39.2626],[23.985,39.262],[23.985,39.2609],[23.9812,39.2536],[23.9806,39.2516],[23.9774,39.2495],[23.9761,39.2474],[23.9749,39.2464],[23.9708,39.2443],[23.9684,39.2391],[23.9672,39.237],[23.9659,39.2359],[23.963,39.235],[23.962,39.2335],[23.9609,39.233],[23.9599,39.2332],[23.9589,39.2349],[23.9584,39.2349],[23.9536,39.23],[23.9526,39.2276],[23.9468,39.2224],[23.9466,39.2203],[23.9474,39.2193],[23.9494,39.2182],[23.9477,39.2141],[23.9478,39.212],[23.9474,39.2109],[23.9479,39.2099],[23.9474,39.2097],[23.9464,39.2105],[23.9451,39.2099],[23.9446,39.212],[23.9468,39.213],[23.9453,39.2138],[23.9443,39.2132],[23.9432,39.2134],[23.9422,39.2151],[23.9411,39.2141],[23.9411,39.213],[23.9422,39.2123],[23.9432,39.2125],[23.9442,39.212],[23.9432,39.2116],[23.9422,39.2104],[23.9411,39.2104],[23.9401,39.212],[23.9339,39.2061],[23.9352,39.2047],[23.9352,39.2026],[23.9367,39.2016],[23.9359,39.2003],[23.937,39.2003],[23.9376,39.1995],[23.937,39.1984],[23.9339,39.1961],[23.9338,39.1974],[23.9318,39.198],[23.9307,39.1995],[23.9304,39.1974],[23.928,39.1953],[23.9286,39.1943],[23.9297,39.1943],[23.9307,39.1932],[23.9328,39.193],[23.9339,39.194],[23.9357,39.1943],[23.9359,39.1956],[23.937,39.1964],[23.9362,39.1953],[23.9359,39.1924],[23.9346,39.1901],[23.9339,39.187],[23.9324,39.1859],[23.9328,39.1857],[23.9328,39.1845],[23.9286,39.1814],[23.9276,39.1812],[23.9266,39.1828],[23.9262,39.1828],[23.9241,39.1807],[23.9258,39.1797],[23.926,39.1766],[23.9268,39.1755],[23.9245,39.1725],[23.9203,39.1703],[23.9172,39.1692],[23.916,39.1693],[23.9143,39.1682],[23.913,39.1665],[23.912,39.1662],[23.9089,39.1666],[23.9078,39.1682],[23.9067,39.1682],[23.9061,39.1672],[23.9072,39.1661],[23.9089,39.1656],[23.9099,39.1641],[23.9089,39.163],[23.9086,39.162],[23.9099,39.1621],[23.9099,39.1609],[23.9093,39.1599],[23.9078,39.1589],[23.9076,39.1578],[23.9057,39.1564],[23.9028,39.1568],[23.9019,39.1578],[23.902,39.1589],[23.9026,39.1596],[23.9038,39.1599],[23.9026,39.1603],[23.9016,39.1599],[23.9005,39.1606],[23.8984,39.1601],[23.8964,39.1591],[23.8953,39.158],[23.8942,39.1578],[23.8931,39.1568],[23.8946,39.1557],[23.8944,39.1547],[23.8932,39.1537],[23.8922,39.1535],[23.8902,39.1547],[23.8894,39.1557],[23.8901,39.1565],[23.8912,39.1568],[23.8901,39.1577],[23.8891,39.1569],[23.8859,39.1569],[23.8831,39.1557],[23.8829,39.1547],[23.8851,39.1526],[23.8847,39.1505],[23.8863,39.1495],[23.8849,39.1458],[23.8818,39.1444],[23.8766,39.1439],[23.8724,39.1408],[23.8703,39.1438],[23.8693,39.1433],[23.8703,39.1422],[23.8691,39.1411],[23.8693,39.1406],[23.8706,39.1401],[23.8714,39.137],[23.8724,39.1359],[23.872,39.1349],[23.8707,39.1349],[23.8703,39.1359],[23.8693,39.1362],[23.8668,39.1359],[23.8683,39.1349],[23.8672,39.1334],[23.8661,39.1334],[23.8651,39.1349],[23.8617,39.1349],[23.8609,39.1342],[23.8585,39.1339],[23.86,39.1328],[23.8604,39.1318],[23.8589,39.1307]],[[23.4245,39.1283],[23.4214,39.1284],[23.4201,39.1297],[23.4214,39.1307],[23.4216,39.1328],[23.4224,39.1337],[23.4234,39.1337],[23.4255,39.1318],[23.4245,39.1307],[23.4255,39.1297],[23.4245,39.1283]],[[23.8057,39.1284],[23.8036,39.1281],[23.803,39.1286],[23.8026,39.1301],[23.8005,39.1301],[23.7999,39.1307],[23.7984,39.1307],[23.7974,39.1297],[23.7964,39.1297],[23.7943,39.1318],[23.7974,39.1349],[23.7984,39.1349],[23.7984,39.1359],[23.7974,39.137],[23.7984,39.138],[23.7995,39.137],[23.8005,39.137],[23.8005,39.138],[23.8016,39.1391],[23.8047,39.1391],[23.8068,39.137],[23.8068,39.1349],[23.8076,39.1349],[23.8083,39.1359],[23.8078,39.137],[23.8082,39.138],[23.8078,39.1391],[23.8057,39.1411],[23.8064,39.1422],[23.8078,39.1432],[23.8089,39.1422],[23.8099,39.1432],[23.813,39.1432],[23.8141,39.1422],[23.8141,39.1401],[23.8134,39.1391],[23.8133,39.138],[23.812,39.1365],[23.8109,39.1366],[23.8104,39.1359],[23.8109,39.1346],[23.8099,39.1354],[23.8093,39.1349],[23.8092,39.1339],[23.8101,39.1328],[23.8068,39.1289],[23.8057,39.1284]],[[23.6172,39.1262],[23.613,39.1266],[23.612,39.1276],[23.6116,39.1307],[23.6118,39.1318],[23.6131,39.1328],[23.6141,39.1349],[23.6141,39.1361],[23.6159,39.138],[23.6157,39.1391],[23.6161,39.1398],[23.6172,39.1404],[23.6182,39.1395],[23.6193,39.1412],[23.6234,39.1396],[23.6258,39.1359],[23.623,39.1318],[23.6214,39.1305],[23.6203,39.1308],[23.6192,39.1297],[23.6197,39.1286],[23.6172,39.1262]],[[23.463,39.1243],[23.4589,39.1242],[23.4577,39.1255],[23.4592,39.1266],[23.457,39.1276],[23.4516,39.1276],[23.4505,39.1285],[23.4484,39.1286],[23.4464,39.1318],[23.4432,39.1327],[23.4448,39.1349],[23.4448,39.1359],[23.4432,39.137],[23.4425,39.1391],[23.4439,39.1401],[23.4391,39.1404],[23.4366,39.1401],[23.4349,39.1391],[23.4331,39.1391],[23.4297,39.137],[23.4293,39.1359],[23.4311,39.1349],[23.4307,39.1337],[23.4297,39.1334],[23.429,39.1339],[23.4286,39.1353],[23.4266,39.1349],[23.4255,39.1358],[23.4224,39.1363],[23.4224,39.1349],[23.4214,39.1339],[23.4193,39.1339],[23.4176,39.1359],[23.4182,39.1373],[23.42,39.138],[23.4193,39.1389],[23.4182,39.1391],[23.4172,39.1383],[23.4151,39.1379],[23.4107,39.1422],[23.4095,39.1443],[23.4089,39.1443],[23.4057,39.147],[23.4046,39.1474],[23.4026,39.147],[23.3995,39.1453],[23.3984,39.1443],[23.3981,39.1432],[23.3964,39.1419],[23.3964,39.1411],[23.3943,39.1391],[23.388,39.1395],[23.387,39.1404],[23.3866,39.1422],[23.3874,39.1443],[23.3886,39.1453],[23.3882,39.1474],[23.387,39.1492],[23.3849,39.1499],[23.3843,39.1526],[23.385,39.1547],[23.3842,39.1557],[23.3849,39.1562],[23.3855,39.1589],[23.3864,39.1599],[23.3891,39.1614],[23.3922,39.1647],[23.3935,39.1651],[23.3947,39.1682],[23.3941,39.1703],[23.3943,39.1714],[23.3953,39.1719],[23.4036,39.172],[23.4078,39.1727],[23.4109,39.1725],[23.4203,39.176],[23.4343,39.1797],[23.441,39.1828],[23.4426,39.1849],[23.4425,39.1859],[23.4411,39.187],[23.4411,39.1891],[23.4421,39.1911],[23.4422,39.1953],[23.4401,39.1974],[23.4422,39.1989],[23.4432,39.1984],[23.4443,39.1995],[23.4484,39.1997],[23.4526,39.2019],[23.4574,39.2068],[23.4586,39.2099],[23.4609,39.212],[23.4609,39.2141],[23.4641,39.2161],[23.4653,39.2151],[23.4641,39.2141],[23.4641,39.2109],[23.463,39.2099],[23.463,39.2093],[23.4643,39.2089],[23.4682,39.2089],[23.4703,39.2083],[23.4768,39.2099],[23.4776,39.2106],[23.4801,39.2078],[23.4829,39.2068],[23.4849,39.2047],[23.488,39.2048],[23.4891,39.2057],[23.4922,39.2049],[23.4932,39.2045],[23.4937,39.2036],[23.4944,39.2016],[23.4933,39.2005],[23.4949,39.1995],[23.4942,39.1984],[23.4951,39.1974],[23.4953,39.1963],[23.4995,39.1941],[23.5036,39.1952],[23.5054,39.1943],[23.5087,39.1911],[23.5089,39.1898],[23.512,39.19],[23.5137,39.188],[23.5141,39.187],[23.5135,39.1839],[23.5144,39.1818],[23.5159,39.1807],[23.5182,39.1807],[23.5193,39.1797],[23.5182,39.1786],[23.5161,39.1788],[23.5161,39.1776],[23.5172,39.1766],[23.5161,39.1748],[23.5161,39.1709],[23.5203,39.1745],[23.5224,39.1745],[23.5234,39.1734],[23.5245,39.1748],[23.5255,39.1751],[23.5266,39.1748],[23.5276,39.1736],[23.5282,39.1714],[23.5276,39.1682],[23.5265,39.1661],[23.5234,39.1647],[23.5203,39.1641],[23.5182,39.1645],[23.5172,39.1661],[23.5182,39.1672],[23.5182,39.1689],[23.5172,39.1689],[23.5161,39.1686],[23.5151,39.1674],[23.5141,39.1672],[23.5109,39.1641],[23.5109,39.162],[23.5099,39.1603],[23.5099,39.1589],[23.5078,39.1572],[23.5078,39.1557],[23.5068,39.1547],[23.5061,39.1547],[23.5068,39.1511],[23.5087,39.1505],[23.5084,39.1484],[23.5062,39.1453],[23.5039,39.1443],[23.5036,39.1438],[23.5016,39.1438],[23.4995,39.145],[23.4969,39.1453],[23.4942,39.1495],[23.4953,39.1505],[23.4943,39.1495],[23.4953,39.1487],[23.4974,39.1495],[23.4976,39.1516],[23.5005,39.1546],[23.5016,39.1545],[23.5036,39.1533],[23.5047,39.1548],[23.5047,39.1557],[23.5021,39.1557],[23.5016,39.1552],[23.5005,39.1561],[23.4995,39.1588],[23.4974,39.1581],[23.4953,39.1562],[23.4943,39.1599],[23.4932,39.1602],[23.4929,39.1599],[23.4932,39.1589],[23.4924,39.1578],[23.4927,39.1568],[23.4921,39.1557],[23.4901,39.1532],[23.4891,39.1536],[23.4887,39.1526],[23.4849,39.1498],[23.4839,39.1507],[23.4828,39.1502],[23.4824,39.1505],[23.4832,39.1547],[23.4828,39.1552],[23.4817,39.1547],[23.4831,39.1568],[23.4828,39.158],[23.4839,39.1576],[23.4859,39.1589],[23.4849,39.1599],[23.4839,39.1599],[23.4828,39.1608],[23.4807,39.1609],[23.48,39.1609],[23.4766,39.1589],[23.4733,39.1557],[23.4734,39.1547],[23.4745,39.1545],[23.4767,39.1557],[23.476,39.1526],[23.4774,39.1516],[23.4788,39.1484],[23.478,39.1474],[23.4783,39.1464],[23.4776,39.1454],[23.4734,39.1418],[23.4724,39.1418],[23.4714,39.141],[23.4708,39.1422],[23.4693,39.1417],[23.4668,39.1422],[23.466,39.1432],[23.4672,39.1445],[23.4672,39.1455],[23.4661,39.1464],[23.4651,39.1455],[23.4651,39.1422],[23.4641,39.1411],[23.4628,39.1411],[23.462,39.1404],[23.4597,39.1401],[23.4609,39.1379],[23.4641,39.1373],[23.4651,39.1376],[23.4677,39.1359],[23.4681,39.1349],[23.4672,39.134],[23.4661,39.1339],[23.4651,39.1349],[23.4641,39.1339],[23.4661,39.1307],[23.4658,39.1286],[23.4684,39.1276],[23.4678,39.1266],[23.4651,39.1248],[23.463,39.1243]],[[23.4818,39.1209],[23.4804,39.1214],[23.4797,39.1224],[23.4807,39.1234],[23.4786,39.1234],[23.4776,39.1245],[23.4774,39.1255],[23.4786,39.1269],[23.4807,39.1269],[23.4818,39.1276],[23.4828,39.1276],[23.4839,39.1286],[23.4849,39.1276],[23.4839,39.1266],[23.4859,39.1245],[23.4839,39.1224],[23.4828,39.1224],[23.4818,39.1209]],[[23.5089,39.113],[23.5068,39.1145],[23.5057,39.1141],[23.4995,39.1141],[23.4932,39.1168],[23.4917,39.1182],[23.4943,39.1214],[23.493,39.1234],[23.4939,39.1255],[23.4935,39.1266],[23.492,39.1276],[23.4958,39.1307],[23.4958,39.1318],[23.494,39.1339],[23.4943,39.1349],[23.4964,39.1353],[23.5005,39.1337],[23.5057,39.1266],[23.5057,39.1211],[23.5083,39.1172],[23.5089,39.1151],[23.5099,39.1141],[23.5089,39.113]],[[23.6286,39.1099],[23.6266,39.1099],[23.6234,39.112],[23.6255,39.1151],[23.6286,39.1151],[23.6297,39.1141],[23.6301,39.113],[23.6297,39.1109],[23.6286,39.1099]],[[23.6432,39.1109],[23.6411,39.1107],[23.6401,39.1109],[23.6391,39.112],[23.6359,39.112],[23.6328,39.1141],[23.6328,39.1182],[23.6339,39.1193],[23.6339,39.1203],[23.6325,39.1214],[23.6328,39.1222],[23.6339,39.1224],[23.6349,39.1214],[23.6352,39.1224],[23.637,39.1233],[23.6397,39.1214],[23.6396,39.1203],[23.638,39.1193],[23.6401,39.1193],[23.6411,39.1208],[23.6435,39.1182],[23.6443,39.1179],[23.6453,39.1161],[23.6453,39.113],[23.6432,39.1109]],[[23.9828,39.1011],[23.9818,39.1005],[23.9807,39.1016],[23.9797,39.1016],[23.9786,39.1026],[23.9786,39.1036],[23.9786,39.1026],[23.9776,39.1014],[23.9766,39.1012],[23.9761,39.1016],[23.9755,39.1026],[23.9766,39.1036],[23.9755,39.1047],[23.9755,39.1057],[23.9745,39.1057],[23.9745,39.1046],[23.9734,39.1047],[23.9724,39.1057],[23.9745,39.1078],[23.9755,39.1078],[23.9745,39.1078],[23.9734,39.1089],[23.9734,39.1099],[23.9724,39.1109],[23.9724,39.112],[23.9734,39.113],[23.9755,39.113],[23.9755,39.1141],[23.9766,39.1151],[23.9776,39.1141],[23.9776,39.1161],[23.9786,39.1172],[23.9786,39.1182],[23.9776,39.1172],[23.9765,39.1182],[23.9786,39.1203],[23.9786,39.1234],[23.9797,39.1245],[23.9807,39.1234],[23.9818,39.1234],[23.9849,39.1203],[23.9859,39.12],[23.9849,39.1214],[23.9849,39.1234],[23.9822,39.1266],[23.9822,39.1276],[23.9831,39.1286],[23.9849,39.1299],[23.9859,39.1286],[23.988,39.1291],[23.9891,39.1286],[23.9891,39.1297],[23.9901,39.1307],[23.9891,39.1318],[23.9901,39.1328],[23.9911,39.1318],[23.9932,39.1314],[23.9943,39.1328],[23.9956,39.1318],[23.9957,39.1297],[23.9947,39.1255],[23.9934,39.1245],[23.9936,39.1224],[23.9915,39.1193],[23.9885,39.1172],[23.9877,39.1161],[23.9866,39.113],[23.9862,39.1057],[23.9849,39.1032],[23.9828,39.1011]],[[23.1964,39.0967],[23.1956,39.0974],[23.1964,39.0976],[23.1964,39.0967]],[[23.7224,39.0662],[23.7203,39.0662],[23.7193,39.0672],[23.7193,39.0693],[23.7182,39.07],[23.7172,39.0702],[23.7161,39.0693],[23.7109,39.0693],[23.7099,39.0703],[23.7068,39.0703],[23.7057,39.0714],[23.7047,39.0724],[23.7047,39.0755],[23.7061,39.0776],[23.7065,39.0797],[23.7078,39.0807],[23.7078,39.0818],[23.7068,39.082],[23.7047,39.0839],[23.7036,39.0826],[23.7005,39.0826],[23.697,39.0839],[23.6911,39.0835],[23.6901,39.0828],[23.6839,39.0827],[23.6828,39.0818],[23.6807,39.0818],[23.6797,39.0828],[23.6786,39.0818],[23.6734,39.0818],[23.6724,39.0828],[23.6714,39.0828],[23.6703,39.0839],[23.6703,39.0849],[23.6703,39.0839],[23.6693,39.0828],[23.6672,39.0828],[23.6662,39.0839],[23.6661,39.0849],[23.6657,39.0849],[23.6641,39.0839],[23.662,39.0839],[23.6609,39.0828],[23.6599,39.0837],[23.6578,39.0818],[23.6568,39.0828],[23.6547,39.0828],[23.6526,39.0849],[23.6526,39.0859],[23.6547,39.0891],[23.6578,39.0893],[23.6578,39.0928],[23.6568,39.0943],[23.6568,39.0964],[23.6557,39.0974],[23.6547,39.0964],[23.6526,39.0984],[23.6557,39.1026],[23.6557,39.1078],[23.6568,39.1089],[23.6621,39.1089],[23.6627,39.1099],[23.6624,39.1109],[23.656,39.1109],[23.6562,39.1099],[23.6557,39.1097],[23.6547,39.1107],[23.6536,39.1095],[23.6516,39.1088],[23.6505,39.1095],[23.6492,39.1109],[23.6505,39.112],[23.6501,39.1141],[23.652,39.1161],[23.6531,39.1214],[23.6531,39.1224],[23.6525,39.1234],[23.6515,39.1245],[23.6505,39.1245],[23.6489,39.1266],[23.6474,39.1276],[23.6464,39.1297],[23.6453,39.1302],[23.6443,39.1283],[23.6434,39.1286],[23.6432,39.1297],[23.6446,39.1307],[23.6433,39.1318],[23.6433,39.1359],[23.6411,39.1381],[23.638,39.1396],[23.6266,39.1429],[23.6255,39.1436],[23.6239,39.1464],[23.6245,39.148],[23.6244,39.1495],[23.6228,39.1526],[23.6213,39.1578],[23.6182,39.161],[23.615,39.163],[23.613,39.163],[23.6109,39.1656],[23.6085,39.1672],[23.6051,39.1734],[23.6036,39.1775],[23.6037,39.1786],[23.5996,39.1859],[23.5964,39.1891],[23.5953,39.1911],[23.5905,39.1953],[23.5891,39.1974],[23.5894,39.1995],[23.5883,39.2036],[23.5901,39.2047],[23.5901,39.2057],[23.5922,39.2078],[23.5911,39.2089],[23.5916,39.2099],[23.5932,39.2111],[23.5953,39.211],[23.5964,39.2105],[23.5995,39.2116],[23.6016,39.2112],[23.6036,39.2124],[23.6052,39.212],[23.6115,39.212],[23.6121,39.2099],[23.6141,39.2085],[23.6151,39.2068],[23.6151,39.2024],[23.6161,39.2001],[23.6193,39.1984],[23.6214,39.1984],[23.6276,39.1963],[23.6307,39.1961],[23.6318,39.1946],[23.6335,39.1943],[23.6352,39.1932],[23.6367,39.1911],[23.6361,39.1901],[23.637,39.1891],[23.637,39.1863],[23.6387,39.1828],[23.6425,39.1797],[23.6432,39.1797],[23.6443,39.1786],[23.6443,39.1773],[23.6474,39.1776],[23.65,39.1755],[23.6526,39.1755],[23.6533,39.1766],[23.6539,39.1766],[23.6547,39.1755],[23.6525,39.1724],[23.6557,39.1703],[23.6608,39.1682],[23.662,39.168],[23.663,39.1694],[23.6651,39.1684],[23.6703,39.1676],[23.6734,39.1665],[23.6797,39.1621],[23.6807,39.1607],[23.6822,39.1599],[23.6828,39.1587],[23.688,39.1601],[23.6932,39.1599],[23.6995,39.1544],[23.7036,39.1532],[23.7057,39.1536],[23.7078,39.1517],[23.7109,39.1501],[23.712,39.1505],[23.7141,39.1505],[23.7151,39.1495],[23.7145,39.1484],[23.7152,39.1474],[23.7161,39.1474],[23.7172,39.1464],[23.7172,39.1457],[23.7172,39.1464],[23.7193,39.1484],[23.7224,39.1484],[23.7234,39.1495],[23.7245,39.1484],[23.7234,39.1474],[23.7234,39.1464],[23.7245,39.1464],[23.7255,39.1474],[23.7266,39.1464],[23.7255,39.1453],[23.7255,39.1432],[23.7234,39.1411],[23.7234,39.1403],[23.7255,39.1397],[23.7276,39.138],[23.7286,39.138],[23.7297,39.1391],[23.7307,39.138],[23.7297,39.137],[23.7307,39.1359],[23.7286,39.1339],[23.7272,39.1339],[23.7255,39.1315],[23.7272,39.1286],[23.7328,39.1259],[23.7359,39.1262],[23.7391,39.128],[23.7422,39.1306],[23.7443,39.1312],[23.7547,39.1315],[23.7661,39.1295],[23.7703,39.1295],[23.7724,39.13],[23.7755,39.1299],[23.7776,39.1307],[23.7786,39.1301],[23.7807,39.1299],[23.7818,39.1307],[23.7828,39.1307],[23.7839,39.1321],[23.7849,39.1321],[23.7856,39.1318],[23.7863,39.1297],[23.7849,39.1286],[23.7849,39.1276],[23.788,39.1276],[23.7891,39.1266],[23.788,39.1255],[23.787,39.1255],[23.7891,39.1245],[23.7901,39.1249],[23.7911,39.1245],[23.7943,39.1224],[23.7943,39.1203],[23.7956,39.1193],[23.7936,39.1161],[23.7911,39.1146],[23.7891,39.1141],[23.788,39.1151],[23.787,39.1141],[23.7901,39.112],[23.79,39.1109],[23.788,39.1099],[23.787,39.1113],[23.7856,39.1109],[23.7859,39.1078],[23.7873,39.1068],[23.7861,39.1036],[23.7849,39.1024],[23.7828,39.1015],[23.7818,39.1014],[23.7807,39.1026],[23.7793,39.1016],[23.7793,39.1005],[23.7807,39.0995],[23.7812,39.0984],[23.7807,39.0974],[23.7797,39.096],[23.7755,39.094],[23.7742,39.0953],[23.7734,39.0944],[23.7732,39.0932],[23.7745,39.0932],[23.775,39.0922],[23.7729,39.0891],[23.7707,39.087],[23.7682,39.0854],[23.7641,39.0843],[23.763,39.0845],[23.762,39.0859],[23.763,39.087],[23.7595,39.087],[23.7547,39.0837],[23.7545,39.0828],[23.7516,39.0796],[23.7505,39.0797],[23.7495,39.0807],[23.7505,39.0818],[23.7505,39.0837],[23.7474,39.0839],[23.7477,39.0818],[23.7446,39.0786],[23.7441,39.0766],[23.7422,39.0745],[23.7391,39.0732],[23.737,39.0714],[23.7359,39.0714],[23.7339,39.0693],[23.7297,39.0693],[23.7286,39.0682],[23.7266,39.0682],[23.7255,39.0693],[23.7224,39.0662]],[[23.9526,39.064],[23.9495,39.0641],[23.9484,39.0651],[23.9484,39.0683],[23.9495,39.0701],[23.9518,39.0714],[23.9551,39.0766],[23.9589,39.0778],[23.9603,39.0755],[23.9602,39.0734],[23.9578,39.0707],[23.9555,39.0703],[23.9559,39.0693],[23.9548,39.0661],[23.9526,39.064]],[[23.3391,39.0358],[23.3383,39.0359],[23.3391,39.0364],[23.3394,39.0359],[23.3391,39.0358]],[[23.3411,39.0358],[23.3401,39.0373],[23.3391,39.0376],[23.338,39.0375],[23.3359,39.0356],[23.3355,39.0359],[23.3361,39.037],[23.3352,39.038],[23.3339,39.0377],[23.3336,39.038],[23.3341,39.0391],[23.3339,39.0397],[23.3328,39.0396],[23.3307,39.0406],[23.3297,39.0422],[23.3312,39.0432],[23.3297,39.0443],[23.3297,39.0464],[23.3307,39.0474],[23.3318,39.0474],[23.3349,39.0507],[23.3411,39.0505],[23.3422,39.0516],[23.3432,39.0505],[23.3422,39.0495],[23.3422,39.0464],[23.3408,39.0453],[23.3411,39.0443],[23.3406,39.0432],[23.3409,39.0422],[23.3422,39.0416],[23.3432,39.0405],[23.3453,39.0411],[23.3453,39.0422],[23.3462,39.0432],[23.3474,39.0432],[23.3484,39.0443],[23.3495,39.0432],[23.3484,39.0422],[23.3484,39.0411],[23.3495,39.0401],[23.3484,39.0391],[23.3464,39.0388],[23.3447,39.037],[23.3443,39.0367],[23.3432,39.0374],[23.3411,39.0358]],[[23.0599,39.012],[23.0589,39.013],[23.0589,39.0141],[23.0599,39.0151],[23.0609,39.0141],[23.0609,39.013],[23.0599,39.012]],[[23.3953,39.0075],[23.3934,39.0078],[23.3953,39.0081],[23.3953,39.0075]]]]}},{"type":"Feature","properties":{"depth":10,"kind":"isobath"},"geometry":{"type":"MultiLineString","coordinates":[[[23.9995,39.9945],[23.9984,39.9932]],[[23.8911,39.9901],[23.8911,39.9907],[23.8905,39.9901]],[[23.9974,39.9873],[23.9964,39.9881],[23.9943,39.9876],[23.9908,39.9828],[23.9907,39.9818],[23.9943,39.9811],[23.9964,39.9818],[23.9984,39.9807],[23.9995,39.9795]],[[23.9995,39.9783],[23.9982,39.9776],[23.9985,39.9766],[23.9995,39.9768]],[[23.9182,39.9682],[23.9182,39.9693],[23.9182,39.9679]],[[23.9215,39.963],[23.9234,39.9637],[23.9245,39.9634],[23.9245,39.9645],[23.9234,39.9641],[23.9224,39.9646],[23.9214,39.9642],[23.9203,39.9645]],[[23.8984,39.962],[23.8984,39.9628],[23.8981,39.962]],[[23.6826,39.9609],[23.6825,39.962],[23.6799,39.9641],[23.6797,39.9651],[23.6786,39.9639],[23.6785,39.962],[23.6807,39.9606],[23.6818,39.9604]],[[23.9908,39.9609],[23.9932,39.9616],[23.9943,39.9612],[23.9947,39.963],[23.9922,39.9647],[23.9911,39.9641],[23.9901,39.9651],[23.988,39.963],[23.9873,39.963],[23.987,39.9624],[23.986,39.962],[23.988,39.961]],[[23.9266,39.9599],[23.9245,39.9624],[23.924,39.9609],[23.9255,39.9599]],[[23.9828,39.9589],[23.9852,39.9609],[23.9849,39.962],[23.9818,39.962],[23.9807,39.963],[23.9777,39.963],[23.9786,39.962],[23.9797,39.962],[23.9807,39.9609],[23.9807,39.9589]],[[23.9248,39.9464],[23.9234,39.9464],[23.9234,39.9455]],[[23.7481,39.9328],[23.7474,39.9336],[23.7474,39.9328]],[[23.7495,39.9266],[23.7489,39.9318],[23.7484,39.9324],[23.7484,39.9307],[23.7474,39.9297],[23.7474,39.9279],[23.7484,39.9266],[23.7484,39.9256]],[[23.7505,39.9182],[23.7506,39.9193],[23.7495,39.9203],[23.7495,39.9193]],[[23.0103,39.338],[23.0099,39.3381],[23.0099,39.3375]],[[23.0495,39.313],[23.0484,39.313],[23.0484,39.3124]],[[23.0693,39.313],[23.0693,39.3133],[23.069,39.313]],[[23.0516,39.312],[23.0505,39.3123],[23.0505,39.3113]],[[23.073,39.312],[23.0734,39.313],[23.0748,39.3141],[23.0734,39.3144],[23.0724,39.3141],[23.0721,39.313],[23.0724,39.3112]],[[23.1005,39.3068],[23.0995,39.307],[23.1005,39.3063]],[[23.1089,39.3068],[23.1081,39.3078],[23.1057,39.3081],[23.1057,39.307],[23.1068,39.3061]],[[23.1061,39.3057],[23.1057,39.3063],[23.1057,39.3047]],[[23.1245,39.2964],[23.1234,39.2967],[23.1234,39.2956]],[[23.1327,39.2911],[23.1318,39.2911],[23.1318,39.2908]],[[23.163,39.2703],[23.1635,39.2714],[23.163,39.2714]],[[23.97,39.2443],[23.9693,39.2443],[23.9693,39.2435]],[[23.9457,39.2161],[23.9453,39.2176],[23.9432,39.2174],[23.9432,39.2161],[23.9453,39.2155]],[[23.9833,39.2109],[23.987,39.2123],[23.987,39.213],[23.9839,39.2155],[23.9835,39.2141],[23.9818,39.213],[23.9818,39.2103]],[[23.9328,39.2016],[23.9329,39.2026],[23.9318,39.204],[23.9314,39.2016]],[[23.1956,39.1964],[23.1953,39.1968],[23.1944,39.1964],[23.1953,39.1957]],[[23.988,39.1911],[23.9862,39.1911],[23.987,39.1902]],[[23.9849,39.1901],[23.9857,39.1911],[23.9849,39.1911],[23.9828,39.1932],[23.9807,39.1916],[23.9802,39.1901]],[[23.9882,39.1901],[23.988,39.1909],[23.9873,39.1901]],[[23.9296,39.188],[23.9295,39.1891],[23.928,39.1891],[23.9283,39.188]],[[23.2082,39.1839],[23.2078,39.1846],[23.2069,39.1839],[23.2078,39.1829]],[[23.9291,39.1839],[23.9276,39.1863],[23.9276,39.1839]],[[23.8714,39.1818],[23.8724,39.1828],[23.8714,39.1828],[23.8707,39.1818]],[[23.9241,39.1786],[23.9234,39.18],[23.9234,39.1786]],[[23.0505,39.1755],[23.0516,39.1766],[23.0516,39.1777],[23.0486,39.1776],[23.0505,39.1755],[23.0505,39.1745]],[[23.9687,39.163],[23.9682,39.1635],[23.9682,39.163]],[[23.0974,39.1609],[23.0964,39.1613],[23.096,39.1609],[23.0964,39.1604]],[[23.2115,39.1609],[23.2109,39.1617],[23.2104,39.1609],[23.2109,39.1599]],[[23.4984,39.1609],[23.4995,39.1611],[23.5,39.162],[23.4995,39.1638],[23.4984,39.1642],[23.4977,39.1651],[23.4932,39.163],[23.4943,39.1622],[23.4953,39.1625],[23.4964,39.1609]],[[23.9088,39.1599],[23.9078,39.1611],[23.9068,39.1609],[23.9067,39.1599],[23.9078,39.1589]],[[23.0931,39.1589],[23.0924,39.1609],[23.0911,39.1624],[23.0901,39.1614],[23.0901,39.1599],[23.0916,39.1589]],[[23.4905,39.1578],[23.4901,39.1599],[23.4898,39.1578]],[[23.5193,39.1547],[23.5201,39.1557],[23.5193,39.1557]],[[23.4727,39.1516],[23.4724,39.1536],[23.4719,39.1536],[23.4708,39.1526],[23.472,39.1516]],[[23.0708,39.1505],[23.0693,39.1511],[23.0687,39.1505]],[[23.4696,39.1495],[23.4707,39.1505],[23.4709,39.1516],[23.4703,39.1523],[23.4693,39.1506],[23.4693,39.1495]],[[23.4784,39.1484],[23.4776,39.1488],[23.4774,39.1484],[23.4776,39.1479]],[[23.113,39.1432],[23.1148,39.1453],[23.1129,39.1474],[23.1109,39.1474],[23.1109,39.1464],[23.1099,39.1453],[23.1099,39.1443],[23.1109,39.1453],[23.112,39.1453],[23.113,39.1443]],[[23.2923,39.137],[23.2922,39.138],[23.2936,39.1391],[23.2932,39.1394],[23.2911,39.1391],[23.2922,39.138],[23.2922,39.136]],[[23.4642,39.1266],[23.4641,39.1276],[23.463,39.1276],[23.4627,39.1266]],[[23.213,39.1255],[23.2125,39.1255],[23.213,39.1246]],[[23.2128,39.1245],[23.212,39.1249],[23.2118,39.1245]],[[23.9931,39.1245],[23.9922,39.1255],[23.9922,39.1245]],[[23.1141,39.1234],[23.1146,39.1245],[23.1141,39.1245],[23.113,39.1257],[23.1109,39.1245],[23.1109,39.1234]],[[23.1198,39.1234],[23.1193,39.1238],[23.1193,39.1229]],[[23.7932,39.1193],[23.7922,39.1193],[23.7932,39.1184]],[[23.6422,39.1172],[23.643,39.1182],[23.6422,39.1188],[23.6411,39.1182],[23.6411,39.1172]],[[23.7911,39.1172],[23.7911,39.1177],[23.7901,39.1172],[23.7911,39.1165]],[[23.1036,39.1151],[23.1022,39.1151],[23.1036,39.1144]],[[23.1016,39.1141],[23.1016,39.1145],[23.1011,39.1141]],[[23.1005,39.113],[23.1005,39.1134],[23.1001,39.113]],[[23.6401,39.113],[23.6391,39.113],[23.6391,39.112]],[[23.1033,39.1109],[23.104,39.112],[23.1036,39.1123],[23.1026,39.1125],[23.1016,39.112],[23.1016,39.1109]],[[23.2082,39.1026],[23.2099,39.1036],[23.2068,39.1036],[23.2063,39.1026],[23.2078,39.1021]],[[23.1734,39.1005],[23.1734,39.101],[23.1729,39.1005]],[[23.1886,39.1005],[23.188,39.1016],[23.1874,39.1005],[23.188,39.0996]],[[23.1651,39.0974],[23.1651,39.0979],[23.1641,39.0974]],[[23.1666,39.0964],[23.1661,39.0964],[23.1661,39.0957]],[[23.2047,39.0964],[23.2056,39.0984],[23.2045,39.1005],[23.2032,39.1016],[23.2017,39.0995]],[[23.1466,39.0932],[23.1464,39.0945],[23.1453,39.0947],[23.1449,39.0932],[23.1453,39.0929]],[[23.1526,39.0922],[23.1526,39.0932],[23.152,39.0922],[23.1526,39.0918]],[[23.1547,39.0911],[23.1532,39.0911],[23.1536,39.0904]],[[23.1259,39.0859],[23.1266,39.087],[23.1251,39.087],[23.1241,39.0859],[23.1255,39.0854]],[[23.1241,39.0828],[23.1234,39.0843],[23.123,39.0828]],[[23.7471,39.0818],[23.747,39.0828],[23.7463,39.0828],[23.7464,39.081]],[[23.1251,39.0807],[23.1243,39.0807],[23.1245,39.0803]],[[23.7411,39.0786],[23.7401,39.079],[23.7401,39.0786]],[[23.7339,39.0714],[23.7339,39.0718],[23.7334,39.0714]],[[23.0672,39.0339],[23.0679,39.0349],[23.0672,39.0349],[23.0661,39.0359],[23.0661,39.0349],[23.0672,39.0334]],[[23.0664,39.0276],[23.0655,39.0276],[23.0661,39.0271]],[[23.0649,39.0245],[23.0657,39.0266],[23.0651,39.0273],[23.062,39.0276],[23.063,39.0266],[23.063,39.0245],[23.0641,39.0241]],[[23.0464,39.0161],[23.0464,39.0176],[23.044,39.0172]],[[23.0526,39.0161],[23.053,39.0172],[23.052,39.0161]],[[23.0328,39.0151],[23.0328,39.016],[23.0315,39.0151],[23.0328,39.0144]],[[23.0362,39.013],[23.0358,39.013],[23.0359,39.0123]],[[23.0766,39.0109],[23.0766,39.0116],[23.0755,39.0109]],[[23.0576,39.0089],[23.0568,39.0095],[23.0563,39.0089],[23.0568,39.0085]],[[23.0863,39.0057],[23.0859,39.0062],[23.0856,39.0057],[23.0859,39.0054]],[[23.0661,39.0047],[23.066,39.0057],[23.0651,39.0057],[23.0646,39.0047],[23.0651,39.0041]],[[23.0211,39.0026],[23.0203,39.0039],[23.0194,39.0026],[23.0203,39.0018]],[[23.02,39.0016],[23.0193,39.0024],[23.019,39.0016]],[[23.0182,39.0005],[23.0182,39.0009],[23.0179,39.0005]],[[23.0661,39.0005],[23.0641,39.0014],[23.063,39.003],[23.062,39.0036],[23.0599,39.0033],[23.0578,39.0042],[23.0568,39.0068],[23.0557,39.0075],[23.0547,39.0075],[23.0536,39.0066],[23.0516,39.0068],[23.0531,39.0078],[23.053,39.0099],[23.0522,39.0109],[23.0474,39.0134],[23.0464,39.0146],[23.0453,39.014],[23.0443,39.0144],[23.0432,39.0166],[23.0422,39.0166],[23.0401,39.0161],[23.038,39.0165],[23.0356,39.0161],[23.0372,39.0151],[23.0368,39.0141],[23.0374,39.013],[23.0359,39.0119],[23.0339,39.0112],[23.0297,39.0112],[23.0293,39.012],[23.0298,39.013],[23.0298,39.0151],[23.0286,39.0141],[23.0276,39.0144],[23.0251,39.0099],[23.0267,39.0089],[23.0266,39.0076],[23.0255,39.0078],[23.0245,39.0091],[23.0234,39.0079],[23.0234,39.0068],[23.0255,39.0061],[23.0261,39.0047],[23.024,39.0016],[23.0224,39.0009],[23.0214,39.0012],[23.0211,39.0005]],[[23.9995,39.2203],[23.9984,39.2201],[23.9974,39.2213],[23.9963,39.2214],[23.9934,39.2255],[23.9932,39.2276],[23.9974,39.2318],[23.9974,39.2359],[23.9984,39.237],[23.9984,39.238]],[[23.999,39.9661],[23.9979,39.9651],[23.998,39.9641],[23.9966,39.9599],[23.9984,39.9578],[23.9984,39.9536],[23.9953,39.9505],[23.9943,39.9513],[23.9923,39.9495],[23.9932,39.9484],[23.9922,39.9473],[23.9911,39.9472],[23.9901,39.9464],[23.9891,39.9474],[23.9891,39.9482],[23.988,39.9474],[23.9891,39.9464],[23.988,39.9453],[23.9859,39.9452],[23.9849,39.9462],[23.9849,39.9453],[23.9839,39.9443],[23.9818,39.9443],[23.9807,39.9432],[23.9776,39.9432],[23.9766,39.9443],[23.9651,39.9443],[23.9641,39.9453],[23.963,39.9453],[23.9599,39.9411],[23.9557,39.941],[23.9536,39.9401],[23.9526,39.9391],[23.9526,39.937],[23.9495,39.9349],[23.9422,39.9349],[23.9412,39.9359],[23.9411,39.9378],[23.9391,39.9384],[23.9347,39.938],[23.9339,39.9376],[23.9339,39.937],[23.9318,39.9349],[23.9297,39.9349],[23.9286,39.9359],[23.9276,39.9349],[23.9266,39.9359],[23.9282,39.938],[23.93,39.9391],[23.9302,39.9411],[23.9328,39.9422],[23.9326,39.9443],[23.9307,39.9443],[23.9276,39.9463],[23.9266,39.9456],[23.9255,39.9456],[23.9252,39.9443],[23.9245,39.9441],[23.9234,39.945],[23.9224,39.9441],[23.9214,39.9448],[23.9182,39.9449],[23.917,39.9464],[23.916,39.9505],[23.9164,39.9516],[23.9156,39.9526],[23.9159,39.9536],[23.913,39.9567],[23.9109,39.9548],[23.9089,39.9547],[23.9043,39.9568],[23.9036,39.9578],[23.9047,39.9589],[23.9026,39.9589],[23.9016,39.9578],[23.9005,39.9589],[23.9016,39.9599],[23.9019,39.962],[23.9016,39.9625],[23.9016,39.962],[23.8995,39.9597],[23.8984,39.9599],[23.8974,39.9609],[23.8974,39.9623],[23.8995,39.9641],[23.9007,39.9641],[23.9016,39.965],[23.9011,39.9661],[23.8996,39.9672],[23.8983,39.9703],[23.9001,39.9724],[23.8987,39.9745],[23.8995,39.9776],[23.9005,39.9786],[23.9016,39.9786],[23.903,39.9776],[23.9032,39.9786],[23.903,39.9818],[23.901,39.9839],[23.9007,39.9849],[23.8995,39.985],[23.8984,39.986],[23.8974,39.9856],[23.8967,39.9859],[23.8943,39.9884],[23.8932,39.9886],[23.8922,39.9876],[23.8911,39.9876],[23.8897,39.9891],[23.8899,39.9901],[23.8855,39.9911],[23.8847,39.9922],[23.886,39.9932],[23.8797,39.9935],[23.8766,39.9943],[23.8724,39.9937],[23.8714,39.9943],[23.8693,39.9968],[23.8672,39.9976]],[[23.5931,39.9995],[23.5943,39.9991],[23.6047,39.9969],[23.6078,39.997],[23.6151,39.996],[23.6195,39.9932],[23.6224,39.9921],[23.6245,39.9903],[23.6266,39.9896],[23.6286,39.9881],[23.6349,39.9866],[23.637,39.9862],[23.6432,39.9873],[23.6464,39.9872],[23.6505,39.9864],[23.6528,39.9849],[23.6572,39.9849],[23.6651,39.9833],[23.6696,39.9807],[23.6724,39.9773],[23.6776,39.9763],[23.6786,39.9753],[23.6797,39.9758],[23.6807,39.9752],[23.6826,39.9724],[23.6832,39.9693],[23.6833,39.9651],[23.6872,39.9599],[23.6877,39.9547],[23.6891,39.9498],[23.6903,39.9474],[23.6901,39.9453],[23.6891,39.9439],[23.6879,39.9432],[23.688,39.9425],[23.6911,39.9379],[23.6935,39.9359],[23.6964,39.9338],[23.701,39.9318],[23.7109,39.9305],[23.7141,39.9314],[23.7182,39.9315],[23.7203,39.9322],[23.7234,39.9324],[23.7276,39.9339],[23.7318,39.9327],[23.7328,39.9348],[23.7349,39.9355],[23.7363,39.9349],[23.737,39.9321],[23.7391,39.9314],[23.7402,39.9318],[23.7404,39.9339],[23.7411,39.9345],[23.7455,39.9349],[23.7474,39.9362],[23.7484,39.9355],[23.7508,39.9307],[23.751,39.9255],[23.7516,39.9255],[23.7526,39.9245],[23.7526,39.9203],[23.7521,39.9193],[23.7526,39.9172],[23.7505,39.9141],[23.7428,39.9141],[23.7401,39.912],[23.7391,39.912],[23.738,39.913],[23.7307,39.9126],[23.7297,39.9117],[23.7255,39.9105],[23.7234,39.9089],[23.7214,39.9087],[23.7203,39.9078],[23.7185,39.9078],[23.7172,39.9066],[23.7161,39.9066],[23.713,39.9068],[23.712,39.9078],[23.7057,39.9078],[23.7047,39.9087],[23.7016,39.9089],[23.7005,39.9098],[23.6984,39.9098],[23.6955,39.912],[23.6922,39.913],[23.6904,39.9151],[23.6901,39.9141],[23.6891,39.913],[23.688,39.9141],[23.6807,39.9141],[23.6797,39.913],[23.6745,39.913],[23.6734,39.9141],[23.6714,39.9141],[23.6703,39.913],[23.6599,39.913],[23.6589,39.9129],[23.6578,39.912],[23.6536,39.912],[23.6526,39.913],[23.6526,39.9136],[23.6516,39.9139],[23.6466,39.913],[23.6422,39.913],[23.6391,39.9142],[23.6349,39.914],[23.6286,39.9144],[23.6193,39.9172],[23.6141,39.9175],[23.6124,39.9182],[23.6089,39.9182],[23.6077,39.9193],[23.6047,39.9203],[23.6026,39.9203],[23.6016,39.9193],[23.5974,39.9193],[23.5964,39.9203],[23.5922,39.9203],[23.5901,39.9224],[23.5891,39.9224],[23.588,39.9234],[23.587,39.9234],[23.5839,39.9259],[23.5807,39.9272],[23.5776,39.9293],[23.5714,39.9299],[23.563,39.9291],[23.5607,39.9297],[23.5598,39.9307],[23.5578,39.9316],[23.5484,39.9344],[23.5441,39.937],[23.5422,39.9387],[23.5401,39.9389],[23.5359,39.9408],[23.5297,39.9428],[23.5241,39.9453],[23.5057,39.9521],[23.5016,39.9548],[23.4901,39.9594],[23.4828,39.9619],[23.4776,39.9626],[23.4739,39.9641],[23.4651,39.9662],[23.4495,39.9673],[23.438,39.9668],[23.4359,39.9673],[23.4339,39.966],[23.4318,39.9656],[23.4192,39.9589],[23.412,39.9568],[23.3964,39.9568],[23.3901,39.9576],[23.3828,39.9594],[23.3766,39.9597],[23.3725,39.9589],[23.3682,39.9567],[23.3609,39.9549],[23.3568,39.9521],[23.3557,39.952],[23.3536,39.9528],[23.3526,39.9557],[23.353,39.9568],[23.3575,39.9641],[23.3672,39.9771],[23.3693,39.9807],[23.3703,39.9838],[23.3735,39.988],[23.3764,39.9943],[23.3776,39.9955],[23.3775,39.9995]],[[23.0036,39.5516],[23.0068,39.5495],[23.0068,39.5474],[23.0057,39.5464],[23.0057,39.5443],[23.0078,39.5443],[23.0089,39.5432],[23.0109,39.5427],[23.0115,39.5422],[23.0109,39.5416],[23.0109,39.5391],[23.012,39.538],[23.0141,39.5376],[23.0151,39.5359],[23.0145,39.5349],[23.0153,39.5339],[23.0224,39.5287],[23.0255,39.5286],[23.0273,39.5276],[23.0297,39.528],[23.0328,39.5276],[23.0339,39.5286],[23.0349,39.5286],[23.0363,39.5276],[23.038,39.5276],[23.037,39.5286],[23.038,39.5305],[23.0391,39.5309],[23.0464,39.5312],[23.0505,39.5307],[23.055,39.5286],[23.0574,39.5255],[23.057,39.5245],[23.0547,39.5224],[23.0578,39.5205],[23.0599,39.5203],[23.0609,39.5193],[23.063,39.5193],[23.0661,39.5182],[23.0693,39.5158],[23.0703,39.514],[23.0724,39.5124],[23.0755,39.512],[23.0776,39.511],[23.0828,39.5073],[23.0859,39.506],[23.0885,39.5036],[23.091,39.5026],[23.0922,39.5026],[23.0953,39.5005],[23.0964,39.5005],[23.0984,39.4974],[23.0995,39.4974],[23.1005,39.4984],[23.1016,39.4974],[23.1005,39.4964],[23.1005,39.4943],[23.1016,39.4932],[23.1013,39.4911],[23.1057,39.487],[23.1057,39.4849],[23.1068,39.4839],[23.1078,39.4849],[23.1089,39.4839],[23.1078,39.4828],[23.1078,39.4818],[23.1099,39.4797],[23.1099,39.478],[23.112,39.4755],[23.1133,39.4724],[23.1182,39.4655],[23.1201,39.462],[23.1273,39.4526],[23.1328,39.4493],[23.1339,39.4491],[23.1432,39.4383],[23.1484,39.4349],[23.1516,39.4318],[23.1526,39.4318],[23.1557,39.4286],[23.1557,39.4276],[23.1568,39.4266],[23.1568,39.4258],[23.1609,39.4216],[23.1634,39.4203],[23.1658,39.4172],[23.1714,39.4119],[23.1733,39.4089],[23.1755,39.4075],[23.1818,39.4078],[23.1839,39.4057],[23.1839,39.4037],[23.1849,39.4036],[23.188,39.4005],[23.1901,39.4022],[23.1943,39.4005],[23.1961,39.3984],[23.1971,39.3943],[23.1953,39.3932],[23.1953,39.3911],[23.1964,39.3907],[23.1974,39.3922],[23.1984,39.3911],[23.1969,39.3901],[23.1962,39.387],[23.1964,39.3859],[23.1973,39.3839],[23.1984,39.3833],[23.1995,39.383],[23.2016,39.3849],[23.2026,39.3839],[23.2026,39.3828],[23.2036,39.3839],[23.2047,39.3828],[23.2036,39.3818],[23.2033,39.3786],[23.2047,39.3763],[23.2068,39.3745],[23.2068,39.3703],[23.2059,39.3693],[23.2075,39.3682],[23.2078,39.366],[23.2088,39.3651],[23.2099,39.3651],[23.2109,39.3661],[23.2123,39.3651],[23.2141,39.3651],[23.2157,39.363],[23.2161,39.3613],[23.2182,39.3599],[23.2182,39.3589],[23.2193,39.3579],[23.2224,39.3589],[23.2234,39.3578],[23.2234,39.3568],[23.2224,39.3557],[23.2224,39.3547],[23.2234,39.3536],[23.2234,39.3518],[23.2297,39.3491],[23.2306,39.3474],[23.2328,39.3474],[23.2339,39.3467],[23.2349,39.3453],[23.2349,39.3443],[23.2339,39.3428],[23.2359,39.3423],[23.237,39.3429],[23.2391,39.3408],[23.2432,39.3406],[23.2443,39.3401],[23.2453,39.3386],[23.2484,39.3385],[23.2505,39.3378],[23.2516,39.3363],[23.2526,39.336],[23.2536,39.3363],[23.2557,39.3358],[23.2568,39.3344],[23.2578,39.3342],[23.2617,39.3307],[23.2616,39.3286],[23.263,39.3265],[23.2651,39.3245],[23.2661,39.3245],[23.2672,39.3234],[23.2693,39.3234],[23.2703,39.3224],[23.2699,39.3214],[23.2703,39.32],[23.2714,39.3206],[23.2724,39.3203],[23.2734,39.3193],[23.273,39.3172],[23.2741,39.3161],[23.2755,39.3161],[23.2776,39.313],[23.2776,39.3075],[23.2808,39.3047],[23.2797,39.3036],[23.2783,39.3047],[23.2782,39.3036],[23.2776,39.3028],[23.2782,39.3016],[23.2768,39.2995],[23.2769,39.2984],[23.2776,39.297],[23.2819,39.2922],[23.2828,39.2922],[23.2859,39.2899],[23.287,39.288],[23.2859,39.2862],[23.2859,39.2849],[23.2847,39.2839],[23.2849,39.2828],[23.2859,39.2818],[23.2859,39.2807],[23.2849,39.2797],[23.2839,39.2774],[23.2849,39.2758],[23.288,39.274],[23.2922,39.2696],[23.2995,39.2641],[23.3025,39.2609],[23.3068,39.2586],[23.312,39.2541],[23.3141,39.2528],[23.3142,39.2516],[23.3169,39.2495],[23.317,39.2474],[23.3176,39.2464],[23.3182,39.2464],[23.3193,39.2453],[23.3193,39.2432],[23.3203,39.2422],[23.3186,39.2391],[23.3204,39.2359],[23.3234,39.2339],[23.3272,39.2297],[23.3284,39.2276],[23.3297,39.2266],[23.3307,39.2266],[23.3328,39.225],[23.3339,39.2266],[23.3349,39.2255],[23.3333,39.2245],[23.3334,39.2224],[23.3324,39.2214],[23.3339,39.2203],[23.3339,39.2194],[23.3349,39.2193],[23.3359,39.2182],[23.3339,39.2161],[23.3343,39.213],[23.3377,39.2089],[23.3375,39.2078],[23.338,39.2056],[23.3443,39.2007],[23.3464,39.1962],[23.3516,39.1922],[23.3534,39.188],[23.354,39.1839],[23.3535,39.1818],[23.3521,39.1797],[23.3526,39.1776],[23.3484,39.1732],[23.3464,39.1724],[23.3463,39.1714],[23.3391,39.1643],[23.3349,39.1582],[23.3318,39.1576],[23.3312,39.1568],[23.3318,39.1557],[23.3315,39.1547],[23.3307,39.1538],[23.3287,39.1536],[23.3287,39.1516],[23.3245,39.1484],[23.3193,39.1469],[23.3182,39.1456],[23.3172,39.1455],[23.3161,39.1446],[23.3132,39.1443],[23.312,39.1432],[23.3101,39.1432],[23.3089,39.1422],[23.3078,39.1422],[23.3078,39.1401],[23.309,39.1391],[23.3078,39.1375],[23.3057,39.1372],[23.3047,39.138],[23.3047,39.1401],[23.3033,39.1391],[23.3047,39.138],[23.3047,39.137],[23.3036,39.1367],[23.3026,39.1385],[23.2984,39.1384],[23.2974,39.138],[23.2964,39.1364],[23.2943,39.1357],[23.2901,39.1362],[23.2891,39.138],[23.2867,39.138],[23.2859,39.1373],[23.2839,39.1368],[23.2818,39.1344],[23.2807,39.134],[23.2786,39.1349],[23.2797,39.1366],[23.281,39.137],[23.2776,39.137],[23.2766,39.138],[23.2761,39.1359],[23.2745,39.1352],[23.2734,39.137],[23.2745,39.1381],[23.2714,39.1381],[23.2683,39.137],[23.2643,39.1339],[23.2654,39.1328],[23.2647,39.1318],[23.2641,39.1314],[23.2634,39.1318],[23.263,39.133],[23.2606,39.1328],[23.259,39.1318],[23.2599,39.1311],[23.2604,39.1297],[23.26,39.1286],[23.2578,39.1262],[23.2526,39.1234],[23.2505,39.1226],[23.2484,39.1225],[23.2474,39.1247],[23.2464,39.1248],[23.2453,39.1255],[23.2443,39.1234],[23.2422,39.1216],[23.2401,39.1211],[23.238,39.1217],[23.2328,39.1219],[23.2318,39.1224],[23.2297,39.1221],[23.2276,39.1229],[23.2251,39.1245],[23.2245,39.1255],[23.2255,39.1266],[23.2224,39.1297],[23.2228,39.1307],[23.2222,39.1307],[23.2213,39.1297],[23.2214,39.1286],[23.2203,39.1276],[23.2204,39.1266],[23.2196,39.1255],[23.2161,39.1234],[23.2141,39.1228],[23.2109,39.1203],[23.2099,39.1203],[23.2099,39.1185],[23.2141,39.1182],[23.2172,39.1168],[23.2214,39.1163],[23.2266,39.1141],[23.2276,39.1149],[23.2286,39.1132],[23.2294,39.113],[23.2304,39.1109],[23.2302,39.1099],[23.2276,39.1069],[23.2224,39.1036],[23.2109,39.0981],[23.2101,39.0974],[23.2087,39.0943],[23.2068,39.0923],[23.2047,39.092],[23.2036,39.0924],[23.2026,39.0943],[23.2016,39.0943],[23.2005,39.0927],[23.1984,39.0919],[23.1974,39.0926],[23.1966,39.0943],[23.1984,39.0953],[23.1984,39.0964],[23.1974,39.0974],[23.1979,39.0995],[23.1974,39.1005],[23.1974,39.1026],[23.1964,39.1026],[23.1949,39.0995],[23.1932,39.0977],[23.188,39.099],[23.187,39.0979],[23.1859,39.0988],[23.1849,39.0984],[23.1839,39.1005],[23.1828,39.101],[23.1823,39.0995],[23.1797,39.0971],[23.1693,39.0948],[23.1672,39.0948],[23.1641,39.0932],[23.163,39.0943],[23.163,39.0932],[23.1641,39.0922],[23.1641,39.0911],[23.1651,39.0912],[23.1665,39.0901],[23.1654,39.0891],[23.1651,39.0881],[23.1641,39.0883],[23.162,39.0869],[23.1578,39.0859],[23.1557,39.0859],[23.1547,39.0864],[23.1526,39.0886],[23.1484,39.0883],[23.1443,39.0895],[23.1432,39.089],[23.1422,39.0899],[23.1411,39.0896],[23.1371,39.087],[23.1368,39.0859],[23.1342,39.0828],[23.1266,39.0812],[23.1245,39.0794],[23.1234,39.08],[23.1224,39.0795],[23.1207,39.0797],[23.1202,39.0818],[23.1218,39.0828],[23.1203,39.0839],[23.1193,39.0828],[23.1182,39.0826],[23.1179,39.0839],[23.1161,39.0839],[23.113,39.0811],[23.112,39.0811],[23.1026,39.0843],[23.1011,39.0859],[23.1002,39.0859],[23.0999,39.0849],[23.0953,39.083],[23.0891,39.0827],[23.0807,39.0811],[23.0766,39.0813],[23.0734,39.0821],[23.0714,39.0839],[23.0725,39.0849],[23.0714,39.0859],[23.0707,39.088],[23.0682,39.0901],[23.0672,39.0901],[23.0661,39.0891],[23.0651,39.0891],[23.0637,39.0911],[23.0641,39.0901],[23.063,39.0891],[23.062,39.0901],[23.0589,39.0901],[23.0578,39.0911],[23.0578,39.0922],[23.0589,39.0932],[23.0578,39.0937],[23.0568,39.0932],[23.0526,39.0932],[23.0516,39.0943],[23.0505,39.0943],[23.0495,39.0953],[23.0495,39.0964],[23.0505,39.098],[23.0516,39.0984],[23.0505,39.0984],[23.0495,39.0995],[23.0505,39.1012],[23.0526,39.1016],[23.0526,39.1026],[23.0536,39.1036],[23.0536,39.1057],[23.0578,39.1099],[23.0609,39.1099],[23.0611,39.1109],[23.063,39.113],[23.063,39.1141],[23.0641,39.1151],[23.0641,39.1161],[23.0651,39.1172],[23.0658,39.1172],[23.0656,39.1182],[23.0641,39.1193],[23.0635,39.1214],[23.0651,39.124],[23.0651,39.1276],[23.0661,39.1286],[23.0672,39.1286],[23.0661,39.1286],[23.0641,39.1307],[23.0637,39.1339],[23.0642,39.1359],[23.0651,39.1372],[23.0661,39.1373],[23.0672,39.1368],[23.0672,39.138],[23.0693,39.1401],[23.0714,39.1401],[23.0724,39.1411],[23.0731,39.1411],[23.0729,39.1422],[23.0734,39.1428],[23.0751,39.1432],[23.0807,39.1484],[23.0818,39.1484],[23.0829,39.1474],[23.0828,39.1462],[23.0839,39.1457],[23.0859,39.1464],[23.087,39.149],[23.0888,39.1474],[23.0922,39.1474],[23.0932,39.1464],[23.0932,39.1438],[23.0943,39.1438],[23.0995,39.1485],[23.0995,39.1495],[23.1005,39.1505],[23.1005,39.1516],[23.1016,39.1526],[23.1025,39.1526],[23.1016,39.1536],[23.1026,39.1563],[23.104,39.1568],[23.1036,39.1578],[23.1042,39.1589],[23.1068,39.1609],[23.1078,39.1612],[23.1089,39.1609],[23.1099,39.1599],[23.1096,39.1557],[23.1089,39.1549],[23.1067,39.1547],[23.1078,39.1522],[23.1109,39.1519],[23.112,39.1526],[23.113,39.1526],[23.1141,39.1516],[23.1141,39.1505],[23.1161,39.1505],[23.1172,39.1499],[23.1193,39.1484],[23.1195,39.1474],[23.1163,39.1443],[23.1161,39.1422],[23.1154,39.1411],[23.1141,39.1401],[23.113,39.1411],[23.1127,39.1391],[23.1116,39.138],[23.113,39.138],[23.1141,39.1391],[23.1151,39.1391],[23.1161,39.138],[23.1172,39.1393],[23.1182,39.1388],[23.119,39.138],[23.1162,39.1359],[23.1172,39.1349],[23.1193,39.1359],[23.1224,39.1367],[23.1231,39.1359],[23.1255,39.1352],[23.1266,39.1358],[23.1276,39.1353],[23.1297,39.1361],[23.1307,39.1358],[23.1318,39.1366],[23.1322,39.1359],[23.1318,39.1348],[23.1328,39.1343],[23.134,39.1349],[23.1328,39.1332],[23.1276,39.131],[23.1266,39.1311],[23.1245,39.13],[23.1224,39.128],[23.1214,39.1279],[23.1214,39.1252],[23.1206,39.1255],[23.1203,39.1268],[23.1198,39.1245],[23.1204,39.1234],[23.1195,39.1224],[23.1191,39.1161],[23.1172,39.113],[23.1109,39.11],[23.1078,39.11],[23.1057,39.1092],[23.1051,39.1089],[23.1047,39.1077],[23.1036,39.1079],[23.1005,39.1068],[23.0984,39.1068],[23.0974,39.1057],[23.0964,39.1068],[23.0964,39.1056],[23.0974,39.1036],[23.0974,39.1005],[23.0964,39.0995],[23.0964,39.0982],[23.0984,39.0995],[23.1026,39.0999],[23.1047,39.1016],[23.1057,39.1005],[23.1084,39.1005],[23.1099,39.101],[23.1099,39.1016],[23.1141,39.1057],[23.1161,39.1057],[23.1193,39.1078],[23.1203,39.1073],[23.1215,39.1089],[23.1234,39.1099],[23.1266,39.113],[23.1286,39.113],[23.1297,39.1115],[23.1307,39.1118],[23.1307,39.113],[23.1322,39.1151],[23.1328,39.1155],[23.1339,39.1151],[23.1348,39.1172],[23.1359,39.1182],[23.138,39.1193],[23.1391,39.1193],[23.1391,39.1203],[23.1373,39.1214],[23.1391,39.1228],[23.1401,39.1214],[23.1411,39.1214],[23.1422,39.1224],[23.1432,39.1224],[23.1443,39.1214],[23.1474,39.1214],[23.1484,39.1203],[23.1499,39.1203],[23.1505,39.1208],[23.1511,39.1203],[23.1551,39.1203],[23.1557,39.1208],[23.1557,39.1214],[23.1547,39.1224],[23.1526,39.1224],[23.1505,39.1245],[23.1505,39.1258],[23.1499,39.1266],[23.1484,39.1276],[23.1474,39.1276],[23.1464,39.1266],[23.1448,39.1276],[23.1505,39.1328],[23.1516,39.1328],[23.153,39.1318],[23.1547,39.1318],[23.1589,39.1275],[23.1599,39.1273],[23.1641,39.1289],[23.1651,39.1286],[23.1672,39.1266],[23.1682,39.1261],[23.1703,39.1269],[23.1724,39.1261],[23.1748,39.1266],[23.1766,39.1286],[23.1755,39.1307],[23.1724,39.1339],[23.1724,39.1349],[23.1732,39.137],[23.1745,39.1376],[23.1768,39.1401],[23.1766,39.1411],[23.1755,39.1422],[23.1755,39.1443],[23.1745,39.1453],[23.1734,39.1443],[23.1724,39.1453],[23.1734,39.1464],[23.1734,39.1495],[23.1745,39.1505],[23.1734,39.1516],[23.1745,39.1526],[23.173,39.1547],[23.1734,39.1554],[23.1745,39.1557],[23.176,39.1547],[23.1776,39.1568],[23.1796,39.1568],[23.1807,39.1578],[23.1807,39.1589],[23.1828,39.1609],[23.1859,39.1578],[23.1849,39.1568],[23.1849,39.1557],[23.1891,39.1589],[23.1891,39.1599],[23.1901,39.1609],[23.1922,39.1615],[23.1936,39.1609],[23.195,39.1589],[23.1951,39.1578],[23.1932,39.1547],[23.1933,39.1536],[23.1953,39.1534],[23.1964,39.1547],[23.1964,39.1557],[23.1974,39.1568],[23.2004,39.1578],[23.2024,39.1599],[23.2017,39.162],[23.2022,39.1641],[23.203,39.1641],[23.2036,39.1626],[23.2047,39.1627],[23.2047,39.1651],[23.2057,39.1664],[23.2057,39.1693],[23.2068,39.1703],[23.2053,39.1714],[23.2068,39.1737],[23.2078,39.1714],[23.2099,39.1714],[23.2109,39.1703],[23.2109,39.1664],[23.2115,39.1661],[23.2109,39.1658],[23.2109,39.1628],[23.212,39.1622],[23.2127,39.163],[23.2117,39.1641],[23.213,39.1653],[23.2159,39.1661],[23.2168,39.1672],[23.2173,39.1714],[23.2199,39.1755],[23.22,39.1766],[23.2187,39.1797],[23.2196,39.1807],[23.2196,39.1818],[23.2182,39.1828],[23.2182,39.1839],[23.2172,39.1849],[23.2176,39.1859],[23.2174,39.187],[23.2161,39.1893],[23.2151,39.1894],[23.2144,39.187],[23.2147,39.1849],[23.2141,39.1846],[23.2136,39.1859],[23.213,39.1861],[23.2119,39.1839],[23.2089,39.1821],[23.2064,39.1839],[23.2068,39.1849],[23.2099,39.187],[23.2095,39.188],[23.212,39.1901],[23.2092,39.1922],[23.2068,39.1932],[23.2057,39.1932],[23.2005,39.1984],[23.1995,39.1984],[23.1989,39.1974],[23.199,39.1964],[23.1984,39.1959],[23.1974,39.196],[23.1956,39.1943],[23.1949,39.1943],[23.1941,39.1964],[23.194,39.1984],[23.1932,39.1995],[23.1953,39.2005],[23.1953,39.2035],[23.1938,39.2036],[23.1932,39.2022],[23.1925,39.2026],[23.1921,39.2036],[23.1932,39.2047],[23.1922,39.2057],[23.1911,39.2047],[23.1901,39.2057],[23.1911,39.2068],[23.1901,39.2068],[23.1891,39.2078],[23.1891,39.2105],[23.1873,39.213],[23.187,39.2151],[23.1848,39.2182],[23.1851,39.2224],[23.1797,39.2266],[23.1776,39.2266],[23.1766,39.2276],[23.1774,39.2307],[23.1769,39.2339],[23.1776,39.2359],[23.1766,39.2362],[23.1755,39.2347],[23.1743,39.2359],[23.1756,39.237],[23.1766,39.2396],[23.1786,39.2411],[23.1783,39.2422],[23.1797,39.2426],[23.1797,39.2432],[23.1807,39.2443],[23.181,39.2453],[23.1805,39.2484],[23.1798,39.2495],[23.1786,39.2495],[23.1776,39.2505],[23.1776,39.2515],[23.1759,39.2536],[23.1755,39.2538],[23.1745,39.2526],[23.1727,39.2536],[23.1734,39.2544],[23.1746,39.2547],[23.174,39.2568],[23.1717,39.2599],[23.1703,39.2599],[23.1697,39.2589],[23.1682,39.2581],[23.1651,39.2584],[23.1642,39.2599],[23.1661,39.2609],[23.1661,39.262],[23.1651,39.263],[23.1656,39.2651],[23.1656,39.2672],[23.1651,39.2683],[23.1618,39.2682],[23.163,39.2679],[23.1641,39.2682],[23.1647,39.2661],[23.1641,39.2647],[23.162,39.2661],[23.1619,39.2672],[23.1609,39.2682],[23.1597,39.2714],[23.1609,39.2724],[23.1599,39.2734],[23.1589,39.2734],[23.1578,39.2743],[23.1568,39.2755],[23.1561,39.2776],[23.1547,39.2776],[23.1536,39.2758],[23.1516,39.2765],[23.1516,39.2776],[23.1496,39.2786],[23.1489,39.2797],[23.1471,39.2839],[23.1432,39.2864],[23.1421,39.2891],[23.137,39.2892],[23.1358,39.2901],[23.1339,39.2901],[23.1328,39.2886],[23.1318,39.2887],[23.1297,39.2894],[23.1281,39.2911],[23.1282,39.2922],[23.1291,39.2932],[23.1255,39.2948],[23.1245,39.2937],[23.1214,39.2948],[23.1206,39.2964],[23.1227,39.2974],[23.1227,39.2984],[23.1215,39.3026],[23.1203,39.3036],[23.1151,39.304],[23.1123,39.3057],[23.1099,39.306],[23.1089,39.3039],[23.1068,39.3053],[23.1057,39.3047],[23.1047,39.3051],[23.1036,39.3046],[23.1026,39.3035],[23.1005,39.3039],[23.0984,39.3036],[23.0974,39.3044],[23.0971,39.3057],[23.0964,39.3057],[23.0953,39.3068],[23.0943,39.309],[23.0942,39.3078],[23.0933,39.3068],[23.0901,39.3064],[23.0882,39.3078],[23.0883,39.3089],[23.0901,39.3099],[23.088,39.3099],[23.087,39.3081],[23.0859,39.3099],[23.0839,39.3099],[23.0836,39.3089],[23.0828,39.3083],[23.0813,39.3099],[23.0828,39.3109],[23.0797,39.3109],[23.0776,39.313],[23.0766,39.3134],[23.0755,39.3112],[23.0703,39.31],[23.0682,39.3078],[23.0672,39.3076],[23.0661,39.3081],[23.0651,39.3078],[23.0641,39.3103],[23.063,39.3099],[23.0547,39.3099],[23.0536,39.3109],[23.0526,39.3109],[23.0516,39.3094],[23.0495,39.309],[23.0484,39.3099],[23.0474,39.3095],[23.0464,39.3106],[23.0453,39.3102],[23.0437,39.3109],[23.0432,39.3133],[23.0419,39.313],[23.0411,39.312],[23.0349,39.3117],[23.0334,39.312],[23.033,39.313],[23.0307,39.3123],[23.0297,39.3129],[23.0266,39.3131],[23.0255,39.3141],[23.0255,39.313],[23.0245,39.3117],[23.0224,39.3109],[23.0203,39.311],[23.018,39.312],[23.0175,39.3141],[23.0166,39.3151],[23.0172,39.3156],[23.0172,39.3174],[23.0162,39.3182],[23.016,39.3151],[23.0151,39.3143],[23.012,39.3145],[23.0104,39.3151],[23.01,39.3161],[23.0107,39.3182],[23.0133,39.3193],[23.0137,39.3224],[23.0124,39.3245],[23.0123,39.3276],[23.0108,39.3286],[23.0099,39.331],[23.0089,39.3314],[23.0078,39.3309],[23.0057,39.3331],[23.0047,39.3327],[23.0005,39.3334]],[[23.0026,39.0401],[23.0037,39.038],[23.0019,39.0359],[23.0013,39.0339]],[[23.0005,39.024],[23.0026,39.0261],[23.0047,39.0297],[23.0057,39.0302],[23.0068,39.0318],[23.0078,39.0313],[23.0089,39.0315],[23.0099,39.0302],[23.0109,39.0302],[23.012,39.0276],[23.0141,39.0255],[23.0161,39.0252],[23.0161,39.0266],[23.0182,39.0286],[23.0193,39.0276],[23.0203,39.0281],[23.0221,39.0297],[23.0234,39.0318],[23.0245,39.0322],[23.0245,39.0339],[23.0228,39.0349],[23.0245,39.0364],[23.0255,39.0349],[23.0279,39.0349],[23.0297,39.0359],[23.0318,39.0359],[23.0349,39.038],[23.0359,39.037],[23.037,39.038],[23.0391,39.0377],[23.0401,39.038],[23.0464,39.038],[23.0469,39.0411],[23.0484,39.0424],[23.0495,39.0418],[23.0506,39.0422],[23.051,39.0401],[23.0495,39.0391],[23.0516,39.0391],[23.0526,39.0405],[23.0532,39.0401],[23.0536,39.0391],[23.0526,39.038],[23.0547,39.038],[23.0557,39.0391],[23.0589,39.0391],[23.0599,39.0391],[23.0609,39.0381],[23.062,39.038],[23.0651,39.0401],[23.0661,39.0391],[23.0682,39.0387],[23.0693,39.0409],[23.0703,39.0407],[23.0716,39.0391],[23.0715,39.0349],[23.071,39.0328],[23.0714,39.0318],[23.0686,39.0276],[23.0655,39.0245],[23.066,39.0234],[23.063,39.0195],[23.0609,39.0193],[23.0578,39.0172],[23.0578,39.0161],[23.0589,39.0151],[23.0589,39.0141],[23.0575,39.012],[23.0574,39.0099],[23.0578,39.0093],[23.0589,39.0089],[23.0609,39.0109],[23.0641,39.0114],[23.0648,39.0109],[23.0672,39.0109],[23.0683,39.0099],[23.0708,39.0099],[23.0724,39.0109],[23.0734,39.0126],[23.0737,39.012],[23.0745,39.012],[23.0755,39.0142],[23.0766,39.0125],[23.0776,39.0133],[23.0786,39.0131],[23.0801,39.012],[23.0818,39.0083],[23.0839,39.008],[23.0849,39.0091],[23.087,39.0081],[23.0868,39.0068],[23.088,39.0057],[23.0873,39.0047],[23.0881,39.0036],[23.0877,39.0026],[23.0881,39.0016],[23.0874,39.0005]],[[23.1204,39.0005],[23.1269,39.0057],[23.1286,39.0079],[23.1307,39.0092],[23.1328,39.0095],[23.1484,39.0091],[23.1516,39.0096],[23.1547,39.0111],[23.1557,39.0111],[23.1599,39.0098],[23.1745,39.009],[23.1807,39.0063],[23.1849,39.0057],[23.2036,39.0064],[23.2057,39.0071],[23.2089,39.0094],[23.213,39.0151],[23.2234,39.0206],[23.2323,39.0245],[23.238,39.0258],[23.2484,39.0251],[23.2516,39.026],[23.2536,39.0252],[23.2557,39.0254],[23.265,39.0318],[23.2672,39.0341],[23.2743,39.0349],[23.2755,39.0358],[23.2765,39.038],[23.2786,39.0391],[23.2828,39.0397],[23.288,39.0388],[23.2922,39.0405],[23.2953,39.0402],[23.3005,39.0407],[23.3057,39.04],[23.3099,39.0409],[23.3182,39.0397],[23.3226,39.038],[23.3255,39.0361],[23.3284,39.0328],[23.3303,39.0318],[23.3315,39.0297],[23.3322,39.0266],[23.334,39.0234],[23.337,39.0194],[23.3387,39.0182],[23.3401,39.0178],[23.3422,39.0182],[23.3432,39.0168],[23.3443,39.0167],[23.3453,39.0172],[23.3484,39.0172],[23.3495,39.0161],[23.3491,39.0151],[23.3495,39.014],[23.3517,39.012],[23.3547,39.0108],[23.3568,39.0105],[23.3609,39.0109],[23.3621,39.0099],[23.3641,39.0092],[23.3714,39.0089],[23.3724,39.0083],[23.3755,39.0083],[23.3776,39.0074],[23.3786,39.0057],[23.3807,39.005],[23.3818,39.0033],[23.3828,39.004],[23.383,39.0036],[23.3821,39.0026],[23.3827,39.0016],[23.3824,39.0005]],[[23.1839,39.2208],[23.1834,39.2214],[23.1839,39.2216],[23.1842,39.2214]],[[23.8651,39.1974],[23.8641,39.197],[23.8609,39.1971],[23.8586,39.1995],[23.8579,39.2005],[23.8581,39.2026],[23.8595,39.2047],[23.8641,39.2057],[23.8653,39.2047],[23.8651,39.2026],[23.8661,39.2016],[23.8661,39.1995],[23.8672,39.1984],[23.8661,39.1974]],[[23.863,39.1859],[23.8608,39.1859],[23.862,39.186],[23.8623,39.187],[23.8638,39.188],[23.8609,39.189],[23.8622,39.1911],[23.8624,39.1932],[23.8641,39.1944],[23.8672,39.1943],[23.8682,39.1932],[23.8672,39.1922],[23.8672,39.1911],[23.8682,39.1901]],[[23.0589,39.1723],[23.0578,39.1719],[23.0568,39.1734],[23.0557,39.1734],[23.0536,39.1749],[23.0526,39.1734],[23.0516,39.1733],[23.0505,39.1744],[23.0495,39.1743],[23.0484,39.1755],[23.0474,39.1755],[23.0458,39.1766],[23.0495,39.1807],[23.0517,39.1818],[23.0536,39.1839],[23.0557,39.1839],[23.0568,39.1849],[23.0589,39.1847],[23.0598,39.1828],[23.0598,39.1818],[23.0589,39.1797],[23.0568,39.1776],[23.0568,39.1766],[23.0578,39.1755],[23.0578,39.1745],[23.0597,39.1734]],[[23.9839,39.1609],[23.9797,39.1604],[23.9786,39.162],[23.9801,39.163],[23.9786,39.163],[23.9755,39.1661],[23.974,39.1641],[23.9755,39.163],[23.9745,39.1609],[23.9724,39.1601],[23.9682,39.1604],[23.9665,39.162],[23.9661,39.163],[23.9675,39.1641],[23.9669,39.1651],[23.9672,39.1661],[23.9661,39.1672],[23.9661,39.1682],[23.9672,39.1693],[23.9672,39.1703],[23.9641,39.1675],[23.9641,39.1661],[23.963,39.1651],[23.962,39.1651],[23.9609,39.1661],[23.9599,39.1656],[23.9609,39.1641],[23.9609,39.163],[23.9599,39.1615],[23.9578,39.1605],[23.9557,39.1605],[23.9547,39.162],[23.9561,39.163],[23.9547,39.163],[23.9547,39.162],[23.9536,39.1615],[23.9528,39.162],[23.9526,39.163],[23.9547,39.1651],[23.9526,39.1651],[23.9505,39.1637],[23.949,39.1641],[23.948,39.1651],[23.9495,39.1661],[23.9495,39.1682],[23.9516,39.1703],[23.9501,39.1703],[23.9474,39.1681],[23.9464,39.1679],[23.9453,39.1693],[23.9464,39.1703],[23.9453,39.1703],[23.9452,39.1693],[23.9443,39.1682],[23.9432,39.1683],[23.9425,39.1693],[23.942,39.1703],[23.9432,39.1714],[23.9432,39.1724],[23.9422,39.1724],[23.9411,39.1714],[23.94,39.1714],[23.9401,39.1724],[23.9411,39.1734],[23.9411,39.1766],[23.9401,39.1766],[23.938,39.1797],[23.938,39.1818],[23.9422,39.1859],[23.9453,39.1859],[23.9464,39.1849],[23.9474,39.1865],[23.9484,39.187],[23.9557,39.187],[23.9589,39.1891],[23.9599,39.1891],[23.9609,39.1901],[23.9626,39.1901],[23.963,39.1918],[23.9641,39.1922],[23.9661,39.1922],[23.9672,39.1914],[23.9692,39.1911],[23.973,39.1911],[23.9775,39.1953],[23.9776,39.1995],[23.9766,39.1995],[23.9755,39.1984],[23.9734,39.1984],[23.9724,39.1995],[23.9724,39.2039],[23.9717,39.2047],[23.971,39.2047],[23.9714,39.2018],[23.9693,39.2013],[23.9682,39.2024],[23.966,39.2016],[23.9672,39.2031],[23.9696,39.2047],[23.9693,39.2068],[23.9682,39.2078],[23.9672,39.2063],[23.9661,39.206],[23.9651,39.2065],[23.9641,39.2059],[23.9638,39.2068],[23.9661,39.2089],[23.9661,39.2099],[23.9672,39.2109],[23.9682,39.2109],[23.9661,39.2109],[23.9651,39.2125],[23.9641,39.2109],[23.963,39.2106],[23.9625,39.212],[23.9641,39.2141],[23.9641,39.2166],[23.963,39.2172],[23.962,39.2161],[23.9609,39.2172],[23.962,39.2182],[23.9619,39.2203],[23.963,39.2214],[23.9651,39.2214],[23.9661,39.2224],[23.9672,39.2224],[23.9672,39.2234],[23.9661,39.2245],[23.9682,39.2266],[23.9693,39.2266],[23.9682,39.2276],[23.9682,39.2328],[23.9703,39.2359],[23.9706,39.238],[23.9703,39.2391],[23.9724,39.2411],[23.9745,39.2391],[23.9765,39.2411],[23.9766,39.2422],[23.9766,39.2411],[23.9774,39.2401],[23.9797,39.2394],[23.9808,39.237],[23.9804,39.2359],[23.981,39.2339],[23.9807,39.2328],[23.9783,39.2307],[23.9797,39.2307],[23.9828,39.2328],[23.9843,39.2307],[23.9845,39.2245],[23.9838,39.2214],[23.9841,39.2193],[23.9849,39.2186],[23.9859,39.2186],[23.988,39.2169],[23.9891,39.2172],[23.9922,39.2164],[23.9946,39.2141],[23.9956,39.212],[23.9907,39.2005],[23.9904,39.1932],[23.9881,39.1911],[23.9894,39.1901],[23.9887,39.1891],[23.9905,39.1849],[23.9904,39.1807],[23.9894,39.1776],[23.987,39.172],[23.9849,39.1724],[23.9839,39.1734],[23.9839,39.1703],[23.9849,39.1693],[23.9859,39.1708],[23.9871,39.1693],[23.9859,39.1682],[23.987,39.1672],[23.9859,39.1661],[23.9859,39.1651],[23.9872,39.1641],[23.9873,39.163],[23.9859,39.1614]],[[23.187,39.1589],[23.1859,39.1589],[23.1849,39.1599],[23.1859,39.161],[23.187,39.1609],[23.188,39.1599]],[[23.5161,39.1589],[23.5151,39.1599],[23.5151,39.1609],[23.5161,39.162],[23.5172,39.1609],[23.5172,39.1599]],[[23.0703,39.1481],[23.0672,39.1475],[23.0661,39.1495],[23.0651,39.1498],[23.0641,39.148],[23.0625,39.1495],[23.0644,39.1505],[23.0651,39.1514],[23.0641,39.1532],[23.0633,39.1536],[23.0648,39.1557],[23.0641,39.1568],[23.0651,39.158],[23.0696,39.1599],[23.0696,39.1609],[23.0672,39.1609],[23.0661,39.162],[23.0661,39.163],[23.0676,39.1661],[23.0693,39.1672],[23.0724,39.1676],[23.0736,39.1693],[23.0766,39.1707],[23.078,39.1703],[23.0776,39.1699],[23.0776,39.1682],[23.0766,39.1672],[23.0766,39.1658],[23.0818,39.1673],[23.087,39.1682],[23.0891,39.1678],[23.0943,39.1693],[23.0953,39.1682],[23.0953,39.1661],[23.0965,39.1651],[23.0962,39.163],[23.0974,39.1609],[23.0974,39.1599],[23.0961,39.1589],[23.0953,39.157],[23.0943,39.1568],[23.0937,39.1557],[23.0901,39.1545],[23.088,39.1547],[23.087,39.1557],[23.0885,39.1568],[23.0866,39.1578],[23.0856,39.1568],[23.087,39.1557],[23.0859,39.1547],[23.0849,39.1561],[23.0828,39.1536],[23.0818,39.1536],[23.0807,39.152],[23.0786,39.1516],[23.0772,39.1526],[23.0755,39.1516],[23.0739,39.1516],[23.0745,39.1505],[23.0734,39.1493],[23.0724,39.1484]],[[23.5203,39.1432],[23.5172,39.1453],[23.5172,39.1464],[23.5151,39.1484],[23.5148,39.1495],[23.513,39.1516],[23.513,39.1536],[23.5141,39.1547],[23.5182,39.1568],[23.5193,39.158],[23.5214,39.1569],[23.5214,39.1547],[23.5203,39.1536],[23.5203,39.1526],[23.5234,39.1505],[23.5224,39.1495],[23.5241,39.1474]],[[23.5953,39.1441],[23.5911,39.1441],[23.5898,39.1453],[23.5893,39.1474],[23.5897,39.1495],[23.5911,39.1515],[23.5932,39.1526],[23.5917,39.1536],[23.5932,39.156],[23.5943,39.1566],[23.5953,39.1561],[23.5984,39.1557],[23.5988,39.1526],[23.5998,39.1516],[23.5997,39.1505],[23.599,39.1495],[23.5997,39.1484],[23.5984,39.1482],[23.5966,39.1453]],[[23.1661,39.1432],[23.1651,39.1427],[23.1642,39.1443],[23.1641,39.1464],[23.1651,39.1476],[23.1661,39.1474],[23.1672,39.1464],[23.1672,39.1443]],[[23.5276,39.1428],[23.5255,39.1428],[23.5244,39.1443],[23.526,39.1453],[23.5253,39.1474],[23.5266,39.1484],[23.5307,39.1484],[23.5318,39.1503],[23.5328,39.1507],[23.5344,39.1484],[23.5343,39.1464],[23.5318,39.1439]],[[23.8589,39.1307],[23.8578,39.1321],[23.8536,39.1297],[23.8505,39.1301],[23.8484,39.1318],[23.8481,39.1339],[23.8435,39.1391],[23.8422,39.1391],[23.8411,39.138],[23.8401,39.138],[23.8391,39.1391],[23.8391,39.1401],[23.838,39.141],[23.838,39.1401],[23.837,39.1391],[23.8349,39.1391],[23.8318,39.137],[23.8307,39.138],[23.8297,39.138],[23.8276,39.1401],[23.8276,39.1422],[23.8266,39.1432],[23.8263,39.1516],[23.828,39.1547],[23.8318,39.1582],[23.8432,39.163],[23.8443,39.1628],[23.8474,39.1635],[23.8495,39.1647],[23.8509,39.1661],[23.8527,39.1693],[23.8578,39.1735],[23.8589,39.1714],[23.8599,39.1714],[23.8609,39.1698],[23.862,39.1694],[23.868,39.1703],[23.8681,39.1714],[23.8693,39.1721],[23.8724,39.1727],[23.8745,39.1739],[23.8775,39.1786],[23.8776,39.1799],[23.8771,39.1807],[23.8755,39.1807],[23.8745,39.1797],[23.8703,39.1797],[23.8693,39.1804],[23.8689,39.1807],[23.8697,39.1818],[23.8682,39.1821],[23.8675,39.1828],[23.8675,39.187],[23.8693,39.188],[23.8693,39.1891],[23.8703,39.1901],[23.8714,39.1895],[23.8734,39.1893],[23.8742,39.1901],[23.8745,39.1922],[23.8755,39.1932],[23.8755,39.1959],[23.8734,39.1974],[23.8724,39.1966],[23.8714,39.1984],[23.8703,39.1984],[23.8682,39.2005],[23.8672,39.2005],[23.8661,39.2016],[23.8682,39.2036],[23.8669,39.2047],[23.8665,39.2057],[23.8672,39.2066],[23.8682,39.2068],[23.8693,39.2057],[23.8724,39.2057],[23.8734,39.2047],[23.8755,39.2047],[23.8766,39.2057],[23.8766,39.2068],[23.8776,39.2078],[23.8785,39.2078],[23.8801,39.2099],[23.8805,39.2109],[23.8797,39.212],[23.8807,39.213],[23.8813,39.213],[23.8839,39.2162],[23.8839,39.2172],[23.8852,39.2193],[23.8839,39.2193],[23.8828,39.2203],[23.8828,39.2214],[23.8839,39.2224],[23.8849,39.2214],[23.8849,39.2224],[23.8859,39.2235],[23.8901,39.2231],[23.8922,39.2237],[23.9026,39.23],[23.9068,39.2312],[23.9078,39.2299],[23.9089,39.2317],[23.911,39.2328],[23.9116,39.2339],[23.9113,39.2349],[23.9141,39.2391],[23.9141,39.2401],[23.913,39.2411],[23.912,39.2401],[23.9109,39.2411],[23.9109,39.2432],[23.912,39.2443],[23.9134,39.2443],[23.9151,39.2464],[23.9151,39.2474],[23.9141,39.2484],[23.9141,39.2505],[23.9161,39.2526],[23.9161,39.2547],[23.9182,39.2568],[23.919,39.2568],[23.9182,39.2578],[23.9193,39.2589],[23.9203,39.2578],[23.9214,39.2578],[23.9203,39.2589],[23.9214,39.2599],[23.9224,39.2599],[23.9234,39.2589],[23.9253,39.2589],[23.9266,39.2603],[23.9307,39.263],[23.9328,39.2665],[23.9328,39.2672],[23.9349,39.2693],[23.9349,39.2724],[23.9359,39.2734],[23.9377,39.2734],[23.937,39.2755],[23.9359,39.2766],[23.9359,39.2776],[23.937,39.2786],[23.9391,39.2786],[23.9401,39.2797],[23.9411,39.2797],[23.9411,39.2807],[23.9422,39.2818],[23.9464,39.2818],[23.9453,39.2818],[23.9432,39.2839],[23.9432,39.287],[23.9453,39.2901],[23.9474,39.2901],[23.9474,39.2922],[23.9484,39.2932],[23.9516,39.2932],[23.9526,39.2943],[23.9547,39.2943],[23.9557,39.2953],[23.9568,39.2943],[23.9568,39.2932],[23.9557,39.2922],[23.9568,39.2911],[23.9578,39.2911],[23.9599,39.2891],[23.9599,39.287],[23.9578,39.2849],[23.9568,39.2859],[23.956,39.2859],[23.9578,39.2839],[23.9589,39.2849],[23.9599,39.2839],[23.9589,39.2828],[23.9599,39.2818],[23.9547,39.2763],[23.9511,39.2745],[23.9505,39.2738],[23.9505,39.2724],[23.9526,39.2745],[23.9547,39.2745],[23.9578,39.2766],[23.9599,39.2745],[23.9592,39.2734],[23.9599,39.2724],[23.962,39.2745],[23.963,39.2745],[23.9641,39.2734],[23.9651,39.2734],[23.9672,39.2714],[23.9672,39.2724],[23.9682,39.2734],[23.9693,39.2724],[23.9703,39.2734],[23.9745,39.2734],[23.9755,39.2724],[23.9766,39.2724],[23.9786,39.2703],[23.9788,39.2693],[23.9839,39.2693],[23.9839,39.2714],[23.9849,39.2724],[23.987,39.2704],[23.987,39.2714],[23.9901,39.2745],[23.9911,39.2745],[23.9922,39.2734],[23.9911,39.2724],[23.9911,39.2703],[23.9901,39.2687],[23.9891,39.2692],[23.988,39.268],[23.9864,39.2651],[23.9859,39.2626],[23.985,39.262],[23.985,39.2609],[23.9812,39.2536],[23.9806,39.2516],[23.9774,39.2495],[23.9761,39.2474],[23.9749,39.2464],[23.9708,39.2443],[23.9684,39.2391],[23.9672,39.237],[23.9659,39.2359],[23.963,39.235],[23.962,39.2335],[23.9609,39.233],[23.9599,39.2332],[23.9589,39.2349],[23.9584,39.2349],[23.9536,39.23],[23.9526,39.2276],[23.9468,39.2224],[23.9466,39.2203],[23.9474,39.2193],[23.9494,39.2182],[23.9477,39.2141],[23.9478,39.212],[23.9474,39.2109],[23.9479,39.2099],[23.9474,39.2097],[23.9464,39.2105],[23.9451,39.2099],[23.9446,39.212],[23.9468,39.213],[23.9453,39.2138],[23.9443,39.2132],[23.9432,39.2134],[23.9422,39.2151],[23.9411,39.2141],[23.9411,39.213],[23.9422,39.2123],[23.9432,39.2125],[23.9442,39.212],[23.9432,39.2116],[23.9422,39.2104],[23.9411,39.2104],[23.9401,39.212],[23.9339,39.2061],[23.9352,39.2047],[23.9352,39.2026],[23.9367,39.2016],[23.9359,39.2003],[23.937,39.2003],[23.9376,39.1995],[23.937,39.1984],[23.9339,39.1961],[23.9338,39.1974],[23.9318,39.198],[23.9307,39.1995],[23.9304,39.1974],[23.928,39.1953],[23.9286,39.1943],[23.9297,39.1943],[23.9307,39.1932],[23.9328,39.193],[23.9339,39.194],[23.9357,39.1943],[23.9359,39.1956],[23.937,39.1964],[23.9362,39.1953],[23.9359,39.1924],[23.9346,39.1901],[23.9339,39.187],[23.9324,39.1859],[23.9328,39.1857],[23.9328,39.1845],[23.9286,39.1814],[23.9276,39.1812],[23.9266,39.1828],[23.9262,39.1828],[23.9241,39.1807],[23.9258,39.1797],[23.926,39.1766],[23.9268,39.1755],[23.9245,39.1725],[23.9203,39.1703],[23.9172,39.1692],[23.916,39.1693],[23.9143,39.1682],[23.913,39.1665],[23.912,39.1662],[23.9089,39.1666],[23.9078,39.1682],[23.9067,39.1682],[23.9061,39.1672],[23.9072,39.1661],[23.9089,39.1656],[23.9099,39.1641],[23.9089,39.163],[23.9086,39.162],[23.9099,39.1621],[23.9099,39.1609],[23.9093,39.1599],[23.9078,39.1589],[23.9076,39.1578],[23.9057,39.1564],[23.9028,39.1568],[23.9019,39.1578],[23.902,39.1589],[23.9026,39.1596],[23.9038,39.1599],[23.9026,39.1603],[23.9016,39.1599],[23.9005,39.1606],[23.8984,39.1601],[23.8964,39.1591],[23.8953,39.158],[23.8942,39.1578],[23.8931,39.1568],[23.8946,39.1557],[23.8944,39.1547],[23.8932,39.1537],[23.8922,39.1535],[23.8902,39.1547],[23.8894,39.1557],[23.8901,39.1565],[23.8912,39.1568],[23.8901,39.1577],[23.8891,39.1569],[23.8859,39.1569],[23.8831,39.1557],[23.8829,39.1547],[23.8851,39.1526],[23.8847,39.1505],[23.8863,39.1495],[23.8849,39.1458],[23.8818,39.1444],[23.8766,39.1439],[23.8724,39.1408],[23.8703,39.1438],[23.8693,39.1433],[23.8703,39.1422],[23.8691,39.1411],[23.8693,39.1406],[23.8706,39.1401],[23.8714,39.137],[23.8724,39.1359],[23.872,39.1349],[23.8707,39.1349],[23.8703,39.1359],[23.8693,39.1362],[23.8668,39.1359],[23.8683,39.1349],[23.8672,39.1334],[23.8661,39.1334],[23.8651,39.1349],[23.8617,39.1349],[23.8609,39.1342],[23.8585,39.1339],[23.86,39.1328],[23.8604,39.1318]],[[23.4245,39.1283],[23.4214,39.1284],[23.4201,39.1297],[23.4214,39.1307],[23.4216,39.1328],[23.4224,39.1337],[23.4234,39.1337],[23.4255,39.1318],[23.4245,39.1307],[23.4255,39.1297]],[[23.8057,39.1284],[23.8036,39.1281],[23.803,39.1286],[23.8026,39.1301],[23.8005,39.1301],[23.7999,39.1307],[23.7984,39.1307],[23.7974,39.1297],[23.7964,39.1297],[23.7943,39.1318],[23.7974,39.1349],[23.7984,39.1349],[23.7984,39.1359],[23.7974,39.137],[23.7984,39.138],[23.7995,39.137],[23.8005,39.137],[23.8005,39.138],[23.8016,39.1391],[23.8047,39.1391],[23.8068,39.137],[23.8068,39.1349],[23.8076,39.1349],[23.8083,39.1359],[23.8078,39.137],[23.8082,39.138],[23.8078,39.1391],[23.8057,39.1411],[23.8064,39.1422],[23.8078,39.1432],[23.8089,39.1422],[23.8099,39.1432],[23.813,39.1432],[23.8141,39.1422],[23.8141,39.1401],[23.8134,39.1391],[23.8133,39.138],[23.812,39.1365],[23.8109,39.1366],[23.8104,39.1359],[23.8109,39.1346],[23.8099,39.1354],[23.8093,39.1349],[23.8092,39.1339],[23.8101,39.1328],[23.8068,39.1289]],[[23.6172,39.1262],[23.613,39.1266],[23.612,39.1276],[23.6116,39.1307],[23.6118,39.1318],[23.6131,39.1328],[23.6141,39.1349],[23.6141,39.1361],[23.6159,39.138],[23.6157,39.1391],[23.6161,39.1398],[23.6172,39.1404],[23.6182,39.1395],[23.6193,39.1412],[23.6234,39.1396],[23.6258,39.1359],[23.623,39.1318],[23.6214,39.1305],[23.6203,39.1308],[23.6192,39.1297],[23.6197,39.1286]],[[23.463,39.1243],[23.4589,39.1242],[23.4577,39.1255],[23.4592,39.1266],[23.457,39.1276],[23.4516,39.1276],[23.4505,39.1285],[23.4484,39.1286],[23.4464,39.1318],[23.4432,39.1327],[23.4448,39.1349],[23.4448,39.1359],[23.4432,39.137],[23.4425,39.1391],[23.4439,39.1401],[23.4391,39.1404],[23.4366,39.1401],[23.4349,39.1391],[23.4331,39.1391],[23.4297,39.137],[23.4293,39.1359],[23.4311,39.1349],[23.4307,39.1337],[23.4297,39.1334],[23.429,39.1339],[23.4286,39.1353],[23.4266,39.1349],[23.4255,39.1358],[23.4224,39.1363],[23.4224,39.1349],[23.4214,39.1339],[23.4193,39.1339],[23.4176,39.1359],[23.4182,39.1373],[23.42,39.138],[23.4193,39.1389],[23.4182,39.1391],[23.4172,39.1383],[23.4151,39.1379],[23.4107,39.1422],[23.4095,39.1443],[23.4089,39.1443],[23.4057,39.147],[23.4046,39.1474],[23.4026,39.147],[23.3995,39.1453],[23.3984,39.1443],[23.3981,39.1432],[23.3964,39.1419],[23.3964,39.1411],[23.3943,39.1391],[23.388,39.1395],[23.387,39.1404],[23.3866,39.1422],[23.3874,39.1443],[23.3886,39.1453],[23.3882,39.1474],[23.387,39.1492],[23.3849,39.1499],[23.3843,39.1526],[23.385,39.1547],[23.3842,39.1557],[23.3849,39.1562],[23.3855,39.1589],[23.3864,39.1599],[23.3891,39.1614],[23.3922,39.1647],[23.3935,39.1651],[23.3947,39.1682],[23.3941,39.1703],[23.3943,39.1714],[23.3953,39.1719],[23.4036,39.172],[23.4078,39.1727],[23.4109,39.1725],[23.4203,39.176],[23.4343,39.1797],[23.441,39.1828],[23.4426,39.1849],[23.4425,39.1859],[23.4411,39.187],[23.4411,39.1891],[23.4421,39.1911],[23.4422,39.1953],[23.4401,39.1974],[23.4422,39.1989],[23.4432,39.1984],[23.4443,39.1995],[23.4484,39.1997],[23.4526,39.2019],[23.4574,39.2068],[23.4586,39.2099],[23.4609,39.212],[23.4609,39.2141],[23.4641,39.2161],[23.4653,39.2151],[23.4641,39.2141],[23.4641,39.2109],[23.463,39.2099],[23.463,39.2093],[23.4643,39.2089],[23.4682,39.2089],[23.4703,39.2083],[23.4768,39.2099],[23.4776,39.2106],[23.4801,39.2078],[23.4829,39.2068],[23.4849,39.2047],[23.488,39.2048],[23.4891,39.2057],[23.4922,39.2049],[23.4932,39.2045],[23.4937,39.2036],[23.4944,39.2016],[23.4933,39.2005],[23.4949,39.1995],[23.4942,39.1984],[23.4951,39.1974],[23.4953,39.1963],[23.4995,39.1941],[23.5036,39.1952],[23.5054,39.1943],[23.5087,39.1911],[23.5089,39.1898],[23.512,39.19],[23.5137,39.188],[23.5141,39.187],[23.5135,39.1839],[23.5144,39.1818],[23.5159,39.1807],[23.5182,39.1807],[23.5193,39.1797],[23.5182,39.1786],[23.5161,39.1788],[23.5161,39.1776],[23.5172,39.1766],[23.5161,39.1748],[23.5161,39.1709],[23.5203,39.1745],[23.5224,39.1745],[23.5234,39.1734],[23.5245,39.1748],[23.5255,39.1751],[23.5266,39.1748],[23.5276,39.1736],[23.5282,39.1714],[23.5276,39.1682],[23.5265,39.1661],[23.5234,39.1647],[23.5203,39.1641],[23.5182,39.1645],[23.5172,39.1661],[23.5182,39.1672],[23.5182,39.1689],[23.5172,39.1689],[23.5161,39.1686],[23.5151,39.1674],[23.5141,39.1672],[23.5109,39.1641],[23.5109,39.162],[23.5099,39.1603],[23.5099,39.1589],[23.5078,39.1572],[23.5078,39.1557],[23.5068,39.1547],[23.5061,39.1547],[23.5068,39.1511],[23.5087,39.1505],[23.5084,39.1484],[23.5062,39.1453],[23.5039,39.1443],[23.5036,39.1438],[23.5016,39.1438],[23.4995,39.145],[23.4969,39.1453],[23.4942,39.1495],[23.4953,39.1505],[23.4943,39.1495],[23.4953,39.1487],[23.4974,39.1495],[23.4976,39.1516],[23.5005,39.1546],[23.5016,39.1545],[23.5036,39.1533],[23.5047,39.1548],[23.5047,39.1557],[23.5021,39.1557],[23.5016,39.1552],[23.5005,39.1561],[23.4995,39.1588],[23.4974,39.1581],[23.4953,39.1562],[23.4943,39.1599],[23.4932,39.1602],[23.4929,39.1599],[23.4932,39.1589],[23.4924,39.1578],[23.4927,39.1568],[23.4921,39.1557],[23.4901,39.1532],[23.4891,39.1536],[23.4887,39.1526],[23.4849,39.1498],[23.4839,39.1507],[23.4828,39.1502],[23.4824,39.1505],[23.4832,39.1547],[23.4828,39.1552],[23.4817,39.1547],[23.4831,39.1568],[23.4828,39.158],[23.4839,39.1576],[23.4859,39.1589],[23.4849,39.1599],[23.4839,39.1599],[23.4828,39.1608],[23.4807,39.1609],[23.48,39.1609],[23.4766,39.1589],[23.4733,39.1557],[23.4734,39.1547],[23.4745,39.1545],[23.4767,39.1557],[23.476,39.1526],[23.4774,39.1516],[23.4788,39.1484],[23.478,39.1474],[23.4783,39.1464],[23.4776,39.1454],[23.4734,39.1418],[23.4724,39.1418],[23.4714,39.141],[23.4708,39.1422],[23.4693,39.1417],[23.4668,39.1422],[23.466,39.1432],[23.4672,39.1445],[23.4672,39.1455],[23.4661,39.1464],[23.4651,39.1455],[23.4651,39.1422],[23.4641,39.1411],[23.4628,39.1411],[23.462,39.1404],[23.4597,39.1401],[23.4609,39.1379],[23.4641,39.1373],[23.4651,39.1376],[23.4677,39.1359],[23.4681,39.1349],[23.4672,39.134],[23.4661,39.1339],[23.4651,39.1349],[23.4641,39.1339],[23.4661,39.1307],[23.4658,39.1286],[23.4684,39.1276],[23.4678,39.1266],[23.4651,39.1248]],[[23.4818,39.1209],[23.4804,39.1214],[23.4797,39.1224],[23.4807,39.1234],[23.4786,39.1234],[23.4776,39.1245],[23.4774,39.1255],[23.4786,39.1269],[23.4807,39.1269],[23.4818,39.1276],[23.4828,39.1276],[23.4839,39.1286],[23.4849,39.1276],[23.4839,39.1266],[23.4859,39.1245],[23.4839,39.1224],[23.4828,39.1224]],[[23.5089,39.113],[23.5068,39.1145],[23.5057,39.1141],[23.4995,39.1141],[23.4932,39.1168],[23.4917,39.1182],[23.4943,39.1214],[23.493,39.1234],[23.4939,39.1255],[23.4935,39.1266],[23.492,39.1276],[23.4958,39.1307],[23.4958,39.1318],[23.494,39.1339],[23.4943,39.1349],[23.4964,39.1353],[23.5005,39.1337],[23.5057,39.1266],[23.5057,39.1211],[23.5083,39.1172],[23.5089,39.1151],[23.5099,39.1141]],[[23.6286,39.1099],[23.6266,39.1099],[23.6234,39.112],[23.6255,39.1151],[23.6286,39.1151],[23.6297,39.1141],[23.6301,39.113],[23.6297,39.1109]],[[23.6432,39.1109],[23.6411,39.1107],[23.6401,39.1109],[23.6391,39.112],[23.6359,39.112],[23.6328,39.1141],[23.6328,39.1182],[23.6339,39.1193],[23.6339,39.1203],[23.6325,39.1214],[23.6328,39.1222],[23.6339,39.1224],[23.6349,39.1214],[23.6352,39.1224],[23.637,39.1233],[23.6397,39.1214],[23.6396,39.1203],[23.638,39.1193],[23.6401,39.1193],[23.6411,39.1208],[23.6435,39.1182],[23.6443,39.1179],[23.6453,39.1161],[23.6453,39.113]],[[23.9828,39.1011],[23.9818,39.1005],[23.9807,39.1016],[23.9797,39.1016],[23.9786,39.1026],[23.9786,39.1036],[23.9786,39.1026],[23.9776,39.1014],[23.9766,39.1012],[23.9761,39.1016],[23.9755,39.1026],[23.9766,39.1036],[23.9755,39.1047],[23.9755,39.1057],[23.9745,39.1057],[23.9745,39.1046],[23.9734,39.1047],[23.9724,39.1057],[23.9745,39.1078],[23.9755,39.1078],[23.9745,39.1078],[23.9734,39.1089],[23.9734,39.1099],[23.9724,39.1109],[23.9724,39.112],[23.9734,39.113],[23.9755,39.113],[23.9755,39.1141],[23.9766,39.1151],[23.9776,39.1141],[23.9776,39.1161],[23.9786,39.1172],[23.9786,39.1182],[23.9776,39.1172],[23.9765,39.1182],[23.9786,39.1203],[23.9786,39.1234],[23.9797,39.1245],[23.9807,39.1234],[23.9818,39.1234],[23.9849,39.1203],[23.9859,39.12],[23.9849,39.1214],[23.9849,39.1234],[23.9822,39.1266],[23.9822,39.1276],[23.9831,39.1286],[23.9849,39.1299],[23.9859,39.1286],[23.988,39.1291],[23.9891,39.1286],[23.9891,39.1297],[23.9901,39.1307],[23.9891,39.1318],[23.9901,39.1328],[23.9911,39.1318],[23.9932,39.1314],[23.9943,39.1328],[23.9956,39.1318],[23.9957,39.1297],[23.9947,39.1255],[23.9934,39.1245],[23.9936,39.1224],[23.9915,39.1193],[23.9885,39.1172],[23.9877,39.1161],[23.9866,39.113],[23.9862,39.1057],[23.9849,39.1032]],[[23.1964,39.0967],[23.1956,39.0974],[23.1964,39.0976]],[[23.7224,39.0662],[23.7203,39.0662],[23.7193,39.0672],[23.7193,39.0693],[23.7182,39.07],[23.7172,39.0702],[23.7161,39.0693],[23.7109,39.0693],[23.7099,39.0703],[23.7068,39.0703],[23.7057,39.0714],[23.7047,39.0724],[23.7047,39.0755],[23.7061,39.0776],[23.7065,39.0797],[23.7078,39.0807],[23.7078,39.0818],[23.7068,39.082],[23.7047,39.0839],[23.7036,39.0826],[23.7005,39.0826],[23.697,39.0839],[23.6911,39.0835],[23.6901,39.0828],[23.6839,39.0827],[23.6828,39.0818],[23.6807,39.0818],[23.6797,39.0828],[23.6786,39.0818],[23.6734,39.0818],[23.6724,39.0828],[23.6714,39.0828],[23.6703,39.0839],[23.6703,39.0849],[23.6703,39.0839],[23.6693,39.0828],[23.6672,39.0828],[23.6662,39.0839],[23.6661,39.0849],[23.6657,39.0849],[23.6641,39.0839],[23.662,39.0839],[23.6609,39.0828],[23.6599,39.0837],[23.6578,39.0818],[23.6568,39.0828],[23.6547,39.0828],[23.6526,39.0849],[23.6526,39.0859],[23.6547,39.0891],[23.6578,39.0893],[23.6578,39.0928],[23.6568,39.0943],[23.6568,39.0964],[23.6557,39.0974],[23.6547,39.0964],[23.6526,39.0984],[23.6557,39.1026],[23.6557,39.1078],[23.6568,39.1089],[23.6621,39.1089],[23.6627,39.1099],[23.6624,39.1109],[23.656,39.1109],[23.6562,39.1099],[23.6557,39.1097],[23.6547,39.1107],[23.6536,39.1095],[23.6516,39.1088],[23.6505,39.1095],[23.6492,39.1109],[23.6505,39.112],[23.6501,39.1141],[23.652,39.1161],[23.6531,39.1214],[23.6531,39.1224],[23.6525,39.1234],[23.6515,39.1245],[23.6505,39.1245],[23.6489,39.1266],[23.6474,39.1276],[23.6464,39.1297],[23.6453,39.1302],[23.6443,39.1283],[23.6434,39.1286],[23.6432,39.1297],[23.6446,39.1307],[23.6433,39.1318],[23.6433,39.1359],[23.6411,39.1381],[23.638,39.1396],[23.6266,39.1429],[23.6255,39.1436],[23.6239,39.1464],[23.6245,39.148],[23.6244,39.1495],[23.6228,39.1526],[23.6213,39.1578],[23.6182,39.161],[23.615,39.163],[23.613,39.163],[23.6109,39.1656],[23.6085,39.1672],[23.6051,39.1734],[23.6036,39.1775],[23.6037,39.1786],[23.5996,39.1859],[23.5964,39.1891],[23.5953,39.1911],[23.5905,39.1953],[23.5891,39.1974],[23.5894,39.1995],[23.5883,39.2036],[23.5901,39.2047],[23.5901,39.2057],[23.5922,39.2078],[23.5911,39.2089],[23.5916,39.2099],[23.5932,39.2111],[23.5953,39.211],[23.5964,39.2105],[23.5995,39.2116],[23.6016,39.2112],[23.6036,39.2124],[23.6052,39.212],[23.6115,39.212],[23.6121,39.2099],[23.6141,39.2085],[23.6151,39.2068],[23.6151,39.2024],[23.6161,39.2001],[23.6193,39.1984],[23.6214,39.1984],[23.6276,39.1963],[23.6307,39.1961],[23.6318,39.1946],[23.6335,39.1943],[23.6352,39.1932],[23.6367,39.1911],[23.6361,39.1901],[23.637,39.1891],[23.637,39.1863],[23.6387,39.1828],[23.6425,39.1797],[23.6432,39.1797],[23.6443,39.1786],[23.6443,39.1773],[23.6474,39.1776],[23.65,39.1755],[23.6526,39.1755],[23.6533,39.1766],[23.6539,39.1766],[23.6547,39.1755],[23.6525,39.1724],[23.6557,39.1703],[23.6608,39.1682],[23.662,39.168],[23.663,39.1694],[23.6651,39.1684],[23.6703,39.1676],[23.6734,39.1665],[23.6797,39.1621],[23.6807,39.1607],[23.6822,39.1599],[23.6828,39.1587],[23.688,39.1601],[23.6932,39.1599],[23.6995,39.1544],[23.7036,39.1532],[23.7057,39.1536],[23.7078,39.1517],[23.7109,39.1501],[23.712,39.1505],[23.7141,39.1505],[23.7151,39.1495],[23.7145,39.1484],[23.7152,39.1474],[23.7161,39.1474],[23.7172,39.1464],[23.7172,39.1457],[23.7172,39.1464],[23.7193,39.1484],[23.7224,39.1484],[23.7234,39.1495],[23.7245,39.1484],[23.7234,39.1474],[23.7234,39.1464],[23.7245,39.1464],[23.7255,39.1474],[23.7266,39.1464],[23.7255,39.1453],[23.7255,39.1432],[23.7234,39.1411],[23.7234,39.1403],[23.7255,39.1397],[23.7276,39.138],[23.7286,39.138],[23.7297,39.1391],[23.7307,39.138],[23.7297,39.137],[23.7307,39.1359],[23.7286,39.1339],[23.7272,39.1339],[23.7255,39.1315],[23.7272,39.1286],[23.7328,39.1259],[23.7359,39.1262],[23.7391,39.128],[23.7422,39.1306],[23.7443,39.1312],[23.7547,39.1315],[23.7661,39.1295],[23.7703,39.1295],[23.7724,39.13],[23.7755,39.1299],[23.7776,39.1307],[23.7786,39.1301],[23.7807,39.1299],[23.7818,39.1307],[23.7828,39.1307],[23.7839,39.1321],[23.7849,39.1321],[23.7856,39.1318],[23.7863,39.1297],[23.7849,39.1286],[23.7849,39.1276],[23.788,39.1276],[23.7891,39.1266],[23.788,39.1255],[23.787,39.1255],[23.7891,39.1245],[23.7901,39.1249],[23.7911,39.1245],[23.7943,39.1224],[23.7943,39.1203],[23.7956,39.1193],[23.7936,39.1161],[23.7911,39.1146],[23.7891,39.1141],[23.788,39.1151],[23.787,39.1141],[23.7901,39.112],[23.79,39.1109],[23.788,39.1099],[23.787,39.1113],[23.7856,39.1109],[23.7859,39.1078],[23.7873,39.1068],[23.7861,39.1036],[23.7849,39.1024],[23.7828,39.1015],[23.7818,39.1014],[23.7807,39.1026],[23.7793,39.1016],[23.7793,39.1005],[23.7807,39.0995],[23.7812,39.0984],[23.7807,39.0974],[23.7797,39.096],[23.7755,39.094],[23.7742,39.0953],[23.7734,39.0944],[23.7732,39.0932],[23.7745,39.0932],[23.775,39.0922],[23.7729,39.0891],[23.7707,39.087],[23.7682,39.0854],[23.7641,39.0843],[23.763,39.0845],[23.762,39.0859],[23.763,39.087],[23.7595,39.087],[23.7547,39.0837],[23.7545,39.0828],[23.7516,39.0796],[23.7505,39.0797],[23.7495,39.0807],[23.7505,39.0818],[23.7505,39.0837],[23.7474,39.0839],[23.7477,39.0818],[23.7446,39.0786],[23.7441,39.0766],[23.7422,39.0745],[23.7391,39.0732],[23.737,39.0714],[23.7359,39.0714],[23.7339,39.0693],[23.7297,39.0693],[23.7286,39.0682],[23.7266,39.0682],[23.7255,39.0693]],[[23.9526,39.064],[23.9495,39.0641],[23.9484,39.0651],[23.9484,39.0683],[23.9495,39.0701],[23.9518,39.0714],[23.9551,39.0766],[23.9589,39.0778],[23.9603,39.0755],[23.9602,39.0734],[23.9578,39.0707],[23.9555,39.0703],[23.9559,39.0693],[23.9548,39.0661]],[[23.3391,39.0358],[23.3383,39.0359],[23.3391,39.0364],[23.3394,39.0359]],[[23.3411,39.0358],[23.3401,39.0373],[23.3391,39.0376],[23.338,39.0375],[23.3359,39.0356],[23.3355,39.0359],[23.3361,39.037],[23.3352,39.038],[23.3339,39.0377],[23.3336,39.038],[23.3341,39.0391],[23.3339,39.0397],[23.3328,39.0396],[23.3307,39.0406],[23.3297,39.0422],[23.3312,39.0432],[23.3297,39.0443],[23.3297,39.0464],[23.3307,39.0474],[23.3318,39.0474],[23.3349,39.0507],[23.3411,39.0505],[23.3422,39.0516],[23.3432,39.0505],[23.3422,39.0495],[23.3422,39.0464],[23.3408,39.0453],[23.3411,39.0443],[23.3406,39.0432],[23.3409,39.0422],[23.3422,39.0416],[23.3432,39.0405],[23.3453,39.0411],[23.3453,39.0422],[23.3462,39.0432],[23.3474,39.0432],[23.3484,39.0443],[23.3495,39.0432],[23.3484,39.0422],[23.3484,39.0411],[23.3495,39.0401],[23.3484,39.0391],[23.3464,39.0388],[23.3447,39.037],[23.3443,39.0367],[23.3432,39.0374]],[[23.0599,39.012],[23.0589,39.013],[23.0589,39.0141],[23.0599,39.0151],[23.0609,39.0141],[23.0609,39.013]],[[23.3953,39.0075],[23.3934,39.0078],[23.3953,39.0081]]]}},{"type":"Feature","properties":{"depth":20,"kind":"band"},"geometry":{"type":"MultiPolygon","coordinates":[[[[23.9796,39.963],[23.9781,39.963],[23.9786,39.962],[23.9796,39.963]]],[[[23.992,39.962],[23.9927,39.963],[23.992,39.9641],[23.9911,39.9641],[23.9901,39.9648],[23.9876,39.963],[23.9883,39.962],[23.9901,39.9612],[23.992,39.962]]],[[[23.9984,39.9609],[23.9974,39.9612],[23.9974,39.9602],[23.9984,39.9609]]],[[[23.9827,39.9589],[23.9846,39.9609],[23.9845,39.962],[23.9818,39.962],[23.9807,39.963],[23.9798,39.963],[23.9787,39.962],[23.9797,39.962],[23.9807,39.9609],[23.9807,39.9591],[23.9827,39.9589]]],[[[23.9145,39.9536],[23.9141,39.9541],[23.9133,39.9536],[23.9141,39.953],[23.9145,39.9536]]],[[[23.9814,39.2484],[23.9807,39.2493],[23.9802,39.2484],[23.9807,39.2476],[23.9814,39.2484]]],[[[23.9508,39.2161],[23.9505,39.2171],[23.9503,39.2161],[23.9508,39.2161]]],[[[23.9593,39.2068],[23.9589,39.2071],[23.9583,39.2068],[23.9589,39.2064],[23.9593,39.2068]]],[[[23.9537,39.2057],[23.9528,39.2068],[23.9553,39.2089],[23.9566,39.2109],[23.9568,39.212],[23.9589,39.2142],[23.9602,39.2141],[23.9599,39.2161],[23.9589,39.2166],[23.9578,39.2161],[23.9589,39.2177],[23.9599,39.2182],[23.959,39.2214],[23.9568,39.2222],[23.9547,39.2222],[23.9536,39.2228],[23.9526,39.2227],[23.9508,39.2203],[23.9505,39.2193],[23.9509,39.2182],[23.9505,39.2172],[23.9518,39.2161],[23.9504,39.213],[23.9512,39.212],[23.9501,39.2109],[23.9508,39.2089],[23.9519,39.2078],[23.9517,39.2057],[23.9526,39.2054],[23.9537,39.2057]]],[[[23.9518,39.2047],[23.9516,39.2056],[23.9516,39.2044],[23.9518,39.2047]]],[[[23.2028,39.187],[23.2026,39.1874],[23.2022,39.187],[23.2026,39.1867],[23.2028,39.187]]],[[[23.0619,39.1807],[23.0609,39.1811],[23.0609,39.1799],[23.0619,39.1807]]],[[[23.0658,39.1714],[23.0651,39.1719],[23.0648,39.1714],[23.0651,39.1707],[23.0658,39.1714]]],[[[23.3853,39.1682],[23.3849,39.1693],[23.3845,39.1682],[23.3849,39.1675],[23.3853,39.1682]]],[[[23.1906,39.1672],[23.1901,39.1676],[23.1898,39.1672],[23.1901,39.1669],[23.1906,39.1672]]],[[[23.6044,39.1672],[23.6036,39.1681],[23.6031,39.1672],[23.6036,39.1664],[23.6044,39.1672]]],[[[23.9479,39.1661],[23.9474,39.1667],[23.9469,39.1661],[23.9474,39.1656],[23.9479,39.1661]]],[[[23.3553,39.1599],[23.3543,39.1599],[23.3547,39.159],[23.3553,39.1599]]],[[[23.3583,39.1568],[23.3578,39.1573],[23.357,39.1568],[23.3578,39.1564],[23.3583,39.1568]]],[[[23.615,39.1568],[23.6141,39.1576],[23.6131,39.1568],[23.6141,39.1562],[23.615,39.1568]]],[[[23.3396,39.1536],[23.3391,39.1545],[23.3385,39.1536],[23.3391,39.1528],[23.3396,39.1536]]],[[[23.3387,39.1526],[23.3372,39.1526],[23.338,39.1522],[23.3387,39.1526]]],[[[23.3677,39.1526],[23.3672,39.1531],[23.3664,39.1526],[23.3672,39.1522],[23.3677,39.1526]]],[[[23.3364,39.1516],[23.3359,39.152],[23.3351,39.1516],[23.3359,39.151],[23.3364,39.1516]]],[[[23.3646,39.1516],[23.3641,39.1522],[23.3631,39.1516],[23.3641,39.151],[23.3646,39.1516]]],[[[23.5905,39.1516],[23.5901,39.152],[23.5895,39.1516],[23.5901,39.1508],[23.5905,39.1516]]],[[[23.3632,39.1505],[23.363,39.1511],[23.363,39.1501],[23.3632,39.1505]]],[[[23.34,39.1474],[23.3391,39.1479],[23.3386,39.1474],[23.3391,39.1468],[23.34,39.1474]]],[[[23.3509,39.1443],[23.3516,39.1456],[23.3526,39.1443],[23.3536,39.1469],[23.3547,39.1474],[23.3547,39.1485],[23.3557,39.1486],[23.3568,39.1495],[23.3589,39.1476],[23.3592,39.1484],[23.3589,39.1495],[23.3599,39.1498],[23.3609,39.151],[23.3628,39.1516],[23.3609,39.1522],[23.3578,39.1509],[23.3557,39.1518],[23.3547,39.1533],[23.3536,39.1532],[23.3534,39.1536],[23.3547,39.1543],[23.3557,39.153],[23.358,39.1547],[23.3553,39.1557],[23.3573,39.1578],[23.3568,39.1584],[23.3547,39.1576],[23.3536,39.1565],[23.3533,39.1568],[23.3544,39.1578],[23.3547,39.1589],[23.3536,39.1597],[23.3526,39.1593],[23.3516,39.158],[23.3508,39.1589],[23.352,39.1599],[23.3521,39.162],[23.3516,39.1621],[23.3474,39.1594],[23.3464,39.16],[23.3453,39.1594],[23.3422,39.1563],[23.3411,39.1568],[23.3392,39.1547],[23.3401,39.1541],[23.3411,39.1551],[23.3412,39.1547],[23.3401,39.1529],[23.3394,39.1526],[23.3391,39.1512],[23.338,39.1512],[23.3371,39.1505],[23.339,39.1495],[23.3401,39.1474],[23.3411,39.1497],[23.3422,39.1489],[23.3443,39.1492],[23.3453,39.1517],[23.3464,39.1499],[23.3474,39.1495],[23.3438,39.1453],[23.3443,39.1443],[23.3453,39.1448],[23.3474,39.1438],[23.3484,39.1439],[23.3495,39.1447],[23.3509,39.1443]]],[[[23.6196,39.1443],[23.6193,39.1447],[23.6188,39.1443],[23.6196,39.1443]]],[[[23.5132,39.1422],[23.5128,39.1422],[23.513,39.1418],[23.5132,39.1422]]],[[[23.5124,39.1391],[23.512,39.1398],[23.5113,39.1391],[23.512,39.1384],[23.5124,39.1391]]],[[[23.1292,39.138],[23.1286,39.1386],[23.1279,39.138],[23.1286,39.1377],[23.1292,39.138]]],[[[23.135,39.138],[23.1349,39.1391],[23.1344,39.138],[23.135,39.138]]],[[[23.1451,39.137],[23.1443,39.1378],[23.1438,39.137],[23.1443,39.1363],[23.1451,39.137]]],[[[23.1455,39.1359],[23.1453,39.1363],[23.145,39.1359],[23.1455,39.1359]]],[[[23.1363,39.1349],[23.1359,39.1354],[23.1356,39.1349],[23.1359,39.1342],[23.1363,39.1349]]],[[[23.1388,39.1307],[23.138,39.1315],[23.1374,39.1307],[23.138,39.1301],[23.1388,39.1307]]],[[[23.1304,39.1297],[23.1297,39.1301],[23.1291,39.1297],[23.1297,39.1294],[23.1304,39.1297]]],[[[23.1442,39.1297],[23.1432,39.1302],[23.1425,39.1297],[23.1432,39.1289],[23.1442,39.1297]]],[[[23.4737,39.1297],[23.4745,39.1303],[23.4767,39.1307],[23.4778,39.1339],[23.4755,39.1342],[23.4734,39.1333],[23.4729,39.1318],[23.4712,39.1297],[23.4724,39.1288],[23.4737,39.1297]]],[[[23.1445,39.1286],[23.1443,39.1296],[23.1436,39.1286],[23.1445,39.1286]]],[[[23.2107,39.1203],[23.2099,39.1203],[23.2099,39.1195],[23.2107,39.1203]]],[[[23.1293,39.1161],[23.1328,39.1188],[23.1342,39.1203],[23.1344,39.1214],[23.1356,39.1224],[23.1355,39.1234],[23.1346,39.1245],[23.1349,39.1249],[23.1359,39.1239],[23.137,39.1239],[23.138,39.1254],[23.1401,39.1237],[23.1422,39.1232],[23.1443,39.1235],[23.1451,39.1245],[23.1431,39.1286],[23.1411,39.1299],[23.1391,39.1302],[23.138,39.1295],[23.1353,39.1318],[23.1356,39.1339],[23.1349,39.1342],[23.1322,39.1318],[23.1286,39.1265],[23.1284,39.1276],[23.1294,39.1286],[23.1286,39.1296],[23.1276,39.129],[23.1255,39.129],[23.1233,39.1276],[23.1237,39.1266],[23.1224,39.126],[23.1221,39.1245],[23.1212,39.1234],[23.1225,39.1193],[23.1245,39.1184],[23.1243,39.1172],[23.1255,39.1153],[23.1276,39.1162],[23.1286,39.1159],[23.1293,39.1161]]],[[[23.2289,39.1151],[23.2286,39.1157],[23.2285,39.1151],[23.2289,39.1151]]],[[[23.6471,39.113],[23.6464,39.1136],[23.6457,39.113],[23.6464,39.1122],[23.6471,39.113]]],[[[23.7879,39.1089],[23.787,39.1092],[23.7867,39.1089],[23.7879,39.1089]]],[[[23.1549,39.0839],[23.1545,39.0839],[23.1547,39.0834],[23.1549,39.0839]]],[[[23.117,39.0828],[23.117,39.0839],[23.1161,39.0839],[23.1156,39.0828],[23.1161,39.082],[23.117,39.0828]]],[[[23.1363,39.0797],[23.1356,39.0797],[23.1359,39.0792],[23.1363,39.0797]]],[[[23.3354,39.0307],[23.3349,39.0311],[23.3346,39.0307],[23.3349,39.0303],[23.3354,39.0307]]],[[[23.0327,39.0057],[23.0318,39.0064],[23.0308,39.0057],[23.0318,39.005],[23.0327,39.0057]]],[[[23.384,39.0057],[23.3839,39.0063],[23.3835,39.0057],[23.384,39.0057]]],[[[23.3842,39.0036],[23.3839,39.0041],[23.3837,39.0036],[23.3842,39.0036]]],[[[23.0579,39.0005],[23.0531,39.0036],[23.0529,39.0057],[23.0484,39.0045],[23.0505,39.0078],[23.0495,39.008],[23.0484,39.0074],[23.0474,39.0089],[23.0454,39.0099],[23.0443,39.0113],[23.0432,39.0107],[23.0401,39.011],[23.0359,39.0078],[23.0328,39.007],[23.033,39.0057],[23.0318,39.0042],[23.0297,39.004],[23.0294,39.0026],[23.0277,39.0005],[23.0286,39],[23.0578,39],[23.0579,39.0005]]],[[[23.0603,39.0005],[23.0596,39.0005],[23.0599,39],[23.0603,39.0005]]],[[[24,39.0005],[24,39.2193],[23.9995,39.2199],[23.9984,39.2198],[23.9974,39.2207],[23.9964,39.2208],[23.9932,39.2232],[23.9933,39.2245],[23.9921,39.2276],[23.9928,39.2286],[23.9932,39.2307],[23.9955,39.2339],[23.9956,39.2359],[23.9964,39.2379],[23.9979,39.238],[23.9981,39.2391],[23.9995,39.2401],[24,39.2411],[24,39.963],[23.9995,39.9638],[23.9979,39.962],[23.9984,39.9609],[23.998,39.9599],[23.999,39.9578],[23.9987,39.9526],[23.9978,39.9516],[23.9964,39.9514],[23.9953,39.9505],[23.9943,39.951],[23.9926,39.9495],[23.9932,39.9484],[23.9922,39.9471],[23.9911,39.9471],[23.9901,39.9464],[23.9891,39.9476],[23.9891,39.9464],[23.988,39.9453],[23.9859,39.9451],[23.9849,39.946],[23.9849,39.9453],[23.9839,39.9443],[23.9818,39.9443],[23.9807,39.9432],[23.9776,39.9432],[23.9766,39.9441],[23.9661,39.944],[23.9651,39.9442],[23.9641,39.9453],[23.963,39.9453],[23.9599,39.941],[23.9547,39.9401],[23.9529,39.9391],[23.9526,39.937],[23.9495,39.9349],[23.9422,39.9349],[23.9411,39.9359],[23.9411,39.9374],[23.9391,39.9377],[23.9359,39.9375],[23.9349,39.9367],[23.9339,39.9366],[23.9318,39.9349],[23.9297,39.9349],[23.9286,39.9359],[23.9276,39.9349],[23.9266,39.9359],[23.9273,39.937],[23.9268,39.938],[23.9275,39.9401],[23.9266,39.9425],[23.9245,39.943],[23.9234,39.9437],[23.9224,39.9431],[23.9214,39.9439],[23.9182,39.944],[23.9172,39.9447],[23.9163,39.9464],[23.9156,39.9495],[23.9146,39.9505],[23.9148,39.9516],[23.9128,39.9536],[23.9125,39.9547],[23.912,39.955],[23.9099,39.9531],[23.9026,39.9566],[23.8995,39.9591],[23.8984,39.9591],[23.8964,39.9603],[23.896,39.9609],[23.8976,39.963],[23.897,39.9672],[23.8961,39.9682],[23.8968,39.9693],[23.8965,39.9703],[23.8975,39.9786],[23.8964,39.9826],[23.8943,39.9857],[23.8922,39.9865],[23.8911,39.9859],[23.888,39.9891],[23.8828,39.9917],[23.8786,39.9926],[23.8745,39.9927],[23.8734,39.9922],[23.8714,39.9925],[23.8672,39.9957],[23.8648,39.9984],[23.8641,40],[23.6036,40],[23.6034,39.9995],[23.6151,39.9979],[23.6218,39.9943],[23.6245,39.9915],[23.6286,39.9891],[23.6328,39.9885],[23.637,39.9872],[23.6401,39.9878],[23.6411,39.9885],[23.6453,39.9887],[23.6499,39.988],[23.6557,39.9864],[23.6651,39.9856],[23.6661,39.9846],[23.6672,39.9845],[23.6703,39.9824],[23.6734,39.9798],[23.6807,39.9766],[23.6832,39.9734],[23.6845,39.9651],[23.688,39.9599],[23.6887,39.9547],[23.69,39.9505],[23.6912,39.9484],[23.6909,39.9464],[23.6901,39.9453],[23.6908,39.9432],[23.6955,39.938],[23.6995,39.936],[23.7026,39.9348],[23.7089,39.9335],[23.7297,39.9354],[23.7339,39.9371],[23.7401,39.9364],[23.7453,39.9366],[23.7464,39.9371],[23.7487,39.9359],[23.7515,39.9307],[23.752,39.9255],[23.7527,39.9245],[23.753,39.9182],[23.7526,39.9149],[23.7505,39.9141],[23.7438,39.9141],[23.7401,39.912],[23.7391,39.912],[23.7371,39.913],[23.7349,39.9125],[23.7339,39.913],[23.7274,39.9109],[23.7234,39.9086],[23.7187,39.9078],[23.7172,39.9065],[23.7161,39.9065],[23.713,39.9068],[23.7117,39.9078],[23.7057,39.9078],[23.7047,39.9086],[23.7016,39.9089],[23.7005,39.9096],[23.6984,39.9097],[23.6953,39.9118],[23.6922,39.9129],[23.6901,39.9149],[23.6901,39.9141],[23.6891,39.913],[23.688,39.9141],[23.6807,39.9141],[23.6797,39.913],[23.6745,39.913],[23.6734,39.9135],[23.6693,39.9129],[23.6599,39.9127],[23.6568,39.9118],[23.6536,39.9118],[23.6516,39.9125],[23.638,39.9128],[23.637,39.9132],[23.6349,39.9127],[23.6276,39.9128],[23.6266,39.9129],[23.6234,39.9148],[23.6224,39.9149],[23.6214,39.9157],[23.6193,39.9159],[23.6182,39.9167],[23.613,39.917],[23.612,39.9179],[23.6078,39.9181],[23.6068,39.919],[23.6047,39.9191],[23.6036,39.9199],[23.6026,39.92],[23.6016,39.9193],[23.5974,39.9193],[23.5964,39.9203],[23.5911,39.9202],[23.588,39.923],[23.5849,39.9233],[23.5828,39.9249],[23.5755,39.9276],[23.563,39.9284],[23.562,39.9291],[23.5599,39.9295],[23.5589,39.9303],[23.5536,39.9316],[23.5526,39.9324],[23.5474,39.9337],[23.5464,39.9346],[23.5451,39.9349],[23.5432,39.9366],[23.5411,39.9368],[23.538,39.9388],[23.5359,39.9389],[23.5349,39.9398],[23.5328,39.9399],[23.5276,39.9427],[23.5245,39.943],[23.5214,39.9447],[23.5161,39.9461],[23.513,39.9479],[23.5109,39.9482],[23.5099,39.9489],[23.5068,39.9491],[23.5057,39.95],[23.5047,39.9499],[23.5036,39.9512],[23.5021,39.9516],[23.5016,39.9521],[23.4974,39.9535],[23.4964,39.9543],[23.4932,39.9546],[23.4911,39.9564],[23.4891,39.9567],[23.488,39.9574],[23.4828,39.9588],[23.4766,39.9586],[23.4745,39.958],[23.4723,39.9589],[23.4672,39.9622],[23.462,39.9631],[23.4536,39.9633],[23.4495,39.9641],[23.4391,39.9639],[23.4339,39.9626],[23.4276,39.96],[23.4214,39.9566],[23.4151,39.9543],[23.3953,39.9541],[23.3839,39.956],[23.3786,39.9563],[23.3745,39.9559],[23.3693,39.954],[23.3641,39.9528],[23.3589,39.9504],[23.3568,39.9501],[23.3536,39.9503],[23.3506,39.9526],[23.3496,39.9547],[23.3496,39.9568],[23.3515,39.962],[23.3518,39.9651],[23.3552,39.9714],[23.3575,39.9734],[23.3578,39.9745],[23.3589,39.9744],[23.3608,39.9766],[23.3641,39.9818],[23.3698,39.9953],[23.3704,39.9974],[23.3703,40],[23.0005,40],[23,39.9995],[23,39.5536],[23.0005,39.5532],[23.0036,39.554],[23.0047,39.5538],[23.0078,39.5512],[23.0086,39.5495],[23.0089,39.5464],[23.0143,39.5411],[23.0161,39.538],[23.0186,39.5359],[23.0184,39.5349],[23.0234,39.5321],[23.0297,39.5299],[23.0339,39.5302],[23.0373,39.5328],[23.0411,39.5334],[23.0484,39.5329],[23.0526,39.5314],[23.0557,39.5299],[23.0573,39.5286],[23.0589,39.5245],[23.0584,39.5234],[23.0609,39.5215],[23.0693,39.5184],[23.0734,39.5145],[23.0755,39.5134],[23.0777,39.513],[23.0902,39.5068],[23.0943,39.5029],[23.0967,39.5016],[23.0995,39.4989],[23.1009,39.4995],[23.1021,39.4974],[23.1016,39.4964],[23.1016,39.4953],[23.1037,39.4932],[23.1059,39.488],[23.1078,39.4863],[23.1094,39.4839],[23.1089,39.4828],[23.1099,39.4811],[23.112,39.479],[23.113,39.4786],[23.1132,39.4776],[23.1147,39.4755],[23.1183,39.4724],[23.1208,39.4661],[23.1252,39.4599],[23.1287,39.4568],[23.1291,39.4557],[23.1349,39.4507],[23.1391,39.4484],[23.1411,39.4445],[23.1453,39.4422],[23.1454,39.4411],[23.1484,39.439],[23.1495,39.4372],[23.1526,39.4341],[23.1557,39.4328],[23.1578,39.43],[23.1612,39.4286],[23.162,39.4268],[23.1651,39.4235],[23.1729,39.4172],[23.174,39.4151],[23.1741,39.4141],[23.1755,39.4121],[23.1797,39.4101],[23.1818,39.4103],[23.1828,39.4099],[23.1859,39.4074],[23.1871,39.4047],[23.188,39.4038],[23.1891,39.4035],[23.1901,39.4039],[23.1922,39.4027],[23.1932,39.4027],[23.1964,39.4001],[23.1974,39.3984],[23.1979,39.3953],[23.1989,39.3943],[23.1984,39.3932],[23.1998,39.3911],[23.1995,39.3904],[23.1987,39.3901],[23.2026,39.386],[23.2038,39.3859],[23.2041,39.3849],[23.2052,39.3839],[23.2055,39.3828],[23.2046,39.3818],[23.2084,39.3766],[23.2092,39.3703],[23.2109,39.3683],[23.2147,39.3661],[23.2193,39.3613],[23.2224,39.3604],[23.2234,39.3597],[23.2245,39.3578],[23.2244,39.3547],[23.2255,39.3529],[23.2328,39.3489],[23.2349,39.3484],[23.2359,39.3474],[23.2364,39.3453],[23.2401,39.343],[23.2437,39.3422],[23.2453,39.3409],[23.2516,39.3394],[23.2571,39.337],[23.262,39.3333],[23.2642,39.3297],[23.2672,39.3265],[23.2682,39.3256],[23.2714,39.3246],[23.2734,39.3229],[23.2755,39.3185],[23.2786,39.3148],[23.2807,39.309],[23.2807,39.3068],[23.2816,39.3047],[23.281,39.3036],[23.2811,39.2995],[23.2866,39.2932],[23.2886,39.2901],[23.289,39.288],[23.2901,39.2863],[23.2903,39.2797],[23.2913,39.2776],[23.2964,39.273],[23.3016,39.2703],[23.3036,39.2687],[23.3057,39.2684],[23.3102,39.2661],[23.3132,39.263],[23.3153,39.2599],[23.3185,39.2568],[23.319,39.2547],[23.3227,39.2505],[23.3235,39.2484],[23.3238,39.2464],[23.3248,39.2443],[23.325,39.2401],[23.3257,39.238],[23.3307,39.2331],[23.3318,39.2328],[23.3328,39.2282],[23.3349,39.2276],[23.3349,39.2266],[23.3357,39.2255],[23.3349,39.2245],[23.3356,39.2224],[23.3352,39.2214],[23.3366,39.2193],[23.3366,39.2172],[23.3414,39.213],[23.3414,39.2099],[23.3449,39.2068],[23.3454,39.2057],[23.3456,39.2036],[23.347,39.2016],[23.3554,39.1932],[23.3579,39.1891],[23.3581,39.188],[23.3576,39.187],[23.3581,39.1859],[23.3621,39.1828],[23.3622,39.1797],[23.3629,39.1776],[23.3651,39.1768],[23.3661,39.1745],[23.3682,39.1753],[23.3693,39.1743],[23.3703,39.1747],[23.3714,39.1741],[23.3724,39.1751],[23.3734,39.1712],[23.3745,39.1721],[23.3766,39.17],[23.3762,39.1724],[23.3766,39.173],[23.3786,39.1701],[23.3797,39.1698],[23.3818,39.1705],[23.3828,39.1694],[23.3839,39.1695],[23.3845,39.1703],[23.3836,39.1714],[23.3859,39.1704],[23.387,39.1714],[23.3891,39.1718],[23.39,39.1734],[23.3932,39.1755],[23.4047,39.1759],[23.4099,39.1777],[23.4141,39.178],[23.4234,39.1805],[23.4273,39.1828],[23.4339,39.1853],[23.4359,39.1865],[23.4373,39.188],[23.4386,39.1922],[23.4386,39.1974],[23.438,39.1995],[23.4397,39.2016],[23.4432,39.2038],[23.4495,39.2052],[23.4536,39.2075],[23.4559,39.2099],[23.457,39.212],[23.4589,39.2133],[23.4609,39.214],[23.4606,39.2151],[23.4617,39.2161],[23.463,39.2159],[23.4641,39.2169],[23.4653,39.2161],[23.4659,39.2151],[23.4646,39.2141],[23.4645,39.213],[23.4651,39.2124],[23.4724,39.2122],[23.4766,39.2141],[23.4797,39.2144],[23.4807,39.2143],[23.4823,39.213],[23.4831,39.212],[23.4832,39.2109],[23.487,39.2071],[23.4891,39.2073],[23.4901,39.2081],[23.4922,39.2081],[23.4932,39.208],[23.4943,39.2065],[23.4953,39.207],[23.4958,39.2068],[23.496,39.2057],[23.4954,39.2036],[23.4973,39.2005],[23.4984,39.1997],[23.4995,39.1995],[23.5005,39.1985],[23.5016,39.1988],[23.5047,39.1983],[23.5099,39.195],[23.5141,39.194],[23.5182,39.1908],[23.519,39.1859],[23.5224,39.1829],[23.5236,39.1807],[23.5238,39.1776],[23.5255,39.1773],[23.5266,39.1779],[23.5276,39.1771],[23.5286,39.1775],[23.5304,39.1734],[23.5306,39.1714],[23.5297,39.1672],[23.5291,39.1661],[23.5256,39.163],[23.5255,39.1616],[23.5234,39.163],[23.5224,39.1616],[23.5214,39.1624],[23.5193,39.1629],[23.5178,39.162],[23.5203,39.1609],[23.5203,39.1598],[23.5234,39.1593],[23.5245,39.16],[23.5246,39.1589],[23.5234,39.158],[23.5233,39.1568],[23.5245,39.1572],[23.5257,39.1557],[23.5248,39.1547],[23.5255,39.1518],[23.5276,39.1523],[23.5294,39.1516],[23.5297,39.1502],[23.5307,39.1501],[23.5328,39.1519],[23.5339,39.152],[23.5354,39.1495],[23.5357,39.1474],[23.5339,39.1445],[23.5297,39.142],[23.5255,39.1416],[23.5234,39.1426],[23.5224,39.142],[23.5214,39.1424],[23.5141,39.1395],[23.5121,39.138],[23.512,39.1373],[23.5109,39.1389],[23.5098,39.137],[23.51,39.1359],[23.5078,39.1339],[23.5071,39.1318],[23.5078,39.1291],[23.509,39.1286],[23.5089,39.1234],[23.5099,39.1214],[23.5092,39.1203],[23.5105,39.1182],[23.5099,39.1141],[23.5089,39.113],[23.5078,39.1139],[23.5016,39.1137],[23.4995,39.1129],[23.4974,39.1137],[23.4932,39.1139],[23.4891,39.116],[23.4849,39.1172],[23.4833,39.1182],[23.4828,39.1198],[23.4797,39.1203],[23.4776,39.123],[23.4758,39.1234],[23.4745,39.1261],[23.4714,39.126],[23.4693,39.1252],[23.4682,39.1257],[23.4672,39.1246],[23.4661,39.1245],[23.4641,39.123],[23.463,39.1237],[23.462,39.1231],[23.4589,39.1234],[23.4571,39.1245],[23.4568,39.1255],[23.4547,39.1262],[23.4492,39.1266],[23.4464,39.1275],[23.4392,39.1328],[23.4391,39.1341],[23.438,39.1344],[23.437,39.1338],[23.4349,39.1356],[23.4328,39.1349],[23.4307,39.1319],[23.4276,39.1319],[23.4267,39.1307],[23.4269,39.1297],[23.4255,39.1282],[23.4224,39.1272],[23.4193,39.1288],[23.4188,39.1297],[23.4193,39.1309],[23.4182,39.1309],[23.4148,39.1349],[23.4104,39.138],[23.4106,39.1391],[23.4068,39.1416],[23.4016,39.1419],[23.3984,39.1387],[23.3953,39.1382],[23.3932,39.1363],[23.3891,39.1369],[23.3866,39.138],[23.3849,39.1394],[23.383,39.1432],[23.3812,39.1443],[23.3813,39.1453],[23.3807,39.1459],[23.3734,39.1508],[23.3714,39.151],[23.3703,39.1501],[23.3693,39.1504],[23.3672,39.1482],[23.3661,39.149],[23.3651,39.1484],[23.363,39.1493],[23.3609,39.1493],[23.3578,39.1465],[23.3574,39.1474],[23.3576,39.1484],[23.3568,39.1494],[23.3558,39.1484],[23.3565,39.1464],[23.3553,39.1443],[23.3557,39.1429],[23.3505,39.1426],[23.3484,39.1418],[23.3464,39.1398],[23.3443,39.1393],[23.3421,39.1401],[23.3401,39.1429],[23.3373,39.1432],[23.3369,39.1474],[23.3362,39.1484],[23.3379,39.1495],[23.337,39.1505],[23.3359,39.1499],[23.3349,39.1514],[23.3339,39.15],[23.3328,39.1503],[23.3318,39.1492],[23.3307,39.1499],[23.3286,39.1476],[23.3271,39.1474],[23.3234,39.145],[23.3214,39.1447],[23.3124,39.1411],[23.3111,39.1401],[23.3111,39.1391],[23.3097,39.137],[23.3078,39.1356],[23.3057,39.1352],[23.3017,39.1359],[23.3005,39.1366],[23.2984,39.1361],[23.2964,39.1347],[23.2953,39.1349],[23.2943,39.134],[23.2911,39.1342],[23.2901,39.1348],[23.2891,39.1344],[23.287,39.1346],[23.2786,39.1316],[23.2776,39.1318],[23.2768,39.1328],[23.2766,39.134],[23.2755,39.1334],[23.2745,39.1338],[23.2734,39.1328],[23.2714,39.1335],[23.2682,39.1318],[23.2641,39.1286],[23.262,39.1281],[23.2589,39.1244],[23.2557,39.1224],[23.2505,39.1205],[23.2464,39.1208],[23.2453,39.1215],[23.2422,39.1191],[23.2401,39.1182],[23.2391,39.118],[23.238,39.1184],[23.237,39.1195],[23.2318,39.1205],[23.2297,39.1213],[23.2286,39.1212],[23.2245,39.1238],[23.2231,39.1266],[23.2224,39.1269],[23.2214,39.1266],[23.2203,39.125],[23.213,39.1215],[23.2106,39.1193],[23.2108,39.1182],[23.2161,39.1188],[23.2182,39.1173],[23.2214,39.1171],[23.2245,39.116],[23.2255,39.1162],[23.2266,39.1149],[23.2286,39.1162],[23.2307,39.1153],[23.2307,39.1131],[23.2328,39.1138],[23.2321,39.1089],[23.2306,39.1068],[23.2281,39.1047],[23.2152,39.0974],[23.2099,39.092],[23.2088,39.0911],[23.2057,39.0902],[23.2036,39.0899],[23.1995,39.0909],[23.1984,39.0902],[23.1964,39.0905],[23.1922,39.0922],[23.1935,39.0932],[23.1911,39.096],[23.1891,39.0957],[23.188,39.0949],[23.187,39.0963],[23.1849,39.0957],[23.1818,39.096],[23.1807,39.0958],[23.1786,39.0941],[23.1746,39.0932],[23.1714,39.0908],[23.1693,39.0903],[23.169,39.0901],[23.1698,39.0891],[23.1679,39.088],[23.1674,39.087],[23.1661,39.087],[23.1641,39.0851],[23.1609,39.0843],[23.1557,39.0819],[23.1527,39.0839],[23.1505,39.0861],[23.1484,39.0847],[23.1453,39.0852],[23.1422,39.0849],[23.1406,39.0839],[23.1391,39.0814],[23.1378,39.0807],[23.1375,39.0797],[23.1359,39.0783],[23.1349,39.0788],[23.1339,39.0784],[23.1328,39.079],[23.1318,39.0786],[23.1307,39.0794],[23.1234,39.0772],[23.1193,39.078],[23.118,39.0797],[23.1182,39.081],[23.1172,39.0821],[23.1151,39.0799],[23.1141,39.0813],[23.113,39.0794],[23.112,39.0788],[23.1068,39.0797],[23.1016,39.0818],[23.0984,39.082],[23.0943,39.0803],[23.087,39.0799],[23.0839,39.0792],[23.0797,39.079],[23.0766,39.0796],[23.0724,39.0818],[23.0703,39.0846],[23.0698,39.088],[23.0676,39.0901],[23.0661,39.0891],[23.0651,39.0891],[23.0641,39.0901],[23.0641,39.0908],[23.0641,39.0901],[23.063,39.0891],[23.062,39.0901],[23.0599,39.0895],[23.0584,39.0901],[23.0564,39.0932],[23.0526,39.0932],[23.0516,39.0943],[23.0505,39.0942],[23.0483,39.0953],[23.0487,39.0995],[23.0485,39.1016],[23.0511,39.1047],[23.0526,39.108],[23.0569,39.112],[23.0599,39.1137],[23.0612,39.1161],[23.0615,39.1172],[23.0615,39.1224],[23.0627,39.1255],[23.0629,39.1286],[23.0615,39.1349],[23.0627,39.138],[23.0655,39.1401],[23.0662,39.1411],[23.0662,39.1422],[23.0662,39.1432],[23.0651,39.1452],[23.0642,39.1464],[23.062,39.1469],[23.0617,39.1484],[23.0609,39.1495],[23.0617,39.1516],[23.0613,39.1547],[23.0614,39.1568],[23.0622,39.1578],[23.0619,39.1599],[23.0628,39.1609],[23.0626,39.163],[23.0606,39.1651],[23.0613,39.1661],[23.0609,39.1665],[23.0582,39.1661],[23.0585,39.1672],[23.0565,39.1682],[23.0557,39.1694],[23.0536,39.171],[23.0505,39.1719],[23.0495,39.1713],[23.0464,39.1738],[23.0447,39.1745],[23.0442,39.1755],[23.0445,39.1776],[23.0474,39.1818],[23.0542,39.1859],[23.0551,39.1859],[23.0557,39.1853],[23.0559,39.1859],[23.0568,39.1865],[23.0589,39.1859],[23.0609,39.1859],[23.0622,39.1818],[23.062,39.1807],[23.0598,39.1776],[23.0601,39.1766],[23.0609,39.1758],[23.0641,39.1762],[23.0647,39.1755],[23.0639,39.1734],[23.0641,39.1721],[23.0651,39.1728],[23.0661,39.1716],[23.0672,39.1717],[23.0682,39.1707],[23.0693,39.1712],[23.0703,39.1706],[23.0714,39.1707],[23.0724,39.1715],[23.0745,39.1719],[23.0785,39.1745],[23.0818,39.1756],[23.085,39.1745],[23.0855,39.1734],[23.0851,39.1714],[23.0859,39.171],[23.0901,39.1709],[23.0932,39.1717],[23.0974,39.1721],[23.0984,39.1718],[23.1002,39.1703],[23.1009,39.1682],[23.1021,39.1672],[23.1026,39.1655],[23.1036,39.1653],[23.1047,39.1644],[23.1089,39.1653],[23.1109,39.165],[23.112,39.1641],[23.1124,39.163],[23.1138,39.1578],[23.1134,39.1568],[23.114,39.1557],[23.1172,39.1529],[23.1182,39.1531],[23.1202,39.1516],[23.1234,39.1507],[23.1224,39.1478],[23.12,39.1464],[23.1189,39.1443],[23.121,39.1432],[23.1231,39.1401],[23.1245,39.1395],[23.1266,39.1395],[23.1276,39.1401],[23.1307,39.1406],[23.1339,39.14],[23.1349,39.1406],[23.137,39.1384],[23.1391,39.1379],[23.1404,39.1391],[23.1401,39.1401],[23.142,39.1391],[23.1422,39.1377],[23.1426,39.1391],[23.1453,39.1402],[23.1445,39.138],[23.1453,39.1372],[23.1474,39.1369],[23.149,39.1401],[23.1525,39.1443],[23.1516,39.1449],[23.1505,39.1439],[23.1474,39.1438],[23.1461,39.1443],[23.1464,39.1445],[23.1495,39.146],[23.1505,39.1458],[23.1519,39.1464],[23.1557,39.1502],[23.1578,39.1513],[23.162,39.1496],[23.1703,39.1509],[23.1716,39.1526],[23.1724,39.1557],[23.1745,39.1574],[23.1766,39.1581],[23.1818,39.1623],[23.1841,39.163],[23.187,39.1662],[23.188,39.1664],[23.1884,39.1672],[23.1911,39.1693],[23.1904,39.1703],[23.1904,39.1714],[23.1911,39.1732],[23.1922,39.1743],[23.1932,39.1715],[23.1943,39.1735],[23.1964,39.1706],[23.1974,39.1715],[23.1991,39.1703],[23.1995,39.1692],[23.2011,39.1703],[23.2004,39.1714],[23.2016,39.1719],[23.2017,39.1724],[23.2018,39.1734],[23.2008,39.1745],[23.201,39.1766],[23.2018,39.1776],[23.2011,39.1786],[23.2019,39.1797],[23.2013,39.1818],[23.2021,39.1828],[23.2016,39.1834],[23.1982,39.1839],[23.1982,39.1849],[23.1993,39.187],[23.1983,39.188],[23.2003,39.1901],[23.2001,39.1911],[23.1995,39.1917],[23.1974,39.1909],[23.1969,39.1911],[23.1977,39.1922],[23.1976,39.1932],[23.1964,39.1936],[23.1922,39.1918],[23.1917,39.1932],[23.1922,39.1953],[23.1919,39.1974],[23.1925,39.1995],[23.1922,39.2004],[23.1911,39.2015],[23.19,39.2016],[23.1891,39.2049],[23.188,39.2043],[23.1877,39.2047],[23.1879,39.2068],[23.1865,39.2099],[23.1807,39.2193],[23.1795,39.2224],[23.1776,39.2245],[23.1755,39.2257],[23.1745,39.2273],[23.1735,39.2349],[23.1727,39.2359],[23.1732,39.2391],[23.1743,39.2422],[23.1734,39.2453],[23.1743,39.2474],[23.1734,39.2482],[23.1736,39.2495],[23.1729,39.2516],[23.1724,39.2523],[23.1712,39.2526],[23.1709,39.2547],[23.1716,39.2568],[23.1703,39.2579],[23.1682,39.2569],[23.1672,39.2572],[23.1636,39.2568],[23.1629,39.262],[23.1589,39.2668],[23.1568,39.2719],[23.1526,39.2745],[23.1505,39.2741],[23.1411,39.2845],[23.137,39.2864],[23.1297,39.2871],[23.1266,39.2893],[23.1255,39.2911],[23.1245,39.2918],[23.1203,39.2928],[23.1191,39.2943],[23.1194,39.2964],[23.1188,39.2974],[23.1189,39.2984],[23.1172,39.2999],[23.1099,39.302],[23.1068,39.3018],[23.1057,39.3022],[23.1047,39.3017],[23.1036,39.3021],[23.1016,39.3012],[23.0964,39.3021],[23.0943,39.3039],[23.088,39.3046],[23.0859,39.3061],[23.0849,39.3059],[23.0839,39.3065],[23.0804,39.3068],[23.0786,39.3084],[23.0766,39.3088],[23.0745,39.3085],[23.0724,39.3068],[23.0714,39.3072],[23.0703,39.307],[23.0693,39.306],[23.0661,39.3052],[23.063,39.3059],[23.062,39.3073],[23.0578,39.307],[23.0536,39.3078],[23.0516,39.307],[23.0505,39.3074],[23.0474,39.3066],[23.0464,39.3068],[23.0453,39.308],[23.0443,39.3077],[23.0411,39.3094],[23.0276,39.3091],[23.0245,39.3087],[23.0234,39.3078],[23.0224,39.3084],[23.0214,39.3078],[23.0203,39.3077],[23.0172,39.3083],[23.0161,39.3091],[23.0151,39.3088],[23.0151,39.31],[23.013,39.3104],[23.0078,39.3101],[23.0068,39.3111],[23.0057,39.3105],[23.0054,39.3109],[23.0061,39.313],[23.0055,39.3141],[23.006,39.3151],[23.0057,39.3156],[23.0047,39.3154],[23.0035,39.3161],[23.0036,39.3169],[23.0047,39.317],[23.0063,39.3214],[23.0047,39.3229],[23.0036,39.3233],[23.0034,39.3255],[23.0005,39.3281],[23,39.3276],[23,39.0682],[23.0017,39.0661],[23.0016,39.0651],[23,39.0641],[23,39.0453],[23.0005,39.0444],[23.0028,39.0432],[23.0025,39.0422],[23.0036,39.0417],[23.0057,39.0394],[23.0065,39.0391],[23.0067,39.038],[23.008,39.037],[23.0075,39.0359],[23.0078,39.0356],[23.0109,39.0353],[23.013,39.0334],[23.0161,39.0328],[23.0172,39.0331],[23.0182,39.035],[23.0193,39.0351],[23.0224,39.0383],[23.0259,39.038],[23.0339,39.0401],[23.0411,39.0411],[23.0422,39.0418],[23.0432,39.0419],[23.0443,39.0437],[23.0453,39.0439],[23.0464,39.0452],[23.0474,39.0454],[23.0495,39.0457],[23.0516,39.0452],[23.0536,39.0423],[23.0589,39.0415],[23.0661,39.0418],[23.0693,39.0433],[23.0703,39.043],[23.0714,39.0436],[23.0734,39.0434],[23.0737,39.0432],[23.0732,39.0411],[23.0741,39.037],[23.0736,39.0339],[23.0737,39.0318],[23.073,39.0307],[23.0736,39.0297],[23.0724,39.0298],[23.0721,39.0286],[23.0693,39.026],[23.0688,39.0245],[23.0678,39.0234],[23.0673,39.0203],[23.0653,39.0161],[23.0675,39.0141],[23.0693,39.0135],[23.0705,39.0141],[23.0714,39.0153],[23.072,39.0151],[23.0724,39.014],[23.0733,39.0161],[23.0755,39.0169],[23.0776,39.0158],[23.0786,39.0147],[23.0797,39.015],[23.0802,39.0141],[23.0818,39.0132],[23.0829,39.012],[23.0839,39.0097],[23.0859,39.0104],[23.087,39.0101],[23.088,39.0112],[23.0874,39.0099],[23.088,39.0078],[23.0891,39.0083],[23.0897,39.0078],[23.0904,39.0068],[23.0906,39.0047],[23.0921,39.0036],[23.0904,39.0026],[23.0896,39.0016],[23.0901,39],[23.0932,39],[23.0936,39.0005],[23.093,39.0016],[23.0932,39.0024],[23.0943,39.0023],[23.0947,39.0016],[23.0964,39.0011],[23.0974,39],[23.0984,39.0007],[23.0995,39],[23.1099,39],[23.1104,39.0005],[23.1182,39.0028],[23.1295,39.0109],[23.1349,39.012],[23.1401,39.0121],[23.1443,39.0116],[23.1536,39.0127],[23.1557,39.0122],[23.1568,39.0126],[23.1609,39.0121],[23.1745,39.0119],[23.1807,39.01],[23.1849,39.0092],[23.1974,39.0095],[23.2026,39.0101],[23.2057,39.0113],[23.2078,39.013],[23.209,39.013],[23.2095,39.0141],[23.212,39.0165],[23.2169,39.0203],[23.2234,39.0232],[23.2255,39.0236],[23.2279,39.0255],[23.2332,39.0276],[23.237,39.028],[23.238,39.0285],[23.2474,39.0283],[23.2557,39.0296],[23.2589,39.0314],[23.2651,39.0366],[23.2714,39.038],[23.2745,39.0402],[23.2768,39.0411],[23.2828,39.0423],[23.2891,39.0417],[23.2922,39.0428],[23.2964,39.0432],[23.3026,39.043],[23.3047,39.0425],[23.3068,39.0432],[23.312,39.0434],[23.3161,39.0433],[23.3214,39.0423],[23.3224,39.0424],[23.3234,39.0433],[23.3245,39.0425],[23.3255,39.0427],[23.3274,39.0443],[23.3274,39.0464],[23.3286,39.0477],[23.3338,39.0516],[23.338,39.0518],[23.3406,39.0505],[23.3422,39.0516],[23.3432,39.0505],[23.3427,39.0495],[23.3428,39.0474],[23.3439,39.0453],[23.3464,39.0449],[23.3474,39.044],[23.3484,39.0443],[23.3495,39.0432],[23.3487,39.0422],[23.3487,39.0411],[23.3495,39.0401],[23.3484,39.0389],[23.3464,39.0384],[23.3453,39.037],[23.3411,39.0346],[23.3401,39.0343],[23.3391,39.0352],[23.337,39.033],[23.3359,39.0327],[23.3357,39.0318],[23.3362,39.0307],[23.3355,39.0297],[23.3356,39.0276],[23.3378,39.0234],[23.3401,39.0208],[23.3411,39.0218],[23.3422,39.0217],[23.3428,39.0214],[23.3432,39.0199],[23.3453,39.0194],[23.3464,39.0204],[23.3464,39.0193],[23.3495,39.0179],[23.3516,39.0151],[23.3536,39.0134],[23.3568,39.0126],[23.3599,39.0128],[23.3641,39.0111],[23.3672,39.0104],[23.3766,39.0101],[23.3786,39.0081],[23.3789,39.0068],[23.3797,39.0063],[23.3828,39.006],[23.3839,39.0068],[23.3855,39.0057],[23.3858,39.0047],[23.3841,39.0005],[23.3849,39],[23.9995,39],[24,39.0005]],[[23.1891,39.1696],[23.1891,39.1707],[23.1897,39.1703],[23.1891,39.1696]],[[23.6005,39.1625],[23.6002,39.163],[23.6012,39.163],[23.6005,39.1625]],[[23.6036,39.1488],[23.6031,39.1495],[23.6036,39.151],[23.6042,39.1505],[23.6036,39.1488]],[[23.8516,39.1284],[23.8505,39.1284],[23.8484,39.1304],[23.848,39.1318],[23.8439,39.1359],[23.8432,39.1375],[23.8422,39.138],[23.8401,39.138],[23.8391,39.1394],[23.838,39.14],[23.837,39.1391],[23.8349,39.139],[23.8318,39.137],[23.8307,39.138],[23.8297,39.138],[23.8276,39.1401],[23.8276,39.1422],[23.8266,39.1432],[23.8266,39.1454],[23.8257,39.1474],[23.8254,39.1505],[23.8258,39.1547],[23.8278,39.1578],[23.8328,39.1614],[23.8339,39.1616],[23.8422,39.1654],[23.8464,39.1667],[23.8492,39.1693],[23.8536,39.1751],[23.8557,39.1742],[23.8589,39.1766],[23.8599,39.1766],[23.8589,39.1763],[23.8585,39.1755],[23.8599,39.1749],[23.8609,39.1735],[23.863,39.1732],[23.8672,39.1747],[23.8688,39.1766],[23.8684,39.1776],[23.8687,39.1786],[23.8672,39.1791],[23.8661,39.18],[23.8659,39.1818],[23.8647,39.1828],[23.864,39.1849],[23.863,39.1855],[23.862,39.185],[23.8599,39.1857],[23.8589,39.1854],[23.8587,39.1859],[23.861,39.1901],[23.8609,39.1911],[23.8599,39.1919],[23.8588,39.1911],[23.8588,39.1922],[23.8597,39.1932],[23.8598,39.1943],[23.8609,39.1951],[23.863,39.1948],[23.8641,39.1953],[23.863,39.1964],[23.8599,39.1968],[23.8578,39.1988],[23.8564,39.1995],[23.8568,39.2026],[23.8584,39.2047],[23.8609,39.206],[23.8651,39.207],[23.8661,39.2066],[23.8682,39.208],[23.8724,39.2069],[23.8745,39.2075],[23.8786,39.2126],[23.8795,39.213],[23.8793,39.2151],[23.8824,39.2203],[23.8817,39.2214],[23.8827,39.2224],[23.8839,39.2226],[23.8859,39.2242],[23.8901,39.224],[23.8922,39.2246],[23.9026,39.2308],[23.9068,39.2323],[23.9099,39.2346],[23.912,39.238],[23.9132,39.2391],[23.9125,39.2401],[23.9109,39.241],[23.9109,39.2432],[23.912,39.2443],[23.9126,39.2443],[23.9142,39.2464],[23.9145,39.2474],[23.9141,39.2505],[23.9161,39.2526],[23.9161,39.2547],[23.9182,39.2568],[23.9188,39.2568],[23.9182,39.2578],[23.9193,39.2589],[23.9203,39.258],[23.9203,39.2589],[23.9214,39.2599],[23.9234,39.2599],[23.9245,39.261],[23.9273,39.262],[23.9277,39.263],[23.9297,39.2635],[23.9302,39.2641],[23.9317,39.2672],[23.9336,39.2693],[23.9337,39.2714],[23.9358,39.2745],[23.9359,39.2786],[23.938,39.2789],[23.9422,39.2829],[23.9429,39.2839],[23.9432,39.287],[23.9443,39.288],[23.9443,39.2891],[23.9453,39.2901],[23.9474,39.2901],[23.9474,39.2922],[23.9484,39.2932],[23.9516,39.2932],[23.9526,39.2943],[23.9547,39.2943],[23.9557,39.2953],[23.9568,39.2943],[23.9568,39.2932],[23.9557,39.2922],[23.9568,39.2911],[23.9589,39.2908],[23.9599,39.2891],[23.9599,39.287],[23.9579,39.2849],[23.9589,39.2849],[23.9599,39.2839],[23.9589,39.2828],[23.9599,39.2818],[23.9547,39.276],[23.9531,39.2755],[23.9521,39.2745],[23.9547,39.2745],[23.9578,39.2766],[23.9593,39.2755],[23.9599,39.2745],[23.9595,39.2734],[23.9599,39.2729],[23.962,39.2745],[23.963,39.2745],[23.9641,39.2734],[23.9651,39.2734],[23.9672,39.2714],[23.9672,39.2724],[23.9682,39.2734],[23.9693,39.2724],[23.9703,39.2734],[23.9745,39.2734],[23.9755,39.2724],[23.9766,39.2724],[23.9786,39.2703],[23.9791,39.2693],[23.9807,39.2693],[23.9839,39.2693],[23.9839,39.2714],[23.9849,39.2724],[23.987,39.2709],[23.987,39.2714],[23.9901,39.2745],[23.9911,39.2745],[23.9922,39.2734],[23.9911,39.2724],[23.9911,39.2703],[23.9891,39.2667],[23.9879,39.2661],[23.9879,39.2651],[23.9862,39.2609],[23.9824,39.2536],[23.9824,39.2526],[23.9815,39.2516],[23.982,39.2505],[23.9809,39.2495],[23.9819,39.2484],[23.9807,39.2473],[23.9786,39.2486],[23.9776,39.2469],[23.9718,39.2443],[23.9713,39.2422],[23.9724,39.2415],[23.9745,39.2412],[23.9755,39.2414],[23.9766,39.2427],[23.9786,39.2413],[23.9792,39.2422],[23.9786,39.2433],[23.9803,39.2422],[23.9798,39.2411],[23.9814,39.238],[23.9812,39.2359],[23.9817,39.2339],[23.9811,39.2328],[23.9818,39.232],[23.9828,39.2336],[23.9839,39.2333],[23.9853,39.2307],[23.9854,39.2224],[23.9859,39.2214],[23.9891,39.2186],[23.9911,39.2183],[23.9961,39.213],[23.9961,39.2109],[23.9919,39.2016],[23.9915,39.1995],[23.9913,39.1943],[23.9904,39.1922],[23.9907,39.1911],[23.99,39.1901],[23.9912,39.1859],[23.9913,39.1818],[23.99,39.1766],[23.9877,39.1714],[23.988,39.1693],[23.9872,39.1682],[23.9877,39.1672],[23.987,39.1661],[23.988,39.1641],[23.988,39.163],[23.9879,39.162],[23.987,39.1607],[23.9839,39.1594],[23.9818,39.1591],[23.9797,39.1593],[23.9776,39.1607],[23.9766,39.1609],[23.9724,39.1589],[23.9693,39.1591],[23.967,39.1599],[23.965,39.162],[23.9651,39.1634],[23.9657,39.1641],[23.9651,39.1644],[23.962,39.1634],[23.961,39.162],[23.9612,39.1609],[23.9599,39.1596],[23.9578,39.1599],[23.9557,39.1595],[23.9536,39.1601],[23.9467,39.1641],[23.9468,39.1651],[23.9456,39.1661],[23.9453,39.1673],[23.9432,39.167],[23.9405,39.1693],[23.9405,39.1703],[23.939,39.1714],[23.9389,39.1724],[23.9378,39.1734],[23.9372,39.1776],[23.9349,39.1793],[23.9328,39.1799],[23.9302,39.1786],[23.9294,39.1766],[23.9276,39.1745],[23.9266,39.1741],[23.9234,39.1695],[23.9176,39.1672],[23.9173,39.1651],[23.9161,39.1655],[23.9114,39.1599],[23.9111,39.1589],[23.9095,39.1578],[23.9094,39.1568],[23.9068,39.155],[23.9047,39.1541],[23.9026,39.1541],[23.9016,39.1542],[23.8995,39.1559],[23.8984,39.1557],[23.8943,39.1519],[23.8901,39.1502],[23.8893,39.1484],[23.8859,39.1443],[23.8839,39.1431],[23.8786,39.142],[23.8774,39.1411],[23.8751,39.138],[23.8756,39.1359],[23.8745,39.1356],[23.8743,39.1349],[23.8724,39.1336],[23.8714,39.1339],[23.8672,39.1321],[23.863,39.1329],[23.8599,39.1296],[23.8589,39.13],[23.8568,39.129],[23.8526,39.129],[23.8516,39.1284]],[[23.2339,39.1181],[23.2332,39.1182],[23.2339,39.1185],[23.2343,39.1182],[23.2339,39.1181]],[[23.9807,39.0994],[23.9776,39.0999],[23.9766,39.0997],[23.9755,39.1005],[23.9742,39.1005],[23.9736,39.1026],[23.9724,39.1036],[23.9712,39.1057],[23.9723,39.1068],[23.9723,39.1078],[23.9714,39.11],[23.9713,39.113],[23.9748,39.1151],[23.9756,39.1182],[23.9768,39.1203],[23.9764,39.1214],[23.9776,39.1237],[23.9827,39.1297],[23.9901,39.1335],[23.9911,39.1329],[23.9922,39.1334],[23.9932,39.1332],[23.9943,39.134],[23.995,39.1339],[23.9964,39.1323],[23.9967,39.1307],[23.9945,39.1224],[23.9922,39.1189],[23.9879,39.1141],[23.9871,39.1068],[23.9859,39.1036],[23.9839,39.101],[23.9807,39.0994]],[[23.7224,39.0662],[23.7203,39.0662],[23.7193,39.0672],[23.7189,39.0693],[23.7182,39.0696],[23.7109,39.0693],[23.7099,39.0703],[23.7068,39.0703],[23.7047,39.0724],[23.7045,39.0766],[23.7051,39.0776],[23.7045,39.0786],[23.7045,39.0807],[23.7036,39.0817],[23.6995,39.0822],[23.6974,39.0834],[23.6911,39.0831],[23.6901,39.0825],[23.6839,39.0824],[23.6828,39.0818],[23.6807,39.0818],[23.6797,39.0828],[23.6786,39.0818],[23.6734,39.0818],[23.6724,39.0828],[23.6714,39.0828],[23.6703,39.0839],[23.6703,39.0845],[23.6703,39.0839],[23.6693,39.0828],[23.6672,39.0828],[23.6661,39.0839],[23.6661,39.0848],[23.6641,39.0839],[23.662,39.0839],[23.6609,39.0828],[23.6599,39.0836],[23.6578,39.0818],[23.6568,39.0828],[23.6547,39.0828],[23.6526,39.0849],[23.6526,39.0858],[23.6515,39.0859],[23.6516,39.0871],[23.6548,39.0911],[23.6546,39.0922],[23.6551,39.0932],[23.6541,39.0943],[23.6546,39.0953],[23.6526,39.0984],[23.653,39.1016],[23.6543,39.1036],[23.6542,39.1047],[23.6536,39.1051],[23.6526,39.105],[23.6519,39.1057],[23.653,39.1068],[23.6529,39.1078],[23.6505,39.1086],[23.6474,39.1115],[23.6453,39.1118],[23.6422,39.11],[23.638,39.1118],[23.6359,39.1116],[23.6318,39.1134],[23.6307,39.1129],[23.6288,39.1099],[23.6276,39.1098],[23.6245,39.1108],[23.6234,39.112],[23.6234,39.1133],[23.6245,39.1159],[23.6255,39.1164],[23.6297,39.1167],[23.632,39.1224],[23.634,39.1245],[23.6338,39.1255],[23.6349,39.1249],[23.6359,39.1259],[23.637,39.1245],[23.638,39.1245],[23.6411,39.1222],[23.6432,39.122],[23.6447,39.1224],[23.6465,39.1245],[23.6454,39.1266],[23.6443,39.1264],[23.641,39.1286],[23.6394,39.1349],[23.6395,39.1359],[23.638,39.1359],[23.6359,39.1375],[23.6349,39.1368],[23.634,39.138],[23.6318,39.1382],[23.6295,39.138],[23.63,39.137],[23.6276,39.1356],[23.6251,39.1328],[23.6247,39.1318],[23.6172,39.1255],[23.6151,39.1255],[23.6122,39.1266],[23.6105,39.1307],[23.6104,39.1318],[23.6112,39.1328],[23.6113,39.1339],[23.6096,39.1359],[23.6109,39.1372],[23.6133,39.138],[23.6092,39.1411],[23.6088,39.1432],[23.6095,39.1453],[23.6105,39.1464],[23.6094,39.1505],[23.6102,39.1536],[23.6109,39.1542],[23.612,39.1526],[23.6125,39.1536],[23.612,39.1547],[23.613,39.1549],[23.6136,39.1557],[23.613,39.1567],[23.612,39.1568],[23.613,39.1572],[23.613,39.1583],[23.6114,39.1589],[23.6097,39.1609],[23.607,39.162],[23.6068,39.1632],[23.6036,39.1617],[23.5998,39.1578],[23.5991,39.1547],[23.5995,39.1536],[23.6003,39.1547],[23.6008,39.1547],[23.6012,39.1516],[23.6022,39.1495],[23.6019,39.1484],[23.6022,39.1474],[23.5999,39.1453],[23.5997,39.1443],[23.5964,39.1428],[23.5953,39.1434],[23.5943,39.1428],[23.5911,39.1435],[23.5888,39.1453],[23.5876,39.1484],[23.588,39.1494],[23.5891,39.1489],[23.5894,39.1505],[23.5886,39.1516],[23.589,39.1536],[23.5911,39.1592],[23.5943,39.1603],[23.5953,39.1598],[23.5964,39.1602],[23.5974,39.1599],[23.5984,39.1613],[23.5995,39.1619],[23.6005,39.1615],[23.6016,39.162],[23.6026,39.163],[23.6035,39.1661],[23.6017,39.1672],[23.6035,39.1682],[23.6038,39.1693],[23.6024,39.1714],[23.6024,39.1734],[23.6012,39.1745],[23.6008,39.1766],[23.5986,39.1797],[23.5986,39.1807],[23.5959,39.1859],[23.5922,39.1909],[23.591,39.1911],[23.588,39.1954],[23.5867,39.1984],[23.5859,39.2021],[23.5862,39.2036],[23.5911,39.2104],[23.5932,39.2116],[23.5964,39.2116],[23.5984,39.2124],[23.6016,39.2125],[23.6026,39.2135],[23.6057,39.2129],[23.6078,39.2133],[23.612,39.2132],[23.6134,39.212],[23.6134,39.2109],[23.6141,39.21],[23.6152,39.2099],[23.6151,39.2089],[23.6163,39.2078],[23.6164,39.2036],[23.6182,39.2018],[23.6203,39.2016],[23.6214,39.2006],[23.6266,39.2006],[23.6297,39.1988],[23.6328,39.1986],[23.6349,39.1966],[23.637,39.1965],[23.638,39.1957],[23.6385,39.1943],[23.6417,39.1911],[23.6422,39.19],[23.6425,39.1849],[23.6433,39.1839],[23.6464,39.1808],[23.6484,39.1797],[23.6495,39.1785],[23.6547,39.1771],[23.6555,39.1755],[23.6555,39.1745],[23.6568,39.1727],[23.6576,39.1724],[23.658,39.1714],[23.6589,39.1709],[23.6609,39.171],[23.662,39.17],[23.663,39.1706],[23.6641,39.1704],[23.6651,39.1696],[23.6734,39.1675],[23.6802,39.163],[23.6807,39.1622],[23.6828,39.1611],[23.6891,39.1615],[23.6943,39.1612],[23.6984,39.1576],[23.7016,39.1561],[23.7047,39.1559],[23.7078,39.1541],[23.7104,39.1536],[23.7109,39.1532],[23.7115,39.1536],[23.7151,39.1537],[23.7193,39.1495],[23.7234,39.1499],[23.7266,39.1477],[23.7272,39.1464],[23.7258,39.1422],[23.7276,39.1403],[23.7297,39.1401],[23.7315,39.1391],[23.7328,39.1359],[23.7327,39.1339],[23.7339,39.1321],[23.7391,39.1322],[23.743,39.1339],[23.7484,39.135],[23.7526,39.1341],[23.7547,39.1342],[23.7578,39.1331],[23.7651,39.1322],[23.7724,39.1335],[23.7797,39.1324],[23.7839,39.1335],[23.787,39.1328],[23.788,39.1322],[23.7891,39.1325],[23.7901,39.1316],[23.7911,39.132],[23.7918,39.1328],[23.7918,39.1339],[23.7932,39.1358],[23.7953,39.1362],[23.7974,39.1384],[23.8068,39.1429],[23.8089,39.1434],[23.812,39.1434],[23.813,39.1432],[23.8141,39.1422],[23.8137,39.138],[23.8114,39.1349],[23.8122,39.1339],[23.8124,39.1328],[23.8109,39.1317],[23.8089,39.1282],[23.8068,39.127],[23.8047,39.1267],[23.8016,39.1279],[23.7995,39.1276],[23.7953,39.1259],[23.795,39.1245],[23.7956,39.1224],[23.7949,39.1214],[23.7967,39.1193],[23.7962,39.1172],[23.7947,39.1151],[23.7933,39.1141],[23.7928,39.112],[23.7884,39.1078],[23.7886,39.1057],[23.7871,39.1026],[23.7828,39.099],[23.7824,39.0974],[23.7809,39.0953],[23.7776,39.0928],[23.7729,39.087],[23.7682,39.0839],[23.7641,39.0835],[23.7599,39.0837],[23.7568,39.0811],[23.7516,39.0792],[23.7505,39.0791],[23.7484,39.0806],[23.747,39.0797],[23.7456,39.0776],[23.7422,39.074],[23.7359,39.071],[23.7339,39.0693],[23.7297,39.0693],[23.7286,39.0682],[23.7266,39.0682],[23.7255,39.0692],[23.7224,39.0662]],[[23.9526,39.0637],[23.9495,39.064],[23.9482,39.0651],[23.9477,39.0672],[23.9484,39.0696],[23.9521,39.0734],[23.9527,39.0755],[23.9536,39.0761],[23.9542,39.0776],[23.958,39.0786],[23.9609,39.0805],[23.9612,39.0797],[23.9605,39.0786],[23.9612,39.0766],[23.9611,39.0734],[23.9599,39.0714],[23.9557,39.0665],[23.956,39.0651],[23.9547,39.0653],[23.9526,39.0637]],[[23.3953,39.0057],[23.3909,39.0057],[23.3887,39.0068],[23.3889,39.0078],[23.3922,39.0099],[23.3943,39.0099],[23.3953,39.009],[23.3964,39.0089],[23.3965,39.0068],[23.3953,39.0057]]]]}},{"type":"Feature","properties":{"depth":20,"kind":"isobath"},"geometry":{"type":"MultiLineString","coordinates":[[[23.9796,39.963],[23.9781,39.963],[23.9786,39.962]],[[23.992,39.962],[23.9927,39.963],[23.992,39.9641],[23.9911,39.9641],[23.9901,39.9648],[23.9876,39.963],[23.9883,39.962],[23.9901,39.9612]],[[23.9984,39.9609],[23.9974,39.9612],[23.9974,39.9602]],[[23.9827,39.9589],[23.9846,39.9609],[23.9845,39.962],[23.9818,39.962],[23.9807,39.963],[23.9798,39.963],[23.9787,39.962],[23.9797,39.962],[23.9807,39.9609],[23.9807,39.9591]],[[23.9145,39.9536],[23.9141,39.9541],[23.9133,39.9536],[23.9141,39.953]],[[23.9814,39.2484],[23.9807,39.2493],[23.9802,39.2484],[23.9807,39.2476]],[[23.9508,39.2161],[23.9505,39.2171],[23.9503,39.2161]],[[23.9593,39.2068],[23.9589,39.2071],[23.9583,39.2068],[23.9589,39.2064]],[[23.9537,39.2057],[23.9528,39.2068],[23.9553,39.2089],[23.9566,39.2109],[23.9568,39.212],[23.9589,39.2142],[23.9602,39.2141],[23.9599,39.2161],[23.9589,39.2166],[23.9578,39.2161],[23.9589,39.2177],[23.9599,39.2182],[23.959,39.2214],[23.9568,39.2222],[23.9547,39.2222],[23.9536,39.2228],[23.9526,39.2227],[23.9508,39.2203],[23.9505,39.2193],[23.9509,39.2182],[23.9505,39.2172],[23.9518,39.2161],[23.9504,39.213],[23.9512,39.212],[23.9501,39.2109],[23.9508,39.2089],[23.9519,39.2078],[23.9517,39.2057],[23.9526,39.2054]],[[23.9518,39.2047],[23.9516,39.2056],[23.9516,39.2044]],[[23.2028,39.187],[23.2026,39.1874],[23.2022,39.187],[23.2026,39.1867]],[[23.0619,39.1807],[23.0609,39.1811],[23.0609,39.1799]],[[23.0658,39.1714],[23.0651,39.1719],[23.0648,39.1714],[23.0651,39.1707]],[[23.3853,39.1682],[23.3849,39.1693],[23.3845,39.1682],[23.3849,39.1675]],[[23.1906,39.1672],[23.1901,39.1676],[23.1898,39.1672],[23.1901,39.1669]],[[23.6044,39.1672],[23.6036,39.1681],[23.6031,39.1672],[23.6036,39.1664]],[[23.9479,39.1661],[23.9474,39.1667],[23.9469,39.1661],[23.9474,39.1656]],[[23.3553,39.1599],[23.3543,39.1599],[23.3547,39.159]],[[23.3583,39.1568],[23.3578,39.1573],[23.357,39.1568],[23.3578,39.1564]],[[23.615,39.1568],[23.6141,39.1576],[23.6131,39.1568],[23.6141,39.1562]],[[23.3396,39.1536],[23.3391,39.1545],[23.3385,39.1536],[23.3391,39.1528]],[[23.3387,39.1526],[23.3372,39.1526],[23.338,39.1522]],[[23.3677,39.1526],[23.3672,39.1531],[23.3664,39.1526],[23.3672,39.1522]],[[23.3364,39.1516],[23.3359,39.152],[23.3351,39.1516],[23.3359,39.151]],[[23.3646,39.1516],[23.3641,39.1522],[23.3631,39.1516],[23.3641,39.151]],[[23.5905,39.1516],[23.5901,39.152],[23.5895,39.1516],[23.5901,39.1508]],[[23.3632,39.1505],[23.363,39.1511],[23.363,39.1501]],[[23.34,39.1474],[23.3391,39.1479],[23.3386,39.1474],[23.3391,39.1468]],[[23.3509,39.1443],[23.3516,39.1456],[23.3526,39.1443],[23.3536,39.1469],[23.3547,39.1474],[23.3547,39.1485],[23.3557,39.1486],[23.3568,39.1495],[23.3589,39.1476],[23.3592,39.1484],[23.3589,39.1495],[23.3599,39.1498],[23.3609,39.151],[23.3628,39.1516],[23.3609,39.1522],[23.3578,39.1509],[23.3557,39.1518],[23.3547,39.1533],[23.3536,39.1532],[23.3534,39.1536],[23.3547,39.1543],[23.3557,39.153],[23.358,39.1547],[23.3553,39.1557],[23.3573,39.1578],[23.3568,39.1584],[23.3547,39.1576],[23.3536,39.1565],[23.3533,39.1568],[23.3544,39.1578],[23.3547,39.1589],[23.3536,39.1597],[23.3526,39.1593],[23.3516,39.158],[23.3508,39.1589],[23.352,39.1599],[23.3521,39.162],[23.3516,39.1621],[23.3474,39.1594],[23.3464,39.16],[23.3453,39.1594],[23.3422,39.1563],[23.3411,39.1568],[23.3392,39.1547],[23.3401,39.1541],[23.3411,39.1551],[23.3412,39.1547],[23.3401,39.1529],[23.3394,39.1526],[23.3391,39.1512],[23.338,39.1512],[23.3371,39.1505],[23.339,39.1495],[23.3401,39.1474],[23.3411,39.1497],[23.3422,39.1489],[23.3443,39.1492],[23.3453,39.1517],[23.3464,39.1499],[23.3474,39.1495],[23.3438,39.1453],[23.3443,39.1443],[23.3453,39.1448],[23.3474,39.1438],[23.3484,39.1439],[23.3495,39.1447]],[[23.6196,39.1443],[23.6193,39.1447],[23.6188,39.1443]],[[23.5132,39.1422],[23.5128,39.1422],[23.513,39.1418]],[[23.5124,39.1391],[23.512,39.1398],[23.5113,39.1391],[23.512,39.1384]],[[23.1292,39.138],[23.1286,39.1386],[23.1279,39.138],[23.1286,39.1377]],[[23.135,39.138],[23.1349,39.1391],[23.1344,39.138]],[[23.1451,39.137],[23.1443,39.1378],[23.1438,39.137],[23.1443,39.1363]],[[23.1455,39.1359],[23.1453,39.1363],[23.145,39.1359]],[[23.1363,39.1349],[23.1359,39.1354],[23.1356,39.1349],[23.1359,39.1342]],[[23.1388,39.1307],[23.138,39.1315],[23.1374,39.1307],[23.138,39.1301]],[[23.1304,39.1297],[23.1297,39.1301],[23.1291,39.1297],[23.1297,39.1294]],[[23.1442,39.1297],[23.1432,39.1302],[23.1425,39.1297],[23.1432,39.1289]],[[23.4737,39.1297],[23.4745,39.1303],[23.4767,39.1307],[23.4778,39.1339],[23.4755,39.1342],[23.4734,39.1333],[23.4729,39.1318],[23.4712,39.1297],[23.4724,39.1288]],[[23.1445,39.1286],[23.1443,39.1296],[23.1436,39.1286]],[[23.2107,39.1203],[23.2099,39.1203],[23.2099,39.1195]],[[23.1293,39.1161],[23.1328,39.1188],[23.1342,39.1203],[23.1344,39.1214],[23.1356,39.1224],[23.1355,39.1234],[23.1346,39.1245],[23.1349,39.1249],[23.1359,39.1239],[23.137,39.1239],[23.138,39.1254],[23.1401,39.1237],[23.1422,39.1232],[23.1443,39.1235],[23.1451,39.1245],[23.1431,39.1286],[23.1411,39.1299],[23.1391,39.1302],[23.138,39.1295],[23.1353,39.1318],[23.1356,39.1339],[23.1349,39.1342],[23.1322,39.1318],[23.1286,39.1265],[23.1284,39.1276],[23.1294,39.1286],[23.1286,39.1296],[23.1276,39.129],[23.1255,39.129],[23.1233,39.1276],[23.1237,39.1266],[23.1224,39.126],[23.1221,39.1245],[23.1212,39.1234],[23.1225,39.1193],[23.1245,39.1184],[23.1243,39.1172],[23.1255,39.1153],[23.1276,39.1162],[23.1286,39.1159]],[[23.2289,39.1151],[23.2286,39.1157],[23.2285,39.1151]],[[23.6471,39.113],[23.6464,39.1136],[23.6457,39.113],[23.6464,39.1122]],[[23.7879,39.1089],[23.787,39.1092],[23.7867,39.1089]],[[23.1549,39.0839],[23.1545,39.0839],[23.1547,39.0834]],[[23.117,39.0828],[23.117,39.0839],[23.1161,39.0839],[23.1156,39.0828],[23.1161,39.082]],[[23.1363,39.0797],[23.1356,39.0797],[23.1359,39.0792]],[[23.3354,39.0307],[23.3349,39.0311],[23.3346,39.0307],[23.3349,39.0303]],[[23.0327,39.0057],[23.0318,39.0064],[23.0308,39.0057],[23.0318,39.005]],[[23.384,39.0057],[23.3839,39.0063],[23.3835,39.0057]],[[23.3842,39.0036],[23.3839,39.0041],[23.3837,39.0036]],[[23.0579,39.0005],[23.0531,39.0036],[23.0529,39.0057],[23.0484,39.0045],[23.0505,39.0078],[23.0495,39.008],[23.0484,39.0074],[23.0474,39.0089],[23.0454,39.0099],[23.0443,39.0113],[23.0432,39.0107],[23.0401,39.011],[23.0359,39.0078],[23.0328,39.007],[23.033,39.0057],[23.0318,39.0042],[23.0297,39.004],[23.0294,39.0026],[23.0277,39.0005]],[[23.0603,39.0005],[23.0596,39.0005]],[[23.9995,39.2199],[23.9984,39.2198],[23.9974,39.2207],[23.9964,39.2208],[23.9932,39.2232],[23.9933,39.2245],[23.9921,39.2276],[23.9928,39.2286],[23.9932,39.2307],[23.9955,39.2339],[23.9956,39.2359],[23.9964,39.2379],[23.9979,39.238],[23.9981,39.2391],[23.9995,39.2401]],[[23.9995,39.9638],[23.9979,39.962],[23.9984,39.9609],[23.998,39.9599],[23.999,39.9578],[23.9987,39.9526],[23.9978,39.9516],[23.9964,39.9514],[23.9953,39.9505],[23.9943,39.951],[23.9926,39.9495],[23.9932,39.9484],[23.9922,39.9471],[23.9911,39.9471],[23.9901,39.9464],[23.9891,39.9476],[23.9891,39.9464],[23.988,39.9453],[23.9859,39.9451],[23.9849,39.946],[23.9849,39.9453],[23.9839,39.9443],[23.9818,39.9443],[23.9807,39.9432],[23.9776,39.9432],[23.9766,39.9441],[23.9661,39.944],[23.9651,39.9442],[23.9641,39.9453],[23.963,39.9453],[23.9599,39.941],[23.9547,39.9401],[23.9529,39.9391],[23.9526,39.937],[23.9495,39.9349],[23.9422,39.9349],[23.9411,39.9359],[23.9411,39.9374],[23.9391,39.9377],[23.9359,39.9375],[23.9349,39.9367],[23.9339,39.9366],[23.9318,39.9349],[23.9297,39.9349],[23.9286,39.9359],[23.9276,39.9349],[23.9266,39.9359],[23.9273,39.937],[23.9268,39.938],[23.9275,39.9401],[23.9266,39.9425],[23.9245,39.943],[23.9234,39.9437],[23.9224,39.9431],[23.9214,39.9439],[23.9182,39.944],[23.9172,39.9447],[23.9163,39.9464],[23.9156,39.9495],[23.9146,39.9505],[23.9148,39.9516],[23.9128,39.9536],[23.9125,39.9547],[23.912,39.955],[23.9099,39.9531],[23.9026,39.9566],[23.8995,39.9591],[23.8984,39.9591],[23.8964,39.9603],[23.896,39.9609],[23.8976,39.963],[23.897,39.9672],[23.8961,39.9682],[23.8968,39.9693],[23.8965,39.9703],[23.8975,39.9786],[23.8964,39.9826],[23.8943,39.9857],[23.8922,39.9865],[23.8911,39.9859],[23.888,39.9891],[23.8828,39.9917],[23.8786,39.9926],[23.8745,39.9927],[23.8734,39.9922],[23.8714,39.9925],[23.8672,39.9957],[23.8648,39.9984]],[[23.6034,39.9995],[23.6151,39.9979],[23.6218,39.9943],[23.6245,39.9915],[23.6286,39.9891],[23.6328,39.9885],[23.637,39.9872],[23.6401,39.9878],[23.6411,39.9885],[23.6453,39.9887],[23.6499,39.988],[23.6557,39.9864],[23.6651,39.9856],[23.6661,39.9846],[23.6672,39.9845],[23.6703,39.9824],[23.6734,39.9798],[23.6807,39.9766],[23.6832,39.9734],[23.6845,39.9651],[23.688,39.9599],[23.6887,39.9547],[23.69,39.9505],[23.6912,39.9484],[23.6909,39.9464],[23.6901,39.9453],[23.6908,39.9432],[23.6955,39.938],[23.6995,39.936],[23.7026,39.9348],[23.7089,39.9335],[23.7297,39.9354],[23.7339,39.9371],[23.7401,39.9364],[23.7453,39.9366],[23.7464,39.9371],[23.7487,39.9359],[23.7515,39.9307],[23.752,39.9255],[23.7527,39.9245],[23.753,39.9182],[23.7526,39.9149],[23.7505,39.9141],[23.7438,39.9141],[23.7401,39.912],[23.7391,39.912],[23.7371,39.913],[23.7349,39.9125],[23.7339,39.913],[23.7274,39.9109],[23.7234,39.9086],[23.7187,39.9078],[23.7172,39.9065],[23.7161,39.9065],[23.713,39.9068],[23.7117,39.9078],[23.7057,39.9078],[23.7047,39.9086],[23.7016,39.9089],[23.7005,39.9096],[23.6984,39.9097],[23.6953,39.9118],[23.6922,39.9129],[23.6901,39.9149],[23.6901,39.9141],[23.6891,39.913],[23.688,39.9141],[23.6807,39.9141],[23.6797,39.913],[23.6745,39.913],[23.6734,39.9135],[23.6693,39.9129],[23.6599,39.9127],[23.6568,39.9118],[23.6536,39.9118],[23.6516,39.9125],[23.638,39.9128],[23.637,39.9132],[23.6349,39.9127],[23.6276,39.9128],[23.6266,39.9129],[23.6234,39.9148],[23.6224,39.9149],[23.6214,39.9157],[23.6193,39.9159],[23.6182,39.9167],[23.613,39.917],[23.612,39.9179],[23.6078,39.9181],[23.6068,39.919],[23.6047,39.9191],[23.6036,39.9199],[23.6026,39.92],[23.6016,39.9193],[23.5974,39.9193],[23.5964,39.9203],[23.5911,39.9202],[23.588,39.923],[23.5849,39.9233],[23.5828,39.9249],[23.5755,39.9276],[23.563,39.9284],[23.562,39.9291],[23.5599,39.9295],[23.5589,39.9303],[23.5536,39.9316],[23.5526,39.9324],[23.5474,39.9337],[23.5464,39.9346],[23.5451,39.9349],[23.5432,39.9366],[23.5411,39.9368],[23.538,39.9388],[23.5359,39.9389],[23.5349,39.9398],[23.5328,39.9399],[23.5276,39.9427],[23.5245,39.943],[23.5214,39.9447],[23.5161,39.9461],[23.513,39.9479],[23.5109,39.9482],[23.5099,39.9489],[23.5068,39.9491],[23.5057,39.95],[23.5047,39.9499],[23.5036,39.9512],[23.5021,39.9516],[23.5016,39.9521],[23.4974,39.9535],[23.4964,39.9543],[23.4932,39.9546],[23.4911,39.9564],[23.4891,39.9567],[23.488,39.9574],[23.4828,39.9588],[23.4766,39.9586],[23.4745,39.958],[23.4723,39.9589],[23.4672,39.9622],[23.462,39.9631],[23.4536,39.9633],[23.4495,39.9641],[23.4391,39.9639],[23.4339,39.9626],[23.4276,39.96],[23.4214,39.9566],[23.4151,39.9543],[23.3953,39.9541],[23.3839,39.956],[23.3786,39.9563],[23.3745,39.9559],[23.3693,39.954],[23.3641,39.9528],[23.3589,39.9504],[23.3568,39.9501],[23.3536,39.9503],[23.3506,39.9526],[23.3496,39.9547],[23.3496,39.9568],[23.3515,39.962],[23.3518,39.9651],[23.3552,39.9714],[23.3575,39.9734],[23.3578,39.9745],[23.3589,39.9744],[23.3608,39.9766],[23.3641,39.9818],[23.3698,39.9953],[23.3704,39.9974]],[[23.0005,39.5532],[23.0036,39.554],[23.0047,39.5538],[23.0078,39.5512],[23.0086,39.5495],[23.0089,39.5464],[23.0143,39.5411],[23.0161,39.538],[23.0186,39.5359],[23.0184,39.5349],[23.0234,39.5321],[23.0297,39.5299],[23.0339,39.5302],[23.0373,39.5328],[23.0411,39.5334],[23.0484,39.5329],[23.0526,39.5314],[23.0557,39.5299],[23.0573,39.5286],[23.0589,39.5245],[23.0584,39.5234],[23.0609,39.5215],[23.0693,39.5184],[23.0734,39.5145],[23.0755,39.5134],[23.0777,39.513],[23.0902,39.5068],[23.0943,39.5029],[23.0967,39.5016],[23.0995,39.4989],[23.1009,39.4995],[23.1021,39.4974],[23.1016,39.4964],[23.1016,39.4953],[23.1037,39.4932],[23.1059,39.488],[23.1078,39.4863],[23.1094,39.4839],[23.1089,39.4828],[23.1099,39.4811],[23.112,39.479],[23.113,39.4786],[23.1132,39.4776],[23.1147,39.4755],[23.1183,39.4724],[23.1208,39.4661],[23.1252,39.4599],[23.1287,39.4568],[23.1291,39.4557],[23.1349,39.4507],[23.1391,39.4484],[23.1411,39.4445],[23.1453,39.4422],[23.1454,39.4411],[23.1484,39.439],[23.1495,39.4372],[23.1526,39.4341],[23.1557,39.4328],[23.1578,39.43],[23.1612,39.4286],[23.162,39.4268],[23.1651,39.4235],[23.1729,39.4172],[23.174,39.4151],[23.1741,39.4141],[23.1755,39.4121],[23.1797,39.4101],[23.1818,39.4103],[23.1828,39.4099],[23.1859,39.4074],[23.1871,39.4047],[23.188,39.4038],[23.1891,39.4035],[23.1901,39.4039],[23.1922,39.4027],[23.1932,39.4027],[23.1964,39.4001],[23.1974,39.3984],[23.1979,39.3953],[23.1989,39.3943],[23.1984,39.3932],[23.1998,39.3911],[23.1995,39.3904],[23.1987,39.3901],[23.2026,39.386],[23.2038,39.3859],[23.2041,39.3849],[23.2052,39.3839],[23.2055,39.3828],[23.2046,39.3818],[23.2084,39.3766],[23.2092,39.3703],[23.2109,39.3683],[23.2147,39.3661],[23.2193,39.3613],[23.2224,39.3604],[23.2234,39.3597],[23.2245,39.3578],[23.2244,39.3547],[23.2255,39.3529],[23.2328,39.3489],[23.2349,39.3484],[23.2359,39.3474],[23.2364,39.3453],[23.2401,39.343],[23.2437,39.3422],[23.2453,39.3409],[23.2516,39.3394],[23.2571,39.337],[23.262,39.3333],[23.2642,39.3297],[23.2672,39.3265],[23.2682,39.3256],[23.2714,39.3246],[23.2734,39.3229],[23.2755,39.3185],[23.2786,39.3148],[23.2807,39.309],[23.2807,39.3068],[23.2816,39.3047],[23.281,39.3036],[23.2811,39.2995],[23.2866,39.2932],[23.2886,39.2901],[23.289,39.288],[23.2901,39.2863],[23.2903,39.2797],[23.2913,39.2776],[23.2964,39.273],[23.3016,39.2703],[23.3036,39.2687],[23.3057,39.2684],[23.3102,39.2661],[23.3132,39.263],[23.3153,39.2599],[23.3185,39.2568],[23.319,39.2547],[23.3227,39.2505],[23.3235,39.2484],[23.3238,39.2464],[23.3248,39.2443],[23.325,39.2401],[23.3257,39.238],[23.3307,39.2331],[23.3318,39.2328],[23.3328,39.2282],[23.3349,39.2276],[23.3349,39.2266],[23.3357,39.2255],[23.3349,39.2245],[23.3356,39.2224],[23.3352,39.2214],[23.3366,39.2193],[23.3366,39.2172],[23.3414,39.213],[23.3414,39.2099],[23.3449,39.2068],[23.3454,39.2057],[23.3456,39.2036],[23.347,39.2016],[23.3554,39.1932],[23.3579,39.1891],[23.3581,39.188],[23.3576,39.187],[23.3581,39.1859],[23.3621,39.1828],[23.3622,39.1797],[23.3629,39.1776],[23.3651,39.1768],[23.3661,39.1745],[23.3682,39.1753],[23.3693,39.1743],[23.3703,39.1747],[23.3714,39.1741],[23.3724,39.1751],[23.3734,39.1712],[23.3745,39.1721],[23.3766,39.17],[23.3762,39.1724],[23.3766,39.173],[23.3786,39.1701],[23.3797,39.1698],[23.3818,39.1705],[23.3828,39.1694],[23.3839,39.1695],[23.3845,39.1703],[23.3836,39.1714],[23.3859,39.1704],[23.387,39.1714],[23.3891,39.1718],[23.39,39.1734],[23.3932,39.1755],[23.4047,39.1759],[23.4099,39.1777],[23.4141,39.178],[23.4234,39.1805],[23.4273,39.1828],[23.4339,39.1853],[23.4359,39.1865],[23.4373,39.188],[23.4386,39.1922],[23.4386,39.1974],[23.438,39.1995],[23.4397,39.2016],[23.4432,39.2038],[23.4495,39.2052],[23.4536,39.2075],[23.4559,39.2099],[23.457,39.212],[23.4589,39.2133],[23.4609,39.214],[23.4606,39.2151],[23.4617,39.2161],[23.463,39.2159],[23.4641,39.2169],[23.4653,39.2161],[23.4659,39.2151],[23.4646,39.2141],[23.4645,39.213],[23.4651,39.2124],[23.4724,39.2122],[23.4766,39.2141],[23.4797,39.2144],[23.4807,39.2143],[23.4823,39.213],[23.4831,39.212],[23.4832,39.2109],[23.487,39.2071],[23.4891,39.2073],[23.4901,39.2081],[23.4922,39.2081],[23.4932,39.208],[23.4943,39.2065],[23.4953,39.207],[23.4958,39.2068],[23.496,39.2057],[23.4954,39.2036],[23.4973,39.2005],[23.4984,39.1997],[23.4995,39.1995],[23.5005,39.1985],[23.5016,39.1988],[23.5047,39.1983],[23.5099,39.195],[23.5141,39.194],[23.5182,39.1908],[23.519,39.1859],[23.5224,39.1829],[23.5236,39.1807],[23.5238,39.1776],[23.5255,39.1773],[23.5266,39.1779],[23.5276,39.1771],[23.5286,39.1775],[23.5304,39.1734],[23.5306,39.1714],[23.5297,39.1672],[23.5291,39.1661],[23.5256,39.163],[23.5255,39.1616],[23.5234,39.163],[23.5224,39.1616],[23.5214,39.1624],[23.5193,39.1629],[23.5178,39.162],[23.5203,39.1609],[23.5203,39.1598],[23.5234,39.1593],[23.5245,39.16],[23.5246,39.1589],[23.5234,39.158],[23.5233,39.1568],[23.5245,39.1572],[23.5257,39.1557],[23.5248,39.1547],[23.5255,39.1518],[23.5276,39.1523],[23.5294,39.1516],[23.5297,39.1502],[23.5307,39.1501],[23.5328,39.1519],[23.5339,39.152],[23.5354,39.1495],[23.5357,39.1474],[23.5339,39.1445],[23.5297,39.142],[23.5255,39.1416],[23.5234,39.1426],[23.5224,39.142],[23.5214,39.1424],[23.5141,39.1395],[23.5121,39.138],[23.512,39.1373],[23.5109,39.1389],[23.5098,39.137],[23.51,39.1359],[23.5078,39.1339],[23.5071,39.1318],[23.5078,39.1291],[23.509,39.1286],[23.5089,39.1234],[23.5099,39.1214],[23.5092,39.1203],[23.5105,39.1182],[23.5099,39.1141],[23.5089,39.113],[23.5078,39.1139],[23.5016,39.1137],[23.4995,39.1129],[23.4974,39.1137],[23.4932,39.1139],[23.4891,39.116],[23.4849,39.1172],[23.4833,39.1182],[23.4828,39.1198],[23.4797,39.1203],[23.4776,39.123],[23.4758,39.1234],[23.4745,39.1261],[23.4714,39.126],[23.4693,39.1252],[23.4682,39.1257],[23.4672,39.1246],[23.4661,39.1245],[23.4641,39.123],[23.463,39.1237],[23.462,39.1231],[23.4589,39.1234],[23.4571,39.1245],[23.4568,39.1255],[23.4547,39.1262],[23.4492,39.1266],[23.4464,39.1275],[23.4392,39.1328],[23.4391,39.1341],[23.438,39.1344],[23.437,39.1338],[23.4349,39.1356],[23.4328,39.1349],[23.4307,39.1319],[23.4276,39.1319],[23.4267,39.1307],[23.4269,39.1297],[23.4255,39.1282],[23.4224,39.1272],[23.4193,39.1288],[23.4188,39.1297],[23.4193,39.1309],[23.4182,39.1309],[23.4148,39.1349],[23.4104,39.138],[23.4106,39.1391],[23.4068,39.1416],[23.4016,39.1419],[23.3984,39.1387],[23.3953,39.1382],[23.3932,39.1363],[23.3891,39.1369],[23.3866,39.138],[23.3849,39.1394],[23.383,39.1432],[23.3812,39.1443],[23.3813,39.1453],[23.3807,39.1459],[23.3734,39.1508],[23.3714,39.151],[23.3703,39.1501],[23.3693,39.1504],[23.3672,39.1482],[23.3661,39.149],[23.3651,39.1484],[23.363,39.1493],[23.3609,39.1493],[23.3578,39.1465],[23.3574,39.1474],[23.3576,39.1484],[23.3568,39.1494],[23.3558,39.1484],[23.3565,39.1464],[23.3553,39.1443],[23.3557,39.1429],[23.3505,39.1426],[23.3484,39.1418],[23.3464,39.1398],[23.3443,39.1393],[23.3421,39.1401],[23.3401,39.1429],[23.3373,39.1432],[23.3369,39.1474],[23.3362,39.1484],[23.3379,39.1495],[23.337,39.1505],[23.3359,39.1499],[23.3349,39.1514],[23.3339,39.15],[23.3328,39.1503],[23.3318,39.1492],[23.3307,39.1499],[23.3286,39.1476],[23.3271,39.1474],[23.3234,39.145],[23.3214,39.1447],[23.3124,39.1411],[23.3111,39.1401],[23.3111,39.1391],[23.3097,39.137],[23.3078,39.1356],[23.3057,39.1352],[23.3017,39.1359],[23.3005,39.1366],[23.2984,39.1361],[23.2964,39.1347],[23.2953,39.1349],[23.2943,39.134],[23.2911,39.1342],[23.2901,39.1348],[23.2891,39.1344],[23.287,39.1346],[23.2786,39.1316],[23.2776,39.1318],[23.2768,39.1328],[23.2766,39.134],[23.2755,39.1334],[23.2745,39.1338],[23.2734,39.1328],[23.2714,39.1335],[23.2682,39.1318],[23.2641,39.1286],[23.262,39.1281],[23.2589,39.1244],[23.2557,39.1224],[23.2505,39.1205],[23.2464,39.1208],[23.2453,39.1215],[23.2422,39.1191],[23.2401,39.1182],[23.2391,39.118],[23.238,39.1184],[23.237,39.1195],[23.2318,39.1205],[23.2297,39.1213],[23.2286,39.1212],[23.2245,39.1238],[23.2231,39.1266],[23.2224,39.1269],[23.2214,39.1266],[23.2203,39.125],[23.213,39.1215],[23.2106,39.1193],[23.2108,39.1182],[23.2161,39.1188],[23.2182,39.1173],[23.2214,39.1171],[23.2245,39.116],[23.2255,39.1162],[23.2266,39.1149],[23.2286,39.1162],[23.2307,39.1153],[23.2307,39.1131],[23.2328,39.1138],[23.2321,39.1089],[23.2306,39.1068],[23.2281,39.1047],[23.2152,39.0974],[23.2099,39.092],[23.2088,39.0911],[23.2057,39.0902],[23.2036,39.0899],[23.1995,39.0909],[23.1984,39.0902],[23.1964,39.0905],[23.1922,39.0922],[23.1935,39.0932],[23.1911,39.096],[23.1891,39.0957],[23.188,39.0949],[23.187,39.0963],[23.1849,39.0957],[23.1818,39.096],[23.1807,39.0958],[23.1786,39.0941],[23.1746,39.0932],[23.1714,39.0908],[23.1693,39.0903],[23.169,39.0901],[23.1698,39.0891],[23.1679,39.088],[23.1674,39.087],[23.1661,39.087],[23.1641,39.0851],[23.1609,39.0843],[23.1557,39.0819],[23.1527,39.0839],[23.1505,39.0861],[23.1484,39.0847],[23.1453,39.0852],[23.1422,39.0849],[23.1406,39.0839],[23.1391,39.0814],[23.1378,39.0807],[23.1375,39.0797],[23.1359,39.0783],[23.1349,39.0788],[23.1339,39.0784],[23.1328,39.079],[23.1318,39.0786],[23.1307,39.0794],[23.1234,39.0772],[23.1193,39.078],[23.118,39.0797],[23.1182,39.081],[23.1172,39.0821],[23.1151,39.0799],[23.1141,39.0813],[23.113,39.0794],[23.112,39.0788],[23.1068,39.0797],[23.1016,39.0818],[23.0984,39.082],[23.0943,39.0803],[23.087,39.0799],[23.0839,39.0792],[23.0797,39.079],[23.0766,39.0796],[23.0724,39.0818],[23.0703,39.0846],[23.0698,39.088],[23.0676,39.0901],[23.0661,39.0891],[23.0651,39.0891],[23.0641,39.0901],[23.0641,39.0908],[23.0641,39.0901],[23.063,39.0891],[23.062,39.0901],[23.0599,39.0895],[23.0584,39.0901],[23.0564,39.0932],[23.0526,39.0932],[23.0516,39.0943],[23.0505,39.0942],[23.0483,39.0953],[23.0487,39.0995],[23.0485,39.1016],[23.0511,39.1047],[23.0526,39.108],[23.0569,39.112],[23.0599,39.1137],[23.0612,39.1161],[23.0615,39.1172],[23.0615,39.1224],[23.0627,39.1255],[23.0629,39.1286],[23.0615,39.1349],[23.0627,39.138],[23.0655,39.1401],[23.0662,39.1411],[23.0662,39.1422],[23.0662,39.1432],[23.0651,39.1452],[23.0642,39.1464],[23.062,39.1469],[23.0617,39.1484],[23.0609,39.1495],[23.0617,39.1516],[23.0613,39.1547],[23.0614,39.1568],[23.0622,39.1578],[23.0619,39.1599],[23.0628,39.1609],[23.0626,39.163],[23.0606,39.1651],[23.0613,39.1661],[23.0609,39.1665],[23.0582,39.1661],[23.0585,39.1672],[23.0565,39.1682],[23.0557,39.1694],[23.0536,39.171],[23.0505,39.1719],[23.0495,39.1713],[23.0464,39.1738],[23.0447,39.1745],[23.0442,39.1755],[23.0445,39.1776],[23.0474,39.1818],[23.0542,39.1859],[23.0551,39.1859],[23.0557,39.1853],[23.0559,39.1859],[23.0568,39.1865],[23.0589,39.1859],[23.0609,39.1859],[23.0622,39.1818],[23.062,39.1807],[23.0598,39.1776],[23.0601,39.1766],[23.0609,39.1758],[23.0641,39.1762],[23.0647,39.1755],[23.0639,39.1734],[23.0641,39.1721],[23.0651,39.1728],[23.0661,39.1716],[23.0672,39.1717],[23.0682,39.1707],[23.0693,39.1712],[23.0703,39.1706],[23.0714,39.1707],[23.0724,39.1715],[23.0745,39.1719],[23.0785,39.1745],[23.0818,39.1756],[23.085,39.1745],[23.0855,39.1734],[23.0851,39.1714],[23.0859,39.171],[23.0901,39.1709],[23.0932,39.1717],[23.0974,39.1721],[23.0984,39.1718],[23.1002,39.1703],[23.1009,39.1682],[23.1021,39.1672],[23.1026,39.1655],[23.1036,39.1653],[23.1047,39.1644],[23.1089,39.1653],[23.1109,39.165],[23.112,39.1641],[23.1124,39.163],[23.1138,39.1578],[23.1134,39.1568],[23.114,39.1557],[23.1172,39.1529],[23.1182,39.1531],[23.1202,39.1516],[23.1234,39.1507],[23.1224,39.1478],[23.12,39.1464],[23.1189,39.1443],[23.121,39.1432],[23.1231,39.1401],[23.1245,39.1395],[23.1266,39.1395],[23.1276,39.1401],[23.1307,39.1406],[23.1339,39.14],[23.1349,39.1406],[23.137,39.1384],[23.1391,39.1379],[23.1404,39.1391],[23.1401,39.1401],[23.142,39.1391],[23.1422,39.1377],[23.1426,39.1391],[23.1453,39.1402],[23.1445,39.138],[23.1453,39.1372],[23.1474,39.1369],[23.149,39.1401],[23.1525,39.1443],[23.1516,39.1449],[23.1505,39.1439],[23.1474,39.1438],[23.1461,39.1443],[23.1464,39.1445],[23.1495,39.146],[23.1505,39.1458],[23.1519,39.1464],[23.1557,39.1502],[23.1578,39.1513],[23.162,39.1496],[23.1703,39.1509],[23.1716,39.1526],[23.1724,39.1557],[23.1745,39.1574],[23.1766,39.1581],[23.1818,39.1623],[23.1841,39.163],[23.187,39.1662],[23.188,39.1664],[23.1884,39.1672],[23.1911,39.1693],[23.1904,39.1703],[23.1904,39.1714],[23.1911,39.1732],[23.1922,39.1743],[23.1932,39.1715],[23.1943,39.1735],[23.1964,39.1706],[23.1974,39.1715],[23.1991,39.1703],[23.1995,39.1692],[23.2011,39.1703],[23.2004,39.1714],[23.2016,39.1719],[23.2017,39.1724],[23.2018,39.1734],[23.2008,39.1745],[23.201,39.1766],[23.2018,39.1776],[23.2011,39.1786],[23.2019,39.1797],[23.2013,39.1818],[23.2021,39.1828],[23.2016,39.1834],[23.1982,39.1839],[23.1982,39.1849],[23.1993,39.187],[23.1983,39.188],[23.2003,39.1901],[23.2001,39.1911],[23.1995,39.1917],[23.1974,39.1909],[23.1969,39.1911],[23.1977,39.1922],[23.1976,39.1932],[23.1964,39.1936],[23.1922,39.1918],[23.1917,39.1932],[23.1922,39.1953],[23.1919,39.1974],[23.1925,39.1995],[23.1922,39.2004],[23.1911,39.2015],[23.19,39.2016],[23.1891,39.2049],[23.188,39.2043],[23.1877,39.2047],[23.1879,39.2068],[23.1865,39.2099],[23.1807,39.2193],[23.1795,39.2224],[23.1776,39.2245],[23.1755,39.2257],[23.1745,39.2273],[23.1735,39.2349],[23.1727,39.2359],[23.1732,39.2391],[23.1743,39.2422],[23.1734,39.2453],[23.1743,39.2474],[23.1734,39.2482],[23.1736,39.2495],[23.1729,39.2516],[23.1724,39.2523],[23.1712,39.2526],[23.1709,39.2547],[23.1716,39.2568],[23.1703,39.2579],[23.1682,39.2569],[23.1672,39.2572],[23.1636,39.2568],[23.1629,39.262],[23.1589,39.2668],[23.1568,39.2719],[23.1526,39.2745],[23.1505,39.2741],[23.1411,39.2845],[23.137,39.2864],[23.1297,39.2871],[23.1266,39.2893],[23.1255,39.2911],[23.1245,39.2918],[23.1203,39.2928],[23.1191,39.2943],[23.1194,39.2964],[23.1188,39.2974],[23.1189,39.2984],[23.1172,39.2999],[23.1099,39.302],[23.1068,39.3018],[23.1057,39.3022],[23.1047,39.3017],[23.1036,39.3021],[23.1016,39.3012],[23.0964,39.3021],[23.0943,39.3039],[23.088,39.3046],[23.0859,39.3061],[23.0849,39.3059],[23.0839,39.3065],[23.0804,39.3068],[23.0786,39.3084],[23.0766,39.3088],[23.0745,39.3085],[23.0724,39.3068],[23.0714,39.3072],[23.0703,39.307],[23.0693,39.306],[23.0661,39.3052],[23.063,39.3059],[23.062,39.3073],[23.0578,39.307],[23.0536,39.3078],[23.0516,39.307],[23.0505,39.3074],[23.0474,39.3066],[23.0464,39.3068],[23.0453,39.308],[23.0443,39.3077],[23.0411,39.3094],[23.0276,39.3091],[23.0245,39.3087],[23.0234,39.3078],[23.0224,39.3084],[23.0214,39.3078],[23.0203,39.3077],[23.0172,39.3083],[23.0161,39.3091],[23.0151,39.3088],[23.0151,39.31],[23.013,39.3104],[23.0078,39.3101],[23.0068,39.3111],[23.0057,39.3105],[23.0054,39.3109],[23.0061,39.313],[23.0055,39.3141],[23.006,39.3151],[23.0057,39.3156],[23.0047,39.3154],[23.0035,39.3161],[23.0036,39.3169],[23.0047,39.317],[23.0063,39.3214],[23.0047,39.3229],[23.0036,39.3233],[23.0034,39.3255],[23.0005,39.3281]],[[23.0017,39.0661],[23.0016,39.0651]],[[23.0005,39.0444],[23.0028,39.0432],[23.0025,39.0422],[23.0036,39.0417],[23.0057,39.0394],[23.0065,39.0391],[23.0067,39.038],[23.008,39.037],[23.0075,39.0359],[23.0078,39.0356],[23.0109,39.0353],[23.013,39.0334],[23.0161,39.0328],[23.0172,39.0331],[23.0182,39.035],[23.0193,39.0351],[23.0224,39.0383],[23.0259,39.038],[23.0339,39.0401],[23.0411,39.0411],[23.0422,39.0418],[23.0432,39.0419],[23.0443,39.0437],[23.0453,39.0439],[23.0464,39.0452],[23.0474,39.0454],[23.0495,39.0457],[23.0516,39.0452],[23.0536,39.0423],[23.0589,39.0415],[23.0661,39.0418],[23.0693,39.0433],[23.0703,39.043],[23.0714,39.0436],[23.0734,39.0434],[23.0737,39.0432],[23.0732,39.0411],[23.0741,39.037],[23.0736,39.0339],[23.0737,39.0318],[23.073,39.0307],[23.0736,39.0297],[23.0724,39.0298],[23.0721,39.0286],[23.0693,39.026],[23.0688,39.0245],[23.0678,39.0234],[23.0673,39.0203],[23.0653,39.0161],[23.0675,39.0141],[23.0693,39.0135],[23.0705,39.0141],[23.0714,39.0153],[23.072,39.0151],[23.0724,39.014],[23.0733,39.0161],[23.0755,39.0169],[23.0776,39.0158],[23.0786,39.0147],[23.0797,39.015],[23.0802,39.0141],[23.0818,39.0132],[23.0829,39.012],[23.0839,39.0097],[23.0859,39.0104],[23.087,39.0101],[23.088,39.0112],[23.0874,39.0099],[23.088,39.0078],[23.0891,39.0083],[23.0897,39.0078],[23.0904,39.0068],[23.0906,39.0047],[23.0921,39.0036],[23.0904,39.0026],[23.0896,39.0016]],[[23.0936,39.0005],[23.093,39.0016],[23.0932,39.0024],[23.0943,39.0023],[23.0947,39.0016],[23.0964,39.0011]],[[23.1104,39.0005],[23.1182,39.0028],[23.1295,39.0109],[23.1349,39.012],[23.1401,39.0121],[23.1443,39.0116],[23.1536,39.0127],[23.1557,39.0122],[23.1568,39.0126],[23.1609,39.0121],[23.1745,39.0119],[23.1807,39.01],[23.1849,39.0092],[23.1974,39.0095],[23.2026,39.0101],[23.2057,39.0113],[23.2078,39.013],[23.209,39.013],[23.2095,39.0141],[23.212,39.0165],[23.2169,39.0203],[23.2234,39.0232],[23.2255,39.0236],[23.2279,39.0255],[23.2332,39.0276],[23.237,39.028],[23.238,39.0285],[23.2474,39.0283],[23.2557,39.0296],[23.2589,39.0314],[23.2651,39.0366],[23.2714,39.038],[23.2745,39.0402],[23.2768,39.0411],[23.2828,39.0423],[23.2891,39.0417],[23.2922,39.0428],[23.2964,39.0432],[23.3026,39.043],[23.3047,39.0425],[23.3068,39.0432],[23.312,39.0434],[23.3161,39.0433],[23.3214,39.0423],[23.3224,39.0424],[23.3234,39.0433],[23.3245,39.0425],[23.3255,39.0427],[23.3274,39.0443],[23.3274,39.0464],[23.3286,39.0477],[23.3338,39.0516],[23.338,39.0518],[23.3406,39.0505],[23.3422,39.0516],[23.3432,39.0505],[23.3427,39.0495],[23.3428,39.0474],[23.3439,39.0453],[23.3464,39.0449],[23.3474,39.044],[23.3484,39.0443],[23.3495,39.0432],[23.3487,39.0422],[23.3487,39.0411],[23.3495,39.0401],[23.3484,39.0389],[23.3464,39.0384],[23.3453,39.037],[23.3411,39.0346],[23.3401,39.0343],[23.3391,39.0352],[23.337,39.033],[23.3359,39.0327],[23.3357,39.0318],[23.3362,39.0307],[23.3355,39.0297],[23.3356,39.0276],[23.3378,39.0234],[23.3401,39.0208],[23.3411,39.0218],[23.3422,39.0217],[23.3428,39.0214],[23.3432,39.0199],[23.3453,39.0194],[23.3464,39.0204],[23.3464,39.0193],[23.3495,39.0179],[23.3516,39.0151],[23.3536,39.0134],[23.3568,39.0126],[23.3599,39.0128],[23.3641,39.0111],[23.3672,39.0104],[23.3766,39.0101],[23.3786,39.0081],[23.3789,39.0068],[23.3797,39.0063],[23.3828,39.006],[23.3839,39.0068],[23.3855,39.0057],[23.3858,39.0047],[23.3841,39.0005]],[[23.1891,39.1696],[23.1891,39.1707],[23.1897,39.1703]],[[23.6005,39.1625],[23.6002,39.163],[23.6012,39.163]],[[23.6036,39.1488],[23.6031,39.1495],[23.6036,39.151],[23.6042,39.1505]],[[23.8516,39.1284],[23.8505,39.1284],[23.8484,39.1304],[23.848,39.1318],[23.8439,39.1359],[23.8432,39.1375],[23.8422,39.138],[23.8401,39.138],[23.8391,39.1394],[23.838,39.14],[23.837,39.1391],[23.8349,39.139],[23.8318,39.137],[23.8307,39.138],[23.8297,39.138],[23.8276,39.1401],[23.8276,39.1422],[23.8266,39.1432],[23.8266,39.1454],[23.8257,39.1474],[23.8254,39.1505],[23.8258,39.1547],[23.8278,39.1578],[23.8328,39.1614],[23.8339,39.1616],[23.8422,39.1654],[23.8464,39.1667],[23.8492,39.1693],[23.8536,39.1751],[23.8557,39.1742],[23.8589,39.1766],[23.8599,39.1766],[23.8589,39.1763],[23.8585,39.1755],[23.8599,39.1749],[23.8609,39.1735],[23.863,39.1732],[23.8672,39.1747],[23.8688,39.1766],[23.8684,39.1776],[23.8687,39.1786],[23.8672,39.1791],[23.8661,39.18],[23.8659,39.1818],[23.8647,39.1828],[23.864,39.1849],[23.863,39.1855],[23.862,39.185],[23.8599,39.1857],[23.8589,39.1854],[23.8587,39.1859],[23.861,39.1901],[23.8609,39.1911],[23.8599,39.1919],[23.8588,39.1911],[23.8588,39.1922],[23.8597,39.1932],[23.8598,39.1943],[23.8609,39.1951],[23.863,39.1948],[23.8641,39.1953],[23.863,39.1964],[23.8599,39.1968],[23.8578,39.1988],[23.8564,39.1995],[23.8568,39.2026],[23.8584,39.2047],[23.8609,39.206],[23.8651,39.207],[23.8661,39.2066],[23.8682,39.208],[23.8724,39.2069],[23.8745,39.2075],[23.8786,39.2126],[23.8795,39.213],[23.8793,39.2151],[23.8824,39.2203],[23.8817,39.2214],[23.8827,39.2224],[23.8839,39.2226],[23.8859,39.2242],[23.8901,39.224],[23.8922,39.2246],[23.9026,39.2308],[23.9068,39.2323],[23.9099,39.2346],[23.912,39.238],[23.9132,39.2391],[23.9125,39.2401],[23.9109,39.241],[23.9109,39.2432],[23.912,39.2443],[23.9126,39.2443],[23.9142,39.2464],[23.9145,39.2474],[23.9141,39.2505],[23.9161,39.2526],[23.9161,39.2547],[23.9182,39.2568],[23.9188,39.2568],[23.9182,39.2578],[23.9193,39.2589],[23.9203,39.258],[23.9203,39.2589],[23.9214,39.2599],[23.9234,39.2599],[23.9245,39.261],[23.9273,39.262],[23.9277,39.263],[23.9297,39.2635],[23.9302,39.2641],[23.9317,39.2672],[23.9336,39.2693],[23.9337,39.2714],[23.9358,39.2745],[23.9359,39.2786],[23.938,39.2789],[23.9422,39.2829],[23.9429,39.2839],[23.9432,39.287],[23.9443,39.288],[23.9443,39.2891],[23.9453,39.2901],[23.9474,39.2901],[23.9474,39.2922],[23.9484,39.2932],[23.9516,39.2932],[23.9526,39.2943],[23.9547,39.2943],[23.9557,39.2953],[23.9568,39.2943],[23.9568,39.2932],[23.9557,39.2922],[23.9568,39.2911],[23.9589,39.2908],[23.9599,39.2891],[23.9599,39.287],[23.9579,39.2849],[23.9589,39.2849],[23.9599,39.2839],[23.9589,39.2828],[23.9599,39.2818],[23.9547,39.276],[23.9531,39.2755],[23.9521,39.2745],[23.9547,39.2745],[23.9578,39.2766],[23.9593,39.2755],[23.9599,39.2745],[23.9595,39.2734],[23.9599,39.2729],[23.962,39.2745],[23.963,39.2745],[23.9641,39.2734],[23.9651,39.2734],[23.9672,39.2714],[23.9672,39.2724],[23.9682,39.2734],[23.9693,39.2724],[23.9703,39.2734],[23.9745,39.2734],[23.9755,39.2724],[23.9766,39.2724],[23.9786,39.2703],[23.9791,39.2693],[23.9807,39.2693],[23.9839,39.2693],[23.9839,39.2714],[23.9849,39.2724],[23.987,39.2709],[23.987,39.2714],[23.9901,39.2745],[23.9911,39.2745],[23.9922,39.2734],[23.9911,39.2724],[23.9911,39.2703],[23.9891,39.2667],[23.9879,39.2661],[23.9879,39.2651],[23.9862,39.2609],[23.9824,39.2536],[23.9824,39.2526],[23.9815,39.2516],[23.982,39.2505],[23.9809,39.2495],[23.9819,39.2484],[23.9807,39.2473],[23.9786,39.2486],[23.9776,39.2469],[23.9718,39.2443],[23.9713,39.2422],[23.9724,39.2415],[23.9745,39.2412],[23.9755,39.2414],[23.9766,39.2427],[23.9786,39.2413],[23.9792,39.2422],[23.9786,39.2433],[23.9803,39.2422],[23.9798,39.2411],[23.9814,39.238],[23.9812,39.2359],[23.9817,39.2339],[23.9811,39.2328],[23.9818,39.232],[23.9828,39.2336],[23.9839,39.2333],[23.9853,39.2307],[23.9854,39.2224],[23.9859,39.2214],[23.9891,39.2186],[23.9911,39.2183],[23.9961,39.213],[23.9961,39.2109],[23.9919,39.2016],[23.9915,39.1995],[23.9913,39.1943],[23.9904,39.1922],[23.9907,39.1911],[23.99,39.1901],[23.9912,39.1859],[23.9913,39.1818],[23.99,39.1766],[23.9877,39.1714],[23.988,39.1693],[23.9872,39.1682],[23.9877,39.1672],[23.987,39.1661],[23.988,39.1641],[23.988,39.163],[23.9879,39.162],[23.987,39.1607],[23.9839,39.1594],[23.9818,39.1591],[23.9797,39.1593],[23.9776,39.1607],[23.9766,39.1609],[23.9724,39.1589],[23.9693,39.1591],[23.967,39.1599],[23.965,39.162],[23.9651,39.1634],[23.9657,39.1641],[23.9651,39.1644],[23.962,39.1634],[23.961,39.162],[23.9612,39.1609],[23.9599,39.1596],[23.9578,39.1599],[23.9557,39.1595],[23.9536,39.1601],[23.9467,39.1641],[23.9468,39.1651],[23.9456,39.1661],[23.9453,39.1673],[23.9432,39.167],[23.9405,39.1693],[23.9405,39.1703],[23.939,39.1714],[23.9389,39.1724],[23.9378,39.1734],[23.9372,39.1776],[23.9349,39.1793],[23.9328,39.1799],[23.9302,39.1786],[23.9294,39.1766],[23.9276,39.1745],[23.9266,39.1741],[23.9234,39.1695],[23.9176,39.1672],[23.9173,39.1651],[23.9161,39.1655],[23.9114,39.1599],[23.9111,39.1589],[23.9095,39.1578],[23.9094,39.1568],[23.9068,39.155],[23.9047,39.1541],[23.9026,39.1541],[23.9016,39.1542],[23.8995,39.1559],[23.8984,39.1557],[23.8943,39.1519],[23.8901,39.1502],[23.8893,39.1484],[23.8859,39.1443],[23.8839,39.1431],[23.8786,39.142],[23.8774,39.1411],[23.8751,39.138],[23.8756,39.1359],[23.8745,39.1356],[23.8743,39.1349],[23.8724,39.1336],[23.8714,39.1339],[23.8672,39.1321],[23.863,39.1329],[23.8599,39.1296],[23.8589,39.13],[23.8568,39.129],[23.8526,39.129]],[[23.2339,39.1181],[23.2332,39.1182],[23.2339,39.1185],[23.2343,39.1182]],[[23.9807,39.0994],[23.9776,39.0999],[23.9766,39.0997],[23.9755,39.1005],[23.9742,39.1005],[23.9736,39.1026],[23.9724,39.1036],[23.9712,39.1057],[23.9723,39.1068],[23.9723,39.1078],[23.9714,39.11],[23.9713,39.113],[23.9748,39.1151],[23.9756,39.1182],[23.9768,39.1203],[23.9764,39.1214],[23.9776,39.1237],[23.9827,39.1297],[23.9901,39.1335],[23.9911,39.1329],[23.9922,39.1334],[23.9932,39.1332],[23.9943,39.134],[23.995,39.1339],[23.9964,39.1323],[23.9967,39.1307],[23.9945,39.1224],[23.9922,39.1189],[23.9879,39.1141],[23.9871,39.1068],[23.9859,39.1036],[23.9839,39.101]],[[23.7224,39.0662],[23.7203,39.0662],[23.7193,39.0672],[23.7189,39.0693],[23.7182,39.0696],[23.7109,39.0693],[23.7099,39.0703],[23.7068,39.0703],[23.7047,39.0724],[23.7045,39.0766],[23.7051,39.0776],[23.7045,39.0786],[23.7045,39.0807],[23.7036,39.0817],[23.6995,39.0822],[23.6974,39.0834],[23.6911,39.0831],[23.6901,39.0825],[23.6839,39.0824],[23.6828,39.0818],[23.6807,39.0818],[23.6797,39.0828],[23.6786,39.0818],[23.6734,39.0818],[23.6724,39.0828],[23.6714,39.0828],[23.6703,39.0839],[23.6703,39.0845],[23.6703,39.0839],[23.6693,39.0828],[23.6672,39.0828],[23.6661,39.0839],[23.6661,39.0848],[23.6641,39.0839],[23.662,39.0839],[23.6609,39.0828],[23.6599,39.0836],[23.6578,39.0818],[23.6568,39.0828],[23.6547,39.0828],[23.6526,39.0849],[23.6526,39.0858],[23.6515,39.0859],[23.6516,39.0871],[23.6548,39.0911],[23.6546,39.0922],[23.6551,39.0932],[23.6541,39.0943],[23.6546,39.0953],[23.6526,39.0984],[23.653,39.1016],[23.6543,39.1036],[23.6542,39.1047],[23.6536,39.1051],[23.6526,39.105],[23.6519,39.1057],[23.653,39.1068],[23.6529,39.1078],[23.6505,39.1086],[23.6474,39.1115],[23.6453,39.1118],[23.6422,39.11],[23.638,39.1118],[23.6359,39.1116],[23.6318,39.1134],[23.6307,39.1129],[23.6288,39.1099],[23.6276,39.1098],[23.6245,39.1108],[23.6234,39.112],[23.6234,39.1133],[23.6245,39.1159],[23.6255,39.1164],[23.6297,39.1167],[23.632,39.1224],[23.634,39.1245],[23.6338,39.1255],[23.6349,39.1249],[23.6359,39.1259],[23.637,39.1245],[23.638,39.1245],[23.6411,39.1222],[23.6432,39.122],[23.6447,39.1224],[23.6465,39.1245],[23.6454,39.1266],[23.6443,39.1264],[23.641,39.1286],[23.6394,39.1349],[23.6395,39.1359],[23.638,39.1359],[23.6359,39.1375],[23.6349,39.1368],[23.634,39.138],[23.6318,39.1382],[23.6295,39.138],[23.63,39.137],[23.6276,39.1356],[23.6251,39.1328],[23.6247,39.1318],[23.6172,39.1255],[23.6151,39.1255],[23.6122,39.1266],[23.6105,39.1307],[23.6104,39.1318],[23.6112,39.1328],[23.6113,39.1339],[23.6096,39.1359],[23.6109,39.1372],[23.6133,39.138],[23.6092,39.1411],[23.6088,39.1432],[23.6095,39.1453],[23.6105,39.1464],[23.6094,39.1505],[23.6102,39.1536],[23.6109,39.1542],[23.612,39.1526],[23.6125,39.1536],[23.612,39.1547],[23.613,39.1549],[23.6136,39.1557],[23.613,39.1567],[23.612,39.1568],[23.613,39.1572],[23.613,39.1583],[23.6114,39.1589],[23.6097,39.1609],[23.607,39.162],[23.6068,39.1632],[23.6036,39.1617],[23.5998,39.1578],[23.5991,39.1547],[23.5995,39.1536],[23.6003,39.1547],[23.6008,39.1547],[23.6012,39.1516],[23.6022,39.1495],[23.6019,39.1484],[23.6022,39.1474],[23.5999,39.1453],[23.5997,39.1443],[23.5964,39.1428],[23.5953,39.1434],[23.5943,39.1428],[23.5911,39.1435],[23.5888,39.1453],[23.5876,39.1484],[23.588,39.1494],[23.5891,39.1489],[23.5894,39.1505],[23.5886,39.1516],[23.589,39.1536],[23.5911,39.1592],[23.5943,39.1603],[23.5953,39.1598],[23.5964,39.1602],[23.5974,39.1599],[23.5984,39.1613],[23.5995,39.1619],[23.6005,39.1615],[23.6016,39.162],[23.6026,39.163],[23.6035,39.1661],[23.6017,39.1672],[23.6035,39.1682],[23.6038,39.1693],[23.6024,39.1714],[23.6024,39.1734],[23.6012,39.1745],[23.6008,39.1766],[23.5986,39.1797],[23.5986,39.1807],[23.5959,39.1859],[23.5922,39.1909],[23.591,39.1911],[23.588,39.1954],[23.5867,39.1984],[23.5859,39.2021],[23.5862,39.2036],[23.5911,39.2104],[23.5932,39.2116],[23.5964,39.2116],[23.5984,39.2124],[23.6016,39.2125],[23.6026,39.2135],[23.6057,39.2129],[23.6078,39.2133],[23.612,39.2132],[23.6134,39.212],[23.6134,39.2109],[23.6141,39.21],[23.6152,39.2099],[23.6151,39.2089],[23.6163,39.2078],[23.6164,39.2036],[23.6182,39.2018],[23.6203,39.2016],[23.6214,39.2006],[23.6266,39.2006],[23.6297,39.1988],[23.6328,39.1986],[23.6349,39.1966],[23.637,39.1965],[23.638,39.1957],[23.6385,39.1943],[23.6417,39.1911],[23.6422,39.19],[23.6425,39.1849],[23.6433,39.1839],[23.6464,39.1808],[23.6484,39.1797],[23.6495,39.1785],[23.6547,39.1771],[23.6555,39.1755],[23.6555,39.1745],[23.6568,39.1727],[23.6576,39.1724],[23.658,39.1714],[23.6589,39.1709],[23.6609,39.171],[23.662,39.17],[23.663,39.1706],[23.6641,39.1704],[23.6651,39.1696],[23.6734,39.1675],[23.6802,39.163],[23.6807,39.1622],[23.6828,39.1611],[23.6891,39.1615],[23.6943,39.1612],[23.6984,39.1576],[23.7016,39.1561],[23.7047,39.1559],[23.7078,39.1541],[23.7104,39.1536],[23.7109,39.1532],[23.7115,39.1536],[23.7151,39.1537],[23.7193,39.1495],[23.7234,39.1499],[23.7266,39.1477],[23.7272,39.1464],[23.7258,39.1422],[23.7276,39.1403],[23.7297,39.1401],[23.7315,39.1391],[23.7328,39.1359],[23.7327,39.1339],[23.7339,39.1321],[23.7391,39.1322],[23.743,39.1339],[23.7484,39.135],[23.7526,39.1341],[23.7547,39.1342],[23.7578,39.1331],[23.7651,39.1322],[23.7724,39.1335],[23.7797,39.1324],[23.7839,39.1335],[23.787,39.1328],[23.788,39.1322],[23.7891,39.1325],[23.7901,39.1316],[23.7911,39.132],[23.7918,39.1328],[23.7918,39.1339],[23.7932,39.1358],[23.7953,39.1362],[23.7974,39.1384],[23.8068,39.1429],[23.8089,39.1434],[23.812,39.1434],[23.813,39.1432],[23.8141,39.1422],[23.8137,39.138],[23.8114,39.1349],[23.8122,39.1339],[23.8124,39.1328],[23.8109,39.1317],[23.8089,39.1282],[23.8068,39.127],[23.8047,39.1267],[23.8016,39.1279],[23.7995,39.1276],[23.7953,39.1259],[23.795,39.1245],[23.7956,39.1224],[23.7949,39.1214],[23.7967,39.1193],[23.7962,39.1172],[23.7947,39.1151],[23.7933,39.1141],[23.7928,39.112],[23.7884,39.1078],[23.7886,39.1057],[23.7871,39.1026],[23.7828,39.099],[23.7824,39.0974],[23.7809,39.0953],[23.7776,39.0928],[23.7729,39.087],[23.7682,39.0839],[23.7641,39.0835],[23.7599,39.0837],[23.7568,39.0811],[23.7516,39.0792],[23.7505,39.0791],[23.7484,39.0806],[23.747,39.0797],[23.7456,39.0776],[23.7422,39.074],[23.7359,39.071],[23.7339,39.0693],[23.7297,39.0693],[23.7286,39.0682],[23.7266,39.0682],[23.7255,39.0692]],[[23.9526,39.0637],[23.9495,39.064],[23.9482,39.0651],[23.9477,39.0672],[23.9484,39.0696],[23.9521,39.0734],[23.9527,39.0755],[23.9536,39.0761],[23.9542,39.0776],[23.958,39.0786],[23.9609,39.0805],[23.9612,39.0797],[23.9605,39.0786],[23.9612,39.0766],[23.9611,39.0734],[23.9599,39.0714],[23.9557,39.0665],[23.956,39.0651],[23.9547,39.0653]],[[23.3953,39.0057],[23.3909,39.0057],[23.3887,39.0068],[23.3889,39.0078],[23.3922,39.0099],[23.3943,39.0099],[23.3953,39.009],[23.3964,39.0089],[23.3965,39.0068]]]}},{"type":"Feature","properties":{"depth":30,"kind":"band"},"geometry":{"type":"MultiPolygon","coordinates":[[[[23.3632,39.9932],[23.363,39.9935],[23.3626,39.9932],[23.363,39.9929],[23.3632,39.9932]]],[[[23.9913,39.962],[23.992,39.963],[23.9911,39.964],[23.9901,39.9645],[23.9879,39.963],[23.9901,39.9615],[23.9913,39.962]]],[[[23.9822,39.9589],[23.9836,39.9599],[23.9842,39.9609],[23.9842,39.962],[23.9818,39.962],[23.9807,39.963],[23.9802,39.963],[23.9791,39.962],[23.9797,39.962],[23.9807,39.9609],[23.9807,39.9595],[23.9822,39.9589]]],[[[24,39.9589],[24,39.962],[23.9995,39.9626],[23.9983,39.962],[23.9991,39.9609],[23.9995,39.9583],[24,39.9589]]],[[[24,39.9557],[23.9995,39.9576],[23.9995,39.9548],[24,39.9557]]],[[[23.9537,39.2745],[23.9555,39.2755],[23.9533,39.2755],[23.9537,39.2745]]],[[[23.9751,39.2422],[23.9773,39.2443],[23.9766,39.245],[23.9745,39.2453],[23.9725,39.2443],[23.9719,39.2432],[23.9734,39.2417],[23.9751,39.2422]]],[[[23.9558,39.212],[23.9565,39.2141],[23.9563,39.2151],[23.9577,39.2172],[23.9575,39.2182],[23.9568,39.2194],[23.9536,39.2193],[23.9526,39.2182],[23.9527,39.2151],[23.9528,39.2141],[23.9542,39.213],[23.9525,39.212],[23.9547,39.2113],[23.9558,39.212]]],[[[23.8633,39.1849],[23.8627,39.1849],[23.863,39.1845],[23.8633,39.1849]]],[[[23.8623,39.1839],[23.861,39.1839],[23.862,39.183],[23.8623,39.1839]]],[[[23.1948,39.1797],[23.1943,39.1803],[23.1939,39.1797],[23.1943,39.1791],[23.1948,39.1797]]],[[[23.1976,39.1786],[23.1972,39.1786],[23.1974,39.1782],[23.1976,39.1786]]],[[[23.1971,39.1776],[23.1952,39.1786],[23.195,39.1776],[23.1953,39.1771],[23.1971,39.1776]]],[[[23.3736,39.1776],[23.3734,39.178],[23.3732,39.1776],[23.3736,39.1776]]],[[[23.1948,39.1766],[23.1943,39.177],[23.194,39.1766],[23.1943,39.1761],[23.1948,39.1766]]],[[[23.8654,39.1766],[23.8652,39.1776],[23.8641,39.1781],[23.8629,39.1776],[23.8624,39.1766],[23.8641,39.1755],[23.8651,39.1759],[23.8654,39.1766]]],[[[23.0497,39.1693],[23.0491,39.1693],[23.0495,39.1689],[23.0497,39.1693]]],[[[23.601,39.1578],[23.6003,39.1578],[23.6005,39.1568],[23.601,39.1578]]],[[[23.3538,39.1547],[23.3536,39.1553],[23.3531,39.1547],[23.3538,39.1547]]],[[[23.3481,39.1536],[23.3474,39.154],[23.347,39.1536],[23.3474,39.1533],[23.3481,39.1536]]],[[[23.6041,39.1536],[23.6065,39.1557],[23.6068,39.1565],[23.6078,39.1554],[23.6091,39.1557],[23.6085,39.1568],[23.6069,39.1578],[23.6075,39.1589],[23.6071,39.1599],[23.6068,39.1603],[23.6057,39.1602],[23.6047,39.1612],[23.6026,39.1602],[23.6012,39.1589],[23.6018,39.1578],[23.6005,39.1568],[23.6002,39.1557],[23.6016,39.155],[23.602,39.1536],[23.6036,39.1528],[23.6041,39.1536]]],[[[23.3508,39.1516],[23.3504,39.1516],[23.3505,39.1506],[23.3508,39.1516]]],[[[23.5319,39.1516],[23.5318,39.1521],[23.5314,39.1516],[23.5319,39.1516]]],[[[23.3581,39.1495],[23.3578,39.1498],[23.3575,39.1495],[23.3581,39.1495]]],[[[23.3497,39.1464],[23.3536,39.1481],[23.3551,39.1495],[23.3536,39.1514],[23.3526,39.15],[23.3516,39.151],[23.3505,39.1505],[23.3495,39.1508],[23.3482,39.1495],[23.347,39.1474],[23.3474,39.1467],[23.3497,39.1464]]],[[[23.7396,39.1349],[23.7391,39.1354],[23.7382,39.1349],[23.7391,39.1344],[23.7396,39.1349]]],[[[23.634,39.1266],[23.6339,39.1271],[23.6336,39.1266],[23.634,39.1266]]],[[[23.641,39.1255],[23.6401,39.1262],[23.6397,39.1255],[23.6401,39.1251],[23.641,39.1255]]],[[[23.1435,39.1245],[23.1432,39.1251],[23.1422,39.1252],[23.1417,39.1245],[23.1435,39.1245]]],[[[23.2133,39.1193],[23.213,39.12],[23.2128,39.1193],[23.2133,39.1193]]],[[[23.1278,39.1182],[23.1297,39.1188],[23.1307,39.1206],[23.1318,39.1208],[23.1328,39.1233],[23.1325,39.1245],[23.1337,39.1255],[23.1336,39.1286],[23.134,39.1297],[23.1328,39.1305],[23.1315,39.1297],[23.1307,39.1276],[23.1286,39.1258],[23.1276,39.1266],[23.1276,39.1279],[23.127,39.1276],[23.1272,39.1266],[23.1266,39.1261],[23.1255,39.1266],[23.1245,39.1255],[23.1239,39.1224],[23.1266,39.1184],[23.1278,39.1182]],[[23.1255,39.1221],[23.1251,39.1224],[23.1255,39.1226],[23.1255,39.1221]]],[[[23.2346,39.1172],[23.2339,39.1176],[23.233,39.1172],[23.2339,39.1167],[23.2346,39.1172]]],[[[23.2279,39.1161],[23.2318,39.1183],[23.2234,39.1237],[23.2203,39.1241],[23.2161,39.1219],[23.2157,39.1203],[23.2182,39.1178],[23.2214,39.1178],[23.2255,39.1167],[23.2266,39.116],[23.2279,39.1161]]],[[[23.2375,39.1161],[23.2349,39.1169],[23.2345,39.1161],[23.2349,39.1155],[23.2359,39.1152],[23.237,39.1154],[23.2375,39.1161]]],[[[23.6517,39.1078],[23.6505,39.1078],[23.6516,39.1074],[23.6517,39.1078]]],[[[23.1164,39.0828],[23.1166,39.0839],[23.1161,39.0839],[23.116,39.0828],[23.1164,39.0828]]],[[[23.3383,39.0328],[23.338,39.0336],[23.338,39.0323],[23.3383,39.0328]]],[[[23.0516,39.0005],[23.0516,39.0017],[23.0495,39.0033],[23.0484,39.0024],[23.048,39.0026],[23.0453,39.0057],[23.0443,39.0057],[23.0432,39.0064],[23.0411,39.0061],[23.0401,39.0066],[23.0391,39.0062],[23.038,39.0049],[23.037,39.005],[23.0359,39.0042],[23.0339,39.0037],[23.0325,39.0026],[23.033,39.0016],[23.032,39.0005],[23.0328,39],[23.0516,39],[23.0516,39.0005]]],[[[24,39.0005],[24,39.2193],[23.9984,39.2196],[23.9971,39.2193],[23.9953,39.221],[23.994,39.2214],[23.9925,39.2234],[23.9918,39.2245],[23.9915,39.2276],[23.9908,39.2286],[23.992,39.2307],[23.9907,39.2318],[23.9918,39.2349],[23.9911,39.2362],[23.993,39.237],[23.9932,39.2377],[23.9943,39.2378],[23.9953,39.2396],[23.9974,39.2392],[23.9984,39.2415],[24,39.2411],[24,39.9536],[23.9995,39.9546],[23.999,39.9526],[23.9983,39.9516],[23.9953,39.9505],[23.9943,39.9507],[23.9928,39.9495],[23.9932,39.9484],[23.9922,39.947],[23.9901,39.9464],[23.9891,39.947],[23.9891,39.9464],[23.988,39.9453],[23.987,39.9449],[23.9859,39.9449],[23.9849,39.9458],[23.9839,39.9443],[23.9818,39.9443],[23.9807,39.9432],[23.9776,39.9432],[23.9766,39.944],[23.9661,39.9437],[23.9651,39.9439],[23.9641,39.9453],[23.963,39.9453],[23.9615,39.9422],[23.9599,39.9407],[23.9547,39.9398],[23.9536,39.939],[23.9516,39.9359],[23.9505,39.9359],[23.9495,39.9349],[23.9422,39.9349],[23.9411,39.9359],[23.9411,39.9371],[23.9391,39.9372],[23.9359,39.9369],[23.9318,39.9349],[23.9297,39.9349],[23.9286,39.9359],[23.9276,39.9349],[23.9266,39.9359],[23.9268,39.937],[23.9263,39.938],[23.9272,39.9401],[23.9266,39.9411],[23.9255,39.9417],[23.9245,39.941],[23.9244,39.9422],[23.9234,39.9426],[23.9203,39.9424],[23.9175,39.9432],[23.9161,39.9442],[23.9161,39.9453],[23.9137,39.9495],[23.9137,39.9505],[23.9124,39.9516],[23.913,39.9527],[23.9109,39.9534],[23.9099,39.9524],[23.9089,39.9523],[23.8995,39.9574],[23.8974,39.959],[23.8964,39.9592],[23.8953,39.9609],[23.8964,39.9616],[23.897,39.963],[23.8956,39.9682],[23.8958,39.9724],[23.8967,39.9755],[23.8964,39.9786],[23.8941,39.9828],[23.8886,39.987],[23.887,39.9889],[23.8818,39.991],[23.8766,39.9919],[23.8714,39.9917],[23.8672,39.9946],[23.862,40],[23.613,40],[23.6124,39.9995],[23.6161,39.9988],[23.6193,39.9971],[23.6237,39.9943],[23.6247,39.9922],[23.6286,39.9897],[23.6297,39.9899],[23.6339,39.9892],[23.637,39.988],[23.6411,39.9892],[23.6474,39.9895],[23.6557,39.9877],[23.663,39.9873],[23.6651,39.9868],[23.6682,39.9848],[23.6703,39.9841],[23.6743,39.9807],[23.6813,39.9776],[23.6825,39.9766],[23.6844,39.9734],[23.6853,39.9661],[23.6892,39.9589],[23.6895,39.9557],[23.6921,39.9484],[23.6917,39.9453],[23.6926,39.9432],[23.6964,39.9391],[23.6974,39.9386],[23.6984,39.9393],[23.6995,39.9369],[23.7089,39.9349],[23.713,39.9347],[23.7297,39.9364],[23.7349,39.938],[23.738,39.9374],[23.7464,39.9375],[23.7484,39.9367],[23.7499,39.9349],[23.7518,39.9307],[23.7521,39.9276],[23.7531,39.9245],[23.7533,39.9182],[23.7531,39.9151],[23.7526,39.9145],[23.7443,39.9136],[23.7401,39.912],[23.7359,39.9127],[23.7339,39.9124],[23.7276,39.9105],[23.7234,39.9083],[23.719,39.9078],[23.7172,39.9064],[23.7161,39.9064],[23.7155,39.9068],[23.713,39.9068],[23.7113,39.9078],[23.7057,39.9078],[23.7005,39.9095],[23.6984,39.9095],[23.6953,39.9116],[23.6922,39.9128],[23.6901,39.9147],[23.6901,39.9141],[23.6891,39.913],[23.688,39.9141],[23.6807,39.9141],[23.6797,39.913],[23.6609,39.9125],[23.6557,39.9114],[23.6484,39.912],[23.6464,39.9125],[23.6286,39.9124],[23.6266,39.9126],[23.6214,39.9153],[23.6182,39.9163],[23.6078,39.9179],[23.6068,39.9187],[23.6026,39.9198],[23.6016,39.9193],[23.5974,39.9193],[23.5964,39.9203],[23.5943,39.9198],[23.5923,39.9203],[23.5911,39.9201],[23.588,39.9226],[23.5849,39.923],[23.5828,39.9242],[23.5755,39.9267],[23.563,39.9281],[23.5474,39.9335],[23.5432,39.9362],[23.5411,39.9366],[23.538,39.9384],[23.5328,39.9396],[23.5276,39.9421],[23.5245,39.9427],[23.512,39.9476],[23.5089,39.9486],[23.5036,39.9493],[23.5032,39.9495],[23.5036,39.9506],[23.4995,39.9514],[23.4984,39.9529],[23.4964,39.9523],[23.4955,39.9526],[23.496,39.9536],[23.4953,39.9539],[23.493,39.9536],[23.4901,39.9556],[23.4815,39.9578],[23.4776,39.9577],[23.4745,39.957],[23.4698,39.9578],[23.4661,39.9607],[23.4536,39.9613],[23.4484,39.962],[23.4401,39.9618],[23.4328,39.9599],[23.4214,39.9545],[23.4161,39.9531],[23.3943,39.9527],[23.3828,39.9542],[23.3776,39.9542],[23.3714,39.9527],[23.3578,39.9482],[23.3534,39.9484],[23.3505,39.9495],[23.3479,39.9516],[23.3464,39.9536],[23.3463,39.9557],[23.3491,39.9682],[23.3507,39.9724],[23.3585,39.9818],[23.3604,39.9849],[23.3615,39.988],[23.3626,39.9922],[23.3618,39.9932],[23.3626,39.9943],[23.3628,39.9964],[23.3619,39.9974],[23.3627,39.9984],[23.362,40],[23.0005,40],[23,39.9995],[23,39.5568],[23.0016,39.557],[23.0047,39.5564],[23.0078,39.5545],[23.0105,39.5516],[23.0126,39.5474],[23.0189,39.5401],[23.0224,39.537],[23.0255,39.535],[23.0307,39.5333],[23.0328,39.5333],[23.0349,39.534],[23.0371,39.5359],[23.0411,39.536],[23.0495,39.5347],[23.0536,39.533],[23.0568,39.5314],[23.0587,39.5297],[23.0593,39.5266],[23.0615,39.5245],[23.0694,39.5203],[23.0734,39.5166],[23.0818,39.513],[23.0901,39.5085],[23.0984,39.5015],[23.1005,39.5002],[23.1016,39.5001],[23.1077,39.488],[23.109,39.487],[23.1089,39.4859],[23.1099,39.4849],[23.1109,39.4824],[23.1193,39.4735],[23.1217,39.4682],[23.1249,39.463],[23.1307,39.4566],[23.1359,39.452],[23.1394,39.4505],[23.1411,39.449],[23.1432,39.4458],[23.1463,39.4443],[23.1533,39.437],[23.1567,39.4349],[23.1587,39.4328],[23.1619,39.4307],[23.1734,39.4195],[23.1774,39.4141],[23.1847,39.4109],[23.1869,39.4089],[23.1891,39.4054],[23.1901,39.4047],[23.1922,39.4049],[23.1962,39.4026],[23.1987,39.3995],[23.1991,39.3964],[23.2002,39.3953],[23.2001,39.3932],[23.2016,39.3901],[23.2036,39.3872],[23.2057,39.387],[23.2057,39.3849],[23.2099,39.3766],[23.2107,39.3714],[23.2148,39.3682],[23.2188,39.3641],[23.2224,39.3621],[23.2245,39.3602],[23.2256,39.3589],[23.2258,39.3557],[23.2267,39.3547],[23.2318,39.3511],[23.2359,39.3493],[23.2379,39.3464],[23.2391,39.3461],[23.2401,39.3449],[23.2474,39.3419],[23.2516,39.3412],[23.2599,39.3372],[23.2626,39.3349],[23.2672,39.3286],[23.2714,39.3266],[23.274,39.3245],[23.2801,39.3141],[23.2816,39.3099],[23.2823,39.3068],[23.2824,39.3016],[23.2833,39.2995],[23.2883,39.2932],[23.2912,39.287],[23.2916,39.2807],[23.2921,39.2797],[23.2974,39.2743],[23.3078,39.2688],[23.3109,39.2677],[23.312,39.2663],[23.3139,39.2651],[23.3201,39.2578],[23.3249,39.2505],[23.3278,39.2401],[23.3299,39.237],[23.3331,39.2339],[23.3346,39.2297],[23.3364,39.2286],[23.336,39.2276],[23.3373,39.2245],[23.3384,39.2193],[23.3437,39.213],[23.3444,39.2109],[23.3516,39.1999],[23.3579,39.1932],[23.3602,39.1891],[23.36,39.188],[23.3618,39.1859],[23.3644,39.1839],[23.3654,39.1818],[23.3682,39.1802],[23.3707,39.1797],[23.3724,39.1785],[23.3745,39.1798],[23.3748,39.1797],[23.3739,39.1786],[23.3745,39.1783],[23.3766,39.179],[23.3786,39.1778],[23.3797,39.1786],[23.3818,39.1773],[23.3828,39.1777],[23.387,39.1765],[23.3891,39.1771],[23.3922,39.1768],[23.4047,39.1775],[23.413,39.1796],[23.4234,39.1828],[23.4266,39.1849],[23.4307,39.1865],[23.4339,39.1887],[23.435,39.1901],[23.4363,39.1943],[23.4364,39.1974],[23.4353,39.1984],[23.438,39.2023],[23.4401,39.2043],[23.4509,39.2078],[23.4536,39.2098],[23.4568,39.2137],[23.462,39.2175],[23.4641,39.2179],[23.4668,39.2161],[23.4682,39.2143],[23.4693,39.2139],[23.4724,39.2139],[23.4766,39.2153],[23.4807,39.216],[23.4828,39.2157],[23.4839,39.2154],[23.4862,39.213],[23.4891,39.2113],[23.4894,39.2099],[23.4901,39.2095],[23.4922,39.2109],[23.4943,39.2111],[23.4953,39.2089],[23.4978,39.2099],[23.4983,39.2068],[23.498,39.2047],[23.4989,39.2036],[23.5016,39.2028],[23.5036,39.2029],[23.5051,39.2005],[23.5099,39.1978],[23.5109,39.1985],[23.512,39.1965],[23.5151,39.1956],[23.5172,39.1941],[23.5193,39.1935],[23.5208,39.1922],[23.5224,39.1895],[23.5219,39.188],[23.5224,39.1874],[23.5234,39.1873],[23.5255,39.1854],[23.5265,39.1828],[23.5269,39.1797],[23.5286,39.1789],[23.5318,39.1791],[23.5314,39.1776],[23.533,39.1745],[23.5332,39.1693],[23.5323,39.1672],[23.5293,39.1651],[23.5286,39.1634],[23.5277,39.163],[23.5281,39.162],[23.5276,39.1578],[23.5297,39.1532],[23.5307,39.154],[23.5328,39.1525],[23.5332,39.1526],[23.5332,39.1536],[23.5354,39.1536],[23.5354,39.1526],[23.537,39.151],[23.5372,39.1484],[23.537,39.1474],[23.5348,39.1443],[23.5318,39.1419],[23.5286,39.1404],[23.5214,39.1403],[23.5182,39.1381],[23.5172,39.1363],[23.5125,39.1339],[23.5124,39.1328],[23.5114,39.1318],[23.5118,39.1307],[23.5118,39.1276],[23.5106,39.1255],[23.5109,39.1248],[23.512,39.1245],[23.5117,39.1224],[23.512,39.1214],[23.5113,39.1203],[23.5117,39.1182],[23.5113,39.1161],[23.5089,39.113],[23.5026,39.113],[23.4995,39.1123],[23.4974,39.113],[23.4931,39.113],[23.483,39.1172],[23.4818,39.1191],[23.4786,39.1199],[23.4776,39.1216],[23.4724,39.1239],[23.4693,39.124],[23.463,39.1221],[23.4589,39.1225],[23.4569,39.1234],[23.4557,39.1246],[23.4484,39.1257],[23.4459,39.1266],[23.4432,39.1279],[23.4391,39.1309],[23.438,39.1309],[23.437,39.1324],[23.4349,39.1329],[23.4339,39.1329],[23.4328,39.1318],[23.4318,39.1318],[23.4314,39.1307],[23.4307,39.1302],[23.4271,39.1286],[23.4271,39.1276],[23.4266,39.1273],[23.4245,39.1263],[23.4214,39.1264],[23.4192,39.1276],[23.4182,39.1286],[23.418,39.1297],[23.4151,39.1322],[23.4138,39.1328],[23.4127,39.1349],[23.4109,39.1361],[23.4089,39.1366],[23.4078,39.1392],[23.403,39.1401],[23.4005,39.1391],[23.3984,39.1367],[23.3943,39.1357],[23.3932,39.1351],[23.3891,39.1355],[23.3849,39.1373],[23.3826,39.1391],[23.3818,39.1405],[23.3797,39.142],[23.3786,39.1422],[23.3792,39.1432],[23.379,39.1443],[23.3734,39.147],[23.3693,39.147],[23.3682,39.1476],[23.3672,39.1469],[23.3661,39.1469],[23.3651,39.1476],[23.3641,39.1474],[23.363,39.1478],[23.362,39.1472],[23.3609,39.1479],[23.3599,39.1478],[23.3583,39.1464],[23.3569,39.1432],[23.3547,39.1405],[23.3536,39.1408],[23.3516,39.1405],[23.3464,39.1379],[23.3443,39.1375],[23.3422,39.1379],[23.338,39.1397],[23.337,39.1391],[23.3359,39.1411],[23.3329,39.1422],[23.3318,39.1419],[23.3322,39.1443],[23.333,39.1453],[23.3328,39.1459],[23.3297,39.1449],[23.3286,39.1441],[23.3214,39.1421],[23.3141,39.1391],[23.312,39.1366],[23.3109,39.1363],[23.3078,39.1337],[23.3068,39.134],[23.3047,39.1333],[23.3026,39.1342],[23.3016,39.1336],[23.2995,39.1341],[23.2932,39.1319],[23.2891,39.1325],[23.288,39.132],[23.287,39.1322],[23.2815,39.1307],[23.2776,39.1291],[23.2766,39.129],[23.2745,39.1309],[23.2703,39.1299],[23.2672,39.1276],[23.2658,39.1276],[23.263,39.1246],[23.2568,39.1202],[23.2526,39.1188],[23.2453,39.1182],[23.2428,39.1172],[23.2422,39.1161],[23.2411,39.1163],[23.238,39.1149],[23.2359,39.115],[23.2339,39.1139],[23.2337,39.113],[23.2359,39.1124],[23.237,39.113],[23.2384,39.113],[23.238,39.112],[23.237,39.1108],[23.2359,39.1105],[23.2318,39.105],[23.2276,39.1017],[23.2161,39.0948],[23.2142,39.0932],[23.2139,39.0922],[23.212,39.0904],[23.2086,39.0891],[23.2091,39.088],[23.2089,39.0879],[23.2078,39.0884],[23.2057,39.0884],[23.2047,39.0877],[23.2036,39.0881],[23.2026,39.0876],[23.2005,39.0882],[23.1995,39.0876],[23.1984,39.088],[23.1974,39.0873],[23.1953,39.0878],[23.1932,39.089],[23.1922,39.0904],[23.1895,39.0901],[23.1892,39.0932],[23.1859,39.0924],[23.1849,39.0936],[23.1839,39.0927],[23.1807,39.0927],[23.1797,39.0923],[23.1755,39.0898],[23.1714,39.0865],[23.1703,39.0865],[23.1677,39.0839],[23.1661,39.0838],[23.1651,39.0827],[23.1589,39.0818],[23.1568,39.0805],[23.1526,39.0797],[23.1505,39.0818],[23.1484,39.0816],[23.1443,39.0791],[23.1432,39.0797],[23.1391,39.0771],[23.1328,39.0757],[23.1318,39.0764],[23.1276,39.0754],[23.1224,39.0751],[23.1182,39.0757],[23.1172,39.0767],[23.1161,39.076],[23.1151,39.0787],[23.112,39.0763],[23.1078,39.0766],[23.1026,39.0785],[23.0984,39.079],[23.0943,39.0778],[23.0849,39.0769],[23.0797,39.0769],[23.0755,39.0786],[23.0724,39.0806],[23.0698,39.0839],[23.0688,39.087],[23.0672,39.0895],[23.0651,39.0891],[23.0641,39.0902],[23.063,39.0891],[23.062,39.0901],[23.0609,39.0894],[23.0589,39.0894],[23.0573,39.0901],[23.0547,39.0925],[23.0484,39.0948],[23.0474,39.0964],[23.0474,39.0995],[23.0467,39.1016],[23.0474,39.1036],[23.0469,39.1047],[23.0496,39.1078],[23.0495,39.109],[23.058,39.1172],[23.0577,39.1182],[23.0603,39.1286],[23.0589,39.1359],[23.0595,39.138],[23.062,39.1422],[23.0615,39.1443],[23.0587,39.1484],[23.0589,39.1505],[23.0581,39.1526],[23.0583,39.1547],[23.0577,39.1568],[23.0589,39.1591],[23.0556,39.163],[23.055,39.1651],[23.0536,39.1667],[23.0505,39.168],[23.0495,39.1677],[23.0474,39.1699],[23.0464,39.1701],[23.0433,39.1724],[23.0417,39.1745],[23.0413,39.1766],[23.0418,39.1786],[23.0453,39.1838],[23.0495,39.1869],[23.0557,39.1891],[23.0589,39.188],[23.0609,39.1881],[23.062,39.1871],[23.0641,39.187],[23.0643,39.1849],[23.0667,39.1818],[23.0653,39.1797],[23.0664,39.1786],[23.0659,39.1776],[23.0661,39.1774],[23.0693,39.1776],[23.0724,39.1762],[23.0736,39.1766],[23.0745,39.1776],[23.0755,39.1768],[23.0797,39.1778],[23.0849,39.1776],[23.087,39.1766],[23.088,39.1751],[23.0891,39.1746],[23.0964,39.1747],[23.0995,39.1741],[23.1024,39.1724],[23.1047,39.1697],[23.1099,39.1682],[23.1138,39.1661],[23.1172,39.1627],[23.1177,39.162],[23.1172,39.1608],[23.118,39.1599],[23.1182,39.1589],[23.1195,39.1568],[23.1209,39.1557],[23.1203,39.1545],[23.1224,39.1532],[23.1245,39.1526],[23.1242,39.1516],[23.125,39.1505],[23.1241,39.1495],[23.1248,39.1484],[23.1246,39.1474],[23.126,39.1443],[23.1276,39.144],[23.1307,39.1422],[23.1318,39.143],[23.1328,39.143],[23.1349,39.1419],[23.1358,39.1432],[23.137,39.1436],[23.138,39.1423],[23.1391,39.143],[23.1401,39.1429],[23.1403,39.1443],[23.1452,39.1474],[23.1453,39.1485],[23.1547,39.1527],[23.1578,39.1539],[23.162,39.1533],[23.1651,39.1538],[23.1661,39.1552],[23.1672,39.1553],[23.1672,39.1569],[23.1682,39.1569],[23.1693,39.1583],[23.1724,39.16],[23.1755,39.1608],[23.1786,39.1633],[23.1833,39.1661],[23.1859,39.17],[23.1856,39.1714],[23.1862,39.1724],[23.186,39.1734],[23.188,39.1755],[23.1891,39.1773],[23.1901,39.1771],[23.1906,39.1786],[23.1922,39.1784],[23.1924,39.1797],[23.1943,39.1814],[23.1953,39.1805],[23.1962,39.1807],[23.197,39.1818],[23.1953,39.1823],[23.1943,39.1839],[23.1973,39.188],[23.197,39.1891],[23.1953,39.1904],[23.1943,39.1897],[23.1932,39.191],[23.1911,39.1897],[23.1908,39.1901],[23.1911,39.1922],[23.1903,39.1932],[23.1901,39.1993],[23.1891,39.1992],[23.188,39.2005],[23.188,39.2016],[23.1859,39.2024],[23.1862,39.2047],[23.1835,39.2099],[23.1757,39.2224],[23.1745,39.2229],[23.1725,39.2255],[23.1708,39.2349],[23.1714,39.2359],[23.1705,39.237],[23.1703,39.238],[23.1715,39.2422],[23.1693,39.2515],[23.1682,39.2512],[23.1679,39.2516],[23.1683,39.2526],[23.1674,39.2547],[23.1661,39.2547],[23.1651,39.2556],[23.1618,39.2557],[23.1615,39.2599],[23.1557,39.2668],[23.1556,39.2693],[23.1547,39.27],[23.1505,39.2722],[23.1495,39.2719],[23.138,39.2832],[23.1339,39.284],[23.1318,39.2837],[23.1307,39.2846],[23.1297,39.2845],[23.1255,39.287],[23.1234,39.2897],[23.1193,39.2903],[23.1172,39.2924],[23.1169,39.2932],[23.1174,39.2943],[23.1172,39.2949],[23.1151,39.2971],[23.1141,39.2972],[23.112,39.2983],[23.1078,39.2991],[23.1057,39.2988],[23.1026,39.2991],[23.1016,39.2987],[23.0984,39.2997],[23.0974,39.2995],[23.0932,39.3013],[23.0891,39.3017],[23.088,39.3025],[23.087,39.3022],[23.0859,39.3029],[23.0828,39.3033],[23.0818,39.3026],[23.0807,39.3039],[23.0792,39.3036],[23.0776,39.3049],[23.0766,39.3051],[23.0745,39.3048],[23.0714,39.3033],[23.0672,39.3023],[23.0651,39.3023],[23.0609,39.3037],[23.0568,39.3037],[23.0516,39.3047],[23.0464,39.3042],[23.0443,39.3045],[23.0401,39.3063],[23.0297,39.3059],[23.0193,39.3044],[23.0182,39.3048],[23.0151,39.3046],[23.0141,39.3057],[23.0036,39.3055],[23.0005,39.3063],[23,39.3057],[23,39.0693],[23.0023,39.0661],[23,39.063],[23,39.0484],[23.0016,39.0459],[23.0049,39.0443],[23.0045,39.0432],[23.0047,39.0427],[23.0109,39.04],[23.0141,39.0395],[23.0172,39.0398],[23.0193,39.0408],[23.0203,39.042],[23.0214,39.0413],[23.0219,39.0422],[23.0234,39.043],[23.0255,39.0426],[23.0401,39.0459],[23.0432,39.0481],[23.0446,39.0484],[23.0443,39.0495],[23.0453,39.0489],[23.0464,39.0498],[23.0474,39.0499],[23.0495,39.0494],[23.0516,39.0497],[23.0536,39.047],[23.0557,39.0461],[23.0599,39.0455],[23.0672,39.0453],[23.0693,39.0465],[23.0734,39.0465],[23.074,39.0453],[23.0755,39.0447],[23.0766,39.0456],[23.0767,39.0443],[23.0759,39.0432],[23.0756,39.0401],[23.0761,39.0391],[23.076,39.0339],[23.0766,39.0307],[23.074,39.0266],[23.0724,39.0255],[23.0723,39.0245],[23.0708,39.0224],[23.0702,39.0203],[23.0703,39.0182],[23.0714,39.0174],[23.0724,39.0179],[23.0766,39.0213],[23.0797,39.0182],[23.0815,39.0172],[23.0815,39.0161],[23.0828,39.0159],[23.0839,39.0142],[23.0859,39.0129],[23.0868,39.0109],[23.0882,39.012],[23.0891,39.0101],[23.0943,39.0072],[23.0953,39.0051],[23.0984,39.0058],[23.1005,39.004],[23.1026,39.0039],[23.1057,39.0026],[23.1151,39.0051],[23.1203,39.0079],[23.1255,39.0122],[23.1286,39.0136],[23.1328,39.0144],[23.1432,39.0146],[23.1547,39.0154],[23.1599,39.015],[23.1745,39.015],[23.1818,39.0133],[23.188,39.0128],[23.1964,39.0131],[23.2005,39.0139],[23.2057,39.0163],[23.2099,39.02],[23.2161,39.0245],[23.2234,39.0278],[23.237,39.0319],[23.2432,39.0326],[23.2474,39.0325],[23.2526,39.0335],[23.2557,39.0347],[23.263,39.0396],[23.2734,39.0436],[23.2807,39.0451],[23.2891,39.0452],[23.2953,39.0461],[23.3078,39.0462],[23.3096,39.0474],[23.312,39.0476],[23.313,39.0474],[23.3141,39.0464],[23.3161,39.0471],[23.3182,39.0468],[23.3193,39.0451],[23.3224,39.0468],[23.3234,39.0452],[23.3245,39.0466],[23.3339,39.0524],[23.337,39.0525],[23.3432,39.051],[23.3443,39.0484],[23.3479,39.0443],[23.3484,39.0443],[23.3495,39.0432],[23.3495,39.0401],[23.3484,39.0386],[23.3464,39.0379],[23.3453,39.0367],[23.342,39.0349],[23.3391,39.032],[23.337,39.0311],[23.3376,39.0276],[23.3401,39.0237],[23.3411,39.0237],[23.3422,39.0247],[23.344,39.0224],[23.3439,39.0214],[23.3443,39.021],[23.3453,39.0207],[23.3464,39.0211],[23.3474,39.0197],[23.3495,39.0191],[23.3526,39.0158],[23.3547,39.0146],[23.3609,39.0136],[23.3641,39.0122],[23.3682,39.011],[23.3763,39.0109],[23.3786,39.0094],[23.3797,39.0081],[23.3818,39.0073],[23.3839,39.0079],[23.387,39.0071],[23.3891,39.0089],[23.3922,39.0102],[23.3943,39.0102],[23.3968,39.0089],[23.3972,39.0068],[23.3964,39.0057],[23.3943,39.0048],[23.3882,39.0036],[23.387,39.0021],[23.3856,39.0016],[23.3859,39],[23.9995,39],[24,39.0005]],[[23.9859,39.2332],[23.9851,39.2339],[23.9859,39.2343],[23.9859,39.2332]],[[23.9724,39.1556],[23.972,39.1557],[23.9724,39.1561],[23.9724,39.1556]],[[23.8516,39.1275],[23.8505,39.1277],[23.8483,39.1297],[23.847,39.1318],[23.8422,39.1369],[23.838,39.1392],[23.8328,39.138],[23.8318,39.137],[23.8307,39.138],[23.8297,39.138],[23.8276,39.1401],[23.8276,39.1422],[23.8266,39.1432],[23.8266,39.1447],[23.8252,39.1474],[23.8239,39.1547],[23.8255,39.1587],[23.8286,39.1614],[23.8328,39.164],[23.837,39.1657],[23.8401,39.1679],[23.8432,39.1688],[23.848,39.1724],[23.8484,39.1735],[23.8521,39.1766],[23.8536,39.1766],[23.8547,39.1777],[23.8557,39.1777],[23.8568,39.1769],[23.8589,39.1781],[23.8599,39.1779],[23.8609,39.1789],[23.8635,39.1797],[23.8618,39.1818],[23.8617,39.1828],[23.8609,39.1839],[23.8599,39.1847],[23.8589,39.1844],[23.8576,39.1849],[23.8589,39.187],[23.8596,39.1891],[23.8589,39.19],[23.8578,39.1888],[23.8571,39.1891],[23.857,39.1922],[23.8578,39.1923],[23.8597,39.1953],[23.8568,39.1974],[23.8564,39.1984],[23.8534,39.1984],[23.8538,39.2005],[23.8578,39.2057],[23.8609,39.207],[23.8682,39.2086],[23.8703,39.2087],[23.8744,39.2099],[23.876,39.212],[23.8769,39.2151],[23.8801,39.2182],[23.8815,39.2224],[23.8828,39.2235],[23.8859,39.2248],[23.8911,39.2252],[23.9091,39.2349],[23.9118,39.2391],[23.9106,39.2411],[23.9109,39.2432],[23.914,39.2474],[23.9141,39.2505],[23.9161,39.2526],[23.9161,39.2547],[23.9186,39.2568],[23.9182,39.2578],[23.9193,39.2589],[23.9203,39.2587],[23.9214,39.2599],[23.9223,39.2599],[23.9245,39.2617],[23.9266,39.2626],[23.9276,39.2637],[23.9297,39.2648],[23.9326,39.2693],[23.935,39.2745],[23.9355,39.2786],[23.938,39.2795],[23.9422,39.2834],[23.9432,39.2854],[23.9432,39.287],[23.9443,39.288],[23.9443,39.2891],[23.9453,39.2901],[23.9473,39.2901],[23.9474,39.2922],[23.9484,39.2932],[23.9513,39.2932],[23.9526,39.2943],[23.9547,39.2943],[23.9557,39.2953],[23.9573,39.2943],[23.9557,39.2922],[23.9568,39.2911],[23.9589,39.2914],[23.9595,39.2901],[23.9602,39.288],[23.9585,39.2849],[23.9599,39.2839],[23.9589,39.2828],[23.9599,39.2818],[23.9554,39.2766],[23.9557,39.2757],[23.9578,39.2766],[23.9589,39.2765],[23.9596,39.2755],[23.9599,39.2734],[23.9613,39.2745],[23.963,39.2745],[23.9641,39.2734],[23.9651,39.2734],[23.9672,39.272],[23.9682,39.2734],[23.9693,39.2726],[23.9703,39.2734],[23.9745,39.2734],[23.9755,39.2724],[23.9766,39.2724],[23.9793,39.2693],[23.9839,39.2693],[23.9839,39.2714],[23.9849,39.2724],[23.9859,39.2714],[23.987,39.2713],[23.9901,39.2745],[23.9911,39.2745],[23.9922,39.2734],[23.9911,39.2724],[23.9911,39.2703],[23.9906,39.2682],[23.9896,39.2672],[23.9891,39.2634],[23.988,39.2641],[23.9875,39.262],[23.9852,39.2578],[23.9835,39.2536],[23.9826,39.2505],[23.983,39.2495],[23.9807,39.2469],[23.9786,39.2477],[23.9768,39.2453],[23.9786,39.2437],[23.9797,39.2438],[23.9807,39.2445],[23.9813,39.2443],[23.9811,39.2411],[23.9828,39.2391],[23.982,39.237],[23.9847,39.2339],[23.9849,39.2324],[23.9859,39.2317],[23.987,39.223],[23.9891,39.2201],[23.9901,39.22],[23.9911,39.2192],[23.9922,39.2198],[23.9924,39.2193],[23.9918,39.2182],[23.9963,39.2141],[23.997,39.212],[23.9966,39.2099],[23.9933,39.2026],[23.9925,39.1995],[23.9915,39.1901],[23.992,39.1818],[23.9909,39.1766],[23.989,39.1724],[23.9894,39.1714],[23.9884,39.1682],[23.9891,39.163],[23.9888,39.1609],[23.9878,39.1599],[23.9849,39.1583],[23.9818,39.1578],[23.9766,39.159],[23.9724,39.1576],[23.9693,39.1579],[23.9672,39.1585],[23.963,39.1609],[23.9609,39.1601],[23.9589,39.1582],[23.9536,39.1588],[23.9495,39.1607],[23.9484,39.1618],[23.9453,39.1627],[23.9453,39.1641],[23.9443,39.1655],[23.9432,39.1651],[23.9401,39.167],[23.9382,39.1693],[23.937,39.1694],[23.9356,39.1724],[23.9361,39.1734],[23.9349,39.1755],[23.9339,39.1762],[23.9318,39.1762],[23.9276,39.1722],[23.9245,39.1676],[23.9214,39.1666],[23.9182,39.1643],[23.9168,39.1641],[23.9109,39.1552],[23.9099,39.155],[23.9089,39.1538],[23.9036,39.1516],[23.8974,39.1514],[23.8922,39.1481],[23.888,39.1432],[23.8839,39.1407],[23.8818,39.1402],[23.88,39.1391],[23.8804,39.138],[23.8785,39.137],[23.8776,39.1352],[23.8766,39.1343],[23.8745,39.133],[23.8734,39.133],[23.8714,39.1315],[23.862,39.1301],[23.8589,39.1284],[23.8516,39.1275]],[[23.9745,39.0971],[23.9739,39.0974],[23.9745,39.0984],[23.9734,39.0986],[23.9726,39.0995],[23.9724,39.1009],[23.9714,39.1022],[23.9703,39.1026],[23.9698,39.1036],[23.9697,39.112],[23.9702,39.113],[23.9741,39.1172],[23.9768,39.1245],[23.9783,39.1266],[23.9785,39.1276],[23.9814,39.1307],[23.9807,39.1318],[23.9818,39.1311],[23.9828,39.1317],[23.9839,39.1316],[23.9891,39.1343],[23.9932,39.1351],[23.9943,39.1346],[23.9954,39.1349],[23.9975,39.1318],[23.9966,39.1255],[23.9949,39.1214],[23.9927,39.1182],[23.9901,39.1158],[23.9887,39.113],[23.9878,39.1068],[23.9868,39.1036],[23.9855,39.1016],[23.9833,39.0995],[23.9797,39.0981],[23.9786,39.0984],[23.9755,39.0979],[23.9745,39.0971]],[[23.7234,39.0671],[23.7224,39.0661],[23.7203,39.0662],[23.7182,39.0692],[23.7109,39.0693],[23.7099,39.0703],[23.7068,39.0703],[23.7047,39.0724],[23.7036,39.0776],[23.704,39.0786],[23.7037,39.0807],[23.6995,39.0817],[23.6974,39.0828],[23.6922,39.0827],[23.6901,39.0822],[23.6849,39.0823],[23.6828,39.0817],[23.6807,39.0818],[23.6797,39.0828],[23.6786,39.0818],[23.6734,39.0818],[23.6724,39.0828],[23.6714,39.0828],[23.6703,39.0842],[23.6693,39.0828],[23.6672,39.0828],[23.6661,39.0839],[23.6661,39.0846],[23.6641,39.0839],[23.662,39.0839],[23.6609,39.0828],[23.6599,39.0835],[23.6578,39.0818],[23.6568,39.0828],[23.6547,39.0828],[23.6526,39.0849],[23.6526,39.0856],[23.6513,39.0859],[23.6513,39.087],[23.654,39.0922],[23.6532,39.0932],[23.6532,39.0964],[23.6521,39.0984],[23.6521,39.1016],[23.6515,39.1026],[23.6524,39.1036],[23.6521,39.1047],[23.6512,39.1057],[23.6514,39.1068],[23.6505,39.1078],[23.6495,39.1077],[23.6495,39.1089],[23.6484,39.11],[23.6453,39.1111],[23.6422,39.1095],[23.6318,39.1125],[23.6307,39.1124],[23.6304,39.112],[23.6307,39.1109],[23.6293,39.1099],[23.6276,39.1095],[23.6245,39.1105],[23.6231,39.112],[23.6237,39.1161],[23.6245,39.1172],[23.6272,39.1182],[23.6282,39.1193],[23.6297,39.1215],[23.6307,39.1252],[23.6339,39.1285],[23.6343,39.1276],[23.6359,39.1273],[23.6364,39.1276],[23.6354,39.1286],[23.6376,39.1286],[23.6365,39.1307],[23.6373,39.1318],[23.6359,39.1342],[23.6328,39.1353],[23.6312,39.1349],[23.6297,39.1337],[23.6286,39.134],[23.6283,39.1328],[23.6193,39.1254],[23.6182,39.1257],[23.6161,39.1247],[23.613,39.1255],[23.6113,39.1266],[23.6103,39.1297],[23.6093,39.1307],[23.6097,39.1328],[23.609,39.1359],[23.6105,39.138],[23.608,39.1411],[23.6077,39.1432],[23.6057,39.1453],[23.6055,39.1464],[23.6047,39.1468],[23.6036,39.1455],[23.6026,39.1453],[23.6016,39.1439],[23.5943,39.1419],[23.5901,39.1432],[23.5851,39.1474],[23.586,39.1505],[23.588,39.1535],[23.5897,39.1599],[23.5911,39.163],[23.5922,39.1618],[23.5932,39.1624],[23.5943,39.1619],[23.5953,39.1623],[23.5964,39.1616],[23.5988,39.163],[23.5998,39.1651],[23.5989,39.1661],[23.5989,39.1693],[23.5997,39.1703],[23.5997,39.1714],[23.5979,39.1755],[23.5966,39.1766],[23.5957,39.1786],[23.5959,39.1797],[23.5944,39.1828],[23.589,39.1901],[23.5877,39.1911],[23.5852,39.1953],[23.5846,39.1974],[23.584,39.2016],[23.5847,39.2047],[23.5891,39.2095],[23.5932,39.2123],[23.6016,39.2134],[23.6026,39.2141],[23.6057,39.2137],[23.6078,39.214],[23.612,39.2137],[23.6132,39.213],[23.6141,39.212],[23.6143,39.2109],[23.6158,39.2099],[23.6169,39.2078],[23.6175,39.2047],[23.6182,39.2036],[23.6224,39.202],[23.6266,39.2015],[23.6318,39.1998],[23.6392,39.1964],[23.6431,39.1911],[23.6443,39.1865],[23.6474,39.1821],[23.6516,39.1792],[23.6547,39.1783],[23.6568,39.1755],[23.6599,39.173],[23.663,39.1712],[23.6641,39.1715],[23.6672,39.1707],[23.6745,39.1679],[23.6828,39.1625],[23.6943,39.1621],[23.6995,39.1584],[23.7016,39.1574],[23.7047,39.1572],[23.7078,39.1558],[23.7109,39.1552],[23.7151,39.1548],[23.7203,39.151],[23.7238,39.1505],[23.7268,39.1484],[23.728,39.1464],[23.7283,39.1443],[23.7293,39.1432],[23.7288,39.1422],[23.7307,39.1418],[23.7312,39.1401],[23.7328,39.1404],[23.7328,39.1388],[23.7347,39.138],[23.7347,39.1359],[23.7359,39.1351],[23.737,39.1355],[23.738,39.1349],[23.7391,39.1361],[23.7411,39.1347],[23.7464,39.1362],[23.7495,39.1363],[23.7557,39.1357],[23.7578,39.1348],[23.7641,39.1341],[23.7724,39.1348],[23.7807,39.1339],[23.7839,39.1354],[23.7849,39.1345],[23.7883,39.1349],[23.7922,39.1369],[23.7953,39.1392],[23.7984,39.1401],[23.7999,39.1411],[23.8057,39.1427],[23.8089,39.144],[23.812,39.1437],[23.8141,39.1422],[23.8141,39.1398],[23.8146,39.1391],[23.8126,39.1359],[23.813,39.1352],[23.8143,39.1349],[23.8139,39.1328],[23.8142,39.1318],[23.8133,39.1297],[23.812,39.128],[23.8109,39.1282],[23.8099,39.1264],[23.8089,39.126],[23.8047,39.1254],[23.8005,39.1264],[23.7995,39.1256],[23.7984,39.126],[23.7974,39.1252],[23.7968,39.1245],[23.7967,39.1214],[23.7977,39.1203],[23.798,39.1172],[23.796,39.113],[23.7912,39.1078],[23.7881,39.1016],[23.782,39.0943],[23.7797,39.0925],[23.7745,39.0864],[23.7714,39.084],[23.7693,39.0832],[23.7661,39.0825],[23.7609,39.0825],[23.7568,39.0801],[23.7536,39.0791],[23.7505,39.0785],[23.7484,39.0792],[23.7477,39.0776],[23.7464,39.0778],[23.7422,39.0736],[23.7391,39.0723],[23.7339,39.0693],[23.7297,39.0693],[23.7286,39.0682],[23.7266,39.0682],[23.7255,39.069],[23.7234,39.0671]],[[23.9547,39.0637],[23.9536,39.0641],[23.9526,39.0634],[23.9505,39.0635],[23.9476,39.0651],[23.9472,39.0672],[23.9485,39.0714],[23.9482,39.0724],[23.9505,39.0749],[23.9516,39.0753],[23.9536,39.0782],[23.9549,39.0786],[23.9552,39.0797],[23.9599,39.0807],[23.9609,39.0817],[23.9617,39.0807],[23.9616,39.0786],[23.9625,39.0766],[23.9623,39.0745],[23.9613,39.0724],[23.9587,39.0693],[23.9572,39.0661],[23.9547,39.0637]]]]}},{"type":"Feature","properties":{"depth":30,"kind":"isobath"},"geometry":{"type":"MultiLineString","coordinates":[[[23.3632,39.9932],[23.363,39.9935],[23.3626,39.9932],[23.363,39.9929]],[[23.9913,39.962],[23.992,39.963],[23.9911,39.964],[23.9901,39.9645],[23.9879,39.963],[23.9901,39.9615]],[[23.9822,39.9589],[23.9836,39.9599],[23.9842,39.9609],[23.9842,39.962],[23.9818,39.962],[23.9807,39.963],[23.9802,39.963],[23.9791,39.962],[23.9797,39.962],[23.9807,39.9609],[23.9807,39.9595]],[[23.9995,39.9626],[23.9983,39.962],[23.9991,39.9609],[23.9995,39.9583]],[[23.9995,39.9576],[23.9995,39.9548]],[[23.9537,39.2745],[23.9555,39.2755],[23.9533,39.2755]],[[23.9751,39.2422],[23.9773,39.2443],[23.9766,39.245],[23.9745,39.2453],[23.9725,39.2443],[23.9719,39.2432],[23.9734,39.2417]],[[23.9558,39.212],[23.9565,39.2141],[23.9563,39.2151],[23.9577,39.2172],[23.9575,39.2182],[23.9568,39.2194],[23.9536,39.2193],[23.9526,39.2182],[23.9527,39.2151],[23.9528,39.2141],[23.9542,39.213],[23.9525,39.212],[23.9547,39.2113]],[[23.8633,39.1849],[23.8627,39.1849],[23.863,39.1845]],[[23.8623,39.1839],[23.861,39.1839],[23.862,39.183]],[[23.1948,39.1797],[23.1943,39.1803],[23.1939,39.1797],[23.1943,39.1791]],[[23.1976,39.1786],[23.1972,39.1786],[23.1974,39.1782]],[[23.1971,39.1776],[23.1952,39.1786],[23.195,39.1776],[23.1953,39.1771]],[[23.3736,39.1776],[23.3734,39.178],[23.3732,39.1776]],[[23.1948,39.1766],[23.1943,39.177],[23.194,39.1766],[23.1943,39.1761]],[[23.8654,39.1766],[23.8652,39.1776],[23.8641,39.1781],[23.8629,39.1776],[23.8624,39.1766],[23.8641,39.1755],[23.8651,39.1759]],[[23.0497,39.1693],[23.0491,39.1693],[23.0495,39.1689]],[[23.601,39.1578],[23.6003,39.1578],[23.6005,39.1568]],[[23.3538,39.1547],[23.3536,39.1553],[23.3531,39.1547]],[[23.3481,39.1536],[23.3474,39.154],[23.347,39.1536],[23.3474,39.1533]],[[23.6041,39.1536],[23.6065,39.1557],[23.6068,39.1565],[23.6078,39.1554],[23.6091,39.1557],[23.6085,39.1568],[23.6069,39.1578],[23.6075,39.1589],[23.6071,39.1599],[23.6068,39.1603],[23.6057,39.1602],[23.6047,39.1612],[23.6026,39.1602],[23.6012,39.1589],[23.6018,39.1578],[23.6005,39.1568],[23.6002,39.1557],[23.6016,39.155],[23.602,39.1536],[23.6036,39.1528]],[[23.3508,39.1516],[23.3504,39.1516],[23.3505,39.1506]],[[23.5319,39.1516],[23.5318,39.1521],[23.5314,39.1516]],[[23.3581,39.1495],[23.3578,39.1498],[23.3575,39.1495]],[[23.3497,39.1464],[23.3536,39.1481],[23.3551,39.1495],[23.3536,39.1514],[23.3526,39.15],[23.3516,39.151],[23.3505,39.1505],[23.3495,39.1508],[23.3482,39.1495],[23.347,39.1474],[23.3474,39.1467]],[[23.7396,39.1349],[23.7391,39.1354],[23.7382,39.1349],[23.7391,39.1344]],[[23.634,39.1266],[23.6339,39.1271],[23.6336,39.1266]],[[23.641,39.1255],[23.6401,39.1262],[23.6397,39.1255],[23.6401,39.1251]],[[23.1435,39.1245],[23.1432,39.1251],[23.1422,39.1252],[23.1417,39.1245]],[[23.2133,39.1193],[23.213,39.12],[23.2128,39.1193]],[[23.1278,39.1182],[23.1297,39.1188],[23.1307,39.1206],[23.1318,39.1208],[23.1328,39.1233],[23.1325,39.1245],[23.1337,39.1255],[23.1336,39.1286],[23.134,39.1297],[23.1328,39.1305],[23.1315,39.1297],[23.1307,39.1276],[23.1286,39.1258],[23.1276,39.1266],[23.1276,39.1279],[23.127,39.1276],[23.1272,39.1266],[23.1266,39.1261],[23.1255,39.1266],[23.1245,39.1255],[23.1239,39.1224],[23.1266,39.1184]],[[23.1255,39.1221],[23.1251,39.1224],[23.1255,39.1226]],[[23.2346,39.1172],[23.2339,39.1176],[23.233,39.1172],[23.2339,39.1167]],[[23.2279,39.1161],[23.2318,39.1183],[23.2234,39.1237],[23.2203,39.1241],[23.2161,39.1219],[23.2157,39.1203],[23.2182,39.1178],[23.2214,39.1178],[23.2255,39.1167],[23.2266,39.116]],[[23.2375,39.1161],[23.2349,39.1169],[23.2345,39.1161],[23.2349,39.1155],[23.2359,39.1152],[23.237,39.1154]],[[23.6517,39.1078],[23.6505,39.1078],[23.6516,39.1074]],[[23.1164,39.0828],[23.1166,39.0839],[23.1161,39.0839],[23.116,39.0828]],[[23.3383,39.0328],[23.338,39.0336],[23.338,39.0323]],[[23.0516,39.0005],[23.0516,39.0017],[23.0495,39.0033],[23.0484,39.0024],[23.048,39.0026],[23.0453,39.0057],[23.0443,39.0057],[23.0432,39.0064],[23.0411,39.0061],[23.0401,39.0066],[23.0391,39.0062],[23.038,39.0049],[23.037,39.005],[23.0359,39.0042],[23.0339,39.0037],[23.0325,39.0026],[23.033,39.0016],[23.032,39.0005]],[[23.9984,39.2196],[23.9971,39.2193],[23.9953,39.221],[23.994,39.2214],[23.9925,39.2234],[23.9918,39.2245],[23.9915,39.2276],[23.9908,39.2286],[23.992,39.2307],[23.9907,39.2318],[23.9918,39.2349],[23.9911,39.2362],[23.993,39.237],[23.9932,39.2377],[23.9943,39.2378],[23.9953,39.2396],[23.9974,39.2392],[23.9984,39.2415]],[[23.9995,39.9546],[23.999,39.9526],[23.9983,39.9516],[23.9953,39.9505],[23.9943,39.9507],[23.9928,39.9495],[23.9932,39.9484],[23.9922,39.947],[23.9901,39.9464],[23.9891,39.947],[23.9891,39.9464],[23.988,39.9453],[23.987,39.9449],[23.9859,39.9449],[23.9849,39.9458],[23.9839,39.9443],[23.9818,39.9443],[23.9807,39.9432],[23.9776,39.9432],[23.9766,39.944],[23.9661,39.9437],[23.9651,39.9439],[23.9641,39.9453],[23.963,39.9453],[23.9615,39.9422],[23.9599,39.9407],[23.9547,39.9398],[23.9536,39.939],[23.9516,39.9359],[23.9505,39.9359],[23.9495,39.9349],[23.9422,39.9349],[23.9411,39.9359],[23.9411,39.9371],[23.9391,39.9372],[23.9359,39.9369],[23.9318,39.9349],[23.9297,39.9349],[23.9286,39.9359],[23.9276,39.9349],[23.9266,39.9359],[23.9268,39.937],[23.9263,39.938],[23.9272,39.9401],[23.9266,39.9411],[23.9255,39.9417],[23.9245,39.941],[23.9244,39.9422],[23.9234,39.9426],[23.9203,39.9424],[23.9175,39.9432],[23.9161,39.9442],[23.9161,39.9453],[23.9137,39.9495],[23.9137,39.9505],[23.9124,39.9516],[23.913,39.9527],[23.9109,39.9534],[23.9099,39.9524],[23.9089,39.9523],[23.8995,39.9574],[23.8974,39.959],[23.8964,39.9592],[23.8953,39.9609],[23.8964,39.9616],[23.897,39.963],[23.8956,39.9682],[23.8958,39.9724],[23.8967,39.9755],[23.8964,39.9786],[23.8941,39.9828],[23.8886,39.987],[23.887,39.9889],[23.8818,39.991],[23.8766,39.9919],[23.8714,39.9917],[23.8672,39.9946]],[[23.6124,39.9995],[23.6161,39.9988],[23.6193,39.9971],[23.6237,39.9943],[23.6247,39.9922],[23.6286,39.9897],[23.6297,39.9899],[23.6339,39.9892],[23.637,39.988],[23.6411,39.9892],[23.6474,39.9895],[23.6557,39.9877],[23.663,39.9873],[23.6651,39.9868],[23.6682,39.9848],[23.6703,39.9841],[23.6743,39.9807],[23.6813,39.9776],[23.6825,39.9766],[23.6844,39.9734],[23.6853,39.9661],[23.6892,39.9589],[23.6895,39.9557],[23.6921,39.9484],[23.6917,39.9453],[23.6926,39.9432],[23.6964,39.9391],[23.6974,39.9386],[23.6984,39.9393],[23.6995,39.9369],[23.7089,39.9349],[23.713,39.9347],[23.7297,39.9364],[23.7349,39.938],[23.738,39.9374],[23.7464,39.9375],[23.7484,39.9367],[23.7499,39.9349],[23.7518,39.9307],[23.7521,39.9276],[23.7531,39.9245],[23.7533,39.9182],[23.7531,39.9151],[23.7526,39.9145],[23.7443,39.9136],[23.7401,39.912],[23.7359,39.9127],[23.7339,39.9124],[23.7276,39.9105],[23.7234,39.9083],[23.719,39.9078],[23.7172,39.9064],[23.7161,39.9064],[23.7155,39.9068],[23.713,39.9068],[23.7113,39.9078],[23.7057,39.9078],[23.7005,39.9095],[23.6984,39.9095],[23.6953,39.9116],[23.6922,39.9128],[23.6901,39.9147],[23.6901,39.9141],[23.6891,39.913],[23.688,39.9141],[23.6807,39.9141],[23.6797,39.913],[23.6609,39.9125],[23.6557,39.9114],[23.6484,39.912],[23.6464,39.9125],[23.6286,39.9124],[23.6266,39.9126],[23.6214,39.9153],[23.6182,39.9163],[23.6078,39.9179],[23.6068,39.9187],[23.6026,39.9198],[23.6016,39.9193],[23.5974,39.9193],[23.5964,39.9203],[23.5943,39.9198],[23.5923,39.9203],[23.5911,39.9201],[23.588,39.9226],[23.5849,39.923],[23.5828,39.9242],[23.5755,39.9267],[23.563,39.9281],[23.5474,39.9335],[23.5432,39.9362],[23.5411,39.9366],[23.538,39.9384],[23.5328,39.9396],[23.5276,39.9421],[23.5245,39.9427],[23.512,39.9476],[23.5089,39.9486],[23.5036,39.9493],[23.5032,39.9495],[23.5036,39.9506],[23.4995,39.9514],[23.4984,39.9529],[23.4964,39.9523],[23.4955,39.9526],[23.496,39.9536],[23.4953,39.9539],[23.493,39.9536],[23.4901,39.9556],[23.4815,39.9578],[23.4776,39.9577],[23.4745,39.957],[23.4698,39.9578],[23.4661,39.9607],[23.4536,39.9613],[23.4484,39.962],[23.4401,39.9618],[23.4328,39.9599],[23.4214,39.9545],[23.4161,39.9531],[23.3943,39.9527],[23.3828,39.9542],[23.3776,39.9542],[23.3714,39.9527],[23.3578,39.9482],[23.3534,39.9484],[23.3505,39.9495],[23.3479,39.9516],[23.3464,39.9536],[23.3463,39.9557],[23.3491,39.9682],[23.3507,39.9724],[23.3585,39.9818],[23.3604,39.9849],[23.3615,39.988],[23.3626,39.9922],[23.3618,39.9932],[23.3626,39.9943],[23.3628,39.9964],[23.3619,39.9974],[23.3627,39.9984]],[[23.0016,39.557],[23.0047,39.5564],[23.0078,39.5545],[23.0105,39.5516],[23.0126,39.5474],[23.0189,39.5401],[23.0224,39.537],[23.0255,39.535],[23.0307,39.5333],[23.0328,39.5333],[23.0349,39.534],[23.0371,39.5359],[23.0411,39.536],[23.0495,39.5347],[23.0536,39.533],[23.0568,39.5314],[23.0587,39.5297],[23.0593,39.5266],[23.0615,39.5245],[23.0694,39.5203],[23.0734,39.5166],[23.0818,39.513],[23.0901,39.5085],[23.0984,39.5015],[23.1005,39.5002],[23.1016,39.5001],[23.1077,39.488],[23.109,39.487],[23.1089,39.4859],[23.1099,39.4849],[23.1109,39.4824],[23.1193,39.4735],[23.1217,39.4682],[23.1249,39.463],[23.1307,39.4566],[23.1359,39.452],[23.1394,39.4505],[23.1411,39.449],[23.1432,39.4458],[23.1463,39.4443],[23.1533,39.437],[23.1567,39.4349],[23.1587,39.4328],[23.1619,39.4307],[23.1734,39.4195],[23.1774,39.4141],[23.1847,39.4109],[23.1869,39.4089],[23.1891,39.4054],[23.1901,39.4047],[23.1922,39.4049],[23.1962,39.4026],[23.1987,39.3995],[23.1991,39.3964],[23.2002,39.3953],[23.2001,39.3932],[23.2016,39.3901],[23.2036,39.3872],[23.2057,39.387],[23.2057,39.3849],[23.2099,39.3766],[23.2107,39.3714],[23.2148,39.3682],[23.2188,39.3641],[23.2224,39.3621],[23.2245,39.3602],[23.2256,39.3589],[23.2258,39.3557],[23.2267,39.3547],[23.2318,39.3511],[23.2359,39.3493],[23.2379,39.3464],[23.2391,39.3461],[23.2401,39.3449],[23.2474,39.3419],[23.2516,39.3412],[23.2599,39.3372],[23.2626,39.3349],[23.2672,39.3286],[23.2714,39.3266],[23.274,39.3245],[23.2801,39.3141],[23.2816,39.3099],[23.2823,39.3068],[23.2824,39.3016],[23.2833,39.2995],[23.2883,39.2932],[23.2912,39.287],[23.2916,39.2807],[23.2921,39.2797],[23.2974,39.2743],[23.3078,39.2688],[23.3109,39.2677],[23.312,39.2663],[23.3139,39.2651],[23.3201,39.2578],[23.3249,39.2505],[23.3278,39.2401],[23.3299,39.237],[23.3331,39.2339],[23.3346,39.2297],[23.3364,39.2286],[23.336,39.2276],[23.3373,39.2245],[23.3384,39.2193],[23.3437,39.213],[23.3444,39.2109],[23.3516,39.1999],[23.3579,39.1932],[23.3602,39.1891],[23.36,39.188],[23.3618,39.1859],[23.3644,39.1839],[23.3654,39.1818],[23.3682,39.1802],[23.3707,39.1797],[23.3724,39.1785],[23.3745,39.1798],[23.3748,39.1797],[23.3739,39.1786],[23.3745,39.1783],[23.3766,39.179],[23.3786,39.1778],[23.3797,39.1786],[23.3818,39.1773],[23.3828,39.1777],[23.387,39.1765],[23.3891,39.1771],[23.3922,39.1768],[23.4047,39.1775],[23.413,39.1796],[23.4234,39.1828],[23.4266,39.1849],[23.4307,39.1865],[23.4339,39.1887],[23.435,39.1901],[23.4363,39.1943],[23.4364,39.1974],[23.4353,39.1984],[23.438,39.2023],[23.4401,39.2043],[23.4509,39.2078],[23.4536,39.2098],[23.4568,39.2137],[23.462,39.2175],[23.4641,39.2179],[23.4668,39.2161],[23.4682,39.2143],[23.4693,39.2139],[23.4724,39.2139],[23.4766,39.2153],[23.4807,39.216],[23.4828,39.2157],[23.4839,39.2154],[23.4862,39.213],[23.4891,39.2113],[23.4894,39.2099],[23.4901,39.2095],[23.4922,39.2109],[23.4943,39.2111],[23.4953,39.2089],[23.4978,39.2099],[23.4983,39.2068],[23.498,39.2047],[23.4989,39.2036],[23.5016,39.2028],[23.5036,39.2029],[23.5051,39.2005],[23.5099,39.1978],[23.5109,39.1985],[23.512,39.1965],[23.5151,39.1956],[23.5172,39.1941],[23.5193,39.1935],[23.5208,39.1922],[23.5224,39.1895],[23.5219,39.188],[23.5224,39.1874],[23.5234,39.1873],[23.5255,39.1854],[23.5265,39.1828],[23.5269,39.1797],[23.5286,39.1789],[23.5318,39.1791],[23.5314,39.1776],[23.533,39.1745],[23.5332,39.1693],[23.5323,39.1672],[23.5293,39.1651],[23.5286,39.1634],[23.5277,39.163],[23.5281,39.162],[23.5276,39.1578],[23.5297,39.1532],[23.5307,39.154],[23.5328,39.1525],[23.5332,39.1526],[23.5332,39.1536],[23.5354,39.1536],[23.5354,39.1526],[23.537,39.151],[23.5372,39.1484],[23.537,39.1474],[23.5348,39.1443],[23.5318,39.1419],[23.5286,39.1404],[23.5214,39.1403],[23.5182,39.1381],[23.5172,39.1363],[23.5125,39.1339],[23.5124,39.1328],[23.5114,39.1318],[23.5118,39.1307],[23.5118,39.1276],[23.5106,39.1255],[23.5109,39.1248],[23.512,39.1245],[23.5117,39.1224],[23.512,39.1214],[23.5113,39.1203],[23.5117,39.1182],[23.5113,39.1161],[23.5089,39.113],[23.5026,39.113],[23.4995,39.1123],[23.4974,39.113],[23.4931,39.113],[23.483,39.1172],[23.4818,39.1191],[23.4786,39.1199],[23.4776,39.1216],[23.4724,39.1239],[23.4693,39.124],[23.463,39.1221],[23.4589,39.1225],[23.4569,39.1234],[23.4557,39.1246],[23.4484,39.1257],[23.4459,39.1266],[23.4432,39.1279],[23.4391,39.1309],[23.438,39.1309],[23.437,39.1324],[23.4349,39.1329],[23.4339,39.1329],[23.4328,39.1318],[23.4318,39.1318],[23.4314,39.1307],[23.4307,39.1302],[23.4271,39.1286],[23.4271,39.1276],[23.4266,39.1273],[23.4245,39.1263],[23.4214,39.1264],[23.4192,39.1276],[23.4182,39.1286],[23.418,39.1297],[23.4151,39.1322],[23.4138,39.1328],[23.4127,39.1349],[23.4109,39.1361],[23.4089,39.1366],[23.4078,39.1392],[23.403,39.1401],[23.4005,39.1391],[23.3984,39.1367],[23.3943,39.1357],[23.3932,39.1351],[23.3891,39.1355],[23.3849,39.1373],[23.3826,39.1391],[23.3818,39.1405],[23.3797,39.142],[23.3786,39.1422],[23.3792,39.1432],[23.379,39.1443],[23.3734,39.147],[23.3693,39.147],[23.3682,39.1476],[23.3672,39.1469],[23.3661,39.1469],[23.3651,39.1476],[23.3641,39.1474],[23.363,39.1478],[23.362,39.1472],[23.3609,39.1479],[23.3599,39.1478],[23.3583,39.1464],[23.3569,39.1432],[23.3547,39.1405],[23.3536,39.1408],[23.3516,39.1405],[23.3464,39.1379],[23.3443,39.1375],[23.3422,39.1379],[23.338,39.1397],[23.337,39.1391],[23.3359,39.1411],[23.3329,39.1422],[23.3318,39.1419],[23.3322,39.1443],[23.333,39.1453],[23.3328,39.1459],[23.3297,39.1449],[23.3286,39.1441],[23.3214,39.1421],[23.3141,39.1391],[23.312,39.1366],[23.3109,39.1363],[23.3078,39.1337],[23.3068,39.134],[23.3047,39.1333],[23.3026,39.1342],[23.3016,39.1336],[23.2995,39.1341],[23.2932,39.1319],[23.2891,39.1325],[23.288,39.132],[23.287,39.1322],[23.2815,39.1307],[23.2776,39.1291],[23.2766,39.129],[23.2745,39.1309],[23.2703,39.1299],[23.2672,39.1276],[23.2658,39.1276],[23.263,39.1246],[23.2568,39.1202],[23.2526,39.1188],[23.2453,39.1182],[23.2428,39.1172],[23.2422,39.1161],[23.2411,39.1163],[23.238,39.1149],[23.2359,39.115],[23.2339,39.1139],[23.2337,39.113],[23.2359,39.1124],[23.237,39.113],[23.2384,39.113],[23.238,39.112],[23.237,39.1108],[23.2359,39.1105],[23.2318,39.105],[23.2276,39.1017],[23.2161,39.0948],[23.2142,39.0932],[23.2139,39.0922],[23.212,39.0904],[23.2086,39.0891],[23.2091,39.088],[23.2089,39.0879],[23.2078,39.0884],[23.2057,39.0884],[23.2047,39.0877],[23.2036,39.0881],[23.2026,39.0876],[23.2005,39.0882],[23.1995,39.0876],[23.1984,39.088],[23.1974,39.0873],[23.1953,39.0878],[23.1932,39.089],[23.1922,39.0904],[23.1895,39.0901],[23.1892,39.0932],[23.1859,39.0924],[23.1849,39.0936],[23.1839,39.0927],[23.1807,39.0927],[23.1797,39.0923],[23.1755,39.0898],[23.1714,39.0865],[23.1703,39.0865],[23.1677,39.0839],[23.1661,39.0838],[23.1651,39.0827],[23.1589,39.0818],[23.1568,39.0805],[23.1526,39.0797],[23.1505,39.0818],[23.1484,39.0816],[23.1443,39.0791],[23.1432,39.0797],[23.1391,39.0771],[23.1328,39.0757],[23.1318,39.0764],[23.1276,39.0754],[23.1224,39.0751],[23.1182,39.0757],[23.1172,39.0767],[23.1161,39.076],[23.1151,39.0787],[23.112,39.0763],[23.1078,39.0766],[23.1026,39.0785],[23.0984,39.079],[23.0943,39.0778],[23.0849,39.0769],[23.0797,39.0769],[23.0755,39.0786],[23.0724,39.0806],[23.0698,39.0839],[23.0688,39.087],[23.0672,39.0895],[23.0651,39.0891],[23.0641,39.0902],[23.063,39.0891],[23.062,39.0901],[23.0609,39.0894],[23.0589,39.0894],[23.0573,39.0901],[23.0547,39.0925],[23.0484,39.0948],[23.0474,39.0964],[23.0474,39.0995],[23.0467,39.1016],[23.0474,39.1036],[23.0469,39.1047],[23.0496,39.1078],[23.0495,39.109],[23.058,39.1172],[23.0577,39.1182],[23.0603,39.1286],[23.0589,39.1359],[23.0595,39.138],[23.062,39.1422],[23.0615,39.1443],[23.0587,39.1484],[23.0589,39.1505],[23.0581,39.1526],[23.0583,39.1547],[23.0577,39.1568],[23.0589,39.1591],[23.0556,39.163],[23.055,39.1651],[23.0536,39.1667],[23.0505,39.168],[23.0495,39.1677],[23.0474,39.1699],[23.0464,39.1701],[23.0433,39.1724],[23.0417,39.1745],[23.0413,39.1766],[23.0418,39.1786],[23.0453,39.1838],[23.0495,39.1869],[23.0557,39.1891],[23.0589,39.188],[23.0609,39.1881],[23.062,39.1871],[23.0641,39.187],[23.0643,39.1849],[23.0667,39.1818],[23.0653,39.1797],[23.0664,39.1786],[23.0659,39.1776],[23.0661,39.1774],[23.0693,39.1776],[23.0724,39.1762],[23.0736,39.1766],[23.0745,39.1776],[23.0755,39.1768],[23.0797,39.1778],[23.0849,39.1776],[23.087,39.1766],[23.088,39.1751],[23.0891,39.1746],[23.0964,39.1747],[23.0995,39.1741],[23.1024,39.1724],[23.1047,39.1697],[23.1099,39.1682],[23.1138,39.1661],[23.1172,39.1627],[23.1177,39.162],[23.1172,39.1608],[23.118,39.1599],[23.1182,39.1589],[23.1195,39.1568],[23.1209,39.1557],[23.1203,39.1545],[23.1224,39.1532],[23.1245,39.1526],[23.1242,39.1516],[23.125,39.1505],[23.1241,39.1495],[23.1248,39.1484],[23.1246,39.1474],[23.126,39.1443],[23.1276,39.144],[23.1307,39.1422],[23.1318,39.143],[23.1328,39.143],[23.1349,39.1419],[23.1358,39.1432],[23.137,39.1436],[23.138,39.1423],[23.1391,39.143],[23.1401,39.1429],[23.1403,39.1443],[23.1452,39.1474],[23.1453,39.1485],[23.1547,39.1527],[23.1578,39.1539],[23.162,39.1533],[23.1651,39.1538],[23.1661,39.1552],[23.1672,39.1553],[23.1672,39.1569],[23.1682,39.1569],[23.1693,39.1583],[23.1724,39.16],[23.1755,39.1608],[23.1786,39.1633],[23.1833,39.1661],[23.1859,39.17],[23.1856,39.1714],[23.1862,39.1724],[23.186,39.1734],[23.188,39.1755],[23.1891,39.1773],[23.1901,39.1771],[23.1906,39.1786],[23.1922,39.1784],[23.1924,39.1797],[23.1943,39.1814],[23.1953,39.1805],[23.1962,39.1807],[23.197,39.1818],[23.1953,39.1823],[23.1943,39.1839],[23.1973,39.188],[23.197,39.1891],[23.1953,39.1904],[23.1943,39.1897],[23.1932,39.191],[23.1911,39.1897],[23.1908,39.1901],[23.1911,39.1922],[23.1903,39.1932],[23.1901,39.1993],[23.1891,39.1992],[23.188,39.2005],[23.188,39.2016],[23.1859,39.2024],[23.1862,39.2047],[23.1835,39.2099],[23.1757,39.2224],[23.1745,39.2229],[23.1725,39.2255],[23.1708,39.2349],[23.1714,39.2359],[23.1705,39.237],[23.1703,39.238],[23.1715,39.2422],[23.1693,39.2515],[23.1682,39.2512],[23.1679,39.2516],[23.1683,39.2526],[23.1674,39.2547],[23.1661,39.2547],[23.1651,39.2556],[23.1618,39.2557],[23.1615,39.2599],[23.1557,39.2668],[23.1556,39.2693],[23.1547,39.27],[23.1505,39.2722],[23.1495,39.2719],[23.138,39.2832],[23.1339,39.284],[23.1318,39.2837],[23.1307,39.2846],[23.1297,39.2845],[23.1255,39.287],[23.1234,39.2897],[23.1193,39.2903],[23.1172,39.2924],[23.1169,39.2932],[23.1174,39.2943],[23.1172,39.2949],[23.1151,39.2971],[23.1141,39.2972],[23.112,39.2983],[23.1078,39.2991],[23.1057,39.2988],[23.1026,39.2991],[23.1016,39.2987],[23.0984,39.2997],[23.0974,39.2995],[23.0932,39.3013],[23.0891,39.3017],[23.088,39.3025],[23.087,39.3022],[23.0859,39.3029],[23.0828,39.3033],[23.0818,39.3026],[23.0807,39.3039],[23.0792,39.3036],[23.0776,39.3049],[23.0766,39.3051],[23.0745,39.3048],[23.0714,39.3033],[23.0672,39.3023],[23.0651,39.3023],[23.0609,39.3037],[23.0568,39.3037],[23.0516,39.3047],[23.0464,39.3042],[23.0443,39.3045],[23.0401,39.3063],[23.0297,39.3059],[23.0193,39.3044],[23.0182,39.3048],[23.0151,39.3046],[23.0141,39.3057],[23.0036,39.3055],[23.0005,39.3063]],[[23.0016,39.0459],[23.0049,39.0443],[23.0045,39.0432],[23.0047,39.0427],[23.0109,39.04],[23.0141,39.0395],[23.0172,39.0398],[23.0193,39.0408],[23.0203,39.042],[23.0214,39.0413],[23.0219,39.0422],[23.0234,39.043],[23.0255,39.0426],[23.0401,39.0459],[23.0432,39.0481],[23.0446,39.0484],[23.0443,39.0495],[23.0453,39.0489],[23.0464,39.0498],[23.0474,39.0499],[23.0495,39.0494],[23.0516,39.0497],[23.0536,39.047],[23.0557,39.0461],[23.0599,39.0455],[23.0672,39.0453],[23.0693,39.0465],[23.0734,39.0465],[23.074,39.0453],[23.0755,39.0447],[23.0766,39.0456],[23.0767,39.0443],[23.0759,39.0432],[23.0756,39.0401],[23.0761,39.0391],[23.076,39.0339],[23.0766,39.0307],[23.074,39.0266],[23.0724,39.0255],[23.0723,39.0245],[23.0708,39.0224],[23.0702,39.0203],[23.0703,39.0182],[23.0714,39.0174],[23.0724,39.0179],[23.0766,39.0213],[23.0797,39.0182],[23.0815,39.0172],[23.0815,39.0161],[23.0828,39.0159],[23.0839,39.0142],[23.0859,39.0129],[23.0868,39.0109],[23.0882,39.012],[23.0891,39.0101],[23.0943,39.0072],[23.0953,39.0051],[23.0984,39.0058],[23.1005,39.004],[23.1026,39.0039],[23.1057,39.0026],[23.1151,39.0051],[23.1203,39.0079],[23.1255,39.0122],[23.1286,39.0136],[23.1328,39.0144],[23.1432,39.0146],[23.1547,39.0154],[23.1599,39.015],[23.1745,39.015],[23.1818,39.0133],[23.188,39.0128],[23.1964,39.0131],[23.2005,39.0139],[23.2057,39.0163],[23.2099,39.02],[23.2161,39.0245],[23.2234,39.0278],[23.237,39.0319],[23.2432,39.0326],[23.2474,39.0325],[23.2526,39.0335],[23.2557,39.0347],[23.263,39.0396],[23.2734,39.0436],[23.2807,39.0451],[23.2891,39.0452],[23.2953,39.0461],[23.3078,39.0462],[23.3096,39.0474],[23.312,39.0476],[23.313,39.0474],[23.3141,39.0464],[23.3161,39.0471],[23.3182,39.0468],[23.3193,39.0451],[23.3224,39.0468],[23.3234,39.0452],[23.3245,39.0466],[23.3339,39.0524],[23.337,39.0525],[23.3432,39.051],[23.3443,39.0484],[23.3479,39.0443],[23.3484,39.0443],[23.3495,39.0432],[23.3495,39.0401],[23.3484,39.0386],[23.3464,39.0379],[23.3453,39.0367],[23.342,39.0349],[23.3391,39.032],[23.337,39.0311],[23.3376,39.0276],[23.3401,39.0237],[23.3411,39.0237],[23.3422,39.0247],[23.344,39.0224],[23.3439,39.0214],[23.3443,39.021],[23.3453,39.0207],[23.3464,39.0211],[23.3474,39.0197],[23.3495,39.0191],[23.3526,39.0158],[23.3547,39.0146],[23.3609,39.0136],[23.3641,39.0122],[23.3682,39.011],[23.3763,39.0109],[23.3786,39.0094],[23.3797,39.0081],[23.3818,39.0073],[23.3839,39.0079],[23.387,39.0071],[23.3891,39.0089],[23.3922,39.0102],[23.3943,39.0102],[23.3968,39.0089],[23.3972,39.0068],[23.3964,39.0057],[23.3943,39.0048],[23.3882,39.0036],[23.387,39.0021],[23.3856,39.0016]],[[23.9859,39.2332],[23.9851,39.2339],[23.9859,39.2343]],[[23.9724,39.1556],[23.972,39.1557],[23.9724,39.1561]],[[23.8516,39.1275],[23.8505,39.1277],[23.8483,39.1297],[23.847,39.1318],[23.8422,39.1369],[23.838,39.1392],[23.8328,39.138],[23.8318,39.137],[23.8307,39.138],[23.8297,39.138],[23.8276,39.1401],[23.8276,39.1422],[23.8266,39.1432],[23.8266,39.1447],[23.8252,39.1474],[23.8239,39.1547],[23.8255,39.1587],[23.8286,39.1614],[23.8328,39.164],[23.837,39.1657],[23.8401,39.1679],[23.8432,39.1688],[23.848,39.1724],[23.8484,39.1735],[23.8521,39.1766],[23.8536,39.1766],[23.8547,39.1777],[23.8557,39.1777],[23.8568,39.1769],[23.8589,39.1781],[23.8599,39.1779],[23.8609,39.1789],[23.8635,39.1797],[23.8618,39.1818],[23.8617,39.1828],[23.8609,39.1839],[23.8599,39.1847],[23.8589,39.1844],[23.8576,39.1849],[23.8589,39.187],[23.8596,39.1891],[23.8589,39.19],[23.8578,39.1888],[23.8571,39.1891],[23.857,39.1922],[23.8578,39.1923],[23.8597,39.1953],[23.8568,39.1974],[23.8564,39.1984],[23.8534,39.1984],[23.8538,39.2005],[23.8578,39.2057],[23.8609,39.207],[23.8682,39.2086],[23.8703,39.2087],[23.8744,39.2099],[23.876,39.212],[23.8769,39.2151],[23.8801,39.2182],[23.8815,39.2224],[23.8828,39.2235],[23.8859,39.2248],[23.8911,39.2252],[23.9091,39.2349],[23.9118,39.2391],[23.9106,39.2411],[23.9109,39.2432],[23.914,39.2474],[23.9141,39.2505],[23.9161,39.2526],[23.9161,39.2547],[23.9186,39.2568],[23.9182,39.2578],[23.9193,39.2589],[23.9203,39.2587],[23.9214,39.2599],[23.9223,39.2599],[23.9245,39.2617],[23.9266,39.2626],[23.9276,39.2637],[23.9297,39.2648],[23.9326,39.2693],[23.935,39.2745],[23.9355,39.2786],[23.938,39.2795],[23.9422,39.2834],[23.9432,39.2854],[23.9432,39.287],[23.9443,39.288],[23.9443,39.2891],[23.9453,39.2901],[23.9473,39.2901],[23.9474,39.2922],[23.9484,39.2932],[23.9513,39.2932],[23.9526,39.2943],[23.9547,39.2943],[23.9557,39.2953],[23.9573,39.2943],[23.9557,39.2922],[23.9568,39.2911],[23.9589,39.2914],[23.9595,39.2901],[23.9602,39.288],[23.9585,39.2849],[23.9599,39.2839],[23.9589,39.2828],[23.9599,39.2818],[23.9554,39.2766],[23.9557,39.2757],[23.9578,39.2766],[23.9589,39.2765],[23.9596,39.2755],[23.9599,39.2734],[23.9613,39.2745],[23.963,39.2745],[23.9641,39.2734],[23.9651,39.2734],[23.9672,39.272],[23.9682,39.2734],[23.9693,39.2726],[23.9703,39.2734],[23.9745,39.2734],[23.9755,39.2724],[23.9766,39.2724],[23.9793,39.2693],[23.9839,39.2693],[23.9839,39.2714],[23.9849,39.2724],[23.9859,39.2714],[23.987,39.2713],[23.9901,39.2745],[23.9911,39.2745],[23.9922,39.2734],[23.9911,39.2724],[23.9911,39.2703],[23.9906,39.2682],[23.9896,39.2672],[23.9891,39.2634],[23.988,39.2641],[23.9875,39.262],[23.9852,39.2578],[23.9835,39.2536],[23.9826,39.2505],[23.983,39.2495],[23.9807,39.2469],[23.9786,39.2477],[23.9768,39.2453],[23.9786,39.2437],[23.9797,39.2438],[23.9807,39.2445],[23.9813,39.2443],[23.9811,39.2411],[23.9828,39.2391],[23.982,39.237],[23.9847,39.2339],[23.9849,39.2324],[23.9859,39.2317],[23.987,39.223],[23.9891,39.2201],[23.9901,39.22],[23.9911,39.2192],[23.9922,39.2198],[23.9924,39.2193],[23.9918,39.2182],[23.9963,39.2141],[23.997,39.212],[23.9966,39.2099],[23.9933,39.2026],[23.9925,39.1995],[23.9915,39.1901],[23.992,39.1818],[23.9909,39.1766],[23.989,39.1724],[23.9894,39.1714],[23.9884,39.1682],[23.9891,39.163],[23.9888,39.1609],[23.9878,39.1599],[23.9849,39.1583],[23.9818,39.1578],[23.9766,39.159],[23.9724,39.1576],[23.9693,39.1579],[23.9672,39.1585],[23.963,39.1609],[23.9609,39.1601],[23.9589,39.1582],[23.9536,39.1588],[23.9495,39.1607],[23.9484,39.1618],[23.9453,39.1627],[23.9453,39.1641],[23.9443,39.1655],[23.9432,39.1651],[23.9401,39.167],[23.9382,39.1693],[23.937,39.1694],[23.9356,39.1724],[23.9361,39.1734],[23.9349,39.1755],[23.9339,39.1762],[23.9318,39.1762],[23.9276,39.1722],[23.9245,39.1676],[23.9214,39.1666],[23.9182,39.1643],[23.9168,39.1641],[23.9109,39.1552],[23.9099,39.155],[23.9089,39.1538],[23.9036,39.1516],[23.8974,39.1514],[23.8922,39.1481],[23.888,39.1432],[23.8839,39.1407],[23.8818,39.1402],[23.88,39.1391],[23.8804,39.138],[23.8785,39.137],[23.8776,39.1352],[23.8766,39.1343],[23.8745,39.133],[23.8734,39.133],[23.8714,39.1315],[23.862,39.1301],[23.8589,39.1284]],[[23.9745,39.0971],[23.9739,39.0974],[23.9745,39.0984],[23.9734,39.0986],[23.9726,39.0995],[23.9724,39.1009],[23.9714,39.1022],[23.9703,39.1026],[23.9698,39.1036],[23.9697,39.112],[23.9702,39.113],[23.9741,39.1172],[23.9768,39.1245],[23.9783,39.1266],[23.9785,39.1276],[23.9814,39.1307],[23.9807,39.1318],[23.9818,39.1311],[23.9828,39.1317],[23.9839,39.1316],[23.9891,39.1343],[23.9932,39.1351],[23.9943,39.1346],[23.9954,39.1349],[23.9975,39.1318],[23.9966,39.1255],[23.9949,39.1214],[23.9927,39.1182],[23.9901,39.1158],[23.9887,39.113],[23.9878,39.1068],[23.9868,39.1036],[23.9855,39.1016],[23.9833,39.0995],[23.9797,39.0981],[23.9786,39.0984],[23.9755,39.0979]],[[23.7234,39.0671],[23.7224,39.0661],[23.7203,39.0662],[23.7182,39.0692],[23.7109,39.0693],[23.7099,39.0703],[23.7068,39.0703],[23.7047,39.0724],[23.7036,39.0776],[23.704,39.0786],[23.7037,39.0807],[23.6995,39.0817],[23.6974,39.0828],[23.6922,39.0827],[23.6901,39.0822],[23.6849,39.0823],[23.6828,39.0817],[23.6807,39.0818],[23.6797,39.0828],[23.6786,39.0818],[23.6734,39.0818],[23.6724,39.0828],[23.6714,39.0828],[23.6703,39.0842],[23.6693,39.0828],[23.6672,39.0828],[23.6661,39.0839],[23.6661,39.0846],[23.6641,39.0839],[23.662,39.0839],[23.6609,39.0828],[23.6599,39.0835],[23.6578,39.0818],[23.6568,39.0828],[23.6547,39.0828],[23.6526,39.0849],[23.6526,39.0856],[23.6513,39.0859],[23.6513,39.087],[23.654,39.0922],[23.6532,39.0932],[23.6532,39.0964],[23.6521,39.0984],[23.6521,39.1016],[23.6515,39.1026],[23.6524,39.1036],[23.6521,39.1047],[23.6512,39.1057],[23.6514,39.1068],[23.6505,39.1078],[23.6495,39.1077],[23.6495,39.1089],[23.6484,39.11],[23.6453,39.1111],[23.6422,39.1095],[23.6318,39.1125],[23.6307,39.1124],[23.6304,39.112],[23.6307,39.1109],[23.6293,39.1099],[23.6276,39.1095],[23.6245,39.1105],[23.6231,39.112],[23.6237,39.1161],[23.6245,39.1172],[23.6272,39.1182],[23.6282,39.1193],[23.6297,39.1215],[23.6307,39.1252],[23.6339,39.1285],[23.6343,39.1276],[23.6359,39.1273],[23.6364,39.1276],[23.6354,39.1286],[23.6376,39.1286],[23.6365,39.1307],[23.6373,39.1318],[23.6359,39.1342],[23.6328,39.1353],[23.6312,39.1349],[23.6297,39.1337],[23.6286,39.134],[23.6283,39.1328],[23.6193,39.1254],[23.6182,39.1257],[23.6161,39.1247],[23.613,39.1255],[23.6113,39.1266],[23.6103,39.1297],[23.6093,39.1307],[23.6097,39.1328],[23.609,39.1359],[23.6105,39.138],[23.608,39.1411],[23.6077,39.1432],[23.6057,39.1453],[23.6055,39.1464],[23.6047,39.1468],[23.6036,39.1455],[23.6026,39.1453],[23.6016,39.1439],[23.5943,39.1419],[23.5901,39.1432],[23.5851,39.1474],[23.586,39.1505],[23.588,39.1535],[23.5897,39.1599],[23.5911,39.163],[23.5922,39.1618],[23.5932,39.1624],[23.5943,39.1619],[23.5953,39.1623],[23.5964,39.1616],[23.5988,39.163],[23.5998,39.1651],[23.5989,39.1661],[23.5989,39.1693],[23.5997,39.1703],[23.5997,39.1714],[23.5979,39.1755],[23.5966,39.1766],[23.5957,39.1786],[23.5959,39.1797],[23.5944,39.1828],[23.589,39.1901],[23.5877,39.1911],[23.5852,39.1953],[23.5846,39.1974],[23.584,39.2016],[23.5847,39.2047],[23.5891,39.2095],[23.5932,39.2123],[23.6016,39.2134],[23.6026,39.2141],[23.6057,39.2137],[23.6078,39.214],[23.612,39.2137],[23.6132,39.213],[23.6141,39.212],[23.6143,39.2109],[23.6158,39.2099],[23.6169,39.2078],[23.6175,39.2047],[23.6182,39.2036],[23.6224,39.202],[23.6266,39.2015],[23.6318,39.1998],[23.6392,39.1964],[23.6431,39.1911],[23.6443,39.1865],[23.6474,39.1821],[23.6516,39.1792],[23.6547,39.1783],[23.6568,39.1755],[23.6599,39.173],[23.663,39.1712],[23.6641,39.1715],[23.6672,39.1707],[23.6745,39.1679],[23.6828,39.1625],[23.6943,39.1621],[23.6995,39.1584],[23.7016,39.1574],[23.7047,39.1572],[23.7078,39.1558],[23.7109,39.1552],[23.7151,39.1548],[23.7203,39.151],[23.7238,39.1505],[23.7268,39.1484],[23.728,39.1464],[23.7283,39.1443],[23.7293,39.1432],[23.7288,39.1422],[23.7307,39.1418],[23.7312,39.1401],[23.7328,39.1404],[23.7328,39.1388],[23.7347,39.138],[23.7347,39.1359],[23.7359,39.1351],[23.737,39.1355],[23.738,39.1349],[23.7391,39.1361],[23.7411,39.1347],[23.7464,39.1362],[23.7495,39.1363],[23.7557,39.1357],[23.7578,39.1348],[23.7641,39.1341],[23.7724,39.1348],[23.7807,39.1339],[23.7839,39.1354],[23.7849,39.1345],[23.7883,39.1349],[23.7922,39.1369],[23.7953,39.1392],[23.7984,39.1401],[23.7999,39.1411],[23.8057,39.1427],[23.8089,39.144],[23.812,39.1437],[23.8141,39.1422],[23.8141,39.1398],[23.8146,39.1391],[23.8126,39.1359],[23.813,39.1352],[23.8143,39.1349],[23.8139,39.1328],[23.8142,39.1318],[23.8133,39.1297],[23.812,39.128],[23.8109,39.1282],[23.8099,39.1264],[23.8089,39.126],[23.8047,39.1254],[23.8005,39.1264],[23.7995,39.1256],[23.7984,39.126],[23.7974,39.1252],[23.7968,39.1245],[23.7967,39.1214],[23.7977,39.1203],[23.798,39.1172],[23.796,39.113],[23.7912,39.1078],[23.7881,39.1016],[23.782,39.0943],[23.7797,39.0925],[23.7745,39.0864],[23.7714,39.084],[23.7693,39.0832],[23.7661,39.0825],[23.7609,39.0825],[23.7568,39.0801],[23.7536,39.0791],[23.7505,39.0785],[23.7484,39.0792],[23.7477,39.0776],[23.7464,39.0778],[23.7422,39.0736],[23.7391,39.0723],[23.7339,39.0693],[23.7297,39.0693],[23.7286,39.0682],[23.7266,39.0682],[23.7255,39.069]],[[23.9547,39.0637],[23.9536,39.0641],[23.9526,39.0634],[23.9505,39.0635],[23.9476,39.0651],[23.9472,39.0672],[23.9485,39.0714],[23.9482,39.0724],[23.9505,39.0749],[23.9516,39.0753],[23.9536,39.0782],[23.9549,39.0786],[23.9552,39.0797],[23.9599,39.0807],[23.9609,39.0817],[23.9617,39.0807],[23.9616,39.0786],[23.9625,39.0766],[23.9623,39.0745],[23.9613,39.0724],[23.9587,39.0693],[23.9572,39.0661]]]}},{"type":"Feature","properties":{"depth":40,"kind":"band"},"geometry":{"type":"MultiPolygon","coordinates":[[[[23.9906,39.962],[23.9916,39.963],[23.9903,39.9641],[23.9885,39.963],[23.9896,39.962],[23.9906,39.962]]],[[[23.9833,39.9599],[23.9838,39.962],[23.9818,39.962],[23.9807,39.963],[23.9795,39.962],[23.9807,39.9609],[23.9807,39.9599],[23.9818,39.9589],[23.9833,39.9599]]],[[[23.5029,39.9505],[23.5023,39.9505],[23.5026,39.9498],[23.5029,39.9505]]],[[[23.9792,39.2443],[23.9786,39.2453],[23.9785,39.2443],[23.9792,39.2443]]],[[[23.9739,39.2422],[23.9755,39.2432],[23.9745,39.2444],[23.9734,39.2442],[23.9725,39.2432],[23.9733,39.2422],[23.9739,39.2422]]],[[[23.9902,39.2224],[23.991,39.2245],[23.9901,39.2258],[23.9883,39.2245],[23.9891,39.2226],[23.9902,39.2224]]],[[[23.9559,39.2161],[23.9566,39.2172],[23.9557,39.2179],[23.9547,39.2174],[23.9549,39.2161],[23.9559,39.2161]]],[[[23.1944,39.188],[23.1936,39.188],[23.1943,39.1874],[23.1944,39.188]]],[[[23.8591,39.1807],[23.8582,39.1807],[23.8589,39.1803],[23.8591,39.1807]]],[[[23.5334,39.1786],[23.5328,39.1792],[23.5328,39.1783],[23.5334,39.1786]]],[[[23.6042,39.1547],[23.6047,39.1554],[23.606,39.1557],[23.6054,39.1568],[23.606,39.1578],[23.6057,39.1583],[23.6026,39.1583],[23.6012,39.1568],[23.6016,39.1559],[23.6026,39.1563],[23.6035,39.1557],[23.6026,39.1551],[23.6026,39.1543],[23.6042,39.1547]]],[[[23.1324,39.1453],[23.1318,39.1463],[23.1311,39.1453],[23.1318,39.1448],[23.1324,39.1453]]],[[[23.1391,39.1443],[23.1398,39.1453],[23.1391,39.1463],[23.1385,39.1453],[23.1391,39.1443]]],[[[23.6029,39.1432],[23.6023,39.1432],[23.6026,39.1426],[23.6029,39.1432]]],[[[23.6014,39.1411],[23.6005,39.1416],[23.6,39.1411],[23.6005,39.1406],[23.6014,39.1411]]],[[[23.6334,39.1328],[23.6328,39.1331],[23.6323,39.1328],[23.6328,39.1323],[23.6334,39.1328]]],[[[23.1278,39.1193],[23.1297,39.1206],[23.131,39.1224],[23.1311,39.1234],[23.1328,39.1255],[23.1328,39.127],[23.1297,39.1262],[23.1269,39.1234],[23.1262,39.1214],[23.1274,39.1193],[23.1278,39.1193]]],[[[23.2272,39.1182],[23.2273,39.1193],[23.2255,39.1212],[23.2214,39.1228],[23.2193,39.123],[23.2181,39.1224],[23.2175,39.1214],[23.2173,39.1203],[23.2184,39.1182],[23.2193,39.118],[23.2214,39.1186],[23.2255,39.1176],[23.2272,39.1182]]],[[[23.9704,39.1005],[23.9693,39.1005],[23.9703,39.1],[23.9704,39.1005]]],[[[23.0173,39.0443],[23.0172,39.045],[23.0165,39.0443],[23.0173,39.0443]]],[[[23.3438,39.0245],[23.3432,39.0252],[23.3429,39.0245],[23.3432,39.024],[23.3438,39.0245]]],[[[23.0757,39.0234],[23.0755,39.0241],[23.0751,39.0234],[23.0755,39.023],[23.0757,39.0234]]],[[[23.0894,39.0109],[23.0891,39.0113],[23.0891,39.0107],[23.0894,39.0109]]],[[[23.0472,39.0005],[23.0451,39.0016],[23.0411,39.0015],[23.0401,39.0021],[23.0375,39.0005],[23.038,39],[23.0464,39],[23.0472,39.0005]]],[[[24,39.0005],[24,39.2182],[23.9995,39.219],[23.9984,39.2193],[23.9974,39.2186],[23.9943,39.2206],[23.9932,39.2199],[23.9926,39.2182],[23.9972,39.2141],[23.998,39.212],[23.9934,39.1995],[23.9926,39.1922],[23.9929,39.1818],[23.9913,39.1745],[23.9898,39.1703],[23.9895,39.1682],[23.9901,39.1599],[23.9891,39.1595],[23.9887,39.1589],[23.9891,39.1577],[23.988,39.1583],[23.9849,39.1569],[23.9828,39.1565],[23.9786,39.1566],[23.9766,39.1574],[23.9734,39.1562],[23.9724,39.1551],[23.9703,39.1544],[23.9701,39.1547],[23.9709,39.1557],[23.9703,39.1564],[23.9661,39.1574],[23.962,39.1593],[23.9578,39.157],[23.9518,39.1578],[23.9474,39.1605],[23.9453,39.1608],[23.944,39.162],[23.9443,39.163],[23.9433,39.1641],[23.9422,39.1637],[23.9401,39.1646],[23.938,39.1668],[23.9359,39.1677],[23.9349,39.167],[23.9346,39.1672],[23.935,39.1693],[23.9339,39.1702],[23.9328,39.1728],[23.9307,39.1719],[23.9299,39.1703],[23.9276,39.1687],[23.9245,39.1656],[23.9203,39.1641],[23.9188,39.163],[23.9158,39.1589],[23.9141,39.1554],[23.9099,39.1518],[23.9057,39.1498],[23.9005,39.1483],[23.8984,39.1491],[23.8964,39.1472],[23.8945,39.1464],[23.888,39.1408],[23.8839,39.1391],[23.8815,39.137],[23.8791,39.1339],[23.8756,39.1318],[23.8745,39.1318],[23.8727,39.1307],[23.8724,39.1299],[23.8714,39.1301],[23.8703,39.1293],[23.8641,39.1289],[23.8578,39.127],[23.8516,39.1266],[23.8495,39.1277],[23.8416,39.1359],[23.8377,39.138],[23.8349,39.1384],[23.8332,39.138],[23.8318,39.137],[23.8307,39.138],[23.8297,39.138],[23.8276,39.1401],[23.8275,39.1422],[23.8266,39.1432],[23.8266,39.1442],[23.8247,39.1474],[23.8234,39.1517],[23.8223,39.1536],[23.8228,39.1547],[23.8225,39.1557],[23.8231,39.1589],[23.8267,39.163],[23.8328,39.1669],[23.8359,39.1682],[23.837,39.1694],[23.8401,39.1713],[23.8434,39.1724],[23.8453,39.1738],[23.8484,39.1775],[23.8496,39.1776],[23.8505,39.1791],[23.8516,39.1784],[23.8526,39.1797],[23.8536,39.1794],[23.8557,39.1799],[23.8578,39.1813],[23.8584,39.1828],[23.8572,39.1849],[23.858,39.1859],[23.8578,39.1869],[23.8557,39.1874],[23.8547,39.1882],[23.8532,39.188],[23.855,39.1901],[23.8551,39.1911],[23.8579,39.1943],[23.8539,39.1974],[23.8526,39.1969],[23.8518,39.1974],[23.8517,39.1984],[23.8524,39.1995],[23.8524,39.2005],[23.8535,39.2016],[23.8535,39.2026],[23.856,39.2057],[23.8578,39.2072],[23.8599,39.208],[23.8724,39.2113],[23.8739,39.2141],[23.8797,39.2191],[23.881,39.2224],[23.8828,39.2241],[23.887,39.2257],[23.8891,39.2256],[23.8911,39.2265],[23.8995,39.2312],[23.9057,39.234],[23.9085,39.2359],[23.9099,39.2384],[23.9109,39.2391],[23.9104,39.2401],[23.9105,39.2422],[23.9125,39.2464],[23.9135,39.2474],[23.9141,39.2505],[23.9159,39.2526],[23.9161,39.255],[23.9183,39.2568],[23.9182,39.2578],[23.9193,39.2592],[23.9224,39.2606],[23.9245,39.2626],[23.9266,39.2634],[23.9297,39.2662],[23.9344,39.2745],[23.9351,39.2786],[23.9359,39.2794],[23.938,39.2801],[23.9405,39.2828],[23.9422,39.284],[23.9432,39.2858],[23.9432,39.287],[23.9443,39.288],[23.9443,39.2891],[23.9453,39.2901],[23.9471,39.2901],[23.9474,39.2922],[23.9484,39.2932],[23.951,39.2932],[23.9526,39.2943],[23.9547,39.2943],[23.9557,39.2953],[23.9578,39.2943],[23.9557,39.2922],[23.9568,39.2912],[23.9589,39.2918],[23.9598,39.2901],[23.9604,39.288],[23.9589,39.2849],[23.9599,39.2839],[23.9589,39.2828],[23.9599,39.2818],[23.9563,39.2776],[23.9557,39.2763],[23.9599,39.2767],[23.9599,39.2748],[23.963,39.2747],[23.9661,39.2724],[23.9672,39.2725],[23.9682,39.2734],[23.9693,39.2729],[23.9703,39.2734],[23.9745,39.2736],[23.9776,39.2718],[23.9795,39.2693],[23.9839,39.2693],[23.9839,39.2714],[23.9849,39.2724],[23.9859,39.2714],[23.987,39.2718],[23.9901,39.2745],[23.9911,39.2745],[23.9922,39.2734],[23.9911,39.2724],[23.9909,39.2682],[23.9899,39.2672],[23.9903,39.2661],[23.9894,39.2651],[23.9898,39.263],[23.9878,39.2609],[23.9885,39.2599],[23.9872,39.2589],[23.987,39.2568],[23.9859,39.2563],[23.9849,39.2547],[23.9841,39.2526],[23.9842,39.2505],[23.9803,39.2464],[23.9798,39.2453],[23.9822,39.2443],[23.9818,39.2416],[23.9828,39.2399],[23.9839,39.2401],[23.9829,39.238],[23.9859,39.2356],[23.988,39.2362],[23.9886,39.2359],[23.9874,39.2349],[23.9868,39.2328],[23.9867,39.2297],[23.988,39.2268],[23.9891,39.2272],[23.9907,39.2297],[23.9896,39.2318],[23.9899,39.2339],[23.9908,39.2349],[23.9898,39.237],[23.9922,39.2395],[23.9932,39.2393],[23.9953,39.2407],[23.9964,39.2402],[24,39.2443],[24,39.9536],[23.9995,39.954],[23.9994,39.9526],[23.9984,39.9513],[23.9948,39.9505],[23.9932,39.9496],[23.9932,39.9484],[23.9922,39.9468],[23.9891,39.9464],[23.987,39.9448],[23.9859,39.9448],[23.9849,39.9456],[23.9839,39.9443],[23.9818,39.9443],[23.9807,39.9432],[23.9776,39.9432],[23.9766,39.9438],[23.9661,39.9433],[23.9651,39.9435],[23.9641,39.9453],[23.963,39.9453],[23.9619,39.9422],[23.9599,39.9404],[23.9547,39.9394],[23.9516,39.9359],[23.9505,39.9359],[23.9495,39.9349],[23.9432,39.9347],[23.9422,39.9349],[23.9411,39.9359],[23.9411,39.9366],[23.9391,39.9367],[23.9359,39.9364],[23.9318,39.9349],[23.9297,39.9349],[23.9286,39.9359],[23.9276,39.9349],[23.9266,39.9359],[23.9258,39.938],[23.926,39.9391],[23.9269,39.9401],[23.9266,39.9407],[23.9255,39.941],[23.9245,39.9405],[23.9224,39.942],[23.9193,39.9413],[23.9167,39.9422],[23.9158,39.9432],[23.9136,39.9484],[23.9109,39.9511],[23.9099,39.9518],[23.9078,39.9515],[23.9047,39.9541],[23.8958,39.9589],[23.895,39.9609],[23.8963,39.963],[23.896,39.9651],[23.8949,39.9672],[23.8953,39.9693],[23.8942,39.9703],[23.8949,39.9714],[23.8945,39.9724],[23.8956,39.9734],[23.8958,39.9766],[23.8932,39.9809],[23.8901,39.9834],[23.8884,39.9859],[23.8849,39.9889],[23.8818,39.9902],[23.8776,39.991],[23.8724,39.991],[23.8703,39.9915],[23.8661,39.9942],[23.8589,40],[23.8203,40],[23.8193,39.9992],[23.8182,40],[23.6182,40],[23.6175,39.9995],[23.6245,39.995],[23.6258,39.9922],[23.6349,39.9897],[23.637,39.9886],[23.6432,39.9903],[23.6474,39.9906],[23.6557,39.9891],[23.662,39.9892],[23.6641,39.9885],[23.6651,39.9886],[23.6661,39.9874],[23.6714,39.985],[23.6752,39.9818],[23.6828,39.978],[23.6848,39.9755],[23.6857,39.9724],[23.6857,39.9682],[23.6868,39.9651],[23.6879,39.9641],[23.688,39.963],[23.6906,39.9578],[23.6905,39.9557],[23.6933,39.9484],[23.6928,39.9464],[23.6932,39.9453],[23.6974,39.9401],[23.6984,39.9401],[23.6995,39.9388],[23.7036,39.9373],[23.7089,39.9361],[23.7172,39.936],[23.7266,39.9369],[23.7307,39.9376],[23.7339,39.9388],[23.7359,39.9389],[23.7453,39.9383],[23.7487,39.937],[23.7502,39.9349],[23.7521,39.9307],[23.7524,39.9276],[23.7534,39.9245],[23.7535,39.9161],[23.7534,39.9151],[23.7526,39.9142],[23.7443,39.913],[23.7401,39.9119],[23.7339,39.9119],[23.7286,39.9104],[23.7234,39.908],[23.7192,39.9078],[23.7172,39.9063],[23.7161,39.9063],[23.7152,39.9068],[23.713,39.9068],[23.711,39.9078],[23.7057,39.9078],[23.7005,39.9093],[23.6984,39.9094],[23.6922,39.9126],[23.6901,39.9145],[23.6891,39.913],[23.688,39.9141],[23.6807,39.9141],[23.6797,39.913],[23.6609,39.9121],[23.6557,39.9111],[23.6464,39.9123],[23.637,39.9124],[23.6328,39.9119],[23.6266,39.9124],[23.6214,39.9149],[23.6172,39.9162],[23.6078,39.9178],[23.6026,39.9195],[23.5974,39.9193],[23.5964,39.92],[23.5911,39.9199],[23.588,39.9223],[23.5849,39.9228],[23.5755,39.9259],[23.563,39.9278],[23.5474,39.9333],[23.5432,39.9359],[23.538,39.938],[23.5328,39.9394],[23.512,39.9472],[23.5089,39.9482],[23.5036,39.9489],[23.5016,39.9501],[23.4995,39.9505],[23.4974,39.9521],[23.4943,39.9512],[23.4948,39.9526],[23.4943,39.9531],[23.4922,39.9522],[23.4901,39.9545],[23.4859,39.9558],[23.4818,39.9563],[23.4807,39.9569],[23.4697,39.9557],[23.4661,39.9566],[23.4662,39.9578],[23.4651,39.9589],[23.463,39.9586],[23.4474,39.9597],[23.4411,39.9596],[23.4349,39.9583],[23.4218,39.9526],[23.4182,39.9516],[23.3932,39.9513],[23.3797,39.9522],[23.3724,39.9508],[23.3589,39.9461],[23.3547,39.946],[23.3484,39.9474],[23.3453,39.9495],[23.3435,39.9516],[23.3427,39.9547],[23.3432,39.9578],[23.3461,39.9724],[23.3469,39.9745],[23.3487,39.9776],[23.3547,39.9844],[23.3578,39.9915],[23.3581,39.9974],[23.3568,40],[23.0005,40],[23,39.9995],[23,39.5609],[23.0005,39.5602],[23.0026,39.5602],[23.0047,39.5597],[23.0089,39.5571],[23.012,39.5541],[23.0151,39.5488],[23.0199,39.5443],[23.0205,39.5432],[23.0266,39.5386],[23.0318,39.5367],[23.038,39.5388],[23.0444,39.538],[23.0505,39.5364],[23.056,39.5339],[23.0599,39.5311],[23.0605,39.5286],[23.062,39.527],[23.0651,39.525],[23.0672,39.523],[23.0691,39.5224],[23.0734,39.5181],[23.0891,39.5104],[23.1005,39.501],[23.1016,39.5011],[23.1024,39.5005],[23.1025,39.4995],[23.1059,39.4943],[23.1084,39.4891],[23.1094,39.488],[23.1101,39.4859],[23.112,39.4829],[23.1165,39.4776],[23.1199,39.4745],[23.1264,39.463],[23.1318,39.457],[23.1372,39.4526],[23.1401,39.4513],[23.1412,39.4516],[23.1432,39.4493],[23.1442,39.4474],[23.1474,39.4459],[23.1536,39.4396],[23.1562,39.438],[23.163,39.4322],[23.1701,39.4255],[23.1755,39.4201],[23.1776,39.4168],[23.1859,39.4121],[23.1891,39.4089],[23.1901,39.407],[23.1922,39.4062],[23.1932,39.4063],[23.1953,39.4049],[23.1967,39.4047],[23.1998,39.4005],[23.2001,39.3984],[23.2016,39.3964],[23.2014,39.3943],[23.2022,39.3922],[23.2055,39.388],[23.2069,39.388],[23.2078,39.3839],[23.2105,39.3797],[23.212,39.3731],[23.2141,39.3711],[23.2151,39.3708],[23.2157,39.3693],[23.2193,39.3654],[23.2219,39.3641],[23.2266,39.3599],[23.227,39.3568],[23.2277,39.3557],[23.2328,39.3519],[23.2359,39.3503],[23.237,39.3502],[23.2378,39.3495],[23.238,39.3482],[23.2422,39.3455],[23.2555,39.3411],[23.2599,39.3388],[23.2641,39.3353],[23.2682,39.3302],[23.2737,39.3266],[23.2759,39.3245],[23.2774,39.3214],[23.2792,39.3193],[23.2822,39.312],[23.284,39.3047],[23.2836,39.3026],[23.2844,39.3005],[23.2897,39.2932],[23.2924,39.287],[23.293,39.2818],[23.2935,39.2807],[23.2964,39.2769],[23.2995,39.2746],[23.3095,39.2693],[23.312,39.2686],[23.3138,39.2672],[23.3214,39.2592],[23.3249,39.2547],[23.3269,39.2505],[23.3297,39.2408],[23.3314,39.238],[23.3342,39.2349],[23.3359,39.2307],[23.337,39.2306],[23.3381,39.2297],[23.3377,39.2276],[23.3393,39.2245],[23.3392,39.2234],[23.34,39.2203],[23.3447,39.2151],[23.346,39.212],[23.348,39.2099],[23.3495,39.2068],[23.3529,39.2016],[23.3618,39.1911],[23.362,39.189],[23.3654,39.1859],[23.3661,39.1847],[23.3682,39.1841],[23.3724,39.1811],[23.3745,39.1805],[23.376,39.1807],[23.3776,39.1794],[23.3807,39.1803],[23.388,39.1791],[23.4016,39.179],[23.4047,39.1794],[23.4224,39.1855],[23.4245,39.1865],[23.4274,39.1891],[23.4286,39.189],[23.4287,39.1901],[23.4322,39.1922],[23.4321,39.1932],[23.4332,39.1964],[23.4326,39.1974],[23.4359,39.2044],[23.4401,39.2071],[23.4495,39.2097],[23.4526,39.2119],[23.4559,39.2151],[23.4609,39.2178],[23.462,39.2188],[23.4651,39.2195],[23.4661,39.218],[23.4672,39.2183],[23.4682,39.2166],[23.4693,39.216],[23.4714,39.2158],[23.4766,39.217],[23.4849,39.218],[23.4891,39.2164],[23.4898,39.2151],[23.4911,39.2144],[23.4922,39.2148],[23.4932,39.2138],[23.4953,39.2139],[23.4964,39.2119],[23.4974,39.2114],[23.4984,39.2124],[23.4994,39.212],[23.5003,39.2109],[23.5005,39.2072],[23.5047,39.2067],[23.5078,39.202],[23.5099,39.2006],[23.5128,39.1995],[23.5189,39.1953],[23.5214,39.1946],[23.5234,39.1918],[23.5245,39.1912],[23.5245,39.1899],[23.5281,39.188],[23.528,39.187],[23.5297,39.1852],[23.5304,39.1828],[23.5317,39.1818],[23.5312,39.1807],[23.5318,39.1804],[23.5328,39.1811],[23.5339,39.1809],[23.5333,39.1797],[23.5353,39.1776],[23.5359,39.1755],[23.5359,39.1693],[23.5335,39.1641],[23.5326,39.163],[23.5314,39.1578],[23.5314,39.1557],[23.537,39.155],[23.5375,39.1547],[23.5373,39.1536],[23.5389,39.1526],[23.5383,39.1484],[23.535,39.1432],[23.5318,39.141],[23.5273,39.1391],[23.5234,39.138],[23.5224,39.1386],[23.5214,39.1382],[23.5203,39.1369],[23.5214,39.1369],[23.5234,39.138],[23.5239,39.137],[23.5203,39.1336],[23.5172,39.1316],[23.5161,39.1317],[23.5152,39.1307],[23.5141,39.1245],[23.5125,39.1203],[23.5126,39.1182],[23.512,39.1161],[23.5089,39.1128],[23.4995,39.1116],[23.4911,39.113],[23.4818,39.1167],[23.4808,39.1182],[23.4778,39.1193],[23.4766,39.1207],[23.4734,39.122],[23.4693,39.1218],[23.4672,39.1225],[23.4651,39.1212],[23.463,39.1209],[23.4589,39.1216],[23.4568,39.1222],[23.4547,39.1238],[23.4451,39.1255],[23.4401,39.1284],[23.4357,39.1297],[23.4349,39.131],[23.4339,39.131],[23.4318,39.1289],[23.4288,39.1276],[23.4281,39.1266],[23.4234,39.1251],[23.4214,39.1252],[23.4182,39.1269],[23.4161,39.1297],[23.413,39.1313],[23.412,39.1334],[23.4099,39.1345],[23.4078,39.1347],[23.4068,39.1367],[23.4037,39.138],[23.3984,39.1343],[23.3932,39.1338],[23.3891,39.1341],[23.3839,39.1359],[23.3807,39.1377],[23.377,39.1411],[23.377,39.1422],[23.3766,39.1427],[23.3745,39.1437],[23.3693,39.1449],[23.3661,39.1451],[23.362,39.1466],[23.3609,39.1461],[23.3589,39.1464],[23.356,39.1411],[23.3536,39.1387],[23.3516,39.1383],[23.3464,39.1359],[23.3432,39.1358],[23.3359,39.1375],[23.3349,39.137],[23.3345,39.138],[23.3328,39.1392],[23.3318,39.1392],[23.3297,39.1419],[23.3286,39.141],[23.3276,39.1412],[23.3203,39.1394],[23.3161,39.1372],[23.313,39.1347],[23.312,39.1332],[23.3109,39.1333],[23.3089,39.1317],[23.3068,39.1314],[23.3057,39.1318],[23.3047,39.1311],[23.3036,39.132],[23.3026,39.1313],[23.2995,39.1318],[23.2932,39.1299],[23.288,39.1301],[23.2797,39.128],[23.2786,39.1273],[23.2776,39.1275],[23.2766,39.127],[23.2734,39.1279],[23.2703,39.1268],[23.2661,39.1233],[23.2651,39.1237],[23.2589,39.1187],[23.2516,39.1161],[23.2505,39.1166],[23.2443,39.1155],[23.2422,39.1146],[23.2376,39.1109],[23.2349,39.1053],[23.2325,39.1026],[23.2266,39.0983],[23.2172,39.0932],[23.212,39.0875],[23.2078,39.0855],[23.2068,39.0861],[23.2057,39.0853],[23.2026,39.0848],[23.2016,39.0852],[23.2005,39.0845],[23.1995,39.0859],[23.1974,39.0847],[23.1964,39.0853],[23.1953,39.0851],[23.1932,39.0866],[23.1911,39.0869],[23.1901,39.0887],[23.188,39.0885],[23.1849,39.0903],[23.1839,39.0896],[23.1807,39.0896],[23.1776,39.0881],[23.1766,39.0883],[23.1745,39.0862],[23.1734,39.0862],[23.1724,39.0843],[23.1693,39.082],[23.1661,39.0805],[23.1599,39.0791],[23.1578,39.0795],[23.1557,39.0786],[23.1547,39.0791],[23.1516,39.0782],[23.1505,39.0789],[23.1484,39.0787],[23.1453,39.077],[23.1411,39.0762],[23.1401,39.0766],[23.138,39.075],[23.137,39.0752],[23.1328,39.074],[23.1307,39.0746],[23.1286,39.0737],[23.1214,39.0731],[23.1193,39.0739],[23.1172,39.0733],[23.1161,39.0737],[23.1141,39.0735],[23.113,39.0752],[23.112,39.0738],[23.1109,39.0738],[23.1057,39.0744],[23.1016,39.0758],[23.0849,39.0745],[23.0745,39.0754],[23.0755,39.0766],[23.0749,39.0776],[23.0733,39.0786],[23.0714,39.0808],[23.0661,39.0888],[23.062,39.0896],[23.0609,39.0889],[23.0578,39.0891],[23.0526,39.0928],[23.0505,39.0932],[23.0474,39.0952],[23.0462,39.0984],[23.0464,39.0995],[23.0451,39.1016],[23.0456,39.1036],[23.0434,39.1057],[23.0448,39.1068],[23.045,39.1089],[23.0462,39.1109],[23.0483,39.112],[23.0504,39.1141],[23.0518,39.1161],[23.0539,39.1182],[23.0537,39.1193],[23.0551,39.1203],[23.0551,39.1224],[23.0568,39.1266],[23.0573,39.1297],[23.0567,39.1359],[23.0572,39.138],[23.0586,39.1401],[23.0584,39.1411],[23.0592,39.1422],[23.0587,39.1443],[23.0565,39.1464],[23.0568,39.1484],[23.0558,39.1495],[23.0561,39.1505],[23.055,39.1526],[23.0553,39.1547],[23.0542,39.1599],[23.0518,39.162],[23.0496,39.1651],[23.0484,39.1644],[23.0478,39.1651],[23.0474,39.1667],[23.0464,39.1668],[23.0432,39.1686],[23.0401,39.1709],[23.0391,39.1724],[23.038,39.1755],[23.0381,39.1786],[23.0393,39.1818],[23.0424,39.1859],[23.0464,39.1889],[23.0505,39.191],[23.0526,39.1916],[23.0578,39.191],[23.0589,39.1913],[23.0641,39.1888],[23.0662,39.187],[23.0662,39.1859],[23.0703,39.1818],[23.0714,39.1824],[23.0734,39.1806],[23.0745,39.1811],[23.0766,39.1804],[23.0839,39.1805],[23.088,39.1798],[23.0891,39.1785],[23.0901,39.1782],[23.0964,39.1779],[23.1016,39.1766],[23.1068,39.1731],[23.1109,39.1714],[23.1151,39.1689],[23.12,39.1651],[23.1215,39.163],[23.1236,39.1589],[23.1249,39.1578],[23.1243,39.1568],[23.1245,39.1562],[23.1255,39.155],[23.1264,39.1547],[23.1257,39.1536],[23.1268,39.1516],[23.1283,39.1505],[23.1281,39.1495],[23.1286,39.1484],[23.1297,39.1487],[23.1318,39.1465],[23.1328,39.148],[23.1336,39.1474],[23.1321,39.1464],[23.1339,39.146],[23.1343,39.1453],[23.1342,39.1443],[23.1349,39.1439],[23.1356,39.1443],[23.1365,39.1464],[23.1391,39.1478],[23.1398,39.1474],[23.1391,39.1464],[23.1401,39.1456],[23.1405,39.1474],[23.1432,39.1501],[23.1448,39.1505],[23.1494,39.1536],[23.1568,39.1564],[23.1589,39.1576],[23.1599,39.1572],[23.1651,39.1582],[23.1672,39.1604],[23.1724,39.1627],[23.1755,39.1652],[23.1818,39.1689],[23.1828,39.1698],[23.1839,39.1735],[23.1857,39.1766],[23.187,39.1777],[23.1911,39.1793],[23.1937,39.1818],[23.1934,39.1839],[23.1926,39.1849],[23.1943,39.1858],[23.1941,39.187],[23.1922,39.1898],[23.1911,39.1891],[23.1901,39.1909],[23.1885,39.1922],[23.188,39.1942],[23.1881,39.1974],[23.1859,39.1984],[23.186,39.2005],[23.1847,39.2005],[23.184,39.2036],[23.1807,39.2091],[23.1748,39.2182],[23.1703,39.2234],[23.1683,39.2349],[23.1684,39.238],[23.1679,39.2391],[23.1682,39.2425],[23.1667,39.2484],[23.1656,39.2495],[23.166,39.2516],[23.1641,39.2523],[23.163,39.2535],[23.16,39.2547],[23.1599,39.257],[23.1575,39.2609],[23.154,39.2651],[23.1535,39.2661],[23.1536,39.2672],[23.1505,39.2695],[23.1484,39.2697],[23.1474,39.2711],[23.1443,39.2734],[23.137,39.2806],[23.1349,39.2815],[23.1328,39.2818],[23.1318,39.2813],[23.1234,39.2855],[23.1224,39.2871],[23.1172,39.2885],[23.1149,39.2911],[23.1154,39.2922],[23.1151,39.2926],[23.1135,39.2943],[23.1109,39.2954],[23.1089,39.2959],[23.1016,39.2961],[23.1005,39.2967],[23.0984,39.2967],[23.0932,39.2984],[23.0911,39.2983],[23.0828,39.3005],[23.0797,39.3001],[23.0776,39.301],[23.0766,39.3019],[23.0755,39.3014],[23.0745,39.3017],[23.0682,39.2996],[23.0672,39.2999],[23.0651,39.2995],[23.0547,39.3004],[23.0505,39.3016],[23.0453,39.3014],[23.0401,39.3031],[23.0286,39.3024],[23.0203,39.3013],[23.0182,39.3016],[23.0161,39.301],[23.0141,39.3015],[23.0109,39.3011],[23.0089,39.3018],[23.0036,39.3014],[23,39.3005],[23,39.0703],[23.002,39.0682],[23.003,39.0661],[23.0029,39.0651],[23.0005,39.063],[23,39.062],[23,39.0495],[23.0024,39.0464],[23.0057,39.0457],[23.0099,39.0436],[23.012,39.0431],[23.0151,39.0438],[23.0172,39.0454],[23.0182,39.045],[23.0203,39.0466],[23.0214,39.0462],[23.0391,39.0506],[23.0401,39.0503],[23.0422,39.052],[23.0432,39.0519],[23.0464,39.0538],[23.0484,39.0529],[23.0495,39.0537],[23.0505,39.0531],[23.0516,39.0532],[23.0534,39.0516],[23.0557,39.0505],[23.0682,39.049],[23.0703,39.0498],[23.072,39.0484],[23.0734,39.0486],[23.0766,39.048],[23.0779,39.0464],[23.0769,39.0432],[23.0784,39.038],[23.0786,39.0318],[23.0774,39.0286],[23.0773,39.0266],[23.0757,39.0245],[23.0766,39.0241],[23.0776,39.0248],[23.0786,39.0249],[23.079,39.0245],[23.0786,39.0235],[23.0776,39.0239],[23.0773,39.0234],[23.0786,39.0234],[23.0797,39.0224],[23.0797,39.0212],[23.0807,39.0216],[23.0832,39.0193],[23.0839,39.017],[23.0849,39.0174],[23.0859,39.0154],[23.087,39.0155],[23.0878,39.0151],[23.0873,39.013],[23.088,39.0127],[23.0891,39.0131],[23.0901,39.0113],[23.0911,39.0116],[23.0943,39.0103],[23.0964,39.0062],[23.0995,39.0071],[23.1068,39.0065],[23.1109,39.0073],[23.1169,39.0099],[23.1255,39.0162],[23.1266,39.0159],[23.1286,39.0169],[23.1328,39.0177],[23.1557,39.0186],[23.1599,39.0183],[23.1724,39.0187],[23.1776,39.0183],[23.1849,39.0169],[23.1964,39.0172],[23.2016,39.019],[23.2089,39.0242],[23.213,39.0278],[23.2193,39.0315],[23.2224,39.0327],[23.2286,39.0335],[23.237,39.0361],[23.2495,39.0372],[23.2557,39.0399],[23.2609,39.0433],[23.2734,39.0477],[23.2797,39.0486],[23.2943,39.0494],[23.3036,39.0496],[23.3078,39.0491],[23.3089,39.0503],[23.3109,39.0515],[23.313,39.0511],[23.3141,39.0495],[23.3161,39.0499],[23.3172,39.049],[23.3182,39.0496],[23.3193,39.0496],[23.3203,39.0479],[23.3214,39.049],[23.3224,39.049],[23.3234,39.0497],[23.3245,39.0493],[23.3276,39.0509],[23.3307,39.0512],[23.3339,39.0533],[23.3349,39.0533],[23.3391,39.0529],[23.3432,39.0515],[23.3484,39.0457],[23.3487,39.0443],[23.35,39.0422],[23.3499,39.0401],[23.3484,39.0382],[23.3464,39.0375],[23.3443,39.0356],[23.3427,39.0349],[23.3408,39.0328],[23.3395,39.0297],[23.3395,39.0286],[23.3405,39.0276],[23.3411,39.0254],[23.3422,39.0253],[23.3432,39.0258],[23.3449,39.0245],[23.3444,39.0234],[23.3453,39.0226],[23.3464,39.0219],[23.3474,39.0225],[23.349,39.0203],[23.3508,39.0193],[23.3536,39.0164],[23.3567,39.0151],[23.3609,39.0144],[23.3651,39.0126],[23.3693,39.0116],[23.3766,39.0113],[23.3818,39.0081],[23.3849,39.0085],[23.3859,39.0078],[23.387,39.008],[23.3922,39.0106],[23.3943,39.0105],[23.3973,39.0089],[23.3978,39.0068],[23.3964,39.0049],[23.3943,39.0037],[23.388,39.0017],[23.3867,39.0005],[23.387,39],[23.9995,39],[24,39.0005]],[[23.9734,39.0956],[23.9724,39.0965],[23.9714,39.0966],[23.9703,39.0979],[23.9702,39.0995],[23.968,39.1026],[23.9685,39.1036],[23.9683,39.1068],[23.9687,39.1078],[23.9684,39.1109],[23.9694,39.1141],[23.9726,39.1182],[23.9745,39.1224],[23.9754,39.1255],[23.9771,39.1276],[23.9765,39.1286],[23.9776,39.1282],[23.9781,39.1286],[23.9786,39.1307],[23.9797,39.131],[23.9801,39.1318],[23.9797,39.133],[23.9807,39.1325],[23.9818,39.1337],[23.9839,39.1339],[23.987,39.1356],[23.9901,39.1363],[23.9964,39.1361],[23.9981,39.1339],[23.9986,39.1318],[23.9982,39.1276],[23.996,39.1214],[23.9932,39.1176],[23.9908,39.1151],[23.9897,39.113],[23.9884,39.1057],[23.9871,39.1026],[23.9849,39.0999],[23.9818,39.0976],[23.9807,39.0979],[23.9786,39.0969],[23.9745,39.0966],[23.9734,39.0956]],[[23.7234,39.067],[23.7224,39.0661],[23.7203,39.0662],[23.7182,39.069],[23.7109,39.0693],[23.7099,39.0703],[23.7068,39.0703],[23.7047,39.0724],[23.7032,39.0776],[23.7032,39.0797],[23.7026,39.0802],[23.6964,39.0823],[23.6859,39.0821],[23.6828,39.0815],[23.6807,39.0818],[23.6797,39.0828],[23.6786,39.0817],[23.6755,39.0815],[23.6734,39.0818],[23.6721,39.0828],[23.6714,39.0828],[23.6703,39.0839],[23.6693,39.0828],[23.6672,39.0828],[23.6661,39.0843],[23.662,39.0839],[23.6609,39.0828],[23.6599,39.0833],[23.6578,39.0818],[23.6568,39.0828],[23.6547,39.0828],[23.6526,39.0849],[23.6526,39.0854],[23.651,39.0859],[23.651,39.087],[23.6531,39.0911],[23.6526,39.0932],[23.653,39.0953],[23.6516,39.0984],[23.6519,39.0995],[23.6505,39.1036],[23.6514,39.1047],[23.6506,39.1057],[23.6507,39.1068],[23.6495,39.107],[23.6484,39.1086],[23.6472,39.1089],[23.6475,39.1099],[23.6464,39.1101],[23.6453,39.1096],[23.6432,39.1101],[23.6422,39.1091],[23.6391,39.1102],[23.6318,39.1118],[23.6316,39.1109],[23.6286,39.1092],[23.6245,39.1102],[23.6227,39.112],[23.6234,39.1172],[23.6255,39.1205],[23.6272,39.1214],[23.6308,39.1276],[23.6307,39.1296],[23.6297,39.1307],[23.6286,39.1307],[23.6246,39.1276],[23.6203,39.1259],[23.6182,39.1243],[23.6161,39.1239],[23.6109,39.126],[23.6105,39.1276],[23.6094,39.1286],[23.6092,39.1297],[23.6078,39.1318],[23.6089,39.1328],[23.6077,39.1349],[23.6076,39.1359],[23.6091,39.137],[23.6092,39.138],[23.6078,39.1385],[23.6068,39.1373],[23.6063,39.138],[23.6073,39.1391],[23.6072,39.1401],[23.6047,39.143],[23.6026,39.1421],[23.6005,39.1398],[23.5984,39.1419],[23.5943,39.141],[23.5922,39.1412],[23.587,39.144],[23.5839,39.1464],[23.5818,39.1453],[23.5812,39.1464],[23.5828,39.1472],[23.5833,39.1484],[23.5837,39.1516],[23.5833,39.1536],[23.5839,39.1547],[23.5849,39.1526],[23.5868,39.1557],[23.588,39.1566],[23.5888,39.162],[23.5901,39.1632],[23.5932,39.1643],[23.596,39.1641],[23.5955,39.1651],[23.5966,39.1682],[23.5953,39.1734],[23.5943,39.1736],[23.5939,39.1745],[23.5918,39.1807],[23.5893,39.1849],[23.5878,39.1849],[23.588,39.1859],[23.5876,39.187],[23.587,39.1873],[23.5857,39.187],[23.5862,39.188],[23.5825,39.1943],[23.5811,39.1995],[23.581,39.2016],[23.5818,39.2041],[23.5861,39.2089],[23.5901,39.212],[23.5932,39.2131],[23.5974,39.2135],[23.6036,39.2149],[23.6123,39.2141],[23.614,39.213],[23.6172,39.2085],[23.6184,39.2078],[23.618,39.2068],[23.6193,39.2047],[23.6203,39.2047],[23.6214,39.2039],[23.6266,39.2026],[23.6286,39.2016],[23.6318,39.2011],[23.6401,39.1971],[23.6436,39.1922],[23.6462,39.187],[23.6492,39.1828],[23.6516,39.1815],[23.6526,39.1803],[23.6551,39.1797],[23.6578,39.1763],[23.6602,39.1745],[23.6641,39.1723],[23.6672,39.172],[23.6734,39.1695],[23.6828,39.1641],[23.6859,39.1633],[23.6943,39.1627],[23.7007,39.1589],[23.7047,39.1581],[23.7089,39.1566],[23.7151,39.1555],[23.7203,39.152],[23.7245,39.1509],[23.7266,39.1494],[23.7276,39.1496],[23.7286,39.1463],[23.7308,39.1443],[23.7307,39.1431],[23.7349,39.1408],[23.7361,39.1411],[23.7354,39.1401],[23.7353,39.1391],[23.7359,39.1382],[23.7391,39.1379],[23.7401,39.1383],[23.7411,39.1376],[23.7474,39.1377],[23.7547,39.1372],[23.763,39.1357],[23.7714,39.1364],[23.7745,39.1361],[23.7766,39.1367],[23.7797,39.136],[23.7839,39.1372],[23.7859,39.1368],[23.788,39.1373],[23.7922,39.1393],[23.7943,39.1413],[23.7964,39.142],[23.8057,39.1431],[23.8089,39.1447],[23.812,39.144],[23.8141,39.1422],[23.8141,39.1406],[23.8152,39.1391],[23.8134,39.1359],[23.8141,39.1359],[23.8148,39.1349],[23.815,39.1328],[23.814,39.1276],[23.812,39.1252],[23.8099,39.1241],[23.8068,39.1234],[23.8057,39.1245],[23.8036,39.1241],[23.8026,39.1247],[23.8005,39.1249],[23.7984,39.1244],[23.7981,39.1224],[23.7995,39.1197],[23.7997,39.1182],[23.7986,39.1141],[23.7974,39.1124],[23.7961,39.112],[23.7966,39.1109],[23.7941,39.1089],[23.7893,39.1005],[23.787,39.0984],[23.7839,39.094],[23.7807,39.0913],[23.7761,39.0859],[23.7703,39.082],[23.7609,39.081],[23.7589,39.0797],[23.7484,39.0778],[23.7464,39.0762],[23.7453,39.076],[23.7443,39.0741],[23.7401,39.0726],[23.7339,39.0693],[23.7297,39.0693],[23.7286,39.0682],[23.7266,39.0682],[23.7255,39.0688],[23.7234,39.067]],[[23.9547,39.0632],[23.9505,39.0633],[23.9474,39.0648],[23.9466,39.0661],[23.9471,39.0703],[23.9466,39.0724],[23.948,39.0734],[23.9492,39.0755],[23.9522,39.0786],[23.9536,39.0808],[23.9609,39.0827],[23.962,39.0811],[23.9631,39.0818],[23.962,39.0797],[23.9636,39.0776],[23.9631,39.0734],[23.9599,39.0702],[23.9578,39.0655],[23.9557,39.0644],[23.9547,39.0632]]]]}},{"type":"Feature","properties":{"depth":40,"kind":"isobath"},"geometry":{"type":"MultiLineString","coordinates":[[[23.9906,39.962],[23.9916,39.963],[23.9903,39.9641],[23.9885,39.963],[23.9896,39.962]],[[23.9833,39.9599],[23.9838,39.962],[23.9818,39.962],[23.9807,39.963],[23.9795,39.962],[23.9807,39.9609],[23.9807,39.9599],[23.9818,39.9589]],[[23.5029,39.9505],[23.5023,39.9505],[23.5026,39.9498]],[[23.9792,39.2443],[23.9786,39.2453],[23.9785,39.2443]],[[23.9739,39.2422],[23.9755,39.2432],[23.9745,39.2444],[23.9734,39.2442],[23.9725,39.2432],[23.9733,39.2422]],[[23.9902,39.2224],[23.991,39.2245],[23.9901,39.2258],[23.9883,39.2245],[23.9891,39.2226]],[[23.9559,39.2161],[23.9566,39.2172],[23.9557,39.2179],[23.9547,39.2174],[23.9549,39.2161]],[[23.1944,39.188],[23.1936,39.188],[23.1943,39.1874]],[[23.8591,39.1807],[23.8582,39.1807],[23.8589,39.1803]],[[23.5334,39.1786],[23.5328,39.1792],[23.5328,39.1783]],[[23.6042,39.1547],[23.6047,39.1554],[23.606,39.1557],[23.6054,39.1568],[23.606,39.1578],[23.6057,39.1583],[23.6026,39.1583],[23.6012,39.1568],[23.6016,39.1559],[23.6026,39.1563],[23.6035,39.1557],[23.6026,39.1551],[23.6026,39.1543]],[[23.1324,39.1453],[23.1318,39.1463],[23.1311,39.1453],[23.1318,39.1448]],[[23.1391,39.1443],[23.1398,39.1453],[23.1391,39.1463],[23.1385,39.1453]],[[23.6029,39.1432],[23.6023,39.1432],[23.6026,39.1426]],[[23.6014,39.1411],[23.6005,39.1416],[23.6,39.1411],[23.6005,39.1406]],[[23.6334,39.1328],[23.6328,39.1331],[23.6323,39.1328],[23.6328,39.1323]],[[23.1278,39.1193],[23.1297,39.1206],[23.131,39.1224],[23.1311,39.1234],[23.1328,39.1255],[23.1328,39.127],[23.1297,39.1262],[23.1269,39.1234],[23.1262,39.1214],[23.1274,39.1193]],[[23.2272,39.1182],[23.2273,39.1193],[23.2255,39.1212],[23.2214,39.1228],[23.2193,39.123],[23.2181,39.1224],[23.2175,39.1214],[23.2173,39.1203],[23.2184,39.1182],[23.2193,39.118],[23.2214,39.1186],[23.2255,39.1176]],[[23.9704,39.1005],[23.9693,39.1005],[23.9703,39.1]],[[23.0173,39.0443],[23.0172,39.045],[23.0165,39.0443]],[[23.3438,39.0245],[23.3432,39.0252],[23.3429,39.0245],[23.3432,39.024]],[[23.0757,39.0234],[23.0755,39.0241],[23.0751,39.0234],[23.0755,39.023]],[[23.0894,39.0109],[23.0891,39.0113],[23.0891,39.0107]],[[23.0472,39.0005],[23.0451,39.0016],[23.0411,39.0015],[23.0401,39.0021],[23.0375,39.0005]],[[23.9995,39.219],[23.9984,39.2193],[23.9974,39.2186],[23.9943,39.2206],[23.9932,39.2199],[23.9926,39.2182],[23.9972,39.2141],[23.998,39.212],[23.9934,39.1995],[23.9926,39.1922],[23.9929,39.1818],[23.9913,39.1745],[23.9898,39.1703],[23.9895,39.1682],[23.9901,39.1599],[23.9891,39.1595],[23.9887,39.1589],[23.9891,39.1577],[23.988,39.1583],[23.9849,39.1569],[23.9828,39.1565],[23.9786,39.1566],[23.9766,39.1574],[23.9734,39.1562],[23.9724,39.1551],[23.9703,39.1544],[23.9701,39.1547],[23.9709,39.1557],[23.9703,39.1564],[23.9661,39.1574],[23.962,39.1593],[23.9578,39.157],[23.9518,39.1578],[23.9474,39.1605],[23.9453,39.1608],[23.944,39.162],[23.9443,39.163],[23.9433,39.1641],[23.9422,39.1637],[23.9401,39.1646],[23.938,39.1668],[23.9359,39.1677],[23.9349,39.167],[23.9346,39.1672],[23.935,39.1693],[23.9339,39.1702],[23.9328,39.1728],[23.9307,39.1719],[23.9299,39.1703],[23.9276,39.1687],[23.9245,39.1656],[23.9203,39.1641],[23.9188,39.163],[23.9158,39.1589],[23.9141,39.1554],[23.9099,39.1518],[23.9057,39.1498],[23.9005,39.1483],[23.8984,39.1491],[23.8964,39.1472],[23.8945,39.1464],[23.888,39.1408],[23.8839,39.1391],[23.8815,39.137],[23.8791,39.1339],[23.8756,39.1318],[23.8745,39.1318],[23.8727,39.1307],[23.8724,39.1299],[23.8714,39.1301],[23.8703,39.1293],[23.8641,39.1289],[23.8578,39.127],[23.8516,39.1266],[23.8495,39.1277],[23.8416,39.1359],[23.8377,39.138],[23.8349,39.1384],[23.8332,39.138],[23.8318,39.137],[23.8307,39.138],[23.8297,39.138],[23.8276,39.1401],[23.8275,39.1422],[23.8266,39.1432],[23.8266,39.1442],[23.8247,39.1474],[23.8234,39.1517],[23.8223,39.1536],[23.8228,39.1547],[23.8225,39.1557],[23.8231,39.1589],[23.8267,39.163],[23.8328,39.1669],[23.8359,39.1682],[23.837,39.1694],[23.8401,39.1713],[23.8434,39.1724],[23.8453,39.1738],[23.8484,39.1775],[23.8496,39.1776],[23.8505,39.1791],[23.8516,39.1784],[23.8526,39.1797],[23.8536,39.1794],[23.8557,39.1799],[23.8578,39.1813],[23.8584,39.1828],[23.8572,39.1849],[23.858,39.1859],[23.8578,39.1869],[23.8557,39.1874],[23.8547,39.1882],[23.8532,39.188],[23.855,39.1901],[23.8551,39.1911],[23.8579,39.1943],[23.8539,39.1974],[23.8526,39.1969],[23.8518,39.1974],[23.8517,39.1984],[23.8524,39.1995],[23.8524,39.2005],[23.8535,39.2016],[23.8535,39.2026],[23.856,39.2057],[23.8578,39.2072],[23.8599,39.208],[23.8724,39.2113],[23.8739,39.2141],[23.8797,39.2191],[23.881,39.2224],[23.8828,39.2241],[23.887,39.2257],[23.8891,39.2256],[23.8911,39.2265],[23.8995,39.2312],[23.9057,39.234],[23.9085,39.2359],[23.9099,39.2384],[23.9109,39.2391],[23.9104,39.2401],[23.9105,39.2422],[23.9125,39.2464],[23.9135,39.2474],[23.9141,39.2505],[23.9159,39.2526],[23.9161,39.255],[23.9183,39.2568],[23.9182,39.2578],[23.9193,39.2592],[23.9224,39.2606],[23.9245,39.2626],[23.9266,39.2634],[23.9297,39.2662],[23.9344,39.2745],[23.9351,39.2786],[23.9359,39.2794],[23.938,39.2801],[23.9405,39.2828],[23.9422,39.284],[23.9432,39.2858],[23.9432,39.287],[23.9443,39.288],[23.9443,39.2891],[23.9453,39.2901],[23.9471,39.2901],[23.9474,39.2922],[23.9484,39.2932],[23.951,39.2932],[23.9526,39.2943],[23.9547,39.2943],[23.9557,39.2953],[23.9578,39.2943],[23.9557,39.2922],[23.9568,39.2912],[23.9589,39.2918],[23.9598,39.2901],[23.9604,39.288],[23.9589,39.2849],[23.9599,39.2839],[23.9589,39.2828],[23.9599,39.2818],[23.9563,39.2776],[23.9557,39.2763],[23.9599,39.2767],[23.9599,39.2748],[23.963,39.2747],[23.9661,39.2724],[23.9672,39.2725],[23.9682,39.2734],[23.9693,39.2729],[23.9703,39.2734],[23.9745,39.2736],[23.9776,39.2718],[23.9795,39.2693],[23.9839,39.2693],[23.9839,39.2714],[23.9849,39.2724],[23.9859,39.2714],[23.987,39.2718],[23.9901,39.2745],[23.9911,39.2745],[23.9922,39.2734],[23.9911,39.2724],[23.9909,39.2682],[23.9899,39.2672],[23.9903,39.2661],[23.9894,39.2651],[23.9898,39.263],[23.9878,39.2609],[23.9885,39.2599],[23.9872,39.2589],[23.987,39.2568],[23.9859,39.2563],[23.9849,39.2547],[23.9841,39.2526],[23.9842,39.2505],[23.9803,39.2464],[23.9798,39.2453],[23.9822,39.2443],[23.9818,39.2416],[23.9828,39.2399],[23.9839,39.2401],[23.9829,39.238],[23.9859,39.2356],[23.988,39.2362],[23.9886,39.2359],[23.9874,39.2349],[23.9868,39.2328],[23.9867,39.2297],[23.988,39.2268],[23.9891,39.2272],[23.9907,39.2297],[23.9896,39.2318],[23.9899,39.2339],[23.9908,39.2349],[23.9898,39.237],[23.9922,39.2395],[23.9932,39.2393],[23.9953,39.2407],[23.9964,39.2402]],[[23.9995,39.954],[23.9994,39.9526],[23.9984,39.9513],[23.9948,39.9505],[23.9932,39.9496],[23.9932,39.9484],[23.9922,39.9468],[23.9891,39.9464],[23.987,39.9448],[23.9859,39.9448],[23.9849,39.9456],[23.9839,39.9443],[23.9818,39.9443],[23.9807,39.9432],[23.9776,39.9432],[23.9766,39.9438],[23.9661,39.9433],[23.9651,39.9435],[23.9641,39.9453],[23.963,39.9453],[23.9619,39.9422],[23.9599,39.9404],[23.9547,39.9394],[23.9516,39.9359],[23.9505,39.9359],[23.9495,39.9349],[23.9432,39.9347],[23.9422,39.9349],[23.9411,39.9359],[23.9411,39.9366],[23.9391,39.9367],[23.9359,39.9364],[23.9318,39.9349],[23.9297,39.9349],[23.9286,39.9359],[23.9276,39.9349],[23.9266,39.9359],[23.9258,39.938],[23.926,39.9391],[23.9269,39.9401],[23.9266,39.9407],[23.9255,39.941],[23.9245,39.9405],[23.9224,39.942],[23.9193,39.9413],[23.9167,39.9422],[23.9158,39.9432],[23.9136,39.9484],[23.9109,39.9511],[23.9099,39.9518],[23.9078,39.9515],[23.9047,39.9541],[23.8958,39.9589],[23.895,39.9609],[23.8963,39.963],[23.896,39.9651],[23.8949,39.9672],[23.8953,39.9693],[23.8942,39.9703],[23.8949,39.9714],[23.8945,39.9724],[23.8956,39.9734],[23.8958,39.9766],[23.8932,39.9809],[23.8901,39.9834],[23.8884,39.9859],[23.8849,39.9889],[23.8818,39.9902],[23.8776,39.991],[23.8724,39.991],[23.8703,39.9915],[23.8661,39.9942]],[[23.6175,39.9995],[23.6245,39.995],[23.6258,39.9922],[23.6349,39.9897],[23.637,39.9886],[23.6432,39.9903],[23.6474,39.9906],[23.6557,39.9891],[23.662,39.9892],[23.6641,39.9885],[23.6651,39.9886],[23.6661,39.9874],[23.6714,39.985],[23.6752,39.9818],[23.6828,39.978],[23.6848,39.9755],[23.6857,39.9724],[23.6857,39.9682],[23.6868,39.9651],[23.6879,39.9641],[23.688,39.963],[23.6906,39.9578],[23.6905,39.9557],[23.6933,39.9484],[23.6928,39.9464],[23.6932,39.9453],[23.6974,39.9401],[23.6984,39.9401],[23.6995,39.9388],[23.7036,39.9373],[23.7089,39.9361],[23.7172,39.936],[23.7266,39.9369],[23.7307,39.9376],[23.7339,39.9388],[23.7359,39.9389],[23.7453,39.9383],[23.7487,39.937],[23.7502,39.9349],[23.7521,39.9307],[23.7524,39.9276],[23.7534,39.9245],[23.7535,39.9161],[23.7534,39.9151],[23.7526,39.9142],[23.7443,39.913],[23.7401,39.9119],[23.7339,39.9119],[23.7286,39.9104],[23.7234,39.908],[23.7192,39.9078],[23.7172,39.9063],[23.7161,39.9063],[23.7152,39.9068],[23.713,39.9068],[23.711,39.9078],[23.7057,39.9078],[23.7005,39.9093],[23.6984,39.9094],[23.6922,39.9126],[23.6901,39.9145],[23.6891,39.913],[23.688,39.9141],[23.6807,39.9141],[23.6797,39.913],[23.6609,39.9121],[23.6557,39.9111],[23.6464,39.9123],[23.637,39.9124],[23.6328,39.9119],[23.6266,39.9124],[23.6214,39.9149],[23.6172,39.9162],[23.6078,39.9178],[23.6026,39.9195],[23.5974,39.9193],[23.5964,39.92],[23.5911,39.9199],[23.588,39.9223],[23.5849,39.9228],[23.5755,39.9259],[23.563,39.9278],[23.5474,39.9333],[23.5432,39.9359],[23.538,39.938],[23.5328,39.9394],[23.512,39.9472],[23.5089,39.9482],[23.5036,39.9489],[23.5016,39.9501],[23.4995,39.9505],[23.4974,39.9521],[23.4943,39.9512],[23.4948,39.9526],[23.4943,39.9531],[23.4922,39.9522],[23.4901,39.9545],[23.4859,39.9558],[23.4818,39.9563],[23.4807,39.9569],[23.4697,39.9557],[23.4661,39.9566],[23.4662,39.9578],[23.4651,39.9589],[23.463,39.9586],[23.4474,39.9597],[23.4411,39.9596],[23.4349,39.9583],[23.4218,39.9526],[23.4182,39.9516],[23.3932,39.9513],[23.3797,39.9522],[23.3724,39.9508],[23.3589,39.9461],[23.3547,39.946],[23.3484,39.9474],[23.3453,39.9495],[23.3435,39.9516],[23.3427,39.9547],[23.3432,39.9578],[23.3461,39.9724],[23.3469,39.9745],[23.3487,39.9776],[23.3547,39.9844],[23.3578,39.9915],[23.3581,39.9974]],[[23.0005,39.5602],[23.0026,39.5602],[23.0047,39.5597],[23.0089,39.5571],[23.012,39.5541],[23.0151,39.5488],[23.0199,39.5443],[23.0205,39.5432],[23.0266,39.5386],[23.0318,39.5367],[23.038,39.5388],[23.0444,39.538],[23.0505,39.5364],[23.056,39.5339],[23.0599,39.5311],[23.0605,39.5286],[23.062,39.527],[23.0651,39.525],[23.0672,39.523],[23.0691,39.5224],[23.0734,39.5181],[23.0891,39.5104],[23.1005,39.501],[23.1016,39.5011],[23.1024,39.5005],[23.1025,39.4995],[23.1059,39.4943],[23.1084,39.4891],[23.1094,39.488],[23.1101,39.4859],[23.112,39.4829],[23.1165,39.4776],[23.1199,39.4745],[23.1264,39.463],[23.1318,39.457],[23.1372,39.4526],[23.1401,39.4513],[23.1412,39.4516],[23.1432,39.4493],[23.1442,39.4474],[23.1474,39.4459],[23.1536,39.4396],[23.1562,39.438],[23.163,39.4322],[23.1701,39.4255],[23.1755,39.4201],[23.1776,39.4168],[23.1859,39.4121],[23.1891,39.4089],[23.1901,39.407],[23.1922,39.4062],[23.1932,39.4063],[23.1953,39.4049],[23.1967,39.4047],[23.1998,39.4005],[23.2001,39.3984],[23.2016,39.3964],[23.2014,39.3943],[23.2022,39.3922],[23.2055,39.388],[23.2069,39.388],[23.2078,39.3839],[23.2105,39.3797],[23.212,39.3731],[23.2141,39.3711],[23.2151,39.3708],[23.2157,39.3693],[23.2193,39.3654],[23.2219,39.3641],[23.2266,39.3599],[23.227,39.3568],[23.2277,39.3557],[23.2328,39.3519],[23.2359,39.3503],[23.237,39.3502],[23.2378,39.3495],[23.238,39.3482],[23.2422,39.3455],[23.2555,39.3411],[23.2599,39.3388],[23.2641,39.3353],[23.2682,39.3302],[23.2737,39.3266],[23.2759,39.3245],[23.2774,39.3214],[23.2792,39.3193],[23.2822,39.312],[23.284,39.3047],[23.2836,39.3026],[23.2844,39.3005],[23.2897,39.2932],[23.2924,39.287],[23.293,39.2818],[23.2935,39.2807],[23.2964,39.2769],[23.2995,39.2746],[23.3095,39.2693],[23.312,39.2686],[23.3138,39.2672],[23.3214,39.2592],[23.3249,39.2547],[23.3269,39.2505],[23.3297,39.2408],[23.3314,39.238],[23.3342,39.2349],[23.3359,39.2307],[23.337,39.2306],[23.3381,39.2297],[23.3377,39.2276],[23.3393,39.2245],[23.3392,39.2234],[23.34,39.2203],[23.3447,39.2151],[23.346,39.212],[23.348,39.2099],[23.3495,39.2068],[23.3529,39.2016],[23.3618,39.1911],[23.362,39.189],[23.3654,39.1859],[23.3661,39.1847],[23.3682,39.1841],[23.3724,39.1811],[23.3745,39.1805],[23.376,39.1807],[23.3776,39.1794],[23.3807,39.1803],[23.388,39.1791],[23.4016,39.179],[23.4047,39.1794],[23.4224,39.1855],[23.4245,39.1865],[23.4274,39.1891],[23.4286,39.189],[23.4287,39.1901],[23.4322,39.1922],[23.4321,39.1932],[23.4332,39.1964],[23.4326,39.1974],[23.4359,39.2044],[23.4401,39.2071],[23.4495,39.2097],[23.4526,39.2119],[23.4559,39.2151],[23.4609,39.2178],[23.462,39.2188],[23.4651,39.2195],[23.4661,39.218],[23.4672,39.2183],[23.4682,39.2166],[23.4693,39.216],[23.4714,39.2158],[23.4766,39.217],[23.4849,39.218],[23.4891,39.2164],[23.4898,39.2151],[23.4911,39.2144],[23.4922,39.2148],[23.4932,39.2138],[23.4953,39.2139],[23.4964,39.2119],[23.4974,39.2114],[23.4984,39.2124],[23.4994,39.212],[23.5003,39.2109],[23.5005,39.2072],[23.5047,39.2067],[23.5078,39.202],[23.5099,39.2006],[23.5128,39.1995],[23.5189,39.1953],[23.5214,39.1946],[23.5234,39.1918],[23.5245,39.1912],[23.5245,39.1899],[23.5281,39.188],[23.528,39.187],[23.5297,39.1852],[23.5304,39.1828],[23.5317,39.1818],[23.5312,39.1807],[23.5318,39.1804],[23.5328,39.1811],[23.5339,39.1809],[23.5333,39.1797],[23.5353,39.1776],[23.5359,39.1755],[23.5359,39.1693],[23.5335,39.1641],[23.5326,39.163],[23.5314,39.1578],[23.5314,39.1557],[23.537,39.155],[23.5375,39.1547],[23.5373,39.1536],[23.5389,39.1526],[23.5383,39.1484],[23.535,39.1432],[23.5318,39.141],[23.5273,39.1391],[23.5234,39.138],[23.5224,39.1386],[23.5214,39.1382],[23.5203,39.1369],[23.5214,39.1369],[23.5234,39.138],[23.5239,39.137],[23.5203,39.1336],[23.5172,39.1316],[23.5161,39.1317],[23.5152,39.1307],[23.5141,39.1245],[23.5125,39.1203],[23.5126,39.1182],[23.512,39.1161],[23.5089,39.1128],[23.4995,39.1116],[23.4911,39.113],[23.4818,39.1167],[23.4808,39.1182],[23.4778,39.1193],[23.4766,39.1207],[23.4734,39.122],[23.4693,39.1218],[23.4672,39.1225],[23.4651,39.1212],[23.463,39.1209],[23.4589,39.1216],[23.4568,39.1222],[23.4547,39.1238],[23.4451,39.1255],[23.4401,39.1284],[23.4357,39.1297],[23.4349,39.131],[23.4339,39.131],[23.4318,39.1289],[23.4288,39.1276],[23.4281,39.1266],[23.4234,39.1251],[23.4214,39.1252],[23.4182,39.1269],[23.4161,39.1297],[23.413,39.1313],[23.412,39.1334],[23.4099,39.1345],[23.4078,39.1347],[23.4068,39.1367],[23.4037,39.138],[23.3984,39.1343],[23.3932,39.1338],[23.3891,39.1341],[23.3839,39.1359],[23.3807,39.1377],[23.377,39.1411],[23.377,39.1422],[23.3766,39.1427],[23.3745,39.1437],[23.3693,39.1449],[23.3661,39.1451],[23.362,39.1466],[23.3609,39.1461],[23.3589,39.1464],[23.356,39.1411],[23.3536,39.1387],[23.3516,39.1383],[23.3464,39.1359],[23.3432,39.1358],[23.3359,39.1375],[23.3349,39.137],[23.3345,39.138],[23.3328,39.1392],[23.3318,39.1392],[23.3297,39.1419],[23.3286,39.141],[23.3276,39.1412],[23.3203,39.1394],[23.3161,39.1372],[23.313,39.1347],[23.312,39.1332],[23.3109,39.1333],[23.3089,39.1317],[23.3068,39.1314],[23.3057,39.1318],[23.3047,39.1311],[23.3036,39.132],[23.3026,39.1313],[23.2995,39.1318],[23.2932,39.1299],[23.288,39.1301],[23.2797,39.128],[23.2786,39.1273],[23.2776,39.1275],[23.2766,39.127],[23.2734,39.1279],[23.2703,39.1268],[23.2661,39.1233],[23.2651,39.1237],[23.2589,39.1187],[23.2516,39.1161],[23.2505,39.1166],[23.2443,39.1155],[23.2422,39.1146],[23.2376,39.1109],[23.2349,39.1053],[23.2325,39.1026],[23.2266,39.0983],[23.2172,39.0932],[23.212,39.0875],[23.2078,39.0855],[23.2068,39.0861],[23.2057,39.0853],[23.2026,39.0848],[23.2016,39.0852],[23.2005,39.0845],[23.1995,39.0859],[23.1974,39.0847],[23.1964,39.0853],[23.1953,39.0851],[23.1932,39.0866],[23.1911,39.0869],[23.1901,39.0887],[23.188,39.0885],[23.1849,39.0903],[23.1839,39.0896],[23.1807,39.0896],[23.1776,39.0881],[23.1766,39.0883],[23.1745,39.0862],[23.1734,39.0862],[23.1724,39.0843],[23.1693,39.082],[23.1661,39.0805],[23.1599,39.0791],[23.1578,39.0795],[23.1557,39.0786],[23.1547,39.0791],[23.1516,39.0782],[23.1505,39.0789],[23.1484,39.0787],[23.1453,39.077],[23.1411,39.0762],[23.1401,39.0766],[23.138,39.075],[23.137,39.0752],[23.1328,39.074],[23.1307,39.0746],[23.1286,39.0737],[23.1214,39.0731],[23.1193,39.0739],[23.1172,39.0733],[23.1161,39.0737],[23.1141,39.0735],[23.113,39.0752],[23.112,39.0738],[23.1109,39.0738],[23.1057,39.0744],[23.1016,39.0758],[23.0849,39.0745],[23.0745,39.0754],[23.0755,39.0766],[23.0749,39.0776],[23.0733,39.0786],[23.0714,39.0808],[23.0661,39.0888],[23.062,39.0896],[23.0609,39.0889],[23.0578,39.0891],[23.0526,39.0928],[23.0505,39.0932],[23.0474,39.0952],[23.0462,39.0984],[23.0464,39.0995],[23.0451,39.1016],[23.0456,39.1036],[23.0434,39.1057],[23.0448,39.1068],[23.045,39.1089],[23.0462,39.1109],[23.0483,39.112],[23.0504,39.1141],[23.0518,39.1161],[23.0539,39.1182],[23.0537,39.1193],[23.0551,39.1203],[23.0551,39.1224],[23.0568,39.1266],[23.0573,39.1297],[23.0567,39.1359],[23.0572,39.138],[23.0586,39.1401],[23.0584,39.1411],[23.0592,39.1422],[23.0587,39.1443],[23.0565,39.1464],[23.0568,39.1484],[23.0558,39.1495],[23.0561,39.1505],[23.055,39.1526],[23.0553,39.1547],[23.0542,39.1599],[23.0518,39.162],[23.0496,39.1651],[23.0484,39.1644],[23.0478,39.1651],[23.0474,39.1667],[23.0464,39.1668],[23.0432,39.1686],[23.0401,39.1709],[23.0391,39.1724],[23.038,39.1755],[23.0381,39.1786],[23.0393,39.1818],[23.0424,39.1859],[23.0464,39.1889],[23.0505,39.191],[23.0526,39.1916],[23.0578,39.191],[23.0589,39.1913],[23.0641,39.1888],[23.0662,39.187],[23.0662,39.1859],[23.0703,39.1818],[23.0714,39.1824],[23.0734,39.1806],[23.0745,39.1811],[23.0766,39.1804],[23.0839,39.1805],[23.088,39.1798],[23.0891,39.1785],[23.0901,39.1782],[23.0964,39.1779],[23.1016,39.1766],[23.1068,39.1731],[23.1109,39.1714],[23.1151,39.1689],[23.12,39.1651],[23.1215,39.163],[23.1236,39.1589],[23.1249,39.1578],[23.1243,39.1568],[23.1245,39.1562],[23.1255,39.155],[23.1264,39.1547],[23.1257,39.1536],[23.1268,39.1516],[23.1283,39.1505],[23.1281,39.1495],[23.1286,39.1484],[23.1297,39.1487],[23.1318,39.1465],[23.1328,39.148],[23.1336,39.1474],[23.1321,39.1464],[23.1339,39.146],[23.1343,39.1453],[23.1342,39.1443],[23.1349,39.1439],[23.1356,39.1443],[23.1365,39.1464],[23.1391,39.1478],[23.1398,39.1474],[23.1391,39.1464],[23.1401,39.1456],[23.1405,39.1474],[23.1432,39.1501],[23.1448,39.1505],[23.1494,39.1536],[23.1568,39.1564],[23.1589,39.1576],[23.1599,39.1572],[23.1651,39.1582],[23.1672,39.1604],[23.1724,39.1627],[23.1755,39.1652],[23.1818,39.1689],[23.1828,39.1698],[23.1839,39.1735],[23.1857,39.1766],[23.187,39.1777],[23.1911,39.1793],[23.1937,39.1818],[23.1934,39.1839],[23.1926,39.1849],[23.1943,39.1858],[23.1941,39.187],[23.1922,39.1898],[23.1911,39.1891],[23.1901,39.1909],[23.1885,39.1922],[23.188,39.1942],[23.1881,39.1974],[23.1859,39.1984],[23.186,39.2005],[23.1847,39.2005],[23.184,39.2036],[23.1807,39.2091],[23.1748,39.2182],[23.1703,39.2234],[23.1683,39.2349],[23.1684,39.238],[23.1679,39.2391],[23.1682,39.2425],[23.1667,39.2484],[23.1656,39.2495],[23.166,39.2516],[23.1641,39.2523],[23.163,39.2535],[23.16,39.2547],[23.1599,39.257],[23.1575,39.2609],[23.154,39.2651],[23.1535,39.2661],[23.1536,39.2672],[23.1505,39.2695],[23.1484,39.2697],[23.1474,39.2711],[23.1443,39.2734],[23.137,39.2806],[23.1349,39.2815],[23.1328,39.2818],[23.1318,39.2813],[23.1234,39.2855],[23.1224,39.2871],[23.1172,39.2885],[23.1149,39.2911],[23.1154,39.2922],[23.1151,39.2926],[23.1135,39.2943],[23.1109,39.2954],[23.1089,39.2959],[23.1016,39.2961],[23.1005,39.2967],[23.0984,39.2967],[23.0932,39.2984],[23.0911,39.2983],[23.0828,39.3005],[23.0797,39.3001],[23.0776,39.301],[23.0766,39.3019],[23.0755,39.3014],[23.0745,39.3017],[23.0682,39.2996],[23.0672,39.2999],[23.0651,39.2995],[23.0547,39.3004],[23.0505,39.3016],[23.0453,39.3014],[23.0401,39.3031],[23.0286,39.3024],[23.0203,39.3013],[23.0182,39.3016],[23.0161,39.301],[23.0141,39.3015],[23.0109,39.3011],[23.0089,39.3018],[23.0036,39.3014]],[[23.002,39.0682],[23.003,39.0661],[23.0029,39.0651],[23.0005,39.063]],[[23.0024,39.0464],[23.0057,39.0457],[23.0099,39.0436],[23.012,39.0431],[23.0151,39.0438],[23.0172,39.0454],[23.0182,39.045],[23.0203,39.0466],[23.0214,39.0462],[23.0391,39.0506],[23.0401,39.0503],[23.0422,39.052],[23.0432,39.0519],[23.0464,39.0538],[23.0484,39.0529],[23.0495,39.0537],[23.0505,39.0531],[23.0516,39.0532],[23.0534,39.0516],[23.0557,39.0505],[23.0682,39.049],[23.0703,39.0498],[23.072,39.0484],[23.0734,39.0486],[23.0766,39.048],[23.0779,39.0464],[23.0769,39.0432],[23.0784,39.038],[23.0786,39.0318],[23.0774,39.0286],[23.0773,39.0266],[23.0757,39.0245],[23.0766,39.0241],[23.0776,39.0248],[23.0786,39.0249],[23.079,39.0245],[23.0786,39.0235],[23.0776,39.0239],[23.0773,39.0234],[23.0786,39.0234],[23.0797,39.0224],[23.0797,39.0212],[23.0807,39.0216],[23.0832,39.0193],[23.0839,39.017],[23.0849,39.0174],[23.0859,39.0154],[23.087,39.0155],[23.0878,39.0151],[23.0873,39.013],[23.088,39.0127],[23.0891,39.0131],[23.0901,39.0113],[23.0911,39.0116],[23.0943,39.0103],[23.0964,39.0062],[23.0995,39.0071],[23.1068,39.0065],[23.1109,39.0073],[23.1169,39.0099],[23.1255,39.0162],[23.1266,39.0159],[23.1286,39.0169],[23.1328,39.0177],[23.1557,39.0186],[23.1599,39.0183],[23.1724,39.0187],[23.1776,39.0183],[23.1849,39.0169],[23.1964,39.0172],[23.2016,39.019],[23.2089,39.0242],[23.213,39.0278],[23.2193,39.0315],[23.2224,39.0327],[23.2286,39.0335],[23.237,39.0361],[23.2495,39.0372],[23.2557,39.0399],[23.2609,39.0433],[23.2734,39.0477],[23.2797,39.0486],[23.2943,39.0494],[23.3036,39.0496],[23.3078,39.0491],[23.3089,39.0503],[23.3109,39.0515],[23.313,39.0511],[23.3141,39.0495],[23.3161,39.0499],[23.3172,39.049],[23.3182,39.0496],[23.3193,39.0496],[23.3203,39.0479],[23.3214,39.049],[23.3224,39.049],[23.3234,39.0497],[23.3245,39.0493],[23.3276,39.0509],[23.3307,39.0512],[23.3339,39.0533],[23.3349,39.0533],[23.3391,39.0529],[23.3432,39.0515],[23.3484,39.0457],[23.3487,39.0443],[23.35,39.0422],[23.3499,39.0401],[23.3484,39.0382],[23.3464,39.0375],[23.3443,39.0356],[23.3427,39.0349],[23.3408,39.0328],[23.3395,39.0297],[23.3395,39.0286],[23.3405,39.0276],[23.3411,39.0254],[23.3422,39.0253],[23.3432,39.0258],[23.3449,39.0245],[23.3444,39.0234],[23.3453,39.0226],[23.3464,39.0219],[23.3474,39.0225],[23.349,39.0203],[23.3508,39.0193],[23.3536,39.0164],[23.3567,39.0151],[23.3609,39.0144],[23.3651,39.0126],[23.3693,39.0116],[23.3766,39.0113],[23.3818,39.0081],[23.3849,39.0085],[23.3859,39.0078],[23.387,39.008],[23.3922,39.0106],[23.3943,39.0105],[23.3973,39.0089],[23.3978,39.0068],[23.3964,39.0049],[23.3943,39.0037],[23.388,39.0017],[23.3867,39.0005]],[[23.9734,39.0956],[23.9724,39.0965],[23.9714,39.0966],[23.9703,39.0979],[23.9702,39.0995],[23.968,39.1026],[23.9685,39.1036],[23.9683,39.1068],[23.9687,39.1078],[23.9684,39.1109],[23.9694,39.1141],[23.9726,39.1182],[23.9745,39.1224],[23.9754,39.1255],[23.9771,39.1276],[23.9765,39.1286],[23.9776,39.1282],[23.9781,39.1286],[23.9786,39.1307],[23.9797,39.131],[23.9801,39.1318],[23.9797,39.133],[23.9807,39.1325],[23.9818,39.1337],[23.9839,39.1339],[23.987,39.1356],[23.9901,39.1363],[23.9964,39.1361],[23.9981,39.1339],[23.9986,39.1318],[23.9982,39.1276],[23.996,39.1214],[23.9932,39.1176],[23.9908,39.1151],[23.9897,39.113],[23.9884,39.1057],[23.9871,39.1026],[23.9849,39.0999],[23.9818,39.0976],[23.9807,39.0979],[23.9786,39.0969],[23.9745,39.0966]],[[23.7234,39.067],[23.7224,39.0661],[23.7203,39.0662],[23.7182,39.069],[23.7109,39.0693],[23.7099,39.0703],[23.7068,39.0703],[23.7047,39.0724],[23.7032,39.0776],[23.7032,39.0797],[23.7026,39.0802],[23.6964,39.0823],[23.6859,39.0821],[23.6828,39.0815],[23.6807,39.0818],[23.6797,39.0828],[23.6786,39.0817],[23.6755,39.0815],[23.6734,39.0818],[23.6721,39.0828],[23.6714,39.0828],[23.6703,39.0839],[23.6693,39.0828],[23.6672,39.0828],[23.6661,39.0843],[23.662,39.0839],[23.6609,39.0828],[23.6599,39.0833],[23.6578,39.0818],[23.6568,39.0828],[23.6547,39.0828],[23.6526,39.0849],[23.6526,39.0854],[23.651,39.0859],[23.651,39.087],[23.6531,39.0911],[23.6526,39.0932],[23.653,39.0953],[23.6516,39.0984],[23.6519,39.0995],[23.6505,39.1036],[23.6514,39.1047],[23.6506,39.1057],[23.6507,39.1068],[23.6495,39.107],[23.6484,39.1086],[23.6472,39.1089],[23.6475,39.1099],[23.6464,39.1101],[23.6453,39.1096],[23.6432,39.1101],[23.6422,39.1091],[23.6391,39.1102],[23.6318,39.1118],[23.6316,39.1109],[23.6286,39.1092],[23.6245,39.1102],[23.6227,39.112],[23.6234,39.1172],[23.6255,39.1205],[23.6272,39.1214],[23.6308,39.1276],[23.6307,39.1296],[23.6297,39.1307],[23.6286,39.1307],[23.6246,39.1276],[23.6203,39.1259],[23.6182,39.1243],[23.6161,39.1239],[23.6109,39.126],[23.6105,39.1276],[23.6094,39.1286],[23.6092,39.1297],[23.6078,39.1318],[23.6089,39.1328],[23.6077,39.1349],[23.6076,39.1359],[23.6091,39.137],[23.6092,39.138],[23.6078,39.1385],[23.6068,39.1373],[23.6063,39.138],[23.6073,39.1391],[23.6072,39.1401],[23.6047,39.143],[23.6026,39.1421],[23.6005,39.1398],[23.5984,39.1419],[23.5943,39.141],[23.5922,39.1412],[23.587,39.144],[23.5839,39.1464],[23.5818,39.1453],[23.5812,39.1464],[23.5828,39.1472],[23.5833,39.1484],[23.5837,39.1516],[23.5833,39.1536],[23.5839,39.1547],[23.5849,39.1526],[23.5868,39.1557],[23.588,39.1566],[23.5888,39.162],[23.5901,39.1632],[23.5932,39.1643],[23.596,39.1641],[23.5955,39.1651],[23.5966,39.1682],[23.5953,39.1734],[23.5943,39.1736],[23.5939,39.1745],[23.5918,39.1807],[23.5893,39.1849],[23.5878,39.1849],[23.588,39.1859],[23.5876,39.187],[23.587,39.1873],[23.5857,39.187],[23.5862,39.188],[23.5825,39.1943],[23.5811,39.1995],[23.581,39.2016],[23.5818,39.2041],[23.5861,39.2089],[23.5901,39.212],[23.5932,39.2131],[23.5974,39.2135],[23.6036,39.2149],[23.6123,39.2141],[23.614,39.213],[23.6172,39.2085],[23.6184,39.2078],[23.618,39.2068],[23.6193,39.2047],[23.6203,39.2047],[23.6214,39.2039],[23.6266,39.2026],[23.6286,39.2016],[23.6318,39.2011],[23.6401,39.1971],[23.6436,39.1922],[23.6462,39.187],[23.6492,39.1828],[23.6516,39.1815],[23.6526,39.1803],[23.6551,39.1797],[23.6578,39.1763],[23.6602,39.1745],[23.6641,39.1723],[23.6672,39.172],[23.6734,39.1695],[23.6828,39.1641],[23.6859,39.1633],[23.6943,39.1627],[23.7007,39.1589],[23.7047,39.1581],[23.7089,39.1566],[23.7151,39.1555],[23.7203,39.152],[23.7245,39.1509],[23.7266,39.1494],[23.7276,39.1496],[23.7286,39.1463],[23.7308,39.1443],[23.7307,39.1431],[23.7349,39.1408],[23.7361,39.1411],[23.7354,39.1401],[23.7353,39.1391],[23.7359,39.1382],[23.7391,39.1379],[23.7401,39.1383],[23.7411,39.1376],[23.7474,39.1377],[23.7547,39.1372],[23.763,39.1357],[23.7714,39.1364],[23.7745,39.1361],[23.7766,39.1367],[23.7797,39.136],[23.7839,39.1372],[23.7859,39.1368],[23.788,39.1373],[23.7922,39.1393],[23.7943,39.1413],[23.7964,39.142],[23.8057,39.1431],[23.8089,39.1447],[23.812,39.144],[23.8141,39.1422],[23.8141,39.1406],[23.8152,39.1391],[23.8134,39.1359],[23.8141,39.1359],[23.8148,39.1349],[23.815,39.1328],[23.814,39.1276],[23.812,39.1252],[23.8099,39.1241],[23.8068,39.1234],[23.8057,39.1245],[23.8036,39.1241],[23.8026,39.1247],[23.8005,39.1249],[23.7984,39.1244],[23.7981,39.1224],[23.7995,39.1197],[23.7997,39.1182],[23.7986,39.1141],[23.7974,39.1124],[23.7961,39.112],[23.7966,39.1109],[23.7941,39.1089],[23.7893,39.1005],[23.787,39.0984],[23.7839,39.094],[23.7807,39.0913],[23.7761,39.0859],[23.7703,39.082],[23.7609,39.081],[23.7589,39.0797],[23.7484,39.0778],[23.7464,39.0762],[23.7453,39.076],[23.7443,39.0741],[23.7401,39.0726],[23.7339,39.0693],[23.7297,39.0693],[23.7286,39.0682],[23.7266,39.0682],[23.7255,39.0688]],[[23.9547,39.0632],[23.9505,39.0633],[23.9474,39.0648],[23.9466,39.0661],[23.9471,39.0703],[23.9466,39.0724],[23.948,39.0734],[23.9492,39.0755],[23.9522,39.0786],[23.9536,39.0808],[23.9609,39.0827],[23.962,39.0811],[23.9631,39.0818],[23.962,39.0797],[23.9636,39.0776],[23.9631,39.0734],[23.9599,39.0702],[23.9578,39.0655],[23.9557,39.0644]]]}},{"type":"Feature","properties":{"depth":50,"kind":"band"},"geometry":{"type":"MultiPolygon","coordinates":[[[[23.9911,39.963],[23.9901,39.9638],[23.9892,39.963],[23.9901,39.9621],[23.9911,39.963]]],[[[23.9831,39.9599],[23.9837,39.962],[23.9818,39.962],[23.9807,39.9629],[23.9798,39.962],[23.9818,39.9591],[23.9831,39.9599]]],[[[23.4934,39.9516],[23.4928,39.9516],[23.4932,39.9506],[23.4934,39.9516]]],[[[23.4975,39.9516],[23.4968,39.9516],[23.4974,39.9507],[23.4975,39.9516]]],[[[23.5014,39.9495],[23.5005,39.9499],[23.4997,39.9495],[23.5005,39.9486],[23.5014,39.9495]]],[[[23.2073,39.3891],[23.2068,39.3894],[23.2068,39.389],[23.2073,39.3891]]],[[[23.9899,39.2349],[23.9891,39.2353],[23.9887,39.2349],[23.9891,39.2343],[23.9899,39.2349]]],[[[23.9888,39.2328],[23.9888,39.2339],[23.988,39.2344],[23.9876,39.2339],[23.988,39.2319],[23.9888,39.2328]]],[[[23.9892,39.2286],[23.9897,39.2297],[23.9891,39.231],[23.9877,39.2297],[23.9886,39.2286],[23.9892,39.2286]]],[[[23.9945,39.2182],[23.9943,39.2192],[23.9941,39.2182],[23.9945,39.2182]]],[[[23.9991,39.2151],[24,39.2161],[23.9995,39.2179],[23.9974,39.2178],[23.9965,39.2172],[23.9974,39.215],[23.9984,39.2143],[23.9991,39.2151]]],[[[23.5011,39.2141],[23.5005,39.2147],[23.5001,39.2141],[23.5011,39.2141]]],[[[23.5268,39.1911],[23.5266,39.1917],[23.5264,39.1911],[23.5268,39.1911]]],[[[23.5914,39.1641],[23.5911,39.1649],[23.5908,39.1641],[23.5914,39.1641]]],[[[23.9791,39.1328],[23.9786,39.1338],[23.978,39.1328],[23.9786,39.1321],[23.9791,39.1328]]],[[[23.9766,39.1307],[23.9755,39.1317],[23.9745,39.1307],[23.9755,39.1297],[23.9766,39.1307]]],[[[23.9768,39.1297],[23.9766,39.1307],[23.9759,39.1297],[23.9768,39.1297]]],[[[23.628,39.1266],[23.6291,39.1276],[23.6286,39.128],[23.627,39.1276],[23.6271,39.1266],[23.6276,39.1261],[23.628,39.1266]]],[[[23.1299,39.1224],[23.1301,39.1245],[23.1297,39.1253],[23.1283,39.1245],[23.1273,39.1224],[23.1276,39.122],[23.1299,39.1224]]],[[[23.2204,39.1193],[23.2217,39.1203],[23.2213,39.1214],[23.2193,39.1223],[23.2181,39.1214],[23.218,39.1203],[23.2193,39.1188],[23.2204,39.1193]]],[[[23.6508,39.1047],[23.6505,39.105],[23.6497,39.1047],[23.6508,39.1047]]],[[[23.956,39.0641],[23.9556,39.0641],[23.9557,39.0635],[23.956,39.0641]]],[[[23.0907,39.0141],[23.0901,39.015],[23.0899,39.0141],[23.0907,39.0141]]],[[[23.0922,39.013],[23.0911,39.014],[23.0906,39.013],[23.0911,39.0124],[23.0922,39.013]]],[[[23.0905,39.012],[23.0901,39.0124],[23.0899,39.012],[23.0905,39.012]]],[[[23.3926,39.0026],[23.392,39.0026],[23.3922,39.0017],[23.3926,39.0026]]],[[[24,39.0005],[24,39.1286],[23.9995,39.1289],[23.998,39.1234],[23.9964,39.1204],[23.9911,39.1141],[23.9885,39.1036],[23.9868,39.1005],[23.9849,39.0988],[23.9807,39.0962],[23.9797,39.0963],[23.9786,39.0956],[23.9745,39.0957],[23.9724,39.0945],[23.9693,39.095],[23.9688,39.0974],[23.9678,39.0984],[23.9672,39.1],[23.9663,39.1005],[23.967,39.1026],[23.9662,39.1057],[23.967,39.1078],[23.967,39.112],[23.9682,39.1151],[23.9724,39.1214],[23.9745,39.1269],[23.9759,39.1286],[23.9745,39.1307],[23.9755,39.1319],[23.9766,39.1308],[23.9772,39.1318],[23.9766,39.1328],[23.9785,39.1339],[23.9776,39.135],[23.9797,39.1336],[23.9824,39.1349],[23.9828,39.1356],[23.9839,39.1355],[23.987,39.1373],[23.9891,39.1379],[23.9911,39.1373],[23.9943,39.1377],[23.9974,39.1373],[23.9989,39.1359],[23.9989,39.1349],[23.9995,39.1341],[24,39.1349],[24,39.2141],[23.9995,39.2144],[23.999,39.2141],[23.9984,39.2101],[23.9943,39.1995],[23.9936,39.1922],[23.9936,39.1807],[23.9917,39.1724],[23.9911,39.1714],[23.9904,39.1672],[23.9915,39.162],[23.9911,39.1599],[23.9914,39.1589],[23.9901,39.1583],[23.988,39.1563],[23.9828,39.155],[23.9776,39.1552],[23.9766,39.1559],[23.9755,39.1559],[23.9738,39.1547],[23.9724,39.1547],[23.9703,39.1535],[23.9698,39.1536],[23.9693,39.1552],[23.9641,39.1565],[23.963,39.1575],[23.9609,39.1576],[23.9589,39.1556],[23.9526,39.1562],[23.9464,39.1591],[23.9443,39.1594],[23.9422,39.1617],[23.9378,39.1641],[23.937,39.1653],[23.9349,39.1651],[23.9336,39.1661],[23.9328,39.1689],[23.9318,39.1687],[23.9297,39.1669],[23.9266,39.1661],[23.9245,39.164],[23.9198,39.1609],[23.9153,39.1536],[23.912,39.1508],[23.9068,39.1477],[23.9036,39.1469],[23.9016,39.147],[23.8932,39.1427],[23.8891,39.1388],[23.8832,39.1359],[23.8821,39.1339],[23.8786,39.1314],[23.8737,39.1297],[23.8714,39.1283],[23.8651,39.1278],[23.8599,39.1268],[23.8578,39.1258],[23.8536,39.1255],[23.8505,39.1261],[23.8437,39.1328],[23.8391,39.1364],[23.838,39.1364],[23.8349,39.138],[23.8336,39.138],[23.8318,39.137],[23.8307,39.138],[23.8297,39.138],[23.8276,39.1401],[23.8276,39.1413],[23.8266,39.144],[23.8246,39.1464],[23.8221,39.1516],[23.8213,39.1536],[23.8218,39.1547],[23.8211,39.1578],[23.8224,39.1609],[23.8257,39.1651],[23.8349,39.1711],[23.8359,39.171],[23.837,39.1721],[23.8385,39.1724],[23.8392,39.1734],[23.8438,39.1766],[23.8454,39.1786],[23.8474,39.1803],[23.8516,39.1825],[23.8536,39.183],[23.8545,39.1839],[23.8542,39.1849],[23.8547,39.1859],[23.8516,39.1872],[23.8506,39.188],[23.8505,39.1891],[23.854,39.1922],[23.8542,39.1932],[23.8526,39.1957],[23.8516,39.1947],[23.8503,39.1964],[23.8504,39.1984],[23.8514,39.1995],[23.8508,39.2005],[23.8552,39.2068],[23.8578,39.2085],[23.8641,39.2102],[23.8651,39.2112],[23.8672,39.2118],[23.8693,39.212],[23.8747,39.2161],[23.8789,39.2203],[23.8811,39.2234],[23.8826,39.2245],[23.8859,39.2264],[23.8922,39.2282],[23.8984,39.2319],[23.9047,39.2347],[23.9076,39.237],[23.9096,39.2401],[23.9119,39.2464],[23.913,39.2474],[23.914,39.2505],[23.9157,39.2526],[23.9158,39.2547],[23.9179,39.2568],[23.9192,39.2599],[23.9245,39.2634],[23.9266,39.264],[23.9297,39.2673],[23.9334,39.2734],[23.9349,39.2776],[23.9348,39.2786],[23.9359,39.2799],[23.9391,39.2814],[23.9401,39.2831],[23.9422,39.2845],[23.9432,39.2861],[23.9432,39.287],[23.9443,39.288],[23.9443,39.2891],[23.9453,39.2902],[23.9469,39.2901],[23.9474,39.2922],[23.9484,39.2932],[23.9507,39.2932],[23.9526,39.2943],[23.9547,39.2943],[23.9557,39.2953],[23.9581,39.2943],[23.9557,39.2922],[23.9568,39.2914],[23.959,39.2922],[23.9605,39.2891],[23.9605,39.288],[23.9592,39.2849],[23.9599,39.2839],[23.959,39.2828],[23.9599,39.2818],[23.9565,39.2776],[23.9568,39.2768],[23.9599,39.2772],[23.9605,39.2766],[23.9604,39.2755],[23.963,39.275],[23.9661,39.2726],[23.9682,39.2734],[23.9693,39.2732],[23.9745,39.2741],[23.9776,39.2723],[23.9797,39.2693],[23.9818,39.2693],[23.9836,39.2703],[23.9839,39.2714],[23.9849,39.2724],[23.9859,39.2719],[23.9891,39.2743],[23.9911,39.2745],[23.9922,39.2734],[23.9911,39.2724],[23.9913,39.2682],[23.9897,39.2651],[23.9903,39.2641],[23.9904,39.262],[23.9895,39.2599],[23.988,39.2589],[23.9887,39.2578],[23.986,39.2547],[23.9849,39.2505],[23.9839,39.2498],[23.9811,39.2464],[23.9831,39.2443],[23.9828,39.2422],[23.9839,39.2411],[23.9849,39.2411],[23.9839,39.239],[23.9859,39.2367],[23.987,39.2373],[23.9891,39.2367],[23.9891,39.2381],[23.9901,39.2378],[23.9911,39.2392],[23.9922,39.2398],[23.9932,39.2397],[23.9953,39.2418],[23.9964,39.2409],[23.9972,39.2422],[24,39.2443],[24,39.9516],[23.9995,39.9519],[23.9984,39.9508],[23.9943,39.9499],[23.9932,39.9492],[23.9928,39.9474],[23.9922,39.9467],[23.9891,39.946],[23.987,39.9447],[23.9859,39.9447],[23.9849,39.9454],[23.9839,39.9443],[23.9818,39.9443],[23.9807,39.9432],[23.9745,39.9436],[23.9714,39.943],[23.9661,39.9429],[23.9643,39.9432],[23.9641,39.9453],[23.963,39.9453],[23.963,39.9437],[23.9638,39.9432],[23.963,39.9422],[23.9599,39.9401],[23.9547,39.9391],[23.9516,39.9359],[23.9505,39.9358],[23.9495,39.9349],[23.9432,39.9345],[23.942,39.9349],[23.9411,39.9361],[23.9391,39.9361],[23.9359,39.9359],[23.9328,39.9347],[23.9297,39.9349],[23.9286,39.9356],[23.9276,39.9349],[23.9255,39.9378],[23.9241,39.938],[23.9241,39.9391],[23.9234,39.9398],[23.9214,39.9407],[23.9182,39.94],[23.9153,39.9411],[23.9154,39.9422],[23.9141,39.9455],[23.9114,39.9484],[23.9109,39.9505],[23.9099,39.9503],[23.9089,39.9509],[23.9078,39.9509],[23.9005,39.9555],[23.8995,39.9555],[23.8953,39.9577],[23.8932,39.9578],[23.8932,39.9595],[23.8943,39.9601],[23.8959,39.963],[23.8952,39.9641],[23.8953,39.9655],[23.8943,39.9672],[23.8948,39.9693],[23.8943,39.9698],[23.8932,39.9693],[23.893,39.9703],[23.8938,39.9724],[23.8949,39.9734],[23.8951,39.9755],[23.8932,39.9786],[23.8914,39.9797],[23.8919,39.9807],[23.8911,39.9808],[23.8908,39.9818],[23.8893,39.9828],[23.8859,39.9872],[23.8807,39.9895],[23.8703,39.9908],[23.8601,39.9974],[23.8589,40],[23.8214,40],[23.8193,39.998],[23.8172,40],[23.6214,40],[23.6204,39.9995],[23.6255,39.9957],[23.6276,39.9936],[23.6359,39.9903],[23.637,39.991],[23.6401,39.99],[23.6432,39.9913],[23.6495,39.9921],[23.6536,39.9907],[23.663,39.9908],[23.6661,39.9894],[23.6693,39.9871],[23.6724,39.9862],[23.6755,39.983],[23.6776,39.9825],[23.6839,39.9788],[23.6862,39.9755],[23.6865,39.9693],[23.6871,39.9682],[23.6878,39.9651],[23.6887,39.9641],[23.6912,39.9589],[23.6911,39.9567],[23.6938,39.9516],[23.6946,39.9484],[23.6943,39.9464],[23.6956,39.9443],[23.6984,39.9413],[23.6995,39.9414],[23.7026,39.9391],[23.7089,39.9376],[23.7182,39.9373],[23.7266,39.9379],[23.7318,39.9389],[23.7328,39.9399],[23.7432,39.9399],[23.7453,39.9396],[23.7491,39.937],[23.7521,39.9318],[23.7538,39.9245],[23.7539,39.9161],[23.7526,39.9136],[23.7401,39.9115],[23.7339,39.9115],[23.7286,39.9098],[23.7234,39.9076],[23.7199,39.9078],[23.7172,39.9061],[23.7161,39.9061],[23.7103,39.9078],[23.7057,39.9078],[23.7023,39.9089],[23.6984,39.9093],[23.6922,39.9125],[23.6901,39.9143],[23.6891,39.913],[23.688,39.9141],[23.6807,39.9141],[23.6797,39.913],[23.6609,39.9119],[23.6557,39.9108],[23.6464,39.912],[23.637,39.912],[23.6328,39.9115],[23.6276,39.9119],[23.6172,39.9159],[23.6078,39.9176],[23.6026,39.9192],[23.5911,39.9198],[23.587,39.9223],[23.5745,39.9254],[23.5651,39.9267],[23.5474,39.933],[23.5432,39.9356],[23.538,39.9378],[23.5307,39.9398],[23.512,39.9468],[23.5026,39.9491],[23.5002,39.9484],[23.4984,39.9505],[23.4974,39.9505],[23.4964,39.9515],[23.4943,39.9498],[23.4922,39.9509],[23.4895,39.9536],[23.4849,39.9551],[23.4818,39.9552],[23.4797,39.9558],[23.4682,39.9541],[23.4672,39.9548],[23.4651,39.9548],[23.4641,39.9567],[23.4411,39.9572],[23.4359,39.9563],[23.4245,39.9514],[23.4203,39.9502],[23.4161,39.9498],[23.4141,39.9505],[23.412,39.9505],[23.3891,39.9495],[23.3807,39.9502],[23.3766,39.9498],[23.3609,39.9441],[23.3557,39.9438],[23.3484,39.9449],[23.3443,39.9463],[23.3422,39.9485],[23.3404,39.9495],[23.3401,39.9516],[23.3395,39.9526],[23.3395,39.9557],[23.3422,39.9693],[23.3425,39.9745],[23.3432,39.9766],[23.3441,39.9786],[23.3462,39.9818],[23.3509,39.987],[23.3531,39.9922],[23.3534,39.9943],[23.3528,39.9974],[23.3515,39.9995],[23.3505,40],[23.0005,40],[23,39.9995],[23,39.5641],[23.0005,39.5631],[23.0036,39.563],[23.0089,39.5608],[23.013,39.5567],[23.0182,39.5497],[23.0214,39.5474],[23.0224,39.546],[23.0286,39.5417],[23.0339,39.54],[23.037,39.5413],[23.038,39.5414],[23.0464,39.5397],[23.0495,39.5389],[23.0578,39.5349],[23.0599,39.5337],[23.062,39.5301],[23.0682,39.5248],[23.0693,39.5244],[23.0745,39.519],[23.0828,39.5153],[23.088,39.512],[23.0901,39.5112],[23.0995,39.5036],[23.1032,39.5016],[23.1091,39.4901],[23.1107,39.488],[23.1119,39.4849],[23.1172,39.4786],[23.1206,39.4755],[23.1272,39.4641],[23.1318,39.4589],[23.137,39.4543],[23.1391,39.4529],[23.1401,39.453],[23.1411,39.4524],[23.1426,39.4526],[23.1451,39.4495],[23.1464,39.4492],[23.1488,39.4474],[23.1547,39.4417],[23.1568,39.4405],[23.1634,39.4349],[23.1742,39.4245],[23.1786,39.419],[23.1824,39.4172],[23.1867,39.4141],[23.1891,39.412],[23.1912,39.4089],[23.1932,39.4075],[23.1943,39.408],[23.1964,39.4062],[23.1982,39.4057],[23.2011,39.4016],[23.2015,39.3995],[23.2026,39.3971],[23.2026,39.3953],[23.2036,39.393],[23.205,39.3911],[23.2068,39.3903],[23.2089,39.388],[23.2085,39.387],[23.2094,39.3849],[23.2121,39.3807],[23.2119,39.3797],[23.2128,39.3776],[23.2132,39.3745],[23.2161,39.372],[23.2168,39.3703],[23.2195,39.3672],[23.2228,39.3651],[23.2269,39.3609],[23.2286,39.3567],[23.2297,39.3563],[23.2328,39.3534],[23.2365,39.3516],[23.238,39.3515],[23.2391,39.3493],[23.2401,39.3496],[23.2406,39.3484],[23.2422,39.3473],[23.2484,39.3448],[23.2568,39.3425],[23.2589,39.3412],[23.2634,39.338],[23.2682,39.3324],[23.2766,39.3263],[23.2803,39.3203],[23.2824,39.3151],[23.2846,39.3078],[23.2848,39.3036],[23.2862,39.3005],[23.2882,39.2974],[23.2895,39.2964],[23.2896,39.2953],[23.2901,39.295],[23.2911,39.2956],[23.2914,39.2953],[23.2908,39.2943],[23.2927,39.2891],[23.2936,39.288],[23.2942,39.2859],[23.2945,39.2818],[23.2958,39.2797],[23.2984,39.2769],[23.3026,39.2743],[23.3109,39.27],[23.312,39.2703],[23.3151,39.2686],[23.3269,39.2557],[23.3277,39.2547],[23.3304,39.2443],[23.3328,39.2396],[23.3359,39.2355],[23.337,39.2328],[23.3381,39.2318],[23.3396,39.2266],[23.3407,39.2255],[23.3405,39.2245],[23.3424,39.2203],[23.3461,39.2161],[23.3464,39.2151],[23.3484,39.2126],[23.3505,39.2109],[23.3506,39.2099],[23.3541,39.2036],[23.362,39.1935],[23.363,39.1931],[23.3641,39.1898],[23.3677,39.187],[23.3734,39.1837],[23.3766,39.1833],[23.3776,39.1805],[23.3797,39.1805],[23.3807,39.1812],[23.3859,39.1818],[23.3995,39.1809],[23.4057,39.1815],[23.4224,39.1883],[23.4283,39.1922],[23.4276,39.1932],[23.4296,39.1953],[23.4297,39.1974],[23.4309,39.1984],[23.4314,39.2005],[23.4334,39.2047],[23.4355,39.2078],[23.438,39.2092],[23.4401,39.2093],[23.4474,39.2117],[23.4536,39.2162],[23.463,39.2204],[23.4651,39.2204],[23.4661,39.221],[23.4672,39.2201],[23.4693,39.2206],[23.4684,39.2182],[23.4693,39.2178],[23.4786,39.2187],[23.488,39.2205],[23.4901,39.2197],[23.4922,39.2178],[23.4932,39.218],[23.4943,39.2171],[23.4964,39.2175],[23.4984,39.2144],[23.5005,39.2153],[23.5024,39.2141],[23.5019,39.213],[23.5025,39.2099],[23.5047,39.2096],[23.5068,39.2076],[23.5089,39.2041],[23.5153,39.2005],[23.5207,39.1964],[23.5224,39.1959],[23.5245,39.1936],[23.5276,39.1915],[23.5286,39.1913],[23.5297,39.19],[23.5311,39.1901],[23.5311,39.188],[23.5339,39.1853],[23.5349,39.1849],[23.5353,39.1818],[23.5359,39.1809],[23.5372,39.1807],[23.5363,39.1797],[23.538,39.1775],[23.5384,39.1766],[23.5378,39.1745],[23.5388,39.1734],[23.5387,39.1703],[23.5358,39.163],[23.5363,39.162],[23.535,39.1599],[23.5345,39.1568],[23.5391,39.1556],[23.5402,39.1557],[23.5394,39.1495],[23.5368,39.1453],[23.5359,39.143],[23.5328,39.1404],[23.5264,39.138],[23.5256,39.137],[23.5224,39.135],[23.5222,39.1339],[23.5199,39.1318],[23.5184,39.1286],[23.5145,39.1234],[23.5138,39.1214],[23.5139,39.1193],[23.5128,39.1161],[23.5099,39.1132],[23.5078,39.112],[23.4995,39.111],[23.4961,39.112],[23.4911,39.1125],[23.4809,39.1161],[23.4806,39.1172],[23.4797,39.1178],[23.4776,39.1181],[23.4766,39.1193],[23.4734,39.1205],[23.4693,39.1202],[23.4672,39.1208],[23.462,39.12],[23.4589,39.1204],[23.4568,39.121],[23.4547,39.1226],[23.4464,39.124],[23.4422,39.1251],[23.4411,39.1263],[23.4328,39.1283],[23.4312,39.1266],[23.4255,39.1243],[23.4214,39.124],[23.4172,39.1261],[23.4161,39.128],[23.413,39.1299],[23.4109,39.1319],[23.4089,39.1331],[23.4068,39.133],[23.4057,39.1343],[23.4036,39.1345],[23.4018,39.1339],[23.4005,39.1328],[23.3984,39.1332],[23.3964,39.1327],[23.3891,39.1326],[23.3814,39.1349],[23.3795,39.1359],[23.3766,39.1381],[23.3734,39.1414],[23.3693,39.1425],[23.3682,39.1433],[23.3651,39.1438],[23.3641,39.1445],[23.3599,39.1452],[23.3594,39.1443],[23.3578,39.1436],[23.3572,39.1422],[23.3526,39.1364],[23.3495,39.1347],[23.3474,39.1341],[23.3453,39.1338],[23.338,39.1346],[23.3354,39.1359],[23.3318,39.1366],[23.3318,39.1382],[23.3286,39.1388],[23.3266,39.1384],[23.3182,39.1357],[23.3141,39.1333],[23.3109,39.1306],[23.3093,39.1307],[23.3078,39.1298],[23.3036,39.1292],[23.3016,39.1294],[23.3005,39.1289],[23.2995,39.1292],[23.2953,39.1287],[23.2932,39.1278],[23.2891,39.128],[23.288,39.1273],[23.2849,39.1268],[23.2786,39.1248],[23.2776,39.1251],[23.2745,39.1244],[23.2734,39.1249],[23.2703,39.1231],[23.2682,39.1226],[23.2641,39.119],[23.2589,39.1159],[23.2516,39.1138],[23.2505,39.1142],[23.2443,39.1133],[23.2381,39.1099],[23.237,39.1086],[23.2367,39.1057],[23.2357,39.1036],[23.2328,39.1],[23.2276,39.0963],[23.2175,39.0901],[23.2143,39.087],[23.2141,39.0859],[23.213,39.0861],[23.2121,39.0849],[23.2089,39.0827],[23.2078,39.0829],[23.2047,39.0822],[23.2036,39.0826],[23.2016,39.0821],[23.1984,39.0827],[23.1974,39.0823],[23.1953,39.083],[23.1943,39.0828],[23.1932,39.0835],[23.1911,39.0836],[23.1901,39.0849],[23.1891,39.0846],[23.1884,39.0859],[23.1859,39.0867],[23.1807,39.0864],[23.1773,39.0849],[23.1705,39.0797],[23.1672,39.0781],[23.1578,39.0764],[23.1557,39.0768],[23.1474,39.074],[23.1443,39.0736],[23.1432,39.074],[23.1411,39.073],[23.1391,39.0735],[23.138,39.0727],[23.137,39.0732],[23.1339,39.0721],[23.1328,39.0725],[23.1318,39.0718],[23.1286,39.071],[23.1245,39.0713],[23.1203,39.0708],[23.1172,39.0715],[23.1151,39.0709],[23.1089,39.0713],[23.0995,39.0728],[23.0828,39.0719],[23.0807,39.0726],[23.0734,39.0733],[23.0728,39.0745],[23.074,39.0766],[23.0706,39.0797],[23.0695,39.0828],[23.0661,39.0871],[23.063,39.089],[23.062,39.0891],[23.0609,39.0884],[23.0578,39.0885],[23.0547,39.09],[23.0516,39.0929],[23.0505,39.0926],[23.0484,39.0937],[23.0474,39.0945],[23.0446,39.0995],[23.0438,39.1026],[23.042,39.1036],[23.0427,39.1047],[23.0419,39.1057],[23.0425,39.1068],[23.0428,39.1099],[23.0439,39.1109],[23.0437,39.112],[23.0484,39.1163],[23.0505,39.1193],[23.0504,39.1203],[23.0533,39.1255],[23.0544,39.1307],[23.0542,39.137],[23.0559,39.1422],[23.0544,39.1453],[23.0542,39.1474],[23.0531,39.1484],[23.0536,39.15],[23.052,39.1526],[23.0526,39.1536],[23.052,39.1547],[23.052,39.1568],[23.0514,39.1578],[23.0484,39.1614],[23.0474,39.1617],[23.0469,39.163],[23.0453,39.1644],[23.0427,39.1651],[23.0391,39.1675],[23.0359,39.1714],[23.0348,39.1755],[23.0352,39.1818],[23.0391,39.1874],[23.0422,39.1902],[23.0464,39.1926],[23.0495,39.1941],[23.0547,39.1949],[23.0578,39.1944],[23.0599,39.1938],[23.0609,39.1928],[23.0641,39.1922],[23.0654,39.1911],[23.0661,39.1886],[23.0686,39.188],[23.0683,39.187],[23.0686,39.1859],[23.0693,39.1857],[23.0703,39.1863],[23.0703,39.1845],[23.0714,39.1844],[23.0724,39.1851],[23.0734,39.1843],[23.087,39.183],[23.0922,39.1813],[23.0964,39.1811],[23.1016,39.18],[23.112,39.174],[23.1141,39.1734],[23.1245,39.1659],[23.1271,39.162],[23.1286,39.1609],[23.129,39.1568],[23.1302,39.1557],[23.1295,39.1547],[23.1318,39.152],[23.1328,39.1497],[23.1339,39.1513],[23.1359,39.1503],[23.1422,39.1524],[23.1438,39.1536],[23.1442,39.1547],[23.1464,39.156],[23.1599,39.1606],[23.162,39.1604],[23.1661,39.1633],[23.1672,39.1634],[23.1693,39.1646],[23.1734,39.1678],[23.1828,39.1734],[23.1837,39.1755],[23.1849,39.1768],[23.1924,39.1807],[23.1911,39.1828],[23.1916,39.1839],[23.1909,39.1849],[23.1925,39.1859],[23.1923,39.187],[23.1911,39.1881],[23.1901,39.1879],[23.1891,39.1896],[23.186,39.1922],[23.1864,39.1932],[23.1839,39.1983],[23.1828,39.1988],[23.1827,39.2005],[23.1804,39.2047],[23.1747,39.213],[23.1682,39.2214],[23.1667,39.2266],[23.1661,39.2339],[23.1656,39.2349],[23.1651,39.2391],[23.1654,39.2422],[23.1635,39.2484],[23.1637,39.2495],[23.162,39.2501],[23.1616,39.2516],[23.1609,39.2519],[23.1588,39.2516],[23.1578,39.2536],[23.1581,39.2547],[23.1566,39.2578],[23.1551,39.2589],[23.1542,39.2609],[23.1505,39.2661],[23.1494,39.2672],[23.1474,39.2678],[23.1426,39.2714],[23.138,39.2761],[23.1349,39.2786],[23.1328,39.2796],[23.1297,39.2799],[23.1275,39.2807],[23.1245,39.2823],[23.1234,39.2833],[23.1224,39.2833],[23.1214,39.2847],[23.1161,39.2861],[23.113,39.2888],[23.113,39.2904],[23.1099,39.2926],[23.1068,39.2933],[23.1036,39.2933],[23.0953,39.2945],[23.0932,39.2953],[23.0859,39.2969],[23.0849,39.2966],[23.0818,39.2976],[23.0807,39.2972],[23.0776,39.2975],[23.0755,39.2985],[23.0672,39.2962],[23.0578,39.2965],[23.0495,39.2977],[23.0484,39.2987],[23.0464,39.2988],[23.0453,39.2984],[23.0401,39.3],[23.0328,39.2996],[23.0214,39.2979],[23.0172,39.2981],[23.0141,39.2976],[23.0089,39.298],[23.0005,39.2966],[23,39.2964],[23,39.0714],[23.0005,39.0704],[23.0033,39.0682],[23.004,39.0661],[23.0031,39.0641],[23,39.062],[23,39.0505],[23.0005,39.0496],[23.0057,39.0472],[23.0089,39.0472],[23.0099,39.0477],[23.0141,39.0483],[23.0151,39.049],[23.0161,39.0489],[23.0203,39.0509],[23.0349,39.0536],[23.0359,39.0545],[23.0391,39.0556],[23.0411,39.0554],[23.0453,39.0561],[23.0474,39.0571],[23.0484,39.0555],[23.0495,39.056],[23.0505,39.0556],[23.0526,39.0559],[23.0536,39.0553],[23.0589,39.0541],[23.0651,39.0536],[23.0661,39.0529],[23.0693,39.0524],[23.0703,39.0529],[23.0734,39.0502],[23.0745,39.0503],[23.0755,39.0494],[23.0786,39.0496],[23.0792,39.0474],[23.0783,39.0464],[23.0776,39.0437],[23.0789,39.0432],[23.0791,39.0411],[23.0808,39.038],[23.081,39.0328],[23.0801,39.0297],[23.081,39.0286],[23.0801,39.0266],[23.0814,39.0255],[23.0807,39.0245],[23.0823,39.0224],[23.0839,39.022],[23.0862,39.0203],[23.0856,39.0193],[23.0859,39.0189],[23.088,39.0182],[23.0891,39.0166],[23.0906,39.0161],[23.0901,39.0151],[23.0922,39.013],[23.0943,39.0127],[23.0974,39.0087],[23.0995,39.0078],[23.1005,39.0085],[23.1036,39.0089],[23.112,39.0112],[23.1161,39.0134],[23.1234,39.0183],[23.1307,39.0207],[23.1359,39.0212],[23.1432,39.0211],[23.1703,39.0222],[23.1755,39.0222],[23.188,39.0208],[23.1974,39.0218],[23.1995,39.0225],[23.2036,39.0253],[23.2141,39.0344],[23.2203,39.0367],[23.2276,39.0372],[23.238,39.0407],[23.2484,39.0411],[23.2505,39.0418],[23.2557,39.0452],[23.262,39.0481],[23.2734,39.0514],[23.2797,39.0523],[23.3047,39.053],[23.3078,39.0523],[23.3099,39.0543],[23.3109,39.0546],[23.312,39.0534],[23.3139,39.0536],[23.3156,39.0516],[23.3172,39.0517],[23.3182,39.0509],[23.3203,39.0512],[23.3214,39.0507],[23.3255,39.0522],[23.3297,39.0523],[23.3339,39.0541],[23.3391,39.0536],[23.3448,39.0516],[23.3485,39.0474],[23.3505,39.0432],[23.3506,39.0411],[23.3503,39.0401],[23.3484,39.0377],[23.3464,39.0372],[23.3448,39.0359],[23.3417,39.0318],[23.3415,39.0297],[23.3422,39.0276],[23.344,39.0255],[23.3453,39.025],[23.3536,39.0177],[23.3661,39.013],[23.3724,39.0117],[23.3766,39.0117],[23.3807,39.0091],[23.3818,39.0089],[23.387,39.0089],[23.3932,39.0109],[23.3964,39.0101],[23.3979,39.0089],[23.3985,39.0057],[23.3974,39.0042],[23.3964,39.0033],[23.3932,39.0023],[23.3922,39.0015],[23.3911,39.0021],[23.3901,39.0017],[23.3887,39.0005],[23.3891,39],[23.9995,39],[24,39.0005]],[[23.7234,39.0669],[23.7224,39.0661],[23.7203,39.0662],[23.7182,39.0687],[23.7109,39.0693],[23.7099,39.0702],[23.7068,39.0703],[23.7046,39.0724],[23.7026,39.078],[23.7016,39.0796],[23.6964,39.0818],[23.6922,39.082],[23.6891,39.0816],[23.6859,39.0819],[23.6828,39.0813],[23.6807,39.0815],[23.6797,39.0828],[23.6786,39.0814],[23.6755,39.0811],[23.6703,39.0833],[23.6693,39.0828],[23.6672,39.0828],[23.6661,39.0841],[23.662,39.0839],[23.6609,39.0828],[23.6599,39.0832],[23.6578,39.0818],[23.6568,39.0828],[23.6547,39.0828],[23.6526,39.0853],[23.6508,39.0859],[23.6508,39.087],[23.6524,39.0911],[23.652,39.0922],[23.6527,39.0953],[23.6512,39.0984],[23.6517,39.0995],[23.6502,39.1016],[23.6506,39.1026],[23.6494,39.1047],[23.6499,39.1057],[23.648,39.1078],[23.6453,39.1093],[23.6443,39.1086],[23.6432,39.1095],[23.6422,39.1086],[23.6411,39.1086],[23.6391,39.1098],[23.6339,39.1107],[23.6328,39.1107],[23.6318,39.1099],[23.6286,39.1088],[23.6245,39.1099],[23.6222,39.112],[23.6224,39.1161],[23.6221,39.1172],[23.6242,39.1203],[23.6245,39.122],[23.6268,39.1245],[23.6255,39.1263],[23.6245,39.1261],[23.6224,39.1242],[23.6214,39.125],[23.6203,39.124],[23.6193,39.1243],[23.6172,39.1233],[23.6161,39.1232],[23.612,39.1245],[23.6101,39.1255],[23.6099,39.1276],[23.6084,39.1286],[23.6073,39.1307],[23.6068,39.1318],[23.6076,39.1328],[23.6076,39.1339],[23.6065,39.1349],[23.6068,39.1359],[23.6054,39.138],[23.6047,39.1402],[23.6016,39.1404],[23.6005,39.1394],[23.5995,39.1404],[23.5981,39.1401],[23.5974,39.1412],[23.5964,39.1405],[23.5922,39.1403],[23.5828,39.1454],[23.5802,39.1443],[23.5808,39.1453],[23.5803,39.1464],[23.5817,39.1474],[23.5814,39.1495],[23.582,39.1505],[23.5814,39.1557],[23.5825,39.1578],[23.5817,39.1589],[23.5828,39.1582],[23.5839,39.1583],[23.5859,39.1604],[23.587,39.1604],[23.5901,39.1645],[23.5929,39.1661],[23.5938,39.1682],[23.5914,39.1734],[23.5904,39.1745],[23.5888,39.1797],[23.5872,39.1807],[23.5869,39.1818],[23.5828,39.187],[23.5823,39.1891],[23.58,39.1922],[23.5801,39.1932],[23.5782,39.1984],[23.5781,39.2005],[23.5784,39.2026],[23.5801,39.2057],[23.5839,39.2094],[23.5874,39.212],[23.5911,39.2137],[23.5974,39.2144],[23.6036,39.2157],[23.613,39.2143],[23.6149,39.213],[23.6178,39.2089],[23.6195,39.2078],[23.6191,39.2068],[23.6203,39.2054],[23.6266,39.2036],[23.6286,39.2025],[23.6328,39.2021],[23.6339,39.2011],[23.638,39.2],[23.6401,39.1989],[23.6416,39.1974],[23.6507,39.1839],[23.6568,39.1799],[23.6574,39.1786],[23.6615,39.1755],[23.6641,39.1741],[23.6697,39.1724],[23.6745,39.1702],[23.6828,39.1652],[23.6943,39.1633],[23.7016,39.1597],[23.7057,39.1589],[23.7161,39.1557],[23.7203,39.153],[23.7276,39.1502],[23.7324,39.1443],[23.7339,39.1439],[23.7349,39.1424],[23.737,39.1411],[23.7366,39.1401],[23.737,39.1397],[23.7391,39.1403],[23.7401,39.1396],[23.7547,39.1389],[23.7568,39.1386],[23.7578,39.1381],[23.763,39.1375],[23.7714,39.1382],[23.7745,39.138],[23.7776,39.1387],[23.7786,39.1382],[23.7807,39.1383],[23.7818,39.1391],[23.7828,39.1387],[23.7891,39.1401],[23.7932,39.1427],[23.7964,39.1436],[23.8078,39.1442],[23.8089,39.1453],[23.8136,39.1432],[23.8141,39.1411],[23.8153,39.1401],[23.8156,39.1391],[23.8153,39.137],[23.8158,39.1359],[23.8153,39.1349],[23.816,39.1339],[23.8156,39.1318],[23.8166,39.1307],[23.8148,39.1276],[23.8145,39.1245],[23.8109,39.1218],[23.8089,39.1213],[23.8068,39.1222],[23.8057,39.1213],[23.8036,39.1225],[23.8012,39.1224],[23.8006,39.1214],[23.8017,39.1203],[23.801,39.1182],[23.8019,39.1161],[23.8016,39.1144],[23.8005,39.1148],[23.8,39.113],[23.7987,39.1109],[23.7963,39.1089],[23.7938,39.1057],[23.7931,39.1036],[23.7905,39.0995],[23.7828,39.0903],[23.7784,39.0859],[23.7755,39.0839],[23.7756,39.0828],[23.7745,39.0816],[23.7724,39.0805],[23.7703,39.0809],[23.7682,39.0804],[23.7661,39.0808],[23.7547,39.0778],[23.7474,39.077],[23.7469,39.0766],[23.7478,39.0755],[23.7459,39.0755],[23.7458,39.0745],[23.7443,39.0737],[23.7401,39.0722],[23.7339,39.0693],[23.7297,39.0693],[23.7286,39.0682],[23.7255,39.0686],[23.7234,39.0669]],[[23.9557,39.063],[23.9505,39.063],[23.9474,39.0643],[23.9459,39.0661],[23.9458,39.0682],[23.9463,39.0703],[23.9452,39.0714],[23.9481,39.0766],[23.9507,39.0786],[23.9529,39.0818],[23.9547,39.0831],[23.9578,39.0832],[23.9609,39.0845],[23.9635,39.0818],[23.9631,39.0807],[23.9634,39.0797],[23.9641,39.0791],[23.9651,39.0797],[23.9657,39.0786],[23.9655,39.0776],[23.9642,39.0734],[23.9613,39.0703],[23.9593,39.0661],[23.9557,39.063]]]]}},{"type":"Feature","properties":{"depth":50,"kind":"isobath"},"geometry":{"type":"MultiLineString","coordinates":[[[23.9911,39.963],[23.9901,39.9638],[23.9892,39.963],[23.9901,39.9621]],[[23.9831,39.9599],[23.9837,39.962],[23.9818,39.962],[23.9807,39.9629],[23.9798,39.962],[23.9818,39.9591]],[[23.4934,39.9516],[23.4928,39.9516],[23.4932,39.9506]],[[23.4975,39.9516],[23.4968,39.9516],[23.4974,39.9507]],[[23.5014,39.9495],[23.5005,39.9499],[23.4997,39.9495],[23.5005,39.9486]],[[23.2073,39.3891],[23.2068,39.3894],[23.2068,39.389]],[[23.9899,39.2349],[23.9891,39.2353],[23.9887,39.2349],[23.9891,39.2343]],[[23.9888,39.2328],[23.9888,39.2339],[23.988,39.2344],[23.9876,39.2339],[23.988,39.2319]],[[23.9892,39.2286],[23.9897,39.2297],[23.9891,39.231],[23.9877,39.2297],[23.9886,39.2286]],[[23.9945,39.2182],[23.9943,39.2192],[23.9941,39.2182]],[[23.9995,39.2179],[23.9974,39.2178],[23.9965,39.2172],[23.9974,39.215],[23.9984,39.2143],[23.9991,39.2151]],[[23.5011,39.2141],[23.5005,39.2147],[23.5001,39.2141]],[[23.5268,39.1911],[23.5266,39.1917],[23.5264,39.1911]],[[23.5914,39.1641],[23.5911,39.1649],[23.5908,39.1641]],[[23.9791,39.1328],[23.9786,39.1338],[23.978,39.1328],[23.9786,39.1321]],[[23.9766,39.1307],[23.9755,39.1317],[23.9745,39.1307],[23.9755,39.1297]],[[23.9768,39.1297],[23.9766,39.1307],[23.9759,39.1297]],[[23.628,39.1266],[23.6291,39.1276],[23.6286,39.128],[23.627,39.1276],[23.6271,39.1266],[23.6276,39.1261]],[[23.1299,39.1224],[23.1301,39.1245],[23.1297,39.1253],[23.1283,39.1245],[23.1273,39.1224],[23.1276,39.122]],[[23.2204,39.1193],[23.2217,39.1203],[23.2213,39.1214],[23.2193,39.1223],[23.2181,39.1214],[23.218,39.1203],[23.2193,39.1188]],[[23.6508,39.1047],[23.6505,39.105],[23.6497,39.1047]],[[23.956,39.0641],[23.9556,39.0641],[23.9557,39.0635]],[[23.0907,39.0141],[23.0901,39.015],[23.0899,39.0141]],[[23.0922,39.013],[23.0911,39.014],[23.0906,39.013],[23.0911,39.0124]],[[23.0905,39.012],[23.0901,39.0124],[23.0899,39.012]],[[23.3926,39.0026],[23.392,39.0026],[23.3922,39.0017]],[[23.9995,39.1289],[23.998,39.1234],[23.9964,39.1204],[23.9911,39.1141],[23.9885,39.1036],[23.9868,39.1005],[23.9849,39.0988],[23.9807,39.0962],[23.9797,39.0963],[23.9786,39.0956],[23.9745,39.0957],[23.9724,39.0945],[23.9693,39.095],[23.9688,39.0974],[23.9678,39.0984],[23.9672,39.1],[23.9663,39.1005],[23.967,39.1026],[23.9662,39.1057],[23.967,39.1078],[23.967,39.112],[23.9682,39.1151],[23.9724,39.1214],[23.9745,39.1269],[23.9759,39.1286],[23.9745,39.1307],[23.9755,39.1319],[23.9766,39.1308],[23.9772,39.1318],[23.9766,39.1328],[23.9785,39.1339],[23.9776,39.135],[23.9797,39.1336],[23.9824,39.1349],[23.9828,39.1356],[23.9839,39.1355],[23.987,39.1373],[23.9891,39.1379],[23.9911,39.1373],[23.9943,39.1377],[23.9974,39.1373],[23.9989,39.1359],[23.9989,39.1349],[23.9995,39.1341]],[[23.9995,39.2144],[23.999,39.2141],[23.9984,39.2101],[23.9943,39.1995],[23.9936,39.1922],[23.9936,39.1807],[23.9917,39.1724],[23.9911,39.1714],[23.9904,39.1672],[23.9915,39.162],[23.9911,39.1599],[23.9914,39.1589],[23.9901,39.1583],[23.988,39.1563],[23.9828,39.155],[23.9776,39.1552],[23.9766,39.1559],[23.9755,39.1559],[23.9738,39.1547],[23.9724,39.1547],[23.9703,39.1535],[23.9698,39.1536],[23.9693,39.1552],[23.9641,39.1565],[23.963,39.1575],[23.9609,39.1576],[23.9589,39.1556],[23.9526,39.1562],[23.9464,39.1591],[23.9443,39.1594],[23.9422,39.1617],[23.9378,39.1641],[23.937,39.1653],[23.9349,39.1651],[23.9336,39.1661],[23.9328,39.1689],[23.9318,39.1687],[23.9297,39.1669],[23.9266,39.1661],[23.9245,39.164],[23.9198,39.1609],[23.9153,39.1536],[23.912,39.1508],[23.9068,39.1477],[23.9036,39.1469],[23.9016,39.147],[23.8932,39.1427],[23.8891,39.1388],[23.8832,39.1359],[23.8821,39.1339],[23.8786,39.1314],[23.8737,39.1297],[23.8714,39.1283],[23.8651,39.1278],[23.8599,39.1268],[23.8578,39.1258],[23.8536,39.1255],[23.8505,39.1261],[23.8437,39.1328],[23.8391,39.1364],[23.838,39.1364],[23.8349,39.138],[23.8336,39.138],[23.8318,39.137],[23.8307,39.138],[23.8297,39.138],[23.8276,39.1401],[23.8276,39.1413],[23.8266,39.144],[23.8246,39.1464],[23.8221,39.1516],[23.8213,39.1536],[23.8218,39.1547],[23.8211,39.1578],[23.8224,39.1609],[23.8257,39.1651],[23.8349,39.1711],[23.8359,39.171],[23.837,39.1721],[23.8385,39.1724],[23.8392,39.1734],[23.8438,39.1766],[23.8454,39.1786],[23.8474,39.1803],[23.8516,39.1825],[23.8536,39.183],[23.8545,39.1839],[23.8542,39.1849],[23.8547,39.1859],[23.8516,39.1872],[23.8506,39.188],[23.8505,39.1891],[23.854,39.1922],[23.8542,39.1932],[23.8526,39.1957],[23.8516,39.1947],[23.8503,39.1964],[23.8504,39.1984],[23.8514,39.1995],[23.8508,39.2005],[23.8552,39.2068],[23.8578,39.2085],[23.8641,39.2102],[23.8651,39.2112],[23.8672,39.2118],[23.8693,39.212],[23.8747,39.2161],[23.8789,39.2203],[23.8811,39.2234],[23.8826,39.2245],[23.8859,39.2264],[23.8922,39.2282],[23.8984,39.2319],[23.9047,39.2347],[23.9076,39.237],[23.9096,39.2401],[23.9119,39.2464],[23.913,39.2474],[23.914,39.2505],[23.9157,39.2526],[23.9158,39.2547],[23.9179,39.2568],[23.9192,39.2599],[23.9245,39.2634],[23.9266,39.264],[23.9297,39.2673],[23.9334,39.2734],[23.9349,39.2776],[23.9348,39.2786],[23.9359,39.2799],[23.9391,39.2814],[23.9401,39.2831],[23.9422,39.2845],[23.9432,39.2861],[23.9432,39.287],[23.9443,39.288],[23.9443,39.2891],[23.9453,39.2902],[23.9469,39.2901],[23.9474,39.2922],[23.9484,39.2932],[23.9507,39.2932],[23.9526,39.2943],[23.9547,39.2943],[23.9557,39.2953],[23.9581,39.2943],[23.9557,39.2922],[23.9568,39.2914],[23.959,39.2922],[23.9605,39.2891],[23.9605,39.288],[23.9592,39.2849],[23.9599,39.2839],[23.959,39.2828],[23.9599,39.2818],[23.9565,39.2776],[23.9568,39.2768],[23.9599,39.2772],[23.9605,39.2766],[23.9604,39.2755],[23.963,39.275],[23.9661,39.2726],[23.9682,39.2734],[23.9693,39.2732],[23.9745,39.2741],[23.9776,39.2723],[23.9797,39.2693],[23.9818,39.2693],[23.9836,39.2703],[23.9839,39.2714],[23.9849,39.2724],[23.9859,39.2719],[23.9891,39.2743],[23.9911,39.2745],[23.9922,39.2734],[23.9911,39.2724],[23.9913,39.2682],[23.9897,39.2651],[23.9903,39.2641],[23.9904,39.262],[23.9895,39.2599],[23.988,39.2589],[23.9887,39.2578],[23.986,39.2547],[23.9849,39.2505],[23.9839,39.2498],[23.9811,39.2464],[23.9831,39.2443],[23.9828,39.2422],[23.9839,39.2411],[23.9849,39.2411],[23.9839,39.239],[23.9859,39.2367],[23.987,39.2373],[23.9891,39.2367],[23.9891,39.2381],[23.9901,39.2378],[23.9911,39.2392],[23.9922,39.2398],[23.9932,39.2397],[23.9953,39.2418],[23.9964,39.2409],[23.9972,39.2422]],[[23.9995,39.9519],[23.9984,39.9508],[23.9943,39.9499],[23.9932,39.9492],[23.9928,39.9474],[23.9922,39.9467],[23.9891,39.946],[23.987,39.9447],[23.9859,39.9447],[23.9849,39.9454],[23.9839,39.9443],[23.9818,39.9443],[23.9807,39.9432],[23.9745,39.9436],[23.9714,39.943],[23.9661,39.9429],[23.9643,39.9432],[23.9641,39.9453],[23.963,39.9453],[23.963,39.9437],[23.9638,39.9432],[23.963,39.9422],[23.9599,39.9401],[23.9547,39.9391],[23.9516,39.9359],[23.9505,39.9358],[23.9495,39.9349],[23.9432,39.9345],[23.942,39.9349],[23.9411,39.9361],[23.9391,39.9361],[23.9359,39.9359],[23.9328,39.9347],[23.9297,39.9349],[23.9286,39.9356],[23.9276,39.9349],[23.9255,39.9378],[23.9241,39.938],[23.9241,39.9391],[23.9234,39.9398],[23.9214,39.9407],[23.9182,39.94],[23.9153,39.9411],[23.9154,39.9422],[23.9141,39.9455],[23.9114,39.9484],[23.9109,39.9505],[23.9099,39.9503],[23.9089,39.9509],[23.9078,39.9509],[23.9005,39.9555],[23.8995,39.9555],[23.8953,39.9577],[23.8932,39.9578],[23.8932,39.9595],[23.8943,39.9601],[23.8959,39.963],[23.8952,39.9641],[23.8953,39.9655],[23.8943,39.9672],[23.8948,39.9693],[23.8943,39.9698],[23.8932,39.9693],[23.893,39.9703],[23.8938,39.9724],[23.8949,39.9734],[23.8951,39.9755],[23.8932,39.9786],[23.8914,39.9797],[23.8919,39.9807],[23.8911,39.9808],[23.8908,39.9818],[23.8893,39.9828],[23.8859,39.9872],[23.8807,39.9895],[23.8703,39.9908],[23.8601,39.9974]],[[23.6204,39.9995],[23.6255,39.9957],[23.6276,39.9936],[23.6359,39.9903],[23.637,39.991],[23.6401,39.99],[23.6432,39.9913],[23.6495,39.9921],[23.6536,39.9907],[23.663,39.9908],[23.6661,39.9894],[23.6693,39.9871],[23.6724,39.9862],[23.6755,39.983],[23.6776,39.9825],[23.6839,39.9788],[23.6862,39.9755],[23.6865,39.9693],[23.6871,39.9682],[23.6878,39.9651],[23.6887,39.9641],[23.6912,39.9589],[23.6911,39.9567],[23.6938,39.9516],[23.6946,39.9484],[23.6943,39.9464],[23.6956,39.9443],[23.6984,39.9413],[23.6995,39.9414],[23.7026,39.9391],[23.7089,39.9376],[23.7182,39.9373],[23.7266,39.9379],[23.7318,39.9389],[23.7328,39.9399],[23.7432,39.9399],[23.7453,39.9396],[23.7491,39.937],[23.7521,39.9318],[23.7538,39.9245],[23.7539,39.9161],[23.7526,39.9136],[23.7401,39.9115],[23.7339,39.9115],[23.7286,39.9098],[23.7234,39.9076],[23.7199,39.9078],[23.7172,39.9061],[23.7161,39.9061],[23.7103,39.9078],[23.7057,39.9078],[23.7023,39.9089],[23.6984,39.9093],[23.6922,39.9125],[23.6901,39.9143],[23.6891,39.913],[23.688,39.9141],[23.6807,39.9141],[23.6797,39.913],[23.6609,39.9119],[23.6557,39.9108],[23.6464,39.912],[23.637,39.912],[23.6328,39.9115],[23.6276,39.9119],[23.6172,39.9159],[23.6078,39.9176],[23.6026,39.9192],[23.5911,39.9198],[23.587,39.9223],[23.5745,39.9254],[23.5651,39.9267],[23.5474,39.933],[23.5432,39.9356],[23.538,39.9378],[23.5307,39.9398],[23.512,39.9468],[23.5026,39.9491],[23.5002,39.9484],[23.4984,39.9505],[23.4974,39.9505],[23.4964,39.9515],[23.4943,39.9498],[23.4922,39.9509],[23.4895,39.9536],[23.4849,39.9551],[23.4818,39.9552],[23.4797,39.9558],[23.4682,39.9541],[23.4672,39.9548],[23.4651,39.9548],[23.4641,39.9567],[23.4411,39.9572],[23.4359,39.9563],[23.4245,39.9514],[23.4203,39.9502],[23.4161,39.9498],[23.4141,39.9505],[23.412,39.9505],[23.3891,39.9495],[23.3807,39.9502],[23.3766,39.9498],[23.3609,39.9441],[23.3557,39.9438],[23.3484,39.9449],[23.3443,39.9463],[23.3422,39.9485],[23.3404,39.9495],[23.3401,39.9516],[23.3395,39.9526],[23.3395,39.9557],[23.3422,39.9693],[23.3425,39.9745],[23.3432,39.9766],[23.3441,39.9786],[23.3462,39.9818],[23.3509,39.987],[23.3531,39.9922],[23.3534,39.9943],[23.3528,39.9974],[23.3515,39.9995]],[[23.0005,39.5631],[23.0036,39.563],[23.0089,39.5608],[23.013,39.5567],[23.0182,39.5497],[23.0214,39.5474],[23.0224,39.546],[23.0286,39.5417],[23.0339,39.54],[23.037,39.5413],[23.038,39.5414],[23.0464,39.5397],[23.0495,39.5389],[23.0578,39.5349],[23.0599,39.5337],[23.062,39.5301],[23.0682,39.5248],[23.0693,39.5244],[23.0745,39.519],[23.0828,39.5153],[23.088,39.512],[23.0901,39.5112],[23.0995,39.5036],[23.1032,39.5016],[23.1091,39.4901],[23.1107,39.488],[23.1119,39.4849],[23.1172,39.4786],[23.1206,39.4755],[23.1272,39.4641],[23.1318,39.4589],[23.137,39.4543],[23.1391,39.4529],[23.1401,39.453],[23.1411,39.4524],[23.1426,39.4526],[23.1451,39.4495],[23.1464,39.4492],[23.1488,39.4474],[23.1547,39.4417],[23.1568,39.4405],[23.1634,39.4349],[23.1742,39.4245],[23.1786,39.419],[23.1824,39.4172],[23.1867,39.4141],[23.1891,39.412],[23.1912,39.4089],[23.1932,39.4075],[23.1943,39.408],[23.1964,39.4062],[23.1982,39.4057],[23.2011,39.4016],[23.2015,39.3995],[23.2026,39.3971],[23.2026,39.3953],[23.2036,39.393],[23.205,39.3911],[23.2068,39.3903],[23.2089,39.388],[23.2085,39.387],[23.2094,39.3849],[23.2121,39.3807],[23.2119,39.3797],[23.2128,39.3776],[23.2132,39.3745],[23.2161,39.372],[23.2168,39.3703],[23.2195,39.3672],[23.2228,39.3651],[23.2269,39.3609],[23.2286,39.3567],[23.2297,39.3563],[23.2328,39.3534],[23.2365,39.3516],[23.238,39.3515],[23.2391,39.3493],[23.2401,39.3496],[23.2406,39.3484],[23.2422,39.3473],[23.2484,39.3448],[23.2568,39.3425],[23.2589,39.3412],[23.2634,39.338],[23.2682,39.3324],[23.2766,39.3263],[23.2803,39.3203],[23.2824,39.3151],[23.2846,39.3078],[23.2848,39.3036],[23.2862,39.3005],[23.2882,39.2974],[23.2895,39.2964],[23.2896,39.2953],[23.2901,39.295],[23.2911,39.2956],[23.2914,39.2953],[23.2908,39.2943],[23.2927,39.2891],[23.2936,39.288],[23.2942,39.2859],[23.2945,39.2818],[23.2958,39.2797],[23.2984,39.2769],[23.3026,39.2743],[23.3109,39.27],[23.312,39.2703],[23.3151,39.2686],[23.3269,39.2557],[23.3277,39.2547],[23.3304,39.2443],[23.3328,39.2396],[23.3359,39.2355],[23.337,39.2328],[23.3381,39.2318],[23.3396,39.2266],[23.3407,39.2255],[23.3405,39.2245],[23.3424,39.2203],[23.3461,39.2161],[23.3464,39.2151],[23.3484,39.2126],[23.3505,39.2109],[23.3506,39.2099],[23.3541,39.2036],[23.362,39.1935],[23.363,39.1931],[23.3641,39.1898],[23.3677,39.187],[23.3734,39.1837],[23.3766,39.1833],[23.3776,39.1805],[23.3797,39.1805],[23.3807,39.1812],[23.3859,39.1818],[23.3995,39.1809],[23.4057,39.1815],[23.4224,39.1883],[23.4283,39.1922],[23.4276,39.1932],[23.4296,39.1953],[23.4297,39.1974],[23.4309,39.1984],[23.4314,39.2005],[23.4334,39.2047],[23.4355,39.2078],[23.438,39.2092],[23.4401,39.2093],[23.4474,39.2117],[23.4536,39.2162],[23.463,39.2204],[23.4651,39.2204],[23.4661,39.221],[23.4672,39.2201],[23.4693,39.2206],[23.4684,39.2182],[23.4693,39.2178],[23.4786,39.2187],[23.488,39.2205],[23.4901,39.2197],[23.4922,39.2178],[23.4932,39.218],[23.4943,39.2171],[23.4964,39.2175],[23.4984,39.2144],[23.5005,39.2153],[23.5024,39.2141],[23.5019,39.213],[23.5025,39.2099],[23.5047,39.2096],[23.5068,39.2076],[23.5089,39.2041],[23.5153,39.2005],[23.5207,39.1964],[23.5224,39.1959],[23.5245,39.1936],[23.5276,39.1915],[23.5286,39.1913],[23.5297,39.19],[23.5311,39.1901],[23.5311,39.188],[23.5339,39.1853],[23.5349,39.1849],[23.5353,39.1818],[23.5359,39.1809],[23.5372,39.1807],[23.5363,39.1797],[23.538,39.1775],[23.5384,39.1766],[23.5378,39.1745],[23.5388,39.1734],[23.5387,39.1703],[23.5358,39.163],[23.5363,39.162],[23.535,39.1599],[23.5345,39.1568],[23.5391,39.1556],[23.5402,39.1557],[23.5394,39.1495],[23.5368,39.1453],[23.5359,39.143],[23.5328,39.1404],[23.5264,39.138],[23.5256,39.137],[23.5224,39.135],[23.5222,39.1339],[23.5199,39.1318],[23.5184,39.1286],[23.5145,39.1234],[23.5138,39.1214],[23.5139,39.1193],[23.5128,39.1161],[23.5099,39.1132],[23.5078,39.112],[23.4995,39.111],[23.4961,39.112],[23.4911,39.1125],[23.4809,39.1161],[23.4806,39.1172],[23.4797,39.1178],[23.4776,39.1181],[23.4766,39.1193],[23.4734,39.1205],[23.4693,39.1202],[23.4672,39.1208],[23.462,39.12],[23.4589,39.1204],[23.4568,39.121],[23.4547,39.1226],[23.4464,39.124],[23.4422,39.1251],[23.4411,39.1263],[23.4328,39.1283],[23.4312,39.1266],[23.4255,39.1243],[23.4214,39.124],[23.4172,39.1261],[23.4161,39.128],[23.413,39.1299],[23.4109,39.1319],[23.4089,39.1331],[23.4068,39.133],[23.4057,39.1343],[23.4036,39.1345],[23.4018,39.1339],[23.4005,39.1328],[23.3984,39.1332],[23.3964,39.1327],[23.3891,39.1326],[23.3814,39.1349],[23.3795,39.1359],[23.3766,39.1381],[23.3734,39.1414],[23.3693,39.1425],[23.3682,39.1433],[23.3651,39.1438],[23.3641,39.1445],[23.3599,39.1452],[23.3594,39.1443],[23.3578,39.1436],[23.3572,39.1422],[23.3526,39.1364],[23.3495,39.1347],[23.3474,39.1341],[23.3453,39.1338],[23.338,39.1346],[23.3354,39.1359],[23.3318,39.1366],[23.3318,39.1382],[23.3286,39.1388],[23.3266,39.1384],[23.3182,39.1357],[23.3141,39.1333],[23.3109,39.1306],[23.3093,39.1307],[23.3078,39.1298],[23.3036,39.1292],[23.3016,39.1294],[23.3005,39.1289],[23.2995,39.1292],[23.2953,39.1287],[23.2932,39.1278],[23.2891,39.128],[23.288,39.1273],[23.2849,39.1268],[23.2786,39.1248],[23.2776,39.1251],[23.2745,39.1244],[23.2734,39.1249],[23.2703,39.1231],[23.2682,39.1226],[23.2641,39.119],[23.2589,39.1159],[23.2516,39.1138],[23.2505,39.1142],[23.2443,39.1133],[23.2381,39.1099],[23.237,39.1086],[23.2367,39.1057],[23.2357,39.1036],[23.2328,39.1],[23.2276,39.0963],[23.2175,39.0901],[23.2143,39.087],[23.2141,39.0859],[23.213,39.0861],[23.2121,39.0849],[23.2089,39.0827],[23.2078,39.0829],[23.2047,39.0822],[23.2036,39.0826],[23.2016,39.0821],[23.1984,39.0827],[23.1974,39.0823],[23.1953,39.083],[23.1943,39.0828],[23.1932,39.0835],[23.1911,39.0836],[23.1901,39.0849],[23.1891,39.0846],[23.1884,39.0859],[23.1859,39.0867],[23.1807,39.0864],[23.1773,39.0849],[23.1705,39.0797],[23.1672,39.0781],[23.1578,39.0764],[23.1557,39.0768],[23.1474,39.074],[23.1443,39.0736],[23.1432,39.074],[23.1411,39.073],[23.1391,39.0735],[23.138,39.0727],[23.137,39.0732],[23.1339,39.0721],[23.1328,39.0725],[23.1318,39.0718],[23.1286,39.071],[23.1245,39.0713],[23.1203,39.0708],[23.1172,39.0715],[23.1151,39.0709],[23.1089,39.0713],[23.0995,39.0728],[23.0828,39.0719],[23.0807,39.0726],[23.0734,39.0733],[23.0728,39.0745],[23.074,39.0766],[23.0706,39.0797],[23.0695,39.0828],[23.0661,39.0871],[23.063,39.089],[23.062,39.0891],[23.0609,39.0884],[23.0578,39.0885],[23.0547,39.09],[23.0516,39.0929],[23.0505,39.0926],[23.0484,39.0937],[23.0474,39.0945],[23.0446,39.0995],[23.0438,39.1026],[23.042,39.1036],[23.0427,39.1047],[23.0419,39.1057],[23.0425,39.1068],[23.0428,39.1099],[23.0439,39.1109],[23.0437,39.112],[23.0484,39.1163],[23.0505,39.1193],[23.0504,39.1203],[23.0533,39.1255],[23.0544,39.1307],[23.0542,39.137],[23.0559,39.1422],[23.0544,39.1453],[23.0542,39.1474],[23.0531,39.1484],[23.0536,39.15],[23.052,39.1526],[23.0526,39.1536],[23.052,39.1547],[23.052,39.1568],[23.0514,39.1578],[23.0484,39.1614],[23.0474,39.1617],[23.0469,39.163],[23.0453,39.1644],[23.0427,39.1651],[23.0391,39.1675],[23.0359,39.1714],[23.0348,39.1755],[23.0352,39.1818],[23.0391,39.1874],[23.0422,39.1902],[23.0464,39.1926],[23.0495,39.1941],[23.0547,39.1949],[23.0578,39.1944],[23.0599,39.1938],[23.0609,39.1928],[23.0641,39.1922],[23.0654,39.1911],[23.0661,39.1886],[23.0686,39.188],[23.0683,39.187],[23.0686,39.1859],[23.0693,39.1857],[23.0703,39.1863],[23.0703,39.1845],[23.0714,39.1844],[23.0724,39.1851],[23.0734,39.1843],[23.087,39.183],[23.0922,39.1813],[23.0964,39.1811],[23.1016,39.18],[23.112,39.174],[23.1141,39.1734],[23.1245,39.1659],[23.1271,39.162],[23.1286,39.1609],[23.129,39.1568],[23.1302,39.1557],[23.1295,39.1547],[23.1318,39.152],[23.1328,39.1497],[23.1339,39.1513],[23.1359,39.1503],[23.1422,39.1524],[23.1438,39.1536],[23.1442,39.1547],[23.1464,39.156],[23.1599,39.1606],[23.162,39.1604],[23.1661,39.1633],[23.1672,39.1634],[23.1693,39.1646],[23.1734,39.1678],[23.1828,39.1734],[23.1837,39.1755],[23.1849,39.1768],[23.1924,39.1807],[23.1911,39.1828],[23.1916,39.1839],[23.1909,39.1849],[23.1925,39.1859],[23.1923,39.187],[23.1911,39.1881],[23.1901,39.1879],[23.1891,39.1896],[23.186,39.1922],[23.1864,39.1932],[23.1839,39.1983],[23.1828,39.1988],[23.1827,39.2005],[23.1804,39.2047],[23.1747,39.213],[23.1682,39.2214],[23.1667,39.2266],[23.1661,39.2339],[23.1656,39.2349],[23.1651,39.2391],[23.1654,39.2422],[23.1635,39.2484],[23.1637,39.2495],[23.162,39.2501],[23.1616,39.2516],[23.1609,39.2519],[23.1588,39.2516],[23.1578,39.2536],[23.1581,39.2547],[23.1566,39.2578],[23.1551,39.2589],[23.1542,39.2609],[23.1505,39.2661],[23.1494,39.2672],[23.1474,39.2678],[23.1426,39.2714],[23.138,39.2761],[23.1349,39.2786],[23.1328,39.2796],[23.1297,39.2799],[23.1275,39.2807],[23.1245,39.2823],[23.1234,39.2833],[23.1224,39.2833],[23.1214,39.2847],[23.1161,39.2861],[23.113,39.2888],[23.113,39.2904],[23.1099,39.2926],[23.1068,39.2933],[23.1036,39.2933],[23.0953,39.2945],[23.0932,39.2953],[23.0859,39.2969],[23.0849,39.2966],[23.0818,39.2976],[23.0807,39.2972],[23.0776,39.2975],[23.0755,39.2985],[23.0672,39.2962],[23.0578,39.2965],[23.0495,39.2977],[23.0484,39.2987],[23.0464,39.2988],[23.0453,39.2984],[23.0401,39.3],[23.0328,39.2996],[23.0214,39.2979],[23.0172,39.2981],[23.0141,39.2976],[23.0089,39.298],[23.0005,39.2966]],[[23.0005,39.0704],[23.0033,39.0682],[23.004,39.0661],[23.0031,39.0641]],[[23.0005,39.0496],[23.0057,39.0472],[23.0089,39.0472],[23.0099,39.0477],[23.0141,39.0483],[23.0151,39.049],[23.0161,39.0489],[23.0203,39.0509],[23.0349,39.0536],[23.0359,39.0545],[23.0391,39.0556],[23.0411,39.0554],[23.0453,39.0561],[23.0474,39.0571],[23.0484,39.0555],[23.0495,39.056],[23.0505,39.0556],[23.0526,39.0559],[23.0536,39.0553],[23.0589,39.0541],[23.0651,39.0536],[23.0661,39.0529],[23.0693,39.0524],[23.0703,39.0529],[23.0734,39.0502],[23.0745,39.0503],[23.0755,39.0494],[23.0786,39.0496],[23.0792,39.0474],[23.0783,39.0464],[23.0776,39.0437],[23.0789,39.0432],[23.0791,39.0411],[23.0808,39.038],[23.081,39.0328],[23.0801,39.0297],[23.081,39.0286],[23.0801,39.0266],[23.0814,39.0255],[23.0807,39.0245],[23.0823,39.0224],[23.0839,39.022],[23.0862,39.0203],[23.0856,39.0193],[23.0859,39.0189],[23.088,39.0182],[23.0891,39.0166],[23.0906,39.0161],[23.0901,39.0151],[23.0922,39.013],[23.0943,39.0127],[23.0974,39.0087],[23.0995,39.0078],[23.1005,39.0085],[23.1036,39.0089],[23.112,39.0112],[23.1161,39.0134],[23.1234,39.0183],[23.1307,39.0207],[23.1359,39.0212],[23.1432,39.0211],[23.1703,39.0222],[23.1755,39.0222],[23.188,39.0208],[23.1974,39.0218],[23.1995,39.0225],[23.2036,39.0253],[23.2141,39.0344],[23.2203,39.0367],[23.2276,39.0372],[23.238,39.0407],[23.2484,39.0411],[23.2505,39.0418],[23.2557,39.0452],[23.262,39.0481],[23.2734,39.0514],[23.2797,39.0523],[23.3047,39.053],[23.3078,39.0523],[23.3099,39.0543],[23.3109,39.0546],[23.312,39.0534],[23.3139,39.0536],[23.3156,39.0516],[23.3172,39.0517],[23.3182,39.0509],[23.3203,39.0512],[23.3214,39.0507],[23.3255,39.0522],[23.3297,39.0523],[23.3339,39.0541],[23.3391,39.0536],[23.3448,39.0516],[23.3485,39.0474],[23.3505,39.0432],[23.3506,39.0411],[23.3503,39.0401],[23.3484,39.0377],[23.3464,39.0372],[23.3448,39.0359],[23.3417,39.0318],[23.3415,39.0297],[23.3422,39.0276],[23.344,39.0255],[23.3453,39.025],[23.3536,39.0177],[23.3661,39.013],[23.3724,39.0117],[23.3766,39.0117],[23.3807,39.0091],[23.3818,39.0089],[23.387,39.0089],[23.3932,39.0109],[23.3964,39.0101],[23.3979,39.0089],[23.3985,39.0057],[23.3974,39.0042],[23.3964,39.0033],[23.3932,39.0023],[23.3922,39.0015],[23.3911,39.0021],[23.3901,39.0017],[23.3887,39.0005]],[[23.7234,39.0669],[23.7224,39.0661],[23.7203,39.0662],[23.7182,39.0687],[23.7109,39.0693],[23.7099,39.0702],[23.7068,39.0703],[23.7046,39.0724],[23.7026,39.078],[23.7016,39.0796],[23.6964,39.0818],[23.6922,39.082],[23.6891,39.0816],[23.6859,39.0819],[23.6828,39.0813],[23.6807,39.0815],[23.6797,39.0828],[23.6786,39.0814],[23.6755,39.0811],[23.6703,39.0833],[23.6693,39.0828],[23.6672,39.0828],[23.6661,39.0841],[23.662,39.0839],[23.6609,39.0828],[23.6599,39.0832],[23.6578,39.0818],[23.6568,39.0828],[23.6547,39.0828],[23.6526,39.0853],[23.6508,39.0859],[23.6508,39.087],[23.6524,39.0911],[23.652,39.0922],[23.6527,39.0953],[23.6512,39.0984],[23.6517,39.0995],[23.6502,39.1016],[23.6506,39.1026],[23.6494,39.1047],[23.6499,39.1057],[23.648,39.1078],[23.6453,39.1093],[23.6443,39.1086],[23.6432,39.1095],[23.6422,39.1086],[23.6411,39.1086],[23.6391,39.1098],[23.6339,39.1107],[23.6328,39.1107],[23.6318,39.1099],[23.6286,39.1088],[23.6245,39.1099],[23.6222,39.112],[23.6224,39.1161],[23.6221,39.1172],[23.6242,39.1203],[23.6245,39.122],[23.6268,39.1245],[23.6255,39.1263],[23.6245,39.1261],[23.6224,39.1242],[23.6214,39.125],[23.6203,39.124],[23.6193,39.1243],[23.6172,39.1233],[23.6161,39.1232],[23.612,39.1245],[23.6101,39.1255],[23.6099,39.1276],[23.6084,39.1286],[23.6073,39.1307],[23.6068,39.1318],[23.6076,39.1328],[23.6076,39.1339],[23.6065,39.1349],[23.6068,39.1359],[23.6054,39.138],[23.6047,39.1402],[23.6016,39.1404],[23.6005,39.1394],[23.5995,39.1404],[23.5981,39.1401],[23.5974,39.1412],[23.5964,39.1405],[23.5922,39.1403],[23.5828,39.1454],[23.5802,39.1443],[23.5808,39.1453],[23.5803,39.1464],[23.5817,39.1474],[23.5814,39.1495],[23.582,39.1505],[23.5814,39.1557],[23.5825,39.1578],[23.5817,39.1589],[23.5828,39.1582],[23.5839,39.1583],[23.5859,39.1604],[23.587,39.1604],[23.5901,39.1645],[23.5929,39.1661],[23.5938,39.1682],[23.5914,39.1734],[23.5904,39.1745],[23.5888,39.1797],[23.5872,39.1807],[23.5869,39.1818],[23.5828,39.187],[23.5823,39.1891],[23.58,39.1922],[23.5801,39.1932],[23.5782,39.1984],[23.5781,39.2005],[23.5784,39.2026],[23.5801,39.2057],[23.5839,39.2094],[23.5874,39.212],[23.5911,39.2137],[23.5974,39.2144],[23.6036,39.2157],[23.613,39.2143],[23.6149,39.213],[23.6178,39.2089],[23.6195,39.2078],[23.6191,39.2068],[23.6203,39.2054],[23.6266,39.2036],[23.6286,39.2025],[23.6328,39.2021],[23.6339,39.2011],[23.638,39.2],[23.6401,39.1989],[23.6416,39.1974],[23.6507,39.1839],[23.6568,39.1799],[23.6574,39.1786],[23.6615,39.1755],[23.6641,39.1741],[23.6697,39.1724],[23.6745,39.1702],[23.6828,39.1652],[23.6943,39.1633],[23.7016,39.1597],[23.7057,39.1589],[23.7161,39.1557],[23.7203,39.153],[23.7276,39.1502],[23.7324,39.1443],[23.7339,39.1439],[23.7349,39.1424],[23.737,39.1411],[23.7366,39.1401],[23.737,39.1397],[23.7391,39.1403],[23.7401,39.1396],[23.7547,39.1389],[23.7568,39.1386],[23.7578,39.1381],[23.763,39.1375],[23.7714,39.1382],[23.7745,39.138],[23.7776,39.1387],[23.7786,39.1382],[23.7807,39.1383],[23.7818,39.1391],[23.7828,39.1387],[23.7891,39.1401],[23.7932,39.1427],[23.7964,39.1436],[23.8078,39.1442],[23.8089,39.1453],[23.8136,39.1432],[23.8141,39.1411],[23.8153,39.1401],[23.8156,39.1391],[23.8153,39.137],[23.8158,39.1359],[23.8153,39.1349],[23.816,39.1339],[23.8156,39.1318],[23.8166,39.1307],[23.8148,39.1276],[23.8145,39.1245],[23.8109,39.1218],[23.8089,39.1213],[23.8068,39.1222],[23.8057,39.1213],[23.8036,39.1225],[23.8012,39.1224],[23.8006,39.1214],[23.8017,39.1203],[23.801,39.1182],[23.8019,39.1161],[23.8016,39.1144],[23.8005,39.1148],[23.8,39.113],[23.7987,39.1109],[23.7963,39.1089],[23.7938,39.1057],[23.7931,39.1036],[23.7905,39.0995],[23.7828,39.0903],[23.7784,39.0859],[23.7755,39.0839],[23.7756,39.0828],[23.7745,39.0816],[23.7724,39.0805],[23.7703,39.0809],[23.7682,39.0804],[23.7661,39.0808],[23.7547,39.0778],[23.7474,39.077],[23.7469,39.0766],[23.7478,39.0755],[23.7459,39.0755],[23.7458,39.0745],[23.7443,39.0737],[23.7401,39.0722],[23.7339,39.0693],[23.7297,39.0693],[23.7286,39.0682],[23.7255,39.0686]],[[23.9557,39.063],[23.9505,39.063],[23.9474,39.0643],[23.9459,39.0661],[23.9458,39.0682],[23.9463,39.0703],[23.9452,39.0714],[23.9481,39.0766],[23.9507,39.0786],[23.9529,39.0818],[23.9547,39.0831],[23.9578,39.0832],[23.9609,39.0845],[23.9635,39.0818],[23.9631,39.0807],[23.9634,39.0797],[23.9641,39.0791],[23.9651,39.0797],[23.9657,39.0786],[23.9655,39.0776],[23.9642,39.0734],[23.9613,39.0703],[23.9593,39.0661]]]}},{"type":"Feature","properties":{"depth":75,"kind":"band"},"geometry":{"type":"MultiPolygon","coordinates":[[[[23.6298,39.9995],[23.6297,40],[23.6276,40],[23.6275,39.9995],[23.6298,39.9995]]],[[[23.8945,39.962],[23.8943,39.9624],[23.894,39.962],[23.8943,39.9615],[23.8945,39.962]]],[[[23.8924,39.9599],[23.8922,39.9605],[23.8918,39.9599],[23.8922,39.959],[23.8924,39.9599]]],[[[23.9825,39.9599],[23.9833,39.962],[23.9818,39.962],[23.9807,39.9626],[23.9801,39.962],[23.9814,39.9609],[23.9814,39.9599],[23.9818,39.9595],[23.9825,39.9599]]],[[[23.9593,39.2932],[23.9589,39.294],[23.9583,39.2932],[23.9593,39.2932]]],[[[23.9579,39.2922],[23.9568,39.2926],[23.9559,39.2922],[23.9568,39.2919],[23.9579,39.2922]]],[[[23.8198,39.1609],[23.8193,39.1616],[23.8184,39.1609],[23.8193,39.1605],[23.8198,39.1609]]],[[[23.8371,39.1349],[23.8366,39.1349],[23.837,39.1344],[23.8371,39.1349]]],[[[23.8351,39.1307],[23.8349,39.1316],[23.8346,39.1307],[23.8351,39.1307]]],[[[23.0381,39.1099],[23.0375,39.1099],[23.038,39.1092],[23.0381,39.1099]]],[[[23.6455,39.1078],[23.6451,39.1078],[23.6453,39.1072],[23.6455,39.1078]]],[[[23.9698,39.0911],[23.9693,39.0916],[23.9688,39.0911],[23.9693,39.0903],[23.9698,39.0911]]],[[[23.0604,39.087],[23.0584,39.087],[23.0599,39.0862],[23.0604,39.087]]],[[[23.0569,39.0859],[23.056,39.0859],[23.0568,39.0854],[23.0569,39.0859]]],[[[23.0632,39.0786],[23.063,39.0794],[23.0624,39.0786],[23.063,39.0781],[23.0632,39.0786]]],[[[23.0668,39.0786],[23.0678,39.0807],[23.0674,39.0828],[23.0651,39.085],[23.0631,39.0849],[23.0636,39.0828],[23.0651,39.0824],[23.0654,39.0818],[23.0647,39.0807],[23.0631,39.0797],[23.0661,39.0778],[23.0668,39.0786]]],[[[23.026,39.0714],[23.0255,39.0717],[23.025,39.0714],[23.026,39.0714]]],[[[23.0147,39.0703],[23.0161,39.0711],[23.0255,39.0736],[23.0266,39.0745],[23.0262,39.0734],[23.0272,39.0724],[23.0286,39.0723],[23.0359,39.0753],[23.037,39.0753],[23.0372,39.0745],[23.0352,39.0724],[23.0359,39.072],[23.0432,39.0722],[23.0443,39.0716],[23.0464,39.072],[23.0474,39.0724],[23.0495,39.075],[23.0526,39.0776],[23.0509,39.0786],[23.0526,39.0807],[23.0526,39.0818],[23.0568,39.0816],[23.0577,39.0828],[23.0568,39.0848],[23.0526,39.0843],[23.0494,39.087],[23.0493,39.0891],[23.0474,39.0915],[23.0468,39.0932],[23.0411,39.0982],[23.0395,39.1005],[23.0373,39.1078],[23.038,39.1089],[23.0369,39.1099],[23.0383,39.1141],[23.0381,39.1151],[23.0401,39.1182],[23.0446,39.1234],[23.046,39.1266],[23.048,39.1359],[23.0481,39.1411],[23.0465,39.1484],[23.0453,39.1521],[23.0439,39.1547],[23.0422,39.1567],[23.037,39.1588],[23.0336,39.1609],[23.0333,39.162],[23.0318,39.1629],[23.0307,39.1642],[23.0301,39.1661],[23.0274,39.1703],[23.028,39.1714],[23.0269,39.1724],[23.0269,39.1755],[23.0264,39.1776],[23.0265,39.1828],[23.0286,39.188],[23.0305,39.1911],[23.0349,39.1954],[23.0464,39.2017],[23.0474,39.2012],[23.0495,39.2022],[23.0526,39.2015],[23.0536,39.2026],[23.0599,39.2023],[23.0639,39.2005],[23.0672,39.1977],[23.0682,39.1974],[23.0691,39.1953],[23.0719,39.1932],[23.0724,39.1915],[23.0734,39.1915],[23.0755,39.1904],[23.088,39.1901],[23.0932,39.1888],[23.1015,39.188],[23.1077,39.1859],[23.1229,39.1766],[23.1286,39.1722],[23.1325,39.1703],[23.1359,39.1668],[23.1387,39.163],[23.1401,39.1622],[23.1432,39.1622],[23.1474,39.163],[23.1495,39.1641],[23.1505,39.164],[23.1547,39.1666],[23.1578,39.1672],[23.1609,39.1686],[23.1693,39.1743],[23.1776,39.1788],[23.1827,39.1839],[23.183,39.1859],[23.1813,39.188],[23.1809,39.1901],[23.1764,39.1984],[23.1641,39.2144],[23.1618,39.2182],[23.1606,39.2234],[23.1609,39.2245],[23.1599,39.2286],[23.1581,39.2432],[23.1568,39.2462],[23.1557,39.2466],[23.1536,39.2495],[23.1536,39.2505],[23.1514,39.2536],[23.1512,39.2547],[23.1495,39.2563],[23.1463,39.2609],[23.138,39.2666],[23.1339,39.2711],[23.1309,39.2734],[23.1278,39.2745],[23.1266,39.2756],[23.1255,39.2756],[23.1141,39.2802],[23.11,39.2828],[23.1078,39.2851],[23.1057,39.2863],[23.1026,39.2872],[23.0901,39.2884],[23.0839,39.2901],[23.0766,39.2912],[23.0745,39.291],[23.0693,39.2884],[23.0661,39.2873],[23.062,39.2868],[23.0578,39.2869],[23.0503,39.2891],[23.049,39.2901],[23.0435,39.2922],[23.0391,39.2925],[23.035,39.2922],[23.0234,39.2897],[23.0161,39.2876],[23.0089,39.2866],[23.0005,39.2846],[23,39.2839],[23,39.1078],[23.0011,39.1068],[23.0008,39.1016],[23,39.1005],[23,39.0974],[23.0006,39.0964],[23,39.0953],[23,39.0724],[23.0057,39.0722],[23.0089,39.0715],[23.012,39.0701],[23.0147,39.0703]]],[[[23.0343,39.0703],[23.0339,39.0712],[23.0331,39.0703],[23.0339,39.07],[23.0343,39.0703]]],[[[23.2246,39.0453],[23.2284,39.0464],[23.2322,39.0516],[23.2327,39.0526],[23.2325,39.0536],[23.2286,39.056],[23.2266,39.0562],[23.2193,39.055],[23.2165,39.0536],[23.2157,39.0526],[23.2157,39.0516],[23.217,39.0495],[23.2203,39.0469],[23.2246,39.0453]]],[[[24,39.0005],[24,39.1203],[23.9995,39.1213],[23.9935,39.113],[23.9902,39.1026],[23.9877,39.0984],[23.9791,39.0922],[23.9766,39.0921],[23.9745,39.0926],[23.9734,39.0919],[23.9709,39.0922],[23.9709,39.0911],[23.9697,39.0901],[23.9696,39.0891],[23.9674,39.087],[23.9661,39.0859],[23.967,39.087],[23.9661,39.0884],[23.9638,39.0859],[23.9634,39.0849],[23.9638,39.0839],[23.9672,39.0832],[23.9676,39.0807],[23.9683,39.0797],[23.967,39.0734],[23.962,39.0672],[23.9623,39.0661],[23.962,39.0651],[23.9589,39.0632],[23.9526,39.0619],[23.9454,39.0641],[23.9441,39.0672],[23.9435,39.0714],[23.944,39.0724],[23.9433,39.0734],[23.9442,39.0755],[23.9437,39.0766],[23.9463,39.0786],[23.9462,39.0797],[23.9482,39.0807],[23.9505,39.0844],[23.9529,39.087],[23.9536,39.0875],[23.9547,39.0866],[23.9557,39.0871],[23.9561,39.0859],[23.9568,39.0856],[23.9589,39.0861],[23.9615,39.088],[23.963,39.0905],[23.9641,39.0902],[23.9645,39.0911],[23.9638,39.0943],[23.9643,39.0964],[23.9632,39.0974],[23.9636,39.0995],[23.9621,39.1005],[23.9618,39.1036],[23.9631,39.1078],[23.9635,39.113],[23.9651,39.1172],[23.9693,39.1234],[23.9717,39.1286],[23.9755,39.1337],[23.9759,39.1349],[23.9786,39.1373],[23.9813,39.138],[23.9828,39.1394],[23.988,39.1418],[23.9901,39.1404],[23.9911,39.141],[23.9922,39.1405],[23.9932,39.1413],[23.9943,39.1403],[23.9953,39.1405],[23.9964,39.1418],[23.9984,39.1405],[23.9995,39.1406],[24,39.1411],[24,39.2068],[23.9995,39.207],[23.9964,39.1984],[23.9959,39.1818],[23.9947,39.1745],[23.9936,39.1714],[23.9937,39.1703],[23.993,39.1693],[23.9932,39.1661],[23.9948,39.1599],[23.9905,39.1557],[23.9891,39.1533],[23.9859,39.1517],[23.9828,39.1512],[23.9755,39.1517],[23.9714,39.1513],[23.9703,39.1526],[23.9693,39.1509],[23.9682,39.152],[23.9661,39.1522],[23.963,39.1534],[23.9609,39.1537],[23.9578,39.1526],[23.9526,39.1528],[23.9464,39.1543],[23.9443,39.1559],[23.9432,39.1556],[23.9401,39.1566],[23.9391,39.1583],[23.9339,39.1598],[23.9328,39.1621],[23.9297,39.1617],[23.9255,39.1588],[23.9236,39.1568],[23.9198,39.1505],[23.9172,39.1477],[23.9078,39.142],[23.9016,39.1398],[23.8953,39.1367],[23.8859,39.1305],[23.8838,39.1286],[23.8786,39.127],[23.8755,39.1267],[23.8734,39.1253],[23.8703,39.1242],[23.8706,39.1255],[23.8682,39.1262],[23.8599,39.1234],[23.8526,39.1221],[23.8474,39.1256],[23.8446,39.1297],[23.8432,39.1303],[23.8401,39.1331],[23.8393,39.1328],[23.8391,39.1321],[23.838,39.1322],[23.837,39.1334],[23.8356,39.1328],[23.835,39.1318],[23.8359,39.1314],[23.8363,39.1297],[23.8359,39.1291],[23.8349,39.1288],[23.8334,39.1307],[23.8336,39.1339],[23.8328,39.1355],[23.8286,39.1366],[23.8266,39.1366],[23.8255,39.1358],[23.8266,39.1381],[23.8277,39.1391],[23.8266,39.1434],[23.8228,39.1464],[23.8214,39.1492],[23.8201,39.1505],[23.8193,39.153],[23.8182,39.1536],[23.8188,39.1547],[23.8172,39.1567],[23.8172,39.1578],[23.8182,39.1573],[23.8185,39.1578],[23.8182,39.1609],[23.819,39.162],[23.8191,39.1651],[23.8203,39.1669],[23.8213,39.1672],[23.8209,39.1682],[23.8214,39.1687],[23.8266,39.1725],[23.8338,39.1766],[23.8383,39.1807],[23.8389,39.1828],[23.8422,39.1862],[23.8432,39.1865],[23.8443,39.1883],[23.8453,39.1868],[23.8464,39.1877],[23.848,39.1932],[23.8487,39.1974],[23.8484,39.1984],[23.8498,39.2016],[23.8492,39.2026],[23.8503,39.2068],[23.8525,39.2078],[23.8547,39.21],[23.8568,39.2102],[23.8572,39.2109],[23.8599,39.2122],[23.8651,39.2138],[23.8724,39.2194],[23.8745,39.2201],[23.8821,39.2266],[23.8922,39.2309],[23.9005,39.2359],[23.9026,39.2361],[23.9068,39.2385],[23.9079,39.2401],[23.9099,39.2461],[23.9151,39.2523],[23.9153,39.2547],[23.9164,39.2578],[23.9184,39.2609],[23.9214,39.2633],[23.9234,39.2642],[23.9262,39.2661],[23.9267,39.2672],[23.9283,39.2682],[23.9324,39.2745],[23.9339,39.2786],[23.9359,39.2815],[23.9382,39.2828],[23.9401,39.2851],[23.9432,39.287],[23.9443,39.288],[23.9438,39.2891],[23.9443,39.2897],[23.9453,39.2907],[23.9464,39.2905],[23.9484,39.2932],[23.9501,39.2932],[23.9526,39.2943],[23.9547,39.2943],[23.9557,39.2955],[23.9578,39.295],[23.9602,39.2932],[23.9606,39.2901],[23.9615,39.2891],[23.96,39.2859],[23.9602,39.2828],[23.9597,39.2807],[23.9578,39.2786],[23.9576,39.2776],[23.9599,39.2782],[23.962,39.2764],[23.9648,39.2755],[23.9661,39.2741],[23.9672,39.2739],[23.9703,39.274],[23.9745,39.2752],[23.9807,39.2705],[23.9828,39.2712],[23.9849,39.2729],[23.987,39.2734],[23.9891,39.275],[23.9911,39.2745],[23.9922,39.2734],[23.9911,39.2724],[23.9911,39.2707],[23.9921,39.2682],[23.9921,39.2651],[23.9916,39.2641],[23.9922,39.2634],[23.9932,39.2644],[23.9937,39.2641],[23.9929,39.263],[23.9934,39.2609],[23.9922,39.2611],[23.989,39.2568],[23.9868,39.2495],[23.9849,39.2474],[23.9847,39.2464],[23.9858,39.2453],[23.9863,39.2432],[23.9885,39.2422],[23.9876,39.2411],[23.9891,39.239],[23.9964,39.2454],[23.9965,39.2443],[23.9974,39.2436],[24,39.2464],[24,39.9505],[23.9995,39.9509],[23.9984,39.95],[23.9953,39.9495],[23.9938,39.9484],[23.9922,39.9462],[23.9911,39.9462],[23.988,39.9446],[23.9818,39.9443],[23.9807,39.9432],[23.9745,39.9432],[23.9707,39.9422],[23.9641,39.9418],[23.9599,39.9394],[23.9547,39.9384],[23.9516,39.9358],[23.9464,39.9343],[23.9422,39.9342],[23.9411,39.9348],[23.9318,39.9341],[23.9307,39.9346],[23.9276,39.9349],[23.9255,39.9366],[23.9234,39.9369],[23.9224,39.9376],[23.9196,39.937],[23.9172,39.9352],[23.913,39.9351],[23.9119,39.9359],[23.9141,39.9391],[23.9135,39.9401],[23.9136,39.9411],[23.9122,39.9443],[23.9092,39.9474],[23.9089,39.9486],[23.9078,39.9494],[23.9068,39.9493],[23.9054,39.9505],[23.8984,39.9542],[23.8911,39.9565],[23.8891,39.9589],[23.887,39.9599],[23.887,39.9611],[23.888,39.9605],[23.8901,39.9623],[23.8922,39.9616],[23.8935,39.9641],[23.8922,39.9665],[23.8911,39.9657],[23.8907,39.9661],[23.8917,39.9672],[23.8911,39.9697],[23.8901,39.969],[23.8892,39.9693],[23.8905,39.9714],[23.8896,39.9724],[23.8908,39.9745],[23.8903,39.9755],[23.8891,39.9755],[23.8881,39.9766],[23.8885,39.9776],[23.888,39.9785],[23.885,39.9839],[23.8833,39.9859],[23.8818,39.9871],[23.8776,39.9882],[23.8714,39.9888],[23.867,39.9901],[23.8599,39.994],[23.8568,39.9969],[23.8505,40],[23.8495,39.9994],[23.8484,40],[23.8464,40],[23.8387,39.9974],[23.8359,39.9961],[23.8356,39.9953],[23.8359,39.9937],[23.8349,39.9934],[23.8341,39.9943],[23.8343,39.9953],[23.8338,39.9964],[23.8307,39.9981],[23.8245,39.9989],[23.8214,39.9974],[23.8203,39.9955],[23.8193,39.9948],[23.8172,39.9957],[23.8141,39.9953],[23.8109,39.9973],[23.8109,39.9984],[23.8099,40],[23.6318,40],[23.6316,39.9995],[23.6339,39.9991],[23.6349,39.9981],[23.6422,39.9969],[23.6484,39.9966],[23.6493,39.9964],[23.6501,39.9953],[23.6516,39.9955],[23.6536,39.9941],[23.6589,39.9947],[23.663,39.9942],[23.6651,39.9947],[23.6703,39.9903],[23.6766,39.9892],[23.6769,39.987],[23.6807,39.9851],[23.6813,39.9839],[23.6866,39.9807],[23.6883,39.9786],[23.6892,39.9766],[23.6888,39.9703],[23.6903,39.9672],[23.6914,39.962],[23.6926,39.9609],[23.6943,39.9563],[23.6953,39.956],[23.6953,39.9543],[23.6971,39.9516],[23.6974,39.9478],[23.7016,39.9435],[23.7078,39.9414],[23.7109,39.9413],[23.7151,39.9402],[23.7255,39.9403],[23.7318,39.9413],[23.7328,39.9428],[23.7339,39.9434],[23.7349,39.9428],[23.7359,39.9434],[23.7411,39.943],[23.7422,39.9424],[23.7432,39.943],[23.7443,39.9417],[23.7474,39.9412],[23.7505,39.937],[23.7521,39.9339],[23.7542,39.9266],[23.755,39.9214],[23.7548,39.9161],[23.7535,39.913],[23.7526,39.9123],[23.7495,39.9116],[23.7401,39.9105],[23.7339,39.9104],[23.7245,39.9067],[23.7234,39.9065],[23.7203,39.9072],[23.7172,39.9058],[23.7161,39.9058],[23.7099,39.9074],[23.7036,39.9078],[23.7005,39.9089],[23.6984,39.909],[23.6922,39.9121],[23.6901,39.9137],[23.6891,39.913],[23.688,39.9141],[23.6818,39.914],[23.6797,39.913],[23.6682,39.9115],[23.6609,39.9112],[23.6557,39.9101],[23.6516,39.9104],[23.6464,39.9114],[23.6401,39.911],[23.638,39.9113],[23.6339,39.9105],[23.6276,39.911],[23.6214,39.9139],[23.6172,39.9152],[23.6016,39.9187],[23.5922,39.9192],[23.587,39.9216],[23.5797,39.9223],[23.5661,39.9254],[23.5474,39.9325],[23.538,39.9372],[23.5307,39.9389],[23.5193,39.9426],[23.5182,39.9434],[23.5141,39.9439],[23.5078,39.9459],[23.5047,39.9476],[23.5036,39.9476],[23.5026,39.9482],[23.4995,39.9479],[23.4974,39.9471],[23.4969,39.9474],[23.4974,39.949],[23.4953,39.9498],[23.4932,39.9471],[23.4911,39.9472],[23.4891,39.9488],[23.4889,39.9505],[23.487,39.952],[23.4839,39.9527],[23.4797,39.9522],[23.4786,39.9528],[23.4776,39.9527],[23.4714,39.951],[23.4703,39.9503],[23.4682,39.9506],[23.4672,39.9499],[23.4661,39.9504],[23.4651,39.9499],[23.4609,39.9512],[23.4589,39.9513],[23.4401,39.9512],[23.4339,39.9497],[23.4245,39.9461],[23.4214,39.9456],[23.412,39.9471],[23.387,39.945],[23.3797,39.9449],[23.3755,39.9438],[23.3672,39.9399],[23.3599,39.9382],[23.3453,39.9393],[23.3432,39.9404],[23.3413,39.9401],[23.333,39.9432],[23.3304,39.9453],[23.329,39.9474],[23.3289,39.9484],[23.3312,39.9568],[23.3319,39.9578],[23.3324,39.9661],[23.3341,39.9714],[23.3332,39.9755],[23.3318,39.9774],[23.3307,39.9779],[23.3255,39.9785],[23.3234,39.9792],[23.3203,39.9833],[23.3172,39.9856],[23.3164,39.987],[23.3165,39.9891],[23.3172,39.9905],[23.3224,39.9937],[23.3234,39.9937],[23.3266,39.9919],[23.3286,39.9922],[23.3298,39.9932],[23.3298,39.9943],[23.3288,39.9953],[23.3253,39.9974],[23.325,39.9995],[23.3245,40],[23.0005,40],[23,39.9995],[23,39.5714],[23.0016,39.5703],[23.0047,39.5705],[23.0078,39.5695],[23.013,39.5665],[23.0151,39.5648],[23.0225,39.5557],[23.0318,39.5497],[23.0339,39.5487],[23.0401,39.5473],[23.0432,39.5458],[23.0516,39.543],[23.0526,39.5421],[23.0536,39.5422],[23.063,39.5371],[23.0641,39.5354],[23.0703,39.5298],[23.0707,39.5286],[23.0721,39.5276],[23.0737,39.5245],[23.0755,39.5227],[23.0776,39.521],[23.0828,39.5192],[23.088,39.5167],[23.0984,39.5082],[23.1047,39.5042],[23.106,39.5026],[23.1059,39.5016],[23.108,39.4984],[23.1116,39.4911],[23.113,39.4898],[23.1132,39.488],[23.1139,39.487],[23.1193,39.4806],[23.1214,39.4786],[23.1234,39.4775],[23.1282,39.4682],[23.1339,39.4609],[23.1391,39.4567],[23.1401,39.4567],[23.1411,39.4556],[23.1422,39.4562],[23.1432,39.4553],[23.1446,39.4557],[23.1449,39.4547],[23.1464,39.4542],[23.1474,39.453],[23.1495,39.4525],[23.1516,39.451],[23.1526,39.451],[23.1557,39.4486],[23.1656,39.4401],[23.1662,39.4391],[23.1714,39.4343],[23.1747,39.4318],[23.1818,39.4239],[23.1859,39.4211],[23.1917,39.4161],[23.1943,39.4121],[23.1964,39.411],[23.1974,39.4112],[23.1995,39.4091],[23.2009,39.4089],[23.2018,39.4068],[23.2032,39.4057],[23.2044,39.4036],[23.2068,39.3963],[23.2095,39.3932],[23.2099,39.3922],[23.2109,39.3923],[23.2112,39.3911],[23.2124,39.3901],[23.2128,39.388],[23.2138,39.387],[23.216,39.3786],[23.2171,39.3766],[23.2186,39.3755],[23.2193,39.3729],[23.2215,39.3703],[23.2245,39.3686],[23.2255,39.3671],[23.2266,39.3671],[23.2276,39.3647],[23.2328,39.3578],[23.2391,39.3538],[23.2422,39.353],[23.2432,39.351],[23.2474,39.3495],[23.2484,39.3498],[23.2536,39.3475],[23.2578,39.3469],[23.2599,39.3456],[23.2661,39.341],[23.2714,39.3353],[23.2724,39.3349],[23.2786,39.3299],[23.2818,39.3259],[23.2835,39.3255],[23.284,39.3245],[23.2837,39.3224],[23.2842,39.3193],[23.287,39.3099],[23.2883,39.3089],[23.2876,39.3068],[23.2883,39.3047],[23.2901,39.3005],[23.2922,39.2984],[23.2932,39.2992],[23.2938,39.2984],[23.2937,39.2953],[23.2946,39.2943],[23.295,39.2911],[23.297,39.288],[23.2972,39.2859],[23.2984,39.2822],[23.3036,39.2779],[23.3095,39.2745],[23.313,39.2728],[23.3141,39.2733],[23.3161,39.2725],[23.3182,39.2706],[23.3193,39.2708],[23.32,39.2693],[23.3224,39.2675],[23.3232,39.2661],[23.3309,39.2599],[23.3328,39.2558],[23.3345,39.2464],[23.3359,39.2443],[23.337,39.2416],[23.3407,39.2359],[23.3413,39.2339],[23.3425,39.2328],[23.3422,39.2315],[23.3436,39.2297],[23.3431,39.2286],[23.3451,39.2255],[23.3457,39.2234],[23.3484,39.22],[23.3505,39.2182],[23.3516,39.2184],[23.3516,39.2171],[23.3554,39.2141],[23.3591,39.2057],[23.3652,39.1974],[23.3676,39.1953],[23.3676,39.1943],[23.3693,39.1929],[23.3745,39.1897],[23.3766,39.1895],[23.3786,39.1873],[23.3818,39.1861],[23.3859,39.1871],[23.387,39.1859],[23.388,39.1865],[23.3995,39.1853],[23.4047,39.186],[23.4099,39.1884],[23.4141,39.1917],[23.4214,39.195],[23.4229,39.1964],[23.4255,39.1989],[23.4266,39.2016],[23.4282,39.2036],[23.4308,39.2089],[23.4307,39.211],[23.4339,39.2135],[23.4349,39.2132],[23.4391,39.2149],[23.4422,39.2152],[23.4443,39.216],[23.4456,39.2172],[23.4453,39.2183],[23.4464,39.2179],[23.4495,39.2197],[23.4536,39.2212],[23.4547,39.2211],[23.4589,39.2229],[23.4609,39.2229],[23.462,39.2236],[23.4693,39.2247],[23.4699,39.2234],[23.4714,39.2226],[23.4786,39.2228],[23.487,39.2245],[23.488,39.2253],[23.4911,39.226],[23.4974,39.2264],[23.5026,39.2242],[23.5043,39.2245],[23.5057,39.2238],[23.5061,39.2224],[23.5051,39.2203],[23.5057,39.22],[23.5068,39.221],[23.5075,39.2203],[23.508,39.2172],[23.5071,39.2161],[23.509,39.2141],[23.5086,39.213],[23.5092,39.212],[23.5119,39.2089],[23.5144,39.2078],[23.5234,39.2009],[23.5256,39.2005],[23.5255,39.1993],[23.5276,39.1988],[23.5286,39.1997],[23.5296,39.1995],[23.5328,39.1967],[23.5339,39.1965],[23.5327,39.1943],[23.5343,39.1932],[23.5344,39.1922],[23.5355,39.1911],[23.5359,39.1899],[23.537,39.1897],[23.538,39.1907],[23.5401,39.1915],[23.541,39.1911],[23.5406,39.1901],[23.5415,39.1891],[23.5412,39.187],[23.5424,39.1859],[23.5427,39.1839],[23.5424,39.1828],[23.5431,39.1818],[23.5443,39.1774],[23.5456,39.1766],[23.5456,39.1714],[23.545,39.1693],[23.5441,39.1682],[23.5436,39.163],[23.543,39.1609],[23.5419,39.1599],[23.5425,39.1589],[23.5423,39.1578],[23.5434,39.1557],[23.5429,39.1536],[23.5433,39.1526],[23.5424,39.1516],[23.5422,39.1495],[23.5412,39.1484],[23.5413,39.1464],[23.5391,39.143],[23.538,39.1428],[23.5354,39.1391],[23.5277,39.1339],[23.5235,39.1318],[23.5203,39.1267],[23.5182,39.1248],[23.5172,39.1229],[23.5164,39.1172],[23.5149,39.1151],[23.511,39.112],[23.5078,39.1103],[23.4995,39.1093],[23.4974,39.1096],[23.4891,39.1117],[23.4859,39.1118],[23.4849,39.1124],[23.4797,39.1137],[23.4776,39.1156],[23.4766,39.1154],[23.4755,39.1165],[23.4734,39.1172],[23.4693,39.1175],[23.4661,39.1168],[23.4651,39.1173],[23.463,39.117],[23.4557,39.1181],[23.4547,39.1191],[23.4484,39.1207],[23.4464,39.1206],[23.4401,39.1223],[23.4391,39.1231],[23.437,39.1236],[23.4349,39.1232],[23.4328,39.1235],[23.4307,39.1224],[23.4288,39.1224],[23.4276,39.1216],[23.4234,39.1208],[23.4214,39.121],[23.4177,39.1224],[23.4109,39.1273],[23.4099,39.1271],[23.409,39.1276],[23.4088,39.1286],[23.4078,39.1293],[23.4036,39.1303],[23.4005,39.1299],[23.3995,39.1292],[23.3984,39.1297],[23.3974,39.1292],[23.3922,39.129],[23.3839,39.1297],[23.3755,39.1321],[23.3693,39.1361],[23.3672,39.1371],[23.363,39.1376],[23.3609,39.1392],[23.3599,39.1384],[23.3595,39.137],[23.3568,39.1343],[23.3526,39.1318],[23.353,39.1307],[23.3516,39.1296],[23.3505,39.1298],[23.3495,39.1289],[23.337,39.1295],[23.3328,39.1303],[23.3307,39.131],[23.33,39.1318],[23.3297,39.1336],[23.3286,39.1335],[23.3276,39.1326],[23.3266,39.1328],[23.3189,39.1297],[23.3151,39.1273],[23.3127,39.1266],[23.312,39.1255],[23.3109,39.1256],[23.3089,39.1244],[23.2984,39.1231],[23.2943,39.1231],[23.2901,39.1221],[23.2839,39.1196],[23.2797,39.1193],[23.2786,39.1187],[23.2755,39.1181],[23.2667,39.113],[23.2589,39.1094],[23.2536,39.1082],[23.2484,39.1078],[23.2453,39.107],[23.2422,39.1036],[23.2392,39.0984],[23.2361,39.0953],[23.2339,39.0937],[23.2328,39.0936],[23.2307,39.0914],[23.2234,39.0865],[23.2183,39.0807],[23.2151,39.0785],[23.2109,39.0766],[23.2078,39.0758],[23.2005,39.0752],[23.1911,39.0772],[23.1849,39.0796],[23.1827,39.0797],[23.1724,39.0731],[23.1693,39.072],[23.163,39.0708],[23.1599,39.0698],[23.1578,39.0683],[23.1583,39.0672],[23.1571,39.0651],[23.1574,39.0641],[23.1568,39.063],[23.1557,39.0644],[23.1552,39.063],[23.1557,39.062],[23.1568,39.063],[23.1578,39.062],[23.1589,39.0619],[23.1597,39.0609],[23.1578,39.0608],[23.1568,39.0596],[23.1564,39.0599],[23.1576,39.0609],[23.1568,39.0615],[23.1557,39.0619],[23.1555,39.0609],[23.1547,39.0603],[23.154,39.0609],[23.1546,39.062],[23.154,39.063],[23.1536,39.0655],[23.1526,39.0654],[23.1505,39.0636],[23.1486,39.0661],[23.1474,39.0663],[23.1464,39.0653],[23.1401,39.0647],[23.1391,39.0652],[23.137,39.0652],[23.1318,39.0645],[23.1255,39.0644],[23.1234,39.0656],[23.113,39.0653],[23.1026,39.0641],[23.1005,39.0656],[23.0807,39.0656],[23.0786,39.0662],[23.0776,39.0671],[23.0724,39.0668],[23.0651,39.0652],[23.068,39.063],[23.0703,39.0624],[23.0745,39.0601],[23.0786,39.0614],[23.0828,39.0612],[23.0844,39.0599],[23.0833,39.0589],[23.0859,39.0583],[23.087,39.057],[23.0884,39.0568],[23.087,39.0566],[23.0867,39.0557],[23.088,39.0547],[23.088,39.0536],[23.0867,39.0516],[23.0839,39.0495],[23.0844,39.0484],[23.0839,39.0477],[23.0817,39.0474],[23.0827,39.0464],[23.0824,39.0453],[23.0831,39.0443],[23.0864,39.0422],[23.086,39.0411],[23.087,39.0401],[23.0872,39.038],[23.0867,39.0297],[23.0872,39.0276],[23.0882,39.0266],[23.0978,39.0182],[23.1001,39.0172],[23.1016,39.0171],[23.1099,39.0189],[23.1193,39.0247],[23.1266,39.0277],[23.1297,39.0285],[23.1349,39.0292],[23.1432,39.029],[23.1714,39.0309],[23.1891,39.0312],[23.1932,39.0317],[23.1955,39.0328],[23.1995,39.0373],[23.2039,39.0474],[23.204,39.0516],[23.2021,39.0599],[23.2023,39.062],[23.2032,39.0641],[23.2057,39.0661],[23.213,39.0693],[23.2193,39.0701],[23.2234,39.0691],[23.2318,39.0643],[23.238,39.0621],[23.2401,39.0621],[23.2443,39.0634],[23.2516,39.0632],[23.2661,39.0604],[23.2734,39.0609],[23.3016,39.0607],[23.3089,39.0614],[23.3109,39.0611],[23.312,39.0603],[23.313,39.0601],[23.3151,39.0583],[23.3214,39.0559],[23.3234,39.0559],[23.3245,39.0552],[23.3266,39.0552],[23.3276,39.0547],[23.3339,39.0563],[23.3422,39.0546],[23.3443,39.0558],[23.3474,39.0565],[23.3486,39.0557],[23.348,39.0526],[23.3485,39.0516],[23.3483,39.0505],[23.35,39.0495],[23.3516,39.0472],[23.3525,39.0453],[23.3518,39.0443],[23.3533,39.0422],[23.3531,39.0411],[23.3515,39.0391],[23.3482,39.0359],[23.346,39.0318],[23.3461,39.0286],[23.3474,39.0266],[23.3568,39.0191],[23.3605,39.0182],[23.363,39.0166],[23.3682,39.0145],[23.3766,39.0127],[23.3828,39.0101],[23.3891,39.0103],[23.3901,39.011],[23.3932,39.0117],[23.3964,39.0113],[23.3995,39.0088],[23.4016,39.0089],[23.3993,39.0026],[23.3984,39.0016],[23.3964,39.0008],[23.3964,39],[23.9995,39],[24,39.0005]],[[23.2276,39.9803],[23.2255,39.9799],[23.2224,39.9808],[23.22,39.9828],[23.2187,39.9859],[23.2192,39.988],[23.2208,39.9901],[23.2234,39.9916],[23.2266,39.9923],[23.2307,39.9914],[23.2318,39.9906],[23.2324,39.9891],[23.2315,39.9839],[23.23,39.9818],[23.2276,39.9803]],[[23.887,39.9721],[23.8865,39.9724],[23.888,39.9738],[23.8885,39.9734],[23.887,39.9721]],[[23.2578,39.9483],[23.2557,39.9481],[23.2547,39.949],[23.2541,39.9505],[23.2547,39.9528],[23.2568,39.9541],[23.258,39.9536],[23.2589,39.9518],[23.2588,39.9495],[23.2578,39.9483]],[[23.1953,39.7679],[23.1932,39.7678],[23.1912,39.7693],[23.1911,39.7703],[23.1922,39.7718],[23.1943,39.7726],[23.197,39.7714],[23.1977,39.7703],[23.1976,39.7693],[23.1953,39.7679]],[[23.1547,39.7557],[23.1526,39.7568],[23.1522,39.7578],[23.1536,39.7591],[23.1557,39.7589],[23.1564,39.7578],[23.1565,39.7568],[23.1557,39.7559],[23.1547,39.7557]],[[23.438,39.2856],[23.4377,39.2859],[23.438,39.2862],[23.438,39.2856]],[[23.9974,39.2794],[23.9962,39.2797],[23.9959,39.2807],[23.9974,39.2812],[23.998,39.2807],[23.9974,39.2794]],[[23.9984,39.2523],[23.9982,39.2526],[23.999,39.2526],[23.9984,39.2523]],[[23.9953,39.2515],[23.9943,39.2518],[23.994,39.2526],[23.9953,39.2537],[23.9948,39.2526],[23.9953,39.2515]],[[23.5401,39.1935],[23.5401,39.1945],[23.5408,39.1943],[23.5401,39.1935]],[[23.7224,39.066],[23.7203,39.0661],[23.7182,39.068],[23.7161,39.0688],[23.712,39.0689],[23.7099,39.07],[23.7065,39.0703],[23.7041,39.0724],[23.7005,39.0785],[23.6984,39.0798],[23.6953,39.0809],[23.6891,39.0806],[23.6849,39.0812],[23.6776,39.0806],[23.6755,39.0797],[23.6714,39.082],[23.6651,39.0837],[23.663,39.0837],[23.6609,39.0828],[23.6589,39.0828],[23.6578,39.0818],[23.6568,39.0828],[23.6547,39.0828],[23.6526,39.0848],[23.6502,39.0859],[23.6512,39.0953],[23.6486,39.1026],[23.6489,39.1036],[23.6484,39.1039],[23.6474,39.1032],[23.6474,39.106],[23.6432,39.1076],[23.6411,39.1072],[23.638,39.1088],[23.6339,39.1096],[23.6318,39.1091],[23.6307,39.1083],[23.6286,39.1081],[23.6245,39.1092],[23.6206,39.112],[23.6217,39.1141],[23.6205,39.1151],[23.6203,39.1161],[23.6209,39.1172],[23.6209,39.1182],[23.6193,39.1203],[23.613,39.1228],[23.6089,39.1237],[23.6089,39.1261],[23.6064,39.1276],[23.6061,39.1286],[23.6049,39.1297],[23.6046,39.1307],[23.6054,39.1318],[23.6054,39.1328],[23.6035,39.1349],[23.6026,39.1368],[23.6016,39.1363],[23.6005,39.1376],[23.5995,39.1368],[23.5974,39.1386],[23.5922,39.1383],[23.5837,39.1422],[23.5828,39.1433],[23.5818,39.1437],[23.5797,39.143],[23.5785,39.1432],[23.5784,39.1443],[23.5776,39.1453],[23.5784,39.1464],[23.5781,39.1474],[23.5766,39.1485],[23.5766,39.1496],[23.5781,39.1516],[23.5772,39.1526],[23.5779,39.1547],[23.5774,39.1557],[23.5789,39.1568],[23.5786,39.1589],[23.5794,39.1599],[23.5793,39.1609],[23.5834,39.1651],[23.5834,39.1661],[23.5843,39.1682],[23.5818,39.1755],[23.5791,39.1786],[23.579,39.1797],[23.5781,39.1807],[23.5779,39.1828],[23.5755,39.186],[23.5748,39.1891],[23.5703,39.1995],[23.5707,39.2016],[23.5714,39.2017],[23.5734,39.206],[23.577,39.2078],[23.5835,39.2141],[23.5849,39.2139],[23.588,39.2155],[23.5891,39.2158],[23.5901,39.2153],[23.5922,39.2163],[23.5953,39.216],[23.6047,39.2177],[23.612,39.2161],[23.6162,39.2141],[23.6172,39.2117],[23.6203,39.2086],[23.6214,39.2087],[23.6247,39.2068],[23.6286,39.2053],[23.6307,39.2055],[23.6359,39.2033],[23.637,39.2039],[23.638,39.2037],[23.6401,39.2022],[23.6432,39.2025],[23.6456,39.2016],[23.6456,39.2005],[23.647,39.1995],[23.6476,39.1984],[23.6462,39.1964],[23.6474,39.1932],[23.6484,39.1936],[23.6495,39.193],[23.6552,39.1849],[23.659,39.1818],[23.6644,39.1786],[23.6651,39.1777],[23.6661,39.1777],[23.6682,39.1761],[23.6849,39.1675],[23.6922,39.1656],[23.7016,39.1623],[23.7089,39.1613],[23.7203,39.1553],[23.7234,39.1545],[23.7276,39.1521],[23.7286,39.152],[23.7328,39.1486],[23.7337,39.1474],[23.7359,39.1462],[23.737,39.1464],[23.738,39.1459],[23.7388,39.1453],[23.7391,39.1442],[23.7422,39.1443],[23.7432,39.1438],[23.7443,39.144],[23.762,39.1419],[23.7661,39.142],[23.7786,39.1432],[23.7807,39.1431],[23.7858,39.1443],[23.7891,39.1465],[23.8016,39.1474],[23.8036,39.1466],[23.8089,39.1467],[23.8109,39.1454],[23.8143,39.1443],[23.8151,39.1432],[23.8151,39.1418],[23.8179,39.1391],[23.8178,39.138],[23.8193,39.1349],[23.819,39.1339],[23.8203,39.1335],[23.8205,39.1328],[23.8199,39.1297],[23.8189,39.1286],[23.8189,39.1266],[23.8182,39.1245],[23.8184,39.1234],[23.8179,39.1224],[23.8183,39.1214],[23.8174,39.1203],[23.8169,39.1182],[23.8151,39.1168],[23.8109,39.1155],[23.8089,39.1144],[23.8057,39.111],[23.8016,39.1078],[23.7977,39.1036],[23.7976,39.1026],[23.7964,39.1007],[23.7862,39.088],[23.7807,39.0828],[23.7786,39.0813],[23.7745,39.0798],[23.7714,39.0775],[23.7682,39.078],[23.7651,39.0772],[23.7641,39.0773],[23.762,39.0764],[23.7599,39.0766],[23.7578,39.076],[23.7495,39.0757],[23.7432,39.0723],[23.7422,39.0723],[23.737,39.0699],[23.7339,39.0693],[23.7297,39.0691],[23.7286,39.0682],[23.7255,39.0679],[23.7224,39.066]],[[23.0891,39.0597],[23.0888,39.0599],[23.0891,39.0602],[23.0895,39.0599],[23.0891,39.0597]]]]}},{"type":"Feature","properties":{"depth":75,"kind":"isobath"},"geometry":{"type":"MultiLineString","coordinates":[[[23.6275,39.9995],[23.6298,39.9995]],[[23.8945,39.962],[23.8943,39.9624],[23.894,39.962],[23.8943,39.9615]],[[23.8924,39.9599],[23.8922,39.9605],[23.8918,39.9599],[23.8922,39.959]],[[23.9825,39.9599],[23.9833,39.962],[23.9818,39.962],[23.9807,39.9626],[23.9801,39.962],[23.9814,39.9609],[23.9814,39.9599],[23.9818,39.9595]],[[23.9593,39.2932],[23.9589,39.294],[23.9583,39.2932]],[[23.9579,39.2922],[23.9568,39.2926],[23.9559,39.2922],[23.9568,39.2919]],[[23.8198,39.1609],[23.8193,39.1616],[23.8184,39.1609],[23.8193,39.1605]],[[23.8371,39.1349],[23.8366,39.1349],[23.837,39.1344]],[[23.8351,39.1307],[23.8349,39.1316],[23.8346,39.1307]],[[23.0381,39.1099],[23.0375,39.1099],[23.038,39.1092]],[[23.6455,39.1078],[23.6451,39.1078],[23.6453,39.1072]],[[23.9698,39.0911],[23.9693,39.0916],[23.9688,39.0911],[23.9693,39.0903]],[[23.0604,39.087],[23.0584,39.087],[23.0599,39.0862]],[[23.0569,39.0859],[23.056,39.0859],[23.0568,39.0854]],[[23.0632,39.0786],[23.063,39.0794],[23.0624,39.0786],[23.063,39.0781]],[[23.0668,39.0786],[23.0678,39.0807],[23.0674,39.0828],[23.0651,39.085],[23.0631,39.0849],[23.0636,39.0828],[23.0651,39.0824],[23.0654,39.0818],[23.0647,39.0807],[23.0631,39.0797],[23.0661,39.0778]],[[23.026,39.0714],[23.0255,39.0717],[23.025,39.0714]],[[23.0011,39.1068],[23.0008,39.1016]],[[23.0057,39.0722],[23.0089,39.0715],[23.012,39.0701],[23.0147,39.0703],[23.0161,39.0711],[23.0255,39.0736],[23.0266,39.0745],[23.0262,39.0734],[23.0272,39.0724],[23.0286,39.0723],[23.0359,39.0753],[23.037,39.0753],[23.0372,39.0745],[23.0352,39.0724],[23.0359,39.072],[23.0432,39.0722],[23.0443,39.0716],[23.0464,39.072],[23.0474,39.0724],[23.0495,39.075],[23.0526,39.0776],[23.0509,39.0786],[23.0526,39.0807],[23.0526,39.0818],[23.0568,39.0816],[23.0577,39.0828],[23.0568,39.0848],[23.0526,39.0843],[23.0494,39.087],[23.0493,39.0891],[23.0474,39.0915],[23.0468,39.0932],[23.0411,39.0982],[23.0395,39.1005],[23.0373,39.1078],[23.038,39.1089],[23.0369,39.1099],[23.0383,39.1141],[23.0381,39.1151],[23.0401,39.1182],[23.0446,39.1234],[23.046,39.1266],[23.048,39.1359],[23.0481,39.1411],[23.0465,39.1484],[23.0453,39.1521],[23.0439,39.1547],[23.0422,39.1567],[23.037,39.1588],[23.0336,39.1609],[23.0333,39.162],[23.0318,39.1629],[23.0307,39.1642],[23.0301,39.1661],[23.0274,39.1703],[23.028,39.1714],[23.0269,39.1724],[23.0269,39.1755],[23.0264,39.1776],[23.0265,39.1828],[23.0286,39.188],[23.0305,39.1911],[23.0349,39.1954],[23.0464,39.2017],[23.0474,39.2012],[23.0495,39.2022],[23.0526,39.2015],[23.0536,39.2026],[23.0599,39.2023],[23.0639,39.2005],[23.0672,39.1977],[23.0682,39.1974],[23.0691,39.1953],[23.0719,39.1932],[23.0724,39.1915],[23.0734,39.1915],[23.0755,39.1904],[23.088,39.1901],[23.0932,39.1888],[23.1015,39.188],[23.1077,39.1859],[23.1229,39.1766],[23.1286,39.1722],[23.1325,39.1703],[23.1359,39.1668],[23.1387,39.163],[23.1401,39.1622],[23.1432,39.1622],[23.1474,39.163],[23.1495,39.1641],[23.1505,39.164],[23.1547,39.1666],[23.1578,39.1672],[23.1609,39.1686],[23.1693,39.1743],[23.1776,39.1788],[23.1827,39.1839],[23.183,39.1859],[23.1813,39.188],[23.1809,39.1901],[23.1764,39.1984],[23.1641,39.2144],[23.1618,39.2182],[23.1606,39.2234],[23.1609,39.2245],[23.1599,39.2286],[23.1581,39.2432],[23.1568,39.2462],[23.1557,39.2466],[23.1536,39.2495],[23.1536,39.2505],[23.1514,39.2536],[23.1512,39.2547],[23.1495,39.2563],[23.1463,39.2609],[23.138,39.2666],[23.1339,39.2711],[23.1309,39.2734],[23.1278,39.2745],[23.1266,39.2756],[23.1255,39.2756],[23.1141,39.2802],[23.11,39.2828],[23.1078,39.2851],[23.1057,39.2863],[23.1026,39.2872],[23.0901,39.2884],[23.0839,39.2901],[23.0766,39.2912],[23.0745,39.291],[23.0693,39.2884],[23.0661,39.2873],[23.062,39.2868],[23.0578,39.2869],[23.0503,39.2891],[23.049,39.2901],[23.0435,39.2922],[23.0391,39.2925],[23.035,39.2922],[23.0234,39.2897],[23.0161,39.2876],[23.0089,39.2866],[23.0005,39.2846]],[[23.0343,39.0703],[23.0339,39.0712],[23.0331,39.0703],[23.0339,39.07]],[[23.2246,39.0453],[23.2284,39.0464],[23.2322,39.0516],[23.2327,39.0526],[23.2325,39.0536],[23.2286,39.056],[23.2266,39.0562],[23.2193,39.055],[23.2165,39.0536],[23.2157,39.0526],[23.2157,39.0516],[23.217,39.0495],[23.2203,39.0469]],[[23.9995,39.1213],[23.9935,39.113],[23.9902,39.1026],[23.9877,39.0984],[23.9791,39.0922],[23.9766,39.0921],[23.9745,39.0926],[23.9734,39.0919],[23.9709,39.0922],[23.9709,39.0911],[23.9697,39.0901],[23.9696,39.0891],[23.9674,39.087],[23.9661,39.0859],[23.967,39.087],[23.9661,39.0884],[23.9638,39.0859],[23.9634,39.0849],[23.9638,39.0839],[23.9672,39.0832],[23.9676,39.0807],[23.9683,39.0797],[23.967,39.0734],[23.962,39.0672],[23.9623,39.0661],[23.962,39.0651],[23.9589,39.0632],[23.9526,39.0619],[23.9454,39.0641],[23.9441,39.0672],[23.9435,39.0714],[23.944,39.0724],[23.9433,39.0734],[23.9442,39.0755],[23.9437,39.0766],[23.9463,39.0786],[23.9462,39.0797],[23.9482,39.0807],[23.9505,39.0844],[23.9529,39.087],[23.9536,39.0875],[23.9547,39.0866],[23.9557,39.0871],[23.9561,39.0859],[23.9568,39.0856],[23.9589,39.0861],[23.9615,39.088],[23.963,39.0905],[23.9641,39.0902],[23.9645,39.0911],[23.9638,39.0943],[23.9643,39.0964],[23.9632,39.0974],[23.9636,39.0995],[23.9621,39.1005],[23.9618,39.1036],[23.9631,39.1078],[23.9635,39.113],[23.9651,39.1172],[23.9693,39.1234],[23.9717,39.1286],[23.9755,39.1337],[23.9759,39.1349],[23.9786,39.1373],[23.9813,39.138],[23.9828,39.1394],[23.988,39.1418],[23.9901,39.1404],[23.9911,39.141],[23.9922,39.1405],[23.9932,39.1413],[23.9943,39.1403],[23.9953,39.1405],[23.9964,39.1418],[23.9984,39.1405],[23.9995,39.1406]],[[23.9995,39.207],[23.9964,39.1984],[23.9959,39.1818],[23.9947,39.1745],[23.9936,39.1714],[23.9937,39.1703],[23.993,39.1693],[23.9932,39.1661],[23.9948,39.1599],[23.9905,39.1557],[23.9891,39.1533],[23.9859,39.1517],[23.9828,39.1512],[23.9755,39.1517],[23.9714,39.1513],[23.9703,39.1526],[23.9693,39.1509],[23.9682,39.152],[23.9661,39.1522],[23.963,39.1534],[23.9609,39.1537],[23.9578,39.1526],[23.9526,39.1528],[23.9464,39.1543],[23.9443,39.1559],[23.9432,39.1556],[23.9401,39.1566],[23.9391,39.1583],[23.9339,39.1598],[23.9328,39.1621],[23.9297,39.1617],[23.9255,39.1588],[23.9236,39.1568],[23.9198,39.1505],[23.9172,39.1477],[23.9078,39.142],[23.9016,39.1398],[23.8953,39.1367],[23.8859,39.1305],[23.8838,39.1286],[23.8786,39.127],[23.8755,39.1267],[23.8734,39.1253],[23.8703,39.1242],[23.8706,39.1255],[23.8682,39.1262],[23.8599,39.1234],[23.8526,39.1221],[23.8474,39.1256],[23.8446,39.1297],[23.8432,39.1303],[23.8401,39.1331],[23.8393,39.1328],[23.8391,39.1321],[23.838,39.1322],[23.837,39.1334],[23.8356,39.1328],[23.835,39.1318],[23.8359,39.1314],[23.8363,39.1297],[23.8359,39.1291],[23.8349,39.1288],[23.8334,39.1307],[23.8336,39.1339],[23.8328,39.1355],[23.8286,39.1366],[23.8266,39.1366],[23.8255,39.1358],[23.8266,39.1381],[23.8277,39.1391],[23.8266,39.1434],[23.8228,39.1464],[23.8214,39.1492],[23.8201,39.1505],[23.8193,39.153],[23.8182,39.1536],[23.8188,39.1547],[23.8172,39.1567],[23.8172,39.1578],[23.8182,39.1573],[23.8185,39.1578],[23.8182,39.1609],[23.819,39.162],[23.8191,39.1651],[23.8203,39.1669],[23.8213,39.1672],[23.8209,39.1682],[23.8214,39.1687],[23.8266,39.1725],[23.8338,39.1766],[23.8383,39.1807],[23.8389,39.1828],[23.8422,39.1862],[23.8432,39.1865],[23.8443,39.1883],[23.8453,39.1868],[23.8464,39.1877],[23.848,39.1932],[23.8487,39.1974],[23.8484,39.1984],[23.8498,39.2016],[23.8492,39.2026],[23.8503,39.2068],[23.8525,39.2078],[23.8547,39.21],[23.8568,39.2102],[23.8572,39.2109],[23.8599,39.2122],[23.8651,39.2138],[23.8724,39.2194],[23.8745,39.2201],[23.8821,39.2266],[23.8922,39.2309],[23.9005,39.2359],[23.9026,39.2361],[23.9068,39.2385],[23.9079,39.2401],[23.9099,39.2461],[23.9151,39.2523],[23.9153,39.2547],[23.9164,39.2578],[23.9184,39.2609],[23.9214,39.2633],[23.9234,39.2642],[23.9262,39.2661],[23.9267,39.2672],[23.9283,39.2682],[23.9324,39.2745],[23.9339,39.2786],[23.9359,39.2815],[23.9382,39.2828],[23.9401,39.2851],[23.9432,39.287],[23.9443,39.288],[23.9438,39.2891],[23.9443,39.2897],[23.9453,39.2907],[23.9464,39.2905],[23.9484,39.2932],[23.9501,39.2932],[23.9526,39.2943],[23.9547,39.2943],[23.9557,39.2955],[23.9578,39.295],[23.9602,39.2932],[23.9606,39.2901],[23.9615,39.2891],[23.96,39.2859],[23.9602,39.2828],[23.9597,39.2807],[23.9578,39.2786],[23.9576,39.2776],[23.9599,39.2782],[23.962,39.2764],[23.9648,39.2755],[23.9661,39.2741],[23.9672,39.2739],[23.9703,39.274],[23.9745,39.2752],[23.9807,39.2705],[23.9828,39.2712],[23.9849,39.2729],[23.987,39.2734],[23.9891,39.275],[23.9911,39.2745],[23.9922,39.2734],[23.9911,39.2724],[23.9911,39.2707],[23.9921,39.2682],[23.9921,39.2651],[23.9916,39.2641],[23.9922,39.2634],[23.9932,39.2644],[23.9937,39.2641],[23.9929,39.263],[23.9934,39.2609],[23.9922,39.2611],[23.989,39.2568],[23.9868,39.2495],[23.9849,39.2474],[23.9847,39.2464],[23.9858,39.2453],[23.9863,39.2432],[23.9885,39.2422],[23.9876,39.2411],[23.9891,39.239],[23.9964,39.2454],[23.9965,39.2443],[23.9974,39.2436]],[[23.9995,39.9509],[23.9984,39.95],[23.9953,39.9495],[23.9938,39.9484],[23.9922,39.9462],[23.9911,39.9462],[23.988,39.9446],[23.9818,39.9443],[23.9807,39.9432],[23.9745,39.9432],[23.9707,39.9422],[23.9641,39.9418],[23.9599,39.9394],[23.9547,39.9384],[23.9516,39.9358],[23.9464,39.9343],[23.9422,39.9342],[23.9411,39.9348],[23.9318,39.9341],[23.9307,39.9346],[23.9276,39.9349],[23.9255,39.9366],[23.9234,39.9369],[23.9224,39.9376],[23.9196,39.937],[23.9172,39.9352],[23.913,39.9351],[23.9119,39.9359],[23.9141,39.9391],[23.9135,39.9401],[23.9136,39.9411],[23.9122,39.9443],[23.9092,39.9474],[23.9089,39.9486],[23.9078,39.9494],[23.9068,39.9493],[23.9054,39.9505],[23.8984,39.9542],[23.8911,39.9565],[23.8891,39.9589],[23.887,39.9599],[23.887,39.9611],[23.888,39.9605],[23.8901,39.9623],[23.8922,39.9616],[23.8935,39.9641],[23.8922,39.9665],[23.8911,39.9657],[23.8907,39.9661],[23.8917,39.9672],[23.8911,39.9697],[23.8901,39.969],[23.8892,39.9693],[23.8905,39.9714],[23.8896,39.9724],[23.8908,39.9745],[23.8903,39.9755],[23.8891,39.9755],[23.8881,39.9766],[23.8885,39.9776],[23.888,39.9785],[23.885,39.9839],[23.8833,39.9859],[23.8818,39.9871],[23.8776,39.9882],[23.8714,39.9888],[23.867,39.9901],[23.8599,39.994],[23.8568,39.9969]],[[23.8387,39.9974],[23.8359,39.9961],[23.8356,39.9953],[23.8359,39.9937],[23.8349,39.9934],[23.8341,39.9943],[23.8343,39.9953],[23.8338,39.9964],[23.8307,39.9981],[23.8245,39.9989],[23.8214,39.9974],[23.8203,39.9955],[23.8193,39.9948],[23.8172,39.9957],[23.8141,39.9953],[23.8109,39.9973],[23.8109,39.9984]],[[23.6316,39.9995],[23.6339,39.9991],[23.6349,39.9981],[23.6422,39.9969],[23.6484,39.9966],[23.6493,39.9964],[23.6501,39.9953],[23.6516,39.9955],[23.6536,39.9941],[23.6589,39.9947],[23.663,39.9942],[23.6651,39.9947],[23.6703,39.9903],[23.6766,39.9892],[23.6769,39.987],[23.6807,39.9851],[23.6813,39.9839],[23.6866,39.9807],[23.6883,39.9786],[23.6892,39.9766],[23.6888,39.9703],[23.6903,39.9672],[23.6914,39.962],[23.6926,39.9609],[23.6943,39.9563],[23.6953,39.956],[23.6953,39.9543],[23.6971,39.9516],[23.6974,39.9478],[23.7016,39.9435],[23.7078,39.9414],[23.7109,39.9413],[23.7151,39.9402],[23.7255,39.9403],[23.7318,39.9413],[23.7328,39.9428],[23.7339,39.9434],[23.7349,39.9428],[23.7359,39.9434],[23.7411,39.943],[23.7422,39.9424],[23.7432,39.943],[23.7443,39.9417],[23.7474,39.9412],[23.7505,39.937],[23.7521,39.9339],[23.7542,39.9266],[23.755,39.9214],[23.7548,39.9161],[23.7535,39.913],[23.7526,39.9123],[23.7495,39.9116],[23.7401,39.9105],[23.7339,39.9104],[23.7245,39.9067],[23.7234,39.9065],[23.7203,39.9072],[23.7172,39.9058],[23.7161,39.9058],[23.7099,39.9074],[23.7036,39.9078],[23.7005,39.9089],[23.6984,39.909],[23.6922,39.9121],[23.6901,39.9137],[23.6891,39.913],[23.688,39.9141],[23.6818,39.914],[23.6797,39.913],[23.6682,39.9115],[23.6609,39.9112],[23.6557,39.9101],[23.6516,39.9104],[23.6464,39.9114],[23.6401,39.911],[23.638,39.9113],[23.6339,39.9105],[23.6276,39.911],[23.6214,39.9139],[23.6172,39.9152],[23.6016,39.9187],[23.5922,39.9192],[23.587,39.9216],[23.5797,39.9223],[23.5661,39.9254],[23.5474,39.9325],[23.538,39.9372],[23.5307,39.9389],[23.5193,39.9426],[23.5182,39.9434],[23.5141,39.9439],[23.5078,39.9459],[23.5047,39.9476],[23.5036,39.9476],[23.5026,39.9482],[23.4995,39.9479],[23.4974,39.9471],[23.4969,39.9474],[23.4974,39.949],[23.4953,39.9498],[23.4932,39.9471],[23.4911,39.9472],[23.4891,39.9488],[23.4889,39.9505],[23.487,39.952],[23.4839,39.9527],[23.4797,39.9522],[23.4786,39.9528],[23.4776,39.9527],[23.4714,39.951],[23.4703,39.9503],[23.4682,39.9506],[23.4672,39.9499],[23.4661,39.9504],[23.4651,39.9499],[23.4609,39.9512],[23.4589,39.9513],[23.4401,39.9512],[23.4339,39.9497],[23.4245,39.9461],[23.4214,39.9456],[23.412,39.9471],[23.387,39.945],[23.3797,39.9449],[23.3755,39.9438],[23.3672,39.9399],[23.3599,39.9382],[23.3453,39.9393],[23.3432,39.9404],[23.3413,39.9401],[23.333,39.9432],[23.3304,39.9453],[23.329,39.9474],[23.3289,39.9484],[23.3312,39.9568],[23.3319,39.9578],[23.3324,39.9661],[23.3341,39.9714],[23.3332,39.9755],[23.3318,39.9774],[23.3307,39.9779],[23.3255,39.9785],[23.3234,39.9792],[23.3203,39.9833],[23.3172,39.9856],[23.3164,39.987],[23.3165,39.9891],[23.3172,39.9905],[23.3224,39.9937],[23.3234,39.9937],[23.3266,39.9919],[23.3286,39.9922],[23.3298,39.9932],[23.3298,39.9943],[23.3288,39.9953],[23.3253,39.9974],[23.325,39.9995]],[[23.0016,39.5703],[23.0047,39.5705],[23.0078,39.5695],[23.013,39.5665],[23.0151,39.5648],[23.0225,39.5557],[23.0318,39.5497],[23.0339,39.5487],[23.0401,39.5473],[23.0432,39.5458],[23.0516,39.543],[23.0526,39.5421],[23.0536,39.5422],[23.063,39.5371],[23.0641,39.5354],[23.0703,39.5298],[23.0707,39.5286],[23.0721,39.5276],[23.0737,39.5245],[23.0755,39.5227],[23.0776,39.521],[23.0828,39.5192],[23.088,39.5167],[23.0984,39.5082],[23.1047,39.5042],[23.106,39.5026],[23.1059,39.5016],[23.108,39.4984],[23.1116,39.4911],[23.113,39.4898],[23.1132,39.488],[23.1139,39.487],[23.1193,39.4806],[23.1214,39.4786],[23.1234,39.4775],[23.1282,39.4682],[23.1339,39.4609],[23.1391,39.4567],[23.1401,39.4567],[23.1411,39.4556],[23.1422,39.4562],[23.1432,39.4553],[23.1446,39.4557],[23.1449,39.4547],[23.1464,39.4542],[23.1474,39.453],[23.1495,39.4525],[23.1516,39.451],[23.1526,39.451],[23.1557,39.4486],[23.1656,39.4401],[23.1662,39.4391],[23.1714,39.4343],[23.1747,39.4318],[23.1818,39.4239],[23.1859,39.4211],[23.1917,39.4161],[23.1943,39.4121],[23.1964,39.411],[23.1974,39.4112],[23.1995,39.4091],[23.2009,39.4089],[23.2018,39.4068],[23.2032,39.4057],[23.2044,39.4036],[23.2068,39.3963],[23.2095,39.3932],[23.2099,39.3922],[23.2109,39.3923],[23.2112,39.3911],[23.2124,39.3901],[23.2128,39.388],[23.2138,39.387],[23.216,39.3786],[23.2171,39.3766],[23.2186,39.3755],[23.2193,39.3729],[23.2215,39.3703],[23.2245,39.3686],[23.2255,39.3671],[23.2266,39.3671],[23.2276,39.3647],[23.2328,39.3578],[23.2391,39.3538],[23.2422,39.353],[23.2432,39.351],[23.2474,39.3495],[23.2484,39.3498],[23.2536,39.3475],[23.2578,39.3469],[23.2599,39.3456],[23.2661,39.341],[23.2714,39.3353],[23.2724,39.3349],[23.2786,39.3299],[23.2818,39.3259],[23.2835,39.3255],[23.284,39.3245],[23.2837,39.3224],[23.2842,39.3193],[23.287,39.3099],[23.2883,39.3089],[23.2876,39.3068],[23.2883,39.3047],[23.2901,39.3005],[23.2922,39.2984],[23.2932,39.2992],[23.2938,39.2984],[23.2937,39.2953],[23.2946,39.2943],[23.295,39.2911],[23.297,39.288],[23.2972,39.2859],[23.2984,39.2822],[23.3036,39.2779],[23.3095,39.2745],[23.313,39.2728],[23.3141,39.2733],[23.3161,39.2725],[23.3182,39.2706],[23.3193,39.2708],[23.32,39.2693],[23.3224,39.2675],[23.3232,39.2661],[23.3309,39.2599],[23.3328,39.2558],[23.3345,39.2464],[23.3359,39.2443],[23.337,39.2416],[23.3407,39.2359],[23.3413,39.2339],[23.3425,39.2328],[23.3422,39.2315],[23.3436,39.2297],[23.3431,39.2286],[23.3451,39.2255],[23.3457,39.2234],[23.3484,39.22],[23.3505,39.2182],[23.3516,39.2184],[23.3516,39.2171],[23.3554,39.2141],[23.3591,39.2057],[23.3652,39.1974],[23.3676,39.1953],[23.3676,39.1943],[23.3693,39.1929],[23.3745,39.1897],[23.3766,39.1895],[23.3786,39.1873],[23.3818,39.1861],[23.3859,39.1871],[23.387,39.1859],[23.388,39.1865],[23.3995,39.1853],[23.4047,39.186],[23.4099,39.1884],[23.4141,39.1917],[23.4214,39.195],[23.4229,39.1964],[23.4255,39.1989],[23.4266,39.2016],[23.4282,39.2036],[23.4308,39.2089],[23.4307,39.211],[23.4339,39.2135],[23.4349,39.2132],[23.4391,39.2149],[23.4422,39.2152],[23.4443,39.216],[23.4456,39.2172],[23.4453,39.2183],[23.4464,39.2179],[23.4495,39.2197],[23.4536,39.2212],[23.4547,39.2211],[23.4589,39.2229],[23.4609,39.2229],[23.462,39.2236],[23.4693,39.2247],[23.4699,39.2234],[23.4714,39.2226],[23.4786,39.2228],[23.487,39.2245],[23.488,39.2253],[23.4911,39.226],[23.4974,39.2264],[23.5026,39.2242],[23.5043,39.2245],[23.5057,39.2238],[23.5061,39.2224],[23.5051,39.2203],[23.5057,39.22],[23.5068,39.221],[23.5075,39.2203],[23.508,39.2172],[23.5071,39.2161],[23.509,39.2141],[23.5086,39.213],[23.5092,39.212],[23.5119,39.2089],[23.5144,39.2078],[23.5234,39.2009],[23.5256,39.2005],[23.5255,39.1993],[23.5276,39.1988],[23.5286,39.1997],[23.5296,39.1995],[23.5328,39.1967],[23.5339,39.1965],[23.5327,39.1943],[23.5343,39.1932],[23.5344,39.1922],[23.5355,39.1911],[23.5359,39.1899],[23.537,39.1897],[23.538,39.1907],[23.5401,39.1915],[23.541,39.1911],[23.5406,39.1901],[23.5415,39.1891],[23.5412,39.187],[23.5424,39.1859],[23.5427,39.1839],[23.5424,39.1828],[23.5431,39.1818],[23.5443,39.1774],[23.5456,39.1766],[23.5456,39.1714],[23.545,39.1693],[23.5441,39.1682],[23.5436,39.163],[23.543,39.1609],[23.5419,39.1599],[23.5425,39.1589],[23.5423,39.1578],[23.5434,39.1557],[23.5429,39.1536],[23.5433,39.1526],[23.5424,39.1516],[23.5422,39.1495],[23.5412,39.1484],[23.5413,39.1464],[23.5391,39.143],[23.538,39.1428],[23.5354,39.1391],[23.5277,39.1339],[23.5235,39.1318],[23.5203,39.1267],[23.5182,39.1248],[23.5172,39.1229],[23.5164,39.1172],[23.5149,39.1151],[23.511,39.112],[23.5078,39.1103],[23.4995,39.1093],[23.4974,39.1096],[23.4891,39.1117],[23.4859,39.1118],[23.4849,39.1124],[23.4797,39.1137],[23.4776,39.1156],[23.4766,39.1154],[23.4755,39.1165],[23.4734,39.1172],[23.4693,39.1175],[23.4661,39.1168],[23.4651,39.1173],[23.463,39.117],[23.4557,39.1181],[23.4547,39.1191],[23.4484,39.1207],[23.4464,39.1206],[23.4401,39.1223],[23.4391,39.1231],[23.437,39.1236],[23.4349,39.1232],[23.4328,39.1235],[23.4307,39.1224],[23.4288,39.1224],[23.4276,39.1216],[23.4234,39.1208],[23.4214,39.121],[23.4177,39.1224],[23.4109,39.1273],[23.4099,39.1271],[23.409,39.1276],[23.4088,39.1286],[23.4078,39.1293],[23.4036,39.1303],[23.4005,39.1299],[23.3995,39.1292],[23.3984,39.1297],[23.3974,39.1292],[23.3922,39.129],[23.3839,39.1297],[23.3755,39.1321],[23.3693,39.1361],[23.3672,39.1371],[23.363,39.1376],[23.3609,39.1392],[23.3599,39.1384],[23.3595,39.137],[23.3568,39.1343],[23.3526,39.1318],[23.353,39.1307],[23.3516,39.1296],[23.3505,39.1298],[23.3495,39.1289],[23.337,39.1295],[23.3328,39.1303],[23.3307,39.131],[23.33,39.1318],[23.3297,39.1336],[23.3286,39.1335],[23.3276,39.1326],[23.3266,39.1328],[23.3189,39.1297],[23.3151,39.1273],[23.3127,39.1266],[23.312,39.1255],[23.3109,39.1256],[23.3089,39.1244],[23.2984,39.1231],[23.2943,39.1231],[23.2901,39.1221],[23.2839,39.1196],[23.2797,39.1193],[23.2786,39.1187],[23.2755,39.1181],[23.2667,39.113],[23.2589,39.1094],[23.2536,39.1082],[23.2484,39.1078],[23.2453,39.107],[23.2422,39.1036],[23.2392,39.0984],[23.2361,39.0953],[23.2339,39.0937],[23.2328,39.0936],[23.2307,39.0914],[23.2234,39.0865],[23.2183,39.0807],[23.2151,39.0785],[23.2109,39.0766],[23.2078,39.0758],[23.2005,39.0752],[23.1911,39.0772],[23.1849,39.0796],[23.1827,39.0797],[23.1724,39.0731],[23.1693,39.072],[23.163,39.0708],[23.1599,39.0698],[23.1578,39.0683],[23.1583,39.0672],[23.1571,39.0651],[23.1574,39.0641],[23.1568,39.063],[23.1557,39.0644],[23.1552,39.063],[23.1557,39.062],[23.1568,39.063],[23.1578,39.062],[23.1589,39.0619],[23.1597,39.0609],[23.1578,39.0608],[23.1568,39.0596],[23.1564,39.0599],[23.1576,39.0609],[23.1568,39.0615],[23.1557,39.0619],[23.1555,39.0609],[23.1547,39.0603],[23.154,39.0609],[23.1546,39.062],[23.154,39.063],[23.1536,39.0655],[23.1526,39.0654],[23.1505,39.0636],[23.1486,39.0661],[23.1474,39.0663],[23.1464,39.0653],[23.1401,39.0647],[23.1391,39.0652],[23.137,39.0652],[23.1318,39.0645],[23.1255,39.0644],[23.1234,39.0656],[23.113,39.0653],[23.1026,39.0641],[23.1005,39.0656],[23.0807,39.0656],[23.0786,39.0662],[23.0776,39.0671],[23.0724,39.0668],[23.0651,39.0652],[23.068,39.063],[23.0703,39.0624],[23.0745,39.0601],[23.0786,39.0614],[23.0828,39.0612],[23.0844,39.0599],[23.0833,39.0589],[23.0859,39.0583],[23.087,39.057],[23.0884,39.0568],[23.087,39.0566],[23.0867,39.0557],[23.088,39.0547],[23.088,39.0536],[23.0867,39.0516],[23.0839,39.0495],[23.0844,39.0484],[23.0839,39.0477],[23.0817,39.0474],[23.0827,39.0464],[23.0824,39.0453],[23.0831,39.0443],[23.0864,39.0422],[23.086,39.0411],[23.087,39.0401],[23.0872,39.038],[23.0867,39.0297],[23.0872,39.0276],[23.0882,39.0266],[23.0978,39.0182],[23.1001,39.0172],[23.1016,39.0171],[23.1099,39.0189],[23.1193,39.0247],[23.1266,39.0277],[23.1297,39.0285],[23.1349,39.0292],[23.1432,39.029],[23.1714,39.0309],[23.1891,39.0312],[23.1932,39.0317],[23.1955,39.0328],[23.1995,39.0373],[23.2039,39.0474],[23.204,39.0516],[23.2021,39.0599],[23.2023,39.062],[23.2032,39.0641],[23.2057,39.0661],[23.213,39.0693],[23.2193,39.0701],[23.2234,39.0691],[23.2318,39.0643],[23.238,39.0621],[23.2401,39.0621],[23.2443,39.0634],[23.2516,39.0632],[23.2661,39.0604],[23.2734,39.0609],[23.3016,39.0607],[23.3089,39.0614],[23.3109,39.0611],[23.312,39.0603],[23.313,39.0601],[23.3151,39.0583],[23.3214,39.0559],[23.3234,39.0559],[23.3245,39.0552],[23.3266,39.0552],[23.3276,39.0547],[23.3339,39.0563],[23.3422,39.0546],[23.3443,39.0558],[23.3474,39.0565],[23.3486,39.0557],[23.348,39.0526],[23.3485,39.0516],[23.3483,39.0505],[23.35,39.0495],[23.3516,39.0472],[23.3525,39.0453],[23.3518,39.0443],[23.3533,39.0422],[23.3531,39.0411],[23.3515,39.0391],[23.3482,39.0359],[23.346,39.0318],[23.3461,39.0286],[23.3474,39.0266],[23.3568,39.0191],[23.3605,39.0182],[23.363,39.0166],[23.3682,39.0145],[23.3766,39.0127],[23.3828,39.0101],[23.3891,39.0103],[23.3901,39.011],[23.3932,39.0117],[23.3964,39.0113],[23.3995,39.0088],[23.4016,39.0089],[23.3993,39.0026],[23.3984,39.0016],[23.3964,39.0008]],[[23.2276,39.9803],[23.2255,39.9799],[23.2224,39.9808],[23.22,39.9828],[23.2187,39.9859],[23.2192,39.988],[23.2208,39.9901],[23.2234,39.9916],[23.2266,39.9923],[23.2307,39.9914],[23.2318,39.9906],[23.2324,39.9891],[23.2315,39.9839],[23.23,39.9818]],[[23.887,39.9721],[23.8865,39.9724],[23.888,39.9738],[23.8885,39.9734]],[[23.2578,39.9483],[23.2557,39.9481],[23.2547,39.949],[23.2541,39.9505],[23.2547,39.9528],[23.2568,39.9541],[23.258,39.9536],[23.2589,39.9518],[23.2588,39.9495]],[[23.1953,39.7679],[23.1932,39.7678],[23.1912,39.7693],[23.1911,39.7703],[23.1922,39.7718],[23.1943,39.7726],[23.197,39.7714],[23.1977,39.7703],[23.1976,39.7693]],[[23.1547,39.7557],[23.1526,39.7568],[23.1522,39.7578],[23.1536,39.7591],[23.1557,39.7589],[23.1564,39.7578],[23.1565,39.7568],[23.1557,39.7559]],[[23.438,39.2856],[23.4377,39.2859],[23.438,39.2862]],[[23.9974,39.2794],[23.9962,39.2797],[23.9959,39.2807],[23.9974,39.2812],[23.998,39.2807]],[[23.9984,39.2523],[23.9982,39.2526],[23.999,39.2526]],[[23.9953,39.2515],[23.9943,39.2518],[23.994,39.2526],[23.9953,39.2537],[23.9948,39.2526]],[[23.5401,39.1935],[23.5401,39.1945],[23.5408,39.1943]],[[23.7224,39.066],[23.7203,39.0661],[23.7182,39.068],[23.7161,39.0688],[23.712,39.0689],[23.7099,39.07],[23.7065,39.0703],[23.7041,39.0724],[23.7005,39.0785],[23.6984,39.0798],[23.6953,39.0809],[23.6891,39.0806],[23.6849,39.0812],[23.6776,39.0806],[23.6755,39.0797],[23.6714,39.082],[23.6651,39.0837],[23.663,39.0837],[23.6609,39.0828],[23.6589,39.0828],[23.6578,39.0818],[23.6568,39.0828],[23.6547,39.0828],[23.6526,39.0848],[23.6502,39.0859],[23.6512,39.0953],[23.6486,39.1026],[23.6489,39.1036],[23.6484,39.1039],[23.6474,39.1032],[23.6474,39.106],[23.6432,39.1076],[23.6411,39.1072],[23.638,39.1088],[23.6339,39.1096],[23.6318,39.1091],[23.6307,39.1083],[23.6286,39.1081],[23.6245,39.1092],[23.6206,39.112],[23.6217,39.1141],[23.6205,39.1151],[23.6203,39.1161],[23.6209,39.1172],[23.6209,39.1182],[23.6193,39.1203],[23.613,39.1228],[23.6089,39.1237],[23.6089,39.1261],[23.6064,39.1276],[23.6061,39.1286],[23.6049,39.1297],[23.6046,39.1307],[23.6054,39.1318],[23.6054,39.1328],[23.6035,39.1349],[23.6026,39.1368],[23.6016,39.1363],[23.6005,39.1376],[23.5995,39.1368],[23.5974,39.1386],[23.5922,39.1383],[23.5837,39.1422],[23.5828,39.1433],[23.5818,39.1437],[23.5797,39.143],[23.5785,39.1432],[23.5784,39.1443],[23.5776,39.1453],[23.5784,39.1464],[23.5781,39.1474],[23.5766,39.1485],[23.5766,39.1496],[23.5781,39.1516],[23.5772,39.1526],[23.5779,39.1547],[23.5774,39.1557],[23.5789,39.1568],[23.5786,39.1589],[23.5794,39.1599],[23.5793,39.1609],[23.5834,39.1651],[23.5834,39.1661],[23.5843,39.1682],[23.5818,39.1755],[23.5791,39.1786],[23.579,39.1797],[23.5781,39.1807],[23.5779,39.1828],[23.5755,39.186],[23.5748,39.1891],[23.5703,39.1995],[23.5707,39.2016],[23.5714,39.2017],[23.5734,39.206],[23.577,39.2078],[23.5835,39.2141],[23.5849,39.2139],[23.588,39.2155],[23.5891,39.2158],[23.5901,39.2153],[23.5922,39.2163],[23.5953,39.216],[23.6047,39.2177],[23.612,39.2161],[23.6162,39.2141],[23.6172,39.2117],[23.6203,39.2086],[23.6214,39.2087],[23.6247,39.2068],[23.6286,39.2053],[23.6307,39.2055],[23.6359,39.2033],[23.637,39.2039],[23.638,39.2037],[23.6401,39.2022],[23.6432,39.2025],[23.6456,39.2016],[23.6456,39.2005],[23.647,39.1995],[23.6476,39.1984],[23.6462,39.1964],[23.6474,39.1932],[23.6484,39.1936],[23.6495,39.193],[23.6552,39.1849],[23.659,39.1818],[23.6644,39.1786],[23.6651,39.1777],[23.6661,39.1777],[23.6682,39.1761],[23.6849,39.1675],[23.6922,39.1656],[23.7016,39.1623],[23.7089,39.1613],[23.7203,39.1553],[23.7234,39.1545],[23.7276,39.1521],[23.7286,39.152],[23.7328,39.1486],[23.7337,39.1474],[23.7359,39.1462],[23.737,39.1464],[23.738,39.1459],[23.7388,39.1453],[23.7391,39.1442],[23.7422,39.1443],[23.7432,39.1438],[23.7443,39.144],[23.762,39.1419],[23.7661,39.142],[23.7786,39.1432],[23.7807,39.1431],[23.7858,39.1443],[23.7891,39.1465],[23.8016,39.1474],[23.8036,39.1466],[23.8089,39.1467],[23.8109,39.1454],[23.8143,39.1443],[23.8151,39.1432],[23.8151,39.1418],[23.8179,39.1391],[23.8178,39.138],[23.8193,39.1349],[23.819,39.1339],[23.8203,39.1335],[23.8205,39.1328],[23.8199,39.1297],[23.8189,39.1286],[23.8189,39.1266],[23.8182,39.1245],[23.8184,39.1234],[23.8179,39.1224],[23.8183,39.1214],[23.8174,39.1203],[23.8169,39.1182],[23.8151,39.1168],[23.8109,39.1155],[23.8089,39.1144],[23.8057,39.111],[23.8016,39.1078],[23.7977,39.1036],[23.7976,39.1026],[23.7964,39.1007],[23.7862,39.088],[23.7807,39.0828],[23.7786,39.0813],[23.7745,39.0798],[23.7714,39.0775],[23.7682,39.078],[23.7651,39.0772],[23.7641,39.0773],[23.762,39.0764],[23.7599,39.0766],[23.7578,39.076],[23.7495,39.0757],[23.7432,39.0723],[23.7422,39.0723],[23.737,39.0699],[23.7339,39.0693],[23.7297,39.0691],[23.7286,39.0682],[23.7255,39.0679]],[[23.0891,39.0597],[23.0888,39.0599],[23.0891,39.0602],[23.0895,39.0599]]]}},{"type":"Feature","properties":{"depth":100,"kind":"band"},"geometry":{"type":"MultiPolygon","coordinates":[[[[23.2443,39.9693],[23.2443,39.9706],[23.2432,39.9705],[23.2432,39.969],[23.2443,39.9693]]],[[[23.9815,39.962],[23.9807,39.9623],[23.9804,39.962],[23.9807,39.9616],[23.9815,39.962]]],[[[23.9829,39.962],[23.9823,39.962],[23.9828,39.9616],[23.9829,39.962]]],[[[23.0105,39.9474],[23.0089,39.9486],[23.0065,39.9484],[23.0065,39.9474],[23.0078,39.9465],[23.0089,39.9465],[23.0105,39.9474]]],[[[23.7435,39.9443],[23.7432,39.9449],[23.743,39.9443],[23.7435,39.9443]]],[[[23.1521,39.9068],[23.1505,39.9073],[23.1479,39.9068],[23.1495,39.9058],[23.1505,39.9058],[23.1521,39.9068]]],[[[23.1632,39.8849],[23.1641,39.8854],[23.1701,39.8859],[23.1704,39.887],[23.17,39.888],[23.1682,39.8901],[23.1651,39.8901],[23.165,39.8932],[23.1682,39.8935],[23.1688,39.8974],[23.1731,39.9016],[23.1734,39.9026],[23.175,39.9047],[23.1753,39.9057],[23.1745,39.9064],[23.1734,39.9064],[23.1727,39.9057],[23.1721,39.9036],[23.1714,39.9029],[23.1693,39.9023],[23.1685,39.9016],[23.168,39.8995],[23.1672,39.8987],[23.1651,39.8982],[23.1633,39.8953],[23.1609,39.8943],[23.1602,39.8922],[23.1603,39.8859],[23.1609,39.8848],[23.1632,39.8849]]],[[[23.1237,39.8078],[23.1265,39.8099],[23.1267,39.8109],[23.1245,39.8121],[23.1234,39.8118],[23.1231,39.8109],[23.1234,39.8072],[23.1237,39.8078]]],[[[23.2,39.4141],[23.1995,39.415],[23.1992,39.4141],[23.2,39.4141]]],[[[23.0488,39.2672],[23.0547,39.27],[23.0561,39.2714],[23.0563,39.2724],[23.0554,39.2745],[23.0529,39.2766],[23.0493,39.2786],[23.0453,39.2799],[23.0401,39.28],[23.0364,39.2786],[23.0318,39.2759],[23.0258,39.2755],[23.024,39.2745],[23.0229,39.2724],[23.0233,39.2714],[23.0245,39.2708],[23.0276,39.2704],[23.0318,39.2687],[23.0349,39.2688],[23.0391,39.2676],[23.0443,39.2675],[23.0474,39.2669],[23.0488,39.2672]]],[[[23.9943,39.2661],[23.9932,39.2666],[23.993,39.2661],[23.9932,39.2658],[23.9943,39.2661]]],[[[23.102,39.263],[23.1068,39.2648],[23.1129,39.2651],[23.112,39.2661],[23.1089,39.2671],[23.1036,39.27],[23.0995,39.2706],[23.0964,39.2695],[23.0918,39.2651],[23.0917,39.2641],[23.0926,39.263],[23.0953,39.2623],[23.0984,39.2621],[23.102,39.263]]],[[[23.1453,39.2464],[23.1456,39.2474],[23.1445,39.2505],[23.1414,39.2557],[23.1359,39.2583],[23.1328,39.2606],[23.1307,39.2626],[23.1273,39.2672],[23.1255,39.2688],[23.1234,39.2697],[23.1214,39.2699],[23.1196,39.2693],[23.1147,39.2661],[23.1141,39.2651],[23.1151,39.2641],[23.1193,39.2619],[23.1235,39.2578],[23.1266,39.2564],[23.1307,39.2563],[23.1318,39.2558],[23.1349,39.2526],[23.138,39.2472],[23.1432,39.2455],[23.1453,39.2464]]],[[[23.0572,39.2401],[23.0641,39.247],[23.065,39.2505],[23.0643,39.2526],[23.063,39.2536],[23.0591,39.2547],[23.0568,39.2561],[23.0557,39.2561],[23.0534,39.2547],[23.0497,39.2536],[23.0482,39.2526],[23.0477,39.2516],[23.0479,39.2474],[23.0473,39.2453],[23.0475,39.2443],[23.0526,39.2393],[23.0547,39.2392],[23.0572,39.2401]]],[[[23.0825,39.2068],[23.0859,39.2082],[23.0932,39.2092],[23.1068,39.2083],[23.1109,39.2075],[23.1161,39.2088],[23.1224,39.2089],[23.1255,39.2096],[23.1276,39.2109],[23.1306,39.2161],[23.1314,39.2203],[23.1307,39.2247],[23.1297,39.2267],[23.1276,39.2281],[23.1193,39.2298],[23.1089,39.2327],[23.1047,39.2329],[23.0974,39.2312],[23.0943,39.2314],[23.0932,39.2307],[23.092,39.2276],[23.0891,39.2244],[23.0859,39.2193],[23.0849,39.2183],[23.0818,39.2172],[23.0778,39.2151],[23.0767,39.2141],[23.0766,39.2119],[23.0786,39.2079],[23.0807,39.2063],[23.0825,39.2068]]],[[[23.1724,39.188],[23.1728,39.1901],[23.1717,39.1932],[23.1693,39.1955],[23.1682,39.196],[23.1672,39.1957],[23.1658,39.1943],[23.1655,39.1932],[23.1658,39.1911],[23.1672,39.1881],[23.1682,39.1873],[23.1703,39.187],[23.1724,39.188]]],[[[23.8144,39.1661],[23.8141,39.1667],[23.8136,39.1661],[23.8141,39.1658],[23.8144,39.1661]]],[[[23.8131,39.1641],[23.8136,39.1651],[23.813,39.1657],[23.8123,39.1651],[23.8123,39.1641],[23.8131,39.1641]]],[[[23.8167,39.1609],[23.8159,39.1609],[23.8161,39.1601],[23.8167,39.1609]]],[[[23.8146,39.1599],[23.8138,39.1599],[23.8141,39.1596],[23.8146,39.1599]]],[[[23.8163,39.1578],[23.8161,39.1581],[23.8157,39.1578],[23.8161,39.1572],[23.8163,39.1578]]],[[[23.5741,39.1505],[23.5734,39.151],[23.5728,39.1505],[23.5734,39.15],[23.5741,39.1505]]],[[[23.8206,39.1464],[23.8194,39.1464],[23.8203,39.1456],[23.8206,39.1464]]],[[[23.9782,39.0891],[23.9772,39.0891],[23.9776,39.0882],[23.9782,39.0891]]],[[[23.9625,39.0641],[23.962,39.0644],[23.9615,39.0641],[23.962,39.0635],[23.9625,39.0641]]],[[[24,39.0005],[24,39.1161],[23.9995,39.1172],[23.9953,39.1115],[23.992,39.1016],[23.9888,39.0964],[23.9839,39.0918],[23.9828,39.0915],[23.9797,39.089],[23.9776,39.0879],[23.9766,39.0878],[23.9755,39.0886],[23.9745,39.0877],[23.9734,39.0879],[23.9733,39.087],[23.9711,39.0849],[23.9711,39.0839],[23.9697,39.0818],[23.9705,39.0797],[23.9703,39.0745],[23.9682,39.0703],[23.9647,39.0672],[23.9661,39.0661],[23.9639,39.0641],[23.962,39.0628],[23.9609,39.0633],[23.9599,39.0627],[23.9547,39.0616],[23.9505,39.0615],[23.9464,39.0628],[23.9443,39.0621],[23.9429,39.063],[23.9434,39.0641],[23.9432,39.0651],[23.942,39.0661],[23.9429,39.0693],[23.9419,39.0703],[23.9425,39.0745],[23.942,39.0776],[23.9426,39.0797],[23.9443,39.0812],[23.9458,39.0818],[23.9465,39.0828],[23.947,39.0859],[23.9484,39.0874],[23.9501,39.088],[23.9505,39.0903],[23.9516,39.0906],[23.9528,39.0922],[23.9549,39.0922],[23.9557,39.0936],[23.9568,39.0922],[23.9574,39.0932],[23.9572,39.0943],[23.9586,39.0953],[23.9599,39.0974],[23.9578,39.0982],[23.9572,39.1005],[23.9586,39.1047],[23.96,39.1141],[23.9621,39.1193],[23.9652,39.1234],[23.9693,39.1318],[23.9714,39.1344],[23.9734,39.1353],[23.9786,39.1406],[23.9849,39.1454],[23.988,39.1463],[23.9901,39.1453],[23.9901,39.1436],[23.9911,39.144],[23.9932,39.1426],[23.9943,39.1432],[23.9953,39.1428],[24,39.1453],[24,39.2005],[23.9995,39.2008],[23.9986,39.1974],[23.9981,39.1807],[23.9971,39.1745],[23.9957,39.1703],[23.9959,39.1672],[23.9977,39.1599],[23.9968,39.1589],[23.9969,39.1578],[23.9944,39.1557],[23.9932,39.1552],[23.9922,39.1557],[23.9927,39.1568],[23.9921,39.1568],[23.9922,39.1557],[23.9913,39.1547],[23.9911,39.1536],[23.9901,39.1529],[23.9897,39.1505],[23.988,39.1482],[23.9849,39.1473],[23.9776,39.1481],[23.9714,39.1479],[23.962,39.1493],[23.9609,39.1505],[23.9578,39.1495],[23.9495,39.1499],[23.9443,39.1511],[23.9422,39.1521],[23.9391,39.1525],[23.9349,39.1547],[23.9307,39.1557],[23.9297,39.1554],[23.9286,39.155],[23.9273,39.1536],[23.9256,39.1505],[23.9242,39.1464],[23.9214,39.1433],[23.9182,39.1417],[23.9078,39.1342],[23.8984,39.1318],[23.8953,39.1302],[23.8901,39.1261],[23.8828,39.1241],[23.8786,39.1224],[23.8766,39.1224],[23.8745,39.1208],[23.8724,39.1207],[23.8703,39.1195],[23.8682,39.1203],[23.8672,39.1193],[23.8682,39.1203],[23.8661,39.1205],[23.8651,39.1215],[23.8641,39.1215],[23.8547,39.1183],[23.8526,39.1167],[23.8495,39.1164],[23.8453,39.1139],[23.8391,39.112],[23.8318,39.1108],[23.8266,39.1081],[23.8216,39.1078],[23.8151,39.1093],[23.8109,39.1089],[23.8068,39.1064],[23.8026,39.1024],[23.7976,39.0953],[23.7872,39.0828],[23.7845,39.0807],[23.7797,39.0783],[23.7734,39.0768],[23.7693,39.0752],[23.7661,39.0752],[23.762,39.0743],[23.7578,39.0748],[23.7474,39.074],[23.737,39.0693],[23.7297,39.0684],[23.7224,39.0658],[23.7203,39.0661],[23.7161,39.0685],[23.712,39.0687],[23.7099,39.0697],[23.706,39.0703],[23.7045,39.0714],[23.7026,39.0742],[23.7016,39.0746],[23.7005,39.077],[23.6981,39.0786],[23.6953,39.0797],[23.6891,39.0796],[23.6849,39.0802],[23.6766,39.078],[23.6745,39.0786],[23.6734,39.0801],[23.6724,39.0805],[23.6651,39.0831],[23.6589,39.0826],[23.6578,39.0818],[23.6568,39.0828],[23.6547,39.0828],[23.6536,39.0839],[23.6494,39.0859],[23.6492,39.088],[23.6498,39.0953],[23.6482,39.0995],[23.6469,39.1016],[23.6461,39.1036],[23.6463,39.1047],[23.6432,39.1061],[23.6401,39.1063],[23.637,39.108],[23.6328,39.1083],[23.6286,39.1073],[23.6237,39.1089],[23.6195,39.112],[23.6206,39.113],[23.6197,39.1141],[23.6197,39.1172],[23.6161,39.1187],[23.6141,39.1203],[23.6109,39.1211],[23.6099,39.1209],[23.6089,39.1218],[23.6078,39.1218],[23.6066,39.1255],[23.6057,39.1265],[23.6045,39.1266],[23.6036,39.128],[23.6034,39.1286],[23.6043,39.1318],[23.6036,39.1325],[23.5995,39.1343],[23.5964,39.1363],[23.5932,39.1369],[23.5911,39.1368],[23.587,39.138],[23.5849,39.1388],[23.5828,39.1408],[23.5813,39.1411],[23.5799,39.1422],[23.5776,39.142],[23.5763,39.1443],[23.5763,39.1453],[23.5734,39.1478],[23.5718,39.1484],[23.5724,39.1486],[23.5726,39.1495],[23.5716,39.1505],[23.5724,39.153],[23.5734,39.1535],[23.5753,39.1557],[23.5786,39.1609],[23.5786,39.1625],[23.5776,39.1633],[23.5766,39.1651],[23.5755,39.1714],[23.5744,39.1724],[23.5737,39.1745],[23.5721,39.1755],[23.5702,39.1786],[23.5668,39.1901],[23.5648,39.1943],[23.5649,39.1953],[23.5632,39.1964],[23.5623,39.1995],[23.5628,39.2026],[23.5661,39.2073],[23.5682,39.2074],[23.5693,39.2081],[23.5724,39.2055],[23.5745,39.2122],[23.5755,39.2141],[23.5786,39.2152],[23.58,39.2161],[23.5807,39.2176],[23.5839,39.2178],[23.5874,39.2193],[23.5851,39.2203],[23.5869,39.2214],[23.5891,39.2224],[23.5922,39.2225],[23.5942,39.2224],[23.5953,39.2213],[23.5964,39.2212],[23.6036,39.2209],[23.6054,39.2203],[23.6063,39.2193],[23.6089,39.2179],[23.6151,39.2173],[23.6161,39.2165],[23.6193,39.2171],[23.622,39.2109],[23.6245,39.2085],[23.6286,39.208],[23.6312,39.2099],[23.6339,39.2102],[23.6378,39.2099],[23.6422,39.2084],[23.6453,39.2079],[23.6471,39.2068],[23.6526,39.201],[23.6552,39.1974],[23.6568,39.1971],[23.6589,39.1952],[23.6599,39.1951],[23.662,39.1931],[23.663,39.1927],[23.6631,39.1911],[23.6619,39.1891],[23.6634,39.1849],[23.6647,39.1828],[23.6724,39.177],[23.6828,39.1713],[23.6922,39.1678],[23.6953,39.1661],[23.6974,39.1658],[23.6984,39.1652],[23.7047,39.1653],[23.7068,39.1658],[23.7089,39.1653],[23.713,39.1632],[23.7143,39.1609],[23.7182,39.1585],[23.7262,39.1557],[23.7273,39.1547],[23.7318,39.1529],[23.7353,39.1505],[23.7422,39.1486],[23.7432,39.1477],[23.7484,39.1477],[23.762,39.1461],[23.7755,39.1468],[23.7807,39.148],[23.7841,39.1495],[23.787,39.1516],[23.7911,39.1527],[23.7922,39.1522],[23.7943,39.1528],[23.7964,39.151],[23.7984,39.1506],[23.7995,39.1496],[23.8047,39.1487],[23.8057,39.149],[23.8078,39.1488],[23.8109,39.146],[23.8151,39.148],[23.8159,39.1474],[23.8161,39.1462],[23.8182,39.1457],[23.8188,39.1464],[23.8168,39.1495],[23.8161,39.1515],[23.8144,39.1526],[23.8148,39.1547],[23.8143,39.1557],[23.8148,39.1568],[23.8146,39.1578],[23.8141,39.1582],[23.812,39.1561],[23.8115,39.1568],[23.8132,39.1589],[23.812,39.1604],[23.8099,39.1586],[23.8097,39.1589],[23.8104,39.1599],[23.8106,39.162],[23.8119,39.163],[23.8117,39.1651],[23.813,39.1672],[23.812,39.1681],[23.8107,39.1682],[23.8109,39.1685],[23.8182,39.1736],[23.8245,39.1787],[23.8255,39.1787],[23.8276,39.1809],[23.8286,39.1805],[23.8297,39.1813],[23.8302,39.1818],[23.8307,39.1838],[23.8318,39.1832],[23.8332,39.1849],[23.8331,39.1859],[23.8344,39.188],[23.8371,39.1911],[23.8407,39.1943],[23.8411,39.1955],[23.8422,39.1962],[23.8417,39.1974],[23.8431,39.1984],[23.8432,39.1995],[23.846,39.2026],[23.8458,39.2036],[23.8468,39.2068],[23.8481,39.2089],[23.8481,39.2099],[23.8495,39.2111],[23.8526,39.213],[23.852,39.212],[23.8526,39.2112],[23.8536,39.2114],[23.8561,39.2141],[23.8589,39.2144],[23.862,39.2159],[23.8672,39.2209],[23.8693,39.2216],[23.8714,39.2217],[23.8766,39.224],[23.8811,39.2276],[23.8922,39.2335],[23.8984,39.2378],[23.9049,39.2391],[23.9068,39.241],[23.908,39.2453],[23.9071,39.2464],[23.9074,39.2474],[23.9062,39.2505],[23.9064,39.2516],[23.9068,39.252],[23.9099,39.249],[23.9109,39.249],[23.912,39.2498],[23.9138,39.2526],[23.9153,39.2589],[23.9163,39.2609],[23.9182,39.2631],[23.9216,39.2651],[23.9224,39.2662],[23.9245,39.2669],[23.9276,39.2697],[23.9318,39.2755],[23.9324,39.2776],[23.9352,39.2818],[23.9367,39.2828],[23.9392,39.2859],[23.9421,39.288],[23.9438,39.2901],[23.9463,39.2922],[23.9484,39.2932],[23.9495,39.2933],[23.9516,39.2948],[23.9557,39.2961],[23.9568,39.2955],[23.9589,39.2957],[23.9606,39.2943],[23.9616,39.2932],[23.9615,39.2922],[23.9622,39.2911],[23.9619,39.2901],[23.9624,39.2891],[23.9609,39.2859],[23.9612,39.2828],[23.9603,39.2797],[23.9622,39.2786],[23.963,39.2775],[23.9655,39.2766],[23.9703,39.2754],[23.9724,39.2755],[23.9745,39.2764],[23.9797,39.2731],[23.9807,39.273],[23.9859,39.2742],[23.988,39.2757],[23.9891,39.2759],[23.9926,39.2745],[23.9911,39.2712],[23.9932,39.2693],[23.9943,39.2672],[23.9943,39.2661],[23.9958,39.2651],[23.9966,39.263],[23.9976,39.262],[23.9964,39.2616],[23.9953,39.2589],[23.9943,39.26],[23.9919,39.2578],[23.9897,39.2516],[23.9895,39.2474],[23.9886,39.2464],[23.9888,39.2443],[23.9911,39.2434],[23.9943,39.2454],[23.9953,39.2452],[23.9974,39.2465],[23.9984,39.2463],[24,39.2474],[24,39.2516],[23.9995,39.2521],[23.9984,39.2515],[23.9968,39.2516],[23.9974,39.2518],[23.9976,39.2526],[24,39.2536],[24,39.9495],[23.9995,39.9502],[23.9984,39.9493],[23.9964,39.9493],[23.9943,39.948],[23.9922,39.9447],[23.9911,39.9456],[23.988,39.9438],[23.9849,39.9439],[23.9795,39.9432],[23.9776,39.9426],[23.9734,39.9426],[23.9714,39.9417],[23.9651,39.9409],[23.9599,39.9386],[23.9556,39.938],[23.9516,39.9352],[23.9484,39.9349],[23.9474,39.9338],[23.9328,39.933],[23.9307,39.934],[23.9276,39.9335],[23.927,39.9339],[23.927,39.9349],[23.9255,39.9358],[23.9245,39.9359],[23.9224,39.9356],[23.9209,39.9339],[23.9151,39.9332],[23.9102,39.9349],[23.9102,39.9359],[23.9124,39.9391],[23.9106,39.9422],[23.9099,39.9431],[23.9089,39.9433],[23.9084,39.9453],[23.9068,39.9475],[23.9047,39.9485],[23.9036,39.9499],[23.8974,39.9525],[23.8969,39.9536],[23.8932,39.955],[23.8901,39.9547],[23.8906,39.9557],[23.887,39.9578],[23.8846,39.9599],[23.8834,39.962],[23.8839,39.9641],[23.8859,39.9648],[23.8878,39.9661],[23.8882,39.9672],[23.888,39.9676],[23.8853,39.9672],[23.8844,39.9682],[23.8846,39.9693],[23.8831,39.9703],[23.8849,39.9731],[23.8857,39.9734],[23.8849,39.9744],[23.8838,39.9745],[23.8846,39.9766],[23.8826,39.9807],[23.8818,39.9839],[23.8809,39.9849],[23.8755,39.9867],[23.8703,39.9873],[23.8641,39.9889],[23.8505,39.9947],[23.8464,39.9951],[23.8411,39.9944],[23.8396,39.9932],[23.8349,39.9918],[23.8318,39.9938],[23.8314,39.9943],[23.8316,39.9953],[23.8307,39.9962],[23.8286,39.9967],[23.8255,39.9966],[23.8245,39.996],[23.8227,39.9932],[23.8203,39.9925],[23.8164,39.9901],[23.8151,39.9884],[23.813,39.9877],[23.8117,39.988],[23.813,39.9897],[23.8144,39.9901],[23.8155,39.9911],[23.812,39.9913],[23.8109,39.9898],[23.8098,39.9922],[23.8089,39.9932],[23.8078,39.9934],[23.8059,39.9964],[23.8057,40],[23.6651,40],[23.6648,39.9995],[23.6672,39.999],[23.6693,39.9967],[23.6703,39.9964],[23.6721,39.9943],[23.6724,39.9927],[23.6734,39.9929],[23.6776,39.9918],[23.6784,39.9911],[23.6786,39.9896],[23.6807,39.9882],[23.6818,39.988],[23.6828,39.9866],[23.6876,39.9839],[23.6902,39.9818],[23.692,39.9786],[23.692,39.9755],[23.6915,39.9745],[23.6911,39.9714],[23.6922,39.9693],[23.6919,39.9682],[23.6924,39.9672],[23.6921,39.9661],[23.6934,39.963],[23.6974,39.9577],[23.6977,39.9557],[23.6999,39.9526],[23.6996,39.9516],[23.7,39.9505],[23.7026,39.9478],[23.7099,39.9446],[23.7182,39.9426],[23.7255,39.9428],[23.7318,39.9439],[23.7328,39.9456],[23.7349,39.9465],[23.7383,39.9464],[23.7411,39.9452],[23.7432,39.9464],[23.7434,39.9453],[23.7453,39.9447],[23.7452,39.9432],[23.7474,39.9428],[23.7483,39.9422],[23.7484,39.9411],[23.7495,39.9407],[23.7506,39.9391],[23.7534,39.9328],[23.7551,39.9266],[23.7559,39.9161],[23.7554,39.913],[23.7547,39.9122],[23.7516,39.9106],[23.7495,39.9101],[23.7339,39.9094],[23.7328,39.9082],[23.7286,39.9057],[23.7234,39.9056],[23.7203,39.9061],[23.7161,39.9047],[23.7141,39.9059],[23.7099,39.907],[23.7036,39.9074],[23.7005,39.9085],[23.6974,39.9088],[23.6901,39.9132],[23.6891,39.913],[23.688,39.9138],[23.6852,39.9141],[23.6682,39.9108],[23.6609,39.9104],[23.6547,39.9094],[23.6505,39.9097],[23.6464,39.9106],[23.6411,39.9101],[23.638,39.9107],[23.6339,39.9094],[23.6276,39.9103],[23.6245,39.9119],[23.6182,39.9142],[23.6026,39.9179],[23.5922,39.9188],[23.588,39.9207],[23.5859,39.9211],[23.5818,39.9211],[23.5793,39.9203],[23.5776,39.9212],[23.5756,39.9214],[23.5745,39.9222],[23.5672,39.9234],[23.5599,39.9271],[23.5557,39.9281],[23.5505,39.9304],[23.538,39.9367],[23.5307,39.9379],[23.5224,39.941],[23.5203,39.941],[23.5101,39.9432],[23.5047,39.9467],[23.5016,39.9478],[23.4964,39.9462],[23.4958,39.9464],[23.4953,39.9474],[23.4944,39.9464],[23.4922,39.9451],[23.4911,39.9452],[23.4891,39.947],[23.4877,39.9474],[23.4875,39.9484],[23.4859,39.9495],[23.4849,39.9501],[23.4818,39.9504],[23.4786,39.9495],[23.4776,39.95],[23.4734,39.9482],[23.4714,39.9478],[23.4693,39.9466],[23.4651,39.9458],[23.4641,39.9463],[23.462,39.9456],[23.4443,39.9461],[23.4401,39.9458],[23.4245,39.9408],[23.4193,39.9415],[23.4172,39.9427],[23.412,39.9437],[23.4036,39.9424],[23.388,39.941],[23.3859,39.9403],[23.3818,39.94],[23.3776,39.9388],[23.3682,39.9336],[23.3578,39.9327],[23.3464,39.934],[23.3318,39.9326],[23.3224,39.9329],[23.3172,39.9347],[23.3139,39.937],[23.3114,39.9411],[23.3087,39.9495],[23.3085,39.9536],[23.3098,39.9589],[23.3137,39.9672],[23.3139,39.9682],[23.3132,39.9703],[23.3109,39.9721],[23.3057,39.9736],[23.2989,39.9776],[23.2974,39.978],[23.2901,39.9747],[23.2879,39.9724],[23.2897,39.9641],[23.2897,39.9609],[23.2826,39.9432],[23.2797,39.9404],[23.2766,39.9386],[23.2724,39.9375],[23.2661,39.9372],[23.2474,39.9367],[23.2432,39.937],[23.238,39.9385],[23.2339,39.9404],[23.2285,39.9443],[23.2234,39.9494],[23.2214,39.9504],[23.2193,39.9506],[23.2161,39.9497],[23.213,39.946],[23.2109,39.9425],[23.2099,39.9417],[23.2078,39.9414],[23.2068,39.9422],[23.2059,39.9453],[23.2057,39.9509],[23.2068,39.9524],[23.2109,39.9535],[23.2122,39.9547],[23.2136,39.9641],[23.212,39.9665],[23.2026,39.9737],[23.1964,39.9763],[23.1891,39.9786],[23.1776,39.9787],[23.1714,39.977],[23.1495,39.9774],[23.1474,39.9768],[23.145,39.9745],[23.1436,39.9724],[23.1435,39.9651],[23.1443,39.9643],[23.1474,39.9648],[23.1481,39.9641],[23.1473,39.962],[23.1475,39.9609],[23.1516,39.9567],[23.1526,39.956],[23.1557,39.9563],[23.1572,39.9557],[23.1578,39.9549],[23.1586,39.9516],[23.1605,39.9474],[23.1603,39.9359],[23.1647,39.9266],[23.1644,39.9193],[23.1651,39.9186],[23.1672,39.9193],[23.1682,39.9192],[23.1714,39.9157],[23.1758,39.912],[23.1772,39.9099],[23.1769,39.9057],[23.1776,39.9036],[23.1774,39.9026],[23.1755,39.9014],[23.1734,39.9014],[23.1726,39.9005],[23.1725,39.8828],[23.1733,39.8807],[23.1767,39.8776],[23.1773,39.8766],[23.1773,39.8734],[23.1755,39.8705],[23.1743,39.8661],[23.1675,39.8589],[23.165,39.8526],[23.1639,39.8516],[23.1599,39.8495],[23.1537,39.8432],[23.1469,39.8391],[23.1443,39.8385],[23.1422,39.8387],[23.1339,39.8415],[23.1297,39.845],[23.1266,39.8463],[23.1224,39.846],[23.1193,39.8445],[23.1188,39.8432],[23.1207,39.8401],[23.1202,39.838],[23.1172,39.8331],[23.1151,39.8317],[23.11,39.8266],[23.1099,39.8242],[23.1107,39.8224],[23.1141,39.8191],[23.1151,39.8186],[23.1182,39.8189],[23.1189,39.8182],[23.1186,39.8151],[23.1193,39.8144],[23.1203,39.8141],[23.1307,39.8149],[23.1319,39.813],[23.1316,39.8109],[23.1307,39.8101],[23.1286,39.8094],[23.1274,39.8068],[23.1266,39.8059],[23.1245,39.8051],[23.1232,39.8026],[23.1224,39.8019],[23.1214,39.8018],[23.1207,39.8026],[23.1225,39.8057],[23.1225,39.8068],[23.1201,39.8068],[23.1185,39.8057],[23.1183,39.8047],[23.1193,39.7995],[23.119,39.7984],[23.1182,39.7977],[23.1151,39.7981],[23.1143,39.7974],[23.1148,39.7901],[23.1143,39.7891],[23.1108,39.7859],[23.1103,39.7849],[23.1106,39.7818],[23.1099,39.781],[23.1068,39.7814],[23.1061,39.7807],[23.1065,39.7776],[23.1057,39.7768],[23.1026,39.7773],[23.1019,39.7766],[23.1023,39.7734],[23.1016,39.7727],[23.0984,39.7731],[23.0974,39.7726],[23.0901,39.7649],[23.088,39.7644],[23.0807,39.7647],[23.0786,39.7652],[23.0776,39.7651],[23.077,39.7641],[23.0772,39.7609],[23.0744,39.7568],[23.073,39.7526],[23.0734,39.7505],[23.0755,39.7486],[23.0776,39.7479],[23.0943,39.7478],[23.0995,39.7457],[23.1016,39.7443],[23.1057,39.739],[23.1089,39.7312],[23.1099,39.7264],[23.1102,39.7214],[23.1099,39.7193],[23.1089,39.7177],[23.1069,39.7161],[23.1047,39.7158],[23.0943,39.7176],[23.0859,39.718],[23.0755,39.7146],[23.0672,39.7135],[23.0641,39.7122],[23.0599,39.7095],[23.0516,39.7071],[23.0411,39.7005],[23.0391,39.6999],[23.0359,39.7001],[23.033,39.6995],[23.0234,39.6898],[23.0214,39.6894],[23.0151,39.6897],[23.0141,39.6893],[23.0109,39.6857],[23.0099,39.6852],[23.0068,39.6856],[23.0047,39.6843],[23.0023,39.6818],[23.0018,39.6786],[23.0026,39.676],[23.0067,39.6724],[23.0089,39.6699],[23.012,39.6683],[23.0141,39.6685],[23.0182,39.6709],[23.0224,39.6708],[23.0266,39.6715],[23.0349,39.6744],[23.0422,39.6761],[23.0516,39.6778],[23.0547,39.6776],[23.0568,39.6768],[23.0589,39.6748],[23.0599,39.673],[23.0608,39.6651],[23.0593,39.6599],[23.0571,39.6557],[23.0556,39.6516],[23.0551,39.6474],[23.0554,39.6443],[23.0584,39.6391],[23.0627,39.6339],[23.0672,39.629],[23.0724,39.6256],[23.0729,39.6245],[23.0724,39.6233],[23.0682,39.622],[23.063,39.6193],[23.0599,39.6182],[23.0547,39.618],[23.0484,39.6192],[23.0453,39.6214],[23.0407,39.6266],[23.0388,39.6307],[23.0386,39.6349],[23.0368,39.6401],[23.0356,39.6422],[23.0318,39.6461],[23.0297,39.6473],[23.0224,39.6493],[23.013,39.6526],[23.0109,39.6525],[23.0087,39.6484],[23.0036,39.6441],[23,39.638],[23,39.6057],[23.0005,39.6057],[23.0047,39.6011],[23.0089,39.5975],[23.0126,39.5922],[23.0137,39.5891],[23.014,39.5859],[23.014,39.5818],[23.0132,39.5776],[23.0135,39.5766],[23.0203,39.5702],[23.025,39.563],[23.0276,39.5604],[23.0307,39.5589],[23.0422,39.5548],[23.0505,39.5482],[23.0648,39.5411],[23.0687,39.538],[23.0724,39.534],[23.074,39.5307],[23.0752,39.5297],[23.0756,39.5276],[23.0773,39.5255],[23.0807,39.5233],[23.0873,39.5214],[23.0911,39.5187],[23.092,39.5172],[23.0932,39.5168],[23.0974,39.5128],[23.1076,39.5057],[23.1087,39.5026],[23.1097,39.5016],[23.1161,39.4888],[23.1214,39.4825],[23.1279,39.4776],[23.1288,39.4745],[23.1308,39.4703],[23.1335,39.4661],[23.1363,39.463],[23.1411,39.4592],[23.1424,39.4589],[23.1432,39.4578],[23.1464,39.4572],[23.1484,39.4552],[23.1526,39.4543],[23.1557,39.4548],[23.1623,39.4505],[23.1692,39.4443],[23.1695,39.4432],[23.1786,39.4355],[23.1831,39.4297],[23.1863,39.4266],[23.1891,39.4255],[23.1901,39.4237],[23.1932,39.4214],[23.1963,39.4182],[23.1974,39.4153],[23.1984,39.4156],[23.2005,39.4144],[23.2016,39.4123],[23.2026,39.4118],[23.2048,39.4089],[23.2063,39.4078],[23.2082,39.4047],[23.2089,39.4022],[23.2109,39.398],[23.2122,39.3974],[23.2124,39.3964],[23.2141,39.395],[23.2172,39.387],[23.217,39.3859],[23.2182,39.3852],[23.2181,39.3839],[23.2204,39.3776],[23.2218,39.3766],[23.2245,39.3724],[23.2255,39.3721],[23.2266,39.3703],[23.2276,39.3701],[23.2284,39.3693],[23.2287,39.3682],[23.2342,39.3609],[23.237,39.3587],[23.2401,39.3571],[23.2411,39.3559],[23.2443,39.3552],[23.2462,39.3536],[23.2484,39.353],[23.2516,39.3529],[23.2536,39.3517],[23.2547,39.352],[23.2557,39.3509],[23.2568,39.3509],[23.2578,39.3515],[23.2599,39.3499],[23.262,39.3491],[23.2693,39.3435],[23.2745,39.338],[23.2839,39.3308],[23.2837,39.3286],[23.2859,39.3266],[23.2862,39.3255],[23.2858,39.3234],[23.2867,39.3203],[23.288,39.318],[23.29,39.3109],[23.2909,39.3099],[23.2909,39.3068],[23.2929,39.3026],[23.2953,39.2998],[23.2959,39.2984],[23.2955,39.2974],[23.2967,39.2964],[23.2963,39.2953],[23.2972,39.2943],[23.2977,39.2922],[23.2987,39.2911],[23.3002,39.288],[23.301,39.2849],[23.3036,39.2822],[23.312,39.2769],[23.3151,39.276],[23.3161,39.2749],[23.3172,39.2747],[23.3193,39.2732],[23.3203,39.2736],[23.3217,39.2734],[23.3294,39.2672],[23.3334,39.2651],[23.3359,39.263],[23.3377,39.2578],[23.3386,39.2505],[23.3401,39.2453],[23.3417,39.2422],[23.3449,39.238],[23.3448,39.237],[23.346,39.2349],[23.3483,39.2276],[23.3511,39.2234],[23.3599,39.218],[23.3613,39.2151],[23.3631,39.2089],[23.3649,39.2057],[23.3689,39.2005],[23.3734,39.1964],[23.3766,39.1949],[23.3786,39.1947],[23.388,39.1915],[23.3974,39.1899],[23.4026,39.1901],[23.4068,39.192],[23.4084,39.1932],[23.4135,39.1984],[23.414,39.1995],[23.4193,39.2005],[23.4255,39.2078],[23.4266,39.2108],[23.4286,39.2121],[23.4297,39.2138],[23.4305,39.2141],[23.4305,39.2151],[23.4326,39.2161],[23.4322,39.2172],[23.4328,39.2176],[23.4349,39.2183],[23.4359,39.2177],[23.438,39.2192],[23.4401,39.2195],[23.4411,39.2204],[23.4422,39.2201],[23.4453,39.2209],[23.4474,39.2224],[23.4484,39.2224],[23.4505,39.2231],[23.4516,39.224],[23.4589,39.2264],[23.462,39.2263],[23.4661,39.2274],[23.4693,39.2277],[23.4703,39.2272],[23.4724,39.2273],[23.4745,39.2268],[23.4828,39.2269],[23.4859,39.2279],[23.487,39.2277],[23.4932,39.2313],[23.4953,39.232],[23.4964,39.2316],[23.5047,39.2325],[23.5089,39.2314],[23.5109,39.2334],[23.512,39.2327],[23.513,39.2327],[23.5151,39.2339],[23.5161,39.2333],[23.5182,39.2332],[23.5184,39.2307],[23.522,39.2286],[23.5193,39.2247],[23.5151,39.2239],[23.5141,39.2221],[23.5131,39.2214],[23.5155,39.2161],[23.5149,39.2151],[23.5155,39.213],[23.5172,39.2117],[23.5182,39.2117],[23.5193,39.2123],[23.5203,39.2109],[23.5214,39.2119],[23.5266,39.2096],[23.5286,39.2078],[23.5307,39.2091],[23.5349,39.2094],[23.5411,39.2072],[23.5432,39.2074],[23.5443,39.2065],[23.5505,39.2052],[23.5526,39.2057],[23.5557,39.1984],[23.5547,39.1932],[23.5536,39.1928],[23.5534,39.1922],[23.5536,39.1913],[23.5547,39.1909],[23.5551,39.1901],[23.5547,39.1891],[23.5526,39.1897],[23.5508,39.188],[23.5514,39.187],[23.5505,39.1859],[23.552,39.1839],[23.5522,39.1828],[23.5525,39.1734],[23.5516,39.1682],[23.5521,39.1672],[23.5499,39.163],[23.5491,39.1589],[23.5493,39.1557],[23.5501,39.1547],[23.5495,39.1536],[23.5505,39.1516],[23.5494,39.1505],[23.5495,39.1495],[23.5467,39.1453],[23.5411,39.1426],[23.5401,39.1407],[23.5297,39.1305],[23.5245,39.1279],[23.5214,39.1246],[23.5199,39.1224],[23.5201,39.1182],[23.5193,39.1157],[23.5182,39.115],[23.5172,39.1152],[23.5141,39.1128],[23.513,39.1127],[23.512,39.1106],[23.5085,39.1089],[23.4995,39.108],[23.4922,39.1086],[23.489,39.1099],[23.4859,39.11],[23.4786,39.1118],[23.4745,39.1138],[23.4693,39.1146],[23.4651,39.114],[23.4578,39.1152],[23.4547,39.1152],[23.4536,39.1163],[23.4526,39.1159],[23.4484,39.1174],[23.4453,39.1173],[23.4432,39.1184],[23.4359,39.1203],[23.4339,39.1202],[23.4255,39.118],[23.4214,39.1179],[23.4172,39.1188],[23.4161,39.1199],[23.412,39.1226],[23.4047,39.1263],[23.4026,39.1264],[23.4016,39.1258],[23.3964,39.1262],[23.3911,39.1254],[23.3859,39.1256],[23.3797,39.1264],[23.3786,39.1271],[23.3776,39.1269],[23.3766,39.1277],[23.3745,39.1272],[23.3703,39.1288],[23.3672,39.1307],[23.3651,39.131],[23.362,39.1302],[23.3568,39.1253],[23.3526,39.1238],[23.3516,39.1241],[23.3505,39.1236],[23.3495,39.1242],[23.3484,39.1239],[23.3474,39.1244],[23.3411,39.1243],[23.338,39.1248],[23.3347,39.1245],[23.3276,39.1261],[23.3255,39.1262],[23.3214,39.1248],[23.3089,39.119],[23.3068,39.1184],[23.2943,39.1177],[23.29,39.1161],[23.2875,39.1141],[23.287,39.113],[23.2872,39.112],[23.2886,39.1099],[23.2901,39.1089],[23.2932,39.1078],[23.3016,39.1065],[23.3057,39.1036],[23.3151,39.0943],[23.3172,39.0911],[23.3195,39.0891],[23.3224,39.0878],[23.3276,39.0871],[23.3298,39.0859],[23.3315,39.0839],[23.3323,39.0755],[23.3328,39.0751],[23.3364,39.0745],[23.337,39.0733],[23.3401,39.0745],[23.3418,39.0755],[23.3422,39.0763],[23.3432,39.0756],[23.345,39.0776],[23.3464,39.0807],[23.3519,39.0849],[23.3568,39.0869],[23.3589,39.0868],[23.3606,39.0859],[23.3651,39.0826],[23.3661,39.0811],[23.3672,39.0817],[23.3703,39.0808],[23.3734,39.0789],[23.3755,39.0801],[23.3766,39.0792],[23.3776,39.08],[23.3786,39.0796],[23.3807,39.0806],[23.383,39.0797],[23.384,39.0776],[23.3808,39.0755],[23.379,39.0734],[23.3786,39.0732],[23.3776,39.0739],[23.3755,39.0737],[23.3724,39.0713],[23.3714,39.0723],[23.3682,39.071],[23.3672,39.0723],[23.3659,39.0724],[23.3663,39.0745],[23.3651,39.0753],[23.362,39.0745],[23.3611,39.0734],[23.362,39.0732],[23.3625,39.0724],[23.3587,39.0693],[23.3557,39.0639],[23.3557,39.0607],[23.3578,39.0625],[23.358,39.062],[23.3564,39.0599],[23.3563,39.0589],[23.3571,39.0578],[23.3552,39.0536],[23.3542,39.0526],[23.3533,39.0495],[23.3545,39.0453],[23.3535,39.0443],[23.3545,39.0432],[23.3547,39.0417],[23.3558,39.0411],[23.3505,39.0359],[23.3495,39.0323],[23.3493,39.0297],[23.3511,39.0266],[23.3547,39.0236],[23.3585,39.0214],[23.3678,39.0172],[23.3691,39.0161],[23.3755,39.015],[23.3776,39.0136],[23.3828,39.0115],[23.3891,39.0114],[23.3932,39.0126],[23.3984,39.0118],[23.4022,39.0089],[23.4029,39.0068],[23.4022,39.0047],[23.4024,39.0026],[23.4036,39],[23.9995,39],[24,39.0005]],[[23.1849,39.9134],[23.1823,39.9141],[23.1811,39.9151],[23.1808,39.9224],[23.1828,39.9233],[23.1849,39.923],[23.1891,39.9234],[23.1898,39.9214],[23.1891,39.9174],[23.185,39.9141],[23.1849,39.9134]],[[23.1859,39.9108],[23.1849,39.9109],[23.1849,39.9128],[23.1859,39.9117],[23.1859,39.9108]],[[23.2922,39.9075],[23.2901,39.9071],[23.288,39.9072],[23.2844,39.9089],[23.2829,39.9109],[23.2832,39.9141],[23.2849,39.9155],[23.288,39.9164],[23.2932,39.9171],[23.2953,39.9164],[23.2967,39.9141],[23.2963,39.9109],[23.2947,39.9089],[23.2922,39.9075]],[[23.3286,39.864],[23.3266,39.8632],[23.3245,39.8632],[23.3217,39.8641],[23.3203,39.8654],[23.3195,39.8672],[23.3195,39.8693],[23.3205,39.8714],[23.3224,39.8734],[23.3245,39.8743],[23.3266,39.8744],[23.3285,39.8734],[23.3297,39.872],[23.3308,39.8693],[23.3308,39.8672],[23.3299,39.8651],[23.3286,39.864]],[[23.2276,39.7743],[23.2266,39.7738],[23.2245,39.7741],[23.2224,39.7753],[23.2214,39.7766],[23.2207,39.7786],[23.2216,39.7807],[23.2228,39.7818],[23.2266,39.7831],[23.228,39.7828],[23.2296,39.7818],[23.2301,39.7807],[23.2299,39.7786],[23.2286,39.7756],[23.2276,39.7743]],[[23.1974,39.765],[23.1932,39.7649],[23.1891,39.7659],[23.1839,39.7693],[23.1831,39.7703],[23.184,39.7734],[23.1872,39.7776],[23.1911,39.7793],[23.1964,39.7793],[23.2033,39.7776],[23.2074,39.7745],[23.208,39.7734],[23.2081,39.7714],[23.2074,39.7693],[23.2065,39.7682],[23.2018,39.7661],[23.1974,39.765]],[[23.1568,39.7504],[23.1505,39.7503],[23.1411,39.752],[23.1369,39.7536],[23.1332,39.7568],[23.1319,39.7589],[23.1312,39.7609],[23.1324,39.7641],[23.1329,39.7703],[23.1337,39.7745],[23.136,39.7776],[23.1391,39.779],[23.1453,39.7787],[23.1505,39.7754],[23.1568,39.7735],[23.162,39.7712],[23.163,39.7713],[23.1661,39.7742],[23.1693,39.775],[23.1734,39.775],[23.1763,39.7745],[23.1786,39.7734],[23.1795,39.7724],[23.1805,39.7703],[23.1803,39.7693],[23.1776,39.7662],[23.1745,39.7646],[23.1714,39.7644],[23.1672,39.7657],[23.1641,39.7674],[23.1638,39.7672],[23.1628,39.7651],[23.1626,39.7578],[23.1619,39.7547],[23.1599,39.7519],[23.1568,39.7504]],[[23.438,39.2855],[23.4375,39.2859],[23.438,39.2863],[23.4385,39.2859],[23.438,39.2855]],[[23.9974,39.2785],[23.9953,39.2794],[23.9948,39.2807],[23.9974,39.2822],[23.9984,39.2818],[23.9991,39.2807],[23.9984,39.279],[23.9974,39.2785]],[[23.9943,39.25],[23.9932,39.2498],[23.9924,39.2505],[23.9926,39.2516],[23.9953,39.2542],[23.9989,39.2557],[23.9966,39.2536],[23.9961,39.2526],[23.9963,39.2516],[23.9943,39.25]],[[23.8109,39.1535],[23.8109,39.1543],[23.8116,39.1536],[23.8109,39.1535]],[[23.8495,39.003],[23.8484,39.0032],[23.8476,39.0047],[23.849,39.0078],[23.8513,39.0099],[23.8516,39.0114],[23.8547,39.0122],[23.8536,39.0104],[23.8525,39.0099],[23.8514,39.0057],[23.8495,39.003]]]]}},{"type":"Feature","properties":{"depth":100,"kind":"isobath"},"geometry":{"type":"MultiLineString","coordinates":[[[23.2443,39.9693],[23.2443,39.9706],[23.2432,39.9705],[23.2432,39.969]],[[23.9815,39.962],[23.9807,39.9623],[23.9804,39.962],[23.9807,39.9616]],[[23.9829,39.962],[23.9823,39.962],[23.9828,39.9616]],[[23.0105,39.9474],[23.0089,39.9486],[23.0065,39.9484],[23.0065,39.9474],[23.0078,39.9465],[23.0089,39.9465]],[[23.7435,39.9443],[23.7432,39.9449],[23.743,39.9443]],[[23.1521,39.9068],[23.1505,39.9073],[23.1479,39.9068],[23.1495,39.9058],[23.1505,39.9058]],[[23.1632,39.8849],[23.1641,39.8854],[23.1701,39.8859],[23.1704,39.887],[23.17,39.888],[23.1682,39.8901],[23.1651,39.8901],[23.165,39.8932],[23.1682,39.8935],[23.1688,39.8974],[23.1731,39.9016],[23.1734,39.9026],[23.175,39.9047],[23.1753,39.9057],[23.1745,39.9064],[23.1734,39.9064],[23.1727,39.9057],[23.1721,39.9036],[23.1714,39.9029],[23.1693,39.9023],[23.1685,39.9016],[23.168,39.8995],[23.1672,39.8987],[23.1651,39.8982],[23.1633,39.8953],[23.1609,39.8943],[23.1602,39.8922],[23.1603,39.8859],[23.1609,39.8848]],[[23.1237,39.8078],[23.1265,39.8099],[23.1267,39.8109],[23.1245,39.8121],[23.1234,39.8118],[23.1231,39.8109],[23.1234,39.8072]],[[23.2,39.4141],[23.1995,39.415],[23.1992,39.4141]],[[23.0488,39.2672],[23.0547,39.27],[23.0561,39.2714],[23.0563,39.2724],[23.0554,39.2745],[23.0529,39.2766],[23.0493,39.2786],[23.0453,39.2799],[23.0401,39.28],[23.0364,39.2786],[23.0318,39.2759],[23.0258,39.2755],[23.024,39.2745],[23.0229,39.2724],[23.0233,39.2714],[23.0245,39.2708],[23.0276,39.2704],[23.0318,39.2687],[23.0349,39.2688],[23.0391,39.2676],[23.0443,39.2675],[23.0474,39.2669]],[[23.9943,39.2661],[23.9932,39.2666],[23.993,39.2661],[23.9932,39.2658]],[[23.102,39.263],[23.1068,39.2648],[23.1129,39.2651],[23.112,39.2661],[23.1089,39.2671],[23.1036,39.27],[23.0995,39.2706],[23.0964,39.2695],[23.0918,39.2651],[23.0917,39.2641],[23.0926,39.263],[23.0953,39.2623],[23.0984,39.2621]],[[23.1453,39.2464],[23.1456,39.2474],[23.1445,39.2505],[23.1414,39.2557],[23.1359,39.2583],[23.1328,39.2606],[23.1307,39.2626],[23.1273,39.2672],[23.1255,39.2688],[23.1234,39.2697],[23.1214,39.2699],[23.1196,39.2693],[23.1147,39.2661],[23.1141,39.2651],[23.1151,39.2641],[23.1193,39.2619],[23.1235,39.2578],[23.1266,39.2564],[23.1307,39.2563],[23.1318,39.2558],[23.1349,39.2526],[23.138,39.2472],[23.1432,39.2455]],[[23.0572,39.2401],[23.0641,39.247],[23.065,39.2505],[23.0643,39.2526],[23.063,39.2536],[23.0591,39.2547],[23.0568,39.2561],[23.0557,39.2561],[23.0534,39.2547],[23.0497,39.2536],[23.0482,39.2526],[23.0477,39.2516],[23.0479,39.2474],[23.0473,39.2453],[23.0475,39.2443],[23.0526,39.2393],[23.0547,39.2392]],[[23.0825,39.2068],[23.0859,39.2082],[23.0932,39.2092],[23.1068,39.2083],[23.1109,39.2075],[23.1161,39.2088],[23.1224,39.2089],[23.1255,39.2096],[23.1276,39.2109],[23.1306,39.2161],[23.1314,39.2203],[23.1307,39.2247],[23.1297,39.2267],[23.1276,39.2281],[23.1193,39.2298],[23.1089,39.2327],[23.1047,39.2329],[23.0974,39.2312],[23.0943,39.2314],[23.0932,39.2307],[23.092,39.2276],[23.0891,39.2244],[23.0859,39.2193],[23.0849,39.2183],[23.0818,39.2172],[23.0778,39.2151],[23.0767,39.2141],[23.0766,39.2119],[23.0786,39.2079],[23.0807,39.2063]],[[23.1724,39.188],[23.1728,39.1901],[23.1717,39.1932],[23.1693,39.1955],[23.1682,39.196],[23.1672,39.1957],[23.1658,39.1943],[23.1655,39.1932],[23.1658,39.1911],[23.1672,39.1881],[23.1682,39.1873],[23.1703,39.187]],[[23.8144,39.1661],[23.8141,39.1667],[23.8136,39.1661],[23.8141,39.1658]],[[23.8131,39.1641],[23.8136,39.1651],[23.813,39.1657],[23.8123,39.1651],[23.8123,39.1641]],[[23.8167,39.1609],[23.8159,39.1609],[23.8161,39.1601]],[[23.8146,39.1599],[23.8138,39.1599],[23.8141,39.1596]],[[23.8163,39.1578],[23.8161,39.1581],[23.8157,39.1578],[23.8161,39.1572]],[[23.5741,39.1505],[23.5734,39.151],[23.5728,39.1505],[23.5734,39.15]],[[23.8206,39.1464],[23.8194,39.1464],[23.8203,39.1456]],[[23.9782,39.0891],[23.9772,39.0891],[23.9776,39.0882]],[[23.9625,39.0641],[23.962,39.0644],[23.9615,39.0641],[23.962,39.0635]],[[23.9995,39.1172],[23.9953,39.1115],[23.992,39.1016],[23.9888,39.0964],[23.9839,39.0918],[23.9828,39.0915],[23.9797,39.089],[23.9776,39.0879],[23.9766,39.0878],[23.9755,39.0886],[23.9745,39.0877],[23.9734,39.0879],[23.9733,39.087],[23.9711,39.0849],[23.9711,39.0839],[23.9697,39.0818],[23.9705,39.0797],[23.9703,39.0745],[23.9682,39.0703],[23.9647,39.0672],[23.9661,39.0661],[23.9639,39.0641],[23.962,39.0628],[23.9609,39.0633],[23.9599,39.0627],[23.9547,39.0616],[23.9505,39.0615],[23.9464,39.0628],[23.9443,39.0621],[23.9429,39.063],[23.9434,39.0641],[23.9432,39.0651],[23.942,39.0661],[23.9429,39.0693],[23.9419,39.0703],[23.9425,39.0745],[23.942,39.0776],[23.9426,39.0797],[23.9443,39.0812],[23.9458,39.0818],[23.9465,39.0828],[23.947,39.0859],[23.9484,39.0874],[23.9501,39.088],[23.9505,39.0903],[23.9516,39.0906],[23.9528,39.0922],[23.9549,39.0922],[23.9557,39.0936],[23.9568,39.0922],[23.9574,39.0932],[23.9572,39.0943],[23.9586,39.0953],[23.9599,39.0974],[23.9578,39.0982],[23.9572,39.1005],[23.9586,39.1047],[23.96,39.1141],[23.9621,39.1193],[23.9652,39.1234],[23.9693,39.1318],[23.9714,39.1344],[23.9734,39.1353],[23.9786,39.1406],[23.9849,39.1454],[23.988,39.1463],[23.9901,39.1453],[23.9901,39.1436],[23.9911,39.144],[23.9932,39.1426],[23.9943,39.1432],[23.9953,39.1428]],[[23.9995,39.2008],[23.9986,39.1974],[23.9981,39.1807],[23.9971,39.1745],[23.9957,39.1703],[23.9959,39.1672],[23.9977,39.1599],[23.9968,39.1589],[23.9969,39.1578],[23.9944,39.1557],[23.9932,39.1552],[23.9922,39.1557],[23.9927,39.1568],[23.9921,39.1568],[23.9922,39.1557],[23.9913,39.1547],[23.9911,39.1536],[23.9901,39.1529],[23.9897,39.1505],[23.988,39.1482],[23.9849,39.1473],[23.9776,39.1481],[23.9714,39.1479],[23.962,39.1493],[23.9609,39.1505],[23.9578,39.1495],[23.9495,39.1499],[23.9443,39.1511],[23.9422,39.1521],[23.9391,39.1525],[23.9349,39.1547],[23.9307,39.1557],[23.9297,39.1554],[23.9286,39.155],[23.9273,39.1536],[23.9256,39.1505],[23.9242,39.1464],[23.9214,39.1433],[23.9182,39.1417],[23.9078,39.1342],[23.8984,39.1318],[23.8953,39.1302],[23.8901,39.1261],[23.8828,39.1241],[23.8786,39.1224],[23.8766,39.1224],[23.8745,39.1208],[23.8724,39.1207],[23.8703,39.1195],[23.8682,39.1203],[23.8672,39.1193],[23.8682,39.1203],[23.8661,39.1205],[23.8651,39.1215],[23.8641,39.1215],[23.8547,39.1183],[23.8526,39.1167],[23.8495,39.1164],[23.8453,39.1139],[23.8391,39.112],[23.8318,39.1108],[23.8266,39.1081],[23.8216,39.1078],[23.8151,39.1093],[23.8109,39.1089],[23.8068,39.1064],[23.8026,39.1024],[23.7976,39.0953],[23.7872,39.0828],[23.7845,39.0807],[23.7797,39.0783],[23.7734,39.0768],[23.7693,39.0752],[23.7661,39.0752],[23.762,39.0743],[23.7578,39.0748],[23.7474,39.074],[23.737,39.0693],[23.7297,39.0684],[23.7224,39.0658],[23.7203,39.0661],[23.7161,39.0685],[23.712,39.0687],[23.7099,39.0697],[23.706,39.0703],[23.7045,39.0714],[23.7026,39.0742],[23.7016,39.0746],[23.7005,39.077],[23.6981,39.0786],[23.6953,39.0797],[23.6891,39.0796],[23.6849,39.0802],[23.6766,39.078],[23.6745,39.0786],[23.6734,39.0801],[23.6724,39.0805],[23.6651,39.0831],[23.6589,39.0826],[23.6578,39.0818],[23.6568,39.0828],[23.6547,39.0828],[23.6536,39.0839],[23.6494,39.0859],[23.6492,39.088],[23.6498,39.0953],[23.6482,39.0995],[23.6469,39.1016],[23.6461,39.1036],[23.6463,39.1047],[23.6432,39.1061],[23.6401,39.1063],[23.637,39.108],[23.6328,39.1083],[23.6286,39.1073],[23.6237,39.1089],[23.6195,39.112],[23.6206,39.113],[23.6197,39.1141],[23.6197,39.1172],[23.6161,39.1187],[23.6141,39.1203],[23.6109,39.1211],[23.6099,39.1209],[23.6089,39.1218],[23.6078,39.1218],[23.6066,39.1255],[23.6057,39.1265],[23.6045,39.1266],[23.6036,39.128],[23.6034,39.1286],[23.6043,39.1318],[23.6036,39.1325],[23.5995,39.1343],[23.5964,39.1363],[23.5932,39.1369],[23.5911,39.1368],[23.587,39.138],[23.5849,39.1388],[23.5828,39.1408],[23.5813,39.1411],[23.5799,39.1422],[23.5776,39.142],[23.5763,39.1443],[23.5763,39.1453],[23.5734,39.1478],[23.5718,39.1484],[23.5724,39.1486],[23.5726,39.1495],[23.5716,39.1505],[23.5724,39.153],[23.5734,39.1535],[23.5753,39.1557],[23.5786,39.1609],[23.5786,39.1625],[23.5776,39.1633],[23.5766,39.1651],[23.5755,39.1714],[23.5744,39.1724],[23.5737,39.1745],[23.5721,39.1755],[23.5702,39.1786],[23.5668,39.1901],[23.5648,39.1943],[23.5649,39.1953],[23.5632,39.1964],[23.5623,39.1995],[23.5628,39.2026],[23.5661,39.2073],[23.5682,39.2074],[23.5693,39.2081],[23.5724,39.2055],[23.5745,39.2122],[23.5755,39.2141],[23.5786,39.2152],[23.58,39.2161],[23.5807,39.2176],[23.5839,39.2178],[23.5874,39.2193],[23.5851,39.2203],[23.5869,39.2214],[23.5891,39.2224],[23.5922,39.2225],[23.5942,39.2224],[23.5953,39.2213],[23.5964,39.2212],[23.6036,39.2209],[23.6054,39.2203],[23.6063,39.2193],[23.6089,39.2179],[23.6151,39.2173],[23.6161,39.2165],[23.6193,39.2171],[23.622,39.2109],[23.6245,39.2085],[23.6286,39.208],[23.6312,39.2099],[23.6339,39.2102],[23.6378,39.2099],[23.6422,39.2084],[23.6453,39.2079],[23.6471,39.2068],[23.6526,39.201],[23.6552,39.1974],[23.6568,39.1971],[23.6589,39.1952],[23.6599,39.1951],[23.662,39.1931],[23.663,39.1927],[23.6631,39.1911],[23.6619,39.1891],[23.6634,39.1849],[23.6647,39.1828],[23.6724,39.177],[23.6828,39.1713],[23.6922,39.1678],[23.6953,39.1661],[23.6974,39.1658],[23.6984,39.1652],[23.7047,39.1653],[23.7068,39.1658],[23.7089,39.1653],[23.713,39.1632],[23.7143,39.1609],[23.7182,39.1585],[23.7262,39.1557],[23.7273,39.1547],[23.7318,39.1529],[23.7353,39.1505],[23.7422,39.1486],[23.7432,39.1477],[23.7484,39.1477],[23.762,39.1461],[23.7755,39.1468],[23.7807,39.148],[23.7841,39.1495],[23.787,39.1516],[23.7911,39.1527],[23.7922,39.1522],[23.7943,39.1528],[23.7964,39.151],[23.7984,39.1506],[23.7995,39.1496],[23.8047,39.1487],[23.8057,39.149],[23.8078,39.1488],[23.8109,39.146],[23.8151,39.148],[23.8159,39.1474],[23.8161,39.1462],[23.8182,39.1457],[23.8188,39.1464],[23.8168,39.1495],[23.8161,39.1515],[23.8144,39.1526],[23.8148,39.1547],[23.8143,39.1557],[23.8148,39.1568],[23.8146,39.1578],[23.8141,39.1582],[23.812,39.1561],[23.8115,39.1568],[23.8132,39.1589],[23.812,39.1604],[23.8099,39.1586],[23.8097,39.1589],[23.8104,39.1599],[23.8106,39.162],[23.8119,39.163],[23.8117,39.1651],[23.813,39.1672],[23.812,39.1681],[23.8107,39.1682],[23.8109,39.1685],[23.8182,39.1736],[23.8245,39.1787],[23.8255,39.1787],[23.8276,39.1809],[23.8286,39.1805],[23.8297,39.1813],[23.8302,39.1818],[23.8307,39.1838],[23.8318,39.1832],[23.8332,39.1849],[23.8331,39.1859],[23.8344,39.188],[23.8371,39.1911],[23.8407,39.1943],[23.8411,39.1955],[23.8422,39.1962],[23.8417,39.1974],[23.8431,39.1984],[23.8432,39.1995],[23.846,39.2026],[23.8458,39.2036],[23.8468,39.2068],[23.8481,39.2089],[23.8481,39.2099],[23.8495,39.2111],[23.8526,39.213],[23.852,39.212],[23.8526,39.2112],[23.8536,39.2114],[23.8561,39.2141],[23.8589,39.2144],[23.862,39.2159],[23.8672,39.2209],[23.8693,39.2216],[23.8714,39.2217],[23.8766,39.224],[23.8811,39.2276],[23.8922,39.2335],[23.8984,39.2378],[23.9049,39.2391],[23.9068,39.241],[23.908,39.2453],[23.9071,39.2464],[23.9074,39.2474],[23.9062,39.2505],[23.9064,39.2516],[23.9068,39.252],[23.9099,39.249],[23.9109,39.249],[23.912,39.2498],[23.9138,39.2526],[23.9153,39.2589],[23.9163,39.2609],[23.9182,39.2631],[23.9216,39.2651],[23.9224,39.2662],[23.9245,39.2669],[23.9276,39.2697],[23.9318,39.2755],[23.9324,39.2776],[23.9352,39.2818],[23.9367,39.2828],[23.9392,39.2859],[23.9421,39.288],[23.9438,39.2901],[23.9463,39.2922],[23.9484,39.2932],[23.9495,39.2933],[23.9516,39.2948],[23.9557,39.2961],[23.9568,39.2955],[23.9589,39.2957],[23.9606,39.2943],[23.9616,39.2932],[23.9615,39.2922],[23.9622,39.2911],[23.9619,39.2901],[23.9624,39.2891],[23.9609,39.2859],[23.9612,39.2828],[23.9603,39.2797],[23.9622,39.2786],[23.963,39.2775],[23.9655,39.2766],[23.9703,39.2754],[23.9724,39.2755],[23.9745,39.2764],[23.9797,39.2731],[23.9807,39.273],[23.9859,39.2742],[23.988,39.2757],[23.9891,39.2759],[23.9926,39.2745],[23.9911,39.2712],[23.9932,39.2693],[23.9943,39.2672],[23.9943,39.2661],[23.9958,39.2651],[23.9966,39.263],[23.9976,39.262],[23.9964,39.2616],[23.9953,39.2589],[23.9943,39.26],[23.9919,39.2578],[23.9897,39.2516],[23.9895,39.2474],[23.9886,39.2464],[23.9888,39.2443],[23.9911,39.2434],[23.9943,39.2454],[23.9953,39.2452],[23.9974,39.2465],[23.9984,39.2463]],[[23.9995,39.2521],[23.9984,39.2515],[23.9968,39.2516],[23.9974,39.2518],[23.9976,39.2526]],[[23.9995,39.9502],[23.9984,39.9493],[23.9964,39.9493],[23.9943,39.948],[23.9922,39.9447],[23.9911,39.9456],[23.988,39.9438],[23.9849,39.9439],[23.9795,39.9432],[23.9776,39.9426],[23.9734,39.9426],[23.9714,39.9417],[23.9651,39.9409],[23.9599,39.9386],[23.9556,39.938],[23.9516,39.9352],[23.9484,39.9349],[23.9474,39.9338],[23.9328,39.933],[23.9307,39.934],[23.9276,39.9335],[23.927,39.9339],[23.927,39.9349],[23.9255,39.9358],[23.9245,39.9359],[23.9224,39.9356],[23.9209,39.9339],[23.9151,39.9332],[23.9102,39.9349],[23.9102,39.9359],[23.9124,39.9391],[23.9106,39.9422],[23.9099,39.9431],[23.9089,39.9433],[23.9084,39.9453],[23.9068,39.9475],[23.9047,39.9485],[23.9036,39.9499],[23.8974,39.9525],[23.8969,39.9536],[23.8932,39.955],[23.8901,39.9547],[23.8906,39.9557],[23.887,39.9578],[23.8846,39.9599],[23.8834,39.962],[23.8839,39.9641],[23.8859,39.9648],[23.8878,39.9661],[23.8882,39.9672],[23.888,39.9676],[23.8853,39.9672],[23.8844,39.9682],[23.8846,39.9693],[23.8831,39.9703],[23.8849,39.9731],[23.8857,39.9734],[23.8849,39.9744],[23.8838,39.9745],[23.8846,39.9766],[23.8826,39.9807],[23.8818,39.9839],[23.8809,39.9849],[23.8755,39.9867],[23.8703,39.9873],[23.8641,39.9889],[23.8505,39.9947],[23.8464,39.9951],[23.8411,39.9944],[23.8396,39.9932],[23.8349,39.9918],[23.8318,39.9938],[23.8314,39.9943],[23.8316,39.9953],[23.8307,39.9962],[23.8286,39.9967],[23.8255,39.9966],[23.8245,39.996],[23.8227,39.9932],[23.8203,39.9925],[23.8164,39.9901],[23.8151,39.9884],[23.813,39.9877],[23.8117,39.988],[23.813,39.9897],[23.8144,39.9901],[23.8155,39.9911],[23.812,39.9913],[23.8109,39.9898],[23.8098,39.9922],[23.8089,39.9932],[23.8078,39.9934],[23.8059,39.9964]],[[23.6648,39.9995],[23.6672,39.999],[23.6693,39.9967],[23.6703,39.9964],[23.6721,39.9943],[23.6724,39.9927],[23.6734,39.9929],[23.6776,39.9918],[23.6784,39.9911],[23.6786,39.9896],[23.6807,39.9882],[23.6818,39.988],[23.6828,39.9866],[23.6876,39.9839],[23.6902,39.9818],[23.692,39.9786],[23.692,39.9755],[23.6915,39.9745],[23.6911,39.9714],[23.6922,39.9693],[23.6919,39.9682],[23.6924,39.9672],[23.6921,39.9661],[23.6934,39.963],[23.6974,39.9577],[23.6977,39.9557],[23.6999,39.9526],[23.6996,39.9516],[23.7,39.9505],[23.7026,39.9478],[23.7099,39.9446],[23.7182,39.9426],[23.7255,39.9428],[23.7318,39.9439],[23.7328,39.9456],[23.7349,39.9465],[23.7383,39.9464],[23.7411,39.9452],[23.7432,39.9464],[23.7434,39.9453],[23.7453,39.9447],[23.7452,39.9432],[23.7474,39.9428],[23.7483,39.9422],[23.7484,39.9411],[23.7495,39.9407],[23.7506,39.9391],[23.7534,39.9328],[23.7551,39.9266],[23.7559,39.9161],[23.7554,39.913],[23.7547,39.9122],[23.7516,39.9106],[23.7495,39.9101],[23.7339,39.9094],[23.7328,39.9082],[23.7286,39.9057],[23.7234,39.9056],[23.7203,39.9061],[23.7161,39.9047],[23.7141,39.9059],[23.7099,39.907],[23.7036,39.9074],[23.7005,39.9085],[23.6974,39.9088],[23.6901,39.9132],[23.6891,39.913],[23.688,39.9138],[23.6852,39.9141],[23.6682,39.9108],[23.6609,39.9104],[23.6547,39.9094],[23.6505,39.9097],[23.6464,39.9106],[23.6411,39.9101],[23.638,39.9107],[23.6339,39.9094],[23.6276,39.9103],[23.6245,39.9119],[23.6182,39.9142],[23.6026,39.9179],[23.5922,39.9188],[23.588,39.9207],[23.5859,39.9211],[23.5818,39.9211],[23.5793,39.9203],[23.5776,39.9212],[23.5756,39.9214],[23.5745,39.9222],[23.5672,39.9234],[23.5599,39.9271],[23.5557,39.9281],[23.5505,39.9304],[23.538,39.9367],[23.5307,39.9379],[23.5224,39.941],[23.5203,39.941],[23.5101,39.9432],[23.5047,39.9467],[23.5016,39.9478],[23.4964,39.9462],[23.4958,39.9464],[23.4953,39.9474],[23.4944,39.9464],[23.4922,39.9451],[23.4911,39.9452],[23.4891,39.947],[23.4877,39.9474],[23.4875,39.9484],[23.4859,39.9495],[23.4849,39.9501],[23.4818,39.9504],[23.4786,39.9495],[23.4776,39.95],[23.4734,39.9482],[23.4714,39.9478],[23.4693,39.9466],[23.4651,39.9458],[23.4641,39.9463],[23.462,39.9456],[23.4443,39.9461],[23.4401,39.9458],[23.4245,39.9408],[23.4193,39.9415],[23.4172,39.9427],[23.412,39.9437],[23.4036,39.9424],[23.388,39.941],[23.3859,39.9403],[23.3818,39.94],[23.3776,39.9388],[23.3682,39.9336],[23.3578,39.9327],[23.3464,39.934],[23.3318,39.9326],[23.3224,39.9329],[23.3172,39.9347],[23.3139,39.937],[23.3114,39.9411],[23.3087,39.9495],[23.3085,39.9536],[23.3098,39.9589],[23.3137,39.9672],[23.3139,39.9682],[23.3132,39.9703],[23.3109,39.9721],[23.3057,39.9736],[23.2989,39.9776],[23.2974,39.978],[23.2901,39.9747],[23.2879,39.9724],[23.2897,39.9641],[23.2897,39.9609],[23.2826,39.9432],[23.2797,39.9404],[23.2766,39.9386],[23.2724,39.9375],[23.2661,39.9372],[23.2474,39.9367],[23.2432,39.937],[23.238,39.9385],[23.2339,39.9404],[23.2285,39.9443],[23.2234,39.9494],[23.2214,39.9504],[23.2193,39.9506],[23.2161,39.9497],[23.213,39.946],[23.2109,39.9425],[23.2099,39.9417],[23.2078,39.9414],[23.2068,39.9422],[23.2059,39.9453],[23.2057,39.9509],[23.2068,39.9524],[23.2109,39.9535],[23.2122,39.9547],[23.2136,39.9641],[23.212,39.9665],[23.2026,39.9737],[23.1964,39.9763],[23.1891,39.9786],[23.1776,39.9787],[23.1714,39.977],[23.1495,39.9774],[23.1474,39.9768],[23.145,39.9745],[23.1436,39.9724],[23.1435,39.9651],[23.1443,39.9643],[23.1474,39.9648],[23.1481,39.9641],[23.1473,39.962],[23.1475,39.9609],[23.1516,39.9567],[23.1526,39.956],[23.1557,39.9563],[23.1572,39.9557],[23.1578,39.9549],[23.1586,39.9516],[23.1605,39.9474],[23.1603,39.9359],[23.1647,39.9266],[23.1644,39.9193],[23.1651,39.9186],[23.1672,39.9193],[23.1682,39.9192],[23.1714,39.9157],[23.1758,39.912],[23.1772,39.9099],[23.1769,39.9057],[23.1776,39.9036],[23.1774,39.9026],[23.1755,39.9014],[23.1734,39.9014],[23.1726,39.9005],[23.1725,39.8828],[23.1733,39.8807],[23.1767,39.8776],[23.1773,39.8766],[23.1773,39.8734],[23.1755,39.8705],[23.1743,39.8661],[23.1675,39.8589],[23.165,39.8526],[23.1639,39.8516],[23.1599,39.8495],[23.1537,39.8432],[23.1469,39.8391],[23.1443,39.8385],[23.1422,39.8387],[23.1339,39.8415],[23.1297,39.845],[23.1266,39.8463],[23.1224,39.846],[23.1193,39.8445],[23.1188,39.8432],[23.1207,39.8401],[23.1202,39.838],[23.1172,39.8331],[23.1151,39.8317],[23.11,39.8266],[23.1099,39.8242],[23.1107,39.8224],[23.1141,39.8191],[23.1151,39.8186],[23.1182,39.8189],[23.1189,39.8182],[23.1186,39.8151],[23.1193,39.8144],[23.1203,39.8141],[23.1307,39.8149],[23.1319,39.813],[23.1316,39.8109],[23.1307,39.8101],[23.1286,39.8094],[23.1274,39.8068],[23.1266,39.8059],[23.1245,39.8051],[23.1232,39.8026],[23.1224,39.8019],[23.1214,39.8018],[23.1207,39.8026],[23.1225,39.8057],[23.1225,39.8068],[23.1201,39.8068],[23.1185,39.8057],[23.1183,39.8047],[23.1193,39.7995],[23.119,39.7984],[23.1182,39.7977],[23.1151,39.7981],[23.1143,39.7974],[23.1148,39.7901],[23.1143,39.7891],[23.1108,39.7859],[23.1103,39.7849],[23.1106,39.7818],[23.1099,39.781],[23.1068,39.7814],[23.1061,39.7807],[23.1065,39.7776],[23.1057,39.7768],[23.1026,39.7773],[23.1019,39.7766],[23.1023,39.7734],[23.1016,39.7727],[23.0984,39.7731],[23.0974,39.7726],[23.0901,39.7649],[23.088,39.7644],[23.0807,39.7647],[23.0786,39.7652],[23.0776,39.7651],[23.077,39.7641],[23.0772,39.7609],[23.0744,39.7568],[23.073,39.7526],[23.0734,39.7505],[23.0755,39.7486],[23.0776,39.7479],[23.0943,39.7478],[23.0995,39.7457],[23.1016,39.7443],[23.1057,39.739],[23.1089,39.7312],[23.1099,39.7264],[23.1102,39.7214],[23.1099,39.7193],[23.1089,39.7177],[23.1069,39.7161],[23.1047,39.7158],[23.0943,39.7176],[23.0859,39.718],[23.0755,39.7146],[23.0672,39.7135],[23.0641,39.7122],[23.0599,39.7095],[23.0516,39.7071],[23.0411,39.7005],[23.0391,39.6999],[23.0359,39.7001],[23.033,39.6995],[23.0234,39.6898],[23.0214,39.6894],[23.0151,39.6897],[23.0141,39.6893],[23.0109,39.6857],[23.0099,39.6852],[23.0068,39.6856],[23.0047,39.6843],[23.0023,39.6818],[23.0018,39.6786],[23.0026,39.676],[23.0067,39.6724],[23.0089,39.6699],[23.012,39.6683],[23.0141,39.6685],[23.0182,39.6709],[23.0224,39.6708],[23.0266,39.6715],[23.0349,39.6744],[23.0422,39.6761],[23.0516,39.6778],[23.0547,39.6776],[23.0568,39.6768],[23.0589,39.6748],[23.0599,39.673],[23.0608,39.6651],[23.0593,39.6599],[23.0571,39.6557],[23.0556,39.6516],[23.0551,39.6474],[23.0554,39.6443],[23.0584,39.6391],[23.0627,39.6339],[23.0672,39.629],[23.0724,39.6256],[23.0729,39.6245],[23.0724,39.6233],[23.0682,39.622],[23.063,39.6193],[23.0599,39.6182],[23.0547,39.618],[23.0484,39.6192],[23.0453,39.6214],[23.0407,39.6266],[23.0388,39.6307],[23.0386,39.6349],[23.0368,39.6401],[23.0356,39.6422],[23.0318,39.6461],[23.0297,39.6473],[23.0224,39.6493],[23.013,39.6526],[23.0109,39.6525],[23.0087,39.6484],[23.0036,39.6441]],[[23.0005,39.6057],[23.0047,39.6011],[23.0089,39.5975],[23.0126,39.5922],[23.0137,39.5891],[23.014,39.5859],[23.014,39.5818],[23.0132,39.5776],[23.0135,39.5766],[23.0203,39.5702],[23.025,39.563],[23.0276,39.5604],[23.0307,39.5589],[23.0422,39.5548],[23.0505,39.5482],[23.0648,39.5411],[23.0687,39.538],[23.0724,39.534],[23.074,39.5307],[23.0752,39.5297],[23.0756,39.5276],[23.0773,39.5255],[23.0807,39.5233],[23.0873,39.5214],[23.0911,39.5187],[23.092,39.5172],[23.0932,39.5168],[23.0974,39.5128],[23.1076,39.5057],[23.1087,39.5026],[23.1097,39.5016],[23.1161,39.4888],[23.1214,39.4825],[23.1279,39.4776],[23.1288,39.4745],[23.1308,39.4703],[23.1335,39.4661],[23.1363,39.463],[23.1411,39.4592],[23.1424,39.4589],[23.1432,39.4578],[23.1464,39.4572],[23.1484,39.4552],[23.1526,39.4543],[23.1557,39.4548],[23.1623,39.4505],[23.1692,39.4443],[23.1695,39.4432],[23.1786,39.4355],[23.1831,39.4297],[23.1863,39.4266],[23.1891,39.4255],[23.1901,39.4237],[23.1932,39.4214],[23.1963,39.4182],[23.1974,39.4153],[23.1984,39.4156],[23.2005,39.4144],[23.2016,39.4123],[23.2026,39.4118],[23.2048,39.4089],[23.2063,39.4078],[23.2082,39.4047],[23.2089,39.4022],[23.2109,39.398],[23.2122,39.3974],[23.2124,39.3964],[23.2141,39.395],[23.2172,39.387],[23.217,39.3859],[23.2182,39.3852],[23.2181,39.3839],[23.2204,39.3776],[23.2218,39.3766],[23.2245,39.3724],[23.2255,39.3721],[23.2266,39.3703],[23.2276,39.3701],[23.2284,39.3693],[23.2287,39.3682],[23.2342,39.3609],[23.237,39.3587],[23.2401,39.3571],[23.2411,39.3559],[23.2443,39.3552],[23.2462,39.3536],[23.2484,39.353],[23.2516,39.3529],[23.2536,39.3517],[23.2547,39.352],[23.2557,39.3509],[23.2568,39.3509],[23.2578,39.3515],[23.2599,39.3499],[23.262,39.3491],[23.2693,39.3435],[23.2745,39.338],[23.2839,39.3308],[23.2837,39.3286],[23.2859,39.3266],[23.2862,39.3255],[23.2858,39.3234],[23.2867,39.3203],[23.288,39.318],[23.29,39.3109],[23.2909,39.3099],[23.2909,39.3068],[23.2929,39.3026],[23.2953,39.2998],[23.2959,39.2984],[23.2955,39.2974],[23.2967,39.2964],[23.2963,39.2953],[23.2972,39.2943],[23.2977,39.2922],[23.2987,39.2911],[23.3002,39.288],[23.301,39.2849],[23.3036,39.2822],[23.312,39.2769],[23.3151,39.276],[23.3161,39.2749],[23.3172,39.2747],[23.3193,39.2732],[23.3203,39.2736],[23.3217,39.2734],[23.3294,39.2672],[23.3334,39.2651],[23.3359,39.263],[23.3377,39.2578],[23.3386,39.2505],[23.3401,39.2453],[23.3417,39.2422],[23.3449,39.238],[23.3448,39.237],[23.346,39.2349],[23.3483,39.2276],[23.3511,39.2234],[23.3599,39.218],[23.3613,39.2151],[23.3631,39.2089],[23.3649,39.2057],[23.3689,39.2005],[23.3734,39.1964],[23.3766,39.1949],[23.3786,39.1947],[23.388,39.1915],[23.3974,39.1899],[23.4026,39.1901],[23.4068,39.192],[23.4084,39.1932],[23.4135,39.1984],[23.414,39.1995],[23.4193,39.2005],[23.4255,39.2078],[23.4266,39.2108],[23.4286,39.2121],[23.4297,39.2138],[23.4305,39.2141],[23.4305,39.2151],[23.4326,39.2161],[23.4322,39.2172],[23.4328,39.2176],[23.4349,39.2183],[23.4359,39.2177],[23.438,39.2192],[23.4401,39.2195],[23.4411,39.2204],[23.4422,39.2201],[23.4453,39.2209],[23.4474,39.2224],[23.4484,39.2224],[23.4505,39.2231],[23.4516,39.224],[23.4589,39.2264],[23.462,39.2263],[23.4661,39.2274],[23.4693,39.2277],[23.4703,39.2272],[23.4724,39.2273],[23.4745,39.2268],[23.4828,39.2269],[23.4859,39.2279],[23.487,39.2277],[23.4932,39.2313],[23.4953,39.232],[23.4964,39.2316],[23.5047,39.2325],[23.5089,39.2314],[23.5109,39.2334],[23.512,39.2327],[23.513,39.2327],[23.5151,39.2339],[23.5161,39.2333],[23.5182,39.2332],[23.5184,39.2307],[23.522,39.2286],[23.5193,39.2247],[23.5151,39.2239],[23.5141,39.2221],[23.5131,39.2214],[23.5155,39.2161],[23.5149,39.2151],[23.5155,39.213],[23.5172,39.2117],[23.5182,39.2117],[23.5193,39.2123],[23.5203,39.2109],[23.5214,39.2119],[23.5266,39.2096],[23.5286,39.2078],[23.5307,39.2091],[23.5349,39.2094],[23.5411,39.2072],[23.5432,39.2074],[23.5443,39.2065],[23.5505,39.2052],[23.5526,39.2057],[23.5557,39.1984],[23.5547,39.1932],[23.5536,39.1928],[23.5534,39.1922],[23.5536,39.1913],[23.5547,39.1909],[23.5551,39.1901],[23.5547,39.1891],[23.5526,39.1897],[23.5508,39.188],[23.5514,39.187],[23.5505,39.1859],[23.552,39.1839],[23.5522,39.1828],[23.5525,39.1734],[23.5516,39.1682],[23.5521,39.1672],[23.5499,39.163],[23.5491,39.1589],[23.5493,39.1557],[23.5501,39.1547],[23.5495,39.1536],[23.5505,39.1516],[23.5494,39.1505],[23.5495,39.1495],[23.5467,39.1453],[23.5411,39.1426],[23.5401,39.1407],[23.5297,39.1305],[23.5245,39.1279],[23.5214,39.1246],[23.5199,39.1224],[23.5201,39.1182],[23.5193,39.1157],[23.5182,39.115],[23.5172,39.1152],[23.5141,39.1128],[23.513,39.1127],[23.512,39.1106],[23.5085,39.1089],[23.4995,39.108],[23.4922,39.1086],[23.489,39.1099],[23.4859,39.11],[23.4786,39.1118],[23.4745,39.1138],[23.4693,39.1146],[23.4651,39.114],[23.4578,39.1152],[23.4547,39.1152],[23.4536,39.1163],[23.4526,39.1159],[23.4484,39.1174],[23.4453,39.1173],[23.4432,39.1184],[23.4359,39.1203],[23.4339,39.1202],[23.4255,39.118],[23.4214,39.1179],[23.4172,39.1188],[23.4161,39.1199],[23.412,39.1226],[23.4047,39.1263],[23.4026,39.1264],[23.4016,39.1258],[23.3964,39.1262],[23.3911,39.1254],[23.3859,39.1256],[23.3797,39.1264],[23.3786,39.1271],[23.3776,39.1269],[23.3766,39.1277],[23.3745,39.1272],[23.3703,39.1288],[23.3672,39.1307],[23.3651,39.131],[23.362,39.1302],[23.3568,39.1253],[23.3526,39.1238],[23.3516,39.1241],[23.3505,39.1236],[23.3495,39.1242],[23.3484,39.1239],[23.3474,39.1244],[23.3411,39.1243],[23.338,39.1248],[23.3347,39.1245],[23.3276,39.1261],[23.3255,39.1262],[23.3214,39.1248],[23.3089,39.119],[23.3068,39.1184],[23.2943,39.1177],[23.29,39.1161],[23.2875,39.1141],[23.287,39.113],[23.2872,39.112],[23.2886,39.1099],[23.2901,39.1089],[23.2932,39.1078],[23.3016,39.1065],[23.3057,39.1036],[23.3151,39.0943],[23.3172,39.0911],[23.3195,39.0891],[23.3224,39.0878],[23.3276,39.0871],[23.3298,39.0859],[23.3315,39.0839],[23.3323,39.0755],[23.3328,39.0751],[23.3364,39.0745],[23.337,39.0733],[23.3401,39.0745],[23.3418,39.0755],[23.3422,39.0763],[23.3432,39.0756],[23.345,39.0776],[23.3464,39.0807],[23.3519,39.0849],[23.3568,39.0869],[23.3589,39.0868],[23.3606,39.0859],[23.3651,39.0826],[23.3661,39.0811],[23.3672,39.0817],[23.3703,39.0808],[23.3734,39.0789],[23.3755,39.0801],[23.3766,39.0792],[23.3776,39.08],[23.3786,39.0796],[23.3807,39.0806],[23.383,39.0797],[23.384,39.0776],[23.3808,39.0755],[23.379,39.0734],[23.3786,39.0732],[23.3776,39.0739],[23.3755,39.0737],[23.3724,39.0713],[23.3714,39.0723],[23.3682,39.071],[23.3672,39.0723],[23.3659,39.0724],[23.3663,39.0745],[23.3651,39.0753],[23.362,39.0745],[23.3611,39.0734],[23.362,39.0732],[23.3625,39.0724],[23.3587,39.0693],[23.3557,39.0639],[23.3557,39.0607],[23.3578,39.0625],[23.358,39.062],[23.3564,39.0599],[23.3563,39.0589],[23.3571,39.0578],[23.3552,39.0536],[23.3542,39.0526],[23.3533,39.0495],[23.3545,39.0453],[23.3535,39.0443],[23.3545,39.0432],[23.3547,39.0417],[23.3558,39.0411],[23.3505,39.0359],[23.3495,39.0323],[23.3493,39.0297],[23.3511,39.0266],[23.3547,39.0236],[23.3585,39.0214],[23.3678,39.0172],[23.3691,39.0161],[23.3755,39.015],[23.3776,39.0136],[23.3828,39.0115],[23.3891,39.0114],[23.3932,39.0126],[23.3984,39.0118],[23.4022,39.0089],[23.4029,39.0068],[23.4022,39.0047],[23.4024,39.0026]],[[23.1849,39.9134],[23.1823,39.9141],[23.1811,39.9151],[23.1808,39.9224],[23.1828,39.9233],[23.1849,39.923],[23.1891,39.9234],[23.1898,39.9214],[23.1891,39.9174],[23.185,39.9141]],[[23.1859,39.9108],[23.1849,39.9109],[23.1849,39.9128],[23.1859,39.9117]],[[23.2922,39.9075],[23.2901,39.9071],[23.288,39.9072],[23.2844,39.9089],[23.2829,39.9109],[23.2832,39.9141],[23.2849,39.9155],[23.288,39.9164],[23.2932,39.9171],[23.2953,39.9164],[23.2967,39.9141],[23.2963,39.9109],[23.2947,39.9089]],[[23.3286,39.864],[23.3266,39.8632],[23.3245,39.8632],[23.3217,39.8641],[23.3203,39.8654],[23.3195,39.8672],[23.3195,39.8693],[23.3205,39.8714],[23.3224,39.8734],[23.3245,39.8743],[23.3266,39.8744],[23.3285,39.8734],[23.3297,39.872],[23.3308,39.8693],[23.3308,39.8672],[23.3299,39.8651]],[[23.2276,39.7743],[23.2266,39.7738],[23.2245,39.7741],[23.2224,39.7753],[23.2214,39.7766],[23.2207,39.7786],[23.2216,39.7807],[23.2228,39.7818],[23.2266,39.7831],[23.228,39.7828],[23.2296,39.7818],[23.2301,39.7807],[23.2299,39.7786],[23.2286,39.7756]],[[23.1974,39.765],[23.1932,39.7649],[23.1891,39.7659],[23.1839,39.7693],[23.1831,39.7703],[23.184,39.7734],[23.1872,39.7776],[23.1911,39.7793],[23.1964,39.7793],[23.2033,39.7776],[23.2074,39.7745],[23.208,39.7734],[23.2081,39.7714],[23.2074,39.7693],[23.2065,39.7682],[23.2018,39.7661]],[[23.1568,39.7504],[23.1505,39.7503],[23.1411,39.752],[23.1369,39.7536],[23.1332,39.7568],[23.1319,39.7589],[23.1312,39.7609],[23.1324,39.7641],[23.1329,39.7703],[23.1337,39.7745],[23.136,39.7776],[23.1391,39.779],[23.1453,39.7787],[23.1505,39.7754],[23.1568,39.7735],[23.162,39.7712],[23.163,39.7713],[23.1661,39.7742],[23.1693,39.775],[23.1734,39.775],[23.1763,39.7745],[23.1786,39.7734],[23.1795,39.7724],[23.1805,39.7703],[23.1803,39.7693],[23.1776,39.7662],[23.1745,39.7646],[23.1714,39.7644],[23.1672,39.7657],[23.1641,39.7674],[23.1638,39.7672],[23.1628,39.7651],[23.1626,39.7578],[23.1619,39.7547],[23.1599,39.7519]],[[23.438,39.2855],[23.4375,39.2859],[23.438,39.2863],[23.4385,39.2859]],[[23.9974,39.2785],[23.9953,39.2794],[23.9948,39.2807],[23.9974,39.2822],[23.9984,39.2818],[23.9991,39.2807],[23.9984,39.279]],[[23.9943,39.25],[23.9932,39.2498],[23.9924,39.2505],[23.9926,39.2516],[23.9953,39.2542],[23.9989,39.2557],[23.9966,39.2536],[23.9961,39.2526],[23.9963,39.2516]],[[23.8109,39.1535],[23.8109,39.1543],[23.8116,39.1536]],[[23.8495,39.003],[23.8484,39.0032],[23.8476,39.0047],[23.849,39.0078],[23.8513,39.0099],[23.8516,39.0114],[23.8547,39.0122],[23.8536,39.0104],[23.8525,39.0099],[23.8514,39.0057]]]}},{"type":"Feature","properties":{"depth":150,"kind":"band"},"geometry":{"type":"MultiPolygon","coordinates":[[[[23.8018,39.9964],[23.8016,39.997],[23.8007,39.9964],[23.8016,39.996],[23.8018,39.9964]]],[[[23.8466,39.9807],[23.8464,39.9812],[23.8455,39.9807],[23.8464,39.9804],[23.8466,39.9807]]],[[[23.88,39.9682],[23.8786,39.9688],[23.8786,39.9673],[23.88,39.9682]]],[[[23.9634,39.2995],[23.9628,39.2995],[23.963,39.2992],[23.9634,39.2995]]],[[[23.4987,39.2401],[23.4984,39.2409],[23.4977,39.2401],[23.4987,39.2401]]],[[[23.3881,39.2318],[23.388,39.2326],[23.3878,39.2318],[23.3881,39.2318]]],[[[23.7625,39.163],[23.7661,39.1634],[23.7676,39.1641],[23.7683,39.1651],[23.7745,39.1674],[23.7793,39.1714],[23.7825,39.1766],[23.7839,39.1778],[23.7901,39.1812],[23.7932,39.184],[23.7984,39.1864],[23.8016,39.1892],[23.8048,39.1911],[23.8089,39.1919],[23.8193,39.191],[23.8222,39.1922],[23.8213,39.1943],[23.8244,39.1995],[23.8255,39.2006],[23.8329,39.2047],[23.8349,39.208],[23.8421,39.2141],[23.8432,39.2163],[23.8485,39.2214],[23.8516,39.2256],[23.8578,39.2298],[23.8651,39.2313],[23.8724,39.2349],[23.8784,39.237],[23.8934,39.2474],[23.8932,39.2485],[23.8953,39.2489],[23.8984,39.2504],[23.9016,39.2512],[23.9021,39.2526],[23.9039,39.2536],[23.9036,39.2552],[23.9047,39.2555],[23.9074,39.2589],[23.913,39.2634],[23.9161,39.265],[23.9175,39.2672],[23.9214,39.2712],[23.9266,39.2777],[23.9316,39.2828],[23.9359,39.286],[23.938,39.2891],[23.9431,39.2943],[23.9464,39.2974],[23.9514,39.3005],[23.9627,39.3047],[23.9703,39.3061],[23.9733,39.3057],[23.9745,39.305],[23.9746,39.3047],[23.9724,39.303],[23.9715,39.3016],[23.9724,39.3012],[23.9734,39.3014],[23.9745,39.3009],[23.9753,39.3016],[23.9755,39.3028],[23.9766,39.3032],[23.9797,39.3029],[23.9839,39.3037],[23.987,39.3033],[23.988,39.304],[23.9911,39.3042],[23.9958,39.3057],[23.9974,39.3082],[24,39.3099],[24,39.9443],[23.9995,39.9452],[23.997,39.9432],[23.9962,39.9411],[23.9953,39.9409],[23.9932,39.9407],[23.988,39.9417],[23.9849,39.941],[23.9797,39.9423],[23.9786,39.9415],[23.9755,39.9405],[23.9745,39.9414],[23.9734,39.9412],[23.9738,39.9401],[23.9724,39.9395],[23.9693,39.9401],[23.9682,39.9391],[23.9651,39.9383],[23.9578,39.9334],[23.9505,39.9311],[23.9474,39.9291],[23.9432,39.9278],[23.9349,39.927],[23.9328,39.9281],[23.9307,39.9309],[23.9276,39.9292],[23.926,39.9297],[23.9245,39.9314],[23.9224,39.9302],[23.9214,39.9301],[23.9089,39.931],[23.9057,39.9324],[23.9042,39.9339],[23.9039,39.9349],[23.9047,39.9366],[23.9079,39.9391],[23.9068,39.9406],[23.9058,39.9411],[23.9047,39.9431],[23.9031,39.9443],[23.9016,39.9466],[23.9005,39.9464],[23.8964,39.9481],[23.8943,39.951],[23.8922,39.9517],[23.8911,39.9527],[23.8891,39.9531],[23.888,39.9545],[23.887,39.9544],[23.8849,39.9568],[23.8839,39.9566],[23.8834,39.9578],[23.8797,39.9613],[23.8786,39.9606],[23.8776,39.9607],[23.878,39.963],[23.8769,39.9641],[23.8779,39.9651],[23.8785,39.9672],[23.8776,39.9674],[23.8755,39.9657],[23.8745,39.9672],[23.8755,39.9671],[23.8784,39.9693],[23.8766,39.9698],[23.8755,39.9682],[23.8734,39.9689],[23.8724,39.9677],[23.8714,39.9679],[23.8711,39.9682],[23.8716,39.9693],[23.8717,39.9714],[23.8697,39.9734],[23.8705,39.9745],[23.8703,39.9756],[23.8651,39.9774],[23.862,39.9775],[23.8568,39.9772],[23.8495,39.9755],[23.8478,39.9755],[23.8466,39.9766],[23.8467,39.9786],[23.8454,39.9797],[23.8449,39.9818],[23.8455,39.9828],[23.8453,39.9838],[23.8443,39.9843],[23.8411,39.9842],[23.838,39.9817],[23.8349,39.9827],[23.8318,39.9852],[23.8266,39.9862],[23.8214,39.9854],[23.8182,39.9856],[23.8151,39.9842],[23.813,39.985],[23.8109,39.9849],[23.8099,39.9837],[23.8057,39.9837],[23.8053,39.9839],[23.8056,39.9849],[23.8036,39.9861],[23.8026,39.9861],[23.7995,39.9912],[23.7992,39.9953],[23.8002,39.9964],[23.7997,39.9974],[23.8007,39.9984],[23.7995,39.9989],[23.7991,39.9974],[23.7984,39.9971],[23.7979,39.9974],[23.7974,40],[23.6745,40],[23.6745,39.9992],[23.6755,39.9981],[23.6792,39.9953],[23.6797,39.995],[23.6807,39.9954],[23.6818,39.9942],[23.6922,39.9883],[23.6964,39.9849],[23.6979,39.9807],[23.6976,39.9766],[23.6963,39.9734],[23.6966,39.9724],[23.6962,39.9703],[23.6967,39.9693],[23.697,39.9651],[23.7014,39.9589],[23.7028,39.9578],[23.7068,39.9533],[23.7159,39.9484],[23.7203,39.9473],[23.7276,39.948],[23.7307,39.9489],[23.7349,39.9515],[23.7401,39.9523],[23.7484,39.9522],[23.7499,39.9516],[23.7505,39.9484],[23.7519,39.9453],[23.7519,39.9432],[23.7536,39.9412],[23.7526,39.9401],[23.7536,39.936],[23.7553,39.9328],[23.7573,39.9245],[23.7595,39.9203],[23.7601,39.9161],[23.7615,39.913],[23.7616,39.9099],[23.7609,39.9086],[23.7568,39.9068],[23.7557,39.907],[23.7422,39.9055],[23.738,39.9038],[23.7349,39.9032],[23.7224,39.9047],[23.7161,39.9039],[23.7109,39.9059],[23.7036,39.9066],[23.7005,39.9077],[23.6974,39.9081],[23.6901,39.9122],[23.687,39.9129],[23.6839,39.913],[23.6807,39.9126],[23.6745,39.9106],[23.6672,39.9093],[23.6599,39.9087],[23.6536,39.9076],[23.6516,39.9085],[23.6474,39.9091],[23.6422,39.9078],[23.6401,39.908],[23.638,39.909],[23.6359,39.9074],[23.6339,39.9073],[23.6307,39.9085],[23.6276,39.9087],[23.6245,39.9108],[23.6078,39.9158],[23.5995,39.9174],[23.5911,39.9181],[23.588,39.9198],[23.5797,39.9193],[23.5734,39.9212],[23.5693,39.9218],[23.5651,39.9232],[23.5641,39.9239],[23.5551,39.9266],[23.5516,39.9285],[23.5464,39.9306],[23.5432,39.9332],[23.538,39.9358],[23.5297,39.9363],[23.5214,39.9397],[23.5109,39.942],[23.5078,39.9431],[23.5068,39.9442],[23.5005,39.9456],[23.4984,39.9455],[23.4974,39.9447],[23.4968,39.9453],[23.4953,39.9455],[23.4922,39.9434],[23.4901,39.943],[23.4891,39.943],[23.488,39.9439],[23.487,39.9439],[23.4849,39.9449],[23.4807,39.9452],[23.4776,39.9442],[23.472,39.9411],[23.4672,39.9396],[23.4633,39.937],[23.4609,39.9339],[23.4607,39.9318],[23.4634,39.9276],[23.4632,39.9255],[23.4625,39.9234],[23.4618,39.9224],[23.4599,39.921],[23.4557,39.9199],[23.4443,39.9202],[23.4417,39.9214],[23.437,39.9248],[23.4349,39.9256],[23.4255,39.9252],[23.4214,39.9258],[23.42,39.9266],[23.4196,39.9276],[23.4201,39.9307],[23.4194,39.9339],[23.4179,39.9359],[23.4161,39.9366],[23.412,39.9368],[23.4047,39.9353],[23.3974,39.9346],[23.3894,39.9318],[23.3864,39.9297],[23.3858,39.9286],[23.3855,39.9266],[23.387,39.9239],[23.3871,39.9224],[23.3845,39.9172],[23.3818,39.9141],[23.3755,39.9106],[23.3704,39.9057],[23.3701,39.9036],[23.3704,39.9016],[23.374,39.8953],[23.375,39.8911],[23.3746,39.888],[23.3728,39.8849],[23.3693,39.883],[23.3589,39.8807],[23.3547,39.8784],[23.3505,39.8737],[23.3449,39.8641],[23.3401,39.8576],[23.337,39.8543],[23.3318,39.8508],[23.3276,39.849],[23.3214,39.8476],[23.3026,39.8459],[23.2943,39.8444],[23.2911,39.843],[23.2844,39.838],[23.2824,39.8359],[23.2816,39.8328],[23.2842,39.8234],[23.2847,39.8193],[23.2837,39.8161],[23.2815,39.813],[23.2787,39.8109],[23.2709,39.8068],[23.2597,39.7953],[23.2568,39.7936],[23.2516,39.7919],[23.2495,39.7907],[23.2475,39.788],[23.2444,39.7807],[23.238,39.7751],[23.2346,39.7703],[23.2328,39.7687],[23.2307,39.7677],[23.2276,39.767],[23.2182,39.7672],[23.2158,39.7661],[23.213,39.7633],[23.2111,39.7599],[23.2105,39.7568],[23.2118,39.7547],[23.2169,39.7505],[23.2183,39.7484],[23.2183,39.7474],[23.2177,39.7464],[23.2151,39.7441],[23.213,39.7428],[23.2109,39.7427],[23.2049,39.7484],[23.1999,39.7516],[23.1995,39.7526],[23.2016,39.7557],[23.2021,39.7578],[23.201,39.7599],[23.1995,39.7608],[23.1922,39.762],[23.188,39.7617],[23.1846,39.7609],[23.1807,39.7593],[23.1745,39.7577],[23.1727,39.7568],[23.172,39.7557],[23.1721,39.7547],[23.1734,39.753],[23.1797,39.7519],[23.1818,39.7509],[23.1827,39.7495],[23.1825,39.7484],[23.1818,39.7479],[23.1797,39.7473],[23.1703,39.7475],[23.1672,39.7472],[23.1568,39.7442],[23.1401,39.7428],[23.1328,39.7404],[23.1273,39.737],[23.1245,39.734],[23.1222,39.7297],[23.1182,39.7182],[23.1162,39.7151],[23.1139,39.713],[23.1109,39.7113],[23.1078,39.7104],[23.0953,39.7091],[23.0895,39.7078],[23.0839,39.7051],[23.0792,39.7016],[23.0765,39.6964],[23.0762,39.6922],[23.0772,39.688],[23.0806,39.6807],[23.081,39.6786],[23.0807,39.6766],[23.0796,39.6745],[23.0776,39.6724],[23.0724,39.67],[23.0702,39.6682],[23.0682,39.6651],[23.0671,39.6599],[23.0679,39.6568],[23.0692,39.6547],[23.0749,39.6516],[23.0755,39.6505],[23.0724,39.6451],[23.0723,39.6411],[23.0735,39.638],[23.0801,39.6297],[23.0811,39.6266],[23.0811,39.6234],[23.0807,39.6214],[23.0791,39.6182],[23.0722,39.6109],[23.0691,39.6057],[23.0685,39.6005],[23.0716,39.5891],[23.0709,39.587],[23.0676,39.5818],[23.0662,39.5786],[23.0633,39.5703],[23.0627,39.5661],[23.0635,39.562],[23.0664,39.5568],[23.0696,39.5526],[23.0755,39.5469],[23.0774,39.5443],[23.0781,39.5422],[23.0788,39.5359],[23.0806,39.5318],[23.0839,39.5291],[23.0906,39.5276],[23.0922,39.5268],[23.0995,39.5184],[23.1047,39.515],[23.1078,39.5136],[23.1098,39.512],[23.113,39.5078],[23.119,39.4953],[23.1222,39.4901],[23.1255,39.4867],[23.1286,39.4845],[23.1318,39.4835],[23.1337,39.4818],[23.1347,39.4797],[23.135,39.4766],[23.1367,39.4724],[23.1408,39.4672],[23.1484,39.4615],[23.1526,39.4641],[23.1568,39.4636],[23.1578,39.4647],[23.1589,39.4637],[23.1599,39.4647],[23.1651,39.463],[23.1755,39.4535],[23.1786,39.4494],[23.18,39.4484],[23.1849,39.443],[23.1868,39.4401],[23.1911,39.4357],[23.1943,39.4328],[23.2003,39.4286],[23.2035,39.4234],[23.2038,39.4203],[23.2071,39.4172],[23.2078,39.4159],[23.2095,39.4151],[23.2099,39.4141],[23.2111,39.413],[23.2109,39.4119],[23.2131,39.412],[23.213,39.4106],[23.2146,39.4099],[23.215,39.4078],[23.2174,39.4047],[23.2176,39.4036],[23.2241,39.3953],[23.2239,39.3932],[23.2259,39.3891],[23.2263,39.3849],[23.2274,39.3807],[23.2285,39.3786],[23.2307,39.3763],[23.2318,39.3738],[23.2334,39.3724],[23.2383,39.3661],[23.2443,39.3619],[23.2525,39.3599],[23.2536,39.3592],[23.2547,39.3594],[23.2557,39.3587],[23.2568,39.3596],[23.2578,39.3597],[23.2661,39.3558],[23.2734,39.3505],[23.2807,39.3434],[23.2839,39.3411],[23.2856,39.3391],[23.287,39.3385],[23.2894,39.3349],[23.2899,39.3328],[23.2907,39.3318],[23.2907,39.3307],[23.2923,39.3266],[23.2923,39.3245],[23.2954,39.3172],[23.297,39.3099],[23.3006,39.3005],[23.3041,39.2932],[23.3075,39.288],[23.3161,39.2819],[23.3172,39.2807],[23.3255,39.2775],[23.3266,39.2776],[23.3297,39.276],[23.3318,39.2755],[23.3339,39.276],[23.3369,39.2734],[23.3411,39.2717],[23.3432,39.27],[23.3458,39.2693],[23.3515,39.2661],[23.3546,39.2651],[23.357,39.263],[23.3575,39.262],[23.3564,39.2609],[23.3568,39.2599],[23.3557,39.2597],[23.3556,39.2589],[23.3546,39.2578],[23.355,39.2568],[23.3526,39.2547],[23.3518,39.2526],[23.3505,39.2515],[23.3495,39.2513],[23.3484,39.2496],[23.3482,39.2484],[23.3488,39.2474],[23.3505,39.247],[23.3521,39.2474],[23.3536,39.2493],[23.3555,39.2505],[23.3599,39.2524],[23.3646,39.2526],[23.3661,39.2516],[23.3661,39.2505],[23.3672,39.2502],[23.3678,39.2495],[23.3696,39.2453],[23.3699,39.2432],[23.3714,39.2412],[23.3726,39.2401],[23.3786,39.2372],[23.3828,39.2322],[23.3839,39.2322],[23.3849,39.2314],[23.388,39.2328],[23.3898,39.2359],[23.3932,39.2393],[23.3953,39.2396],[23.3964,39.2392],[23.3995,39.2401],[23.4026,39.2403],[23.4036,39.2389],[23.4068,39.2394],[23.4089,39.239],[23.4113,39.238],[23.413,39.2363],[23.4161,39.2355],[23.4307,39.2325],[23.4359,39.232],[23.4391,39.2307],[23.4432,39.2311],[23.4453,39.2302],[23.4703,39.2347],[23.4745,39.2346],[23.4766,39.2339],[23.4797,39.2346],[23.4828,39.2331],[23.4859,39.2332],[23.488,39.2322],[23.4911,39.237],[23.4953,39.24],[23.4964,39.2397],[23.4984,39.2414],[23.4995,39.2407],[23.5026,39.2447],[23.504,39.2453],[23.512,39.2469],[23.513,39.2462],[23.5161,39.2463],[23.5193,39.2472],[23.5255,39.2474],[23.5339,39.2454],[23.5349,39.2435],[23.537,39.2423],[23.5411,39.2426],[23.5484,39.2407],[23.5495,39.2407],[23.5505,39.2414],[23.5536,39.2412],[23.5557,39.2398],[23.5589,39.2394],[23.5627,39.237],[23.5641,39.2354],[23.567,39.2339],[23.5665,39.2318],[23.5672,39.2295],[23.5714,39.2272],[23.5734,39.2244],[23.5786,39.2236],[23.5797,39.2224],[23.5807,39.2223],[23.5851,39.2245],[23.5922,39.2246],[23.5984,39.2261],[23.6005,39.2258],[23.6047,39.2239],[23.6068,39.2235],[23.6077,39.2214],[23.6099,39.2199],[23.6224,39.2198],[23.6234,39.2187],[23.6248,39.2161],[23.6247,39.2141],[23.6233,39.212],[23.6236,39.2109],[23.6245,39.2101],[23.6266,39.2101],[23.6328,39.2117],[23.6349,39.2127],[23.6453,39.2113],[23.6472,39.2099],[23.6474,39.2088],[23.6509,39.2078],[23.6522,39.2047],[23.6547,39.2037],[23.6568,39.2017],[23.6599,39.2021],[23.662,39.2013],[23.6661,39.2013],[23.6682,39.2005],[23.6695,39.1964],[23.6745,39.1925],[23.6786,39.193],[23.6849,39.1902],[23.6892,39.1901],[23.6904,39.1891],[23.6921,39.1859],[23.6932,39.1851],[23.6974,39.1853],[23.7005,39.1838],[23.7036,39.184],[23.7068,39.182],[23.7099,39.1818],[23.7151,39.1803],[23.7214,39.1798],[23.7303,39.1776],[23.7351,39.1755],[23.7349,39.1748],[23.7337,39.1745],[23.7349,39.1743],[23.7366,39.1724],[23.737,39.1701],[23.7411,39.1673],[23.7432,39.1666],[23.7454,39.1651],[23.7455,39.1641],[23.7474,39.1628],[23.7484,39.1626],[23.7547,39.1635],[23.7609,39.1624],[23.7625,39.163]],[[23.8755,39.9636],[23.8751,39.9641],[23.8757,39.9641],[23.8755,39.9636]],[[23.8776,39.9296],[23.8755,39.9291],[23.8747,39.9297],[23.8755,39.9307],[23.8766,39.9308],[23.8776,39.9296]],[[23.1141,39.6763],[23.112,39.6756],[23.1099,39.6757],[23.1078,39.6766],[23.107,39.6776],[23.107,39.6786],[23.1089,39.6802],[23.112,39.6802],[23.1151,39.6786],[23.1155,39.6776],[23.1141,39.6763]],[[23.112,39.6536],[23.1099,39.6536],[23.1089,39.6544],[23.1084,39.6557],[23.1089,39.6568],[23.1109,39.6573],[23.113,39.6568],[23.1136,39.6557],[23.1133,39.6547],[23.112,39.6536]],[[23.438,39.2852],[23.4372,39.2859],[23.438,39.2865],[23.4387,39.2859],[23.438,39.2852]]],[[[23.5622,39.1557],[23.5633,39.1568],[23.563,39.1589],[23.5619,39.1589],[23.5615,39.1578],[23.5613,39.1557],[23.562,39.1554],[23.5622,39.1557]]],[[[23.5811,39.138],[23.5807,39.1385],[23.5801,39.138],[23.5807,39.1372],[23.5811,39.138]]],[[[23.5456,39.1328],[23.5453,39.1333],[23.5444,39.1328],[23.5453,39.1324],[23.5456,39.1328]]],[[[23.5326,39.1109],[23.5314,39.1109],[23.5318,39.11],[23.5326,39.1109]]],[[[23.9412,39.0797],[23.9411,39.0809],[23.9406,39.0807],[23.9408,39.0797],[23.9412,39.0797]]],[[[23.9403,39.0766],[23.9401,39.0769],[23.9395,39.0766],[23.9401,39.0762],[23.9403,39.0766]]],[[[23.9391,39.0745],[23.9391,39.0755],[23.9384,39.0745],[23.9391,39.0745]]],[[[23.9405,39.0734],[23.9401,39.0738],[23.9394,39.0734],[23.9401,39.0727],[23.9405,39.0734]]],[[[23.9351,39.0557],[23.9344,39.0557],[23.9349,39.0548],[23.9351,39.0557]]],[[[24,39.0005],[24,39.1099],[23.9995,39.1101],[23.996,39.1005],[23.9942,39.0974],[23.9942,39.0964],[23.9891,39.0899],[23.9841,39.0859],[23.9839,39.0846],[23.9828,39.085],[23.9823,39.0839],[23.9787,39.0807],[23.9774,39.0786],[23.9754,39.0724],[23.9743,39.0714],[23.9747,39.0703],[23.9736,39.0693],[23.9717,39.0661],[23.9651,39.064],[23.963,39.0624],[23.9568,39.059],[23.9557,39.0603],[23.9547,39.0592],[23.9536,39.0592],[23.9526,39.0601],[23.9464,39.0608],[23.9443,39.0603],[23.9432,39.0582],[23.9391,39.0557],[23.937,39.0553],[23.9359,39.0546],[23.9349,39.0547],[23.9338,39.0557],[23.9347,39.0568],[23.9349,39.0589],[23.9359,39.0608],[23.9396,39.0641],[23.9393,39.0651],[23.9402,39.0672],[23.9399,39.0682],[23.9403,39.0703],[23.9399,39.0724],[23.938,39.0745],[23.9391,39.0755],[23.9379,39.0766],[23.9398,39.0797],[23.9387,39.0807],[23.9396,39.0818],[23.9391,39.0828],[23.9397,39.0839],[23.94,39.088],[23.9407,39.0901],[23.9427,39.0932],[23.9468,39.0974],[23.9516,39.1059],[23.9542,39.1193],[23.9656,39.1401],[23.9658,39.1411],[23.9651,39.1423],[23.962,39.1431],[23.9464,39.1437],[23.9432,39.1432],[23.9422,39.1422],[23.9403,39.138],[23.937,39.1345],[23.9345,39.1328],[23.9256,39.1286],[23.9222,39.1266],[23.9184,39.1234],[23.9104,39.1151],[23.9068,39.1123],[23.9026,39.1109],[23.8943,39.1092],[23.8828,39.1087],[23.8786,39.1092],[23.8744,39.1089],[23.8745,39.1078],[23.8739,39.1068],[23.8703,39.1036],[23.8693,39.1019],[23.8672,39.1005],[23.8555,39.0891],[23.8516,39.0806],[23.8495,39.0788],[23.8464,39.0776],[23.8432,39.0771],[23.8391,39.0785],[23.8365,39.0807],[23.8318,39.0868],[23.8297,39.0879],[23.8266,39.0882],[23.8224,39.0865],[23.8141,39.0786],[23.8099,39.0766],[23.8057,39.0761],[23.7984,39.0761],[23.7911,39.0736],[23.7859,39.0729],[23.7797,39.0734],[23.7724,39.0733],[23.7672,39.0716],[23.7651,39.0717],[23.7609,39.0705],[23.7583,39.0714],[23.7578,39.0724],[23.7568,39.0718],[23.7484,39.071],[23.7464,39.0722],[23.7453,39.0712],[23.7432,39.0708],[23.7384,39.0682],[23.7297,39.067],[23.7224,39.0653],[23.7203,39.0656],[23.7161,39.0678],[23.712,39.0681],[23.7096,39.0693],[23.7057,39.0698],[23.7016,39.0728],[23.7005,39.074],[23.6953,39.0774],[23.6901,39.0778],[23.6828,39.0774],[23.6786,39.0757],[23.6766,39.0742],[23.6755,39.0741],[23.673,39.0776],[23.6703,39.0789],[23.6672,39.0814],[23.6641,39.0822],[23.662,39.0818],[23.6578,39.0818],[23.6536,39.0834],[23.6516,39.0837],[23.6475,39.0859],[23.6469,39.087],[23.6476,39.0922],[23.647,39.0953],[23.646,39.0984],[23.6449,39.0995],[23.6422,39.1036],[23.6328,39.1068],[23.6286,39.1058],[23.6245,39.107],[23.6203,39.1089],[23.6183,39.1109],[23.6179,39.112],[23.6182,39.1133],[23.6172,39.1144],[23.6136,39.1151],[23.613,39.1161],[23.6105,39.1172],[23.6104,39.1182],[23.6068,39.1183],[23.6054,39.1193],[23.6045,39.1203],[23.6048,39.1224],[23.6036,39.1231],[23.6033,39.1245],[23.6001,39.1255],[23.5986,39.1286],[23.5964,39.1312],[23.5932,39.1331],[23.5901,39.1324],[23.587,39.1333],[23.5859,39.1344],[23.5849,39.1341],[23.5818,39.1354],[23.5797,39.1376],[23.5786,39.1373],[23.5766,39.1387],[23.5745,39.141],[23.5734,39.1411],[23.5724,39.1435],[23.5693,39.1411],[23.5682,39.1424],[23.5641,39.1436],[23.5626,39.1422],[23.5589,39.1365],[23.5547,39.1327],[23.5526,39.1318],[23.5516,39.1306],[23.5495,39.1295],[23.5484,39.1297],[23.5472,39.1286],[23.547,39.1276],[23.5452,39.1255],[23.5456,39.1245],[23.544,39.1224],[23.5431,39.1203],[23.5433,39.1193],[23.5426,39.1172],[23.5432,39.1158],[23.5422,39.1167],[23.5408,39.1151],[23.5411,39.1141],[23.5391,39.1138],[23.5363,39.112],[23.5328,39.1109],[23.5318,39.1099],[23.5297,39.1105],[23.5286,39.1096],[23.5234,39.1082],[23.5214,39.1066],[23.5193,39.1073],[23.5151,39.1075],[23.5036,39.1045],[23.4995,39.1045],[23.4901,39.1063],[23.4828,39.1059],[23.4745,39.1075],[23.4734,39.1081],[23.4641,39.1086],[23.4568,39.1104],[23.4516,39.1108],[23.4464,39.112],[23.4432,39.1119],[23.4359,39.1134],[23.4339,39.1135],[23.4266,39.1118],[23.4224,39.1114],[23.4193,39.1118],[23.4068,39.1176],[23.4026,39.1189],[23.4005,39.1191],[23.3922,39.1182],[23.3828,39.1188],[23.3746,39.1182],[23.3718,39.1172],[23.3641,39.113],[23.3599,39.1118],[23.3516,39.1112],[23.3432,39.1124],[23.341,39.1109],[23.3401,39.1099],[23.3394,39.1078],[23.3397,39.1057],[23.341,39.1036],[23.3443,39.1011],[23.3474,39.1003],[23.3557,39.0994],[23.3641,39.1],[23.3672,39.0996],[23.3705,39.0984],[23.3734,39.0965],[23.3745,39.0951],[23.3797,39.0959],[23.3849,39.0977],[23.3891,39.0984],[23.3901,39.0995],[23.3932,39.0994],[23.3957,39.0974],[23.3964,39.0911],[23.3955,39.087],[23.3962,39.0849],[23.396,39.0839],[23.395,39.0828],[23.3949,39.0818],[23.3932,39.0786],[23.3932,39.0776],[23.3905,39.0724],[23.3901,39.0703],[23.3902,39.0651],[23.3891,39.0642],[23.387,39.0636],[23.3849,39.0636],[23.3837,39.0641],[23.3778,39.0568],[23.3735,39.0484],[23.3691,39.0464],[23.3682,39.0454],[23.3676,39.0422],[23.3657,39.0401],[23.3652,39.038],[23.3651,39.037],[23.3665,39.0349],[23.3653,39.0328],[23.3646,39.0286],[23.368,39.0234],[23.3682,39.0223],[23.3703,39.0215],[23.371,39.0193],[23.3734,39.0179],[23.3766,39.017],[23.3797,39.015],[23.3828,39.0143],[23.3839,39.0145],[23.388,39.0132],[23.3922,39.0143],[23.3953,39.0142],[23.3974,39.015],[23.4036,39.0135],[23.4099,39.015],[23.4146,39.0141],[23.4169,39.0099],[23.4164,39.0078],[23.4155,39.0068],[23.4141,39.0036],[23.4133,39.0005],[23.4141,39],[23.8443,39],[23.845,39.0026],[23.845,39.0057],[23.8473,39.0109],[23.8483,39.0172],[23.8495,39.0183],[23.8505,39.0184],[23.8568,39.0159],[23.8578,39.0174],[23.8603,39.0151],[23.8598,39.0141],[23.8597,39.012],[23.8572,39.0099],[23.8537,39.0036],[23.8504,39.0005],[23.8505,39],[23.9995,39],[24,39.0005]],[[23.8922,39.0368],[23.8891,39.0368],[23.887,39.038],[23.8849,39.0413],[23.8845,39.0453],[23.8854,39.0484],[23.8874,39.0505],[23.8901,39.052],[23.8932,39.0524],[23.8953,39.0518],[23.8974,39.0505],[23.8989,39.0484],[23.8992,39.0464],[23.8987,39.0432],[23.8974,39.0405],[23.8953,39.0383],[23.8922,39.0368]]]]}},{"type":"Feature","properties":{"depth":150,"kind":"isobath"},"geometry":{"type":"MultiLineString","coordinates":[[[23.8018,39.9964],[23.8016,39.997],[23.8007,39.9964],[23.8016,39.996]],[[23.8466,39.9807],[23.8464,39.9812],[23.8455,39.9807],[23.8464,39.9804]],[[23.88,39.9682],[23.8786,39.9688],[23.8786,39.9673]],[[23.9634,39.2995],[23.9628,39.2995],[23.963,39.2992]],[[23.4987,39.2401],[23.4984,39.2409],[23.4977,39.2401]],[[23.3881,39.2318],[23.388,39.2326],[23.3878,39.2318]],[[23.9995,39.9452],[23.997,39.9432],[23.9962,39.9411],[23.9953,39.9409],[23.9932,39.9407],[23.988,39.9417],[23.9849,39.941],[23.9797,39.9423],[23.9786,39.9415],[23.9755,39.9405],[23.9745,39.9414],[23.9734,39.9412],[23.9738,39.9401],[23.9724,39.9395],[23.9693,39.9401],[23.9682,39.9391],[23.9651,39.9383],[23.9578,39.9334],[23.9505,39.9311],[23.9474,39.9291],[23.9432,39.9278],[23.9349,39.927],[23.9328,39.9281],[23.9307,39.9309],[23.9276,39.9292],[23.926,39.9297],[23.9245,39.9314],[23.9224,39.9302],[23.9214,39.9301],[23.9089,39.931],[23.9057,39.9324],[23.9042,39.9339],[23.9039,39.9349],[23.9047,39.9366],[23.9079,39.9391],[23.9068,39.9406],[23.9058,39.9411],[23.9047,39.9431],[23.9031,39.9443],[23.9016,39.9466],[23.9005,39.9464],[23.8964,39.9481],[23.8943,39.951],[23.8922,39.9517],[23.8911,39.9527],[23.8891,39.9531],[23.888,39.9545],[23.887,39.9544],[23.8849,39.9568],[23.8839,39.9566],[23.8834,39.9578],[23.8797,39.9613],[23.8786,39.9606],[23.8776,39.9607],[23.878,39.963],[23.8769,39.9641],[23.8779,39.9651],[23.8785,39.9672],[23.8776,39.9674],[23.8755,39.9657],[23.8745,39.9672],[23.8755,39.9671],[23.8784,39.9693],[23.8766,39.9698],[23.8755,39.9682],[23.8734,39.9689],[23.8724,39.9677],[23.8714,39.9679],[23.8711,39.9682],[23.8716,39.9693],[23.8717,39.9714],[23.8697,39.9734],[23.8705,39.9745],[23.8703,39.9756],[23.8651,39.9774],[23.862,39.9775],[23.8568,39.9772],[23.8495,39.9755],[23.8478,39.9755],[23.8466,39.9766],[23.8467,39.9786],[23.8454,39.9797],[23.8449,39.9818],[23.8455,39.9828],[23.8453,39.9838],[23.8443,39.9843],[23.8411,39.9842],[23.838,39.9817],[23.8349,39.9827],[23.8318,39.9852],[23.8266,39.9862],[23.8214,39.9854],[23.8182,39.9856],[23.8151,39.9842],[23.813,39.985],[23.8109,39.9849],[23.8099,39.9837],[23.8057,39.9837],[23.8053,39.9839],[23.8056,39.9849],[23.8036,39.9861],[23.8026,39.9861],[23.7995,39.9912],[23.7992,39.9953],[23.8002,39.9964],[23.7997,39.9974],[23.8007,39.9984],[23.7995,39.9989],[23.7991,39.9974],[23.7984,39.9971],[23.7979,39.9974]],[[23.6745,39.9992],[23.6755,39.9981],[23.6792,39.9953],[23.6797,39.995],[23.6807,39.9954],[23.6818,39.9942],[23.6922,39.9883],[23.6964,39.9849],[23.6979,39.9807],[23.6976,39.9766],[23.6963,39.9734],[23.6966,39.9724],[23.6962,39.9703],[23.6967,39.9693],[23.697,39.9651],[23.7014,39.9589],[23.7028,39.9578],[23.7068,39.9533],[23.7159,39.9484],[23.7203,39.9473],[23.7276,39.948],[23.7307,39.9489],[23.7349,39.9515],[23.7401,39.9523],[23.7484,39.9522],[23.7499,39.9516],[23.7505,39.9484],[23.7519,39.9453],[23.7519,39.9432],[23.7536,39.9412],[23.7526,39.9401],[23.7536,39.936],[23.7553,39.9328],[23.7573,39.9245],[23.7595,39.9203],[23.7601,39.9161],[23.7615,39.913],[23.7616,39.9099],[23.7609,39.9086],[23.7568,39.9068],[23.7557,39.907],[23.7422,39.9055],[23.738,39.9038],[23.7349,39.9032],[23.7224,39.9047],[23.7161,39.9039],[23.7109,39.9059],[23.7036,39.9066],[23.7005,39.9077],[23.6974,39.9081],[23.6901,39.9122],[23.687,39.9129],[23.6839,39.913],[23.6807,39.9126],[23.6745,39.9106],[23.6672,39.9093],[23.6599,39.9087],[23.6536,39.9076],[23.6516,39.9085],[23.6474,39.9091],[23.6422,39.9078],[23.6401,39.908],[23.638,39.909],[23.6359,39.9074],[23.6339,39.9073],[23.6307,39.9085],[23.6276,39.9087],[23.6245,39.9108],[23.6078,39.9158],[23.5995,39.9174],[23.5911,39.9181],[23.588,39.9198],[23.5797,39.9193],[23.5734,39.9212],[23.5693,39.9218],[23.5651,39.9232],[23.5641,39.9239],[23.5551,39.9266],[23.5516,39.9285],[23.5464,39.9306],[23.5432,39.9332],[23.538,39.9358],[23.5297,39.9363],[23.5214,39.9397],[23.5109,39.942],[23.5078,39.9431],[23.5068,39.9442],[23.5005,39.9456],[23.4984,39.9455],[23.4974,39.9447],[23.4968,39.9453],[23.4953,39.9455],[23.4922,39.9434],[23.4901,39.943],[23.4891,39.943],[23.488,39.9439],[23.487,39.9439],[23.4849,39.9449],[23.4807,39.9452],[23.4776,39.9442],[23.472,39.9411],[23.4672,39.9396],[23.4633,39.937],[23.4609,39.9339],[23.4607,39.9318],[23.4634,39.9276],[23.4632,39.9255],[23.4625,39.9234],[23.4618,39.9224],[23.4599,39.921],[23.4557,39.9199],[23.4443,39.9202],[23.4417,39.9214],[23.437,39.9248],[23.4349,39.9256],[23.4255,39.9252],[23.4214,39.9258],[23.42,39.9266],[23.4196,39.9276],[23.4201,39.9307],[23.4194,39.9339],[23.4179,39.9359],[23.4161,39.9366],[23.412,39.9368],[23.4047,39.9353],[23.3974,39.9346],[23.3894,39.9318],[23.3864,39.9297],[23.3858,39.9286],[23.3855,39.9266],[23.387,39.9239],[23.3871,39.9224],[23.3845,39.9172],[23.3818,39.9141],[23.3755,39.9106],[23.3704,39.9057],[23.3701,39.9036],[23.3704,39.9016],[23.374,39.8953],[23.375,39.8911],[23.3746,39.888],[23.3728,39.8849],[23.3693,39.883],[23.3589,39.8807],[23.3547,39.8784],[23.3505,39.8737],[23.3449,39.8641],[23.3401,39.8576],[23.337,39.8543],[23.3318,39.8508],[23.3276,39.849],[23.3214,39.8476],[23.3026,39.8459],[23.2943,39.8444],[23.2911,39.843],[23.2844,39.838],[23.2824,39.8359],[23.2816,39.8328],[23.2842,39.8234],[23.2847,39.8193],[23.2837,39.8161],[23.2815,39.813],[23.2787,39.8109],[23.2709,39.8068],[23.2597,39.7953],[23.2568,39.7936],[23.2516,39.7919],[23.2495,39.7907],[23.2475,39.788],[23.2444,39.7807],[23.238,39.7751],[23.2346,39.7703],[23.2328,39.7687],[23.2307,39.7677],[23.2276,39.767],[23.2182,39.7672],[23.2158,39.7661],[23.213,39.7633],[23.2111,39.7599],[23.2105,39.7568],[23.2118,39.7547],[23.2169,39.7505],[23.2183,39.7484],[23.2183,39.7474],[23.2177,39.7464],[23.2151,39.7441],[23.213,39.7428],[23.2109,39.7427],[23.2049,39.7484],[23.1999,39.7516],[23.1995,39.7526],[23.2016,39.7557],[23.2021,39.7578],[23.201,39.7599],[23.1995,39.7608],[23.1922,39.762],[23.188,39.7617],[23.1846,39.7609],[23.1807,39.7593],[23.1745,39.7577],[23.1727,39.7568],[23.172,39.7557],[23.1721,39.7547],[23.1734,39.753],[23.1797,39.7519],[23.1818,39.7509],[23.1827,39.7495],[23.1825,39.7484],[23.1818,39.7479],[23.1797,39.7473],[23.1703,39.7475],[23.1672,39.7472],[23.1568,39.7442],[23.1401,39.7428],[23.1328,39.7404],[23.1273,39.737],[23.1245,39.734],[23.1222,39.7297],[23.1182,39.7182],[23.1162,39.7151],[23.1139,39.713],[23.1109,39.7113],[23.1078,39.7104],[23.0953,39.7091],[23.0895,39.7078],[23.0839,39.7051],[23.0792,39.7016],[23.0765,39.6964],[23.0762,39.6922],[23.0772,39.688],[23.0806,39.6807],[23.081,39.6786],[23.0807,39.6766],[23.0796,39.6745],[23.0776,39.6724],[23.0724,39.67],[23.0702,39.6682],[23.0682,39.6651],[23.0671,39.6599],[23.0679,39.6568],[23.0692,39.6547],[23.0749,39.6516],[23.0755,39.6505],[23.0724,39.6451],[23.0723,39.6411],[23.0735,39.638],[23.0801,39.6297],[23.0811,39.6266],[23.0811,39.6234],[23.0807,39.6214],[23.0791,39.6182],[23.0722,39.6109],[23.0691,39.6057],[23.0685,39.6005],[23.0716,39.5891],[23.0709,39.587],[23.0676,39.5818],[23.0662,39.5786],[23.0633,39.5703],[23.0627,39.5661],[23.0635,39.562],[23.0664,39.5568],[23.0696,39.5526],[23.0755,39.5469],[23.0774,39.5443],[23.0781,39.5422],[23.0788,39.5359],[23.0806,39.5318],[23.0839,39.5291],[23.0906,39.5276],[23.0922,39.5268],[23.0995,39.5184],[23.1047,39.515],[23.1078,39.5136],[23.1098,39.512],[23.113,39.5078],[23.119,39.4953],[23.1222,39.4901],[23.1255,39.4867],[23.1286,39.4845],[23.1318,39.4835],[23.1337,39.4818],[23.1347,39.4797],[23.135,39.4766],[23.1367,39.4724],[23.1408,39.4672],[23.1484,39.4615],[23.1526,39.4641],[23.1568,39.4636],[23.1578,39.4647],[23.1589,39.4637],[23.1599,39.4647],[23.1651,39.463],[23.1755,39.4535],[23.1786,39.4494],[23.18,39.4484],[23.1849,39.443],[23.1868,39.4401],[23.1911,39.4357],[23.1943,39.4328],[23.2003,39.4286],[23.2035,39.4234],[23.2038,39.4203],[23.2071,39.4172],[23.2078,39.4159],[23.2095,39.4151],[23.2099,39.4141],[23.2111,39.413],[23.2109,39.4119],[23.2131,39.412],[23.213,39.4106],[23.2146,39.4099],[23.215,39.4078],[23.2174,39.4047],[23.2176,39.4036],[23.2241,39.3953],[23.2239,39.3932],[23.2259,39.3891],[23.2263,39.3849],[23.2274,39.3807],[23.2285,39.3786],[23.2307,39.3763],[23.2318,39.3738],[23.2334,39.3724],[23.2383,39.3661],[23.2443,39.3619],[23.2525,39.3599],[23.2536,39.3592],[23.2547,39.3594],[23.2557,39.3587],[23.2568,39.3596],[23.2578,39.3597],[23.2661,39.3558],[23.2734,39.3505],[23.2807,39.3434],[23.2839,39.3411],[23.2856,39.3391],[23.287,39.3385],[23.2894,39.3349],[23.2899,39.3328],[23.2907,39.3318],[23.2907,39.3307],[23.2923,39.3266],[23.2923,39.3245],[23.2954,39.3172],[23.297,39.3099],[23.3006,39.3005],[23.3041,39.2932],[23.3075,39.288],[23.3161,39.2819],[23.3172,39.2807],[23.3255,39.2775],[23.3266,39.2776],[23.3297,39.276],[23.3318,39.2755],[23.3339,39.276],[23.3369,39.2734],[23.3411,39.2717],[23.3432,39.27],[23.3458,39.2693],[23.3515,39.2661],[23.3546,39.2651],[23.357,39.263],[23.3575,39.262],[23.3564,39.2609],[23.3568,39.2599],[23.3557,39.2597],[23.3556,39.2589],[23.3546,39.2578],[23.355,39.2568],[23.3526,39.2547],[23.3518,39.2526],[23.3505,39.2515],[23.3495,39.2513],[23.3484,39.2496],[23.3482,39.2484],[23.3488,39.2474],[23.3505,39.247],[23.3521,39.2474],[23.3536,39.2493],[23.3555,39.2505],[23.3599,39.2524],[23.3646,39.2526],[23.3661,39.2516],[23.3661,39.2505],[23.3672,39.2502],[23.3678,39.2495],[23.3696,39.2453],[23.3699,39.2432],[23.3714,39.2412],[23.3726,39.2401],[23.3786,39.2372],[23.3828,39.2322],[23.3839,39.2322],[23.3849,39.2314],[23.388,39.2328],[23.3898,39.2359],[23.3932,39.2393],[23.3953,39.2396],[23.3964,39.2392],[23.3995,39.2401],[23.4026,39.2403],[23.4036,39.2389],[23.4068,39.2394],[23.4089,39.239],[23.4113,39.238],[23.413,39.2363],[23.4161,39.2355],[23.4307,39.2325],[23.4359,39.232],[23.4391,39.2307],[23.4432,39.2311],[23.4453,39.2302],[23.4703,39.2347],[23.4745,39.2346],[23.4766,39.2339],[23.4797,39.2346],[23.4828,39.2331],[23.4859,39.2332],[23.488,39.2322],[23.4911,39.237],[23.4953,39.24],[23.4964,39.2397],[23.4984,39.2414],[23.4995,39.2407],[23.5026,39.2447],[23.504,39.2453],[23.512,39.2469],[23.513,39.2462],[23.5161,39.2463],[23.5193,39.2472],[23.5255,39.2474],[23.5339,39.2454],[23.5349,39.2435],[23.537,39.2423],[23.5411,39.2426],[23.5484,39.2407],[23.5495,39.2407],[23.5505,39.2414],[23.5536,39.2412],[23.5557,39.2398],[23.5589,39.2394],[23.5627,39.237],[23.5641,39.2354],[23.567,39.2339],[23.5665,39.2318],[23.5672,39.2295],[23.5714,39.2272],[23.5734,39.2244],[23.5786,39.2236],[23.5797,39.2224],[23.5807,39.2223],[23.5851,39.2245],[23.5922,39.2246],[23.5984,39.2261],[23.6005,39.2258],[23.6047,39.2239],[23.6068,39.2235],[23.6077,39.2214],[23.6099,39.2199],[23.6224,39.2198],[23.6234,39.2187],[23.6248,39.2161],[23.6247,39.2141],[23.6233,39.212],[23.6236,39.2109],[23.6245,39.2101],[23.6266,39.2101],[23.6328,39.2117],[23.6349,39.2127],[23.6453,39.2113],[23.6472,39.2099],[23.6474,39.2088],[23.6509,39.2078],[23.6522,39.2047],[23.6547,39.2037],[23.6568,39.2017],[23.6599,39.2021],[23.662,39.2013],[23.6661,39.2013],[23.6682,39.2005],[23.6695,39.1964],[23.6745,39.1925],[23.6786,39.193],[23.6849,39.1902],[23.6892,39.1901],[23.6904,39.1891],[23.6921,39.1859],[23.6932,39.1851],[23.6974,39.1853],[23.7005,39.1838],[23.7036,39.184],[23.7068,39.182],[23.7099,39.1818],[23.7151,39.1803],[23.7214,39.1798],[23.7303,39.1776],[23.7351,39.1755],[23.7349,39.1748],[23.7337,39.1745],[23.7349,39.1743],[23.7366,39.1724],[23.737,39.1701],[23.7411,39.1673],[23.7432,39.1666],[23.7454,39.1651],[23.7455,39.1641],[23.7474,39.1628],[23.7484,39.1626],[23.7547,39.1635],[23.7609,39.1624],[23.7625,39.163],[23.7661,39.1634],[23.7676,39.1641],[23.7683,39.1651],[23.7745,39.1674],[23.7793,39.1714],[23.7825,39.1766],[23.7839,39.1778],[23.7901,39.1812],[23.7932,39.184],[23.7984,39.1864],[23.8016,39.1892],[23.8048,39.1911],[23.8089,39.1919],[23.8193,39.191],[23.8222,39.1922],[23.8213,39.1943],[23.8244,39.1995],[23.8255,39.2006],[23.8329,39.2047],[23.8349,39.208],[23.8421,39.2141],[23.8432,39.2163],[23.8485,39.2214],[23.8516,39.2256],[23.8578,39.2298],[23.8651,39.2313],[23.8724,39.2349],[23.8784,39.237],[23.8934,39.2474],[23.8932,39.2485],[23.8953,39.2489],[23.8984,39.2504],[23.9016,39.2512],[23.9021,39.2526],[23.9039,39.2536],[23.9036,39.2552],[23.9047,39.2555],[23.9074,39.2589],[23.913,39.2634],[23.9161,39.265],[23.9175,39.2672],[23.9214,39.2712],[23.9266,39.2777],[23.9316,39.2828],[23.9359,39.286],[23.938,39.2891],[23.9431,39.2943],[23.9464,39.2974],[23.9514,39.3005],[23.9627,39.3047],[23.9703,39.3061],[23.9733,39.3057],[23.9745,39.305],[23.9746,39.3047],[23.9724,39.303],[23.9715,39.3016],[23.9724,39.3012],[23.9734,39.3014],[23.9745,39.3009],[23.9753,39.3016],[23.9755,39.3028],[23.9766,39.3032],[23.9797,39.3029],[23.9839,39.3037],[23.987,39.3033],[23.988,39.304],[23.9911,39.3042],[23.9958,39.3057],[23.9974,39.3082]],[[23.8755,39.9636],[23.8751,39.9641],[23.8757,39.9641]],[[23.8776,39.9296],[23.8755,39.9291],[23.8747,39.9297],[23.8755,39.9307],[23.8766,39.9308]],[[23.1141,39.6763],[23.112,39.6756],[23.1099,39.6757],[23.1078,39.6766],[23.107,39.6776],[23.107,39.6786],[23.1089,39.6802],[23.112,39.6802],[23.1151,39.6786],[23.1155,39.6776]],[[23.112,39.6536],[23.1099,39.6536],[23.1089,39.6544],[23.1084,39.6557],[23.1089,39.6568],[23.1109,39.6573],[23.113,39.6568],[23.1136,39.6557],[23.1133,39.6547]],[[23.438,39.2852],[23.4372,39.2859],[23.438,39.2865],[23.4387,39.2859]],[[23.5622,39.1557],[23.5633,39.1568],[23.563,39.1589],[23.5619,39.1589],[23.5615,39.1578],[23.5613,39.1557],[23.562,39.1554]],[[23.5811,39.138],[23.5807,39.1385],[23.5801,39.138],[23.5807,39.1372]],[[23.5456,39.1328],[23.5453,39.1333],[23.5444,39.1328],[23.5453,39.1324]],[[23.5326,39.1109],[23.5314,39.1109],[23.5318,39.11]],[[23.9412,39.0797],[23.9411,39.0809],[23.9406,39.0807],[23.9408,39.0797]],[[23.9403,39.0766],[23.9401,39.0769],[23.9395,39.0766],[23.9401,39.0762]],[[23.9391,39.0745],[23.9391,39.0755],[23.9384,39.0745]],[[23.9405,39.0734],[23.9401,39.0738],[23.9394,39.0734],[23.9401,39.0727]],[[23.9351,39.0557],[23.9344,39.0557],[23.9349,39.0548]],[[23.9995,39.1101],[23.996,39.1005],[23.9942,39.0974],[23.9942,39.0964],[23.9891,39.0899],[23.9841,39.0859],[23.9839,39.0846],[23.9828,39.085],[23.9823,39.0839],[23.9787,39.0807],[23.9774,39.0786],[23.9754,39.0724],[23.9743,39.0714],[23.9747,39.0703],[23.9736,39.0693],[23.9717,39.0661],[23.9651,39.064],[23.963,39.0624],[23.9568,39.059],[23.9557,39.0603],[23.9547,39.0592],[23.9536,39.0592],[23.9526,39.0601],[23.9464,39.0608],[23.9443,39.0603],[23.9432,39.0582],[23.9391,39.0557],[23.937,39.0553],[23.9359,39.0546],[23.9349,39.0547],[23.9338,39.0557],[23.9347,39.0568],[23.9349,39.0589],[23.9359,39.0608],[23.9396,39.0641],[23.9393,39.0651],[23.9402,39.0672],[23.9399,39.0682],[23.9403,39.0703],[23.9399,39.0724],[23.938,39.0745],[23.9391,39.0755],[23.9379,39.0766],[23.9398,39.0797],[23.9387,39.0807],[23.9396,39.0818],[23.9391,39.0828],[23.9397,39.0839],[23.94,39.088],[23.9407,39.0901],[23.9427,39.0932],[23.9468,39.0974],[23.9516,39.1059],[23.9542,39.1193],[23.9656,39.1401],[23.9658,39.1411],[23.9651,39.1423],[23.962,39.1431],[23.9464,39.1437],[23.9432,39.1432],[23.9422,39.1422],[23.9403,39.138],[23.937,39.1345],[23.9345,39.1328],[23.9256,39.1286],[23.9222,39.1266],[23.9184,39.1234],[23.9104,39.1151],[23.9068,39.1123],[23.9026,39.1109],[23.8943,39.1092],[23.8828,39.1087],[23.8786,39.1092],[23.8744,39.1089],[23.8745,39.1078],[23.8739,39.1068],[23.8703,39.1036],[23.8693,39.1019],[23.8672,39.1005],[23.8555,39.0891],[23.8516,39.0806],[23.8495,39.0788],[23.8464,39.0776],[23.8432,39.0771],[23.8391,39.0785],[23.8365,39.0807],[23.8318,39.0868],[23.8297,39.0879],[23.8266,39.0882],[23.8224,39.0865],[23.8141,39.0786],[23.8099,39.0766],[23.8057,39.0761],[23.7984,39.0761],[23.7911,39.0736],[23.7859,39.0729],[23.7797,39.0734],[23.7724,39.0733],[23.7672,39.0716],[23.7651,39.0717],[23.7609,39.0705],[23.7583,39.0714],[23.7578,39.0724],[23.7568,39.0718],[23.7484,39.071],[23.7464,39.0722],[23.7453,39.0712],[23.7432,39.0708],[23.7384,39.0682],[23.7297,39.067],[23.7224,39.0653],[23.7203,39.0656],[23.7161,39.0678],[23.712,39.0681],[23.7096,39.0693],[23.7057,39.0698],[23.7016,39.0728],[23.7005,39.074],[23.6953,39.0774],[23.6901,39.0778],[23.6828,39.0774],[23.6786,39.0757],[23.6766,39.0742],[23.6755,39.0741],[23.673,39.0776],[23.6703,39.0789],[23.6672,39.0814],[23.6641,39.0822],[23.662,39.0818],[23.6578,39.0818],[23.6536,39.0834],[23.6516,39.0837],[23.6475,39.0859],[23.6469,39.087],[23.6476,39.0922],[23.647,39.0953],[23.646,39.0984],[23.6449,39.0995],[23.6422,39.1036],[23.6328,39.1068],[23.6286,39.1058],[23.6245,39.107],[23.6203,39.1089],[23.6183,39.1109],[23.6179,39.112],[23.6182,39.1133],[23.6172,39.1144],[23.6136,39.1151],[23.613,39.1161],[23.6105,39.1172],[23.6104,39.1182],[23.6068,39.1183],[23.6054,39.1193],[23.6045,39.1203],[23.6048,39.1224],[23.6036,39.1231],[23.6033,39.1245],[23.6001,39.1255],[23.5986,39.1286],[23.5964,39.1312],[23.5932,39.1331],[23.5901,39.1324],[23.587,39.1333],[23.5859,39.1344],[23.5849,39.1341],[23.5818,39.1354],[23.5797,39.1376],[23.5786,39.1373],[23.5766,39.1387],[23.5745,39.141],[23.5734,39.1411],[23.5724,39.1435],[23.5693,39.1411],[23.5682,39.1424],[23.5641,39.1436],[23.5626,39.1422],[23.5589,39.1365],[23.5547,39.1327],[23.5526,39.1318],[23.5516,39.1306],[23.5495,39.1295],[23.5484,39.1297],[23.5472,39.1286],[23.547,39.1276],[23.5452,39.1255],[23.5456,39.1245],[23.544,39.1224],[23.5431,39.1203],[23.5433,39.1193],[23.5426,39.1172],[23.5432,39.1158],[23.5422,39.1167],[23.5408,39.1151],[23.5411,39.1141],[23.5391,39.1138],[23.5363,39.112],[23.5328,39.1109],[23.5318,39.1099],[23.5297,39.1105],[23.5286,39.1096],[23.5234,39.1082],[23.5214,39.1066],[23.5193,39.1073],[23.5151,39.1075],[23.5036,39.1045],[23.4995,39.1045],[23.4901,39.1063],[23.4828,39.1059],[23.4745,39.1075],[23.4734,39.1081],[23.4641,39.1086],[23.4568,39.1104],[23.4516,39.1108],[23.4464,39.112],[23.4432,39.1119],[23.4359,39.1134],[23.4339,39.1135],[23.4266,39.1118],[23.4224,39.1114],[23.4193,39.1118],[23.4068,39.1176],[23.4026,39.1189],[23.4005,39.1191],[23.3922,39.1182],[23.3828,39.1188],[23.3746,39.1182],[23.3718,39.1172],[23.3641,39.113],[23.3599,39.1118],[23.3516,39.1112],[23.3432,39.1124],[23.341,39.1109],[23.3401,39.1099],[23.3394,39.1078],[23.3397,39.1057],[23.341,39.1036],[23.3443,39.1011],[23.3474,39.1003],[23.3557,39.0994],[23.3641,39.1],[23.3672,39.0996],[23.3705,39.0984],[23.3734,39.0965],[23.3745,39.0951],[23.3797,39.0959],[23.3849,39.0977],[23.3891,39.0984],[23.3901,39.0995],[23.3932,39.0994],[23.3957,39.0974],[23.3964,39.0911],[23.3955,39.087],[23.3962,39.0849],[23.396,39.0839],[23.395,39.0828],[23.3949,39.0818],[23.3932,39.0786],[23.3932,39.0776],[23.3905,39.0724],[23.3901,39.0703],[23.3902,39.0651],[23.3891,39.0642],[23.387,39.0636],[23.3849,39.0636],[23.3837,39.0641],[23.3778,39.0568],[23.3735,39.0484],[23.3691,39.0464],[23.3682,39.0454],[23.3676,39.0422],[23.3657,39.0401],[23.3652,39.038],[23.3651,39.037],[23.3665,39.0349],[23.3653,39.0328],[23.3646,39.0286],[23.368,39.0234],[23.3682,39.0223],[23.3703,39.0215],[23.371,39.0193],[23.3734,39.0179],[23.3766,39.017],[23.3797,39.015],[23.3828,39.0143],[23.3839,39.0145],[23.388,39.0132],[23.3922,39.0143],[23.3953,39.0142],[23.3974,39.015],[23.4036,39.0135],[23.4099,39.015],[23.4146,39.0141],[23.4169,39.0099],[23.4164,39.0078],[23.4155,39.0068],[23.4141,39.0036],[23.4133,39.0005]],[[23.845,39.0026],[23.845,39.0057],[23.8473,39.0109],[23.8483,39.0172],[23.8495,39.0183],[23.8505,39.0184],[23.8568,39.0159],[23.8578,39.0174],[23.8603,39.0151],[23.8598,39.0141],[23.8597,39.012],[23.8572,39.0099],[23.8537,39.0036],[23.8504,39.0005]],[[23.8922,39.0368],[23.8891,39.0368],[23.887,39.038],[23.8849,39.0413],[23.8845,39.0453],[23.8854,39.0484],[23.8874,39.0505],[23.8901,39.052],[23.8932,39.0524],[23.8953,39.0518],[23.8974,39.0505],[23.8989,39.0484],[23.8992,39.0464],[23.8987,39.0432],[23.8974,39.0405],[23.8953,39.0383]]]}},{"type":"Feature","properties":{"depth":200,"kind":"band"},"geometry":{"type":"MultiPolygon","coordinates":[[[[23.8664,39.9557],[23.8661,39.9561],[23.8658,39.9557],[23.8661,39.9554],[23.8664,39.9557]]],[[[23.8654,39.9547],[23.8645,39.9547],[23.8651,39.9541],[23.8654,39.9547]]],[[[23.8674,39.9526],[23.8668,39.9526],[23.8672,39.9523],[23.8674,39.9526]]],[[[23.8667,39.9516],[23.8661,39.9521],[23.8653,39.9516],[23.8661,39.9508],[23.8667,39.9516]]],[[[23.8695,39.9516],[23.8693,39.9522],[23.8689,39.9516],[23.8695,39.9516]]],[[[23.1923,39.7547],[23.1932,39.7548],[23.1943,39.7557],[23.1939,39.7568],[23.1932,39.7572],[23.1914,39.7568],[23.1908,39.7557],[23.1923,39.7547]]],[[[23.2356,39.3932],[23.2349,39.3941],[23.2347,39.3932],[23.2356,39.3932]]],[[[23.285,39.3526],[23.2849,39.3541],[23.284,39.3536],[23.2838,39.3526],[23.285,39.3526]]],[[[23.9717,39.3182],[23.9714,39.3192],[23.9698,39.3182],[23.9703,39.3177],[23.9714,39.3178],[23.9717,39.3182]]],[[[23.9662,39.312],[23.9686,39.3151],[23.9689,39.3161],[23.9682,39.3168],[23.9661,39.3156],[23.9651,39.3135],[23.9641,39.3137],[23.9632,39.313],[23.9631,39.312],[23.9641,39.311],[23.9662,39.312]]],[[[23.963,39.3099],[23.964,39.3109],[23.963,39.3119],[23.962,39.3118],[23.9609,39.3103],[23.9599,39.3099],[23.962,39.3093],[23.963,39.3099]]],[[[23.3123,39.2953],[23.3119,39.2964],[23.3099,39.2967],[23.3099,39.2959],[23.3109,39.2943],[23.3123,39.2953]]],[[[23.7744,39.1703],[23.7776,39.1727],[23.7797,39.1777],[23.7828,39.1803],[23.7839,39.1811],[23.7894,39.1828],[23.793,39.1859],[23.7974,39.188],[23.8005,39.1911],[23.8057,39.1941],[23.8089,39.1955],[23.8151,39.193],[23.8164,39.1932],[23.8173,39.1943],[23.8168,39.1964],[23.8172,39.1973],[23.8193,39.197],[23.8203,39.1974],[23.8211,39.2005],[23.8219,39.2016],[23.8255,39.2042],[23.8297,39.2049],[23.8315,39.2057],[23.8327,39.2068],[23.837,39.213],[23.8401,39.2144],[23.8421,39.2182],[23.8443,39.2201],[23.846,39.2224],[23.8484,39.227],[23.8505,39.2288],[23.8578,39.2328],[23.8651,39.2332],[23.8745,39.2369],[23.8755,39.2368],[23.8776,39.2399],[23.8828,39.2425],[23.8859,39.2459],[23.8872,39.2464],[23.8932,39.2533],[23.9036,39.2598],[23.9099,39.2646],[23.9161,39.272],[23.9193,39.2746],[23.9276,39.2833],[23.9401,39.294],[23.9464,39.3008],[23.9501,39.3036],[23.9568,39.3137],[23.9609,39.3168],[23.9641,39.3203],[23.9665,39.3245],[23.9682,39.3266],[23.97,39.3276],[23.9703,39.3301],[23.9734,39.333],[23.9746,39.3339],[23.9786,39.3349],[23.981,39.3349],[23.9828,39.334],[23.9859,39.3343],[23.987,39.3355],[23.9901,39.3367],[23.9943,39.3408],[23.9974,39.3417],[23.9995,39.3433],[24,39.3443],[24,39.9391],[23.9995,39.9401],[23.9964,39.9385],[23.9891,39.94],[23.9828,39.938],[23.9755,39.9379],[23.9714,39.9362],[23.9609,39.9304],[23.9568,39.9288],[23.9557,39.9287],[23.9544,39.9266],[23.9536,39.9261],[23.9443,39.9231],[23.9401,39.923],[23.9318,39.9259],[23.9308,39.9266],[23.9307,39.9282],[23.9297,39.9286],[23.9276,39.9268],[23.9266,39.9271],[23.9255,39.9265],[23.9255,39.9286],[23.9245,39.9293],[23.9234,39.9293],[23.9224,39.9281],[23.9214,39.9279],[23.9089,39.9282],[23.9068,39.9291],[23.9012,39.9328],[23.8999,39.937],[23.8973,39.9411],[23.8972,39.9422],[23.8948,39.9432],[23.8943,39.9443],[23.8932,39.945],[23.8901,39.9462],[23.8896,39.9474],[23.888,39.9489],[23.8839,39.9508],[23.8828,39.9522],[23.8797,39.9543],[23.8766,39.9551],[23.8745,39.9534],[23.8749,39.9557],[23.8734,39.9564],[23.8724,39.955],[23.8721,39.9557],[23.8714,39.956],[23.871,39.9557],[23.8713,39.9547],[23.8709,39.9536],[23.8696,39.9526],[23.8711,39.9516],[23.8699,39.9505],[23.8687,39.9484],[23.8684,39.9464],[23.8677,39.9464],[23.8682,39.9474],[23.8648,39.9484],[23.8649,39.9495],[23.866,39.9505],[23.8651,39.9514],[23.863,39.951],[23.863,39.952],[23.8641,39.9526],[23.8645,39.9536],[23.8641,39.9542],[23.863,39.9534],[23.8626,39.9547],[23.863,39.9559],[23.8643,39.9568],[23.8599,39.9614],[23.8589,39.9612],[23.8578,39.9622],[23.8557,39.9619],[23.8547,39.9625],[23.8516,39.9626],[23.8505,39.9637],[23.8495,39.9636],[23.8484,39.9645],[23.8464,39.9651],[23.8432,39.9651],[23.8408,39.9661],[23.8359,39.9706],[23.8339,39.9742],[23.8307,39.9771],[23.8276,39.9791],[23.8234,39.9803],[23.813,39.9805],[23.812,39.9795],[23.8089,39.9792],[23.8078,39.9786],[23.8016,39.9781],[23.8005,39.9803],[23.7988,39.9807],[23.7974,39.9825],[23.7953,39.9831],[23.7932,39.9863],[23.792,39.9901],[23.7908,39.9922],[23.7912,39.9932],[23.7904,39.9943],[23.7905,39.9974],[23.7898,39.9984],[23.7898,39.9995],[23.7891,40],[23.7818,40],[23.7807,39.9991],[23.7797,40],[23.7766,39.9993],[23.7749,39.9995],[23.7745,40],[23.6828,40],[23.6825,39.9995],[23.6828,39.9992],[23.6839,39.9995],[23.6859,39.9989],[23.6964,39.9936],[23.6978,39.9922],[23.7042,39.988],[23.7064,39.9859],[23.7071,39.9839],[23.707,39.9828],[23.7031,39.9766],[23.7012,39.9745],[23.7005,39.9724],[23.7003,39.9693],[23.701,39.9661],[23.7047,39.9609],[23.7068,39.9593],[23.713,39.9561],[23.7172,39.9529],[23.7214,39.9519],[23.7245,39.9522],[23.7255,39.953],[23.7266,39.9526],[23.7286,39.9531],[23.7322,39.9557],[23.7328,39.9569],[23.7349,39.9582],[23.7359,39.9577],[23.738,39.9591],[23.7401,39.959],[23.7411,39.9596],[23.7443,39.9599],[23.7495,39.9589],[23.7536,39.952],[23.7575,39.9422],[23.7588,39.937],[23.7607,39.9328],[23.762,39.9269],[23.7641,39.9228],[23.7666,39.9151],[23.7744,39.9068],[23.7745,39.9044],[23.7724,39.9044],[23.7714,39.9055],[23.7703,39.9057],[23.7651,39.9055],[23.756,39.9036],[23.7516,39.9006],[23.7495,39.9003],[23.7422,39.9014],[23.7391,39.9012],[23.7234,39.9038],[23.7161,39.9033],[23.713,39.9045],[23.7109,39.9045],[23.7099,39.905],[23.7089,39.9047],[23.7069,39.9057],[23.7036,39.9057],[23.7016,39.9062],[23.7005,39.9071],[23.6974,39.9073],[23.6901,39.9112],[23.6849,39.9119],[23.6807,39.9113],[23.678,39.9099],[23.6734,39.9085],[23.6609,39.9072],[23.6547,39.906],[23.6516,39.9061],[23.6505,39.9072],[23.6495,39.9071],[23.6474,39.908],[23.6453,39.9078],[23.6432,39.9062],[23.6391,39.9069],[23.6359,39.9057],[23.6339,39.906],[23.6307,39.9075],[23.6276,39.908],[23.6254,39.9089],[23.6245,39.9098],[23.6234,39.9097],[23.6078,39.9149],[23.6047,39.9151],[23.5995,39.9165],[23.5932,39.9167],[23.5901,39.9173],[23.587,39.9186],[23.5786,39.9189],[23.5734,39.9206],[23.5685,39.9214],[23.5641,39.9231],[23.5541,39.9255],[23.5506,39.9276],[23.5432,39.9307],[23.54,39.9328],[23.538,39.935],[23.5328,39.9346],[23.5286,39.9354],[23.5224,39.938],[23.5172,39.9385],[23.513,39.9407],[23.5068,39.9419],[23.5016,39.9435],[23.4995,39.9426],[23.4974,39.943],[23.4953,39.9419],[23.4932,39.9424],[23.4922,39.9413],[23.4891,39.9413],[23.488,39.9406],[23.487,39.9409],[23.4807,39.9405],[23.4781,39.9391],[23.4776,39.9379],[23.4738,39.9349],[23.4718,39.9318],[23.4721,39.9297],[23.4754,39.9255],[23.4756,39.9245],[23.4755,39.9224],[23.4739,39.9182],[23.4687,39.9109],[23.4661,39.909],[23.4633,39.9078],[23.4578,39.9065],[23.4537,39.9068],[23.4513,39.9078],[23.4449,39.913],[23.4411,39.9138],[23.4339,39.9141],[23.412,39.9136],[23.4026,39.9126],[23.3974,39.9111],[23.3932,39.9085],[23.39,39.9047],[23.3882,39.9016],[23.3871,39.8974],[23.3856,39.8859],[23.3838,39.8807],[23.3815,39.8766],[23.3755,39.871],[23.3609,39.8642],[23.3578,39.8617],[23.3544,39.8578],[23.3528,39.8547],[23.352,39.8516],[23.3525,39.8474],[23.3522,39.8443],[23.3498,39.8401],[23.3432,39.8351],[23.3318,39.8297],[23.3307,39.8286],[23.3298,39.8266],[23.3329,39.8193],[23.3332,39.8161],[23.3325,39.8109],[23.3306,39.8068],[23.3286,39.8053],[23.3226,39.8026],[23.3197,39.7984],[23.3151,39.797],[23.3105,39.7943],[23.3078,39.7934],[23.3057,39.7932],[23.2984,39.7938],[23.2849,39.7936],[23.2734,39.791],[23.2651,39.7904],[23.2568,39.7878],[23.2547,39.7869],[23.2522,39.7849],[23.2474,39.7778],[23.2422,39.7733],[23.238,39.7682],[23.2359,39.7665],[23.2307,39.7644],[23.2214,39.7638],[23.2182,39.7628],[23.2172,39.7618],[23.2164,39.7599],[23.2169,39.7568],[23.2182,39.7551],[23.2226,39.7516],[23.2244,39.7484],[23.2239,39.7464],[23.2201,39.7401],[23.22,39.7391],[23.2219,39.7359],[23.222,39.7349],[23.2214,39.7328],[23.2203,39.7318],[23.2182,39.7312],[23.2161,39.7315],[23.2109,39.7337],[23.2089,39.7358],[23.2036,39.7446],[23.2005,39.7464],[23.1943,39.7484],[23.1922,39.7482],[23.187,39.745],[23.1839,39.7438],[23.1693,39.7427],[23.1589,39.7399],[23.1474,39.7376],[23.1401,39.735],[23.1344,39.7307],[23.1314,39.7266],[23.1253,39.7151],[23.1234,39.7129],[23.1203,39.7103],[23.1141,39.7076],[23.1042,39.7057],[23.0953,39.7031],[23.0925,39.7016],[23.0893,39.6984],[23.0874,39.6953],[23.0849,39.6888],[23.085,39.6849],[23.0859,39.6833],[23.087,39.6826],[23.0901,39.6831],[23.0984,39.6877],[23.1026,39.6886],[23.1057,39.6878],[23.1099,39.6856],[23.112,39.6851],[23.1276,39.6834],[23.1359,39.6819],[23.1453,39.683],[23.1495,39.6826],[23.1517,39.6818],[23.1565,39.6776],[23.1566,39.6745],[23.1557,39.6734],[23.1495,39.6725],[23.1432,39.673],[23.1359,39.6745],[23.1266,39.6726],[23.1161,39.6717],[23.1099,39.6719],[23.1026,39.6735],[23.0943,39.6717],[23.0915,39.6724],[23.087,39.6754],[23.0859,39.6756],[23.0828,39.6714],[23.0755,39.6663],[23.0737,39.6641],[23.0728,39.6609],[23.0742,39.6578],[23.077,39.6557],[23.0818,39.6536],[23.0835,39.6516],[23.0832,39.6484],[23.0812,39.6443],[23.0805,39.6411],[23.0811,39.638],[23.0844,39.6307],[23.0851,39.6266],[23.0844,39.6203],[23.0801,39.6099],[23.079,39.6026],[23.0792,39.5974],[23.0806,39.5932],[23.083,39.5891],[23.0831,39.5859],[23.0824,39.5839],[23.0791,39.5786],[23.0778,39.5755],[23.0767,39.5703],[23.0767,39.5641],[23.0801,39.5526],[23.0839,39.5463],[23.0859,39.5445],[23.088,39.544],[23.0901,39.5446],[23.0932,39.5469],[23.0943,39.5465],[23.0957,39.5443],[23.0953,39.5428],[23.0932,39.5416],[23.0901,39.5426],[23.088,39.5421],[23.0866,39.5401],[23.0859,39.5359],[23.088,39.5348],[23.0932,39.535],[23.0964,39.5336],[23.0984,39.5315],[23.1018,39.5234],[23.1047,39.5212],[23.1078,39.5204],[23.1099,39.5215],[23.1105,39.5234],[23.1103,39.5266],[23.1111,39.5297],[23.112,39.5318],[23.1141,39.5342],[23.1161,39.5355],[23.1182,39.536],[23.1203,39.5356],[23.1224,39.5339],[23.1239,39.5318],[23.1253,39.5266],[23.1257,39.5151],[23.1245,39.5131],[23.1197,39.5109],[23.1196,39.5089],[23.1203,39.5052],[23.1258,39.4943],[23.1286,39.491],[23.1307,39.4895],[23.1328,39.4892],[23.1391,39.4919],[23.1422,39.4924],[23.1474,39.4918],[23.148,39.4901],[23.1476,39.4849],[23.1462,39.4807],[23.1453,39.4794],[23.1431,39.4776],[23.1426,39.4766],[23.1429,39.4745],[23.1443,39.4724],[23.1484,39.4704],[23.1526,39.4723],[23.1589,39.4741],[23.1672,39.4757],[23.1693,39.4754],[23.1714,39.4776],[23.1745,39.4766],[23.1766,39.4752],[23.1797,39.4709],[23.185,39.4651],[23.1868,39.462],[23.1869,39.4599],[23.1849,39.4591],[23.1849,39.4576],[23.1865,39.4557],[23.1891,39.4546],[23.1932,39.4512],[23.1958,39.4474],[23.1966,39.4453],[23.1995,39.4414],[23.2041,39.438],[23.2097,39.4318],[23.2113,39.4307],[23.2144,39.4245],[23.214,39.4214],[23.2155,39.4193],[23.2203,39.4156],[23.2231,39.4109],[23.2253,39.4089],[23.2255,39.4078],[23.2286,39.4036],[23.2297,39.4034],[23.2339,39.3987],[23.2339,39.3968],[23.2352,39.3964],[23.235,39.3943],[23.2361,39.3932],[23.2356,39.3922],[23.2368,39.388],[23.2392,39.3891],[23.2383,39.387],[23.2384,39.3828],[23.2409,39.3734],[23.2422,39.3718],[23.2453,39.3692],[23.2536,39.3685],[23.2557,39.3678],[23.2589,39.3693],[23.2599,39.368],[23.263,39.368],[23.2734,39.3604],[23.2767,39.3589],[23.2818,39.3547],[23.2839,39.3537],[23.2849,39.3552],[23.288,39.3537],[23.2952,39.3474],[23.2951,39.3464],[23.2932,39.3446],[23.2932,39.3439],[23.2995,39.3359],[23.3009,39.3328],[23.3026,39.332],[23.3038,39.3307],[23.3039,39.3276],[23.3057,39.3272],[23.3078,39.3284],[23.3099,39.328],[23.3109,39.3272],[23.312,39.3273],[23.313,39.326],[23.3172,39.3243],[23.3183,39.3234],[23.3203,39.3195],[23.3214,39.3189],[23.3224,39.3168],[23.3239,39.3172],[23.3239,39.3182],[23.3255,39.3193],[23.3286,39.3192],[23.3307,39.3184],[23.3345,39.313],[23.3351,39.3099],[23.3339,39.3068],[23.3318,39.3051],[23.329,39.3016],[23.3279,39.2984],[23.3295,39.2974],[23.3286,39.2964],[23.3286,39.2954],[23.3307,39.2968],[23.3318,39.2967],[23.332,39.2964],[23.3313,39.2953],[23.3318,39.2944],[23.3328,39.2948],[23.3337,39.2943],[23.3339,39.2928],[23.3349,39.2924],[23.337,39.2874],[23.3382,39.2859],[23.3386,39.2839],[23.3443,39.2793],[23.3453,39.2775],[23.3505,39.2762],[23.3516,39.2763],[23.3526,39.2748],[23.3547,39.275],[23.3568,39.2762],[23.3599,39.2754],[23.3651,39.2755],[23.3672,39.2767],[23.3693,39.2765],[23.3703,39.2772],[23.3745,39.2781],[23.3776,39.2782],[23.3788,39.2766],[23.3825,39.2755],[23.3839,39.2745],[23.3855,39.2714],[23.3857,39.2693],[23.387,39.2693],[23.3878,39.2672],[23.393,39.262],[23.3953,39.2601],[23.3984,39.2595],[23.4,39.2568],[23.3995,39.2525],[23.4047,39.2502],[23.4078,39.2501],[23.412,39.2479],[23.4141,39.2476],[23.4144,39.2464],[23.4172,39.2463],[23.4255,39.2445],[23.4276,39.2432],[23.438,39.2439],[23.4495,39.247],[23.4505,39.2469],[23.4536,39.2487],[23.4542,39.2484],[23.4511,39.2453],[23.4516,39.2449],[23.4589,39.246],[23.463,39.2459],[23.4693,39.2449],[23.4714,39.2441],[23.4797,39.244],[23.4804,39.2432],[23.4828,39.2431],[23.4849,39.2439],[23.488,39.2437],[23.4922,39.2453],[23.4943,39.245],[23.4984,39.2475],[23.5099,39.2503],[23.512,39.2512],[23.513,39.2502],[23.5182,39.2517],[23.5286,39.251],[23.5291,39.2495],[23.5307,39.2482],[23.5328,39.2494],[23.5339,39.2491],[23.5344,39.2484],[23.5341,39.2474],[23.5359,39.2456],[23.536,39.2443],[23.537,39.2436],[23.538,39.2433],[23.5422,39.2438],[23.5453,39.2426],[23.5484,39.2434],[23.5516,39.2422],[23.5609,39.2406],[23.5641,39.2384],[23.5651,39.2368],[23.5672,39.2367],[23.5698,39.2339],[23.5701,39.2318],[23.5754,39.2318],[23.5756,39.2307],[23.575,39.2286],[23.5754,39.2276],[23.5748,39.2266],[23.5755,39.226],[23.5796,39.2255],[23.5807,39.2238],[23.5849,39.2253],[23.5914,39.2255],[23.5995,39.2271],[23.6016,39.2266],[23.6078,39.2239],[23.6089,39.2222],[23.6109,39.221],[23.6224,39.2214],[23.6245,39.2207],[23.6267,39.2161],[23.6263,39.2141],[23.6252,39.212],[23.6255,39.2117],[23.6318,39.2121],[23.6359,39.2139],[23.6443,39.2132],[23.6474,39.2115],[23.6484,39.2099],[23.6516,39.2092],[23.6532,39.2057],[23.6547,39.2055],[23.6568,39.2031],[23.6599,39.2038],[23.662,39.2025],[23.6651,39.2028],[23.6682,39.2021],[23.6701,39.2005],[23.6712,39.1964],[23.6734,39.1956],[23.6745,39.194],[23.6755,39.1937],[23.6786,39.1952],[23.6807,39.1935],[23.6829,39.1932],[23.6859,39.1916],[23.688,39.192],[23.6901,39.1915],[23.6922,39.1904],[23.6927,39.1891],[23.6946,39.188],[23.6932,39.187],[23.6943,39.1863],[23.6974,39.1872],[23.6984,39.1871],[23.6995,39.1859],[23.7005,39.1857],[23.7016,39.1855],[23.7036,39.1861],[23.7047,39.1857],[23.7068,39.1838],[23.7078,39.1836],[23.7099,39.1841],[23.7141,39.1826],[23.7212,39.1818],[23.7234,39.1806],[23.7307,39.1802],[23.7339,39.179],[23.737,39.1803],[23.7391,39.1804],[23.7492,39.1797],[23.7536,39.1786],[23.762,39.1728],[23.7651,39.1725],[23.7693,39.1697],[23.7724,39.1693],[23.7744,39.1703]],[[23.8786,39.9284],[23.8755,39.9277],[23.8711,39.9286],[23.8724,39.9305],[23.8746,39.9318],[23.8745,39.9328],[23.8755,39.9323],[23.8797,39.9318],[23.8812,39.9307],[23.8786,39.9284]],[[23.4109,39.839],[23.4057,39.8389],[23.4024,39.8401],[23.4002,39.8422],[23.3997,39.8443],[23.4001,39.8453],[23.4031,39.8474],[23.4068,39.8479],[23.4123,39.8464],[23.4163,39.8443],[23.4167,39.8432],[23.4159,39.8411],[23.4141,39.8398],[23.4109,39.839]],[[23.1745,39.7158],[23.1724,39.7154],[23.1693,39.7163],[23.1679,39.7172],[23.1673,39.7182],[23.1674,39.7193],[23.1684,39.7203],[23.1714,39.7214],[23.1734,39.7214],[23.1755,39.7208],[23.1776,39.7193],[23.1777,39.7182],[23.177,39.7172],[23.1745,39.7158]],[[23.1828,39.6817],[23.1818,39.6817],[23.1805,39.6828],[23.1849,39.688],[23.187,39.689],[23.1891,39.6892],[23.1901,39.69],[23.1914,39.6891],[23.1891,39.688],[23.1908,39.687],[23.1891,39.6857],[23.187,39.685],[23.1849,39.6857],[23.1839,39.6844],[23.1828,39.6844],[23.1823,39.6839],[23.1828,39.6817]],[[23.1141,39.6493],[23.1099,39.6491],[23.1056,39.6505],[23.1045,39.6516],[23.1036,39.6536],[23.1035,39.6557],[23.1044,39.6578],[23.1068,39.6596],[23.1109,39.6608],[23.1151,39.6604],[23.1178,39.6589],[23.1194,39.6568],[23.1193,39.6536],[23.1182,39.6516],[23.1172,39.6506],[23.1141,39.6493]],[[23.438,39.2849],[23.4363,39.2859],[23.438,39.2867],[23.439,39.2859],[23.438,39.2849]]],[[[23.9299,39.0672],[23.9321,39.0693],[23.9312,39.0714],[23.9307,39.0718],[23.9286,39.0719],[23.9276,39.0732],[23.9266,39.0728],[23.926,39.0724],[23.9276,39.0701],[23.9286,39.0672],[23.9299,39.0672]]],[[[23.909,39.0578],[23.9089,39.0582],[23.9087,39.0578],[23.909,39.0578]]],[[[23.8329,39.037],[23.8328,39.0373],[23.8325,39.037],[23.8329,39.037]]],[[[23.8395,39.0349],[23.8391,39.037],[23.837,39.0392],[23.8359,39.0381],[23.8357,39.037],[23.8345,39.0359],[23.8359,39.0354],[23.837,39.0356],[23.8391,39.0344],[23.8395,39.0349]]],[[[24,39.0005],[24,39.0974],[23.9995,39.0981],[23.9979,39.0943],[23.9953,39.09],[23.9929,39.087],[23.9876,39.0818],[23.9808,39.0693],[23.9786,39.0668],[23.9745,39.0633],[23.9714,39.0615],[23.9693,39.0613],[23.9672,39.0598],[23.9661,39.0602],[23.9651,39.0593],[23.9641,39.0598],[23.963,39.0585],[23.9609,39.0574],[23.9599,39.0581],[23.9547,39.0567],[23.9536,39.0569],[23.9526,39.058],[23.9516,39.0578],[23.9495,39.059],[23.9474,39.0591],[23.9453,39.0579],[23.9432,39.0554],[23.9375,39.0526],[23.9359,39.0506],[23.9339,39.0505],[23.9297,39.0481],[23.9286,39.048],[23.9279,39.0484],[23.9275,39.0505],[23.928,39.0526],[23.925,39.0557],[23.9245,39.0591],[23.9224,39.06],[23.9203,39.062],[23.9172,39.0618],[23.9145,39.0599],[23.9141,39.0587],[23.913,39.0583],[23.9124,39.0589],[23.914,39.0599],[23.9147,39.0609],[23.9151,39.063],[23.9161,39.0617],[23.9166,39.062],[23.9158,39.0651],[23.9172,39.0682],[23.9156,39.0703],[23.9154,39.0714],[23.9182,39.0726],[23.9196,39.0745],[23.9194,39.0766],[23.9172,39.0781],[23.9164,39.0797],[23.9172,39.0817],[23.9183,39.0828],[23.9182,39.0839],[23.9198,39.087],[23.9189,39.088],[23.9194,39.0891],[23.9193,39.0899],[23.9172,39.0912],[23.9158,39.0932],[23.913,39.0941],[23.9099,39.0934],[23.9078,39.0921],[23.9068,39.0922],[23.9027,39.0891],[23.8995,39.0786],[23.8974,39.0771],[23.8964,39.0766],[23.8953,39.0779],[23.8943,39.0776],[23.8922,39.0782],[23.8901,39.0775],[23.8891,39.0782],[23.888,39.0775],[23.8839,39.077],[23.8807,39.0755],[23.8755,39.0706],[23.8703,39.0638],[23.86,39.0568],[23.8568,39.0524],[23.8494,39.0495],[23.8453,39.0461],[23.8443,39.0464],[23.8416,39.0432],[23.8419,39.0422],[23.841,39.0401],[23.8415,39.0391],[23.841,39.038],[23.8422,39.0349],[23.8405,39.0339],[23.8412,39.0328],[23.838,39.0301],[23.8373,39.0286],[23.8307,39.0272],[23.8299,39.0276],[23.8273,39.0349],[23.8224,39.0391],[23.821,39.0411],[23.8217,39.0432],[23.8213,39.0453],[23.8223,39.0495],[23.8218,39.0516],[23.8201,39.0516],[23.8204,39.0526],[23.8196,39.0536],[23.8182,39.0532],[23.8159,39.0578],[23.813,39.0598],[23.812,39.0597],[23.8099,39.0608],[23.8089,39.0619],[23.8057,39.0622],[23.8047,39.0618],[23.8036,39.0626],[23.8005,39.0635],[23.7964,39.0637],[23.7911,39.0649],[23.787,39.0647],[23.7807,39.0664],[23.7755,39.0661],[23.7714,39.0666],[23.7703,39.0657],[23.7682,39.0669],[23.7661,39.0647],[23.7641,39.0661],[23.762,39.0656],[23.7557,39.0672],[23.7547,39.0689],[23.7495,39.068],[23.7453,39.0693],[23.7443,39.0688],[23.7432,39.0689],[23.738,39.0667],[23.7297,39.0656],[23.7276,39.0648],[23.7224,39.0644],[23.7182,39.0657],[23.7155,39.0672],[23.712,39.0673],[23.7089,39.0687],[23.7068,39.0684],[23.7005,39.0705],[23.6974,39.0699],[23.6965,39.0703],[23.6968,39.0714],[23.6964,39.074],[23.6947,39.0755],[23.6922,39.0761],[23.6863,39.0755],[23.6776,39.0721],[23.6755,39.0725],[23.6724,39.0748],[23.6693,39.0742],[23.6677,39.0755],[23.6681,39.0797],[23.6651,39.0812],[23.6589,39.0809],[23.6511,39.0828],[23.6454,39.0849],[23.6447,39.088],[23.6447,39.0891],[23.646,39.0911],[23.6454,39.0932],[23.6442,39.0964],[23.6422,39.0989],[23.6411,39.0995],[23.641,39.1005],[23.6391,39.1027],[23.6307,39.1052],[23.6297,39.1047],[23.6255,39.1049],[23.6203,39.1071],[23.6193,39.107],[23.6179,39.1089],[23.6164,39.1099],[23.6151,39.1119],[23.6141,39.112],[23.613,39.1129],[23.6109,39.1129],[23.6109,39.1142],[23.6089,39.1139],[23.6079,39.1151],[23.6036,39.1178],[23.6024,39.1193],[23.6005,39.1201],[23.5953,39.1245],[23.5943,39.1261],[23.5911,39.1284],[23.5896,39.1276],[23.5776,39.1325],[23.5734,39.1332],[23.5724,39.135],[23.5714,39.1347],[23.5693,39.1327],[23.5682,39.1325],[23.5649,39.1286],[23.5632,39.1255],[23.562,39.1203],[23.5627,39.1151],[23.5617,39.112],[23.5599,39.1089],[23.5583,39.1089],[23.5578,39.1099],[23.5568,39.1103],[23.5547,39.1125],[23.5526,39.1121],[23.5505,39.1106],[23.5484,39.111],[23.548,39.1099],[23.5464,39.1087],[23.5432,39.1101],[23.5413,39.1089],[23.5411,39.1078],[23.537,39.1026],[23.5367,39.1036],[23.5373,39.1047],[23.5374,39.1068],[23.537,39.1074],[23.5318,39.1044],[23.5245,39.1023],[23.5193,39.1039],[23.5151,39.1044],[23.5047,39.1015],[23.4974,39.1011],[23.4922,39.1018],[23.4828,39.1005],[23.4672,39.1026],[23.4547,39.1057],[23.4536,39.1054],[23.4526,39.1058],[23.4495,39.1052],[23.4432,39.1063],[23.4391,39.1063],[23.4318,39.105],[23.4255,39.1028],[23.4172,39.1043],[23.4089,39.1072],[23.4068,39.1071],[23.4063,39.1057],[23.4065,39.1047],[23.4093,39.0964],[23.4094,39.0891],[23.4089,39.0859],[23.4082,39.0849],[23.4044,39.0818],[23.4043,39.0807],[23.4026,39.0789],[23.4016,39.079],[23.4,39.0766],[23.4005,39.0755],[23.3984,39.0724],[23.3982,39.0693],[23.3986,39.0682],[23.3976,39.0641],[23.395,39.0599],[23.3877,39.0505],[23.3849,39.0446],[23.3826,39.0422],[23.3822,39.0411],[23.3825,39.038],[23.3821,39.0339],[23.3808,39.0307],[23.3812,39.0276],[23.3799,39.0276],[23.3797,39.029],[23.3786,39.0288],[23.377,39.0276],[23.3768,39.0266],[23.3767,39.0245],[23.3779,39.0214],[23.3807,39.0173],[23.3828,39.0174],[23.3839,39.0159],[23.3891,39.015],[23.3922,39.0161],[23.3953,39.0165],[23.4005,39.0162],[23.412,39.018],[23.4141,39.0179],[23.4172,39.0166],[23.4219,39.013],[23.4264,39.0068],[23.4256,39.0026],[23.4237,39.0005],[23.4245,39],[23.8422,39],[23.8433,39.0026],[23.8431,39.0057],[23.8441,39.0089],[23.8446,39.0141],[23.8495,39.021],[23.8526,39.0229],[23.8536,39.0229],[23.8547,39.0236],[23.8554,39.0255],[23.855,39.0266],[23.8557,39.0297],[23.8556,39.0307],[23.8544,39.0318],[23.8595,39.0391],[23.861,39.0401],[23.8612,39.0411],[23.8641,39.0457],[23.8661,39.0471],[23.8724,39.0466],[23.8766,39.0478],[23.8807,39.0512],[23.8849,39.0554],[23.888,39.0569],[23.8922,39.0579],[23.898,39.0641],[23.8984,39.0651],[23.8995,39.0648],[23.9003,39.0661],[23.9036,39.0669],[23.9057,39.0684],[23.9089,39.0685],[23.9109,39.0684],[23.9119,39.0672],[23.9122,39.0651],[23.9116,39.063],[23.9107,39.062],[23.9111,39.0609],[23.9099,39.0605],[23.9094,39.0589],[23.9117,39.0589],[23.9115,39.0578],[23.9104,39.0568],[23.9103,39.0557],[23.9087,39.0547],[23.9092,39.0536],[23.9078,39.0522],[23.9068,39.0519],[23.9057,39.0504],[23.9051,39.0484],[23.9047,39.0411],[23.904,39.038],[23.9002,39.0286],[23.8976,39.0245],[23.8953,39.022],[23.8901,39.0205],[23.8839,39.0208],[23.8724,39.0224],[23.8693,39.0216],[23.8651,39.0185],[23.8629,39.012],[23.8609,39.0094],[23.8599,39.0089],[23.8589,39.0075],[23.8556,39.0026],[23.8533,39.0005],[23.8536,39],[23.9995,39],[24,39.0005]],[[23.5578,39.1054],[23.5578,39.1061],[23.5591,39.1068],[23.5578,39.1054]],[[23.5453,39.1046],[23.545,39.1047],[23.5464,39.1061],[23.5466,39.1057],[23.5453,39.1046]],[[23.563,39.0896],[23.5609,39.0901],[23.5605,39.0911],[23.5609,39.0917],[23.562,39.0918],[23.563,39.0911],[23.5635,39.0901],[23.563,39.0896]],[[23.4026,39.0774],[23.4021,39.0776],[23.4026,39.0781],[23.4026,39.0774]],[[23.8495,39.0304],[23.8487,39.0307],[23.8498,39.0307],[23.8495,39.0304]],[[23.9266,39.0042],[23.924,39.0047],[23.923,39.0057],[23.9236,39.0078],[23.9235,39.0099],[23.9255,39.0122],[23.9277,39.012],[23.9279,39.0109],[23.9297,39.0093],[23.9302,39.0078],[23.9286,39.0056],[23.9266,39.0042]],[[23.9182,39.0021],[23.9161,39.0018],[23.9151,39.0022],[23.9139,39.0036],[23.9138,39.0047],[23.9151,39.0055],[23.9182,39.0056],[23.9194,39.0047],[23.9194,39.0036],[23.9182,39.0021]]]]}},{"type":"Feature","properties":{"depth":200,"kind":"isobath"},"geometry":{"type":"MultiLineString","coordinates":[[[23.8664,39.9557],[23.8661,39.9561],[23.8658,39.9557],[23.8661,39.9554]],[[23.8654,39.9547],[23.8645,39.9547],[23.8651,39.9541]],[[23.8674,39.9526],[23.8668,39.9526],[23.8672,39.9523]],[[23.8667,39.9516],[23.8661,39.9521],[23.8653,39.9516],[23.8661,39.9508]],[[23.8695,39.9516],[23.8693,39.9522],[23.8689,39.9516]],[[23.1923,39.7547],[23.1932,39.7548],[23.1943,39.7557],[23.1939,39.7568],[23.1932,39.7572],[23.1914,39.7568],[23.1908,39.7557]],[[23.2356,39.3932],[23.2349,39.3941],[23.2347,39.3932]],[[23.285,39.3526],[23.2849,39.3541],[23.284,39.3536],[23.2838,39.3526]],[[23.9717,39.3182],[23.9714,39.3192],[23.9698,39.3182],[23.9703,39.3177],[23.9714,39.3178]],[[23.9662,39.312],[23.9686,39.3151],[23.9689,39.3161],[23.9682,39.3168],[23.9661,39.3156],[23.9651,39.3135],[23.9641,39.3137],[23.9632,39.313],[23.9631,39.312],[23.9641,39.311]],[[23.963,39.3099],[23.964,39.3109],[23.963,39.3119],[23.962,39.3118],[23.9609,39.3103],[23.9599,39.3099],[23.962,39.3093]],[[23.3123,39.2953],[23.3119,39.2964],[23.3099,39.2967],[23.3099,39.2959],[23.3109,39.2943]],[[23.9995,39.9401],[23.9964,39.9385],[23.9891,39.94],[23.9828,39.938],[23.9755,39.9379],[23.9714,39.9362],[23.9609,39.9304],[23.9568,39.9288],[23.9557,39.9287],[23.9544,39.9266],[23.9536,39.9261],[23.9443,39.9231],[23.9401,39.923],[23.9318,39.9259],[23.9308,39.9266],[23.9307,39.9282],[23.9297,39.9286],[23.9276,39.9268],[23.9266,39.9271],[23.9255,39.9265],[23.9255,39.9286],[23.9245,39.9293],[23.9234,39.9293],[23.9224,39.9281],[23.9214,39.9279],[23.9089,39.9282],[23.9068,39.9291],[23.9012,39.9328],[23.8999,39.937],[23.8973,39.9411],[23.8972,39.9422],[23.8948,39.9432],[23.8943,39.9443],[23.8932,39.945],[23.8901,39.9462],[23.8896,39.9474],[23.888,39.9489],[23.8839,39.9508],[23.8828,39.9522],[23.8797,39.9543],[23.8766,39.9551],[23.8745,39.9534],[23.8749,39.9557],[23.8734,39.9564],[23.8724,39.955],[23.8721,39.9557],[23.8714,39.956],[23.871,39.9557],[23.8713,39.9547],[23.8709,39.9536],[23.8696,39.9526],[23.8711,39.9516],[23.8699,39.9505],[23.8687,39.9484],[23.8684,39.9464],[23.8677,39.9464],[23.8682,39.9474],[23.8648,39.9484],[23.8649,39.9495],[23.866,39.9505],[23.8651,39.9514],[23.863,39.951],[23.863,39.952],[23.8641,39.9526],[23.8645,39.9536],[23.8641,39.9542],[23.863,39.9534],[23.8626,39.9547],[23.863,39.9559],[23.8643,39.9568],[23.8599,39.9614],[23.8589,39.9612],[23.8578,39.9622],[23.8557,39.9619],[23.8547,39.9625],[23.8516,39.9626],[23.8505,39.9637],[23.8495,39.9636],[23.8484,39.9645],[23.8464,39.9651],[23.8432,39.9651],[23.8408,39.9661],[23.8359,39.9706],[23.8339,39.9742],[23.8307,39.9771],[23.8276,39.9791],[23.8234,39.9803],[23.813,39.9805],[23.812,39.9795],[23.8089,39.9792],[23.8078,39.9786],[23.8016,39.9781],[23.8005,39.9803],[23.7988,39.9807],[23.7974,39.9825],[23.7953,39.9831],[23.7932,39.9863],[23.792,39.9901],[23.7908,39.9922],[23.7912,39.9932],[23.7904,39.9943],[23.7905,39.9974],[23.7898,39.9984],[23.7898,39.9995]],[[23.7766,39.9993],[23.7749,39.9995]],[[23.6825,39.9995],[23.6828,39.9992],[23.6839,39.9995],[23.6859,39.9989],[23.6964,39.9936],[23.6978,39.9922],[23.7042,39.988],[23.7064,39.9859],[23.7071,39.9839],[23.707,39.9828],[23.7031,39.9766],[23.7012,39.9745],[23.7005,39.9724],[23.7003,39.9693],[23.701,39.9661],[23.7047,39.9609],[23.7068,39.9593],[23.713,39.9561],[23.7172,39.9529],[23.7214,39.9519],[23.7245,39.9522],[23.7255,39.953],[23.7266,39.9526],[23.7286,39.9531],[23.7322,39.9557],[23.7328,39.9569],[23.7349,39.9582],[23.7359,39.9577],[23.738,39.9591],[23.7401,39.959],[23.7411,39.9596],[23.7443,39.9599],[23.7495,39.9589],[23.7536,39.952],[23.7575,39.9422],[23.7588,39.937],[23.7607,39.9328],[23.762,39.9269],[23.7641,39.9228],[23.7666,39.9151],[23.7744,39.9068],[23.7745,39.9044],[23.7724,39.9044],[23.7714,39.9055],[23.7703,39.9057],[23.7651,39.9055],[23.756,39.9036],[23.7516,39.9006],[23.7495,39.9003],[23.7422,39.9014],[23.7391,39.9012],[23.7234,39.9038],[23.7161,39.9033],[23.713,39.9045],[23.7109,39.9045],[23.7099,39.905],[23.7089,39.9047],[23.7069,39.9057],[23.7036,39.9057],[23.7016,39.9062],[23.7005,39.9071],[23.6974,39.9073],[23.6901,39.9112],[23.6849,39.9119],[23.6807,39.9113],[23.678,39.9099],[23.6734,39.9085],[23.6609,39.9072],[23.6547,39.906],[23.6516,39.9061],[23.6505,39.9072],[23.6495,39.9071],[23.6474,39.908],[23.6453,39.9078],[23.6432,39.9062],[23.6391,39.9069],[23.6359,39.9057],[23.6339,39.906],[23.6307,39.9075],[23.6276,39.908],[23.6254,39.9089],[23.6245,39.9098],[23.6234,39.9097],[23.6078,39.9149],[23.6047,39.9151],[23.5995,39.9165],[23.5932,39.9167],[23.5901,39.9173],[23.587,39.9186],[23.5786,39.9189],[23.5734,39.9206],[23.5685,39.9214],[23.5641,39.9231],[23.5541,39.9255],[23.5506,39.9276],[23.5432,39.9307],[23.54,39.9328],[23.538,39.935],[23.5328,39.9346],[23.5286,39.9354],[23.5224,39.938],[23.5172,39.9385],[23.513,39.9407],[23.5068,39.9419],[23.5016,39.9435],[23.4995,39.9426],[23.4974,39.943],[23.4953,39.9419],[23.4932,39.9424],[23.4922,39.9413],[23.4891,39.9413],[23.488,39.9406],[23.487,39.9409],[23.4807,39.9405],[23.4781,39.9391],[23.4776,39.9379],[23.4738,39.9349],[23.4718,39.9318],[23.4721,39.9297],[23.4754,39.9255],[23.4756,39.9245],[23.4755,39.9224],[23.4739,39.9182],[23.4687,39.9109],[23.4661,39.909],[23.4633,39.9078],[23.4578,39.9065],[23.4537,39.9068],[23.4513,39.9078],[23.4449,39.913],[23.4411,39.9138],[23.4339,39.9141],[23.412,39.9136],[23.4026,39.9126],[23.3974,39.9111],[23.3932,39.9085],[23.39,39.9047],[23.3882,39.9016],[23.3871,39.8974],[23.3856,39.8859],[23.3838,39.8807],[23.3815,39.8766],[23.3755,39.871],[23.3609,39.8642],[23.3578,39.8617],[23.3544,39.8578],[23.3528,39.8547],[23.352,39.8516],[23.3525,39.8474],[23.3522,39.8443],[23.3498,39.8401],[23.3432,39.8351],[23.3318,39.8297],[23.3307,39.8286],[23.3298,39.8266],[23.3329,39.8193],[23.3332,39.8161],[23.3325,39.8109],[23.3306,39.8068],[23.3286,39.8053],[23.3226,39.8026],[23.3197,39.7984],[23.3151,39.797],[23.3105,39.7943],[23.3078,39.7934],[23.3057,39.7932],[23.2984,39.7938],[23.2849,39.7936],[23.2734,39.791],[23.2651,39.7904],[23.2568,39.7878],[23.2547,39.7869],[23.2522,39.7849],[23.2474,39.7778],[23.2422,39.7733],[23.238,39.7682],[23.2359,39.7665],[23.2307,39.7644],[23.2214,39.7638],[23.2182,39.7628],[23.2172,39.7618],[23.2164,39.7599],[23.2169,39.7568],[23.2182,39.7551],[23.2226,39.7516],[23.2244,39.7484],[23.2239,39.7464],[23.2201,39.7401],[23.22,39.7391],[23.2219,39.7359],[23.222,39.7349],[23.2214,39.7328],[23.2203,39.7318],[23.2182,39.7312],[23.2161,39.7315],[23.2109,39.7337],[23.2089,39.7358],[23.2036,39.7446],[23.2005,39.7464],[23.1943,39.7484],[23.1922,39.7482],[23.187,39.745],[23.1839,39.7438],[23.1693,39.7427],[23.1589,39.7399],[23.1474,39.7376],[23.1401,39.735],[23.1344,39.7307],[23.1314,39.7266],[23.1253,39.7151],[23.1234,39.7129],[23.1203,39.7103],[23.1141,39.7076],[23.1042,39.7057],[23.0953,39.7031],[23.0925,39.7016],[23.0893,39.6984],[23.0874,39.6953],[23.0849,39.6888],[23.085,39.6849],[23.0859,39.6833],[23.087,39.6826],[23.0901,39.6831],[23.0984,39.6877],[23.1026,39.6886],[23.1057,39.6878],[23.1099,39.6856],[23.112,39.6851],[23.1276,39.6834],[23.1359,39.6819],[23.1453,39.683],[23.1495,39.6826],[23.1517,39.6818],[23.1565,39.6776],[23.1566,39.6745],[23.1557,39.6734],[23.1495,39.6725],[23.1432,39.673],[23.1359,39.6745],[23.1266,39.6726],[23.1161,39.6717],[23.1099,39.6719],[23.1026,39.6735],[23.0943,39.6717],[23.0915,39.6724],[23.087,39.6754],[23.0859,39.6756],[23.0828,39.6714],[23.0755,39.6663],[23.0737,39.6641],[23.0728,39.6609],[23.0742,39.6578],[23.077,39.6557],[23.0818,39.6536],[23.0835,39.6516],[23.0832,39.6484],[23.0812,39.6443],[23.0805,39.6411],[23.0811,39.638],[23.0844,39.6307],[23.0851,39.6266],[23.0844,39.6203],[23.0801,39.6099],[23.079,39.6026],[23.0792,39.5974],[23.0806,39.5932],[23.083,39.5891],[23.0831,39.5859],[23.0824,39.5839],[23.0791,39.5786],[23.0778,39.5755],[23.0767,39.5703],[23.0767,39.5641],[23.0801,39.5526],[23.0839,39.5463],[23.0859,39.5445],[23.088,39.544],[23.0901,39.5446],[23.0932,39.5469],[23.0943,39.5465],[23.0957,39.5443],[23.0953,39.5428],[23.0932,39.5416],[23.0901,39.5426],[23.088,39.5421],[23.0866,39.5401],[23.0859,39.5359],[23.088,39.5348],[23.0932,39.535],[23.0964,39.5336],[23.0984,39.5315],[23.1018,39.5234],[23.1047,39.5212],[23.1078,39.5204],[23.1099,39.5215],[23.1105,39.5234],[23.1103,39.5266],[23.1111,39.5297],[23.112,39.5318],[23.1141,39.5342],[23.1161,39.5355],[23.1182,39.536],[23.1203,39.5356],[23.1224,39.5339],[23.1239,39.5318],[23.1253,39.5266],[23.1257,39.5151],[23.1245,39.5131],[23.1197,39.5109],[23.1196,39.5089],[23.1203,39.5052],[23.1258,39.4943],[23.1286,39.491],[23.1307,39.4895],[23.1328,39.4892],[23.1391,39.4919],[23.1422,39.4924],[23.1474,39.4918],[23.148,39.4901],[23.1476,39.4849],[23.1462,39.4807],[23.1453,39.4794],[23.1431,39.4776],[23.1426,39.4766],[23.1429,39.4745],[23.1443,39.4724],[23.1484,39.4704],[23.1526,39.4723],[23.1589,39.4741],[23.1672,39.4757],[23.1693,39.4754],[23.1714,39.4776],[23.1745,39.4766],[23.1766,39.4752],[23.1797,39.4709],[23.185,39.4651],[23.1868,39.462],[23.1869,39.4599],[23.1849,39.4591],[23.1849,39.4576],[23.1865,39.4557],[23.1891,39.4546],[23.1932,39.4512],[23.1958,39.4474],[23.1966,39.4453],[23.1995,39.4414],[23.2041,39.438],[23.2097,39.4318],[23.2113,39.4307],[23.2144,39.4245],[23.214,39.4214],[23.2155,39.4193],[23.2203,39.4156],[23.2231,39.4109],[23.2253,39.4089],[23.2255,39.4078],[23.2286,39.4036],[23.2297,39.4034],[23.2339,39.3987],[23.2339,39.3968],[23.2352,39.3964],[23.235,39.3943],[23.2361,39.3932],[23.2356,39.3922],[23.2368,39.388],[23.2392,39.3891],[23.2383,39.387],[23.2384,39.3828],[23.2409,39.3734],[23.2422,39.3718],[23.2453,39.3692],[23.2536,39.3685],[23.2557,39.3678],[23.2589,39.3693],[23.2599,39.368],[23.263,39.368],[23.2734,39.3604],[23.2767,39.3589],[23.2818,39.3547],[23.2839,39.3537],[23.2849,39.3552],[23.288,39.3537],[23.2952,39.3474],[23.2951,39.3464],[23.2932,39.3446],[23.2932,39.3439],[23.2995,39.3359],[23.3009,39.3328],[23.3026,39.332],[23.3038,39.3307],[23.3039,39.3276],[23.3057,39.3272],[23.3078,39.3284],[23.3099,39.328],[23.3109,39.3272],[23.312,39.3273],[23.313,39.326],[23.3172,39.3243],[23.3183,39.3234],[23.3203,39.3195],[23.3214,39.3189],[23.3224,39.3168],[23.3239,39.3172],[23.3239,39.3182],[23.3255,39.3193],[23.3286,39.3192],[23.3307,39.3184],[23.3345,39.313],[23.3351,39.3099],[23.3339,39.3068],[23.3318,39.3051],[23.329,39.3016],[23.3279,39.2984],[23.3295,39.2974],[23.3286,39.2964],[23.3286,39.2954],[23.3307,39.2968],[23.3318,39.2967],[23.332,39.2964],[23.3313,39.2953],[23.3318,39.2944],[23.3328,39.2948],[23.3337,39.2943],[23.3339,39.2928],[23.3349,39.2924],[23.337,39.2874],[23.3382,39.2859],[23.3386,39.2839],[23.3443,39.2793],[23.3453,39.2775],[23.3505,39.2762],[23.3516,39.2763],[23.3526,39.2748],[23.3547,39.275],[23.3568,39.2762],[23.3599,39.2754],[23.3651,39.2755],[23.3672,39.2767],[23.3693,39.2765],[23.3703,39.2772],[23.3745,39.2781],[23.3776,39.2782],[23.3788,39.2766],[23.3825,39.2755],[23.3839,39.2745],[23.3855,39.2714],[23.3857,39.2693],[23.387,39.2693],[23.3878,39.2672],[23.393,39.262],[23.3953,39.2601],[23.3984,39.2595],[23.4,39.2568],[23.3995,39.2525],[23.4047,39.2502],[23.4078,39.2501],[23.412,39.2479],[23.4141,39.2476],[23.4144,39.2464],[23.4172,39.2463],[23.4255,39.2445],[23.4276,39.2432],[23.438,39.2439],[23.4495,39.247],[23.4505,39.2469],[23.4536,39.2487],[23.4542,39.2484],[23.4511,39.2453],[23.4516,39.2449],[23.4589,39.246],[23.463,39.2459],[23.4693,39.2449],[23.4714,39.2441],[23.4797,39.244],[23.4804,39.2432],[23.4828,39.2431],[23.4849,39.2439],[23.488,39.2437],[23.4922,39.2453],[23.4943,39.245],[23.4984,39.2475],[23.5099,39.2503],[23.512,39.2512],[23.513,39.2502],[23.5182,39.2517],[23.5286,39.251],[23.5291,39.2495],[23.5307,39.2482],[23.5328,39.2494],[23.5339,39.2491],[23.5344,39.2484],[23.5341,39.2474],[23.5359,39.2456],[23.536,39.2443],[23.537,39.2436],[23.538,39.2433],[23.5422,39.2438],[23.5453,39.2426],[23.5484,39.2434],[23.5516,39.2422],[23.5609,39.2406],[23.5641,39.2384],[23.5651,39.2368],[23.5672,39.2367],[23.5698,39.2339],[23.5701,39.2318],[23.5754,39.2318],[23.5756,39.2307],[23.575,39.2286],[23.5754,39.2276],[23.5748,39.2266],[23.5755,39.226],[23.5796,39.2255],[23.5807,39.2238],[23.5849,39.2253],[23.5914,39.2255],[23.5995,39.2271],[23.6016,39.2266],[23.6078,39.2239],[23.6089,39.2222],[23.6109,39.221],[23.6224,39.2214],[23.6245,39.2207],[23.6267,39.2161],[23.6263,39.2141],[23.6252,39.212],[23.6255,39.2117],[23.6318,39.2121],[23.6359,39.2139],[23.6443,39.2132],[23.6474,39.2115],[23.6484,39.2099],[23.6516,39.2092],[23.6532,39.2057],[23.6547,39.2055],[23.6568,39.2031],[23.6599,39.2038],[23.662,39.2025],[23.6651,39.2028],[23.6682,39.2021],[23.6701,39.2005],[23.6712,39.1964],[23.6734,39.1956],[23.6745,39.194],[23.6755,39.1937],[23.6786,39.1952],[23.6807,39.1935],[23.6829,39.1932],[23.6859,39.1916],[23.688,39.192],[23.6901,39.1915],[23.6922,39.1904],[23.6927,39.1891],[23.6946,39.188],[23.6932,39.187],[23.6943,39.1863],[23.6974,39.1872],[23.6984,39.1871],[23.6995,39.1859],[23.7005,39.1857],[23.7016,39.1855],[23.7036,39.1861],[23.7047,39.1857],[23.7068,39.1838],[23.7078,39.1836],[23.7099,39.1841],[23.7141,39.1826],[23.7212,39.1818],[23.7234,39.1806],[23.7307,39.1802],[23.7339,39.179],[23.737,39.1803],[23.7391,39.1804],[23.7492,39.1797],[23.7536,39.1786],[23.762,39.1728],[23.7651,39.1725],[23.7693,39.1697],[23.7724,39.1693],[23.7744,39.1703],[23.7776,39.1727],[23.7797,39.1777],[23.7828,39.1803],[23.7839,39.1811],[23.7894,39.1828],[23.793,39.1859],[23.7974,39.188],[23.8005,39.1911],[23.8057,39.1941],[23.8089,39.1955],[23.8151,39.193],[23.8164,39.1932],[23.8173,39.1943],[23.8168,39.1964],[23.8172,39.1973],[23.8193,39.197],[23.8203,39.1974],[23.8211,39.2005],[23.8219,39.2016],[23.8255,39.2042],[23.8297,39.2049],[23.8315,39.2057],[23.8327,39.2068],[23.837,39.213],[23.8401,39.2144],[23.8421,39.2182],[23.8443,39.2201],[23.846,39.2224],[23.8484,39.227],[23.8505,39.2288],[23.8578,39.2328],[23.8651,39.2332],[23.8745,39.2369],[23.8755,39.2368],[23.8776,39.2399],[23.8828,39.2425],[23.8859,39.2459],[23.8872,39.2464],[23.8932,39.2533],[23.9036,39.2598],[23.9099,39.2646],[23.9161,39.272],[23.9193,39.2746],[23.9276,39.2833],[23.9401,39.294],[23.9464,39.3008],[23.9501,39.3036],[23.9568,39.3137],[23.9609,39.3168],[23.9641,39.3203],[23.9665,39.3245],[23.9682,39.3266],[23.97,39.3276],[23.9703,39.3301],[23.9734,39.333],[23.9746,39.3339],[23.9786,39.3349],[23.981,39.3349],[23.9828,39.334],[23.9859,39.3343],[23.987,39.3355],[23.9901,39.3367],[23.9943,39.3408],[23.9974,39.3417],[23.9995,39.3433]],[[23.8786,39.9284],[23.8755,39.9277],[23.8711,39.9286],[23.8724,39.9305],[23.8746,39.9318],[23.8745,39.9328],[23.8755,39.9323],[23.8797,39.9318],[23.8812,39.9307]],[[23.4109,39.839],[23.4057,39.8389],[23.4024,39.8401],[23.4002,39.8422],[23.3997,39.8443],[23.4001,39.8453],[23.4031,39.8474],[23.4068,39.8479],[23.4123,39.8464],[23.4163,39.8443],[23.4167,39.8432],[23.4159,39.8411],[23.4141,39.8398]],[[23.1745,39.7158],[23.1724,39.7154],[23.1693,39.7163],[23.1679,39.7172],[23.1673,39.7182],[23.1674,39.7193],[23.1684,39.7203],[23.1714,39.7214],[23.1734,39.7214],[23.1755,39.7208],[23.1776,39.7193],[23.1777,39.7182],[23.177,39.7172]],[[23.1828,39.6817],[23.1818,39.6817],[23.1805,39.6828],[23.1849,39.688],[23.187,39.689],[23.1891,39.6892],[23.1901,39.69],[23.1914,39.6891],[23.1891,39.688],[23.1908,39.687],[23.1891,39.6857],[23.187,39.685],[23.1849,39.6857],[23.1839,39.6844],[23.1828,39.6844],[23.1823,39.6839]],[[23.1141,39.6493],[23.1099,39.6491],[23.1056,39.6505],[23.1045,39.6516],[23.1036,39.6536],[23.1035,39.6557],[23.1044,39.6578],[23.1068,39.6596],[23.1109,39.6608],[23.1151,39.6604],[23.1178,39.6589],[23.1194,39.6568],[23.1193,39.6536],[23.1182,39.6516],[23.1172,39.6506]],[[23.438,39.2849],[23.4363,39.2859],[23.438,39.2867],[23.439,39.2859]],[[23.9299,39.0672],[23.9321,39.0693],[23.9312,39.0714],[23.9307,39.0718],[23.9286,39.0719],[23.9276,39.0732],[23.9266,39.0728],[23.926,39.0724],[23.9276,39.0701],[23.9286,39.0672]],[[23.909,39.0578],[23.9089,39.0582],[23.9087,39.0578]],[[23.8329,39.037],[23.8328,39.0373],[23.8325,39.037]],[[23.8395,39.0349],[23.8391,39.037],[23.837,39.0392],[23.8359,39.0381],[23.8357,39.037],[23.8345,39.0359],[23.8359,39.0354],[23.837,39.0356],[23.8391,39.0344]],[[23.9995,39.0981],[23.9979,39.0943],[23.9953,39.09],[23.9929,39.087],[23.9876,39.0818],[23.9808,39.0693],[23.9786,39.0668],[23.9745,39.0633],[23.9714,39.0615],[23.9693,39.0613],[23.9672,39.0598],[23.9661,39.0602],[23.9651,39.0593],[23.9641,39.0598],[23.963,39.0585],[23.9609,39.0574],[23.9599,39.0581],[23.9547,39.0567],[23.9536,39.0569],[23.9526,39.058],[23.9516,39.0578],[23.9495,39.059],[23.9474,39.0591],[23.9453,39.0579],[23.9432,39.0554],[23.9375,39.0526],[23.9359,39.0506],[23.9339,39.0505],[23.9297,39.0481],[23.9286,39.048],[23.9279,39.0484],[23.9275,39.0505],[23.928,39.0526],[23.925,39.0557],[23.9245,39.0591],[23.9224,39.06],[23.9203,39.062],[23.9172,39.0618],[23.9145,39.0599],[23.9141,39.0587],[23.913,39.0583],[23.9124,39.0589],[23.914,39.0599],[23.9147,39.0609],[23.9151,39.063],[23.9161,39.0617],[23.9166,39.062],[23.9158,39.0651],[23.9172,39.0682],[23.9156,39.0703],[23.9154,39.0714],[23.9182,39.0726],[23.9196,39.0745],[23.9194,39.0766],[23.9172,39.0781],[23.9164,39.0797],[23.9172,39.0817],[23.9183,39.0828],[23.9182,39.0839],[23.9198,39.087],[23.9189,39.088],[23.9194,39.0891],[23.9193,39.0899],[23.9172,39.0912],[23.9158,39.0932],[23.913,39.0941],[23.9099,39.0934],[23.9078,39.0921],[23.9068,39.0922],[23.9027,39.0891],[23.8995,39.0786],[23.8974,39.0771],[23.8964,39.0766],[23.8953,39.0779],[23.8943,39.0776],[23.8922,39.0782],[23.8901,39.0775],[23.8891,39.0782],[23.888,39.0775],[23.8839,39.077],[23.8807,39.0755],[23.8755,39.0706],[23.8703,39.0638],[23.86,39.0568],[23.8568,39.0524],[23.8494,39.0495],[23.8453,39.0461],[23.8443,39.0464],[23.8416,39.0432],[23.8419,39.0422],[23.841,39.0401],[23.8415,39.0391],[23.841,39.038],[23.8422,39.0349],[23.8405,39.0339],[23.8412,39.0328],[23.838,39.0301],[23.8373,39.0286],[23.8307,39.0272],[23.8299,39.0276],[23.8273,39.0349],[23.8224,39.0391],[23.821,39.0411],[23.8217,39.0432],[23.8213,39.0453],[23.8223,39.0495],[23.8218,39.0516],[23.8201,39.0516],[23.8204,39.0526],[23.8196,39.0536],[23.8182,39.0532],[23.8159,39.0578],[23.813,39.0598],[23.812,39.0597],[23.8099,39.0608],[23.8089,39.0619],[23.8057,39.0622],[23.8047,39.0618],[23.8036,39.0626],[23.8005,39.0635],[23.7964,39.0637],[23.7911,39.0649],[23.787,39.0647],[23.7807,39.0664],[23.7755,39.0661],[23.7714,39.0666],[23.7703,39.0657],[23.7682,39.0669],[23.7661,39.0647],[23.7641,39.0661],[23.762,39.0656],[23.7557,39.0672],[23.7547,39.0689],[23.7495,39.068],[23.7453,39.0693],[23.7443,39.0688],[23.7432,39.0689],[23.738,39.0667],[23.7297,39.0656],[23.7276,39.0648],[23.7224,39.0644],[23.7182,39.0657],[23.7155,39.0672],[23.712,39.0673],[23.7089,39.0687],[23.7068,39.0684],[23.7005,39.0705],[23.6974,39.0699],[23.6965,39.0703],[23.6968,39.0714],[23.6964,39.074],[23.6947,39.0755],[23.6922,39.0761],[23.6863,39.0755],[23.6776,39.0721],[23.6755,39.0725],[23.6724,39.0748],[23.6693,39.0742],[23.6677,39.0755],[23.6681,39.0797],[23.6651,39.0812],[23.6589,39.0809],[23.6511,39.0828],[23.6454,39.0849],[23.6447,39.088],[23.6447,39.0891],[23.646,39.0911],[23.6454,39.0932],[23.6442,39.0964],[23.6422,39.0989],[23.6411,39.0995],[23.641,39.1005],[23.6391,39.1027],[23.6307,39.1052],[23.6297,39.1047],[23.6255,39.1049],[23.6203,39.1071],[23.6193,39.107],[23.6179,39.1089],[23.6164,39.1099],[23.6151,39.1119],[23.6141,39.112],[23.613,39.1129],[23.6109,39.1129],[23.6109,39.1142],[23.6089,39.1139],[23.6079,39.1151],[23.6036,39.1178],[23.6024,39.1193],[23.6005,39.1201],[23.5953,39.1245],[23.5943,39.1261],[23.5911,39.1284],[23.5896,39.1276],[23.5776,39.1325],[23.5734,39.1332],[23.5724,39.135],[23.5714,39.1347],[23.5693,39.1327],[23.5682,39.1325],[23.5649,39.1286],[23.5632,39.1255],[23.562,39.1203],[23.5627,39.1151],[23.5617,39.112],[23.5599,39.1089],[23.5583,39.1089],[23.5578,39.1099],[23.5568,39.1103],[23.5547,39.1125],[23.5526,39.1121],[23.5505,39.1106],[23.5484,39.111],[23.548,39.1099],[23.5464,39.1087],[23.5432,39.1101],[23.5413,39.1089],[23.5411,39.1078],[23.537,39.1026],[23.5367,39.1036],[23.5373,39.1047],[23.5374,39.1068],[23.537,39.1074],[23.5318,39.1044],[23.5245,39.1023],[23.5193,39.1039],[23.5151,39.1044],[23.5047,39.1015],[23.4974,39.1011],[23.4922,39.1018],[23.4828,39.1005],[23.4672,39.1026],[23.4547,39.1057],[23.4536,39.1054],[23.4526,39.1058],[23.4495,39.1052],[23.4432,39.1063],[23.4391,39.1063],[23.4318,39.105],[23.4255,39.1028],[23.4172,39.1043],[23.4089,39.1072],[23.4068,39.1071],[23.4063,39.1057],[23.4065,39.1047],[23.4093,39.0964],[23.4094,39.0891],[23.4089,39.0859],[23.4082,39.0849],[23.4044,39.0818],[23.4043,39.0807],[23.4026,39.0789],[23.4016,39.079],[23.4,39.0766],[23.4005,39.0755],[23.3984,39.0724],[23.3982,39.0693],[23.3986,39.0682],[23.3976,39.0641],[23.395,39.0599],[23.3877,39.0505],[23.3849,39.0446],[23.3826,39.0422],[23.3822,39.0411],[23.3825,39.038],[23.3821,39.0339],[23.3808,39.0307],[23.3812,39.0276],[23.3799,39.0276],[23.3797,39.029],[23.3786,39.0288],[23.377,39.0276],[23.3768,39.0266],[23.3767,39.0245],[23.3779,39.0214],[23.3807,39.0173],[23.3828,39.0174],[23.3839,39.0159],[23.3891,39.015],[23.3922,39.0161],[23.3953,39.0165],[23.4005,39.0162],[23.412,39.018],[23.4141,39.0179],[23.4172,39.0166],[23.4219,39.013],[23.4264,39.0068],[23.4256,39.0026],[23.4237,39.0005]],[[23.8433,39.0026],[23.8431,39.0057],[23.8441,39.0089],[23.8446,39.0141],[23.8495,39.021],[23.8526,39.0229],[23.8536,39.0229],[23.8547,39.0236],[23.8554,39.0255],[23.855,39.0266],[23.8557,39.0297],[23.8556,39.0307],[23.8544,39.0318],[23.8595,39.0391],[23.861,39.0401],[23.8612,39.0411],[23.8641,39.0457],[23.8661,39.0471],[23.8724,39.0466],[23.8766,39.0478],[23.8807,39.0512],[23.8849,39.0554],[23.888,39.0569],[23.8922,39.0579],[23.898,39.0641],[23.8984,39.0651],[23.8995,39.0648],[23.9003,39.0661],[23.9036,39.0669],[23.9057,39.0684],[23.9089,39.0685],[23.9109,39.0684],[23.9119,39.0672],[23.9122,39.0651],[23.9116,39.063],[23.9107,39.062],[23.9111,39.0609],[23.9099,39.0605],[23.9094,39.0589],[23.9117,39.0589],[23.9115,39.0578],[23.9104,39.0568],[23.9103,39.0557],[23.9087,39.0547],[23.9092,39.0536],[23.9078,39.0522],[23.9068,39.0519],[23.9057,39.0504],[23.9051,39.0484],[23.9047,39.0411],[23.904,39.038],[23.9002,39.0286],[23.8976,39.0245],[23.8953,39.022],[23.8901,39.0205],[23.8839,39.0208],[23.8724,39.0224],[23.8693,39.0216],[23.8651,39.0185],[23.8629,39.012],[23.8609,39.0094],[23.8599,39.0089],[23.8589,39.0075],[23.8556,39.0026],[23.8533,39.0005]],[[23.5578,39.1054],[23.5578,39.1061],[23.5591,39.1068]],[[23.5453,39.1046],[23.545,39.1047],[23.5464,39.1061],[23.5466,39.1057]],[[23.563,39.0896],[23.5609,39.0901],[23.5605,39.0911],[23.5609,39.0917],[23.562,39.0918],[23.563,39.0911],[23.5635,39.0901]],[[23.4026,39.0774],[23.4021,39.0776],[23.4026,39.0781]],[[23.8495,39.0304],[23.8487,39.0307],[23.8498,39.0307]],[[23.9266,39.0042],[23.924,39.0047],[23.923,39.0057],[23.9236,39.0078],[23.9235,39.0099],[23.9255,39.0122],[23.9277,39.012],[23.9279,39.0109],[23.9297,39.0093],[23.9302,39.0078],[23.9286,39.0056]],[[23.9182,39.0021],[23.9161,39.0018],[23.9151,39.0022],[23.9139,39.0036],[23.9138,39.0047],[23.9151,39.0055],[23.9182,39.0056],[23.9194,39.0047],[23.9194,39.0036]]]}}]}