{"type":"FeatureCollection","features":[{"type":"Feature","properties":{"depth":5,"kind":"band"},"geometry":{"type":"MultiPolygon","coordinates":[[[[24.0048,39.9977],[24.0051,39.9981],[24.0045,39.9984],[24.0029,39.9984],[24.0022,39.998],[24.0025,39.9971],[24.0029,39.9969],[24.0033,39.9972],[24.0039,39.9972],[24.0044,39.9967],[24.0047,39.9967],[24.0047,39.9972],[24.0047,39.9974],[24.0047,39.9974],[24.0048,39.9977]]],[[[24.0077,39.9977],[24.0074,39.9981],[24.0072,39.9979],[24.0069,39.997],[24.0071,39.9967],[24.0075,39.9972],[24.0078,39.9974],[24.0078,39.9974],[24.0077,39.9977]]],[[[24.0005,39.9945],[24.0005,39.9948],[24.0005,39.9948],[24.0005,39.9945],[24.0005,39.9943],[24.0005,39.9943],[24.0005,39.9945]]],[[[24.1793,39.4269],[24.1806,39.4273],[24.1806,39.4279],[24.1793,39.4284],[24.1783,39.4284],[24.1779,39.4279],[24.1779,39.4273],[24.1783,39.4269],[24.1786,39.4266],[24.1786,39.4266],[24.1793,39.4269]]],[[[24.1807,39.4248],[24.1807,39.4255],[24.1805,39.4255],[24.18,39.4248],[24.18,39.4245],[24.1805,39.4245],[24.1807,39.4245],[24.1807,39.4245],[24.1807,39.4248]]],[[[24.156,39.4018],[24.1558,39.4023],[24.1555,39.4023],[24.155,39.4018],[24.1551,39.4016],[24.1558,39.4016],[24.1561,39.4016],[24.1561,39.4016],[24.156,39.4018]]],[[[24.1712,39.3758],[24.1709,39.3763],[24.1709,39.3763],[24.1712,39.3758],[24.1714,39.3755],[24.1714,39.3755],[24.1712,39.3758]]],[[[24.3328,39.3663],[24.3328,39.3667],[24.3328,39.3667],[24.3328,39.3663],[24.3328,39.3661],[24.3328,39.3661],[24.3328,39.3663]]],[[[24.1597,39.3599],[24.1593,39.3599],[24.1593,39.3599],[24.1597,39.3599],[24.1599,39.3599],[24.1599,39.3599],[24.1597,39.3599]]],[[[24.3339,39.357],[24.3339,39.3573],[24.3337,39.3573],[24.3333,39.357],[24.3333,39.3568],[24.3337,39.3568],[24.3339,39.3568],[24.3339,39.3568],[24.3339,39.357]]],[[[24.0776,39.3539],[24.0776,39.3544],[24.0781,39.355],[24.0792,39.3555],[24.0794,39.356],[24.0789,39.3565],[24.0784,39.3568],[24.0778,39.3568],[24.0776,39.356],[24.0776,39.3544],[24.0776,39.3536],[24.0776,39.3536],[24.0776,39.3539]]],[[[24.3276,39.3362],[24.3276,39.3367],[24.3274,39.3367],[24.3269,39.3362],[24.3269,39.3357],[24.3274,39.3354],[24.3276,39.3354],[24.3276,39.3357],[24.3276,39.3359],[24.3276,39.3359],[24.3276,39.3362]]],[[[24.0951,39.3245],[24.0945,39.3245],[24.0945,39.3245],[24.0951,39.3245],[24.0953,39.3245],[24.0953,39.3245],[24.0951,39.3245]]],[[[24.0565,39.3224],[24.0558,39.3224],[24.0558,39.3224],[24.0565,39.3224],[24.0568,39.3224],[24.0568,39.3224],[24.0565,39.3224]]],[[[24.0545,39.3005],[24.0542,39.3005],[24.0542,39.3005],[24.0545,39.3005],[24.0547,39.3005],[24.0547,39.3005],[24.0545,39.3005]]],[[[24.0819,39.2995],[24.0806,39.2995],[24.0806,39.2995],[24.0819,39.2995],[24.0825,39.2995],[24.0825,39.2995],[24.0819,39.2995]]],[[[24.0797,39.2986],[24.0797,39.299],[24.0795,39.299],[24.0792,39.2986],[24.0792,39.2984],[24.0795,39.2984],[24.0797,39.2984],[24.0797,39.2984],[24.0797,39.2986]]],[[[24.1221,39.0885],[24.1217,39.0893],[24.1214,39.0893],[24.1214,39.0885],[24.1217,39.088],[24.1221,39.088],[24.1224,39.088],[24.1224,39.088],[24.1221,39.0885]]],[[[24.1188,39.0592],[24.1184,39.0597],[24.1182,39.0597],[24.1182,39.0592],[24.1184,39.0589],[24.1188,39.0589],[24.119,39.0589],[24.119,39.0589],[24.1188,39.0592]]],[[[24.1212,39.0589],[24.1208,39.0589],[24.1208,39.0589],[24.1212,39.0589],[24.1214,39.0589],[24.1214,39.0589],[24.1212,39.0589]]],[[[24.0782,39.0443],[24.0778,39.0443],[24.0778,39.0443],[24.0782,39.0443],[24.0784,39.0443],[24.0784,39.0443],[24.0782,39.0443]]],[[[24.4703,39.0174],[24.4703,39.0177],[24.4703,39.0175],[24.4703,39.0169],[24.4703,39.0168],[24.4703,39.0171],[24.4703,39.0172],[24.4703,39.0172],[24.4703,39.0174]]],[[[25,39.1187],[25,39.3552],[24.9999,39.4735],[24.9996,39.4739],[24.9988,39.4736],[24.9974,39.4728],[24.9957,39.4703],[24.9936,39.4662],[24.9917,39.4629],[24.99,39.4604],[24.9886,39.459],[24.9875,39.4585],[24.9864,39.4585],[24.9851,39.4588],[24.9829,39.4607],[24.9798,39.4643],[24.9767,39.47],[24.9736,39.4779],[24.9711,39.4852],[24.9695,39.4919],[24.9687,39.5005],[24.9689,39.5109],[24.9698,39.5179],[24.9715,39.5216],[24.9725,39.5247],[24.9731,39.5273],[24.9736,39.5289],[24.9742,39.5294],[24.9751,39.5297],[24.9764,39.5297],[24.9769,39.5308],[24.9767,39.5329],[24.9774,39.5347],[24.9789,39.5362],[24.981,39.5372],[24.9836,39.5375],[24.9848,39.5381],[24.9846,39.5388],[24.9848,39.5396],[24.9852,39.5406],[24.9865,39.5416],[24.9886,39.5427],[24.9899,39.5437],[24.9906,39.5448],[24.9907,39.5461],[24.9903,39.5476],[24.9906,39.5489],[24.9916,39.55],[24.9923,39.5513],[24.9928,39.5528],[24.9928,39.5541],[24.9924,39.5552],[24.9935,39.5566],[24.9961,39.5585],[24.9977,39.56],[24.9982,39.5614],[24.9988,39.562],[24.9996,39.562],[24.9999,39.6715],[24.9996,39.8905],[24.7542,40],[24.2635,40],[24.0166,39.9988],[24.0136,39.9963],[24.0112,39.9949],[24.0097,39.9944],[24.0084,39.9944],[24.0073,39.9949],[24.0059,39.9944],[24.004,39.9929],[24.0032,39.9912],[24.0035,39.9891],[24.0028,39.9872],[24.0009,39.9857],[24,39.9826],[24,39.9778],[24.0004,39.9752],[24.0012,39.9748],[24.0019,39.9748],[24.0024,39.9752],[24.0029,39.9752],[24.0033,39.9748],[24.0036,39.9735],[24.0037,39.9714],[24.0032,39.9695],[24.0022,39.968],[24.0012,39.9672],[24.0004,39.9672],[24,39.7852],[24,39.4211],[24.0007,39.2386],[24.002,39.2375],[24.003,39.2354],[24.0038,39.2323],[24.0049,39.2302],[24.0061,39.2291],[24.0068,39.2284],[24.0068,39.2279],[24.0073,39.2274],[24.0084,39.2269],[24.0089,39.2263],[24.0089,39.2258],[24.0084,39.225],[24.0073,39.2239],[24.0058,39.2234],[24.0037,39.2234],[24.0026,39.2231],[24.0026,39.2227],[24.002,39.2219],[24.0007,39.2208],[24.0001,39.1652],[24.0004,39.0551],[24.1211,39],[24.3622,39],[24.4823,39.0012],[24.4812,39.0035],[24.481,39.005],[24.4815,39.0054],[24.4825,39.0057],[24.484,39.0057],[24.4855,39.0062],[24.4872,39.0073],[24.4883,39.0076],[24.4888,39.0071],[24.4888,39.0065],[24.4883,39.006],[24.4885,39.0054],[24.4896,39.005],[24.4903,39.0039],[24.4908,39.0024],[24.4905,39.0013],[24.4896,39.0008],[24.4888,39.0008],[24.4883,39.0013],[24.4876,39.0016],[24.4867,39.0016],[24.4857,39.0013],[24.4847,39.0008],[24.4844,39.0004],[24.4847,39.0001],[24.6137,39.0001],[24.8712,39.0004],[25,39.0005],[25,39.0005],[25,39.1187]],[[24.6578,39.533],[24.6578,39.5337],[24.6578,39.5337],[24.6578,39.533],[24.6578,39.5326],[24.6578,39.5326],[24.6578,39.533]],[[24.1907,39.4992],[24.1901,39.5001],[24.1898,39.5009],[24.19,39.5016],[24.1904,39.5012],[24.1908,39.4996],[24.1911,39.4988],[24.1911,39.4988],[24.1907,39.4992]],[[24.1815,39.4917],[24.1789,39.4921],[24.1771,39.4919],[24.176,39.4914],[24.1752,39.4914],[24.1748,39.4919],[24.1745,39.494],[24.1745,39.4977],[24.1766,39.5014],[24.1807,39.5051],[24.1836,39.5072],[24.1851,39.5076],[24.1862,39.5076],[24.1867,39.5071],[24.1867,39.5055],[24.1861,39.5029],[24.1863,39.5011],[24.1874,39.5],[24.188,39.499],[24.1881,39.4979],[24.1875,39.4972],[24.1864,39.4967],[24.1856,39.4956],[24.1851,39.494],[24.1844,39.4928],[24.1833,39.492],[24.1828,39.4916],[24.1828,39.4916],[24.1815,39.4917]],[[24.1836,39.4814],[24.181,39.481],[24.1786,39.4818],[24.1765,39.4839],[24.1765,39.4847],[24.1786,39.4844],[24.181,39.4845],[24.1836,39.485],[24.1851,39.4852],[24.1855,39.485],[24.1854,39.4847],[24.1848,39.4842],[24.1846,39.4833],[24.1848,39.4823],[24.1849,39.4817],[24.1849,39.4817],[24.1836,39.4814]],[[24.1837,39.4281],[24.1834,39.4284],[24.1834,39.4286],[24.1838,39.4286],[24.184,39.4284],[24.1839,39.4281],[24.1839,39.4279],[24.1839,39.4279],[24.1837,39.4281]],[[24.1591,39.3577],[24.1574,39.3578],[24.1564,39.3581],[24.1559,39.3586],[24.156,39.3592],[24.1565,39.3597],[24.1563,39.3599],[24.1552,39.3599],[24.1544,39.3597],[24.1539,39.3592],[24.1534,39.3592],[24.1528,39.3597],[24.1531,39.3612],[24.1542,39.3638],[24.1542,39.3654],[24.1531,39.3659],[24.1497,39.3658],[24.144,39.3652],[24.1403,39.3654],[24.1388,39.3664],[24.137,39.367],[24.1349,39.3671],[24.1335,39.368],[24.1325,39.3695],[24.1325,39.3709],[24.1335,39.372],[24.1373,39.3741],[24.144,39.3774],[24.149,39.3807],[24.1521,39.384],[24.1534,39.3892],[24.1528,39.3962],[24.1534,39.4005],[24.1549,39.4019],[24.1562,39.4042],[24.1573,39.4074],[24.1595,39.41],[24.1628,39.412],[24.1656,39.4146],[24.1677,39.4177],[24.1689,39.4201],[24.1692,39.4217],[24.1696,39.4227],[24.1701,39.4232],[24.1706,39.4232],[24.1711,39.4227],[24.1716,39.4227],[24.1722,39.4232],[24.1721,39.4242],[24.1715,39.4258],[24.1718,39.4277],[24.1729,39.4298],[24.1739,39.4314],[24.175,39.4323],[24.1763,39.4329],[24.1778,39.433],[24.1791,39.4328],[24.1801,39.4321],[24.1805,39.4315],[24.1805,39.431],[24.1813,39.4294],[24.183,39.4269],[24.1842,39.4259],[24.1846,39.4264],[24.1846,39.4263],[24.1842,39.4258],[24.1837,39.4242],[24.1831,39.4216],[24.1821,39.4197],[24.1805,39.4185],[24.1797,39.417],[24.1797,39.4151],[24.18,39.4138],[24.1805,39.4133],[24.1805,39.4125],[24.1802,39.4114],[24.1802,39.4105],[24.1805,39.4096],[24.181,39.4096],[24.1815,39.4105],[24.1821,39.4104],[24.1826,39.4094],[24.1826,39.4086],[24.1821,39.4081],[24.1815,39.408],[24.181,39.4083],[24.1803,39.4083],[24.1794,39.408],[24.179,39.4073],[24.1792,39.4062],[24.1804,39.4047],[24.1827,39.4026],[24.1844,39.4021],[24.1854,39.4031],[24.1864,39.4034],[24.1875,39.403],[24.1883,39.4033],[24.1888,39.4042],[24.1894,39.4044],[24.1899,39.4039],[24.1896,39.4033],[24.1887,39.4029],[24.1887,39.4024],[24.1896,39.4019],[24.1901,39.4009],[24.1901,39.3996],[24.1893,39.3991],[24.1878,39.3994],[24.1871,39.3992],[24.1873,39.3987],[24.187,39.3983],[24.1863,39.3982],[24.1859,39.3977],[24.1859,39.3968],[24.187,39.3969],[24.1891,39.3979],[24.1904,39.3982],[24.1908,39.3977],[24.1911,39.3966],[24.1911,39.3951],[24.1902,39.3935],[24.1884,39.3919],[24.1871,39.3901],[24.1863,39.388],[24.1847,39.3857],[24.1823,39.3831],[24.1802,39.3802],[24.1785,39.3771],[24.1761,39.375],[24.1729,39.3739],[24.1709,39.3739],[24.1698,39.3748],[24.1691,39.375],[24.1687,39.3747],[24.169,39.3742],[24.1699,39.3737],[24.1701,39.3731],[24.1696,39.3727],[24.169,39.3729],[24.1685,39.3738],[24.1679,39.374],[24.1675,39.3735],[24.1675,39.3725],[24.1679,39.371],[24.1677,39.3698],[24.1666,39.3687],[24.1659,39.3687],[24.1654,39.3696],[24.1646,39.3696],[24.1637,39.3687],[24.1634,39.368],[24.1639,39.3675],[24.1639,39.3669],[24.1635,39.3664],[24.1638,39.3659],[24.1647,39.3654],[24.1649,39.3648],[24.1644,39.3644],[24.1638,39.3646],[24.1633,39.3655],[24.1628,39.3652],[24.1624,39.3637],[24.1627,39.3628],[24.1636,39.3623],[24.1638,39.3617],[24.1633,39.3612],[24.1628,39.3614],[24.1622,39.3623],[24.162,39.3623],[24.162,39.3614],[24.1622,39.3607],[24.1628,39.3602],[24.1622,39.3594],[24.1607,39.3583],[24.1599,39.3577],[24.1599,39.3577],[24.1591,39.3577]],[[24.1232,39.3491],[24.1227,39.3506],[24.1216,39.3509],[24.1201,39.35],[24.119,39.3498],[24.1185,39.3502],[24.1185,39.3508],[24.119,39.3513],[24.1193,39.3521],[24.1193,39.3531],[24.119,39.3539],[24.1185,39.3544],[24.1185,39.355],[24.119,39.3555],[24.1201,39.3557],[24.1216,39.3557],[24.1227,39.3555],[24.1232,39.355],[24.1235,39.3542],[24.1236,39.3531],[24.1242,39.3521],[24.125,39.351],[24.125,39.3502],[24.124,39.3498],[24.1235,39.3492],[24.1234,39.3487],[24.1234,39.3484],[24.1234,39.3484],[24.1232,39.3491]],[[24.1386,39.3343],[24.1355,39.3354],[24.1336,39.3364],[24.1331,39.3375],[24.132,39.3382],[24.1305,39.3387],[24.1292,39.3384],[24.1281,39.3374],[24.1271,39.3369],[24.126,39.337],[24.1257,39.3373],[24.1261,39.3378],[24.1261,39.3383],[24.1256,39.3388],[24.1253,39.3396],[24.1253,39.3406],[24.126,39.3419],[24.1275,39.3435],[24.1278,39.3445],[24.127,39.345],[24.1267,39.3457],[24.127,39.3469],[24.1267,39.3477],[24.1259,39.3481],[24.126,39.3492],[24.1271,39.3508],[24.1281,39.3519],[24.1292,39.3524],[24.1302,39.3521],[24.1313,39.351],[24.1311,39.3497],[24.1296,39.3482],[24.1291,39.3472],[24.1295,39.3467],[24.1305,39.3475],[24.132,39.3496],[24.1336,39.3506],[24.1351,39.3504],[24.137,39.3499],[24.139,39.3489],[24.1399,39.3479],[24.1394,39.3469],[24.1396,39.3464],[24.1406,39.3464],[24.1416,39.3459],[24.1427,39.3448],[24.1435,39.3446],[24.144,39.3451],[24.1446,39.3451],[24.1451,39.3446],[24.1451,39.3438],[24.1446,39.3427],[24.1446,39.3425],[24.1451,39.343],[24.1456,39.343],[24.1461,39.3425],[24.1459,39.3414],[24.1448,39.3399],[24.1448,39.3383],[24.1459,39.3367],[24.1461,39.3357],[24.1456,39.3352],[24.1448,39.3354],[24.1437,39.3363],[24.143,39.3365],[24.1424,39.3361],[24.1424,39.3357],[24.143,39.3352],[24.143,39.3346],[24.1424,39.3342],[24.1417,39.3339],[24.1406,39.3338],[24.1401,39.3338],[24.1401,39.3338],[24.1386,39.3343]],[[24.3263,39.3293],[24.3237,39.3308],[24.3221,39.3311],[24.3217,39.3302],[24.3209,39.33],[24.3198,39.3305],[24.3196,39.331],[24.32,39.3315],[24.3195,39.3315],[24.318,39.3308],[24.3167,39.3306],[24.3156,39.3307],[24.3149,39.331],[24.3144,39.3315],[24.3144,39.3321],[24.3149,39.3326],[24.3149,39.3333],[24.3144,39.3342],[24.3138,39.3342],[24.3133,39.3333],[24.3127,39.3331],[24.3123,39.3336],[24.3124,39.3342],[24.3133,39.3346],[24.313,39.3352],[24.3116,39.3357],[24.3107,39.3364],[24.3102,39.3375],[24.3102,39.3383],[24.3107,39.3388],[24.3109,39.3399],[24.3109,39.3414],[24.3117,39.343],[24.3132,39.3445],[24.3139,39.3461],[24.3141,39.3476],[24.3149,39.3492],[24.3165,39.3508],[24.3174,39.3521],[24.3176,39.3531],[24.3173,39.3544],[24.3165,39.356],[24.3161,39.3578],[24.3161,39.3599],[24.3169,39.3616],[24.3185,39.3629],[24.3193,39.3645],[24.3193,39.3663],[24.3198,39.3675],[24.3209,39.368],[24.3217,39.3687],[24.3221,39.3698],[24.3237,39.3703],[24.3263,39.3703],[24.3278,39.3699],[24.3284,39.369],[24.3289,39.369],[24.3294,39.3699],[24.3302,39.3703],[24.3313,39.3703],[24.3321,39.3699],[24.3326,39.369],[24.3331,39.369],[24.3336,39.3699],[24.3342,39.3701],[24.3347,39.3696],[24.3349,39.3683],[24.3349,39.3662],[24.3347,39.3648],[24.3342,39.3644],[24.3342,39.3636],[24.3347,39.3625],[24.3347,39.3617],[24.3343,39.3612],[24.3345,39.3601],[24.3355,39.3586],[24.3359,39.3573],[24.3359,39.3562],[24.3354,39.3555],[24.3344,39.355],[24.3336,39.3551],[24.3331,39.356],[24.3326,39.3558],[24.3321,39.3543],[24.3323,39.3534],[24.3334,39.3529],[24.3342,39.3529],[24.3347,39.3534],[24.3352,39.3534],[24.3357,39.3529],[24.3359,39.3521],[24.336,39.351],[24.3355,39.35],[24.3344,39.3489],[24.3334,39.3487],[24.3323,39.3492],[24.3316,39.3492],[24.3311,39.3487],[24.3311,39.3481],[24.3316,39.3477],[24.3315,39.3469],[24.331,39.3458],[24.331,39.3451],[24.3315,39.3446],[24.3315,39.344],[24.331,39.3435],[24.3305,39.3435],[24.3299,39.344],[24.3292,39.344],[24.3284,39.3435],[24.3281,39.3424],[24.3284,39.3409],[24.3284,39.3399],[24.3278,39.3394],[24.3281,39.3383],[24.3292,39.3367],[24.3292,39.3357],[24.3284,39.3352],[24.3281,39.3346],[24.3284,39.3342],[24.3282,39.3334],[24.3273,39.3323],[24.3273,39.3313],[24.3282,39.3302],[24.3284,39.3294],[24.3278,39.3289],[24.3276,39.3286],[24.3276,39.3286],[24.3263,39.3293]],[[24.037,39.3101],[24.0349,39.3106],[24.0336,39.3114],[24.0331,39.3125],[24.0333,39.3135],[24.0344,39.3146],[24.0352,39.3149],[24.0357,39.3144],[24.0367,39.3146],[24.0383,39.3156],[24.0396,39.3161],[24.0406,39.3161],[24.0414,39.3156],[24.0419,39.3146],[24.0419,39.3136],[24.0414,39.3125],[24.0403,39.3115],[24.0388,39.3104],[24.038,39.3098],[24.038,39.3098],[24.037,39.3101]],[[24.0708,39.2911],[24.0677,39.2911],[24.0653,39.2919],[24.0636,39.2935],[24.0626,39.2948],[24.0622,39.2959],[24.0615,39.2967],[24.0604,39.2972],[24.0602,39.2977],[24.0607,39.2982],[24.0607,39.2987],[24.0602,39.2992],[24.0594,39.2995],[24.0583,39.2995],[24.0576,39.2992],[24.0571,39.2987],[24.0552,39.2984],[24.0521,39.2984],[24.0502,39.2987],[24.0498,39.2992],[24.0499,39.2998],[24.0508,39.3003],[24.0503,39.3013],[24.0484,39.3028],[24.0478,39.3049],[24.0486,39.3076],[24.0502,39.3094],[24.0525,39.3104],[24.0541,39.3117],[24.0552,39.3133],[24.0568,39.3138],[24.0589,39.3133],[24.0602,39.3135],[24.0607,39.3146],[24.0618,39.3149],[24.0635,39.3144],[24.0645,39.3144],[24.0649,39.3149],[24.0641,39.3156],[24.062,39.3167],[24.0604,39.3172],[24.0594,39.3172],[24.0584,39.318],[24.0573,39.3195],[24.0563,39.3201],[24.0552,39.3196],[24.0544,39.3198],[24.0539,39.3209],[24.0526,39.3206],[24.0505,39.319],[24.049,39.3182],[24.048,39.3182],[24.0472,39.3179],[24.0467,39.3175],[24.0454,39.3172],[24.0433,39.3172],[24.0419,39.3175],[24.0414,39.3179],[24.0411,39.319],[24.0411,39.3206],[24.0406,39.3211],[24.0396,39.3206],[24.0388,39.3206],[24.0383,39.3211],[24.0385,39.3222],[24.0396,39.3237],[24.0406,39.3245],[24.0417,39.3245],[24.0414,39.325],[24.0399,39.3261],[24.0391,39.3269],[24.0391,39.3273],[24.0396,39.3279],[24.0406,39.3284],[24.0416,39.3281],[24.0427,39.3271],[24.0435,39.3279],[24.044,39.3305],[24.0435,39.3323],[24.0419,39.3334],[24.0411,39.3344],[24.0411,39.3354],[24.0419,39.3364],[24.0435,39.3375],[24.044,39.3391],[24.0435,39.3412],[24.0445,39.344],[24.047,39.3477],[24.0486,39.3505],[24.0492,39.3526],[24.0518,39.3554],[24.0564,39.3591],[24.0588,39.3614],[24.0589,39.3625],[24.0594,39.3638],[24.0604,39.3653],[24.063,39.3672],[24.0672,39.3693],[24.0716,39.3706],[24.0763,39.3711],[24.0792,39.3704],[24.0803,39.3682],[24.0808,39.3667],[24.0807,39.3656],[24.0805,39.3648],[24.0799,39.3644],[24.0794,39.3643],[24.0789,39.3647],[24.0786,39.3642],[24.0786,39.3627],[24.0794,39.3625],[24.081,39.3636],[24.0824,39.3636],[24.0836,39.3625],[24.084,39.3615],[24.0836,39.3604],[24.0835,39.3596],[24.0838,39.3589],[24.0847,39.3584],[24.0862,39.3579],[24.088,39.3577],[24.0901,39.358],[24.0922,39.3576],[24.0943,39.3566],[24.0956,39.3555],[24.0961,39.3542],[24.0959,39.3523],[24.0948,39.3497],[24.0948,39.3484],[24.0959,39.3484],[24.0969,39.3489],[24.0979,39.35],[24.0987,39.3502],[24.0992,39.3498],[24.0997,39.3498],[24.1003,39.3502],[24.1008,39.3503],[24.1013,39.35],[24.1019,39.3489],[24.1024,39.3472],[24.1021,39.3458],[24.101,39.3448],[24.1008,39.344],[24.1013,39.3435],[24.1013,39.343],[24.1008,39.3425],[24.1003,39.3425],[24.0997,39.343],[24.0993,39.343],[24.0988,39.3425],[24.0994,39.3414],[24.1009,39.3397],[24.1021,39.3394],[24.1031,39.3406],[24.1037,39.3407],[24.1037,39.3396],[24.1027,39.3381],[24.1006,39.3361],[24.0995,39.3341],[24.0995,39.3322],[24.099,39.3316],[24.0979,39.3324],[24.097,39.3326],[24.096,39.3321],[24.0958,39.331],[24.0962,39.3294],[24.0969,39.3289],[24.0979,39.3294],[24.0988,39.3292],[24.0994,39.3281],[24.0992,39.3263],[24.0981,39.3237],[24.0978,39.3219],[24.0983,39.3208],[24.0988,39.3182],[24.0992,39.3141],[24.099,39.3115],[24.0979,39.3104],[24.0972,39.3102],[24.0966,39.3106],[24.0967,39.3104],[24.0972,39.3094],[24.0972,39.3081],[24.0967,39.3065],[24.0959,39.3052],[24.0948,39.3041],[24.0938,39.3036],[24.0927,39.3035],[24.092,39.3027],[24.0915,39.3012],[24.0907,39.3],[24.0896,39.2989],[24.0886,39.2982],[24.0875,39.2977],[24.0857,39.2973],[24.0831,39.2971],[24.081,39.2963],[24.0794,39.295],[24.0781,39.2943],[24.0771,39.2943],[24.0761,39.2938],[24.0753,39.2927],[24.0742,39.2919],[24.073,39.2914],[24.0724,39.2911],[24.0724,39.2911],[24.0708,39.2911]],[[24.0896,39.2904],[24.0885,39.2909],[24.088,39.2916],[24.088,39.2927],[24.0883,39.2935],[24.0888,39.294],[24.0899,39.2943],[24.0914,39.2943],[24.0925,39.294],[24.093,39.2935],[24.0932,39.2927],[24.0932,39.2916],[24.093,39.2909],[24.0925,39.2904],[24.0917,39.2901],[24.0906,39.2901],[24.0901,39.2901],[24.0901,39.2901],[24.0896,39.2904]],[[24.0917,39.1038],[24.0906,39.1044],[24.0906,39.1055],[24.0917,39.107],[24.0927,39.107],[24.0938,39.1055],[24.0938,39.1044],[24.0927,39.1038],[24.0922,39.1035],[24.0922,39.1035],[24.0917,39.1038]],[[24.0997,39.0974],[24.0982,39.0974],[24.0969,39.0979],[24.0957,39.099],[24.0955,39.1],[24.0961,39.1011],[24.0961,39.1013],[24.0956,39.1008],[24.095,39.1008],[24.0943,39.1013],[24.0943,39.1019],[24.095,39.1024],[24.0951,39.1031],[24.0945,39.1042],[24.0945,39.1052],[24.0951,39.1063],[24.0961,39.1065],[24.0976,39.106],[24.0987,39.106],[24.0992,39.1065],[24.0997,39.1065],[24.1003,39.106],[24.1005,39.1055],[24.1005,39.105],[24.0997,39.1042],[24.0982,39.1031],[24.099,39.1029],[24.102,39.1034],[24.1039,39.1039],[24.1044,39.1044],[24.105,39.1044],[24.1054,39.1039],[24.1045,39.1026],[24.1021,39.1005],[24.1011,39.0992],[24.1014,39.0987],[24.1013,39.0981],[24.1008,39.0977],[24.1005,39.0974],[24.1005,39.0974],[24.0997,39.0974]],[[24.0875,39.0785],[24.0864,39.0784],[24.0854,39.0789],[24.0844,39.0801],[24.0839,39.0815],[24.0839,39.0831],[24.0842,39.0842],[24.0847,39.0846],[24.086,39.0849],[24.0881,39.0849],[24.0893,39.0846],[24.0898,39.0842],[24.0901,39.0829],[24.0901,39.0808],[24.0896,39.0795],[24.0885,39.0789],[24.088,39.0786],[24.088,39.0786],[24.0875,39.0785]],[[24.0951,39.066],[24.0945,39.0659],[24.0938,39.0665],[24.0927,39.0676],[24.0922,39.069],[24.0922,39.0706],[24.093,39.0719],[24.0945,39.0729],[24.0956,39.0739],[24.0961,39.075],[24.0966,39.0752],[24.0972,39.0748],[24.0985,39.0745],[24.1005,39.0745],[24.1021,39.0735],[24.1031,39.0714],[24.1034,39.0701],[24.1029,39.0696],[24.1024,39.0696],[24.1019,39.0701],[24.1013,39.0698],[24.1008,39.0687],[24.0997,39.0687],[24.0982,39.0698],[24.0977,39.0701],[24.0982,39.0696],[24.098,39.069],[24.0971,39.0685],[24.0971,39.0679],[24.098,39.0675],[24.0982,39.0669],[24.0977,39.0664],[24.0969,39.0661],[24.0958,39.066],[24.0953,39.066],[24.0953,39.066],[24.0951,39.066]],[[24.1054,39.0521],[24.105,39.053],[24.1044,39.0532],[24.1039,39.0528],[24.1034,39.0529],[24.1029,39.0534],[24.1026,39.0539],[24.1026,39.0544],[24.1024,39.0542],[24.1019,39.0531],[24.1013,39.0526],[24.1008,39.0526],[24.1,39.0534],[24.0989,39.0549],[24.1,39.0575],[24.1031,39.0612],[24.105,39.063],[24.1054,39.063],[24.1065,39.0638],[24.1081,39.0653],[24.1099,39.0664],[24.112,39.0669],[24.1127,39.0675],[24.1123,39.0679],[24.1115,39.0682],[24.1104,39.0682],[24.1091,39.0692],[24.1076,39.0714],[24.1063,39.0724],[24.1052,39.0724],[24.1042,39.0729],[24.1031,39.074],[24.1029,39.075],[24.1034,39.0761],[24.1031,39.0774],[24.1021,39.0789],[24.1024,39.081],[24.1039,39.0836],[24.1042,39.0849],[24.1031,39.0849],[24.1024,39.0846],[24.1019,39.0842],[24.1011,39.0842],[24.1,39.0847],[24.0992,39.0855],[24.0987,39.0865],[24.0987,39.0873],[24.0992,39.0878],[24.0995,39.0891],[24.0995,39.0912],[24.1013,39.0943],[24.105,39.0984],[24.1073,39.1008],[24.1084,39.1013],[24.1094,39.1013],[24.1104,39.1008],[24.1109,39.101],[24.1109,39.1021],[24.1112,39.1029],[24.1117,39.1034],[24.1125,39.1036],[24.1136,39.1036],[24.1149,39.1041],[24.1164,39.1052],[24.1175,39.1055],[24.118,39.105],[24.1185,39.105],[24.119,39.1055],[24.1196,39.1055],[24.1201,39.105],[24.1201,39.1042],[24.1196,39.1031],[24.1198,39.1018],[24.1209,39.1003],[24.1209,39.099],[24.12,39.0979],[24.1197,39.0972],[24.1201,39.0967],[24.1201,39.0961],[24.1196,39.0956],[24.1193,39.0949],[24.1193,39.094],[24.1198,39.0928],[24.1209,39.0913],[24.1217,39.0906],[24.1221,39.091],[24.1227,39.0908],[24.1232,39.0904],[24.1234,39.0899],[24.1234,39.0894],[24.1232,39.0888],[24.1227,39.0883],[24.1224,39.0867],[24.1224,39.0841],[24.1219,39.0823],[24.1208,39.0812],[24.1198,39.081],[24.1187,39.0815],[24.1187,39.0808],[24.1198,39.0786],[24.1201,39.0773],[24.1196,39.0769],[24.1189,39.0769],[24.1179,39.0773],[24.1172,39.0773],[24.1167,39.0769],[24.1169,39.0758],[24.1178,39.0742],[24.1195,39.0742],[24.1221,39.0758],[24.1237,39.0763],[24.1242,39.0758],[24.1242,39.075],[24.1237,39.0739],[24.1245,39.0732],[24.1266,39.0729],[24.1279,39.0732],[24.1283,39.0741],[24.1289,39.0742],[24.1294,39.0737],[24.1293,39.0732],[24.1284,39.0727],[24.1284,39.0722],[24.1293,39.0717],[24.1297,39.0711],[24.1297,39.0706],[24.1294,39.0701],[24.1289,39.0696],[24.1281,39.0696],[24.1271,39.0701],[24.1256,39.0698],[24.1236,39.0687],[24.1226,39.0679],[24.1227,39.0675],[24.1239,39.0672],[24.1264,39.0672],[24.1279,39.0675],[24.1283,39.0679],[24.1289,39.0679],[24.1294,39.0675],[24.1297,39.0664],[24.1297,39.0649],[24.1284,39.0623],[24.1258,39.0586],[24.1224,39.0565],[24.1182,39.056],[24.1158,39.056],[24.1154,39.0565],[24.1146,39.0568],[24.1135,39.0568],[24.1125,39.0573],[24.1114,39.0584],[24.1104,39.0579],[24.1094,39.0557],[24.1081,39.0547],[24.1065,39.0547],[24.1055,39.0544],[24.1051,39.0539],[24.1054,39.0534],[24.1063,39.0529],[24.1065,39.0523],[24.106,39.0519],[24.1057,39.0516],[24.1057,39.0516],[24.1054,39.0521]],[[24.0815,39.0422],[24.0789,39.0422],[24.0771,39.0427],[24.076,39.0438],[24.0768,39.0453],[24.0794,39.0474],[24.0805,39.0489],[24.0799,39.05],[24.0805,39.0516],[24.082,39.0537],[24.0831,39.0547],[24.0836,39.0547],[24.0847,39.0542],[24.0862,39.0531],[24.0871,39.0515],[24.0873,39.0494],[24.087,39.0479],[24.0863,39.0469],[24.0854,39.0467],[24.0844,39.0472],[24.0839,39.0472],[24.0839,39.0467],[24.0843,39.0461],[24.0851,39.0456],[24.0848,39.0445],[24.0835,39.043],[24.0828,39.0422],[24.0828,39.0422],[24.0815,39.0422]],[[24.0622,39.0304],[24.0607,39.0299],[24.0594,39.0302],[24.0583,39.0313],[24.0578,39.0328],[24.0578,39.0349],[24.0586,39.0367],[24.0601,39.0383],[24.062,39.0391],[24.0641,39.0391],[24.0654,39.0388],[24.0658,39.0383],[24.0661,39.0367],[24.0661,39.0341],[24.0653,39.0323],[24.0638,39.0312],[24.063,39.0306],[24.063,39.0306],[24.0622,39.0304]],[[24.4722,39.0131],[24.4716,39.013],[24.4701,39.0141],[24.4674,39.0162],[24.4662,39.0183],[24.4663,39.0204],[24.4671,39.0214],[24.4686,39.0214],[24.4695,39.0211],[24.4701,39.0206],[24.4703,39.0199],[24.4703,39.019],[24.4706,39.019],[24.4711,39.0199],[24.4716,39.0201],[24.4722,39.0196],[24.4726,39.019],[24.4729,39.0185],[24.4725,39.0177],[24.4712,39.0166],[24.4712,39.0159],[24.4725,39.0154],[24.4729,39.0146],[24.4726,39.0137],[24.4724,39.0132],[24.4724,39.0132],[24.4722,39.0131]]]]}},{"type":"Feature","properties":{"depth":5,"kind":"isobath"},"geometry":{"type":"MultiLineString","coordinates":[[[24.0047,39.9974],[24.0048,39.9977],[24.0051,39.9981],[24.0045,39.9984],[24.0029,39.9984],[24.0022,39.998],[24.0025,39.9971],[24.0029,39.9969],[24.0033,39.9972],[24.0039,39.9972],[24.0044,39.9967],[24.0047,39.9967],[24.0047,39.9972],[24.0047,39.9974]],[[24.0078,39.9974],[24.0077,39.9977],[24.0074,39.9981],[24.0072,39.9979],[24.0069,39.997],[24.0071,39.9967],[24.0075,39.9972],[24.0078,39.9974]],[[24.0005,39.9943],[24.0005,39.9945],[24.0005,39.9948],[24.0005,39.9948],[24.0005,39.9945],[24.0005,39.9943]],[[24.1786,39.4266],[24.1793,39.4269],[24.1806,39.4273],[24.1806,39.4279],[24.1793,39.4284],[24.1783,39.4284],[24.1779,39.4279],[24.1779,39.4273],[24.1783,39.4269],[24.1786,39.4266]],[[24.1807,39.4245],[24.1807,39.4248],[24.1807,39.4255],[24.1805,39.4255],[24.18,39.4248],[24.18,39.4245],[24.1805,39.4245],[24.1807,39.4245]],[[24.1561,39.4016],[24.156,39.4018],[24.1558,39.4023],[24.1555,39.4023],[24.155,39.4018],[24.1551,39.4016],[24.1558,39.4016],[24.1561,39.4016]],[[24.1714,39.3755],[24.1712,39.3758],[24.1709,39.3763],[24.1709,39.3763],[24.1712,39.3758],[24.1714,39.3755]],[[24.3328,39.3661],[24.3328,39.3663],[24.3328,39.3667],[24.3328,39.3667],[24.3328,39.3663],[24.3328,39.3661]],[[24.1599,39.3599],[24.1597,39.3599],[24.1593,39.3599],[24.1593,39.3599],[24.1597,39.3599],[24.1599,39.3599]],[[24.3339,39.3568],[24.3339,39.357],[24.3339,39.3573],[24.3337,39.3573],[24.3333,39.357],[24.3333,39.3568],[24.3337,39.3568],[24.3339,39.3568]],[[24.0776,39.3536],[24.0776,39.3539],[24.0776,39.3544],[24.0781,39.355],[24.0792,39.3555],[24.0794,39.356],[24.0789,39.3565],[24.0784,39.3568],[24.0778,39.3568],[24.0776,39.356],[24.0776,39.3544],[24.0776,39.3536]],[[24.3276,39.3359],[24.3276,39.3362],[24.3276,39.3367],[24.3274,39.3367],[24.3269,39.3362],[24.3269,39.3357],[24.3274,39.3354],[24.3276,39.3354],[24.3276,39.3357],[24.3276,39.3359]],[[24.0953,39.3245],[24.0951,39.3245],[24.0945,39.3245],[24.0945,39.3245],[24.0951,39.3245],[24.0953,39.3245]],[[24.0568,39.3224],[24.0565,39.3224],[24.0558,39.3224],[24.0558,39.3224],[24.0565,39.3224],[24.0568,39.3224]],[[24.0547,39.3005],[24.0545,39.3005],[24.0542,39.3005],[24.0542,39.3005],[24.0545,39.3005],[24.0547,39.3005]],[[24.0825,39.2995],[24.0819,39.2995],[24.0806,39.2995],[24.0806,39.2995],[24.0819,39.2995],[24.0825,39.2995]],[[24.0797,39.2984],[24.0797,39.2986],[24.0797,39.299],[24.0795,39.299],[24.0792,39.2986],[24.0792,39.2984],[24.0795,39.2984],[24.0797,39.2984]],[[24.1224,39.088],[24.1221,39.0885],[24.1217,39.0893],[24.1214,39.0893],[24.1214,39.0885],[24.1217,39.088],[24.1221,39.088],[24.1224,39.088]],[[24.119,39.0589],[24.1188,39.0592],[24.1184,39.0597],[24.1182,39.0597],[24.1182,39.0592],[24.1184,39.0589],[24.1188,39.0589],[24.119,39.0589]],[[24.1214,39.0589],[24.1212,39.0589],[24.1208,39.0589],[24.1208,39.0589],[24.1212,39.0589],[24.1214,39.0589]],[[24.0784,39.0443],[24.0782,39.0443],[24.0778,39.0443],[24.0778,39.0443],[24.0782,39.0443],[24.0784,39.0443]],[[24.4703,39.0172],[24.4703,39.0174],[24.4703,39.0177],[24.4703,39.0175],[24.4703,39.0169],[24.4703,39.0168],[24.4703,39.0171],[24.4703,39.0172]],[[24.9995,39.474],[24.9988,39.4736],[24.9974,39.4728],[24.9957,39.4703],[24.9936,39.4662],[24.9917,39.4629],[24.99,39.4604],[24.9886,39.459],[24.9875,39.4585],[24.9864,39.4585],[24.9851,39.4588],[24.9829,39.4607],[24.9798,39.4643],[24.9767,39.47],[24.9736,39.4779],[24.9711,39.4852],[24.9695,39.4919],[24.9687,39.5005],[24.9689,39.5109],[24.9698,39.5179],[24.9715,39.5216],[24.9725,39.5247],[24.9731,39.5273],[24.9736,39.5289],[24.9742,39.5294],[24.9751,39.5297],[24.9764,39.5297],[24.9769,39.5308],[24.9767,39.5329],[24.9774,39.5347],[24.9789,39.5362],[24.981,39.5372],[24.9836,39.5375],[24.9848,39.5381],[24.9846,39.5388],[24.9848,39.5396],[24.9852,39.5406],[24.9865,39.5416],[24.9886,39.5427],[24.9899,39.5437],[24.9906,39.5448],[24.9907,39.5461],[24.9903,39.5476],[24.9906,39.5489],[24.9916,39.55],[24.9923,39.5513],[24.9928,39.5528],[24.9928,39.5541],[24.9924,39.5552],[24.9935,39.5566],[24.9961,39.5585],[24.9977,39.56],[24.9982,39.5614],[24.9984,39.562]],[[24.012,39.9951],[24.0112,39.9949],[24.0097,39.9944],[24.0084,39.9944],[24.0073,39.9949],[24.0059,39.9944],[24.004,39.9929],[24.0032,39.9912],[24.0035,39.9891],[24.0037,39.988]],[[24.0016,39.9745],[24.0019,39.9748],[24.0024,39.9752],[24.0029,39.9752],[24.0033,39.9748],[24.0036,39.9735],[24.0037,39.9714],[24.0032,39.9695],[24.0022,39.968],[24.0016,39.9672]],[[24.0026,39.237],[24.003,39.2354],[24.0038,39.2323],[24.0049,39.2302],[24.0061,39.2291],[24.0068,39.2284],[24.0068,39.2279],[24.0073,39.2274],[24.0084,39.2269],[24.0089,39.2263],[24.0089,39.2258],[24.0084,39.225],[24.0073,39.2239],[24.0058,39.2234],[24.0037,39.2234],[24.0026,39.2231],[24.0026,39.2227],[24.0026,39.2224]],[[24.4807,39.0047],[24.481,39.005],[24.4815,39.0054],[24.4825,39.0057],[24.484,39.0057],[24.4855,39.0062],[24.4872,39.0073],[24.4883,39.0076],[24.4888,39.0071],[24.4888,39.0065],[24.4883,39.006],[24.4885,39.0054],[24.4896,39.005],[24.4903,39.0039],[24.4908,39.0024],[24.4905,39.0013],[24.4896,39.0008],[24.4888,39.0008],[24.4883,39.0013],[24.4876,39.0016],[24.4867,39.0016],[24.4857,39.0013],[24.4847,39.0008],[24.4842,39.0005]],[[24.6578,39.5326],[24.6578,39.533],[24.6578,39.5337],[24.6578,39.5337],[24.6578,39.533],[24.6578,39.5326]],[[24.1911,39.4988],[24.1907,39.4992],[24.1901,39.5001],[24.1898,39.5009],[24.19,39.5016],[24.1904,39.5012],[24.1908,39.4996],[24.1911,39.4988]],[[24.1828,39.4916],[24.1815,39.4917],[24.1789,39.4921],[24.1771,39.4919],[24.176,39.4914],[24.1752,39.4914],[24.1748,39.4919],[24.1745,39.494],[24.1745,39.4977],[24.1766,39.5014],[24.1807,39.5051],[24.1836,39.5072],[24.1851,39.5076],[24.1862,39.5076],[24.1867,39.5071],[24.1867,39.5055],[24.1861,39.5029],[24.1863,39.5011],[24.1874,39.5],[24.188,39.499],[24.1881,39.4979],[24.1875,39.4972],[24.1864,39.4967],[24.1856,39.4956],[24.1851,39.494],[24.1844,39.4928],[24.1833,39.492],[24.1828,39.4916]],[[24.1849,39.4817],[24.1836,39.4814],[24.181,39.481],[24.1786,39.4818],[24.1765,39.4839],[24.1765,39.4847],[24.1786,39.4844],[24.181,39.4845],[24.1836,39.485],[24.1851,39.4852],[24.1855,39.485],[24.1854,39.4847],[24.1848,39.4842],[24.1846,39.4833],[24.1848,39.4823],[24.1849,39.4817]],[[24.1839,39.4279],[24.1837,39.4281],[24.1834,39.4284],[24.1834,39.4286],[24.1838,39.4286],[24.184,39.4284],[24.1839,39.4281],[24.1839,39.4279]],[[24.1599,39.3577],[24.1591,39.3577],[24.1574,39.3578],[24.1564,39.3581],[24.1559,39.3586],[24.156,39.3592],[24.1565,39.3597],[24.1563,39.3599],[24.1552,39.3599],[24.1544,39.3597],[24.1539,39.3592],[24.1534,39.3592],[24.1528,39.3597],[24.1531,39.3612],[24.1542,39.3638],[24.1542,39.3654],[24.1531,39.3659],[24.1497,39.3658],[24.144,39.3652],[24.1403,39.3654],[24.1388,39.3664],[24.137,39.367],[24.1349,39.3671],[24.1335,39.368],[24.1325,39.3695],[24.1325,39.3709],[24.1335,39.372],[24.1373,39.3741],[24.144,39.3774],[24.149,39.3807],[24.1521,39.384],[24.1534,39.3892],[24.1528,39.3962],[24.1534,39.4005],[24.1549,39.4019],[24.1562,39.4042],[24.1573,39.4074],[24.1595,39.41],[24.1628,39.412],[24.1656,39.4146],[24.1677,39.4177],[24.1689,39.4201],[24.1692,39.4217],[24.1696,39.4227],[24.1701,39.4232],[24.1706,39.4232],[24.1711,39.4227],[24.1716,39.4227],[24.1722,39.4232],[24.1721,39.4242],[24.1715,39.4258],[24.1718,39.4277],[24.1729,39.4298],[24.1739,39.4314],[24.175,39.4323],[24.1763,39.4329],[24.1778,39.433],[24.1791,39.4328],[24.1801,39.4321],[24.1805,39.4315],[24.1805,39.431],[24.1813,39.4294],[24.183,39.4269],[24.1842,39.4259],[24.1846,39.4264],[24.1846,39.4263],[24.1842,39.4258],[24.1837,39.4242],[24.1831,39.4216],[24.1821,39.4197],[24.1805,39.4185],[24.1797,39.417],[24.1797,39.4151],[24.18,39.4138],[24.1805,39.4133],[24.1805,39.4125],[24.1802,39.4114],[24.1802,39.4105],[24.1805,39.4096],[24.181,39.4096],[24.1815,39.4105],[24.1821,39.4104],[24.1826,39.4094],[24.1826,39.4086],[24.1821,39.4081],[24.1815,39.408],[24.181,39.4083],[24.1803,39.4083],[24.1794,39.408],[24.179,39.4073],[24.1792,39.4062],[24.1804,39.4047],[24.1827,39.4026],[24.1844,39.4021],[24.1854,39.4031],[24.1864,39.4034],[24.1875,39.403],[24.1883,39.4033],[24.1888,39.4042],[24.1894,39.4044],[24.1899,39.4039],[24.1896,39.4033],[24.1887,39.4029],[24.1887,39.4024],[24.1896,39.4019],[24.1901,39.4009],[24.1901,39.3996],[24.1893,39.3991],[24.1878,39.3994],[24.1871,39.3992],[24.1873,39.3987],[24.187,39.3983],[24.1863,39.3982],[24.1859,39.3977],[24.1859,39.3968],[24.187,39.3969],[24.1891,39.3979],[24.1904,39.3982],[24.1908,39.3977],[24.1911,39.3966],[24.1911,39.3951],[24.1902,39.3935],[24.1884,39.3919],[24.1871,39.3901],[24.1863,39.388],[24.1847,39.3857],[24.1823,39.3831],[24.1802,39.3802],[24.1785,39.3771],[24.1761,39.375],[24.1729,39.3739],[24.1709,39.3739],[24.1698,39.3748],[24.1691,39.375],[24.1687,39.3747],[24.169,39.3742],[24.1699,39.3737],[24.1701,39.3731],[24.1696,39.3727],[24.169,39.3729],[24.1685,39.3738],[24.1679,39.374],[24.1675,39.3735],[24.1675,39.3725],[24.1679,39.371],[24.1677,39.3698],[24.1666,39.3687],[24.1659,39.3687],[24.1654,39.3696],[24.1646,39.3696],[24.1637,39.3687],[24.1634,39.368],[24.1639,39.3675],[24.1639,39.3669],[24.1635,39.3664],[24.1638,39.3659],[24.1647,39.3654],[24.1649,39.3648],[24.1644,39.3644],[24.1638,39.3646],[24.1633,39.3655],[24.1628,39.3652],[24.1624,39.3637],[24.1627,39.3628],[24.1636,39.3623],[24.1638,39.3617],[24.1633,39.3612],[24.1628,39.3614],[24.1622,39.3623],[24.162,39.3623],[24.162,39.3614],[24.1622,39.3607],[24.1628,39.3602],[24.1622,39.3594],[24.1607,39.3583],[24.1599,39.3577]],[[24.1234,39.3484],[24.1232,39.3491],[24.1227,39.3506],[24.1216,39.3509],[24.1201,39.35],[24.119,39.3498],[24.1185,39.3502],[24.1185,39.3508],[24.119,39.3513],[24.1193,39.3521],[24.1193,39.3531],[24.119,39.3539],[24.1185,39.3544],[24.1185,39.355],[24.119,39.3555],[24.1201,39.3557],[24.1216,39.3557],[24.1227,39.3555],[24.1232,39.355],[24.1235,39.3542],[24.1236,39.3531],[24.1242,39.3521],[24.125,39.351],[24.125,39.3502],[24.124,39.3498],[24.1235,39.3492],[24.1234,39.3487],[24.1234,39.3484]],[[24.1401,39.3338],[24.1386,39.3343],[24.1355,39.3354],[24.1336,39.3364],[24.1331,39.3375],[24.132,39.3382],[24.1305,39.3387],[24.1292,39.3384],[24.1281,39.3374],[24.1271,39.3369],[24.126,39.337],[24.1257,39.3373],[24.1261,39.3378],[24.1261,39.3383],[24.1256,39.3388],[24.1253,39.3396],[24.1253,39.3406],[24.126,39.3419],[24.1275,39.3435],[24.1278,39.3445],[24.127,39.345],[24.1267,39.3457],[24.127,39.3469],[24.1267,39.3477],[24.1259,39.3481],[24.126,39.3492],[24.1271,39.3508],[24.1281,39.3519],[24.1292,39.3524],[24.1302,39.3521],[24.1313,39.351],[24.1311,39.3497],[24.1296,39.3482],[24.1291,39.3472],[24.1295,39.3467],[24.1305,39.3475],[24.132,39.3496],[24.1336,39.3506],[24.1351,39.3504],[24.137,39.3499],[24.139,39.3489],[24.1399,39.3479],[24.1394,39.3469],[24.1396,39.3464],[24.1406,39.3464],[24.1416,39.3459],[24.1427,39.3448],[24.1435,39.3446],[24.144,39.3451],[24.1446,39.3451],[24.1451,39.3446],[24.1451,39.3438],[24.1446,39.3427],[24.1446,39.3425],[24.1451,39.343],[24.1456,39.343],[24.1461,39.3425],[24.1459,39.3414],[24.1448,39.3399],[24.1448,39.3383],[24.1459,39.3367],[24.1461,39.3357],[24.1456,39.3352],[24.1448,39.3354],[24.1437,39.3363],[24.143,39.3365],[24.1424,39.3361],[24.1424,39.3357],[24.143,39.3352],[24.143,39.3346],[24.1424,39.3342],[24.1417,39.3339],[24.1406,39.3338],[24.1401,39.3338]],[[24.3276,39.3286],[24.3263,39.3293],[24.3237,39.3308],[24.3221,39.3311],[24.3217,39.3302],[24.3209,39.33],[24.3198,39.3305],[24.3196,39.331],[24.32,39.3315],[24.3195,39.3315],[24.318,39.3308],[24.3167,39.3306],[24.3156,39.3307],[24.3149,39.331],[24.3144,39.3315],[24.3144,39.3321],[24.3149,39.3326],[24.3149,39.3333],[24.3144,39.3342],[24.3138,39.3342],[24.3133,39.3333],[24.3127,39.3331],[24.3123,39.3336],[24.3124,39.3342],[24.3133,39.3346],[24.313,39.3352],[24.3116,39.3357],[24.3107,39.3364],[24.3102,39.3375],[24.3102,39.3383],[24.3107,39.3388],[24.3109,39.3399],[24.3109,39.3414],[24.3117,39.343],[24.3132,39.3445],[24.3139,39.3461],[24.3141,39.3476],[24.3149,39.3492],[24.3165,39.3508],[24.3174,39.3521],[24.3176,39.3531],[24.3173,39.3544],[24.3165,39.356],[24.3161,39.3578],[24.3161,39.3599],[24.3169,39.3616],[24.3185,39.3629],[24.3193,39.3645],[24.3193,39.3663],[24.3198,39.3675],[24.3209,39.368],[24.3217,39.3687],[24.3221,39.3698],[24.3237,39.3703],[24.3263,39.3703],[24.3278,39.3699],[24.3284,39.369],[24.3289,39.369],[24.3294,39.3699],[24.3302,39.3703],[24.3313,39.3703],[24.3321,39.3699],[24.3326,39.369],[24.3331,39.369],[24.3336,39.3699],[24.3342,39.3701],[24.3347,39.3696],[24.3349,39.3683],[24.3349,39.3662],[24.3347,39.3648],[24.3342,39.3644],[24.3342,39.3636],[24.3347,39.3625],[24.3347,39.3617],[24.3343,39.3612],[24.3345,39.3601],[24.3355,39.3586],[24.3359,39.3573],[24.3359,39.3562],[24.3354,39.3555],[24.3344,39.355],[24.3336,39.3551],[24.3331,39.356],[24.3326,39.3558],[24.3321,39.3543],[24.3323,39.3534],[24.3334,39.3529],[24.3342,39.3529],[24.3347,39.3534],[24.3352,39.3534],[24.3357,39.3529],[24.3359,39.3521],[24.336,39.351],[24.3355,39.35],[24.3344,39.3489],[24.3334,39.3487],[24.3323,39.3492],[24.3316,39.3492],[24.3311,39.3487],[24.3311,39.3481],[24.3316,39.3477],[24.3315,39.3469],[24.331,39.3458],[24.331,39.3451],[24.3315,39.3446],[24.3315,39.344],[24.331,39.3435],[24.3305,39.3435],[24.3299,39.344],[24.3292,39.344],[24.3284,39.3435],[24.3281,39.3424],[24.3284,39.3409],[24.3284,39.3399],[24.3278,39.3394],[24.3281,39.3383],[24.3292,39.3367],[24.3292,39.3357],[24.3284,39.3352],[24.3281,39.3346],[24.3284,39.3342],[24.3282,39.3334],[24.3273,39.3323],[24.3273,39.3313],[24.3282,39.3302],[24.3284,39.3294],[24.3278,39.3289],[24.3276,39.3286]],[[24.038,39.3098],[24.037,39.3101],[24.0349,39.3106],[24.0336,39.3114],[24.0331,39.3125],[24.0333,39.3135],[24.0344,39.3146],[24.0352,39.3149],[24.0357,39.3144],[24.0367,39.3146],[24.0383,39.3156],[24.0396,39.3161],[24.0406,39.3161],[24.0414,39.3156],[24.0419,39.3146],[24.0419,39.3136],[24.0414,39.3125],[24.0403,39.3115],[24.0388,39.3104],[24.038,39.3098]],[[24.0724,39.2911],[24.0708,39.2911],[24.0677,39.2911],[24.0653,39.2919],[24.0636,39.2935],[24.0626,39.2948],[24.0622,39.2959],[24.0615,39.2967],[24.0604,39.2972],[24.0602,39.2977],[24.0607,39.2982],[24.0607,39.2987],[24.0602,39.2992],[24.0594,39.2995],[24.0583,39.2995],[24.0576,39.2992],[24.0571,39.2987],[24.0552,39.2984],[24.0521,39.2984],[24.0502,39.2987],[24.0498,39.2992],[24.0499,39.2998],[24.0508,39.3003],[24.0503,39.3013],[24.0484,39.3028],[24.0478,39.3049],[24.0486,39.3076],[24.0502,39.3094],[24.0525,39.3104],[24.0541,39.3117],[24.0552,39.3133],[24.0568,39.3138],[24.0589,39.3133],[24.0602,39.3135],[24.0607,39.3146],[24.0618,39.3149],[24.0635,39.3144],[24.0645,39.3144],[24.0649,39.3149],[24.0641,39.3156],[24.062,39.3167],[24.0604,39.3172],[24.0594,39.3172],[24.0584,39.318],[24.0573,39.3195],[24.0563,39.3201],[24.0552,39.3196],[24.0544,39.3198],[24.0539,39.3209],[24.0526,39.3206],[24.0505,39.319],[24.049,39.3182],[24.048,39.3182],[24.0472,39.3179],[24.0467,39.3175],[24.0454,39.3172],[24.0433,39.3172],[24.0419,39.3175],[24.0414,39.3179],[24.0411,39.319],[24.0411,39.3206],[24.0406,39.3211],[24.0396,39.3206],[24.0388,39.3206],[24.0383,39.3211],[24.0385,39.3222],[24.0396,39.3237],[24.0406,39.3245],[24.0417,39.3245],[24.0414,39.325],[24.0399,39.3261],[24.0391,39.3269],[24.0391,39.3273],[24.0396,39.3279],[24.0406,39.3284],[24.0416,39.3281],[24.0427,39.3271],[24.0435,39.3279],[24.044,39.3305],[24.0435,39.3323],[24.0419,39.3334],[24.0411,39.3344],[24.0411,39.3354],[24.0419,39.3364],[24.0435,39.3375],[24.044,39.3391],[24.0435,39.3412],[24.0445,39.344],[24.047,39.3477],[24.0486,39.3505],[24.0492,39.3526],[24.0518,39.3554],[24.0564,39.3591],[24.0588,39.3614],[24.0589,39.3625],[24.0594,39.3638],[24.0604,39.3653],[24.063,39.3672],[24.0672,39.3693],[24.0716,39.3706],[24.0763,39.3711],[24.0792,39.3704],[24.0803,39.3682],[24.0808,39.3667],[24.0807,39.3656],[24.0805,39.3648],[24.0799,39.3644],[24.0794,39.3643],[24.0789,39.3647],[24.0786,39.3642],[24.0786,39.3627],[24.0794,39.3625],[24.081,39.3636],[24.0824,39.3636],[24.0836,39.3625],[24.084,39.3615],[24.0836,39.3604],[24.0835,39.3596],[24.0838,39.3589],[24.0847,39.3584],[24.0862,39.3579],[24.088,39.3577],[24.0901,39.358],[24.0922,39.3576],[24.0943,39.3566],[24.0956,39.3555],[24.0961,39.3542],[24.0959,39.3523],[24.0948,39.3497],[24.0948,39.3484],[24.0959,39.3484],[24.0969,39.3489],[24.0979,39.35],[24.0987,39.3502],[24.0992,39.3498],[24.0997,39.3498],[24.1003,39.3502],[24.1008,39.3503],[24.1013,39.35],[24.1019,39.3489],[24.1024,39.3472],[24.1021,39.3458],[24.101,39.3448],[24.1008,39.344],[24.1013,39.3435],[24.1013,39.343],[24.1008,39.3425],[24.1003,39.3425],[24.0997,39.343],[24.0993,39.343],[24.0988,39.3425],[24.0994,39.3414],[24.1009,39.3397],[24.1021,39.3394],[24.1031,39.3406],[24.1037,39.3407],[24.1037,39.3396],[24.1027,39.3381],[24.1006,39.3361],[24.0995,39.3341],[24.0995,39.3322],[24.099,39.3316],[24.0979,39.3324],[24.097,39.3326],[24.096,39.3321],[24.0958,39.331],[24.0962,39.3294],[24.0969,39.3289],[24.0979,39.3294],[24.0988,39.3292],[24.0994,39.3281],[24.0992,39.3263],[24.0981,39.3237],[24.0978,39.3219],[24.0983,39.3208],[24.0988,39.3182],[24.0992,39.3141],[24.099,39.3115],[24.0979,39.3104],[24.0972,39.3102],[24.0966,39.3106],[24.0967,39.3104],[24.0972,39.3094],[24.0972,39.3081],[24.0967,39.3065],[24.0959,39.3052],[24.0948,39.3041],[24.0938,39.3036],[24.0927,39.3035],[24.092,39.3027],[24.0915,39.3012],[24.0907,39.3],[24.0896,39.2989],[24.0886,39.2982],[24.0875,39.2977],[24.0857,39.2973],[24.0831,39.2971],[24.081,39.2963],[24.0794,39.295],[24.0781,39.2943],[24.0771,39.2943],[24.0761,39.2938],[24.0753,39.2927],[24.0742,39.2919],[24.073,39.2914],[24.0724,39.2911]],[[24.0901,39.2901],[24.0896,39.2904],[24.0885,39.2909],[24.088,39.2916],[24.088,39.2927],[24.0883,39.2935],[24.0888,39.294],[24.0899,39.2943],[24.0914,39.2943],[24.0925,39.294],[24.093,39.2935],[24.0932,39.2927],[24.0932,39.2916],[24.093,39.2909],[24.0925,39.2904],[24.0917,39.2901],[24.0906,39.2901],[24.0901,39.2901]],[[24.0922,39.1035],[24.0917,39.1038],[24.0906,39.1044],[24.0906,39.1055],[24.0917,39.107],[24.0927,39.107],[24.0938,39.1055],[24.0938,39.1044],[24.0927,39.1038],[24.0922,39.1035]],[[24.1005,39.0974],[24.0997,39.0974],[24.0982,39.0974],[24.0969,39.0979],[24.0957,39.099],[24.0955,39.1],[24.0961,39.1011],[24.0961,39.1013],[24.0956,39.1008],[24.095,39.1008],[24.0943,39.1013],[24.0943,39.1019],[24.095,39.1024],[24.0951,39.1031],[24.0945,39.1042],[24.0945,39.1052],[24.0951,39.1063],[24.0961,39.1065],[24.0976,39.106],[24.0987,39.106],[24.0992,39.1065],[24.0997,39.1065],[24.1003,39.106],[24.1005,39.1055],[24.1005,39.105],[24.0997,39.1042],[24.0982,39.1031],[24.099,39.1029],[24.102,39.1034],[24.1039,39.1039],[24.1044,39.1044],[24.105,39.1044],[24.1054,39.1039],[24.1045,39.1026],[24.1021,39.1005],[24.1011,39.0992],[24.1014,39.0987],[24.1013,39.0981],[24.1008,39.0977],[24.1005,39.0974]],[[24.088,39.0786],[24.0875,39.0785],[24.0864,39.0784],[24.0854,39.0789],[24.0844,39.0801],[24.0839,39.0815],[24.0839,39.0831],[24.0842,39.0842],[24.0847,39.0846],[24.086,39.0849],[24.0881,39.0849],[24.0893,39.0846],[24.0898,39.0842],[24.0901,39.0829],[24.0901,39.0808],[24.0896,39.0795],[24.0885,39.0789],[24.088,39.0786]],[[24.0953,39.066],[24.0951,39.066],[24.0945,39.0659],[24.0938,39.0665],[24.0927,39.0676],[24.0922,39.069],[24.0922,39.0706],[24.093,39.0719],[24.0945,39.0729],[24.0956,39.0739],[24.0961,39.075],[24.0966,39.0752],[24.0972,39.0748],[24.0985,39.0745],[24.1005,39.0745],[24.1021,39.0735],[24.1031,39.0714],[24.1034,39.0701],[24.1029,39.0696],[24.1024,39.0696],[24.1019,39.0701],[24.1013,39.0698],[24.1008,39.0687],[24.0997,39.0687],[24.0982,39.0698],[24.0977,39.0701],[24.0982,39.0696],[24.098,39.069],[24.0971,39.0685],[24.0971,39.0679],[24.098,39.0675],[24.0982,39.0669],[24.0977,39.0664],[24.0969,39.0661],[24.0958,39.066],[24.0953,39.066]],[[24.1057,39.0516],[24.1054,39.0521],[24.105,39.053],[24.1044,39.0532],[24.1039,39.0528],[24.1034,39.0529],[24.1029,39.0534],[24.1026,39.0539],[24.1026,39.0544],[24.1024,39.0542],[24.1019,39.0531],[24.1013,39.0526],[24.1008,39.0526],[24.1,39.0534],[24.0989,39.0549],[24.1,39.0575],[24.1031,39.0612],[24.105,39.063],[24.1054,39.063],[24.1065,39.0638],[24.1081,39.0653],[24.1099,39.0664],[24.112,39.0669],[24.1127,39.0675],[24.1123,39.0679],[24.1115,39.0682],[24.1104,39.0682],[24.1091,39.0692],[24.1076,39.0714],[24.1063,39.0724],[24.1052,39.0724],[24.1042,39.0729],[24.1031,39.074],[24.1029,39.075],[24.1034,39.0761],[24.1031,39.0774],[24.1021,39.0789],[24.1024,39.081],[24.1039,39.0836],[24.1042,39.0849],[24.1031,39.0849],[24.1024,39.0846],[24.1019,39.0842],[24.1011,39.0842],[24.1,39.0847],[24.0992,39.0855],[24.0987,39.0865],[24.0987,39.0873],[24.0992,39.0878],[24.0995,39.0891],[24.0995,39.0912],[24.1013,39.0943],[24.105,39.0984],[24.1073,39.1008],[24.1084,39.1013],[24.1094,39.1013],[24.1104,39.1008],[24.1109,39.101],[24.1109,39.1021],[24.1112,39.1029],[24.1117,39.1034],[24.1125,39.1036],[24.1136,39.1036],[24.1149,39.1041],[24.1164,39.1052],[24.1175,39.1055],[24.118,39.105],[24.1185,39.105],[24.119,39.1055],[24.1196,39.1055],[24.1201,39.105],[24.1201,39.1042],[24.1196,39.1031],[24.1198,39.1018],[24.1209,39.1003],[24.1209,39.099],[24.12,39.0979],[24.1197,39.0972],[24.1201,39.0967],[24.1201,39.0961],[24.1196,39.0956],[24.1193,39.0949],[24.1193,39.094],[24.1198,39.0928],[24.1209,39.0913],[24.1217,39.0906],[24.1221,39.091],[24.1227,39.0908],[24.1232,39.0904],[24.1234,39.0899],[24.1234,39.0894],[24.1232,39.0888],[24.1227,39.0883],[24.1224,39.0867],[24.1224,39.0841],[24.1219,39.0823],[24.1208,39.0812],[24.1198,39.081],[24.1187,39.0815],[24.1187,39.0808],[24.1198,39.0786],[24.1201,39.0773],[24.1196,39.0769],[24.1189,39.0769],[24.1179,39.0773],[24.1172,39.0773],[24.1167,39.0769],[24.1169,39.0758],[24.1178,39.0742],[24.1195,39.0742],[24.1221,39.0758],[24.1237,39.0763],[24.1242,39.0758],[24.1242,39.075],[24.1237,39.0739],[24.1245,39.0732],[24.1266,39.0729],[24.1279,39.0732],[24.1283,39.0741],[24.1289,39.0742],[24.1294,39.0737],[24.1293,39.0732],[24.1284,39.0727],[24.1284,39.0722],[24.1293,39.0717],[24.1297,39.0711],[24.1297,39.0706],[24.1294,39.0701],[24.1289,39.0696],[24.1281,39.0696],[24.1271,39.0701],[24.1256,39.0698],[24.1236,39.0687],[24.1226,39.0679],[24.1227,39.0675],[24.1239,39.0672],[24.1264,39.0672],[24.1279,39.0675],[24.1283,39.0679],[24.1289,39.0679],[24.1294,39.0675],[24.1297,39.0664],[24.1297,39.0649],[24.1284,39.0623],[24.1258,39.0586],[24.1224,39.0565],[24.1182,39.056],[24.1158,39.056],[24.1154,39.0565],[24.1146,39.0568],[24.1135,39.0568],[24.1125,39.0573],[24.1114,39.0584],[24.1104,39.0579],[24.1094,39.0557],[24.1081,39.0547],[24.1065,39.0547],[24.1055,39.0544],[24.1051,39.0539],[24.1054,39.0534],[24.1063,39.0529],[24.1065,39.0523],[24.106,39.0519],[24.1057,39.0516]],[[24.0828,39.0422],[24.0815,39.0422],[24.0789,39.0422],[24.0771,39.0427],[24.076,39.0438],[24.0768,39.0453],[24.0794,39.0474],[24.0805,39.0489],[24.0799,39.05],[24.0805,39.0516],[24.082,39.0537],[24.0831,39.0547],[24.0836,39.0547],[24.0847,39.0542],[24.0862,39.0531],[24.0871,39.0515],[24.0873,39.0494],[24.087,39.0479],[24.0863,39.0469],[24.0854,39.0467],[24.0844,39.0472],[24.0839,39.0472],[24.0839,39.0467],[24.0843,39.0461],[24.0851,39.0456],[24.0848,39.0445],[24.0835,39.043],[24.0828,39.0422]],[[24.063,39.0306],[24.0622,39.0304],[24.0607,39.0299],[24.0594,39.0302],[24.0583,39.0313],[24.0578,39.0328],[24.0578,39.0349],[24.0586,39.0367],[24.0601,39.0383],[24.062,39.0391],[24.0641,39.0391],[24.0654,39.0388],[24.0658,39.0383],[24.0661,39.0367],[24.0661,39.0341],[24.0653,39.0323],[24.0638,39.0312],[24.063,39.0306]],[[24.4724,39.0132],[24.4722,39.0131],[24.4716,39.013],[24.4701,39.0141],[24.4674,39.0162],[24.4662,39.0183],[24.4663,39.0204],[24.4671,39.0214],[24.4686,39.0214],[24.4695,39.0211],[24.4701,39.0206],[24.4703,39.0199],[24.4703,39.019],[24.4706,39.019],[24.4711,39.0199],[24.4716,39.0201],[24.4722,39.0196],[24.4726,39.019],[24.4729,39.0185],[24.4725,39.0177],[24.4712,39.0166],[24.4712,39.0159],[24.4725,39.0154],[24.4729,39.0146],[24.4726,39.0137],[24.4724,39.0132]]]}},{"type":"Feature","properties":{"depth":10,"kind":"band"},"geometry":{"type":"MultiPolygon","coordinates":[[[[24.0047,39.9977],[24.0048,39.9981],[24.0043,39.9984],[24.0032,39.9984],[24.0026,39.9981],[24.0026,39.9976],[24.0031,39.9973],[24.0042,39.9974],[24.0047,39.9974],[24.0047,39.9974],[24.0047,39.9977]]],[[[24.0078,39.9977],[24.0078,39.9981],[24.0075,39.9981],[24.0071,39.9974],[24.0071,39.9972],[24.0075,39.9973],[24.0078,39.9974],[24.0078,39.9974],[24.0078,39.9977]]],[[[24.1864,39.4299],[24.1861,39.4304],[24.1858,39.4304],[24.1857,39.4299],[24.1859,39.4297],[24.1863,39.4297],[24.1866,39.4297],[24.1866,39.4297],[24.1864,39.4299]]],[[[24.1873,39.4276],[24.1867,39.4276],[24.1867,39.4276],[24.1873,39.4276],[24.1876,39.4276],[24.1876,39.4276],[24.1873,39.4276]]],[[[24.1788,39.4269],[24.1793,39.4273],[24.1793,39.4278],[24.1788,39.4282],[24.1783,39.4282],[24.1779,39.4278],[24.1779,39.4273],[24.1783,39.4269],[24.1786,39.4266],[24.1786,39.4266],[24.1788,39.4269]]],[[[24.1805,39.4245],[24.18,39.4245],[24.18,39.4245],[24.1805,39.4245],[24.1807,39.4245],[24.1807,39.4245],[24.1805,39.4245]]],[[[24.1886,39.3987],[24.1887,39.3992],[24.1883,39.3995],[24.1874,39.3995],[24.1873,39.399],[24.1877,39.3981],[24.1882,39.3978],[24.1885,39.3982],[24.1886,39.3984],[24.1886,39.3984],[24.1886,39.3987]]],[[[24.1873,39.3975],[24.1864,39.3976],[24.1859,39.3975],[24.1859,39.3972],[24.1864,39.3971],[24.1873,39.3973],[24.1878,39.3974],[24.1878,39.3974],[24.1873,39.3975]]],[[[24.1891,39.3975],[24.1891,39.3979],[24.1889,39.3979],[24.1884,39.3975],[24.1884,39.3974],[24.1889,39.3974],[24.1891,39.3974],[24.1891,39.3974],[24.1891,39.3975]]],[[[24.1713,39.3758],[24.1712,39.3763],[24.1712,39.3763],[24.1713,39.3758],[24.1714,39.3755],[24.1714,39.3755],[24.1713,39.3758]]],[[[24.17,39.3745],[24.1692,39.3745],[24.1692,39.3743],[24.17,39.374],[24.1703,39.374],[24.1703,39.3743],[24.1703,39.3745],[24.1703,39.3745],[24.17,39.3745]]],[[[24.0809,39.3633],[24.0815,39.3638],[24.0815,39.3644],[24.0809,39.3648],[24.0805,39.3648],[24.0799,39.3644],[24.0794,39.3642],[24.0789,39.3645],[24.0786,39.364],[24.0786,39.3627],[24.0791,39.3623],[24.0802,39.3628],[24.0807,39.363],[24.0807,39.363],[24.0809,39.3633]]],[[[24.1628,39.3613],[24.1622,39.3621],[24.162,39.3621],[24.162,39.3613],[24.1622,39.3609],[24.1628,39.3609],[24.163,39.3609],[24.163,39.3609],[24.1628,39.3613]]],[[[24.079,39.356],[24.0781,39.3565],[24.0776,39.3563],[24.0776,39.3554],[24.0781,39.3551],[24.079,39.3555],[24.0795,39.3557],[24.0795,39.3557],[24.079,39.356]]],[[[24.0776,39.3538],[24.0776,39.3542],[24.0776,39.3542],[24.0776,39.3538],[24.0776,39.3536],[24.0776,39.3536],[24.0776,39.3538]]],[[[24.131,39.3481],[24.1315,39.3496],[24.1312,39.3496],[24.1299,39.3481],[24.1297,39.3474],[24.1304,39.3474],[24.1307,39.3474],[24.1307,39.3474],[24.131,39.3481]]],[[[24.1445,39.3425],[24.1448,39.343],[24.1448,39.343],[24.1445,39.3425],[24.1443,39.3422],[24.1443,39.3422],[24.1445,39.3425]]],[[[24.3276,39.3362],[24.3276,39.3367],[24.3274,39.3367],[24.3269,39.3362],[24.3269,39.3359],[24.3274,39.3359],[24.3276,39.3359],[24.3276,39.3359],[24.3276,39.3362]]],[[[24.1009,39.3318],[24.1005,39.3318],[24.1005,39.3318],[24.1009,39.3318],[24.1012,39.3318],[24.1012,39.3318],[24.1009,39.3318]]],[[[24.0978,39.3291],[24.0985,39.3302],[24.0985,39.3312],[24.0978,39.3323],[24.0971,39.3326],[24.0964,39.3321],[24.0962,39.331],[24.0963,39.3294],[24.0966,39.3286],[24.0972,39.3286],[24.0974,39.3286],[24.0974,39.3286],[24.0978,39.3291]]],[[[24.0951,39.3245],[24.0945,39.3245],[24.0945,39.3245],[24.0951,39.3245],[24.0953,39.3245],[24.0953,39.3245],[24.0951,39.3245]]],[[[24.0818,39.2995],[24.0808,39.2995],[24.0808,39.2995],[24.0818,39.2995],[24.0823,39.2995],[24.0823,39.2995],[24.0818,39.2995]]],[[[24.0983,39.1026],[24.0977,39.1026],[24.0977,39.1026],[24.0983,39.1026],[24.0986,39.1026],[24.0986,39.1026],[24.0983,39.1026]]],[[[24.0964,39.1008],[24.0964,39.1013],[24.0964,39.1013],[24.0964,39.1008],[24.0964,39.1005],[24.0964,39.1005],[24.0964,39.1008]]],[[[24.1219,39.0884],[24.1216,39.0891],[24.1216,39.0891],[24.1219,39.0884],[24.122,39.088],[24.122,39.088],[24.1219,39.0884]]],[[[24.1277,39.0677],[24.128,39.0688],[24.1277,39.0696],[24.127,39.0701],[24.1257,39.0698],[24.1238,39.0687],[24.1229,39.0679],[24.123,39.0675],[24.1242,39.0672],[24.1265,39.0672],[24.1276,39.0672],[24.1276,39.0672],[24.1277,39.0677]]],[[[24.1186,39.0592],[24.1183,39.0597],[24.1183,39.0597],[24.1186,39.0592],[24.1187,39.0589],[24.1187,39.0589],[24.1186,39.0592]]],[[[24.0844,39.0467],[24.084,39.0472],[24.084,39.0472],[24.0844,39.0467],[24.0845,39.0464],[24.0845,39.0464],[24.0844,39.0467]]],[[[24.472,39.0161],[24.4713,39.0161],[24.4713,39.0161],[24.472,39.0161],[24.4723,39.0161],[24.4723,39.0161],[24.472,39.0161]]],[[[24.4886,39.0008],[24.4882,39.0013],[24.4872,39.0013],[24.4855,39.0008],[24.4857,39.0005],[24.4878,39.0005],[24.4888,39.0005],[24.4888,39.0005],[24.4886,39.0008]]],[[[25,39.1185],[25,39.3544],[24.9994,39.4721],[24.9981,39.4714],[24.9965,39.4694],[24.9946,39.4659],[24.9926,39.4626],[24.9903,39.4595],[24.9883,39.4579],[24.9867,39.4576],[24.9854,39.4576],[24.9844,39.458],[24.9822,39.4602],[24.9789,39.4641],[24.9757,39.47],[24.9726,39.4779],[24.9702,39.4852],[24.9685,39.4919],[24.9678,39.5003],[24.9681,39.5101],[24.9693,39.5185],[24.9714,39.5252],[24.9732,39.5291],[24.9747,39.5302],[24.9759,39.532],[24.977,39.5346],[24.9788,39.5365],[24.9815,39.5377],[24.9842,39.5398],[24.987,39.5428],[24.9894,39.5474],[24.9916,39.5537],[24.9945,39.5584],[24.9982,39.5615],[24.9999,39.6723],[24.9996,39.8907],[24.7542,40],[24.2635,40],[24.0166,39.9987],[24.0136,39.996],[24.0112,39.9944],[24.0097,39.994],[24.0084,39.994],[24.0073,39.9943],[24.0065,39.9941],[24.0058,39.9935],[24.0052,39.9924],[24.0046,39.9909],[24.0045,39.9898],[24.005,39.9894],[24.0039,39.9878],[24.0013,39.9852],[24.0002,39.9823],[24.0005,39.9792],[24.0005,39.9771],[24.0002,39.976],[24.0004,39.9752],[24.0012,39.9748],[24.0019,39.9748],[24.0024,39.9756],[24.0029,39.9757],[24.0033,39.9753],[24.0037,39.9742],[24.0041,39.9723],[24.0041,39.9709],[24.0039,39.9698],[24.0029,39.9685],[24.001,39.9669],[24,39.7846],[24,39.4216],[24.0007,39.2393],[24.0021,39.2378],[24.0029,39.2362],[24.0033,39.2347],[24.0043,39.2323],[24.006,39.2292],[24.0074,39.2274],[24.0085,39.2269],[24.009,39.2263],[24.0089,39.2256],[24.0084,39.2248],[24.0073,39.2239],[24.0058,39.2234],[24.0037,39.2234],[24.0026,39.2231],[24.0026,39.2227],[24.002,39.2219],[24.0007,39.2208],[24.0001,39.1652],[24.0004,39.0551],[24.1208,39],[24.3615,39],[24.4815,39.0012],[24.481,39.0035],[24.482,39.0054],[24.4846,39.0067],[24.4862,39.0072],[24.4867,39.0069],[24.4873,39.0071],[24.4877,39.0079],[24.4883,39.0079],[24.489,39.0071],[24.489,39.0065],[24.4883,39.006],[24.4883,39.0057],[24.4888,39.0057],[24.4893,39.0052],[24.4899,39.0041],[24.4907,39.0034],[24.4918,39.0029],[24.4921,39.0021],[24.4917,39.001],[24.4917,39.0004],[24.492,39.0001],[24.6192,39.0001],[24.8731,39.0004],[25,39.0005],[25,39.0005],[25,39.1185]],[[24.6576,39.5324],[24.6573,39.5327],[24.6573,39.5332],[24.6576,39.5339],[24.658,39.5339],[24.6583,39.5332],[24.6583,39.5327],[24.658,39.5324],[24.6578,39.5323],[24.6578,39.5323],[24.6576,39.5324]],[[24.1752,39.49],[24.1748,39.4902],[24.1744,39.4908],[24.174,39.4917],[24.174,39.494],[24.1744,39.4977],[24.1753,39.5005],[24.1768,39.5026],[24.1789,39.5047],[24.1815,39.5068],[24.1836,39.5079],[24.1851,39.508],[24.1872,39.5068],[24.1898,39.5044],[24.1914,39.502],[24.1921,39.4996],[24.191,39.4976],[24.1878,39.4961],[24.1859,39.4944],[24.1853,39.4925],[24.1839,39.4913],[24.1818,39.4908],[24.1797,39.4906],[24.1776,39.4908],[24.1763,39.4907],[24.1758,39.4902],[24.1755,39.4899],[24.1755,39.4899],[24.1752,39.49]],[[24.1833,39.4808],[24.1802,39.4809],[24.1774,39.482],[24.175,39.4839],[24.1742,39.4852],[24.1751,39.4859],[24.1768,39.486],[24.1794,39.4855],[24.1812,39.4859],[24.1823,39.487],[24.1836,39.4874],[24.1851,39.487],[24.1863,39.4867],[24.187,39.4862],[24.1871,39.4854],[24.1866,39.4844],[24.1867,39.4834],[24.1874,39.4823],[24.187,39.4815],[24.1856,39.481],[24.1849,39.4807],[24.1849,39.4807],[24.1833,39.4808]],[[24.2041,39.4352],[24.203,39.4356],[24.2024,39.4362],[24.2025,39.4367],[24.2033,39.437],[24.2048,39.437],[24.2056,39.4367],[24.2058,39.4362],[24.2056,39.4356],[24.205,39.4352],[24.2047,39.4349],[24.2047,39.4349],[24.2041,39.4352]],[[24.1581,39.357],[24.1564,39.3575],[24.1558,39.3583],[24.1565,39.3594],[24.1563,39.3599],[24.1552,39.3599],[24.1544,39.3596],[24.1539,39.3589],[24.1534,39.3589],[24.1528,39.3596],[24.1531,39.3612],[24.1542,39.3638],[24.1511,39.365],[24.1437,39.3648],[24.1396,39.3651],[24.1385,39.3659],[24.137,39.3665],[24.1349,39.367],[24.1331,39.368],[24.1314,39.3695],[24.1314,39.371],[24.1331,39.3725],[24.1371,39.3748],[24.1433,39.3781],[24.148,39.3813],[24.1509,39.3844],[24.1523,39.3893],[24.1521,39.3961],[24.1527,39.4003],[24.1541,39.4018],[24.1556,39.4043],[24.157,39.4078],[24.1594,39.4105],[24.1625,39.4124],[24.165,39.4145],[24.1668,39.417],[24.1681,39.4195],[24.1689,39.422],[24.1698,39.4231],[24.1709,39.4226],[24.1716,39.4227],[24.1722,39.4232],[24.1724,39.4237],[24.1724,39.4242],[24.1719,39.4248],[24.1709,39.4253],[24.1712,39.427],[24.1727,39.4301],[24.1739,39.432],[24.175,39.4328],[24.1763,39.4334],[24.1778,39.4337],[24.1802,39.4332],[24.1833,39.4319],[24.1853,39.4314],[24.1861,39.4317],[24.1864,39.4315],[24.1861,39.431],[24.1867,39.4305],[24.188,39.43],[24.1886,39.4292],[24.1885,39.4281],[24.1881,39.4271],[24.1874,39.4261],[24.1867,39.4258],[24.1862,39.4261],[24.1858,39.426],[24.1856,39.4257],[24.1852,39.4245],[24.1847,39.4224],[24.184,39.4209],[24.1831,39.4198],[24.182,39.4189],[24.1805,39.418],[24.18,39.4155],[24.1805,39.4116],[24.181,39.41],[24.1815,39.4108],[24.1823,39.4109],[24.1832,39.4102],[24.1837,39.4097],[24.1837,39.4092],[24.1826,39.4086],[24.1805,39.4081],[24.1794,39.4076],[24.1795,39.4071],[24.1806,39.4057],[24.1828,39.4035],[24.1844,39.4027],[24.1854,39.4033],[24.1864,39.4035],[24.1875,39.4032],[24.1883,39.4035],[24.1888,39.4043],[24.1894,39.4044],[24.1899,39.4039],[24.1897,39.4033],[24.1889,39.4029],[24.189,39.4024],[24.19,39.4019],[24.1908,39.4006],[24.1914,39.3984],[24.1917,39.3966],[24.1916,39.3951],[24.1908,39.3935],[24.1891,39.3919],[24.1879,39.3901],[24.187,39.388],[24.1848,39.3849],[24.1813,39.3807],[24.1791,39.3778],[24.1784,39.3763],[24.1761,39.3748],[24.1722,39.3733],[24.1701,39.3725],[24.1696,39.3724],[24.169,39.3727],[24.1685,39.3735],[24.1679,39.3736],[24.1675,39.3731],[24.1675,39.3722],[24.1682,39.3709],[24.1683,39.3701],[24.1679,39.3696],[24.1673,39.369],[24.1665,39.3685],[24.1659,39.3686],[24.1654,39.3694],[24.1649,39.3697],[24.1644,39.3694],[24.164,39.3685],[24.1637,39.3669],[24.164,39.3659],[24.1647,39.3654],[24.1649,39.3648],[24.1644,39.3644],[24.1638,39.3645],[24.1633,39.3652],[24.1629,39.365],[24.1626,39.3637],[24.1629,39.3628],[24.1638,39.3623],[24.1639,39.3612],[24.1632,39.3597],[24.1618,39.3583],[24.1599,39.3573],[24.1589,39.3567],[24.1589,39.3567],[24.1581,39.357]],[[24.1414,39.3337],[24.1399,39.3337],[24.1368,39.3349],[24.1321,39.3372],[24.1293,39.338],[24.1284,39.3374],[24.1282,39.3367],[24.1287,39.3362],[24.1286,39.3357],[24.1279,39.3352],[24.1278,39.3352],[24.1282,39.3357],[24.1283,39.3361],[24.1278,39.3364],[24.1274,39.3365],[24.1269,39.3361],[24.1257,39.3365],[24.1238,39.3375],[24.1228,39.3383],[24.1226,39.3388],[24.1227,39.3396],[24.1232,39.3404],[24.1237,39.3405],[24.1242,39.3397],[24.1249,39.34],[24.1256,39.3415],[24.1261,39.3425],[24.1262,39.343],[24.1261,39.3435],[24.1256,39.344],[24.1258,39.3448],[24.1266,39.3459],[24.1264,39.3472],[24.1251,39.3487],[24.1242,39.3492],[24.1235,39.3487],[24.1229,39.3491],[24.1226,39.3504],[24.1216,39.3506],[24.1201,39.3499],[24.119,39.3498],[24.1183,39.3502],[24.1183,39.3508],[24.119,39.3513],[24.1193,39.3521],[24.1193,39.3531],[24.119,39.3539],[24.1185,39.3544],[24.1185,39.355],[24.119,39.3555],[24.1201,39.3557],[24.1216,39.3557],[24.1232,39.3544],[24.1247,39.3518],[24.1252,39.3502],[24.1248,39.3498],[24.1248,39.3493],[24.1252,39.3489],[24.126,39.3494],[24.1271,39.3509],[24.1281,39.3519],[24.1292,39.3524],[24.1302,39.3522],[24.1313,39.3515],[24.1331,39.3511],[24.1357,39.3511],[24.1375,39.3509],[24.1386,39.3504],[24.1394,39.3497],[24.1399,39.3488],[24.1399,39.348],[24.1394,39.3471],[24.1396,39.3466],[24.1406,39.3465],[24.1416,39.3459],[24.1427,39.3448],[24.1435,39.3446],[24.144,39.3451],[24.1446,39.3452],[24.1451,39.345],[24.1456,39.3442],[24.1462,39.3429],[24.1461,39.3414],[24.1452,39.3399],[24.1452,39.3386],[24.1462,39.3375],[24.1467,39.3367],[24.1466,39.3362],[24.1463,39.3356],[24.1456,39.3351],[24.1448,39.3352],[24.1437,39.336],[24.143,39.3363],[24.1424,39.336],[24.1424,39.3357],[24.143,39.3352],[24.143,39.3346],[24.1424,39.334],[24.1422,39.3337],[24.1422,39.3337],[24.1414,39.3337]],[[24.3263,39.3292],[24.3237,39.3305],[24.3219,39.3307],[24.3208,39.3298],[24.32,39.3297],[24.3196,39.3304],[24.3196,39.331],[24.32,39.3315],[24.3195,39.3314],[24.318,39.3305],[24.3167,39.3303],[24.3156,39.3306],[24.3149,39.331],[24.3144,39.3315],[24.3144,39.3321],[24.3149,39.3326],[24.3149,39.3332],[24.3144,39.3339],[24.3138,39.3339],[24.3133,39.3332],[24.3127,39.3331],[24.3123,39.3336],[24.3124,39.3342],[24.3131,39.3346],[24.3128,39.3352],[24.3115,39.3357],[24.3107,39.3364],[24.3102,39.3375],[24.3102,39.3391],[24.3107,39.3412],[24.3123,39.3446],[24.3152,39.3493],[24.3165,39.3539],[24.3162,39.3586],[24.3168,39.3617],[24.3184,39.3633],[24.3192,39.3649],[24.3192,39.3665],[24.3201,39.368],[24.3216,39.3696],[24.3234,39.3704],[24.3256,39.3705],[24.3271,39.3703],[24.3281,39.3698],[24.3294,39.3697],[24.331,39.3701],[24.3321,39.3699],[24.3326,39.3692],[24.3331,39.3692],[24.3336,39.3699],[24.3342,39.3701],[24.3347,39.3696],[24.335,39.3685],[24.3351,39.3669],[24.3349,39.3653],[24.3342,39.3638],[24.3345,39.3615],[24.3357,39.3584],[24.336,39.3563],[24.3353,39.3552],[24.3347,39.3547],[24.3342,39.3547],[24.3336,39.3551],[24.3331,39.3558],[24.3326,39.3557],[24.3321,39.3547],[24.3321,39.3538],[24.3326,39.353],[24.3331,39.3526],[24.3336,39.3526],[24.3342,39.353],[24.3347,39.3537],[24.3352,39.3539],[24.3357,39.3536],[24.336,39.3527],[24.3363,39.3512],[24.3358,39.3499],[24.3345,39.3486],[24.3334,39.3484],[24.3323,39.3491],[24.3315,39.3485],[24.331,39.3464],[24.331,39.3451],[24.3315,39.3446],[24.3315,39.344],[24.331,39.3435],[24.3305,39.3435],[24.3299,39.344],[24.3293,39.344],[24.3287,39.3435],[24.3284,39.3424],[24.3285,39.3409],[24.3284,39.3399],[24.3278,39.3394],[24.3282,39.3386],[24.3294,39.3375],[24.33,39.3367],[24.3301,39.3362],[24.3296,39.3357],[24.3287,39.3352],[24.3283,39.3346],[24.3285,39.3342],[24.3283,39.3334],[24.3276,39.3323],[24.3276,39.3313],[24.3283,39.3302],[24.3284,39.3294],[24.3278,39.3289],[24.3276,39.3286],[24.3276,39.3286],[24.3263,39.3292]],[[24.037,39.31],[24.0349,39.3106],[24.0336,39.3114],[24.0331,39.3125],[24.0333,39.3135],[24.0344,39.3146],[24.0352,39.3149],[24.0357,39.3144],[24.0367,39.3146],[24.0383,39.3156],[24.0396,39.3161],[24.0406,39.3161],[24.0414,39.3156],[24.0419,39.3146],[24.0419,39.3136],[24.0414,39.3125],[24.0403,39.3114],[24.0388,39.3103],[24.038,39.3097],[24.038,39.3097],[24.037,39.31]],[[24.0846,39.2939],[24.0841,39.2942],[24.0843,39.2946],[24.0854,39.2952],[24.0857,39.2951],[24.0852,39.2942],[24.0849,39.2938],[24.0849,39.2938],[24.0846,39.2939]],[[24.0707,39.291],[24.0675,39.2911],[24.0645,39.2924],[24.0618,39.2951],[24.0603,39.2967],[24.06,39.2972],[24.0602,39.2977],[24.0607,39.2982],[24.0607,39.2987],[24.0602,39.2992],[24.0594,39.2995],[24.0583,39.2995],[24.0573,39.2991],[24.0562,39.2984],[24.0544,39.2981],[24.0518,39.2983],[24.0502,39.2987],[24.0498,39.2992],[24.0498,39.2998],[24.0505,39.3003],[24.0503,39.3008],[24.0492,39.3013],[24.0484,39.3021],[24.0477,39.3031],[24.0476,39.3052],[24.0478,39.3083],[24.0489,39.3099],[24.0507,39.3099],[24.0521,39.3102],[24.0531,39.3106],[24.0539,39.3117],[24.0544,39.3133],[24.0555,39.3141],[24.057,39.3141],[24.0583,39.3138],[24.0594,39.3133],[24.0602,39.3135],[24.0607,39.3146],[24.0614,39.3151],[24.0625,39.3151],[24.063,39.3154],[24.0631,39.3159],[24.0621,39.3164],[24.06,39.3169],[24.0584,39.318],[24.0573,39.3195],[24.0563,39.3201],[24.0552,39.3196],[24.0544,39.3198],[24.0539,39.3208],[24.0526,39.3205],[24.0505,39.319],[24.0477,39.3179],[24.044,39.3175],[24.0419,39.3175],[24.0414,39.3179],[24.0411,39.319],[24.0411,39.3206],[24.0406,39.3211],[24.0396,39.3206],[24.0388,39.3206],[24.0383,39.3211],[24.0385,39.3222],[24.0396,39.3237],[24.0405,39.3245],[24.0412,39.3245],[24.0409,39.325],[24.0396,39.3261],[24.039,39.3269],[24.0391,39.3277],[24.0396,39.3283],[24.0406,39.3288],[24.0414,39.3286],[24.0419,39.3276],[24.0425,39.3271],[24.0429,39.327],[24.0435,39.3277],[24.044,39.329],[24.0443,39.3302],[24.0443,39.3313],[24.044,39.3321],[24.0435,39.3326],[24.0427,39.3328],[24.0416,39.3327],[24.0411,39.3335],[24.041,39.3351],[24.0418,39.3364],[24.0435,39.3375],[24.044,39.3385],[24.0433,39.3396],[24.043,39.3406],[24.0431,39.3417],[24.0447,39.3451],[24.0479,39.3509],[24.0515,39.3553],[24.0554,39.3584],[24.0583,39.3615],[24.06,39.3646],[24.063,39.3672],[24.0672,39.3693],[24.0714,39.3707],[24.0755,39.3714],[24.0783,39.3714],[24.0796,39.3707],[24.0806,39.3693],[24.0815,39.3672],[24.0816,39.3659],[24.0811,39.3654],[24.0818,39.3644],[24.0839,39.3631],[24.0849,39.3618],[24.0848,39.3605],[24.0867,39.3596],[24.0904,39.359],[24.0932,39.358],[24.0951,39.3564],[24.0961,39.3544],[24.0962,39.3518],[24.0957,39.3502],[24.0948,39.3498],[24.0943,39.3492],[24.0943,39.3487],[24.0947,39.3484],[24.0957,39.3484],[24.0967,39.3489],[24.0978,39.35],[24.0987,39.3502],[24.0992,39.3498],[24.1,39.3497],[24.1011,39.3502],[24.102,39.3491],[24.1029,39.3466],[24.1031,39.3451],[24.1028,39.3446],[24.1021,39.3444],[24.101,39.3443],[24.101,39.344],[24.1019,39.3435],[24.1021,39.3431],[24.1018,39.3427],[24.1013,39.3425],[24.1008,39.3423],[24.1003,39.3425],[24.0997,39.343],[24.0994,39.343],[24.0991,39.3425],[24.0991,39.3419],[24.0994,39.3414],[24.1,39.341],[24.1011,39.3407],[24.1021,39.3408],[24.1031,39.3413],[24.1039,39.3412],[24.1044,39.3404],[24.1037,39.3388],[24.1017,39.3362],[24.1007,39.3344],[24.1007,39.3333],[24.1012,39.3326],[24.1021,39.3321],[24.1016,39.3301],[24.0995,39.3266],[24.0983,39.3242],[24.0982,39.323],[24.0984,39.3219],[24.099,39.3208],[24.0991,39.32],[24.0986,39.3194],[24.0987,39.3184],[24.0994,39.3168],[24.0997,39.3153],[24.0998,39.3138],[24.0994,39.3123],[24.0988,39.311],[24.0982,39.3102],[24.0977,39.31],[24.0972,39.3102],[24.0966,39.3106],[24.0964,39.3106],[24.0964,39.3102],[24.0968,39.3097],[24.0975,39.3092],[24.0975,39.3079],[24.0965,39.3057],[24.0952,39.3042],[24.0934,39.3031],[24.0917,39.3016],[24.09,39.2995],[24.0874,39.2978],[24.0837,39.2967],[24.0808,39.2954],[24.0789,39.2939],[24.0765,39.2926],[24.0738,39.2915],[24.0724,39.2909],[24.0724,39.2909],[24.0707,39.291]],[[24.0913,39.29],[24.0897,39.2901],[24.0885,39.2904],[24.0878,39.2909],[24.0875,39.2916],[24.0877,39.2927],[24.0881,39.2935],[24.0887,39.294],[24.0899,39.2943],[24.0914,39.2943],[24.0925,39.2938],[24.0932,39.2927],[24.0932,39.2916],[24.0925,39.2905],[24.0922,39.2899],[24.0922,39.2899],[24.0913,39.29]],[[24.093,39.1031],[24.0925,39.1029],[24.0917,39.103],[24.0908,39.1034],[24.0908,39.1047],[24.0917,39.1068],[24.0927,39.1073],[24.0938,39.1062],[24.094,39.1051],[24.0935,39.1038],[24.0932,39.1032],[24.0932,39.1032],[24.093,39.1031]],[[24.0976,39.0974],[24.0961,39.0983],[24.0949,39.0994],[24.094,39.1009],[24.094,39.1019],[24.0949,39.1024],[24.0951,39.1031],[24.0945,39.1042],[24.0945,39.1052],[24.0951,39.1063],[24.0961,39.1065],[24.0976,39.106],[24.0987,39.106],[24.0992,39.1065],[24.0997,39.1065],[24.1003,39.106],[24.1003,39.105],[24.0997,39.1037],[24.1005,39.1032],[24.1026,39.1035],[24.1039,39.1039],[24.1044,39.1044],[24.105,39.1044],[24.1057,39.1039],[24.1048,39.1026],[24.1024,39.1005],[24.1013,39.0992],[24.1015,39.0987],[24.1013,39.0981],[24.1008,39.0977],[24.1,39.0973],[24.0989,39.0971],[24.0984,39.097],[24.0984,39.097],[24.0976,39.0974]],[[24.0863,39.0778],[24.0848,39.0783],[24.0839,39.0799],[24.0836,39.0826],[24.0839,39.0843],[24.0846,39.085],[24.086,39.0854],[24.0881,39.0856],[24.0899,39.0847],[24.0915,39.0828],[24.092,39.0813],[24.0913,39.0802],[24.09,39.0792],[24.088,39.0781],[24.087,39.0775],[24.087,39.0775],[24.0863,39.0778]],[[24.0966,39.0657],[24.0951,39.0656],[24.0936,39.0662],[24.0921,39.0675],[24.0915,39.0683],[24.092,39.0686],[24.0922,39.0694],[24.0922,39.0707],[24.093,39.0719],[24.0945,39.0729],[24.0956,39.0739],[24.0961,39.075],[24.0966,39.0752],[24.0972,39.0748],[24.0985,39.0745],[24.1005,39.0745],[24.1021,39.0735],[24.1031,39.0714],[24.1034,39.0701],[24.1029,39.0696],[24.1024,39.0696],[24.1019,39.0701],[24.1013,39.0698],[24.1008,39.0687],[24.0997,39.0687],[24.0982,39.0698],[24.0977,39.0701],[24.0982,39.0696],[24.098,39.069],[24.0973,39.0685],[24.0973,39.0679],[24.098,39.0675],[24.0982,39.0669],[24.0977,39.0662],[24.0974,39.0658],[24.0974,39.0658],[24.0966,39.0657]],[[24.1054,39.052],[24.105,39.0527],[24.1044,39.053],[24.1039,39.0527],[24.1034,39.0529],[24.1029,39.0534],[24.1026,39.0539],[24.1026,39.0544],[24.1026,39.0544],[24.1026,39.0539],[24.1021,39.0533],[24.101,39.0528],[24.1,39.0533],[24.0989,39.0549],[24.0989,39.0562],[24.1,39.0573],[24.1007,39.0583],[24.1009,39.0594],[24.102,39.0607],[24.1038,39.0622],[24.1058,39.0638],[24.1079,39.0653],[24.1099,39.0664],[24.1119,39.0669],[24.1127,39.0675],[24.1122,39.0679],[24.1115,39.0682],[24.1104,39.0682],[24.1091,39.0692],[24.1076,39.0714],[24.1063,39.0724],[24.1052,39.0724],[24.1042,39.0729],[24.1031,39.074],[24.1029,39.075],[24.1034,39.0761],[24.1034,39.0771],[24.1029,39.0781],[24.1022,39.0789],[24.1013,39.0794],[24.1013,39.08],[24.1022,39.0805],[24.1031,39.0818],[24.1042,39.0839],[24.1042,39.0849],[24.1031,39.0849],[24.1021,39.0844],[24.101,39.0834],[24.1,39.0834],[24.0991,39.0844],[24.0988,39.0867],[24.0993,39.0904],[24.1003,39.0933],[24.1018,39.0956],[24.1037,39.0977],[24.1058,39.0995],[24.1073,39.1008],[24.1084,39.1013],[24.1094,39.1015],[24.1104,39.1012],[24.1112,39.1017],[24.1117,39.103],[24.1125,39.1036],[24.1135,39.1036],[24.1148,39.1041],[24.1164,39.1052],[24.1175,39.1055],[24.118,39.105],[24.1185,39.105],[24.119,39.1055],[24.1196,39.1055],[24.1201,39.105],[24.1201,39.1042],[24.1196,39.1031],[24.1198,39.1018],[24.1209,39.1003],[24.121,39.099],[24.1202,39.0979],[24.1199,39.0972],[24.1202,39.0967],[24.1201,39.0958],[24.1196,39.0946],[24.1204,39.0928],[24.1225,39.0903],[24.1233,39.0875],[24.1227,39.0842],[24.1219,39.0821],[24.1208,39.0812],[24.1198,39.081],[24.1187,39.0815],[24.1187,39.0808],[24.1198,39.0786],[24.1201,39.0773],[24.1196,39.0769],[24.1189,39.0769],[24.1181,39.0773],[24.1175,39.0773],[24.117,39.0769],[24.1172,39.0758],[24.1179,39.0743],[24.1195,39.0743],[24.1221,39.0758],[24.1237,39.0763],[24.1242,39.0758],[24.1242,39.075],[24.1237,39.0739],[24.1245,39.0733],[24.1266,39.0731],[24.1279,39.0734],[24.1283,39.0741],[24.1289,39.0742],[24.1294,39.0737],[24.1293,39.0732],[24.1285,39.0727],[24.1285,39.0722],[24.1293,39.0717],[24.1295,39.0709],[24.1291,39.0698],[24.1291,39.068],[24.1296,39.0654],[24.1291,39.0628],[24.1276,39.0602],[24.1263,39.0583],[24.1251,39.0572],[24.1224,39.0564],[24.1182,39.0559],[24.1158,39.0559],[24.1154,39.0565],[24.1146,39.0568],[24.1135,39.0568],[24.1125,39.0573],[24.1114,39.0584],[24.1104,39.0579],[24.1094,39.0557],[24.1081,39.0547],[24.1065,39.0547],[24.1056,39.0544],[24.1053,39.0539],[24.1056,39.0534],[24.1064,39.0529],[24.1065,39.0523],[24.106,39.0519],[24.1057,39.0516],[24.1057,39.0516],[24.1054,39.052]],[[24.0815,39.0419],[24.0789,39.042],[24.0771,39.0426],[24.076,39.0438],[24.0768,39.0453],[24.0794,39.0474],[24.0805,39.0489],[24.0799,39.05],[24.0807,39.052],[24.0829,39.055],[24.0842,39.0558],[24.0847,39.0543],[24.0857,39.0535],[24.0872,39.0532],[24.0881,39.0521],[24.0882,39.0504],[24.0876,39.0482],[24.0863,39.0456],[24.085,39.0437],[24.0835,39.0424],[24.0828,39.0418],[24.0828,39.0418],[24.0815,39.0419]],[[24.0615,39.0296],[24.0604,39.0296],[24.0595,39.0299],[24.0587,39.0304],[24.0581,39.032],[24.0579,39.0346],[24.0585,39.0367],[24.06,39.0383],[24.0616,39.0392],[24.0633,39.0393],[24.0647,39.0391],[24.0657,39.0383],[24.0665,39.037],[24.0668,39.0349],[24.0665,39.0333],[24.0656,39.0321],[24.0643,39.031],[24.0628,39.0301],[24.062,39.0296],[24.062,39.0296],[24.0615,39.0296]],[[24.4708,39.0131],[24.4677,39.0158],[24.4661,39.0184],[24.4661,39.0207],[24.4669,39.0218],[24.4685,39.0215],[24.4695,39.0208],[24.4701,39.0196],[24.4706,39.0193],[24.4711,39.02],[24.4716,39.0202],[24.4722,39.0199],[24.473,39.0191],[24.4742,39.0179],[24.4746,39.0169],[24.4742,39.0164],[24.4742,39.0156],[24.4745,39.0146],[24.4741,39.0135],[24.473,39.0123],[24.4724,39.0117],[24.4724,39.0117],[24.4708,39.0131]]]]}},{"type":"Feature","properties":{"depth":10,"kind":"isobath"},"geometry":{"type":"MultiLineString","coordinates":[[[24.0047,39.9974],[24.0047,39.9977],[24.0048,39.9981],[24.0043,39.9984],[24.0032,39.9984],[24.0026,39.9981],[24.0026,39.9976],[24.0031,39.9973],[24.0042,39.9974],[24.0047,39.9974]],[[24.0078,39.9974],[24.0078,39.9977],[24.0078,39.9981],[24.0075,39.9981],[24.0071,39.9974],[24.0071,39.9972],[24.0075,39.9973],[24.0078,39.9974]],[[24.1866,39.4297],[24.1864,39.4299],[24.1861,39.4304],[24.1858,39.4304],[24.1857,39.4299],[24.1859,39.4297],[24.1863,39.4297],[24.1866,39.4297]],[[24.1876,39.4276],[24.1873,39.4276],[24.1867,39.4276],[24.1867,39.4276],[24.1873,39.4276],[24.1876,39.4276]],[[24.1786,39.4266],[24.1788,39.4269],[24.1793,39.4273],[24.1793,39.4278],[24.1788,39.4282],[24.1783,39.4282],[24.1779,39.4278],[24.1779,39.4273],[24.1783,39.4269],[24.1786,39.4266]],[[24.1807,39.4245],[24.1805,39.4245],[24.18,39.4245],[24.18,39.4245],[24.1805,39.4245],[24.1807,39.4245]],[[24.1886,39.3984],[24.1886,39.3987],[24.1887,39.3992],[24.1883,39.3995],[24.1874,39.3995],[24.1873,39.399],[24.1877,39.3981],[24.1882,39.3978],[24.1885,39.3982],[24.1886,39.3984]],[[24.1878,39.3974],[24.1873,39.3975],[24.1864,39.3976],[24.1859,39.3975],[24.1859,39.3972],[24.1864,39.3971],[24.1873,39.3973],[24.1878,39.3974]],[[24.1891,39.3974],[24.1891,39.3975],[24.1891,39.3979],[24.1889,39.3979],[24.1884,39.3975],[24.1884,39.3974],[24.1889,39.3974],[24.1891,39.3974]],[[24.1714,39.3755],[24.1713,39.3758],[24.1712,39.3763],[24.1712,39.3763],[24.1713,39.3758],[24.1714,39.3755]],[[24.1703,39.3745],[24.17,39.3745],[24.1692,39.3745],[24.1692,39.3743],[24.17,39.374],[24.1703,39.374],[24.1703,39.3743],[24.1703,39.3745]],[[24.0807,39.363],[24.0809,39.3633],[24.0815,39.3638],[24.0815,39.3644],[24.0809,39.3648],[24.0805,39.3648],[24.0799,39.3644],[24.0794,39.3642],[24.0789,39.3645],[24.0786,39.364],[24.0786,39.3627],[24.0791,39.3623],[24.0802,39.3628],[24.0807,39.363]],[[24.163,39.3609],[24.1628,39.3613],[24.1622,39.3621],[24.162,39.3621],[24.162,39.3613],[24.1622,39.3609],[24.1628,39.3609],[24.163,39.3609]],[[24.0795,39.3557],[24.079,39.356],[24.0781,39.3565],[24.0776,39.3563],[24.0776,39.3554],[24.0781,39.3551],[24.079,39.3555],[24.0795,39.3557]],[[24.0776,39.3536],[24.0776,39.3538],[24.0776,39.3542],[24.0776,39.3542],[24.0776,39.3538],[24.0776,39.3536]],[[24.1307,39.3474],[24.131,39.3481],[24.1315,39.3496],[24.1312,39.3496],[24.1299,39.3481],[24.1297,39.3474],[24.1304,39.3474],[24.1307,39.3474]],[[24.1443,39.3422],[24.1445,39.3425],[24.1448,39.343],[24.1448,39.343],[24.1445,39.3425],[24.1443,39.3422]],[[24.3276,39.3359],[24.3276,39.3362],[24.3276,39.3367],[24.3274,39.3367],[24.3269,39.3362],[24.3269,39.3359],[24.3274,39.3359],[24.3276,39.3359]],[[24.1012,39.3318],[24.1009,39.3318],[24.1005,39.3318],[24.1005,39.3318],[24.1009,39.3318],[24.1012,39.3318]],[[24.0974,39.3286],[24.0978,39.3291],[24.0985,39.3302],[24.0985,39.3312],[24.0978,39.3323],[24.0971,39.3326],[24.0964,39.3321],[24.0962,39.331],[24.0963,39.3294],[24.0966,39.3286],[24.0972,39.3286],[24.0974,39.3286]],[[24.0953,39.3245],[24.0951,39.3245],[24.0945,39.3245],[24.0945,39.3245],[24.0951,39.3245],[24.0953,39.3245]],[[24.0823,39.2995],[24.0818,39.2995],[24.0808,39.2995],[24.0808,39.2995],[24.0818,39.2995],[24.0823,39.2995]],[[24.0986,39.1026],[24.0983,39.1026],[24.0977,39.1026],[24.0977,39.1026],[24.0983,39.1026],[24.0986,39.1026]],[[24.0964,39.1005],[24.0964,39.1008],[24.0964,39.1013],[24.0964,39.1013],[24.0964,39.1008],[24.0964,39.1005]],[[24.122,39.088],[24.1219,39.0884],[24.1216,39.0891],[24.1216,39.0891],[24.1219,39.0884],[24.122,39.088]],[[24.1276,39.0672],[24.1277,39.0677],[24.128,39.0688],[24.1277,39.0696],[24.127,39.0701],[24.1257,39.0698],[24.1238,39.0687],[24.1229,39.0679],[24.123,39.0675],[24.1242,39.0672],[24.1265,39.0672],[24.1276,39.0672]],[[24.1187,39.0589],[24.1186,39.0592],[24.1183,39.0597],[24.1183,39.0597],[24.1186,39.0592],[24.1187,39.0589]],[[24.0845,39.0464],[24.0844,39.0467],[24.084,39.0472],[24.084,39.0472],[24.0844,39.0467],[24.0845,39.0464]],[[24.4723,39.0161],[24.472,39.0161],[24.4713,39.0161],[24.4713,39.0161],[24.472,39.0161],[24.4723,39.0161]],[[24.4888,39.0005],[24.4886,39.0008],[24.4882,39.0013],[24.4872,39.0013],[24.4855,39.0008],[24.4857,39.0005],[24.4878,39.0005],[24.4888,39.0005]],[[24.9974,39.4711],[24.9965,39.4694],[24.9946,39.4659],[24.9926,39.4626],[24.9903,39.4595],[24.9883,39.4579],[24.9867,39.4576],[24.9854,39.4576],[24.9844,39.458],[24.9822,39.4602],[24.9789,39.4641],[24.9757,39.47],[24.9726,39.4779],[24.9702,39.4852],[24.9685,39.4919],[24.9678,39.5003],[24.9681,39.5101],[24.9693,39.5185],[24.9714,39.5252],[24.9732,39.5291],[24.9747,39.5302],[24.9759,39.532],[24.977,39.5346],[24.9788,39.5365],[24.9815,39.5377],[24.9842,39.5398],[24.987,39.5428],[24.9894,39.5474],[24.9916,39.5537],[24.9926,39.5568]],[[24.012,39.9946],[24.0112,39.9944],[24.0097,39.994],[24.0084,39.994],[24.0073,39.9943],[24.0065,39.9941],[24.0058,39.9935],[24.0052,39.9924],[24.0046,39.9909],[24.0045,39.9898],[24.005,39.9894],[24.0052,39.9891]],[[24.0016,39.9745],[24.0019,39.9748],[24.0024,39.9756],[24.0029,39.9757],[24.0033,39.9753],[24.0037,39.9742],[24.0041,39.9723],[24.0041,39.9709],[24.0039,39.9698],[24.0038,39.9693]],[[24.0028,39.237],[24.0029,39.2362],[24.0033,39.2347],[24.0043,39.2323],[24.006,39.2292],[24.0074,39.2274],[24.0085,39.2269],[24.009,39.2263],[24.0089,39.2256],[24.0084,39.2248],[24.0073,39.2239],[24.0058,39.2234],[24.0037,39.2234],[24.0026,39.2231],[24.0026,39.2227],[24.0026,39.2224]],[[24.4807,39.0047],[24.482,39.0054],[24.4846,39.0067],[24.4862,39.0072],[24.4867,39.0069],[24.4873,39.0071],[24.4877,39.0079],[24.4883,39.0079],[24.489,39.0071],[24.489,39.0065],[24.4883,39.006],[24.4883,39.0057],[24.4888,39.0057],[24.4893,39.0052],[24.4899,39.0041],[24.4907,39.0034],[24.4918,39.0029],[24.4921,39.0021],[24.4917,39.001],[24.4915,39.0005]],[[24.6578,39.5323],[24.6576,39.5324],[24.6573,39.5327],[24.6573,39.5332],[24.6576,39.5339],[24.658,39.5339],[24.6583,39.5332],[24.6583,39.5327],[24.658,39.5324],[24.6578,39.5323]],[[24.1755,39.4899],[24.1752,39.49],[24.1748,39.4902],[24.1744,39.4908],[24.174,39.4917],[24.174,39.494],[24.1744,39.4977],[24.1753,39.5005],[24.1768,39.5026],[24.1789,39.5047],[24.1815,39.5068],[24.1836,39.5079],[24.1851,39.508],[24.1872,39.5068],[24.1898,39.5044],[24.1914,39.502],[24.1921,39.4996],[24.191,39.4976],[24.1878,39.4961],[24.1859,39.4944],[24.1853,39.4925],[24.1839,39.4913],[24.1818,39.4908],[24.1797,39.4906],[24.1776,39.4908],[24.1763,39.4907],[24.1758,39.4902],[24.1755,39.4899]],[[24.1849,39.4807],[24.1833,39.4808],[24.1802,39.4809],[24.1774,39.482],[24.175,39.4839],[24.1742,39.4852],[24.1751,39.4859],[24.1768,39.486],[24.1794,39.4855],[24.1812,39.4859],[24.1823,39.487],[24.1836,39.4874],[24.1851,39.487],[24.1863,39.4867],[24.187,39.4862],[24.1871,39.4854],[24.1866,39.4844],[24.1867,39.4834],[24.1874,39.4823],[24.187,39.4815],[24.1856,39.481],[24.1849,39.4807]],[[24.2047,39.4349],[24.2041,39.4352],[24.203,39.4356],[24.2024,39.4362],[24.2025,39.4367],[24.2033,39.437],[24.2048,39.437],[24.2056,39.4367],[24.2058,39.4362],[24.2056,39.4356],[24.205,39.4352],[24.2047,39.4349]],[[24.1589,39.3567],[24.1581,39.357],[24.1564,39.3575],[24.1558,39.3583],[24.1565,39.3594],[24.1563,39.3599],[24.1552,39.3599],[24.1544,39.3596],[24.1539,39.3589],[24.1534,39.3589],[24.1528,39.3596],[24.1531,39.3612],[24.1542,39.3638],[24.1511,39.365],[24.1437,39.3648],[24.1396,39.3651],[24.1385,39.3659],[24.137,39.3665],[24.1349,39.367],[24.1331,39.368],[24.1314,39.3695],[24.1314,39.371],[24.1331,39.3725],[24.1371,39.3748],[24.1433,39.3781],[24.148,39.3813],[24.1509,39.3844],[24.1523,39.3893],[24.1521,39.3961],[24.1527,39.4003],[24.1541,39.4018],[24.1556,39.4043],[24.157,39.4078],[24.1594,39.4105],[24.1625,39.4124],[24.165,39.4145],[24.1668,39.417],[24.1681,39.4195],[24.1689,39.422],[24.1698,39.4231],[24.1709,39.4226],[24.1716,39.4227],[24.1722,39.4232],[24.1724,39.4237],[24.1724,39.4242],[24.1719,39.4248],[24.1709,39.4253],[24.1712,39.427],[24.1727,39.4301],[24.1739,39.432],[24.175,39.4328],[24.1763,39.4334],[24.1778,39.4337],[24.1802,39.4332],[24.1833,39.4319],[24.1853,39.4314],[24.1861,39.4317],[24.1864,39.4315],[24.1861,39.431],[24.1867,39.4305],[24.188,39.43],[24.1886,39.4292],[24.1885,39.4281],[24.1881,39.4271],[24.1874,39.4261],[24.1867,39.4258],[24.1862,39.4261],[24.1858,39.426],[24.1856,39.4257],[24.1852,39.4245],[24.1847,39.4224],[24.184,39.4209],[24.1831,39.4198],[24.182,39.4189],[24.1805,39.418],[24.18,39.4155],[24.1805,39.4116],[24.181,39.41],[24.1815,39.4108],[24.1823,39.4109],[24.1832,39.4102],[24.1837,39.4097],[24.1837,39.4092],[24.1826,39.4086],[24.1805,39.4081],[24.1794,39.4076],[24.1795,39.4071],[24.1806,39.4057],[24.1828,39.4035],[24.1844,39.4027],[24.1854,39.4033],[24.1864,39.4035],[24.1875,39.4032],[24.1883,39.4035],[24.1888,39.4043],[24.1894,39.4044],[24.1899,39.4039],[24.1897,39.4033],[24.1889,39.4029],[24.189,39.4024],[24.19,39.4019],[24.1908,39.4006],[24.1914,39.3984],[24.1917,39.3966],[24.1916,39.3951],[24.1908,39.3935],[24.1891,39.3919],[24.1879,39.3901],[24.187,39.388],[24.1848,39.3849],[24.1813,39.3807],[24.1791,39.3778],[24.1784,39.3763],[24.1761,39.3748],[24.1722,39.3733],[24.1701,39.3725],[24.1696,39.3724],[24.169,39.3727],[24.1685,39.3735],[24.1679,39.3736],[24.1675,39.3731],[24.1675,39.3722],[24.1682,39.3709],[24.1683,39.3701],[24.1679,39.3696],[24.1673,39.369],[24.1665,39.3685],[24.1659,39.3686],[24.1654,39.3694],[24.1649,39.3697],[24.1644,39.3694],[24.164,39.3685],[24.1637,39.3669],[24.164,39.3659],[24.1647,39.3654],[24.1649,39.3648],[24.1644,39.3644],[24.1638,39.3645],[24.1633,39.3652],[24.1629,39.365],[24.1626,39.3637],[24.1629,39.3628],[24.1638,39.3623],[24.1639,39.3612],[24.1632,39.3597],[24.1618,39.3583],[24.1599,39.3573],[24.1589,39.3567]],[[24.1422,39.3337],[24.1414,39.3337],[24.1399,39.3337],[24.1368,39.3349],[24.1321,39.3372],[24.1293,39.338],[24.1284,39.3374],[24.1282,39.3367],[24.1287,39.3362],[24.1286,39.3357],[24.1279,39.3352],[24.1278,39.3352],[24.1282,39.3357],[24.1283,39.3361],[24.1278,39.3364],[24.1274,39.3365],[24.1269,39.3361],[24.1257,39.3365],[24.1238,39.3375],[24.1228,39.3383],[24.1226,39.3388],[24.1227,39.3396],[24.1232,39.3404],[24.1237,39.3405],[24.1242,39.3397],[24.1249,39.34],[24.1256,39.3415],[24.1261,39.3425],[24.1262,39.343],[24.1261,39.3435],[24.1256,39.344],[24.1258,39.3448],[24.1266,39.3459],[24.1264,39.3472],[24.1251,39.3487],[24.1242,39.3492],[24.1235,39.3487],[24.1229,39.3491],[24.1226,39.3504],[24.1216,39.3506],[24.1201,39.3499],[24.119,39.3498],[24.1183,39.3502],[24.1183,39.3508],[24.119,39.3513],[24.1193,39.3521],[24.1193,39.3531],[24.119,39.3539],[24.1185,39.3544],[24.1185,39.355],[24.119,39.3555],[24.1201,39.3557],[24.1216,39.3557],[24.1232,39.3544],[24.1247,39.3518],[24.1252,39.3502],[24.1248,39.3498],[24.1248,39.3493],[24.1252,39.3489],[24.126,39.3494],[24.1271,39.3509],[24.1281,39.3519],[24.1292,39.3524],[24.1302,39.3522],[24.1313,39.3515],[24.1331,39.3511],[24.1357,39.3511],[24.1375,39.3509],[24.1386,39.3504],[24.1394,39.3497],[24.1399,39.3488],[24.1399,39.348],[24.1394,39.3471],[24.1396,39.3466],[24.1406,39.3465],[24.1416,39.3459],[24.1427,39.3448],[24.1435,39.3446],[24.144,39.3451],[24.1446,39.3452],[24.1451,39.345],[24.1456,39.3442],[24.1462,39.3429],[24.1461,39.3414],[24.1452,39.3399],[24.1452,39.3386],[24.1462,39.3375],[24.1467,39.3367],[24.1466,39.3362],[24.1463,39.3356],[24.1456,39.3351],[24.1448,39.3352],[24.1437,39.336],[24.143,39.3363],[24.1424,39.336],[24.1424,39.3357],[24.143,39.3352],[24.143,39.3346],[24.1424,39.334],[24.1422,39.3337]],[[24.3276,39.3286],[24.3263,39.3292],[24.3237,39.3305],[24.3219,39.3307],[24.3208,39.3298],[24.32,39.3297],[24.3196,39.3304],[24.3196,39.331],[24.32,39.3315],[24.3195,39.3314],[24.318,39.3305],[24.3167,39.3303],[24.3156,39.3306],[24.3149,39.331],[24.3144,39.3315],[24.3144,39.3321],[24.3149,39.3326],[24.3149,39.3332],[24.3144,39.3339],[24.3138,39.3339],[24.3133,39.3332],[24.3127,39.3331],[24.3123,39.3336],[24.3124,39.3342],[24.3131,39.3346],[24.3128,39.3352],[24.3115,39.3357],[24.3107,39.3364],[24.3102,39.3375],[24.3102,39.3391],[24.3107,39.3412],[24.3123,39.3446],[24.3152,39.3493],[24.3165,39.3539],[24.3162,39.3586],[24.3168,39.3617],[24.3184,39.3633],[24.3192,39.3649],[24.3192,39.3665],[24.3201,39.368],[24.3216,39.3696],[24.3234,39.3704],[24.3256,39.3705],[24.3271,39.3703],[24.3281,39.3698],[24.3294,39.3697],[24.331,39.3701],[24.3321,39.3699],[24.3326,39.3692],[24.3331,39.3692],[24.3336,39.3699],[24.3342,39.3701],[24.3347,39.3696],[24.335,39.3685],[24.3351,39.3669],[24.3349,39.3653],[24.3342,39.3638],[24.3345,39.3615],[24.3357,39.3584],[24.336,39.3563],[24.3353,39.3552],[24.3347,39.3547],[24.3342,39.3547],[24.3336,39.3551],[24.3331,39.3558],[24.3326,39.3557],[24.3321,39.3547],[24.3321,39.3538],[24.3326,39.353],[24.3331,39.3526],[24.3336,39.3526],[24.3342,39.353],[24.3347,39.3537],[24.3352,39.3539],[24.3357,39.3536],[24.336,39.3527],[24.3363,39.3512],[24.3358,39.3499],[24.3345,39.3486],[24.3334,39.3484],[24.3323,39.3491],[24.3315,39.3485],[24.331,39.3464],[24.331,39.3451],[24.3315,39.3446],[24.3315,39.344],[24.331,39.3435],[24.3305,39.3435],[24.3299,39.344],[24.3293,39.344],[24.3287,39.3435],[24.3284,39.3424],[24.3285,39.3409],[24.3284,39.3399],[24.3278,39.3394],[24.3282,39.3386],[24.3294,39.3375],[24.33,39.3367],[24.3301,39.3362],[24.3296,39.3357],[24.3287,39.3352],[24.3283,39.3346],[24.3285,39.3342],[24.3283,39.3334],[24.3276,39.3323],[24.3276,39.3313],[24.3283,39.3302],[24.3284,39.3294],[24.3278,39.3289],[24.3276,39.3286]],[[24.038,39.3097],[24.037,39.31],[24.0349,39.3106],[24.0336,39.3114],[24.0331,39.3125],[24.0333,39.3135],[24.0344,39.3146],[24.0352,39.3149],[24.0357,39.3144],[24.0367,39.3146],[24.0383,39.3156],[24.0396,39.3161],[24.0406,39.3161],[24.0414,39.3156],[24.0419,39.3146],[24.0419,39.3136],[24.0414,39.3125],[24.0403,39.3114],[24.0388,39.3103],[24.038,39.3097]],[[24.0849,39.2938],[24.0846,39.2939],[24.0841,39.2942],[24.0843,39.2946],[24.0854,39.2952],[24.0857,39.2951],[24.0852,39.2942],[24.0849,39.2938]],[[24.0724,39.2909],[24.0707,39.291],[24.0675,39.2911],[24.0645,39.2924],[24.0618,39.2951],[24.0603,39.2967],[24.06,39.2972],[24.0602,39.2977],[24.0607,39.2982],[24.0607,39.2987],[24.0602,39.2992],[24.0594,39.2995],[24.0583,39.2995],[24.0573,39.2991],[24.0562,39.2984],[24.0544,39.2981],[24.0518,39.2983],[24.0502,39.2987],[24.0498,39.2992],[24.0498,39.2998],[24.0505,39.3003],[24.0503,39.3008],[24.0492,39.3013],[24.0484,39.3021],[24.0477,39.3031],[24.0476,39.3052],[24.0478,39.3083],[24.0489,39.3099],[24.0507,39.3099],[24.0521,39.3102],[24.0531,39.3106],[24.0539,39.3117],[24.0544,39.3133],[24.0555,39.3141],[24.057,39.3141],[24.0583,39.3138],[24.0594,39.3133],[24.0602,39.3135],[24.0607,39.3146],[24.0614,39.3151],[24.0625,39.3151],[24.063,39.3154],[24.0631,39.3159],[24.0621,39.3164],[24.06,39.3169],[24.0584,39.318],[24.0573,39.3195],[24.0563,39.3201],[24.0552,39.3196],[24.0544,39.3198],[24.0539,39.3208],[24.0526,39.3205],[24.0505,39.319],[24.0477,39.3179],[24.044,39.3175],[24.0419,39.3175],[24.0414,39.3179],[24.0411,39.319],[24.0411,39.3206],[24.0406,39.3211],[24.0396,39.3206],[24.0388,39.3206],[24.0383,39.3211],[24.0385,39.3222],[24.0396,39.3237],[24.0405,39.3245],[24.0412,39.3245],[24.0409,39.325],[24.0396,39.3261],[24.039,39.3269],[24.0391,39.3277],[24.0396,39.3283],[24.0406,39.3288],[24.0414,39.3286],[24.0419,39.3276],[24.0425,39.3271],[24.0429,39.327],[24.0435,39.3277],[24.044,39.329],[24.0443,39.3302],[24.0443,39.3313],[24.044,39.3321],[24.0435,39.3326],[24.0427,39.3328],[24.0416,39.3327],[24.0411,39.3335],[24.041,39.3351],[24.0418,39.3364],[24.0435,39.3375],[24.044,39.3385],[24.0433,39.3396],[24.043,39.3406],[24.0431,39.3417],[24.0447,39.3451],[24.0479,39.3509],[24.0515,39.3553],[24.0554,39.3584],[24.0583,39.3615],[24.06,39.3646],[24.063,39.3672],[24.0672,39.3693],[24.0714,39.3707],[24.0755,39.3714],[24.0783,39.3714],[24.0796,39.3707],[24.0806,39.3693],[24.0815,39.3672],[24.0816,39.3659],[24.0811,39.3654],[24.0818,39.3644],[24.0839,39.3631],[24.0849,39.3618],[24.0848,39.3605],[24.0867,39.3596],[24.0904,39.359],[24.0932,39.358],[24.0951,39.3564],[24.0961,39.3544],[24.0962,39.3518],[24.0957,39.3502],[24.0948,39.3498],[24.0943,39.3492],[24.0943,39.3487],[24.0947,39.3484],[24.0957,39.3484],[24.0967,39.3489],[24.0978,39.35],[24.0987,39.3502],[24.0992,39.3498],[24.1,39.3497],[24.1011,39.3502],[24.102,39.3491],[24.1029,39.3466],[24.1031,39.3451],[24.1028,39.3446],[24.1021,39.3444],[24.101,39.3443],[24.101,39.344],[24.1019,39.3435],[24.1021,39.3431],[24.1018,39.3427],[24.1013,39.3425],[24.1008,39.3423],[24.1003,39.3425],[24.0997,39.343],[24.0994,39.343],[24.0991,39.3425],[24.0991,39.3419],[24.0994,39.3414],[24.1,39.341],[24.1011,39.3407],[24.1021,39.3408],[24.1031,39.3413],[24.1039,39.3412],[24.1044,39.3404],[24.1037,39.3388],[24.1017,39.3362],[24.1007,39.3344],[24.1007,39.3333],[24.1012,39.3326],[24.1021,39.3321],[24.1016,39.3301],[24.0995,39.3266],[24.0983,39.3242],[24.0982,39.323],[24.0984,39.3219],[24.099,39.3208],[24.0991,39.32],[24.0986,39.3194],[24.0987,39.3184],[24.0994,39.3168],[24.0997,39.3153],[24.0998,39.3138],[24.0994,39.3123],[24.0988,39.311],[24.0982,39.3102],[24.0977,39.31],[24.0972,39.3102],[24.0966,39.3106],[24.0964,39.3106],[24.0964,39.3102],[24.0968,39.3097],[24.0975,39.3092],[24.0975,39.3079],[24.0965,39.3057],[24.0952,39.3042],[24.0934,39.3031],[24.0917,39.3016],[24.09,39.2995],[24.0874,39.2978],[24.0837,39.2967],[24.0808,39.2954],[24.0789,39.2939],[24.0765,39.2926],[24.0738,39.2915],[24.0724,39.2909]],[[24.0922,39.2899],[24.0913,39.29],[24.0897,39.2901],[24.0885,39.2904],[24.0878,39.2909],[24.0875,39.2916],[24.0877,39.2927],[24.0881,39.2935],[24.0887,39.294],[24.0899,39.2943],[24.0914,39.2943],[24.0925,39.2938],[24.0932,39.2927],[24.0932,39.2916],[24.0925,39.2905],[24.0922,39.2899]],[[24.0932,39.1032],[24.093,39.1031],[24.0925,39.1029],[24.0917,39.103],[24.0908,39.1034],[24.0908,39.1047],[24.0917,39.1068],[24.0927,39.1073],[24.0938,39.1062],[24.094,39.1051],[24.0935,39.1038],[24.0932,39.1032]],[[24.0984,39.097],[24.0976,39.0974],[24.0961,39.0983],[24.0949,39.0994],[24.094,39.1009],[24.094,39.1019],[24.0949,39.1024],[24.0951,39.1031],[24.0945,39.1042],[24.0945,39.1052],[24.0951,39.1063],[24.0961,39.1065],[24.0976,39.106],[24.0987,39.106],[24.0992,39.1065],[24.0997,39.1065],[24.1003,39.106],[24.1003,39.105],[24.0997,39.1037],[24.1005,39.1032],[24.1026,39.1035],[24.1039,39.1039],[24.1044,39.1044],[24.105,39.1044],[24.1057,39.1039],[24.1048,39.1026],[24.1024,39.1005],[24.1013,39.0992],[24.1015,39.0987],[24.1013,39.0981],[24.1008,39.0977],[24.1,39.0973],[24.0989,39.0971],[24.0984,39.097]],[[24.087,39.0775],[24.0863,39.0778],[24.0848,39.0783],[24.0839,39.0799],[24.0836,39.0826],[24.0839,39.0843],[24.0846,39.085],[24.086,39.0854],[24.0881,39.0856],[24.0899,39.0847],[24.0915,39.0828],[24.092,39.0813],[24.0913,39.0802],[24.09,39.0792],[24.088,39.0781],[24.087,39.0775]],[[24.0974,39.0658],[24.0966,39.0657],[24.0951,39.0656],[24.0936,39.0662],[24.0921,39.0675],[24.0915,39.0683],[24.092,39.0686],[24.0922,39.0694],[24.0922,39.0707],[24.093,39.0719],[24.0945,39.0729],[24.0956,39.0739],[24.0961,39.075],[24.0966,39.0752],[24.0972,39.0748],[24.0985,39.0745],[24.1005,39.0745],[24.1021,39.0735],[24.1031,39.0714],[24.1034,39.0701],[24.1029,39.0696],[24.1024,39.0696],[24.1019,39.0701],[24.1013,39.0698],[24.1008,39.0687],[24.0997,39.0687],[24.0982,39.0698],[24.0977,39.0701],[24.0982,39.0696],[24.098,39.069],[24.0973,39.0685],[24.0973,39.0679],[24.098,39.0675],[24.0982,39.0669],[24.0977,39.0662],[24.0974,39.0658]],[[24.1057,39.0516],[24.1054,39.052],[24.105,39.0527],[24.1044,39.053],[24.1039,39.0527],[24.1034,39.0529],[24.1029,39.0534],[24.1026,39.0539],[24.1026,39.0544],[24.1026,39.0544],[24.1026,39.0539],[24.1021,39.0533],[24.101,39.0528],[24.1,39.0533],[24.0989,39.0549],[24.0989,39.0562],[24.1,39.0573],[24.1007,39.0583],[24.1009,39.0594],[24.102,39.0607],[24.1038,39.0622],[24.1058,39.0638],[24.1079,39.0653],[24.1099,39.0664],[24.1119,39.0669],[24.1127,39.0675],[24.1122,39.0679],[24.1115,39.0682],[24.1104,39.0682],[24.1091,39.0692],[24.1076,39.0714],[24.1063,39.0724],[24.1052,39.0724],[24.1042,39.0729],[24.1031,39.074],[24.1029,39.075],[24.1034,39.0761],[24.1034,39.0771],[24.1029,39.0781],[24.1022,39.0789],[24.1013,39.0794],[24.1013,39.08],[24.1022,39.0805],[24.1031,39.0818],[24.1042,39.0839],[24.1042,39.0849],[24.1031,39.0849],[24.1021,39.0844],[24.101,39.0834],[24.1,39.0834],[24.0991,39.0844],[24.0988,39.0867],[24.0993,39.0904],[24.1003,39.0933],[24.1018,39.0956],[24.1037,39.0977],[24.1058,39.0995],[24.1073,39.1008],[24.1084,39.1013],[24.1094,39.1015],[24.1104,39.1012],[24.1112,39.1017],[24.1117,39.103],[24.1125,39.1036],[24.1135,39.1036],[24.1148,39.1041],[24.1164,39.1052],[24.1175,39.1055],[24.118,39.105],[24.1185,39.105],[24.119,39.1055],[24.1196,39.1055],[24.1201,39.105],[24.1201,39.1042],[24.1196,39.1031],[24.1198,39.1018],[24.1209,39.1003],[24.121,39.099],[24.1202,39.0979],[24.1199,39.0972],[24.1202,39.0967],[24.1201,39.0958],[24.1196,39.0946],[24.1204,39.0928],[24.1225,39.0903],[24.1233,39.0875],[24.1227,39.0842],[24.1219,39.0821],[24.1208,39.0812],[24.1198,39.081],[24.1187,39.0815],[24.1187,39.0808],[24.1198,39.0786],[24.1201,39.0773],[24.1196,39.0769],[24.1189,39.0769],[24.1181,39.0773],[24.1175,39.0773],[24.117,39.0769],[24.1172,39.0758],[24.1179,39.0743],[24.1195,39.0743],[24.1221,39.0758],[24.1237,39.0763],[24.1242,39.0758],[24.1242,39.075],[24.1237,39.0739],[24.1245,39.0733],[24.1266,39.0731],[24.1279,39.0734],[24.1283,39.0741],[24.1289,39.0742],[24.1294,39.0737],[24.1293,39.0732],[24.1285,39.0727],[24.1285,39.0722],[24.1293,39.0717],[24.1295,39.0709],[24.1291,39.0698],[24.1291,39.068],[24.1296,39.0654],[24.1291,39.0628],[24.1276,39.0602],[24.1263,39.0583],[24.1251,39.0572],[24.1224,39.0564],[24.1182,39.0559],[24.1158,39.0559],[24.1154,39.0565],[24.1146,39.0568],[24.1135,39.0568],[24.1125,39.0573],[24.1114,39.0584],[24.1104,39.0579],[24.1094,39.0557],[24.1081,39.0547],[24.1065,39.0547],[24.1056,39.0544],[24.1053,39.0539],[24.1056,39.0534],[24.1064,39.0529],[24.1065,39.0523],[24.106,39.0519],[24.1057,39.0516]],[[24.0828,39.0418],[24.0815,39.0419],[24.0789,39.042],[24.0771,39.0426],[24.076,39.0438],[24.0768,39.0453],[24.0794,39.0474],[24.0805,39.0489],[24.0799,39.05],[24.0807,39.052],[24.0829,39.055],[24.0842,39.0558],[24.0847,39.0543],[24.0857,39.0535],[24.0872,39.0532],[24.0881,39.0521],[24.0882,39.0504],[24.0876,39.0482],[24.0863,39.0456],[24.085,39.0437],[24.0835,39.0424],[24.0828,39.0418]],[[24.062,39.0296],[24.0615,39.0296],[24.0604,39.0296],[24.0595,39.0299],[24.0587,39.0304],[24.0581,39.032],[24.0579,39.0346],[24.0585,39.0367],[24.06,39.0383],[24.0616,39.0392],[24.0633,39.0393],[24.0647,39.0391],[24.0657,39.0383],[24.0665,39.037],[24.0668,39.0349],[24.0665,39.0333],[24.0656,39.0321],[24.0643,39.031],[24.0628,39.0301],[24.062,39.0296]],[[24.4724,39.0117],[24.4708,39.0131],[24.4677,39.0158],[24.4661,39.0184],[24.4661,39.0207],[24.4669,39.0218],[24.4685,39.0215],[24.4695,39.0208],[24.4701,39.0196],[24.4706,39.0193],[24.4711,39.02],[24.4716,39.0202],[24.4722,39.0199],[24.473,39.0191],[24.4742,39.0179],[24.4746,39.0169],[24.4742,39.0164],[24.4742,39.0156],[24.4745,39.0146],[24.4741,39.0135],[24.473,39.0123],[24.4724,39.0117]]]}},{"type":"Feature","properties":{"depth":15,"kind":"band"},"geometry":{"type":"MultiPolygon","coordinates":[[[[24.1856,39.4893],[24.1851,39.4897],[24.1843,39.4897],[24.1833,39.4893],[24.1835,39.4891],[24.185,39.4891],[24.1858,39.4891],[24.1858,39.4891],[24.1856,39.4893]]],[[[24.1906,39.432],[24.1903,39.4324],[24.1899,39.4324],[24.1896,39.432],[24.1897,39.4318],[24.1904,39.4318],[24.1907,39.4318],[24.1907,39.4318],[24.1906,39.432]]],[[[24.1915,39.4297],[24.1912,39.4297],[24.1912,39.4297],[24.1915,39.4297],[24.1917,39.4297],[24.1917,39.4297],[24.1915,39.4297]]],[[[24.1903,39.4286],[24.1899,39.4286],[24.1899,39.4286],[24.1903,39.4286],[24.1905,39.4286],[24.1905,39.4286],[24.1903,39.4286]]],[[[24.1786,39.427],[24.1786,39.4277],[24.1784,39.4279],[24.178,39.4277],[24.178,39.4273],[24.1784,39.4269],[24.1786,39.4266],[24.1786,39.4266],[24.1786,39.427]]],[[[24.1716,39.4234],[24.1712,39.4234],[24.1712,39.4234],[24.1716,39.4234],[24.1718,39.4234],[24.1718,39.4234],[24.1716,39.4234]]],[[[24.181,39.4112],[24.1813,39.4117],[24.1812,39.4122],[24.1809,39.4126],[24.1807,39.4121],[24.1807,39.4109],[24.1807,39.4104],[24.1808,39.4107],[24.1808,39.4109],[24.1808,39.4109],[24.181,39.4112]]],[[[24.1898,39.4026],[24.1891,39.4026],[24.1891,39.4026],[24.1898,39.4026],[24.1901,39.4026],[24.1901,39.4026],[24.1898,39.4026]]],[[[24.1878,39.3995],[24.1873,39.3994],[24.1873,39.3994],[24.1878,39.3995],[24.1881,39.3995],[24.1881,39.3995],[24.1878,39.3995]]],[[[24.1701,39.3745],[24.1696,39.3745],[24.1696,39.3745],[24.1701,39.3745],[24.1703,39.3745],[24.1703,39.3745],[24.1701,39.3745]]],[[[24.1687,39.3727],[24.1684,39.3732],[24.1679,39.3733],[24.1675,39.3728],[24.1676,39.3725],[24.1684,39.3724],[24.1688,39.3724],[24.1688,39.3724],[24.1687,39.3727]]],[[[24.154,39.3651],[24.1533,39.3651],[24.1531,39.3648],[24.1534,39.3644],[24.1538,39.3644],[24.1542,39.3648],[24.1544,39.3651],[24.1544,39.3651],[24.154,39.3651]]],[[[24.0807,39.3634],[24.0807,39.3641],[24.0802,39.3644],[24.0791,39.3643],[24.0786,39.3641],[24.0786,39.3637],[24.0791,39.3635],[24.0802,39.3632],[24.0807,39.363],[24.0807,39.363],[24.0807,39.3634]]],[[[24.1638,39.3636],[24.1633,39.3647],[24.163,39.3647],[24.1629,39.3636],[24.1631,39.363],[24.1638,39.363],[24.1641,39.363],[24.1641,39.363],[24.1638,39.3636]]],[[[24.1623,39.3612],[24.1621,39.3619],[24.1621,39.3619],[24.1623,39.3612],[24.1624,39.3609],[24.1624,39.3609],[24.1623,39.3612]]],[[[24.1563,39.3598],[24.1552,39.3595],[24.1552,39.3595],[24.1563,39.3598],[24.1568,39.3599],[24.1568,39.3599],[24.1563,39.3598]]],[[[24.0784,39.3568],[24.0781,39.3568],[24.0781,39.3565],[24.0784,39.356],[24.0786,39.356],[24.0786,39.3565],[24.0786,39.3568],[24.0786,39.3568],[24.0784,39.3568]]],[[[24.0784,39.3558],[24.0778,39.3561],[24.0778,39.3561],[24.0784,39.3558],[24.0786,39.3557],[24.0786,39.3557],[24.0784,39.3558]]],[[[24.334,39.3529],[24.3341,39.3534],[24.3338,39.3542],[24.3332,39.3553],[24.3327,39.3556],[24.3323,39.355],[24.3326,39.3542],[24.3335,39.3531],[24.3339,39.3526],[24.3339,39.3526],[24.334,39.3529]]],[[[24.0949,39.3493],[24.0945,39.349],[24.0945,39.349],[24.0949,39.3493],[24.0951,39.3495],[24.0951,39.3495],[24.0949,39.3493]]],[[[24.1305,39.3477],[24.13,39.3481],[24.1297,39.3481],[24.1297,39.3476],[24.13,39.3473],[24.1305,39.3474],[24.1307,39.3474],[24.1307,39.3474],[24.1305,39.3477]]],[[[24.1402,39.3473],[24.1395,39.3472],[24.1395,39.3472],[24.1402,39.3473],[24.1406,39.3474],[24.1406,39.3474],[24.1402,39.3473]]],[[[24.1011,39.3443],[24.1007,39.3443],[24.1007,39.3443],[24.1011,39.3443],[24.1013,39.3443],[24.1013,39.3443],[24.1011,39.3443]]],[[[24.1,39.3416],[24.0996,39.3427],[24.0995,39.3427],[24.0995,39.3416],[24.0996,39.3411],[24.1,39.3411],[24.1001,39.3411],[24.1001,39.3411],[24.1,39.3416]]],[[[24.1248,39.3417],[24.1253,39.343],[24.1252,39.3433],[24.1246,39.3426],[24.1244,39.3418],[24.1245,39.3409],[24.1245,39.3406],[24.1246,39.341],[24.1246,39.3411],[24.1246,39.3411],[24.1248,39.3417]]],[[[24.1293,39.337],[24.1286,39.337],[24.1286,39.337],[24.1293,39.337],[24.1296,39.337],[24.1296,39.337],[24.1293,39.337]]],[[[24.1278,39.3359],[24.1272,39.3359],[24.1271,39.3358],[24.1274,39.3355],[24.1277,39.3355],[24.128,39.3358],[24.1281,39.3359],[24.1281,39.3359],[24.1278,39.3359]]],[[[24.1438,39.3359],[24.1427,39.3359],[24.1427,39.3357],[24.1438,39.3352],[24.1443,39.3352],[24.1443,39.3357],[24.1443,39.3359],[24.1443,39.3359],[24.1438,39.3359]]],[[[24.3276,39.3362],[24.3276,39.3367],[24.3276,39.3367],[24.3276,39.3362],[24.3276,39.3359],[24.3276,39.3359],[24.3276,39.3362]]],[[[24.32,39.3317],[24.3196,39.3314],[24.3196,39.3314],[24.32,39.3317],[24.3203,39.3318],[24.3203,39.3318],[24.32,39.3317]]],[[[24.0434,39.3291],[24.0438,39.3302],[24.0438,39.3312],[24.0433,39.3323],[24.0428,39.3326],[24.0421,39.3321],[24.0418,39.3313],[24.0418,39.3302],[24.0422,39.3293],[24.0428,39.3284],[24.0432,39.3281],[24.0432,39.3284],[24.0432,39.3286],[24.0432,39.3286],[24.0434,39.3291]]],[[[24.0974,39.3297],[24.0974,39.3318],[24.0974,39.3318],[24.0974,39.3297],[24.0974,39.3286],[24.0974,39.3286],[24.0974,39.3297]]],[[[24.0427,39.3278],[24.0424,39.3283],[24.0422,39.3282],[24.0422,39.3277],[24.0424,39.3275],[24.0427,39.3276],[24.0429,39.3276],[24.0429,39.3276],[24.0427,39.3278]]],[[[24.0968,39.3102],[24.0965,39.3106],[24.0965,39.3106],[24.0968,39.3102],[24.0969,39.3099],[24.0969,39.3099],[24.0968,39.3102]]],[[[24.0592,39.2994],[24.0583,39.2991],[24.0583,39.2991],[24.0592,39.2994],[24.0596,39.2995],[24.0596,39.2995],[24.0592,39.2994]]],[[[24.0817,39.2995],[24.081,39.2995],[24.081,39.2995],[24.0817,39.2995],[24.082,39.2995],[24.082,39.2995],[24.0817,39.2995]]],[[[24.0607,39.2986],[24.0602,39.2991],[24.0598,39.2991],[24.0594,39.2986],[24.0597,39.2984],[24.0605,39.2984],[24.0609,39.2984],[24.0609,39.2984],[24.0607,39.2986]]],[[[24.1216,39.0883],[24.1215,39.089],[24.1215,39.089],[24.1216,39.0883],[24.1216,39.088],[24.1216,39.088],[24.1216,39.0883]]],[[[24.1039,39.0833],[24.1044,39.0844],[24.1042,39.0849],[24.1031,39.0849],[24.1025,39.0844],[24.1022,39.0833],[24.1025,39.0828],[24.1032,39.0828],[24.1036,39.0828],[24.1036,39.0828],[24.1039,39.0833]]],[[[24.0987,39.0818],[24.0982,39.0818],[24.0982,39.0818],[24.0987,39.0818],[24.099,39.0818],[24.099,39.0818],[24.0987,39.0818]]],[[[24.0975,39.0809],[24.0975,39.0812],[24.0974,39.081],[24.0974,39.0801],[24.0975,39.08],[24.0975,39.0805],[24.0976,39.0807],[24.0976,39.0807],[24.0975,39.0809]]],[[[24.1277,39.0675],[24.1279,39.0679],[24.1277,39.0687],[24.127,39.0698],[24.1258,39.0698],[24.1241,39.0687],[24.1232,39.0679],[24.1233,39.0675],[24.1239,39.0674],[24.1249,39.0677],[24.126,39.0677],[24.1271,39.0674],[24.1276,39.0672],[24.1276,39.0672],[24.1277,39.0675]]],[[[24.1184,39.0592],[24.1183,39.0597],[24.1183,39.0597],[24.1184,39.0592],[24.1184,39.0589],[24.1184,39.0589],[24.1184,39.0592]]],[[[24.084,39.0467],[24.084,39.0472],[24.084,39.0472],[24.084,39.0467],[24.0841,39.0464],[24.0841,39.0464],[24.084,39.0467]]],[[[24.4883,39.0008],[24.4881,39.0013],[24.4873,39.0013],[24.486,39.0008],[24.4861,39.0005],[24.4876,39.0005],[24.4884,39.0005],[24.4884,39.0005],[24.4883,39.0008]]],[[[25,39.1182],[25,39.3537],[24.9994,39.4709],[24.9981,39.4698],[24.9969,39.4683],[24.996,39.4662],[24.9942,39.4633],[24.9915,39.4596],[24.9896,39.4574],[24.9885,39.4567],[24.987,39.4566],[24.9849,39.4569],[24.9819,39.4596],[24.978,39.4647],[24.9743,39.4714],[24.9708,39.4797],[24.9685,39.4865],[24.9672,39.4917],[24.9669,39.4998],[24.9674,39.5107],[24.9687,39.5195],[24.971,39.5263],[24.973,39.5313],[24.9747,39.5344],[24.9765,39.5368],[24.9786,39.5383],[24.9804,39.5393],[24.982,39.5396],[24.9839,39.541],[24.986,39.5434],[24.9876,39.5471],[24.9888,39.5522],[24.99,39.5557],[24.991,39.5579],[24.993,39.56],[24.996,39.5623],[24.9981,39.5633],[24.9994,39.5631],[24.9998,39.5633],[24.9995,39.5638],[24.9995,39.5646],[24.9998,39.5656],[24.9999,39.6746],[24.9996,39.8915],[24.7545,40],[24.2644,40],[24.0177,39.9986],[24.0146,39.9957],[24.0118,39.994],[24.0094,39.9935],[24.0076,39.9928],[24.0063,39.992],[24.0057,39.9913],[24.0057,39.9909],[24.006,39.9905],[24.0066,39.9902],[24.0061,39.989],[24.0044,39.9869],[24.0027,39.9853],[24.0009,39.9844],[24.0003,39.9836],[24.0008,39.9831],[24.0008,39.9825],[24.0003,39.9821],[24,39.9813],[24,39.9802],[24.001,39.9787],[24.0029,39.9765],[24.0041,39.9745],[24.0045,39.9724],[24.0046,39.9709],[24.0043,39.9698],[24.0032,39.9685],[24.0011,39.9669],[24,39.7846],[24,39.4216],[24.0008,39.2393],[24.0024,39.2378],[24.0041,39.2347],[24.0059,39.23],[24.0073,39.2276],[24.0084,39.2273],[24.009,39.2268],[24.0092,39.2259],[24.0087,39.225],[24.0074,39.2239],[24.0058,39.2233],[24.0037,39.2234],[24.0025,39.2229],[24.0023,39.2219],[24.0016,39.2211],[24.0006,39.2206],[24.0001,39.1652],[24.0004,39.0551],[24.1205,39],[24.3607,39],[24.4808,39.0014],[24.4811,39.0043],[24.4821,39.006],[24.4838,39.0065],[24.485,39.0075],[24.4856,39.0089],[24.4868,39.0092],[24.4887,39.0083],[24.4895,39.0073],[24.4893,39.0062],[24.4894,39.0052],[24.4899,39.0041],[24.4909,39.0034],[24.4926,39.0029],[24.4931,39.002],[24.4925,39.0007],[24.6192,39.0001],[24.8731,39.0004],[25,39.0005],[25,39.0005],[25,39.1182]],[[24.6576,39.5322],[24.657,39.5326],[24.657,39.5332],[24.6576,39.5341],[24.6581,39.5341],[24.6585,39.5332],[24.6585,39.5326],[24.6581,39.5322],[24.6578,39.532],[24.6578,39.532],[24.6576,39.5322]],[[24.1859,39.4804],[24.1818,39.48],[24.1787,39.4804],[24.1766,39.4817],[24.1747,39.4824],[24.173,39.4827],[24.1726,39.4844],[24.1735,39.4875],[24.1738,39.4899],[24.1735,39.4914],[24.1735,39.4938],[24.1738,39.4968],[24.1747,39.4997],[24.1761,39.5023],[24.1786,39.505],[24.1821,39.5079],[24.1847,39.5091],[24.1862,39.5088],[24.188,39.5078],[24.1901,39.5061],[24.1916,39.5046],[24.1925,39.5033],[24.1932,39.5016],[24.1935,39.4994],[24.1936,39.4978],[24.1933,39.4966],[24.1924,39.496],[24.1909,39.4959],[24.1895,39.4954],[24.1884,39.4947],[24.1878,39.494],[24.1876,39.4935],[24.188,39.493],[24.1889,39.4925],[24.1893,39.4919],[24.1892,39.4912],[24.1884,39.4904],[24.1871,39.4895],[24.1872,39.4875],[24.1887,39.4844],[24.1891,39.4823],[24.1884,39.4812],[24.188,39.4806],[24.188,39.4806],[24.1859,39.4804]],[[24.1731,39.4756],[24.1724,39.4763],[24.1723,39.4766],[24.1728,39.4766],[24.1732,39.4763],[24.1733,39.4756],[24.1734,39.4753],[24.1734,39.4753],[24.1731,39.4756]],[[24.2044,39.4341],[24.2019,39.4346],[24.2005,39.4354],[24.2002,39.4365],[24.2003,39.4373],[24.2006,39.4378],[24.2013,39.4383],[24.2022,39.4388],[24.2034,39.439],[24.2049,39.4388],[24.2061,39.438],[24.207,39.4366],[24.207,39.4354],[24.2061,39.4343],[24.2057,39.4338],[24.2057,39.4338],[24.2044,39.4341]],[[24.1601,39.3564],[24.1586,39.356],[24.1568,39.3564],[24.1547,39.3575],[24.1532,39.3585],[24.1525,39.3594],[24.1525,39.3602],[24.1532,39.3607],[24.1533,39.3612],[24.1526,39.3617],[24.1526,39.3625],[24.1533,39.3636],[24.1534,39.3643],[24.1528,39.3646],[24.1523,39.3645],[24.1518,39.3639],[24.1506,39.3638],[24.1485,39.3642],[24.1469,39.3643],[24.1458,39.364],[24.1451,39.364],[24.1446,39.3645],[24.143,39.3646],[24.1404,39.3644],[24.1388,39.3647],[24.1383,39.3654],[24.137,39.3661],[24.1349,39.3666],[24.1329,39.3678],[24.131,39.3695],[24.1312,39.3714],[24.1337,39.3737],[24.1372,39.3762],[24.142,39.3789],[24.1446,39.3802],[24.1451,39.3802],[24.1466,39.3816],[24.1493,39.3845],[24.1509,39.3867],[24.1513,39.3883],[24.1515,39.3917],[24.1515,39.3969],[24.1522,39.4005],[24.1539,39.4024],[24.1554,39.405],[24.1568,39.4083],[24.1592,39.4109],[24.1625,39.413],[24.1649,39.4151],[24.1665,39.4172],[24.1681,39.4206],[24.1698,39.4253],[24.1712,39.4287],[24.1724,39.4308],[24.1734,39.4322],[24.1741,39.4329],[24.1755,39.4335],[24.1776,39.4342],[24.1804,39.4344],[24.1841,39.4341],[24.1862,39.4337],[24.1867,39.4332],[24.1873,39.4332],[24.1877,39.4338],[24.1888,39.4337],[24.1903,39.4328],[24.1914,39.4324],[24.1919,39.4328],[24.1926,39.4326],[24.1934,39.4321],[24.1937,39.4315],[24.1934,39.431],[24.1919,39.4294],[24.1891,39.4268],[24.1868,39.424],[24.185,39.4209],[24.1832,39.419],[24.1814,39.4185],[24.1804,39.418],[24.1802,39.4175],[24.1803,39.4162],[24.1808,39.414],[24.1818,39.4127],[24.1833,39.4123],[24.1843,39.411],[24.1848,39.4089],[24.1853,39.4076],[24.1859,39.4071],[24.1859,39.4067],[24.1852,39.4064],[24.1848,39.4067],[24.1848,39.4074],[24.1845,39.4078],[24.1841,39.408],[24.1831,39.4079],[24.1815,39.4076],[24.1818,39.4064],[24.1839,39.4045],[24.1857,39.4035],[24.1872,39.4034],[24.1879,39.4037],[24.1879,39.4044],[24.1883,39.405],[24.1892,39.4055],[24.1904,39.4036],[24.1917,39.3995],[24.1923,39.3966],[24.1922,39.3951],[24.1887,39.3896],[24.1819,39.3802],[24.1762,39.3746],[24.1716,39.3728],[24.1692,39.3715],[24.1691,39.3707],[24.1686,39.3699],[24.1676,39.369],[24.1664,39.3688],[24.1649,39.3691],[24.164,39.3685],[24.1639,39.3669],[24.1642,39.3659],[24.1648,39.3654],[24.1649,39.3646],[24.1644,39.3635],[24.1643,39.3628],[24.1646,39.3623],[24.1638,39.3607],[24.1619,39.358],[24.1609,39.3566],[24.1609,39.3566],[24.1601,39.3564]],[[24.1041,39.3354],[24.1052,39.3366],[24.1052,39.3366],[24.1041,39.3354],[24.1036,39.3349],[24.1036,39.3349],[24.1041,39.3354]],[[24.1414,39.3334],[24.1399,39.3334],[24.137,39.3343],[24.1328,39.336],[24.1298,39.3364],[24.1279,39.3354],[24.1257,39.3357],[24.1232,39.3372],[24.1217,39.3383],[24.1212,39.3388],[24.1213,39.3394],[24.1218,39.3399],[24.1221,39.3406],[24.1223,39.3417],[24.1233,39.3433],[24.1254,39.3454],[24.1255,39.3469],[24.1237,39.3479],[24.1227,39.349],[24.1225,39.3501],[24.1219,39.3507],[24.1208,39.3506],[24.1201,39.3501],[24.1196,39.3494],[24.1188,39.3494],[24.1178,39.3501],[24.1178,39.3508],[24.1188,39.3513],[24.119,39.3524],[24.1185,39.3539],[24.1185,39.355],[24.119,39.3556],[24.1201,39.356],[24.1216,39.3563],[24.1229,39.3557],[24.1238,39.3543],[24.1244,39.3531],[24.1245,39.3521],[24.1249,39.3513],[24.1256,39.3508],[24.1259,39.3502],[24.1256,39.3495],[24.1265,39.3501],[24.1287,39.352],[24.1308,39.3525],[24.1329,39.3516],[24.1347,39.3513],[24.1362,39.3517],[24.138,39.3511],[24.1401,39.3494],[24.1412,39.3481],[24.1413,39.347],[24.1418,39.346],[24.1428,39.3452],[24.1435,39.3451],[24.144,39.3457],[24.1446,39.3458],[24.1453,39.3455],[24.1459,39.3445],[24.1466,39.343],[24.1465,39.3419],[24.1457,39.3414],[24.1453,39.3406],[24.1452,39.3396],[24.1456,39.3386],[24.1467,39.3375],[24.1472,39.3367],[24.1471,39.3362],[24.1469,39.3357],[24.1466,39.3352],[24.1456,39.3348],[24.144,39.3347],[24.143,39.3343],[24.1424,39.3337],[24.1422,39.3334],[24.1422,39.3334],[24.1414,39.3334]],[[24.3274,39.3287],[24.3269,39.3294],[24.3256,39.33],[24.3234,39.3305],[24.3219,39.3304],[24.3208,39.3295],[24.32,39.3294],[24.3196,39.3299],[24.3188,39.3301],[24.3177,39.3298],[24.3167,39.3299],[24.3156,39.3302],[24.3149,39.3307],[24.3144,39.3315],[24.3144,39.3321],[24.3149,39.3326],[24.3149,39.3331],[24.3144,39.3336],[24.3138,39.3336],[24.3133,39.3331],[24.3127,39.3331],[24.3122,39.3336],[24.3122,39.3342],[24.3126,39.3346],[24.3121,39.3354],[24.3106,39.3365],[24.3101,39.3383],[24.3106,39.3409],[24.3123,39.3448],[24.3152,39.35],[24.3164,39.3547],[24.3161,39.3588],[24.3165,39.3615],[24.3176,39.3628],[24.3185,39.3645],[24.319,39.3667],[24.3203,39.3686],[24.3224,39.3701],[24.3255,39.3707],[24.3297,39.3706],[24.3321,39.3702],[24.3326,39.3695],[24.3331,39.3694],[24.3336,39.3701],[24.3342,39.3701],[24.3349,39.3696],[24.3352,39.3683],[24.3353,39.3662],[24.335,39.3646],[24.3343,39.3635],[24.3342,39.3628],[24.3347,39.3623],[24.3349,39.3612],[24.3349,39.3597],[24.3353,39.3586],[24.3361,39.3581],[24.3365,39.3557],[24.3366,39.3516],[24.3359,39.349],[24.3346,39.3481],[24.3336,39.3476],[24.3331,39.3476],[24.3326,39.3481],[24.3321,39.349],[24.3315,39.3485],[24.331,39.3464],[24.3311,39.3451],[24.332,39.3446],[24.332,39.3439],[24.3311,39.3432],[24.3305,39.3432],[24.3299,39.3439],[24.3294,39.344],[24.3289,39.3435],[24.3286,39.3424],[24.3286,39.3409],[24.3284,39.3399],[24.328,39.3394],[24.3285,39.3386],[24.3299,39.3375],[24.3306,39.3367],[24.3306,39.3362],[24.3301,39.3357],[24.329,39.3352],[24.3283,39.3339],[24.3278,39.3318],[24.3279,39.3305],[24.3284,39.33],[24.3284,39.3294],[24.3279,39.3287],[24.3276,39.3284],[24.3276,39.3284],[24.3274,39.3287]],[[24.037,39.3099],[24.0349,39.3106],[24.0336,39.3114],[24.0331,39.3125],[24.0333,39.3136],[24.0344,39.3147],[24.0352,39.3151],[24.0357,39.3148],[24.0372,39.315],[24.0398,39.3157],[24.0414,39.3156],[24.0419,39.3146],[24.0419,39.3136],[24.0414,39.3125],[24.0403,39.3114],[24.0388,39.3102],[24.038,39.3096],[24.038,39.3096],[24.037,39.3099]],[[24.0914,39.2895],[24.0899,39.2896],[24.0885,39.29],[24.0873,39.2907],[24.0868,39.2915],[24.0869,39.2924],[24.0867,39.2931],[24.0862,39.2938],[24.0851,39.2938],[24.0836,39.2932],[24.0834,39.2935],[24.0847,39.2947],[24.0852,39.2956],[24.085,39.2961],[24.0841,39.2962],[24.0826,39.2959],[24.081,39.295],[24.0794,39.2936],[24.0776,39.2925],[24.0755,39.2916],[24.0729,39.291],[24.0698,39.2907],[24.067,39.2909],[24.0647,39.2918],[24.0621,39.2937],[24.0592,39.2966],[24.057,39.298],[24.0555,39.2977],[24.0537,39.2978],[24.0516,39.2982],[24.0502,39.2987],[24.0498,39.2992],[24.0497,39.2998],[24.0501,39.3003],[24.0496,39.301],[24.0483,39.3021],[24.0474,39.3044],[24.0471,39.3081],[24.0481,39.3099],[24.0504,39.3099],[24.0521,39.3102],[24.053,39.3106],[24.0534,39.3114],[24.0533,39.3125],[24.0536,39.3133],[24.0544,39.314],[24.056,39.314],[24.0586,39.3133],[24.0602,39.3138],[24.0609,39.3153],[24.0611,39.3164],[24.0608,39.3169],[24.0603,39.3172],[24.0594,39.3172],[24.0584,39.318],[24.0573,39.3195],[24.0563,39.3201],[24.0552,39.3196],[24.0544,39.3197],[24.0539,39.3205],[24.0518,39.32],[24.0482,39.3181],[24.0454,39.3172],[24.0433,39.3172],[24.0419,39.3175],[24.0414,39.3179],[24.041,39.319],[24.041,39.3206],[24.0405,39.321],[24.0395,39.3203],[24.0388,39.3203],[24.0381,39.321],[24.0385,39.3222],[24.04,39.3237],[24.0402,39.325],[24.0391,39.3261],[24.0391,39.3279],[24.0402,39.3305],[24.0408,39.3328],[24.0407,39.3349],[24.0416,39.3364],[24.0434,39.3375],[24.0443,39.3383],[24.0443,39.3388],[24.0439,39.3394],[24.0429,39.3399],[24.0426,39.3406],[24.0427,39.3417],[24.0445,39.3452],[24.0478,39.3511],[24.0514,39.3556],[24.0552,39.3585],[24.0581,39.3615],[24.06,39.3646],[24.063,39.3672],[24.0672,39.3694],[24.0716,39.371],[24.0763,39.3719],[24.0794,39.3713],[24.0808,39.3692],[24.0818,39.3674],[24.0821,39.3659],[24.0832,39.3646],[24.0851,39.3635],[24.0859,39.3625],[24.0858,39.3614],[24.0863,39.3607],[24.0875,39.3603],[24.0885,39.3603],[24.0896,39.3606],[24.0916,39.3597],[24.0947,39.3578],[24.0965,39.3552],[24.0971,39.3519],[24.0977,39.3503],[24.0982,39.3504],[24.0987,39.3503],[24.0992,39.3498],[24.1,39.3501],[24.1011,39.351],[24.1022,39.35],[24.1035,39.3469],[24.1036,39.3445],[24.1026,39.343],[24.1028,39.3422],[24.1041,39.3422],[24.1051,39.3414],[24.1056,39.3399],[24.1056,39.3391],[24.105,39.339],[24.1038,39.3379],[24.1019,39.3359],[24.101,39.3344],[24.101,39.3333],[24.1015,39.3326],[24.1026,39.3321],[24.102,39.33],[24.0998,39.3263],[24.0987,39.324],[24.0986,39.3229],[24.099,39.3222],[24.0997,39.3217],[24.1001,39.3193],[24.1001,39.3151],[24.0992,39.3109],[24.0975,39.3068],[24.0961,39.3044],[24.0952,39.3039],[24.0947,39.3034],[24.0946,39.3029],[24.0942,39.3026],[24.0934,39.3026],[24.093,39.3023],[24.093,39.3019],[24.0923,39.3008],[24.0908,39.2994],[24.0888,39.2981],[24.0862,39.2969],[24.0857,39.2957],[24.0872,39.2944],[24.0888,39.294],[24.0903,39.2946],[24.0915,39.2948],[24.0923,39.2945],[24.0929,39.294],[24.0934,39.2935],[24.0937,39.2927],[24.0938,39.2916],[24.0934,39.2907],[24.0926,39.2899],[24.0922,39.2895],[24.0922,39.2895],[24.0914,39.2895]],[[24.0973,39.0968],[24.0951,39.0979],[24.094,39.0987],[24.0941,39.0992],[24.093,39.1005],[24.0908,39.1026],[24.0901,39.1046],[24.0908,39.1067],[24.0914,39.1078],[24.0919,39.108],[24.0937,39.1075],[24.0966,39.1063],[24.0985,39.106],[24.0991,39.1065],[24.1,39.106],[24.1011,39.1045],[24.1021,39.1037],[24.1031,39.1036],[24.1039,39.1039],[24.1044,39.1045],[24.1052,39.1045],[24.1061,39.1039],[24.1046,39.1018],[24.1005,39.0981],[24.0984,39.0963],[24.0984,39.0963],[24.0973,39.0968]],[[24.0865,39.0771],[24.0854,39.0768],[24.0847,39.0769],[24.0842,39.0774],[24.0836,39.079],[24.0831,39.0815],[24.0831,39.0834],[24.0836,39.0845],[24.0847,39.0854],[24.0862,39.0861],[24.0876,39.0863],[24.0888,39.086],[24.0898,39.0852],[24.0907,39.0839],[24.0914,39.0834],[24.0919,39.0838],[24.0923,39.0835],[24.0926,39.0824],[24.0921,39.0808],[24.0908,39.0789],[24.0893,39.0778],[24.0878,39.0775],[24.087,39.0773],[24.087,39.0773],[24.0865,39.0771]],[[24.1049,39.0521],[24.1034,39.0535],[24.1025,39.0538],[24.1022,39.053],[24.1017,39.0525],[24.1009,39.0523],[24.0999,39.0531],[24.0986,39.0548],[24.0985,39.0565],[24.0996,39.0581],[24.1001,39.0592],[24.1,39.0597],[24.1017,39.0612],[24.1051,39.0639],[24.1078,39.0654],[24.1099,39.0659],[24.1112,39.0664],[24.1117,39.0669],[24.1118,39.0675],[24.1115,39.0679],[24.1106,39.0685],[24.1089,39.069],[24.1078,39.0701],[24.1071,39.0716],[24.1063,39.0724],[24.1052,39.0724],[24.1042,39.0729],[24.1031,39.0738],[24.1026,39.0735],[24.1026,39.0721],[24.1029,39.0711],[24.1034,39.0706],[24.1034,39.07],[24.1029,39.0692],[24.1024,39.0692],[24.1019,39.07],[24.1013,39.0698],[24.1008,39.0687],[24.0997,39.0687],[24.0982,39.0698],[24.0977,39.0701],[24.0982,39.0696],[24.0981,39.069],[24.0976,39.0685],[24.0976,39.0679],[24.0982,39.0675],[24.098,39.0663],[24.0969,39.0645],[24.0961,39.0635],[24.0956,39.0633],[24.0951,39.0637],[24.0947,39.0646],[24.0941,39.0651],[24.0932,39.0651],[24.0929,39.0656],[24.0931,39.0667],[24.0924,39.0672],[24.0909,39.067],[24.09,39.0673],[24.0899,39.0679],[24.0904,39.0686],[24.0916,39.0693],[24.0921,39.0701],[24.0919,39.071],[24.0927,39.0719],[24.0944,39.0729],[24.0953,39.0739],[24.0953,39.0749],[24.0969,39.0754],[24.1,39.0753],[24.1021,39.0756],[24.1031,39.0763],[24.1031,39.0769],[24.1021,39.0775],[24.1013,39.0776],[24.1008,39.0773],[24.1001,39.0775],[24.0994,39.0782],[24.0991,39.0791],[24.0994,39.08],[24.099,39.0803],[24.0979,39.0799],[24.0974,39.0791],[24.0974,39.0778],[24.0974,39.0778],[24.0974,39.0791],[24.0971,39.08],[24.0965,39.0805],[24.0967,39.0812],[24.0976,39.0823],[24.0981,39.0839],[24.098,39.086],[24.0984,39.0873],[24.0991,39.0878],[24.0992,39.0885],[24.0987,39.0896],[24.0989,39.0919],[24.1,39.0956],[24.1008,39.0971],[24.1013,39.0964],[24.1032,39.0977],[24.1063,39.1009],[24.1084,39.1023],[24.1096,39.1018],[24.1107,39.1022],[24.1116,39.1035],[24.1133,39.1045],[24.1159,39.1053],[24.1175,39.1055],[24.118,39.105],[24.1185,39.105],[24.119,39.1055],[24.1196,39.1055],[24.1201,39.105],[24.1201,39.1042],[24.1196,39.1032],[24.1198,39.1019],[24.1209,39.1003],[24.1209,39.0983],[24.1198,39.0958],[24.1196,39.094],[24.1201,39.0928],[24.1211,39.0918],[24.1226,39.091],[24.1235,39.0902],[24.1238,39.0895],[24.1235,39.0873],[24.1226,39.0836],[24.122,39.0816],[24.1216,39.0811],[24.1209,39.0808],[24.1198,39.0807],[24.119,39.081],[24.1185,39.0815],[24.1187,39.0808],[24.1198,39.0786],[24.1201,39.0773],[24.1196,39.0767],[24.119,39.0767],[24.1183,39.0773],[24.1178,39.0773],[24.1174,39.0766],[24.1175,39.0758],[24.118,39.0747],[24.1193,39.0745],[24.1214,39.0751],[24.1227,39.0759],[24.1232,39.0768],[24.1238,39.0768],[24.1245,39.0759],[24.1245,39.0751],[24.1238,39.0744],[24.1245,39.0738],[24.1266,39.0735],[24.1279,39.0736],[24.1283,39.0742],[24.1289,39.0742],[24.1294,39.0737],[24.1294,39.0732],[24.1287,39.0727],[24.1288,39.0722],[24.1295,39.0717],[24.13,39.0696],[24.13,39.0659],[24.1294,39.0628],[24.1281,39.0602],[24.1267,39.0582],[24.1252,39.0569],[24.1224,39.0559],[24.1182,39.0555],[24.1158,39.0556],[24.1154,39.0564],[24.1146,39.0568],[24.1135,39.0568],[24.1125,39.0573],[24.1114,39.0584],[24.1104,39.0579],[24.1094,39.0557],[24.1081,39.0547],[24.1065,39.0547],[24.1056,39.0544],[24.1055,39.0539],[24.1058,39.0534],[24.1065,39.0529],[24.1065,39.0523],[24.106,39.0517],[24.1057,39.0514],[24.1057,39.0514],[24.1049,39.0521]],[[24.0834,39.0419],[24.0823,39.0415],[24.0808,39.0414],[24.0787,39.0417],[24.0771,39.0424],[24.076,39.0437],[24.0758,39.0448],[24.0765,39.0459],[24.0777,39.0469],[24.0795,39.0479],[24.0801,39.0489],[24.0796,39.05],[24.0807,39.0526],[24.0834,39.0568],[24.0846,39.0594],[24.0842,39.0604],[24.0842,39.0612],[24.0847,39.0617],[24.0849,39.0598],[24.0849,39.0557],[24.0854,39.0538],[24.0865,39.0543],[24.0875,39.0544],[24.0886,39.0542],[24.0891,39.0532],[24.0891,39.0514],[24.0884,39.049],[24.087,39.0459],[24.0857,39.0438],[24.0845,39.0426],[24.0839,39.0421],[24.0839,39.0421],[24.0834,39.0419]],[[24.0615,39.0293],[24.0604,39.0293],[24.0594,39.0296],[24.0584,39.0304],[24.0578,39.032],[24.0576,39.0346],[24.0581,39.0367],[24.0594,39.0383],[24.0611,39.0392],[24.0631,39.0395],[24.0647,39.0392],[24.066,39.0384],[24.0668,39.037],[24.0671,39.0349],[24.0667,39.0332],[24.0656,39.0318],[24.0643,39.0307],[24.0628,39.0298],[24.062,39.0293],[24.062,39.0293],[24.0615,39.0293]],[[24.4711,39.0112],[24.4706,39.0131],[24.4692,39.0149],[24.467,39.0164],[24.4658,39.0183],[24.4655,39.0204],[24.4655,39.0217],[24.4659,39.0222],[24.4669,39.0224],[24.4685,39.0221],[24.4695,39.0213],[24.4701,39.0202],[24.4706,39.0199],[24.4711,39.0207],[24.4722,39.0207],[24.4737,39.0199],[24.4747,39.0193],[24.4753,39.0186],[24.4754,39.0174],[24.4753,39.0159],[24.4754,39.0148],[24.4757,39.0144],[24.4748,39.0131],[24.4725,39.0112],[24.4714,39.0102],[24.4714,39.0102],[24.4711,39.0112]]]]}},{"type":"Feature","properties":{"depth":15,"kind":"isobath"},"geometry":{"type":"MultiLineString","coordinates":[[[24.1858,39.4891],[24.1856,39.4893],[24.1851,39.4897],[24.1843,39.4897],[24.1833,39.4893],[24.1835,39.4891],[24.185,39.4891],[24.1858,39.4891]],[[24.1907,39.4318],[24.1906,39.432],[24.1903,39.4324],[24.1899,39.4324],[24.1896,39.432],[24.1897,39.4318],[24.1904,39.4318],[24.1907,39.4318]],[[24.1917,39.4297],[24.1915,39.4297],[24.1912,39.4297],[24.1912,39.4297],[24.1915,39.4297],[24.1917,39.4297]],[[24.1905,39.4286],[24.1903,39.4286],[24.1899,39.4286],[24.1899,39.4286],[24.1903,39.4286],[24.1905,39.4286]],[[24.1786,39.4266],[24.1786,39.427],[24.1786,39.4277],[24.1784,39.4279],[24.178,39.4277],[24.178,39.4273],[24.1784,39.4269],[24.1786,39.4266]],[[24.1718,39.4234],[24.1716,39.4234],[24.1712,39.4234],[24.1712,39.4234],[24.1716,39.4234],[24.1718,39.4234]],[[24.1808,39.4109],[24.181,39.4112],[24.1813,39.4117],[24.1812,39.4122],[24.1809,39.4126],[24.1807,39.4121],[24.1807,39.4109],[24.1807,39.4104],[24.1808,39.4107],[24.1808,39.4109]],[[24.1901,39.4026],[24.1898,39.4026],[24.1891,39.4026],[24.1891,39.4026],[24.1898,39.4026],[24.1901,39.4026]],[[24.1881,39.3995],[24.1878,39.3995],[24.1873,39.3994],[24.1873,39.3994],[24.1878,39.3995],[24.1881,39.3995]],[[24.1703,39.3745],[24.1701,39.3745],[24.1696,39.3745],[24.1696,39.3745],[24.1701,39.3745],[24.1703,39.3745]],[[24.1688,39.3724],[24.1687,39.3727],[24.1684,39.3732],[24.1679,39.3733],[24.1675,39.3728],[24.1676,39.3725],[24.1684,39.3724],[24.1688,39.3724]],[[24.1544,39.3651],[24.154,39.3651],[24.1533,39.3651],[24.1531,39.3648],[24.1534,39.3644],[24.1538,39.3644],[24.1542,39.3648],[24.1544,39.3651]],[[24.0807,39.363],[24.0807,39.3634],[24.0807,39.3641],[24.0802,39.3644],[24.0791,39.3643],[24.0786,39.3641],[24.0786,39.3637],[24.0791,39.3635],[24.0802,39.3632],[24.0807,39.363]],[[24.1641,39.363],[24.1638,39.3636],[24.1633,39.3647],[24.163,39.3647],[24.1629,39.3636],[24.1631,39.363],[24.1638,39.363],[24.1641,39.363]],[[24.1624,39.3609],[24.1623,39.3612],[24.1621,39.3619],[24.1621,39.3619],[24.1623,39.3612],[24.1624,39.3609]],[[24.1568,39.3599],[24.1563,39.3598],[24.1552,39.3595],[24.1552,39.3595],[24.1563,39.3598],[24.1568,39.3599]],[[24.0786,39.3568],[24.0784,39.3568],[24.0781,39.3568],[24.0781,39.3565],[24.0784,39.356],[24.0786,39.356],[24.0786,39.3565],[24.0786,39.3568]],[[24.0786,39.3557],[24.0784,39.3558],[24.0778,39.3561],[24.0778,39.3561],[24.0784,39.3558],[24.0786,39.3557]],[[24.3339,39.3526],[24.334,39.3529],[24.3341,39.3534],[24.3338,39.3542],[24.3332,39.3553],[24.3327,39.3556],[24.3323,39.355],[24.3326,39.3542],[24.3335,39.3531],[24.3339,39.3526]],[[24.0951,39.3495],[24.0949,39.3493],[24.0945,39.349],[24.0945,39.349],[24.0949,39.3493],[24.0951,39.3495]],[[24.1307,39.3474],[24.1305,39.3477],[24.13,39.3481],[24.1297,39.3481],[24.1297,39.3476],[24.13,39.3473],[24.1305,39.3474],[24.1307,39.3474]],[[24.1406,39.3474],[24.1402,39.3473],[24.1395,39.3472],[24.1395,39.3472],[24.1402,39.3473],[24.1406,39.3474]],[[24.1013,39.3443],[24.1011,39.3443],[24.1007,39.3443],[24.1007,39.3443],[24.1011,39.3443],[24.1013,39.3443]],[[24.1001,39.3411],[24.1,39.3416],[24.0996,39.3427],[24.0995,39.3427],[24.0995,39.3416],[24.0996,39.3411],[24.1,39.3411],[24.1001,39.3411]],[[24.1246,39.3411],[24.1248,39.3417],[24.1253,39.343],[24.1252,39.3433],[24.1246,39.3426],[24.1244,39.3418],[24.1245,39.3409],[24.1245,39.3406],[24.1246,39.341],[24.1246,39.3411]],[[24.1296,39.337],[24.1293,39.337],[24.1286,39.337],[24.1286,39.337],[24.1293,39.337],[24.1296,39.337]],[[24.1281,39.3359],[24.1278,39.3359],[24.1272,39.3359],[24.1271,39.3358],[24.1274,39.3355],[24.1277,39.3355],[24.128,39.3358],[24.1281,39.3359]],[[24.1443,39.3359],[24.1438,39.3359],[24.1427,39.3359],[24.1427,39.3357],[24.1438,39.3352],[24.1443,39.3352],[24.1443,39.3357],[24.1443,39.3359]],[[24.3276,39.3359],[24.3276,39.3362],[24.3276,39.3367],[24.3276,39.3367],[24.3276,39.3362],[24.3276,39.3359]],[[24.3203,39.3318],[24.32,39.3317],[24.3196,39.3314],[24.3196,39.3314],[24.32,39.3317],[24.3203,39.3318]],[[24.0432,39.3286],[24.0434,39.3291],[24.0438,39.3302],[24.0438,39.3312],[24.0433,39.3323],[24.0428,39.3326],[24.0421,39.3321],[24.0418,39.3313],[24.0418,39.3302],[24.0422,39.3293],[24.0428,39.3284],[24.0432,39.3281],[24.0432,39.3284],[24.0432,39.3286]],[[24.0974,39.3286],[24.0974,39.3297],[24.0974,39.3318],[24.0974,39.3318],[24.0974,39.3297],[24.0974,39.3286]],[[24.0429,39.3276],[24.0427,39.3278],[24.0424,39.3283],[24.0422,39.3282],[24.0422,39.3277],[24.0424,39.3275],[24.0427,39.3276],[24.0429,39.3276]],[[24.0969,39.3099],[24.0968,39.3102],[24.0965,39.3106],[24.0965,39.3106],[24.0968,39.3102],[24.0969,39.3099]],[[24.0596,39.2995],[24.0592,39.2994],[24.0583,39.2991],[24.0583,39.2991],[24.0592,39.2994],[24.0596,39.2995]],[[24.082,39.2995],[24.0817,39.2995],[24.081,39.2995],[24.081,39.2995],[24.0817,39.2995],[24.082,39.2995]],[[24.0609,39.2984],[24.0607,39.2986],[24.0602,39.2991],[24.0598,39.2991],[24.0594,39.2986],[24.0597,39.2984],[24.0605,39.2984],[24.0609,39.2984]],[[24.1216,39.088],[24.1216,39.0883],[24.1215,39.089],[24.1215,39.089],[24.1216,39.0883],[24.1216,39.088]],[[24.1036,39.0828],[24.1039,39.0833],[24.1044,39.0844],[24.1042,39.0849],[24.1031,39.0849],[24.1025,39.0844],[24.1022,39.0833],[24.1025,39.0828],[24.1032,39.0828],[24.1036,39.0828]],[[24.099,39.0818],[24.0987,39.0818],[24.0982,39.0818],[24.0982,39.0818],[24.0987,39.0818],[24.099,39.0818]],[[24.0976,39.0807],[24.0975,39.0809],[24.0975,39.0812],[24.0974,39.081],[24.0974,39.0801],[24.0975,39.08],[24.0975,39.0805],[24.0976,39.0807]],[[24.1276,39.0672],[24.1277,39.0675],[24.1279,39.0679],[24.1277,39.0687],[24.127,39.0698],[24.1258,39.0698],[24.1241,39.0687],[24.1232,39.0679],[24.1233,39.0675],[24.1239,39.0674],[24.1249,39.0677],[24.126,39.0677],[24.1271,39.0674],[24.1276,39.0672]],[[24.1184,39.0589],[24.1184,39.0592],[24.1183,39.0597],[24.1183,39.0597],[24.1184,39.0592],[24.1184,39.0589]],[[24.0841,39.0464],[24.084,39.0467],[24.084,39.0472],[24.084,39.0472],[24.084,39.0467],[24.0841,39.0464]],[[24.4884,39.0005],[24.4883,39.0008],[24.4881,39.0013],[24.4873,39.0013],[24.486,39.0008],[24.4861,39.0005],[24.4876,39.0005],[24.4884,39.0005]],[[24.9974,39.4693],[24.9969,39.4683],[24.996,39.4662],[24.9942,39.4633],[24.9915,39.4596],[24.9896,39.4574],[24.9885,39.4567],[24.987,39.4566],[24.9849,39.4569],[24.9819,39.4596],[24.978,39.4647],[24.9743,39.4714],[24.9708,39.4797],[24.9685,39.4865],[24.9672,39.4917],[24.9669,39.4998],[24.9674,39.5107],[24.9687,39.5195],[24.971,39.5263],[24.973,39.5313],[24.9747,39.5344],[24.9765,39.5368],[24.9786,39.5383],[24.9804,39.5393],[24.982,39.5396],[24.9839,39.541],[24.986,39.5434],[24.9876,39.5471],[24.9888,39.5522],[24.99,39.5557],[24.991,39.5579],[24.993,39.56],[24.996,39.5623],[24.9974,39.5634]],[[24.013,39.9942],[24.0118,39.994],[24.0094,39.9935],[24.0076,39.9928],[24.0063,39.992],[24.0057,39.9913],[24.0057,39.9909],[24.006,39.9905],[24.0066,39.9902],[24.0061,39.989],[24.0044,39.9869],[24.0036,39.9858]],[[24.0039,39.9755],[24.0041,39.9745],[24.0045,39.9724],[24.0046,39.9709],[24.0043,39.9698],[24.0042,39.9693]],[[24.0032,39.237],[24.0041,39.2347],[24.0059,39.23],[24.0073,39.2276],[24.0084,39.2273],[24.009,39.2268],[24.0092,39.2259],[24.0087,39.225],[24.0074,39.2239],[24.0058,39.2233],[24.0037,39.2234],[24.0025,39.2229],[24.0023,39.2219],[24.0022,39.2214]],[[24.4812,39.0057],[24.4821,39.006],[24.4838,39.0065],[24.485,39.0075],[24.4856,39.0089],[24.4868,39.0092],[24.4887,39.0083],[24.4895,39.0073],[24.4893,39.0062],[24.4894,39.0052],[24.4899,39.0041],[24.4909,39.0034],[24.4926,39.0029],[24.4934,39.0026]],[[24.6578,39.532],[24.6576,39.5322],[24.657,39.5326],[24.657,39.5332],[24.6576,39.5341],[24.6581,39.5341],[24.6585,39.5332],[24.6585,39.5326],[24.6581,39.5322],[24.6578,39.532]],[[24.188,39.4806],[24.1859,39.4804],[24.1818,39.48],[24.1787,39.4804],[24.1766,39.4817],[24.1747,39.4824],[24.173,39.4827],[24.1726,39.4844],[24.1735,39.4875],[24.1738,39.4899],[24.1735,39.4914],[24.1735,39.4938],[24.1738,39.4968],[24.1747,39.4997],[24.1761,39.5023],[24.1786,39.505],[24.1821,39.5079],[24.1847,39.5091],[24.1862,39.5088],[24.188,39.5078],[24.1901,39.5061],[24.1916,39.5046],[24.1925,39.5033],[24.1932,39.5016],[24.1935,39.4994],[24.1936,39.4978],[24.1933,39.4966],[24.1924,39.496],[24.1909,39.4959],[24.1895,39.4954],[24.1884,39.4947],[24.1878,39.494],[24.1876,39.4935],[24.188,39.493],[24.1889,39.4925],[24.1893,39.4919],[24.1892,39.4912],[24.1884,39.4904],[24.1871,39.4895],[24.1872,39.4875],[24.1887,39.4844],[24.1891,39.4823],[24.1884,39.4812],[24.188,39.4806]],[[24.1734,39.4753],[24.1731,39.4756],[24.1724,39.4763],[24.1723,39.4766],[24.1728,39.4766],[24.1732,39.4763],[24.1733,39.4756],[24.1734,39.4753]],[[24.2057,39.4338],[24.2044,39.4341],[24.2019,39.4346],[24.2005,39.4354],[24.2002,39.4365],[24.2003,39.4373],[24.2006,39.4378],[24.2013,39.4383],[24.2022,39.4388],[24.2034,39.439],[24.2049,39.4388],[24.2061,39.438],[24.207,39.4366],[24.207,39.4354],[24.2061,39.4343],[24.2057,39.4338]],[[24.1609,39.3566],[24.1601,39.3564],[24.1586,39.356],[24.1568,39.3564],[24.1547,39.3575],[24.1532,39.3585],[24.1525,39.3594],[24.1525,39.3602],[24.1532,39.3607],[24.1533,39.3612],[24.1526,39.3617],[24.1526,39.3625],[24.1533,39.3636],[24.1534,39.3643],[24.1528,39.3646],[24.1523,39.3645],[24.1518,39.3639],[24.1506,39.3638],[24.1485,39.3642],[24.1469,39.3643],[24.1458,39.364],[24.1451,39.364],[24.1446,39.3645],[24.143,39.3646],[24.1404,39.3644],[24.1388,39.3647],[24.1383,39.3654],[24.137,39.3661],[24.1349,39.3666],[24.1329,39.3678],[24.131,39.3695],[24.1312,39.3714],[24.1337,39.3737],[24.1372,39.3762],[24.142,39.3789],[24.1446,39.3802],[24.1451,39.3802],[24.1466,39.3816],[24.1493,39.3845],[24.1509,39.3867],[24.1513,39.3883],[24.1515,39.3917],[24.1515,39.3969],[24.1522,39.4005],[24.1539,39.4024],[24.1554,39.405],[24.1568,39.4083],[24.1592,39.4109],[24.1625,39.413],[24.1649,39.4151],[24.1665,39.4172],[24.1681,39.4206],[24.1698,39.4253],[24.1712,39.4287],[24.1724,39.4308],[24.1734,39.4322],[24.1741,39.4329],[24.1755,39.4335],[24.1776,39.4342],[24.1804,39.4344],[24.1841,39.4341],[24.1862,39.4337],[24.1867,39.4332],[24.1873,39.4332],[24.1877,39.4338],[24.1888,39.4337],[24.1903,39.4328],[24.1914,39.4324],[24.1919,39.4328],[24.1926,39.4326],[24.1934,39.4321],[24.1937,39.4315],[24.1934,39.431],[24.1919,39.4294],[24.1891,39.4268],[24.1868,39.424],[24.185,39.4209],[24.1832,39.419],[24.1814,39.4185],[24.1804,39.418],[24.1802,39.4175],[24.1803,39.4162],[24.1808,39.414],[24.1818,39.4127],[24.1833,39.4123],[24.1843,39.411],[24.1848,39.4089],[24.1853,39.4076],[24.1859,39.4071],[24.1859,39.4067],[24.1852,39.4064],[24.1848,39.4067],[24.1848,39.4074],[24.1845,39.4078],[24.1841,39.408],[24.1831,39.4079],[24.1815,39.4076],[24.1818,39.4064],[24.1839,39.4045],[24.1857,39.4035],[24.1872,39.4034],[24.1879,39.4037],[24.1879,39.4044],[24.1883,39.405],[24.1892,39.4055],[24.1904,39.4036],[24.1917,39.3995],[24.1923,39.3966],[24.1922,39.3951],[24.1887,39.3896],[24.1819,39.3802],[24.1762,39.3746],[24.1716,39.3728],[24.1692,39.3715],[24.1691,39.3707],[24.1686,39.3699],[24.1676,39.369],[24.1664,39.3688],[24.1649,39.3691],[24.164,39.3685],[24.1639,39.3669],[24.1642,39.3659],[24.1648,39.3654],[24.1649,39.3646],[24.1644,39.3635],[24.1643,39.3628],[24.1646,39.3623],[24.1638,39.3607],[24.1619,39.358],[24.1609,39.3566]],[[24.1036,39.3349],[24.1041,39.3354],[24.1052,39.3366],[24.1052,39.3366],[24.1041,39.3354],[24.1036,39.3349]],[[24.1422,39.3334],[24.1414,39.3334],[24.1399,39.3334],[24.137,39.3343],[24.1328,39.336],[24.1298,39.3364],[24.1279,39.3354],[24.1257,39.3357],[24.1232,39.3372],[24.1217,39.3383],[24.1212,39.3388],[24.1213,39.3394],[24.1218,39.3399],[24.1221,39.3406],[24.1223,39.3417],[24.1233,39.3433],[24.1254,39.3454],[24.1255,39.3469],[24.1237,39.3479],[24.1227,39.349],[24.1225,39.3501],[24.1219,39.3507],[24.1208,39.3506],[24.1201,39.3501],[24.1196,39.3494],[24.1188,39.3494],[24.1178,39.3501],[24.1178,39.3508],[24.1188,39.3513],[24.119,39.3524],[24.1185,39.3539],[24.1185,39.355],[24.119,39.3556],[24.1201,39.356],[24.1216,39.3563],[24.1229,39.3557],[24.1238,39.3543],[24.1244,39.3531],[24.1245,39.3521],[24.1249,39.3513],[24.1256,39.3508],[24.1259,39.3502],[24.1256,39.3495],[24.1265,39.3501],[24.1287,39.352],[24.1308,39.3525],[24.1329,39.3516],[24.1347,39.3513],[24.1362,39.3517],[24.138,39.3511],[24.1401,39.3494],[24.1412,39.3481],[24.1413,39.347],[24.1418,39.346],[24.1428,39.3452],[24.1435,39.3451],[24.144,39.3457],[24.1446,39.3458],[24.1453,39.3455],[24.1459,39.3445],[24.1466,39.343],[24.1465,39.3419],[24.1457,39.3414],[24.1453,39.3406],[24.1452,39.3396],[24.1456,39.3386],[24.1467,39.3375],[24.1472,39.3367],[24.1471,39.3362],[24.1469,39.3357],[24.1466,39.3352],[24.1456,39.3348],[24.144,39.3347],[24.143,39.3343],[24.1424,39.3337],[24.1422,39.3334]],[[24.3276,39.3284],[24.3274,39.3287],[24.3269,39.3294],[24.3256,39.33],[24.3234,39.3305],[24.3219,39.3304],[24.3208,39.3295],[24.32,39.3294],[24.3196,39.3299],[24.3188,39.3301],[24.3177,39.3298],[24.3167,39.3299],[24.3156,39.3302],[24.3149,39.3307],[24.3144,39.3315],[24.3144,39.3321],[24.3149,39.3326],[24.3149,39.3331],[24.3144,39.3336],[24.3138,39.3336],[24.3133,39.3331],[24.3127,39.3331],[24.3122,39.3336],[24.3122,39.3342],[24.3126,39.3346],[24.3121,39.3354],[24.3106,39.3365],[24.3101,39.3383],[24.3106,39.3409],[24.3123,39.3448],[24.3152,39.35],[24.3164,39.3547],[24.3161,39.3588],[24.3165,39.3615],[24.3176,39.3628],[24.3185,39.3645],[24.319,39.3667],[24.3203,39.3686],[24.3224,39.3701],[24.3255,39.3707],[24.3297,39.3706],[24.3321,39.3702],[24.3326,39.3695],[24.3331,39.3694],[24.3336,39.3701],[24.3342,39.3701],[24.3349,39.3696],[24.3352,39.3683],[24.3353,39.3662],[24.335,39.3646],[24.3343,39.3635],[24.3342,39.3628],[24.3347,39.3623],[24.3349,39.3612],[24.3349,39.3597],[24.3353,39.3586],[24.3361,39.3581],[24.3365,39.3557],[24.3366,39.3516],[24.3359,39.349],[24.3346,39.3481],[24.3336,39.3476],[24.3331,39.3476],[24.3326,39.3481],[24.3321,39.349],[24.3315,39.3485],[24.331,39.3464],[24.3311,39.3451],[24.332,39.3446],[24.332,39.3439],[24.3311,39.3432],[24.3305,39.3432],[24.3299,39.3439],[24.3294,39.344],[24.3289,39.3435],[24.3286,39.3424],[24.3286,39.3409],[24.3284,39.3399],[24.328,39.3394],[24.3285,39.3386],[24.3299,39.3375],[24.3306,39.3367],[24.3306,39.3362],[24.3301,39.3357],[24.329,39.3352],[24.3283,39.3339],[24.3278,39.3318],[24.3279,39.3305],[24.3284,39.33],[24.3284,39.3294],[24.3279,39.3287],[24.3276,39.3284]],[[24.038,39.3096],[24.037,39.3099],[24.0349,39.3106],[24.0336,39.3114],[24.0331,39.3125],[24.0333,39.3136],[24.0344,39.3147],[24.0352,39.3151],[24.0357,39.3148],[24.0372,39.315],[24.0398,39.3157],[24.0414,39.3156],[24.0419,39.3146],[24.0419,39.3136],[24.0414,39.3125],[24.0403,39.3114],[24.0388,39.3102],[24.038,39.3096]],[[24.0922,39.2895],[24.0914,39.2895],[24.0899,39.2896],[24.0885,39.29],[24.0873,39.2907],[24.0868,39.2915],[24.0869,39.2924],[24.0867,39.2931],[24.0862,39.2938],[24.0851,39.2938],[24.0836,39.2932],[24.0834,39.2935],[24.0847,39.2947],[24.0852,39.2956],[24.085,39.2961],[24.0841,39.2962],[24.0826,39.2959],[24.081,39.295],[24.0794,39.2936],[24.0776,39.2925],[24.0755,39.2916],[24.0729,39.291],[24.0698,39.2907],[24.067,39.2909],[24.0647,39.2918],[24.0621,39.2937],[24.0592,39.2966],[24.057,39.298],[24.0555,39.2977],[24.0537,39.2978],[24.0516,39.2982],[24.0502,39.2987],[24.0498,39.2992],[24.0497,39.2998],[24.0501,39.3003],[24.0496,39.301],[24.0483,39.3021],[24.0474,39.3044],[24.0471,39.3081],[24.0481,39.3099],[24.0504,39.3099],[24.0521,39.3102],[24.053,39.3106],[24.0534,39.3114],[24.0533,39.3125],[24.0536,39.3133],[24.0544,39.314],[24.056,39.314],[24.0586,39.3133],[24.0602,39.3138],[24.0609,39.3153],[24.0611,39.3164],[24.0608,39.3169],[24.0603,39.3172],[24.0594,39.3172],[24.0584,39.318],[24.0573,39.3195],[24.0563,39.3201],[24.0552,39.3196],[24.0544,39.3197],[24.0539,39.3205],[24.0518,39.32],[24.0482,39.3181],[24.0454,39.3172],[24.0433,39.3172],[24.0419,39.3175],[24.0414,39.3179],[24.041,39.319],[24.041,39.3206],[24.0405,39.321],[24.0395,39.3203],[24.0388,39.3203],[24.0381,39.321],[24.0385,39.3222],[24.04,39.3237],[24.0402,39.325],[24.0391,39.3261],[24.0391,39.3279],[24.0402,39.3305],[24.0408,39.3328],[24.0407,39.3349],[24.0416,39.3364],[24.0434,39.3375],[24.0443,39.3383],[24.0443,39.3388],[24.0439,39.3394],[24.0429,39.3399],[24.0426,39.3406],[24.0427,39.3417],[24.0445,39.3452],[24.0478,39.3511],[24.0514,39.3556],[24.0552,39.3585],[24.0581,39.3615],[24.06,39.3646],[24.063,39.3672],[24.0672,39.3694],[24.0716,39.371],[24.0763,39.3719],[24.0794,39.3713],[24.0808,39.3692],[24.0818,39.3674],[24.0821,39.3659],[24.0832,39.3646],[24.0851,39.3635],[24.0859,39.3625],[24.0858,39.3614],[24.0863,39.3607],[24.0875,39.3603],[24.0885,39.3603],[24.0896,39.3606],[24.0916,39.3597],[24.0947,39.3578],[24.0965,39.3552],[24.0971,39.3519],[24.0977,39.3503],[24.0982,39.3504],[24.0987,39.3503],[24.0992,39.3498],[24.1,39.3501],[24.1011,39.351],[24.1022,39.35],[24.1035,39.3469],[24.1036,39.3445],[24.1026,39.343],[24.1028,39.3422],[24.1041,39.3422],[24.1051,39.3414],[24.1056,39.3399],[24.1056,39.3391],[24.105,39.339],[24.1038,39.3379],[24.1019,39.3359],[24.101,39.3344],[24.101,39.3333],[24.1015,39.3326],[24.1026,39.3321],[24.102,39.33],[24.0998,39.3263],[24.0987,39.324],[24.0986,39.3229],[24.099,39.3222],[24.0997,39.3217],[24.1001,39.3193],[24.1001,39.3151],[24.0992,39.3109],[24.0975,39.3068],[24.0961,39.3044],[24.0952,39.3039],[24.0947,39.3034],[24.0946,39.3029],[24.0942,39.3026],[24.0934,39.3026],[24.093,39.3023],[24.093,39.3019],[24.0923,39.3008],[24.0908,39.2994],[24.0888,39.2981],[24.0862,39.2969],[24.0857,39.2957],[24.0872,39.2944],[24.0888,39.294],[24.0903,39.2946],[24.0915,39.2948],[24.0923,39.2945],[24.0929,39.294],[24.0934,39.2935],[24.0937,39.2927],[24.0938,39.2916],[24.0934,39.2907],[24.0926,39.2899],[24.0922,39.2895]],[[24.0984,39.0963],[24.0973,39.0968],[24.0951,39.0979],[24.094,39.0987],[24.0941,39.0992],[24.093,39.1005],[24.0908,39.1026],[24.0901,39.1046],[24.0908,39.1067],[24.0914,39.1078],[24.0919,39.108],[24.0937,39.1075],[24.0966,39.1063],[24.0985,39.106],[24.0991,39.1065],[24.1,39.106],[24.1011,39.1045],[24.1021,39.1037],[24.1031,39.1036],[24.1039,39.1039],[24.1044,39.1045],[24.1052,39.1045],[24.1061,39.1039],[24.1046,39.1018],[24.1005,39.0981],[24.0984,39.0963]],[[24.087,39.0773],[24.0865,39.0771],[24.0854,39.0768],[24.0847,39.0769],[24.0842,39.0774],[24.0836,39.079],[24.0831,39.0815],[24.0831,39.0834],[24.0836,39.0845],[24.0847,39.0854],[24.0862,39.0861],[24.0876,39.0863],[24.0888,39.086],[24.0898,39.0852],[24.0907,39.0839],[24.0914,39.0834],[24.0919,39.0838],[24.0923,39.0835],[24.0926,39.0824],[24.0921,39.0808],[24.0908,39.0789],[24.0893,39.0778],[24.0878,39.0775],[24.087,39.0773]],[[24.1057,39.0514],[24.1049,39.0521],[24.1034,39.0535],[24.1025,39.0538],[24.1022,39.053],[24.1017,39.0525],[24.1009,39.0523],[24.0999,39.0531],[24.0986,39.0548],[24.0985,39.0565],[24.0996,39.0581],[24.1001,39.0592],[24.1,39.0597],[24.1017,39.0612],[24.1051,39.0639],[24.1078,39.0654],[24.1099,39.0659],[24.1112,39.0664],[24.1117,39.0669],[24.1118,39.0675],[24.1115,39.0679],[24.1106,39.0685],[24.1089,39.069],[24.1078,39.0701],[24.1071,39.0716],[24.1063,39.0724],[24.1052,39.0724],[24.1042,39.0729],[24.1031,39.0738],[24.1026,39.0735],[24.1026,39.0721],[24.1029,39.0711],[24.1034,39.0706],[24.1034,39.07],[24.1029,39.0692],[24.1024,39.0692],[24.1019,39.07],[24.1013,39.0698],[24.1008,39.0687],[24.0997,39.0687],[24.0982,39.0698],[24.0977,39.0701],[24.0982,39.0696],[24.0981,39.069],[24.0976,39.0685],[24.0976,39.0679],[24.0982,39.0675],[24.098,39.0663],[24.0969,39.0645],[24.0961,39.0635],[24.0956,39.0633],[24.0951,39.0637],[24.0947,39.0646],[24.0941,39.0651],[24.0932,39.0651],[24.0929,39.0656],[24.0931,39.0667],[24.0924,39.0672],[24.0909,39.067],[24.09,39.0673],[24.0899,39.0679],[24.0904,39.0686],[24.0916,39.0693],[24.0921,39.0701],[24.0919,39.071],[24.0927,39.0719],[24.0944,39.0729],[24.0953,39.0739],[24.0953,39.0749],[24.0969,39.0754],[24.1,39.0753],[24.1021,39.0756],[24.1031,39.0763],[24.1031,39.0769],[24.1021,39.0775],[24.1013,39.0776],[24.1008,39.0773],[24.1001,39.0775],[24.0994,39.0782],[24.0991,39.0791],[24.0994,39.08],[24.099,39.0803],[24.0979,39.0799],[24.0974,39.0791],[24.0974,39.0778],[24.0974,39.0778],[24.0974,39.0791],[24.0971,39.08],[24.0965,39.0805],[24.0967,39.0812],[24.0976,39.0823],[24.0981,39.0839],[24.098,39.086],[24.0984,39.0873],[24.0991,39.0878],[24.0992,39.0885],[24.0987,39.0896],[24.0989,39.0919],[24.1,39.0956],[24.1008,39.0971],[24.1013,39.0964],[24.1032,39.0977],[24.1063,39.1009],[24.1084,39.1023],[24.1096,39.1018],[24.1107,39.1022],[24.1116,39.1035],[24.1133,39.1045],[24.1159,39.1053],[24.1175,39.1055],[24.118,39.105],[24.1185,39.105],[24.119,39.1055],[24.1196,39.1055],[24.1201,39.105],[24.1201,39.1042],[24.1196,39.1032],[24.1198,39.1019],[24.1209,39.1003],[24.1209,39.0983],[24.1198,39.0958],[24.1196,39.094],[24.1201,39.0928],[24.1211,39.0918],[24.1226,39.091],[24.1235,39.0902],[24.1238,39.0895],[24.1235,39.0873],[24.1226,39.0836],[24.122,39.0816],[24.1216,39.0811],[24.1209,39.0808],[24.1198,39.0807],[24.119,39.081],[24.1185,39.0815],[24.1187,39.0808],[24.1198,39.0786],[24.1201,39.0773],[24.1196,39.0767],[24.119,39.0767],[24.1183,39.0773],[24.1178,39.0773],[24.1174,39.0766],[24.1175,39.0758],[24.118,39.0747],[24.1193,39.0745],[24.1214,39.0751],[24.1227,39.0759],[24.1232,39.0768],[24.1238,39.0768],[24.1245,39.0759],[24.1245,39.0751],[24.1238,39.0744],[24.1245,39.0738],[24.1266,39.0735],[24.1279,39.0736],[24.1283,39.0742],[24.1289,39.0742],[24.1294,39.0737],[24.1294,39.0732],[24.1287,39.0727],[24.1288,39.0722],[24.1295,39.0717],[24.13,39.0696],[24.13,39.0659],[24.1294,39.0628],[24.1281,39.0602],[24.1267,39.0582],[24.1252,39.0569],[24.1224,39.0559],[24.1182,39.0555],[24.1158,39.0556],[24.1154,39.0564],[24.1146,39.0568],[24.1135,39.0568],[24.1125,39.0573],[24.1114,39.0584],[24.1104,39.0579],[24.1094,39.0557],[24.1081,39.0547],[24.1065,39.0547],[24.1056,39.0544],[24.1055,39.0539],[24.1058,39.0534],[24.1065,39.0529],[24.1065,39.0523],[24.106,39.0517],[24.1057,39.0514]],[[24.0839,39.0421],[24.0834,39.0419],[24.0823,39.0415],[24.0808,39.0414],[24.0787,39.0417],[24.0771,39.0424],[24.076,39.0437],[24.0758,39.0448],[24.0765,39.0459],[24.0777,39.0469],[24.0795,39.0479],[24.0801,39.0489],[24.0796,39.05],[24.0807,39.0526],[24.0834,39.0568],[24.0846,39.0594],[24.0842,39.0604],[24.0842,39.0612],[24.0847,39.0617],[24.0849,39.0598],[24.0849,39.0557],[24.0854,39.0538],[24.0865,39.0543],[24.0875,39.0544],[24.0886,39.0542],[24.0891,39.0532],[24.0891,39.0514],[24.0884,39.049],[24.087,39.0459],[24.0857,39.0438],[24.0845,39.0426],[24.0839,39.0421]],[[24.062,39.0293],[24.0615,39.0293],[24.0604,39.0293],[24.0594,39.0296],[24.0584,39.0304],[24.0578,39.032],[24.0576,39.0346],[24.0581,39.0367],[24.0594,39.0383],[24.0611,39.0392],[24.0631,39.0395],[24.0647,39.0392],[24.066,39.0384],[24.0668,39.037],[24.0671,39.0349],[24.0667,39.0332],[24.0656,39.0318],[24.0643,39.0307],[24.0628,39.0298],[24.062,39.0293]],[[24.4714,39.0102],[24.4711,39.0112],[24.4706,39.0131],[24.4692,39.0149],[24.467,39.0164],[24.4658,39.0183],[24.4655,39.0204],[24.4655,39.0217],[24.4659,39.0222],[24.4669,39.0224],[24.4685,39.0221],[24.4695,39.0213],[24.4701,39.0202],[24.4706,39.0199],[24.4711,39.0207],[24.4722,39.0207],[24.4737,39.0199],[24.4747,39.0193],[24.4753,39.0186],[24.4754,39.0174],[24.4753,39.0159],[24.4754,39.0148],[24.4757,39.0144],[24.4748,39.0131],[24.4725,39.0112],[24.4714,39.0102]]]}},{"type":"Feature","properties":{"depth":20,"kind":"band"},"geometry":{"type":"MultiPolygon","coordinates":[[[[24.1716,39.4795],[24.1714,39.4792],[24.1714,39.4792],[24.1716,39.4795],[24.1716,39.4797],[24.1716,39.4797],[24.1716,39.4795]]],[[[24.1897,39.407],[24.1893,39.4075],[24.1889,39.4075],[24.1886,39.407],[24.1888,39.4068],[24.1895,39.4068],[24.1899,39.4068],[24.1899,39.4068],[24.1897,39.407]]],[[[24.1256,39.3526],[24.1252,39.3526],[24.1252,39.3526],[24.1256,39.3526],[24.1257,39.3526],[24.1257,39.3526],[24.1256,39.3526]]],[[[24.1289,39.337],[24.1286,39.337],[24.1286,39.337],[24.1289,39.337],[24.1291,39.337],[24.1291,39.337],[24.1289,39.337]]],[[[24.1029,39.3359],[24.1025,39.3359],[24.1024,39.3357],[24.1025,39.3352],[24.1027,39.3352],[24.103,39.3357],[24.1031,39.3359],[24.1031,39.3359],[24.1029,39.3359]]],[[[24.1023,39.335],[24.1018,39.3351],[24.1016,39.3349],[24.1016,39.3342],[24.1018,39.3342],[24.1023,39.3346],[24.1025,39.3349],[24.1025,39.3349],[24.1023,39.335]]],[[[24.1005,39.0675],[24.101,39.0679],[24.1005,39.0682],[24.0992,39.0682],[24.0988,39.0678],[24.0993,39.0669],[24.0997,39.0666],[24.1001,39.067],[24.1003,39.0672],[24.1003,39.0672],[24.1005,39.0675]]],[[[24.0891,39.0651],[24.0887,39.0651],[24.0887,39.0651],[24.0891,39.0651],[24.0893,39.0651],[24.0893,39.0651],[24.0891,39.0651]]],[[[24.0915,39.0641],[24.0908,39.0641],[24.0908,39.0641],[24.0915,39.0641],[24.0919,39.0641],[24.0919,39.0641],[24.0915,39.0641]]],[[[24.0935,39.0641],[24.0928,39.0641],[24.0928,39.0641],[24.0935,39.0641],[24.0938,39.0641],[24.0938,39.0641],[24.0935,39.0641]]],[[[24.0882,39.0634],[24.0881,39.0643],[24.0879,39.0646],[24.0876,39.0643],[24.0877,39.0638],[24.088,39.0633],[24.0882,39.063],[24.0882,39.063],[24.0882,39.0634]]],[[[24.0907,39.0632],[24.0903,39.0637],[24.0899,39.0637],[24.0894,39.0632],[24.0894,39.0628],[24.0899,39.0625],[24.0903,39.0625],[24.0907,39.0628],[24.0909,39.063],[24.0909,39.063],[24.0907,39.0632]]],[[[24.0893,39.0614],[24.0891,39.0623],[24.0889,39.0626],[24.0887,39.0622],[24.0887,39.0615],[24.0889,39.0606],[24.0891,39.0604],[24.0893,39.0607],[24.0893,39.0609],[24.0893,39.0609],[24.0893,39.0614]]],[[[24.0887,39.0578],[24.0882,39.0578],[24.0882,39.0578],[24.0887,39.0578],[24.0889,39.0578],[24.0889,39.0578],[24.0887,39.0578]]],[[[25,39.1177],[25,39.3521],[24.9998,39.4693],[24.9993,39.4693],[24.9969,39.4662],[24.9926,39.4599],[24.9896,39.4564],[24.9879,39.4556],[24.986,39.4555],[24.9839,39.4562],[24.9813,39.4584],[24.9782,39.4622],[24.9756,39.4662],[24.9735,39.4703],[24.9713,39.4753],[24.9689,39.481],[24.9671,39.4865],[24.966,39.4917],[24.9657,39.4998],[24.9663,39.5107],[24.9683,39.521],[24.9717,39.5307],[24.9742,39.5364],[24.9758,39.5381],[24.9782,39.5399],[24.9813,39.542],[24.9834,39.5439],[24.9847,39.5456],[24.9857,39.5482],[24.9863,39.5518],[24.9873,39.5548],[24.9885,39.5573],[24.9899,39.5595],[24.9914,39.5614],[24.9935,39.5633],[24.9961,39.5652],[24.9981,39.5669],[24.9994,39.5685],[25,39.6769],[25,39.8919],[24.7551,39.9996],[24.2652,39.9999],[24.0193,39.9989],[24.0172,39.9967],[24.0143,39.9946],[24.0107,39.9927],[24.0067,39.989],[24.0022,39.9835],[24.0011,39.9794],[24.0034,39.9768],[24.0047,39.9747],[24.0051,39.9732],[24.0051,39.9716],[24.0048,39.9701],[24.0035,39.9683],[24.0012,39.9662],[24,39.7841],[24,39.4221],[24.0009,39.2401],[24.0027,39.238],[24.0041,39.2357],[24.0051,39.2331],[24.0066,39.2302],[24.0086,39.2271],[24.0089,39.2248],[24.0075,39.2236],[24.0058,39.223],[24.0038,39.2233],[24.0028,39.2229],[24.0027,39.2218],[24.002,39.2211],[24.0007,39.2206],[24,39.1654],[24,39.0555],[24.1194,39.0004],[24.3582,39.0001],[24.4781,39.0009],[24.4791,39.0027],[24.4796,39.0044],[24.4795,39.006],[24.4797,39.0071],[24.4804,39.0078],[24.481,39.008],[24.4815,39.0079],[24.4828,39.0089],[24.4849,39.011],[24.487,39.0114],[24.4891,39.0099],[24.4906,39.0081],[24.4917,39.006],[24.4926,39.0049],[24.4933,39.0048],[24.4942,39.0042],[24.4952,39.0031],[24.4954,39.0021],[24.4947,39.001],[24.4946,39.0004],[24.4951,39.0001],[24.6215,39.0001],[24.8738,39.0004],[25,39.0005],[25,39.0005],[25,39.1177]],[[24.988,39.7419],[24.988,39.7424],[24.9882,39.7425],[24.9885,39.7423],[24.9885,39.7421],[24.9882,39.7418],[24.988,39.7417],[24.988,39.7417],[24.988,39.7419]],[[24.6575,39.5321],[24.6568,39.5326],[24.6568,39.5333],[24.6575,39.5344],[24.6581,39.5344],[24.6588,39.5333],[24.6588,39.5326],[24.6581,39.5321],[24.6578,39.5318],[24.6578,39.5318],[24.6575,39.5321]],[[24.1744,39.4741],[24.1722,39.4744],[24.1705,39.4753],[24.1694,39.4768],[24.1695,39.4797],[24.1708,39.4838],[24.1718,39.4888],[24.1724,39.4945],[24.1734,39.499],[24.1748,39.502],[24.1771,39.5052],[24.1801,39.5083],[24.1825,39.5102],[24.1841,39.5107],[24.1859,39.5108],[24.1881,39.5103],[24.1905,39.5084],[24.1932,39.5052],[24.1949,39.5018],[24.1956,39.4982],[24.1958,39.4959],[24.1957,39.4948],[24.1949,39.4938],[24.1935,39.4927],[24.1925,39.4914],[24.1921,39.4899],[24.1919,39.4872],[24.1921,39.4834],[24.1918,39.481],[24.1911,39.4801],[24.188,39.479],[24.1825,39.4775],[24.1787,39.476],[24.1766,39.4747],[24.1755,39.474],[24.1755,39.474],[24.1744,39.4741]],[[24.1591,39.3553],[24.1576,39.3553],[24.156,39.3557],[24.1544,39.3565],[24.1533,39.3574],[24.1528,39.3584],[24.1519,39.3592],[24.1508,39.3597],[24.1503,39.3604],[24.1504,39.3615],[24.1503,39.3623],[24.1497,39.3629],[24.1482,39.3635],[24.1456,39.3639],[24.143,39.3641],[24.1404,39.364],[24.1388,39.3643],[24.1383,39.365],[24.137,39.3656],[24.1349,39.3662],[24.1327,39.3675],[24.1304,39.3694],[24.1297,39.3706],[24.1306,39.3711],[24.1319,39.3724],[24.1335,39.3745],[24.1368,39.377],[24.1418,39.3799],[24.1453,39.3823],[24.1473,39.384],[24.1487,39.3857],[24.1494,39.3872],[24.15,39.3904],[24.1505,39.3951],[24.1506,39.3977],[24.1503,39.3982],[24.1504,39.3989],[24.1508,39.4],[24.1526,39.4029],[24.1555,39.4076],[24.159,39.4115],[24.1631,39.4146],[24.1668,39.4198],[24.1701,39.4271],[24.1724,39.4314],[24.1738,39.4329],[24.1755,39.434],[24.1776,39.4347],[24.183,39.4351],[24.192,39.4351],[24.1977,39.4362],[24.2003,39.4384],[24.2026,39.4396],[24.2047,39.4397],[24.2063,39.4391],[24.2075,39.4377],[24.208,39.4362],[24.2077,39.4347],[24.2068,39.4336],[24.2054,39.433],[24.2034,39.433],[24.2008,39.4336],[24.1992,39.4337],[24.1987,39.4332],[24.1982,39.4333],[24.1976,39.434],[24.1974,39.4339],[24.1973,39.4332],[24.1968,39.4323],[24.1958,39.4312],[24.195,39.4307],[24.1946,39.4308],[24.1927,39.4293],[24.1896,39.4262],[24.1867,39.4226],[24.184,39.4183],[24.1826,39.4156],[24.1825,39.4146],[24.1831,39.4138],[24.1844,39.4133],[24.185,39.4125],[24.185,39.4114],[24.1863,39.4098],[24.1889,39.4078],[24.191,39.4045],[24.1923,39.3998],[24.1929,39.3966],[24.1927,39.3951],[24.1892,39.3895],[24.1821,39.3799],[24.1768,39.3742],[24.1732,39.3723],[24.171,39.3713],[24.1703,39.3714],[24.1692,39.3706],[24.1679,39.369],[24.1669,39.3681],[24.1664,39.368],[24.1659,39.3682],[24.1654,39.3689],[24.1649,39.3687],[24.1644,39.3677],[24.1645,39.3667],[24.1652,39.3656],[24.1654,39.3641],[24.1652,39.3622],[24.1644,39.3601],[24.1631,39.3579],[24.1618,39.3564],[24.1605,39.3557],[24.1599,39.3553],[24.1599,39.3553],[24.1591,39.3553]],[[24.1414,39.3332],[24.1399,39.3331],[24.137,39.3339],[24.1328,39.3354],[24.1294,39.3356],[24.1268,39.3344],[24.1257,39.3341],[24.1261,39.3346],[24.1248,39.3359],[24.1217,39.3381],[24.1204,39.3394],[24.121,39.3399],[24.1214,39.3406],[24.1215,39.3417],[24.1225,39.3433],[24.1245,39.3454],[24.1247,39.3467],[24.123,39.3472],[24.1223,39.3478],[24.1223,39.3485],[24.1221,39.3491],[24.1217,39.3494],[24.1209,39.3493],[24.1198,39.3487],[24.1187,39.3487],[24.1174,39.3492],[24.1171,39.3503],[24.1176,39.3518],[24.1177,39.3529],[24.1172,39.3534],[24.1174,39.3544],[24.1181,39.356],[24.1194,39.3571],[24.1214,39.3578],[24.1232,39.357],[24.1247,39.3549],[24.126,39.3535],[24.1271,39.353],[24.1281,39.3529],[24.1292,39.3532],[24.131,39.3529],[24.1336,39.352],[24.1354,39.3518],[24.1365,39.3523],[24.138,39.3517],[24.1401,39.3502],[24.1414,39.3489],[24.1419,39.3479],[24.1432,39.3469],[24.1452,39.3458],[24.1465,39.3448],[24.1471,39.3437],[24.1471,39.3424],[24.1464,39.3409],[24.1464,39.3391],[24.1472,39.337],[24.1473,39.3355],[24.1467,39.3347],[24.1454,39.334],[24.1432,39.3335],[24.1422,39.3332],[24.1422,39.3332],[24.1414,39.3332]],[[24.3274,39.3281],[24.3269,39.328],[24.3263,39.3282],[24.3258,39.329],[24.3247,39.3294],[24.3232,39.3297],[24.3219,39.3296],[24.3208,39.3291],[24.319,39.3292],[24.3164,39.3298],[24.3142,39.3311],[24.3125,39.3329],[24.3111,39.3349],[24.3101,39.337],[24.3099,39.3391],[24.3104,39.3412],[24.3121,39.3448],[24.315,39.35],[24.3162,39.3547],[24.3159,39.3588],[24.3166,39.3627],[24.3184,39.3664],[24.3201,39.3689],[24.3216,39.3702],[24.3247,39.3709],[24.3295,39.3711],[24.3323,39.3711],[24.3334,39.3708],[24.3344,39.3701],[24.3353,39.3688],[24.3357,39.3661],[24.3354,39.362],[24.3357,39.3594],[24.3365,39.3583],[24.337,39.356],[24.3373,39.3523],[24.3371,39.3497],[24.3365,39.3482],[24.3353,39.3469],[24.3337,39.3458],[24.3329,39.3451],[24.333,39.3446],[24.3323,39.3435],[24.3309,39.3419],[24.3301,39.3406],[24.33,39.3396],[24.3302,39.3386],[24.3308,39.3375],[24.3306,39.3354],[24.3296,39.3323],[24.3293,39.3305],[24.3297,39.33],[24.3293,39.3293],[24.3282,39.3285],[24.3276,39.3281],[24.3276,39.3281],[24.3274,39.3281]],[[24.0898,39.2895],[24.0873,39.2906],[24.086,39.2917],[24.0859,39.2928],[24.0857,39.293],[24.0852,39.2923],[24.0847,39.2923],[24.0842,39.2928],[24.0836,39.293],[24.0831,39.2927],[24.0827,39.2928],[24.0824,39.2931],[24.0829,39.2937],[24.0841,39.2948],[24.0845,39.2954],[24.0841,39.2956],[24.0834,39.2956],[24.0823,39.2954],[24.081,39.2946],[24.0794,39.293],[24.0776,39.292],[24.0755,39.2913],[24.0724,39.2908],[24.0682,39.2905],[24.0653,39.2908],[24.0638,39.2916],[24.0617,39.2933],[24.0591,39.2958],[24.0563,39.2973],[24.0532,39.2976],[24.0511,39.2982],[24.05,39.2991],[24.0496,39.2998],[24.0497,39.3003],[24.0491,39.3007],[24.048,39.301],[24.0471,39.3033],[24.0464,39.3077],[24.0479,39.3102],[24.0514,39.3106],[24.0531,39.3114],[24.053,39.3125],[24.0534,39.3134],[24.0543,39.3141],[24.0558,39.3142],[24.0579,39.3137],[24.0592,39.3144],[24.0597,39.3162],[24.0597,39.3172],[24.0592,39.3172],[24.0584,39.3179],[24.0573,39.3192],[24.0563,39.3198],[24.0552,39.3194],[24.0542,39.3196],[24.0531,39.3201],[24.0511,39.3196],[24.0479,39.318],[24.0451,39.3172],[24.0425,39.3172],[24.041,39.3169],[24.0405,39.3164],[24.0413,39.3159],[24.0433,39.3154],[24.0438,39.315],[24.0427,39.3149],[24.0419,39.3141],[24.0414,39.3127],[24.0406,39.3115],[24.0396,39.3104],[24.0383,39.3099],[24.0367,39.3099],[24.0351,39.3104],[24.0336,39.3115],[24.0333,39.313],[24.0344,39.3149],[24.0359,39.3162],[24.0377,39.3169],[24.0383,39.3183],[24.0375,39.3204],[24.0374,39.3219],[24.0381,39.3229],[24.0384,39.3245],[24.0384,39.3266],[24.0389,39.3289],[24.04,39.3315],[24.0405,39.3336],[24.0403,39.3351],[24.0407,39.3364],[24.0415,39.3375],[24.0422,39.3393],[24.0426,39.3419],[24.0445,39.346],[24.0479,39.3516],[24.0513,39.3558],[24.055,39.3585],[24.0578,39.3615],[24.0599,39.3647],[24.063,39.3674],[24.0672,39.3696],[24.0716,39.3712],[24.0763,39.3723],[24.0794,39.372],[24.081,39.3705],[24.0823,39.3686],[24.0832,39.3663],[24.0848,39.3641],[24.0869,39.3623],[24.0888,39.3615],[24.0904,39.3618],[24.0914,39.3615],[24.0919,39.3604],[24.0935,39.3591],[24.0962,39.3576],[24.0974,39.3565],[24.0971,39.356],[24.097,39.3551],[24.0973,39.3538],[24.0979,39.353],[24.099,39.3529],[24.0997,39.3524],[24.1003,39.3516],[24.1009,39.3513],[24.1016,39.3515],[24.1024,39.3508],[24.1033,39.3492],[24.1037,39.3479],[24.1036,39.3469],[24.1038,39.3461],[24.1043,39.3456],[24.1043,39.3445],[24.1036,39.343],[24.1037,39.3422],[24.1047,39.3422],[24.1052,39.3417],[24.1051,39.3406],[24.1054,39.3399],[24.106,39.3394],[24.1057,39.3386],[24.1046,39.3375],[24.1044,39.3372],[24.1053,39.3375],[24.1059,39.3375],[24.1062,39.3372],[24.105,39.336],[24.1025,39.3339],[24.1018,39.3326],[24.103,39.3321],[24.1026,39.33],[24.1005,39.3263],[24.0993,39.324],[24.0992,39.3229],[24.0995,39.3224],[24.1002,39.3224],[24.1004,39.3219],[24.1001,39.3208],[24.1001,39.3185],[24.1004,39.3148],[24.0997,39.3111],[24.0982,39.3074],[24.0956,39.3037],[24.0919,39.3],[24.089,39.2978],[24.087,39.2969],[24.0864,39.2958],[24.0875,39.2946],[24.0888,39.2943],[24.0903,39.2949],[24.0919,39.2947],[24.0934,39.2937],[24.094,39.2924],[24.0936,39.2909],[24.0929,39.2898],[24.0917,39.2893],[24.0911,39.289],[24.0911,39.289],[24.0898,39.2895]],[[24.082,39.0411],[24.0805,39.041],[24.0789,39.0413],[24.0774,39.0419],[24.0762,39.0427],[24.0756,39.0438],[24.0753,39.0448],[24.0753,39.0459],[24.0771,39.0493],[24.0807,39.055],[24.0825,39.0589],[24.0829,39.061],[24.0842,39.0628],[24.0865,39.0643],[24.0877,39.0654],[24.0878,39.0659],[24.0875,39.0664],[24.0868,39.0669],[24.0868,39.0677],[24.0875,39.0688],[24.0881,39.0693],[24.0888,39.0694],[24.0893,39.0699],[24.0897,39.0709],[24.0897,39.0717],[24.0892,39.0722],[24.0892,39.0722],[24.0898,39.0718],[24.0911,39.0721],[24.093,39.073],[24.0938,39.0742],[24.0935,39.0758],[24.0936,39.0771],[24.0942,39.0781],[24.0939,39.079],[24.0928,39.0797],[24.0921,39.0797],[24.092,39.079],[24.0921,39.0784],[24.0926,39.0779],[24.0924,39.0778],[24.0915,39.0781],[24.0906,39.0779],[24.0896,39.0769],[24.0889,39.0763],[24.0885,39.0758],[24.0885,39.0752],[24.0889,39.0745],[24.0888,39.0745],[24.0881,39.0752],[24.0881,39.0758],[24.0887,39.0763],[24.0889,39.0769],[24.0886,39.0773],[24.0876,39.0773],[24.0858,39.0766],[24.0844,39.0766],[24.0833,39.0773],[24.0827,39.0792],[24.0824,39.0823],[24.0827,39.0844],[24.0835,39.0854],[24.0847,39.0862],[24.0862,39.0868],[24.0877,39.0868],[24.0892,39.0862],[24.0902,39.0853],[24.0908,39.084],[24.0914,39.0836],[24.0919,39.0841],[24.0925,39.0833],[24.093,39.0814],[24.0937,39.0803],[24.0948,39.0801],[24.0957,39.081],[24.0966,39.0829],[24.0971,39.0852],[24.0972,39.0878],[24.0975,39.0899],[24.0982,39.0914],[24.0985,39.0927],[24.0984,39.0938],[24.0977,39.0951],[24.0963,39.0966],[24.0945,39.0983],[24.0922,39.1001],[24.0906,39.1009],[24.0896,39.1006],[24.0893,39.1007],[24.0896,39.1013],[24.0896,39.1029],[24.0893,39.1055],[24.0897,39.1073],[24.0906,39.1083],[24.0916,39.1088],[24.0927,39.1089],[24.0945,39.1084],[24.0971,39.1073],[24.0987,39.1069],[24.0992,39.107],[24.0999,39.1068],[24.1006,39.106],[24.1009,39.1055],[24.1008,39.105],[24.1012,39.1045],[24.1021,39.104],[24.1031,39.1041],[24.1042,39.1048],[24.106,39.1048],[24.1086,39.1041],[24.1112,39.1044],[24.1138,39.1056],[24.1162,39.1062],[24.1183,39.1061],[24.1196,39.1058],[24.1203,39.1051],[24.1204,39.1044],[24.12,39.1039],[24.1202,39.1028],[24.1211,39.1013],[24.1216,39.0987],[24.1218,39.095],[24.1225,39.0922],[24.1235,39.0901],[24.124,39.0878],[24.1236,39.0852],[24.1227,39.0821],[24.1213,39.0784],[24.1207,39.0764],[24.1212,39.0761],[24.1221,39.0763],[24.1235,39.0772],[24.1245,39.0771],[24.1252,39.0761],[24.1263,39.0755],[24.1278,39.0752],[24.1289,39.0746],[24.1294,39.0738],[24.1297,39.0732],[24.1297,39.0727],[24.1294,39.0725],[24.1289,39.0724],[24.129,39.0722],[24.1298,39.0717],[24.1303,39.0698],[24.1304,39.0667],[24.1302,39.0641],[24.1295,39.0619],[24.1285,39.06],[24.1272,39.0582],[24.1258,39.0569],[24.1242,39.056],[24.1218,39.0554],[24.1188,39.055],[24.1167,39.0552],[24.1156,39.056],[24.1143,39.0565],[24.1128,39.0566],[24.1112,39.0561],[24.1097,39.0552],[24.1081,39.0547],[24.1066,39.0547],[24.106,39.0542],[24.1066,39.0531],[24.1065,39.0523],[24.106,39.0516],[24.1044,39.0514],[24.1018,39.0517],[24.0997,39.0526],[24.0981,39.054],[24.0972,39.0552],[24.0971,39.0563],[24.0966,39.057],[24.0957,39.0574],[24.094,39.0576],[24.0914,39.0577],[24.0896,39.0572],[24.0885,39.0562],[24.0886,39.0555],[24.09,39.055],[24.0905,39.0544],[24.0901,39.0539],[24.0899,39.0526],[24.09,39.0505],[24.0891,39.0479],[24.0872,39.0448],[24.0853,39.0427],[24.0837,39.0416],[24.0828,39.0411],[24.0828,39.0411],[24.082,39.0411]],[[24.0625,39.0294],[24.0614,39.0291],[24.0604,39.029],[24.0594,39.0293],[24.0585,39.0297],[24.0577,39.0304],[24.0572,39.0312],[24.057,39.0323],[24.0571,39.0339],[24.0575,39.036],[24.0588,39.0378],[24.0609,39.0393],[24.0628,39.04],[24.0643,39.0398],[24.0656,39.0393],[24.0665,39.0384],[24.067,39.037],[24.0674,39.0349],[24.0672,39.0334],[24.0666,39.0323],[24.0655,39.0313],[24.0638,39.0302],[24.063,39.0296],[24.063,39.0296],[24.0625,39.0294]],[[24.4711,39.0097],[24.4707,39.0098],[24.4701,39.0108],[24.4696,39.0127],[24.4685,39.014],[24.4669,39.0148],[24.4656,39.016],[24.4646,39.0174],[24.4643,39.0193],[24.4646,39.0214],[24.4651,39.0227],[24.4658,39.0232],[24.4677,39.023],[24.4708,39.0223],[24.4734,39.0213],[24.4755,39.02],[24.4765,39.0185],[24.4764,39.0169],[24.4768,39.0156],[24.4774,39.0146],[24.4773,39.0138],[24.4764,39.0133],[24.4762,39.0127],[24.4767,39.0123],[24.477,39.0117],[24.4769,39.0112],[24.4765,39.0107],[24.4758,39.0104],[24.475,39.0105],[24.4739,39.011],[24.4729,39.0108],[24.4719,39.01],[24.4714,39.0096],[24.4714,39.0096],[24.4711,39.0097]]]]}},{"type":"Feature","properties":{"depth":20,"kind":"isobath"},"geometry":{"type":"MultiLineString","coordinates":[[[24.1716,39.4797],[24.1716,39.4795],[24.1714,39.4792],[24.1714,39.4792],[24.1716,39.4795],[24.1716,39.4797]],[[24.1899,39.4068],[24.1897,39.407],[24.1893,39.4075],[24.1889,39.4075],[24.1886,39.407],[24.1888,39.4068],[24.1895,39.4068],[24.1899,39.4068]],[[24.1257,39.3526],[24.1256,39.3526],[24.1252,39.3526],[24.1252,39.3526],[24.1256,39.3526],[24.1257,39.3526]],[[24.1291,39.337],[24.1289,39.337],[24.1286,39.337],[24.1286,39.337],[24.1289,39.337],[24.1291,39.337]],[[24.1031,39.3359],[24.1029,39.3359],[24.1025,39.3359],[24.1024,39.3357],[24.1025,39.3352],[24.1027,39.3352],[24.103,39.3357],[24.1031,39.3359]],[[24.1025,39.3349],[24.1023,39.335],[24.1018,39.3351],[24.1016,39.3349],[24.1016,39.3342],[24.1018,39.3342],[24.1023,39.3346],[24.1025,39.3349]],[[24.1003,39.0672],[24.1005,39.0675],[24.101,39.0679],[24.1005,39.0682],[24.0992,39.0682],[24.0988,39.0678],[24.0993,39.0669],[24.0997,39.0666],[24.1001,39.067],[24.1003,39.0672]],[[24.0893,39.0651],[24.0891,39.0651],[24.0887,39.0651],[24.0887,39.0651],[24.0891,39.0651],[24.0893,39.0651]],[[24.0919,39.0641],[24.0915,39.0641],[24.0908,39.0641],[24.0908,39.0641],[24.0915,39.0641],[24.0919,39.0641]],[[24.0938,39.0641],[24.0935,39.0641],[24.0928,39.0641],[24.0928,39.0641],[24.0935,39.0641],[24.0938,39.0641]],[[24.0882,39.063],[24.0882,39.0634],[24.0881,39.0643],[24.0879,39.0646],[24.0876,39.0643],[24.0877,39.0638],[24.088,39.0633],[24.0882,39.063]],[[24.0909,39.063],[24.0907,39.0632],[24.0903,39.0637],[24.0899,39.0637],[24.0894,39.0632],[24.0894,39.0628],[24.0899,39.0625],[24.0903,39.0625],[24.0907,39.0628],[24.0909,39.063]],[[24.0893,39.0609],[24.0893,39.0614],[24.0891,39.0623],[24.0889,39.0626],[24.0887,39.0622],[24.0887,39.0615],[24.0889,39.0606],[24.0891,39.0604],[24.0893,39.0607],[24.0893,39.0609]],[[24.0889,39.0578],[24.0887,39.0578],[24.0882,39.0578],[24.0882,39.0578],[24.0887,39.0578],[24.0889,39.0578]],[[24.9991,39.4693],[24.9969,39.4662],[24.9926,39.4599],[24.9896,39.4564],[24.9879,39.4556],[24.986,39.4555],[24.9839,39.4562],[24.9813,39.4584],[24.9782,39.4622],[24.9756,39.4662],[24.9735,39.4703],[24.9713,39.4753],[24.9689,39.481],[24.9671,39.4865],[24.966,39.4917],[24.9657,39.4998],[24.9663,39.5107],[24.9683,39.521],[24.9717,39.5307],[24.9742,39.5364],[24.9758,39.5381],[24.9782,39.5399],[24.9813,39.542],[24.9834,39.5439],[24.9847,39.5456],[24.9857,39.5482],[24.9863,39.5518],[24.9873,39.5548],[24.9885,39.5573],[24.9899,39.5595],[24.9914,39.5614],[24.9935,39.5633],[24.9961,39.5652],[24.9974,39.5661]],[[24.0161,39.9956],[24.0089,39.9917]],[[24.0045,39.9755],[24.0047,39.9747],[24.0051,39.9732],[24.0051,39.9716],[24.0048,39.9701],[24.0046,39.9693]],[[24.0036,39.237],[24.0041,39.2357],[24.0051,39.2331],[24.0066,39.2302],[24.0086,39.2271],[24.0089,39.2248],[24.0075,39.2236],[24.0058,39.223],[24.0038,39.2233],[24.0028,39.2229],[24.0027,39.2218],[24.0026,39.2213]],[[24.4796,39.0036],[24.4796,39.0044],[24.4795,39.006],[24.4797,39.0071],[24.4804,39.0078],[24.481,39.008],[24.4815,39.0079],[24.4828,39.0089],[24.4849,39.011],[24.487,39.0114],[24.4891,39.0099],[24.4906,39.0081],[24.4917,39.006],[24.4926,39.0049],[24.4933,39.0048],[24.4942,39.0042],[24.4952,39.0031],[24.4954,39.0021],[24.4947,39.001],[24.4944,39.0005]],[[24.988,39.7417],[24.988,39.7419],[24.988,39.7424],[24.9882,39.7425],[24.9885,39.7423],[24.9885,39.7421],[24.9882,39.7418],[24.988,39.7417]],[[24.6578,39.5318],[24.6575,39.5321],[24.6568,39.5326],[24.6568,39.5333],[24.6575,39.5344],[24.6581,39.5344],[24.6588,39.5333],[24.6588,39.5326],[24.6581,39.5321],[24.6578,39.5318]],[[24.1755,39.474],[24.1744,39.4741],[24.1722,39.4744],[24.1705,39.4753],[24.1694,39.4768],[24.1695,39.4797],[24.1708,39.4838],[24.1718,39.4888],[24.1724,39.4945],[24.1734,39.499],[24.1748,39.502],[24.1771,39.5052],[24.1801,39.5083],[24.1825,39.5102],[24.1841,39.5107],[24.1859,39.5108],[24.1881,39.5103],[24.1905,39.5084],[24.1932,39.5052],[24.1949,39.5018],[24.1956,39.4982],[24.1958,39.4959],[24.1957,39.4948],[24.1949,39.4938],[24.1935,39.4927],[24.1925,39.4914],[24.1921,39.4899],[24.1919,39.4872],[24.1921,39.4834],[24.1918,39.481],[24.1911,39.4801],[24.188,39.479],[24.1825,39.4775],[24.1787,39.476],[24.1766,39.4747],[24.1755,39.474]],[[24.1599,39.3553],[24.1591,39.3553],[24.1576,39.3553],[24.156,39.3557],[24.1544,39.3565],[24.1533,39.3574],[24.1528,39.3584],[24.1519,39.3592],[24.1508,39.3597],[24.1503,39.3604],[24.1504,39.3615],[24.1503,39.3623],[24.1497,39.3629],[24.1482,39.3635],[24.1456,39.3639],[24.143,39.3641],[24.1404,39.364],[24.1388,39.3643],[24.1383,39.365],[24.137,39.3656],[24.1349,39.3662],[24.1327,39.3675],[24.1304,39.3694],[24.1297,39.3706],[24.1306,39.3711],[24.1319,39.3724],[24.1335,39.3745],[24.1368,39.377],[24.1418,39.3799],[24.1453,39.3823],[24.1473,39.384],[24.1487,39.3857],[24.1494,39.3872],[24.15,39.3904],[24.1505,39.3951],[24.1506,39.3977],[24.1503,39.3982],[24.1504,39.3989],[24.1508,39.4],[24.1526,39.4029],[24.1555,39.4076],[24.159,39.4115],[24.1631,39.4146],[24.1668,39.4198],[24.1701,39.4271],[24.1724,39.4314],[24.1738,39.4329],[24.1755,39.434],[24.1776,39.4347],[24.183,39.4351],[24.192,39.4351],[24.1977,39.4362],[24.2003,39.4384],[24.2026,39.4396],[24.2047,39.4397],[24.2063,39.4391],[24.2075,39.4377],[24.208,39.4362],[24.2077,39.4347],[24.2068,39.4336],[24.2054,39.433],[24.2034,39.433],[24.2008,39.4336],[24.1992,39.4337],[24.1987,39.4332],[24.1982,39.4333],[24.1976,39.434],[24.1974,39.4339],[24.1973,39.4332],[24.1968,39.4323],[24.1958,39.4312],[24.195,39.4307],[24.1946,39.4308],[24.1927,39.4293],[24.1896,39.4262],[24.1867,39.4226],[24.184,39.4183],[24.1826,39.4156],[24.1825,39.4146],[24.1831,39.4138],[24.1844,39.4133],[24.185,39.4125],[24.185,39.4114],[24.1863,39.4098],[24.1889,39.4078],[24.191,39.4045],[24.1923,39.3998],[24.1929,39.3966],[24.1927,39.3951],[24.1892,39.3895],[24.1821,39.3799],[24.1768,39.3742],[24.1732,39.3723],[24.171,39.3713],[24.1703,39.3714],[24.1692,39.3706],[24.1679,39.369],[24.1669,39.3681],[24.1664,39.368],[24.1659,39.3682],[24.1654,39.3689],[24.1649,39.3687],[24.1644,39.3677],[24.1645,39.3667],[24.1652,39.3656],[24.1654,39.3641],[24.1652,39.3622],[24.1644,39.3601],[24.1631,39.3579],[24.1618,39.3564],[24.1605,39.3557],[24.1599,39.3553]],[[24.1422,39.3332],[24.1414,39.3332],[24.1399,39.3331],[24.137,39.3339],[24.1328,39.3354],[24.1294,39.3356],[24.1268,39.3344],[24.1257,39.3341],[24.1261,39.3346],[24.1248,39.3359],[24.1217,39.3381],[24.1204,39.3394],[24.121,39.3399],[24.1214,39.3406],[24.1215,39.3417],[24.1225,39.3433],[24.1245,39.3454],[24.1247,39.3467],[24.123,39.3472],[24.1223,39.3478],[24.1223,39.3485],[24.1221,39.3491],[24.1217,39.3494],[24.1209,39.3493],[24.1198,39.3487],[24.1187,39.3487],[24.1174,39.3492],[24.1171,39.3503],[24.1176,39.3518],[24.1177,39.3529],[24.1172,39.3534],[24.1174,39.3544],[24.1181,39.356],[24.1194,39.3571],[24.1214,39.3578],[24.1232,39.357],[24.1247,39.3549],[24.126,39.3535],[24.1271,39.353],[24.1281,39.3529],[24.1292,39.3532],[24.131,39.3529],[24.1336,39.352],[24.1354,39.3518],[24.1365,39.3523],[24.138,39.3517],[24.1401,39.3502],[24.1414,39.3489],[24.1419,39.3479],[24.1432,39.3469],[24.1452,39.3458],[24.1465,39.3448],[24.1471,39.3437],[24.1471,39.3424],[24.1464,39.3409],[24.1464,39.3391],[24.1472,39.337],[24.1473,39.3355],[24.1467,39.3347],[24.1454,39.334],[24.1432,39.3335],[24.1422,39.3332]],[[24.3276,39.3281],[24.3274,39.3281],[24.3269,39.328],[24.3263,39.3282],[24.3258,39.329],[24.3247,39.3294],[24.3232,39.3297],[24.3219,39.3296],[24.3208,39.3291],[24.319,39.3292],[24.3164,39.3298],[24.3142,39.3311],[24.3125,39.3329],[24.3111,39.3349],[24.3101,39.337],[24.3099,39.3391],[24.3104,39.3412],[24.3121,39.3448],[24.315,39.35],[24.3162,39.3547],[24.3159,39.3588],[24.3166,39.3627],[24.3184,39.3664],[24.3201,39.3689],[24.3216,39.3702],[24.3247,39.3709],[24.3295,39.3711],[24.3323,39.3711],[24.3334,39.3708],[24.3344,39.3701],[24.3353,39.3688],[24.3357,39.3661],[24.3354,39.362],[24.3357,39.3594],[24.3365,39.3583],[24.337,39.356],[24.3373,39.3523],[24.3371,39.3497],[24.3365,39.3482],[24.3353,39.3469],[24.3337,39.3458],[24.3329,39.3451],[24.333,39.3446],[24.3323,39.3435],[24.3309,39.3419],[24.3301,39.3406],[24.33,39.3396],[24.3302,39.3386],[24.3308,39.3375],[24.3306,39.3354],[24.3296,39.3323],[24.3293,39.3305],[24.3297,39.33],[24.3293,39.3293],[24.3282,39.3285],[24.3276,39.3281]],[[24.0911,39.289],[24.0898,39.2895],[24.0873,39.2906],[24.086,39.2917],[24.0859,39.2928],[24.0857,39.293],[24.0852,39.2923],[24.0847,39.2923],[24.0842,39.2928],[24.0836,39.293],[24.0831,39.2927],[24.0827,39.2928],[24.0824,39.2931],[24.0829,39.2937],[24.0841,39.2948],[24.0845,39.2954],[24.0841,39.2956],[24.0834,39.2956],[24.0823,39.2954],[24.081,39.2946],[24.0794,39.293],[24.0776,39.292],[24.0755,39.2913],[24.0724,39.2908],[24.0682,39.2905],[24.0653,39.2908],[24.0638,39.2916],[24.0617,39.2933],[24.0591,39.2958],[24.0563,39.2973],[24.0532,39.2976],[24.0511,39.2982],[24.05,39.2991],[24.0496,39.2998],[24.0497,39.3003],[24.0491,39.3007],[24.048,39.301],[24.0471,39.3033],[24.0464,39.3077],[24.0479,39.3102],[24.0514,39.3106],[24.0531,39.3114],[24.053,39.3125],[24.0534,39.3134],[24.0543,39.3141],[24.0558,39.3142],[24.0579,39.3137],[24.0592,39.3144],[24.0597,39.3162],[24.0597,39.3172],[24.0592,39.3172],[24.0584,39.3179],[24.0573,39.3192],[24.0563,39.3198],[24.0552,39.3194],[24.0542,39.3196],[24.0531,39.3201],[24.0511,39.3196],[24.0479,39.318],[24.0451,39.3172],[24.0425,39.3172],[24.041,39.3169],[24.0405,39.3164],[24.0413,39.3159],[24.0433,39.3154],[24.0438,39.315],[24.0427,39.3149],[24.0419,39.3141],[24.0414,39.3127],[24.0406,39.3115],[24.0396,39.3104],[24.0383,39.3099],[24.0367,39.3099],[24.0351,39.3104],[24.0336,39.3115],[24.0333,39.313],[24.0344,39.3149],[24.0359,39.3162],[24.0377,39.3169],[24.0383,39.3183],[24.0375,39.3204],[24.0374,39.3219],[24.0381,39.3229],[24.0384,39.3245],[24.0384,39.3266],[24.0389,39.3289],[24.04,39.3315],[24.0405,39.3336],[24.0403,39.3351],[24.0407,39.3364],[24.0415,39.3375],[24.0422,39.3393],[24.0426,39.3419],[24.0445,39.346],[24.0479,39.3516],[24.0513,39.3558],[24.055,39.3585],[24.0578,39.3615],[24.0599,39.3647],[24.063,39.3674],[24.0672,39.3696],[24.0716,39.3712],[24.0763,39.3723],[24.0794,39.372],[24.081,39.3705],[24.0823,39.3686],[24.0832,39.3663],[24.0848,39.3641],[24.0869,39.3623],[24.0888,39.3615],[24.0904,39.3618],[24.0914,39.3615],[24.0919,39.3604],[24.0935,39.3591],[24.0962,39.3576],[24.0974,39.3565],[24.0971,39.356],[24.097,39.3551],[24.0973,39.3538],[24.0979,39.353],[24.099,39.3529],[24.0997,39.3524],[24.1003,39.3516],[24.1009,39.3513],[24.1016,39.3515],[24.1024,39.3508],[24.1033,39.3492],[24.1037,39.3479],[24.1036,39.3469],[24.1038,39.3461],[24.1043,39.3456],[24.1043,39.3445],[24.1036,39.343],[24.1037,39.3422],[24.1047,39.3422],[24.1052,39.3417],[24.1051,39.3406],[24.1054,39.3399],[24.106,39.3394],[24.1057,39.3386],[24.1046,39.3375],[24.1044,39.3372],[24.1053,39.3375],[24.1059,39.3375],[24.1062,39.3372],[24.105,39.336],[24.1025,39.3339],[24.1018,39.3326],[24.103,39.3321],[24.1026,39.33],[24.1005,39.3263],[24.0993,39.324],[24.0992,39.3229],[24.0995,39.3224],[24.1002,39.3224],[24.1004,39.3219],[24.1001,39.3208],[24.1001,39.3185],[24.1004,39.3148],[24.0997,39.3111],[24.0982,39.3074],[24.0956,39.3037],[24.0919,39.3],[24.089,39.2978],[24.087,39.2969],[24.0864,39.2958],[24.0875,39.2946],[24.0888,39.2943],[24.0903,39.2949],[24.0919,39.2947],[24.0934,39.2937],[24.094,39.2924],[24.0936,39.2909],[24.0929,39.2898],[24.0917,39.2893],[24.0911,39.289]],[[24.0828,39.0411],[24.082,39.0411],[24.0805,39.041],[24.0789,39.0413],[24.0774,39.0419],[24.0762,39.0427],[24.0756,39.0438],[24.0753,39.0448],[24.0753,39.0459],[24.0771,39.0493],[24.0807,39.055],[24.0825,39.0589],[24.0829,39.061],[24.0842,39.0628],[24.0865,39.0643],[24.0877,39.0654],[24.0878,39.0659],[24.0875,39.0664],[24.0868,39.0669],[24.0868,39.0677],[24.0875,39.0688],[24.0881,39.0693],[24.0888,39.0694],[24.0893,39.0699],[24.0897,39.0709],[24.0897,39.0717],[24.0892,39.0722],[24.0892,39.0722],[24.0898,39.0718],[24.0911,39.0721],[24.093,39.073],[24.0938,39.0742],[24.0935,39.0758],[24.0936,39.0771],[24.0942,39.0781],[24.0939,39.079],[24.0928,39.0797],[24.0921,39.0797],[24.092,39.079],[24.0921,39.0784],[24.0926,39.0779],[24.0924,39.0778],[24.0915,39.0781],[24.0906,39.0779],[24.0896,39.0769],[24.0889,39.0763],[24.0885,39.0758],[24.0885,39.0752],[24.0889,39.0745],[24.0888,39.0745],[24.0881,39.0752],[24.0881,39.0758],[24.0887,39.0763],[24.0889,39.0769],[24.0886,39.0773],[24.0876,39.0773],[24.0858,39.0766],[24.0844,39.0766],[24.0833,39.0773],[24.0827,39.0792],[24.0824,39.0823],[24.0827,39.0844],[24.0835,39.0854],[24.0847,39.0862],[24.0862,39.0868],[24.0877,39.0868],[24.0892,39.0862],[24.0902,39.0853],[24.0908,39.084],[24.0914,39.0836],[24.0919,39.0841],[24.0925,39.0833],[24.093,39.0814],[24.0937,39.0803],[24.0948,39.0801],[24.0957,39.081],[24.0966,39.0829],[24.0971,39.0852],[24.0972,39.0878],[24.0975,39.0899],[24.0982,39.0914],[24.0985,39.0927],[24.0984,39.0938],[24.0977,39.0951],[24.0963,39.0966],[24.0945,39.0983],[24.0922,39.1001],[24.0906,39.1009],[24.0896,39.1006],[24.0893,39.1007],[24.0896,39.1013],[24.0896,39.1029],[24.0893,39.1055],[24.0897,39.1073],[24.0906,39.1083],[24.0916,39.1088],[24.0927,39.1089],[24.0945,39.1084],[24.0971,39.1073],[24.0987,39.1069],[24.0992,39.107],[24.0999,39.1068],[24.1006,39.106],[24.1009,39.1055],[24.1008,39.105],[24.1012,39.1045],[24.1021,39.104],[24.1031,39.1041],[24.1042,39.1048],[24.106,39.1048],[24.1086,39.1041],[24.1112,39.1044],[24.1138,39.1056],[24.1162,39.1062],[24.1183,39.1061],[24.1196,39.1058],[24.1203,39.1051],[24.1204,39.1044],[24.12,39.1039],[24.1202,39.1028],[24.1211,39.1013],[24.1216,39.0987],[24.1218,39.095],[24.1225,39.0922],[24.1235,39.0901],[24.124,39.0878],[24.1236,39.0852],[24.1227,39.0821],[24.1213,39.0784],[24.1207,39.0764],[24.1212,39.0761],[24.1221,39.0763],[24.1235,39.0772],[24.1245,39.0771],[24.1252,39.0761],[24.1263,39.0755],[24.1278,39.0752],[24.1289,39.0746],[24.1294,39.0738],[24.1297,39.0732],[24.1297,39.0727],[24.1294,39.0725],[24.1289,39.0724],[24.129,39.0722],[24.1298,39.0717],[24.1303,39.0698],[24.1304,39.0667],[24.1302,39.0641],[24.1295,39.0619],[24.1285,39.06],[24.1272,39.0582],[24.1258,39.0569],[24.1242,39.056],[24.1218,39.0554],[24.1188,39.055],[24.1167,39.0552],[24.1156,39.056],[24.1143,39.0565],[24.1128,39.0566],[24.1112,39.0561],[24.1097,39.0552],[24.1081,39.0547],[24.1066,39.0547],[24.106,39.0542],[24.1066,39.0531],[24.1065,39.0523],[24.106,39.0516],[24.1044,39.0514],[24.1018,39.0517],[24.0997,39.0526],[24.0981,39.054],[24.0972,39.0552],[24.0971,39.0563],[24.0966,39.057],[24.0957,39.0574],[24.094,39.0576],[24.0914,39.0577],[24.0896,39.0572],[24.0885,39.0562],[24.0886,39.0555],[24.09,39.055],[24.0905,39.0544],[24.0901,39.0539],[24.0899,39.0526],[24.09,39.0505],[24.0891,39.0479],[24.0872,39.0448],[24.0853,39.0427],[24.0837,39.0416],[24.0828,39.0411]],[[24.063,39.0296],[24.0625,39.0294],[24.0614,39.0291],[24.0604,39.029],[24.0594,39.0293],[24.0585,39.0297],[24.0577,39.0304],[24.0572,39.0312],[24.057,39.0323],[24.0571,39.0339],[24.0575,39.036],[24.0588,39.0378],[24.0609,39.0393],[24.0628,39.04],[24.0643,39.0398],[24.0656,39.0393],[24.0665,39.0384],[24.067,39.037],[24.0674,39.0349],[24.0672,39.0334],[24.0666,39.0323],[24.0655,39.0313],[24.0638,39.0302],[24.063,39.0296]],[[24.4714,39.0096],[24.4711,39.0097],[24.4707,39.0098],[24.4701,39.0108],[24.4696,39.0127],[24.4685,39.014],[24.4669,39.0148],[24.4656,39.016],[24.4646,39.0174],[24.4643,39.0193],[24.4646,39.0214],[24.4651,39.0227],[24.4658,39.0232],[24.4677,39.023],[24.4708,39.0223],[24.4734,39.0213],[24.4755,39.02],[24.4765,39.0185],[24.4764,39.0169],[24.4768,39.0156],[24.4774,39.0146],[24.4773,39.0138],[24.4764,39.0133],[24.4762,39.0127],[24.4767,39.0123],[24.477,39.0117],[24.4769,39.0112],[24.4765,39.0107],[24.4758,39.0104],[24.475,39.0105],[24.4739,39.011],[24.4729,39.0108],[24.4719,39.01],[24.4714,39.0096]]]}},{"type":"Feature","properties":{"depth":25,"kind":"band"},"geometry":{"type":"MultiPolygon","coordinates":[[[[24.0828,39.2943],[24.0822,39.2943],[24.0822,39.2943],[24.0828,39.2943],[24.0831,39.2943],[24.0831,39.2943],[24.0828,39.2943]]],[[[24.0951,39.081],[24.0945,39.0815],[24.0942,39.0815],[24.0941,39.081],[24.0943,39.0807],[24.095,39.0807],[24.0953,39.0807],[24.0953,39.0807],[24.0951,39.081]]],[[[24.1215,39.0768],[24.1214,39.0771],[24.1214,39.0771],[24.1215,39.0768],[24.1215,39.0766],[24.1215,39.0766],[24.1215,39.0768]]],[[[24.0894,39.0755],[24.0889,39.0755],[24.0889,39.0755],[24.0894,39.0755],[24.0896,39.0755],[24.0896,39.0755],[24.0894,39.0755]]],[[[24.0892,39.0734],[24.0885,39.0734],[24.0885,39.0734],[24.0892,39.0734],[24.0895,39.0734],[24.0895,39.0734],[24.0892,39.0734]]],[[[24.0933,39.0743],[24.0926,39.076],[24.0916,39.0763],[24.0902,39.0751],[24.09,39.0742],[24.0907,39.0735],[24.0918,39.0733],[24.093,39.0734],[24.0937,39.0734],[24.0937,39.0734],[24.0933,39.0743]]],[[[24.0998,39.0675],[24.1001,39.0679],[24.0999,39.0682],[24.0992,39.0682],[24.099,39.0679],[24.0994,39.0675],[24.0996,39.0672],[24.0996,39.0672],[24.0998,39.0675]]],[[[24.477,39.0099],[24.4765,39.0099],[24.4763,39.0097],[24.4765,39.0093],[24.4768,39.0093],[24.4771,39.0097],[24.4773,39.0099],[24.4773,39.0099],[24.477,39.0099]]],[[[25,39.1172],[25,39.3505],[24.9999,39.4673],[24.9996,39.4677],[24.9974,39.4649],[24.9932,39.459],[24.9901,39.4556],[24.988,39.4546],[24.986,39.4544],[24.9839,39.4549],[24.9806,39.4579],[24.9761,39.4634],[24.972,39.4705],[24.9682,39.4795],[24.9658,39.4865],[24.9647,39.4917],[24.9646,39.5003],[24.9655,39.5122],[24.9676,39.5226],[24.9709,39.5315],[24.9733,39.5368],[24.9748,39.5387],[24.9774,39.541],[24.9811,39.5439],[24.9833,39.5461],[24.9842,39.5476],[24.9849,39.5497],[24.9854,39.5523],[24.9866,39.5554],[24.9885,39.5591],[24.9921,39.5632],[24.9974,39.568],[24.9999,39.6777],[24.9996,39.8926],[24.755,40],[24.2659,40],[24.0198,39.9985],[24.0167,39.9956],[24.013,39.9929],[24.0089,39.9904],[24.0069,39.9888],[24.007,39.9883],[24.0056,39.9862],[24.0027,39.9825],[24.0023,39.9791],[24.0044,39.9761],[24.0055,39.9735],[24.0056,39.9714],[24.0042,39.9685],[24.0014,39.9648],[24,39.7825],[24,39.4216],[24.0009,39.2403],[24.0027,39.2386],[24.0052,39.2347],[24.0083,39.2286],[24.0091,39.2248],[24.0076,39.2233],[24.0059,39.2228],[24.004,39.2232],[24.0029,39.2228],[24.0027,39.2216],[24.002,39.2208],[24.0007,39.2205],[24.0001,39.1652],[24.0004,39.0551],[24.1195,39],[24.3576,39],[24.4767,39.0007],[24.477,39.002],[24.4768,39.0029],[24.4763,39.0034],[24.4763,39.0039],[24.4768,39.0044],[24.4768,39.0058],[24.4763,39.0079],[24.4754,39.0088],[24.4741,39.0087],[24.4732,39.009],[24.4727,39.0098],[24.4719,39.0098],[24.4708,39.0089],[24.4701,39.0092],[24.4695,39.0108],[24.4684,39.0122],[24.4665,39.0135],[24.4648,39.0151],[24.4635,39.0172],[24.4629,39.019],[24.463,39.0207],[24.4634,39.022],[24.4641,39.0229],[24.4652,39.0236],[24.4665,39.0239],[24.4688,39.0238],[24.4719,39.0231],[24.4745,39.0222],[24.4766,39.0209],[24.4776,39.0197],[24.4776,39.0184],[24.4784,39.0162],[24.4799,39.0133],[24.481,39.0117],[24.4815,39.0115],[24.4828,39.0122],[24.4849,39.0137],[24.4867,39.0142],[24.4883,39.0137],[24.4893,39.013],[24.4899,39.012],[24.4904,39.0116],[24.4908,39.012],[24.491,39.0116],[24.491,39.0105],[24.4913,39.0091],[24.4921,39.0076],[24.4937,39.0058],[24.496,39.0037],[24.4967,39.002],[24.4958,39.0007],[24.6215,39.0001],[24.8738,39.0004],[25,39.0005],[25,39.0005],[25,39.1172]],[[24.9888,39.7418],[24.9883,39.7414],[24.9877,39.7415],[24.9873,39.7419],[24.9873,39.7424],[24.9877,39.7429],[24.9883,39.7428],[24.9888,39.7423],[24.9891,39.742],[24.9891,39.742],[24.9888,39.7418]],[[24.6574,39.5318],[24.6567,39.5325],[24.6567,39.5334],[24.6574,39.5346],[24.6582,39.5349],[24.6589,39.5342],[24.6589,39.5333],[24.6582,39.5321],[24.6578,39.5315],[24.6578,39.5315],[24.6574,39.5318]],[[24.1753,39.4731],[24.1727,39.4732],[24.1706,39.4741],[24.1689,39.4758],[24.1691,39.4821],[24.1712,39.4929],[24.173,39.4997],[24.1744,39.5023],[24.1765,39.5052],[24.1793,39.5086],[24.1815,39.5106],[24.1831,39.5114],[24.1852,39.5117],[24.1878,39.5114],[24.1896,39.5109],[24.1906,39.5101],[24.192,39.5085],[24.194,39.506],[24.1954,39.5026],[24.1964,39.4985],[24.1968,39.4959],[24.1968,39.4948],[24.1958,39.493],[24.1939,39.4904],[24.1929,39.487],[24.1928,39.4828],[24.191,39.4797],[24.1876,39.4778],[24.1841,39.4763],[24.1804,39.4754],[24.1781,39.4744],[24.1771,39.4735],[24.1766,39.473],[24.1766,39.473],[24.1753,39.4731]],[[24.1583,39.3548],[24.1551,39.3554],[24.1522,39.3574],[24.1497,39.3608],[24.1469,39.3629],[24.1437,39.3637],[24.1414,39.364],[24.1399,39.3637],[24.1364,39.3653],[24.1309,39.3686],[24.1287,39.3706],[24.1298,39.3711],[24.1309,39.3725],[24.1322,39.3746],[24.1356,39.3775],[24.1414,39.381],[24.1453,39.384],[24.1474,39.3864],[24.1487,39.3895],[24.1494,39.3934],[24.1494,39.3958],[24.1487,39.3969],[24.1488,39.3982],[24.1495,39.3997],[24.1512,39.4026],[24.1539,39.4068],[24.1571,39.4104],[24.1611,39.4135],[24.1637,39.4158],[24.165,39.4174],[24.1665,39.42],[24.1684,39.4236],[24.1695,39.4265],[24.17,39.4286],[24.1708,39.4305],[24.1719,39.432],[24.1742,39.4337],[24.1779,39.4354],[24.1813,39.436],[24.1843,39.4357],[24.188,39.4358],[24.1922,39.4363],[24.1961,39.4375],[24.1998,39.4394],[24.2029,39.4403],[24.2055,39.4402],[24.2074,39.4391],[24.2086,39.437],[24.2088,39.4352],[24.2082,39.4338],[24.2073,39.4328],[24.2062,39.4323],[24.2039,39.4319],[24.2002,39.4318],[24.1979,39.4312],[24.197,39.4302],[24.1954,39.4293],[24.1933,39.4284],[24.1901,39.425],[24.1858,39.4191],[24.1838,39.4155],[24.1839,39.4144],[24.1844,39.4137],[24.1854,39.4136],[24.1864,39.4131],[24.1875,39.4123],[24.188,39.4122],[24.1881,39.4127],[24.1884,39.413],[24.1891,39.413],[24.189,39.4122],[24.1884,39.4107],[24.1885,39.4097],[24.1894,39.4092],[24.19,39.4086],[24.1901,39.408],[24.1904,39.4077],[24.191,39.4078],[24.1911,39.4073],[24.1908,39.4062],[24.191,39.4052],[24.1918,39.4041],[24.1926,39.4018],[24.1933,39.3982],[24.1935,39.3956],[24.193,39.394],[24.1892,39.3885],[24.1822,39.3793],[24.1765,39.3736],[24.1724,39.3717],[24.1695,39.3699],[24.168,39.3684],[24.1667,39.3677],[24.1656,39.368],[24.165,39.3679],[24.1646,39.3674],[24.1649,39.3667],[24.1656,39.3656],[24.1658,39.3641],[24.1656,39.362],[24.1649,39.3599],[24.1636,39.3577],[24.1622,39.3562],[24.1607,39.3551],[24.1599,39.3545],[24.1599,39.3545],[24.1583,39.3548]],[[24.1388,39.3333],[24.1341,39.3348],[24.131,39.3356],[24.1294,39.3355],[24.1278,39.335],[24.1263,39.3341],[24.1252,39.3343],[24.1247,39.3354],[24.1232,39.3367],[24.1207,39.3383],[24.1206,39.3407],[24.1229,39.3438],[24.1231,39.346],[24.1212,39.3475],[24.1194,39.348],[24.1177,39.3476],[24.117,39.3477],[24.1175,39.3481],[24.1173,39.3487],[24.1165,39.3492],[24.1164,39.3513],[24.1169,39.355],[24.118,39.3573],[24.1195,39.3582],[24.1211,39.3587],[24.1226,39.359],[24.1239,39.3581],[24.125,39.356],[24.126,39.3546],[24.1271,39.3538],[24.1281,39.3536],[24.1292,39.3537],[24.131,39.3533],[24.1336,39.3524],[24.1356,39.3521],[24.137,39.3524],[24.1386,39.3521],[24.1403,39.3511],[24.1416,39.3499],[24.1427,39.3484],[24.144,39.3475],[24.1456,39.347],[24.1468,39.3459],[24.1475,39.3441],[24.1476,39.3424],[24.1472,39.3409],[24.1473,39.3391],[24.148,39.337],[24.1478,39.3354],[24.1469,39.3344],[24.1451,39.3336],[24.1424,39.3329],[24.1411,39.3325],[24.1411,39.3325],[24.1388,39.3333]],[[24.3252,39.3281],[24.3185,39.3292],[24.3141,39.3308],[24.3122,39.3329],[24.3108,39.3349],[24.3099,39.337],[24.3097,39.3391],[24.3102,39.3412],[24.3119,39.3448],[24.3146,39.35],[24.3158,39.3547],[24.3156,39.3588],[24.3164,39.3627],[24.3181,39.3664],[24.3199,39.3689],[24.3215,39.3704],[24.3247,39.3712],[24.3295,39.3715],[24.3328,39.371],[24.3348,39.3699],[24.3358,39.368],[24.3357,39.3654],[24.3362,39.3623],[24.3371,39.3586],[24.3377,39.3552],[24.3379,39.3521],[24.3379,39.35],[24.3376,39.3489],[24.3365,39.3474],[24.3347,39.3453],[24.3338,39.344],[24.3339,39.3435],[24.3332,39.3424],[24.3317,39.3409],[24.3313,39.3399],[24.3318,39.3394],[24.3318,39.3378],[24.3311,39.3352],[24.3309,39.3331],[24.331,39.3315],[24.3309,39.3302],[24.3305,39.3291],[24.3299,39.3283],[24.329,39.3278],[24.3286,39.3275],[24.3286,39.3275],[24.3252,39.3281]],[[24.0927,39.289],[24.0916,39.2887],[24.0903,39.2888],[24.0888,39.2892],[24.087,39.2902],[24.0849,39.2919],[24.0836,39.2926],[24.0831,39.2923],[24.0826,39.2927],[24.0821,39.2937],[24.081,39.2936],[24.0794,39.2923],[24.0778,39.2917],[24.0763,39.2916],[24.075,39.2912],[24.0739,39.2905],[24.0715,39.2902],[24.0678,39.2901],[24.0652,39.2905],[24.0637,39.2912],[24.062,39.2925],[24.0599,39.2945],[24.0571,39.296],[24.0534,39.2969],[24.0511,39.2982],[24.05,39.2997],[24.0489,39.3004],[24.0478,39.3005],[24.0469,39.3029],[24.046,39.3076],[24.046,39.3102],[24.047,39.3107],[24.0487,39.311],[24.0514,39.3109],[24.0527,39.3114],[24.0526,39.3125],[24.0528,39.3134],[24.0533,39.3141],[24.0549,39.3144],[24.0576,39.3141],[24.059,39.3147],[24.0593,39.3164],[24.0588,39.3178],[24.0575,39.3189],[24.0558,39.3196],[24.0537,39.32],[24.0511,39.3194],[24.0479,39.3179],[24.0451,39.3172],[24.0426,39.3172],[24.0411,39.3169],[24.0409,39.3164],[24.0417,39.3159],[24.0436,39.3154],[24.044,39.3149],[24.0428,39.3146],[24.0419,39.3138],[24.0414,39.3126],[24.0403,39.3114],[24.0388,39.3101],[24.0375,39.3096],[24.0364,39.3097],[24.0351,39.3103],[24.0336,39.3114],[24.0331,39.3128],[24.0336,39.3144],[24.0348,39.3157],[24.0365,39.3167],[24.0373,39.3183],[24.037,39.3204],[24.0377,39.3243],[24.0394,39.3299],[24.0401,39.3336],[24.0401,39.3351],[24.0407,39.3377],[24.042,39.3414],[24.0443,39.3461],[24.0477,39.3518],[24.0513,39.3561],[24.0549,39.3589],[24.0578,39.3619],[24.0599,39.365],[24.063,39.3676],[24.0672,39.3698],[24.0716,39.3715],[24.0763,39.3727],[24.0795,39.3726],[24.0812,39.371],[24.0827,39.369],[24.0841,39.3664],[24.0855,39.3648],[24.0868,39.3644],[24.0879,39.3636],[24.0887,39.3625],[24.0896,39.3622],[24.0906,39.3627],[24.0914,39.3628],[24.0919,39.3624],[24.0925,39.3618],[24.093,39.3609],[24.0944,39.3595],[24.0966,39.3577],[24.0977,39.3562],[24.0975,39.3549],[24.0986,39.3536],[24.1011,39.3523],[24.103,39.3503],[24.1043,39.3477],[24.1047,39.3456],[24.1042,39.344],[24.1043,39.343],[24.1052,39.3425],[24.1055,39.3417],[24.1054,39.3406],[24.1057,39.3399],[24.1064,39.3394],[24.1066,39.3388],[24.1061,39.3383],[24.1061,39.3378],[24.1065,39.3373],[24.1059,39.3362],[24.1042,39.3347],[24.1035,39.3333],[24.1035,39.332],[24.1027,39.3293],[24.1007,39.3254],[24.1001,39.3232],[24.1006,39.3227],[24.1007,39.3219],[24.1003,39.3208],[24.1004,39.3195],[24.1008,39.318],[24.101,39.3162],[24.1009,39.3141],[24.1001,39.3112],[24.0986,39.3075],[24.0973,39.3047],[24.0959,39.3028],[24.0932,39.3003],[24.0891,39.2972],[24.0872,39.2953],[24.0878,39.2947],[24.0888,39.2947],[24.0903,39.2953],[24.0918,39.2953],[24.0931,39.2946],[24.094,39.2935],[24.0943,39.2919],[24.0942,39.2906],[24.0935,39.2896],[24.0932,39.2891],[24.0932,39.2891],[24.0927,39.289]],[[24.0823,39.041],[24.0792,39.0411],[24.0772,39.0415],[24.0765,39.042],[24.0758,39.043],[24.0751,39.0445],[24.0764,39.0484],[24.0797,39.0547],[24.0814,39.0586],[24.0817,39.0603],[24.0826,39.0621],[24.0841,39.0641],[24.0857,39.0675],[24.0874,39.0722],[24.0881,39.0748],[24.0877,39.0752],[24.0877,39.0758],[24.0883,39.0763],[24.0884,39.0768],[24.0881,39.0772],[24.087,39.0769],[24.0849,39.0759],[24.0836,39.0757],[24.083,39.0763],[24.0824,39.0787],[24.082,39.0828],[24.0823,39.0854],[24.0834,39.0865],[24.0847,39.0872],[24.0862,39.0876],[24.088,39.0872],[24.0901,39.086],[24.0914,39.0856],[24.0919,39.0859],[24.092,39.0858],[24.0917,39.0852],[24.0919,39.0844],[24.0928,39.0833],[24.0937,39.0827],[24.0948,39.0824],[24.0957,39.0829],[24.0964,39.0843],[24.0966,39.0857],[24.0964,39.0872],[24.0967,39.0888],[24.0974,39.0903],[24.0975,39.0919],[24.0973,39.0935],[24.0966,39.0951],[24.0955,39.0966],[24.0945,39.0974],[24.0937,39.0973],[24.0931,39.0978],[24.0928,39.0989],[24.0922,39.0997],[24.0915,39.1002],[24.0906,39.1003],[24.0896,39.1001],[24.0888,39.1012],[24.0883,39.1035],[24.0882,39.1052],[24.0885,39.1063],[24.0895,39.1076],[24.0913,39.1091],[24.094,39.1093],[24.0977,39.1082],[24.1,39.1068],[24.1011,39.1051],[24.1021,39.1042],[24.1031,39.1043],[24.1039,39.1046],[24.1044,39.1051],[24.1063,39.1052],[24.1094,39.1049],[24.112,39.1053],[24.1141,39.1064],[24.1162,39.1068],[24.1183,39.1066],[24.12,39.105],[24.1215,39.102],[24.1224,39.0987],[24.1227,39.095],[24.1232,39.0924],[24.1239,39.0909],[24.1242,39.0886],[24.124,39.0855],[24.1233,39.0823],[24.1222,39.0792],[24.1223,39.0777],[24.1238,39.0779],[24.1255,39.0774],[24.1276,39.0761],[24.1289,39.0749],[24.1296,39.0739],[24.1302,39.0713],[24.1306,39.0672],[24.1305,39.0641],[24.1298,39.0619],[24.1288,39.0599],[24.1273,39.0578],[24.1258,39.0564],[24.1242,39.0556],[24.1218,39.055],[24.1188,39.0546],[24.1162,39.0548],[24.1141,39.0557],[24.1113,39.0558],[24.108,39.055],[24.1062,39.0544],[24.106,39.0539],[24.1061,39.0534],[24.1066,39.0529],[24.1065,39.0522],[24.106,39.0514],[24.1041,39.0512],[24.101,39.0516],[24.0979,39.0529],[24.0948,39.055],[24.0929,39.0557],[24.0923,39.055],[24.0914,39.0529],[24.0903,39.0492],[24.089,39.0464],[24.0876,39.0443],[24.0862,39.0426],[24.0847,39.0415],[24.0839,39.0409],[24.0839,39.0409],[24.0823,39.041]],[[24.0598,39.0291],[24.0578,39.0302],[24.0568,39.032],[24.0569,39.0346],[24.0577,39.0368],[24.0592,39.0387],[24.0604,39.0398],[24.0615,39.0402],[24.0628,39.0403],[24.0643,39.0402],[24.0656,39.0396],[24.0667,39.0385],[24.0672,39.0365],[24.0672,39.0336],[24.0656,39.0312],[24.0625,39.0295],[24.0609,39.0286],[24.0609,39.0286],[24.0598,39.0291]]]]}},{"type":"Feature","properties":{"depth":25,"kind":"isobath"},"geometry":{"type":"MultiLineString","coordinates":[[[24.0831,39.2943],[24.0828,39.2943],[24.0822,39.2943],[24.0822,39.2943],[24.0828,39.2943],[24.0831,39.2943]],[[24.0953,39.0807],[24.0951,39.081],[24.0945,39.0815],[24.0942,39.0815],[24.0941,39.081],[24.0943,39.0807],[24.095,39.0807],[24.0953,39.0807]],[[24.1215,39.0766],[24.1215,39.0768],[24.1214,39.0771],[24.1214,39.0771],[24.1215,39.0768],[24.1215,39.0766]],[[24.0896,39.0755],[24.0894,39.0755],[24.0889,39.0755],[24.0889,39.0755],[24.0894,39.0755],[24.0896,39.0755]],[[24.0895,39.0734],[24.0892,39.0734],[24.0885,39.0734],[24.0885,39.0734],[24.0892,39.0734],[24.0895,39.0734]],[[24.0937,39.0734],[24.0933,39.0743],[24.0926,39.076],[24.0916,39.0763],[24.0902,39.0751],[24.09,39.0742],[24.0907,39.0735],[24.0918,39.0733],[24.093,39.0734],[24.0937,39.0734]],[[24.0996,39.0672],[24.0998,39.0675],[24.1001,39.0679],[24.0999,39.0682],[24.0992,39.0682],[24.099,39.0679],[24.0994,39.0675],[24.0996,39.0672]],[[24.4773,39.0099],[24.477,39.0099],[24.4765,39.0099],[24.4763,39.0097],[24.4765,39.0093],[24.4768,39.0093],[24.4771,39.0097],[24.4773,39.0099]],[[24.9995,39.4678],[24.9974,39.4649],[24.9932,39.459],[24.9901,39.4556],[24.988,39.4546],[24.986,39.4544],[24.9839,39.4549],[24.9806,39.4579],[24.9761,39.4634],[24.972,39.4705],[24.9682,39.4795],[24.9658,39.4865],[24.9647,39.4917],[24.9646,39.5003],[24.9655,39.5122],[24.9676,39.5226],[24.9709,39.5315],[24.9733,39.5368],[24.9748,39.5387],[24.9774,39.541],[24.9811,39.5439],[24.9833,39.5461],[24.9842,39.5476],[24.9849,39.5497],[24.9854,39.5523],[24.9866,39.5554],[24.9885,39.5591],[24.9895,39.5609]],[[24.0151,39.9941],[24.013,39.9929],[24.0089,39.9904],[24.0069,39.9888],[24.007,39.9883],[24.0056,39.9862],[24.0027,39.9825],[24.0023,39.9791],[24.0044,39.9761],[24.0055,39.9735],[24.0056,39.9714],[24.0056,39.9703]],[[24.0036,39.2377],[24.0052,39.2347],[24.0083,39.2286],[24.0091,39.2248],[24.0076,39.2233],[24.0059,39.2228],[24.004,39.2232],[24.0029,39.2228],[24.0027,39.2216],[24.0026,39.221]],[[24.4771,39.0026],[24.4768,39.0029],[24.4763,39.0034],[24.4763,39.0039],[24.4768,39.0044],[24.4768,39.0058],[24.4763,39.0079],[24.4754,39.0088],[24.4741,39.0087],[24.4732,39.009],[24.4727,39.0098],[24.4719,39.0098],[24.4708,39.0089],[24.4701,39.0092],[24.4695,39.0108],[24.4684,39.0122],[24.4665,39.0135],[24.4648,39.0151],[24.4635,39.0172],[24.4629,39.019],[24.463,39.0207],[24.4634,39.022],[24.4641,39.0229],[24.4652,39.0236],[24.4665,39.0239],[24.4688,39.0238],[24.4719,39.0231],[24.4745,39.0222],[24.4766,39.0209],[24.4776,39.0197],[24.4776,39.0184],[24.4784,39.0162],[24.4799,39.0133],[24.481,39.0117],[24.4815,39.0115],[24.4828,39.0122],[24.4849,39.0137],[24.4867,39.0142],[24.4883,39.0137],[24.4893,39.013],[24.4899,39.012],[24.4904,39.0116],[24.4908,39.012],[24.491,39.0116],[24.491,39.0105],[24.4913,39.0091],[24.4921,39.0076],[24.4937,39.0058],[24.496,39.0037],[24.4971,39.0026]],[[24.9891,39.742],[24.9888,39.7418],[24.9883,39.7414],[24.9877,39.7415],[24.9873,39.7419],[24.9873,39.7424],[24.9877,39.7429],[24.9883,39.7428],[24.9888,39.7423],[24.9891,39.742]],[[24.6578,39.5315],[24.6574,39.5318],[24.6567,39.5325],[24.6567,39.5334],[24.6574,39.5346],[24.6582,39.5349],[24.6589,39.5342],[24.6589,39.5333],[24.6582,39.5321],[24.6578,39.5315]],[[24.1766,39.473],[24.1753,39.4731],[24.1727,39.4732],[24.1706,39.4741],[24.1689,39.4758],[24.1691,39.4821],[24.1712,39.4929],[24.173,39.4997],[24.1744,39.5023],[24.1765,39.5052],[24.1793,39.5086],[24.1815,39.5106],[24.1831,39.5114],[24.1852,39.5117],[24.1878,39.5114],[24.1896,39.5109],[24.1906,39.5101],[24.192,39.5085],[24.194,39.506],[24.1954,39.5026],[24.1964,39.4985],[24.1968,39.4959],[24.1968,39.4948],[24.1958,39.493],[24.1939,39.4904],[24.1929,39.487],[24.1928,39.4828],[24.191,39.4797],[24.1876,39.4778],[24.1841,39.4763],[24.1804,39.4754],[24.1781,39.4744],[24.1771,39.4735],[24.1766,39.473]],[[24.1599,39.3545],[24.1583,39.3548],[24.1551,39.3554],[24.1522,39.3574],[24.1497,39.3608],[24.1469,39.3629],[24.1437,39.3637],[24.1414,39.364],[24.1399,39.3637],[24.1364,39.3653],[24.1309,39.3686],[24.1287,39.3706],[24.1298,39.3711],[24.1309,39.3725],[24.1322,39.3746],[24.1356,39.3775],[24.1414,39.381],[24.1453,39.384],[24.1474,39.3864],[24.1487,39.3895],[24.1494,39.3934],[24.1494,39.3958],[24.1487,39.3969],[24.1488,39.3982],[24.1495,39.3997],[24.1512,39.4026],[24.1539,39.4068],[24.1571,39.4104],[24.1611,39.4135],[24.1637,39.4158],[24.165,39.4174],[24.1665,39.42],[24.1684,39.4236],[24.1695,39.4265],[24.17,39.4286],[24.1708,39.4305],[24.1719,39.432],[24.1742,39.4337],[24.1779,39.4354],[24.1813,39.436],[24.1843,39.4357],[24.188,39.4358],[24.1922,39.4363],[24.1961,39.4375],[24.1998,39.4394],[24.2029,39.4403],[24.2055,39.4402],[24.2074,39.4391],[24.2086,39.437],[24.2088,39.4352],[24.2082,39.4338],[24.2073,39.4328],[24.2062,39.4323],[24.2039,39.4319],[24.2002,39.4318],[24.1979,39.4312],[24.197,39.4302],[24.1954,39.4293],[24.1933,39.4284],[24.1901,39.425],[24.1858,39.4191],[24.1838,39.4155],[24.1839,39.4144],[24.1844,39.4137],[24.1854,39.4136],[24.1864,39.4131],[24.1875,39.4123],[24.188,39.4122],[24.1881,39.4127],[24.1884,39.413],[24.1891,39.413],[24.189,39.4122],[24.1884,39.4107],[24.1885,39.4097],[24.1894,39.4092],[24.19,39.4086],[24.1901,39.408],[24.1904,39.4077],[24.191,39.4078],[24.1911,39.4073],[24.1908,39.4062],[24.191,39.4052],[24.1918,39.4041],[24.1926,39.4018],[24.1933,39.3982],[24.1935,39.3956],[24.193,39.394],[24.1892,39.3885],[24.1822,39.3793],[24.1765,39.3736],[24.1724,39.3717],[24.1695,39.3699],[24.168,39.3684],[24.1667,39.3677],[24.1656,39.368],[24.165,39.3679],[24.1646,39.3674],[24.1649,39.3667],[24.1656,39.3656],[24.1658,39.3641],[24.1656,39.362],[24.1649,39.3599],[24.1636,39.3577],[24.1622,39.3562],[24.1607,39.3551],[24.1599,39.3545]],[[24.1411,39.3325],[24.1388,39.3333],[24.1341,39.3348],[24.131,39.3356],[24.1294,39.3355],[24.1278,39.335],[24.1263,39.3341],[24.1252,39.3343],[24.1247,39.3354],[24.1232,39.3367],[24.1207,39.3383],[24.1206,39.3407],[24.1229,39.3438],[24.1231,39.346],[24.1212,39.3475],[24.1194,39.348],[24.1177,39.3476],[24.117,39.3477],[24.1175,39.3481],[24.1173,39.3487],[24.1165,39.3492],[24.1164,39.3513],[24.1169,39.355],[24.118,39.3573],[24.1195,39.3582],[24.1211,39.3587],[24.1226,39.359],[24.1239,39.3581],[24.125,39.356],[24.126,39.3546],[24.1271,39.3538],[24.1281,39.3536],[24.1292,39.3537],[24.131,39.3533],[24.1336,39.3524],[24.1356,39.3521],[24.137,39.3524],[24.1386,39.3521],[24.1403,39.3511],[24.1416,39.3499],[24.1427,39.3484],[24.144,39.3475],[24.1456,39.347],[24.1468,39.3459],[24.1475,39.3441],[24.1476,39.3424],[24.1472,39.3409],[24.1473,39.3391],[24.148,39.337],[24.1478,39.3354],[24.1469,39.3344],[24.1451,39.3336],[24.1424,39.3329],[24.1411,39.3325]],[[24.3286,39.3275],[24.3252,39.3281],[24.3185,39.3292],[24.3141,39.3308],[24.3122,39.3329],[24.3108,39.3349],[24.3099,39.337],[24.3097,39.3391],[24.3102,39.3412],[24.3119,39.3448],[24.3146,39.35],[24.3158,39.3547],[24.3156,39.3588],[24.3164,39.3627],[24.3181,39.3664],[24.3199,39.3689],[24.3215,39.3704],[24.3247,39.3712],[24.3295,39.3715],[24.3328,39.371],[24.3348,39.3699],[24.3358,39.368],[24.3357,39.3654],[24.3362,39.3623],[24.3371,39.3586],[24.3377,39.3552],[24.3379,39.3521],[24.3379,39.35],[24.3376,39.3489],[24.3365,39.3474],[24.3347,39.3453],[24.3338,39.344],[24.3339,39.3435],[24.3332,39.3424],[24.3317,39.3409],[24.3313,39.3399],[24.3318,39.3394],[24.3318,39.3378],[24.3311,39.3352],[24.3309,39.3331],[24.331,39.3315],[24.3309,39.3302],[24.3305,39.3291],[24.3299,39.3283],[24.329,39.3278],[24.3286,39.3275]],[[24.0932,39.2891],[24.0927,39.289],[24.0916,39.2887],[24.0903,39.2888],[24.0888,39.2892],[24.087,39.2902],[24.0849,39.2919],[24.0836,39.2926],[24.0831,39.2923],[24.0826,39.2927],[24.0821,39.2937],[24.081,39.2936],[24.0794,39.2923],[24.0778,39.2917],[24.0763,39.2916],[24.075,39.2912],[24.0739,39.2905],[24.0715,39.2902],[24.0678,39.2901],[24.0652,39.2905],[24.0637,39.2912],[24.062,39.2925],[24.0599,39.2945],[24.0571,39.296],[24.0534,39.2969],[24.0511,39.2982],[24.05,39.2997],[24.0489,39.3004],[24.0478,39.3005],[24.0469,39.3029],[24.046,39.3076],[24.046,39.3102],[24.047,39.3107],[24.0487,39.311],[24.0514,39.3109],[24.0527,39.3114],[24.0526,39.3125],[24.0528,39.3134],[24.0533,39.3141],[24.0549,39.3144],[24.0576,39.3141],[24.059,39.3147],[24.0593,39.3164],[24.0588,39.3178],[24.0575,39.3189],[24.0558,39.3196],[24.0537,39.32],[24.0511,39.3194],[24.0479,39.3179],[24.0451,39.3172],[24.0426,39.3172],[24.0411,39.3169],[24.0409,39.3164],[24.0417,39.3159],[24.0436,39.3154],[24.044,39.3149],[24.0428,39.3146],[24.0419,39.3138],[24.0414,39.3126],[24.0403,39.3114],[24.0388,39.3101],[24.0375,39.3096],[24.0364,39.3097],[24.0351,39.3103],[24.0336,39.3114],[24.0331,39.3128],[24.0336,39.3144],[24.0348,39.3157],[24.0365,39.3167],[24.0373,39.3183],[24.037,39.3204],[24.0377,39.3243],[24.0394,39.3299],[24.0401,39.3336],[24.0401,39.3351],[24.0407,39.3377],[24.042,39.3414],[24.0443,39.3461],[24.0477,39.3518],[24.0513,39.3561],[24.0549,39.3589],[24.0578,39.3619],[24.0599,39.365],[24.063,39.3676],[24.0672,39.3698],[24.0716,39.3715],[24.0763,39.3727],[24.0795,39.3726],[24.0812,39.371],[24.0827,39.369],[24.0841,39.3664],[24.0855,39.3648],[24.0868,39.3644],[24.0879,39.3636],[24.0887,39.3625],[24.0896,39.3622],[24.0906,39.3627],[24.0914,39.3628],[24.0919,39.3624],[24.0925,39.3618],[24.093,39.3609],[24.0944,39.3595],[24.0966,39.3577],[24.0977,39.3562],[24.0975,39.3549],[24.0986,39.3536],[24.1011,39.3523],[24.103,39.3503],[24.1043,39.3477],[24.1047,39.3456],[24.1042,39.344],[24.1043,39.343],[24.1052,39.3425],[24.1055,39.3417],[24.1054,39.3406],[24.1057,39.3399],[24.1064,39.3394],[24.1066,39.3388],[24.1061,39.3383],[24.1061,39.3378],[24.1065,39.3373],[24.1059,39.3362],[24.1042,39.3347],[24.1035,39.3333],[24.1035,39.332],[24.1027,39.3293],[24.1007,39.3254],[24.1001,39.3232],[24.1006,39.3227],[24.1007,39.3219],[24.1003,39.3208],[24.1004,39.3195],[24.1008,39.318],[24.101,39.3162],[24.1009,39.3141],[24.1001,39.3112],[24.0986,39.3075],[24.0973,39.3047],[24.0959,39.3028],[24.0932,39.3003],[24.0891,39.2972],[24.0872,39.2953],[24.0878,39.2947],[24.0888,39.2947],[24.0903,39.2953],[24.0918,39.2953],[24.0931,39.2946],[24.094,39.2935],[24.0943,39.2919],[24.0942,39.2906],[24.0935,39.2896],[24.0932,39.2891]],[[24.0839,39.0409],[24.0823,39.041],[24.0792,39.0411],[24.0772,39.0415],[24.0765,39.042],[24.0758,39.043],[24.0751,39.0445],[24.0764,39.0484],[24.0797,39.0547],[24.0814,39.0586],[24.0817,39.0603],[24.0826,39.0621],[24.0841,39.0641],[24.0857,39.0675],[24.0874,39.0722],[24.0881,39.0748],[24.0877,39.0752],[24.0877,39.0758],[24.0883,39.0763],[24.0884,39.0768],[24.0881,39.0772],[24.087,39.0769],[24.0849,39.0759],[24.0836,39.0757],[24.083,39.0763],[24.0824,39.0787],[24.082,39.0828],[24.0823,39.0854],[24.0834,39.0865],[24.0847,39.0872],[24.0862,39.0876],[24.088,39.0872],[24.0901,39.086],[24.0914,39.0856],[24.0919,39.0859],[24.092,39.0858],[24.0917,39.0852],[24.0919,39.0844],[24.0928,39.0833],[24.0937,39.0827],[24.0948,39.0824],[24.0957,39.0829],[24.0964,39.0843],[24.0966,39.0857],[24.0964,39.0872],[24.0967,39.0888],[24.0974,39.0903],[24.0975,39.0919],[24.0973,39.0935],[24.0966,39.0951],[24.0955,39.0966],[24.0945,39.0974],[24.0937,39.0973],[24.0931,39.0978],[24.0928,39.0989],[24.0922,39.0997],[24.0915,39.1002],[24.0906,39.1003],[24.0896,39.1001],[24.0888,39.1012],[24.0883,39.1035],[24.0882,39.1052],[24.0885,39.1063],[24.0895,39.1076],[24.0913,39.1091],[24.094,39.1093],[24.0977,39.1082],[24.1,39.1068],[24.1011,39.1051],[24.1021,39.1042],[24.1031,39.1043],[24.1039,39.1046],[24.1044,39.1051],[24.1063,39.1052],[24.1094,39.1049],[24.112,39.1053],[24.1141,39.1064],[24.1162,39.1068],[24.1183,39.1066],[24.12,39.105],[24.1215,39.102],[24.1224,39.0987],[24.1227,39.095],[24.1232,39.0924],[24.1239,39.0909],[24.1242,39.0886],[24.124,39.0855],[24.1233,39.0823],[24.1222,39.0792],[24.1223,39.0777],[24.1238,39.0779],[24.1255,39.0774],[24.1276,39.0761],[24.1289,39.0749],[24.1296,39.0739],[24.1302,39.0713],[24.1306,39.0672],[24.1305,39.0641],[24.1298,39.0619],[24.1288,39.0599],[24.1273,39.0578],[24.1258,39.0564],[24.1242,39.0556],[24.1218,39.055],[24.1188,39.0546],[24.1162,39.0548],[24.1141,39.0557],[24.1113,39.0558],[24.108,39.055],[24.1062,39.0544],[24.106,39.0539],[24.1061,39.0534],[24.1066,39.0529],[24.1065,39.0522],[24.106,39.0514],[24.1041,39.0512],[24.101,39.0516],[24.0979,39.0529],[24.0948,39.055],[24.0929,39.0557],[24.0923,39.055],[24.0914,39.0529],[24.0903,39.0492],[24.089,39.0464],[24.0876,39.0443],[24.0862,39.0426],[24.0847,39.0415],[24.0839,39.0409]],[[24.0609,39.0286],[24.0598,39.0291],[24.0578,39.0302],[24.0568,39.032],[24.0569,39.0346],[24.0577,39.0368],[24.0592,39.0387],[24.0604,39.0398],[24.0615,39.0402],[24.0628,39.0403],[24.0643,39.0402],[24.0656,39.0396],[24.0667,39.0385],[24.0672,39.0365],[24.0672,39.0336],[24.0656,39.0312],[24.0625,39.0295],[24.0609,39.0286]]]}},{"type":"Feature","properties":{"depth":30,"kind":"band"},"geometry":{"type":"MultiPolygon","coordinates":[[[[24.1663,39.3672],[24.1652,39.3672],[24.1648,39.3671],[24.165,39.3667],[24.1655,39.3667],[24.1664,39.3671],[24.1668,39.3672],[24.1668,39.3672],[24.1663,39.3672]]],[[[24.1225,39.3591],[24.1225,39.3595],[24.1222,39.3595],[24.1218,39.3591],[24.1219,39.3589],[24.1223,39.3589],[24.1226,39.3589],[24.1226,39.3589],[24.1225,39.3591]]],[[[24.0883,39.2955],[24.0881,39.2958],[24.0881,39.2958],[24.0883,39.2955],[24.0884,39.2953],[24.0884,39.2953],[24.0883,39.2955]]],[[[24.0893,39.087],[24.089,39.087],[24.089,39.087],[24.0893,39.087],[24.0895,39.087],[24.0895,39.087],[24.0893,39.087]]],[[[24.0952,39.0844],[24.0961,39.0854],[24.0963,39.0867],[24.0956,39.0882],[24.0945,39.0879],[24.0928,39.0859],[24.0923,39.0845],[24.0929,39.0837],[24.0936,39.0835],[24.0943,39.0838],[24.0947,39.0839],[24.0947,39.0839],[24.0952,39.0844]]],[[[24.0905,39.0745],[24.0901,39.0745],[24.0901,39.0745],[24.0905,39.0745],[24.0907,39.0745],[24.0907,39.0745],[24.0905,39.0745]]],[[[24.0931,39.0741],[24.0925,39.0754],[24.092,39.0756],[24.0916,39.0749],[24.0919,39.0742],[24.0929,39.0737],[24.0934,39.0734],[24.0934,39.0734],[24.0931,39.0741]]],[[[24.0998,39.0682],[24.0993,39.0682],[24.0991,39.068],[24.0994,39.0677],[24.0996,39.0677],[24.1,39.068],[24.1001,39.0682],[24.1001,39.0682],[24.0998,39.0682]]],[[[25,39.1167],[25,39.349],[24.9999,39.4652],[24.9996,39.4653],[24.9972,39.4625],[24.9925,39.4568],[24.9891,39.4536],[24.987,39.4532],[24.9849,39.4533],[24.9828,39.4542],[24.9796,39.4575],[24.975,39.4632],[24.9709,39.4703],[24.9671,39.4786],[24.9647,39.4854],[24.9636,39.4906],[24.9634,39.4992],[24.9643,39.5112],[24.9664,39.5222],[24.9698,39.5321],[24.972,39.5377],[24.9729,39.539],[24.9755,39.5414],[24.9796,39.5447],[24.9823,39.5485],[24.9838,39.5526],[24.9857,39.5567],[24.9879,39.5606],[24.9918,39.5651],[24.9973,39.57],[24.9999,39.6793],[24.9996,39.8931],[24.7552,40],[24.2667,40],[24.0212,39.9988],[24.0189,39.9965],[24.0155,39.9938],[24.0111,39.9907],[24.0074,39.9873],[24.0043,39.9836],[24.0029,39.981],[24.0033,39.9794],[24.0041,39.9776],[24.0054,39.9755],[24.0061,39.9737],[24.0063,39.9722],[24.0061,39.9709],[24.0057,39.9698],[24.0041,39.9677],[24.0014,39.9646],[24,39.7825],[24,39.4216],[24.001,39.2403],[24.0029,39.2388],[24.0055,39.2349],[24.0087,39.2286],[24.0096,39.2247],[24.0083,39.2232],[24.0065,39.2227],[24.0043,39.2231],[24.0032,39.2229],[24.0032,39.2219],[24.0024,39.2209],[24.0008,39.2198],[24.0001,39.1645],[24.0004,39.0548],[24.119,39],[24.356,39],[24.4746,39.0004],[24.475,39.0012],[24.4748,39.0019],[24.4742,39.0024],[24.4742,39.0031],[24.4747,39.0042],[24.4747,39.0055],[24.4742,39.007],[24.4728,39.0078],[24.4705,39.0077],[24.4692,39.0083],[24.4689,39.0094],[24.4675,39.011],[24.4652,39.0131],[24.4635,39.0151],[24.4625,39.0172],[24.462,39.019],[24.4622,39.0206],[24.4625,39.0219],[24.4632,39.0229],[24.465,39.0238],[24.4679,39.0245],[24.4706,39.0245],[24.4733,39.0238],[24.4746,39.0231],[24.4745,39.0226],[24.4757,39.0218],[24.4783,39.0208],[24.4797,39.0195],[24.4802,39.018],[24.481,39.0165],[24.4822,39.0152],[24.4839,39.015],[24.486,39.016],[24.4873,39.0162],[24.4877,39.0156],[24.4883,39.0154],[24.4888,39.0157],[24.4896,39.0153],[24.4906,39.0144],[24.4914,39.0139],[24.4919,39.014],[24.4922,39.0132],[24.4922,39.0117],[24.4926,39.0101],[24.4935,39.0086],[24.4943,39.0077],[24.495,39.0075],[24.4954,39.007],[24.4957,39.0061],[24.4967,39.0049],[24.4986,39.0034],[24.4995,39.002],[24.4995,39.0007],[24.6246,39.0001],[24.8749,39.0004],[25,39.0005],[25,39.0005],[25,39.1167]],[[24.9877,39.7412],[24.987,39.7419],[24.987,39.7425],[24.9877,39.7432],[24.9884,39.7432],[24.9891,39.7425],[24.9891,39.7419],[24.9884,39.7412],[24.988,39.7408],[24.988,39.7408],[24.9877,39.7412]],[[24.6574,39.5317],[24.6565,39.5324],[24.6565,39.5335],[24.6574,39.5348],[24.6583,39.535],[24.6592,39.5343],[24.6592,39.5333],[24.6583,39.532],[24.6578,39.5313],[24.6578,39.5313],[24.6574,39.5317]],[[24.1751,39.472],[24.172,39.4723],[24.1697,39.4735],[24.1681,39.4756],[24.1685,39.4821],[24.1708,39.4929],[24.1726,39.4997],[24.174,39.5023],[24.176,39.5052],[24.1785,39.5085],[24.1808,39.5108],[24.1829,39.5121],[24.1852,39.5127],[24.1878,39.5124],[24.1899,39.5117],[24.1914,39.5107],[24.193,39.5092],[24.1945,39.5071],[24.1959,39.5036],[24.1971,39.4988],[24.1976,39.4956],[24.1972,39.494],[24.1965,39.4922],[24.1952,39.4901],[24.1943,39.487],[24.1938,39.4828],[24.1921,39.4797],[24.1894,39.4778],[24.1857,39.476],[24.181,39.4743],[24.1781,39.4731],[24.1771,39.4723],[24.1766,39.4719],[24.1766,39.4719],[24.1751,39.472]],[[24.1615,39.3544],[24.1604,39.3539],[24.1586,39.354],[24.1561,39.3545],[24.1541,39.3552],[24.1528,39.3563],[24.1519,39.3573],[24.1514,39.3584],[24.1506,39.3589],[24.1496,39.3589],[24.1488,39.3597],[24.1481,39.3612],[24.1456,39.3624],[24.1413,39.3631],[24.1378,39.364],[24.1352,39.3651],[24.1323,39.3669],[24.1291,39.3692],[24.128,39.3706],[24.1289,39.3711],[24.1299,39.3724],[24.1308,39.3745],[24.1319,39.376],[24.133,39.3771],[24.1354,39.3788],[24.1392,39.3811],[24.1414,39.3828],[24.1419,39.3837],[24.1426,39.3841],[24.1434,39.384],[24.1439,39.3842],[24.1441,39.3847],[24.144,39.3852],[24.1434,39.3858],[24.1435,39.3858],[24.144,39.3852],[24.1448,39.3852],[24.1457,39.3857],[24.1461,39.3862],[24.1458,39.3867],[24.1463,39.3878],[24.1474,39.3893],[24.1481,39.3914],[24.1484,39.394],[24.1484,39.3958],[24.1479,39.3969],[24.1483,39.3987],[24.1495,39.4013],[24.1507,39.4033],[24.152,39.4046],[24.153,39.4061],[24.1537,39.408],[24.1568,39.4112],[24.1621,39.4159],[24.1665,39.4219],[24.1698,39.4292],[24.1733,39.4339],[24.1768,39.436],[24.1807,39.4369],[24.1849,39.4366],[24.1894,39.4369],[24.1941,39.4378],[24.1974,39.4391],[24.1995,39.4406],[24.2021,39.4413],[24.2052,39.4412],[24.2075,39.4401],[24.209,39.438],[24.2095,39.436],[24.2091,39.4342],[24.2081,39.4327],[24.2065,39.4318],[24.2044,39.4313],[24.2018,39.4313],[24.2,39.4311],[24.1989,39.4306],[24.1969,39.4292],[24.1938,39.4268],[24.1919,39.4256],[24.1914,39.4256],[24.1895,39.4232],[24.1865,39.4184],[24.1849,39.4157],[24.1849,39.415],[24.1854,39.4143],[24.1865,39.4137],[24.1879,39.4136],[24.1896,39.4139],[24.1901,39.4133],[24.1894,39.4117],[24.1895,39.4106],[24.1904,39.4102],[24.1911,39.4094],[24.1916,39.4083],[24.1916,39.4073],[24.1912,39.4062],[24.1914,39.4052],[24.1923,39.4041],[24.1931,39.4018],[24.1939,39.3982],[24.1941,39.3956],[24.1937,39.394],[24.1899,39.3885],[24.1827,39.3792],[24.1779,39.3737],[24.1756,39.3722],[24.174,39.3714],[24.1729,39.3715],[24.1709,39.3701],[24.1679,39.3675],[24.1663,39.3648],[24.166,39.3622],[24.1649,39.3593],[24.163,39.3562],[24.162,39.3546],[24.162,39.3546],[24.1615,39.3544]],[[24.1438,39.3327],[24.1407,39.3325],[24.137,39.3331],[24.1328,39.3346],[24.1292,39.335],[24.1262,39.3343],[24.1245,39.3344],[24.1242,39.3354],[24.1228,39.3367],[24.1204,39.3383],[24.1202,39.3404],[24.1221,39.343],[24.1229,39.3448],[24.1226,39.3457],[24.1221,39.3459],[24.1215,39.3455],[24.1215,39.3456],[24.122,39.3461],[24.1218,39.3467],[24.1208,39.3472],[24.1195,39.3473],[24.118,39.347],[24.1169,39.3471],[24.1164,39.3476],[24.1162,39.3496],[24.1163,39.353],[24.1161,39.355],[24.1154,39.3555],[24.1154,39.356],[24.116,39.3565],[24.1162,39.3571],[24.1161,39.3575],[24.1176,39.3583],[24.1209,39.3594],[24.123,39.3597],[24.124,39.3592],[24.1248,39.3582],[24.1252,39.3566],[24.1263,39.3554],[24.1278,39.3545],[24.1302,39.3536],[24.1333,39.3527],[24.1359,39.3526],[24.1381,39.3533],[24.1399,39.3528],[24.1414,39.3509],[24.1425,39.3501],[24.143,39.3504],[24.1433,39.35],[24.1432,39.3491],[24.144,39.3482],[24.1456,39.3476],[24.1469,39.346],[24.1479,39.3435],[24.1483,39.3417],[24.148,39.3406],[24.1482,39.3391],[24.1487,39.337],[24.1481,39.3351],[24.1462,39.3336],[24.1453,39.3328],[24.1453,39.3328],[24.1438,39.3327]],[[24.1056,39.3306],[24.1053,39.3307],[24.1053,39.3307],[24.1056,39.3306],[24.1057,39.3306],[24.1057,39.3306],[24.1056,39.3306]],[[24.3287,39.3273],[24.3266,39.3272],[24.3229,39.3277],[24.3177,39.3288],[24.3146,39.3297],[24.3135,39.3304],[24.3121,39.3324],[24.3102,39.3355],[24.3095,39.3383],[24.31,39.3409],[24.3115,39.3446],[24.314,39.3493],[24.3152,39.3534],[24.3151,39.3571],[24.3153,39.36],[24.3158,39.3621],[24.3169,39.3646],[24.3185,39.3675],[24.3203,39.3696],[24.3224,39.3709],[24.3255,39.3717],[24.3297,39.3718],[24.3328,39.3713],[24.3349,39.3702],[24.3361,39.3674],[24.3365,39.3631],[24.3371,39.3599],[24.3378,39.3578],[24.3383,39.355],[24.3384,39.3513],[24.3382,39.3487],[24.3375,39.3472],[24.3366,39.3459],[24.3355,39.345],[24.3344,39.3434],[24.3333,39.3412],[24.3324,39.3375],[24.3319,39.3323],[24.3311,39.3291],[24.3302,39.328],[24.3297,39.3274],[24.3297,39.3274],[24.3287,39.3273]],[[24.0927,39.2885],[24.0916,39.2883],[24.0896,39.2886],[24.0865,39.2894],[24.0847,39.2904],[24.0842,39.2916],[24.0836,39.2921],[24.0831,39.2918],[24.0823,39.2919],[24.0812,39.2924],[24.0802,39.2922],[24.0791,39.2915],[24.0778,39.2911],[24.0763,39.2912],[24.075,39.2909],[24.0739,39.2902],[24.0713,39.2899],[24.0672,39.2899],[24.0641,39.2908],[24.062,39.2925],[24.0607,39.2933],[24.0602,39.2932],[24.0598,39.2934],[24.0598,39.294],[24.0587,39.2948],[24.0567,39.2959],[24.0547,39.2965],[24.0526,39.2968],[24.0511,39.2977],[24.05,39.2993],[24.0489,39.3002],[24.0476,39.3004],[24.0468,39.3021],[24.0465,39.3052],[24.046,39.3076],[24.0454,39.3091],[24.0457,39.3102],[24.0468,39.3109],[24.0486,39.3111],[24.0511,39.311],[24.0523,39.3114],[24.0522,39.3125],[24.0526,39.3135],[24.0532,39.3144],[24.0547,39.3147],[24.0568,39.3145],[24.0581,39.3151],[24.0586,39.3165],[24.0583,39.3177],[24.0572,39.3188],[24.0556,39.3194],[24.0536,39.3198],[24.0511,39.3192],[24.0479,39.3179],[24.0452,39.3172],[24.0427,39.3172],[24.0414,39.3169],[24.0412,39.3164],[24.0421,39.3159],[24.044,39.3154],[24.0442,39.3148],[24.0429,39.3142],[24.0411,39.3128],[24.0391,39.3105],[24.0375,39.3094],[24.0364,39.3095],[24.0351,39.3101],[24.0336,39.3114],[24.033,39.3128],[24.0333,39.3143],[24.0341,39.3156],[24.0352,39.3167],[24.036,39.3177],[24.0363,39.3188],[24.0367,39.3211],[24.0372,39.3248],[24.038,39.3282],[24.0392,39.3313],[24.0397,39.3336],[24.0396,39.3351],[24.04,39.3367],[24.041,39.3383],[24.0415,39.3399],[24.0417,39.3414],[24.0437,39.3453],[24.0473,39.3516],[24.0511,39.3562],[24.0549,39.3591],[24.0578,39.3621],[24.0599,39.3652],[24.063,39.3678],[24.0672,39.37],[24.0716,39.3718],[24.0763,39.3731],[24.0789,39.3737],[24.0794,39.3737],[24.0807,39.3726],[24.0826,39.3704],[24.0841,39.3682],[24.0853,39.3661],[24.087,39.3646],[24.089,39.3637],[24.0903,39.3634],[24.0909,39.3639],[24.0916,39.3639],[24.0927,39.3636],[24.0934,39.3628],[24.0937,39.3615],[24.0949,39.3599],[24.097,39.3578],[24.0981,39.3563],[24.0983,39.3552],[24.0991,39.3543],[24.1008,39.3534],[24.1021,39.3522],[24.1031,39.3507],[24.104,39.349],[24.1047,39.3473],[24.1049,39.3456],[24.1044,39.344],[24.1046,39.343],[24.1055,39.3425],[24.1058,39.3417],[24.1056,39.3406],[24.106,39.3399],[24.107,39.3394],[24.1073,39.3388],[24.1068,39.3383],[24.1067,39.3378],[24.107,39.3373],[24.1063,39.3362],[24.1046,39.3347],[24.1039,39.3336],[24.1042,39.3331],[24.1041,39.332],[24.1036,39.3305],[24.1026,39.3281],[24.1011,39.325],[24.1005,39.3232],[24.101,39.3227],[24.101,39.3216],[24.1007,39.3199],[24.1014,39.3194],[24.1031,39.32],[24.1032,39.3198],[24.1019,39.3187],[24.1012,39.3169],[24.1012,39.3143],[24.1005,39.3112],[24.099,39.3075],[24.0978,39.3049],[24.0969,39.3034],[24.0955,39.3018],[24.0936,39.3003],[24.0929,39.2992],[24.0932,39.2987],[24.0921,39.2979],[24.0897,39.2969],[24.0893,39.2963],[24.0913,39.296],[24.0927,39.2955],[24.0938,39.2948],[24.0944,39.2936],[24.0948,39.2919],[24.0945,39.2905],[24.0936,39.2892],[24.0932,39.2886],[24.0932,39.2886],[24.0927,39.2885]],[[24.0808,39.0402],[24.0787,39.0405],[24.0771,39.0411],[24.0761,39.0418],[24.0753,39.043],[24.0746,39.0445],[24.0773,39.0516],[24.0832,39.0641],[24.0861,39.0711],[24.0858,39.0726],[24.0863,39.0742],[24.0874,39.0758],[24.0869,39.0762],[24.0849,39.0754],[24.0835,39.0754],[24.0827,39.0762],[24.0819,39.0784],[24.0812,39.0821],[24.0809,39.0844],[24.0812,39.0854],[24.0814,39.0862],[24.0817,39.0867],[24.0834,39.0875],[24.0865,39.0886],[24.0888,39.0883],[24.0903,39.0867],[24.0926,39.0872],[24.0956,39.0898],[24.097,39.0919],[24.0967,39.0935],[24.096,39.0951],[24.0949,39.0966],[24.094,39.0973],[24.0935,39.097],[24.093,39.0975],[24.0925,39.0986],[24.0917,39.0995],[24.0906,39.1],[24.0898,39.1],[24.0893,39.0997],[24.0889,39.0998],[24.0887,39.1002],[24.0882,39.1013],[24.0877,39.1028],[24.0876,39.1047],[24.0879,39.1068],[24.0888,39.1083],[24.09,39.1094],[24.0913,39.11],[24.0926,39.1101],[24.0948,39.1097],[24.0979,39.1086],[24.1,39.1075],[24.1009,39.1063],[24.1014,39.1055],[24.1012,39.105],[24.1015,39.1046],[24.1022,39.1044],[24.1031,39.1046],[24.1042,39.1053],[24.1052,39.1055],[24.1063,39.1052],[24.1089,39.1056],[24.113,39.1066],[24.1162,39.1071],[24.1183,39.107],[24.1202,39.1053],[24.1218,39.1021],[24.1229,39.0987],[24.1232,39.095],[24.1237,39.0924],[24.1243,39.0909],[24.1243,39.0872],[24.1236,39.0815],[24.1244,39.0782],[24.1265,39.0773],[24.1283,39.076],[24.1296,39.0743],[24.1305,39.0713],[24.1309,39.0672],[24.1307,39.0638],[24.1298,39.0612],[24.1285,39.0589],[24.1268,39.0568],[24.125,39.0554],[24.1233,39.0548],[24.1208,39.0544],[24.1177,39.0543],[24.1153,39.0545],[24.1138,39.0552],[24.1114,39.0553],[24.1084,39.0549],[24.1066,39.0544],[24.1063,39.0539],[24.1062,39.0531],[24.1065,39.0521],[24.1059,39.0512],[24.1044,39.0505],[24.1023,39.0505],[24.0997,39.0511],[24.0976,39.0522],[24.0961,39.0535],[24.0949,39.0537],[24.094,39.053],[24.0919,39.0501],[24.0886,39.0451],[24.0865,39.0422],[24.0854,39.0413],[24.0841,39.0406],[24.0826,39.0402],[24.0818,39.04],[24.0818,39.04],[24.0808,39.0402]],[[24.0615,39.0285],[24.0604,39.0284],[24.059,39.0289],[24.0571,39.0301],[24.0564,39.0323],[24.057,39.0354],[24.0584,39.0379],[24.0608,39.0399],[24.0628,39.0407],[24.0643,39.0404],[24.0656,39.0399],[24.0667,39.039],[24.0674,39.0374],[24.0677,39.0351],[24.0676,39.0331],[24.067,39.0315],[24.0655,39.0302],[24.0632,39.0291],[24.062,39.0286],[24.062,39.0286],[24.0615,39.0285]]]]}},{"type":"Feature","properties":{"depth":30,"kind":"isobath"},"geometry":{"type":"MultiLineString","coordinates":[[[24.1668,39.3672],[24.1663,39.3672],[24.1652,39.3672],[24.1648,39.3671],[24.165,39.3667],[24.1655,39.3667],[24.1664,39.3671],[24.1668,39.3672]],[[24.1226,39.3589],[24.1225,39.3591],[24.1225,39.3595],[24.1222,39.3595],[24.1218,39.3591],[24.1219,39.3589],[24.1223,39.3589],[24.1226,39.3589]],[[24.0884,39.2953],[24.0883,39.2955],[24.0881,39.2958],[24.0881,39.2958],[24.0883,39.2955],[24.0884,39.2953]],[[24.0895,39.087],[24.0893,39.087],[24.089,39.087],[24.089,39.087],[24.0893,39.087],[24.0895,39.087]],[[24.0947,39.0839],[24.0952,39.0844],[24.0961,39.0854],[24.0963,39.0867],[24.0956,39.0882],[24.0945,39.0879],[24.0928,39.0859],[24.0923,39.0845],[24.0929,39.0837],[24.0936,39.0835],[24.0943,39.0838],[24.0947,39.0839]],[[24.0907,39.0745],[24.0905,39.0745],[24.0901,39.0745],[24.0901,39.0745],[24.0905,39.0745],[24.0907,39.0745]],[[24.0934,39.0734],[24.0931,39.0741],[24.0925,39.0754],[24.092,39.0756],[24.0916,39.0749],[24.0919,39.0742],[24.0929,39.0737],[24.0934,39.0734]],[[24.1001,39.0682],[24.0998,39.0682],[24.0993,39.0682],[24.0991,39.068],[24.0994,39.0677],[24.0996,39.0677],[24.1,39.068],[24.1001,39.0682]],[[24.9995,39.4654],[24.9972,39.4625],[24.9925,39.4568],[24.9891,39.4536],[24.987,39.4532],[24.9849,39.4533],[24.9828,39.4542],[24.9796,39.4575],[24.975,39.4632],[24.9709,39.4703],[24.9671,39.4786],[24.9647,39.4854],[24.9636,39.4906],[24.9634,39.4992],[24.9643,39.5112],[24.9664,39.5222],[24.9698,39.5321],[24.972,39.5377],[24.9729,39.539],[24.9755,39.5414],[24.9796,39.5447],[24.9823,39.5485],[24.9838,39.5526],[24.9857,39.5567],[24.9879,39.5606],[24.9891,39.5626]],[[24.0177,39.9953],[24.0155,39.9938],[24.0111,39.9907],[24.0074,39.9873],[24.0043,39.9836],[24.0029,39.981],[24.0033,39.9794],[24.0041,39.9776],[24.0054,39.9755],[24.0061,39.9737],[24.0063,39.9722],[24.0061,39.9709],[24.0057,39.9698],[24.0055,39.9693]],[[24.0039,39.238],[24.0055,39.2349],[24.0087,39.2286],[24.0096,39.2247],[24.0083,39.2232],[24.0065,39.2227],[24.0043,39.2231],[24.0032,39.2229],[24.0032,39.2219],[24.0032,39.2214]],[[24.4751,39.0016],[24.4748,39.0019],[24.4742,39.0024],[24.4742,39.0031],[24.4747,39.0042],[24.4747,39.0055],[24.4742,39.007],[24.4728,39.0078],[24.4705,39.0077],[24.4692,39.0083],[24.4689,39.0094],[24.4675,39.011],[24.4652,39.0131],[24.4635,39.0151],[24.4625,39.0172],[24.462,39.019],[24.4622,39.0206],[24.4625,39.0219],[24.4632,39.0229],[24.465,39.0238],[24.4679,39.0245],[24.4706,39.0245],[24.4733,39.0238],[24.4746,39.0231],[24.4745,39.0226],[24.4757,39.0218],[24.4783,39.0208],[24.4797,39.0195],[24.4802,39.018],[24.481,39.0165],[24.4822,39.0152],[24.4839,39.015],[24.486,39.016],[24.4873,39.0162],[24.4877,39.0156],[24.4883,39.0154],[24.4888,39.0157],[24.4896,39.0153],[24.4906,39.0144],[24.4914,39.0139],[24.4919,39.014],[24.4922,39.0132],[24.4922,39.0117],[24.4926,39.0101],[24.4935,39.0086],[24.4943,39.0077],[24.495,39.0075],[24.4954,39.007],[24.4957,39.0061],[24.4967,39.0049],[24.4986,39.0034],[24.4995,39.0026]],[[24.988,39.7408],[24.9877,39.7412],[24.987,39.7419],[24.987,39.7425],[24.9877,39.7432],[24.9884,39.7432],[24.9891,39.7425],[24.9891,39.7419],[24.9884,39.7412],[24.988,39.7408]],[[24.6578,39.5313],[24.6574,39.5317],[24.6565,39.5324],[24.6565,39.5335],[24.6574,39.5348],[24.6583,39.535],[24.6592,39.5343],[24.6592,39.5333],[24.6583,39.532],[24.6578,39.5313]],[[24.1766,39.4719],[24.1751,39.472],[24.172,39.4723],[24.1697,39.4735],[24.1681,39.4756],[24.1685,39.4821],[24.1708,39.4929],[24.1726,39.4997],[24.174,39.5023],[24.176,39.5052],[24.1785,39.5085],[24.1808,39.5108],[24.1829,39.5121],[24.1852,39.5127],[24.1878,39.5124],[24.1899,39.5117],[24.1914,39.5107],[24.193,39.5092],[24.1945,39.5071],[24.1959,39.5036],[24.1971,39.4988],[24.1976,39.4956],[24.1972,39.494],[24.1965,39.4922],[24.1952,39.4901],[24.1943,39.487],[24.1938,39.4828],[24.1921,39.4797],[24.1894,39.4778],[24.1857,39.476],[24.181,39.4743],[24.1781,39.4731],[24.1771,39.4723],[24.1766,39.4719]],[[24.162,39.3546],[24.1615,39.3544],[24.1604,39.3539],[24.1586,39.354],[24.1561,39.3545],[24.1541,39.3552],[24.1528,39.3563],[24.1519,39.3573],[24.1514,39.3584],[24.1506,39.3589],[24.1496,39.3589],[24.1488,39.3597],[24.1481,39.3612],[24.1456,39.3624],[24.1413,39.3631],[24.1378,39.364],[24.1352,39.3651],[24.1323,39.3669],[24.1291,39.3692],[24.128,39.3706],[24.1289,39.3711],[24.1299,39.3724],[24.1308,39.3745],[24.1319,39.376],[24.133,39.3771],[24.1354,39.3788],[24.1392,39.3811],[24.1414,39.3828],[24.1419,39.3837],[24.1426,39.3841],[24.1434,39.384],[24.1439,39.3842],[24.1441,39.3847],[24.144,39.3852],[24.1434,39.3858],[24.1435,39.3858],[24.144,39.3852],[24.1448,39.3852],[24.1457,39.3857],[24.1461,39.3862],[24.1458,39.3867],[24.1463,39.3878],[24.1474,39.3893],[24.1481,39.3914],[24.1484,39.394],[24.1484,39.3958],[24.1479,39.3969],[24.1483,39.3987],[24.1495,39.4013],[24.1507,39.4033],[24.152,39.4046],[24.153,39.4061],[24.1537,39.408],[24.1568,39.4112],[24.1621,39.4159],[24.1665,39.4219],[24.1698,39.4292],[24.1733,39.4339],[24.1768,39.436],[24.1807,39.4369],[24.1849,39.4366],[24.1894,39.4369],[24.1941,39.4378],[24.1974,39.4391],[24.1995,39.4406],[24.2021,39.4413],[24.2052,39.4412],[24.2075,39.4401],[24.209,39.438],[24.2095,39.436],[24.2091,39.4342],[24.2081,39.4327],[24.2065,39.4318],[24.2044,39.4313],[24.2018,39.4313],[24.2,39.4311],[24.1989,39.4306],[24.1969,39.4292],[24.1938,39.4268],[24.1919,39.4256],[24.1914,39.4256],[24.1895,39.4232],[24.1865,39.4184],[24.1849,39.4157],[24.1849,39.415],[24.1854,39.4143],[24.1865,39.4137],[24.1879,39.4136],[24.1896,39.4139],[24.1901,39.4133],[24.1894,39.4117],[24.1895,39.4106],[24.1904,39.4102],[24.1911,39.4094],[24.1916,39.4083],[24.1916,39.4073],[24.1912,39.4062],[24.1914,39.4052],[24.1923,39.4041],[24.1931,39.4018],[24.1939,39.3982],[24.1941,39.3956],[24.1937,39.394],[24.1899,39.3885],[24.1827,39.3792],[24.1779,39.3737],[24.1756,39.3722],[24.174,39.3714],[24.1729,39.3715],[24.1709,39.3701],[24.1679,39.3675],[24.1663,39.3648],[24.166,39.3622],[24.1649,39.3593],[24.163,39.3562],[24.162,39.3546]],[[24.1453,39.3328],[24.1438,39.3327],[24.1407,39.3325],[24.137,39.3331],[24.1328,39.3346],[24.1292,39.335],[24.1262,39.3343],[24.1245,39.3344],[24.1242,39.3354],[24.1228,39.3367],[24.1204,39.3383],[24.1202,39.3404],[24.1221,39.343],[24.1229,39.3448],[24.1226,39.3457],[24.1221,39.3459],[24.1215,39.3455],[24.1215,39.3456],[24.122,39.3461],[24.1218,39.3467],[24.1208,39.3472],[24.1195,39.3473],[24.118,39.347],[24.1169,39.3471],[24.1164,39.3476],[24.1162,39.3496],[24.1163,39.353],[24.1161,39.355],[24.1154,39.3555],[24.1154,39.356],[24.116,39.3565],[24.1162,39.3571],[24.1161,39.3575],[24.1176,39.3583],[24.1209,39.3594],[24.123,39.3597],[24.124,39.3592],[24.1248,39.3582],[24.1252,39.3566],[24.1263,39.3554],[24.1278,39.3545],[24.1302,39.3536],[24.1333,39.3527],[24.1359,39.3526],[24.1381,39.3533],[24.1399,39.3528],[24.1414,39.3509],[24.1425,39.3501],[24.143,39.3504],[24.1433,39.35],[24.1432,39.3491],[24.144,39.3482],[24.1456,39.3476],[24.1469,39.346],[24.1479,39.3435],[24.1483,39.3417],[24.148,39.3406],[24.1482,39.3391],[24.1487,39.337],[24.1481,39.3351],[24.1462,39.3336],[24.1453,39.3328]],[[24.1057,39.3306],[24.1056,39.3306],[24.1053,39.3307],[24.1053,39.3307],[24.1056,39.3306],[24.1057,39.3306]],[[24.3297,39.3274],[24.3287,39.3273],[24.3266,39.3272],[24.3229,39.3277],[24.3177,39.3288],[24.3146,39.3297],[24.3135,39.3304],[24.3121,39.3324],[24.3102,39.3355],[24.3095,39.3383],[24.31,39.3409],[24.3115,39.3446],[24.314,39.3493],[24.3152,39.3534],[24.3151,39.3571],[24.3153,39.36],[24.3158,39.3621],[24.3169,39.3646],[24.3185,39.3675],[24.3203,39.3696],[24.3224,39.3709],[24.3255,39.3717],[24.3297,39.3718],[24.3328,39.3713],[24.3349,39.3702],[24.3361,39.3674],[24.3365,39.3631],[24.3371,39.3599],[24.3378,39.3578],[24.3383,39.355],[24.3384,39.3513],[24.3382,39.3487],[24.3375,39.3472],[24.3366,39.3459],[24.3355,39.345],[24.3344,39.3434],[24.3333,39.3412],[24.3324,39.3375],[24.3319,39.3323],[24.3311,39.3291],[24.3302,39.328],[24.3297,39.3274]],[[24.0932,39.2886],[24.0927,39.2885],[24.0916,39.2883],[24.0896,39.2886],[24.0865,39.2894],[24.0847,39.2904],[24.0842,39.2916],[24.0836,39.2921],[24.0831,39.2918],[24.0823,39.2919],[24.0812,39.2924],[24.0802,39.2922],[24.0791,39.2915],[24.0778,39.2911],[24.0763,39.2912],[24.075,39.2909],[24.0739,39.2902],[24.0713,39.2899],[24.0672,39.2899],[24.0641,39.2908],[24.062,39.2925],[24.0607,39.2933],[24.0602,39.2932],[24.0598,39.2934],[24.0598,39.294],[24.0587,39.2948],[24.0567,39.2959],[24.0547,39.2965],[24.0526,39.2968],[24.0511,39.2977],[24.05,39.2993],[24.0489,39.3002],[24.0476,39.3004],[24.0468,39.3021],[24.0465,39.3052],[24.046,39.3076],[24.0454,39.3091],[24.0457,39.3102],[24.0468,39.3109],[24.0486,39.3111],[24.0511,39.311],[24.0523,39.3114],[24.0522,39.3125],[24.0526,39.3135],[24.0532,39.3144],[24.0547,39.3147],[24.0568,39.3145],[24.0581,39.3151],[24.0586,39.3165],[24.0583,39.3177],[24.0572,39.3188],[24.0556,39.3194],[24.0536,39.3198],[24.0511,39.3192],[24.0479,39.3179],[24.0452,39.3172],[24.0427,39.3172],[24.0414,39.3169],[24.0412,39.3164],[24.0421,39.3159],[24.044,39.3154],[24.0442,39.3148],[24.0429,39.3142],[24.0411,39.3128],[24.0391,39.3105],[24.0375,39.3094],[24.0364,39.3095],[24.0351,39.3101],[24.0336,39.3114],[24.033,39.3128],[24.0333,39.3143],[24.0341,39.3156],[24.0352,39.3167],[24.036,39.3177],[24.0363,39.3188],[24.0367,39.3211],[24.0372,39.3248],[24.038,39.3282],[24.0392,39.3313],[24.0397,39.3336],[24.0396,39.3351],[24.04,39.3367],[24.041,39.3383],[24.0415,39.3399],[24.0417,39.3414],[24.0437,39.3453],[24.0473,39.3516],[24.0511,39.3562],[24.0549,39.3591],[24.0578,39.3621],[24.0599,39.3652],[24.063,39.3678],[24.0672,39.37],[24.0716,39.3718],[24.0763,39.3731],[24.0789,39.3737],[24.0794,39.3737],[24.0807,39.3726],[24.0826,39.3704],[24.0841,39.3682],[24.0853,39.3661],[24.087,39.3646],[24.089,39.3637],[24.0903,39.3634],[24.0909,39.3639],[24.0916,39.3639],[24.0927,39.3636],[24.0934,39.3628],[24.0937,39.3615],[24.0949,39.3599],[24.097,39.3578],[24.0981,39.3563],[24.0983,39.3552],[24.0991,39.3543],[24.1008,39.3534],[24.1021,39.3522],[24.1031,39.3507],[24.104,39.349],[24.1047,39.3473],[24.1049,39.3456],[24.1044,39.344],[24.1046,39.343],[24.1055,39.3425],[24.1058,39.3417],[24.1056,39.3406],[24.106,39.3399],[24.107,39.3394],[24.1073,39.3388],[24.1068,39.3383],[24.1067,39.3378],[24.107,39.3373],[24.1063,39.3362],[24.1046,39.3347],[24.1039,39.3336],[24.1042,39.3331],[24.1041,39.332],[24.1036,39.3305],[24.1026,39.3281],[24.1011,39.325],[24.1005,39.3232],[24.101,39.3227],[24.101,39.3216],[24.1007,39.3199],[24.1014,39.3194],[24.1031,39.32],[24.1032,39.3198],[24.1019,39.3187],[24.1012,39.3169],[24.1012,39.3143],[24.1005,39.3112],[24.099,39.3075],[24.0978,39.3049],[24.0969,39.3034],[24.0955,39.3018],[24.0936,39.3003],[24.0929,39.2992],[24.0932,39.2987],[24.0921,39.2979],[24.0897,39.2969],[24.0893,39.2963],[24.0913,39.296],[24.0927,39.2955],[24.0938,39.2948],[24.0944,39.2936],[24.0948,39.2919],[24.0945,39.2905],[24.0936,39.2892],[24.0932,39.2886]],[[24.0818,39.04],[24.0808,39.0402],[24.0787,39.0405],[24.0771,39.0411],[24.0761,39.0418],[24.0753,39.043],[24.0746,39.0445],[24.0773,39.0516],[24.0832,39.0641],[24.0861,39.0711],[24.0858,39.0726],[24.0863,39.0742],[24.0874,39.0758],[24.0869,39.0762],[24.0849,39.0754],[24.0835,39.0754],[24.0827,39.0762],[24.0819,39.0784],[24.0812,39.0821],[24.0809,39.0844],[24.0812,39.0854],[24.0814,39.0862],[24.0817,39.0867],[24.0834,39.0875],[24.0865,39.0886],[24.0888,39.0883],[24.0903,39.0867],[24.0926,39.0872],[24.0956,39.0898],[24.097,39.0919],[24.0967,39.0935],[24.096,39.0951],[24.0949,39.0966],[24.094,39.0973],[24.0935,39.097],[24.093,39.0975],[24.0925,39.0986],[24.0917,39.0995],[24.0906,39.1],[24.0898,39.1],[24.0893,39.0997],[24.0889,39.0998],[24.0887,39.1002],[24.0882,39.1013],[24.0877,39.1028],[24.0876,39.1047],[24.0879,39.1068],[24.0888,39.1083],[24.09,39.1094],[24.0913,39.11],[24.0926,39.1101],[24.0948,39.1097],[24.0979,39.1086],[24.1,39.1075],[24.1009,39.1063],[24.1014,39.1055],[24.1012,39.105],[24.1015,39.1046],[24.1022,39.1044],[24.1031,39.1046],[24.1042,39.1053],[24.1052,39.1055],[24.1063,39.1052],[24.1089,39.1056],[24.113,39.1066],[24.1162,39.1071],[24.1183,39.107],[24.1202,39.1053],[24.1218,39.1021],[24.1229,39.0987],[24.1232,39.095],[24.1237,39.0924],[24.1243,39.0909],[24.1243,39.0872],[24.1236,39.0815],[24.1244,39.0782],[24.1265,39.0773],[24.1283,39.076],[24.1296,39.0743],[24.1305,39.0713],[24.1309,39.0672],[24.1307,39.0638],[24.1298,39.0612],[24.1285,39.0589],[24.1268,39.0568],[24.125,39.0554],[24.1233,39.0548],[24.1208,39.0544],[24.1177,39.0543],[24.1153,39.0545],[24.1138,39.0552],[24.1114,39.0553],[24.1084,39.0549],[24.1066,39.0544],[24.1063,39.0539],[24.1062,39.0531],[24.1065,39.0521],[24.1059,39.0512],[24.1044,39.0505],[24.1023,39.0505],[24.0997,39.0511],[24.0976,39.0522],[24.0961,39.0535],[24.0949,39.0537],[24.094,39.053],[24.0919,39.0501],[24.0886,39.0451],[24.0865,39.0422],[24.0854,39.0413],[24.0841,39.0406],[24.0826,39.0402],[24.0818,39.04]],[[24.062,39.0286],[24.0615,39.0285],[24.0604,39.0284],[24.059,39.0289],[24.0571,39.0301],[24.0564,39.0323],[24.057,39.0354],[24.0584,39.0379],[24.0608,39.0399],[24.0628,39.0407],[24.0643,39.0404],[24.0656,39.0399],[24.0667,39.039],[24.0674,39.0374],[24.0677,39.0351],[24.0676,39.0331],[24.067,39.0315],[24.0655,39.0302],[24.0632,39.0291],[24.062,39.0286]]]}},{"type":"Feature","properties":{"depth":40,"kind":"band"},"geometry":{"type":"MultiPolygon","coordinates":[[[[24.1884,39.4163],[24.1881,39.4166],[24.1881,39.4166],[24.1884,39.4163],[24.1885,39.4161],[24.1885,39.4161],[24.1884,39.4163]]],[[[24.0842,39.3705],[24.084,39.3708],[24.0838,39.3708],[24.0836,39.3705],[24.0837,39.3703],[24.0841,39.3703],[24.0843,39.3703],[24.0843,39.3703],[24.0842,39.3705]]],[[[24.0049,39.2227],[24.0048,39.2231],[24.0045,39.2234],[24.0038,39.2234],[24.0039,39.2231],[24.0046,39.2227],[24.0049,39.2224],[24.0049,39.2224],[24.0049,39.2227]]],[[[24.0936,39.0859],[24.0932,39.0859],[24.0932,39.0859],[24.0936,39.0859],[24.0938,39.0859],[24.0938,39.0859],[24.0936,39.0859]]],[[[24.069,39.0351],[24.0685,39.0355],[24.0682,39.0353],[24.0682,39.0345],[24.0685,39.0343],[24.069,39.0347],[24.0692,39.0349],[24.0692,39.0349],[24.069,39.0351]]],[[[25,39.1156],[25,39.3458],[24.9999,39.4612],[24.9996,39.4617],[24.9977,39.4595],[24.994,39.4548],[24.9914,39.452],[24.9899,39.4512],[24.9878,39.4509],[24.9852,39.451],[24.9828,39.4517],[24.9805,39.453],[24.9774,39.4562],[24.9736,39.4615],[24.9694,39.4685],[24.9651,39.4774],[24.9623,39.4847],[24.9611,39.4904],[24.9611,39.4995],[24.9622,39.512],[24.9644,39.5234],[24.9676,39.5339],[24.9716,39.5413],[24.9763,39.5458],[24.9793,39.5499],[24.9808,39.5538],[24.983,39.5581],[24.9859,39.5628],[24.9892,39.5669],[24.9931,39.5706],[24.9963,39.5732],[24.9988,39.5747],[24.9999,39.6816],[24.9996,39.8939],[24.7558,40],[24.2682,40],[24.0224,39.9981],[24.0183,39.9942],[24.0147,39.9912],[24.0117,39.9891],[24.0092,39.9867],[24.0071,39.9841],[24.0058,39.982],[24.0051,39.9805],[24.0055,39.9781],[24.0069,39.975],[24.0075,39.9726],[24.0072,39.9711],[24.0068,39.9698],[24.0063,39.9687],[24.0045,39.9669],[24.0015,39.9643],[24,39.7833],[24,39.424],[24.0004,39.2438],[24.0012,39.2427],[24.0012,39.2419],[24.0004,39.2414],[24.0007,39.241],[24.002,39.2407],[24.0031,39.24],[24.0042,39.2389],[24.0055,39.2367],[24.007,39.2334],[24.0083,39.2312],[24.0093,39.2299],[24.0102,39.2284],[24.0107,39.2265],[24.0104,39.2247],[24.0093,39.2232],[24.0077,39.2221],[24.0057,39.2215],[24.0035,39.2205],[24.0012,39.219],[24.0001,39.1637],[24.0004,39.0546],[24.118,39],[24.3529,39],[24.4704,39.0001],[24.4707,39.0004],[24.4704,39.0018],[24.4697,39.0043],[24.4674,39.0072],[24.4637,39.0104],[24.4613,39.0146],[24.4604,39.0198],[24.4604,39.0231],[24.4615,39.0247],[24.463,39.0256],[24.4651,39.0259],[24.4656,39.0264],[24.4646,39.0268],[24.464,39.0275],[24.4639,39.0282],[24.4647,39.0287],[24.4663,39.0289],[24.4675,39.0284],[24.468,39.0271],[24.4685,39.0267],[24.4691,39.0273],[24.4692,39.0279],[24.4687,39.0283],[24.4687,39.0288],[24.4691,39.0292],[24.47,39.029],[24.4715,39.0281],[24.472,39.0274],[24.4716,39.0269],[24.4724,39.0265],[24.4745,39.0262],[24.4758,39.0264],[24.4763,39.027],[24.4766,39.0268],[24.4766,39.0258],[24.4776,39.0254],[24.4797,39.0257],[24.4823,39.0251],[24.4854,39.0237],[24.487,39.0227],[24.487,39.0222],[24.4865,39.0217],[24.4854,39.0214],[24.4854,39.0212],[24.4865,39.0212],[24.4873,39.021],[24.4877,39.0205],[24.4879,39.0198],[24.4878,39.0187],[24.4886,39.0182],[24.4903,39.0184],[24.4919,39.0178],[24.4934,39.0167],[24.4943,39.0156],[24.4949,39.0146],[24.4955,39.0141],[24.4963,39.0141],[24.4966,39.0136],[24.4963,39.0125],[24.4963,39.0115],[24.4967,39.0104],[24.4976,39.0089],[24.4989,39.0067],[24.5003,39.0052],[24.5018,39.0041],[24.5025,39.0031],[24.5024,39.0021],[24.5027,39.0012],[24.5033,39.0004],[24.6277,39.0001],[24.8759,39.0004],[25,39.0005],[25,39.0005],[25,39.1156]],[[24.9875,39.7406],[24.9865,39.7417],[24.9865,39.7427],[24.9875,39.7436],[24.9885,39.7436],[24.9896,39.7427],[24.9896,39.7417],[24.9885,39.7406],[24.988,39.74],[24.988,39.74],[24.9875,39.7406]],[[24.6584,39.5313],[24.6573,39.5311],[24.6565,39.5315],[24.6558,39.5324],[24.6557,39.5333],[24.6561,39.5344],[24.6567,39.5351],[24.6574,39.5356],[24.6583,39.5356],[24.6594,39.5351],[24.66,39.5347],[24.66,39.5342],[24.6598,39.5333],[24.6592,39.532],[24.6589,39.5313],[24.6589,39.5313],[24.6584,39.5313]],[[24.1716,39.4691],[24.1701,39.4696],[24.1684,39.4715],[24.1667,39.4749],[24.1659,39.4782],[24.166,39.4812],[24.1665,39.4836],[24.1672,39.4851],[24.168,39.488],[24.1687,39.4922],[24.1707,39.4975],[24.1739,39.5038],[24.1766,39.5083],[24.1787,39.511],[24.1808,39.5131],[24.1829,39.5147],[24.1857,39.5152],[24.1893,39.5147],[24.1924,39.513],[24.1949,39.5103],[24.197,39.5058],[24.1987,39.4995],[24.1994,39.4956],[24.1992,39.494],[24.1983,39.4914],[24.1968,39.4877],[24.196,39.4849],[24.1959,39.4828],[24.1952,39.481],[24.1941,39.4794],[24.1919,39.4773],[24.1886,39.4747],[24.1834,39.4723],[24.1761,39.47],[24.1724,39.4689],[24.1724,39.4689],[24.1716,39.4691]],[[24.156,39.3529],[24.1544,39.3542],[24.1531,39.3549],[24.1521,39.3551],[24.1504,39.3566],[24.148,39.3595],[24.1446,39.3614],[24.1402,39.3623],[24.1367,39.3633],[24.1342,39.3645],[24.1326,39.3654],[24.1321,39.3662],[24.1315,39.3663],[24.131,39.366],[24.1305,39.3664],[24.13,39.3676],[24.129,39.3687],[24.1273,39.3698],[24.1268,39.3706],[24.1278,39.3711],[24.1284,39.3722],[24.1288,39.3737],[24.1297,39.3756],[24.1311,39.3778],[24.135,39.3812],[24.1413,39.3857],[24.1447,39.3901],[24.1452,39.3943],[24.146,39.3972],[24.1469,39.3987],[24.1472,39.3998],[24.1469,39.4003],[24.1479,39.4021],[24.1504,39.4052],[24.1517,39.4073],[24.152,39.4084],[24.155,39.4115],[24.1609,39.4167],[24.1649,39.4222],[24.1671,39.4279],[24.1688,39.4316],[24.1699,39.4331],[24.1725,39.4351],[24.1766,39.4376],[24.1797,39.4389],[24.1818,39.4392],[24.1831,39.439],[24.1836,39.4383],[24.1842,39.4383],[24.1846,39.4388],[24.1862,39.439],[24.1888,39.4389],[24.1909,39.4391],[24.1924,39.4395],[24.1948,39.4407],[24.1979,39.4426],[24.2005,39.4435],[24.2026,39.4435],[24.2045,39.4432],[24.2062,39.4425],[24.2077,39.4417],[24.2088,39.4406],[24.2098,39.4393],[24.2105,39.4378],[24.2107,39.436],[24.2104,39.4339],[24.2094,39.4322],[24.2077,39.4309],[24.2052,39.4301],[24.2021,39.4298],[24.1992,39.4291],[24.1966,39.4281],[24.1936,39.425],[24.1903,39.4198],[24.1894,39.4167],[24.1909,39.4156],[24.1919,39.4149],[24.1922,39.4144],[24.1922,39.4136],[24.1918,39.4125],[24.1921,39.4117],[24.193,39.4112],[24.1934,39.4093],[24.1933,39.4063],[24.1938,39.4026],[24.195,39.3985],[24.1954,39.3956],[24.1951,39.394],[24.1935,39.3912],[24.1906,39.3873],[24.1877,39.3839],[24.1848,39.3811],[24.1825,39.3783],[24.1806,39.3754],[24.1771,39.3723],[24.1719,39.3689],[24.1688,39.3664],[24.1679,39.3649],[24.1672,39.3628],[24.1668,39.3602],[24.166,39.3579],[24.1647,39.3559],[24.1636,39.3545],[24.1625,39.3537],[24.1607,39.353],[24.1581,39.3526],[24.1568,39.3523],[24.1568,39.3523],[24.156,39.3529]],[[24.1438,39.3317],[24.1407,39.3317],[24.1365,39.3325],[24.1312,39.3342],[24.1276,39.3346],[24.1255,39.3338],[24.1242,39.334],[24.1237,39.335],[24.1223,39.3365],[24.12,39.3382],[24.1198,39.3405],[24.1215,39.3432],[24.1219,39.3445],[24.1208,39.3442],[24.1203,39.3446],[24.1203,39.3456],[24.1201,39.3461],[24.1196,39.3462],[24.1192,39.346],[24.119,39.3455],[24.1182,39.3451],[24.1168,39.3446],[24.1161,39.3448],[24.1161,39.3457],[24.1157,39.3462],[24.1151,39.3463],[24.1149,39.3477],[24.1153,39.3503],[24.1149,39.3526],[24.1138,39.3547],[24.1135,39.356],[24.114,39.3565],[24.1141,39.3571],[24.1136,39.3575],[24.1136,39.3581],[24.1139,39.3587],[24.1146,39.359],[24.1156,39.3589],[24.1179,39.3594],[24.1216,39.3606],[24.1239,39.3601],[24.125,39.3579],[24.1263,39.3566],[24.1278,39.3563],[24.1289,39.3558],[24.1294,39.3552],[24.1313,39.3545],[24.1344,39.3536],[24.1364,39.3534],[24.1375,39.3541],[24.1388,39.3542],[24.1404,39.3538],[24.1412,39.3534],[24.1412,39.3529],[24.143,39.3511],[24.1465,39.348],[24.1489,39.3443],[24.1501,39.3401],[24.1503,39.337],[24.1495,39.3349],[24.1482,39.3333],[24.1463,39.3323],[24.1453,39.3317],[24.1453,39.3317],[24.1438,39.3317]],[[24.3261,39.3262],[24.3188,39.3277],[24.3138,39.3298],[24.3113,39.3325],[24.3097,39.3347],[24.3091,39.3362],[24.3091,39.3383],[24.3096,39.3409],[24.3111,39.3451],[24.3137,39.3508],[24.3148,39.3549],[24.3146,39.3576],[24.3148,39.3602],[24.3153,39.3628],[24.3163,39.3654],[24.3177,39.368],[24.3194,39.37],[24.3214,39.3712],[24.3245,39.3721],[24.3286,39.3724],[24.3315,39.3725],[24.3331,39.3722],[24.3346,39.3713],[24.3361,39.37],[24.3375,39.3646],[24.339,39.3552],[24.3394,39.3492],[24.3388,39.3466],[24.3375,39.344],[24.3356,39.3414],[24.3342,39.337],[24.3334,39.3307],[24.3322,39.3271],[24.3305,39.326],[24.3297,39.3255],[24.3297,39.3255],[24.3261,39.3262]],[[24.0909,39.2879],[24.0862,39.2886],[24.0834,39.2893],[24.0823,39.2902],[24.0787,39.2901],[24.0724,39.2892],[24.0683,39.2888],[24.0662,39.289],[24.0643,39.2894],[24.0628,39.29],[24.061,39.2913],[24.059,39.2933],[24.0561,39.2949],[24.0524,39.296],[24.0503,39.2968],[24.0498,39.2972],[24.0496,39.298],[24.0495,39.2991],[24.0487,39.2998],[24.047,39.3003],[24.0461,39.3021],[24.0459,39.3052],[24.0454,39.3076],[24.0446,39.3091],[24.0448,39.3103],[24.0458,39.311],[24.0477,39.3114],[24.0503,39.3113],[24.0518,39.3122],[24.0524,39.3141],[24.0535,39.3154],[24.0553,39.3159],[24.056,39.3169],[24.0556,39.3185],[24.0544,39.3193],[24.0524,39.3193],[24.0502,39.3188],[24.0476,39.3177],[24.0452,39.3171],[24.0429,39.3172],[24.0418,39.3169],[24.0419,39.3164],[24.0426,39.3162],[24.0437,39.3164],[24.0446,39.3162],[24.0453,39.3155],[24.0437,39.3136],[24.0399,39.3107],[24.0375,39.3091],[24.0364,39.3091],[24.0351,39.31],[24.0335,39.312],[24.0335,39.315],[24.0351,39.3191],[24.0359,39.3222],[24.0358,39.3244],[24.0365,39.3273],[24.038,39.331],[24.0388,39.3336],[24.0388,39.3351],[24.0392,39.3367],[24.0401,39.3383],[24.0407,39.3401],[24.041,39.3422],[24.0428,39.3458],[24.0463,39.351],[24.0501,39.3554],[24.0542,39.3591],[24.0575,39.3624],[24.0598,39.3655],[24.063,39.3681],[24.0672,39.3704],[24.0719,39.3724],[24.0771,39.3741],[24.0799,39.375],[24.0805,39.3749],[24.0807,39.3745],[24.0807,39.3737],[24.082,39.3726],[24.0844,39.371],[24.0859,39.3693],[24.0865,39.3672],[24.087,39.3659],[24.0877,39.3654],[24.0891,39.3654],[24.0912,39.3657],[24.0926,39.3657],[24.0933,39.3653],[24.0939,39.3645],[24.0942,39.3632],[24.0949,39.3622],[24.0961,39.3613],[24.0973,39.3601],[24.0985,39.3586],[24.0991,39.3575],[24.099,39.3571],[24.0996,39.3562],[24.1009,39.3549],[24.1019,39.3543],[24.1024,39.3543],[24.1033,39.3526],[24.1048,39.3492],[24.1056,39.3466],[24.1058,39.3451],[24.1057,39.344],[24.1052,39.3435],[24.1054,39.3428],[24.1064,39.3419],[24.1071,39.3419],[24.1076,39.343],[24.1076,39.3429],[24.1072,39.3417],[24.1077,39.3406],[24.109,39.3396],[24.1083,39.3378],[24.1057,39.3352],[24.1047,39.3336],[24.1054,39.3331],[24.1055,39.3327],[24.105,39.3325],[24.1047,39.3321],[24.1047,39.3314],[24.1052,39.331],[24.1061,39.3308],[24.1058,39.3302],[24.1041,39.3291],[24.1028,39.3265],[24.1019,39.3224],[24.1023,39.3203],[24.1038,39.3203],[24.1042,39.3201],[24.1035,39.3196],[24.1032,39.319],[24.1035,39.3184],[24.1033,39.3181],[24.1026,39.3182],[24.1022,39.3166],[24.1019,39.3136],[24.1009,39.3099],[24.0992,39.3057],[24.0969,39.3021],[24.094,39.299],[24.0932,39.2966],[24.0944,39.2951],[24.0952,39.2935],[24.0955,39.2919],[24.0956,39.2906],[24.0953,39.2896],[24.0947,39.2887],[24.0937,39.288],[24.0932,39.2876],[24.0932,39.2876],[24.0909,39.2879]],[[24.0838,39.0396],[24.0818,39.0393],[24.0797,39.0394],[24.0776,39.0399],[24.0759,39.0414],[24.0744,39.044],[24.0751,39.0484],[24.0782,39.0547],[24.0807,39.0609],[24.0828,39.0672],[24.0829,39.0727],[24.0809,39.0774],[24.0799,39.0808],[24.0796,39.0829],[24.0796,39.0847],[24.0799,39.0862],[24.0805,39.0876],[24.0814,39.0888],[24.0821,39.0891],[24.0826,39.0884],[24.0841,39.0884],[24.0867,39.0891],[24.0891,39.0889],[24.0912,39.088],[24.0931,39.0884],[24.0949,39.0902],[24.0957,39.0918],[24.0954,39.0932],[24.0948,39.0945],[24.0938,39.0958],[24.093,39.0964],[24.0925,39.0963],[24.0918,39.0971],[24.0909,39.0987],[24.0902,39.0994],[24.0895,39.0991],[24.0882,39.0998],[24.0865,39.1017],[24.0858,39.1037],[24.0861,39.1058],[24.086,39.1071],[24.0854,39.1075],[24.0856,39.1084],[24.0865,39.1094],[24.088,39.1103],[24.0901,39.1109],[24.0932,39.1107],[24.0974,39.1097],[24.1,39.1086],[24.1011,39.1073],[24.1034,39.1065],[24.1071,39.1063],[24.1104,39.1066],[24.1136,39.1073],[24.1162,39.1077],[24.1183,39.1076],[24.1198,39.1071],[24.1209,39.1062],[24.1219,39.1044],[24.1229,39.1018],[24.1239,39.0974],[24.125,39.0911],[24.1252,39.0862],[24.1246,39.0825],[24.1259,39.0792],[24.1291,39.0761],[24.131,39.0722],[24.1315,39.0675],[24.1313,39.0638],[24.1306,39.0612],[24.1298,39.0591],[24.1287,39.0576],[24.1273,39.0561],[24.1254,39.0548],[24.1229,39.0539],[24.1198,39.0534],[24.1164,39.0535],[24.1127,39.054],[24.1107,39.054],[24.1102,39.0535],[24.1092,39.0537],[24.1079,39.0544],[24.107,39.0544],[24.1066,39.0539],[24.1067,39.0534],[24.1072,39.0529],[24.1074,39.0523],[24.1072,39.0519],[24.1062,39.051],[24.1045,39.0497],[24.1013,39.0496],[24.0966,39.0505],[24.093,39.049],[24.0904,39.0451],[24.0881,39.0423],[24.086,39.0406],[24.0849,39.0398],[24.0849,39.0398],[24.0838,39.0396]],[[24.0628,39.0283],[24.0602,39.028],[24.0581,39.0285],[24.0564,39.03],[24.0559,39.0325],[24.0565,39.0362],[24.0582,39.0389],[24.0607,39.0406],[24.0628,39.0413],[24.0643,39.0408],[24.0654,39.0407],[24.0659,39.041],[24.0661,39.0409],[24.066,39.0404],[24.0663,39.0399],[24.0671,39.0394],[24.068,39.0381],[24.0688,39.036],[24.069,39.0347],[24.0686,39.0342],[24.0682,39.0331],[24.0681,39.0315],[24.067,39.0302],[24.0651,39.0291],[24.0641,39.0285],[24.0641,39.0285],[24.0628,39.0283]]]]}},{"type":"Feature","properties":{"depth":40,"kind":"isobath"},"geometry":{"type":"MultiLineString","coordinates":[[[24.1885,39.4161],[24.1884,39.4163],[24.1881,39.4166],[24.1881,39.4166],[24.1884,39.4163],[24.1885,39.4161]],[[24.0843,39.3703],[24.0842,39.3705],[24.084,39.3708],[24.0838,39.3708],[24.0836,39.3705],[24.0837,39.3703],[24.0841,39.3703],[24.0843,39.3703]],[[24.0049,39.2224],[24.0049,39.2227],[24.0048,39.2231],[24.0045,39.2234],[24.0038,39.2234],[24.0039,39.2231],[24.0046,39.2227],[24.0049,39.2224]],[[24.0938,39.0859],[24.0936,39.0859],[24.0932,39.0859],[24.0932,39.0859],[24.0936,39.0859],[24.0938,39.0859]],[[24.0692,39.0349],[24.069,39.0351],[24.0685,39.0355],[24.0682,39.0353],[24.0682,39.0345],[24.0685,39.0343],[24.069,39.0347],[24.0692,39.0349]],[[24.9995,39.4619],[24.9977,39.4595],[24.994,39.4548],[24.9914,39.452],[24.9899,39.4512],[24.9878,39.4509],[24.9852,39.451],[24.9828,39.4517],[24.9805,39.453],[24.9774,39.4562],[24.9736,39.4615],[24.9694,39.4685],[24.9651,39.4774],[24.9623,39.4847],[24.9611,39.4904],[24.9611,39.4995],[24.9622,39.512],[24.9644,39.5234],[24.9676,39.5339],[24.9716,39.5413],[24.9763,39.5458],[24.9793,39.5499],[24.9808,39.5538],[24.983,39.5581],[24.9859,39.5628],[24.9892,39.5669],[24.9931,39.5706],[24.995,39.5724]],[[24.0162,39.9922],[24.0147,39.9912],[24.0117,39.9891],[24.0092,39.9867],[24.0071,39.9841],[24.0058,39.982],[24.0051,39.9805],[24.0055,39.9781],[24.0069,39.975],[24.0075,39.9726],[24.0072,39.9711],[24.0068,39.9698],[24.0063,39.9687],[24.006,39.9682]],[[24.0026,39.2405],[24.0031,39.24],[24.0042,39.2389],[24.0055,39.2367],[24.007,39.2334],[24.0083,39.2312],[24.0093,39.2299],[24.0102,39.2284],[24.0107,39.2265],[24.0104,39.2247],[24.0093,39.2232],[24.0077,39.2221],[24.0057,39.2215],[24.0047,39.2212]],[[24.4708,39.0005],[24.4704,39.0018],[24.4697,39.0043],[24.4674,39.0072],[24.4637,39.0104],[24.4613,39.0146],[24.4604,39.0198],[24.4604,39.0231],[24.4615,39.0247],[24.463,39.0256],[24.4651,39.0259],[24.4656,39.0264],[24.4646,39.0268],[24.464,39.0275],[24.4639,39.0282],[24.4647,39.0287],[24.4663,39.0289],[24.4675,39.0284],[24.468,39.0271],[24.4685,39.0267],[24.4691,39.0273],[24.4692,39.0279],[24.4687,39.0283],[24.4687,39.0288],[24.4691,39.0292],[24.47,39.029],[24.4715,39.0281],[24.472,39.0274],[24.4716,39.0269],[24.4724,39.0265],[24.4745,39.0262],[24.4758,39.0264],[24.4763,39.027],[24.4766,39.0268],[24.4766,39.0258],[24.4776,39.0254],[24.4797,39.0257],[24.4823,39.0251],[24.4854,39.0237],[24.487,39.0227],[24.487,39.0222],[24.4865,39.0217],[24.4854,39.0214],[24.4854,39.0212],[24.4865,39.0212],[24.4873,39.021],[24.4877,39.0205],[24.4879,39.0198],[24.4878,39.0187],[24.4886,39.0182],[24.4903,39.0184],[24.4919,39.0178],[24.4934,39.0167],[24.4943,39.0156],[24.4949,39.0146],[24.4955,39.0141],[24.4963,39.0141],[24.4966,39.0136],[24.4963,39.0125],[24.4963,39.0115],[24.4967,39.0104],[24.4976,39.0089],[24.4989,39.0067],[24.5003,39.0052],[24.5018,39.0041],[24.5025,39.0031],[24.5024,39.0021],[24.5024,39.0016]],[[24.988,39.74],[24.9875,39.7406],[24.9865,39.7417],[24.9865,39.7427],[24.9875,39.7436],[24.9885,39.7436],[24.9896,39.7427],[24.9896,39.7417],[24.9885,39.7406],[24.988,39.74]],[[24.6589,39.5313],[24.6584,39.5313],[24.6573,39.5311],[24.6565,39.5315],[24.6558,39.5324],[24.6557,39.5333],[24.6561,39.5344],[24.6567,39.5351],[24.6574,39.5356],[24.6583,39.5356],[24.6594,39.5351],[24.66,39.5347],[24.66,39.5342],[24.6598,39.5333],[24.6592,39.532],[24.6589,39.5313]],[[24.1724,39.4689],[24.1716,39.4691],[24.1701,39.4696],[24.1684,39.4715],[24.1667,39.4749],[24.1659,39.4782],[24.166,39.4812],[24.1665,39.4836],[24.1672,39.4851],[24.168,39.488],[24.1687,39.4922],[24.1707,39.4975],[24.1739,39.5038],[24.1766,39.5083],[24.1787,39.511],[24.1808,39.5131],[24.1829,39.5147],[24.1857,39.5152],[24.1893,39.5147],[24.1924,39.513],[24.1949,39.5103],[24.197,39.5058],[24.1987,39.4995],[24.1994,39.4956],[24.1992,39.494],[24.1983,39.4914],[24.1968,39.4877],[24.196,39.4849],[24.1959,39.4828],[24.1952,39.481],[24.1941,39.4794],[24.1919,39.4773],[24.1886,39.4747],[24.1834,39.4723],[24.1761,39.47],[24.1724,39.4689]],[[24.1568,39.3523],[24.156,39.3529],[24.1544,39.3542],[24.1531,39.3549],[24.1521,39.3551],[24.1504,39.3566],[24.148,39.3595],[24.1446,39.3614],[24.1402,39.3623],[24.1367,39.3633],[24.1342,39.3645],[24.1326,39.3654],[24.1321,39.3662],[24.1315,39.3663],[24.131,39.366],[24.1305,39.3664],[24.13,39.3676],[24.129,39.3687],[24.1273,39.3698],[24.1268,39.3706],[24.1278,39.3711],[24.1284,39.3722],[24.1288,39.3737],[24.1297,39.3756],[24.1311,39.3778],[24.135,39.3812],[24.1413,39.3857],[24.1447,39.3901],[24.1452,39.3943],[24.146,39.3972],[24.1469,39.3987],[24.1472,39.3998],[24.1469,39.4003],[24.1479,39.4021],[24.1504,39.4052],[24.1517,39.4073],[24.152,39.4084],[24.155,39.4115],[24.1609,39.4167],[24.1649,39.4222],[24.1671,39.4279],[24.1688,39.4316],[24.1699,39.4331],[24.1725,39.4351],[24.1766,39.4376],[24.1797,39.4389],[24.1818,39.4392],[24.1831,39.439],[24.1836,39.4383],[24.1842,39.4383],[24.1846,39.4388],[24.1862,39.439],[24.1888,39.4389],[24.1909,39.4391],[24.1924,39.4395],[24.1948,39.4407],[24.1979,39.4426],[24.2005,39.4435],[24.2026,39.4435],[24.2045,39.4432],[24.2062,39.4425],[24.2077,39.4417],[24.2088,39.4406],[24.2098,39.4393],[24.2105,39.4378],[24.2107,39.436],[24.2104,39.4339],[24.2094,39.4322],[24.2077,39.4309],[24.2052,39.4301],[24.2021,39.4298],[24.1992,39.4291],[24.1966,39.4281],[24.1936,39.425],[24.1903,39.4198],[24.1894,39.4167],[24.1909,39.4156],[24.1919,39.4149],[24.1922,39.4144],[24.1922,39.4136],[24.1918,39.4125],[24.1921,39.4117],[24.193,39.4112],[24.1934,39.4093],[24.1933,39.4063],[24.1938,39.4026],[24.195,39.3985],[24.1954,39.3956],[24.1951,39.394],[24.1935,39.3912],[24.1906,39.3873],[24.1877,39.3839],[24.1848,39.3811],[24.1825,39.3783],[24.1806,39.3754],[24.1771,39.3723],[24.1719,39.3689],[24.1688,39.3664],[24.1679,39.3649],[24.1672,39.3628],[24.1668,39.3602],[24.166,39.3579],[24.1647,39.3559],[24.1636,39.3545],[24.1625,39.3537],[24.1607,39.353],[24.1581,39.3526],[24.1568,39.3523]],[[24.1453,39.3317],[24.1438,39.3317],[24.1407,39.3317],[24.1365,39.3325],[24.1312,39.3342],[24.1276,39.3346],[24.1255,39.3338],[24.1242,39.334],[24.1237,39.335],[24.1223,39.3365],[24.12,39.3382],[24.1198,39.3405],[24.1215,39.3432],[24.1219,39.3445],[24.1208,39.3442],[24.1203,39.3446],[24.1203,39.3456],[24.1201,39.3461],[24.1196,39.3462],[24.1192,39.346],[24.119,39.3455],[24.1182,39.3451],[24.1168,39.3446],[24.1161,39.3448],[24.1161,39.3457],[24.1157,39.3462],[24.1151,39.3463],[24.1149,39.3477],[24.1153,39.3503],[24.1149,39.3526],[24.1138,39.3547],[24.1135,39.356],[24.114,39.3565],[24.1141,39.3571],[24.1136,39.3575],[24.1136,39.3581],[24.1139,39.3587],[24.1146,39.359],[24.1156,39.3589],[24.1179,39.3594],[24.1216,39.3606],[24.1239,39.3601],[24.125,39.3579],[24.1263,39.3566],[24.1278,39.3563],[24.1289,39.3558],[24.1294,39.3552],[24.1313,39.3545],[24.1344,39.3536],[24.1364,39.3534],[24.1375,39.3541],[24.1388,39.3542],[24.1404,39.3538],[24.1412,39.3534],[24.1412,39.3529],[24.143,39.3511],[24.1465,39.348],[24.1489,39.3443],[24.1501,39.3401],[24.1503,39.337],[24.1495,39.3349],[24.1482,39.3333],[24.1463,39.3323],[24.1453,39.3317]],[[24.3297,39.3255],[24.3261,39.3262],[24.3188,39.3277],[24.3138,39.3298],[24.3113,39.3325],[24.3097,39.3347],[24.3091,39.3362],[24.3091,39.3383],[24.3096,39.3409],[24.3111,39.3451],[24.3137,39.3508],[24.3148,39.3549],[24.3146,39.3576],[24.3148,39.3602],[24.3153,39.3628],[24.3163,39.3654],[24.3177,39.368],[24.3194,39.37],[24.3214,39.3712],[24.3245,39.3721],[24.3286,39.3724],[24.3315,39.3725],[24.3331,39.3722],[24.3346,39.3713],[24.3361,39.37],[24.3375,39.3646],[24.339,39.3552],[24.3394,39.3492],[24.3388,39.3466],[24.3375,39.344],[24.3356,39.3414],[24.3342,39.337],[24.3334,39.3307],[24.3322,39.3271],[24.3305,39.326],[24.3297,39.3255]],[[24.0932,39.2876],[24.0909,39.2879],[24.0862,39.2886],[24.0834,39.2893],[24.0823,39.2902],[24.0787,39.2901],[24.0724,39.2892],[24.0683,39.2888],[24.0662,39.289],[24.0643,39.2894],[24.0628,39.29],[24.061,39.2913],[24.059,39.2933],[24.0561,39.2949],[24.0524,39.296],[24.0503,39.2968],[24.0498,39.2972],[24.0496,39.298],[24.0495,39.2991],[24.0487,39.2998],[24.047,39.3003],[24.0461,39.3021],[24.0459,39.3052],[24.0454,39.3076],[24.0446,39.3091],[24.0448,39.3103],[24.0458,39.311],[24.0477,39.3114],[24.0503,39.3113],[24.0518,39.3122],[24.0524,39.3141],[24.0535,39.3154],[24.0553,39.3159],[24.056,39.3169],[24.0556,39.3185],[24.0544,39.3193],[24.0524,39.3193],[24.0502,39.3188],[24.0476,39.3177],[24.0452,39.3171],[24.0429,39.3172],[24.0418,39.3169],[24.0419,39.3164],[24.0426,39.3162],[24.0437,39.3164],[24.0446,39.3162],[24.0453,39.3155],[24.0437,39.3136],[24.0399,39.3107],[24.0375,39.3091],[24.0364,39.3091],[24.0351,39.31],[24.0335,39.312],[24.0335,39.315],[24.0351,39.3191],[24.0359,39.3222],[24.0358,39.3244],[24.0365,39.3273],[24.038,39.331],[24.0388,39.3336],[24.0388,39.3351],[24.0392,39.3367],[24.0401,39.3383],[24.0407,39.3401],[24.041,39.3422],[24.0428,39.3458],[24.0463,39.351],[24.0501,39.3554],[24.0542,39.3591],[24.0575,39.3624],[24.0598,39.3655],[24.063,39.3681],[24.0672,39.3704],[24.0719,39.3724],[24.0771,39.3741],[24.0799,39.375],[24.0805,39.3749],[24.0807,39.3745],[24.0807,39.3737],[24.082,39.3726],[24.0844,39.371],[24.0859,39.3693],[24.0865,39.3672],[24.087,39.3659],[24.0877,39.3654],[24.0891,39.3654],[24.0912,39.3657],[24.0926,39.3657],[24.0933,39.3653],[24.0939,39.3645],[24.0942,39.3632],[24.0949,39.3622],[24.0961,39.3613],[24.0973,39.3601],[24.0985,39.3586],[24.0991,39.3575],[24.099,39.3571],[24.0996,39.3562],[24.1009,39.3549],[24.1019,39.3543],[24.1024,39.3543],[24.1033,39.3526],[24.1048,39.3492],[24.1056,39.3466],[24.1058,39.3451],[24.1057,39.344],[24.1052,39.3435],[24.1054,39.3428],[24.1064,39.3419],[24.1071,39.3419],[24.1076,39.343],[24.1076,39.3429],[24.1072,39.3417],[24.1077,39.3406],[24.109,39.3396],[24.1083,39.3378],[24.1057,39.3352],[24.1047,39.3336],[24.1054,39.3331],[24.1055,39.3327],[24.105,39.3325],[24.1047,39.3321],[24.1047,39.3314],[24.1052,39.331],[24.1061,39.3308],[24.1058,39.3302],[24.1041,39.3291],[24.1028,39.3265],[24.1019,39.3224],[24.1023,39.3203],[24.1038,39.3203],[24.1042,39.3201],[24.1035,39.3196],[24.1032,39.319],[24.1035,39.3184],[24.1033,39.3181],[24.1026,39.3182],[24.1022,39.3166],[24.1019,39.3136],[24.1009,39.3099],[24.0992,39.3057],[24.0969,39.3021],[24.094,39.299],[24.0932,39.2966],[24.0944,39.2951],[24.0952,39.2935],[24.0955,39.2919],[24.0956,39.2906],[24.0953,39.2896],[24.0947,39.2887],[24.0937,39.288],[24.0932,39.2876]],[[24.0849,39.0398],[24.0838,39.0396],[24.0818,39.0393],[24.0797,39.0394],[24.0776,39.0399],[24.0759,39.0414],[24.0744,39.044],[24.0751,39.0484],[24.0782,39.0547],[24.0807,39.0609],[24.0828,39.0672],[24.0829,39.0727],[24.0809,39.0774],[24.0799,39.0808],[24.0796,39.0829],[24.0796,39.0847],[24.0799,39.0862],[24.0805,39.0876],[24.0814,39.0888],[24.0821,39.0891],[24.0826,39.0884],[24.0841,39.0884],[24.0867,39.0891],[24.0891,39.0889],[24.0912,39.088],[24.0931,39.0884],[24.0949,39.0902],[24.0957,39.0918],[24.0954,39.0932],[24.0948,39.0945],[24.0938,39.0958],[24.093,39.0964],[24.0925,39.0963],[24.0918,39.0971],[24.0909,39.0987],[24.0902,39.0994],[24.0895,39.0991],[24.0882,39.0998],[24.0865,39.1017],[24.0858,39.1037],[24.0861,39.1058],[24.086,39.1071],[24.0854,39.1075],[24.0856,39.1084],[24.0865,39.1094],[24.088,39.1103],[24.0901,39.1109],[24.0932,39.1107],[24.0974,39.1097],[24.1,39.1086],[24.1011,39.1073],[24.1034,39.1065],[24.1071,39.1063],[24.1104,39.1066],[24.1136,39.1073],[24.1162,39.1077],[24.1183,39.1076],[24.1198,39.1071],[24.1209,39.1062],[24.1219,39.1044],[24.1229,39.1018],[24.1239,39.0974],[24.125,39.0911],[24.1252,39.0862],[24.1246,39.0825],[24.1259,39.0792],[24.1291,39.0761],[24.131,39.0722],[24.1315,39.0675],[24.1313,39.0638],[24.1306,39.0612],[24.1298,39.0591],[24.1287,39.0576],[24.1273,39.0561],[24.1254,39.0548],[24.1229,39.0539],[24.1198,39.0534],[24.1164,39.0535],[24.1127,39.054],[24.1107,39.054],[24.1102,39.0535],[24.1092,39.0537],[24.1079,39.0544],[24.107,39.0544],[24.1066,39.0539],[24.1067,39.0534],[24.1072,39.0529],[24.1074,39.0523],[24.1072,39.0519],[24.1062,39.051],[24.1045,39.0497],[24.1013,39.0496],[24.0966,39.0505],[24.093,39.049],[24.0904,39.0451],[24.0881,39.0423],[24.086,39.0406],[24.0849,39.0398]],[[24.0641,39.0285],[24.0628,39.0283],[24.0602,39.028],[24.0581,39.0285],[24.0564,39.03],[24.0559,39.0325],[24.0565,39.0362],[24.0582,39.0389],[24.0607,39.0406],[24.0628,39.0413],[24.0643,39.0408],[24.0654,39.0407],[24.0659,39.041],[24.0661,39.0409],[24.066,39.0404],[24.0663,39.0399],[24.0671,39.0394],[24.068,39.0381],[24.0688,39.036],[24.069,39.0347],[24.0686,39.0342],[24.0682,39.0331],[24.0681,39.0315],[24.067,39.0302],[24.0651,39.0291],[24.0641,39.0285]]]}},{"type":"Feature","properties":{"depth":50,"kind":"band"},"geometry":{"type":"MultiPolygon","coordinates":[[[[24.1444,39.3986],[24.1443,39.399],[24.1443,39.399],[24.1444,39.3986],[24.1444,39.3984],[24.1444,39.3984],[24.1444,39.3986]]],[[[24.1759,39.3701],[24.1756,39.3697],[24.1756,39.3697],[24.1759,39.3701],[24.176,39.3703],[24.176,39.3703],[24.1759,39.3701]]],[[[24.1213,39.3359],[24.1208,39.3359],[24.1208,39.3359],[24.1213,39.3359],[24.1216,39.3359],[24.1216,39.3359],[24.1213,39.3359]]],[[[24.1062,39.3318],[24.1051,39.3318],[24.1051,39.3318],[24.1062,39.3318],[24.1067,39.3318],[24.1067,39.3318],[24.1062,39.3318]]],[[[24.0443,39.3172],[24.0428,39.3172],[24.0428,39.3172],[24.0443,39.3172],[24.045,39.3172],[24.045,39.3172],[24.0443,39.3172]]],[[[24.0514,39.3133],[24.052,39.3159],[24.0517,39.3174],[24.0502,39.3178],[24.0486,39.3175],[24.0467,39.3166],[24.0458,39.3156],[24.0458,39.3146],[24.0452,39.3136],[24.0441,39.3125],[24.0454,39.312],[24.0491,39.312],[24.051,39.312],[24.051,39.312],[24.0514,39.3133]]],[[[24.1082,39.0539],[24.1079,39.0544],[24.1076,39.0544],[24.1073,39.0539],[24.1074,39.0536],[24.108,39.0536],[24.1083,39.0536],[24.1083,39.0536],[24.1082,39.0539]]],[[[24.4904,39.0195],[24.4902,39.0198],[24.4902,39.0198],[24.4904,39.0195],[24.4905,39.0193],[24.4905,39.0193],[24.4904,39.0195]]],[[[25,39.1148],[25,39.3435],[24.9999,39.458],[24.9996,39.4585],[24.9977,39.4564],[24.994,39.4519],[24.9917,39.4493],[24.9906,39.4487],[24.9886,39.4484],[24.9855,39.4484],[24.9829,39.4489],[24.9807,39.45],[24.9767,39.4542],[24.971,39.4615],[24.9672,39.4675],[24.9653,39.4722],[24.9633,39.4764],[24.961,39.4802],[24.9594,39.4844],[24.9584,39.4889],[24.9586,39.4979],[24.9601,39.5114],[24.9622,39.5237],[24.9651,39.5346],[24.967,39.5409],[24.9679,39.5424],[24.9702,39.5448],[24.9738,39.5479],[24.978,39.5539],[24.9827,39.5628],[24.9871,39.5691],[24.9912,39.5729],[24.9949,39.5758],[24.9983,39.5777],[24.9999,39.684],[24.9996,39.8947],[24.7565,40],[24.2706,40],[24.0268,39.9997],[24.0253,39.999],[24.0242,39.9983],[24.0235,39.9977],[24.0232,39.9971],[24.0234,39.9966],[24.02,39.9935],[24.0133,39.988],[24.009,39.9838],[24.0073,39.9811],[24.0067,39.9789],[24.0072,39.9774],[24.0079,39.9763],[24.0086,39.9758],[24.0088,39.9742],[24.0085,39.9716],[24.0067,39.9685],[24.0032,39.9648],[24.0011,39.9617],[24.0004,39.9591],[24,39.7794],[24,39.4227],[24.0004,39.2444],[24.0012,39.2445],[24.0019,39.2438],[24.0024,39.2423],[24.0033,39.241],[24.0045,39.2397],[24.0067,39.2365],[24.0097,39.2312],[24.0114,39.2278],[24.0117,39.2263],[24.0111,39.2245],[24.0096,39.2226],[24.0079,39.2213],[24.0058,39.2206],[24.0035,39.2195],[24.0012,39.218],[24.0001,39.1629],[24.0004,39.0543],[24.1172,39],[24.3505,39],[24.4671,39.0009],[24.4668,39.0027],[24.4648,39.0057],[24.461,39.0099],[24.4593,39.0125],[24.4596,39.0136],[24.4589,39.0164],[24.457,39.0211],[24.4575,39.0252],[24.4602,39.0289],[24.4614,39.0312],[24.4611,39.0323],[24.4613,39.0332],[24.4618,39.0341],[24.463,39.0353],[24.4651,39.0367],[24.4677,39.0377],[24.4708,39.0382],[24.4729,39.0381],[24.474,39.0373],[24.4743,39.0367],[24.474,39.0362],[24.474,39.0352],[24.4743,39.0338],[24.4755,39.0334],[24.4776,39.0339],[24.4799,39.0336],[24.4826,39.0324],[24.4841,39.031],[24.4847,39.0294],[24.486,39.0277],[24.488,39.0258],[24.4892,39.024],[24.4893,39.0223],[24.4907,39.0209],[24.4932,39.0198],[24.4954,39.0183],[24.4975,39.0161],[24.4985,39.0144],[24.4984,39.0132],[24.499,39.0119],[24.5003,39.0106],[24.5009,39.0097],[24.5008,39.0092],[24.5013,39.0086],[24.5023,39.0081],[24.503,39.0073],[24.5033,39.0062],[24.5041,39.0054],[24.5052,39.0047],[24.5065,39.0032],[24.5081,39.0011],[24.6317,39.0001],[24.8772,39.0004],[25,39.0005],[25,39.0005],[25,39.1148]],[[24.9875,39.7392],[24.9864,39.7395],[24.9857,39.74],[24.9853,39.7408],[24.9852,39.7419],[24.9853,39.7435],[24.9861,39.7448],[24.9874,39.7457],[24.9887,39.7457],[24.99,39.7448],[24.9908,39.7438],[24.9912,39.7427],[24.9913,39.7419],[24.9912,39.7414],[24.9903,39.7406],[24.9888,39.7395],[24.988,39.739],[24.988,39.739],[24.9875,39.7392]],[[24.6584,39.5307],[24.6573,39.5306],[24.6564,39.5311],[24.6555,39.5322],[24.6552,39.5334],[24.6555,39.5345],[24.6562,39.5355],[24.6573,39.5362],[24.6585,39.5358],[24.6599,39.5346],[24.6605,39.5334],[24.6603,39.5323],[24.6599,39.5315],[24.6592,39.531],[24.6589,39.5307],[24.6589,39.5307],[24.6584,39.5307]],[[24.1739,39.467],[24.1709,39.4665],[24.169,39.4665],[24.1684,39.467],[24.1685,39.4675],[24.1693,39.468],[24.1691,39.4683],[24.1678,39.4684],[24.1669,39.4687],[24.1664,39.4694],[24.1662,39.4701],[24.1662,39.471],[24.1657,39.4727],[24.1645,39.4753],[24.1644,39.4802],[24.1654,39.4875],[24.1677,39.4942],[24.1714,39.5005],[24.1741,39.5057],[24.176,39.5099],[24.1776,39.5128],[24.179,39.5145],[24.181,39.516],[24.1836,39.5173],[24.1859,39.5179],[24.1881,39.518],[24.1894,39.5177],[24.1899,39.5171],[24.1904,39.5171],[24.1908,39.5176],[24.1925,39.5164],[24.1955,39.5135],[24.1978,39.5094],[24.1995,39.5042],[24.2006,39.4998],[24.2011,39.4961],[24.2005,39.492],[24.199,39.4873],[24.1982,39.4841],[24.1982,39.4826],[24.1975,39.4809],[24.196,39.4792],[24.1919,39.4759],[24.1852,39.4711],[24.1802,39.4683],[24.1771,39.4676],[24.1755,39.4672],[24.1755,39.4672],[24.1739,39.467]],[[24.1596,39.3516],[24.157,39.3518],[24.1552,39.3524],[24.1541,39.3535],[24.1534,39.3539],[24.1528,39.3536],[24.1513,39.3542],[24.1487,39.3558],[24.147,39.3574],[24.1461,39.3591],[24.1424,39.361],[24.136,39.3631],[24.1315,39.365],[24.1289,39.367],[24.1277,39.3683],[24.1279,39.369],[24.1274,39.3696],[24.1263,39.3701],[24.1261,39.3708],[24.1269,39.3719],[24.1278,39.3742],[24.1288,39.3779],[24.1323,39.3821],[24.1384,39.3868],[24.1419,39.392],[24.1428,39.3977],[24.1438,39.4008],[24.1448,39.4013],[24.1471,39.4039],[24.1506,39.4086],[24.1544,39.4125],[24.1584,39.4156],[24.161,39.418],[24.1623,39.4195],[24.1641,39.4234],[24.1665,39.4297],[24.1684,39.4335],[24.1697,39.435],[24.1724,39.4368],[24.1765,39.439],[24.1789,39.4399],[24.1794,39.4395],[24.18,39.4397],[24.1805,39.4405],[24.1812,39.4409],[24.1823,39.4408],[24.1831,39.4403],[24.1836,39.4394],[24.1844,39.4395],[24.1854,39.4406],[24.1862,39.4408],[24.1867,39.4401],[24.1873,39.4401],[24.1877,39.4408],[24.1888,39.4412],[24.1903,39.4411],[24.1921,39.4422],[24.1942,39.4443],[24.1958,39.4455],[24.1969,39.4458],[24.1989,39.4459],[24.2021,39.4456],[24.2052,39.4444],[24.2083,39.4423],[24.2105,39.4397],[24.2116,39.4365],[24.2118,39.4342],[24.2112,39.4326],[24.2104,39.4315],[24.2094,39.4305],[24.2071,39.4297],[24.2034,39.4289],[24.2006,39.4279],[24.1984,39.4266],[24.1959,39.424],[24.193,39.4201],[24.1925,39.4166],[24.1944,39.4136],[24.1951,39.411],[24.1946,39.4089],[24.1946,39.4076],[24.1952,39.4071],[24.1953,39.4065],[24.195,39.406],[24.1953,39.4036],[24.1963,39.3995],[24.1967,39.3964],[24.1965,39.3943],[24.1924,39.3883],[24.1843,39.3784],[24.179,39.3724],[24.1767,39.3703],[24.1752,39.3691],[24.1748,39.3688],[24.1742,39.3689],[24.1737,39.3692],[24.1728,39.3688],[24.1715,39.3678],[24.1697,39.3643],[24.1676,39.3586],[24.1658,39.3549],[24.1644,39.3534],[24.163,39.3523],[24.1616,39.3518],[24.1609,39.3515],[24.1609,39.3515],[24.1596,39.3516]],[[24.1456,39.3305],[24.1419,39.3307],[24.1372,39.3316],[24.1315,39.3333],[24.1276,39.3337],[24.1255,39.3331],[24.124,39.3334],[24.1229,39.3349],[24.1221,39.3354],[24.1216,39.3351],[24.1211,39.3352],[24.1206,39.3357],[24.1204,39.3362],[24.1207,39.3367],[24.1203,39.3375],[24.1192,39.3386],[24.1194,39.3403],[24.1207,39.3427],[24.1209,39.344],[24.1198,39.3444],[24.1185,39.3443],[24.1169,39.3438],[24.116,39.344],[24.116,39.3449],[24.1155,39.3455],[24.1145,39.346],[24.1142,39.3468],[24.1145,39.3479],[24.1139,39.3505],[24.1125,39.3547],[24.1118,39.3573],[24.112,39.3584],[24.113,39.3594],[24.1151,39.3603],[24.1177,39.3608],[24.1208,39.3609],[24.1229,39.3612],[24.124,39.3617],[24.1249,39.3617],[24.1256,39.3612],[24.1262,39.3601],[24.1266,39.3586],[24.1277,39.3575],[24.1293,39.3571],[24.1301,39.3565],[24.1302,39.356],[24.1316,39.3553],[24.1345,39.3545],[24.1364,39.3543],[24.1375,39.3548],[24.1388,39.355],[24.1403,39.3549],[24.1421,39.3543],[24.1439,39.3532],[24.1464,39.3505],[24.1495,39.3464],[24.1513,39.3427],[24.1518,39.3396],[24.152,39.3372],[24.1517,39.3357],[24.1506,39.3338],[24.1485,39.3315],[24.1474,39.3304],[24.1474,39.3304],[24.1456,39.3305]],[[24.3268,39.3251],[24.319,39.3267],[24.3143,39.3282],[24.3128,39.3294],[24.3111,39.3318],[24.3094,39.3353],[24.3088,39.3386],[24.3095,39.3417],[24.3108,39.3456],[24.3128,39.3503],[24.3141,39.3555],[24.3146,39.3612],[24.3152,39.3651],[24.3161,39.3672],[24.3172,39.369],[24.3186,39.3705],[24.3203,39.3717],[24.3224,39.3725],[24.3255,39.373],[24.3297,39.3731],[24.3326,39.3729],[24.3341,39.3724],[24.3354,39.3717],[24.3363,39.3708],[24.3377,39.3669],[24.3394,39.3602],[24.3403,39.3545],[24.3406,39.3498],[24.3398,39.3458],[24.3379,39.3427],[24.3366,39.338],[24.3359,39.3317],[24.3351,39.3278],[24.3344,39.3263],[24.3332,39.3252],[24.3315,39.3245],[24.3307,39.3242],[24.3307,39.3242],[24.3268,39.3251]],[[24.4052,39.2942],[24.4041,39.2944],[24.4032,39.2952],[24.4023,39.2967],[24.4023,39.2976],[24.4032,39.298],[24.4041,39.298],[24.4052,39.2977],[24.4059,39.2969],[24.4062,39.2959],[24.4062,39.295],[24.4059,39.2944],[24.4057,39.2941],[24.4057,39.2941],[24.4052,39.2942]],[[24.0935,39.2868],[24.0919,39.2865],[24.0893,39.2869],[24.0857,39.2878],[24.0836,39.2885],[24.0831,39.289],[24.0792,39.2889],[24.0718,39.2883],[24.0667,39.2883],[24.0636,39.2888],[24.0607,39.2903],[24.0581,39.2927],[24.055,39.2944],[24.0513,39.2954],[24.0494,39.2965],[24.0492,39.2978],[24.0483,39.2989],[24.0466,39.3],[24.0456,39.3021],[24.0454,39.3052],[24.0448,39.3076],[24.0437,39.3091],[24.0434,39.3102],[24.0437,39.3106],[24.0437,39.3111],[24.0434,39.3115],[24.0427,39.3117],[24.0416,39.3116],[24.0398,39.3108],[24.0372,39.3093],[24.0357,39.3091],[24.0352,39.3103],[24.0347,39.3109],[24.0341,39.3109],[24.0335,39.3114],[24.0328,39.3125],[24.0324,39.3138],[24.0323,39.3153],[24.0328,39.3172],[24.0339,39.3193],[24.0343,39.3216],[24.034,39.3242],[24.0342,39.3258],[24.0351,39.3263],[24.0354,39.3271],[24.0351,39.3281],[24.0356,39.3297],[24.0366,39.3318],[24.0378,39.3352],[24.0391,39.3399],[24.0416,39.3451],[24.0455,39.351],[24.0495,39.3558],[24.0536,39.3595],[24.057,39.3628],[24.0596,39.3659],[24.0653,39.3695],[24.0742,39.3737],[24.0791,39.3759],[24.0802,39.3759],[24.0811,39.3754],[24.0818,39.374],[24.0832,39.3731],[24.0851,39.3727],[24.0866,39.3711],[24.0876,39.3685],[24.0889,39.3671],[24.0904,39.3669],[24.0914,39.367],[24.0919,39.3675],[24.093,39.3671],[24.0946,39.3658],[24.0954,39.3646],[24.0953,39.3636],[24.0959,39.3628],[24.0973,39.3623],[24.098,39.3615],[24.0983,39.3604],[24.0991,39.3594],[24.1005,39.3583],[24.1013,39.3573],[24.1015,39.3565],[24.102,39.3557],[24.1029,39.355],[24.1041,39.3526],[24.1058,39.3485],[24.107,39.3461],[24.1079,39.3456],[24.1078,39.3451],[24.1068,39.3446],[24.1067,39.3442],[24.1074,39.3442],[24.1078,39.3434],[24.1079,39.3418],[24.1085,39.3406],[24.1096,39.3396],[24.1098,39.3383],[24.1091,39.3367],[24.1081,39.3357],[24.1067,39.3352],[24.1062,39.3342],[24.1066,39.3328],[24.1073,39.332],[24.1084,39.3319],[24.1079,39.3313],[24.106,39.3302],[24.1049,39.3293],[24.1048,39.3284],[24.1044,39.3278],[24.1039,39.3276],[24.1033,39.326],[24.1026,39.3229],[24.103,39.3211],[24.1043,39.3206],[24.1046,39.3201],[24.1038,39.3196],[24.1035,39.3185],[24.1035,39.317],[24.1026,39.3132],[24.1005,39.3074],[24.099,39.3037],[24.0981,39.3023],[24.097,39.3012],[24.0959,39.3005],[24.0952,39.2997],[24.0951,39.2988],[24.0945,39.2982],[24.0935,39.2977],[24.0936,39.2972],[24.0949,39.2967],[24.0958,39.2951],[24.0963,39.2924],[24.0964,39.2903],[24.096,39.2888],[24.0954,39.2877],[24.0947,39.2872],[24.0943,39.2869],[24.0943,39.2869],[24.0935,39.2868]],[[24.0838,39.0385],[24.0818,39.0383],[24.0794,39.0386],[24.0768,39.0394],[24.0749,39.0412],[24.0736,39.0439],[24.0732,39.0463],[24.0737,39.0485],[24.0751,39.0519],[24.0776,39.0566],[24.0796,39.0618],[24.0813,39.0675],[24.0812,39.0732],[24.0793,39.0789],[24.0786,39.0834],[24.0789,39.0865],[24.0794,39.0886],[24.0803,39.0899],[24.0812,39.0907],[24.0823,39.091],[24.0831,39.0908],[24.0836,39.09],[24.0855,39.0898],[24.0885,39.0901],[24.0906,39.0898],[24.0917,39.0889],[24.0929,39.0891],[24.0942,39.0904],[24.0947,39.0918],[24.0944,39.0932],[24.0938,39.0941],[24.0927,39.0946],[24.0919,39.0954],[24.0914,39.0965],[24.0909,39.097],[24.0903,39.0969],[24.0893,39.0977],[24.0878,39.0993],[24.0862,39.1005],[24.0845,39.1012],[24.0838,39.1021],[24.0841,39.1031],[24.0838,39.1044],[24.0832,39.106],[24.0831,39.1075],[24.0836,39.109],[24.0847,39.1103],[24.0862,39.1117],[24.088,39.1124],[24.0901,39.1127],[24.0932,39.1121],[24.0974,39.1107],[24.1,39.1094],[24.1011,39.1083],[24.1037,39.1076],[24.1078,39.1074],[24.1117,39.1076],[24.1154,39.1082],[24.1179,39.1083],[24.1192,39.108],[24.1204,39.1073],[24.1214,39.1062],[24.1225,39.1041],[24.1238,39.1011],[24.1248,39.0966],[24.1257,39.0909],[24.1259,39.0865],[24.1253,39.0834],[24.1261,39.081],[24.1281,39.0794],[24.1297,39.0773],[24.1309,39.0747],[24.1317,39.0713],[24.1322,39.0672],[24.132,39.0636],[24.1311,39.0605],[24.1299,39.058],[24.1284,39.0561],[24.1266,39.0546],[24.1245,39.0535],[24.1205,39.053],[24.1149,39.053],[24.111,39.0527],[24.1089,39.0523],[24.1074,39.0514],[24.1065,39.0501],[24.1055,39.0492],[24.1042,39.0486],[24.102,39.0486],[24.099,39.0491],[24.0964,39.0491],[24.0943,39.0485],[24.0919,39.0462],[24.0893,39.0422],[24.0872,39.0398],[24.0857,39.039],[24.0849,39.0386],[24.0849,39.0386],[24.0838,39.0385]],[[24.0617,39.0273],[24.0591,39.027],[24.057,39.0276],[24.0554,39.029],[24.0549,39.0318],[24.0556,39.0359],[24.0572,39.0391],[24.0596,39.0413],[24.062,39.042],[24.0641,39.0413],[24.0655,39.041],[24.0663,39.0411],[24.0674,39.0396],[24.0689,39.0365],[24.0693,39.0336],[24.0686,39.031],[24.067,39.0291],[24.0643,39.028],[24.063,39.0274],[24.063,39.0274],[24.0617,39.0273]]]]}},{"type":"Feature","properties":{"depth":50,"kind":"isobath"},"geometry":{"type":"MultiLineString","coordinates":[[[24.1444,39.3984],[24.1444,39.3986],[24.1443,39.399],[24.1443,39.399],[24.1444,39.3986],[24.1444,39.3984]],[[24.176,39.3703],[24.1759,39.3701],[24.1756,39.3697],[24.1756,39.3697],[24.1759,39.3701],[24.176,39.3703]],[[24.1216,39.3359],[24.1213,39.3359],[24.1208,39.3359],[24.1208,39.3359],[24.1213,39.3359],[24.1216,39.3359]],[[24.1067,39.3318],[24.1062,39.3318],[24.1051,39.3318],[24.1051,39.3318],[24.1062,39.3318],[24.1067,39.3318]],[[24.045,39.3172],[24.0443,39.3172],[24.0428,39.3172],[24.0428,39.3172],[24.0443,39.3172],[24.045,39.3172]],[[24.051,39.312],[24.0514,39.3133],[24.052,39.3159],[24.0517,39.3174],[24.0502,39.3178],[24.0486,39.3175],[24.0467,39.3166],[24.0458,39.3156],[24.0458,39.3146],[24.0452,39.3136],[24.0441,39.3125],[24.0454,39.312],[24.0491,39.312],[24.051,39.312]],[[24.1083,39.0536],[24.1082,39.0539],[24.1079,39.0544],[24.1076,39.0544],[24.1073,39.0539],[24.1074,39.0536],[24.108,39.0536],[24.1083,39.0536]],[[24.4905,39.0193],[24.4904,39.0195],[24.4902,39.0198],[24.4902,39.0198],[24.4904,39.0195],[24.4905,39.0193]],[[24.9995,39.4587],[24.9977,39.4564],[24.994,39.4519],[24.9917,39.4493],[24.9906,39.4487],[24.9886,39.4484],[24.9855,39.4484],[24.9829,39.4489],[24.9807,39.45],[24.9767,39.4542],[24.971,39.4615],[24.9672,39.4675],[24.9653,39.4722],[24.9633,39.4764],[24.961,39.4802],[24.9594,39.4844],[24.9584,39.4889],[24.9586,39.4979],[24.9601,39.5114],[24.9622,39.5237],[24.9651,39.5346],[24.967,39.5409],[24.9679,39.5424],[24.9702,39.5448],[24.9738,39.5479],[24.978,39.5539],[24.9827,39.5628],[24.9871,39.5691],[24.9912,39.5729],[24.9932,39.5748]],[[24.0245,39.9986],[24.0242,39.9983],[24.0235,39.9977],[24.0232,39.9971],[24.0234,39.9966],[24.02,39.9935],[24.0133,39.988],[24.009,39.9838],[24.0073,39.9811],[24.0067,39.9789],[24.0072,39.9774],[24.0079,39.9763],[24.0086,39.9758],[24.0088,39.9742],[24.0085,39.9716],[24.0067,39.9685],[24.0032,39.9648],[24.0015,39.963]],[[24.0016,39.2445],[24.0019,39.2438],[24.0024,39.2423],[24.0033,39.241],[24.0045,39.2397],[24.0067,39.2365],[24.0097,39.2312],[24.0114,39.2278],[24.0117,39.2263],[24.0111,39.2245],[24.0096,39.2226],[24.0079,39.2213],[24.0058,39.2206],[24.0047,39.2203]],[[24.4667,39.0036],[24.4648,39.0057],[24.461,39.0099],[24.4593,39.0125],[24.4596,39.0136],[24.4589,39.0164],[24.457,39.0211],[24.4575,39.0252],[24.4602,39.0289],[24.4614,39.0312],[24.4611,39.0323],[24.4613,39.0332],[24.4618,39.0341],[24.463,39.0353],[24.4651,39.0367],[24.4677,39.0377],[24.4708,39.0382],[24.4729,39.0381],[24.474,39.0373],[24.4743,39.0367],[24.474,39.0362],[24.474,39.0352],[24.4743,39.0338],[24.4755,39.0334],[24.4776,39.0339],[24.4799,39.0336],[24.4826,39.0324],[24.4841,39.031],[24.4847,39.0294],[24.486,39.0277],[24.488,39.0258],[24.4892,39.024],[24.4893,39.0223],[24.4907,39.0209],[24.4932,39.0198],[24.4954,39.0183],[24.4975,39.0161],[24.4985,39.0144],[24.4984,39.0132],[24.499,39.0119],[24.5003,39.0106],[24.5009,39.0097],[24.5008,39.0092],[24.5013,39.0086],[24.5023,39.0081],[24.503,39.0073],[24.5033,39.0062],[24.5041,39.0054],[24.5052,39.0047],[24.5057,39.0043]],[[24.988,39.739],[24.9875,39.7392],[24.9864,39.7395],[24.9857,39.74],[24.9853,39.7408],[24.9852,39.7419],[24.9853,39.7435],[24.9861,39.7448],[24.9874,39.7457],[24.9887,39.7457],[24.99,39.7448],[24.9908,39.7438],[24.9912,39.7427],[24.9913,39.7419],[24.9912,39.7414],[24.9903,39.7406],[24.9888,39.7395],[24.988,39.739]],[[24.6589,39.5307],[24.6584,39.5307],[24.6573,39.5306],[24.6564,39.5311],[24.6555,39.5322],[24.6552,39.5334],[24.6555,39.5345],[24.6562,39.5355],[24.6573,39.5362],[24.6585,39.5358],[24.6599,39.5346],[24.6605,39.5334],[24.6603,39.5323],[24.6599,39.5315],[24.6592,39.531],[24.6589,39.5307]],[[24.1755,39.4672],[24.1739,39.467],[24.1709,39.4665],[24.169,39.4665],[24.1684,39.467],[24.1685,39.4675],[24.1693,39.468],[24.1691,39.4683],[24.1678,39.4684],[24.1669,39.4687],[24.1664,39.4694],[24.1662,39.4701],[24.1662,39.471],[24.1657,39.4727],[24.1645,39.4753],[24.1644,39.4802],[24.1654,39.4875],[24.1677,39.4942],[24.1714,39.5005],[24.1741,39.5057],[24.176,39.5099],[24.1776,39.5128],[24.179,39.5145],[24.181,39.516],[24.1836,39.5173],[24.1859,39.5179],[24.1881,39.518],[24.1894,39.5177],[24.1899,39.5171],[24.1904,39.5171],[24.1908,39.5176],[24.1925,39.5164],[24.1955,39.5135],[24.1978,39.5094],[24.1995,39.5042],[24.2006,39.4998],[24.2011,39.4961],[24.2005,39.492],[24.199,39.4873],[24.1982,39.4841],[24.1982,39.4826],[24.1975,39.4809],[24.196,39.4792],[24.1919,39.4759],[24.1852,39.4711],[24.1802,39.4683],[24.1771,39.4676],[24.1755,39.4672]],[[24.1609,39.3515],[24.1596,39.3516],[24.157,39.3518],[24.1552,39.3524],[24.1541,39.3535],[24.1534,39.3539],[24.1528,39.3536],[24.1513,39.3542],[24.1487,39.3558],[24.147,39.3574],[24.1461,39.3591],[24.1424,39.361],[24.136,39.3631],[24.1315,39.365],[24.1289,39.367],[24.1277,39.3683],[24.1279,39.369],[24.1274,39.3696],[24.1263,39.3701],[24.1261,39.3708],[24.1269,39.3719],[24.1278,39.3742],[24.1288,39.3779],[24.1323,39.3821],[24.1384,39.3868],[24.1419,39.392],[24.1428,39.3977],[24.1438,39.4008],[24.1448,39.4013],[24.1471,39.4039],[24.1506,39.4086],[24.1544,39.4125],[24.1584,39.4156],[24.161,39.418],[24.1623,39.4195],[24.1641,39.4234],[24.1665,39.4297],[24.1684,39.4335],[24.1697,39.435],[24.1724,39.4368],[24.1765,39.439],[24.1789,39.4399],[24.1794,39.4395],[24.18,39.4397],[24.1805,39.4405],[24.1812,39.4409],[24.1823,39.4408],[24.1831,39.4403],[24.1836,39.4394],[24.1844,39.4395],[24.1854,39.4406],[24.1862,39.4408],[24.1867,39.4401],[24.1873,39.4401],[24.1877,39.4408],[24.1888,39.4412],[24.1903,39.4411],[24.1921,39.4422],[24.1942,39.4443],[24.1958,39.4455],[24.1969,39.4458],[24.1989,39.4459],[24.2021,39.4456],[24.2052,39.4444],[24.2083,39.4423],[24.2105,39.4397],[24.2116,39.4365],[24.2118,39.4342],[24.2112,39.4326],[24.2104,39.4315],[24.2094,39.4305],[24.2071,39.4297],[24.2034,39.4289],[24.2006,39.4279],[24.1984,39.4266],[24.1959,39.424],[24.193,39.4201],[24.1925,39.4166],[24.1944,39.4136],[24.1951,39.411],[24.1946,39.4089],[24.1946,39.4076],[24.1952,39.4071],[24.1953,39.4065],[24.195,39.406],[24.1953,39.4036],[24.1963,39.3995],[24.1967,39.3964],[24.1965,39.3943],[24.1924,39.3883],[24.1843,39.3784],[24.179,39.3724],[24.1767,39.3703],[24.1752,39.3691],[24.1748,39.3688],[24.1742,39.3689],[24.1737,39.3692],[24.1728,39.3688],[24.1715,39.3678],[24.1697,39.3643],[24.1676,39.3586],[24.1658,39.3549],[24.1644,39.3534],[24.163,39.3523],[24.1616,39.3518],[24.1609,39.3515]],[[24.1474,39.3304],[24.1456,39.3305],[24.1419,39.3307],[24.1372,39.3316],[24.1315,39.3333],[24.1276,39.3337],[24.1255,39.3331],[24.124,39.3334],[24.1229,39.3349],[24.1221,39.3354],[24.1216,39.3351],[24.1211,39.3352],[24.1206,39.3357],[24.1204,39.3362],[24.1207,39.3367],[24.1203,39.3375],[24.1192,39.3386],[24.1194,39.3403],[24.1207,39.3427],[24.1209,39.344],[24.1198,39.3444],[24.1185,39.3443],[24.1169,39.3438],[24.116,39.344],[24.116,39.3449],[24.1155,39.3455],[24.1145,39.346],[24.1142,39.3468],[24.1145,39.3479],[24.1139,39.3505],[24.1125,39.3547],[24.1118,39.3573],[24.112,39.3584],[24.113,39.3594],[24.1151,39.3603],[24.1177,39.3608],[24.1208,39.3609],[24.1229,39.3612],[24.124,39.3617],[24.1249,39.3617],[24.1256,39.3612],[24.1262,39.3601],[24.1266,39.3586],[24.1277,39.3575],[24.1293,39.3571],[24.1301,39.3565],[24.1302,39.356],[24.1316,39.3553],[24.1345,39.3545],[24.1364,39.3543],[24.1375,39.3548],[24.1388,39.355],[24.1403,39.3549],[24.1421,39.3543],[24.1439,39.3532],[24.1464,39.3505],[24.1495,39.3464],[24.1513,39.3427],[24.1518,39.3396],[24.152,39.3372],[24.1517,39.3357],[24.1506,39.3338],[24.1485,39.3315],[24.1474,39.3304]],[[24.3307,39.3242],[24.3268,39.3251],[24.319,39.3267],[24.3143,39.3282],[24.3128,39.3294],[24.3111,39.3318],[24.3094,39.3353],[24.3088,39.3386],[24.3095,39.3417],[24.3108,39.3456],[24.3128,39.3503],[24.3141,39.3555],[24.3146,39.3612],[24.3152,39.3651],[24.3161,39.3672],[24.3172,39.369],[24.3186,39.3705],[24.3203,39.3717],[24.3224,39.3725],[24.3255,39.373],[24.3297,39.3731],[24.3326,39.3729],[24.3341,39.3724],[24.3354,39.3717],[24.3363,39.3708],[24.3377,39.3669],[24.3394,39.3602],[24.3403,39.3545],[24.3406,39.3498],[24.3398,39.3458],[24.3379,39.3427],[24.3366,39.338],[24.3359,39.3317],[24.3351,39.3278],[24.3344,39.3263],[24.3332,39.3252],[24.3315,39.3245],[24.3307,39.3242]],[[24.4057,39.2941],[24.4052,39.2942],[24.4041,39.2944],[24.4032,39.2952],[24.4023,39.2967],[24.4023,39.2976],[24.4032,39.298],[24.4041,39.298],[24.4052,39.2977],[24.4059,39.2969],[24.4062,39.2959],[24.4062,39.295],[24.4059,39.2944],[24.4057,39.2941]],[[24.0943,39.2869],[24.0935,39.2868],[24.0919,39.2865],[24.0893,39.2869],[24.0857,39.2878],[24.0836,39.2885],[24.0831,39.289],[24.0792,39.2889],[24.0718,39.2883],[24.0667,39.2883],[24.0636,39.2888],[24.0607,39.2903],[24.0581,39.2927],[24.055,39.2944],[24.0513,39.2954],[24.0494,39.2965],[24.0492,39.2978],[24.0483,39.2989],[24.0466,39.3],[24.0456,39.3021],[24.0454,39.3052],[24.0448,39.3076],[24.0437,39.3091],[24.0434,39.3102],[24.0437,39.3106],[24.0437,39.3111],[24.0434,39.3115],[24.0427,39.3117],[24.0416,39.3116],[24.0398,39.3108],[24.0372,39.3093],[24.0357,39.3091],[24.0352,39.3103],[24.0347,39.3109],[24.0341,39.3109],[24.0335,39.3114],[24.0328,39.3125],[24.0324,39.3138],[24.0323,39.3153],[24.0328,39.3172],[24.0339,39.3193],[24.0343,39.3216],[24.034,39.3242],[24.0342,39.3258],[24.0351,39.3263],[24.0354,39.3271],[24.0351,39.3281],[24.0356,39.3297],[24.0366,39.3318],[24.0378,39.3352],[24.0391,39.3399],[24.0416,39.3451],[24.0455,39.351],[24.0495,39.3558],[24.0536,39.3595],[24.057,39.3628],[24.0596,39.3659],[24.0653,39.3695],[24.0742,39.3737],[24.0791,39.3759],[24.0802,39.3759],[24.0811,39.3754],[24.0818,39.374],[24.0832,39.3731],[24.0851,39.3727],[24.0866,39.3711],[24.0876,39.3685],[24.0889,39.3671],[24.0904,39.3669],[24.0914,39.367],[24.0919,39.3675],[24.093,39.3671],[24.0946,39.3658],[24.0954,39.3646],[24.0953,39.3636],[24.0959,39.3628],[24.0973,39.3623],[24.098,39.3615],[24.0983,39.3604],[24.0991,39.3594],[24.1005,39.3583],[24.1013,39.3573],[24.1015,39.3565],[24.102,39.3557],[24.1029,39.355],[24.1041,39.3526],[24.1058,39.3485],[24.107,39.3461],[24.1079,39.3456],[24.1078,39.3451],[24.1068,39.3446],[24.1067,39.3442],[24.1074,39.3442],[24.1078,39.3434],[24.1079,39.3418],[24.1085,39.3406],[24.1096,39.3396],[24.1098,39.3383],[24.1091,39.3367],[24.1081,39.3357],[24.1067,39.3352],[24.1062,39.3342],[24.1066,39.3328],[24.1073,39.332],[24.1084,39.3319],[24.1079,39.3313],[24.106,39.3302],[24.1049,39.3293],[24.1048,39.3284],[24.1044,39.3278],[24.1039,39.3276],[24.1033,39.326],[24.1026,39.3229],[24.103,39.3211],[24.1043,39.3206],[24.1046,39.3201],[24.1038,39.3196],[24.1035,39.3185],[24.1035,39.317],[24.1026,39.3132],[24.1005,39.3074],[24.099,39.3037],[24.0981,39.3023],[24.097,39.3012],[24.0959,39.3005],[24.0952,39.2997],[24.0951,39.2988],[24.0945,39.2982],[24.0935,39.2977],[24.0936,39.2972],[24.0949,39.2967],[24.0958,39.2951],[24.0963,39.2924],[24.0964,39.2903],[24.096,39.2888],[24.0954,39.2877],[24.0947,39.2872],[24.0943,39.2869]],[[24.0849,39.0386],[24.0838,39.0385],[24.0818,39.0383],[24.0794,39.0386],[24.0768,39.0394],[24.0749,39.0412],[24.0736,39.0439],[24.0732,39.0463],[24.0737,39.0485],[24.0751,39.0519],[24.0776,39.0566],[24.0796,39.0618],[24.0813,39.0675],[24.0812,39.0732],[24.0793,39.0789],[24.0786,39.0834],[24.0789,39.0865],[24.0794,39.0886],[24.0803,39.0899],[24.0812,39.0907],[24.0823,39.091],[24.0831,39.0908],[24.0836,39.09],[24.0855,39.0898],[24.0885,39.0901],[24.0906,39.0898],[24.0917,39.0889],[24.0929,39.0891],[24.0942,39.0904],[24.0947,39.0918],[24.0944,39.0932],[24.0938,39.0941],[24.0927,39.0946],[24.0919,39.0954],[24.0914,39.0965],[24.0909,39.097],[24.0903,39.0969],[24.0893,39.0977],[24.0878,39.0993],[24.0862,39.1005],[24.0845,39.1012],[24.0838,39.1021],[24.0841,39.1031],[24.0838,39.1044],[24.0832,39.106],[24.0831,39.1075],[24.0836,39.109],[24.0847,39.1103],[24.0862,39.1117],[24.088,39.1124],[24.0901,39.1127],[24.0932,39.1121],[24.0974,39.1107],[24.1,39.1094],[24.1011,39.1083],[24.1037,39.1076],[24.1078,39.1074],[24.1117,39.1076],[24.1154,39.1082],[24.1179,39.1083],[24.1192,39.108],[24.1204,39.1073],[24.1214,39.1062],[24.1225,39.1041],[24.1238,39.1011],[24.1248,39.0966],[24.1257,39.0909],[24.1259,39.0865],[24.1253,39.0834],[24.1261,39.081],[24.1281,39.0794],[24.1297,39.0773],[24.1309,39.0747],[24.1317,39.0713],[24.1322,39.0672],[24.132,39.0636],[24.1311,39.0605],[24.1299,39.058],[24.1284,39.0561],[24.1266,39.0546],[24.1245,39.0535],[24.1205,39.053],[24.1149,39.053],[24.111,39.0527],[24.1089,39.0523],[24.1074,39.0514],[24.1065,39.0501],[24.1055,39.0492],[24.1042,39.0486],[24.102,39.0486],[24.099,39.0491],[24.0964,39.0491],[24.0943,39.0485],[24.0919,39.0462],[24.0893,39.0422],[24.0872,39.0398],[24.0857,39.039],[24.0849,39.0386]],[[24.063,39.0274],[24.0617,39.0273],[24.0591,39.027],[24.057,39.0276],[24.0554,39.029],[24.0549,39.0318],[24.0556,39.0359],[24.0572,39.0391],[24.0596,39.0413],[24.062,39.042],[24.0641,39.0413],[24.0655,39.041],[24.0663,39.0411],[24.0674,39.0396],[24.0689,39.0365],[24.0693,39.0336],[24.0686,39.031],[24.067,39.0291],[24.0643,39.028],[24.063,39.0274]]]}},{"type":"Feature","properties":{"depth":60,"kind":"band"},"geometry":{"type":"MultiPolygon","coordinates":[[[[24.14,39.3964],[24.1394,39.3964],[24.1394,39.3964],[24.14,39.3964],[24.1403,39.3964],[24.1403,39.3964],[24.14,39.3964]]],[[[24.0886,39.3714],[24.0881,39.3714],[24.0881,39.3714],[24.0886,39.3714],[24.0888,39.3714],[24.0888,39.3714],[24.0886,39.3714]]],[[[24.1121,39.3599],[24.1114,39.3599],[24.1114,39.3599],[24.1121,39.3599],[24.1125,39.3599],[24.1125,39.3599],[24.1121,39.3599]]],[[[25,39.1143],[25,39.3419],[24.9985,39.4539],[24.9955,39.4502],[24.993,39.4478],[24.9911,39.4466],[24.9883,39.4461],[24.9846,39.4462],[24.9818,39.4468],[24.9797,39.4478],[24.9755,39.4523],[24.9693,39.4602],[24.964,39.4685],[24.9595,39.4774],[24.9568,39.4841],[24.9559,39.4888],[24.9563,39.4979],[24.9579,39.5114],[24.9599,39.5239],[24.9623,39.5354],[24.966,39.5437],[24.9709,39.549],[24.976,39.5563],[24.9813,39.5656],[24.986,39.5721],[24.9901,39.5758],[24.9942,39.5786],[24.9981,39.5808],[24.9999,39.6864],[24.9996,39.8954],[24.7568,40],[24.2713,40],[24.0247,39.9964],[24.0169,39.9892],[24.012,39.9841],[24.01,39.9812],[24.0091,39.9774],[24.0094,39.9727],[24.008,39.9688],[24.0048,39.9657],[24.0024,39.9618],[24.0008,39.9571],[24,39.7776],[24,39.4235],[24.0014,39.2448],[24.0043,39.2415],[24.0075,39.2365],[24.011,39.2299],[24.0123,39.2255],[24.0114,39.2233],[24.0082,39.2207],[24.0027,39.2176],[24.0001,39.1621],[24.0004,39.054],[24.1169,39],[24.3497,39],[24.464,39.0027],[24.4597,39.0082],[24.4576,39.012],[24.4577,39.0141],[24.4569,39.0172],[24.4554,39.0213],[24.4555,39.0247],[24.4573,39.0273],[24.4588,39.0307],[24.4599,39.0349],[24.4619,39.0383],[24.4647,39.0411],[24.4674,39.0427],[24.4701,39.0434],[24.4737,39.0428],[24.4784,39.041],[24.4808,39.0388],[24.4811,39.0362],[24.4834,39.0336],[24.4879,39.031],[24.4904,39.0284],[24.4909,39.0258],[24.4932,39.0229],[24.4972,39.0198],[24.5003,39.0161],[24.5025,39.012],[24.5062,39.0074],[24.5115,39.0025],[24.6356,39.0001],[24.8785,39.0004],[25,39.0005],[25,39.0005],[25,39.1143]],[[24.987,39.7384],[24.9849,39.7393],[24.9838,39.7407],[24.9836,39.7424],[24.9841,39.7442],[24.9853,39.7462],[24.9867,39.7474],[24.9883,39.7477],[24.9899,39.7471],[24.9914,39.7455],[24.9924,39.7438],[24.9926,39.742],[24.9916,39.7403],[24.9892,39.7387],[24.988,39.7379],[24.988,39.7379],[24.987,39.7384]],[[24.657,39.5304],[24.6554,39.532],[24.6548,39.5336],[24.6552,39.5351],[24.656,39.5362],[24.6572,39.537],[24.6587,39.5362],[24.6604,39.5339],[24.6604,39.532],[24.6587,39.5304],[24.6578,39.5296],[24.6578,39.5296],[24.657,39.5304]],[[24.1755,39.4655],[24.1755,39.4663],[24.1734,39.4665],[24.1693,39.466],[24.1664,39.4661],[24.1649,39.4668],[24.1644,39.468],[24.1649,39.4695],[24.1644,39.4719],[24.1627,39.475],[24.1622,39.48],[24.163,39.4867],[24.1656,39.4932],[24.1699,39.4995],[24.1726,39.5046],[24.1739,39.5087],[24.1758,39.5126],[24.1784,39.5165],[24.1815,39.5189],[24.1852,39.5199],[24.1888,39.5201],[24.1925,39.5196],[24.1953,39.5179],[24.1974,39.5152],[24.1992,39.5118],[24.2008,39.5077],[24.2021,39.5031],[24.203,39.4979],[24.2032,39.4932],[24.2025,39.4891],[24.2007,39.4846],[24.1978,39.4797],[24.194,39.4758],[24.1893,39.4729],[24.1867,39.4708],[24.1861,39.4695],[24.1833,39.468],[24.1781,39.466],[24.1755,39.4651],[24.1755,39.4651],[24.1755,39.4655]],[[24.1112,39.3474],[24.1117,39.3482],[24.1117,39.3482],[24.1112,39.3474],[24.1109,39.3471],[24.1109,39.3471],[24.1112,39.3474]],[[24.1466,39.3297],[24.1429,39.3297],[24.138,39.3306],[24.1317,39.3323],[24.1276,39.3328],[24.1255,39.3322],[24.1242,39.3321],[24.1235,39.3326],[24.1231,39.3333],[24.123,39.3344],[24.1218,39.3354],[24.1193,39.3365],[24.1188,39.3386],[24.1201,39.3417],[24.1201,39.3433],[24.1188,39.3434],[24.1177,39.3431],[24.1166,39.3422],[24.1158,39.3426],[24.1154,39.3443],[24.1149,39.3448],[24.1143,39.3443],[24.1138,39.3443],[24.1132,39.345],[24.1132,39.3461],[24.1137,39.3476],[24.1134,39.3495],[24.1121,39.3516],[24.1113,39.3544],[24.1111,39.3581],[24.1122,39.3606],[24.1148,39.3618],[24.1182,39.3625],[24.1224,39.3624],[24.1255,39.3613],[24.1275,39.359],[24.1296,39.3573],[24.1317,39.3563],[24.1339,39.3555],[24.136,39.355],[24.1383,39.355],[24.1409,39.3556],[24.1432,39.3555],[24.1454,39.3546],[24.1461,39.3552],[24.1456,39.3573],[24.1417,39.3599],[24.1343,39.363],[24.1303,39.3644],[24.1295,39.3642],[24.1293,39.3637],[24.1296,39.3631],[24.1294,39.3631],[24.1288,39.3637],[24.1287,39.3646],[24.1292,39.3656],[24.1288,39.3669],[24.1275,39.3685],[24.1263,39.3693],[24.125,39.3693],[24.1251,39.3719],[24.1266,39.3771],[24.13,39.3821],[24.1355,39.3868],[24.1388,39.3904],[24.1399,39.393],[24.1393,39.3948],[24.1372,39.3959],[24.1381,39.3977],[24.1421,39.4003],[24.1438,39.4019],[24.1431,39.4024],[24.1447,39.4047],[24.1486,39.4088],[24.153,39.413],[24.158,39.4172],[24.1619,39.4228],[24.1647,39.4297],[24.1672,39.4342],[24.1693,39.436],[24.1727,39.4381],[24.1774,39.4402],[24.1805,39.4414],[24.182,39.4415],[24.1831,39.4411],[24.1836,39.4402],[24.1847,39.44],[24.1862,39.4407],[24.1894,39.4429],[24.1941,39.4466],[24.1987,39.4479],[24.2034,39.4467],[24.2071,39.4449],[24.2099,39.4424],[24.2118,39.4395],[24.2127,39.4365],[24.2126,39.4338],[24.2115,39.4315],[24.2086,39.4295],[24.2039,39.4278],[24.1998,39.4251],[24.1963,39.4212],[24.1944,39.4188],[24.1943,39.4177],[24.1949,39.4162],[24.1964,39.414],[24.1968,39.4112],[24.1963,39.4075],[24.1966,39.4036],[24.1977,39.3995],[24.1981,39.3961],[24.1976,39.3935],[24.1932,39.3874],[24.1849,39.3777],[24.1783,39.3709],[24.1734,39.367],[24.1694,39.3618],[24.1666,39.3553],[24.1633,39.3516],[24.1596,39.3508],[24.157,39.3505],[24.1555,39.3508],[24.1544,39.3514],[24.1539,39.3523],[24.1521,39.353],[24.149,39.3533],[24.1482,39.3519],[24.1497,39.3489],[24.1502,39.3472],[24.1497,39.3467],[24.1502,39.3461],[24.1517,39.3456],[24.1527,39.3435],[24.1534,39.3398],[24.1529,39.3362],[24.1514,39.3325],[24.1501,39.3305],[24.149,39.33],[24.1484,39.3297],[24.1484,39.3297],[24.1466,39.3297]],[[24.3328,39.3233],[24.3287,39.3234],[24.3237,39.3243],[24.318,39.3259],[24.3143,39.3273],[24.3128,39.3284],[24.3111,39.3304],[24.3094,39.3334],[24.3084,39.3357],[24.3082,39.3372],[24.3094,39.3417],[24.312,39.349],[24.3139,39.3565],[24.315,39.3643],[24.3171,39.3695],[24.3201,39.3721],[24.3247,39.3734],[24.3308,39.3735],[24.3351,39.3722],[24.3375,39.3695],[24.3396,39.363],[24.3413,39.3526],[24.3412,39.3453],[24.3393,39.3412],[24.3383,39.3365],[24.3382,39.3312],[24.3373,39.3273],[24.3357,39.3246],[24.3349,39.3232],[24.3349,39.3232],[24.3328,39.3233]],[[24.4063,39.2914],[24.4033,39.2919],[24.3994,39.2945],[24.3946,39.299],[24.3917,39.3022],[24.3907,39.3038],[24.3904,39.3054],[24.3909,39.3068],[24.3922,39.3076],[24.3943,39.3078],[24.3964,39.3068],[24.3984,39.3045],[24.4016,39.3022],[24.4057,39.2998],[24.4082,39.2975],[24.4091,39.2954],[24.4091,39.2935],[24.4082,39.2919],[24.4078,39.2911],[24.4078,39.2911],[24.4063,39.2914]],[[24.0912,39.2862],[24.0849,39.2875],[24.0766,39.2881],[24.0661,39.2881],[24.0596,39.2894],[24.0572,39.2919],[24.0541,39.2937],[24.0506,39.2948],[24.0488,39.2961],[24.0487,39.2976],[24.0478,39.2989],[24.0461,39.3],[24.0451,39.3021],[24.0449,39.3052],[24.0444,39.3074],[24.0436,39.3085],[24.0427,39.3095],[24.0416,39.3103],[24.0395,39.3099],[24.0365,39.3082],[24.0349,39.3082],[24.0348,39.31],[24.0339,39.3119],[24.0322,39.3141],[24.0317,39.3159],[24.0326,39.3174],[24.033,39.32],[24.0329,39.3237],[24.0345,39.3302],[24.0377,39.3396],[24.0413,39.3469],[24.0452,39.3521],[24.0506,39.358],[24.0575,39.3645],[24.0656,39.37],[24.075,39.3747],[24.0805,39.3769],[24.082,39.3768],[24.0828,39.3761],[24.0828,39.375],[24.0841,39.374],[24.0867,39.3731],[24.0886,39.3716],[24.0899,39.3693],[24.0917,39.368],[24.0941,39.3676],[24.097,39.3648],[24.1004,39.3595],[24.1025,39.3568],[24.1032,39.3568],[24.1039,39.3559],[24.1044,39.354],[24.105,39.3535],[24.1054,39.3545],[24.1066,39.3526],[24.1083,39.3477],[24.1089,39.3443],[24.1084,39.3421],[24.1088,39.3406],[24.1098,39.3396],[24.1098,39.3375],[24.1088,39.3344],[24.1085,39.3326],[24.109,39.3321],[24.1079,39.33],[24.1052,39.3263],[24.1038,39.3237],[24.1035,39.3222],[24.1039,39.3211],[24.1048,39.3206],[24.1048,39.3182],[24.1037,39.3141],[24.1023,39.3097],[24.1005,39.305],[24.0985,39.3013],[24.0961,39.2987],[24.0956,39.2953],[24.0968,39.2912],[24.0966,39.2882],[24.0951,39.2865],[24.0943,39.2856],[24.0943,39.2856],[24.0912,39.2862]],[[24.0852,39.0378],[24.0815,39.0375],[24.0787,39.0379],[24.0766,39.0388],[24.0746,39.0413],[24.073,39.0454],[24.0735,39.0505],[24.0762,39.0567],[24.0783,39.0627],[24.0798,39.0685],[24.0795,39.0745],[24.0776,39.0808],[24.0769,39.0849],[24.0774,39.087],[24.0787,39.0891],[24.0808,39.0913],[24.0831,39.0918],[24.0857,39.0906],[24.0878,39.0902],[24.0893,39.0906],[24.0906,39.0905],[24.0917,39.0899],[24.0927,39.0903],[24.0938,39.0916],[24.0923,39.094],[24.0884,39.0977],[24.0854,39.0998],[24.0834,39.1002],[24.0821,39.1028],[24.0816,39.1076],[24.0824,39.111],[24.0845,39.1131],[24.0865,39.1142],[24.0882,39.1144],[24.0919,39.1135],[24.0977,39.1115],[24.1008,39.11],[24.1013,39.1091],[24.106,39.1087],[24.1149,39.1089],[24.1201,39.1085],[24.1216,39.1074],[24.123,39.1052],[24.1243,39.1021],[24.1254,39.0979],[24.1263,39.0927],[24.1266,39.088],[24.1262,39.0839],[24.1266,39.0816],[24.1279,39.0813],[24.1295,39.0792],[24.1312,39.0753],[24.1321,39.07],[24.132,39.0633],[24.1311,39.0587],[24.1294,39.0562],[24.1273,39.0542],[24.1247,39.0529],[24.1205,39.0521],[24.1149,39.052],[24.1102,39.0509],[24.1065,39.0488],[24.1021,39.0477],[24.0969,39.0474],[24.0925,39.045],[24.0888,39.0403],[24.087,39.0379],[24.087,39.0379],[24.0852,39.0378]],[[24.0607,39.0263],[24.0581,39.0262],[24.0568,39.0266],[24.0568,39.0275],[24.0562,39.0278],[24.0548,39.0277],[24.0542,39.0281],[24.054,39.0292],[24.0544,39.0321],[24.0551,39.0368],[24.0571,39.0401],[24.0604,39.0421],[24.0636,39.0424],[24.0667,39.0409],[24.0688,39.0384],[24.0699,39.0347],[24.0702,39.032],[24.0696,39.0303],[24.0675,39.0287],[24.0638,39.0272],[24.062,39.0264],[24.062,39.0264],[24.0607,39.0263]]]]}},{"type":"Feature","properties":{"depth":60,"kind":"isobath"},"geometry":{"type":"MultiLineString","coordinates":[[[24.1403,39.3964],[24.14,39.3964],[24.1394,39.3964],[24.1394,39.3964],[24.14,39.3964],[24.1403,39.3964]],[[24.0888,39.3714],[24.0886,39.3714],[24.0881,39.3714],[24.0881,39.3714],[24.0886,39.3714],[24.0888,39.3714]],[[24.1125,39.3599],[24.1121,39.3599],[24.1114,39.3599],[24.1114,39.3599],[24.1121,39.3599],[24.1125,39.3599]],[[24.994,39.4484],[24.993,39.4478],[24.9911,39.4466],[24.9883,39.4461],[24.9846,39.4462],[24.9818,39.4468],[24.9797,39.4478],[24.9755,39.4523],[24.9693,39.4602],[24.964,39.4685],[24.9595,39.4774],[24.9568,39.4841],[24.9559,39.4888],[24.9563,39.4979],[24.9579,39.5114],[24.9599,39.5239],[24.9623,39.5354],[24.966,39.5437],[24.9709,39.549],[24.976,39.5563],[24.9813,39.5656],[24.986,39.5721],[24.9901,39.5758],[24.9922,39.5776]],[[24.013,39.9856],[24.012,39.9841],[24.01,39.9812],[24.0091,39.9774],[24.0094,39.9727],[24.008,39.9688],[24.0048,39.9657],[24.0032,39.9641]],[[24.0057,39.2398],[24.0075,39.2365],[24.011,39.2299],[24.0123,39.2255],[24.0114,39.2233],[24.0109,39.2222]],[[24.4576,39.0109],[24.4576,39.012],[24.4577,39.0141],[24.4569,39.0172],[24.4554,39.0213],[24.4555,39.0247],[24.4573,39.0273],[24.4588,39.0307],[24.4599,39.0349],[24.4619,39.0383],[24.4647,39.0411],[24.4674,39.0427],[24.4701,39.0434],[24.4737,39.0428],[24.4784,39.041],[24.4808,39.0388],[24.4811,39.0362],[24.4834,39.0336],[24.4879,39.031],[24.4904,39.0284],[24.4909,39.0258],[24.4932,39.0229],[24.4972,39.0198],[24.5003,39.0161],[24.5025,39.012],[24.5036,39.0099]],[[24.988,39.7379],[24.987,39.7384],[24.9849,39.7393],[24.9838,39.7407],[24.9836,39.7424],[24.9841,39.7442],[24.9853,39.7462],[24.9867,39.7474],[24.9883,39.7477],[24.9899,39.7471],[24.9914,39.7455],[24.9924,39.7438],[24.9926,39.742],[24.9916,39.7403],[24.9892,39.7387],[24.988,39.7379]],[[24.6578,39.5296],[24.657,39.5304],[24.6554,39.532],[24.6548,39.5336],[24.6552,39.5351],[24.656,39.5362],[24.6572,39.537],[24.6587,39.5362],[24.6604,39.5339],[24.6604,39.532],[24.6587,39.5304],[24.6578,39.5296]],[[24.1755,39.4651],[24.1755,39.4655],[24.1755,39.4663],[24.1734,39.4665],[24.1693,39.466],[24.1664,39.4661],[24.1649,39.4668],[24.1644,39.468],[24.1649,39.4695],[24.1644,39.4719],[24.1627,39.475],[24.1622,39.48],[24.163,39.4867],[24.1656,39.4932],[24.1699,39.4995],[24.1726,39.5046],[24.1739,39.5087],[24.1758,39.5126],[24.1784,39.5165],[24.1815,39.5189],[24.1852,39.5199],[24.1888,39.5201],[24.1925,39.5196],[24.1953,39.5179],[24.1974,39.5152],[24.1992,39.5118],[24.2008,39.5077],[24.2021,39.5031],[24.203,39.4979],[24.2032,39.4932],[24.2025,39.4891],[24.2007,39.4846],[24.1978,39.4797],[24.194,39.4758],[24.1893,39.4729],[24.1867,39.4708],[24.1861,39.4695],[24.1833,39.468],[24.1781,39.466],[24.1755,39.4651]],[[24.1109,39.3471],[24.1112,39.3474],[24.1117,39.3482],[24.1117,39.3482],[24.1112,39.3474],[24.1109,39.3471]],[[24.1484,39.3297],[24.1466,39.3297],[24.1429,39.3297],[24.138,39.3306],[24.1317,39.3323],[24.1276,39.3328],[24.1255,39.3322],[24.1242,39.3321],[24.1235,39.3326],[24.1231,39.3333],[24.123,39.3344],[24.1218,39.3354],[24.1193,39.3365],[24.1188,39.3386],[24.1201,39.3417],[24.1201,39.3433],[24.1188,39.3434],[24.1177,39.3431],[24.1166,39.3422],[24.1158,39.3426],[24.1154,39.3443],[24.1149,39.3448],[24.1143,39.3443],[24.1138,39.3443],[24.1132,39.345],[24.1132,39.3461],[24.1137,39.3476],[24.1134,39.3495],[24.1121,39.3516],[24.1113,39.3544],[24.1111,39.3581],[24.1122,39.3606],[24.1148,39.3618],[24.1182,39.3625],[24.1224,39.3624],[24.1255,39.3613],[24.1275,39.359],[24.1296,39.3573],[24.1317,39.3563],[24.1339,39.3555],[24.136,39.355],[24.1383,39.355],[24.1409,39.3556],[24.1432,39.3555],[24.1454,39.3546],[24.1461,39.3552],[24.1456,39.3573],[24.1417,39.3599],[24.1343,39.363],[24.1303,39.3644],[24.1295,39.3642],[24.1293,39.3637],[24.1296,39.3631],[24.1294,39.3631],[24.1288,39.3637],[24.1287,39.3646],[24.1292,39.3656],[24.1288,39.3669],[24.1275,39.3685],[24.1263,39.3693],[24.125,39.3693],[24.1251,39.3719],[24.1266,39.3771],[24.13,39.3821],[24.1355,39.3868],[24.1388,39.3904],[24.1399,39.393],[24.1393,39.3948],[24.1372,39.3959],[24.1381,39.3977],[24.1421,39.4003],[24.1438,39.4019],[24.1431,39.4024],[24.1447,39.4047],[24.1486,39.4088],[24.153,39.413],[24.158,39.4172],[24.1619,39.4228],[24.1647,39.4297],[24.1672,39.4342],[24.1693,39.436],[24.1727,39.4381],[24.1774,39.4402],[24.1805,39.4414],[24.182,39.4415],[24.1831,39.4411],[24.1836,39.4402],[24.1847,39.44],[24.1862,39.4407],[24.1894,39.4429],[24.1941,39.4466],[24.1987,39.4479],[24.2034,39.4467],[24.2071,39.4449],[24.2099,39.4424],[24.2118,39.4395],[24.2127,39.4365],[24.2126,39.4338],[24.2115,39.4315],[24.2086,39.4295],[24.2039,39.4278],[24.1998,39.4251],[24.1963,39.4212],[24.1944,39.4188],[24.1943,39.4177],[24.1949,39.4162],[24.1964,39.414],[24.1968,39.4112],[24.1963,39.4075],[24.1966,39.4036],[24.1977,39.3995],[24.1981,39.3961],[24.1976,39.3935],[24.1932,39.3874],[24.1849,39.3777],[24.1783,39.3709],[24.1734,39.367],[24.1694,39.3618],[24.1666,39.3553],[24.1633,39.3516],[24.1596,39.3508],[24.157,39.3505],[24.1555,39.3508],[24.1544,39.3514],[24.1539,39.3523],[24.1521,39.353],[24.149,39.3533],[24.1482,39.3519],[24.1497,39.3489],[24.1502,39.3472],[24.1497,39.3467],[24.1502,39.3461],[24.1517,39.3456],[24.1527,39.3435],[24.1534,39.3398],[24.1529,39.3362],[24.1514,39.3325],[24.1501,39.3305],[24.149,39.33],[24.1484,39.3297]],[[24.3349,39.3232],[24.3328,39.3233],[24.3287,39.3234],[24.3237,39.3243],[24.318,39.3259],[24.3143,39.3273],[24.3128,39.3284],[24.3111,39.3304],[24.3094,39.3334],[24.3084,39.3357],[24.3082,39.3372],[24.3094,39.3417],[24.312,39.349],[24.3139,39.3565],[24.315,39.3643],[24.3171,39.3695],[24.3201,39.3721],[24.3247,39.3734],[24.3308,39.3735],[24.3351,39.3722],[24.3375,39.3695],[24.3396,39.363],[24.3413,39.3526],[24.3412,39.3453],[24.3393,39.3412],[24.3383,39.3365],[24.3382,39.3312],[24.3373,39.3273],[24.3357,39.3246],[24.3349,39.3232]],[[24.4078,39.2911],[24.4063,39.2914],[24.4033,39.2919],[24.3994,39.2945],[24.3946,39.299],[24.3917,39.3022],[24.3907,39.3038],[24.3904,39.3054],[24.3909,39.3068],[24.3922,39.3076],[24.3943,39.3078],[24.3964,39.3068],[24.3984,39.3045],[24.4016,39.3022],[24.4057,39.2998],[24.4082,39.2975],[24.4091,39.2954],[24.4091,39.2935],[24.4082,39.2919],[24.4078,39.2911]],[[24.0943,39.2856],[24.0912,39.2862],[24.0849,39.2875],[24.0766,39.2881],[24.0661,39.2881],[24.0596,39.2894],[24.0572,39.2919],[24.0541,39.2937],[24.0506,39.2948],[24.0488,39.2961],[24.0487,39.2976],[24.0478,39.2989],[24.0461,39.3],[24.0451,39.3021],[24.0449,39.3052],[24.0444,39.3074],[24.0436,39.3085],[24.0427,39.3095],[24.0416,39.3103],[24.0395,39.3099],[24.0365,39.3082],[24.0349,39.3082],[24.0348,39.31],[24.0339,39.3119],[24.0322,39.3141],[24.0317,39.3159],[24.0326,39.3174],[24.033,39.32],[24.0329,39.3237],[24.0345,39.3302],[24.0377,39.3396],[24.0413,39.3469],[24.0452,39.3521],[24.0506,39.358],[24.0575,39.3645],[24.0656,39.37],[24.075,39.3747],[24.0805,39.3769],[24.082,39.3768],[24.0828,39.3761],[24.0828,39.375],[24.0841,39.374],[24.0867,39.3731],[24.0886,39.3716],[24.0899,39.3693],[24.0917,39.368],[24.0941,39.3676],[24.097,39.3648],[24.1004,39.3595],[24.1025,39.3568],[24.1032,39.3568],[24.1039,39.3559],[24.1044,39.354],[24.105,39.3535],[24.1054,39.3545],[24.1066,39.3526],[24.1083,39.3477],[24.1089,39.3443],[24.1084,39.3421],[24.1088,39.3406],[24.1098,39.3396],[24.1098,39.3375],[24.1088,39.3344],[24.1085,39.3326],[24.109,39.3321],[24.1079,39.33],[24.1052,39.3263],[24.1038,39.3237],[24.1035,39.3222],[24.1039,39.3211],[24.1048,39.3206],[24.1048,39.3182],[24.1037,39.3141],[24.1023,39.3097],[24.1005,39.305],[24.0985,39.3013],[24.0961,39.2987],[24.0956,39.2953],[24.0968,39.2912],[24.0966,39.2882],[24.0951,39.2865],[24.0943,39.2856]],[[24.087,39.0379],[24.0852,39.0378],[24.0815,39.0375],[24.0787,39.0379],[24.0766,39.0388],[24.0746,39.0413],[24.073,39.0454],[24.0735,39.0505],[24.0762,39.0567],[24.0783,39.0627],[24.0798,39.0685],[24.0795,39.0745],[24.0776,39.0808],[24.0769,39.0849],[24.0774,39.087],[24.0787,39.0891],[24.0808,39.0913],[24.0831,39.0918],[24.0857,39.0906],[24.0878,39.0902],[24.0893,39.0906],[24.0906,39.0905],[24.0917,39.0899],[24.0927,39.0903],[24.0938,39.0916],[24.0923,39.094],[24.0884,39.0977],[24.0854,39.0998],[24.0834,39.1002],[24.0821,39.1028],[24.0816,39.1076],[24.0824,39.111],[24.0845,39.1131],[24.0865,39.1142],[24.0882,39.1144],[24.0919,39.1135],[24.0977,39.1115],[24.1008,39.11],[24.1013,39.1091],[24.106,39.1087],[24.1149,39.1089],[24.1201,39.1085],[24.1216,39.1074],[24.123,39.1052],[24.1243,39.1021],[24.1254,39.0979],[24.1263,39.0927],[24.1266,39.088],[24.1262,39.0839],[24.1266,39.0816],[24.1279,39.0813],[24.1295,39.0792],[24.1312,39.0753],[24.1321,39.07],[24.132,39.0633],[24.1311,39.0587],[24.1294,39.0562],[24.1273,39.0542],[24.1247,39.0529],[24.1205,39.0521],[24.1149,39.052],[24.1102,39.0509],[24.1065,39.0488],[24.1021,39.0477],[24.0969,39.0474],[24.0925,39.045],[24.0888,39.0403],[24.087,39.0379]],[[24.062,39.0264],[24.0607,39.0263],[24.0581,39.0262],[24.0568,39.0266],[24.0568,39.0275],[24.0562,39.0278],[24.0548,39.0277],[24.0542,39.0281],[24.054,39.0292],[24.0544,39.0321],[24.0551,39.0368],[24.0571,39.0401],[24.0604,39.0421],[24.0636,39.0424],[24.0667,39.0409],[24.0688,39.0384],[24.0699,39.0347],[24.0702,39.032],[24.0696,39.0303],[24.0675,39.0287],[24.0638,39.0272],[24.062,39.0264]]]}},{"type":"Feature","properties":{"depth":75,"kind":"band"},"geometry":{"type":"MultiPolygon","coordinates":[[[[24.188,39.4432],[24.1874,39.4432],[24.1874,39.4432],[24.188,39.4432],[24.1883,39.4432],[24.1883,39.4432],[24.188,39.4432]]],[[[24.9927,39.4435],[24.9924,39.4442],[24.9924,39.4442],[24.9927,39.4435],[24.9929,39.4432],[24.9929,39.4432],[24.9927,39.4435]]],[[[24.187,39.443],[24.1883,39.4445],[24.1887,39.4456],[24.1882,39.4461],[24.1871,39.4455],[24.1853,39.444],[24.1845,39.4428],[24.1848,39.4421],[24.1853,39.4418],[24.1859,39.4421],[24.1863,39.4422],[24.1863,39.4422],[24.187,39.443]]],[[[24.1241,39.3661],[24.1234,39.3661],[24.1234,39.3661],[24.1241,39.3661],[24.1245,39.3661],[24.1245,39.3661],[24.1241,39.3661]]],[[[24.1253,39.3631],[24.1268,39.3634],[24.1278,39.3639],[24.1281,39.3647],[24.1273,39.3659],[24.1254,39.3676],[24.1247,39.3678],[24.1249,39.3667],[24.1245,39.3656],[24.1233,39.3646],[24.1232,39.3638],[24.1241,39.3633],[24.1245,39.363],[24.1245,39.363],[24.1253,39.3631]]],[[[24.1378,39.3562],[24.1393,39.3573],[24.1397,39.3583],[24.1389,39.3594],[24.1368,39.3606],[24.1335,39.3618],[24.1313,39.3621],[24.1304,39.3613],[24.1302,39.3601],[24.1309,39.3586],[24.1326,39.3573],[24.1356,39.3562],[24.137,39.3557],[24.137,39.3557],[24.1378,39.3562]]],[[[24.1125,39.3474],[24.1118,39.3474],[24.1118,39.3474],[24.1125,39.3474],[24.1128,39.3474],[24.1128,39.3474],[24.1125,39.3474]]],[[[24.1173,39.3411],[24.1168,39.3411],[24.1168,39.3411],[24.1173,39.3411],[24.1176,39.3411],[24.1176,39.3411],[24.1173,39.3411]]],[[[24.0566,39.2911],[24.0561,39.2911],[24.0561,39.2911],[24.0566,39.2911],[24.0568,39.2911],[24.0568,39.2911],[24.0566,39.2911]]],[[[24.0793,39.0925],[24.0788,39.093],[24.0784,39.093],[24.078,39.0925],[24.0782,39.0922],[24.0791,39.0922],[24.0795,39.0922],[24.0795,39.0922],[24.0793,39.0925]]],[[[24.4879,39.0359],[24.4871,39.0359],[24.4871,39.0359],[24.4879,39.0359],[24.4884,39.0359],[24.4884,39.0359],[24.4879,39.0359]]],[[[24.4915,39.0363],[24.4912,39.037],[24.4908,39.0373],[24.4901,39.0371],[24.4902,39.0367],[24.4911,39.0362],[24.4916,39.0359],[24.4916,39.0359],[24.4915,39.0363]]],[[[24.4939,39.0296],[24.4948,39.0315],[24.4944,39.032],[24.4927,39.0311],[24.4922,39.0302],[24.493,39.0291],[24.4934,39.0286],[24.4934,39.0286],[24.4939,39.0296]]],[[[25,39.113],[25,39.338],[24.9981,39.4484],[24.9942,39.4441],[24.9899,39.4421],[24.9852,39.4423],[24.9814,39.4431],[24.9785,39.4446],[24.9737,39.4495],[24.967,39.4578],[24.9625,39.4648],[24.9601,39.4703],[24.9574,39.4753],[24.9545,39.4796],[24.9527,39.4836],[24.9521,39.4873],[24.9534,39.5005],[24.9564,39.5235],[24.9587,39.5375],[24.96,39.5427],[24.963,39.5477],[24.9676,39.5523],[24.9729,39.5597],[24.9788,39.5696],[24.9844,39.5766],[24.9896,39.5807],[24.9942,39.5833],[24.9981,39.5844],[25,39.6885],[25,39.8958],[24.758,39.9996],[24.2739,39.9999],[24.0282,39.9967],[24.0209,39.9902],[24.0161,39.9853],[24.0138,39.9823],[24.0124,39.9799],[24.0117,39.9784],[24.0118,39.9774],[24.0125,39.9769],[24.0121,39.9748],[24.0106,39.9711],[24.0081,39.9675],[24.0044,39.9638],[24.0023,39.9597],[24.0016,39.9549],[24.001,39.9523],[24.0003,39.9519],[24,39.7755],[24,39.4235],[24.0006,39.2472],[24.0019,39.2467],[24.0025,39.2459],[24.0026,39.2448],[24.0036,39.2435],[24.0055,39.2419],[24.0084,39.2375],[24.0122,39.2302],[24.0137,39.2253],[24.0126,39.2227],[24.0096,39.2198],[24.0045,39.2167],[24.0022,39.2146],[24.0026,39.2135],[24.0021,39.212],[24.0007,39.2099],[24,39.1915],[24,39.1565],[24.0005,39.1388],[24.0014,39.1383],[24.0021,39.137],[24.0028,39.1349],[24.0023,39.131],[24.0008,39.1253],[24,39.0919],[24,39.031],[24.1152,39.0004],[24.3457,39.0001],[24.4596,39.0022],[24.457,39.0065],[24.4547,39.0124],[24.4528,39.0197],[24.4529,39.025],[24.455,39.0281],[24.4564,39.0321],[24.4571,39.0368],[24.4583,39.0409],[24.46,39.0444],[24.4625,39.048],[24.4656,39.0515],[24.4693,39.0543],[24.4734,39.0564],[24.4766,39.057],[24.4786,39.0561],[24.4802,39.0546],[24.4811,39.0526],[24.482,39.0516],[24.4827,39.0516],[24.4851,39.0493],[24.4891,39.0448],[24.492,39.0409],[24.4939,39.0375],[24.4952,39.036],[24.496,39.0362],[24.497,39.0357],[24.4981,39.0345],[24.4995,39.0323],[24.5011,39.0292],[24.5015,39.0274],[24.5006,39.0269],[24.5007,39.0263],[24.5017,39.0258],[24.5027,39.024],[24.5036,39.0209],[24.5049,39.0185],[24.5065,39.0169],[24.508,39.0146],[24.5092,39.0115],[24.5136,39.0074],[24.5209,39.0025],[24.6434,39.0001],[24.8811,39.0004],[25,39.0005],[25,39.0005],[25,39.113]],[[24.9886,39.736],[24.9854,39.7365],[24.9833,39.7379],[24.982,39.74],[24.9816,39.7424],[24.9819,39.7451],[24.9833,39.7473],[24.9858,39.749],[24.9883,39.7498],[24.9909,39.7497],[24.9929,39.7483],[24.9942,39.7456],[24.9946,39.7427],[24.9941,39.7396],[24.993,39.7374],[24.9911,39.7363],[24.9901,39.7357],[24.9901,39.7357],[24.9886,39.736]],[[24.6591,39.5291],[24.6576,39.5288],[24.656,39.5291],[24.6544,39.53],[24.6535,39.5313],[24.6534,39.533],[24.6539,39.5349],[24.6551,39.5368],[24.6565,39.538],[24.6581,39.5383],[24.6597,39.5379],[24.6613,39.5366],[24.6621,39.5349],[24.6621,39.5328],[24.6615,39.5311],[24.6605,39.5299],[24.6599,39.5292],[24.6599,39.5292],[24.6591,39.5291]],[[24.2058,39.5252],[24.2039,39.5268],[24.2034,39.5277],[24.2042,39.5278],[24.2052,39.527],[24.2063,39.5253],[24.2068,39.5244],[24.2068,39.5244],[24.2058,39.5252]],[[24.1768,39.4621],[24.1753,39.4631],[24.1742,39.4633],[24.1737,39.4626],[24.1724,39.463],[24.1703,39.4645],[24.1683,39.4651],[24.1662,39.4646],[24.1644,39.4647],[24.1631,39.4656],[24.1626,39.4665],[24.1629,39.4672],[24.1621,39.4696],[24.1602,39.4735],[24.1593,39.4778],[24.1592,39.4826],[24.1604,39.4878],[24.1629,39.4935],[24.1658,39.498],[24.1693,39.5011],[24.1721,39.506],[24.1743,39.5127],[24.1762,39.5174],[24.1778,39.52],[24.1799,39.5217],[24.1826,39.5226],[24.1844,39.5228],[24.1854,39.5223],[24.1886,39.5224],[24.1939,39.5231],[24.1977,39.5219],[24.1998,39.5188],[24.2018,39.5143],[24.2037,39.5086],[24.2048,39.501],[24.2051,39.4917],[24.2035,39.4844],[24.2,39.4792],[24.1963,39.475],[24.1925,39.4719],[24.1899,39.4693],[24.1886,39.4671],[24.1879,39.4653],[24.1878,39.4638],[24.1866,39.4632],[24.1841,39.4635],[24.1815,39.4631],[24.1789,39.4621],[24.1776,39.4616],[24.1776,39.4616],[24.1768,39.4621]],[[24.1896,39.4577],[24.1885,39.4592],[24.1882,39.4604],[24.1888,39.4616],[24.1896,39.4618],[24.1904,39.4612],[24.1907,39.4599],[24.1903,39.458],[24.1901,39.457],[24.1901,39.457],[24.1896,39.4577]],[[24.4055,39.4059],[24.4052,39.4065],[24.4055,39.4068],[24.4064,39.4069],[24.4065,39.4066],[24.406,39.4059],[24.4057,39.4056],[24.4057,39.4056],[24.4055,39.4059]],[[24.3297,39.3221],[24.3193,39.3246],[24.3133,39.3265],[24.3116,39.3279],[24.3099,39.3302],[24.3083,39.3333],[24.309,39.343],[24.3121,39.3591],[24.3142,39.3683],[24.3155,39.3705],[24.3177,39.3724],[24.3208,39.3739],[24.325,39.3748],[24.3302,39.3749],[24.3341,39.3742],[24.3367,39.3725],[24.3393,39.368],[24.3417,39.3605],[24.3433,39.3545],[24.3438,39.3498],[24.3433,39.3453],[24.3417,39.3412],[24.341,39.3362],[24.3411,39.3305],[24.3409,39.3268],[24.3404,39.3253],[24.3388,39.3236],[24.3362,39.3218],[24.3349,39.3209],[24.3349,39.3209],[24.3297,39.3221]],[[24.4071,39.2881],[24.4034,39.2888],[24.3982,39.292],[24.3916,39.2977],[24.3877,39.3018],[24.3867,39.3044],[24.3867,39.3067],[24.3876,39.3087],[24.3891,39.3101],[24.3912,39.3108],[24.3932,39.3109],[24.3954,39.3105],[24.3998,39.3076],[24.4065,39.3024],[24.4106,39.2978],[24.4119,39.2941],[24.4122,39.2914],[24.4116,39.2899],[24.4107,39.2888],[24.4095,39.2881],[24.4089,39.2877],[24.4089,39.2877],[24.4071,39.2881]],[[24.0951,39.2844],[24.0924,39.2842],[24.0883,39.2848],[24.0825,39.2863],[24.0748,39.287],[24.065,39.287],[24.0587,39.2883],[24.0561,39.2909],[24.0529,39.293],[24.0492,39.2945],[24.0476,39.296],[24.0479,39.2976],[24.0472,39.2989],[24.0454,39.3],[24.0442,39.3024],[24.0435,39.3063],[24.0424,39.3085],[24.0409,39.3092],[24.0386,39.3088],[24.0354,39.3073],[24.0339,39.3077],[24.0341,39.3098],[24.0332,39.3119],[24.0314,39.3141],[24.0307,39.3175],[24.0311,39.3222],[24.0329,39.3295],[24.036,39.3393],[24.0397,39.3469],[24.0438,39.3521],[24.0491,39.3578],[24.0557,39.3639],[24.062,39.3689],[24.0683,39.3728],[24.0735,39.3755],[24.0776,39.3771],[24.0821,39.377],[24.0868,39.3753],[24.0893,39.3738],[24.0898,39.3726],[24.0906,39.372],[24.0917,39.3721],[24.0922,39.3716],[24.0922,39.3705],[24.0927,39.37],[24.0938,39.3701],[24.0957,39.3689],[24.0984,39.3664],[24.101,39.3629],[24.1035,39.3586],[24.1054,39.3565],[24.1067,39.3567],[24.1071,39.3563],[24.1066,39.3552],[24.1067,39.3536],[24.1075,39.3515],[24.108,39.3499],[24.1085,39.3489],[24.1093,39.3483],[24.1104,39.3483],[24.1104,39.3506],[24.1094,39.3554],[24.1094,39.359],[24.1104,39.3614],[24.113,39.3637],[24.1172,39.3659],[24.1196,39.3665],[24.1201,39.3654],[24.1206,39.3655],[24.1211,39.3668],[24.1219,39.3674],[24.1228,39.3673],[24.1238,39.3703],[24.1248,39.3766],[24.1276,39.3826],[24.1322,39.3883],[24.1343,39.3922],[24.1339,39.3943],[24.1374,39.3995],[24.1449,39.4078],[24.1512,39.4141],[24.1563,39.4182],[24.1604,39.424],[24.1636,39.4315],[24.1667,39.4363],[24.1698,39.4385],[24.1719,39.4394],[24.1729,39.4389],[24.1755,39.44],[24.1797,39.4425],[24.1823,39.4438],[24.1834,39.4437],[24.1865,39.4458],[24.1917,39.4501],[24.1977,39.451],[24.2044,39.4486],[24.2091,39.4458],[24.2117,39.4427],[24.2134,39.4393],[24.2141,39.4357],[24.2139,39.4328],[24.2126,39.4305],[24.2094,39.4281],[24.2042,39.4257],[24.2008,39.4235],[24.1992,39.4213],[24.1987,39.419],[24.1992,39.4164],[24.1992,39.413],[24.1986,39.4089],[24.1989,39.4042],[24.2,39.399],[24.2002,39.3951],[24.1995,39.3924],[24.1942,39.3857],[24.1843,39.3748],[24.1776,39.368],[24.1742,39.3654],[24.1712,39.3608],[24.1685,39.3541],[24.1659,39.3502],[24.1633,39.3489],[24.1597,39.3483],[24.1553,39.3484],[24.1537,39.3458],[24.1551,39.3406],[24.1548,39.3358],[24.1526,39.3313],[24.1498,39.3288],[24.1461,39.3283],[24.1399,39.3291],[24.131,39.3313],[24.1261,39.3322],[24.125,39.3317],[24.1229,39.3327],[24.1198,39.3352],[24.1167,39.3388],[24.1136,39.3435],[24.1112,39.3454],[24.1097,39.3443],[24.1089,39.3431],[24.1088,39.3418],[24.1096,39.3406],[24.1112,39.3396],[24.1104,39.3355],[24.1072,39.3282],[24.1055,39.324],[24.1053,39.3229],[24.1056,39.3222],[24.1063,39.3217],[24.1061,39.3206],[24.1052,39.319],[24.1046,39.3164],[24.1043,39.3127],[24.1025,39.3078],[24.0993,39.3015],[24.098,39.2958],[24.0985,39.2906],[24.0982,39.2871],[24.097,39.2854],[24.0964,39.2845],[24.0964,39.2845],[24.0951,39.2844]],[[24.055,39.0948],[24.0536,39.0959],[24.0529,39.0972],[24.0528,39.0987],[24.0535,39.1007],[24.055,39.103],[24.0568,39.1046],[24.0589,39.1055],[24.0602,39.1056],[24.0607,39.105],[24.0608,39.1031],[24.0604,39.1],[24.0591,39.0974],[24.0568,39.0953],[24.0557,39.0942],[24.0557,39.0942],[24.055,39.0948]],[[24.0828,39.0361],[24.0787,39.0366],[24.0756,39.0376],[24.0737,39.0393],[24.0728,39.0406],[24.0729,39.0417],[24.0724,39.0425],[24.0712,39.043],[24.0707,39.0445],[24.0708,39.0471],[24.072,39.051],[24.0743,39.0563],[24.0762,39.062],[24.0775,39.0683],[24.0772,39.0745],[24.0753,39.0808],[24.0745,39.0849],[24.0749,39.087],[24.076,39.0893],[24.0777,39.0919],[24.0811,39.0935],[24.0859,39.094],[24.0878,39.095],[24.0865,39.0965],[24.0846,39.0978],[24.0819,39.0989],[24.0797,39.1013],[24.0782,39.105],[24.0776,39.1076],[24.0778,39.1091],[24.0787,39.1112],[24.08,39.1138],[24.0818,39.1155],[24.0838,39.1164],[24.0867,39.1165],[24.0904,39.116],[24.0948,39.1143],[24.1,39.1114],[24.107,39.1099],[24.1159,39.11],[24.1217,39.1079],[24.1244,39.1037],[24.1264,39.0987],[24.1275,39.093],[24.1279,39.0883],[24.1276,39.0846],[24.1283,39.0823],[24.13,39.0812],[24.1313,39.0789],[24.1324,39.0752],[24.1332,39.0708],[24.1337,39.0656],[24.1336,39.0617],[24.1329,39.0591],[24.1317,39.0568],[24.13,39.0547],[24.128,39.053],[24.1257,39.0518],[24.1219,39.0511],[24.1167,39.0508],[24.1112,39.0494],[24.1055,39.047],[24.1011,39.0459],[24.0979,39.046],[24.0948,39.044],[24.0918,39.04],[24.0889,39.0375],[24.0862,39.0364],[24.0849,39.0358],[24.0849,39.0358],[24.0828,39.0361]],[[24.0724,39.0308],[24.0724,39.0315],[24.0724,39.0315],[24.0724,39.0308],[24.0724,39.0305],[24.0724,39.0305],[24.0724,39.0308]],[[24.0564,39.0251],[24.0537,39.0268],[24.0527,39.0279],[24.0533,39.0283],[24.0534,39.0296],[24.0529,39.0318],[24.0531,39.0344],[24.0537,39.0375],[24.0555,39.0404],[24.0585,39.0429],[24.0615,39.0437],[24.0645,39.0427],[24.0669,39.0423],[24.0685,39.0426],[24.0697,39.0421],[24.0704,39.0408],[24.0708,39.0375],[24.0709,39.0323],[24.0702,39.0291],[24.0689,39.0278],[24.0656,39.0264],[24.0604,39.025],[24.0578,39.0243],[24.0578,39.0243],[24.0564,39.0251]]]]}},{"type":"Feature","properties":{"depth":75,"kind":"isobath"},"geometry":{"type":"MultiLineString","coordinates":[[[24.1883,39.4432],[24.188,39.4432],[24.1874,39.4432],[24.1874,39.4432],[24.188,39.4432],[24.1883,39.4432]],[[24.9929,39.4432],[24.9927,39.4435],[24.9924,39.4442],[24.9924,39.4442],[24.9927,39.4435],[24.9929,39.4432]],[[24.1863,39.4422],[24.187,39.443],[24.1883,39.4445],[24.1887,39.4456],[24.1882,39.4461],[24.1871,39.4455],[24.1853,39.444],[24.1845,39.4428],[24.1848,39.4421],[24.1853,39.4418],[24.1859,39.4421],[24.1863,39.4422]],[[24.1245,39.3661],[24.1241,39.3661],[24.1234,39.3661],[24.1234,39.3661],[24.1241,39.3661],[24.1245,39.3661]],[[24.1245,39.363],[24.1253,39.3631],[24.1268,39.3634],[24.1278,39.3639],[24.1281,39.3647],[24.1273,39.3659],[24.1254,39.3676],[24.1247,39.3678],[24.1249,39.3667],[24.1245,39.3656],[24.1233,39.3646],[24.1232,39.3638],[24.1241,39.3633],[24.1245,39.363]],[[24.137,39.3557],[24.1378,39.3562],[24.1393,39.3573],[24.1397,39.3583],[24.1389,39.3594],[24.1368,39.3606],[24.1335,39.3618],[24.1313,39.3621],[24.1304,39.3613],[24.1302,39.3601],[24.1309,39.3586],[24.1326,39.3573],[24.1356,39.3562],[24.137,39.3557]],[[24.1128,39.3474],[24.1125,39.3474],[24.1118,39.3474],[24.1118,39.3474],[24.1125,39.3474],[24.1128,39.3474]],[[24.1176,39.3411],[24.1173,39.3411],[24.1168,39.3411],[24.1168,39.3411],[24.1173,39.3411],[24.1176,39.3411]],[[24.0568,39.2911],[24.0566,39.2911],[24.0561,39.2911],[24.0561,39.2911],[24.0566,39.2911],[24.0568,39.2911]],[[24.0795,39.0922],[24.0793,39.0925],[24.0788,39.093],[24.0784,39.093],[24.078,39.0925],[24.0782,39.0922],[24.0791,39.0922],[24.0795,39.0922]],[[24.4884,39.0359],[24.4879,39.0359],[24.4871,39.0359],[24.4871,39.0359],[24.4879,39.0359],[24.4884,39.0359]],[[24.4916,39.0359],[24.4915,39.0363],[24.4912,39.037],[24.4908,39.0373],[24.4901,39.0371],[24.4902,39.0367],[24.4911,39.0362],[24.4916,39.0359]],[[24.4934,39.0286],[24.4939,39.0296],[24.4948,39.0315],[24.4944,39.032],[24.4927,39.0311],[24.4922,39.0302],[24.493,39.0291],[24.4934,39.0286]],[[24.9922,39.442],[24.9899,39.4421],[24.9852,39.4423],[24.9814,39.4431],[24.9785,39.4446],[24.9737,39.4495],[24.967,39.4578],[24.9625,39.4648],[24.9601,39.4703],[24.9574,39.4753],[24.9545,39.4796],[24.9527,39.4836],[24.9521,39.4873],[24.9534,39.5005],[24.9564,39.5235],[24.9587,39.5375],[24.96,39.5427],[24.963,39.5477],[24.9676,39.5523],[24.9729,39.5597],[24.9788,39.5696],[24.9844,39.5766],[24.9896,39.5807],[24.9922,39.5828]],[[24.0172,39.9869],[24.0161,39.9853],[24.0138,39.9823],[24.0124,39.9799],[24.0117,39.9784],[24.0118,39.9774],[24.0125,39.9769],[24.0121,39.9748],[24.0106,39.9711],[24.0081,39.9675],[24.0044,39.9638],[24.0023,39.9597],[24.0016,39.9549],[24.0013,39.9526]],[[24.0025,39.2464],[24.0025,39.2459],[24.0026,39.2448],[24.0036,39.2435],[24.0055,39.2419],[24.0084,39.2375],[24.0122,39.2302],[24.0137,39.2253],[24.0126,39.2227],[24.0096,39.2198],[24.0045,39.2167],[24.0022,39.2146],[24.0026,39.2135],[24.0028,39.213]],[[24.0018,39.138],[24.0031,39.1339]],[[24.4557,39.0087],[24.4547,39.0124],[24.4528,39.0197],[24.4529,39.025],[24.455,39.0281],[24.4564,39.0321],[24.4571,39.0368],[24.4583,39.0409],[24.46,39.0444],[24.4625,39.048],[24.4656,39.0515],[24.4693,39.0543],[24.4734,39.0564],[24.4766,39.057],[24.4786,39.0561],[24.4802,39.0546],[24.4811,39.0526],[24.482,39.0516],[24.4827,39.0516],[24.4851,39.0493],[24.4891,39.0448],[24.492,39.0409],[24.4939,39.0375],[24.4952,39.036],[24.496,39.0362],[24.497,39.0357],[24.4981,39.0345],[24.4995,39.0323],[24.5011,39.0292],[24.5015,39.0274],[24.5006,39.0269],[24.5007,39.0263],[24.5017,39.0258],[24.5027,39.024],[24.5036,39.0209],[24.5049,39.0185],[24.5065,39.0169],[24.508,39.0146],[24.5092,39.0115],[24.5099,39.0099]],[[24.9901,39.7357],[24.9886,39.736],[24.9854,39.7365],[24.9833,39.7379],[24.982,39.74],[24.9816,39.7424],[24.9819,39.7451],[24.9833,39.7473],[24.9858,39.749],[24.9883,39.7498],[24.9909,39.7497],[24.9929,39.7483],[24.9942,39.7456],[24.9946,39.7427],[24.9941,39.7396],[24.993,39.7374],[24.9911,39.7363],[24.9901,39.7357]],[[24.6599,39.5292],[24.6591,39.5291],[24.6576,39.5288],[24.656,39.5291],[24.6544,39.53],[24.6535,39.5313],[24.6534,39.533],[24.6539,39.5349],[24.6551,39.5368],[24.6565,39.538],[24.6581,39.5383],[24.6597,39.5379],[24.6613,39.5366],[24.6621,39.5349],[24.6621,39.5328],[24.6615,39.5311],[24.6605,39.5299],[24.6599,39.5292]],[[24.2068,39.5244],[24.2058,39.5252],[24.2039,39.5268],[24.2034,39.5277],[24.2042,39.5278],[24.2052,39.527],[24.2063,39.5253],[24.2068,39.5244]],[[24.1776,39.4616],[24.1768,39.4621],[24.1753,39.4631],[24.1742,39.4633],[24.1737,39.4626],[24.1724,39.463],[24.1703,39.4645],[24.1683,39.4651],[24.1662,39.4646],[24.1644,39.4647],[24.1631,39.4656],[24.1626,39.4665],[24.1629,39.4672],[24.1621,39.4696],[24.1602,39.4735],[24.1593,39.4778],[24.1592,39.4826],[24.1604,39.4878],[24.1629,39.4935],[24.1658,39.498],[24.1693,39.5011],[24.1721,39.506],[24.1743,39.5127],[24.1762,39.5174],[24.1778,39.52],[24.1799,39.5217],[24.1826,39.5226],[24.1844,39.5228],[24.1854,39.5223],[24.1886,39.5224],[24.1939,39.5231],[24.1977,39.5219],[24.1998,39.5188],[24.2018,39.5143],[24.2037,39.5086],[24.2048,39.501],[24.2051,39.4917],[24.2035,39.4844],[24.2,39.4792],[24.1963,39.475],[24.1925,39.4719],[24.1899,39.4693],[24.1886,39.4671],[24.1879,39.4653],[24.1878,39.4638],[24.1866,39.4632],[24.1841,39.4635],[24.1815,39.4631],[24.1789,39.4621],[24.1776,39.4616]],[[24.1901,39.457],[24.1896,39.4577],[24.1885,39.4592],[24.1882,39.4604],[24.1888,39.4616],[24.1896,39.4618],[24.1904,39.4612],[24.1907,39.4599],[24.1903,39.458],[24.1901,39.457]],[[24.4057,39.4056],[24.4055,39.4059],[24.4052,39.4065],[24.4055,39.4068],[24.4064,39.4069],[24.4065,39.4066],[24.406,39.4059],[24.4057,39.4056]],[[24.3349,39.3209],[24.3297,39.3221],[24.3193,39.3246],[24.3133,39.3265],[24.3116,39.3279],[24.3099,39.3302],[24.3083,39.3333],[24.309,39.343],[24.3121,39.3591],[24.3142,39.3683],[24.3155,39.3705],[24.3177,39.3724],[24.3208,39.3739],[24.325,39.3748],[24.3302,39.3749],[24.3341,39.3742],[24.3367,39.3725],[24.3393,39.368],[24.3417,39.3605],[24.3433,39.3545],[24.3438,39.3498],[24.3433,39.3453],[24.3417,39.3412],[24.341,39.3362],[24.3411,39.3305],[24.3409,39.3268],[24.3404,39.3253],[24.3388,39.3236],[24.3362,39.3218],[24.3349,39.3209]],[[24.4089,39.2877],[24.4071,39.2881],[24.4034,39.2888],[24.3982,39.292],[24.3916,39.2977],[24.3877,39.3018],[24.3867,39.3044],[24.3867,39.3067],[24.3876,39.3087],[24.3891,39.3101],[24.3912,39.3108],[24.3932,39.3109],[24.3954,39.3105],[24.3998,39.3076],[24.4065,39.3024],[24.4106,39.2978],[24.4119,39.2941],[24.4122,39.2914],[24.4116,39.2899],[24.4107,39.2888],[24.4095,39.2881],[24.4089,39.2877]],[[24.0964,39.2845],[24.0951,39.2844],[24.0924,39.2842],[24.0883,39.2848],[24.0825,39.2863],[24.0748,39.287],[24.065,39.287],[24.0587,39.2883],[24.0561,39.2909],[24.0529,39.293],[24.0492,39.2945],[24.0476,39.296],[24.0479,39.2976],[24.0472,39.2989],[24.0454,39.3],[24.0442,39.3024],[24.0435,39.3063],[24.0424,39.3085],[24.0409,39.3092],[24.0386,39.3088],[24.0354,39.3073],[24.0339,39.3077],[24.0341,39.3098],[24.0332,39.3119],[24.0314,39.3141],[24.0307,39.3175],[24.0311,39.3222],[24.0329,39.3295],[24.036,39.3393],[24.0397,39.3469],[24.0438,39.3521],[24.0491,39.3578],[24.0557,39.3639],[24.062,39.3689],[24.0683,39.3728],[24.0735,39.3755],[24.0776,39.3771],[24.0821,39.377],[24.0868,39.3753],[24.0893,39.3738],[24.0898,39.3726],[24.0906,39.372],[24.0917,39.3721],[24.0922,39.3716],[24.0922,39.3705],[24.0927,39.37],[24.0938,39.3701],[24.0957,39.3689],[24.0984,39.3664],[24.101,39.3629],[24.1035,39.3586],[24.1054,39.3565],[24.1067,39.3567],[24.1071,39.3563],[24.1066,39.3552],[24.1067,39.3536],[24.1075,39.3515],[24.108,39.3499],[24.1085,39.3489],[24.1093,39.3483],[24.1104,39.3483],[24.1104,39.3506],[24.1094,39.3554],[24.1094,39.359],[24.1104,39.3614],[24.113,39.3637],[24.1172,39.3659],[24.1196,39.3665],[24.1201,39.3654],[24.1206,39.3655],[24.1211,39.3668],[24.1219,39.3674],[24.1228,39.3673],[24.1238,39.3703],[24.1248,39.3766],[24.1276,39.3826],[24.1322,39.3883],[24.1343,39.3922],[24.1339,39.3943],[24.1374,39.3995],[24.1449,39.4078],[24.1512,39.4141],[24.1563,39.4182],[24.1604,39.424],[24.1636,39.4315],[24.1667,39.4363],[24.1698,39.4385],[24.1719,39.4394],[24.1729,39.4389],[24.1755,39.44],[24.1797,39.4425],[24.1823,39.4438],[24.1834,39.4437],[24.1865,39.4458],[24.1917,39.4501],[24.1977,39.451],[24.2044,39.4486],[24.2091,39.4458],[24.2117,39.4427],[24.2134,39.4393],[24.2141,39.4357],[24.2139,39.4328],[24.2126,39.4305],[24.2094,39.4281],[24.2042,39.4257],[24.2008,39.4235],[24.1992,39.4213],[24.1987,39.419],[24.1992,39.4164],[24.1992,39.413],[24.1986,39.4089],[24.1989,39.4042],[24.2,39.399],[24.2002,39.3951],[24.1995,39.3924],[24.1942,39.3857],[24.1843,39.3748],[24.1776,39.368],[24.1742,39.3654],[24.1712,39.3608],[24.1685,39.3541],[24.1659,39.3502],[24.1633,39.3489],[24.1597,39.3483],[24.1553,39.3484],[24.1537,39.3458],[24.1551,39.3406],[24.1548,39.3358],[24.1526,39.3313],[24.1498,39.3288],[24.1461,39.3283],[24.1399,39.3291],[24.131,39.3313],[24.1261,39.3322],[24.125,39.3317],[24.1229,39.3327],[24.1198,39.3352],[24.1167,39.3388],[24.1136,39.3435],[24.1112,39.3454],[24.1097,39.3443],[24.1089,39.3431],[24.1088,39.3418],[24.1096,39.3406],[24.1112,39.3396],[24.1104,39.3355],[24.1072,39.3282],[24.1055,39.324],[24.1053,39.3229],[24.1056,39.3222],[24.1063,39.3217],[24.1061,39.3206],[24.1052,39.319],[24.1046,39.3164],[24.1043,39.3127],[24.1025,39.3078],[24.0993,39.3015],[24.098,39.2958],[24.0985,39.2906],[24.0982,39.2871],[24.097,39.2854],[24.0964,39.2845]],[[24.0557,39.0942],[24.055,39.0948],[24.0536,39.0959],[24.0529,39.0972],[24.0528,39.0987],[24.0535,39.1007],[24.055,39.103],[24.0568,39.1046],[24.0589,39.1055],[24.0602,39.1056],[24.0607,39.105],[24.0608,39.1031],[24.0604,39.1],[24.0591,39.0974],[24.0568,39.0953],[24.0557,39.0942]],[[24.0849,39.0358],[24.0828,39.0361],[24.0787,39.0366],[24.0756,39.0376],[24.0737,39.0393],[24.0728,39.0406],[24.0729,39.0417],[24.0724,39.0425],[24.0712,39.043],[24.0707,39.0445],[24.0708,39.0471],[24.072,39.051],[24.0743,39.0563],[24.0762,39.062],[24.0775,39.0683],[24.0772,39.0745],[24.0753,39.0808],[24.0745,39.0849],[24.0749,39.087],[24.076,39.0893],[24.0777,39.0919],[24.0811,39.0935],[24.0859,39.094],[24.0878,39.095],[24.0865,39.0965],[24.0846,39.0978],[24.0819,39.0989],[24.0797,39.1013],[24.0782,39.105],[24.0776,39.1076],[24.0778,39.1091],[24.0787,39.1112],[24.08,39.1138],[24.0818,39.1155],[24.0838,39.1164],[24.0867,39.1165],[24.0904,39.116],[24.0948,39.1143],[24.1,39.1114],[24.107,39.1099],[24.1159,39.11],[24.1217,39.1079],[24.1244,39.1037],[24.1264,39.0987],[24.1275,39.093],[24.1279,39.0883],[24.1276,39.0846],[24.1283,39.0823],[24.13,39.0812],[24.1313,39.0789],[24.1324,39.0752],[24.1332,39.0708],[24.1337,39.0656],[24.1336,39.0617],[24.1329,39.0591],[24.1317,39.0568],[24.13,39.0547],[24.128,39.053],[24.1257,39.0518],[24.1219,39.0511],[24.1167,39.0508],[24.1112,39.0494],[24.1055,39.047],[24.1011,39.0459],[24.0979,39.046],[24.0948,39.044],[24.0918,39.04],[24.0889,39.0375],[24.0862,39.0364],[24.0849,39.0358]],[[24.0724,39.0305],[24.0724,39.0308],[24.0724,39.0315],[24.0724,39.0315],[24.0724,39.0308],[24.0724,39.0305]],[[24.0578,39.0243],[24.0564,39.0251],[24.0537,39.0268],[24.0527,39.0279],[24.0533,39.0283],[24.0534,39.0296],[24.0529,39.0318],[24.0531,39.0344],[24.0537,39.0375],[24.0555,39.0404],[24.0585,39.0429],[24.0615,39.0437],[24.0645,39.0427],[24.0669,39.0423],[24.0685,39.0426],[24.0697,39.0421],[24.0704,39.0408],[24.0708,39.0375],[24.0709,39.0323],[24.0702,39.0291],[24.0689,39.0278],[24.0656,39.0264],[24.0604,39.025],[24.0578,39.0243]]]}},{"type":"Feature","properties":{"depth":100,"kind":"band"},"geometry":{"type":"MultiPolygon","coordinates":[[[[24.9844,39.7339],[24.9836,39.7339],[24.9836,39.7339],[24.9844,39.7339],[24.9848,39.7339],[24.9848,39.7339],[24.9844,39.7339]]],[[[24.9862,39.7328],[24.9855,39.7328],[24.9855,39.7328],[24.9862,39.7328],[24.9866,39.7328],[24.9866,39.7328],[24.9862,39.7328]]],[[[24.9915,39.7328],[24.9908,39.7328],[24.9908,39.7328],[24.9915,39.7328],[24.9919,39.7328],[24.9919,39.7328],[24.9915,39.7328]]],[[[24.2104,39.5278],[24.2101,39.5281],[24.2101,39.5281],[24.2104,39.5278],[24.2106,39.5276],[24.2106,39.5276],[24.2104,39.5278]]],[[[24.1559,39.4911],[24.1551,39.4911],[24.1551,39.4911],[24.1559,39.4911],[24.1563,39.4911],[24.1563,39.4911],[24.1559,39.4911]]],[[[24.1569,39.4901],[24.1562,39.4901],[24.1562,39.4901],[24.1569,39.4901],[24.1572,39.4901],[24.1572,39.4901],[24.1569,39.4901]]],[[[24.1278,39.3859],[24.1272,39.3859],[24.1272,39.3859],[24.1278,39.3859],[24.1281,39.3859],[24.1281,39.3859],[24.1278,39.3859]]],[[[24.0907,39.3768],[24.0903,39.3773],[24.0903,39.3773],[24.0907,39.3768],[24.0909,39.3766],[24.0909,39.3766],[24.0907,39.3768]]],[[[24.1065,39.3613],[24.106,39.3621],[24.1057,39.362],[24.1057,39.3611],[24.106,39.3607],[24.1065,39.3608],[24.1068,39.3609],[24.1068,39.3609],[24.1065,39.3613]]],[[[25,39.1073],[25,39.3208],[24.9978,39.4278],[24.9933,39.4282],[24.987,39.4307],[24.9786,39.4353],[24.9731,39.4393],[24.9705,39.4426],[24.9684,39.4461],[24.9669,39.4498],[24.9633,39.4534],[24.9578,39.4571],[24.9543,39.4607],[24.9529,39.4643],[24.9515,39.4667],[24.9502,39.4679],[24.9485,39.4684],[24.9466,39.4683],[24.9408,39.4662],[24.9313,39.4622],[24.9255,39.4604],[24.9235,39.4607],[24.9212,39.4634],[24.9189,39.4688],[24.9176,39.4735],[24.9173,39.4776],[24.9193,39.4835],[24.9234,39.4911],[24.9268,39.4954],[24.9294,39.4964],[24.9333,39.4971],[24.9385,39.4974],[24.9421,39.4982],[24.9442,39.4993],[24.9466,39.5029],[24.9491,39.509],[24.9509,39.5151],[24.9518,39.5214],[24.9516,39.5259],[24.9502,39.5286],[24.9466,39.5295],[24.9409,39.5284],[24.9357,39.5285],[24.931,39.5296],[24.9263,39.5319],[24.9216,39.5355],[24.919,39.539],[24.9184,39.5425],[24.9192,39.5449],[24.9213,39.5462],[24.9255,39.5473],[24.9318,39.5482],[24.9395,39.5509],[24.9486,39.5555],[24.9557,39.5595],[24.9606,39.563],[24.9652,39.5682],[24.9695,39.5751],[24.9739,39.5809],[24.9784,39.5855],[24.9834,39.5894],[24.9889,39.5927],[24.9937,39.5946],[24.9979,39.5951],[25,39.6526],[25,39.7672],[24.9978,39.8261],[24.9934,39.8292],[24.9899,39.8329],[24.9872,39.8372],[24.9838,39.8393],[24.9797,39.8394],[24.9767,39.8406],[24.9749,39.8431],[24.9745,39.8451],[24.9756,39.8466],[24.9775,39.8476],[24.9804,39.8479],[24.9836,39.8496],[24.9873,39.8525],[24.9909,39.8543],[24.9946,39.855],[24.9973,39.857],[24.9991,39.8603],[25,39.8964],[25,39.9651],[24.758,39.9996],[24.2739,39.9999],[24.0313,39.9982],[24.0302,39.9946],[24.026,39.9893],[24.0185,39.9822],[24.0136,39.9756],[24.0111,39.9695],[24.0084,39.9649],[24.0053,39.9615],[24.0035,39.9581],[24.0029,39.9544],[24.002,39.9521],[24.0007,39.951],[24,39.775],[24,39.4239],[24.0009,39.2485],[24.0027,39.2486],[24.0036,39.248],[24.0036,39.2469],[24.0049,39.2452],[24.0076,39.2429],[24.0104,39.2395],[24.0133,39.235],[24.0151,39.231],[24.016,39.2273],[24.0161,39.2245],[24.0154,39.2224],[24.0128,39.2198],[24.0083,39.2167],[24.0045,39.212],[24.0015,39.2057],[24,39.1883],[24,39.1596],[24.0013,39.144],[24.0038,39.1414],[24.0053,39.1385],[24.0059,39.1355],[24.0055,39.1313],[24.0041,39.126],[24.0026,39.1221],[24.0009,39.1195],[24,39.0888],[24,39.0299],[24.1132,39.0004],[24.3395,39.0001],[24.4515,39.0034],[24.4495,39.0103],[24.4474,39.0151],[24.4453,39.0179],[24.4457,39.0214],[24.4485,39.0255],[24.4493,39.0279],[24.448,39.0283],[24.4473,39.0296],[24.4474,39.0318],[24.4476,39.0331],[24.4482,39.0336],[24.4487,39.0334],[24.4492,39.0325],[24.45,39.0323],[24.4509,39.0326],[24.4508,39.0341],[24.4497,39.0367],[24.45,39.039],[24.4517,39.0412],[24.4536,39.0466],[24.4557,39.0555],[24.458,39.0628],[24.4604,39.0685],[24.4639,39.0734],[24.4682,39.0774],[24.4716,39.0796],[24.4742,39.0801],[24.4773,39.0799],[24.481,39.079],[24.4839,39.0778],[24.486,39.0763],[24.4881,39.0714],[24.4904,39.0631],[24.4958,39.054],[24.5046,39.0442],[24.5088,39.0385],[24.5085,39.0368],[24.5108,39.0325],[24.5159,39.0258],[24.5194,39.0193],[24.5215,39.013],[24.5243,39.0082],[24.5279,39.0047],[24.5315,39.0023],[24.5352,39.0007],[24.6527,39.0001],[24.8843,39.0004],[25,39.0005],[25,39.0005],[25,39.1073]],[[24.9898,39.7315],[24.9872,39.7316],[24.9844,39.7327],[24.9813,39.7348],[24.9799,39.7362],[24.9802,39.7367],[24.9797,39.7375],[24.9783,39.7386],[24.9779,39.7394],[24.9786,39.7398],[24.9785,39.7404],[24.9779,39.7409],[24.9775,39.7424],[24.9776,39.745],[24.9773,39.746],[24.9768,39.7456],[24.9771,39.7458],[24.9784,39.7469],[24.9792,39.7482],[24.9795,39.7497],[24.9809,39.751],[24.9833,39.7521],[24.9844,39.7529],[24.984,39.7534],[24.9852,39.754],[24.9878,39.7545],[24.9893,39.7543],[24.9899,39.7533],[24.991,39.753],[24.9928,39.7534],[24.9939,39.7528],[24.9944,39.7513],[24.9953,39.7503],[24.9967,39.7498],[24.9973,39.749],[24.9969,39.7479],[24.9973,39.7464],[24.9984,39.7443],[24.9984,39.7422],[24.9973,39.7401],[24.9972,39.7391],[24.9982,39.7391],[24.9985,39.7386],[24.998,39.7375],[24.9975,39.7374],[24.9968,39.7383],[24.9951,39.7369],[24.9924,39.7333],[24.9911,39.7315],[24.9911,39.7315],[24.9898,39.7315]],[[24.1901,39.5346],[24.1901,39.5351],[24.1901,39.5351],[24.1901,39.5346],[24.1901,39.5343],[24.1901,39.5343],[24.1901,39.5346]],[[24.1992,39.5341],[24.1987,39.5347],[24.1987,39.5347],[24.1992,39.5341],[24.1995,39.5338],[24.1995,39.5338],[24.1992,39.5341]],[[24.6557,39.527],[24.6536,39.5281],[24.6524,39.5304],[24.6521,39.5341],[24.6529,39.5369],[24.6548,39.5388],[24.657,39.5399],[24.6596,39.5402],[24.6617,39.5396],[24.6634,39.5379],[24.6642,39.5357],[24.6641,39.5331],[24.6632,39.5308],[24.6617,39.5287],[24.6599,39.5273],[24.6578,39.5268],[24.6568,39.5265],[24.6568,39.5265],[24.6557,39.527]],[[24.9109,39.4296],[24.9068,39.4299],[24.9029,39.4312],[24.8992,39.4337],[24.8968,39.4362],[24.8957,39.4388],[24.8956,39.4414],[24.8966,39.444],[24.8993,39.4462],[24.9036,39.4479],[24.9078,39.4481],[24.912,39.4469],[24.9149,39.4437],[24.9164,39.4385],[24.9167,39.4346],[24.9158,39.432],[24.9147,39.4304],[24.9136,39.4298],[24.913,39.4295],[24.913,39.4295],[24.9109,39.4296]],[[24.9225,39.4224],[24.9206,39.4231],[24.9198,39.4242],[24.9202,39.4258],[24.9214,39.4264],[24.9235,39.4261],[24.9246,39.4253],[24.9248,39.424],[24.9245,39.4231],[24.9238,39.4224],[24.9234,39.4221],[24.9234,39.4221],[24.9225,39.4224]],[[24.4065,39.4037],[24.4039,39.404],[24.4023,39.4051],[24.4017,39.4069],[24.4022,39.4084],[24.4039,39.4095],[24.4055,39.41],[24.407,39.4098],[24.4084,39.409],[24.4095,39.4075],[24.4095,39.406],[24.4084,39.4043],[24.4078,39.4035],[24.4078,39.4035],[24.4065,39.4037]],[[24.3362,39.3176],[24.3284,39.319],[24.3219,39.3206],[24.3167,39.3225],[24.3125,39.325],[24.3092,39.3281],[24.3071,39.3318],[24.3064,39.3359],[24.3072,39.343],[24.3097,39.3528],[24.3111,39.3604],[24.3115,39.3656],[24.3125,39.3695],[24.314,39.3721],[24.3162,39.3741],[24.3189,39.3755],[24.3229,39.3765],[24.3281,39.377],[24.332,39.3769],[24.3346,39.3762],[24.3372,39.3744],[24.3399,39.3717],[24.3416,39.3693],[24.3424,39.3672],[24.3439,39.3614],[24.3461,39.3521],[24.3469,39.3453],[24.3462,39.3412],[24.346,39.3357],[24.3465,39.3289],[24.3461,39.324],[24.3449,39.3211],[24.3432,39.3189],[24.3412,39.3176],[24.3401,39.3169],[24.3401,39.3169],[24.3362,39.3176]],[[24.0024,39.3064],[24.0019,39.3067],[24.0019,39.3067],[24.0024,39.3064],[24.0026,39.3062],[24.0026,39.3062],[24.0024,39.3064]],[[24.4125,39.2826],[24.4094,39.2823],[24.4063,39.2827],[24.4031,39.2838],[24.3956,39.2886],[24.3837,39.2973],[24.3771,39.3024],[24.3758,39.3039],[24.3752,39.3055],[24.3756,39.307],[24.3788,39.3095],[24.3849,39.3128],[24.3909,39.3141],[24.3966,39.3133],[24.4027,39.3103],[24.409,39.3052],[24.4139,39.3],[24.4172,39.2948],[24.4188,39.2906],[24.4187,39.2875],[24.4175,39.2851],[24.4152,39.2835],[24.4141,39.2827],[24.4141,39.2827],[24.4125,39.2826]],[[24.0928,39.2824],[24.0855,39.2842],[24.0779,39.2849],[24.07,39.2844],[24.064,39.2846],[24.0599,39.2857],[24.057,39.2872],[24.0555,39.2892],[24.0525,39.2912],[24.0481,39.2933],[24.0461,39.2953],[24.0466,39.2974],[24.0461,39.2987],[24.0448,39.2992],[24.0436,39.3008],[24.0427,39.3035],[24.0417,39.3051],[24.0406,39.3058],[24.0383,39.3059],[24.0346,39.3054],[24.0315,39.3037],[24.0289,39.3008],[24.0281,39.3004],[24.029,39.3025],[24.0302,39.3041],[24.0316,39.3052],[24.0324,39.307],[24.0325,39.3096],[24.0318,39.3122],[24.0301,39.3148],[24.029,39.3187],[24.0287,39.324],[24.0293,39.3277],[24.031,39.3299],[24.0326,39.3343],[24.0341,39.3409],[24.0406,39.35],[24.0521,39.3617],[24.0615,39.3699],[24.0687,39.3746],[24.0739,39.3776],[24.0771,39.3787],[24.0786,39.3797],[24.0786,39.3806],[24.0799,39.3806],[24.0826,39.3798],[24.0842,39.3797],[24.0847,39.3805],[24.0851,39.3803],[24.0855,39.3791],[24.0863,39.3787],[24.0874,39.3788],[24.0898,39.3778],[24.0933,39.3756],[24.0957,39.3735],[24.0968,39.3714],[24.0997,39.3682],[24.1044,39.3641],[24.1082,39.3633],[24.111,39.3659],[24.1145,39.368],[24.1187,39.3695],[24.1222,39.3734],[24.1252,39.3797],[24.1267,39.3833],[24.1269,39.3844],[24.1263,39.3852],[24.1248,39.3857],[24.1292,39.3923],[24.1393,39.4051],[24.1477,39.4145],[24.1545,39.4204],[24.1584,39.4263],[24.1595,39.432],[24.1611,39.4362],[24.1632,39.4388],[24.1638,39.4406],[24.1629,39.4417],[24.1628,39.4425],[24.1637,39.4432],[24.1649,39.443],[24.1664,39.442],[24.1686,39.4425],[24.1715,39.4444],[24.1724,39.4474],[24.1714,39.4515],[24.1705,39.4536],[24.1696,39.4536],[24.1693,39.4552],[24.1696,39.4583],[24.1692,39.4598],[24.1678,39.4596],[24.167,39.4601],[24.1665,39.4614],[24.1655,39.4622],[24.1638,39.4625],[24.1625,39.4623],[24.1614,39.4616],[24.16,39.4624],[24.1581,39.4649],[24.1569,39.47],[24.1562,39.4779],[24.1564,39.4828],[24.1574,39.4849],[24.1571,39.4872],[24.1555,39.4898],[24.1568,39.4935],[24.1611,39.4982],[24.1635,39.5021],[24.1641,39.5052],[24.1651,39.5076],[24.1666,39.5091],[24.1674,39.511],[24.1677,39.5131],[24.1687,39.5148],[24.1705,39.5163],[24.1715,39.5184],[24.1717,39.521],[24.1724,39.5232],[24.1735,39.5247],[24.1745,39.5252],[24.1752,39.5244],[24.1766,39.525],[24.1787,39.5269],[24.18,39.5275],[24.1805,39.5268],[24.1818,39.5266],[24.1839,39.5269],[24.1846,39.5277],[24.1839,39.529],[24.1842,39.5297],[24.1853,39.5297],[24.1857,39.53],[24.1853,39.5305],[24.1869,39.5314],[24.1904,39.5329],[24.192,39.5339],[24.1916,39.5346],[24.1919,39.5351],[24.1928,39.5354],[24.1948,39.5345],[24.1979,39.5327],[24.2008,39.5319],[24.2034,39.5322],[24.2062,39.5312],[24.2094,39.5288],[24.2113,39.5258],[24.212,39.5221],[24.2132,39.5193],[24.2147,39.5172],[24.2153,39.5156],[24.2153,39.5146],[24.2147,39.514],[24.2136,39.5137],[24.2125,39.5148],[24.2114,39.5173],[24.2099,39.5185],[24.2078,39.5184],[24.2065,39.5178],[24.2059,39.5167],[24.2063,39.5146],[24.2078,39.5115],[24.2088,39.5078],[24.2094,39.5037],[24.2095,39.4998],[24.2091,39.4961],[24.2094,39.4938],[24.2103,39.4927],[24.2108,39.4909],[24.2109,39.4883],[24.2103,39.4854],[24.209,39.4823],[24.2048,39.4777],[24.1978,39.4718],[24.1936,39.4676],[24.1921,39.4653],[24.1922,39.4633],[24.1937,39.4617],[24.1942,39.4604],[24.1935,39.4593],[24.1979,39.4562],[24.2073,39.451],[24.2126,39.4476],[24.2138,39.4461],[24.2152,39.4427],[24.2167,39.4375],[24.217,39.4336],[24.2161,39.431],[24.2125,39.4268],[24.2064,39.4211],[24.2029,39.4156],[24.2023,39.4104],[24.2023,39.4039],[24.2032,39.3961],[24.2016,39.3899],[24.1975,39.3852],[24.1933,39.381],[24.1889,39.3773],[24.1849,39.3731],[24.1815,39.3683],[24.1789,39.3655],[24.1772,39.3646],[24.1746,39.3599],[24.1711,39.3516],[24.1672,39.3464],[24.1629,39.3443],[24.1604,39.3414],[24.1597,39.3377],[24.1582,39.3336],[24.1559,39.3289],[24.1531,39.3261],[24.15,39.3252],[24.1437,39.3261],[24.1344,39.3286],[24.1281,39.3299],[24.125,39.33],[24.1229,39.331],[24.1219,39.3329],[24.1208,39.3339],[24.1196,39.3339],[24.1186,39.3349],[24.1177,39.3368],[24.1159,39.3379],[24.1133,39.3381],[24.1117,39.3366],[24.1112,39.3334],[24.1105,39.3315],[24.1097,39.331],[24.1087,39.3263],[24.1075,39.3174],[24.1053,39.3094],[24.1021,39.3021],[24.1007,39.2958],[24.1012,39.2906],[24.101,39.287],[24.1002,39.2849],[24.0989,39.2833],[24.0973,39.2821],[24.0964,39.2815],[24.0964,39.2815],[24.0928,39.2824]],[[24.4772,39.1232],[24.4745,39.1255],[24.4729,39.1276],[24.4726,39.1297],[24.4748,39.1308],[24.4795,39.131],[24.4823,39.1334],[24.4832,39.1379],[24.485,39.141],[24.4877,39.1427],[24.4901,39.1438],[24.4922,39.1445],[24.4943,39.1444],[24.4964,39.1436],[24.4978,39.1422],[24.4984,39.1401],[24.4984,39.1383],[24.4977,39.1367],[24.4953,39.1347],[24.4911,39.1323],[24.4875,39.1312],[24.4844,39.1313],[24.4823,39.1297],[24.4814,39.1262],[24.4803,39.1239],[24.4792,39.1227],[24.4786,39.1221],[24.4786,39.1221],[24.4772,39.1232]],[[24.0542,39.0898],[24.0511,39.0911],[24.0494,39.0937],[24.049,39.0976],[24.0503,39.1017],[24.0533,39.1063],[24.0558,39.1091],[24.0579,39.1102],[24.0599,39.1107],[24.062,39.1106],[24.064,39.1098],[24.0659,39.1085],[24.0669,39.107],[24.0669,39.1055],[24.0654,39.1017],[24.0624,39.0956],[24.0596,39.0917],[24.057,39.09],[24.0557,39.0891],[24.0557,39.0891],[24.0542,39.0898]],[[24.0599,39.0234],[24.0557,39.0234],[24.0536,39.024],[24.0536,39.0251],[24.0531,39.0254],[24.0521,39.0248],[24.0514,39.025],[24.0509,39.0261],[24.0511,39.0276],[24.052,39.0297],[24.0519,39.031],[24.0509,39.0315],[24.0506,39.0334],[24.0511,39.0364],[24.0522,39.0393],[24.0539,39.0419],[24.056,39.044],[24.0586,39.0457],[24.0617,39.0463],[24.0654,39.0458],[24.0685,39.0491],[24.0712,39.0563],[24.0731,39.0641],[24.0742,39.0724],[24.0741,39.0771],[24.073,39.0781],[24.072,39.0807],[24.0711,39.0849],[24.0729,39.0894],[24.0772,39.0941],[24.0774,39.0988],[24.0734,39.1037],[24.0715,39.1073],[24.0715,39.1097],[24.072,39.1116],[24.073,39.1129],[24.0745,39.115],[24.0765,39.1179],[24.0794,39.1196],[24.0831,39.1203],[24.0867,39.1202],[24.0904,39.1193],[24.0951,39.1173],[24.1007,39.1142],[24.107,39.1127],[24.1138,39.1126],[24.1188,39.112],[24.1218,39.1109],[24.1246,39.1081],[24.1269,39.1038],[24.1285,39.0972],[24.1295,39.0883],[24.1304,39.0836],[24.1315,39.0831],[24.1327,39.0799],[24.1342,39.0743],[24.1351,39.0688],[24.1354,39.0635],[24.1349,39.0593],[24.1337,39.0563],[24.1315,39.0534],[24.1282,39.0508],[24.123,39.049],[24.1157,39.0479],[24.1104,39.0466],[24.1073,39.045],[24.1034,39.0438],[24.0987,39.0429],[24.0938,39.0402],[24.0885,39.0357],[24.0833,39.0337],[24.0781,39.034],[24.0755,39.0338],[24.0755,39.033],[24.0751,39.0327],[24.0743,39.0328],[24.0736,39.0313],[24.0729,39.0282],[24.07,39.0258],[24.0647,39.0242],[24.062,39.0234],[24.062,39.0234],[24.0599,39.0234]]]]}},{"type":"Feature","properties":{"depth":100,"kind":"isobath"},"geometry":{"type":"MultiLineString","coordinates":[[[24.9848,39.7339],[24.9844,39.7339],[24.9836,39.7339],[24.9836,39.7339],[24.9844,39.7339],[24.9848,39.7339]],[[24.9866,39.7328],[24.9862,39.7328],[24.9855,39.7328],[24.9855,39.7328],[24.9862,39.7328],[24.9866,39.7328]],[[24.9919,39.7328],[24.9915,39.7328],[24.9908,39.7328],[24.9908,39.7328],[24.9915,39.7328],[24.9919,39.7328]],[[24.2106,39.5276],[24.2104,39.5278],[24.2101,39.5281],[24.2101,39.5281],[24.2104,39.5278],[24.2106,39.5276]],[[24.1563,39.4911],[24.1559,39.4911],[24.1551,39.4911],[24.1551,39.4911],[24.1559,39.4911],[24.1563,39.4911]],[[24.1572,39.4901],[24.1569,39.4901],[24.1562,39.4901],[24.1562,39.4901],[24.1569,39.4901],[24.1572,39.4901]],[[24.1281,39.3859],[24.1278,39.3859],[24.1272,39.3859],[24.1272,39.3859],[24.1278,39.3859],[24.1281,39.3859]],[[24.0909,39.3766],[24.0907,39.3768],[24.0903,39.3773],[24.0903,39.3773],[24.0907,39.3768],[24.0909,39.3766]],[[24.1068,39.3609],[24.1065,39.3613],[24.106,39.3621],[24.1057,39.362],[24.1057,39.3611],[24.106,39.3607],[24.1065,39.3608],[24.1068,39.3609]],[[24.9911,39.4284],[24.987,39.4307],[24.9786,39.4353],[24.9731,39.4393],[24.9705,39.4426],[24.9684,39.4461],[24.9669,39.4498],[24.9633,39.4534],[24.9578,39.4571],[24.9543,39.4607],[24.9529,39.4643],[24.9515,39.4667],[24.9502,39.4679],[24.9485,39.4684],[24.9466,39.4683],[24.9408,39.4662],[24.9313,39.4622],[24.9255,39.4604],[24.9235,39.4607],[24.9212,39.4634],[24.9189,39.4688],[24.9176,39.4735],[24.9173,39.4776],[24.9193,39.4835],[24.9234,39.4911],[24.9268,39.4954],[24.9294,39.4964],[24.9333,39.4971],[24.9385,39.4974],[24.9421,39.4982],[24.9442,39.4993],[24.9466,39.5029],[24.9491,39.509],[24.9509,39.5151],[24.9518,39.5214],[24.9516,39.5259],[24.9502,39.5286],[24.9466,39.5295],[24.9409,39.5284],[24.9357,39.5285],[24.931,39.5296],[24.9263,39.5319],[24.9216,39.5355],[24.919,39.539],[24.9184,39.5425],[24.9192,39.5449],[24.9213,39.5462],[24.9255,39.5473],[24.9318,39.5482],[24.9395,39.5509],[24.9486,39.5555],[24.9557,39.5595],[24.9606,39.563],[24.9652,39.5682],[24.9695,39.5751],[24.9739,39.5809],[24.9784,39.5855],[24.9834,39.5894],[24.9889,39.5927],[24.9916,39.5943]],[[24.9912,39.8307],[24.9899,39.8329],[24.9872,39.8372],[24.9838,39.8393],[24.9797,39.8394],[24.9767,39.8406],[24.9749,39.8431],[24.9745,39.8451],[24.9756,39.8466],[24.9775,39.8476],[24.9804,39.8479],[24.9836,39.8496],[24.9873,39.8525],[24.9909,39.8543],[24.9946,39.855],[24.9964,39.8553]],[[24.0297,39.9928],[24.026,39.9893],[24.0185,39.9822],[24.0136,39.9756],[24.0111,39.9695],[24.0084,39.9649],[24.0053,39.9615],[24.0035,39.9581],[24.0029,39.9544],[24.0026,39.9526]],[[24.0036,39.2486],[24.0036,39.248],[24.0036,39.2469],[24.0049,39.2452],[24.0076,39.2429],[24.0104,39.2395],[24.0133,39.235],[24.0151,39.231],[24.016,39.2273],[24.0161,39.2245],[24.0154,39.2224],[24.0128,39.2198],[24.0083,39.2167],[24.006,39.2151]],[[24.005,39.1401],[24.0053,39.1385],[24.0059,39.1355],[24.0055,39.1313],[24.0041,39.126],[24.0034,39.1234]],[[24.4484,39.0137],[24.4474,39.0151],[24.4453,39.0179],[24.4457,39.0214],[24.4485,39.0255],[24.4493,39.0279],[24.448,39.0283],[24.4473,39.0296],[24.4474,39.0318],[24.4476,39.0331],[24.4482,39.0336],[24.4487,39.0334],[24.4492,39.0325],[24.45,39.0323],[24.4509,39.0326],[24.4508,39.0341],[24.4497,39.0367],[24.45,39.039],[24.4517,39.0412],[24.4536,39.0466],[24.4557,39.0555],[24.458,39.0628],[24.4604,39.0685],[24.4639,39.0734],[24.4682,39.0774],[24.4716,39.0796],[24.4742,39.0801],[24.4773,39.0799],[24.481,39.079],[24.4839,39.0778],[24.486,39.0763],[24.4881,39.0714],[24.4904,39.0631],[24.4958,39.054],[24.5046,39.0442],[24.5088,39.0385],[24.5085,39.0368],[24.5108,39.0325],[24.5159,39.0258],[24.5194,39.0193],[24.5215,39.013],[24.5243,39.0082],[24.5279,39.0047],[24.5297,39.003]],[[24.9911,39.7315],[24.9898,39.7315],[24.9872,39.7316],[24.9844,39.7327],[24.9813,39.7348],[24.9799,39.7362],[24.9802,39.7367],[24.9797,39.7375],[24.9783,39.7386],[24.9779,39.7394],[24.9786,39.7398],[24.9785,39.7404],[24.9779,39.7409],[24.9775,39.7424],[24.9776,39.745],[24.9773,39.746],[24.9768,39.7456],[24.9771,39.7458],[24.9784,39.7469],[24.9792,39.7482],[24.9795,39.7497],[24.9809,39.751],[24.9833,39.7521],[24.9844,39.7529],[24.984,39.7534],[24.9852,39.754],[24.9878,39.7545],[24.9893,39.7543],[24.9899,39.7533],[24.991,39.753],[24.9928,39.7534],[24.9939,39.7528],[24.9944,39.7513],[24.9953,39.7503],[24.9967,39.7498],[24.9973,39.749],[24.9969,39.7479],[24.9973,39.7464],[24.9984,39.7443],[24.9984,39.7422],[24.9973,39.7401],[24.9972,39.7391],[24.9982,39.7391],[24.9985,39.7386],[24.998,39.7375],[24.9975,39.7374],[24.9968,39.7383],[24.9951,39.7369],[24.9924,39.7333],[24.9911,39.7315]],[[24.1901,39.5343],[24.1901,39.5346],[24.1901,39.5351],[24.1901,39.5351],[24.1901,39.5346],[24.1901,39.5343]],[[24.1995,39.5338],[24.1992,39.5341],[24.1987,39.5347],[24.1987,39.5347],[24.1992,39.5341],[24.1995,39.5338]],[[24.6568,39.5265],[24.6557,39.527],[24.6536,39.5281],[24.6524,39.5304],[24.6521,39.5341],[24.6529,39.5369],[24.6548,39.5388],[24.657,39.5399],[24.6596,39.5402],[24.6617,39.5396],[24.6634,39.5379],[24.6642,39.5357],[24.6641,39.5331],[24.6632,39.5308],[24.6617,39.5287],[24.6599,39.5273],[24.6578,39.5268],[24.6568,39.5265]],[[24.913,39.4295],[24.9109,39.4296],[24.9068,39.4299],[24.9029,39.4312],[24.8992,39.4337],[24.8968,39.4362],[24.8957,39.4388],[24.8956,39.4414],[24.8966,39.444],[24.8993,39.4462],[24.9036,39.4479],[24.9078,39.4481],[24.912,39.4469],[24.9149,39.4437],[24.9164,39.4385],[24.9167,39.4346],[24.9158,39.432],[24.9147,39.4304],[24.9136,39.4298],[24.913,39.4295]],[[24.9234,39.4221],[24.9225,39.4224],[24.9206,39.4231],[24.9198,39.4242],[24.9202,39.4258],[24.9214,39.4264],[24.9235,39.4261],[24.9246,39.4253],[24.9248,39.424],[24.9245,39.4231],[24.9238,39.4224],[24.9234,39.4221]],[[24.4078,39.4035],[24.4065,39.4037],[24.4039,39.404],[24.4023,39.4051],[24.4017,39.4069],[24.4022,39.4084],[24.4039,39.4095],[24.4055,39.41],[24.407,39.4098],[24.4084,39.409],[24.4095,39.4075],[24.4095,39.406],[24.4084,39.4043],[24.4078,39.4035]],[[24.3401,39.3169],[24.3362,39.3176],[24.3284,39.319],[24.3219,39.3206],[24.3167,39.3225],[24.3125,39.325],[24.3092,39.3281],[24.3071,39.3318],[24.3064,39.3359],[24.3072,39.343],[24.3097,39.3528],[24.3111,39.3604],[24.3115,39.3656],[24.3125,39.3695],[24.314,39.3721],[24.3162,39.3741],[24.3189,39.3755],[24.3229,39.3765],[24.3281,39.377],[24.332,39.3769],[24.3346,39.3762],[24.3372,39.3744],[24.3399,39.3717],[24.3416,39.3693],[24.3424,39.3672],[24.3439,39.3614],[24.3461,39.3521],[24.3469,39.3453],[24.3462,39.3412],[24.346,39.3357],[24.3465,39.3289],[24.3461,39.324],[24.3449,39.3211],[24.3432,39.3189],[24.3412,39.3176],[24.3401,39.3169]],[[24.0026,39.3062],[24.0024,39.3064],[24.0019,39.3067],[24.0019,39.3067],[24.0024,39.3064],[24.0026,39.3062]],[[24.4141,39.2827],[24.4125,39.2826],[24.4094,39.2823],[24.4063,39.2827],[24.4031,39.2838],[24.3956,39.2886],[24.3837,39.2973],[24.3771,39.3024],[24.3758,39.3039],[24.3752,39.3055],[24.3756,39.307],[24.3788,39.3095],[24.3849,39.3128],[24.3909,39.3141],[24.3966,39.3133],[24.4027,39.3103],[24.409,39.3052],[24.4139,39.3],[24.4172,39.2948],[24.4188,39.2906],[24.4187,39.2875],[24.4175,39.2851],[24.4152,39.2835],[24.4141,39.2827]],[[24.0964,39.2815],[24.0928,39.2824],[24.0855,39.2842],[24.0779,39.2849],[24.07,39.2844],[24.064,39.2846],[24.0599,39.2857],[24.057,39.2872],[24.0555,39.2892],[24.0525,39.2912],[24.0481,39.2933],[24.0461,39.2953],[24.0466,39.2974],[24.0461,39.2987],[24.0448,39.2992],[24.0436,39.3008],[24.0427,39.3035],[24.0417,39.3051],[24.0406,39.3058],[24.0383,39.3059],[24.0346,39.3054],[24.0315,39.3037],[24.0289,39.3008],[24.0281,39.3004],[24.029,39.3025],[24.0302,39.3041],[24.0316,39.3052],[24.0324,39.307],[24.0325,39.3096],[24.0318,39.3122],[24.0301,39.3148],[24.029,39.3187],[24.0287,39.324],[24.0293,39.3277],[24.031,39.3299],[24.0326,39.3343],[24.0341,39.3409],[24.0406,39.35],[24.0521,39.3617],[24.0615,39.3699],[24.0687,39.3746],[24.0739,39.3776],[24.0771,39.3787],[24.0786,39.3797],[24.0786,39.3806],[24.0799,39.3806],[24.0826,39.3798],[24.0842,39.3797],[24.0847,39.3805],[24.0851,39.3803],[24.0855,39.3791],[24.0863,39.3787],[24.0874,39.3788],[24.0898,39.3778],[24.0933,39.3756],[24.0957,39.3735],[24.0968,39.3714],[24.0997,39.3682],[24.1044,39.3641],[24.1082,39.3633],[24.111,39.3659],[24.1145,39.368],[24.1187,39.3695],[24.1222,39.3734],[24.1252,39.3797],[24.1267,39.3833],[24.1269,39.3844],[24.1263,39.3852],[24.1248,39.3857],[24.1292,39.3923],[24.1393,39.4051],[24.1477,39.4145],[24.1545,39.4204],[24.1584,39.4263],[24.1595,39.432],[24.1611,39.4362],[24.1632,39.4388],[24.1638,39.4406],[24.1629,39.4417],[24.1628,39.4425],[24.1637,39.4432],[24.1649,39.443],[24.1664,39.442],[24.1686,39.4425],[24.1715,39.4444],[24.1724,39.4474],[24.1714,39.4515],[24.1705,39.4536],[24.1696,39.4536],[24.1693,39.4552],[24.1696,39.4583],[24.1692,39.4598],[24.1678,39.4596],[24.167,39.4601],[24.1665,39.4614],[24.1655,39.4622],[24.1638,39.4625],[24.1625,39.4623],[24.1614,39.4616],[24.16,39.4624],[24.1581,39.4649],[24.1569,39.47],[24.1562,39.4779],[24.1564,39.4828],[24.1574,39.4849],[24.1571,39.4872],[24.1555,39.4898],[24.1568,39.4935],[24.1611,39.4982],[24.1635,39.5021],[24.1641,39.5052],[24.1651,39.5076],[24.1666,39.5091],[24.1674,39.511],[24.1677,39.5131],[24.1687,39.5148],[24.1705,39.5163],[24.1715,39.5184],[24.1717,39.521],[24.1724,39.5232],[24.1735,39.5247],[24.1745,39.5252],[24.1752,39.5244],[24.1766,39.525],[24.1787,39.5269],[24.18,39.5275],[24.1805,39.5268],[24.1818,39.5266],[24.1839,39.5269],[24.1846,39.5277],[24.1839,39.529],[24.1842,39.5297],[24.1853,39.5297],[24.1857,39.53],[24.1853,39.5305],[24.1869,39.5314],[24.1904,39.5329],[24.192,39.5339],[24.1916,39.5346],[24.1919,39.5351],[24.1928,39.5354],[24.1948,39.5345],[24.1979,39.5327],[24.2008,39.5319],[24.2034,39.5322],[24.2062,39.5312],[24.2094,39.5288],[24.2113,39.5258],[24.212,39.5221],[24.2132,39.5193],[24.2147,39.5172],[24.2153,39.5156],[24.2153,39.5146],[24.2147,39.514],[24.2136,39.5137],[24.2125,39.5148],[24.2114,39.5173],[24.2099,39.5185],[24.2078,39.5184],[24.2065,39.5178],[24.2059,39.5167],[24.2063,39.5146],[24.2078,39.5115],[24.2088,39.5078],[24.2094,39.5037],[24.2095,39.4998],[24.2091,39.4961],[24.2094,39.4938],[24.2103,39.4927],[24.2108,39.4909],[24.2109,39.4883],[24.2103,39.4854],[24.209,39.4823],[24.2048,39.4777],[24.1978,39.4718],[24.1936,39.4676],[24.1921,39.4653],[24.1922,39.4633],[24.1937,39.4617],[24.1942,39.4604],[24.1935,39.4593],[24.1979,39.4562],[24.2073,39.451],[24.2126,39.4476],[24.2138,39.4461],[24.2152,39.4427],[24.2167,39.4375],[24.217,39.4336],[24.2161,39.431],[24.2125,39.4268],[24.2064,39.4211],[24.2029,39.4156],[24.2023,39.4104],[24.2023,39.4039],[24.2032,39.3961],[24.2016,39.3899],[24.1975,39.3852],[24.1933,39.381],[24.1889,39.3773],[24.1849,39.3731],[24.1815,39.3683],[24.1789,39.3655],[24.1772,39.3646],[24.1746,39.3599],[24.1711,39.3516],[24.1672,39.3464],[24.1629,39.3443],[24.1604,39.3414],[24.1597,39.3377],[24.1582,39.3336],[24.1559,39.3289],[24.1531,39.3261],[24.15,39.3252],[24.1437,39.3261],[24.1344,39.3286],[24.1281,39.3299],[24.125,39.33],[24.1229,39.331],[24.1219,39.3329],[24.1208,39.3339],[24.1196,39.3339],[24.1186,39.3349],[24.1177,39.3368],[24.1159,39.3379],[24.1133,39.3381],[24.1117,39.3366],[24.1112,39.3334],[24.1105,39.3315],[24.1097,39.331],[24.1087,39.3263],[24.1075,39.3174],[24.1053,39.3094],[24.1021,39.3021],[24.1007,39.2958],[24.1012,39.2906],[24.101,39.287],[24.1002,39.2849],[24.0989,39.2833],[24.0973,39.2821],[24.0964,39.2815]],[[24.4786,39.1221],[24.4772,39.1232],[24.4745,39.1255],[24.4729,39.1276],[24.4726,39.1297],[24.4748,39.1308],[24.4795,39.131],[24.4823,39.1334],[24.4832,39.1379],[24.485,39.141],[24.4877,39.1427],[24.4901,39.1438],[24.4922,39.1445],[24.4943,39.1444],[24.4964,39.1436],[24.4978,39.1422],[24.4984,39.1401],[24.4984,39.1383],[24.4977,39.1367],[24.4953,39.1347],[24.4911,39.1323],[24.4875,39.1312],[24.4844,39.1313],[24.4823,39.1297],[24.4814,39.1262],[24.4803,39.1239],[24.4792,39.1227],[24.4786,39.1221]],[[24.0557,39.0891],[24.0542,39.0898],[24.0511,39.0911],[24.0494,39.0937],[24.049,39.0976],[24.0503,39.1017],[24.0533,39.1063],[24.0558,39.1091],[24.0579,39.1102],[24.0599,39.1107],[24.062,39.1106],[24.064,39.1098],[24.0659,39.1085],[24.0669,39.107],[24.0669,39.1055],[24.0654,39.1017],[24.0624,39.0956],[24.0596,39.0917],[24.057,39.09],[24.0557,39.0891]],[[24.062,39.0234],[24.0599,39.0234],[24.0557,39.0234],[24.0536,39.024],[24.0536,39.0251],[24.0531,39.0254],[24.0521,39.0248],[24.0514,39.025],[24.0509,39.0261],[24.0511,39.0276],[24.052,39.0297],[24.0519,39.031],[24.0509,39.0315],[24.0506,39.0334],[24.0511,39.0364],[24.0522,39.0393],[24.0539,39.0419],[24.056,39.044],[24.0586,39.0457],[24.0617,39.0463],[24.0654,39.0458],[24.0685,39.0491],[24.0712,39.0563],[24.0731,39.0641],[24.0742,39.0724],[24.0741,39.0771],[24.073,39.0781],[24.072,39.0807],[24.0711,39.0849],[24.0729,39.0894],[24.0772,39.0941],[24.0774,39.0988],[24.0734,39.1037],[24.0715,39.1073],[24.0715,39.1097],[24.072,39.1116],[24.073,39.1129],[24.0745,39.115],[24.0765,39.1179],[24.0794,39.1196],[24.0831,39.1203],[24.0867,39.1202],[24.0904,39.1193],[24.0951,39.1173],[24.1007,39.1142],[24.107,39.1127],[24.1138,39.1126],[24.1188,39.112],[24.1218,39.1109],[24.1246,39.1081],[24.1269,39.1038],[24.1285,39.0972],[24.1295,39.0883],[24.1304,39.0836],[24.1315,39.0831],[24.1327,39.0799],[24.1342,39.0743],[24.1351,39.0688],[24.1354,39.0635],[24.1349,39.0593],[24.1337,39.0563],[24.1315,39.0534],[24.1282,39.0508],[24.123,39.049],[24.1157,39.0479],[24.1104,39.0466],[24.1073,39.045],[24.1034,39.0438],[24.0987,39.0429],[24.0938,39.0402],[24.0885,39.0357],[24.0833,39.0337],[24.0781,39.034],[24.0755,39.0338],[24.0755,39.033],[24.0751,39.0327],[24.0743,39.0328],[24.0736,39.0313],[24.0729,39.0282],[24.07,39.0258],[24.0647,39.0242],[24.062,39.0234]]]}},{"type":"Feature","properties":{"depth":150,"kind":"band"},"geometry":{"type":"MultiPolygon","coordinates":[[[[24.9696,39.8717],[24.9742,39.8723],[24.9776,39.8741],[24.9797,39.8772],[24.9813,39.8823],[24.9824,39.8896],[24.984,39.8953],[24.9861,39.8995],[24.9871,39.9068],[24.987,39.9173],[24.986,39.9222],[24.9839,39.9216],[24.9792,39.9177],[24.9719,39.9106],[24.9674,39.9056],[24.9659,39.9029],[24.963,39.9009],[24.9589,39.8997],[24.9563,39.8984],[24.9552,39.8971],[24.954,39.893],[24.9527,39.8862],[24.954,39.8815],[24.9579,39.8789],[24.9606,39.8763],[24.9622,39.8736],[24.9641,39.8721],[24.9662,39.8716],[24.9672,39.8714],[24.9672,39.8714],[24.9696,39.8717]]],[[[24.9581,39.8662],[24.9588,39.8683],[24.9583,39.8693],[24.9566,39.8694],[24.9556,39.8686],[24.9553,39.8669],[24.9558,39.8659],[24.9571,39.8654],[24.9578,39.8651],[24.9578,39.8651],[24.9581,39.8662]]],[[[24.9736,39.7359],[24.9731,39.7359],[24.9731,39.7359],[24.9736,39.7359],[24.9739,39.7359],[24.9739,39.7359],[24.9736,39.7359]]],[[[24.656,39.5234],[24.6554,39.5234],[24.6554,39.5234],[24.656,39.5234],[24.6563,39.5234],[24.6563,39.5234],[24.656,39.5234]]],[[[24.2122,39.4651],[24.2118,39.4651],[24.2118,39.4651],[24.2122,39.4651],[24.2125,39.4651],[24.2125,39.4651],[24.2122,39.4651]]],[[[24.2114,39.4639],[24.2111,39.4634],[24.2111,39.4634],[24.2114,39.4639],[24.2115,39.4641],[24.2115,39.4641],[24.2114,39.4639]]],[[[24.2113,39.4607],[24.211,39.4602],[24.211,39.4602],[24.2113,39.4607],[24.2114,39.4609],[24.2114,39.4609],[24.2113,39.4607]]],[[[24.9794,39.4052],[24.98,39.4063],[24.9802,39.4078],[24.9799,39.4099],[24.9792,39.4119],[24.9781,39.4139],[24.9768,39.4152],[24.9753,39.4157],[24.9741,39.4155],[24.9732,39.4146],[24.973,39.4125],[24.9733,39.4094],[24.974,39.4071],[24.975,39.4057],[24.9764,39.4049],[24.9781,39.4048],[24.979,39.4047],[24.979,39.4047],[24.9794,39.4052]]],[[[24.008,39.3172],[24.0069,39.3172],[24.0069,39.3172],[24.008,39.3172],[24.0086,39.3172],[24.0086,39.3172],[24.008,39.3172]]],[[[24.0062,39.3155],[24.0059,39.3162],[24.0054,39.3165],[24.0047,39.3162],[24.0049,39.3159],[24.0058,39.3154],[24.0063,39.3151],[24.0063,39.3151],[24.0062,39.3155]]],[[[24.0072,39.2779],[24.0061,39.2783],[24.0059,39.2781],[24.0065,39.2772],[24.007,39.2769],[24.0075,39.2774],[24.0077,39.2776],[24.0077,39.2776],[24.0072,39.2779]]],[[[24.0043,39.2602],[24.0038,39.2607],[24.0036,39.2604],[24.0036,39.2594],[24.0038,39.2592],[24.0043,39.2597],[24.0045,39.2599],[24.0045,39.2599],[24.0043,39.2602]]],[[[25,39.0922],[25,39.2755],[24.9968,39.3662],[24.9903,39.3643],[24.9846,39.3635],[24.98,39.3639],[24.9703,39.3683],[24.9557,39.3767],[24.9461,39.3843],[24.9414,39.391],[24.9383,39.3949],[24.9367,39.3959],[24.9292,39.3976],[24.9157,39.4],[24.9053,39.4011],[24.898,39.4009],[24.893,39.4012],[24.8904,39.4019],[24.8848,39.4058],[24.8762,39.4127],[24.8689,39.4179],[24.8629,39.4213],[24.8516,39.4249],[24.8349,39.4286],[24.8167,39.4357],[24.7969,39.4462],[24.7826,39.4526],[24.7737,39.4547],[24.7678,39.4573],[24.7649,39.4604],[24.763,39.4644],[24.7621,39.4691],[24.7622,39.4737],[24.7631,39.4784],[24.7648,39.4823],[24.7673,39.4854],[24.77,39.4876],[24.773,39.4887],[24.7815,39.49],[24.7956,39.4915],[24.8078,39.4953],[24.8182,39.5015],[24.8292,39.5072],[24.8406,39.5124],[24.8484,39.5166],[24.8523,39.5198],[24.8572,39.525],[24.863,39.5323],[24.8686,39.5385],[24.8739,39.5436],[24.8787,39.5475],[24.8828,39.5504],[24.8883,39.5533],[24.895,39.5564],[24.9047,39.5644],[24.9172,39.5773],[24.9265,39.5853],[24.9328,39.5884],[24.9411,39.5935],[24.9516,39.6006],[24.9586,39.6046],[24.9623,39.6057],[24.9672,39.6059],[24.9735,39.6052],[24.9778,39.6054],[24.9803,39.6063],[24.9855,39.6098],[24.9934,39.6157],[24.9981,39.6196],[24.9994,39.6215],[25,39.649],[25,39.7021],[24.997,39.7278],[24.991,39.7261],[24.987,39.7259],[24.9849,39.7272],[24.9834,39.7276],[24.9823,39.7269],[24.9808,39.7271],[24.9789,39.7281],[24.9773,39.7291],[24.9762,39.7302],[24.9756,39.7314],[24.9755,39.7327],[24.9745,39.7342],[24.9724,39.7359],[24.9716,39.737],[24.9722,39.7377],[24.9719,39.7383],[24.9708,39.7388],[24.9703,39.7407],[24.9701,39.7438],[24.9707,39.7472],[24.9718,39.7509],[24.9727,39.7526],[24.9732,39.7521],[24.974,39.7526],[24.9751,39.754],[24.9753,39.755],[24.9746,39.7554],[24.9745,39.7561],[24.9752,39.7567],[24.9768,39.7577],[24.9794,39.7588],[24.981,39.7591],[24.9815,39.7585],[24.9839,39.7595],[24.988,39.762],[24.9926,39.7627],[24.9975,39.7615],[25,39.768],[25,39.7821],[24.9975,39.7914],[24.9924,39.7961],[24.9877,39.7995],[24.9834,39.8016],[24.9775,39.8033],[24.9699,39.8047],[24.963,39.8055],[24.9567,39.8056],[24.9492,39.8086],[24.9403,39.8143],[24.9336,39.8176],[24.9289,39.8186],[24.9236,39.8215],[24.9177,39.8262],[24.9143,39.8299],[24.9133,39.8326],[24.9131,39.8355],[24.9136,39.8386],[24.9147,39.841],[24.9163,39.8427],[24.9185,39.8439],[24.9211,39.8445],[24.9245,39.8443],[24.9286,39.8433],[24.9323,39.8429],[24.9354,39.843],[24.9385,39.8442],[24.9414,39.8463],[24.9425,39.8513],[24.9416,39.8591],[24.9395,39.8651],[24.9364,39.8693],[24.9345,39.8724],[24.934,39.8745],[24.9339,39.8771],[24.9342,39.8802],[24.9361,39.8841],[24.9398,39.8888],[24.9412,39.8942],[24.9403,39.9005],[24.9407,39.9044],[24.9424,39.906],[24.9448,39.9066],[24.9479,39.9063],[24.9503,39.9065],[24.9518,39.9072],[24.956,39.9116],[24.9627,39.9198],[24.9676,39.9248],[24.9707,39.9267],[24.9752,39.932],[24.9811,39.9409],[24.9849,39.9479],[24.9867,39.9531],[24.9888,39.9575],[24.9912,39.9612],[24.9918,39.9648],[24.9906,39.9685],[24.9907,39.9721],[24.992,39.9758],[24.9924,39.9781],[24.9921,39.9792],[24.9939,39.9818],[24.998,39.9859],[25,39.9909],[25,39.9966],[24.7582,39.9996],[24.2746,39.9999],[24.0327,39.9991],[24.0324,39.9973],[24.0327,39.9961],[24.0338,39.9956],[24.0344,39.9938],[24.0345,39.9907],[24.0309,39.9855],[24.0239,39.9783],[24.0188,39.9719],[24.0157,39.9664],[24.0125,39.9626],[24.0094,39.9607],[24.007,39.9577],[24.0054,39.9536],[24.0035,39.9503],[24.0012,39.9477],[24.0001,39.7876],[24.0004,39.4699],[24.001,39.312],[24.0021,39.3137],[24.003,39.3144],[24.0037,39.3142],[24.0037,39.3146],[24.0028,39.3156],[24.0025,39.3164],[24.0029,39.3169],[24.0053,39.3178],[24.0098,39.3189],[24.0158,39.3228],[24.0233,39.3295],[24.0279,39.3365],[24.0296,39.3438],[24.0348,39.3511],[24.0433,39.3584],[24.0495,39.3651],[24.0536,39.3714],[24.0578,39.3766],[24.0621,39.3807],[24.0658,39.3859],[24.0688,39.3922],[24.0727,39.3975],[24.0774,39.4018],[24.081,39.4048],[24.0836,39.4063],[24.0862,39.4073],[24.0888,39.4077],[24.0922,39.4078],[24.0963,39.4075],[24.0992,39.4069],[24.1007,39.4061],[24.1007,39.4036],[24.0992,39.3995],[24.099,39.3971],[24.1002,39.3967],[24.1014,39.3946],[24.1027,39.3909],[24.1037,39.3855],[24.1045,39.3782],[24.1054,39.3743],[24.1063,39.3738],[24.1086,39.374],[24.1123,39.3749],[24.1146,39.3756],[24.1156,39.3762],[24.1164,39.3776],[24.1171,39.3797],[24.117,39.3815],[24.1161,39.3831],[24.1162,39.3862],[24.1172,39.3909],[24.1163,39.3935],[24.1135,39.394],[24.1125,39.3946],[24.1134,39.3951],[24.1136,39.3956],[24.1132,39.3961],[24.1164,39.3986],[24.1232,39.403],[24.1336,39.4111],[24.1477,39.423],[24.1531,39.4346],[24.1498,39.4459],[24.1481,39.4576],[24.1479,39.4695],[24.1483,39.4765],[24.1492,39.4787],[24.148,39.4815],[24.1445,39.4852],[24.1426,39.4878],[24.1425,39.4893],[24.1437,39.494],[24.1462,39.5018],[24.1503,39.5086],[24.156,39.5142],[24.16,39.5231],[24.1623,39.5351],[24.165,39.544],[24.1682,39.5497],[24.1715,39.5538],[24.1749,39.5561],[24.1779,39.5571],[24.1805,39.557],[24.1826,39.5555],[24.1841,39.5528],[24.187,39.5505],[24.1911,39.5486],[24.1943,39.5466],[24.1964,39.5445],[24.1992,39.5432],[24.2029,39.5424],[24.2052,39.5415],[24.2063,39.5401],[24.2084,39.5395],[24.2115,39.5396],[24.2156,39.5374],[24.2209,39.5329],[24.2246,39.5286],[24.2269,39.5245],[24.228,39.5214],[24.228,39.5193],[24.2276,39.5177],[24.2267,39.5166],[24.2264,39.5156],[24.2269,39.5146],[24.2263,39.5115],[24.2248,39.5062],[24.2232,39.5031],[24.2215,39.5021],[24.2217,39.4993],[24.2235,39.4946],[24.2248,39.4902],[24.2254,39.486],[24.2253,39.4823],[24.2244,39.4792],[24.2227,39.4766],[24.2203,39.4745],[24.219,39.4726],[24.2186,39.4711],[24.2175,39.4693],[24.2154,39.4671],[24.2139,39.4643],[24.2128,39.4607],[24.2128,39.4585],[24.2136,39.4578],[24.215,39.4575],[24.2167,39.4577],[24.2174,39.4573],[24.2169,39.4562],[24.218,39.4523],[24.2208,39.4456],[24.2225,39.4399],[24.2234,39.4352],[24.2235,39.4318],[24.2228,39.4297],[24.2204,39.4265],[24.2164,39.4224],[24.2132,39.4182],[24.2108,39.4141],[24.2094,39.4107],[24.209,39.4081],[24.2095,39.4031],[24.2109,39.3959],[24.2101,39.3902],[24.2072,39.3861],[24.2012,39.3806],[24.1921,39.3737],[24.1851,39.3661],[24.1801,39.3578],[24.1769,39.3505],[24.1755,39.3442],[24.1724,39.3391],[24.1675,39.3353],[24.1638,39.3298],[24.1611,39.3228],[24.1587,39.3188],[24.1567,39.3178],[24.1495,39.3194],[24.137,39.3235],[24.1289,39.3258],[24.1252,39.3263],[24.1224,39.3272],[24.1203,39.3287],[24.1188,39.3291],[24.1177,39.3286],[24.1168,39.3289],[24.116,39.3301],[24.1155,39.3302],[24.1152,39.3292],[24.1149,39.3288],[24.1143,39.329],[24.1133,39.3251],[24.1119,39.317],[24.1094,39.3091],[24.1059,39.3013],[24.1046,39.2932],[24.1054,39.2849],[24.1042,39.2797],[24.1011,39.2776],[24.0972,39.2768],[24.0925,39.2773],[24.0883,39.2786],[24.0846,39.2807],[24.0786,39.2813],[24.0703,39.2804],[24.0648,39.2802],[24.0622,39.2807],[24.0568,39.284],[24.0485,39.2899],[24.0435,39.2941],[24.0419,39.2966],[24.0406,39.2981],[24.0396,39.2986],[24.0361,39.2969],[24.0301,39.293],[24.0241,39.2885],[24.0181,39.2833],[24.0146,39.2811],[24.0135,39.2819],[24.0126,39.2822],[24.0118,39.2819],[24.0106,39.2808],[24.0092,39.2787],[24.008,39.2747],[24.0071,39.269],[24.006,39.2648],[24.0044,39.2622],[24.004,39.2607],[24.0045,39.2602],[24.0045,39.2593],[24.0039,39.258],[24.0027,39.257],[24.0009,39.2561],[24.0011,39.2554],[24.0032,39.255],[24.0038,39.2537],[24.0027,39.2516],[24.0028,39.2505],[24.0042,39.2505],[24.0062,39.2497],[24.0086,39.2482],[24.0119,39.2448],[24.0158,39.2396],[24.0184,39.2352],[24.0198,39.2315],[24.0206,39.2281],[24.0209,39.225],[24.02,39.2218],[24.0181,39.2188],[24.0147,39.2154],[24.0098,39.2117],[24.0063,39.2065],[24.0043,39.1998],[24.0027,39.1896],[24.0017,39.1761],[24.0018,39.1657],[24.003,39.1584],[24.0055,39.1521],[24.0094,39.1469],[24.0115,39.1417],[24.012,39.1365],[24.0113,39.131],[24.0096,39.1253],[24.0065,39.1195],[24.0022,39.1138],[24,39.0833],[24,39.0281],[24.1051,39.0004],[24.3152,39.0001],[24.4209,39.0035],[24.422,39.0106],[24.4239,39.0177],[24.4266,39.025],[24.4276,39.0302],[24.4269,39.0333],[24.427,39.0367],[24.4277,39.0404],[24.4293,39.0448],[24.4316,39.05],[24.4326,39.0547],[24.4323,39.0588],[24.4332,39.0645],[24.4354,39.0719],[24.4364,39.0761],[24.436,39.0773],[24.4354,39.0772],[24.4344,39.0757],[24.4337,39.0754],[24.4333,39.0762],[24.4336,39.0776],[24.4346,39.0797],[24.4355,39.0854],[24.4362,39.0948],[24.4373,39.1005],[24.4386,39.1026],[24.4386,39.1044],[24.4373,39.106],[24.4369,39.1076],[24.4373,39.1091],[24.4369,39.1115],[24.4356,39.1146],[24.4342,39.1171],[24.4326,39.119],[24.4301,39.1242],[24.4266,39.1327],[24.4266,39.1373],[24.4301,39.1379],[24.4339,39.1405],[24.4382,39.1451],[24.4414,39.1498],[24.4436,39.1545],[24.4451,39.1602],[24.4458,39.1669],[24.4476,39.1714],[24.4503,39.1736],[24.4534,39.1751],[24.4571,39.1759],[24.4633,39.1745],[24.4722,39.1709],[24.4792,39.167],[24.4844,39.1629],[24.4911,39.1593],[24.4994,39.1562],[24.5048,39.1533],[24.5072,39.1508],[24.5088,39.1472],[24.5097,39.1424],[24.51,39.1388],[24.5097,39.1362],[24.507,39.1307],[24.502,39.1224],[24.4972,39.1164],[24.4926,39.1127],[24.4897,39.1075],[24.4885,39.1008],[24.4889,39.0953],[24.4907,39.0912],[24.4934,39.0875],[24.4967,39.0844],[24.4989,39.0794],[24.5,39.0727],[24.5018,39.069],[24.5041,39.0685],[24.5054,39.0678],[24.5056,39.0669],[24.5075,39.0662],[24.5112,39.0657],[24.5135,39.0649],[24.5146,39.0638],[24.5153,39.0635],[24.5159,39.0641],[24.5182,39.0638],[24.5224,39.0626],[24.5249,39.0597],[24.5257,39.055],[24.5281,39.051],[24.5319,39.048],[24.5352,39.0428],[24.5379,39.0355],[24.5383,39.031],[24.5366,39.0294],[24.5361,39.0283],[24.5368,39.0279],[24.5356,39.0242],[24.5323,39.0174],[24.5323,39.0122],[24.5353,39.0086],[24.5403,39.0054],[24.5471,39.0028],[24.5518,39.0018],[24.5544,39.0025],[24.5586,39.0026],[24.5643,39.002],[24.5677,39.0023],[24.5688,39.0034],[24.5722,39.0029],[24.5778,39.001],[24.6855,39.0001],[24.8952,39.0004],[25,39.0005],[25,39.0005],[25,39.0922]],[[24.037,39.9915],[24.037,39.9922],[24.037,39.9922],[24.037,39.9915],[24.037,39.9911],[24.037,39.9911],[24.037,39.9915]],[[24.9065,39.6244],[24.9039,39.6248],[24.9016,39.6264],[24.8998,39.6293],[24.8993,39.6328],[24.9003,39.637],[24.902,39.6401],[24.9045,39.642],[24.907,39.6426],[24.9096,39.6417],[24.9113,39.6404],[24.9121,39.6388],[24.912,39.6354],[24.9111,39.6302],[24.9099,39.6268],[24.9085,39.6251],[24.9078,39.6242],[24.9078,39.6242],[24.9065,39.6244]],[[24.4415,39.6034],[24.4315,39.6034],[24.4261,39.6039],[24.425,39.6047],[24.4241,39.6066],[24.4232,39.6095],[24.4245,39.6125],[24.428,39.6158],[24.436,39.6215],[24.4484,39.6298],[24.4565,39.6347],[24.4602,39.6362],[24.4633,39.6364],[24.4659,39.6354],[24.4677,39.6343],[24.4687,39.6333],[24.4683,39.6305],[24.4663,39.6257],[24.463,39.6213],[24.4583,39.6172],[24.4535,39.6122],[24.4488,39.6063],[24.4464,39.6033],[24.4464,39.6033],[24.4415,39.6034]],[[24.4603,39.5931],[24.459,39.5932],[24.4588,39.5935],[24.4595,39.594],[24.4602,39.594],[24.4607,39.5933],[24.4609,39.593],[24.4609,39.593],[24.4603,39.5931]],[[24.893,39.5892],[24.8924,39.5901],[24.8924,39.5901],[24.893,39.5892],[24.8932,39.5888],[24.8932,39.5888],[24.893,39.5892]],[[24.6573,39.5222],[24.6542,39.5223],[24.6528,39.5227],[24.6531,39.5232],[24.6522,39.5242],[24.65,39.5258],[24.6492,39.5269],[24.6496,39.5274],[24.6495,39.5294],[24.6486,39.5331],[24.6492,39.5367],[24.6513,39.5404],[24.6547,39.5429],[24.6596,39.5442],[24.6635,39.5431],[24.6666,39.5397],[24.6683,39.5372],[24.6686,39.5357],[24.6681,39.5336],[24.667,39.531],[24.6666,39.5294],[24.667,39.5287],[24.6669,39.5286],[24.6664,39.529],[24.6651,39.5278],[24.663,39.5249],[24.6612,39.5232],[24.6597,39.5225],[24.6589,39.5221],[24.6589,39.5221],[24.6573,39.5222]],[[24.6735,39.4828],[24.6715,39.4835],[24.6707,39.4848],[24.6712,39.4865],[24.6724,39.4872],[24.6745,39.4869],[24.6752,39.4856],[24.6748,39.4835],[24.6745,39.4824],[24.6745,39.4824],[24.6735,39.4828]],[[24.4064,39.4004],[24.4035,39.4005],[24.4009,39.401],[24.3986,39.4021],[24.3967,39.4034],[24.3952,39.4049],[24.3946,39.4065],[24.3949,39.4081],[24.397,39.4101],[24.4007,39.4125],[24.4047,39.4134],[24.4088,39.4128],[24.4116,39.4108],[24.413,39.4074],[24.4133,39.4049],[24.4124,39.4031],[24.411,39.4018],[24.4089,39.4008],[24.4078,39.4003],[24.4078,39.4003],[24.4064,39.4004]],[[24.2318,39.3815],[24.2297,39.3811],[24.2271,39.3814],[24.2242,39.3823],[24.221,39.3839],[24.2177,39.386],[24.2154,39.388],[24.2141,39.3901],[24.2145,39.3922],[24.2164,39.3943],[24.2184,39.3957],[24.2204,39.3965],[24.2242,39.3968],[24.23,39.3966],[24.2339,39.3947],[24.236,39.391],[24.236,39.3873],[24.2339,39.3836],[24.2328,39.3817],[24.2328,39.3817],[24.2318,39.3815]],[[24.4185,39.2689],[24.4107,39.2706],[24.4011,39.2748],[24.3896,39.2817],[24.3803,39.2858],[24.373,39.2872],[24.3654,39.2881],[24.3575,39.2886],[24.3521,39.2902],[24.3491,39.2929],[24.346,39.2969],[24.343,39.3021],[24.3403,39.3058],[24.3381,39.3079],[24.3341,39.3107],[24.3284,39.3142],[24.3255,39.3163],[24.3255,39.317],[24.3242,39.3174],[24.3216,39.3173],[24.32,39.3176],[24.3196,39.3185],[24.3167,39.3196],[24.3115,39.3212],[24.3077,39.3236],[24.3052,39.3269],[24.3038,39.3304],[24.3035,39.3341],[24.3044,39.3411],[24.3065,39.3516],[24.3076,39.3597],[24.3075,39.3654],[24.3085,39.3703],[24.3106,39.3745],[24.3151,39.3777],[24.322,39.38],[24.3281,39.381],[24.3333,39.3808],[24.3375,39.3794],[24.3407,39.3768],[24.3433,39.374],[24.3454,39.3709],[24.3475,39.3667],[24.3498,39.3615],[24.3516,39.3549],[24.3529,39.3468],[24.3541,39.3421],[24.3552,39.3409],[24.3687,39.3357],[24.3948,39.3266],[24.4106,39.3204],[24.4161,39.3169],[24.4223,39.3099],[24.4292,39.2995],[24.4333,39.2922],[24.4347,39.288],[24.4352,39.2843],[24.4349,39.2813],[24.434,39.2784],[24.4326,39.2758],[24.4308,39.2734],[24.4287,39.2713],[24.4263,39.2697],[24.4237,39.2686],[24.4224,39.2681],[24.4224,39.2681],[24.4185,39.2689]],[[24.0607,39.0193],[24.0581,39.0194],[24.0555,39.0204],[24.0529,39.0225],[24.0511,39.0232],[24.05,39.0227],[24.0496,39.0227],[24.0499,39.0232],[24.0493,39.0239],[24.048,39.025],[24.0478,39.0266],[24.0488,39.0287],[24.0487,39.0302],[24.0475,39.0313],[24.0473,39.0345],[24.048,39.0399],[24.0505,39.0445],[24.0547,39.0482],[24.0586,39.0507],[24.0621,39.052],[24.0647,39.0552],[24.0664,39.0604],[24.0675,39.0651],[24.0678,39.0693],[24.0669,39.074],[24.0651,39.0792],[24.0631,39.0814],[24.0609,39.0805],[24.0578,39.0801],[24.0537,39.0802],[24.0497,39.0806],[24.046,39.0814],[24.0432,39.0826],[24.0413,39.0841],[24.0404,39.0878],[24.0405,39.0935],[24.0428,39.1008],[24.0473,39.1097],[24.0517,39.1167],[24.0558,39.1218],[24.0625,39.1257],[24.0719,39.1284],[24.0805,39.1286],[24.0883,39.1261],[24.0951,39.1231],[24.1007,39.1197],[24.1081,39.1175],[24.117,39.1166],[24.1224,39.1155],[24.1245,39.1143],[24.1274,39.1104],[24.1312,39.1038],[24.134,39.0958],[24.1357,39.0865],[24.1372,39.0769],[24.1387,39.067],[24.1386,39.0594],[24.137,39.0542],[24.1342,39.05],[24.1304,39.0469],[24.1233,39.044],[24.113,39.0415],[24.1034,39.0384],[24.0944,39.0347],[24.09,39.0323],[24.0901,39.0312],[24.087,39.0297],[24.0807,39.0278],[24.0737,39.0249],[24.0659,39.0212],[24.062,39.0193],[24.062,39.0193],[24.0607,39.0193]]]]}},{"type":"Feature","properties":{"depth":150,"kind":"isobath"},"geometry":{"type":"MultiLineString","coordinates":[[[24.9672,39.8714],[24.9696,39.8717],[24.9742,39.8723],[24.9776,39.8741],[24.9797,39.8772],[24.9813,39.8823],[24.9824,39.8896],[24.984,39.8953],[24.9861,39.8995],[24.9871,39.9068],[24.987,39.9173],[24.986,39.9222],[24.9839,39.9216],[24.9792,39.9177],[24.9719,39.9106],[24.9674,39.9056],[24.9659,39.9029],[24.963,39.9009],[24.9589,39.8997],[24.9563,39.8984],[24.9552,39.8971],[24.954,39.893],[24.9527,39.8862],[24.954,39.8815],[24.9579,39.8789],[24.9606,39.8763],[24.9622,39.8736],[24.9641,39.8721],[24.9662,39.8716],[24.9672,39.8714]],[[24.9578,39.8651],[24.9581,39.8662],[24.9588,39.8683],[24.9583,39.8693],[24.9566,39.8694],[24.9556,39.8686],[24.9553,39.8669],[24.9558,39.8659],[24.9571,39.8654],[24.9578,39.8651]],[[24.9739,39.7359],[24.9736,39.7359],[24.9731,39.7359],[24.9731,39.7359],[24.9736,39.7359],[24.9739,39.7359]],[[24.6563,39.5234],[24.656,39.5234],[24.6554,39.5234],[24.6554,39.5234],[24.656,39.5234],[24.6563,39.5234]],[[24.2125,39.4651],[24.2122,39.4651],[24.2118,39.4651],[24.2118,39.4651],[24.2122,39.4651],[24.2125,39.4651]],[[24.2115,39.4641],[24.2114,39.4639],[24.2111,39.4634],[24.2111,39.4634],[24.2114,39.4639],[24.2115,39.4641]],[[24.2114,39.4609],[24.2113,39.4607],[24.211,39.4602],[24.211,39.4602],[24.2113,39.4607],[24.2114,39.4609]],[[24.979,39.4047],[24.9794,39.4052],[24.98,39.4063],[24.9802,39.4078],[24.9799,39.4099],[24.9792,39.4119],[24.9781,39.4139],[24.9768,39.4152],[24.9753,39.4157],[24.9741,39.4155],[24.9732,39.4146],[24.973,39.4125],[24.9733,39.4094],[24.974,39.4071],[24.975,39.4057],[24.9764,39.4049],[24.9781,39.4048],[24.979,39.4047]],[[24.0086,39.3172],[24.008,39.3172],[24.0069,39.3172],[24.0069,39.3172],[24.008,39.3172],[24.0086,39.3172]],[[24.0063,39.3151],[24.0062,39.3155],[24.0059,39.3162],[24.0054,39.3165],[24.0047,39.3162],[24.0049,39.3159],[24.0058,39.3154],[24.0063,39.3151]],[[24.0077,39.2776],[24.0072,39.2779],[24.0061,39.2783],[24.0059,39.2781],[24.0065,39.2772],[24.007,39.2769],[24.0075,39.2774],[24.0077,39.2776]],[[24.0045,39.2599],[24.0043,39.2602],[24.0038,39.2607],[24.0036,39.2604],[24.0036,39.2594],[24.0038,39.2592],[24.0043,39.2597],[24.0045,39.2599]],[[24.987,39.3633],[24.9846,39.3635],[24.98,39.3639],[24.9703,39.3683],[24.9557,39.3767],[24.9461,39.3843],[24.9414,39.391],[24.9383,39.3949],[24.9367,39.3959],[24.9292,39.3976],[24.9157,39.4],[24.9053,39.4011],[24.898,39.4009],[24.893,39.4012],[24.8904,39.4019],[24.8848,39.4058],[24.8762,39.4127],[24.8689,39.4179],[24.8629,39.4213],[24.8516,39.4249],[24.8349,39.4286],[24.8167,39.4357],[24.7969,39.4462],[24.7826,39.4526],[24.7737,39.4547],[24.7678,39.4573],[24.7649,39.4604],[24.763,39.4644],[24.7621,39.4691],[24.7622,39.4737],[24.7631,39.4784],[24.7648,39.4823],[24.7673,39.4854],[24.77,39.4876],[24.773,39.4887],[24.7815,39.49],[24.7956,39.4915],[24.8078,39.4953],[24.8182,39.5015],[24.8292,39.5072],[24.8406,39.5124],[24.8484,39.5166],[24.8523,39.5198],[24.8572,39.525],[24.863,39.5323],[24.8686,39.5385],[24.8739,39.5436],[24.8787,39.5475],[24.8828,39.5504],[24.8883,39.5533],[24.895,39.5564],[24.9047,39.5644],[24.9172,39.5773],[24.9265,39.5853],[24.9328,39.5884],[24.9411,39.5935],[24.9516,39.6006],[24.9586,39.6046],[24.9623,39.6057],[24.9672,39.6059],[24.9735,39.6052],[24.9778,39.6054],[24.9803,39.6063],[24.9855,39.6098],[24.9934,39.6157],[24.9974,39.6187]],[[24.988,39.7252],[24.987,39.7259],[24.9849,39.7272],[24.9834,39.7276],[24.9823,39.7269],[24.9808,39.7271],[24.9789,39.7281],[24.9773,39.7291],[24.9762,39.7302],[24.9756,39.7314],[24.9755,39.7327],[24.9745,39.7342],[24.9724,39.7359],[24.9716,39.737],[24.9722,39.7377],[24.9719,39.7383],[24.9708,39.7388],[24.9703,39.7407],[24.9701,39.7438],[24.9707,39.7472],[24.9718,39.7509],[24.9727,39.7526],[24.9732,39.7521],[24.974,39.7526],[24.9751,39.754],[24.9753,39.755],[24.9746,39.7554],[24.9745,39.7561],[24.9752,39.7567],[24.9768,39.7577],[24.9794,39.7588],[24.981,39.7591],[24.9815,39.7585],[24.9839,39.7595],[24.988,39.762],[24.9901,39.7633]],[[24.9899,39.7984],[24.9877,39.7995],[24.9834,39.8016],[24.9775,39.8033],[24.9699,39.8047],[24.963,39.8055],[24.9567,39.8056],[24.9492,39.8086],[24.9403,39.8143],[24.9336,39.8176],[24.9289,39.8186],[24.9236,39.8215],[24.9177,39.8262],[24.9143,39.8299],[24.9133,39.8326],[24.9131,39.8355],[24.9136,39.8386],[24.9147,39.841],[24.9163,39.8427],[24.9185,39.8439],[24.9211,39.8445],[24.9245,39.8443],[24.9286,39.8433],[24.9323,39.8429],[24.9354,39.843],[24.9385,39.8442],[24.9414,39.8463],[24.9425,39.8513],[24.9416,39.8591],[24.9395,39.8651],[24.9364,39.8693],[24.9345,39.8724],[24.934,39.8745],[24.9339,39.8771],[24.9342,39.8802],[24.9361,39.8841],[24.9398,39.8888],[24.9412,39.8942],[24.9403,39.9005],[24.9407,39.9044],[24.9424,39.906],[24.9448,39.9066],[24.9479,39.9063],[24.9503,39.9065],[24.9518,39.9072],[24.956,39.9116],[24.9627,39.9198],[24.9676,39.9248],[24.9707,39.9267],[24.9752,39.932],[24.9811,39.9409],[24.9849,39.9479],[24.9867,39.9531],[24.9888,39.9575],[24.9912,39.9612],[24.9918,39.9648],[24.9906,39.9685],[24.9907,39.9721],[24.992,39.9758],[24.9924,39.9781],[24.9921,39.9792],[24.9919,39.9797]],[[24.0322,39.9964],[24.0327,39.9961],[24.0338,39.9956],[24.0344,39.9938],[24.0345,39.9907],[24.0309,39.9855],[24.0239,39.9783],[24.0188,39.9719],[24.0157,39.9664],[24.0125,39.9626],[24.0094,39.9607],[24.007,39.9577],[24.0054,39.9536],[24.0046,39.9516]],[[24.0005,39.3111],[24.001,39.312],[24.0021,39.3137],[24.003,39.3144],[24.0037,39.3142],[24.0037,39.3146],[24.0028,39.3156],[24.0025,39.3164],[24.0029,39.3169],[24.0053,39.3178],[24.0098,39.3189],[24.0158,39.3228],[24.0233,39.3295],[24.0279,39.3365],[24.0296,39.3438],[24.0348,39.3511],[24.0433,39.3584],[24.0495,39.3651],[24.0536,39.3714],[24.0578,39.3766],[24.0621,39.3807],[24.0658,39.3859],[24.0688,39.3922],[24.0727,39.3975],[24.0774,39.4018],[24.081,39.4048],[24.0836,39.4063],[24.0862,39.4073],[24.0888,39.4077],[24.0922,39.4078],[24.0963,39.4075],[24.0992,39.4069],[24.1007,39.4061],[24.1007,39.4036],[24.0992,39.3995],[24.099,39.3971],[24.1002,39.3967],[24.1014,39.3946],[24.1027,39.3909],[24.1037,39.3855],[24.1045,39.3782],[24.1054,39.3743],[24.1063,39.3738],[24.1086,39.374],[24.1123,39.3749],[24.1146,39.3756],[24.1156,39.3762],[24.1164,39.3776],[24.1171,39.3797],[24.117,39.3815],[24.1161,39.3831],[24.1162,39.3862],[24.1172,39.3909],[24.1163,39.3935],[24.1135,39.394],[24.1125,39.3946],[24.1134,39.3951],[24.1136,39.3956],[24.1132,39.3961],[24.1164,39.3986],[24.1232,39.403],[24.1336,39.4111],[24.1477,39.423],[24.1531,39.4346],[24.1498,39.4459],[24.1481,39.4576],[24.1479,39.4695],[24.1483,39.4765],[24.1492,39.4787],[24.148,39.4815],[24.1445,39.4852],[24.1426,39.4878],[24.1425,39.4893],[24.1437,39.494],[24.1462,39.5018],[24.1503,39.5086],[24.156,39.5142],[24.16,39.5231],[24.1623,39.5351],[24.165,39.544],[24.1682,39.5497],[24.1715,39.5538],[24.1749,39.5561],[24.1779,39.5571],[24.1805,39.557],[24.1826,39.5555],[24.1841,39.5528],[24.187,39.5505],[24.1911,39.5486],[24.1943,39.5466],[24.1964,39.5445],[24.1992,39.5432],[24.2029,39.5424],[24.2052,39.5415],[24.2063,39.5401],[24.2084,39.5395],[24.2115,39.5396],[24.2156,39.5374],[24.2209,39.5329],[24.2246,39.5286],[24.2269,39.5245],[24.228,39.5214],[24.228,39.5193],[24.2276,39.5177],[24.2267,39.5166],[24.2264,39.5156],[24.2269,39.5146],[24.2263,39.5115],[24.2248,39.5062],[24.2232,39.5031],[24.2215,39.5021],[24.2217,39.4993],[24.2235,39.4946],[24.2248,39.4902],[24.2254,39.486],[24.2253,39.4823],[24.2244,39.4792],[24.2227,39.4766],[24.2203,39.4745],[24.219,39.4726],[24.2186,39.4711],[24.2175,39.4693],[24.2154,39.4671],[24.2139,39.4643],[24.2128,39.4607],[24.2128,39.4585],[24.2136,39.4578],[24.215,39.4575],[24.2167,39.4577],[24.2174,39.4573],[24.2169,39.4562],[24.218,39.4523],[24.2208,39.4456],[24.2225,39.4399],[24.2234,39.4352],[24.2235,39.4318],[24.2228,39.4297],[24.2204,39.4265],[24.2164,39.4224],[24.2132,39.4182],[24.2108,39.4141],[24.2094,39.4107],[24.209,39.4081],[24.2095,39.4031],[24.2109,39.3959],[24.2101,39.3902],[24.2072,39.3861],[24.2012,39.3806],[24.1921,39.3737],[24.1851,39.3661],[24.1801,39.3578],[24.1769,39.3505],[24.1755,39.3442],[24.1724,39.3391],[24.1675,39.3353],[24.1638,39.3298],[24.1611,39.3228],[24.1587,39.3188],[24.1567,39.3178],[24.1495,39.3194],[24.137,39.3235],[24.1289,39.3258],[24.1252,39.3263],[24.1224,39.3272],[24.1203,39.3287],[24.1188,39.3291],[24.1177,39.3286],[24.1168,39.3289],[24.116,39.3301],[24.1155,39.3302],[24.1152,39.3292],[24.1149,39.3288],[24.1143,39.329],[24.1133,39.3251],[24.1119,39.317],[24.1094,39.3091],[24.1059,39.3013],[24.1046,39.2932],[24.1054,39.2849],[24.1042,39.2797],[24.1011,39.2776],[24.0972,39.2768],[24.0925,39.2773],[24.0883,39.2786],[24.0846,39.2807],[24.0786,39.2813],[24.0703,39.2804],[24.0648,39.2802],[24.0622,39.2807],[24.0568,39.284],[24.0485,39.2899],[24.0435,39.2941],[24.0419,39.2966],[24.0406,39.2981],[24.0396,39.2986],[24.0361,39.2969],[24.0301,39.293],[24.0241,39.2885],[24.0181,39.2833],[24.0146,39.2811],[24.0135,39.2819],[24.0126,39.2822],[24.0118,39.2819],[24.0106,39.2808],[24.0092,39.2787],[24.008,39.2747],[24.0071,39.269],[24.006,39.2648],[24.0044,39.2622],[24.004,39.2607],[24.0045,39.2602],[24.0045,39.2593],[24.0039,39.258],[24.0036,39.2574]],[[24.0043,39.2547],[24.0038,39.2537],[24.0027,39.2516],[24.0028,39.2505],[24.0042,39.2505],[24.0062,39.2497],[24.0086,39.2482],[24.0119,39.2448],[24.0158,39.2396],[24.0184,39.2352],[24.0198,39.2315],[24.0206,39.2281],[24.0209,39.225],[24.02,39.2218],[24.0181,39.2188],[24.0147,39.2154],[24.0098,39.2117],[24.0063,39.2065],[24.0043,39.1998],[24.0027,39.1896],[24.0017,39.1761],[24.0018,39.1657],[24.003,39.1584],[24.0055,39.1521],[24.0094,39.1469],[24.0115,39.1417],[24.012,39.1365],[24.0113,39.131],[24.0096,39.1253],[24.0087,39.1224]],[[24.4225,39.0141],[24.4239,39.0177],[24.4266,39.025],[24.4276,39.0302],[24.4269,39.0333],[24.427,39.0367],[24.4277,39.0404],[24.4293,39.0448],[24.4316,39.05],[24.4326,39.0547],[24.4323,39.0588],[24.4332,39.0645],[24.4354,39.0719],[24.4364,39.0761],[24.436,39.0773],[24.4354,39.0772],[24.4344,39.0757],[24.4337,39.0754],[24.4333,39.0762],[24.4336,39.0776],[24.4346,39.0797],[24.4355,39.0854],[24.4362,39.0948],[24.4373,39.1005],[24.4386,39.1026],[24.4386,39.1044],[24.4373,39.106],[24.4369,39.1076],[24.4373,39.1091],[24.4369,39.1115],[24.4356,39.1146],[24.4342,39.1171],[24.4326,39.119],[24.4301,39.1242],[24.4266,39.1327],[24.4266,39.1373],[24.4301,39.1379],[24.4339,39.1405],[24.4382,39.1451],[24.4414,39.1498],[24.4436,39.1545],[24.4451,39.1602],[24.4458,39.1669],[24.4476,39.1714],[24.4503,39.1736],[24.4534,39.1751],[24.4571,39.1759],[24.4633,39.1745],[24.4722,39.1709],[24.4792,39.167],[24.4844,39.1629],[24.4911,39.1593],[24.4994,39.1562],[24.5048,39.1533],[24.5072,39.1508],[24.5088,39.1472],[24.5097,39.1424],[24.51,39.1388],[24.5097,39.1362],[24.507,39.1307],[24.502,39.1224],[24.4972,39.1164],[24.4926,39.1127],[24.4897,39.1075],[24.4885,39.1008],[24.4889,39.0953],[24.4907,39.0912],[24.4934,39.0875],[24.4967,39.0844],[24.4989,39.0794],[24.5,39.0727],[24.5018,39.069],[24.5041,39.0685],[24.5054,39.0678],[24.5056,39.0669],[24.5075,39.0662],[24.5112,39.0657],[24.5135,39.0649],[24.5146,39.0638],[24.5153,39.0635],[24.5159,39.0641],[24.5182,39.0638],[24.5224,39.0626],[24.5249,39.0597],[24.5257,39.055],[24.5281,39.051],[24.5319,39.048],[24.5352,39.0428],[24.5379,39.0355],[24.5383,39.031],[24.5366,39.0294],[24.5361,39.0283],[24.5368,39.0279],[24.5356,39.0242],[24.5323,39.0174],[24.5323,39.0122],[24.5353,39.0086],[24.5403,39.0054],[24.5471,39.0028],[24.5518,39.0018],[24.5544,39.0025],[24.5586,39.0026],[24.5643,39.002],[24.5677,39.0023],[24.5688,39.0034],[24.5693,39.0039]],[[24.037,39.9911],[24.037,39.9915],[24.037,39.9922],[24.037,39.9922],[24.037,39.9915],[24.037,39.9911]],[[24.9078,39.6242],[24.9065,39.6244],[24.9039,39.6248],[24.9016,39.6264],[24.8998,39.6293],[24.8993,39.6328],[24.9003,39.637],[24.902,39.6401],[24.9045,39.642],[24.907,39.6426],[24.9096,39.6417],[24.9113,39.6404],[24.9121,39.6388],[24.912,39.6354],[24.9111,39.6302],[24.9099,39.6268],[24.9085,39.6251],[24.9078,39.6242]],[[24.4464,39.6033],[24.4415,39.6034],[24.4315,39.6034],[24.4261,39.6039],[24.425,39.6047],[24.4241,39.6066],[24.4232,39.6095],[24.4245,39.6125],[24.428,39.6158],[24.436,39.6215],[24.4484,39.6298],[24.4565,39.6347],[24.4602,39.6362],[24.4633,39.6364],[24.4659,39.6354],[24.4677,39.6343],[24.4687,39.6333],[24.4683,39.6305],[24.4663,39.6257],[24.463,39.6213],[24.4583,39.6172],[24.4535,39.6122],[24.4488,39.6063],[24.4464,39.6033]],[[24.4609,39.593],[24.4603,39.5931],[24.459,39.5932],[24.4588,39.5935],[24.4595,39.594],[24.4602,39.594],[24.4607,39.5933],[24.4609,39.593]],[[24.8932,39.5888],[24.893,39.5892],[24.8924,39.5901],[24.8924,39.5901],[24.893,39.5892],[24.8932,39.5888]],[[24.6589,39.5221],[24.6573,39.5222],[24.6542,39.5223],[24.6528,39.5227],[24.6531,39.5232],[24.6522,39.5242],[24.65,39.5258],[24.6492,39.5269],[24.6496,39.5274],[24.6495,39.5294],[24.6486,39.5331],[24.6492,39.5367],[24.6513,39.5404],[24.6547,39.5429],[24.6596,39.5442],[24.6635,39.5431],[24.6666,39.5397],[24.6683,39.5372],[24.6686,39.5357],[24.6681,39.5336],[24.667,39.531],[24.6666,39.5294],[24.667,39.5287],[24.6669,39.5286],[24.6664,39.529],[24.6651,39.5278],[24.663,39.5249],[24.6612,39.5232],[24.6597,39.5225],[24.6589,39.5221]],[[24.6745,39.4824],[24.6735,39.4828],[24.6715,39.4835],[24.6707,39.4848],[24.6712,39.4865],[24.6724,39.4872],[24.6745,39.4869],[24.6752,39.4856],[24.6748,39.4835],[24.6745,39.4824]],[[24.4078,39.4003],[24.4064,39.4004],[24.4035,39.4005],[24.4009,39.401],[24.3986,39.4021],[24.3967,39.4034],[24.3952,39.4049],[24.3946,39.4065],[24.3949,39.4081],[24.397,39.4101],[24.4007,39.4125],[24.4047,39.4134],[24.4088,39.4128],[24.4116,39.4108],[24.413,39.4074],[24.4133,39.4049],[24.4124,39.4031],[24.411,39.4018],[24.4089,39.4008],[24.4078,39.4003]],[[24.2328,39.3817],[24.2318,39.3815],[24.2297,39.3811],[24.2271,39.3814],[24.2242,39.3823],[24.221,39.3839],[24.2177,39.386],[24.2154,39.388],[24.2141,39.3901],[24.2145,39.3922],[24.2164,39.3943],[24.2184,39.3957],[24.2204,39.3965],[24.2242,39.3968],[24.23,39.3966],[24.2339,39.3947],[24.236,39.391],[24.236,39.3873],[24.2339,39.3836],[24.2328,39.3817]],[[24.4224,39.2681],[24.4185,39.2689],[24.4107,39.2706],[24.4011,39.2748],[24.3896,39.2817],[24.3803,39.2858],[24.373,39.2872],[24.3654,39.2881],[24.3575,39.2886],[24.3521,39.2902],[24.3491,39.2929],[24.346,39.2969],[24.343,39.3021],[24.3403,39.3058],[24.3381,39.3079],[24.3341,39.3107],[24.3284,39.3142],[24.3255,39.3163],[24.3255,39.317],[24.3242,39.3174],[24.3216,39.3173],[24.32,39.3176],[24.3196,39.3185],[24.3167,39.3196],[24.3115,39.3212],[24.3077,39.3236],[24.3052,39.3269],[24.3038,39.3304],[24.3035,39.3341],[24.3044,39.3411],[24.3065,39.3516],[24.3076,39.3597],[24.3075,39.3654],[24.3085,39.3703],[24.3106,39.3745],[24.3151,39.3777],[24.322,39.38],[24.3281,39.381],[24.3333,39.3808],[24.3375,39.3794],[24.3407,39.3768],[24.3433,39.374],[24.3454,39.3709],[24.3475,39.3667],[24.3498,39.3615],[24.3516,39.3549],[24.3529,39.3468],[24.3541,39.3421],[24.3552,39.3409],[24.3687,39.3357],[24.3948,39.3266],[24.4106,39.3204],[24.4161,39.3169],[24.4223,39.3099],[24.4292,39.2995],[24.4333,39.2922],[24.4347,39.288],[24.4352,39.2843],[24.4349,39.2813],[24.434,39.2784],[24.4326,39.2758],[24.4308,39.2734],[24.4287,39.2713],[24.4263,39.2697],[24.4237,39.2686],[24.4224,39.2681]],[[24.062,39.0193],[24.0607,39.0193],[24.0581,39.0194],[24.0555,39.0204],[24.0529,39.0225],[24.0511,39.0232],[24.05,39.0227],[24.0496,39.0227],[24.0499,39.0232],[24.0493,39.0239],[24.048,39.025],[24.0478,39.0266],[24.0488,39.0287],[24.0487,39.0302],[24.0475,39.0313],[24.0473,39.0345],[24.048,39.0399],[24.0505,39.0445],[24.0547,39.0482],[24.0586,39.0507],[24.0621,39.052],[24.0647,39.0552],[24.0664,39.0604],[24.0675,39.0651],[24.0678,39.0693],[24.0669,39.074],[24.0651,39.0792],[24.0631,39.0814],[24.0609,39.0805],[24.0578,39.0801],[24.0537,39.0802],[24.0497,39.0806],[24.046,39.0814],[24.0432,39.0826],[24.0413,39.0841],[24.0404,39.0878],[24.0405,39.0935],[24.0428,39.1008],[24.0473,39.1097],[24.0517,39.1167],[24.0558,39.1218],[24.0625,39.1257],[24.0719,39.1284],[24.0805,39.1286],[24.0883,39.1261],[24.0951,39.1231],[24.1007,39.1197],[24.1081,39.1175],[24.117,39.1166],[24.1224,39.1155],[24.1245,39.1143],[24.1274,39.1104],[24.1312,39.1038],[24.134,39.0958],[24.1357,39.0865],[24.1372,39.0769],[24.1387,39.067],[24.1386,39.0594],[24.137,39.0542],[24.1342,39.05],[24.1304,39.0469],[24.1233,39.044],[24.113,39.0415],[24.1034,39.0384],[24.0944,39.0347],[24.09,39.0323],[24.0901,39.0312],[24.087,39.0297],[24.0807,39.0278],[24.0737,39.0249],[24.0659,39.0212],[24.062,39.0193]]]}},{"type":"Feature","properties":{"depth":200,"kind":"band"},"geometry":{"type":"MultiPolygon","coordinates":[[[[24.9692,39.8861],[24.9741,39.8885],[24.9779,39.8929],[24.9805,39.8993],[24.9815,39.9041],[24.981,39.9072],[24.9789,39.9079],[24.9752,39.9064],[24.9722,39.9036],[24.9696,39.8994],[24.9659,39.8966],[24.961,39.8951],[24.9583,39.892],[24.958,39.8875],[24.96,39.8851],[24.9645,39.885],[24.9667,39.8849],[24.9667,39.8849],[24.9692,39.8861]]],[[[24.981,39.686],[24.9842,39.6881],[24.9865,39.6907],[24.9878,39.6938],[24.9876,39.6979],[24.9858,39.7031],[24.9826,39.7068],[24.9779,39.7092],[24.9737,39.7092],[24.9701,39.7068],[24.9674,39.7036],[24.9655,39.6995],[24.9655,39.6951],[24.9673,39.6904],[24.971,39.6872],[24.9766,39.6857],[24.9794,39.6849],[24.9794,39.6849],[24.981,39.686]]],[[[24.4049,39.0245],[24.4038,39.0245],[24.4038,39.0245],[24.4049,39.0245],[24.4054,39.0245],[24.4054,39.0245],[24.4049,39.0245]]],[[[25,39.0893],[25,39.2669],[24.9939,39.3557],[24.9816,39.3555],[24.9547,39.3608],[24.913,39.3713],[24.888,39.3789],[24.8796,39.3836],[24.867,39.3932],[24.8501,39.4078],[24.837,39.4165],[24.828,39.4192],[24.8159,39.4252],[24.8008,39.4343],[24.7844,39.4417],[24.7669,39.4476],[24.7561,39.4526],[24.752,39.4568],[24.7495,39.462],[24.7486,39.4683],[24.7498,39.476],[24.7531,39.4853],[24.7638,39.4933],[24.7821,39.5002],[24.7946,39.508],[24.8013,39.5168],[24.8107,39.5246],[24.8228,39.5315],[24.8365,39.5445],[24.8518,39.5638],[24.8598,39.5763],[24.8605,39.582],[24.8577,39.5871],[24.8515,39.5917],[24.8472,39.5963],[24.8449,39.6012],[24.845,39.6114],[24.8476,39.6271],[24.8506,39.6374],[24.854,39.6423],[24.8605,39.6462],[24.8701,39.6491],[24.879,39.6557],[24.8872,39.6662],[24.8923,39.6737],[24.8942,39.6784],[24.8948,39.6838],[24.8943,39.6901],[24.8898,39.6974],[24.8815,39.7057],[24.8774,39.7117],[24.8775,39.7153],[24.8884,39.7247],[24.9099,39.7398],[24.918,39.7513],[24.9128,39.7591],[24.9131,39.77],[24.9189,39.7841],[24.9181,39.7953],[24.9106,39.8036],[24.9052,39.8112],[24.9019,39.818],[24.9022,39.8237],[24.9059,39.8284],[24.9058,39.8349],[24.9018,39.8432],[24.9002,39.8526],[24.901,39.863],[24.9052,39.8721],[24.9128,39.88],[24.9171,39.8865],[24.918,39.8917],[24.9195,39.8947],[24.9214,39.8953],[24.9227,39.8913],[24.9232,39.8824],[24.9207,39.8753],[24.9154,39.8699],[24.9125,39.8641],[24.912,39.8578],[24.9142,39.8532],[24.919,39.8501],[24.9235,39.8489],[24.9276,39.8496],[24.9311,39.8512],[24.9338,39.8535],[24.9358,39.8563],[24.9369,39.8594],[24.9358,39.8656],[24.9325,39.875],[24.9324,39.8828],[24.9356,39.8891],[24.935,39.8982],[24.9306,39.9101],[24.9298,39.9176],[24.9325,39.9207],[24.9372,39.923],[24.9437,39.9247],[24.9504,39.9318],[24.9571,39.9442],[24.963,39.9529],[24.9679,39.9579],[24.9705,39.9617],[24.9708,39.9647],[24.9721,39.9674],[24.9744,39.9699],[24.9766,39.9708],[24.9786,39.9699],[24.9813,39.9739],[24.9844,39.9828],[24.9887,39.9903],[24.9944,39.9964],[24.7573,39.9995],[24.2773,39.9995],[24.0377,39.9979],[24.0382,39.9948],[24.0401,39.9925],[24.0436,39.991],[24.0451,39.989],[24.0448,39.9863],[24.0406,39.9821],[24.0326,39.9764],[24.0259,39.9696],[24.0205,39.9618],[24.0156,39.9576],[24.0111,39.9572],[24.0097,39.9557],[24.0113,39.953],[24.0091,39.949],[24.003,39.9437],[24,39.7919],[24,39.4935],[24.0032,39.349],[24.0095,39.3583],[24.0227,39.3718],[24.0426,39.3893],[24.057,39.4047],[24.0659,39.418],[24.0732,39.4259],[24.0789,39.4286],[24.0881,39.4309],[24.1006,39.4328],[24.108,39.4351],[24.1104,39.4378],[24.1111,39.442],[24.11,39.4476],[24.1106,39.4516],[24.1129,39.4537],[24.1177,39.4522],[24.125,39.4473],[24.1299,39.4455],[24.1324,39.4468],[24.1332,39.448],[24.1323,39.4491],[24.1328,39.4493],[24.1349,39.4484],[24.135,39.4488],[24.1332,39.4507],[24.1331,39.4526],[24.1347,39.4547],[24.1347,39.4557],[24.133,39.4557],[24.1349,39.4607],[24.1406,39.4705],[24.1421,39.4786],[24.1394,39.4849],[24.1385,39.4906],[24.1395,39.4958],[24.144,39.5044],[24.1521,39.5164],[24.1583,39.5292],[24.1626,39.5427],[24.167,39.5517],[24.1713,39.556],[24.1763,39.5589],[24.182,39.5605],[24.1893,39.5585],[24.1982,39.5529],[24.206,39.5502],[24.2127,39.5501],[24.2174,39.5485],[24.2201,39.5454],[24.2237,39.5437],[24.2284,39.5434],[24.2333,39.5402],[24.2387,39.5339],[24.2419,39.5273],[24.243,39.5206],[24.2426,39.5156],[24.2407,39.5125],[24.2404,39.5104],[24.2419,39.5094],[24.2388,39.5047],[24.2311,39.4964],[24.2278,39.4901],[24.2289,39.486],[24.2276,39.4803],[24.224,39.473],[24.2222,39.4667],[24.2221,39.4615],[24.224,39.4532],[24.2277,39.4416],[24.2276,39.4302],[24.2237,39.4187],[24.2225,39.412],[24.2238,39.41],[24.229,39.4069],[24.238,39.4026],[24.2443,39.3977],[24.2479,39.392],[24.245,39.3855],[24.2355,39.3784],[24.2234,39.375],[24.2089,39.3753],[24.1995,39.3741],[24.1954,39.3716],[24.1907,39.3656],[24.1854,39.3563],[24.1819,39.3482],[24.1801,39.3414],[24.1746,39.3317],[24.1655,39.3191],[24.1594,39.3126],[24.1563,39.3121],[24.1505,39.3138],[24.1422,39.3176],[24.1331,39.3202],[24.1232,39.3217],[24.1158,39.3162],[24.1111,39.3037],[24.1096,39.2927],[24.1115,39.2833],[24.1112,39.2768],[24.109,39.2731],[24.1034,39.2717],[24.0945,39.2724],[24.0878,39.2742],[24.0831,39.2769],[24.0758,39.2778],[24.0658,39.2768],[24.0552,39.2812],[24.0437,39.2911],[24.0332,39.2922],[24.0237,39.2845],[24.0166,39.2739],[24.012,39.2604],[24.0126,39.2504],[24.0185,39.2439],[24.0225,39.2369],[24.0247,39.2293],[24.0247,39.2229],[24.0227,39.2177],[24.0186,39.212],[24.0125,39.2057],[24.0086,39.1945],[24.0067,39.1784],[24.009,39.1638],[24.0155,39.1508],[24.0192,39.142],[24.02,39.1373],[24.0199,39.1328],[24.0186,39.1287],[24.0135,39.1201],[24.0045,39.107],[24,39.0755],[24,39.0255],[24.0087,39.0004],[24.0262,39.0001],[24.0357,39.0011],[24.0372,39.0032],[24.0393,39.0039],[24.0419,39.0033],[24.0453,39.0038],[24.0495,39.0055],[24.0524,39.0047],[24.0539,39.0016],[24.1375,39],[24.3031,39],[24.3881,39.0022],[24.3926,39.0067],[24.3956,39.0107],[24.3972,39.0143],[24.3976,39.0182],[24.3969,39.0224],[24.3993,39.0251],[24.405,39.0264],[24.411,39.0329],[24.4175,39.0446],[24.4198,39.0547],[24.418,39.063],[24.4189,39.0779],[24.4225,39.0992],[24.4224,39.1185],[24.4186,39.1357],[24.4189,39.1455],[24.4233,39.1478],[24.4259,39.1523],[24.4266,39.1588],[24.4256,39.1688],[24.4228,39.1823],[24.4257,39.198],[24.4342,39.2156],[24.4402,39.2261],[24.4435,39.2291],[24.4472,39.2313],[24.4515,39.2324],[24.4627,39.2307],[24.481,39.226],[24.491,39.222],[24.4929,39.2188],[24.4933,39.212],[24.4922,39.2016],[24.4923,39.1943],[24.4937,39.1901],[24.4966,39.1862],[24.5013,39.1825],[24.508,39.181],[24.517,39.1815],[24.5227,39.181],[24.5253,39.1794],[24.5258,39.1768],[24.5242,39.1731],[24.5198,39.171],[24.5125,39.1705],[24.5081,39.1695],[24.5064,39.168],[24.5081,39.1602],[24.5131,39.1461],[24.5151,39.137],[24.5142,39.1328],[24.5106,39.1253],[24.5043,39.1143],[24.5011,39.1073],[24.5011,39.1042],[24.5039,39.0974],[24.5096,39.087],[24.5113,39.0802],[24.5091,39.0771],[24.5083,39.0745],[24.509,39.0724],[24.511,39.0718],[24.5144,39.0725],[24.5187,39.0715],[24.524,39.0688],[24.5273,39.0635],[24.5287,39.0555],[24.531,39.0503],[24.5343,39.0477],[24.5376,39.0433],[24.5411,39.037],[24.5431,39.0329],[24.5436,39.0308],[24.5424,39.0263],[24.5395,39.0195],[24.5391,39.0148],[24.5413,39.0122],[24.5473,39.0107],[24.5571,39.0102],[24.5677,39.0075],[24.5792,39.0025],[24.6887,39.0001],[24.8962,39.0004],[25,39.0005],[25,39.0005],[25,39.0893]],[[24.6634,39.9317],[24.6601,39.9318],[24.66,39.9373],[24.6633,39.9482],[24.6725,39.9565],[24.6877,39.9622],[24.6974,39.9651],[24.7015,39.9653],[24.6997,39.9611],[24.6919,39.9526],[24.6823,39.9442],[24.6708,39.9358],[24.6651,39.9316],[24.6651,39.9316],[24.6634,39.9317]],[[24.4518,39.5856],[24.4336,39.5961],[24.4234,39.6037],[24.421,39.6085],[24.4234,39.6146],[24.4304,39.6219],[24.4389,39.6287],[24.449,39.6349],[24.4581,39.6394],[24.4662,39.6424],[24.4721,39.6419],[24.4758,39.638],[24.4785,39.6332],[24.4802,39.6274],[24.4795,39.6209],[24.4765,39.6136],[24.4775,39.6104],[24.4824,39.6114],[24.4865,39.6103],[24.4895,39.6073],[24.4893,39.6045],[24.4857,39.602],[24.481,39.6023],[24.4753,39.6054],[24.4714,39.6056],[24.4693,39.6029],[24.4693,39.5982],[24.4712,39.5914],[24.4694,39.5861],[24.4637,39.5822],[24.4609,39.5803],[24.4609,39.5803],[24.4518,39.5856]],[[24.5229,39.5243],[24.5198,39.5266],[24.5158,39.5319],[24.5109,39.5402],[24.5037,39.5477],[24.4939,39.5544],[24.4874,39.5611],[24.4841,39.568],[24.4825,39.5745],[24.4827,39.5806],[24.4836,39.5836],[24.4851,39.5837],[24.4866,39.5819],[24.4878,39.5784],[24.4899,39.5759],[24.4929,39.5744],[24.4964,39.5754],[24.5005,39.5789],[24.5073,39.5826],[24.5167,39.5865],[24.5233,39.5875],[24.5272,39.5858],[24.5293,39.5799],[24.5297,39.5701],[24.5288,39.5609],[24.5267,39.5526],[24.5264,39.5443],[24.528,39.536],[24.5277,39.5296],[24.5256,39.5254],[24.5245,39.5232],[24.5245,39.5232],[24.5229,39.5243]],[[24.658,39.5191],[24.6521,39.5199],[24.6479,39.5229],[24.6455,39.5281],[24.6453,39.5341],[24.6473,39.5409],[24.6504,39.5454],[24.6547,39.5475],[24.6591,39.5484],[24.6638,39.5479],[24.666,39.5468],[24.666,39.5451],[24.6666,39.5446],[24.6679,39.545],[24.6695,39.5435],[24.6714,39.5401],[24.6722,39.5362],[24.6718,39.5319],[24.6689,39.527],[24.6636,39.5215],[24.6609,39.5187],[24.6609,39.5187],[24.658,39.5191]],[[24.2476,39.5101],[24.246,39.5106],[24.2457,39.5117],[24.2467,39.5133],[24.2467,39.5149],[24.2457,39.5164],[24.246,39.5188],[24.2476,39.5219],[24.2492,39.5212],[24.2508,39.5165],[24.2508,39.513],[24.2492,39.5109],[24.2484,39.5098],[24.2484,39.5098],[24.2476,39.5101]],[[24.6729,39.4795],[24.6675,39.4817],[24.6646,39.4844],[24.6641,39.4875],[24.6647,39.4902],[24.6663,39.4926],[24.6693,39.4939],[24.6734,39.4942],[24.6771,39.4931],[24.6801,39.4904],[24.6816,39.4873],[24.6814,39.4836],[24.6799,39.481],[24.6769,39.4793],[24.6755,39.4784],[24.6755,39.4784],[24.6729,39.4795]],[[24.4028,39.3991],[24.3867,39.4007],[24.3777,39.4028],[24.3759,39.4055],[24.3832,39.4102],[24.3996,39.4171],[24.4094,39.4194],[24.4125,39.4173],[24.415,39.4141],[24.4169,39.4099],[24.4174,39.4063],[24.4165,39.4032],[24.4147,39.4008],[24.4122,39.3991],[24.4109,39.3983],[24.4109,39.3983],[24.4028,39.3991]],[[24.4224,39.2579],[24.412,39.2606],[24.4008,39.2655],[24.3888,39.2726],[24.3776,39.2768],[24.3672,39.2779],[24.3589,39.2799],[24.3526,39.2827],[24.3438,39.2908],[24.3324,39.3042],[24.3209,39.3132],[24.3093,39.318],[24.3024,39.3219],[24.3001,39.325],[24.3012,39.3397],[24.3056,39.3661],[24.3122,39.3807],[24.3211,39.3837],[24.3284,39.3851],[24.3341,39.3847],[24.3395,39.3823],[24.3444,39.3778],[24.3504,39.37],[24.3574,39.3589],[24.3685,39.35],[24.3836,39.3433],[24.3992,39.3375],[24.4153,39.3326],[24.4275,39.3274],[24.4356,39.322],[24.4397,39.3159],[24.4397,39.3091],[24.4417,39.3026],[24.4456,39.2963],[24.4479,39.2896],[24.4483,39.2823],[24.4452,39.2741],[24.4383,39.2651],[24.4331,39.2596],[24.4294,39.2576],[24.4276,39.2566],[24.4276,39.2566],[24.4224,39.2579]],[[24.0582,39.0154],[24.0549,39.0159],[24.0525,39.0171],[24.0512,39.0192],[24.0497,39.0198],[24.0482,39.0191],[24.0474,39.0212],[24.0475,39.0261],[24.0463,39.0302],[24.0438,39.0333],[24.0434,39.0375],[24.045,39.0427],[24.0495,39.0487],[24.057,39.0555],[24.0608,39.061],[24.0609,39.0651],[24.0597,39.0685],[24.057,39.0709],[24.0504,39.0741],[24.0397,39.0778],[24.0335,39.0813],[24.0319,39.0844],[24.0312,39.0883],[24.0315,39.093],[24.0342,39.099],[24.0395,39.1063],[24.0424,39.1123],[24.0431,39.117],[24.0457,39.1228],[24.0503,39.1298],[24.0547,39.1343],[24.0588,39.1364],[24.0667,39.1382],[24.0782,39.1398],[24.0862,39.144],[24.0909,39.1507],[24.0945,39.1543],[24.0971,39.1547],[24.0991,39.1541],[24.1004,39.1524],[24.101,39.149],[24.1008,39.1437],[24.0988,39.1398],[24.0951,39.1372],[24.0934,39.1346],[24.0937,39.132],[24.0969,39.1287],[24.1028,39.1246],[24.1109,39.1216],[24.1214,39.1195],[24.1291,39.1147],[24.1341,39.1073],[24.138,39.0912],[24.1408,39.0664],[24.1393,39.0508],[24.1335,39.0443],[24.1129,39.0346],[24.0776,39.0216],[24.0599,39.0151],[24.0599,39.0151],[24.0582,39.0154]]]]}},{"type":"Feature","properties":{"depth":200,"kind":"isobath"},"geometry":{"type":"MultiLineString","coordinates":[[[24.9667,39.8849],[24.9692,39.8861],[24.9741,39.8885],[24.9779,39.8929],[24.9805,39.8993],[24.9815,39.9041],[24.981,39.9072],[24.9789,39.9079],[24.9752,39.9064],[24.9722,39.9036],[24.9696,39.8994],[24.9659,39.8966],[24.961,39.8951],[24.9583,39.892],[24.958,39.8875],[24.96,39.8851],[24.9645,39.885],[24.9667,39.8849]],[[24.9794,39.6849],[24.981,39.686],[24.9842,39.6881],[24.9865,39.6907],[24.9878,39.6938],[24.9876,39.6979],[24.9858,39.7031],[24.9826,39.7068],[24.9779,39.7092],[24.9737,39.7092],[24.9701,39.7068],[24.9674,39.7036],[24.9655,39.6995],[24.9655,39.6951],[24.9673,39.6904],[24.971,39.6872],[24.9766,39.6857],[24.9794,39.6849]],[[24.4054,39.0245],[24.4049,39.0245],[24.4038,39.0245],[24.4038,39.0245],[24.4049,39.0245],[24.4054,39.0245]],[[24.9755,39.3555],[24.9547,39.3608],[24.913,39.3713],[24.888,39.3789],[24.8796,39.3836],[24.867,39.3932],[24.8501,39.4078],[24.837,39.4165],[24.828,39.4192],[24.8159,39.4252],[24.8008,39.4343],[24.7844,39.4417],[24.7669,39.4476],[24.7561,39.4526],[24.752,39.4568],[24.7495,39.462],[24.7486,39.4683],[24.7498,39.476],[24.7531,39.4853],[24.7638,39.4933],[24.7821,39.5002],[24.7946,39.508],[24.8013,39.5168],[24.8107,39.5246],[24.8228,39.5315],[24.8365,39.5445],[24.8518,39.5638],[24.8598,39.5763],[24.8605,39.582],[24.8577,39.5871],[24.8515,39.5917],[24.8472,39.5963],[24.8449,39.6012],[24.845,39.6114],[24.8476,39.6271],[24.8506,39.6374],[24.854,39.6423],[24.8605,39.6462],[24.8701,39.6491],[24.879,39.6557],[24.8872,39.6662],[24.8923,39.6737],[24.8942,39.6784],[24.8948,39.6838],[24.8943,39.6901],[24.8898,39.6974],[24.8815,39.7057],[24.8774,39.7117],[24.8775,39.7153],[24.8884,39.7247],[24.9099,39.7398],[24.918,39.7513],[24.9128,39.7591],[24.9131,39.77],[24.9189,39.7841],[24.9181,39.7953],[24.9106,39.8036],[24.9052,39.8112],[24.9019,39.818],[24.9022,39.8237],[24.9059,39.8284],[24.9058,39.8349],[24.9018,39.8432],[24.9002,39.8526],[24.901,39.863],[24.9052,39.8721],[24.9128,39.88],[24.9171,39.8865],[24.918,39.8917],[24.9195,39.8947],[24.9214,39.8953],[24.9227,39.8913],[24.9232,39.8824],[24.9207,39.8753],[24.9154,39.8699],[24.9125,39.8641],[24.912,39.8578],[24.9142,39.8532],[24.919,39.8501],[24.9235,39.8489],[24.9276,39.8496],[24.9311,39.8512],[24.9338,39.8535],[24.9358,39.8563],[24.9369,39.8594],[24.9358,39.8656],[24.9325,39.875],[24.9324,39.8828],[24.9356,39.8891],[24.935,39.8982],[24.9306,39.9101],[24.9298,39.9176],[24.9325,39.9207],[24.9372,39.923],[24.9437,39.9247],[24.9504,39.9318],[24.9571,39.9442],[24.963,39.9529],[24.9679,39.9579],[24.9705,39.9617],[24.9708,39.9647],[24.9721,39.9674],[24.9744,39.9699],[24.9766,39.9708],[24.9786,39.9699],[24.9813,39.9739],[24.9844,39.9828],[24.9887,39.9903],[24.9944,39.9964],[24.7573,39.9995],[24.2773,39.9995],[24.0377,39.9979],[24.0382,39.9948],[24.0401,39.9925],[24.0436,39.991],[24.0451,39.989],[24.0448,39.9863],[24.0406,39.9821],[24.0326,39.9764],[24.0259,39.9696],[24.0205,39.9618],[24.0156,39.9576],[24.0111,39.9572],[24.0097,39.9557],[24.0113,39.953],[24.0121,39.9516]],[[24.0127,39.363],[24.0227,39.3718],[24.0426,39.3893],[24.057,39.4047],[24.0659,39.418],[24.0732,39.4259],[24.0789,39.4286],[24.0881,39.4309],[24.1006,39.4328],[24.108,39.4351],[24.1104,39.4378],[24.1111,39.442],[24.11,39.4476],[24.1106,39.4516],[24.1129,39.4537],[24.1177,39.4522],[24.125,39.4473],[24.1299,39.4455],[24.1324,39.4468],[24.1332,39.448],[24.1323,39.4491],[24.1328,39.4493],[24.1349,39.4484],[24.135,39.4488],[24.1332,39.4507],[24.1331,39.4526],[24.1347,39.4547],[24.1347,39.4557],[24.133,39.4557],[24.1349,39.4607],[24.1406,39.4705],[24.1421,39.4786],[24.1394,39.4849],[24.1385,39.4906],[24.1395,39.4958],[24.144,39.5044],[24.1521,39.5164],[24.1583,39.5292],[24.1626,39.5427],[24.167,39.5517],[24.1713,39.556],[24.1763,39.5589],[24.182,39.5605],[24.1893,39.5585],[24.1982,39.5529],[24.206,39.5502],[24.2127,39.5501],[24.2174,39.5485],[24.2201,39.5454],[24.2237,39.5437],[24.2284,39.5434],[24.2333,39.5402],[24.2387,39.5339],[24.2419,39.5273],[24.243,39.5206],[24.2426,39.5156],[24.2407,39.5125],[24.2404,39.5104],[24.2419,39.5094],[24.2388,39.5047],[24.2311,39.4964],[24.2278,39.4901],[24.2289,39.486],[24.2276,39.4803],[24.224,39.473],[24.2222,39.4667],[24.2221,39.4615],[24.224,39.4532],[24.2277,39.4416],[24.2276,39.4302],[24.2237,39.4187],[24.2225,39.412],[24.2238,39.41],[24.229,39.4069],[24.238,39.4026],[24.2443,39.3977],[24.2479,39.392],[24.245,39.3855],[24.2355,39.3784],[24.2234,39.375],[24.2089,39.3753],[24.1995,39.3741],[24.1954,39.3716],[24.1907,39.3656],[24.1854,39.3563],[24.1819,39.3482],[24.1801,39.3414],[24.1746,39.3317],[24.1655,39.3191],[24.1594,39.3126],[24.1563,39.3121],[24.1505,39.3138],[24.1422,39.3176],[24.1331,39.3202],[24.1232,39.3217],[24.1158,39.3162],[24.1111,39.3037],[24.1096,39.2927],[24.1115,39.2833],[24.1112,39.2768],[24.109,39.2731],[24.1034,39.2717],[24.0945,39.2724],[24.0878,39.2742],[24.0831,39.2769],[24.0758,39.2778],[24.0658,39.2768],[24.0552,39.2812],[24.0437,39.2911],[24.0332,39.2922],[24.0237,39.2845],[24.0166,39.2739],[24.012,39.2604],[24.0126,39.2504],[24.0185,39.2439],[24.0225,39.2369],[24.0247,39.2293],[24.0247,39.2229],[24.0227,39.2177],[24.0186,39.212],[24.0125,39.2057],[24.0086,39.1945],[24.0067,39.1784],[24.009,39.1638],[24.0155,39.1508],[24.0192,39.142],[24.02,39.1373],[24.0199,39.1328],[24.0186,39.1287],[24.018,39.1266]],[[24.038,39.0042],[24.0393,39.0039],[24.0419,39.0033],[24.0453,39.0038],[24.0495,39.0055],[24.0516,39.0063]],[[24.3948,39.0089],[24.3956,39.0107],[24.3972,39.0143],[24.3976,39.0182],[24.3969,39.0224],[24.3993,39.0251],[24.405,39.0264],[24.411,39.0329],[24.4175,39.0446],[24.4198,39.0547],[24.418,39.063],[24.4189,39.0779],[24.4225,39.0992],[24.4224,39.1185],[24.4186,39.1357],[24.4189,39.1455],[24.4233,39.1478],[24.4259,39.1523],[24.4266,39.1588],[24.4256,39.1688],[24.4228,39.1823],[24.4257,39.198],[24.4342,39.2156],[24.4402,39.2261],[24.4435,39.2291],[24.4472,39.2313],[24.4515,39.2324],[24.4627,39.2307],[24.481,39.226],[24.491,39.222],[24.4929,39.2188],[24.4933,39.212],[24.4922,39.2016],[24.4923,39.1943],[24.4937,39.1901],[24.4966,39.1862],[24.5013,39.1825],[24.508,39.181],[24.517,39.1815],[24.5227,39.181],[24.5253,39.1794],[24.5258,39.1768],[24.5242,39.1731],[24.5198,39.171],[24.5125,39.1705],[24.5081,39.1695],[24.5064,39.168],[24.5081,39.1602],[24.5131,39.1461],[24.5151,39.137],[24.5142,39.1328],[24.5106,39.1253],[24.5043,39.1143],[24.5011,39.1073],[24.5011,39.1042],[24.5039,39.0974],[24.5096,39.087],[24.5113,39.0802],[24.5091,39.0771],[24.5083,39.0745],[24.509,39.0724],[24.511,39.0718],[24.5144,39.0725],[24.5187,39.0715],[24.524,39.0688],[24.5273,39.0635],[24.5287,39.0555],[24.531,39.0503],[24.5343,39.0477],[24.5376,39.0433],[24.5411,39.037],[24.5431,39.0329],[24.5436,39.0308],[24.5424,39.0263],[24.5395,39.0195],[24.5391,39.0148],[24.5413,39.0122],[24.5473,39.0107],[24.5571,39.0102],[24.562,39.01]],[[24.6651,39.9316],[24.6634,39.9317],[24.6601,39.9318],[24.66,39.9373],[24.6633,39.9482],[24.6725,39.9565],[24.6877,39.9622],[24.6974,39.9651],[24.7015,39.9653],[24.6997,39.9611],[24.6919,39.9526],[24.6823,39.9442],[24.6708,39.9358],[24.6651,39.9316]],[[24.4609,39.5803],[24.4518,39.5856],[24.4336,39.5961],[24.4234,39.6037],[24.421,39.6085],[24.4234,39.6146],[24.4304,39.6219],[24.4389,39.6287],[24.449,39.6349],[24.4581,39.6394],[24.4662,39.6424],[24.4721,39.6419],[24.4758,39.638],[24.4785,39.6332],[24.4802,39.6274],[24.4795,39.6209],[24.4765,39.6136],[24.4775,39.6104],[24.4824,39.6114],[24.4865,39.6103],[24.4895,39.6073],[24.4893,39.6045],[24.4857,39.602],[24.481,39.6023],[24.4753,39.6054],[24.4714,39.6056],[24.4693,39.6029],[24.4693,39.5982],[24.4712,39.5914],[24.4694,39.5861],[24.4637,39.5822],[24.4609,39.5803]],[[24.5245,39.5232],[24.5229,39.5243],[24.5198,39.5266],[24.5158,39.5319],[24.5109,39.5402],[24.5037,39.5477],[24.4939,39.5544],[24.4874,39.5611],[24.4841,39.568],[24.4825,39.5745],[24.4827,39.5806],[24.4836,39.5836],[24.4851,39.5837],[24.4866,39.5819],[24.4878,39.5784],[24.4899,39.5759],[24.4929,39.5744],[24.4964,39.5754],[24.5005,39.5789],[24.5073,39.5826],[24.5167,39.5865],[24.5233,39.5875],[24.5272,39.5858],[24.5293,39.5799],[24.5297,39.5701],[24.5288,39.5609],[24.5267,39.5526],[24.5264,39.5443],[24.528,39.536],[24.5277,39.5296],[24.5256,39.5254],[24.5245,39.5232]],[[24.6609,39.5187],[24.658,39.5191],[24.6521,39.5199],[24.6479,39.5229],[24.6455,39.5281],[24.6453,39.5341],[24.6473,39.5409],[24.6504,39.5454],[24.6547,39.5475],[24.6591,39.5484],[24.6638,39.5479],[24.666,39.5468],[24.666,39.5451],[24.6666,39.5446],[24.6679,39.545],[24.6695,39.5435],[24.6714,39.5401],[24.6722,39.5362],[24.6718,39.5319],[24.6689,39.527],[24.6636,39.5215],[24.6609,39.5187]],[[24.2484,39.5098],[24.2476,39.5101],[24.246,39.5106],[24.2457,39.5117],[24.2467,39.5133],[24.2467,39.5149],[24.2457,39.5164],[24.246,39.5188],[24.2476,39.5219],[24.2492,39.5212],[24.2508,39.5165],[24.2508,39.513],[24.2492,39.5109],[24.2484,39.5098]],[[24.6755,39.4784],[24.6729,39.4795],[24.6675,39.4817],[24.6646,39.4844],[24.6641,39.4875],[24.6647,39.4902],[24.6663,39.4926],[24.6693,39.4939],[24.6734,39.4942],[24.6771,39.4931],[24.6801,39.4904],[24.6816,39.4873],[24.6814,39.4836],[24.6799,39.481],[24.6769,39.4793],[24.6755,39.4784]],[[24.4109,39.3983],[24.4028,39.3991],[24.3867,39.4007],[24.3777,39.4028],[24.3759,39.4055],[24.3832,39.4102],[24.3996,39.4171],[24.4094,39.4194],[24.4125,39.4173],[24.415,39.4141],[24.4169,39.4099],[24.4174,39.4063],[24.4165,39.4032],[24.4147,39.4008],[24.4122,39.3991],[24.4109,39.3983]],[[24.4276,39.2566],[24.4224,39.2579],[24.412,39.2606],[24.4008,39.2655],[24.3888,39.2726],[24.3776,39.2768],[24.3672,39.2779],[24.3589,39.2799],[24.3526,39.2827],[24.3438,39.2908],[24.3324,39.3042],[24.3209,39.3132],[24.3093,39.318],[24.3024,39.3219],[24.3001,39.325],[24.3012,39.3397],[24.3056,39.3661],[24.3122,39.3807],[24.3211,39.3837],[24.3284,39.3851],[24.3341,39.3847],[24.3395,39.3823],[24.3444,39.3778],[24.3504,39.37],[24.3574,39.3589],[24.3685,39.35],[24.3836,39.3433],[24.3992,39.3375],[24.4153,39.3326],[24.4275,39.3274],[24.4356,39.322],[24.4397,39.3159],[24.4397,39.3091],[24.4417,39.3026],[24.4456,39.2963],[24.4479,39.2896],[24.4483,39.2823],[24.4452,39.2741],[24.4383,39.2651],[24.4331,39.2596],[24.4294,39.2576],[24.4276,39.2566]],[[24.0599,39.0151],[24.0582,39.0154],[24.0549,39.0159],[24.0525,39.0171],[24.0512,39.0192],[24.0497,39.0198],[24.0482,39.0191],[24.0474,39.0212],[24.0475,39.0261],[24.0463,39.0302],[24.0438,39.0333],[24.0434,39.0375],[24.045,39.0427],[24.0495,39.0487],[24.057,39.0555],[24.0608,39.061],[24.0609,39.0651],[24.0597,39.0685],[24.057,39.0709],[24.0504,39.0741],[24.0397,39.0778],[24.0335,39.0813],[24.0319,39.0844],[24.0312,39.0883],[24.0315,39.093],[24.0342,39.099],[24.0395,39.1063],[24.0424,39.1123],[24.0431,39.117],[24.0457,39.1228],[24.0503,39.1298],[24.0547,39.1343],[24.0588,39.1364],[24.0667,39.1382],[24.0782,39.1398],[24.0862,39.144],[24.0909,39.1507],[24.0945,39.1543],[24.0971,39.1547],[24.0991,39.1541],[24.1004,39.1524],[24.101,39.149],[24.1008,39.1437],[24.0988,39.1398],[24.0951,39.1372],[24.0934,39.1346],[24.0937,39.132],[24.0969,39.1287],[24.1028,39.1246],[24.1109,39.1216],[24.1214,39.1195],[24.1291,39.1147],[24.1341,39.1073],[24.138,39.0912],[24.1408,39.0664],[24.1393,39.0508],[24.1335,39.0443],[24.1129,39.0346],[24.0776,39.0216],[24.0599,39.0151]]]}},{"type":"Feature","properties":{"depth":300,"kind":"band"},"geometry":{"type":"MultiPolygon","coordinates":[[[[24.0518,39.9987],[24.0533,39.9992],[24.0514,39.9996],[24.0459,39.9999],[24.0452,39.9996],[24.049,39.9988],[24.051,39.9984],[24.051,39.9984],[24.0518,39.9987]]],[[[24.9632,39.9988],[24.9617,39.9996],[24.9617,39.9996],[24.9632,39.9988],[24.964,39.9984],[24.964,39.9984],[24.9632,39.9988]]],[[[24.8079,39.9084],[24.8074,39.9114],[24.8045,39.9148],[24.7994,39.9185],[24.797,39.9217],[24.7973,39.9244],[24.8044,39.9241],[24.8185,39.9206],[24.8284,39.9215],[24.8343,39.927],[24.8299,39.9332],[24.8152,39.9402],[24.807,39.9454],[24.8055,39.9489],[24.8019,39.9522],[24.7961,39.9553],[24.7923,39.9589],[24.7902,39.963],[24.7938,39.9637],[24.8031,39.961],[24.8094,39.9561],[24.8125,39.9492],[24.817,39.9447],[24.8227,39.9426],[24.8289,39.942],[24.8357,39.9431],[24.8505,39.9477],[24.8734,39.9558],[24.8896,39.9636],[24.8989,39.9712],[24.9081,39.9769],[24.9169,39.9809],[24.9229,39.9855],[24.9259,39.9906],[24.9311,39.9937],[24.9385,39.9947],[24.9432,39.9963],[24.9453,39.9984],[24.9057,39.9995],[24.8246,39.9995],[24.7853,39.9985],[24.788,39.9964],[24.7896,39.9938],[24.7901,39.9907],[24.7894,39.9862],[24.7873,39.9805],[24.7834,39.9737],[24.7776,39.9659],[24.7773,39.9584],[24.7826,39.9511],[24.7894,39.944],[24.7979,39.9373],[24.8007,39.9332],[24.7978,39.9318],[24.7924,39.9321],[24.7844,39.9339],[24.7761,39.9386],[24.7674,39.9462],[24.7622,39.9488],[24.7606,39.9465],[24.7616,39.9425],[24.7651,39.9368],[24.7634,39.9323],[24.7565,39.9292],[24.7587,39.9268],[24.77,39.9253],[24.7838,39.9201],[24.8001,39.9112],[24.8082,39.9068],[24.8082,39.9068],[24.8079,39.9084]]],[[[24.4514,39.6479],[24.4508,39.6488],[24.4508,39.6488],[24.4514,39.6479],[24.4517,39.6474],[24.4517,39.6474],[24.4514,39.6479]]],[[[24.739,39.5898],[24.7391,39.5911],[24.7382,39.5911],[24.7364,39.5898],[24.7363,39.5891],[24.7381,39.5891],[24.7389,39.5891],[24.7389,39.5891],[24.739,39.5898]]],[[[24.6996,39.505],[24.7051,39.5117],[24.7096,39.516],[24.7133,39.5179],[24.72,39.519],[24.73,39.5191],[24.7396,39.5167],[24.7489,39.512],[24.755,39.511],[24.7578,39.5137],[24.7573,39.5174],[24.7535,39.5221],[24.7474,39.5234],[24.7391,39.5215],[24.7274,39.5238],[24.7124,39.5306],[24.6994,39.5339],[24.6883,39.5339],[24.6794,39.5287],[24.6726,39.5182],[24.6761,39.5101],[24.69,39.5045],[24.6969,39.5016],[24.6969,39.5016],[24.6996,39.505]]],[[[24.3932,39.388],[24.3922,39.388],[24.3922,39.388],[24.3932,39.388],[24.3938,39.388],[24.3938,39.388],[24.3932,39.388]]],[[[24.4247,39.365],[24.4246,39.3689],[24.4246,39.3689],[24.4247,39.365],[24.4248,39.363],[24.4248,39.363],[24.4247,39.365]]],[[[24.0009,39.348],[24.0006,39.3491],[24.0006,39.3491],[24.0009,39.348],[24.001,39.3474],[24.001,39.3474],[24.0009,39.348]]],[[[24.4968,39.3065],[24.5023,39.3122],[24.5034,39.3192],[24.5001,39.3273],[24.4935,39.3337],[24.4836,39.3382],[24.4742,39.3391],[24.4654,39.3363],[24.4613,39.333],[24.4618,39.3293],[24.4664,39.3224],[24.4753,39.3125],[24.4833,39.3065],[24.4904,39.3046],[24.494,39.3036],[24.494,39.3036],[24.4968,39.3065]]],[[[24.1371,39.2875],[24.1388,39.2886],[24.1383,39.2923],[24.1354,39.2987],[24.1321,39.3029],[24.1284,39.305],[24.1252,39.3044],[24.1223,39.3011],[24.121,39.2982],[24.1212,39.2956],[24.1226,39.2929],[24.1253,39.2901],[24.129,39.2883],[24.1338,39.2874],[24.1362,39.287],[24.1362,39.287],[24.1371,39.2875]]],[[[24.4086,39.2432],[24.4101,39.2454],[24.4058,39.2477],[24.3955,39.2503],[24.3924,39.2493],[24.3963,39.2445],[24.4007,39.2422],[24.4054,39.2422],[24.4078,39.2422],[24.4078,39.2422],[24.4086,39.2432]]],[[[25,39.0865],[25,39.2583],[24.9936,39.3437],[24.9809,39.3424],[24.9695,39.3431],[24.9596,39.3456],[24.949,39.3468],[24.9375,39.3467],[24.9224,39.3497],[24.9037,39.356],[24.8878,39.3578],[24.8747,39.3551],[24.8604,39.356],[24.8448,39.3605],[24.8289,39.3619],[24.8128,39.3604],[24.8018,39.3604],[24.7961,39.3619],[24.788,39.3649],[24.7776,39.3693],[24.771,39.3738],[24.7681,39.3784],[24.7689,39.3838],[24.7732,39.3901],[24.776,39.3956],[24.7772,39.4003],[24.7781,39.4055],[24.7786,39.4112],[24.7777,39.4158],[24.7756,39.4191],[24.7662,39.4232],[24.7495,39.4282],[24.7357,39.4338],[24.7248,39.4401],[24.7168,39.4456],[24.7117,39.4503],[24.7093,39.4565],[24.7093,39.4643],[24.708,39.4698],[24.7053,39.4729],[24.702,39.4748],[24.6983,39.4756],[24.6928,39.4746],[24.6855,39.472],[24.6789,39.4713],[24.6732,39.4724],[24.6638,39.4754],[24.6508,39.4803],[24.6432,39.4852],[24.6409,39.4898],[24.6389,39.5018],[24.6374,39.5211],[24.6379,39.5349],[24.6404,39.5432],[24.6466,39.5526],[24.6566,39.563],[24.6661,39.5696],[24.6752,39.5724],[24.6836,39.5737],[24.6914,39.5736],[24.6973,39.5748],[24.7014,39.5773],[24.7046,39.5817],[24.707,39.588],[24.7055,39.5929],[24.7002,39.5966],[24.6978,39.5997],[24.6983,39.6023],[24.7017,39.606],[24.7078,39.6107],[24.7153,39.6206],[24.7239,39.6357],[24.7346,39.6472],[24.7473,39.6551],[24.7575,39.6632],[24.7654,39.6714],[24.7689,39.6779],[24.7681,39.6826],[24.7647,39.6875],[24.7586,39.6927],[24.7549,39.6969],[24.7536,39.7],[24.7562,39.706],[24.7626,39.7149],[24.7662,39.7237],[24.7668,39.7325],[24.7756,39.739],[24.7925,39.7432],[24.8015,39.7461],[24.8027,39.7476],[24.8028,39.7536],[24.8017,39.7641],[24.8064,39.7713],[24.8171,39.7752],[24.8237,39.7786],[24.8262,39.7814],[24.8257,39.7894],[24.8221,39.8025],[24.8091,39.8154],[24.7867,39.8279],[24.7753,39.8358],[24.7747,39.8392],[24.7711,39.8457],[24.7642,39.8552],[24.7576,39.8625],[24.7511,39.8677],[24.7482,39.8732],[24.7489,39.8789],[24.7485,39.8836],[24.747,39.8873],[24.7429,39.8922],[24.736,39.8985],[24.7284,39.9025],[24.7202,39.9044],[24.7157,39.908],[24.715,39.9134],[24.7158,39.9161],[24.7181,39.916],[24.7191,39.9168],[24.7186,39.9185],[24.7165,39.9195],[24.7128,39.9199],[24.7083,39.9187],[24.7031,39.9158],[24.6992,39.9146],[24.6966,39.9151],[24.6948,39.914],[24.6937,39.9114],[24.6917,39.9114],[24.6886,39.914],[24.6839,39.9153],[24.6776,39.9152],[24.6677,39.9175],[24.6542,39.9222],[24.6474,39.9261],[24.6475,39.9292],[24.6467,39.931],[24.645,39.9315],[24.6443,39.9336],[24.6448,39.9373],[24.6474,39.9414],[24.6522,39.9461],[24.6558,39.9518],[24.6584,39.9586],[24.661,39.9635],[24.6637,39.9665],[24.6695,39.9675],[24.6784,39.9665],[24.6852,39.9687],[24.6899,39.974],[24.6946,39.9772],[24.6995,39.9781],[24.7068,39.984],[24.7165,39.9947],[24.5677,40],[24.2605,40],[24.0985,39.9962],[24.0818,39.9887],[24.0713,39.9823],[24.0672,39.9772],[24.0617,39.9727],[24.055,39.9689],[24.0464,39.9652],[24.0359,39.9615],[24.027,39.9561],[24.0196,39.9489],[24.0119,39.9432],[24.004,39.9391],[24,39.7909],[24,39.4987],[24.0019,39.3547],[24.0058,39.3588],[24.0074,39.363],[24.0067,39.3672],[24.0128,39.3767],[24.0255,39.3914],[24.0354,39.4012],[24.0427,39.4062],[24.0534,39.416],[24.0674,39.4307],[24.0881,39.4495],[24.1154,39.4724],[24.1286,39.4855],[24.1276,39.4885],[24.1277,39.4927],[24.1288,39.4979],[24.1368,39.512],[24.1517,39.5349],[24.1633,39.5507],[24.1714,39.5593],[24.1776,39.5645],[24.1818,39.5663],[24.1888,39.5662],[24.1987,39.5644],[24.2081,39.5647],[24.2169,39.5674],[24.2235,39.5683],[24.2276,39.5676],[24.2367,39.5715],[24.2508,39.5802],[24.2591,39.5846],[24.2617,39.585],[24.2656,39.5788],[24.2707,39.5662],[24.2733,39.5537],[24.2734,39.5412],[24.2746,39.5313],[24.277,39.524],[24.2772,39.5169],[24.2754,39.5102],[24.2759,39.5039],[24.2789,39.4982],[24.2763,39.495],[24.2682,39.4943],[24.2623,39.4922],[24.2586,39.4887],[24.2554,39.4867],[24.2527,39.4862],[24.2524,39.4831],[24.2547,39.4774],[24.2551,39.4729],[24.2535,39.4698],[24.252,39.4683],[24.2503,39.4684],[24.2491,39.4668],[24.2482,39.4636],[24.2486,39.4591],[24.2503,39.4534],[24.2484,39.4484],[24.243,39.4443],[24.2408,39.4391],[24.2418,39.4328],[24.2436,39.4296],[24.2461,39.4292],[24.2474,39.4279],[24.2474,39.4255],[24.2482,39.4247],[24.2497,39.4253],[24.2513,39.4249],[24.2528,39.4234],[24.2522,39.4213],[24.2493,39.4185],[24.2493,39.4172],[24.2522,39.4174],[24.2567,39.4153],[24.263,39.411],[24.2676,39.406],[24.2705,39.4003],[24.2688,39.393],[24.2625,39.3841],[24.255,39.378],[24.2465,39.3747],[24.2399,39.3712],[24.2352,39.3676],[24.2302,39.3594],[24.225,39.3465],[24.2211,39.3388],[24.2185,39.3363],[24.2138,39.334],[24.207,39.3318],[24.2013,39.3321],[24.1966,39.3349],[24.1943,39.3341],[24.1944,39.3298],[24.1922,39.3271],[24.1877,39.326],[24.1775,39.3166],[24.1615,39.299],[24.1535,39.2872],[24.1536,39.2813],[24.1416,39.2714],[24.1176,39.2575],[24.1015,39.2461],[24.0932,39.2372],[24.0892,39.231],[24.0893,39.2273],[24.0943,39.219],[24.104,39.206],[24.109,39.1972],[24.1091,39.1925],[24.107,39.1872],[24.1025,39.1815],[24.1048,39.175],[24.1141,39.1677],[24.1179,39.1602],[24.1162,39.1523],[24.1164,39.1445],[24.1185,39.1367],[24.1233,39.1309],[24.131,39.1271],[24.1388,39.1185],[24.1466,39.1051],[24.1493,39.0943],[24.147,39.0859],[24.1474,39.0735],[24.1507,39.0568],[24.1456,39.0397],[24.1322,39.0223],[24.1247,39.0156],[24.1232,39.0197],[24.1167,39.0197],[24.1052,39.0156],[24.0927,39.0131],[24.0792,39.012],[24.0717,39.011],[24.0704,39.0103],[24.0699,39.0074],[24.0701,39.0025],[24.1159,39],[24.207,39],[24.2539,39.002],[24.2565,39.0059],[24.2594,39.0084],[24.2625,39.0095],[24.2664,39.0094],[24.2711,39.0083],[24.2792,39.0082],[24.2906,39.0093],[24.299,39.0114],[24.3042,39.0145],[24.3067,39.019],[24.3064,39.0247],[24.3077,39.0344],[24.3106,39.0479],[24.3132,39.0568],[24.3155,39.0609],[24.3213,39.0661],[24.3304,39.0724],[24.3409,39.0813],[24.3529,39.093],[24.3634,39.1011],[24.3724,39.1055],[24.3831,39.1092],[24.3954,39.1118],[24.4038,39.1147],[24.4081,39.1178],[24.4094,39.1237],[24.4077,39.1326],[24.4045,39.1391],[24.3998,39.1433],[24.3906,39.1436],[24.3771,39.1398],[24.3677,39.1383],[24.3625,39.1388],[24.3578,39.1409],[24.3536,39.1446],[24.3523,39.1479],[24.3539,39.1508],[24.3575,39.1534],[24.3631,39.1557],[24.3624,39.1576],[24.3554,39.1591],[24.3516,39.1617],[24.3511,39.1654],[24.3518,39.1695],[24.3537,39.1741],[24.3604,39.1808],[24.3719,39.1896],[24.3781,39.1932],[24.3792,39.1915],[24.381,39.1917],[24.3836,39.1939],[24.3867,39.1948],[24.3903,39.1945],[24.3908,39.1951],[24.3883,39.1966],[24.3883,39.2016],[24.3908,39.2099],[24.391,39.2154],[24.3888,39.218],[24.3882,39.2219],[24.3888,39.2271],[24.386,39.2326],[24.3798,39.2383],[24.3775,39.245],[24.3793,39.2529],[24.3793,39.2575],[24.3775,39.259],[24.3724,39.2592],[24.3641,39.2582],[24.3541,39.2622],[24.3424,39.2711],[24.3358,39.2771],[24.3345,39.2802],[24.3324,39.2826],[24.3296,39.2841],[24.3285,39.2857],[24.329,39.2872],[24.3281,39.288],[24.3258,39.288],[24.3249,39.2893],[24.3253,39.2919],[24.324,39.2937],[24.321,39.2948],[24.3171,39.2989],[24.3123,39.3059],[24.306,39.3125],[24.2983,39.3184],[24.2938,39.3235],[24.2926,39.3276],[24.2931,39.3321],[24.2954,39.3368],[24.2975,39.3508],[24.2995,39.3743],[24.3115,39.3896],[24.3334,39.3967],[24.3459,39.3992],[24.349,39.3974],[24.3497,39.3948],[24.348,39.3917],[24.3476,39.3888],[24.3486,39.3862],[24.3513,39.3832],[24.3556,39.3797],[24.3599,39.3781],[24.364,39.3784],[24.3672,39.3797],[24.3693,39.3818],[24.368,39.3854],[24.3631,39.3906],[24.3605,39.3953],[24.36,39.3995],[24.361,39.4042],[24.3633,39.4094],[24.3673,39.4141],[24.3728,39.4182],[24.3738,39.422],[24.3701,39.4253],[24.3631,39.4282],[24.353,39.4306],[24.3473,39.4331],[24.346,39.4357],[24.3464,39.4396],[24.3485,39.4448],[24.3484,39.4487],[24.3463,39.4513],[24.3442,39.4531],[24.3421,39.4541],[24.3377,39.4538],[24.331,39.4523],[24.3245,39.4552],[24.3182,39.4625],[24.3113,39.4659],[24.3038,39.4654],[24.3004,39.4617],[24.3013,39.455],[24.3006,39.4498],[24.2985,39.4462],[24.2948,39.445],[24.2896,39.4462],[24.2864,39.4522],[24.2854,39.4629],[24.289,39.4724],[24.2974,39.4807],[24.3029,39.4853],[24.3055,39.4862],[24.3128,39.4837],[24.3247,39.4778],[24.3346,39.4745],[24.3425,39.4737],[24.3519,39.4743],[24.3628,39.4763],[24.3703,39.4763],[24.3745,39.4745],[24.3771,39.4719],[24.3781,39.4686],[24.3804,39.4658],[24.3841,39.4637],[24.3874,39.4638],[24.3904,39.4661],[24.3922,39.4663],[24.3929,39.4643],[24.3941,39.4633],[24.3961,39.4631],[24.3961,39.4625],[24.3943,39.4614],[24.3936,39.4601],[24.3941,39.4584],[24.3959,39.458],[24.399,39.4589],[24.4024,39.4576],[24.4063,39.4543],[24.4077,39.4521],[24.4067,39.451],[24.4071,39.4493],[24.409,39.4468],[24.4117,39.4453],[24.4154,39.4446],[24.4208,39.4412],[24.4282,39.4349],[24.4328,39.4289],[24.4347,39.4232],[24.4378,39.418],[24.4421,39.4133],[24.4437,39.4073],[24.4426,39.4],[24.4374,39.3954],[24.4281,39.3933],[24.4219,39.3912],[24.4188,39.3891],[24.4188,39.3858],[24.4219,39.3813],[24.4305,39.3833],[24.4446,39.3915],[24.4552,39.3947],[24.4625,39.3928],[24.4729,39.3851],[24.4864,39.3717],[24.5008,39.3616],[24.5159,39.3549],[24.5263,39.3482],[24.532,39.3415],[24.5383,39.3372],[24.545,39.3351],[24.5572,39.3234],[24.5747,39.3019],[24.586,39.2838],[24.5911,39.2693],[24.5901,39.2567],[24.5832,39.2461],[24.5786,39.2333],[24.5764,39.2184],[24.573,39.2075],[24.5685,39.2008],[24.5554,39.187],[24.5336,39.1661],[24.5263,39.1489],[24.5334,39.1354],[24.5359,39.1275],[24.5338,39.1253],[24.531,39.1251],[24.5273,39.1268],[24.5244,39.1259],[24.5221,39.1222],[24.5207,39.119],[24.52,39.1164],[24.521,39.1146],[24.5235,39.1135],[24.5252,39.1107],[24.5261,39.106],[24.5254,39.1021],[24.523,39.099],[24.5224,39.0953],[24.5236,39.0912],[24.5231,39.0888],[24.5211,39.0883],[24.5242,39.0818],[24.5326,39.0693],[24.5405,39.0518],[24.5479,39.0293],[24.5615,39.0136],[24.5812,39.0045],[24.6933,39.0001],[24.8978,39.0004],[25,39.0005],[25,39.0005],[25,39.0865]],[[24.0534,39.964],[24.0549,39.9663],[24.0574,39.968],[24.0607,39.9688],[24.06,39.9677],[24.0551,39.9644],[24.0526,39.9628],[24.0526,39.9628],[24.0534,39.964]],[[24.7808,39.782],[24.7769,39.7846],[24.7763,39.7874],[24.7793,39.7904],[24.782,39.7917],[24.7847,39.7913],[24.7867,39.7901],[24.788,39.788],[24.7872,39.7854],[24.7843,39.7823],[24.7828,39.7807],[24.7828,39.7807],[24.7808,39.782]],[[24.5321,39.6361],[24.5284,39.6364],[24.5262,39.6377],[24.5254,39.64],[24.5277,39.6411],[24.533,39.6411],[24.5353,39.6398],[24.5343,39.6372],[24.5339,39.6359],[24.5339,39.6359],[24.5321,39.6361]],[[24.6578,39.5969],[24.6537,39.5978],[24.6505,39.6002],[24.6482,39.6039],[24.6467,39.6081],[24.6461,39.6128],[24.6473,39.6165],[24.6501,39.6193],[24.6537,39.6205],[24.6578,39.62],[24.663,39.6171],[24.6692,39.6116],[24.6718,39.6066],[24.6708,39.6021],[24.6677,39.599],[24.6625,39.5973],[24.6599,39.5964],[24.6599,39.5964],[24.6578,39.5969]],[[24.643,39.5729],[24.6403,39.5739],[24.6395,39.576],[24.6406,39.579],[24.6424,39.5799],[24.6451,39.5788],[24.6459,39.5767],[24.6448,39.5738],[24.6443,39.5723],[24.6443,39.5723],[24.643,39.5729]],[[24.4305,39.5328],[24.4279,39.5349],[24.4282,39.537],[24.4313,39.5391],[24.4336,39.5391],[24.4352,39.537],[24.4349,39.5349],[24.4329,39.5328],[24.4318,39.5317],[24.4318,39.5317],[24.4305,39.5328]],[[24.3205,39.5231],[24.3188,39.5247],[24.3173,39.5289],[24.316,39.5357],[24.3197,39.543],[24.3284,39.5508],[24.3325,39.5578],[24.3323,39.5641],[24.3344,39.5683],[24.3389,39.5705],[24.3457,39.5707],[24.3549,39.5691],[24.3579,39.5651],[24.3546,39.5588],[24.3537,39.5538],[24.355,39.5499],[24.3471,39.5416],[24.33,39.5287],[24.3214,39.5223],[24.3214,39.5223],[24.3205,39.5231]],[[24.5323,39.5079],[24.5229,39.5087],[24.5132,39.5116],[24.5033,39.5167],[24.4937,39.5266],[24.4844,39.5411],[24.4774,39.5504],[24.4727,39.5545],[24.4685,39.5568],[24.4648,39.5574],[24.4596,39.5566],[24.4529,39.5543],[24.4453,39.5566],[24.437,39.5633],[24.4318,39.571],[24.4299,39.5796],[24.4251,39.5904],[24.4174,39.6034],[24.4142,39.6131],[24.4155,39.6195],[24.4232,39.6273],[24.4373,39.6365],[24.4459,39.6432],[24.449,39.6475],[24.4562,39.65],[24.4677,39.6508],[24.4761,39.6503],[24.4814,39.6483],[24.4876,39.644],[24.4948,39.6371],[24.5016,39.6332],[24.5079,39.6323],[24.5173,39.6278],[24.5297,39.6198],[24.5408,39.6099],[24.5504,39.5981],[24.5546,39.5779],[24.5531,39.5492],[24.5552,39.5324],[24.5612,39.5274],[24.5672,39.526],[24.5735,39.5281],[24.5777,39.5274],[24.58,39.5241],[24.5797,39.5213],[24.5769,39.5191],[24.5727,39.5192],[24.567,39.5216],[24.5573,39.519],[24.5438,39.5114],[24.537,39.5076],[24.537,39.5076],[24.5323,39.5079]],[[24.4127,39.4709],[24.4098,39.4733],[24.4092,39.475],[24.4109,39.4761],[24.411,39.4779],[24.4097,39.4805],[24.4074,39.481],[24.4043,39.4794],[24.4054,39.4849],[24.4107,39.4974],[24.4153,39.5046],[24.4194,39.5066],[24.4248,39.507],[24.4315,39.5057],[24.4391,39.5107],[24.4474,39.522],[24.4532,39.5279],[24.4563,39.5285],[24.4587,39.5275],[24.4604,39.5248],[24.4619,39.5187],[24.4631,39.5094],[24.4633,39.5015],[24.4624,39.4951],[24.4594,39.4904],[24.4542,39.4875],[24.4461,39.4865],[24.435,39.4875],[24.4257,39.4834],[24.418,39.4743],[24.4141,39.4697],[24.4141,39.4697],[24.4127,39.4709]],[[24.4208,39.4658],[24.4198,39.4681],[24.4205,39.4705],[24.4232,39.4728],[24.4237,39.4716],[24.4222,39.467],[24.4214,39.4646],[24.4214,39.4646],[24.4208,39.4658]],[[24.4539,39.4512],[24.4502,39.4509],[24.4471,39.4519],[24.4445,39.4544],[24.4444,39.4581],[24.4467,39.4628],[24.4495,39.4663],[24.453,39.4686],[24.4562,39.4691],[24.4594,39.4678],[24.4618,39.4645],[24.4636,39.4594],[24.4623,39.4554],[24.4579,39.4527],[24.4557,39.4513],[24.4557,39.4513],[24.4539,39.4512]],[[24.4946,39.4315],[24.4909,39.4312],[24.4849,39.433],[24.4766,39.4371],[24.4723,39.4414],[24.472,39.4461],[24.4748,39.4492],[24.4809,39.4509],[24.4862,39.4559],[24.4909,39.4643],[24.4982,39.468],[24.5081,39.4671],[24.5135,39.466],[24.5144,39.4647],[24.5133,39.4591],[24.5104,39.4491],[24.5058,39.441],[24.4995,39.4348],[24.4964,39.4317],[24.4964,39.4317],[24.4946,39.4315]],[[24.6921,39.3903],[24.6879,39.393],[24.6858,39.3959],[24.6858,39.399],[24.687,39.4014],[24.6891,39.4032],[24.6919,39.4039],[24.6956,39.4034],[24.6983,39.402],[24.7001,39.3996],[24.7007,39.3969],[24.7001,39.3938],[24.6984,39.3914],[24.6957,39.3898],[24.6943,39.389],[24.6943,39.389],[24.6921,39.3903]],[[24.2227,39.165],[24.2109,39.1679],[24.2038,39.1706],[24.2013,39.1732],[24.2003,39.1761],[24.2007,39.1792],[24.2042,39.1828],[24.2108,39.187],[24.2175,39.1894],[24.2242,39.1901],[24.23,39.1867],[24.2346,39.1792],[24.2349,39.1725],[24.2307,39.1666],[24.2286,39.1636],[24.2286,39.1636],[24.2227,39.165]],[[24.2989,39.1645],[24.2959,39.1655],[24.2934,39.1689],[24.2916,39.1747],[24.2912,39.1839],[24.2923,39.1963],[24.294,39.2055],[24.2963,39.2112],[24.3021,39.2176],[24.3114,39.2245],[24.3195,39.2282],[24.3263,39.2285],[24.3336,39.2274],[24.3414,39.2249],[24.3469,39.2202],[24.3502,39.2133],[24.351,39.2068],[24.3493,39.2005],[24.3435,39.1938],[24.3336,39.1865],[24.3242,39.181],[24.3153,39.1774],[24.3083,39.1727],[24.3031,39.1669],[24.3005,39.164],[24.3005,39.164],[24.2989,39.1645]],[[24.2354,39.0943],[24.2303,39.097],[24.2278,39.1],[24.2281,39.1031],[24.2294,39.1058],[24.2317,39.1079],[24.2355,39.1073],[24.2407,39.1042],[24.2435,39.1011],[24.2436,39.098],[24.2422,39.0955],[24.2394,39.0938],[24.238,39.0929],[24.238,39.0929],[24.2354,39.0943]],[[24.1255,39.007],[24.1255,39.0087],[24.1255,39.0087],[24.1255,39.007],[24.1255,39.0061],[24.1255,39.0061],[24.1255,39.007]]]]}},{"type":"Feature","properties":{"depth":300,"kind":"isobath"},"geometry":{"type":"MultiLineString","coordinates":[[[24.051,39.9984],[24.051,39.9984],[24.051,39.9984],[24.0518,39.9987],[24.0533,39.9992],[24.0541,39.9995]],[[24.964,39.9984],[24.964,39.9984]],[[24.8082,39.9068],[24.8079,39.9084],[24.8074,39.9114],[24.8045,39.9148],[24.7994,39.9185],[24.797,39.9217],[24.7973,39.9244],[24.8044,39.9241],[24.8185,39.9206],[24.8284,39.9215],[24.8343,39.927],[24.8299,39.9332],[24.8152,39.9402],[24.807,39.9454],[24.8055,39.9489],[24.8019,39.9522],[24.7961,39.9553],[24.7923,39.9589],[24.7902,39.963],[24.7938,39.9637],[24.8031,39.961],[24.8094,39.9561],[24.8125,39.9492],[24.817,39.9447],[24.8227,39.9426],[24.8289,39.942],[24.8357,39.9431],[24.8505,39.9477],[24.8734,39.9558],[24.8896,39.9636],[24.8989,39.9712],[24.9081,39.9769],[24.9169,39.9809],[24.9229,39.9855],[24.9259,39.9906],[24.9311,39.9937],[24.9385,39.9947],[24.9432,39.9963],[24.9453,39.9984],[24.9057,39.9995],[24.8246,39.9995],[24.7853,39.9985],[24.788,39.9964],[24.7896,39.9938],[24.7901,39.9907],[24.7894,39.9862],[24.7873,39.9805],[24.7834,39.9737],[24.7776,39.9659],[24.7773,39.9584],[24.7826,39.9511],[24.7894,39.944],[24.7979,39.9373],[24.8007,39.9332],[24.7978,39.9318],[24.7924,39.9321],[24.7844,39.9339],[24.7761,39.9386],[24.7674,39.9462],[24.7622,39.9488],[24.7606,39.9465],[24.7616,39.9425],[24.7651,39.9368],[24.7634,39.9323],[24.7565,39.9292],[24.7587,39.9268],[24.77,39.9253],[24.7838,39.9201],[24.8001,39.9112],[24.8082,39.9068]],[[24.4517,39.6474],[24.4514,39.6479],[24.4508,39.6488],[24.4508,39.6488],[24.4514,39.6479],[24.4517,39.6474]],[[24.7389,39.5891],[24.739,39.5898],[24.7391,39.5911],[24.7382,39.5911],[24.7364,39.5898],[24.7363,39.5891],[24.7381,39.5891],[24.7389,39.5891]],[[24.6969,39.5016],[24.6996,39.505],[24.7051,39.5117],[24.7096,39.516],[24.7133,39.5179],[24.72,39.519],[24.73,39.5191],[24.7396,39.5167],[24.7489,39.512],[24.755,39.511],[24.7578,39.5137],[24.7573,39.5174],[24.7535,39.5221],[24.7474,39.5234],[24.7391,39.5215],[24.7274,39.5238],[24.7124,39.5306],[24.6994,39.5339],[24.6883,39.5339],[24.6794,39.5287],[24.6726,39.5182],[24.6761,39.5101],[24.69,39.5045],[24.6969,39.5016]],[[24.3938,39.388],[24.3932,39.388],[24.3922,39.388],[24.3922,39.388],[24.3932,39.388],[24.3938,39.388]],[[24.4248,39.363],[24.4247,39.365],[24.4246,39.3689],[24.4246,39.3689],[24.4247,39.365],[24.4248,39.363]],[[24.001,39.3474],[24.0009,39.348],[24.0006,39.3491],[24.0006,39.3491],[24.0009,39.348],[24.001,39.3474]],[[24.494,39.3036],[24.4968,39.3065],[24.5023,39.3122],[24.5034,39.3192],[24.5001,39.3273],[24.4935,39.3337],[24.4836,39.3382],[24.4742,39.3391],[24.4654,39.3363],[24.4613,39.333],[24.4618,39.3293],[24.4664,39.3224],[24.4753,39.3125],[24.4833,39.3065],[24.4904,39.3046],[24.494,39.3036]],[[24.1362,39.287],[24.1371,39.2875],[24.1388,39.2886],[24.1383,39.2923],[24.1354,39.2987],[24.1321,39.3029],[24.1284,39.305],[24.1252,39.3044],[24.1223,39.3011],[24.121,39.2982],[24.1212,39.2956],[24.1226,39.2929],[24.1253,39.2901],[24.129,39.2883],[24.1338,39.2874],[24.1362,39.287]],[[24.4078,39.2422],[24.4086,39.2432],[24.4101,39.2454],[24.4058,39.2477],[24.3955,39.2503],[24.3924,39.2493],[24.3963,39.2445],[24.4007,39.2422],[24.4054,39.2422],[24.4078,39.2422]],[[24.9745,39.3418],[24.9695,39.3431],[24.9596,39.3456],[24.949,39.3468],[24.9375,39.3467],[24.9224,39.3497],[24.9037,39.356],[24.8878,39.3578],[24.8747,39.3551],[24.8604,39.356],[24.8448,39.3605],[24.8289,39.3619],[24.8128,39.3604],[24.8018,39.3604],[24.7961,39.3619],[24.788,39.3649],[24.7776,39.3693],[24.771,39.3738],[24.7681,39.3784],[24.7689,39.3838],[24.7732,39.3901],[24.776,39.3956],[24.7772,39.4003],[24.7781,39.4055],[24.7786,39.4112],[24.7777,39.4158],[24.7756,39.4191],[24.7662,39.4232],[24.7495,39.4282],[24.7357,39.4338],[24.7248,39.4401],[24.7168,39.4456],[24.7117,39.4503],[24.7093,39.4565],[24.7093,39.4643],[24.708,39.4698],[24.7053,39.4729],[24.702,39.4748],[24.6983,39.4756],[24.6928,39.4746],[24.6855,39.472],[24.6789,39.4713],[24.6732,39.4724],[24.6638,39.4754],[24.6508,39.4803],[24.6432,39.4852],[24.6409,39.4898],[24.6389,39.5018],[24.6374,39.5211],[24.6379,39.5349],[24.6404,39.5432],[24.6466,39.5526],[24.6566,39.563],[24.6661,39.5696],[24.6752,39.5724],[24.6836,39.5737],[24.6914,39.5736],[24.6973,39.5748],[24.7014,39.5773],[24.7046,39.5817],[24.707,39.588],[24.7055,39.5929],[24.7002,39.5966],[24.6978,39.5997],[24.6983,39.6023],[24.7017,39.606],[24.7078,39.6107],[24.7153,39.6206],[24.7239,39.6357],[24.7346,39.6472],[24.7473,39.6551],[24.7575,39.6632],[24.7654,39.6714],[24.7689,39.6779],[24.7681,39.6826],[24.7647,39.6875],[24.7586,39.6927],[24.7549,39.6969],[24.7536,39.7],[24.7562,39.706],[24.7626,39.7149],[24.7662,39.7237],[24.7668,39.7325],[24.7756,39.739],[24.7925,39.7432],[24.8015,39.7461],[24.8027,39.7476],[24.8028,39.7536],[24.8017,39.7641],[24.8064,39.7713],[24.8171,39.7752],[24.8237,39.7786],[24.8262,39.7814],[24.8257,39.7894],[24.8221,39.8025],[24.8091,39.8154],[24.7867,39.8279],[24.7753,39.8358],[24.7747,39.8392],[24.7711,39.8457],[24.7642,39.8552],[24.7576,39.8625],[24.7511,39.8677],[24.7482,39.8732],[24.7489,39.8789],[24.7485,39.8836],[24.747,39.8873],[24.7429,39.8922],[24.736,39.8985],[24.7284,39.9025],[24.7202,39.9044],[24.7157,39.908],[24.715,39.9134],[24.7158,39.9161],[24.7181,39.916],[24.7191,39.9168],[24.7186,39.9185],[24.7165,39.9195],[24.7128,39.9199],[24.7083,39.9187],[24.7031,39.9158],[24.6992,39.9146],[24.6966,39.9151],[24.6948,39.914],[24.6937,39.9114],[24.6917,39.9114],[24.6886,39.914],[24.6839,39.9153],[24.6776,39.9152],[24.6677,39.9175],[24.6542,39.9222],[24.6474,39.9261],[24.6475,39.9292],[24.6467,39.931],[24.645,39.9315],[24.6443,39.9336],[24.6448,39.9373],[24.6474,39.9414],[24.6522,39.9461],[24.6558,39.9518],[24.6584,39.9586],[24.661,39.9635],[24.6637,39.9665],[24.6695,39.9675],[24.6784,39.9665],[24.6852,39.9687],[24.6899,39.974],[24.6946,39.9772],[24.6995,39.9781],[24.7019,39.9786]],[[24.0734,39.9849],[24.0713,39.9823],[24.0672,39.9772],[24.0617,39.9727],[24.055,39.9689],[24.0464,39.9652],[24.0359,39.9615],[24.027,39.9561],[24.0196,39.9489],[24.0159,39.9453]],[[24.0077,39.3609],[24.0074,39.363],[24.0067,39.3672],[24.0128,39.3767],[24.0255,39.3914],[24.0354,39.4012],[24.0427,39.4062],[24.0534,39.416],[24.0674,39.4307],[24.0881,39.4495],[24.1154,39.4724],[24.1286,39.4855],[24.1276,39.4885],[24.1277,39.4927],[24.1288,39.4979],[24.1368,39.512],[24.1517,39.5349],[24.1633,39.5507],[24.1714,39.5593],[24.1776,39.5645],[24.1818,39.5663],[24.1888,39.5662],[24.1987,39.5644],[24.2081,39.5647],[24.2169,39.5674],[24.2235,39.5683],[24.2276,39.5676],[24.2367,39.5715],[24.2508,39.5802],[24.2591,39.5846],[24.2617,39.585],[24.2656,39.5788],[24.2707,39.5662],[24.2733,39.5537],[24.2734,39.5412],[24.2746,39.5313],[24.277,39.524],[24.2772,39.5169],[24.2754,39.5102],[24.2759,39.5039],[24.2789,39.4982],[24.2763,39.495],[24.2682,39.4943],[24.2623,39.4922],[24.2586,39.4887],[24.2554,39.4867],[24.2527,39.4862],[24.2524,39.4831],[24.2547,39.4774],[24.2551,39.4729],[24.2535,39.4698],[24.252,39.4683],[24.2503,39.4684],[24.2491,39.4668],[24.2482,39.4636],[24.2486,39.4591],[24.2503,39.4534],[24.2484,39.4484],[24.243,39.4443],[24.2408,39.4391],[24.2418,39.4328],[24.2436,39.4296],[24.2461,39.4292],[24.2474,39.4279],[24.2474,39.4255],[24.2482,39.4247],[24.2497,39.4253],[24.2513,39.4249],[24.2528,39.4234],[24.2522,39.4213],[24.2493,39.4185],[24.2493,39.4172],[24.2522,39.4174],[24.2567,39.4153],[24.263,39.411],[24.2676,39.406],[24.2705,39.4003],[24.2688,39.393],[24.2625,39.3841],[24.255,39.378],[24.2465,39.3747],[24.2399,39.3712],[24.2352,39.3676],[24.2302,39.3594],[24.225,39.3465],[24.2211,39.3388],[24.2185,39.3363],[24.2138,39.334],[24.207,39.3318],[24.2013,39.3321],[24.1966,39.3349],[24.1943,39.3341],[24.1944,39.3298],[24.1922,39.3271],[24.1877,39.326],[24.1775,39.3166],[24.1615,39.299],[24.1535,39.2872],[24.1536,39.2813],[24.1416,39.2714],[24.1176,39.2575],[24.1015,39.2461],[24.0932,39.2372],[24.0892,39.231],[24.0893,39.2273],[24.0943,39.219],[24.104,39.206],[24.109,39.1972],[24.1091,39.1925],[24.107,39.1872],[24.1025,39.1815],[24.1048,39.175],[24.1141,39.1677],[24.1179,39.1602],[24.1162,39.1523],[24.1164,39.1445],[24.1185,39.1367],[24.1233,39.1309],[24.131,39.1271],[24.1388,39.1185],[24.1466,39.1051],[24.1493,39.0943],[24.147,39.0859],[24.1474,39.0735],[24.1507,39.0568],[24.1456,39.0397],[24.1322,39.0223],[24.1247,39.0156],[24.1232,39.0197],[24.1167,39.0197],[24.1052,39.0156],[24.0927,39.0131],[24.0792,39.012],[24.0717,39.011],[24.0704,39.0103],[24.0697,39.0099]],[[24.2578,39.0078],[24.2594,39.0084],[24.2625,39.0095],[24.2664,39.0094],[24.2711,39.0083],[24.2792,39.0082],[24.2906,39.0093],[24.299,39.0114],[24.3042,39.0145],[24.3067,39.019],[24.3064,39.0247],[24.3077,39.0344],[24.3106,39.0479],[24.3132,39.0568],[24.3155,39.0609],[24.3213,39.0661],[24.3304,39.0724],[24.3409,39.0813],[24.3529,39.093],[24.3634,39.1011],[24.3724,39.1055],[24.3831,39.1092],[24.3954,39.1118],[24.4038,39.1147],[24.4081,39.1178],[24.4094,39.1237],[24.4077,39.1326],[24.4045,39.1391],[24.3998,39.1433],[24.3906,39.1436],[24.3771,39.1398],[24.3677,39.1383],[24.3625,39.1388],[24.3578,39.1409],[24.3536,39.1446],[24.3523,39.1479],[24.3539,39.1508],[24.3575,39.1534],[24.3631,39.1557],[24.3624,39.1576],[24.3554,39.1591],[24.3516,39.1617],[24.3511,39.1654],[24.3518,39.1695],[24.3537,39.1741],[24.3604,39.1808],[24.3719,39.1896],[24.3781,39.1932],[24.3792,39.1915],[24.381,39.1917],[24.3836,39.1939],[24.3867,39.1948],[24.3903,39.1945],[24.3908,39.1951],[24.3883,39.1966],[24.3883,39.2016],[24.3908,39.2099],[24.391,39.2154],[24.3888,39.218],[24.3882,39.2219],[24.3888,39.2271],[24.386,39.2326],[24.3798,39.2383],[24.3775,39.245],[24.3793,39.2529],[24.3793,39.2575],[24.3775,39.259],[24.3724,39.2592],[24.3641,39.2582],[24.3541,39.2622],[24.3424,39.2711],[24.3358,39.2771],[24.3345,39.2802],[24.3324,39.2826],[24.3296,39.2841],[24.3285,39.2857],[24.329,39.2872],[24.3281,39.288],[24.3258,39.288],[24.3249,39.2893],[24.3253,39.2919],[24.324,39.2937],[24.321,39.2948],[24.3171,39.2989],[24.3123,39.3059],[24.306,39.3125],[24.2983,39.3184],[24.2938,39.3235],[24.2926,39.3276],[24.2931,39.3321],[24.2954,39.3368],[24.2975,39.3508],[24.2995,39.3743],[24.3115,39.3896],[24.3334,39.3967],[24.3459,39.3992],[24.349,39.3974],[24.3497,39.3948],[24.348,39.3917],[24.3476,39.3888],[24.3486,39.3862],[24.3513,39.3832],[24.3556,39.3797],[24.3599,39.3781],[24.364,39.3784],[24.3672,39.3797],[24.3693,39.3818],[24.368,39.3854],[24.3631,39.3906],[24.3605,39.3953],[24.36,39.3995],[24.361,39.4042],[24.3633,39.4094],[24.3673,39.4141],[24.3728,39.4182],[24.3738,39.422],[24.3701,39.4253],[24.3631,39.4282],[24.353,39.4306],[24.3473,39.4331],[24.346,39.4357],[24.3464,39.4396],[24.3485,39.4448],[24.3484,39.4487],[24.3463,39.4513],[24.3442,39.4531],[24.3421,39.4541],[24.3377,39.4538],[24.331,39.4523],[24.3245,39.4552],[24.3182,39.4625],[24.3113,39.4659],[24.3038,39.4654],[24.3004,39.4617],[24.3013,39.455],[24.3006,39.4498],[24.2985,39.4462],[24.2948,39.445],[24.2896,39.4462],[24.2864,39.4522],[24.2854,39.4629],[24.289,39.4724],[24.2974,39.4807],[24.3029,39.4853],[24.3055,39.4862],[24.3128,39.4837],[24.3247,39.4778],[24.3346,39.4745],[24.3425,39.4737],[24.3519,39.4743],[24.3628,39.4763],[24.3703,39.4763],[24.3745,39.4745],[24.3771,39.4719],[24.3781,39.4686],[24.3804,39.4658],[24.3841,39.4637],[24.3874,39.4638],[24.3904,39.4661],[24.3922,39.4663],[24.3929,39.4643],[24.3941,39.4633],[24.3961,39.4631],[24.3961,39.4625],[24.3943,39.4614],[24.3936,39.4601],[24.3941,39.4584],[24.3959,39.458],[24.399,39.4589],[24.4024,39.4576],[24.4063,39.4543],[24.4077,39.4521],[24.4067,39.451],[24.4071,39.4493],[24.409,39.4468],[24.4117,39.4453],[24.4154,39.4446],[24.4208,39.4412],[24.4282,39.4349],[24.4328,39.4289],[24.4347,39.4232],[24.4378,39.418],[24.4421,39.4133],[24.4437,39.4073],[24.4426,39.4],[24.4374,39.3954],[24.4281,39.3933],[24.4219,39.3912],[24.4188,39.3891],[24.4188,39.3858],[24.4219,39.3813],[24.4305,39.3833],[24.4446,39.3915],[24.4552,39.3947],[24.4625,39.3928],[24.4729,39.3851],[24.4864,39.3717],[24.5008,39.3616],[24.5159,39.3549],[24.5263,39.3482],[24.532,39.3415],[24.5383,39.3372],[24.545,39.3351],[24.5572,39.3234],[24.5747,39.3019],[24.586,39.2838],[24.5911,39.2693],[24.5901,39.2567],[24.5832,39.2461],[24.5786,39.2333],[24.5764,39.2184],[24.573,39.2075],[24.5685,39.2008],[24.5554,39.187],[24.5336,39.1661],[24.5263,39.1489],[24.5334,39.1354],[24.5359,39.1275],[24.5338,39.1253],[24.531,39.1251],[24.5273,39.1268],[24.5244,39.1259],[24.5221,39.1222],[24.5207,39.119],[24.52,39.1164],[24.521,39.1146],[24.5235,39.1135],[24.5252,39.1107],[24.5261,39.106],[24.5254,39.1021],[24.523,39.099],[24.5224,39.0953],[24.5236,39.0912],[24.5231,39.0888],[24.5211,39.0883],[24.5242,39.0818],[24.5326,39.0693],[24.5405,39.0518],[24.5479,39.0293],[24.5516,39.0181]],[[24.0526,39.9628],[24.0534,39.964],[24.0549,39.9663],[24.0574,39.968],[24.0607,39.9688],[24.06,39.9677],[24.0551,39.9644],[24.0526,39.9628]],[[24.7828,39.7807],[24.7808,39.782],[24.7769,39.7846],[24.7763,39.7874],[24.7793,39.7904],[24.782,39.7917],[24.7847,39.7913],[24.7867,39.7901],[24.788,39.788],[24.7872,39.7854],[24.7843,39.7823],[24.7828,39.7807]],[[24.5339,39.6359],[24.5321,39.6361],[24.5284,39.6364],[24.5262,39.6377],[24.5254,39.64],[24.5277,39.6411],[24.533,39.6411],[24.5353,39.6398],[24.5343,39.6372],[24.5339,39.6359]],[[24.6599,39.5964],[24.6578,39.5969],[24.6537,39.5978],[24.6505,39.6002],[24.6482,39.6039],[24.6467,39.6081],[24.6461,39.6128],[24.6473,39.6165],[24.6501,39.6193],[24.6537,39.6205],[24.6578,39.62],[24.663,39.6171],[24.6692,39.6116],[24.6718,39.6066],[24.6708,39.6021],[24.6677,39.599],[24.6625,39.5973],[24.6599,39.5964]],[[24.6443,39.5723],[24.643,39.5729],[24.6403,39.5739],[24.6395,39.576],[24.6406,39.579],[24.6424,39.5799],[24.6451,39.5788],[24.6459,39.5767],[24.6448,39.5738],[24.6443,39.5723]],[[24.4318,39.5317],[24.4305,39.5328],[24.4279,39.5349],[24.4282,39.537],[24.4313,39.5391],[24.4336,39.5391],[24.4352,39.537],[24.4349,39.5349],[24.4329,39.5328],[24.4318,39.5317]],[[24.3214,39.5223],[24.3205,39.5231],[24.3188,39.5247],[24.3173,39.5289],[24.316,39.5357],[24.3197,39.543],[24.3284,39.5508],[24.3325,39.5578],[24.3323,39.5641],[24.3344,39.5683],[24.3389,39.5705],[24.3457,39.5707],[24.3549,39.5691],[24.3579,39.5651],[24.3546,39.5588],[24.3537,39.5538],[24.355,39.5499],[24.3471,39.5416],[24.33,39.5287],[24.3214,39.5223]],[[24.537,39.5076],[24.5323,39.5079],[24.5229,39.5087],[24.5132,39.5116],[24.5033,39.5167],[24.4937,39.5266],[24.4844,39.5411],[24.4774,39.5504],[24.4727,39.5545],[24.4685,39.5568],[24.4648,39.5574],[24.4596,39.5566],[24.4529,39.5543],[24.4453,39.5566],[24.437,39.5633],[24.4318,39.571],[24.4299,39.5796],[24.4251,39.5904],[24.4174,39.6034],[24.4142,39.6131],[24.4155,39.6195],[24.4232,39.6273],[24.4373,39.6365],[24.4459,39.6432],[24.449,39.6475],[24.4562,39.65],[24.4677,39.6508],[24.4761,39.6503],[24.4814,39.6483],[24.4876,39.644],[24.4948,39.6371],[24.5016,39.6332],[24.5079,39.6323],[24.5173,39.6278],[24.5297,39.6198],[24.5408,39.6099],[24.5504,39.5981],[24.5546,39.5779],[24.5531,39.5492],[24.5552,39.5324],[24.5612,39.5274],[24.5672,39.526],[24.5735,39.5281],[24.5777,39.5274],[24.58,39.5241],[24.5797,39.5213],[24.5769,39.5191],[24.5727,39.5192],[24.567,39.5216],[24.5573,39.519],[24.5438,39.5114],[24.537,39.5076]],[[24.4141,39.4697],[24.4127,39.4709],[24.4098,39.4733],[24.4092,39.475],[24.4109,39.4761],[24.411,39.4779],[24.4097,39.4805],[24.4074,39.481],[24.4043,39.4794],[24.4054,39.4849],[24.4107,39.4974],[24.4153,39.5046],[24.4194,39.5066],[24.4248,39.507],[24.4315,39.5057],[24.4391,39.5107],[24.4474,39.522],[24.4532,39.5279],[24.4563,39.5285],[24.4587,39.5275],[24.4604,39.5248],[24.4619,39.5187],[24.4631,39.5094],[24.4633,39.5015],[24.4624,39.4951],[24.4594,39.4904],[24.4542,39.4875],[24.4461,39.4865],[24.435,39.4875],[24.4257,39.4834],[24.418,39.4743],[24.4141,39.4697]],[[24.4214,39.4646],[24.4208,39.4658],[24.4198,39.4681],[24.4205,39.4705],[24.4232,39.4728],[24.4237,39.4716],[24.4222,39.467],[24.4214,39.4646]],[[24.4557,39.4513],[24.4539,39.4512],[24.4502,39.4509],[24.4471,39.4519],[24.4445,39.4544],[24.4444,39.4581],[24.4467,39.4628],[24.4495,39.4663],[24.453,39.4686],[24.4562,39.4691],[24.4594,39.4678],[24.4618,39.4645],[24.4636,39.4594],[24.4623,39.4554],[24.4579,39.4527],[24.4557,39.4513]],[[24.4964,39.4317],[24.4946,39.4315],[24.4909,39.4312],[24.4849,39.433],[24.4766,39.4371],[24.4723,39.4414],[24.472,39.4461],[24.4748,39.4492],[24.4809,39.4509],[24.4862,39.4559],[24.4909,39.4643],[24.4982,39.468],[24.5081,39.4671],[24.5135,39.466],[24.5144,39.4647],[24.5133,39.4591],[24.5104,39.4491],[24.5058,39.441],[24.4995,39.4348],[24.4964,39.4317]],[[24.6943,39.389],[24.6921,39.3903],[24.6879,39.393],[24.6858,39.3959],[24.6858,39.399],[24.687,39.4014],[24.6891,39.4032],[24.6919,39.4039],[24.6956,39.4034],[24.6983,39.402],[24.7001,39.3996],[24.7007,39.3969],[24.7001,39.3938],[24.6984,39.3914],[24.6957,39.3898],[24.6943,39.389]],[[24.2286,39.1636],[24.2227,39.165],[24.2109,39.1679],[24.2038,39.1706],[24.2013,39.1732],[24.2003,39.1761],[24.2007,39.1792],[24.2042,39.1828],[24.2108,39.187],[24.2175,39.1894],[24.2242,39.1901],[24.23,39.1867],[24.2346,39.1792],[24.2349,39.1725],[24.2307,39.1666],[24.2286,39.1636]],[[24.3005,39.164],[24.2989,39.1645],[24.2959,39.1655],[24.2934,39.1689],[24.2916,39.1747],[24.2912,39.1839],[24.2923,39.1963],[24.294,39.2055],[24.2963,39.2112],[24.3021,39.2176],[24.3114,39.2245],[24.3195,39.2282],[24.3263,39.2285],[24.3336,39.2274],[24.3414,39.2249],[24.3469,39.2202],[24.3502,39.2133],[24.351,39.2068],[24.3493,39.2005],[24.3435,39.1938],[24.3336,39.1865],[24.3242,39.181],[24.3153,39.1774],[24.3083,39.1727],[24.3031,39.1669],[24.3005,39.164]],[[24.238,39.0929],[24.2354,39.0943],[24.2303,39.097],[24.2278,39.1],[24.2281,39.1031],[24.2294,39.1058],[24.2317,39.1079],[24.2355,39.1073],[24.2407,39.1042],[24.2435,39.1011],[24.2436,39.098],[24.2422,39.0955],[24.2394,39.0938],[24.238,39.0929]],[[24.1255,39.0061],[24.1255,39.007],[24.1255,39.0087],[24.1255,39.0087],[24.1255,39.007],[24.1255,39.0061]]]}},{"type":"Feature","properties":{"depth":500,"kind":"band"},"geometry":{"type":"MultiPolygon","coordinates":[[[[24.0196,39.4031],[24.0569,39.4395],[24.0757,39.4609],[24.076,39.4672],[24.0826,39.4723],[24.0953,39.4763],[24.1022,39.4815],[24.1035,39.4879],[24.101,39.4927],[24.095,39.4958],[24.0913,39.5008],[24.0899,39.5075],[24.0942,39.5167],[24.104,39.5284],[24.1128,39.5361],[24.1206,39.54],[24.1247,39.5383],[24.1249,39.5312],[24.1265,39.5275],[24.1293,39.5272],[24.1411,39.5375],[24.162,39.5585],[24.1848,39.5721],[24.2095,39.5786],[24.236,39.5918],[24.2644,39.6119],[24.2846,39.6233],[24.2966,39.626],[24.3137,39.6345],[24.3358,39.6486],[24.3584,39.6577],[24.3816,39.6616],[24.4052,39.6728],[24.4291,39.6916],[24.4493,39.7118],[24.4659,39.7335],[24.4843,39.7529],[24.5047,39.77],[24.5225,39.7942],[24.5377,39.8254],[24.5471,39.8402],[24.5508,39.8387],[24.555,39.8411],[24.5597,39.8475],[24.5675,39.8513],[24.5784,39.8525],[24.592,39.8574],[24.6081,39.866],[24.6166,39.8729],[24.6173,39.8781],[24.6208,39.8833],[24.627,39.8885],[24.6294,39.9044],[24.6281,39.931],[24.6333,39.9521],[24.6451,39.9677],[24.6625,39.9815],[24.6855,39.9935],[24.5552,39.9996],[24.2715,39.9999],[24.1196,39.9951],[24.0992,39.9853],[24.0823,39.9742],[24.0688,39.9619],[24.0578,39.9539],[24.0495,39.9502],[24.0432,39.9492],[24.0391,39.9509],[24.034,39.9499],[24.0281,39.9462],[24.0255,39.9428],[24.0262,39.9399],[24.0211,39.9367],[24.0102,39.9332],[24.0035,39.9298],[24.0012,39.9263],[24.0003,39.7896],[24.0008,39.5198],[24.001,39.3849],[24.001,39.3849],[24.0196,39.4031]]],[[[24.2695,39.355],[24.2671,39.3555],[24.2671,39.3555],[24.2695,39.355],[24.2707,39.3547],[24.2707,39.3547],[24.2695,39.355]]],[[[24.2492,39.3292],[24.2494,39.3386],[24.2494,39.3386],[24.2492,39.3292],[24.2491,39.3245],[24.2491,39.3245],[24.2492,39.3292]]],[[[24.9929,39.004],[24.9945,39.0111],[24.9929,39.0171],[24.9879,39.022],[24.9775,39.0266],[24.9617,39.0307],[24.9528,39.0365],[24.9511,39.0438],[24.9526,39.0521],[24.9572,39.0614],[24.9697,39.0755],[24.9899,39.0942],[24.9999,39.1527],[24.9996,39.251],[24.9878,39.2982],[24.9643,39.2943],[24.9456,39.2947],[24.9315,39.2994],[24.9177,39.3019],[24.9042,39.3021],[24.8925,39.2993],[24.8826,39.2935],[24.874,39.2908],[24.8667,39.2912],[24.8605,39.2932],[24.8554,39.2967],[24.8553,39.3018],[24.86,39.3086],[24.8618,39.3175],[24.8607,39.3284],[24.857,39.3345],[24.8506,39.3357],[24.8414,39.3274],[24.8294,39.3097],[24.8143,39.2991],[24.7961,39.2956],[24.774,39.2883],[24.7479,39.277],[24.7214,39.2717],[24.6943,39.2726],[24.6763,39.2711],[24.6674,39.2673],[24.6596,39.2573],[24.6526,39.241],[24.6485,39.2216],[24.6471,39.1994],[24.6441,39.1837],[24.6394,39.1748],[24.6253,39.1708],[24.6018,39.1718],[24.5833,39.1679],[24.5698,39.1591],[24.56,39.1321],[24.5542,39.0868],[24.5549,39.0581],[24.5623,39.0461],[24.5714,39.037],[24.5823,39.0307],[24.5922,39.0207],[24.6012,39.0069],[24.7023,39.0001],[24.8955,39.0004],[24.9921,39.0005],[24.9921,39.0005],[24.9929,39.004]]]]}},{"type":"Feature","properties":{"depth":500,"kind":"isobath"},"geometry":{"type":"MultiLineString","coordinates":[[[24.0891,39.9804],[24.0823,39.9742],[24.0688,39.9619],[24.0578,39.9539],[24.0495,39.9502],[24.0432,39.9492],[24.0391,39.9509],[24.034,39.9499],[24.0281,39.9462],[24.0255,39.9428],[24.0262,39.9399],[24.0211,39.9367],[24.0102,39.9332],[24.0047,39.9315]],[[24.001,39.3849],[24.001,39.3849],[24.001,39.3849],[24.0196,39.4031],[24.0569,39.4395],[24.0757,39.4609],[24.076,39.4672],[24.0826,39.4723],[24.0953,39.4763],[24.1022,39.4815],[24.1035,39.4879],[24.101,39.4927],[24.095,39.4958],[24.0913,39.5008],[24.0899,39.5075],[24.0942,39.5167],[24.104,39.5284],[24.1128,39.5361],[24.1206,39.54],[24.1247,39.5383],[24.1249,39.5312],[24.1265,39.5275],[24.1293,39.5272],[24.1411,39.5375],[24.162,39.5585],[24.1848,39.5721],[24.2095,39.5786],[24.236,39.5918],[24.2644,39.6119],[24.2846,39.6233],[24.2966,39.626],[24.3137,39.6345],[24.3358,39.6486],[24.3584,39.6577],[24.3816,39.6616],[24.4052,39.6728],[24.4291,39.6916],[24.4493,39.7118],[24.4659,39.7335],[24.4843,39.7529],[24.5047,39.77],[24.5225,39.7942],[24.5377,39.8254],[24.5471,39.8402],[24.5508,39.8387],[24.555,39.8411],[24.5597,39.8475],[24.5675,39.8513],[24.5784,39.8525],[24.592,39.8574],[24.6081,39.866],[24.6166,39.8729],[24.6173,39.8781],[24.6208,39.8833],[24.627,39.8885],[24.6294,39.9044],[24.6281,39.931],[24.6333,39.9521],[24.6451,39.9677],[24.6625,39.9815],[24.6855,39.9935],[24.697,39.9995]],[[24.2707,39.3547],[24.2695,39.355],[24.2671,39.3555],[24.2671,39.3555],[24.2695,39.355],[24.2707,39.3547]],[[24.2491,39.3245],[24.2492,39.3292],[24.2494,39.3386],[24.2494,39.3386],[24.2492,39.3292],[24.2491,39.3245]],[[24.9995,39.3001],[24.9878,39.2982],[24.9643,39.2943],[24.9456,39.2947],[24.9315,39.2994],[24.9177,39.3019],[24.9042,39.3021],[24.8925,39.2993],[24.8826,39.2935],[24.874,39.2908],[24.8667,39.2912],[24.8605,39.2932],[24.8554,39.2967],[24.8553,39.3018],[24.86,39.3086],[24.8618,39.3175],[24.8607,39.3284],[24.857,39.3345],[24.8506,39.3357],[24.8414,39.3274],[24.8294,39.3097],[24.8143,39.2991],[24.7961,39.2956],[24.774,39.2883],[24.7479,39.277],[24.7214,39.2717],[24.6943,39.2726],[24.6763,39.2711],[24.6674,39.2673],[24.6596,39.2573],[24.6526,39.241],[24.6485,39.2216],[24.6471,39.1994],[24.6441,39.1837],[24.6394,39.1748],[24.6253,39.1708],[24.6018,39.1718],[24.5833,39.1679],[24.5698,39.1591],[24.56,39.1321],[24.5542,39.0868],[24.5549,39.0581],[24.5623,39.0461],[24.5714,39.037],[24.5823,39.0307],[24.5877,39.0276]],[[24.9921,39.0005],[24.9921,39.0005],[24.9921,39.0005],[24.9929,39.004],[24.9945,39.0111],[24.9929,39.0171],[24.9879,39.022],[24.9775,39.0266],[24.9617,39.0307],[24.9528,39.0365],[24.9511,39.0438],[24.9526,39.0521],[24.9572,39.0614],[24.9596,39.0661]]]}},{"type":"Feature","properties":{"depth":750,"kind":"band"},"geometry":{"type":"MultiPolygon","coordinates":[[[[24.569,39.894],[24.5833,39.8997],[24.5929,39.907],[24.5975,39.9159],[24.5988,39.9234],[24.5965,39.9296],[24.5875,39.9271],[24.5719,39.9159],[24.5622,39.906],[24.5583,39.8975],[24.5578,39.8927],[24.5605,39.8916],[24.5618,39.8911],[24.5618,39.8911],[24.569,39.894]]],[[[24.0158,39.4299],[24.0305,39.443],[24.0383,39.4552],[24.0392,39.4667],[24.0492,39.4839],[24.0684,39.5067],[24.0844,39.5291],[24.0972,39.551],[24.1208,39.565],[24.1552,39.5713],[24.187,39.5807],[24.2161,39.5932],[24.2505,39.6125],[24.2901,39.6386],[24.3169,39.6587],[24.3309,39.6727],[24.351,39.686],[24.3771,39.6985],[24.3975,39.7131],[24.4123,39.7297],[24.4258,39.7415],[24.4382,39.7484],[24.4534,39.7624],[24.4714,39.7837],[24.4825,39.8011],[24.4866,39.8146],[24.4963,39.8347],[24.5116,39.8612],[24.5194,39.8823],[24.5199,39.8979],[24.5215,39.9081],[24.5244,39.9128],[24.5237,39.9146],[24.5194,39.9137],[24.5151,39.9163],[24.511,39.9225],[24.4992,39.9232],[24.4797,39.9185],[24.4685,39.9087],[24.4655,39.894],[24.4451,39.8755],[24.407,39.8533],[24.3841,39.8442],[24.3763,39.8481],[24.3654,39.8478],[24.3513,39.8433],[24.3414,39.8421],[24.3358,39.8442],[24.3334,39.8478],[24.3344,39.8529],[24.3386,39.8586],[24.3461,39.865],[24.3596,39.8742],[24.3793,39.8861],[24.3915,39.8962],[24.3964,39.9047],[24.4025,39.9099],[24.4098,39.912],[24.4131,39.9172],[24.4124,39.9255],[24.4194,39.9376],[24.4338,39.9533],[24.4523,39.9613],[24.4747,39.9616],[24.489,39.9591],[24.4953,39.954],[24.5127,39.9486],[24.5414,39.9431],[24.563,39.9437],[24.5776,39.9505],[24.587,39.9534],[24.5911,39.9523],[24.594,39.9538],[24.5957,39.9579],[24.6105,39.9699],[24.6386,39.99],[24.5393,40],[24.3128,40],[24.1795,39.9947],[24.1394,39.984],[24.1131,39.9727],[24.1005,39.961],[24.0912,39.9544],[24.0849,39.9529],[24.0784,39.948],[24.0716,39.9397],[24.0633,39.9343],[24.0534,39.932],[24.0448,39.9273],[24.0375,39.9202],[24.0256,39.9134],[24.0089,39.9068],[24.0004,39.7843],[24.0001,39.5458],[24.0021,39.4258],[24.0063,39.4242],[24.0084,39.4234],[24.0084,39.4234],[24.0158,39.4299]],[[24.245,39.7244],[24.2382,39.7286],[24.2424,39.7367],[24.2575,39.7486],[24.2759,39.7552],[24.2977,39.7563],[24.3049,39.7533],[24.2979,39.7463],[24.2828,39.7377],[24.2599,39.7274],[24.2484,39.7223],[24.2484,39.7223],[24.245,39.7244]]],[[[24.8533,39.2203],[24.8528,39.2223],[24.8528,39.2223],[24.8533,39.2203],[24.8535,39.2193],[24.8535,39.2193],[24.8533,39.2203]]],[[[24.8913,39.1244],[24.8912,39.1266],[24.8912,39.1266],[24.8913,39.1244],[24.8913,39.1234],[24.8913,39.1234],[24.8913,39.1244]]],[[[24.9126,39.0078],[24.9075,39.0224],[24.9097,39.0331],[24.9191,39.0398],[24.9251,39.0482],[24.9274,39.0584],[24.9249,39.0657],[24.9174,39.0702],[24.9166,39.0734],[24.9226,39.0753],[24.9264,39.0782],[24.9281,39.082],[24.9171,39.0883],[24.8934,39.0972],[24.8761,39.1071],[24.8652,39.1179],[24.8704,39.1241],[24.8919,39.1255],[24.9058,39.1239],[24.9124,39.1195],[24.9136,39.1151],[24.9097,39.111],[24.909,39.1061],[24.9117,39.1006],[24.9242,39.0987],[24.9466,39.1007],[24.9684,39.1066],[24.9894,39.1165],[24.9999,39.16],[24.9996,39.2372],[24.9879,39.2721],[24.9646,39.2646],[24.9529,39.2598],[24.9527,39.2576],[24.9574,39.255],[24.9671,39.252],[24.9718,39.2484],[24.9715,39.2442],[24.9513,39.2401],[24.9112,39.2361],[24.8724,39.2263],[24.8348,39.2108],[24.7945,39.1991],[24.7513,39.1913],[24.7248,39.181],[24.7148,39.1681],[24.7088,39.1517],[24.7068,39.1316],[24.6987,39.1197],[24.6846,39.1161],[24.6732,39.1156],[24.6643,39.1183],[24.6625,39.1164],[24.6676,39.11],[24.666,39.1039],[24.6575,39.0982],[24.6537,39.0901],[24.6544,39.0796],[24.6506,39.0744],[24.6425,39.0745],[24.6313,39.0783],[24.617,39.0858],[24.6097,39.0881],[24.6091,39.085],[24.6068,39.0835],[24.6026,39.0833],[24.5966,39.0865],[24.5888,39.0929],[24.5822,39.0938],[24.5767,39.0893],[24.5742,39.0787],[24.5746,39.062],[24.5815,39.05],[24.5945,39.0427],[24.6051,39.0295],[24.6132,39.0104],[24.6187,39.0028],[24.6218,39.0069],[24.6228,39.0113],[24.6219,39.0161],[24.6269,39.0139],[24.6377,39.0046],[24.7112,39.0001],[24.8472,39.0004],[24.9152,39.0005],[24.9152,39.0005],[24.9126,39.0078]],[[24.9318,39.101],[24.9277,39.1014],[24.9277,39.1014],[24.9318,39.101],[24.9339,39.1008],[24.9339,39.1008],[24.9318,39.101]],[[24.7711,39.0735],[24.7581,39.0779],[24.7517,39.0831],[24.752,39.0892],[24.7592,39.0924],[24.7736,39.0928],[24.7874,39.091],[24.8007,39.0869],[24.7999,39.0815],[24.785,39.0747],[24.7776,39.0713],[24.7776,39.0713],[24.7711,39.0735]],[[24.8802,39.0347],[24.8751,39.039],[24.8772,39.0422],[24.8865,39.0445],[24.8903,39.044],[24.8886,39.0407],[24.8889,39.0388],[24.8912,39.0383],[24.89,39.0366],[24.8852,39.034],[24.8828,39.0326],[24.8828,39.0326],[24.8802,39.0347]]]]}},{"type":"Feature","properties":{"depth":750,"kind":"isobath"},"geometry":{"type":"MultiLineString","coordinates":[[[24.5618,39.8911],[24.569,39.894],[24.5833,39.8997],[24.5929,39.907],[24.5975,39.9159],[24.5988,39.9234],[24.5965,39.9296],[24.5875,39.9271],[24.5719,39.9159],[24.5622,39.906],[24.5583,39.8975],[24.5578,39.8927],[24.5605,39.8916],[24.5618,39.8911]],[[24.1193,39.9786],[24.1131,39.9727],[24.1005,39.961],[24.0912,39.9544],[24.0849,39.9529],[24.0784,39.948],[24.0716,39.9397],[24.0633,39.9343],[24.0534,39.932],[24.0448,39.9273],[24.0375,39.9202],[24.0256,39.9134],[24.0089,39.9068],[24.0005,39.9035]],[[24.0084,39.4234],[24.0084,39.4234],[24.0084,39.4234],[24.0158,39.4299],[24.0305,39.443],[24.0383,39.4552],[24.0392,39.4667],[24.0492,39.4839],[24.0684,39.5067],[24.0844,39.5291],[24.0972,39.551],[24.1208,39.565],[24.1552,39.5713],[24.187,39.5807],[24.2161,39.5932],[24.2505,39.6125],[24.2901,39.6386],[24.3169,39.6587],[24.3309,39.6727],[24.351,39.686],[24.3771,39.6985],[24.3975,39.7131],[24.4123,39.7297],[24.4258,39.7415],[24.4382,39.7484],[24.4534,39.7624],[24.4714,39.7837],[24.4825,39.8011],[24.4866,39.8146],[24.4963,39.8347],[24.5116,39.8612],[24.5194,39.8823],[24.5199,39.8979],[24.5215,39.9081],[24.5244,39.9128],[24.5237,39.9146],[24.5194,39.9137],[24.5151,39.9163],[24.511,39.9225],[24.4992,39.9232],[24.4797,39.9185],[24.4685,39.9087],[24.4655,39.894],[24.4451,39.8755],[24.407,39.8533],[24.3841,39.8442],[24.3763,39.8481],[24.3654,39.8478],[24.3513,39.8433],[24.3414,39.8421],[24.3358,39.8442],[24.3334,39.8478],[24.3344,39.8529],[24.3386,39.8586],[24.3461,39.865],[24.3596,39.8742],[24.3793,39.8861],[24.3915,39.8962],[24.3964,39.9047],[24.4025,39.9099],[24.4098,39.912],[24.4131,39.9172],[24.4124,39.9255],[24.4194,39.9376],[24.4338,39.9533],[24.4523,39.9613],[24.4747,39.9616],[24.489,39.9591],[24.4953,39.954],[24.5127,39.9486],[24.5414,39.9431],[24.563,39.9437],[24.5776,39.9505],[24.587,39.9534],[24.5911,39.9523],[24.594,39.9538],[24.5957,39.9579],[24.5965,39.9599]],[[24.2484,39.7223],[24.245,39.7244],[24.2382,39.7286],[24.2424,39.7367],[24.2575,39.7486],[24.2759,39.7552],[24.2977,39.7563],[24.3049,39.7533],[24.2979,39.7463],[24.2828,39.7377],[24.2599,39.7274],[24.2484,39.7223]],[[24.8535,39.2193],[24.8533,39.2203],[24.8528,39.2223],[24.8528,39.2223],[24.8533,39.2203],[24.8535,39.2193]],[[24.8913,39.1234],[24.8913,39.1244],[24.8912,39.1266],[24.8912,39.1266],[24.8913,39.1244],[24.8913,39.1234]],[[24.9995,39.2758],[24.9879,39.2721],[24.9646,39.2646],[24.9529,39.2598],[24.9527,39.2576],[24.9574,39.255],[24.9671,39.252],[24.9718,39.2484],[24.9715,39.2442],[24.9513,39.2401],[24.9112,39.2361],[24.8724,39.2263],[24.8348,39.2108],[24.7945,39.1991],[24.7513,39.1913],[24.7248,39.181],[24.7148,39.1681],[24.7088,39.1517],[24.7068,39.1316],[24.6987,39.1197],[24.6846,39.1161],[24.6732,39.1156],[24.6643,39.1183],[24.6625,39.1164],[24.6676,39.11],[24.666,39.1039],[24.6575,39.0982],[24.6537,39.0901],[24.6544,39.0796],[24.6506,39.0744],[24.6425,39.0745],[24.6313,39.0783],[24.617,39.0858],[24.6097,39.0881],[24.6091,39.085],[24.6068,39.0835],[24.6026,39.0833],[24.5966,39.0865],[24.5888,39.0929],[24.5822,39.0938],[24.5767,39.0893],[24.5742,39.0787],[24.5746,39.062],[24.5815,39.05],[24.5945,39.0427],[24.6051,39.0295],[24.6132,39.0104],[24.6187,39.0028],[24.6218,39.0069],[24.6228,39.0113],[24.6219,39.0161],[24.6214,39.0185]],[[24.9152,39.0005],[24.9152,39.0005],[24.9152,39.0005],[24.9126,39.0078],[24.9075,39.0224],[24.9097,39.0331],[24.9191,39.0398],[24.9251,39.0482],[24.9274,39.0584],[24.9249,39.0657],[24.9174,39.0702],[24.9166,39.0734],[24.9226,39.0753],[24.9264,39.0782],[24.9281,39.082],[24.9171,39.0883],[24.8934,39.0972],[24.8761,39.1071],[24.8652,39.1179],[24.8704,39.1241],[24.8919,39.1255],[24.9058,39.1239],[24.9124,39.1195],[24.9136,39.1151],[24.9097,39.111],[24.909,39.1061],[24.9117,39.1006],[24.9242,39.0987],[24.9466,39.1007],[24.9578,39.1016]],[[24.9339,39.1008],[24.9318,39.101],[24.9277,39.1014],[24.9277,39.1014],[24.9318,39.101],[24.9339,39.1008]],[[24.7776,39.0713],[24.7711,39.0735],[24.7581,39.0779],[24.7517,39.0831],[24.752,39.0892],[24.7592,39.0924],[24.7736,39.0928],[24.7874,39.091],[24.8007,39.0869],[24.7999,39.0815],[24.785,39.0747],[24.7776,39.0713]],[[24.8828,39.0326],[24.8802,39.0347],[24.8751,39.039],[24.8772,39.0422],[24.8865,39.0445],[24.8903,39.044],[24.8886,39.0407],[24.8889,39.0388],[24.8912,39.0383],[24.89,39.0366],[24.8852,39.034],[24.8828,39.0326]]]}},{"type":"Feature","properties":{"depth":1000,"kind":"band"},"geometry":{"type":"MultiPolygon","coordinates":[[[[24.0071,39.4615],[24.0197,39.4834],[24.0247,39.5058],[24.0218,39.5287],[24.0247,39.5491],[24.0336,39.567],[24.0469,39.5798],[24.0646,39.5873],[24.0837,39.5927],[24.1044,39.5958],[24.1195,39.6016],[24.1291,39.6101],[24.1347,39.6172],[24.1362,39.623],[24.1438,39.6207],[24.1573,39.6102],[24.1691,39.6049],[24.179,39.6049],[24.1857,39.6033],[24.1893,39.6002],[24.1981,39.6039],[24.2122,39.6146],[24.225,39.621],[24.2365,39.6233],[24.2542,39.6312],[24.2781,39.6447],[24.3126,39.6726],[24.3575,39.7148],[24.3961,39.7474],[24.4282,39.7703],[24.4522,39.7927],[24.4679,39.8145],[24.4787,39.8352],[24.4846,39.8545],[24.4849,39.8676],[24.4794,39.8746],[24.4707,39.8764],[24.4589,39.8731],[24.4451,39.8643],[24.4293,39.8502],[24.4058,39.836],[24.3745,39.8219],[24.3526,39.8094],[24.3402,39.7984],[24.3287,39.791],[24.3182,39.7869],[24.3122,39.7823],[24.3107,39.7771],[24.3157,39.7735],[24.3274,39.7714],[24.3302,39.7643],[24.3241,39.7524],[24.3131,39.7386],[24.2971,39.723],[24.2797,39.7105],[24.2608,39.7011],[24.242,39.682],[24.2234,39.6532],[24.2094,39.6412],[24.2,39.6459],[24.1842,39.6475],[24.1621,39.6461],[24.1598,39.6622],[24.1775,39.6961],[24.1833,39.7125],[24.1772,39.7114],[24.1734,39.7135],[24.1718,39.7188],[24.1683,39.7217],[24.163,39.7222],[24.1607,39.7254],[24.1616,39.7313],[24.1685,39.7383],[24.1815,39.7465],[24.1884,39.7539],[24.1893,39.7607],[24.1922,39.7654],[24.1973,39.768],[24.1945,39.7726],[24.1839,39.7793],[24.1803,39.7834],[24.1838,39.7851],[24.1848,39.7871],[24.1835,39.7896],[24.1813,39.7896],[24.1782,39.7871],[24.174,39.7894],[24.1687,39.7965],[24.1612,39.8012],[24.1514,39.8035],[24.1493,39.8067],[24.155,39.8106],[24.1813,39.818],[24.2282,39.8288],[24.2612,39.8423],[24.2805,39.8586],[24.311,39.8757],[24.3527,39.8936],[24.3771,39.9078],[24.3842,39.9182],[24.3899,39.9302],[24.3942,39.9437],[24.3961,39.9549],[24.3954,39.9638],[24.3969,39.9709],[24.4007,39.9764],[24.4063,39.9799],[24.4136,39.9814],[24.4183,39.9842],[24.4204,39.9883],[24.4276,39.989],[24.4402,39.9864],[24.4555,39.9888],[24.4737,39.9963],[24.4339,40],[24.3359,40],[24.2854,39.9961],[24.2823,39.9882],[24.27,39.9786],[24.2487,39.9671],[24.2279,39.9589],[24.2075,39.954],[24.1904,39.9525],[24.1763,39.9545],[24.1623,39.954],[24.1482,39.9511],[24.1233,39.9371],[24.0876,39.912],[24.0523,39.893],[24.0174,39.8799],[24,39.8601],[24,39.8336],[24.008,39.8221],[24.0239,39.8258],[24.0407,39.8322],[24.0584,39.8412],[24.0691,39.8504],[24.0729,39.8595],[24.0779,39.8652],[24.0839,39.8673],[24.0928,39.8636],[24.1044,39.8542],[24.1068,39.842],[24.0998,39.8269],[24.1021,39.8192],[24.1136,39.8189],[24.125,39.8153],[24.1364,39.8082],[24.132,39.8027],[24.1117,39.7986],[24.0834,39.7831],[24.0469,39.756],[24.0218,39.7404],[24.0081,39.7361],[24.004,39.7295],[24.0096,39.7205],[24.0093,39.7127],[24.0031,39.706],[24.0002,39.6396],[24.0005,39.5135],[24.0007,39.4505],[24.0007,39.4505],[24.0071,39.4615]],[[24.1457,39.8091],[24.1443,39.811],[24.1453,39.8128],[24.1488,39.8144],[24.1495,39.8134],[24.1474,39.8099],[24.1464,39.8081],[24.1464,39.8081],[24.1457,39.8091]]],[[[24.7091,39.0023],[24.7115,39.006],[24.7118,39.0124],[24.7099,39.0216],[24.7026,39.0281],[24.6902,39.0319],[24.6748,39.0396],[24.6565,39.0513],[24.6412,39.0579],[24.6287,39.0596],[24.6203,39.0592],[24.616,39.0569],[24.6161,39.0505],[24.6206,39.0401],[24.632,39.0281],[24.6503,39.0146],[24.6638,39.0059],[24.6723,39.002],[24.6844,39.0001],[24.7001,39.0004],[24.7079,39.0005],[24.7079,39.0005],[24.7091,39.0023]]],[[[24.8117,39.002],[24.8042,39.0049],[24.7973,39.0052],[24.7908,39.0028],[24.7946,39.0013],[24.8085,39.0008],[24.8154,39.0005],[24.8154,39.0005],[24.8117,39.002]]]]}},{"type":"Feature","properties":{"depth":1000,"kind":"isobath"},"geometry":{"type":"MultiLineString","coordinates":[[[24.2807,39.9843],[24.27,39.9786],[24.2487,39.9671],[24.2279,39.9589],[24.2075,39.954],[24.1904,39.9525],[24.1763,39.9545],[24.1623,39.954],[24.1482,39.9511],[24.1233,39.9371],[24.0876,39.912],[24.0697,39.8995]],[[24.0318,39.8276],[24.0407,39.8322],[24.0584,39.8412],[24.0691,39.8504],[24.0729,39.8595],[24.0779,39.8652],[24.0839,39.8673],[24.0928,39.8636],[24.1044,39.8542],[24.1068,39.842],[24.0998,39.8269],[24.1021,39.8192],[24.1136,39.8189],[24.125,39.8153],[24.1364,39.8082],[24.132,39.8027],[24.1117,39.7986],[24.0834,39.7831],[24.0469,39.756],[24.0218,39.7404],[24.0081,39.7361],[24.004,39.7295],[24.0096,39.7205],[24.0124,39.7161]],[[24.0007,39.4505],[24.0007,39.4505],[24.0007,39.4505],[24.0071,39.4615],[24.0197,39.4834],[24.0247,39.5058],[24.0218,39.5287],[24.0247,39.5491],[24.0336,39.567],[24.0469,39.5798],[24.0646,39.5873],[24.0837,39.5927],[24.1044,39.5958],[24.1195,39.6016],[24.1291,39.6101],[24.1347,39.6172],[24.1362,39.623],[24.1438,39.6207],[24.1573,39.6102],[24.1691,39.6049],[24.179,39.6049],[24.1857,39.6033],[24.1893,39.6002],[24.1981,39.6039],[24.2122,39.6146],[24.225,39.621],[24.2365,39.6233],[24.2542,39.6312],[24.2781,39.6447],[24.3126,39.6726],[24.3575,39.7148],[24.3961,39.7474],[24.4282,39.7703],[24.4522,39.7927],[24.4679,39.8145],[24.4787,39.8352],[24.4846,39.8545],[24.4849,39.8676],[24.4794,39.8746],[24.4707,39.8764],[24.4589,39.8731],[24.4451,39.8643],[24.4293,39.8502],[24.4058,39.836],[24.3745,39.8219],[24.3526,39.8094],[24.3402,39.7984],[24.3287,39.791],[24.3182,39.7869],[24.3122,39.7823],[24.3107,39.7771],[24.3157,39.7735],[24.3274,39.7714],[24.3302,39.7643],[24.3241,39.7524],[24.3131,39.7386],[24.2971,39.723],[24.2797,39.7105],[24.2608,39.7011],[24.242,39.682],[24.2234,39.6532],[24.2094,39.6412],[24.2,39.6459],[24.1842,39.6475],[24.1621,39.6461],[24.1598,39.6622],[24.1775,39.6961],[24.1833,39.7125],[24.1772,39.7114],[24.1734,39.7135],[24.1718,39.7188],[24.1683,39.7217],[24.163,39.7222],[24.1607,39.7254],[24.1616,39.7313],[24.1685,39.7383],[24.1815,39.7465],[24.1884,39.7539],[24.1893,39.7607],[24.1922,39.7654],[24.1973,39.768],[24.1945,39.7726],[24.1839,39.7793],[24.1803,39.7834],[24.1838,39.7851],[24.1848,39.7871],[24.1835,39.7896],[24.1813,39.7896],[24.1782,39.7871],[24.174,39.7894],[24.1687,39.7965],[24.1612,39.8012],[24.1514,39.8035],[24.1493,39.8067],[24.155,39.8106],[24.1813,39.818],[24.2282,39.8288],[24.2612,39.8423],[24.2805,39.8586],[24.311,39.8757],[24.3527,39.8936],[24.3771,39.9078],[24.3842,39.9182],[24.3899,39.9302],[24.3942,39.9437],[24.3961,39.9549],[24.3954,39.9638],[24.3969,39.9709],[24.4007,39.9764],[24.4063,39.9799],[24.4136,39.9814],[24.4183,39.9842],[24.4204,39.9883],[24.4276,39.989],[24.4402,39.9864],[24.4464,39.9851]],[[24.1464,39.8081],[24.1457,39.8091],[24.1443,39.811],[24.1453,39.8128],[24.1488,39.8144],[24.1495,39.8134],[24.1474,39.8099],[24.1464,39.8081]],[[24.7079,39.0005],[24.7079,39.0005],[24.7079,39.0005],[24.7091,39.0023],[24.7115,39.006],[24.7118,39.0124],[24.7099,39.0216],[24.7026,39.0281],[24.6902,39.0319],[24.6748,39.0396],[24.6565,39.0513],[24.6412,39.0579],[24.6287,39.0596],[24.6203,39.0592],[24.616,39.0569],[24.6161,39.0505],[24.6206,39.0401],[24.632,39.0281],[24.6503,39.0146],[24.6595,39.0078]],[[24.8154,39.0005],[24.8117,39.002],[24.8042,39.0049],[24.7973,39.0052],[24.7908,39.0028],[24.7946,39.0013],[24.8085,39.0008],[24.8154,39.0005]]]}}]}