{"type":"FeatureCollection","features":[{"type":"Feature","properties":{"depth":5,"kind":"band"},"geometry":{"type":"MultiPolygon","coordinates":[[[[25.188,36.9766],[25.188,36.9773],[25.1873,36.9766],[25.188,36.9766]]],[[[25.0248,36.9755],[25.0241,36.9755],[25.0245,36.9751],[25.0248,36.9755]]],[[[25.1839,36.9745],[25.1839,36.9751],[25.1832,36.9745],[25.1839,36.9745]]],[[[25.0059,36.9703],[25.0078,36.9714],[25.0102,36.9714],[25.012,36.9724],[25.0141,36.9725],[25.0161,36.9747],[25.0161,36.9766],[25.0172,36.9776],[25.0218,36.9776],[25.0214,36.9786],[25.0203,36.9782],[25.0193,36.9786],[25.0151,36.9839],[25.0151,36.9849],[25.0161,36.9859],[25.0182,36.9859],[25.0193,36.9849],[25.0193,36.9859],[25.0203,36.987],[25.0214,36.987],[25.0224,36.988],[25.0236,36.987],[25.0234,36.988],[25.0224,36.9891],[25.0224,36.9922],[25.0202,36.9943],[25.0192,36.9995],[25.0182,37],[25.0005,37],[25,36.9995],[25,36.9703],[25.0005,36.9698],[25.0059,36.9703]]],[[[25.5578,36.9682],[25.5578,36.9689],[25.5571,36.9682],[25.5578,36.9682]]],[[[25.5573,36.962],[25.5568,36.9624],[25.5563,36.962],[25.5568,36.9612],[25.5573,36.962]]],[[[25.5526,36.9589],[25.5526,36.9596],[25.5519,36.9589],[25.5526,36.9589]]],[[[25.0255,36.9578],[25.0255,36.9586],[25.0247,36.9578],[25.0255,36.9578]]],[[[25.5474,36.9547],[25.5474,36.9555],[25.5466,36.9547],[25.5474,36.9547]]],[[[25.4849,36.9339],[25.4849,36.9346],[25.4839,36.9345],[25.4839,36.9339],[25.4849,36.9339]]],[[[25.6057,36.8839],[25.6057,36.8857],[25.6057,36.8849],[25.6044,36.8839],[25.6057,36.8839]]],[[[25.9034,36.8797],[25.9026,36.8804],[25.9026,36.8797],[25.9034,36.8797]]],[[[25.6849,36.8786],[25.6859,36.8797],[25.6865,36.8818],[25.6839,36.8839],[25.6839,36.8847],[25.6818,36.8824],[25.6839,36.8797],[25.6839,36.8786],[25.6849,36.8786]]],[[[25.6682,36.8755],[25.6682,36.8776],[25.6664,36.8755],[25.6682,36.8755]]],[[[25.5419,36.8516],[25.5411,36.8534],[25.5394,36.8516],[25.5411,36.8509],[25.5419,36.8516]]],[[[25.6774,36.8391],[25.6766,36.8401],[25.6773,36.8411],[25.6742,36.8411],[25.6755,36.8411],[25.6766,36.8401],[25.6758,36.8391],[25.6774,36.8391]]],[[[25.8589,36.8266],[25.8599,36.8276],[25.862,36.828],[25.8624,36.8276],[25.8648,36.8276],[25.8651,36.829],[25.8646,36.8297],[25.863,36.8304],[25.8609,36.8307],[25.8589,36.8328],[25.8557,36.8324],[25.8536,36.8345],[25.8519,36.8339],[25.8526,36.8328],[25.8505,36.8307],[25.8464,36.8305],[25.8456,36.8297],[25.8464,36.8286],[25.8474,36.8286],[25.8488,36.8276],[25.8505,36.8276],[25.8516,36.8286],[25.8557,36.8286],[25.8589,36.8266]]],[[[25.8026,36.812],[25.802,36.812],[25.8026,36.8114],[25.8026,36.812]]],[[[25.7408,36.7891],[25.7401,36.7898],[25.7401,36.7891],[25.7408,36.7891]]],[[[25.2578,36.7443],[25.2599,36.7464],[25.262,36.7464],[25.2609,36.7471],[25.2599,36.7471],[25.2578,36.7453],[25.2578,36.7443]]],[[[25.4013,36.7099],[25.3977,36.7099],[25.3995,36.7092],[25.4013,36.7099]]],[[[25.1816,36.7068],[25.182,36.7078],[25.1807,36.7089],[25.1807,36.7096],[25.1797,36.7089],[25.1786,36.7089],[25.1776,36.7078],[25.1786,36.7068],[25.1816,36.7068]]],[[[25.1568,36.6807],[25.1568,36.6814],[25.1561,36.6807],[25.1568,36.6807]]],[[[25.8328,36.3599],[25.8339,36.3609],[25.8347,36.3609],[25.8339,36.3619],[25.8328,36.3609],[25.8307,36.3615],[25.8307,36.3609],[25.8318,36.3599],[25.8328,36.3599]]],[[[25.4092,36.3484],[25.4089,36.3484],[25.4089,36.3476],[25.4092,36.3484]]],[[[25.8911,36.2672],[25.8901,36.2682],[25.8894,36.2682],[25.8893,36.2672],[25.8911,36.2672]]],[[[26,36.0005],[26,36.8849],[25.9974,36.8849],[25.9964,36.8839],[25.9932,36.8839],[25.9922,36.8828],[25.9922,36.8807],[25.9911,36.8797],[25.9901,36.8807],[25.9891,36.8807],[25.988,36.8797],[25.9859,36.8818],[25.9859,36.8828],[25.984,36.8828],[25.9859,36.8797],[25.9849,36.8787],[25.9839,36.8796],[25.9828,36.8786],[25.9797,36.8786],[25.9786,36.8776],[25.9755,36.8776],[25.9745,36.8766],[25.9734,36.8766],[25.9714,36.8742],[25.9703,36.8734],[25.9693,36.8734],[25.9682,36.8724],[25.9675,36.8714],[25.9672,36.8693],[25.9661,36.8682],[25.9652,36.8682],[25.9652,36.8672],[25.9661,36.8661],[25.9651,36.8651],[25.9641,36.8661],[25.9641,36.8651],[25.963,36.8641],[25.961,36.8641],[25.9599,36.863],[25.9589,36.863],[25.9578,36.862],[25.9588,36.8609],[25.9557,36.8578],[25.9526,36.8578],[25.9527,36.8568],[25.9516,36.8557],[25.9495,36.8557],[25.9474,36.8537],[25.9464,36.8537],[25.9453,36.8547],[25.9453,36.8536],[25.9443,36.8526],[25.9422,36.8526],[25.9411,36.8535],[25.9401,36.8536],[25.9391,36.8526],[25.937,36.8526],[25.937,36.8516],[25.9359,36.8505],[25.9342,36.8505],[25.9339,36.8484],[25.9329,36.8474],[25.9339,36.8464],[25.9307,36.8432],[25.93,36.8432],[25.9289,36.8422],[25.9297,36.8411],[25.9297,36.8401],[25.9276,36.838],[25.9266,36.8389],[25.9255,36.8379],[25.9245,36.8379],[25.9224,36.8359],[25.9214,36.8359],[25.9203,36.8349],[25.9193,36.8349],[25.9182,36.8339],[25.9174,36.8339],[25.9182,36.8339],[25.9193,36.8328],[25.9193,36.8318],[25.9182,36.8307],[25.9172,36.8307],[25.9162,36.8318],[25.9159,36.8328],[25.9133,36.8328],[25.912,36.8316],[25.912,36.8307],[25.911,36.8297],[25.912,36.8286],[25.9109,36.8276],[25.909,36.8276],[25.908,36.8266],[25.9089,36.8255],[25.9089,36.8245],[25.9071,36.8224],[25.9071,36.8203],[25.9078,36.8193],[25.9068,36.8182],[25.9068,36.8161],[25.9036,36.813],[25.9016,36.813],[25.8984,36.8109],[25.8964,36.8109],[25.8953,36.8099],[25.8932,36.8096],[25.8922,36.8086],[25.8922,36.8068],[25.8911,36.8057],[25.8883,36.8057],[25.8891,36.8047],[25.888,36.8035],[25.887,36.8026],[25.8859,36.8036],[25.8849,36.8026],[25.8859,36.8016],[25.8859,36.7995],[25.8839,36.7974],[25.881,36.7974],[25.8818,36.7964],[25.8798,36.7943],[25.8807,36.7932],[25.8797,36.7922],[25.8755,36.7922],[25.8745,36.7911],[25.8734,36.7911],[25.8734,36.7901],[25.8724,36.7891],[25.8715,36.7891],[25.8703,36.788],[25.8693,36.788],[25.8661,36.7859],[25.8651,36.7859],[25.8641,36.7849],[25.863,36.7859],[25.862,36.7849],[25.8599,36.7849],[25.8589,36.7839],[25.8578,36.7839],[25.8568,36.7847],[25.8557,36.7838],[25.8543,36.7859],[25.8516,36.7859],[25.8505,36.7849],[25.8488,36.7849],[25.8474,36.7839],[25.8456,36.7839],[25.8443,36.7828],[25.8394,36.7828],[25.838,36.7807],[25.837,36.7807],[25.8359,36.7797],[25.8349,36.7807],[25.8359,36.7818],[25.8339,36.7839],[25.8318,36.7839],[25.8307,36.7845],[25.8276,36.7844],[25.8276,36.7839],[25.8255,36.7818],[25.8245,36.7828],[25.8224,36.7807],[25.8193,36.7807],[25.8195,36.7797],[25.8182,36.7786],[25.8193,36.7776],[25.8172,36.7755],[25.8161,36.7766],[25.8161,36.7773],[25.8161,36.7766],[25.8102,36.7703],[25.8082,36.7703],[25.807,36.7682],[25.8057,36.768],[25.8036,36.7661],[25.7984,36.766],[25.7964,36.7669],[25.7943,36.7659],[25.7891,36.7661],[25.788,36.7651],[25.7807,36.7651],[25.7797,36.7661],[25.7724,36.7661],[25.7714,36.7672],[25.7703,36.7672],[25.7672,36.7703],[25.7661,36.7703],[25.7641,36.772],[25.7609,36.7703],[25.7578,36.7703],[25.7541,36.7745],[25.7526,36.7745],[25.7495,36.7776],[25.7484,36.7776],[25.7453,36.7807],[25.7452,36.7818],[25.7432,36.7849],[25.7432,36.7859],[25.7443,36.787],[25.7432,36.787],[25.7422,36.7859],[25.7391,36.788],[25.738,36.788],[25.737,36.7891],[25.737,36.7901],[25.738,36.7911],[25.7397,36.7911],[25.7401,36.7923],[25.7401,36.7953],[25.7422,36.7974],[25.7432,36.7974],[25.7443,36.7967],[25.7453,36.7953],[25.7474,36.7953],[25.7484,36.7943],[25.7484,36.7932],[25.7505,36.7953],[25.7536,36.7953],[25.7557,36.7932],[25.7557,36.7911],[25.7578,36.7911],[25.7589,36.7922],[25.7589,36.7932],[25.7609,36.7953],[25.762,36.7943],[25.762,36.7964],[25.763,36.7974],[25.7641,36.7974],[25.7651,36.7964],[25.7651,36.7984],[25.7641,36.7995],[25.7641,36.8005],[25.7661,36.8026],[25.7672,36.8026],[25.7672,36.8047],[25.7661,36.8057],[25.7672,36.8068],[25.7682,36.8057],[25.7703,36.8057],[25.7703,36.8068],[25.7693,36.8078],[25.7714,36.8099],[25.7734,36.8099],[25.7745,36.8089],[25.7776,36.8089],[25.7786,36.8078],[25.7807,36.8078],[25.7807,36.8089],[25.7818,36.8099],[25.7818,36.812],[25.7807,36.813],[25.7807,36.8141],[25.7818,36.8151],[25.7828,36.8141],[25.7839,36.8151],[25.7891,36.8151],[25.7906,36.813],[25.8005,36.813],[25.8016,36.8124],[25.8016,36.813],[25.8026,36.8141],[25.8047,36.8144],[25.8074,36.8161],[25.8089,36.8164],[25.8109,36.816],[25.813,36.8141],[25.812,36.813],[25.813,36.812],[25.8151,36.812],[25.8161,36.813],[25.8168,36.813],[25.8172,36.8139],[25.8193,36.8141],[25.8203,36.813],[25.8193,36.812],[25.8185,36.812],[25.8193,36.812],[25.8203,36.8109],[25.8214,36.8109],[25.8224,36.812],[25.8234,36.8109],[25.8255,36.8109],[25.8266,36.8099],[25.8276,36.8099],[25.8286,36.8089],[25.8307,36.8089],[25.8328,36.8109],[25.8339,36.8109],[25.8359,36.8141],[25.837,36.8141],[25.838,36.8151],[25.8391,36.8141],[25.8391,36.8151],[25.8411,36.8172],[25.8432,36.8151],[25.8432,36.8141],[25.8443,36.813],[25.8443,36.812],[25.8453,36.8116],[25.8453,36.8141],[25.8464,36.8151],[25.8474,36.8151],[25.8484,36.8161],[25.8495,36.8154],[25.8505,36.8161],[25.8516,36.8161],[25.8516,36.8189],[25.8495,36.8203],[25.8495,36.8214],[25.8474,36.8234],[25.8474,36.8245],[25.8453,36.8266],[25.8453,36.8276],[25.8443,36.8286],[25.8443,36.8297],[25.8457,36.8307],[25.8453,36.8328],[25.8445,36.8328],[25.8451,36.8318],[25.8443,36.8314],[25.8436,36.8318],[25.8437,36.8328],[25.8432,36.8332],[25.8391,36.8312],[25.8357,36.8349],[25.838,36.838],[25.837,36.8391],[25.838,36.8401],[25.8391,36.8391],[25.8401,36.8391],[25.8401,36.8411],[25.838,36.8432],[25.8388,36.8443],[25.8391,36.8464],[25.8432,36.8495],[25.8432,36.8505],[25.8443,36.8516],[25.8453,36.8516],[25.8464,36.8526],[25.8536,36.8526],[25.8565,36.8557],[25.8589,36.8562],[25.8594,36.8568],[25.8599,36.8589],[25.8609,36.8599],[25.8651,36.8595],[25.8745,36.8623],[25.8776,36.8625],[25.8786,36.863],[25.8818,36.863],[25.8818,36.8641],[25.8839,36.8661],[25.8943,36.8663],[25.9026,36.8687],[25.9047,36.8681],[25.9068,36.8661],[25.9078,36.8672],[25.9099,36.8674],[25.912,36.8693],[25.913,36.8693],[25.9141,36.8703],[25.9176,36.8703],[25.9203,36.8734],[25.9224,36.8735],[25.9255,36.8747],[25.9319,36.8807],[25.9307,36.8818],[25.9297,36.8818],[25.9286,36.8828],[25.9276,36.8828],[25.9266,36.8839],[25.9224,36.8844],[25.9197,36.8818],[25.9203,36.8807],[25.9193,36.8797],[25.9182,36.8797],[25.9172,36.8786],[25.9164,36.8786],[25.9172,36.8786],[25.9182,36.8776],[25.9172,36.8766],[25.912,36.8766],[25.9109,36.8776],[25.912,36.8786],[25.9127,36.8786],[25.9099,36.8786],[25.9089,36.8794],[25.9078,36.8786],[25.9068,36.8794],[25.9047,36.8794],[25.9047,36.8786],[25.9026,36.8772],[25.9005,36.8797],[25.9016,36.8807],[25.9022,36.8807],[25.8953,36.8807],[25.8984,36.8786],[25.8967,36.8755],[25.8953,36.8745],[25.8891,36.8745],[25.888,36.8755],[25.8879,36.8766],[25.888,36.8776],[25.8891,36.8786],[25.8891,36.8797],[25.888,36.8807],[25.8891,36.8818],[25.8901,36.8807],[25.8922,36.8807],[25.8932,36.8818],[25.8943,36.8818],[25.8932,36.8828],[25.8932,36.8846],[25.8922,36.8844],[25.8911,36.8849],[25.8901,36.8839],[25.8859,36.8838],[25.8849,36.8848],[25.8849,36.8891],[25.8859,36.8901],[25.887,36.8891],[25.8943,36.8891],[25.8953,36.888],[25.9005,36.888],[25.9025,36.8901],[25.9047,36.8903],[25.9141,36.8901],[25.9151,36.8891],[25.9203,36.8891],[25.9214,36.888],[25.9245,36.888],[25.9255,36.887],[25.9266,36.888],[25.9276,36.888],[25.9297,36.8859],[25.9318,36.8859],[25.9339,36.8839],[25.9349,36.8838],[25.9359,36.8828],[25.9362,36.8818],[25.9352,36.8807],[25.937,36.8807],[25.9401,36.8828],[25.9443,36.8828],[25.9453,36.8839],[25.9464,36.8839],[25.9495,36.887],[25.9505,36.887],[25.9547,36.8911],[25.9568,36.8911],[25.9578,36.8922],[25.9599,36.8922],[25.9609,36.8932],[25.962,36.8932],[25.9641,36.8953],[25.9661,36.8953],[25.9672,36.8964],[25.9682,36.8964],[25.9693,36.8974],[25.9682,36.8984],[25.9693,36.8995],[25.9703,36.8984],[25.9714,36.8984],[25.9724,36.8995],[25.9734,36.8995],[25.9745,36.9005],[25.9745,36.9016],[25.9755,36.9026],[25.9765,36.9026],[25.9759,36.9057],[25.9724,36.9057],[25.9714,36.9068],[25.9703,36.9068],[25.9693,36.9057],[25.9682,36.9057],[25.9672,36.9068],[25.9661,36.9068],[25.9672,36.9057],[25.9661,36.9044],[25.9641,36.9044],[25.9626,36.9068],[25.9599,36.9068],[25.9589,36.9078],[25.9557,36.9078],[25.9547,36.9089],[25.9547,36.9109],[25.9557,36.9121],[25.9557,36.913],[25.9568,36.9141],[25.9578,36.9141],[25.9578,36.9161],[25.9599,36.9183],[25.9599,36.9193],[25.9609,36.9203],[25.963,36.9203],[25.9641,36.9214],[25.9693,36.9214],[25.9703,36.9224],[25.9672,36.9255],[25.9672,36.9266],[25.9682,36.9276],[25.9703,36.9277],[25.9734,36.9297],[25.9776,36.9299],[25.9786,36.9307],[25.9859,36.9307],[25.987,36.93],[25.9891,36.9299],[25.9901,36.9304],[25.9911,36.9299],[25.9943,36.9329],[25.9953,36.9328],[25.9967,36.9339],[25.9974,36.9347],[25.9974,36.937],[25.9984,36.938],[26,36.938],[26,36.9995],[25.9995,37],[25.5672,37],[25.5651,36.9958],[25.5651,36.9938],[25.5655,36.9932],[25.5651,36.9911],[25.5641,36.9897],[25.5614,36.9891],[25.5615,36.988],[25.562,36.9876],[25.563,36.988],[25.5641,36.987],[25.5634,36.9859],[25.5641,36.9849],[25.5634,36.9839],[25.5641,36.9839],[25.5651,36.9828],[25.5641,36.9815],[25.5614,36.9828],[25.5609,36.9823],[25.5609,36.9807],[25.5589,36.9786],[25.5599,36.9776],[25.5599,36.9734],[25.5589,36.9724],[25.5589,36.9703],[25.5581,36.9693],[25.5589,36.9693],[25.5599,36.9682],[25.5599,36.9662],[25.5589,36.967],[25.5578,36.9661],[25.5568,36.9672],[25.5568,36.9679],[25.5557,36.9672],[25.5557,36.9661],[25.5568,36.9661],[25.5588,36.9651],[25.5581,36.962],[25.5568,36.9608],[25.5557,36.9616],[25.5547,36.9609],[25.5536,36.962],[25.5536,36.9609],[25.5547,36.9607],[25.5551,36.9599],[25.5547,36.9589],[25.5505,36.9547],[25.5497,36.9547],[25.5474,36.9526],[25.5464,36.9536],[25.5464,36.9544],[25.5453,36.9545],[25.5445,36.9536],[25.5453,36.9536],[25.5464,36.9526],[25.5455,36.9516],[25.5432,36.9504],[25.5411,36.9501],[25.5391,36.9509],[25.538,36.9506],[25.5359,36.9526],[25.5359,36.9557],[25.5349,36.9557],[25.5339,36.9565],[25.5318,36.9547],[25.5291,36.9547],[25.5276,36.9536],[25.5266,36.9547],[25.5266,36.9553],[25.5248,36.9547],[25.5245,36.9536],[25.5234,36.9526],[25.5224,36.9536],[25.5234,36.9547],[25.5242,36.9547],[25.5234,36.9547],[25.5214,36.9564],[25.5203,36.9557],[25.5203,36.9547],[25.5193,36.9536],[25.5203,36.9526],[25.5193,36.9511],[25.5172,36.9501],[25.5141,36.9506],[25.5139,36.9516],[25.513,36.9526],[25.512,36.9534],[25.5109,36.9534],[25.5109,36.9516],[25.512,36.9505],[25.512,36.9498],[25.5127,36.9495],[25.5099,36.9469],[25.5078,36.9464],[25.5068,36.9465],[25.5059,36.9474],[25.5057,36.9495],[25.5047,36.9503],[25.5036,36.9502],[25.5036,36.9495],[25.5047,36.9484],[25.5049,36.9464],[25.4973,36.9422],[25.4943,36.94],[25.4915,36.937],[25.4894,36.9328],[25.4885,36.9297],[25.4874,36.9286],[25.4818,36.9272],[25.4797,36.9275],[25.4786,36.9286],[25.4797,36.9297],[25.4804,36.9297],[25.4766,36.9297],[25.4755,36.9286],[25.4745,36.9297],[25.4755,36.9307],[25.4745,36.9318],[25.4745,36.9328],[25.4734,36.9339],[25.4734,36.9345],[25.4724,36.9352],[25.4714,36.9351],[25.4714,36.9339],[25.4703,36.9328],[25.4693,36.9328],[25.4682,36.9335],[25.4661,36.9318],[25.4655,36.9318],[25.4641,36.9304],[25.4641,36.9286],[25.4609,36.9263],[25.4609,36.9255],[25.462,36.9245],[25.4617,36.9214],[25.4589,36.919],[25.4536,36.9164],[25.4516,36.9141],[25.4484,36.9138],[25.4474,36.9139],[25.4443,36.9155],[25.4359,36.9161],[25.4349,36.9172],[25.4339,36.9172],[25.4318,36.9193],[25.4307,36.9193],[25.4297,36.9203],[25.4297,36.9255],[25.4307,36.9266],[25.4307,36.9276],[25.4297,36.9276],[25.4286,36.9286],[25.4234,36.9287],[25.4224,36.9297],[25.4234,36.9307],[25.4243,36.9307],[25.4224,36.9307],[25.4214,36.9318],[25.4224,36.9328],[25.4224,36.938],[25.4214,36.9391],[25.4224,36.9401],[25.4245,36.9401],[25.4245,36.9429],[25.4234,36.9443],[25.4245,36.9453],[25.4245,36.9474],[25.4252,36.9484],[25.4245,36.9495],[25.4245,36.9526],[25.4255,36.9542],[25.4255,36.9559],[25.425,36.9599],[25.4238,36.9609],[25.4214,36.9654],[25.4187,36.9672],[25.4172,36.9672],[25.4161,36.9678],[25.4151,36.9678],[25.4141,36.9669],[25.413,36.9669],[25.412,36.9686],[25.4099,36.9696],[25.4068,36.9693],[25.4057,36.9707],[25.4026,36.9729],[25.4012,36.9745],[25.3984,36.976],[25.3953,36.9762],[25.3922,36.9755],[25.3911,36.9766],[25.3901,36.9768],[25.3891,36.9755],[25.387,36.9752],[25.3859,36.9745],[25.3849,36.9745],[25.3839,36.9755],[25.3847,36.9786],[25.3832,36.9818],[25.3831,36.9839],[25.3812,36.987],[25.3839,36.9881],[25.388,36.9884],[25.3892,36.9901],[25.3888,36.9922],[25.3863,36.9953],[25.387,36.9964],[25.3865,36.9984],[25.3849,36.9995],[25.3849,37],[25.2266,37],[25.2214,36.9943],[25.2219,36.9932],[25.2214,36.9927],[25.2214,36.9891],[25.2206,36.988],[25.2214,36.988],[25.2224,36.987],[25.2214,36.9858],[25.2203,36.9855],[25.2182,36.987],[25.2193,36.988],[25.22,36.988],[25.2172,36.9911],[25.212,36.992],[25.2099,36.9915],[25.2089,36.9901],[25.2083,36.9901],[25.2057,36.9876],[25.2047,36.987],[25.2032,36.987],[25.2005,36.9845],[25.1984,36.9841],[25.1964,36.9818],[25.1943,36.9828],[25.1932,36.9818],[25.192,36.9818],[25.1922,36.9807],[25.1904,36.9786],[25.1911,36.9786],[25.1922,36.9776],[25.1913,36.9766],[25.1901,36.9763],[25.1891,36.9755],[25.187,36.9734],[25.1849,36.9734],[25.1839,36.9724],[25.1797,36.9723],[25.1776,36.9732],[25.1732,36.9734],[25.1714,36.9755],[25.1724,36.9766],[25.1731,36.9766],[25.1682,36.9766],[25.1672,36.9776],[25.1651,36.9776],[25.1641,36.9766],[25.162,36.9766],[25.1609,36.9776],[25.1609,36.9786],[25.1599,36.9797],[25.1599,36.9806],[25.1584,36.9818],[25.1578,36.9838],[25.1568,36.9848],[25.1557,36.9847],[25.1547,36.9839],[25.1547,36.9828],[25.154,36.9818],[25.1526,36.9807],[25.1516,36.9818],[25.1516,36.9859],[25.1492,36.9859],[25.1474,36.9849],[25.1464,36.9849],[25.1453,36.9839],[25.1432,36.9833],[25.1423,36.9839],[25.1414,36.987],[25.14,36.9891],[25.138,36.9905],[25.1359,36.9901],[25.1349,36.9911],[25.1349,36.9945],[25.1344,36.9953],[25.1318,36.9964],[25.1307,36.9966],[25.1307,36.9953],[25.1297,36.9943],[25.1286,36.9943],[25.1276,36.9932],[25.1255,36.9932],[25.1245,36.9922],[25.1229,36.9932],[25.1209,36.9932],[25.1198,36.9922],[25.1203,36.9911],[25.1193,36.9901],[25.1178,36.9911],[25.1167,36.9932],[25.1161,36.9932],[25.1151,36.9943],[25.1153,36.9984],[25.115,36.9995],[25.1141,37],[25.0776,37],[25.0776,36.9953],[25.075,36.9932],[25.0749,36.9911],[25.0755,36.9901],[25.0755,36.9891],[25.0745,36.9877],[25.0743,36.9849],[25.0755,36.9839],[25.0755,36.9828],[25.0734,36.9807],[25.0714,36.9803],[25.0682,36.9772],[25.0658,36.9766],[25.062,36.972],[25.0612,36.9703],[25.0614,36.9693],[25.0609,36.9684],[25.062,36.9682],[25.063,36.9672],[25.063,36.9661],[25.0641,36.9651],[25.0651,36.9651],[25.0661,36.9641],[25.0661,36.9634],[25.0693,36.9609],[25.0693,36.9599],[25.0682,36.9589],[25.0672,36.9589],[25.0682,36.9578],[25.0682,36.9562],[25.0693,36.9578],[25.0703,36.9578],[25.0724,36.9557],[25.0724,36.9535],[25.0734,36.9536],[25.0745,36.9526],[25.0734,36.9516],[25.0724,36.9523],[25.0724,36.9505],[25.0718,36.9495],[25.0734,36.9495],[25.0745,36.9484],[25.0766,36.9484],[25.0776,36.9474],[25.0776,36.9443],[25.0768,36.9432],[25.0755,36.943],[25.0745,36.944],[25.0734,36.9429],[25.0734,36.9391],[25.0726,36.938],[25.0734,36.938],[25.0745,36.937],[25.0745,36.9359],[25.0734,36.9349],[25.0714,36.9349],[25.0703,36.9359],[25.0714,36.937],[25.0714,36.9377],[25.0703,36.9391],[25.0703,36.9408],[25.0682,36.9422],[25.0682,36.9429],[25.0672,36.9432],[25.0661,36.9422],[25.0651,36.9432],[25.0641,36.9462],[25.062,36.9484],[25.0609,36.9484],[25.0599,36.9495],[25.0599,36.9502],[25.0589,36.9505],[25.0578,36.9495],[25.0557,36.9507],[25.0547,36.9526],[25.0557,36.9536],[25.0547,36.9547],[25.0547,36.9557],[25.0495,36.9554],[25.0495,36.9547],[25.0484,36.9536],[25.0474,36.9547],[25.0484,36.9557],[25.0492,36.9557],[25.0484,36.9557],[25.0474,36.9568],[25.0484,36.9578],[25.0464,36.9609],[25.0464,36.963],[25.0453,36.963],[25.0443,36.9641],[25.0422,36.9641],[25.0411,36.9651],[25.0411,36.9693],[25.0417,36.9703],[25.0401,36.9715],[25.0266,36.9717],[25.0246,36.9703],[25.0294,36.9672],[25.0307,36.9672],[25.0318,36.9661],[25.0339,36.9661],[25.0349,36.9651],[25.0349,36.9641],[25.0341,36.963],[25.0349,36.963],[25.0359,36.962],[25.0349,36.9609],[25.0339,36.9609],[25.0328,36.962],[25.0311,36.962],[25.0318,36.9609],[25.0307,36.9599],[25.0276,36.9599],[25.0286,36.9589],[25.0272,36.9568],[25.027,36.9557],[25.0276,36.9547],[25.0245,36.9525],[25.0234,36.9527],[25.0224,36.9518],[25.0203,36.9517],[25.0193,36.9512],[25.0161,36.9511],[25.0089,36.9513],[25.0078,36.9526],[25.0068,36.9526],[25.0078,36.9516],[25.0071,36.9505],[25.0047,36.9502],[25.0036,36.9505],[25.0026,36.9516],[25.0026,36.9526],[25.0016,36.9536],[25.0016,36.9526],[25,36.9505],[25,36.0005],[25.0005,36],[25.9995,36],[26,36.0005]],[[25.0984,36.9919],[25.0953,36.9953],[25.0974,36.9974],[25.0984,36.9974],[25.1005,36.9953],[25.1005,36.9932],[25.0995,36.9922],[25.0984,36.9919]],[[25.1026,36.987],[25.1016,36.987],[25.1005,36.988],[25.1005,36.9891],[25.1016,36.9901],[25.1026,36.9901],[25.1036,36.9891],[25.1036,36.988],[25.1026,36.987]],[[25.2349,36.987],[25.2339,36.988],[25.2349,36.9891],[25.2349,36.9922],[25.2359,36.9932],[25.237,36.9932],[25.2391,36.9953],[25.24,36.9953],[25.2411,36.9964],[25.2443,36.9964],[25.2456,36.9953],[25.2453,36.9936],[25.2456,36.9901],[25.2453,36.9897],[25.2422,36.988],[25.2401,36.988],[25.238,36.9887],[25.237,36.988],[25.2359,36.988],[25.2349,36.987]],[[25.6339,36.9805],[25.633,36.9807],[25.6319,36.9839],[25.6328,36.9883],[25.6339,36.9893],[25.638,36.9904],[25.6401,36.9904],[25.6422,36.9895],[25.6433,36.988],[25.6435,36.987],[25.6436,36.9849],[25.6426,36.9828],[25.6411,36.9818],[25.6401,36.9823],[25.6391,36.9818],[25.637,36.9821],[25.6339,36.9805]],[[25.1214,36.9648],[25.1161,36.9651],[25.1141,36.9672],[25.1141,36.9682],[25.1151,36.9693],[25.1151,36.9703],[25.1141,36.9703],[25.113,36.9714],[25.112,36.9734],[25.1133,36.9755],[25.113,36.9767],[25.112,36.9761],[25.1099,36.9762],[25.1089,36.9755],[25.1078,36.9755],[25.1068,36.9766],[25.1068,36.9797],[25.1075,36.9807],[25.1068,36.9818],[25.1078,36.9828],[25.1099,36.9828],[25.1109,36.9818],[25.112,36.9818],[25.1141,36.9797],[25.1159,36.9786],[25.1182,36.9786],[25.1193,36.9776],[25.1188,36.9745],[25.1214,36.9745],[25.1234,36.9724],[25.1245,36.9724],[25.1255,36.9734],[25.1271,36.9724],[25.128,36.9703],[25.1272,36.9682],[25.1245,36.9658],[25.1214,36.9648]],[[25.2599,36.9586],[25.2599,36.9592],[25.2604,36.9589],[25.2599,36.9586]],[[25.4109,36.9526],[25.4099,36.9536],[25.412,36.9557],[25.413,36.9557],[25.4141,36.9547],[25.4109,36.9526]],[[25.0776,36.9505],[25.0745,36.9526],[25.0755,36.9536],[25.0766,36.9536],[25.0786,36.9516],[25.0776,36.9505]],[[25.0672,36.9391],[25.0661,36.9401],[25.0661,36.9411],[25.0672,36.9422],[25.0682,36.9411],[25.0682,36.9401],[25.0672,36.9391]],[[25.6099,36.9282],[25.6089,36.9276],[25.6078,36.9276],[25.6068,36.9289],[25.6025,36.9297],[25.6026,36.9286],[25.6016,36.9276],[25.6005,36.9282],[25.5974,36.9279],[25.5964,36.9289],[25.5943,36.9297],[25.5922,36.9318],[25.5922,36.9328],[25.5911,36.9328],[25.5891,36.9349],[25.5891,36.9359],[25.5899,36.937],[25.588,36.9401],[25.5891,36.9411],[25.5901,36.9411],[25.5921,36.9432],[25.5922,36.9453],[25.5942,36.9474],[25.5943,36.9484],[25.6005,36.9526],[25.6026,36.9526],[25.6036,36.952],[25.6047,36.9526],[25.6057,36.9517],[25.6078,36.9536],[25.6141,36.9536],[25.6151,36.9526],[25.6161,36.9526],[25.6203,36.9481],[25.6214,36.9495],[25.6224,36.9495],[25.6234,36.9484],[25.6245,36.9495],[25.6255,36.9485],[25.6266,36.9488],[25.6276,36.9484],[25.6286,36.9464],[25.6286,36.9453],[25.6266,36.9432],[25.6255,36.9443],[25.6241,36.9443],[25.6245,36.9432],[25.6266,36.9411],[25.6266,36.9359],[25.6255,36.9349],[25.6238,36.9349],[25.6224,36.9328],[25.6206,36.9349],[25.6177,36.9349],[25.6182,36.9339],[25.6172,36.9328],[25.6151,36.933],[25.6141,36.9313],[25.612,36.93],[25.6109,36.9299],[25.6099,36.9282]],[[25.6057,36.9108],[25.6047,36.9099],[25.6036,36.9109],[25.6036,36.913],[25.6026,36.9141],[25.6026,36.9161],[25.6033,36.9172],[25.6033,36.9182],[25.6047,36.9205],[25.6068,36.9203],[25.6078,36.9193],[25.608,36.9182],[25.6078,36.9141],[25.6068,36.913],[25.6068,36.912],[25.6057,36.9108]],[[25.5703,36.8932],[25.5693,36.8943],[25.5703,36.8953],[25.5703,36.8964],[25.5672,36.8995],[25.5641,36.8974],[25.5609,36.8974],[25.5599,36.8984],[25.5593,36.8984],[25.5581,36.8974],[25.5589,36.8974],[25.5599,36.8964],[25.5589,36.8953],[25.5557,36.8953],[25.5547,36.8964],[25.5536,36.8964],[25.5516,36.8984],[25.5526,36.8995],[25.5516,36.9005],[25.5526,36.9016],[25.5516,36.9026],[25.5526,36.9036],[25.5536,36.9036],[25.5547,36.9047],[25.5557,36.9047],[25.5568,36.9057],[25.5578,36.9057],[25.5578,36.9068],[25.5589,36.9078],[25.5609,36.9078],[25.562,36.9089],[25.563,36.9079],[25.5641,36.9089],[25.5651,36.9078],[25.5661,36.9079],[25.5661,36.9089],[25.5672,36.9099],[25.5672,36.913],[25.5703,36.9161],[25.5724,36.9141],[25.5745,36.9141],[25.5755,36.9151],[25.5807,36.9153],[25.5818,36.9157],[25.5818,36.9172],[25.5828,36.9182],[25.5839,36.9182],[25.5848,36.9193],[25.5839,36.9203],[25.5859,36.9224],[25.5891,36.9224],[25.5918,36.9234],[25.5922,36.9245],[25.5943,36.9266],[25.5953,36.9266],[25.5964,36.9276],[25.5974,36.9273],[25.5984,36.9255],[25.5984,36.9243],[25.5998,36.9203],[25.5995,36.9182],[25.5978,36.9151],[25.5943,36.913],[25.5943,36.912],[25.5932,36.9106],[25.5895,36.9109],[25.588,36.9089],[25.587,36.9099],[25.5859,36.9099],[25.5849,36.9109],[25.5839,36.9111],[25.5807,36.9101],[25.5807,36.9089],[25.5818,36.9078],[25.5807,36.9068],[25.5807,36.9057],[25.5797,36.9047],[25.5786,36.9054],[25.5776,36.9043],[25.5766,36.9043],[25.5745,36.9019],[25.5755,36.9005],[25.5776,36.9005],[25.5786,36.8995],[25.5786,36.8984],[25.5776,36.8974],[25.5755,36.8973],[25.5734,36.8943],[25.5714,36.8943],[25.5703,36.8932]],[[25.5432,36.887],[25.5422,36.887],[25.5411,36.888],[25.5411,36.8891],[25.5422,36.8901],[25.5432,36.8901],[25.5443,36.8891],[25.5443,36.888],[25.5432,36.887]],[[25.6349,36.8766],[25.6339,36.8766],[25.6328,36.8776],[25.6328,36.8797],[25.6339,36.8807],[25.6349,36.8807],[25.6359,36.8797],[25.6359,36.8776],[25.6349,36.8766]],[[25.6286,36.8745],[25.6255,36.8766],[25.6255,36.8786],[25.6266,36.8797],[25.6276,36.8797],[25.6292,36.8776],[25.629,36.8766],[25.6297,36.8755],[25.6286,36.8745]],[[25.6849,36.8708],[25.6786,36.8714],[25.6776,36.8724],[25.6766,36.8714],[25.6745,36.8714],[25.6734,36.8724],[25.6745,36.8734],[25.6752,36.8734],[25.6752,36.8745],[25.6737,36.8745],[25.6724,36.8722],[25.6682,36.8724],[25.6672,36.8734],[25.6663,36.8734],[25.6653,36.8724],[25.6641,36.8723],[25.662,36.8724],[25.6599,36.8732],[25.6568,36.8731],[25.6516,36.8713],[25.6464,36.8724],[25.6443,36.8723],[25.6422,36.8776],[25.6411,36.8779],[25.6401,36.8776],[25.6391,36.8786],[25.6388,36.8797],[25.6359,36.8807],[25.6339,36.8828],[25.6297,36.8825],[25.6276,36.8807],[25.6214,36.8807],[25.621,36.8797],[25.6193,36.8788],[25.6182,36.8775],[25.6141,36.8758],[25.6078,36.8762],[25.6049,36.8776],[25.6043,36.8797],[25.603,36.8818],[25.6036,36.8828],[25.602,36.8849],[25.6016,36.887],[25.6036,36.8891],[25.6057,36.8888],[25.6057,36.8901],[25.6068,36.8911],[25.6078,36.8911],[25.6109,36.8943],[25.612,36.8943],[25.6141,36.8964],[25.6151,36.8964],[25.6161,36.8974],[25.6172,36.8974],[25.6182,36.8964],[25.6276,36.8964],[25.6286,36.8959],[25.6297,36.8965],[25.6328,36.8995],[25.6339,36.8995],[25.6349,36.9005],[25.6349,36.9016],[25.638,36.9047],[25.6391,36.9047],[25.6391,36.9068],[25.6411,36.9089],[25.6443,36.9089],[25.6453,36.9099],[25.6474,36.9099],[25.6484,36.9089],[25.6505,36.9089],[25.6516,36.9078],[25.6557,36.9078],[25.6568,36.9072],[25.6589,36.9069],[25.6633,36.9026],[25.6641,36.9016],[25.6641,36.9005],[25.6651,36.8995],[25.6661,36.9005],[25.6641,36.9026],[25.6641,36.9047],[25.6651,36.9059],[25.6672,36.9058],[25.6693,36.9038],[25.6734,36.9027],[25.6755,36.901],[25.6777,36.8974],[25.6778,36.8901],[25.6839,36.8901],[25.6859,36.888],[25.6859,36.8837],[25.687,36.8827],[25.6922,36.8818],[25.6932,36.8807],[25.6932,36.8766],[25.6922,36.8754],[25.6901,36.8743],[25.687,36.8732],[25.6849,36.8708]],[[25.6255,36.8661],[25.6245,36.8661],[25.6224,36.8682],[25.6214,36.8672],[25.6203,36.8675],[25.6199,36.8682],[25.6198,36.8703],[25.6192,36.8714],[25.6194,36.8724],[25.6224,36.8755],[25.6234,36.8745],[25.6245,36.8745],[25.6266,36.8724],[25.6266,36.8682],[25.6255,36.8672],[25.6255,36.8661]],[[25.6349,36.8661],[25.6339,36.8661],[25.6318,36.8682],[25.6318,36.8714],[25.6328,36.8724],[25.6339,36.8724],[25.6349,36.8714],[25.637,36.8734],[25.638,36.8734],[25.6391,36.8745],[25.6401,36.8737],[25.6401,36.8745],[25.6411,36.8758],[25.6422,36.8745],[25.6413,36.8682],[25.6401,36.8672],[25.6349,36.8661]],[[25.6255,36.8577],[25.6203,36.8578],[25.6193,36.8589],[25.6189,36.862],[25.6199,36.8641],[25.6214,36.8651],[25.6234,36.863],[25.6245,36.8641],[25.6255,36.8639],[25.6266,36.862],[25.6266,36.8589],[25.6255,36.8577]],[[25.5266,36.8297],[25.5234,36.8297],[25.5193,36.8339],[25.5172,36.8339],[25.5161,36.8349],[25.516,36.8391],[25.5166,36.8411],[25.5159,36.8432],[25.5161,36.8505],[25.5172,36.8516],[25.5182,36.8505],[25.5203,36.8526],[25.5212,36.8526],[25.5203,36.8526],[25.5193,36.8536],[25.5193,36.8547],[25.5214,36.8568],[25.5214,36.8578],[25.5234,36.8599],[25.5234,36.8604],[25.5214,36.8599],[25.5203,36.8609],[25.5197,36.8609],[25.5182,36.8596],[25.5161,36.8599],[25.5151,36.8609],[25.5149,36.863],[25.5156,36.8641],[25.513,36.8641],[25.512,36.863],[25.5099,36.863],[25.5089,36.8641],[25.5089,36.8651],[25.5099,36.8661],[25.5099,36.8672],[25.5089,36.8682],[25.5089,36.869],[25.5089,36.8672],[25.5068,36.8651],[25.5016,36.8651],[25.5005,36.8661],[25.5005,36.8672],[25.5016,36.8682],[25.5016,36.8693],[25.5005,36.8703],[25.5005,36.8714],[25.5016,36.8724],[25.5005,36.8724],[25.4995,36.8734],[25.4984,36.8724],[25.4974,36.8734],[25.4974,36.8745],[25.4995,36.8766],[25.4984,36.8776],[25.4995,36.8786],[25.5005,36.8786],[25.5016,36.8776],[25.5016,36.8786],[25.5005,36.8797],[25.5016,36.8807],[25.5036,36.8786],[25.5036,36.8818],[25.5026,36.8828],[25.5047,36.8849],[25.5057,36.8839],[25.5068,36.8849],[25.5094,36.8849],[25.5078,36.8849],[25.5068,36.8859],[25.5099,36.8891],[25.5109,36.8891],[25.512,36.888],[25.512,36.8891],[25.513,36.8901],[25.5141,36.8901],[25.5151,36.8891],[25.5161,36.8901],[25.5172,36.8901],[25.5182,36.8914],[25.5193,36.8911],[25.5203,36.8922],[25.5224,36.8922],[25.5224,36.8932],[25.5234,36.8943],[25.5255,36.8943],[25.5266,36.8932],[25.5276,36.8943],[25.5286,36.8932],[25.5276,36.8922],[25.5297,36.8901],[25.5297,36.8891],[25.5286,36.888],[25.5286,36.8867],[25.5318,36.8839],[25.5328,36.8839],[25.5339,36.8828],[25.5339,36.8818],[25.5318,36.8792],[25.5307,36.8786],[25.5339,36.8766],[25.5339,36.8703],[25.5349,36.8703],[25.5359,36.8693],[25.5359,36.8667],[25.537,36.8672],[25.5411,36.8673],[25.5411,36.8682],[25.5422,36.8693],[25.5432,36.8693],[25.5443,36.8703],[25.5453,36.8703],[25.5474,36.8682],[25.5474,36.8672],[25.5464,36.8661],[25.5464,36.8651],[25.5474,36.8641],[25.5464,36.863],[25.5453,36.8641],[25.5401,36.8637],[25.538,36.862],[25.5379,36.8599],[25.5391,36.8587],[25.5432,36.8589],[25.5443,36.8578],[25.5443,36.8557],[25.5427,36.8547],[25.5425,36.8536],[25.5443,36.8536],[25.5443,36.8557],[25.5453,36.8568],[25.5484,36.8568],[25.5495,36.8578],[25.5505,36.8568],[25.5477,36.8536],[25.5484,36.8536],[25.5495,36.8526],[25.5484,36.8516],[25.5422,36.8512],[25.5401,36.8493],[25.5391,36.8492],[25.537,36.8495],[25.5359,36.8505],[25.537,36.8516],[25.5377,36.8516],[25.5349,36.8516],[25.5339,36.8505],[25.5328,36.8516],[25.5339,36.8526],[25.5339,36.8536],[25.5318,36.8557],[25.5276,36.8557],[25.5266,36.8568],[25.5255,36.8552],[25.5255,36.8536],[25.5238,36.8516],[25.5237,36.8505],[25.5245,36.8495],[25.5237,36.8484],[25.5237,36.8474],[25.5245,36.8464],[25.5245,36.8453],[25.5255,36.8453],[25.5266,36.8464],[25.5286,36.8462],[25.5307,36.8432],[25.5311,36.8411],[25.5294,36.8391],[25.5302,36.837],[25.5297,36.8349],[25.5276,36.8307],[25.5266,36.8297]],[[25.6714,36.8307],[25.6703,36.8307],[25.6693,36.8297],[25.6661,36.8328],[25.6682,36.8349],[25.6672,36.8349],[25.6651,36.837],[25.663,36.837],[25.6609,36.8391],[25.6609,36.8401],[25.6599,36.8401],[25.6568,36.8432],[25.6566,36.8443],[25.6576,36.8464],[25.6599,36.8484],[25.6661,36.8484],[25.6672,36.8474],[25.6682,36.8474],[25.6703,36.8443],[25.6703,36.8432],[25.6714,36.8422],[25.6714,36.8464],[25.6703,36.8474],[25.6703,36.8484],[25.6712,36.8495],[25.6734,36.8505],[25.6786,36.8508],[25.6797,36.8516],[25.6807,36.8516],[25.6818,36.8505],[25.6849,36.8505],[25.6859,36.8495],[25.6853,36.8484],[25.687,36.8484],[25.688,36.8474],[25.6911,36.8474],[25.6922,36.8484],[25.6943,36.8464],[25.6943,36.8443],[25.6953,36.8432],[25.6953,36.8422],[25.6943,36.8411],[25.6932,36.8411],[25.6932,36.8401],[25.6922,36.8391],[25.6915,36.8391],[25.6901,36.838],[25.688,36.838],[25.687,36.8391],[25.688,36.8401],[25.687,36.8401],[25.6859,36.8391],[25.6828,36.8397],[25.6828,36.8405],[25.6839,36.8407],[25.6849,36.8422],[25.6849,36.8432],[25.6807,36.843],[25.6789,36.8411],[25.6797,36.8411],[25.6807,36.8401],[25.6797,36.8391],[25.6776,36.8387],[25.6776,36.838],[25.6766,36.837],[25.6755,36.838],[25.6755,36.8388],[25.6745,36.8388],[25.6734,36.8376],[25.6734,36.837],[25.6745,36.8349],[25.6734,36.8339],[25.6724,36.8346],[25.6706,36.8328],[25.6714,36.8328],[25.6724,36.8318],[25.6714,36.8307]],[[25.4057,36.8255],[25.4047,36.8266],[25.4068,36.8297],[25.4109,36.8297],[25.412,36.8286],[25.4113,36.8276],[25.412,36.8266],[25.4109,36.8255],[25.4057,36.8255]],[[25.3953,36.8234],[25.3943,36.8234],[25.3932,36.8245],[25.3932,36.8286],[25.3943,36.8297],[25.3974,36.8297],[25.3984,36.8286],[25.3984,36.8255],[25.3964,36.8234],[25.3953,36.8234]],[[25.7964,36.8161],[25.7953,36.8161],[25.7943,36.8172],[25.7922,36.8172],[25.7911,36.8182],[25.7901,36.8178],[25.7891,36.8193],[25.7911,36.8214],[25.7922,36.8214],[25.7932,36.8224],[25.7943,36.8224],[25.7953,36.8214],[25.7943,36.8203],[25.7935,36.8203],[25.7974,36.8203],[25.7984,36.8193],[25.7964,36.8161]],[[25.4547,36.8161],[25.4536,36.8158],[25.4516,36.8161],[25.4505,36.8172],[25.4516,36.8182],[25.4505,36.8182],[25.4495,36.8171],[25.4484,36.817],[25.4474,36.8182],[25.4411,36.8182],[25.4401,36.8193],[25.438,36.8193],[25.437,36.82],[25.4359,36.82],[25.4349,36.8214],[25.431,36.8214],[25.4297,36.8203],[25.4266,36.8203],[25.4255,36.8193],[25.4245,36.8203],[25.4255,36.8214],[25.4234,36.8214],[25.4224,36.8222],[25.4224,36.8214],[25.4214,36.8203],[25.4203,36.8214],[25.4214,36.8224],[25.4221,36.8224],[25.4214,36.8224],[25.4203,36.8234],[25.4214,36.8245],[25.4214,36.8266],[25.4195,36.8266],[25.4203,36.8255],[25.4193,36.8245],[25.4161,36.8245],[25.4151,36.8255],[25.4161,36.8266],[25.4151,36.8276],[25.4158,36.8286],[25.4151,36.8286],[25.4141,36.8297],[25.4141,36.8307],[25.4161,36.8339],[25.4172,36.8339],[25.4193,36.8359],[25.4182,36.837],[25.4193,36.838],[25.4214,36.8359],[25.4224,36.8359],[25.4234,36.837],[25.4255,36.837],[25.4266,36.838],[25.4297,36.838],[25.4318,36.8359],[25.4328,36.8357],[25.4328,36.8401],[25.429,36.8443],[25.4294,36.8464],[25.4302,36.8474],[25.4339,36.8484],[25.4349,36.8495],[25.4339,36.8505],[25.4353,36.8526],[25.438,36.8542],[25.4432,36.8554],[25.4453,36.8569],[25.4484,36.8581],[25.4505,36.8583],[25.4516,36.8579],[25.4536,36.8557],[25.4536,36.8547],[25.4536,36.8578],[25.4547,36.8589],[25.4557,36.8589],[25.4568,36.8599],[25.4578,36.8599],[25.4568,36.8599],[25.4557,36.8609],[25.4557,36.862],[25.4589,36.8651],[25.4609,36.8651],[25.462,36.8661],[25.462,36.8672],[25.4609,36.8682],[25.4609,36.8693],[25.4621,36.8703],[25.4641,36.8718],[25.4672,36.873],[25.4734,36.8741],[25.4766,36.8736],[25.4786,36.8709],[25.4788,36.8693],[25.4766,36.8671],[25.4734,36.8651],[25.4714,36.8651],[25.4714,36.8641],[25.4724,36.8651],[25.4745,36.8651],[25.4766,36.8651],[25.4776,36.8641],[25.4776,36.862],[25.4766,36.8609],[25.4766,36.8578],[25.4755,36.8568],[25.4755,36.8557],[25.474,36.8536],[25.4745,36.8528],[25.4755,36.8526],[25.4766,36.8536],[25.4776,36.8536],[25.4797,36.8557],[25.4807,36.8547],[25.4807,36.8536],[25.4818,36.8536],[25.4818,36.8568],[25.4828,36.8578],[25.487,36.8578],[25.488,36.8589],[25.4891,36.8578],[25.488,36.8568],[25.4891,36.8557],[25.488,36.8547],[25.4892,36.8536],[25.4893,36.8526],[25.488,36.8511],[25.4866,36.8505],[25.4856,36.8495],[25.485,36.8474],[25.4843,36.8391],[25.4832,36.8359],[25.483,36.8286],[25.4766,36.8234],[25.4734,36.8223],[25.4661,36.8224],[25.4651,36.8253],[25.463,36.8253],[25.4623,36.8245],[25.463,36.8245],[25.4641,36.8234],[25.463,36.8224],[25.462,36.8234],[25.462,36.8242],[25.4609,36.8234],[25.462,36.8224],[25.462,36.8214],[25.4609,36.8196],[25.4579,36.8172],[25.4547,36.8161]],[[25.912,36.8151],[25.9109,36.8161],[25.9099,36.8151],[25.9089,36.8161],[25.9089,36.8182],[25.9099,36.8193],[25.913,36.8161],[25.912,36.8151]],[[25.7547,36.8139],[25.7526,36.8141],[25.7516,36.8151],[25.7536,36.8182],[25.7557,36.8151],[25.7547,36.8139]],[[25.7474,36.7984],[25.7464,36.7984],[25.7443,36.8005],[25.744,36.8026],[25.7432,36.804],[25.7401,36.8064],[25.7391,36.8078],[25.7391,36.8089],[25.7401,36.8099],[25.7401,36.8109],[25.7432,36.813],[25.7443,36.813],[25.7443,36.8141],[25.7453,36.8151],[25.7443,36.8161],[25.7443,36.8193],[25.7453,36.8203],[25.7464,36.8203],[25.7474,36.8193],[25.7474,36.8172],[25.7484,36.8172],[25.7495,36.8161],[25.7495,36.8151],[25.7484,36.8141],[25.7474,36.8141],[25.7484,36.813],[25.7495,36.813],[25.7508,36.812],[25.7487,36.8099],[25.7495,36.8089],[25.7505,36.8089],[25.7526,36.8068],[25.7529,36.8036],[25.7536,36.8026],[25.7526,36.8016],[25.7516,36.8016],[25.7505,36.8023],[25.7495,36.8016],[25.7484,36.8016],[25.7484,36.7995],[25.7474,36.7984]],[[25.3109,36.7953],[25.3099,36.7964],[25.3099,36.7974],[25.312,36.7995],[25.313,36.7984],[25.3109,36.7953]],[[25.7557,36.7953],[25.7536,36.7984],[25.7547,36.7995],[25.7557,36.7984],[25.7578,36.7984],[25.7589,36.7974],[25.7557,36.7953]],[[25.0849,36.6818],[25.0839,36.6828],[25.0839,36.6859],[25.0849,36.687],[25.087,36.687],[25.088,36.6859],[25.087,36.6849],[25.088,36.6839],[25.087,36.6828],[25.0859,36.6835],[25.0859,36.6828],[25.0849,36.6818]],[[25.3255,36.664],[25.3245,36.6644],[25.3232,36.6661],[25.3233,36.6672],[25.3245,36.6682],[25.3245,36.6693],[25.3255,36.6703],[25.3276,36.6682],[25.3276,36.6672],[25.3286,36.6661],[25.3276,36.6649],[25.3255,36.664]],[[25.3568,36.6408],[25.3547,36.6411],[25.3536,36.6422],[25.3536,36.6443],[25.3522,36.6464],[25.3495,36.6464],[25.3484,36.6474],[25.3484,36.6495],[25.3495,36.6505],[25.3482,36.6516],[25.3474,36.6516],[25.3453,36.6547],[25.3443,36.6544],[25.3411,36.6516],[25.3401,36.6526],[25.3411,36.6536],[25.3411,36.6547],[25.3401,36.6544],[25.3401,36.6536],[25.3391,36.6526],[25.338,36.6536],[25.3391,36.6547],[25.3398,36.6547],[25.338,36.6568],[25.3401,36.6589],[25.3401,36.6599],[25.337,36.6627],[25.3359,36.662],[25.3349,36.663],[25.337,36.6651],[25.3349,36.6651],[25.3339,36.6661],[25.3339,36.6682],[25.3297,36.6682],[25.3286,36.6693],[25.3276,36.6693],[25.3255,36.6714],[25.3255,36.6724],[25.3266,36.6734],[25.3266,36.6745],[25.3266,36.6762],[25.3255,36.6772],[25.3224,36.6734],[25.3203,36.6734],[25.3193,36.6745],[25.3203,36.6755],[25.3211,36.6755],[25.3203,36.6766],[25.3203,36.6807],[25.3193,36.6807],[25.3182,36.6818],[25.3151,36.6818],[25.3141,36.6807],[25.3109,36.6797],[25.3099,36.6801],[25.3089,36.6813],[25.3078,36.6814],[25.3078,36.6839],[25.3089,36.6849],[25.312,36.6845],[25.3127,36.6859],[25.3126,36.687],[25.3109,36.6875],[25.3096,36.6891],[25.3078,36.6891],[25.307,36.6891],[25.3078,36.688],[25.3068,36.687],[25.3036,36.687],[25.3026,36.688],[25.3026,36.6891],[25.3036,36.6901],[25.3036,36.6911],[25.3026,36.6901],[25.3005,36.6901],[25.2984,36.6922],[25.2995,36.6932],[25.3003,36.6932],[25.3005,36.6953],[25.2964,36.6984],[25.2964,36.7002],[25.2953,36.7003],[25.2953,36.6995],[25.2943,36.6984],[25.2922,36.7005],[25.2932,36.7016],[25.2932,36.7026],[25.2922,36.7034],[25.2922,36.7026],[25.2911,36.7016],[25.2901,36.7026],[25.2911,36.7036],[25.2919,36.7036],[25.2891,36.7057],[25.2891,36.7068],[25.2901,36.7078],[25.2911,36.7078],[25.2932,36.7099],[25.2936,36.7109],[25.292,36.713],[25.288,36.7141],[25.287,36.713],[25.2841,36.713],[25.2831,36.712],[25.2839,36.712],[25.2849,36.7109],[25.2839,36.7098],[25.2828,36.7096],[25.2818,36.7109],[25.2825,36.712],[25.2818,36.712],[25.2803,36.713],[25.2797,36.7141],[25.2797,36.712],[25.2786,36.7109],[25.2779,36.7109],[25.2786,36.7109],[25.2797,36.7099],[25.2786,36.7084],[25.2766,36.7086],[25.2734,36.712],[25.2734,36.7128],[25.2703,36.7109],[25.2661,36.7109],[25.2651,36.712],[25.2651,36.713],[25.2672,36.7154],[25.2658,36.7172],[25.267,36.7182],[25.2672,36.7193],[25.2703,36.7224],[25.2714,36.7224],[25.2724,36.7242],[25.2724,36.7248],[25.2714,36.7258],[25.2703,36.7255],[25.2693,36.726],[25.2682,36.7241],[25.2641,36.721],[25.263,36.721],[25.262,36.7203],[25.2612,36.7193],[25.2612,36.7151],[25.262,36.7151],[25.263,36.7141],[25.2609,36.7119],[25.2589,36.7115],[25.2578,36.7118],[25.2568,36.713],[25.2578,36.7141],[25.2578,36.7151],[25.2568,36.7151],[25.2547,36.7172],[25.2547,36.7182],[25.2568,36.7203],[25.2568,36.7214],[25.2578,36.7224],[25.2568,36.7234],[25.2557,36.7234],[25.2547,36.7224],[25.2532,36.7224],[25.2516,36.7214],[25.2508,36.7214],[25.2516,36.7214],[25.2526,36.7203],[25.2464,36.7155],[25.2432,36.7157],[25.2415,36.7172],[25.2418,36.7203],[25.2424,36.7214],[25.2443,36.7224],[25.2453,36.7214],[25.2461,36.7214],[25.2453,36.7224],[25.2464,36.7234],[25.2453,36.7245],[25.2464,36.7264],[25.2474,36.7271],[25.2484,36.7267],[25.2495,36.7255],[25.2526,36.7255],[25.2536,36.7266],[25.2547,36.7259],[25.2555,36.7266],[25.2547,36.7276],[25.2536,36.7276],[25.2526,36.7266],[25.2511,36.7276],[25.2506,36.7286],[25.2517,36.7307],[25.2536,36.7318],[25.2547,36.7307],[25.2557,36.7318],[25.2557,36.7339],[25.2568,36.7349],[25.2578,36.7349],[25.2557,36.737],[25.2578,36.7401],[25.2578,36.7411],[25.2568,36.7411],[25.2536,36.7438],[25.2527,36.7464],[25.2536,36.7482],[25.2547,36.7489],[25.2589,36.7484],[25.2589,36.7495],[25.2609,36.7516],[25.2609,36.7536],[25.262,36.7547],[25.262,36.7557],[25.2578,36.7557],[25.2568,36.7547],[25.2557,36.7557],[25.2557,36.7568],[25.2589,36.7589],[25.2589,36.7596],[25.2578,36.7609],[25.2589,36.762],[25.2599,36.7609],[25.2599,36.7626],[25.2589,36.7641],[25.2589,36.7651],[25.2599,36.7661],[25.2589,36.7672],[25.2589,36.7693],[25.2578,36.7703],[25.2589,36.7714],[25.2599,36.7703],[25.262,36.7724],[25.263,36.7724],[25.2641,36.7714],[25.2651,36.7724],[25.2651,36.7734],[25.2641,36.7745],[25.2641,36.7755],[25.2682,36.7797],[25.2693,36.7786],[25.2693,36.7797],[25.2703,36.7807],[25.2703,36.7818],[25.2693,36.7828],[25.2692,36.7839],[25.2703,36.7849],[25.2714,36.7839],[25.2714,36.7859],[25.2724,36.787],[25.2734,36.787],[25.2734,36.788],[25.2724,36.7891],[25.2734,36.7901],[25.2766,36.788],[25.2766,36.7859],[25.2786,36.788],[25.2797,36.788],[25.2786,36.7891],[25.2786,36.7901],[25.2797,36.7914],[25.2839,36.7913],[25.2849,36.7901],[25.2859,36.7901],[25.287,36.7911],[25.288,36.7901],[25.2859,36.788],[25.2849,36.788],[25.2839,36.7891],[25.282,36.7891],[25.2825,36.787],[25.2859,36.787],[25.287,36.788],[25.288,36.788],[25.2891,36.787],[25.2901,36.7872],[25.2922,36.7891],[25.2932,36.7891],[25.2953,36.7911],[25.2995,36.7911],[25.3016,36.7904],[25.3036,36.7922],[25.3047,36.7922],[25.3057,36.7932],[25.3078,36.7932],[25.3109,36.7907],[25.312,36.7891],[25.313,36.7891],[25.3141,36.788],[25.3141,36.7849],[25.3154,36.7839],[25.3155,36.7828],[25.3161,36.7828],[25.3172,36.7818],[25.3182,36.7818],[25.3206,36.7797],[25.3214,36.7797],[25.3234,36.7776],[25.3266,36.7776],[25.3276,36.7786],[25.3286,36.7776],[25.3276,36.7766],[25.3297,36.7747],[25.3297,36.7755],[25.3307,36.7766],[25.3318,36.7755],[25.3307,36.7745],[25.3299,36.7745],[25.3307,36.7734],[25.3307,36.7703],[25.3318,36.7714],[25.3349,36.7701],[25.3365,36.7682],[25.3378,36.7651],[25.3373,36.7641],[25.3359,36.7628],[25.3349,36.7628],[25.3339,36.7641],[25.3339,36.7649],[25.3318,36.763],[25.332,36.762],[25.3328,36.762],[25.3339,36.7609],[25.3328,36.7599],[25.3318,36.7609],[25.3318,36.7617],[25.3318,36.7609],[25.3307,36.7599],[25.3307,36.7578],[25.3286,36.7557],[25.3286,36.7549],[25.3329,36.7526],[25.3339,36.7526],[25.3349,36.7536],[25.3359,36.7536],[25.338,36.7558],[25.3401,36.7561],[25.3411,36.7557],[25.3422,36.754],[25.3429,36.7536],[25.3411,36.7516],[25.3432,36.7516],[25.344,36.7526],[25.3435,36.7536],[25.3443,36.754],[25.3484,36.7533],[25.3505,36.7523],[25.3526,36.7495],[25.3526,36.7484],[25.3516,36.7474],[25.3516,36.7464],[25.3547,36.7464],[25.3557,36.7453],[25.3599,36.7453],[25.362,36.7474],[25.362,36.7495],[25.3609,36.7505],[25.362,36.7522],[25.363,36.7529],[25.3672,36.7531],[25.3685,36.7516],[25.3682,36.7505],[25.3664,36.7484],[25.3672,36.7484],[25.3682,36.7474],[25.3672,36.7464],[25.3661,36.7474],[25.3661,36.7482],[25.3651,36.747],[25.3651,36.7464],[25.3661,36.7453],[25.3661,36.7432],[25.3651,36.7422],[25.3641,36.7428],[25.3644,36.7411],[25.364,36.7401],[25.3651,36.7387],[25.3714,36.7345],[25.3745,36.7349],[25.3755,36.7339],[25.3776,36.7339],[25.38,36.7318],[25.387,36.7318],[25.3911,36.7276],[25.3905,36.7266],[25.3911,36.7266],[25.3922,36.7255],[25.3943,36.7255],[25.3953,36.7245],[25.3974,36.7245],[25.3984,36.7255],[25.3995,36.7245],[25.3974,36.722],[25.3974,36.7214],[25.3984,36.7203],[25.3977,36.7193],[25.4005,36.7193],[25.4026,36.7172],[25.403,36.7151],[25.4036,36.7151],[25.4047,36.7161],[25.4059,36.7151],[25.4061,36.7109],[25.4037,36.7078],[25.4016,36.7068],[25.3984,36.7077],[25.3974,36.7089],[25.3974,36.7097],[25.3964,36.7089],[25.3932,36.7094],[25.3911,36.7068],[25.3901,36.7068],[25.3901,36.7016],[25.3911,36.7005],[25.3901,36.6995],[25.387,36.7026],[25.3859,36.6995],[25.3849,36.698],[25.3828,36.6964],[25.3818,36.6947],[25.3818,36.6937],[25.3853,36.6911],[25.387,36.6911],[25.388,36.6922],[25.3891,36.6911],[25.3891,36.6901],[25.3901,36.6911],[25.3911,36.6901],[25.3901,36.6891],[25.3913,36.688],[25.3916,36.687],[25.3913,36.6859],[25.3891,36.6839],[25.388,36.6849],[25.388,36.6857],[25.387,36.6846],[25.3834,36.6839],[25.3859,36.6839],[25.387,36.6831],[25.388,36.6818],[25.3873,36.6807],[25.3873,36.6797],[25.388,36.6797],[25.3891,36.6786],[25.3891,36.6776],[25.3901,36.6766],[25.3901,36.6755],[25.3911,36.6755],[25.3922,36.6745],[25.3922,36.6734],[25.3932,36.6734],[25.3943,36.6724],[25.3953,36.6734],[25.3964,36.6724],[25.3966,36.6714],[25.3967,36.6682],[25.3953,36.6661],[25.3932,36.6661],[25.3922,36.6672],[25.393,36.6682],[25.3891,36.6682],[25.388,36.6693],[25.388,36.6714],[25.387,36.6703],[25.3859,36.671],[25.3839,36.6703],[25.3839,36.6695],[25.3849,36.6682],[25.3849,36.6672],[25.3859,36.6672],[25.387,36.6661],[25.3891,36.6661],[25.3901,36.6651],[25.3891,36.6641],[25.3891,36.663],[25.3922,36.663],[25.3932,36.6641],[25.3943,36.663],[25.3932,36.662],[25.3932,36.6609],[25.3943,36.6599],[25.3933,36.6589],[25.3924,36.6557],[25.3911,36.6547],[25.3901,36.6547],[25.3905,36.6495],[25.3901,36.6453],[25.3891,36.6443],[25.3859,36.6443],[25.3849,36.6453],[25.3849,36.6495],[25.3818,36.6526],[25.3797,36.6516],[25.3786,36.6516],[25.3776,36.6505],[25.3745,36.6536],[25.3745,36.6547],[25.3734,36.6557],[25.3724,36.6547],[25.3714,36.6547],[25.3693,36.6568],[25.3693,36.6578],[25.3672,36.6557],[25.3655,36.6557],[25.3661,36.6547],[25.3661,36.6533],[25.3672,36.6516],[25.3661,36.6505],[25.3651,36.6511],[25.363,36.6495],[25.363,36.6474],[25.362,36.6464],[25.3609,36.647],[25.3603,36.6464],[25.3599,36.6443],[25.3589,36.6432],[25.3581,36.6432],[25.3568,36.6408]],[[25.0693,36.6304],[25.0672,36.6318],[25.0682,36.6328],[25.0689,36.6328],[25.0682,36.6339],[25.0672,36.6339],[25.0661,36.6346],[25.0599,36.6349],[25.0589,36.6359],[25.0589,36.637],[25.0599,36.638],[25.0599,36.6401],[25.0589,36.6411],[25.0599,36.6422],[25.0609,36.6411],[25.062,36.6422],[25.062,36.6432],[25.0609,36.6443],[25.0609,36.6453],[25.062,36.6464],[25.063,36.6464],[25.0641,36.6453],[25.0641,36.6464],[25.0661,36.6484],[25.0661,36.6495],[25.0651,36.6505],[25.0651,36.6516],[25.0668,36.6536],[25.0672,36.6548],[25.074,36.662],[25.0755,36.6644],[25.0807,36.6676],[25.0818,36.6661],[25.0818,36.6651],[25.0839,36.6651],[25.0839,36.6672],[25.0828,36.6672],[25.0818,36.6682],[25.0828,36.6693],[25.0839,36.6693],[25.0839,36.6703],[25.0849,36.6714],[25.0859,36.6714],[25.0859,36.6724],[25.088,36.6745],[25.088,36.6786],[25.087,36.6797],[25.087,36.6807],[25.0891,36.6839],[25.0891,36.6849],[25.0911,36.687],[25.0911,36.688],[25.0922,36.6891],[25.0922,36.6901],[25.0974,36.6953],[25.0984,36.6953],[25.0995,36.6964],[25.1016,36.6964],[25.1026,36.6974],[25.1078,36.6974],[25.1089,36.6984],[25.1099,36.6976],[25.112,36.6995],[25.112,36.7016],[25.113,36.7026],[25.1161,36.7026],[25.1172,36.7016],[25.1203,36.7036],[25.1214,36.7036],[25.1214,36.7047],[25.1224,36.7057],[25.1245,36.7062],[25.1286,36.7094],[25.1336,36.7141],[25.137,36.7161],[25.138,36.7151],[25.1411,36.7151],[25.1422,36.7141],[25.1432,36.7141],[25.1432,36.7151],[25.1443,36.7161],[25.1453,36.7151],[25.1464,36.7161],[25.1484,36.7161],[25.1505,36.7161],[25.1516,36.7151],[25.1547,36.7151],[25.1547,36.7161],[25.1568,36.7182],[25.1599,36.7161],[25.162,36.7161],[25.1641,36.7182],[25.1661,36.7182],[25.1672,36.7193],[25.1693,36.7161],[25.1714,36.7161],[25.1724,36.7151],[25.1724,36.7161],[25.1734,36.7174],[25.1766,36.7185],[25.1786,36.7179],[25.1797,36.7182],[25.1818,36.7178],[25.1849,36.7166],[25.1859,36.7153],[25.1859,36.7141],[25.1849,36.713],[25.1849,36.712],[25.1859,36.7109],[25.1853,36.7089],[25.1839,36.7068],[25.1828,36.7068],[25.1831,36.7057],[25.1826,36.6995],[25.1806,36.6964],[25.1786,36.6953],[25.1766,36.6953],[25.1755,36.6964],[25.1766,36.6974],[25.1773,36.6974],[25.1745,36.6972],[25.1745,36.6943],[25.1755,36.6932],[25.1755,36.6922],[25.174,36.6891],[25.1724,36.6876],[25.1693,36.6872],[25.1682,36.6891],[25.1682,36.6901],[25.1714,36.6922],[25.1724,36.6922],[25.1724,36.6932],[25.1693,36.6929],[25.1665,36.6901],[25.1672,36.6901],[25.1682,36.6891],[25.1672,36.6874],[25.1609,36.6839],[25.1599,36.6849],[25.1582,36.6849],[25.1578,36.6839],[25.1589,36.6828],[25.1595,36.6807],[25.1557,36.6776],[25.1557,36.6766],[25.155,36.6755],[25.1557,36.6755],[25.1568,36.6745],[25.1557,36.6734],[25.1547,36.6734],[25.1536,36.6745],[25.1516,36.6745],[25.1508,36.6734],[25.1516,36.6734],[25.1526,36.6724],[25.1516,36.6711],[25.1474,36.6712],[25.1453,36.6734],[25.1453,36.6745],[25.145,36.6745],[25.1453,36.6734],[25.1443,36.6724],[25.1415,36.6724],[25.1405,36.6714],[25.1401,36.6693],[25.1385,36.6682],[25.1386,36.6672],[25.1394,36.6661],[25.1401,36.6661],[25.1411,36.6651],[25.1403,36.6641],[25.1391,36.6635],[25.138,36.6651],[25.137,36.6658],[25.1359,36.6659],[25.1359,36.6651],[25.137,36.6641],[25.1359,36.663],[25.1349,36.663],[25.1339,36.6641],[25.1328,36.6641],[25.1339,36.663],[25.1339,36.6623],[25.1349,36.663],[25.1367,36.662],[25.1367,36.6609],[25.1357,36.6599],[25.1339,36.6589],[25.1328,36.6599],[25.1328,36.6607],[25.1321,36.6589],[25.1328,36.6589],[25.1339,36.6578],[25.133,36.6568],[25.1318,36.6566],[25.1307,36.6578],[25.1297,36.6578],[25.1276,36.6557],[25.1266,36.6557],[25.1251,36.6578],[25.1234,36.6578],[25.1206,36.6547],[25.1214,36.6547],[25.1224,36.6536],[25.1219,36.6526],[25.1203,36.6508],[25.1182,36.6495],[25.1172,36.6505],[25.1172,36.6513],[25.1161,36.6505],[25.1151,36.6516],[25.1141,36.6505],[25.1113,36.6505],[25.1099,36.6495],[25.1099,36.6484],[25.1089,36.6471],[25.1047,36.6459],[25.1026,36.6443],[25.1016,36.6443],[25.1005,36.6453],[25.1005,36.6461],[25.0995,36.6453],[25.0974,36.6453],[25.0967,36.6432],[25.0974,36.6432],[25.0984,36.6422],[25.0974,36.6411],[25.0964,36.6422],[25.0964,36.6429],[25.0945,36.6422],[25.0953,36.6422],[25.0964,36.6411],[25.0953,36.6401],[25.0943,36.6411],[25.0943,36.6419],[25.0932,36.6419],[25.0922,36.6411],[25.0932,36.6401],[25.0922,36.6391],[25.0911,36.6401],[25.0891,36.6401],[25.088,36.6391],[25.0849,36.6387],[25.0839,36.6377],[25.0839,36.637],[25.0807,36.6339],[25.0797,36.6354],[25.0766,36.6328],[25.0755,36.6338],[25.0745,36.6328],[25.0717,36.6328],[25.0714,36.6318],[25.0693,36.6304]],[[25.0578,36.6282],[25.0536,36.6286],[25.0526,36.6297],[25.0526,36.6307],[25.0536,36.6318],[25.0526,36.6325],[25.0526,36.6318],[25.0505,36.6303],[25.0484,36.6307],[25.0474,36.6318],[25.0474,36.6328],[25.0464,36.6318],[25.0453,36.6328],[25.0474,36.6349],[25.0495,36.6349],[25.0505,36.6339],[25.0505,36.6328],[25.0512,36.6328],[25.0505,36.6339],[25.0516,36.6349],[25.0536,36.6349],[25.0547,36.6339],[25.0589,36.6339],[25.0599,36.6328],[25.0599,36.6307],[25.0578,36.6282]],[[25.0151,36.6213],[25.0141,36.6203],[25.0109,36.6203],[25.0099,36.6214],[25.0089,36.6214],[25.0068,36.6234],[25.0068,36.6245],[25.0057,36.6255],[25.0057,36.6276],[25.0047,36.6286],[25.0068,36.6307],[25.0099,36.6311],[25.0151,36.6339],[25.0172,36.6356],[25.0172,36.637],[25.0193,36.6391],[25.0224,36.6391],[25.0234,36.6381],[25.0266,36.638],[25.0297,36.6359],[25.0318,36.6359],[25.0328,36.6349],[25.0328,36.6339],[25.0309,36.6318],[25.0318,36.6318],[25.0328,36.6307],[25.0318,36.6297],[25.0297,36.6296],[25.0286,36.6307],[25.0268,36.6307],[25.0276,36.6307],[25.0286,36.6297],[25.0245,36.6253],[25.0234,36.6245],[25.0199,36.6245],[25.0151,36.6213]],[[25.687,36.6161],[25.6828,36.6161],[25.6807,36.6182],[25.6797,36.6182],[25.6776,36.6202],[25.6766,36.6203],[25.6755,36.6214],[25.6755,36.6255],[25.6734,36.6255],[25.6703,36.6276],[25.6703,36.6318],[25.6714,36.6328],[25.6807,36.6328],[25.6828,36.6308],[25.6891,36.6307],[25.6922,36.6276],[25.6943,36.6276],[25.6953,36.6266],[25.6953,36.6255],[25.6984,36.6224],[25.6984,36.6203],[25.6974,36.6193],[25.6932,36.6193],[25.6911,36.6202],[25.6901,36.6193],[25.6891,36.6191],[25.6891,36.6182],[25.687,36.6161]],[[25.3536,36.4068],[25.3505,36.4099],[25.3474,36.4099],[25.3443,36.413],[25.3411,36.413],[25.338,36.4151],[25.337,36.4151],[25.3349,36.4172],[25.3349,36.418],[25.3349,36.4172],[25.3339,36.4162],[25.3328,36.4172],[25.3318,36.4162],[25.3266,36.4162],[25.3255,36.4151],[25.3245,36.4151],[25.3234,36.4161],[25.3234,36.4172],[25.3245,36.4182],[25.3251,36.4182],[25.3245,36.4193],[25.3242,36.4214],[25.3234,36.4228],[25.3223,36.4234],[25.3227,36.4255],[25.3223,36.4266],[25.3235,36.4286],[25.3224,36.4304],[25.3213,36.4307],[25.3244,36.437],[25.3267,36.4391],[25.3295,36.4443],[25.3295,36.4453],[25.3314,36.4484],[25.3323,36.4516],[25.3359,36.459],[25.338,36.4591],[25.3422,36.4603],[25.3443,36.4604],[25.3454,36.4589],[25.3453,36.4568],[25.3464,36.4557],[25.3463,36.4547],[25.3453,36.4536],[25.3445,36.4536],[25.3464,36.4516],[25.3474,36.4516],[25.3484,36.4505],[25.3495,36.4516],[25.3516,36.4516],[25.3526,36.4505],[25.3557,36.4505],[25.3578,36.4474],[25.3558,36.4453],[25.3589,36.4422],[25.3589,36.4391],[25.3578,36.438],[25.3578,36.4359],[25.3568,36.4349],[25.3547,36.438],[25.3536,36.438],[25.3526,36.437],[25.3516,36.438],[25.3516,36.437],[25.3505,36.436],[25.3495,36.4369],[25.3485,36.4359],[25.3495,36.4349],[25.3484,36.4339],[25.3474,36.4339],[25.3474,36.4318],[25.3495,36.4297],[25.3505,36.4297],[25.3515,36.4286],[25.3516,36.4266],[25.3526,36.4255],[25.3516,36.4245],[25.3505,36.4245],[25.3516,36.4234],[25.3516,36.4224],[25.3515,36.4182],[25.3505,36.4172],[25.3516,36.4172],[25.3536,36.4151],[25.3526,36.4141],[25.3526,36.413],[25.3536,36.413],[25.3547,36.412],[25.3537,36.4109],[25.3537,36.4099],[25.3537,36.4089],[25.3547,36.4078],[25.3536,36.4068]],[[25.387,36.3912],[25.3859,36.3921],[25.3839,36.3921],[25.3828,36.3912],[25.3818,36.3921],[25.3807,36.3922],[25.3807,36.3932],[25.3797,36.3943],[25.3797,36.3952],[25.3776,36.3953],[25.3766,36.3958],[25.3765,36.3964],[25.3734,36.3964],[25.3714,36.3984],[25.3734,36.4005],[25.3745,36.4005],[25.3755,36.4016],[25.3807,36.4017],[25.3828,36.4001],[25.3832,36.3995],[25.3829,36.3984],[25.3849,36.3984],[25.3859,36.3974],[25.3859,36.3999],[25.3848,36.4005],[25.3859,36.4018],[25.3859,36.4068],[25.3869,36.4078],[25.387,36.412],[25.3911,36.4161],[25.3922,36.4161],[25.3943,36.413],[25.3974,36.413],[25.3984,36.4141],[25.3995,36.4141],[25.4005,36.413],[25.4026,36.413],[25.4037,36.412],[25.4047,36.412],[25.4057,36.412],[25.4068,36.413],[25.4078,36.412],[25.4089,36.412],[25.4099,36.4109],[25.4109,36.4109],[25.412,36.4099],[25.412,36.4068],[25.4109,36.4057],[25.4109,36.4026],[25.4099,36.4016],[25.4078,36.4016],[25.4078,36.3984],[25.4057,36.3953],[25.3985,36.3953],[25.3984,36.3943],[25.3974,36.3932],[25.3953,36.3932],[25.3943,36.3922],[25.3922,36.3943],[25.3911,36.3943],[25.3901,36.3932],[25.3891,36.3932],[25.387,36.3912]],[[25.3464,36.3806],[25.3453,36.3807],[25.3432,36.3828],[25.3443,36.3838],[25.3453,36.3839],[25.3464,36.3849],[25.3484,36.3849],[25.3495,36.3859],[25.3516,36.3859],[25.3526,36.3849],[25.3526,36.3839],[25.3505,36.3807],[25.3464,36.3806]],[[25.7703,36.3405],[25.7693,36.3405],[25.7688,36.3411],[25.7688,36.3432],[25.7626,36.3464],[25.7595,36.3464],[25.7589,36.346],[25.7578,36.3469],[25.7568,36.3464],[25.7552,36.3474],[25.7536,36.3474],[25.7526,36.3464],[25.7516,36.3474],[25.751,36.3495],[25.7495,36.3508],[25.7443,36.3512],[25.7432,36.3505],[25.7422,36.3505],[25.7391,36.3516],[25.7349,36.3552],[25.7328,36.3557],[25.7286,36.3589],[25.7276,36.3609],[25.7281,36.363],[25.7271,36.3651],[25.7275,36.3672],[25.7335,36.3724],[25.734,36.3734],[25.7339,36.3755],[25.7359,36.3786],[25.7391,36.3786],[25.7411,36.3807],[25.7429,36.3807],[25.7443,36.3818],[25.7464,36.3822],[25.7484,36.3849],[25.7484,36.388],[25.7495,36.3891],[25.7495,36.3901],[25.7526,36.3922],[25.7536,36.3922],[25.7557,36.3943],[25.7568,36.3943],[25.7578,36.3953],[25.7578,36.3964],[25.7599,36.3995],[25.762,36.3995],[25.763,36.4005],[25.7645,36.4005],[25.7651,36.4012],[25.7651,36.4026],[25.7641,36.4032],[25.763,36.4047],[25.7641,36.4057],[25.7651,36.4047],[25.7661,36.4057],[25.7672,36.4057],[25.7682,36.405],[25.7693,36.4036],[25.7693,36.4029],[25.7719,36.3995],[25.7786,36.3995],[25.7797,36.3984],[25.7799,36.3974],[25.7797,36.3953],[25.7786,36.3943],[25.7797,36.3932],[25.7807,36.3932],[25.7818,36.3922],[25.7839,36.3922],[25.7867,36.3901],[25.7891,36.3896],[25.7901,36.3901],[25.7911,36.3891],[25.7922,36.3905],[25.7927,36.3901],[25.7943,36.3901],[25.7953,36.3891],[25.7974,36.3891],[25.7995,36.3859],[25.8016,36.3839],[25.8016,36.3828],[25.8031,36.3818],[25.8047,36.3818],[25.8057,36.3807],[25.8068,36.3807],[25.8078,36.3797],[25.8109,36.3797],[25.813,36.3776],[25.8151,36.3776],[25.8172,36.3755],[25.8177,36.3755],[25.8178,36.3766],[25.8193,36.3776],[25.8203,36.3766],[25.8197,36.3755],[25.8203,36.3734],[25.8245,36.3734],[25.8276,36.3714],[25.8266,36.3703],[25.8266,36.3693],[25.8289,36.3672],[25.8286,36.3661],[25.8297,36.3651],[25.8297,36.3641],[25.8289,36.363],[25.8297,36.362],[25.8307,36.3623],[25.8307,36.363],[25.8318,36.3641],[25.8328,36.3641],[25.8344,36.363],[25.8342,36.362],[25.8356,36.3609],[25.8453,36.3592],[25.8464,36.3589],[25.8474,36.3578],[25.8533,36.3578],[25.8547,36.3589],[25.8589,36.3589],[25.8599,36.3578],[25.861,36.3547],[25.861,36.3516],[25.8571,36.3474],[25.8536,36.3452],[25.8464,36.3429],[25.838,36.3429],[25.8328,36.3443],[25.8318,36.3453],[25.8328,36.3464],[25.8336,36.3464],[25.8328,36.3464],[25.8318,36.3474],[25.8311,36.3474],[25.8297,36.3464],[25.8286,36.3474],[25.8294,36.3484],[25.8281,36.3495],[25.8266,36.3495],[25.8255,36.3505],[25.826,36.3516],[25.8255,36.3526],[25.8224,36.3531],[25.819,36.3526],[25.8161,36.3516],[25.814,36.3516],[25.8109,36.3499],[25.8089,36.3495],[25.8078,36.3484],[25.8029,36.3484],[25.8005,36.3468],[25.7986,36.3464],[25.7922,36.3432],[25.7849,36.3428],[25.7797,36.3412],[25.7776,36.3414],[25.7745,36.3426],[25.7724,36.3411],[25.7714,36.3416],[25.7703,36.3405]],[[25.4422,36.3305],[25.4401,36.3307],[25.4373,36.3318],[25.4375,36.3328],[25.4366,36.3339],[25.4339,36.3339],[25.4328,36.3349],[25.4328,36.3356],[25.4316,36.3359],[25.4288,36.3401],[25.4224,36.344],[25.4089,36.3472],[25.4042,36.3474],[25.4004,36.3474],[25.3984,36.3466],[25.3974,36.3472],[25.3974,36.3464],[25.3964,36.3453],[25.3953,36.3453],[25.3943,36.3464],[25.3943,36.3469],[25.3933,36.3474],[25.3901,36.3474],[25.3891,36.3467],[25.388,36.3469],[25.388,36.3464],[25.387,36.3453],[25.3849,36.3453],[25.3834,36.3464],[25.3828,36.3481],[25.3816,36.3495],[25.3799,36.3505],[25.3776,36.3507],[25.3753,36.3536],[25.3745,36.3536],[25.3734,36.3547],[25.371,36.3547],[25.3693,36.3536],[25.3693,36.3526],[25.3682,36.3516],[25.3651,36.3516],[25.3641,36.3523],[25.363,36.3516],[25.362,36.3516],[25.3609,36.3526],[25.3609,36.3536],[25.3599,36.3536],[25.3578,36.3554],[25.3547,36.3557],[25.3536,36.3568],[25.3536,36.3578],[25.3547,36.3589],[25.3578,36.3589],[25.3603,36.3609],[25.3627,36.3651],[25.3651,36.3672],[25.3672,36.3672],[25.3693,36.3651],[25.3703,36.3661],[25.3714,36.3661],[25.3724,36.3651],[25.3745,36.3651],[25.3776,36.3672],[25.3828,36.3672],[25.3839,36.3682],[25.3849,36.3672],[25.3891,36.3672],[25.3901,36.3661],[25.3932,36.3661],[25.3943,36.3651],[25.3974,36.3651],[25.4005,36.363],[25.412,36.363],[25.4151,36.3651],[25.4151,36.3682],[25.4172,36.3703],[25.4182,36.3703],[25.4193,36.3713],[25.4224,36.3714],[25.4224,36.3734],[25.4214,36.3745],[25.4214,36.3766],[25.4245,36.3797],[25.4245,36.3807],[25.4255,36.3818],[25.4255,36.3828],[25.4266,36.3839],[25.4266,36.3859],[25.4286,36.388],[25.4297,36.388],[25.4307,36.3891],[25.4307,36.3901],[25.4328,36.3932],[25.4318,36.3943],[25.4318,36.3964],[25.4307,36.3974],[25.4307,36.3984],[25.4287,36.4005],[25.4286,36.4016],[25.4266,36.4016],[25.4255,36.4026],[25.4266,36.4036],[25.4255,36.4047],[25.4255,36.4057],[25.4266,36.4068],[25.4266,36.4089],[25.4276,36.4099],[25.4276,36.4172],[25.4266,36.4172],[25.4245,36.4193],[25.4245,36.4255],[25.4223,36.4276],[25.4182,36.4276],[25.4172,36.4286],[25.4151,36.4286],[25.4141,36.4276],[25.413,36.4286],[25.4141,36.4297],[25.4141,36.4307],[25.413,36.4318],[25.4141,36.4328],[25.4141,36.4339],[25.4182,36.438],[25.4182,36.4401],[25.4193,36.4411],[25.4214,36.4411],[25.4214,36.4453],[25.4203,36.4464],[25.4203,36.4494],[25.4193,36.4505],[25.4193,36.4516],[25.4182,36.4526],[25.4172,36.4526],[25.412,36.4578],[25.4109,36.4578],[25.4099,36.4588],[25.4078,36.4588],[25.4068,36.4578],[25.4016,36.4578],[25.3995,36.4558],[25.3974,36.4558],[25.3942,36.4578],[25.3912,36.4578],[25.3901,36.4568],[25.3891,36.4578],[25.387,36.4578],[25.3859,36.4589],[25.3859,36.4599],[25.3849,36.4589],[25.3828,36.4589],[25.3818,36.4599],[25.3807,36.4589],[25.3776,36.4589],[25.3766,36.4578],[25.3755,36.4588],[25.3745,36.4588],[25.3745,36.4578],[25.3724,36.4558],[25.3703,36.4578],[25.3703,36.4599],[25.3693,36.4599],[25.3682,36.4609],[25.3682,36.462],[25.3693,36.463],[25.3672,36.4651],[25.3672,36.4661],[25.3682,36.4672],[25.368,36.4714],[25.3689,36.4734],[25.3714,36.4754],[25.3755,36.4777],[25.3776,36.4795],[25.3786,36.4798],[25.3793,36.4807],[25.3792,36.4828],[25.3805,36.4839],[25.3827,36.4839],[25.3811,36.4828],[25.3818,36.4819],[25.3849,36.4824],[25.3859,36.4836],[25.387,36.4836],[25.3977,36.4797],[25.3995,36.4797],[25.4014,36.4786],[25.4047,36.4786],[25.4088,36.4776],[25.413,36.4776],[25.4141,36.4767],[25.4172,36.4766],[25.4203,36.4755],[25.4214,36.4745],[25.4224,36.4745],[25.4242,36.4724],[25.425,36.4703],[25.4261,36.4693],[25.4282,36.4641],[25.4297,36.462],[25.4297,36.4609],[25.4307,36.4606],[25.4339,36.4576],[25.4369,36.4557],[25.4384,36.4536],[25.4411,36.452],[25.4474,36.4466],[25.4498,36.4453],[25.4514,36.4432],[25.4536,36.442],[25.4547,36.4401],[25.4544,36.4391],[25.4557,36.4372],[25.4589,36.4351],[25.4595,36.4318],[25.4626,36.4276],[25.4714,36.4229],[25.4764,36.4182],[25.4786,36.4167],[25.4859,36.4141],[25.487,36.413],[25.4865,36.412],[25.4891,36.4078],[25.4885,36.4068],[25.4894,36.4047],[25.4891,36.3984],[25.488,36.3974],[25.4879,36.3943],[25.4883,36.3922],[25.4876,36.388],[25.488,36.3835],[25.4891,36.3818],[25.4891,36.3776],[25.4875,36.3766],[25.4875,36.3755],[25.4859,36.3739],[25.4855,36.3724],[25.4839,36.3714],[25.4828,36.3689],[25.4842,36.3672],[25.4839,36.3661],[25.4872,36.363],[25.488,36.3599],[25.4849,36.3578],[25.4839,36.3584],[25.4839,36.3568],[25.4828,36.3557],[25.4807,36.3562],[25.4783,36.3557],[25.4703,36.3474],[25.4693,36.3473],[25.4693,36.3464],[25.4682,36.3453],[25.4667,36.3453],[25.462,36.3414],[25.4609,36.3412],[25.4568,36.338],[25.4557,36.338],[25.4526,36.3365],[25.4495,36.3339],[25.4453,36.3314],[25.4422,36.3305]],[[25.8036,36.3066],[25.8016,36.3061],[25.7953,36.3073],[25.794,36.3078],[25.7932,36.3089],[25.7922,36.3088],[25.7922,36.3099],[25.7943,36.3113],[25.7943,36.312],[25.7932,36.313],[25.7943,36.3148],[25.7964,36.3152],[25.7974,36.3147],[25.7984,36.313],[25.7984,36.3111],[25.7984,36.312],[25.7995,36.313],[25.8002,36.313],[25.7995,36.313],[25.7984,36.3141],[25.7991,36.3151],[25.8005,36.3141],[25.8005,36.3133],[25.8025,36.3151],[25.8026,36.316],[25.8036,36.3156],[25.805,36.312],[25.8036,36.3099],[25.8036,36.3089],[25.8048,36.3078],[25.8036,36.3066]],[[25.8349,36.2647],[25.8344,36.2651],[25.8358,36.2651],[25.8349,36.2647]],[[25.8901,36.265],[25.8891,36.2641],[25.8859,36.2641],[25.8849,36.2651],[25.8849,36.2659],[25.8839,36.2651],[25.8818,36.2651],[25.8807,36.2661],[25.8818,36.2672],[25.8818,36.2679],[25.8807,36.2682],[25.8797,36.2672],[25.8786,36.2672],[25.8765,36.2703],[25.8766,36.2724],[25.8776,36.2734],[25.8828,36.2746],[25.8849,36.2745],[25.887,36.2724],[25.8891,36.2724],[25.8891,36.2734],[25.8901,36.2745],[25.8911,36.2745],[25.8922,36.2755],[25.8974,36.2755],[25.8996,36.2734],[25.8995,36.2724],[25.8984,36.2714],[25.8964,36.2712],[25.8953,36.2724],[25.8935,36.2724],[25.8932,36.2714],[25.8943,36.2703],[25.8913,36.2672],[25.8911,36.2661],[25.8901,36.265]],[[25.8328,36.263],[25.8286,36.263],[25.8266,36.2651],[25.8276,36.2661],[25.8266,36.2661],[25.8255,36.2651],[25.8245,36.2661],[25.8255,36.2672],[25.8255,36.2682],[25.8245,36.2672],[25.8234,36.2682],[25.8245,36.2693],[25.8245,36.2703],[25.8234,36.2703],[25.8224,36.2693],[25.8203,36.2714],[25.8214,36.2724],[25.8222,36.2724],[25.8214,36.2734],[25.8224,36.2745],[25.8224,36.2755],[25.8213,36.2766],[25.8214,36.2776],[25.8234,36.2797],[25.8245,36.2786],[25.8255,36.2786],[25.8266,36.2797],[25.8276,36.2786],[25.8286,36.2797],[25.8297,36.2797],[25.8307,36.2786],[25.8297,36.2776],[25.829,36.2776],[25.8307,36.2776],[25.8349,36.2776],[25.8339,36.2786],[25.8349,36.2797],[25.837,36.2776],[25.838,36.2776],[25.8391,36.2786],[25.8412,36.2766],[25.8424,36.2734],[25.8427,36.2714],[25.8422,36.2693],[25.8411,36.2682],[25.8401,36.2682],[25.8391,36.2693],[25.8383,36.2693],[25.838,36.2682],[25.8391,36.2672],[25.838,36.2661],[25.8365,36.2661],[25.8359,36.268],[25.8349,36.268],[25.8339,36.2672],[25.833,36.2672],[25.832,36.2651],[25.8328,36.2651],[25.8339,36.2641],[25.8328,36.263]],[[25.2078,36.2411],[25.2068,36.2422],[25.2075,36.2432],[25.2068,36.2443],[25.2047,36.2443],[25.2036,36.245],[25.2026,36.2443],[25.2016,36.2443],[25.2026,36.2443],[25.2036,36.2432],[25.2026,36.2422],[25.2016,36.2422],[25.2005,36.2432],[25.2005,36.2441],[25.1995,36.2432],[25.1964,36.2432],[25.1943,36.2453],[25.1943,36.2474],[25.1953,36.2484],[25.1953,36.2505],[25.1982,36.2536],[25.1984,36.2557],[25.2016,36.2589],[25.2016,36.2599],[25.2026,36.2609],[25.2036,36.2609],[25.2068,36.2578],[25.206,36.2568],[25.206,36.2557],[25.2068,36.2547],[25.2068,36.2526],[25.2089,36.2526],[25.2099,36.2516],[25.2109,36.2516],[25.213,36.2484],[25.2109,36.246],[25.2109,36.2439],[25.2099,36.2432],[25.2082,36.2432],[25.2089,36.2422],[25.2078,36.2411]],[[25.2161,36.2316],[25.2151,36.2307],[25.2141,36.2315],[25.213,36.2307],[25.212,36.2307],[25.2099,36.2328],[25.2099,36.2349],[25.2089,36.2356],[25.2089,36.2349],[25.2078,36.2339],[25.2068,36.2349],[25.2109,36.238],[25.213,36.238],[25.2141,36.237],[25.2161,36.237],[25.2182,36.2349],[25.2172,36.2339],[25.2161,36.2339],[25.2165,36.2328],[25.2161,36.2316]],[[25.2297,36.2193],[25.2286,36.2193],[25.2276,36.2203],[25.2276,36.2214],[25.2286,36.2224],[25.2297,36.2224],[25.2307,36.2214],[25.2307,36.2203],[25.2297,36.2193]]]]}},{"type":"Feature","properties":{"depth":5,"kind":"isobath"},"geometry":{"type":"MultiLineString","coordinates":[[[25.188,36.9766],[25.188,36.9773],[25.1873,36.9766]],[[25.0248,36.9755],[25.0241,36.9755],[25.0245,36.9751]],[[25.1839,36.9745],[25.1839,36.9751],[25.1832,36.9745]],[[25.0005,36.9698],[25.0059,36.9703],[25.0078,36.9714],[25.0102,36.9714],[25.012,36.9724],[25.0141,36.9725],[25.0161,36.9747],[25.0161,36.9766],[25.0172,36.9776],[25.0218,36.9776],[25.0214,36.9786],[25.0203,36.9782],[25.0193,36.9786],[25.0151,36.9839],[25.0151,36.9849],[25.0161,36.9859],[25.0182,36.9859],[25.0193,36.9849],[25.0193,36.9859],[25.0203,36.987],[25.0214,36.987],[25.0224,36.988],[25.0236,36.987],[25.0234,36.988],[25.0224,36.9891],[25.0224,36.9922],[25.0202,36.9943],[25.0192,36.9995]],[[25.5578,36.9682],[25.5578,36.9689],[25.5571,36.9682]],[[25.5573,36.962],[25.5568,36.9624],[25.5563,36.962],[25.5568,36.9612]],[[25.5526,36.9589],[25.5526,36.9596],[25.5519,36.9589]],[[25.0255,36.9578],[25.0255,36.9586],[25.0247,36.9578]],[[25.5474,36.9547],[25.5474,36.9555],[25.5466,36.9547]],[[25.4849,36.9339],[25.4849,36.9346],[25.4839,36.9345],[25.4839,36.9339]],[[25.6057,36.8839],[25.6057,36.8857],[25.6057,36.8849],[25.6044,36.8839]],[[25.9034,36.8797],[25.9026,36.8804],[25.9026,36.8797]],[[25.6849,36.8786],[25.6859,36.8797],[25.6865,36.8818],[25.6839,36.8839],[25.6839,36.8847],[25.6818,36.8824],[25.6839,36.8797],[25.6839,36.8786]],[[25.6682,36.8755],[25.6682,36.8776],[25.6664,36.8755]],[[25.5419,36.8516],[25.5411,36.8534],[25.5394,36.8516],[25.5411,36.8509]],[[25.6774,36.8391],[25.6766,36.8401],[25.6773,36.8411],[25.6742,36.8411],[25.6755,36.8411],[25.6766,36.8401],[25.6758,36.8391]],[[25.8589,36.8266],[25.8599,36.8276],[25.862,36.828],[25.8624,36.8276],[25.8648,36.8276],[25.8651,36.829],[25.8646,36.8297],[25.863,36.8304],[25.8609,36.8307],[25.8589,36.8328],[25.8557,36.8324],[25.8536,36.8345],[25.8519,36.8339],[25.8526,36.8328],[25.8505,36.8307],[25.8464,36.8305],[25.8456,36.8297],[25.8464,36.8286],[25.8474,36.8286],[25.8488,36.8276],[25.8505,36.8276],[25.8516,36.8286],[25.8557,36.8286]],[[25.8026,36.812],[25.802,36.812],[25.8026,36.8114]],[[25.7408,36.7891],[25.7401,36.7898],[25.7401,36.7891]],[[25.2578,36.7443],[25.2599,36.7464],[25.262,36.7464],[25.2609,36.7471],[25.2599,36.7471],[25.2578,36.7453]],[[25.4013,36.7099],[25.3977,36.7099],[25.3995,36.7092]],[[25.1816,36.7068],[25.182,36.7078],[25.1807,36.7089],[25.1807,36.7096],[25.1797,36.7089],[25.1786,36.7089],[25.1776,36.7078],[25.1786,36.7068]],[[25.1568,36.6807],[25.1568,36.6814],[25.1561,36.6807]],[[25.8328,36.3599],[25.8339,36.3609],[25.8347,36.3609],[25.8339,36.3619],[25.8328,36.3609],[25.8307,36.3615],[25.8307,36.3609],[25.8318,36.3599]],[[25.4092,36.3484],[25.4089,36.3484],[25.4089,36.3476]],[[25.8911,36.2672],[25.8901,36.2682],[25.8894,36.2682],[25.8893,36.2672]],[[25.9974,36.8849],[25.9964,36.8839],[25.9932,36.8839],[25.9922,36.8828],[25.9922,36.8807],[25.9911,36.8797],[25.9901,36.8807],[25.9891,36.8807],[25.988,36.8797],[25.9859,36.8818],[25.9859,36.8828],[25.984,36.8828],[25.9859,36.8797],[25.9849,36.8787],[25.9839,36.8796],[25.9828,36.8786],[25.9797,36.8786],[25.9786,36.8776],[25.9755,36.8776],[25.9745,36.8766],[25.9734,36.8766],[25.9714,36.8742],[25.9703,36.8734],[25.9693,36.8734],[25.9682,36.8724],[25.9675,36.8714],[25.9672,36.8693],[25.9661,36.8682],[25.9652,36.8682],[25.9652,36.8672],[25.9661,36.8661],[25.9651,36.8651],[25.9641,36.8661],[25.9641,36.8651],[25.963,36.8641],[25.961,36.8641],[25.9599,36.863],[25.9589,36.863],[25.9578,36.862],[25.9588,36.8609],[25.9557,36.8578],[25.9526,36.8578],[25.9527,36.8568],[25.9516,36.8557],[25.9495,36.8557],[25.9474,36.8537],[25.9464,36.8537],[25.9453,36.8547],[25.9453,36.8536],[25.9443,36.8526],[25.9422,36.8526],[25.9411,36.8535],[25.9401,36.8536],[25.9391,36.8526],[25.937,36.8526],[25.937,36.8516],[25.9359,36.8505],[25.9342,36.8505],[25.9339,36.8484],[25.9329,36.8474],[25.9339,36.8464],[25.9307,36.8432],[25.93,36.8432],[25.9289,36.8422],[25.9297,36.8411],[25.9297,36.8401],[25.9276,36.838],[25.9266,36.8389],[25.9255,36.8379],[25.9245,36.8379],[25.9224,36.8359],[25.9214,36.8359],[25.9203,36.8349],[25.9193,36.8349],[25.9182,36.8339],[25.9174,36.8339],[25.9182,36.8339],[25.9193,36.8328],[25.9193,36.8318],[25.9182,36.8307],[25.9172,36.8307],[25.9162,36.8318],[25.9159,36.8328],[25.9133,36.8328],[25.912,36.8316],[25.912,36.8307],[25.911,36.8297],[25.912,36.8286],[25.9109,36.8276],[25.909,36.8276],[25.908,36.8266],[25.9089,36.8255],[25.9089,36.8245],[25.9071,36.8224],[25.9071,36.8203],[25.9078,36.8193],[25.9068,36.8182],[25.9068,36.8161],[25.9036,36.813],[25.9016,36.813],[25.8984,36.8109],[25.8964,36.8109],[25.8953,36.8099],[25.8932,36.8096],[25.8922,36.8086],[25.8922,36.8068],[25.8911,36.8057],[25.8883,36.8057],[25.8891,36.8047],[25.888,36.8035],[25.887,36.8026],[25.8859,36.8036],[25.8849,36.8026],[25.8859,36.8016],[25.8859,36.7995],[25.8839,36.7974],[25.881,36.7974],[25.8818,36.7964],[25.8798,36.7943],[25.8807,36.7932],[25.8797,36.7922],[25.8755,36.7922],[25.8745,36.7911],[25.8734,36.7911],[25.8734,36.7901],[25.8724,36.7891],[25.8715,36.7891],[25.8703,36.788],[25.8693,36.788],[25.8661,36.7859],[25.8651,36.7859],[25.8641,36.7849],[25.863,36.7859],[25.862,36.7849],[25.8599,36.7849],[25.8589,36.7839],[25.8578,36.7839],[25.8568,36.7847],[25.8557,36.7838],[25.8543,36.7859],[25.8516,36.7859],[25.8505,36.7849],[25.8488,36.7849],[25.8474,36.7839],[25.8456,36.7839],[25.8443,36.7828],[25.8394,36.7828],[25.838,36.7807],[25.837,36.7807],[25.8359,36.7797],[25.8349,36.7807],[25.8359,36.7818],[25.8339,36.7839],[25.8318,36.7839],[25.8307,36.7845],[25.8276,36.7844],[25.8276,36.7839],[25.8255,36.7818],[25.8245,36.7828],[25.8224,36.7807],[25.8193,36.7807],[25.8195,36.7797],[25.8182,36.7786],[25.8193,36.7776],[25.8172,36.7755],[25.8161,36.7766],[25.8161,36.7773],[25.8161,36.7766],[25.8102,36.7703],[25.8082,36.7703],[25.807,36.7682],[25.8057,36.768],[25.8036,36.7661],[25.7984,36.766],[25.7964,36.7669],[25.7943,36.7659],[25.7891,36.7661],[25.788,36.7651],[25.7807,36.7651],[25.7797,36.7661],[25.7724,36.7661],[25.7714,36.7672],[25.7703,36.7672],[25.7672,36.7703],[25.7661,36.7703],[25.7641,36.772],[25.7609,36.7703],[25.7578,36.7703],[25.7541,36.7745],[25.7526,36.7745],[25.7495,36.7776],[25.7484,36.7776],[25.7453,36.7807],[25.7452,36.7818],[25.7432,36.7849],[25.7432,36.7859],[25.7443,36.787],[25.7432,36.787],[25.7422,36.7859],[25.7391,36.788],[25.738,36.788],[25.737,36.7891],[25.737,36.7901],[25.738,36.7911],[25.7397,36.7911],[25.7401,36.7923],[25.7401,36.7953],[25.7422,36.7974],[25.7432,36.7974],[25.7443,36.7967],[25.7453,36.7953],[25.7474,36.7953],[25.7484,36.7943],[25.7484,36.7932],[25.7505,36.7953],[25.7536,36.7953],[25.7557,36.7932],[25.7557,36.7911],[25.7578,36.7911],[25.7589,36.7922],[25.7589,36.7932],[25.7609,36.7953],[25.762,36.7943],[25.762,36.7964],[25.763,36.7974],[25.7641,36.7974],[25.7651,36.7964],[25.7651,36.7984],[25.7641,36.7995],[25.7641,36.8005],[25.7661,36.8026],[25.7672,36.8026],[25.7672,36.8047],[25.7661,36.8057],[25.7672,36.8068],[25.7682,36.8057],[25.7703,36.8057],[25.7703,36.8068],[25.7693,36.8078],[25.7714,36.8099],[25.7734,36.8099],[25.7745,36.8089],[25.7776,36.8089],[25.7786,36.8078],[25.7807,36.8078],[25.7807,36.8089],[25.7818,36.8099],[25.7818,36.812],[25.7807,36.813],[25.7807,36.8141],[25.7818,36.8151],[25.7828,36.8141],[25.7839,36.8151],[25.7891,36.8151],[25.7906,36.813],[25.8005,36.813],[25.8016,36.8124],[25.8016,36.813],[25.8026,36.8141],[25.8047,36.8144],[25.8074,36.8161],[25.8089,36.8164],[25.8109,36.816],[25.813,36.8141],[25.812,36.813],[25.813,36.812],[25.8151,36.812],[25.8161,36.813],[25.8168,36.813],[25.8172,36.8139],[25.8193,36.8141],[25.8203,36.813],[25.8193,36.812],[25.8185,36.812],[25.8193,36.812],[25.8203,36.8109],[25.8214,36.8109],[25.8224,36.812],[25.8234,36.8109],[25.8255,36.8109],[25.8266,36.8099],[25.8276,36.8099],[25.8286,36.8089],[25.8307,36.8089],[25.8328,36.8109],[25.8339,36.8109],[25.8359,36.8141],[25.837,36.8141],[25.838,36.8151],[25.8391,36.8141],[25.8391,36.8151],[25.8411,36.8172],[25.8432,36.8151],[25.8432,36.8141],[25.8443,36.813],[25.8443,36.812],[25.8453,36.8116],[25.8453,36.8141],[25.8464,36.8151],[25.8474,36.8151],[25.8484,36.8161],[25.8495,36.8154],[25.8505,36.8161],[25.8516,36.8161],[25.8516,36.8189],[25.8495,36.8203],[25.8495,36.8214],[25.8474,36.8234],[25.8474,36.8245],[25.8453,36.8266],[25.8453,36.8276],[25.8443,36.8286],[25.8443,36.8297],[25.8457,36.8307],[25.8453,36.8328],[25.8445,36.8328],[25.8451,36.8318],[25.8443,36.8314],[25.8436,36.8318],[25.8437,36.8328],[25.8432,36.8332],[25.8391,36.8312],[25.8357,36.8349],[25.838,36.838],[25.837,36.8391],[25.838,36.8401],[25.8391,36.8391],[25.8401,36.8391],[25.8401,36.8411],[25.838,36.8432],[25.8388,36.8443],[25.8391,36.8464],[25.8432,36.8495],[25.8432,36.8505],[25.8443,36.8516],[25.8453,36.8516],[25.8464,36.8526],[25.8536,36.8526],[25.8565,36.8557],[25.8589,36.8562],[25.8594,36.8568],[25.8599,36.8589],[25.8609,36.8599],[25.8651,36.8595],[25.8745,36.8623],[25.8776,36.8625],[25.8786,36.863],[25.8818,36.863],[25.8818,36.8641],[25.8839,36.8661],[25.8943,36.8663],[25.9026,36.8687],[25.9047,36.8681],[25.9068,36.8661],[25.9078,36.8672],[25.9099,36.8674],[25.912,36.8693],[25.913,36.8693],[25.9141,36.8703],[25.9176,36.8703],[25.9203,36.8734],[25.9224,36.8735],[25.9255,36.8747],[25.9319,36.8807],[25.9307,36.8818],[25.9297,36.8818],[25.9286,36.8828],[25.9276,36.8828],[25.9266,36.8839],[25.9224,36.8844],[25.9197,36.8818],[25.9203,36.8807],[25.9193,36.8797],[25.9182,36.8797],[25.9172,36.8786],[25.9164,36.8786],[25.9172,36.8786],[25.9182,36.8776],[25.9172,36.8766],[25.912,36.8766],[25.9109,36.8776],[25.912,36.8786],[25.9127,36.8786],[25.9099,36.8786],[25.9089,36.8794],[25.9078,36.8786],[25.9068,36.8794],[25.9047,36.8794],[25.9047,36.8786],[25.9026,36.8772],[25.9005,36.8797],[25.9016,36.8807],[25.9022,36.8807],[25.8953,36.8807],[25.8984,36.8786],[25.8967,36.8755],[25.8953,36.8745],[25.8891,36.8745],[25.888,36.8755],[25.8879,36.8766],[25.888,36.8776],[25.8891,36.8786],[25.8891,36.8797],[25.888,36.8807],[25.8891,36.8818],[25.8901,36.8807],[25.8922,36.8807],[25.8932,36.8818],[25.8943,36.8818],[25.8932,36.8828],[25.8932,36.8846],[25.8922,36.8844],[25.8911,36.8849],[25.8901,36.8839],[25.8859,36.8838],[25.8849,36.8848],[25.8849,36.8891],[25.8859,36.8901],[25.887,36.8891],[25.8943,36.8891],[25.8953,36.888],[25.9005,36.888],[25.9025,36.8901],[25.9047,36.8903],[25.9141,36.8901],[25.9151,36.8891],[25.9203,36.8891],[25.9214,36.888],[25.9245,36.888],[25.9255,36.887],[25.9266,36.888],[25.9276,36.888],[25.9297,36.8859],[25.9318,36.8859],[25.9339,36.8839],[25.9349,36.8838],[25.9359,36.8828],[25.9362,36.8818],[25.9352,36.8807],[25.937,36.8807],[25.9401,36.8828],[25.9443,36.8828],[25.9453,36.8839],[25.9464,36.8839],[25.9495,36.887],[25.9505,36.887],[25.9547,36.8911],[25.9568,36.8911],[25.9578,36.8922],[25.9599,36.8922],[25.9609,36.8932],[25.962,36.8932],[25.9641,36.8953],[25.9661,36.8953],[25.9672,36.8964],[25.9682,36.8964],[25.9693,36.8974],[25.9682,36.8984],[25.9693,36.8995],[25.9703,36.8984],[25.9714,36.8984],[25.9724,36.8995],[25.9734,36.8995],[25.9745,36.9005],[25.9745,36.9016],[25.9755,36.9026],[25.9765,36.9026],[25.9759,36.9057],[25.9724,36.9057],[25.9714,36.9068],[25.9703,36.9068],[25.9693,36.9057],[25.9682,36.9057],[25.9672,36.9068],[25.9661,36.9068],[25.9672,36.9057],[25.9661,36.9044],[25.9641,36.9044],[25.9626,36.9068],[25.9599,36.9068],[25.9589,36.9078],[25.9557,36.9078],[25.9547,36.9089],[25.9547,36.9109],[25.9557,36.9121],[25.9557,36.913],[25.9568,36.9141],[25.9578,36.9141],[25.9578,36.9161],[25.9599,36.9183],[25.9599,36.9193],[25.9609,36.9203],[25.963,36.9203],[25.9641,36.9214],[25.9693,36.9214],[25.9703,36.9224],[25.9672,36.9255],[25.9672,36.9266],[25.9682,36.9276],[25.9703,36.9277],[25.9734,36.9297],[25.9776,36.9299],[25.9786,36.9307],[25.9859,36.9307],[25.987,36.93],[25.9891,36.9299],[25.9901,36.9304],[25.9911,36.9299],[25.9943,36.9329],[25.9953,36.9328],[25.9967,36.9339],[25.9974,36.9347],[25.9974,36.937],[25.9984,36.938]],[[25.5651,36.9958],[25.5651,36.9938],[25.5655,36.9932],[25.5651,36.9911],[25.5641,36.9897],[25.5614,36.9891],[25.5615,36.988],[25.562,36.9876],[25.563,36.988],[25.5641,36.987],[25.5634,36.9859],[25.5641,36.9849],[25.5634,36.9839],[25.5641,36.9839],[25.5651,36.9828],[25.5641,36.9815],[25.5614,36.9828],[25.5609,36.9823],[25.5609,36.9807],[25.5589,36.9786],[25.5599,36.9776],[25.5599,36.9734],[25.5589,36.9724],[25.5589,36.9703],[25.5581,36.9693],[25.5589,36.9693],[25.5599,36.9682],[25.5599,36.9662],[25.5589,36.967],[25.5578,36.9661],[25.5568,36.9672],[25.5568,36.9679],[25.5557,36.9672],[25.5557,36.9661],[25.5568,36.9661],[25.5588,36.9651],[25.5581,36.962],[25.5568,36.9608],[25.5557,36.9616],[25.5547,36.9609],[25.5536,36.962],[25.5536,36.9609],[25.5547,36.9607],[25.5551,36.9599],[25.5547,36.9589],[25.5505,36.9547],[25.5497,36.9547],[25.5474,36.9526],[25.5464,36.9536],[25.5464,36.9544],[25.5453,36.9545],[25.5445,36.9536],[25.5453,36.9536],[25.5464,36.9526],[25.5455,36.9516],[25.5432,36.9504],[25.5411,36.9501],[25.5391,36.9509],[25.538,36.9506],[25.5359,36.9526],[25.5359,36.9557],[25.5349,36.9557],[25.5339,36.9565],[25.5318,36.9547],[25.5291,36.9547],[25.5276,36.9536],[25.5266,36.9547],[25.5266,36.9553],[25.5248,36.9547],[25.5245,36.9536],[25.5234,36.9526],[25.5224,36.9536],[25.5234,36.9547],[25.5242,36.9547],[25.5234,36.9547],[25.5214,36.9564],[25.5203,36.9557],[25.5203,36.9547],[25.5193,36.9536],[25.5203,36.9526],[25.5193,36.9511],[25.5172,36.9501],[25.5141,36.9506],[25.5139,36.9516],[25.513,36.9526],[25.512,36.9534],[25.5109,36.9534],[25.5109,36.9516],[25.512,36.9505],[25.512,36.9498],[25.5127,36.9495],[25.5099,36.9469],[25.5078,36.9464],[25.5068,36.9465],[25.5059,36.9474],[25.5057,36.9495],[25.5047,36.9503],[25.5036,36.9502],[25.5036,36.9495],[25.5047,36.9484],[25.5049,36.9464],[25.4973,36.9422],[25.4943,36.94],[25.4915,36.937],[25.4894,36.9328],[25.4885,36.9297],[25.4874,36.9286],[25.4818,36.9272],[25.4797,36.9275],[25.4786,36.9286],[25.4797,36.9297],[25.4804,36.9297],[25.4766,36.9297],[25.4755,36.9286],[25.4745,36.9297],[25.4755,36.9307],[25.4745,36.9318],[25.4745,36.9328],[25.4734,36.9339],[25.4734,36.9345],[25.4724,36.9352],[25.4714,36.9351],[25.4714,36.9339],[25.4703,36.9328],[25.4693,36.9328],[25.4682,36.9335],[25.4661,36.9318],[25.4655,36.9318],[25.4641,36.9304],[25.4641,36.9286],[25.4609,36.9263],[25.4609,36.9255],[25.462,36.9245],[25.4617,36.9214],[25.4589,36.919],[25.4536,36.9164],[25.4516,36.9141],[25.4484,36.9138],[25.4474,36.9139],[25.4443,36.9155],[25.4359,36.9161],[25.4349,36.9172],[25.4339,36.9172],[25.4318,36.9193],[25.4307,36.9193],[25.4297,36.9203],[25.4297,36.9255],[25.4307,36.9266],[25.4307,36.9276],[25.4297,36.9276],[25.4286,36.9286],[25.4234,36.9287],[25.4224,36.9297],[25.4234,36.9307],[25.4243,36.9307],[25.4224,36.9307],[25.4214,36.9318],[25.4224,36.9328],[25.4224,36.938],[25.4214,36.9391],[25.4224,36.9401],[25.4245,36.9401],[25.4245,36.9429],[25.4234,36.9443],[25.4245,36.9453],[25.4245,36.9474],[25.4252,36.9484],[25.4245,36.9495],[25.4245,36.9526],[25.4255,36.9542],[25.4255,36.9559],[25.425,36.9599],[25.4238,36.9609],[25.4214,36.9654],[25.4187,36.9672],[25.4172,36.9672],[25.4161,36.9678],[25.4151,36.9678],[25.4141,36.9669],[25.413,36.9669],[25.412,36.9686],[25.4099,36.9696],[25.4068,36.9693],[25.4057,36.9707],[25.4026,36.9729],[25.4012,36.9745],[25.3984,36.976],[25.3953,36.9762],[25.3922,36.9755],[25.3911,36.9766],[25.3901,36.9768],[25.3891,36.9755],[25.387,36.9752],[25.3859,36.9745],[25.3849,36.9745],[25.3839,36.9755],[25.3847,36.9786],[25.3832,36.9818],[25.3831,36.9839],[25.3812,36.987],[25.3839,36.9881],[25.388,36.9884],[25.3892,36.9901],[25.3888,36.9922],[25.3863,36.9953],[25.387,36.9964],[25.3865,36.9984],[25.3849,36.9995]],[[25.2214,36.9943],[25.2219,36.9932],[25.2214,36.9927],[25.2214,36.9891],[25.2206,36.988],[25.2214,36.988],[25.2224,36.987],[25.2214,36.9858],[25.2203,36.9855],[25.2182,36.987],[25.2193,36.988],[25.22,36.988],[25.2172,36.9911],[25.212,36.992],[25.2099,36.9915],[25.2089,36.9901],[25.2083,36.9901],[25.2057,36.9876],[25.2047,36.987],[25.2032,36.987],[25.2005,36.9845],[25.1984,36.9841],[25.1964,36.9818],[25.1943,36.9828],[25.1932,36.9818],[25.192,36.9818],[25.1922,36.9807],[25.1904,36.9786],[25.1911,36.9786],[25.1922,36.9776],[25.1913,36.9766],[25.1901,36.9763],[25.1891,36.9755],[25.187,36.9734],[25.1849,36.9734],[25.1839,36.9724],[25.1797,36.9723],[25.1776,36.9732],[25.1732,36.9734],[25.1714,36.9755],[25.1724,36.9766],[25.1731,36.9766],[25.1682,36.9766],[25.1672,36.9776],[25.1651,36.9776],[25.1641,36.9766],[25.162,36.9766],[25.1609,36.9776],[25.1609,36.9786],[25.1599,36.9797],[25.1599,36.9806],[25.1584,36.9818],[25.1578,36.9838],[25.1568,36.9848],[25.1557,36.9847],[25.1547,36.9839],[25.1547,36.9828],[25.154,36.9818],[25.1526,36.9807],[25.1516,36.9818],[25.1516,36.9859],[25.1492,36.9859],[25.1474,36.9849],[25.1464,36.9849],[25.1453,36.9839],[25.1432,36.9833],[25.1423,36.9839],[25.1414,36.987],[25.14,36.9891],[25.138,36.9905],[25.1359,36.9901],[25.1349,36.9911],[25.1349,36.9945],[25.1344,36.9953],[25.1318,36.9964],[25.1307,36.9966],[25.1307,36.9953],[25.1297,36.9943],[25.1286,36.9943],[25.1276,36.9932],[25.1255,36.9932],[25.1245,36.9922],[25.1229,36.9932],[25.1209,36.9932],[25.1198,36.9922],[25.1203,36.9911],[25.1193,36.9901],[25.1178,36.9911],[25.1167,36.9932],[25.1161,36.9932],[25.1151,36.9943],[25.1153,36.9984],[25.115,36.9995]],[[25.0776,36.9953],[25.075,36.9932],[25.0749,36.9911],[25.0755,36.9901],[25.0755,36.9891],[25.0745,36.9877],[25.0743,36.9849],[25.0755,36.9839],[25.0755,36.9828],[25.0734,36.9807],[25.0714,36.9803],[25.0682,36.9772],[25.0658,36.9766],[25.062,36.972],[25.0612,36.9703],[25.0614,36.9693],[25.0609,36.9684],[25.062,36.9682],[25.063,36.9672],[25.063,36.9661],[25.0641,36.9651],[25.0651,36.9651],[25.0661,36.9641],[25.0661,36.9634],[25.0693,36.9609],[25.0693,36.9599],[25.0682,36.9589],[25.0672,36.9589],[25.0682,36.9578],[25.0682,36.9562],[25.0693,36.9578],[25.0703,36.9578],[25.0724,36.9557],[25.0724,36.9535],[25.0734,36.9536],[25.0745,36.9526],[25.0734,36.9516],[25.0724,36.9523],[25.0724,36.9505],[25.0718,36.9495],[25.0734,36.9495],[25.0745,36.9484],[25.0766,36.9484],[25.0776,36.9474],[25.0776,36.9443],[25.0768,36.9432],[25.0755,36.943],[25.0745,36.944],[25.0734,36.9429],[25.0734,36.9391],[25.0726,36.938],[25.0734,36.938],[25.0745,36.937],[25.0745,36.9359],[25.0734,36.9349],[25.0714,36.9349],[25.0703,36.9359],[25.0714,36.937],[25.0714,36.9377],[25.0703,36.9391],[25.0703,36.9408],[25.0682,36.9422],[25.0682,36.9429],[25.0672,36.9432],[25.0661,36.9422],[25.0651,36.9432],[25.0641,36.9462],[25.062,36.9484],[25.0609,36.9484],[25.0599,36.9495],[25.0599,36.9502],[25.0589,36.9505],[25.0578,36.9495],[25.0557,36.9507],[25.0547,36.9526],[25.0557,36.9536],[25.0547,36.9547],[25.0547,36.9557],[25.0495,36.9554],[25.0495,36.9547],[25.0484,36.9536],[25.0474,36.9547],[25.0484,36.9557],[25.0492,36.9557],[25.0484,36.9557],[25.0474,36.9568],[25.0484,36.9578],[25.0464,36.9609],[25.0464,36.963],[25.0453,36.963],[25.0443,36.9641],[25.0422,36.9641],[25.0411,36.9651],[25.0411,36.9693],[25.0417,36.9703],[25.0401,36.9715],[25.0266,36.9717],[25.0246,36.9703],[25.0294,36.9672],[25.0307,36.9672],[25.0318,36.9661],[25.0339,36.9661],[25.0349,36.9651],[25.0349,36.9641],[25.0341,36.963],[25.0349,36.963],[25.0359,36.962],[25.0349,36.9609],[25.0339,36.9609],[25.0328,36.962],[25.0311,36.962],[25.0318,36.9609],[25.0307,36.9599],[25.0276,36.9599],[25.0286,36.9589],[25.0272,36.9568],[25.027,36.9557],[25.0276,36.9547],[25.0245,36.9525],[25.0234,36.9527],[25.0224,36.9518],[25.0203,36.9517],[25.0193,36.9512],[25.0161,36.9511],[25.0089,36.9513],[25.0078,36.9526],[25.0068,36.9526],[25.0078,36.9516],[25.0071,36.9505],[25.0047,36.9502],[25.0036,36.9505],[25.0026,36.9516],[25.0026,36.9526],[25.0016,36.9536],[25.0016,36.9526]],[[25.0984,36.9919],[25.0953,36.9953],[25.0974,36.9974],[25.0984,36.9974],[25.1005,36.9953],[25.1005,36.9932],[25.0995,36.9922]],[[25.1026,36.987],[25.1016,36.987],[25.1005,36.988],[25.1005,36.9891],[25.1016,36.9901],[25.1026,36.9901],[25.1036,36.9891],[25.1036,36.988]],[[25.2349,36.987],[25.2339,36.988],[25.2349,36.9891],[25.2349,36.9922],[25.2359,36.9932],[25.237,36.9932],[25.2391,36.9953],[25.24,36.9953],[25.2411,36.9964],[25.2443,36.9964],[25.2456,36.9953],[25.2453,36.9936],[25.2456,36.9901],[25.2453,36.9897],[25.2422,36.988],[25.2401,36.988],[25.238,36.9887],[25.237,36.988],[25.2359,36.988]],[[25.6339,36.9805],[25.633,36.9807],[25.6319,36.9839],[25.6328,36.9883],[25.6339,36.9893],[25.638,36.9904],[25.6401,36.9904],[25.6422,36.9895],[25.6433,36.988],[25.6435,36.987],[25.6436,36.9849],[25.6426,36.9828],[25.6411,36.9818],[25.6401,36.9823],[25.6391,36.9818],[25.637,36.9821]],[[25.1214,36.9648],[25.1161,36.9651],[25.1141,36.9672],[25.1141,36.9682],[25.1151,36.9693],[25.1151,36.9703],[25.1141,36.9703],[25.113,36.9714],[25.112,36.9734],[25.1133,36.9755],[25.113,36.9767],[25.112,36.9761],[25.1099,36.9762],[25.1089,36.9755],[25.1078,36.9755],[25.1068,36.9766],[25.1068,36.9797],[25.1075,36.9807],[25.1068,36.9818],[25.1078,36.9828],[25.1099,36.9828],[25.1109,36.9818],[25.112,36.9818],[25.1141,36.9797],[25.1159,36.9786],[25.1182,36.9786],[25.1193,36.9776],[25.1188,36.9745],[25.1214,36.9745],[25.1234,36.9724],[25.1245,36.9724],[25.1255,36.9734],[25.1271,36.9724],[25.128,36.9703],[25.1272,36.9682],[25.1245,36.9658]],[[25.2599,36.9586],[25.2599,36.9592],[25.2604,36.9589]],[[25.4109,36.9526],[25.4099,36.9536],[25.412,36.9557],[25.413,36.9557],[25.4141,36.9547]],[[25.0776,36.9505],[25.0745,36.9526],[25.0755,36.9536],[25.0766,36.9536],[25.0786,36.9516]],[[25.0672,36.9391],[25.0661,36.9401],[25.0661,36.9411],[25.0672,36.9422],[25.0682,36.9411],[25.0682,36.9401]],[[25.6099,36.9282],[25.6089,36.9276],[25.6078,36.9276],[25.6068,36.9289],[25.6025,36.9297],[25.6026,36.9286],[25.6016,36.9276],[25.6005,36.9282],[25.5974,36.9279],[25.5964,36.9289],[25.5943,36.9297],[25.5922,36.9318],[25.5922,36.9328],[25.5911,36.9328],[25.5891,36.9349],[25.5891,36.9359],[25.5899,36.937],[25.588,36.9401],[25.5891,36.9411],[25.5901,36.9411],[25.5921,36.9432],[25.5922,36.9453],[25.5942,36.9474],[25.5943,36.9484],[25.6005,36.9526],[25.6026,36.9526],[25.6036,36.952],[25.6047,36.9526],[25.6057,36.9517],[25.6078,36.9536],[25.6141,36.9536],[25.6151,36.9526],[25.6161,36.9526],[25.6203,36.9481],[25.6214,36.9495],[25.6224,36.9495],[25.6234,36.9484],[25.6245,36.9495],[25.6255,36.9485],[25.6266,36.9488],[25.6276,36.9484],[25.6286,36.9464],[25.6286,36.9453],[25.6266,36.9432],[25.6255,36.9443],[25.6241,36.9443],[25.6245,36.9432],[25.6266,36.9411],[25.6266,36.9359],[25.6255,36.9349],[25.6238,36.9349],[25.6224,36.9328],[25.6206,36.9349],[25.6177,36.9349],[25.6182,36.9339],[25.6172,36.9328],[25.6151,36.933],[25.6141,36.9313],[25.612,36.93],[25.6109,36.9299]],[[25.6057,36.9108],[25.6047,36.9099],[25.6036,36.9109],[25.6036,36.913],[25.6026,36.9141],[25.6026,36.9161],[25.6033,36.9172],[25.6033,36.9182],[25.6047,36.9205],[25.6068,36.9203],[25.6078,36.9193],[25.608,36.9182],[25.6078,36.9141],[25.6068,36.913],[25.6068,36.912]],[[25.5703,36.8932],[25.5693,36.8943],[25.5703,36.8953],[25.5703,36.8964],[25.5672,36.8995],[25.5641,36.8974],[25.5609,36.8974],[25.5599,36.8984],[25.5593,36.8984],[25.5581,36.8974],[25.5589,36.8974],[25.5599,36.8964],[25.5589,36.8953],[25.5557,36.8953],[25.5547,36.8964],[25.5536,36.8964],[25.5516,36.8984],[25.5526,36.8995],[25.5516,36.9005],[25.5526,36.9016],[25.5516,36.9026],[25.5526,36.9036],[25.5536,36.9036],[25.5547,36.9047],[25.5557,36.9047],[25.5568,36.9057],[25.5578,36.9057],[25.5578,36.9068],[25.5589,36.9078],[25.5609,36.9078],[25.562,36.9089],[25.563,36.9079],[25.5641,36.9089],[25.5651,36.9078],[25.5661,36.9079],[25.5661,36.9089],[25.5672,36.9099],[25.5672,36.913],[25.5703,36.9161],[25.5724,36.9141],[25.5745,36.9141],[25.5755,36.9151],[25.5807,36.9153],[25.5818,36.9157],[25.5818,36.9172],[25.5828,36.9182],[25.5839,36.9182],[25.5848,36.9193],[25.5839,36.9203],[25.5859,36.9224],[25.5891,36.9224],[25.5918,36.9234],[25.5922,36.9245],[25.5943,36.9266],[25.5953,36.9266],[25.5964,36.9276],[25.5974,36.9273],[25.5984,36.9255],[25.5984,36.9243],[25.5998,36.9203],[25.5995,36.9182],[25.5978,36.9151],[25.5943,36.913],[25.5943,36.912],[25.5932,36.9106],[25.5895,36.9109],[25.588,36.9089],[25.587,36.9099],[25.5859,36.9099],[25.5849,36.9109],[25.5839,36.9111],[25.5807,36.9101],[25.5807,36.9089],[25.5818,36.9078],[25.5807,36.9068],[25.5807,36.9057],[25.5797,36.9047],[25.5786,36.9054],[25.5776,36.9043],[25.5766,36.9043],[25.5745,36.9019],[25.5755,36.9005],[25.5776,36.9005],[25.5786,36.8995],[25.5786,36.8984],[25.5776,36.8974],[25.5755,36.8973],[25.5734,36.8943],[25.5714,36.8943]],[[25.5432,36.887],[25.5422,36.887],[25.5411,36.888],[25.5411,36.8891],[25.5422,36.8901],[25.5432,36.8901],[25.5443,36.8891],[25.5443,36.888]],[[25.6349,36.8766],[25.6339,36.8766],[25.6328,36.8776],[25.6328,36.8797],[25.6339,36.8807],[25.6349,36.8807],[25.6359,36.8797],[25.6359,36.8776]],[[25.6286,36.8745],[25.6255,36.8766],[25.6255,36.8786],[25.6266,36.8797],[25.6276,36.8797],[25.6292,36.8776],[25.629,36.8766],[25.6297,36.8755]],[[25.6849,36.8708],[25.6786,36.8714],[25.6776,36.8724],[25.6766,36.8714],[25.6745,36.8714],[25.6734,36.8724],[25.6745,36.8734],[25.6752,36.8734],[25.6752,36.8745],[25.6737,36.8745],[25.6724,36.8722],[25.6682,36.8724],[25.6672,36.8734],[25.6663,36.8734],[25.6653,36.8724],[25.6641,36.8723],[25.662,36.8724],[25.6599,36.8732],[25.6568,36.8731],[25.6516,36.8713],[25.6464,36.8724],[25.6443,36.8723],[25.6422,36.8776],[25.6411,36.8779],[25.6401,36.8776],[25.6391,36.8786],[25.6388,36.8797],[25.6359,36.8807],[25.6339,36.8828],[25.6297,36.8825],[25.6276,36.8807],[25.6214,36.8807],[25.621,36.8797],[25.6193,36.8788],[25.6182,36.8775],[25.6141,36.8758],[25.6078,36.8762],[25.6049,36.8776],[25.6043,36.8797],[25.603,36.8818],[25.6036,36.8828],[25.602,36.8849],[25.6016,36.887],[25.6036,36.8891],[25.6057,36.8888],[25.6057,36.8901],[25.6068,36.8911],[25.6078,36.8911],[25.6109,36.8943],[25.612,36.8943],[25.6141,36.8964],[25.6151,36.8964],[25.6161,36.8974],[25.6172,36.8974],[25.6182,36.8964],[25.6276,36.8964],[25.6286,36.8959],[25.6297,36.8965],[25.6328,36.8995],[25.6339,36.8995],[25.6349,36.9005],[25.6349,36.9016],[25.638,36.9047],[25.6391,36.9047],[25.6391,36.9068],[25.6411,36.9089],[25.6443,36.9089],[25.6453,36.9099],[25.6474,36.9099],[25.6484,36.9089],[25.6505,36.9089],[25.6516,36.9078],[25.6557,36.9078],[25.6568,36.9072],[25.6589,36.9069],[25.6633,36.9026],[25.6641,36.9016],[25.6641,36.9005],[25.6651,36.8995],[25.6661,36.9005],[25.6641,36.9026],[25.6641,36.9047],[25.6651,36.9059],[25.6672,36.9058],[25.6693,36.9038],[25.6734,36.9027],[25.6755,36.901],[25.6777,36.8974],[25.6778,36.8901],[25.6839,36.8901],[25.6859,36.888],[25.6859,36.8837],[25.687,36.8827],[25.6922,36.8818],[25.6932,36.8807],[25.6932,36.8766],[25.6922,36.8754],[25.6901,36.8743],[25.687,36.8732]],[[25.6255,36.8661],[25.6245,36.8661],[25.6224,36.8682],[25.6214,36.8672],[25.6203,36.8675],[25.6199,36.8682],[25.6198,36.8703],[25.6192,36.8714],[25.6194,36.8724],[25.6224,36.8755],[25.6234,36.8745],[25.6245,36.8745],[25.6266,36.8724],[25.6266,36.8682],[25.6255,36.8672]],[[25.6349,36.8661],[25.6339,36.8661],[25.6318,36.8682],[25.6318,36.8714],[25.6328,36.8724],[25.6339,36.8724],[25.6349,36.8714],[25.637,36.8734],[25.638,36.8734],[25.6391,36.8745],[25.6401,36.8737],[25.6401,36.8745],[25.6411,36.8758],[25.6422,36.8745],[25.6413,36.8682],[25.6401,36.8672]],[[25.6255,36.8577],[25.6203,36.8578],[25.6193,36.8589],[25.6189,36.862],[25.6199,36.8641],[25.6214,36.8651],[25.6234,36.863],[25.6245,36.8641],[25.6255,36.8639],[25.6266,36.862],[25.6266,36.8589]],[[25.5266,36.8297],[25.5234,36.8297],[25.5193,36.8339],[25.5172,36.8339],[25.5161,36.8349],[25.516,36.8391],[25.5166,36.8411],[25.5159,36.8432],[25.5161,36.8505],[25.5172,36.8516],[25.5182,36.8505],[25.5203,36.8526],[25.5212,36.8526],[25.5203,36.8526],[25.5193,36.8536],[25.5193,36.8547],[25.5214,36.8568],[25.5214,36.8578],[25.5234,36.8599],[25.5234,36.8604],[25.5214,36.8599],[25.5203,36.8609],[25.5197,36.8609],[25.5182,36.8596],[25.5161,36.8599],[25.5151,36.8609],[25.5149,36.863],[25.5156,36.8641],[25.513,36.8641],[25.512,36.863],[25.5099,36.863],[25.5089,36.8641],[25.5089,36.8651],[25.5099,36.8661],[25.5099,36.8672],[25.5089,36.8682],[25.5089,36.869],[25.5089,36.8672],[25.5068,36.8651],[25.5016,36.8651],[25.5005,36.8661],[25.5005,36.8672],[25.5016,36.8682],[25.5016,36.8693],[25.5005,36.8703],[25.5005,36.8714],[25.5016,36.8724],[25.5005,36.8724],[25.4995,36.8734],[25.4984,36.8724],[25.4974,36.8734],[25.4974,36.8745],[25.4995,36.8766],[25.4984,36.8776],[25.4995,36.8786],[25.5005,36.8786],[25.5016,36.8776],[25.5016,36.8786],[25.5005,36.8797],[25.5016,36.8807],[25.5036,36.8786],[25.5036,36.8818],[25.5026,36.8828],[25.5047,36.8849],[25.5057,36.8839],[25.5068,36.8849],[25.5094,36.8849],[25.5078,36.8849],[25.5068,36.8859],[25.5099,36.8891],[25.5109,36.8891],[25.512,36.888],[25.512,36.8891],[25.513,36.8901],[25.5141,36.8901],[25.5151,36.8891],[25.5161,36.8901],[25.5172,36.8901],[25.5182,36.8914],[25.5193,36.8911],[25.5203,36.8922],[25.5224,36.8922],[25.5224,36.8932],[25.5234,36.8943],[25.5255,36.8943],[25.5266,36.8932],[25.5276,36.8943],[25.5286,36.8932],[25.5276,36.8922],[25.5297,36.8901],[25.5297,36.8891],[25.5286,36.888],[25.5286,36.8867],[25.5318,36.8839],[25.5328,36.8839],[25.5339,36.8828],[25.5339,36.8818],[25.5318,36.8792],[25.5307,36.8786],[25.5339,36.8766],[25.5339,36.8703],[25.5349,36.8703],[25.5359,36.8693],[25.5359,36.8667],[25.537,36.8672],[25.5411,36.8673],[25.5411,36.8682],[25.5422,36.8693],[25.5432,36.8693],[25.5443,36.8703],[25.5453,36.8703],[25.5474,36.8682],[25.5474,36.8672],[25.5464,36.8661],[25.5464,36.8651],[25.5474,36.8641],[25.5464,36.863],[25.5453,36.8641],[25.5401,36.8637],[25.538,36.862],[25.5379,36.8599],[25.5391,36.8587],[25.5432,36.8589],[25.5443,36.8578],[25.5443,36.8557],[25.5427,36.8547],[25.5425,36.8536],[25.5443,36.8536],[25.5443,36.8557],[25.5453,36.8568],[25.5484,36.8568],[25.5495,36.8578],[25.5505,36.8568],[25.5477,36.8536],[25.5484,36.8536],[25.5495,36.8526],[25.5484,36.8516],[25.5422,36.8512],[25.5401,36.8493],[25.5391,36.8492],[25.537,36.8495],[25.5359,36.8505],[25.537,36.8516],[25.5377,36.8516],[25.5349,36.8516],[25.5339,36.8505],[25.5328,36.8516],[25.5339,36.8526],[25.5339,36.8536],[25.5318,36.8557],[25.5276,36.8557],[25.5266,36.8568],[25.5255,36.8552],[25.5255,36.8536],[25.5238,36.8516],[25.5237,36.8505],[25.5245,36.8495],[25.5237,36.8484],[25.5237,36.8474],[25.5245,36.8464],[25.5245,36.8453],[25.5255,36.8453],[25.5266,36.8464],[25.5286,36.8462],[25.5307,36.8432],[25.5311,36.8411],[25.5294,36.8391],[25.5302,36.837],[25.5297,36.8349],[25.5276,36.8307]],[[25.6714,36.8307],[25.6703,36.8307],[25.6693,36.8297],[25.6661,36.8328],[25.6682,36.8349],[25.6672,36.8349],[25.6651,36.837],[25.663,36.837],[25.6609,36.8391],[25.6609,36.8401],[25.6599,36.8401],[25.6568,36.8432],[25.6566,36.8443],[25.6576,36.8464],[25.6599,36.8484],[25.6661,36.8484],[25.6672,36.8474],[25.6682,36.8474],[25.6703,36.8443],[25.6703,36.8432],[25.6714,36.8422],[25.6714,36.8464],[25.6703,36.8474],[25.6703,36.8484],[25.6712,36.8495],[25.6734,36.8505],[25.6786,36.8508],[25.6797,36.8516],[25.6807,36.8516],[25.6818,36.8505],[25.6849,36.8505],[25.6859,36.8495],[25.6853,36.8484],[25.687,36.8484],[25.688,36.8474],[25.6911,36.8474],[25.6922,36.8484],[25.6943,36.8464],[25.6943,36.8443],[25.6953,36.8432],[25.6953,36.8422],[25.6943,36.8411],[25.6932,36.8411],[25.6932,36.8401],[25.6922,36.8391],[25.6915,36.8391],[25.6901,36.838],[25.688,36.838],[25.687,36.8391],[25.688,36.8401],[25.687,36.8401],[25.6859,36.8391],[25.6828,36.8397],[25.6828,36.8405],[25.6839,36.8407],[25.6849,36.8422],[25.6849,36.8432],[25.6807,36.843],[25.6789,36.8411],[25.6797,36.8411],[25.6807,36.8401],[25.6797,36.8391],[25.6776,36.8387],[25.6776,36.838],[25.6766,36.837],[25.6755,36.838],[25.6755,36.8388],[25.6745,36.8388],[25.6734,36.8376],[25.6734,36.837],[25.6745,36.8349],[25.6734,36.8339],[25.6724,36.8346],[25.6706,36.8328],[25.6714,36.8328],[25.6724,36.8318]],[[25.4057,36.8255],[25.4047,36.8266],[25.4068,36.8297],[25.4109,36.8297],[25.412,36.8286],[25.4113,36.8276],[25.412,36.8266],[25.4109,36.8255]],[[25.3953,36.8234],[25.3943,36.8234],[25.3932,36.8245],[25.3932,36.8286],[25.3943,36.8297],[25.3974,36.8297],[25.3984,36.8286],[25.3984,36.8255],[25.3964,36.8234]],[[25.7964,36.8161],[25.7953,36.8161],[25.7943,36.8172],[25.7922,36.8172],[25.7911,36.8182],[25.7901,36.8178],[25.7891,36.8193],[25.7911,36.8214],[25.7922,36.8214],[25.7932,36.8224],[25.7943,36.8224],[25.7953,36.8214],[25.7943,36.8203],[25.7935,36.8203],[25.7974,36.8203],[25.7984,36.8193]],[[25.4547,36.8161],[25.4536,36.8158],[25.4516,36.8161],[25.4505,36.8172],[25.4516,36.8182],[25.4505,36.8182],[25.4495,36.8171],[25.4484,36.817],[25.4474,36.8182],[25.4411,36.8182],[25.4401,36.8193],[25.438,36.8193],[25.437,36.82],[25.4359,36.82],[25.4349,36.8214],[25.431,36.8214],[25.4297,36.8203],[25.4266,36.8203],[25.4255,36.8193],[25.4245,36.8203],[25.4255,36.8214],[25.4234,36.8214],[25.4224,36.8222],[25.4224,36.8214],[25.4214,36.8203],[25.4203,36.8214],[25.4214,36.8224],[25.4221,36.8224],[25.4214,36.8224],[25.4203,36.8234],[25.4214,36.8245],[25.4214,36.8266],[25.4195,36.8266],[25.4203,36.8255],[25.4193,36.8245],[25.4161,36.8245],[25.4151,36.8255],[25.4161,36.8266],[25.4151,36.8276],[25.4158,36.8286],[25.4151,36.8286],[25.4141,36.8297],[25.4141,36.8307],[25.4161,36.8339],[25.4172,36.8339],[25.4193,36.8359],[25.4182,36.837],[25.4193,36.838],[25.4214,36.8359],[25.4224,36.8359],[25.4234,36.837],[25.4255,36.837],[25.4266,36.838],[25.4297,36.838],[25.4318,36.8359],[25.4328,36.8357],[25.4328,36.8401],[25.429,36.8443],[25.4294,36.8464],[25.4302,36.8474],[25.4339,36.8484],[25.4349,36.8495],[25.4339,36.8505],[25.4353,36.8526],[25.438,36.8542],[25.4432,36.8554],[25.4453,36.8569],[25.4484,36.8581],[25.4505,36.8583],[25.4516,36.8579],[25.4536,36.8557],[25.4536,36.8547],[25.4536,36.8578],[25.4547,36.8589],[25.4557,36.8589],[25.4568,36.8599],[25.4578,36.8599],[25.4568,36.8599],[25.4557,36.8609],[25.4557,36.862],[25.4589,36.8651],[25.4609,36.8651],[25.462,36.8661],[25.462,36.8672],[25.4609,36.8682],[25.4609,36.8693],[25.4621,36.8703],[25.4641,36.8718],[25.4672,36.873],[25.4734,36.8741],[25.4766,36.8736],[25.4786,36.8709],[25.4788,36.8693],[25.4766,36.8671],[25.4734,36.8651],[25.4714,36.8651],[25.4714,36.8641],[25.4724,36.8651],[25.4745,36.8651],[25.4766,36.8651],[25.4776,36.8641],[25.4776,36.862],[25.4766,36.8609],[25.4766,36.8578],[25.4755,36.8568],[25.4755,36.8557],[25.474,36.8536],[25.4745,36.8528],[25.4755,36.8526],[25.4766,36.8536],[25.4776,36.8536],[25.4797,36.8557],[25.4807,36.8547],[25.4807,36.8536],[25.4818,36.8536],[25.4818,36.8568],[25.4828,36.8578],[25.487,36.8578],[25.488,36.8589],[25.4891,36.8578],[25.488,36.8568],[25.4891,36.8557],[25.488,36.8547],[25.4892,36.8536],[25.4893,36.8526],[25.488,36.8511],[25.4866,36.8505],[25.4856,36.8495],[25.485,36.8474],[25.4843,36.8391],[25.4832,36.8359],[25.483,36.8286],[25.4766,36.8234],[25.4734,36.8223],[25.4661,36.8224],[25.4651,36.8253],[25.463,36.8253],[25.4623,36.8245],[25.463,36.8245],[25.4641,36.8234],[25.463,36.8224],[25.462,36.8234],[25.462,36.8242],[25.4609,36.8234],[25.462,36.8224],[25.462,36.8214],[25.4609,36.8196],[25.4579,36.8172]],[[25.912,36.8151],[25.9109,36.8161],[25.9099,36.8151],[25.9089,36.8161],[25.9089,36.8182],[25.9099,36.8193],[25.913,36.8161]],[[25.7547,36.8139],[25.7526,36.8141],[25.7516,36.8151],[25.7536,36.8182],[25.7557,36.8151]],[[25.7474,36.7984],[25.7464,36.7984],[25.7443,36.8005],[25.744,36.8026],[25.7432,36.804],[25.7401,36.8064],[25.7391,36.8078],[25.7391,36.8089],[25.7401,36.8099],[25.7401,36.8109],[25.7432,36.813],[25.7443,36.813],[25.7443,36.8141],[25.7453,36.8151],[25.7443,36.8161],[25.7443,36.8193],[25.7453,36.8203],[25.7464,36.8203],[25.7474,36.8193],[25.7474,36.8172],[25.7484,36.8172],[25.7495,36.8161],[25.7495,36.8151],[25.7484,36.8141],[25.7474,36.8141],[25.7484,36.813],[25.7495,36.813],[25.7508,36.812],[25.7487,36.8099],[25.7495,36.8089],[25.7505,36.8089],[25.7526,36.8068],[25.7529,36.8036],[25.7536,36.8026],[25.7526,36.8016],[25.7516,36.8016],[25.7505,36.8023],[25.7495,36.8016],[25.7484,36.8016],[25.7484,36.7995]],[[25.3109,36.7953],[25.3099,36.7964],[25.3099,36.7974],[25.312,36.7995],[25.313,36.7984]],[[25.7557,36.7953],[25.7536,36.7984],[25.7547,36.7995],[25.7557,36.7984],[25.7578,36.7984],[25.7589,36.7974]],[[25.0849,36.6818],[25.0839,36.6828],[25.0839,36.6859],[25.0849,36.687],[25.087,36.687],[25.088,36.6859],[25.087,36.6849],[25.088,36.6839],[25.087,36.6828],[25.0859,36.6835],[25.0859,36.6828]],[[25.3255,36.664],[25.3245,36.6644],[25.3232,36.6661],[25.3233,36.6672],[25.3245,36.6682],[25.3245,36.6693],[25.3255,36.6703],[25.3276,36.6682],[25.3276,36.6672],[25.3286,36.6661],[25.3276,36.6649]],[[25.3568,36.6408],[25.3547,36.6411],[25.3536,36.6422],[25.3536,36.6443],[25.3522,36.6464],[25.3495,36.6464],[25.3484,36.6474],[25.3484,36.6495],[25.3495,36.6505],[25.3482,36.6516],[25.3474,36.6516],[25.3453,36.6547],[25.3443,36.6544],[25.3411,36.6516],[25.3401,36.6526],[25.3411,36.6536],[25.3411,36.6547],[25.3401,36.6544],[25.3401,36.6536],[25.3391,36.6526],[25.338,36.6536],[25.3391,36.6547],[25.3398,36.6547],[25.338,36.6568],[25.3401,36.6589],[25.3401,36.6599],[25.337,36.6627],[25.3359,36.662],[25.3349,36.663],[25.337,36.6651],[25.3349,36.6651],[25.3339,36.6661],[25.3339,36.6682],[25.3297,36.6682],[25.3286,36.6693],[25.3276,36.6693],[25.3255,36.6714],[25.3255,36.6724],[25.3266,36.6734],[25.3266,36.6745],[25.3266,36.6762],[25.3255,36.6772],[25.3224,36.6734],[25.3203,36.6734],[25.3193,36.6745],[25.3203,36.6755],[25.3211,36.6755],[25.3203,36.6766],[25.3203,36.6807],[25.3193,36.6807],[25.3182,36.6818],[25.3151,36.6818],[25.3141,36.6807],[25.3109,36.6797],[25.3099,36.6801],[25.3089,36.6813],[25.3078,36.6814],[25.3078,36.6839],[25.3089,36.6849],[25.312,36.6845],[25.3127,36.6859],[25.3126,36.687],[25.3109,36.6875],[25.3096,36.6891],[25.3078,36.6891],[25.307,36.6891],[25.3078,36.688],[25.3068,36.687],[25.3036,36.687],[25.3026,36.688],[25.3026,36.6891],[25.3036,36.6901],[25.3036,36.6911],[25.3026,36.6901],[25.3005,36.6901],[25.2984,36.6922],[25.2995,36.6932],[25.3003,36.6932],[25.3005,36.6953],[25.2964,36.6984],[25.2964,36.7002],[25.2953,36.7003],[25.2953,36.6995],[25.2943,36.6984],[25.2922,36.7005],[25.2932,36.7016],[25.2932,36.7026],[25.2922,36.7034],[25.2922,36.7026],[25.2911,36.7016],[25.2901,36.7026],[25.2911,36.7036],[25.2919,36.7036],[25.2891,36.7057],[25.2891,36.7068],[25.2901,36.7078],[25.2911,36.7078],[25.2932,36.7099],[25.2936,36.7109],[25.292,36.713],[25.288,36.7141],[25.287,36.713],[25.2841,36.713],[25.2831,36.712],[25.2839,36.712],[25.2849,36.7109],[25.2839,36.7098],[25.2828,36.7096],[25.2818,36.7109],[25.2825,36.712],[25.2818,36.712],[25.2803,36.713],[25.2797,36.7141],[25.2797,36.712],[25.2786,36.7109],[25.2779,36.7109],[25.2786,36.7109],[25.2797,36.7099],[25.2786,36.7084],[25.2766,36.7086],[25.2734,36.712],[25.2734,36.7128],[25.2703,36.7109],[25.2661,36.7109],[25.2651,36.712],[25.2651,36.713],[25.2672,36.7154],[25.2658,36.7172],[25.267,36.7182],[25.2672,36.7193],[25.2703,36.7224],[25.2714,36.7224],[25.2724,36.7242],[25.2724,36.7248],[25.2714,36.7258],[25.2703,36.7255],[25.2693,36.726],[25.2682,36.7241],[25.2641,36.721],[25.263,36.721],[25.262,36.7203],[25.2612,36.7193],[25.2612,36.7151],[25.262,36.7151],[25.263,36.7141],[25.2609,36.7119],[25.2589,36.7115],[25.2578,36.7118],[25.2568,36.713],[25.2578,36.7141],[25.2578,36.7151],[25.2568,36.7151],[25.2547,36.7172],[25.2547,36.7182],[25.2568,36.7203],[25.2568,36.7214],[25.2578,36.7224],[25.2568,36.7234],[25.2557,36.7234],[25.2547,36.7224],[25.2532,36.7224],[25.2516,36.7214],[25.2508,36.7214],[25.2516,36.7214],[25.2526,36.7203],[25.2464,36.7155],[25.2432,36.7157],[25.2415,36.7172],[25.2418,36.7203],[25.2424,36.7214],[25.2443,36.7224],[25.2453,36.7214],[25.2461,36.7214],[25.2453,36.7224],[25.2464,36.7234],[25.2453,36.7245],[25.2464,36.7264],[25.2474,36.7271],[25.2484,36.7267],[25.2495,36.7255],[25.2526,36.7255],[25.2536,36.7266],[25.2547,36.7259],[25.2555,36.7266],[25.2547,36.7276],[25.2536,36.7276],[25.2526,36.7266],[25.2511,36.7276],[25.2506,36.7286],[25.2517,36.7307],[25.2536,36.7318],[25.2547,36.7307],[25.2557,36.7318],[25.2557,36.7339],[25.2568,36.7349],[25.2578,36.7349],[25.2557,36.737],[25.2578,36.7401],[25.2578,36.7411],[25.2568,36.7411],[25.2536,36.7438],[25.2527,36.7464],[25.2536,36.7482],[25.2547,36.7489],[25.2589,36.7484],[25.2589,36.7495],[25.2609,36.7516],[25.2609,36.7536],[25.262,36.7547],[25.262,36.7557],[25.2578,36.7557],[25.2568,36.7547],[25.2557,36.7557],[25.2557,36.7568],[25.2589,36.7589],[25.2589,36.7596],[25.2578,36.7609],[25.2589,36.762],[25.2599,36.7609],[25.2599,36.7626],[25.2589,36.7641],[25.2589,36.7651],[25.2599,36.7661],[25.2589,36.7672],[25.2589,36.7693],[25.2578,36.7703],[25.2589,36.7714],[25.2599,36.7703],[25.262,36.7724],[25.263,36.7724],[25.2641,36.7714],[25.2651,36.7724],[25.2651,36.7734],[25.2641,36.7745],[25.2641,36.7755],[25.2682,36.7797],[25.2693,36.7786],[25.2693,36.7797],[25.2703,36.7807],[25.2703,36.7818],[25.2693,36.7828],[25.2692,36.7839],[25.2703,36.7849],[25.2714,36.7839],[25.2714,36.7859],[25.2724,36.787],[25.2734,36.787],[25.2734,36.788],[25.2724,36.7891],[25.2734,36.7901],[25.2766,36.788],[25.2766,36.7859],[25.2786,36.788],[25.2797,36.788],[25.2786,36.7891],[25.2786,36.7901],[25.2797,36.7914],[25.2839,36.7913],[25.2849,36.7901],[25.2859,36.7901],[25.287,36.7911],[25.288,36.7901],[25.2859,36.788],[25.2849,36.788],[25.2839,36.7891],[25.282,36.7891],[25.2825,36.787],[25.2859,36.787],[25.287,36.788],[25.288,36.788],[25.2891,36.787],[25.2901,36.7872],[25.2922,36.7891],[25.2932,36.7891],[25.2953,36.7911],[25.2995,36.7911],[25.3016,36.7904],[25.3036,36.7922],[25.3047,36.7922],[25.3057,36.7932],[25.3078,36.7932],[25.3109,36.7907],[25.312,36.7891],[25.313,36.7891],[25.3141,36.788],[25.3141,36.7849],[25.3154,36.7839],[25.3155,36.7828],[25.3161,36.7828],[25.3172,36.7818],[25.3182,36.7818],[25.3206,36.7797],[25.3214,36.7797],[25.3234,36.7776],[25.3266,36.7776],[25.3276,36.7786],[25.3286,36.7776],[25.3276,36.7766],[25.3297,36.7747],[25.3297,36.7755],[25.3307,36.7766],[25.3318,36.7755],[25.3307,36.7745],[25.3299,36.7745],[25.3307,36.7734],[25.3307,36.7703],[25.3318,36.7714],[25.3349,36.7701],[25.3365,36.7682],[25.3378,36.7651],[25.3373,36.7641],[25.3359,36.7628],[25.3349,36.7628],[25.3339,36.7641],[25.3339,36.7649],[25.3318,36.763],[25.332,36.762],[25.3328,36.762],[25.3339,36.7609],[25.3328,36.7599],[25.3318,36.7609],[25.3318,36.7617],[25.3318,36.7609],[25.3307,36.7599],[25.3307,36.7578],[25.3286,36.7557],[25.3286,36.7549],[25.3329,36.7526],[25.3339,36.7526],[25.3349,36.7536],[25.3359,36.7536],[25.338,36.7558],[25.3401,36.7561],[25.3411,36.7557],[25.3422,36.754],[25.3429,36.7536],[25.3411,36.7516],[25.3432,36.7516],[25.344,36.7526],[25.3435,36.7536],[25.3443,36.754],[25.3484,36.7533],[25.3505,36.7523],[25.3526,36.7495],[25.3526,36.7484],[25.3516,36.7474],[25.3516,36.7464],[25.3547,36.7464],[25.3557,36.7453],[25.3599,36.7453],[25.362,36.7474],[25.362,36.7495],[25.3609,36.7505],[25.362,36.7522],[25.363,36.7529],[25.3672,36.7531],[25.3685,36.7516],[25.3682,36.7505],[25.3664,36.7484],[25.3672,36.7484],[25.3682,36.7474],[25.3672,36.7464],[25.3661,36.7474],[25.3661,36.7482],[25.3651,36.747],[25.3651,36.7464],[25.3661,36.7453],[25.3661,36.7432],[25.3651,36.7422],[25.3641,36.7428],[25.3644,36.7411],[25.364,36.7401],[25.3651,36.7387],[25.3714,36.7345],[25.3745,36.7349],[25.3755,36.7339],[25.3776,36.7339],[25.38,36.7318],[25.387,36.7318],[25.3911,36.7276],[25.3905,36.7266],[25.3911,36.7266],[25.3922,36.7255],[25.3943,36.7255],[25.3953,36.7245],[25.3974,36.7245],[25.3984,36.7255],[25.3995,36.7245],[25.3974,36.722],[25.3974,36.7214],[25.3984,36.7203],[25.3977,36.7193],[25.4005,36.7193],[25.4026,36.7172],[25.403,36.7151],[25.4036,36.7151],[25.4047,36.7161],[25.4059,36.7151],[25.4061,36.7109],[25.4037,36.7078],[25.4016,36.7068],[25.3984,36.7077],[25.3974,36.7089],[25.3974,36.7097],[25.3964,36.7089],[25.3932,36.7094],[25.3911,36.7068],[25.3901,36.7068],[25.3901,36.7016],[25.3911,36.7005],[25.3901,36.6995],[25.387,36.7026],[25.3859,36.6995],[25.3849,36.698],[25.3828,36.6964],[25.3818,36.6947],[25.3818,36.6937],[25.3853,36.6911],[25.387,36.6911],[25.388,36.6922],[25.3891,36.6911],[25.3891,36.6901],[25.3901,36.6911],[25.3911,36.6901],[25.3901,36.6891],[25.3913,36.688],[25.3916,36.687],[25.3913,36.6859],[25.3891,36.6839],[25.388,36.6849],[25.388,36.6857],[25.387,36.6846],[25.3834,36.6839],[25.3859,36.6839],[25.387,36.6831],[25.388,36.6818],[25.3873,36.6807],[25.3873,36.6797],[25.388,36.6797],[25.3891,36.6786],[25.3891,36.6776],[25.3901,36.6766],[25.3901,36.6755],[25.3911,36.6755],[25.3922,36.6745],[25.3922,36.6734],[25.3932,36.6734],[25.3943,36.6724],[25.3953,36.6734],[25.3964,36.6724],[25.3966,36.6714],[25.3967,36.6682],[25.3953,36.6661],[25.3932,36.6661],[25.3922,36.6672],[25.393,36.6682],[25.3891,36.6682],[25.388,36.6693],[25.388,36.6714],[25.387,36.6703],[25.3859,36.671],[25.3839,36.6703],[25.3839,36.6695],[25.3849,36.6682],[25.3849,36.6672],[25.3859,36.6672],[25.387,36.6661],[25.3891,36.6661],[25.3901,36.6651],[25.3891,36.6641],[25.3891,36.663],[25.3922,36.663],[25.3932,36.6641],[25.3943,36.663],[25.3932,36.662],[25.3932,36.6609],[25.3943,36.6599],[25.3933,36.6589],[25.3924,36.6557],[25.3911,36.6547],[25.3901,36.6547],[25.3905,36.6495],[25.3901,36.6453],[25.3891,36.6443],[25.3859,36.6443],[25.3849,36.6453],[25.3849,36.6495],[25.3818,36.6526],[25.3797,36.6516],[25.3786,36.6516],[25.3776,36.6505],[25.3745,36.6536],[25.3745,36.6547],[25.3734,36.6557],[25.3724,36.6547],[25.3714,36.6547],[25.3693,36.6568],[25.3693,36.6578],[25.3672,36.6557],[25.3655,36.6557],[25.3661,36.6547],[25.3661,36.6533],[25.3672,36.6516],[25.3661,36.6505],[25.3651,36.6511],[25.363,36.6495],[25.363,36.6474],[25.362,36.6464],[25.3609,36.647],[25.3603,36.6464],[25.3599,36.6443],[25.3589,36.6432],[25.3581,36.6432]],[[25.0693,36.6304],[25.0672,36.6318],[25.0682,36.6328],[25.0689,36.6328],[25.0682,36.6339],[25.0672,36.6339],[25.0661,36.6346],[25.0599,36.6349],[25.0589,36.6359],[25.0589,36.637],[25.0599,36.638],[25.0599,36.6401],[25.0589,36.6411],[25.0599,36.6422],[25.0609,36.6411],[25.062,36.6422],[25.062,36.6432],[25.0609,36.6443],[25.0609,36.6453],[25.062,36.6464],[25.063,36.6464],[25.0641,36.6453],[25.0641,36.6464],[25.0661,36.6484],[25.0661,36.6495],[25.0651,36.6505],[25.0651,36.6516],[25.0668,36.6536],[25.0672,36.6548],[25.074,36.662],[25.0755,36.6644],[25.0807,36.6676],[25.0818,36.6661],[25.0818,36.6651],[25.0839,36.6651],[25.0839,36.6672],[25.0828,36.6672],[25.0818,36.6682],[25.0828,36.6693],[25.0839,36.6693],[25.0839,36.6703],[25.0849,36.6714],[25.0859,36.6714],[25.0859,36.6724],[25.088,36.6745],[25.088,36.6786],[25.087,36.6797],[25.087,36.6807],[25.0891,36.6839],[25.0891,36.6849],[25.0911,36.687],[25.0911,36.688],[25.0922,36.6891],[25.0922,36.6901],[25.0974,36.6953],[25.0984,36.6953],[25.0995,36.6964],[25.1016,36.6964],[25.1026,36.6974],[25.1078,36.6974],[25.1089,36.6984],[25.1099,36.6976],[25.112,36.6995],[25.112,36.7016],[25.113,36.7026],[25.1161,36.7026],[25.1172,36.7016],[25.1203,36.7036],[25.1214,36.7036],[25.1214,36.7047],[25.1224,36.7057],[25.1245,36.7062],[25.1286,36.7094],[25.1336,36.7141],[25.137,36.7161],[25.138,36.7151],[25.1411,36.7151],[25.1422,36.7141],[25.1432,36.7141],[25.1432,36.7151],[25.1443,36.7161],[25.1453,36.7151],[25.1464,36.7161],[25.1484,36.7161],[25.1505,36.7161],[25.1516,36.7151],[25.1547,36.7151],[25.1547,36.7161],[25.1568,36.7182],[25.1599,36.7161],[25.162,36.7161],[25.1641,36.7182],[25.1661,36.7182],[25.1672,36.7193],[25.1693,36.7161],[25.1714,36.7161],[25.1724,36.7151],[25.1724,36.7161],[25.1734,36.7174],[25.1766,36.7185],[25.1786,36.7179],[25.1797,36.7182],[25.1818,36.7178],[25.1849,36.7166],[25.1859,36.7153],[25.1859,36.7141],[25.1849,36.713],[25.1849,36.712],[25.1859,36.7109],[25.1853,36.7089],[25.1839,36.7068],[25.1828,36.7068],[25.1831,36.7057],[25.1826,36.6995],[25.1806,36.6964],[25.1786,36.6953],[25.1766,36.6953],[25.1755,36.6964],[25.1766,36.6974],[25.1773,36.6974],[25.1745,36.6972],[25.1745,36.6943],[25.1755,36.6932],[25.1755,36.6922],[25.174,36.6891],[25.1724,36.6876],[25.1693,36.6872],[25.1682,36.6891],[25.1682,36.6901],[25.1714,36.6922],[25.1724,36.6922],[25.1724,36.6932],[25.1693,36.6929],[25.1665,36.6901],[25.1672,36.6901],[25.1682,36.6891],[25.1672,36.6874],[25.1609,36.6839],[25.1599,36.6849],[25.1582,36.6849],[25.1578,36.6839],[25.1589,36.6828],[25.1595,36.6807],[25.1557,36.6776],[25.1557,36.6766],[25.155,36.6755],[25.1557,36.6755],[25.1568,36.6745],[25.1557,36.6734],[25.1547,36.6734],[25.1536,36.6745],[25.1516,36.6745],[25.1508,36.6734],[25.1516,36.6734],[25.1526,36.6724],[25.1516,36.6711],[25.1474,36.6712],[25.1453,36.6734],[25.1453,36.6745],[25.145,36.6745],[25.1453,36.6734],[25.1443,36.6724],[25.1415,36.6724],[25.1405,36.6714],[25.1401,36.6693],[25.1385,36.6682],[25.1386,36.6672],[25.1394,36.6661],[25.1401,36.6661],[25.1411,36.6651],[25.1403,36.6641],[25.1391,36.6635],[25.138,36.6651],[25.137,36.6658],[25.1359,36.6659],[25.1359,36.6651],[25.137,36.6641],[25.1359,36.663],[25.1349,36.663],[25.1339,36.6641],[25.1328,36.6641],[25.1339,36.663],[25.1339,36.6623],[25.1349,36.663],[25.1367,36.662],[25.1367,36.6609],[25.1357,36.6599],[25.1339,36.6589],[25.1328,36.6599],[25.1328,36.6607],[25.1321,36.6589],[25.1328,36.6589],[25.1339,36.6578],[25.133,36.6568],[25.1318,36.6566],[25.1307,36.6578],[25.1297,36.6578],[25.1276,36.6557],[25.1266,36.6557],[25.1251,36.6578],[25.1234,36.6578],[25.1206,36.6547],[25.1214,36.6547],[25.1224,36.6536],[25.1219,36.6526],[25.1203,36.6508],[25.1182,36.6495],[25.1172,36.6505],[25.1172,36.6513],[25.1161,36.6505],[25.1151,36.6516],[25.1141,36.6505],[25.1113,36.6505],[25.1099,36.6495],[25.1099,36.6484],[25.1089,36.6471],[25.1047,36.6459],[25.1026,36.6443],[25.1016,36.6443],[25.1005,36.6453],[25.1005,36.6461],[25.0995,36.6453],[25.0974,36.6453],[25.0967,36.6432],[25.0974,36.6432],[25.0984,36.6422],[25.0974,36.6411],[25.0964,36.6422],[25.0964,36.6429],[25.0945,36.6422],[25.0953,36.6422],[25.0964,36.6411],[25.0953,36.6401],[25.0943,36.6411],[25.0943,36.6419],[25.0932,36.6419],[25.0922,36.6411],[25.0932,36.6401],[25.0922,36.6391],[25.0911,36.6401],[25.0891,36.6401],[25.088,36.6391],[25.0849,36.6387],[25.0839,36.6377],[25.0839,36.637],[25.0807,36.6339],[25.0797,36.6354],[25.0766,36.6328],[25.0755,36.6338],[25.0745,36.6328],[25.0717,36.6328],[25.0714,36.6318]],[[25.0578,36.6282],[25.0536,36.6286],[25.0526,36.6297],[25.0526,36.6307],[25.0536,36.6318],[25.0526,36.6325],[25.0526,36.6318],[25.0505,36.6303],[25.0484,36.6307],[25.0474,36.6318],[25.0474,36.6328],[25.0464,36.6318],[25.0453,36.6328],[25.0474,36.6349],[25.0495,36.6349],[25.0505,36.6339],[25.0505,36.6328],[25.0512,36.6328],[25.0505,36.6339],[25.0516,36.6349],[25.0536,36.6349],[25.0547,36.6339],[25.0589,36.6339],[25.0599,36.6328],[25.0599,36.6307]],[[25.0151,36.6213],[25.0141,36.6203],[25.0109,36.6203],[25.0099,36.6214],[25.0089,36.6214],[25.0068,36.6234],[25.0068,36.6245],[25.0057,36.6255],[25.0057,36.6276],[25.0047,36.6286],[25.0068,36.6307],[25.0099,36.6311],[25.0151,36.6339],[25.0172,36.6356],[25.0172,36.637],[25.0193,36.6391],[25.0224,36.6391],[25.0234,36.6381],[25.0266,36.638],[25.0297,36.6359],[25.0318,36.6359],[25.0328,36.6349],[25.0328,36.6339],[25.0309,36.6318],[25.0318,36.6318],[25.0328,36.6307],[25.0318,36.6297],[25.0297,36.6296],[25.0286,36.6307],[25.0268,36.6307],[25.0276,36.6307],[25.0286,36.6297],[25.0245,36.6253],[25.0234,36.6245],[25.0199,36.6245]],[[25.687,36.6161],[25.6828,36.6161],[25.6807,36.6182],[25.6797,36.6182],[25.6776,36.6202],[25.6766,36.6203],[25.6755,36.6214],[25.6755,36.6255],[25.6734,36.6255],[25.6703,36.6276],[25.6703,36.6318],[25.6714,36.6328],[25.6807,36.6328],[25.6828,36.6308],[25.6891,36.6307],[25.6922,36.6276],[25.6943,36.6276],[25.6953,36.6266],[25.6953,36.6255],[25.6984,36.6224],[25.6984,36.6203],[25.6974,36.6193],[25.6932,36.6193],[25.6911,36.6202],[25.6901,36.6193],[25.6891,36.6191],[25.6891,36.6182]],[[25.3536,36.4068],[25.3505,36.4099],[25.3474,36.4099],[25.3443,36.413],[25.3411,36.413],[25.338,36.4151],[25.337,36.4151],[25.3349,36.4172],[25.3349,36.418],[25.3349,36.4172],[25.3339,36.4162],[25.3328,36.4172],[25.3318,36.4162],[25.3266,36.4162],[25.3255,36.4151],[25.3245,36.4151],[25.3234,36.4161],[25.3234,36.4172],[25.3245,36.4182],[25.3251,36.4182],[25.3245,36.4193],[25.3242,36.4214],[25.3234,36.4228],[25.3223,36.4234],[25.3227,36.4255],[25.3223,36.4266],[25.3235,36.4286],[25.3224,36.4304],[25.3213,36.4307],[25.3244,36.437],[25.3267,36.4391],[25.3295,36.4443],[25.3295,36.4453],[25.3314,36.4484],[25.3323,36.4516],[25.3359,36.459],[25.338,36.4591],[25.3422,36.4603],[25.3443,36.4604],[25.3454,36.4589],[25.3453,36.4568],[25.3464,36.4557],[25.3463,36.4547],[25.3453,36.4536],[25.3445,36.4536],[25.3464,36.4516],[25.3474,36.4516],[25.3484,36.4505],[25.3495,36.4516],[25.3516,36.4516],[25.3526,36.4505],[25.3557,36.4505],[25.3578,36.4474],[25.3558,36.4453],[25.3589,36.4422],[25.3589,36.4391],[25.3578,36.438],[25.3578,36.4359],[25.3568,36.4349],[25.3547,36.438],[25.3536,36.438],[25.3526,36.437],[25.3516,36.438],[25.3516,36.437],[25.3505,36.436],[25.3495,36.4369],[25.3485,36.4359],[25.3495,36.4349],[25.3484,36.4339],[25.3474,36.4339],[25.3474,36.4318],[25.3495,36.4297],[25.3505,36.4297],[25.3515,36.4286],[25.3516,36.4266],[25.3526,36.4255],[25.3516,36.4245],[25.3505,36.4245],[25.3516,36.4234],[25.3516,36.4224],[25.3515,36.4182],[25.3505,36.4172],[25.3516,36.4172],[25.3536,36.4151],[25.3526,36.4141],[25.3526,36.413],[25.3536,36.413],[25.3547,36.412],[25.3537,36.4109],[25.3537,36.4099],[25.3537,36.4089],[25.3547,36.4078]],[[25.387,36.3912],[25.3859,36.3921],[25.3839,36.3921],[25.3828,36.3912],[25.3818,36.3921],[25.3807,36.3922],[25.3807,36.3932],[25.3797,36.3943],[25.3797,36.3952],[25.3776,36.3953],[25.3766,36.3958],[25.3765,36.3964],[25.3734,36.3964],[25.3714,36.3984],[25.3734,36.4005],[25.3745,36.4005],[25.3755,36.4016],[25.3807,36.4017],[25.3828,36.4001],[25.3832,36.3995],[25.3829,36.3984],[25.3849,36.3984],[25.3859,36.3974],[25.3859,36.3999],[25.3848,36.4005],[25.3859,36.4018],[25.3859,36.4068],[25.3869,36.4078],[25.387,36.412],[25.3911,36.4161],[25.3922,36.4161],[25.3943,36.413],[25.3974,36.413],[25.3984,36.4141],[25.3995,36.4141],[25.4005,36.413],[25.4026,36.413],[25.4037,36.412],[25.4047,36.412],[25.4057,36.412],[25.4068,36.413],[25.4078,36.412],[25.4089,36.412],[25.4099,36.4109],[25.4109,36.4109],[25.412,36.4099],[25.412,36.4068],[25.4109,36.4057],[25.4109,36.4026],[25.4099,36.4016],[25.4078,36.4016],[25.4078,36.3984],[25.4057,36.3953],[25.3985,36.3953],[25.3984,36.3943],[25.3974,36.3932],[25.3953,36.3932],[25.3943,36.3922],[25.3922,36.3943],[25.3911,36.3943],[25.3901,36.3932],[25.3891,36.3932]],[[25.3464,36.3806],[25.3453,36.3807],[25.3432,36.3828],[25.3443,36.3838],[25.3453,36.3839],[25.3464,36.3849],[25.3484,36.3849],[25.3495,36.3859],[25.3516,36.3859],[25.3526,36.3849],[25.3526,36.3839],[25.3505,36.3807]],[[25.7703,36.3405],[25.7693,36.3405],[25.7688,36.3411],[25.7688,36.3432],[25.7626,36.3464],[25.7595,36.3464],[25.7589,36.346],[25.7578,36.3469],[25.7568,36.3464],[25.7552,36.3474],[25.7536,36.3474],[25.7526,36.3464],[25.7516,36.3474],[25.751,36.3495],[25.7495,36.3508],[25.7443,36.3512],[25.7432,36.3505],[25.7422,36.3505],[25.7391,36.3516],[25.7349,36.3552],[25.7328,36.3557],[25.7286,36.3589],[25.7276,36.3609],[25.7281,36.363],[25.7271,36.3651],[25.7275,36.3672],[25.7335,36.3724],[25.734,36.3734],[25.7339,36.3755],[25.7359,36.3786],[25.7391,36.3786],[25.7411,36.3807],[25.7429,36.3807],[25.7443,36.3818],[25.7464,36.3822],[25.7484,36.3849],[25.7484,36.388],[25.7495,36.3891],[25.7495,36.3901],[25.7526,36.3922],[25.7536,36.3922],[25.7557,36.3943],[25.7568,36.3943],[25.7578,36.3953],[25.7578,36.3964],[25.7599,36.3995],[25.762,36.3995],[25.763,36.4005],[25.7645,36.4005],[25.7651,36.4012],[25.7651,36.4026],[25.7641,36.4032],[25.763,36.4047],[25.7641,36.4057],[25.7651,36.4047],[25.7661,36.4057],[25.7672,36.4057],[25.7682,36.405],[25.7693,36.4036],[25.7693,36.4029],[25.7719,36.3995],[25.7786,36.3995],[25.7797,36.3984],[25.7799,36.3974],[25.7797,36.3953],[25.7786,36.3943],[25.7797,36.3932],[25.7807,36.3932],[25.7818,36.3922],[25.7839,36.3922],[25.7867,36.3901],[25.7891,36.3896],[25.7901,36.3901],[25.7911,36.3891],[25.7922,36.3905],[25.7927,36.3901],[25.7943,36.3901],[25.7953,36.3891],[25.7974,36.3891],[25.7995,36.3859],[25.8016,36.3839],[25.8016,36.3828],[25.8031,36.3818],[25.8047,36.3818],[25.8057,36.3807],[25.8068,36.3807],[25.8078,36.3797],[25.8109,36.3797],[25.813,36.3776],[25.8151,36.3776],[25.8172,36.3755],[25.8177,36.3755],[25.8178,36.3766],[25.8193,36.3776],[25.8203,36.3766],[25.8197,36.3755],[25.8203,36.3734],[25.8245,36.3734],[25.8276,36.3714],[25.8266,36.3703],[25.8266,36.3693],[25.8289,36.3672],[25.8286,36.3661],[25.8297,36.3651],[25.8297,36.3641],[25.8289,36.363],[25.8297,36.362],[25.8307,36.3623],[25.8307,36.363],[25.8318,36.3641],[25.8328,36.3641],[25.8344,36.363],[25.8342,36.362],[25.8356,36.3609],[25.8453,36.3592],[25.8464,36.3589],[25.8474,36.3578],[25.8533,36.3578],[25.8547,36.3589],[25.8589,36.3589],[25.8599,36.3578],[25.861,36.3547],[25.861,36.3516],[25.8571,36.3474],[25.8536,36.3452],[25.8464,36.3429],[25.838,36.3429],[25.8328,36.3443],[25.8318,36.3453],[25.8328,36.3464],[25.8336,36.3464],[25.8328,36.3464],[25.8318,36.3474],[25.8311,36.3474],[25.8297,36.3464],[25.8286,36.3474],[25.8294,36.3484],[25.8281,36.3495],[25.8266,36.3495],[25.8255,36.3505],[25.826,36.3516],[25.8255,36.3526],[25.8224,36.3531],[25.819,36.3526],[25.8161,36.3516],[25.814,36.3516],[25.8109,36.3499],[25.8089,36.3495],[25.8078,36.3484],[25.8029,36.3484],[25.8005,36.3468],[25.7986,36.3464],[25.7922,36.3432],[25.7849,36.3428],[25.7797,36.3412],[25.7776,36.3414],[25.7745,36.3426],[25.7724,36.3411],[25.7714,36.3416]],[[25.4422,36.3305],[25.4401,36.3307],[25.4373,36.3318],[25.4375,36.3328],[25.4366,36.3339],[25.4339,36.3339],[25.4328,36.3349],[25.4328,36.3356],[25.4316,36.3359],[25.4288,36.3401],[25.4224,36.344],[25.4089,36.3472],[25.4042,36.3474],[25.4004,36.3474],[25.3984,36.3466],[25.3974,36.3472],[25.3974,36.3464],[25.3964,36.3453],[25.3953,36.3453],[25.3943,36.3464],[25.3943,36.3469],[25.3933,36.3474],[25.3901,36.3474],[25.3891,36.3467],[25.388,36.3469],[25.388,36.3464],[25.387,36.3453],[25.3849,36.3453],[25.3834,36.3464],[25.3828,36.3481],[25.3816,36.3495],[25.3799,36.3505],[25.3776,36.3507],[25.3753,36.3536],[25.3745,36.3536],[25.3734,36.3547],[25.371,36.3547],[25.3693,36.3536],[25.3693,36.3526],[25.3682,36.3516],[25.3651,36.3516],[25.3641,36.3523],[25.363,36.3516],[25.362,36.3516],[25.3609,36.3526],[25.3609,36.3536],[25.3599,36.3536],[25.3578,36.3554],[25.3547,36.3557],[25.3536,36.3568],[25.3536,36.3578],[25.3547,36.3589],[25.3578,36.3589],[25.3603,36.3609],[25.3627,36.3651],[25.3651,36.3672],[25.3672,36.3672],[25.3693,36.3651],[25.3703,36.3661],[25.3714,36.3661],[25.3724,36.3651],[25.3745,36.3651],[25.3776,36.3672],[25.3828,36.3672],[25.3839,36.3682],[25.3849,36.3672],[25.3891,36.3672],[25.3901,36.3661],[25.3932,36.3661],[25.3943,36.3651],[25.3974,36.3651],[25.4005,36.363],[25.412,36.363],[25.4151,36.3651],[25.4151,36.3682],[25.4172,36.3703],[25.4182,36.3703],[25.4193,36.3713],[25.4224,36.3714],[25.4224,36.3734],[25.4214,36.3745],[25.4214,36.3766],[25.4245,36.3797],[25.4245,36.3807],[25.4255,36.3818],[25.4255,36.3828],[25.4266,36.3839],[25.4266,36.3859],[25.4286,36.388],[25.4297,36.388],[25.4307,36.3891],[25.4307,36.3901],[25.4328,36.3932],[25.4318,36.3943],[25.4318,36.3964],[25.4307,36.3974],[25.4307,36.3984],[25.4287,36.4005],[25.4286,36.4016],[25.4266,36.4016],[25.4255,36.4026],[25.4266,36.4036],[25.4255,36.4047],[25.4255,36.4057],[25.4266,36.4068],[25.4266,36.4089],[25.4276,36.4099],[25.4276,36.4172],[25.4266,36.4172],[25.4245,36.4193],[25.4245,36.4255],[25.4223,36.4276],[25.4182,36.4276],[25.4172,36.4286],[25.4151,36.4286],[25.4141,36.4276],[25.413,36.4286],[25.4141,36.4297],[25.4141,36.4307],[25.413,36.4318],[25.4141,36.4328],[25.4141,36.4339],[25.4182,36.438],[25.4182,36.4401],[25.4193,36.4411],[25.4214,36.4411],[25.4214,36.4453],[25.4203,36.4464],[25.4203,36.4494],[25.4193,36.4505],[25.4193,36.4516],[25.4182,36.4526],[25.4172,36.4526],[25.412,36.4578],[25.4109,36.4578],[25.4099,36.4588],[25.4078,36.4588],[25.4068,36.4578],[25.4016,36.4578],[25.3995,36.4558],[25.3974,36.4558],[25.3942,36.4578],[25.3912,36.4578],[25.3901,36.4568],[25.3891,36.4578],[25.387,36.4578],[25.3859,36.4589],[25.3859,36.4599],[25.3849,36.4589],[25.3828,36.4589],[25.3818,36.4599],[25.3807,36.4589],[25.3776,36.4589],[25.3766,36.4578],[25.3755,36.4588],[25.3745,36.4588],[25.3745,36.4578],[25.3724,36.4558],[25.3703,36.4578],[25.3703,36.4599],[25.3693,36.4599],[25.3682,36.4609],[25.3682,36.462],[25.3693,36.463],[25.3672,36.4651],[25.3672,36.4661],[25.3682,36.4672],[25.368,36.4714],[25.3689,36.4734],[25.3714,36.4754],[25.3755,36.4777],[25.3776,36.4795],[25.3786,36.4798],[25.3793,36.4807],[25.3792,36.4828],[25.3805,36.4839],[25.3827,36.4839],[25.3811,36.4828],[25.3818,36.4819],[25.3849,36.4824],[25.3859,36.4836],[25.387,36.4836],[25.3977,36.4797],[25.3995,36.4797],[25.4014,36.4786],[25.4047,36.4786],[25.4088,36.4776],[25.413,36.4776],[25.4141,36.4767],[25.4172,36.4766],[25.4203,36.4755],[25.4214,36.4745],[25.4224,36.4745],[25.4242,36.4724],[25.425,36.4703],[25.4261,36.4693],[25.4282,36.4641],[25.4297,36.462],[25.4297,36.4609],[25.4307,36.4606],[25.4339,36.4576],[25.4369,36.4557],[25.4384,36.4536],[25.4411,36.452],[25.4474,36.4466],[25.4498,36.4453],[25.4514,36.4432],[25.4536,36.442],[25.4547,36.4401],[25.4544,36.4391],[25.4557,36.4372],[25.4589,36.4351],[25.4595,36.4318],[25.4626,36.4276],[25.4714,36.4229],[25.4764,36.4182],[25.4786,36.4167],[25.4859,36.4141],[25.487,36.413],[25.4865,36.412],[25.4891,36.4078],[25.4885,36.4068],[25.4894,36.4047],[25.4891,36.3984],[25.488,36.3974],[25.4879,36.3943],[25.4883,36.3922],[25.4876,36.388],[25.488,36.3835],[25.4891,36.3818],[25.4891,36.3776],[25.4875,36.3766],[25.4875,36.3755],[25.4859,36.3739],[25.4855,36.3724],[25.4839,36.3714],[25.4828,36.3689],[25.4842,36.3672],[25.4839,36.3661],[25.4872,36.363],[25.488,36.3599],[25.4849,36.3578],[25.4839,36.3584],[25.4839,36.3568],[25.4828,36.3557],[25.4807,36.3562],[25.4783,36.3557],[25.4703,36.3474],[25.4693,36.3473],[25.4693,36.3464],[25.4682,36.3453],[25.4667,36.3453],[25.462,36.3414],[25.4609,36.3412],[25.4568,36.338],[25.4557,36.338],[25.4526,36.3365],[25.4495,36.3339],[25.4453,36.3314]],[[25.8036,36.3066],[25.8016,36.3061],[25.7953,36.3073],[25.794,36.3078],[25.7932,36.3089],[25.7922,36.3088],[25.7922,36.3099],[25.7943,36.3113],[25.7943,36.312],[25.7932,36.313],[25.7943,36.3148],[25.7964,36.3152],[25.7974,36.3147],[25.7984,36.313],[25.7984,36.3111],[25.7984,36.312],[25.7995,36.313],[25.8002,36.313],[25.7995,36.313],[25.7984,36.3141],[25.7991,36.3151],[25.8005,36.3141],[25.8005,36.3133],[25.8025,36.3151],[25.8026,36.316],[25.8036,36.3156],[25.805,36.312],[25.8036,36.3099],[25.8036,36.3089],[25.8048,36.3078]],[[25.8349,36.2647],[25.8344,36.2651],[25.8358,36.2651]],[[25.8901,36.265],[25.8891,36.2641],[25.8859,36.2641],[25.8849,36.2651],[25.8849,36.2659],[25.8839,36.2651],[25.8818,36.2651],[25.8807,36.2661],[25.8818,36.2672],[25.8818,36.2679],[25.8807,36.2682],[25.8797,36.2672],[25.8786,36.2672],[25.8765,36.2703],[25.8766,36.2724],[25.8776,36.2734],[25.8828,36.2746],[25.8849,36.2745],[25.887,36.2724],[25.8891,36.2724],[25.8891,36.2734],[25.8901,36.2745],[25.8911,36.2745],[25.8922,36.2755],[25.8974,36.2755],[25.8996,36.2734],[25.8995,36.2724],[25.8984,36.2714],[25.8964,36.2712],[25.8953,36.2724],[25.8935,36.2724],[25.8932,36.2714],[25.8943,36.2703],[25.8913,36.2672],[25.8911,36.2661]],[[25.8328,36.263],[25.8286,36.263],[25.8266,36.2651],[25.8276,36.2661],[25.8266,36.2661],[25.8255,36.2651],[25.8245,36.2661],[25.8255,36.2672],[25.8255,36.2682],[25.8245,36.2672],[25.8234,36.2682],[25.8245,36.2693],[25.8245,36.2703],[25.8234,36.2703],[25.8224,36.2693],[25.8203,36.2714],[25.8214,36.2724],[25.8222,36.2724],[25.8214,36.2734],[25.8224,36.2745],[25.8224,36.2755],[25.8213,36.2766],[25.8214,36.2776],[25.8234,36.2797],[25.8245,36.2786],[25.8255,36.2786],[25.8266,36.2797],[25.8276,36.2786],[25.8286,36.2797],[25.8297,36.2797],[25.8307,36.2786],[25.8297,36.2776],[25.829,36.2776],[25.8307,36.2776],[25.8349,36.2776],[25.8339,36.2786],[25.8349,36.2797],[25.837,36.2776],[25.838,36.2776],[25.8391,36.2786],[25.8412,36.2766],[25.8424,36.2734],[25.8427,36.2714],[25.8422,36.2693],[25.8411,36.2682],[25.8401,36.2682],[25.8391,36.2693],[25.8383,36.2693],[25.838,36.2682],[25.8391,36.2672],[25.838,36.2661],[25.8365,36.2661],[25.8359,36.268],[25.8349,36.268],[25.8339,36.2672],[25.833,36.2672],[25.832,36.2651],[25.8328,36.2651],[25.8339,36.2641]],[[25.2078,36.2411],[25.2068,36.2422],[25.2075,36.2432],[25.2068,36.2443],[25.2047,36.2443],[25.2036,36.245],[25.2026,36.2443],[25.2016,36.2443],[25.2026,36.2443],[25.2036,36.2432],[25.2026,36.2422],[25.2016,36.2422],[25.2005,36.2432],[25.2005,36.2441],[25.1995,36.2432],[25.1964,36.2432],[25.1943,36.2453],[25.1943,36.2474],[25.1953,36.2484],[25.1953,36.2505],[25.1982,36.2536],[25.1984,36.2557],[25.2016,36.2589],[25.2016,36.2599],[25.2026,36.2609],[25.2036,36.2609],[25.2068,36.2578],[25.206,36.2568],[25.206,36.2557],[25.2068,36.2547],[25.2068,36.2526],[25.2089,36.2526],[25.2099,36.2516],[25.2109,36.2516],[25.213,36.2484],[25.2109,36.246],[25.2109,36.2439],[25.2099,36.2432],[25.2082,36.2432],[25.2089,36.2422]],[[25.2161,36.2316],[25.2151,36.2307],[25.2141,36.2315],[25.213,36.2307],[25.212,36.2307],[25.2099,36.2328],[25.2099,36.2349],[25.2089,36.2356],[25.2089,36.2349],[25.2078,36.2339],[25.2068,36.2349],[25.2109,36.238],[25.213,36.238],[25.2141,36.237],[25.2161,36.237],[25.2182,36.2349],[25.2172,36.2339],[25.2161,36.2339],[25.2165,36.2328]],[[25.2297,36.2193],[25.2286,36.2193],[25.2276,36.2203],[25.2276,36.2214],[25.2286,36.2224],[25.2297,36.2224],[25.2307,36.2214],[25.2307,36.2203]]]}},{"type":"Feature","properties":{"depth":10,"kind":"band"},"geometry":{"type":"MultiPolygon","coordinates":[[[[25.188,36.9766],[25.188,36.9769],[25.1877,36.9766],[25.188,36.9766]]],[[[25.0061,36.9714],[25.0089,36.9715],[25.012,36.9728],[25.013,36.9728],[25.016,36.9755],[25.0161,36.9766],[25.0172,36.9776],[25.0207,36.9776],[25.0182,36.9797],[25.015,36.9839],[25.015,36.9849],[25.0161,36.9859],[25.0193,36.9855],[25.0203,36.987],[25.0233,36.988],[25.0224,36.9891],[25.0224,36.9922],[25.0195,36.9943],[25.0181,36.9995],[25.0172,37],[25.0005,37],[25,36.9995],[25,36.9714],[25.0005,36.9709],[25.0061,36.9714]]],[[[25.5578,36.9682],[25.5578,36.9686],[25.5574,36.9682],[25.5578,36.9682]]],[[[25.5627,36.9672],[25.562,36.9676],[25.5615,36.9672],[25.562,36.9667],[25.5627,36.9672]]],[[[25.5577,36.9661],[25.5568,36.9675],[25.5557,36.9672],[25.5557,36.9661],[25.5577,36.9661]]],[[[25.5608,36.9641],[25.5599,36.965],[25.5594,36.9641],[25.5599,36.9632],[25.5608,36.9641]]],[[[25.5543,36.9609],[25.5536,36.962],[25.5536,36.9609],[25.5543,36.9609]]],[[[25.5559,36.9609],[25.5555,36.9609],[25.5557,36.9602],[25.5559,36.9609]]],[[[25.5526,36.9589],[25.5526,36.9593],[25.5522,36.9589],[25.5526,36.9589]]],[[[25.0255,36.9578],[25.0255,36.9583],[25.025,36.9578],[25.0255,36.9578]]],[[[25.5474,36.9547],[25.5474,36.9552],[25.5469,36.9547],[25.5474,36.9547]]],[[[25.5464,36.9536],[25.5464,36.9541],[25.5453,36.9541],[25.5448,36.9536],[25.5464,36.9527],[25.5464,36.9536]]],[[[25.5136,36.9516],[25.513,36.9526],[25.5109,36.9531],[25.5109,36.9516],[25.513,36.9509],[25.5136,36.9516]]],[[[25.5051,36.9484],[25.5057,36.9488],[25.5057,36.9495],[25.5036,36.9499],[25.5047,36.9481],[25.5051,36.9484]]],[[[25.4849,36.9339],[25.4849,36.9342],[25.4839,36.9341],[25.4849,36.9339]]],[[[25.6661,36.9005],[25.6641,36.9021],[25.6641,36.9005],[25.6651,36.9001],[25.6661,36.9005]]],[[[25.6057,36.8839],[25.6057,36.8853],[25.6052,36.8839],[25.6057,36.8839]]],[[[25.903,36.8797],[25.9026,36.8801],[25.9026,36.8797],[25.903,36.8797]]],[[[25.6849,36.8786],[25.6859,36.8797],[25.686,36.8818],[25.6839,36.8839],[25.6839,36.8844],[25.6821,36.8828],[25.6828,36.8808],[25.6839,36.8793],[25.6849,36.8786]]],[[[25.6423,36.8766],[25.6422,36.8776],[25.6415,36.8776],[25.6422,36.8762],[25.6423,36.8766]]],[[[25.6682,36.8755],[25.6682,36.8776],[25.6668,36.8755],[25.6682,36.8755]]],[[[25.6428,36.8734],[25.6422,36.8747],[25.6422,36.8727],[25.6428,36.8734]]],[[[25.6749,36.8734],[25.6749,36.8745],[25.6741,36.8745],[25.6734,36.8739],[25.6734,36.8725],[25.6749,36.8734]]],[[[25.4714,36.8641],[25.4724,36.8651],[25.4745,36.8651],[25.4714,36.8651],[25.4714,36.8641]]],[[[25.5414,36.8516],[25.5411,36.853],[25.5401,36.8526],[25.5397,36.8516],[25.5414,36.8516]]],[[[25.677,36.8391],[25.6766,36.8401],[25.6769,36.8411],[25.6757,36.8411],[25.6766,36.8401],[25.6762,36.8391],[25.677,36.8391]]],[[[25.8428,36.8307],[25.8415,36.8307],[25.8422,36.8301],[25.8428,36.8307]]],[[[25.8435,36.8297],[25.8432,36.8304],[25.8425,36.8297],[25.8432,36.829],[25.8435,36.8297]]],[[[25.864,36.8276],[25.8644,36.8286],[25.8641,36.8297],[25.862,36.83],[25.8589,36.8328],[25.8575,36.8328],[25.8568,36.832],[25.8557,36.8319],[25.8544,36.8339],[25.8536,36.8341],[25.8523,36.8339],[25.8526,36.8328],[25.8505,36.8302],[25.8484,36.8295],[25.8463,36.8297],[25.8464,36.8286],[25.8484,36.8285],[25.8493,36.8276],[25.8516,36.8286],[25.8547,36.8286],[25.8568,36.8283],[25.8589,36.8268],[25.8599,36.8276],[25.8613,36.8276],[25.862,36.8284],[25.8629,36.8276],[25.864,36.8276]]],[[[25.4516,36.8182],[25.4505,36.8182],[25.4505,36.8172],[25.4516,36.8182]]],[[[25.3336,36.762],[25.3345,36.763],[25.3339,36.7646],[25.3319,36.763],[25.3323,36.762],[25.3336,36.762]]],[[[25.3432,36.7516],[25.3432,36.7523],[25.3422,36.7523],[25.3411,36.7516],[25.3432,36.7516]]],[[[25.2589,36.7453],[25.2599,36.7464],[25.262,36.7464],[25.2599,36.7468],[25.2581,36.7453],[25.2589,36.7453]]],[[[25.2526,36.7255],[25.2536,36.7266],[25.2546,36.7266],[25.2547,36.7276],[25.2536,36.7276],[25.2526,36.7266],[25.2516,36.7269],[25.2505,36.7262],[25.2495,36.7265],[25.2495,36.7255],[25.2526,36.7255]]],[[[25.1807,36.7068],[25.1813,36.7078],[25.1807,36.7092],[25.1786,36.7089],[25.1779,36.7078],[25.1786,36.7068],[25.1807,36.7068]]],[[[25.1682,36.6901],[25.1714,36.6922],[25.1724,36.6922],[25.1724,36.6932],[25.171,36.6932],[25.1703,36.6925],[25.1682,36.6922],[25.1668,36.6901],[25.1682,36.6891],[25.1682,36.6901]]],[[[25.1595,36.6839],[25.1599,36.6849],[25.1585,36.6849],[25.1578,36.6842],[25.1589,36.6829],[25.1595,36.6839]]],[[[25.1604,36.6828],[25.1599,36.6832],[25.1592,36.6828],[25.1599,36.6824],[25.1604,36.6828]]],[[[25.1568,36.6807],[25.1568,36.6811],[25.1564,36.6807],[25.1568,36.6807]]],[[[25.0832,36.6651],[25.0839,36.6656],[25.0839,36.6672],[25.0818,36.6677],[25.0814,36.6672],[25.0818,36.6651],[25.0832,36.6651]]],[[[25.1382,36.6641],[25.138,36.6651],[25.1359,36.6655],[25.137,36.6641],[25.137,36.6631],[25.1382,36.6641]]],[[[25.1359,36.663],[25.1349,36.663],[25.1339,36.6641],[25.1328,36.6641],[25.1339,36.6627],[25.1359,36.663]]],[[[25.1337,36.6589],[25.1328,36.6603],[25.1324,36.6589],[25.1337,36.6589]]],[[[25.3909,36.6547],[25.3901,36.6547],[25.3901,36.6537],[25.3909,36.6547]]],[[[25.0964,36.6422],[25.0964,36.6426],[25.0949,36.6422],[25.0964,36.6413],[25.0964,36.6422]]],[[[25.0536,36.6318],[25.0526,36.6322],[25.0526,36.6309],[25.0536,36.6318]]],[[[25.0287,36.6297],[25.0286,36.6307],[25.0272,36.6307],[25.0286,36.6297],[25.0286,36.6292],[25.0287,36.6297]]],[[[25.8328,36.3599],[25.8337,36.3609],[25.8307,36.3611],[25.8318,36.3599],[25.8328,36.3599]]],[[[25.7916,36.3193],[25.7911,36.3202],[25.7904,36.3193],[25.7911,36.3188],[25.7916,36.3193]]],[[[25.8028,36.3172],[25.8026,36.3175],[25.802,36.3172],[25.8028,36.3172]]],[[[25.8016,36.3141],[25.802,36.3151],[25.8016,36.3166],[25.8002,36.3151],[25.8005,36.3136],[25.8016,36.3141]]],[[[25.7984,36.312],[25.7999,36.313],[25.7984,36.314],[25.7984,36.3116],[25.7984,36.312]]],[[[25.8944,36.2703],[25.8953,36.2714],[25.8953,36.2724],[25.8938,36.2724],[25.8932,36.2718],[25.8944,36.2703]]],[[[25.8907,36.2672],[25.8901,36.2682],[25.8896,36.2682],[25.8896,36.2672],[25.8907,36.2672]]],[[[25.8337,36.2651],[25.8359,36.2663],[25.8359,36.2677],[25.8349,36.2677],[25.8328,36.2667],[25.8323,36.2651],[25.8337,36.2651]]],[[[26,36.0005],[26,36.8849],[25.9975,36.8849],[25.9964,36.8839],[25.9932,36.8838],[25.9923,36.8828],[25.9922,36.8807],[25.9911,36.8797],[25.9901,36.8806],[25.9891,36.8806],[25.988,36.8797],[25.9859,36.8818],[25.9859,36.8828],[25.9843,36.8828],[25.9851,36.8807],[25.9859,36.8797],[25.9849,36.8787],[25.9839,36.8796],[25.9828,36.8785],[25.9797,36.8784],[25.9786,36.8776],[25.9755,36.8776],[25.9745,36.8766],[25.9734,36.8766],[25.9714,36.8739],[25.9697,36.8734],[25.9682,36.8723],[25.9672,36.8693],[25.9661,36.8682],[25.9654,36.8682],[25.9653,36.8672],[25.9661,36.8661],[25.9651,36.8651],[25.9641,36.8661],[25.9641,36.8651],[25.963,36.8641],[25.961,36.8641],[25.9599,36.8629],[25.9589,36.8629],[25.9578,36.862],[25.9588,36.8609],[25.9557,36.8578],[25.9527,36.8578],[25.9527,36.8568],[25.9516,36.8557],[25.9496,36.8557],[25.9474,36.8537],[25.9464,36.8537],[25.9453,36.8546],[25.9453,36.8536],[25.9443,36.8526],[25.9422,36.8526],[25.9411,36.8534],[25.9401,36.8534],[25.9391,36.8526],[25.937,36.8526],[25.937,36.8516],[25.9359,36.8505],[25.9346,36.8505],[25.9331,36.8474],[25.9339,36.8464],[25.9318,36.844],[25.9292,36.8422],[25.9297,36.8401],[25.9276,36.838],[25.9266,36.8388],[25.9255,36.8378],[25.9245,36.8378],[25.9224,36.8359],[25.9214,36.8359],[25.9203,36.8349],[25.9193,36.8349],[25.9177,36.8339],[25.9193,36.8328],[25.9193,36.8318],[25.9182,36.8307],[25.9172,36.8307],[25.9162,36.8318],[25.9161,36.8327],[25.9156,36.8328],[25.9138,36.8328],[25.912,36.8315],[25.912,36.8307],[25.9111,36.8297],[25.912,36.8286],[25.9109,36.8276],[25.9091,36.8276],[25.9083,36.8266],[25.9089,36.8245],[25.9074,36.8224],[25.9078,36.8193],[25.9068,36.8161],[25.906,36.8151],[25.9036,36.813],[25.9016,36.813],[25.8984,36.8109],[25.8964,36.8109],[25.8943,36.8093],[25.8932,36.8092],[25.8922,36.8082],[25.8922,36.8068],[25.8911,36.8057],[25.8887,36.8057],[25.8891,36.8047],[25.887,36.8026],[25.8859,36.8036],[25.8849,36.8026],[25.8859,36.8016],[25.8859,36.7995],[25.8839,36.7974],[25.8813,36.7974],[25.8818,36.7964],[25.88,36.7943],[25.8807,36.7932],[25.8797,36.7922],[25.8755,36.7922],[25.8745,36.7911],[25.8734,36.7911],[25.8734,36.7901],[25.8724,36.7891],[25.8717,36.7891],[25.8703,36.788],[25.8693,36.788],[25.8661,36.7859],[25.8651,36.7859],[25.8641,36.7849],[25.863,36.7859],[25.862,36.7849],[25.8599,36.7849],[25.8589,36.7839],[25.8578,36.7839],[25.8568,36.7846],[25.8557,36.7837],[25.8539,36.7859],[25.8516,36.7859],[25.8505,36.7849],[25.8491,36.7849],[25.8474,36.7839],[25.8459,36.7839],[25.8443,36.7828],[25.8398,36.7828],[25.838,36.7807],[25.837,36.7807],[25.8359,36.7797],[25.8349,36.7807],[25.8359,36.7818],[25.8339,36.7836],[25.8307,36.7841],[25.8277,36.7839],[25.8255,36.7818],[25.8245,36.7828],[25.8224,36.7807],[25.8196,36.7807],[25.8199,36.7797],[25.8182,36.7786],[25.8193,36.7776],[25.8172,36.7755],[25.8161,36.7771],[25.8161,36.7766],[25.8104,36.7703],[25.8099,36.77],[25.8086,36.7703],[25.8068,36.7679],[25.8047,36.7672],[25.8036,36.7661],[25.7984,36.7659],[25.7964,36.7666],[25.7943,36.7657],[25.7926,36.7661],[25.7891,36.7661],[25.788,36.7651],[25.7807,36.7651],[25.7797,36.7659],[25.7724,36.7661],[25.7703,36.7671],[25.7672,36.7697],[25.7641,36.7714],[25.7609,36.7702],[25.7578,36.7703],[25.7547,36.7732],[25.7484,36.7776],[25.7453,36.7807],[25.7432,36.7849],[25.7432,36.7859],[25.7443,36.787],[25.7432,36.787],[25.7422,36.7859],[25.738,36.788],[25.737,36.7891],[25.7369,36.7901],[25.738,36.7911],[25.7392,36.7911],[25.7401,36.7931],[25.7401,36.7953],[25.7422,36.7974],[25.7432,36.7975],[25.7443,36.7972],[25.7457,36.7953],[25.7474,36.7953],[25.7484,36.7943],[25.7484,36.7933],[25.7505,36.7953],[25.7536,36.7953],[25.7557,36.7932],[25.7557,36.7911],[25.7578,36.7911],[25.7589,36.7922],[25.7589,36.7932],[25.7609,36.7953],[25.762,36.7943],[25.762,36.7964],[25.763,36.7974],[25.7641,36.7974],[25.7651,36.7967],[25.7651,36.7984],[25.7641,36.7995],[25.7641,36.8005],[25.7661,36.8026],[25.7672,36.8026],[25.7672,36.8047],[25.7656,36.8057],[25.7659,36.8068],[25.7672,36.8079],[25.7682,36.8057],[25.7703,36.8057],[25.7703,36.8068],[25.7685,36.8078],[25.769,36.8089],[25.7714,36.8099],[25.7734,36.8099],[25.7745,36.8089],[25.7776,36.8089],[25.7796,36.8078],[25.7807,36.808],[25.7807,36.8089],[25.7818,36.81],[25.7818,36.812],[25.7803,36.813],[25.7802,36.8141],[25.7818,36.8151],[25.7828,36.8144],[25.7839,36.8151],[25.7891,36.8151],[25.7911,36.813],[25.8016,36.8128],[25.8025,36.8151],[25.8047,36.8161],[25.8078,36.817],[25.8109,36.8169],[25.813,36.8141],[25.812,36.813],[25.813,36.812],[25.8151,36.812],[25.8163,36.813],[25.8163,36.8141],[25.8172,36.8151],[25.8193,36.8149],[25.8205,36.813],[25.8187,36.812],[25.8193,36.812],[25.8203,36.8109],[25.8224,36.812],[25.8241,36.8109],[25.8255,36.8109],[25.8266,36.8099],[25.8276,36.8099],[25.8288,36.8089],[25.8307,36.8091],[25.8328,36.8109],[25.8335,36.8109],[25.8359,36.8142],[25.838,36.8151],[25.8391,36.8146],[25.8411,36.8172],[25.8432,36.8151],[25.8432,36.8141],[25.8443,36.813],[25.8443,36.8124],[25.8453,36.813],[25.8453,36.8141],[25.8464,36.8151],[25.8484,36.8161],[25.8506,36.8161],[25.8516,36.8171],[25.8516,36.8184],[25.8495,36.8203],[25.8495,36.8214],[25.8474,36.8234],[25.8474,36.8245],[25.8453,36.8266],[25.8453,36.8276],[25.8432,36.8285],[25.8404,36.8307],[25.838,36.8299],[25.8359,36.8337],[25.8348,36.8339],[25.8365,36.837],[25.838,36.838],[25.837,36.8385],[25.8366,36.8391],[25.837,36.8396],[25.838,36.8401],[25.8391,36.8391],[25.8401,36.8391],[25.8401,36.8411],[25.8378,36.8432],[25.8387,36.8464],[25.8407,36.8484],[25.8432,36.8495],[25.8432,36.8505],[25.8443,36.8516],[25.8453,36.8516],[25.8464,36.8526],[25.8536,36.8526],[25.8543,36.8547],[25.8575,36.8568],[25.8609,36.8601],[25.8651,36.8603],[25.8745,36.863],[25.8755,36.8627],[25.8786,36.8636],[25.8797,36.863],[25.8816,36.863],[25.8814,36.8641],[25.8818,36.865],[25.8839,36.8665],[25.8913,36.8661],[25.8943,36.8667],[25.9026,36.8696],[25.9057,36.8684],[25.9068,36.8661],[25.912,36.8696],[25.9172,36.8708],[25.9193,36.873],[25.9255,36.8755],[25.9266,36.877],[25.9306,36.8807],[25.9307,36.8818],[25.9297,36.8818],[25.9286,36.8828],[25.9276,36.8828],[25.9266,36.8839],[25.9225,36.8839],[25.9201,36.8818],[25.9203,36.8807],[25.9193,36.8797],[25.9182,36.8797],[25.9168,36.8786],[25.9182,36.8776],[25.9172,36.8766],[25.913,36.8764],[25.912,36.8764],[25.9107,36.8776],[25.9124,36.8786],[25.9099,36.8786],[25.9089,36.8791],[25.9078,36.8786],[25.9047,36.8791],[25.9036,36.8767],[25.9016,36.8765],[25.9005,36.8797],[25.9019,36.8807],[25.8953,36.8807],[25.8984,36.879],[25.899,36.8766],[25.8953,36.8742],[25.8907,36.8745],[25.8891,36.8734],[25.8889,36.8745],[25.8876,36.8755],[25.8872,36.8766],[25.8874,36.8776],[25.8891,36.8786],[25.8891,36.8797],[25.8877,36.8807],[25.8891,36.882],[25.8901,36.8807],[25.8922,36.8807],[25.8932,36.8818],[25.8943,36.8818],[25.8932,36.8828],[25.8932,36.8841],[25.8919,36.8839],[25.8922,36.8828],[25.8909,36.8839],[25.8885,36.8839],[25.888,36.8831],[25.8849,36.884],[25.8844,36.8849],[25.8845,36.888],[25.8847,36.8891],[25.8859,36.8901],[25.887,36.8891],[25.8943,36.8891],[25.8953,36.888],[25.8988,36.888],[25.9016,36.8902],[25.9047,36.8908],[25.9077,36.8901],[25.9141,36.8901],[25.9151,36.8891],[25.9203,36.8891],[25.9214,36.888],[25.9245,36.888],[25.9255,36.8874],[25.9266,36.888],[25.9276,36.888],[25.9297,36.8859],[25.9318,36.8859],[25.9339,36.8839],[25.9349,36.8839],[25.9364,36.8818],[25.9356,36.8807],[25.937,36.8807],[25.9401,36.8828],[25.9443,36.8828],[25.9453,36.8839],[25.9464,36.884],[25.9495,36.887],[25.9505,36.887],[25.9547,36.8911],[25.9568,36.8911],[25.9578,36.8922],[25.9599,36.8922],[25.9609,36.8932],[25.962,36.8932],[25.9641,36.8953],[25.9661,36.8953],[25.9672,36.8964],[25.9682,36.8964],[25.9693,36.8974],[25.9682,36.8984],[25.9693,36.8996],[25.9703,36.8984],[25.9714,36.8984],[25.9724,36.8995],[25.9734,36.8995],[25.9745,36.9005],[25.9745,36.9016],[25.9752,36.9026],[25.9753,36.9036],[25.9742,36.9057],[25.9724,36.9057],[25.9714,36.9066],[25.9703,36.9068],[25.9693,36.9057],[25.9682,36.9057],[25.9672,36.9068],[25.9661,36.9068],[25.9672,36.9057],[25.9669,36.9047],[25.9675,36.9036],[25.9672,36.9022],[25.9661,36.9032],[25.9641,36.9037],[25.963,36.9061],[25.9621,36.9068],[25.9599,36.9068],[25.9589,36.9078],[25.9557,36.9078],[25.9547,36.9089],[25.9547,36.9109],[25.9557,36.913],[25.9572,36.9141],[25.9584,36.9172],[25.9609,36.9203],[25.9641,36.9214],[25.9682,36.922],[25.9693,36.9226],[25.9693,36.9234],[25.9682,36.9245],[25.9672,36.9247],[25.9669,36.9255],[25.9672,36.9266],[25.9682,36.9276],[25.9703,36.9281],[25.9734,36.9298],[25.9786,36.9309],[25.9849,36.931],[25.988,36.9302],[25.9901,36.9309],[25.9911,36.9305],[25.9943,36.9334],[25.9953,36.9333],[25.9961,36.9339],[25.9961,36.9349],[25.9971,36.9359],[25.9972,36.937],[25.9984,36.938],[25.9995,36.9382],[26,36.9391],[26,36.9995],[25.9995,37],[25.5682,37],[25.5656,36.9943],[25.5659,36.9932],[25.5651,36.9921],[25.5648,36.9901],[25.5633,36.9891],[25.5629,36.988],[25.5641,36.987],[25.5637,36.9839],[25.5659,36.9828],[25.5651,36.9815],[25.563,36.9808],[25.5619,36.9828],[25.5609,36.9819],[25.5606,36.9797],[25.5594,36.9786],[25.5599,36.9776],[25.5599,36.9734],[25.5589,36.9724],[25.5584,36.9693],[25.562,36.9688],[25.5632,36.9672],[25.562,36.9658],[25.5609,36.9667],[25.5601,36.9651],[25.5609,36.964],[25.5599,36.9629],[25.5589,36.9633],[25.5578,36.9609],[25.5547,36.9593],[25.5527,36.9568],[25.5474,36.9521],[25.5464,36.9524],[25.5453,36.9508],[25.5443,36.9508],[25.5411,36.9493],[25.5391,36.9491],[25.538,36.9501],[25.5368,36.9505],[25.5359,36.9526],[25.5359,36.9557],[25.5339,36.9562],[25.5318,36.9547],[25.5295,36.9547],[25.5276,36.9536],[25.5266,36.9548],[25.5252,36.9547],[25.5234,36.9522],[25.5224,36.9536],[25.5239,36.9547],[25.5224,36.9557],[25.5205,36.9557],[25.5203,36.9547],[25.5193,36.9536],[25.5203,36.9526],[25.5199,36.9505],[25.5182,36.9485],[25.513,36.9476],[25.5099,36.9451],[25.5047,36.9439],[25.4984,36.9406],[25.4949,36.938],[25.4911,36.9329],[25.4905,36.9318],[25.4905,36.9307],[25.488,36.9282],[25.4828,36.9266],[25.4797,36.9266],[25.4785,36.9276],[25.4784,36.9286],[25.48,36.9297],[25.4766,36.9297],[25.4755,36.9284],[25.475,36.9286],[25.4745,36.9297],[25.4755,36.9307],[25.4745,36.9318],[25.4745,36.9328],[25.4734,36.9341],[25.4724,36.9344],[25.4714,36.9343],[25.4703,36.9328],[25.4682,36.9331],[25.466,36.9318],[25.4641,36.93],[25.4641,36.9286],[25.4609,36.926],[25.4631,36.9234],[25.4633,36.9224],[25.4626,36.9214],[25.4603,36.9193],[25.4516,36.9138],[25.4484,36.9131],[25.4427,36.9151],[25.4359,36.9161],[25.4349,36.9172],[25.4339,36.9172],[25.4318,36.9193],[25.4307,36.9193],[25.4297,36.9203],[25.4294,36.9255],[25.4297,36.9266],[25.4307,36.9268],[25.4307,36.9276],[25.4286,36.9274],[25.4276,36.9284],[25.4234,36.9287],[25.4224,36.9297],[25.4234,36.9307],[25.4241,36.9307],[25.4224,36.9307],[25.4214,36.9318],[25.4224,36.9328],[25.4224,36.938],[25.4214,36.9391],[25.4224,36.9401],[25.4245,36.9401],[25.4245,36.9426],[25.4234,36.9443],[25.4245,36.9453],[25.4249,36.9484],[25.4241,36.9505],[25.424,36.9526],[25.425,36.9547],[25.4234,36.9588],[25.4224,36.9593],[25.4211,36.9609],[25.4176,36.9672],[25.4151,36.9673],[25.4141,36.9666],[25.413,36.9666],[25.4086,36.9693],[25.4068,36.9693],[25.4047,36.9701],[25.4003,36.9734],[25.3984,36.9743],[25.3953,36.9747],[25.3932,36.9743],[25.3901,36.9754],[25.388,36.9747],[25.3849,36.9745],[25.3839,36.9755],[25.3827,36.9797],[25.3786,36.9858],[25.3775,36.9859],[25.3776,36.987],[25.3807,36.989],[25.3828,36.9891],[25.3848,36.9901],[25.3851,36.9911],[25.385,36.9922],[25.3839,36.9932],[25.3841,36.9974],[25.3828,36.9985],[25.3818,36.9985],[25.3817,36.9995],[25.3807,37],[25.2318,37],[25.2307,36.9983],[25.2255,36.9958],[25.2214,36.9922],[25.221,36.988],[25.2224,36.987],[25.2219,36.9859],[25.2203,36.9846],[25.2188,36.9849],[25.218,36.987],[25.2196,36.988],[25.2182,36.9901],[25.2141,36.991],[25.2099,36.9905],[25.2057,36.9872],[25.2041,36.987],[25.2016,36.9845],[25.1993,36.9839],[25.1964,36.9809],[25.1953,36.9807],[25.1932,36.9811],[25.1922,36.9805],[25.1908,36.9786],[25.1923,36.9776],[25.1917,36.9766],[25.1901,36.976],[25.187,36.9734],[25.1849,36.9734],[25.1839,36.9724],[25.1797,36.9721],[25.1776,36.9727],[25.1734,36.9726],[25.1724,36.9731],[25.1714,36.9755],[25.1727,36.9766],[25.1682,36.9766],[25.1672,36.9776],[25.1661,36.9776],[25.1651,36.9776],[25.1641,36.9763],[25.162,36.9766],[25.1609,36.9776],[25.1609,36.9786],[25.1589,36.9799],[25.1568,36.9834],[25.1547,36.9836],[25.1544,36.9818],[25.1536,36.981],[25.1526,36.9807],[25.1507,36.9828],[25.1505,36.9845],[25.1495,36.9851],[25.1481,36.9849],[25.1443,36.983],[25.1422,36.9826],[25.1411,36.9839],[25.1401,36.9864],[25.138,36.9886],[25.1359,36.9892],[25.135,36.9901],[25.1343,36.9911],[25.1339,36.9935],[25.1318,36.9946],[25.1307,36.9949],[25.1287,36.9943],[25.1276,36.9932],[25.1261,36.9932],[25.1245,36.9922],[25.1224,36.9932],[25.1214,36.9929],[25.1193,36.9901],[25.1163,36.9922],[25.1143,36.9953],[25.113,36.999],[25.112,37],[25.0797,37],[25.0776,36.9953],[25.0755,36.9929],[25.0755,36.9891],[25.0745,36.987],[25.0745,36.9857],[25.0752,36.9849],[25.0755,36.9828],[25.0734,36.9807],[25.0714,36.9798],[25.0682,36.9769],[25.0673,36.9766],[25.0638,36.9724],[25.0619,36.9693],[25.0619,36.9682],[25.063,36.9672],[25.063,36.9666],[25.068,36.963],[25.0693,36.9609],[25.0693,36.9599],[25.0679,36.9589],[25.0684,36.9578],[25.0703,36.9578],[25.0724,36.9557],[25.0724,36.9542],[25.0745,36.9526],[25.0734,36.9516],[25.0724,36.952],[25.0722,36.9495],[25.0734,36.9495],[25.0745,36.9484],[25.0766,36.9484],[25.0776,36.9474],[25.0776,36.9443],[25.077,36.9432],[25.0755,36.9427],[25.0745,36.9437],[25.0734,36.9426],[25.0734,36.9391],[25.0728,36.938],[25.0734,36.938],[25.0745,36.937],[25.0745,36.9359],[25.0734,36.9349],[25.0714,36.9349],[25.0703,36.9359],[25.0714,36.937],[25.0703,36.9391],[25.0703,36.9403],[25.0672,36.9428],[25.0661,36.9422],[25.062,36.9484],[25.0609,36.9484],[25.0599,36.9499],[25.0589,36.9503],[25.0578,36.9495],[25.0547,36.9505],[25.0547,36.9526],[25.0557,36.9536],[25.0547,36.9547],[25.0547,36.9557],[25.0532,36.9557],[25.0526,36.9551],[25.0495,36.9552],[25.0484,36.9535],[25.0474,36.9542],[25.0472,36.9547],[25.0489,36.9557],[25.0474,36.9568],[25.0484,36.9578],[25.0464,36.9609],[25.0464,36.963],[25.0453,36.963],[25.044,36.9641],[25.0422,36.9641],[25.0411,36.9651],[25.0411,36.9688],[25.0401,36.9701],[25.0391,36.9704],[25.0349,36.9708],[25.0297,36.97],[25.0292,36.9693],[25.0299,36.9682],[25.0323,36.9661],[25.0339,36.9661],[25.0349,36.9651],[25.0344,36.963],[25.0359,36.962],[25.0349,36.9605],[25.0339,36.9609],[25.0328,36.962],[25.0314,36.962],[25.0318,36.9609],[25.0307,36.9599],[25.0276,36.9599],[25.0286,36.9589],[25.0285,36.9557],[25.0266,36.9528],[25.0255,36.9526],[25.0245,36.9515],[25.0203,36.9504],[25.0099,36.9504],[25.0078,36.9516],[25.0078,36.9526],[25.0068,36.9526],[25.0078,36.9516],[25.0078,36.9505],[25.0068,36.9499],[25.0047,36.9497],[25.0036,36.9499],[25.0026,36.9516],[25.0026,36.9526],[25.0016,36.9536],[25.0011,36.9516],[25,36.9505],[25,36.0005],[25.0005,36],[25.9995,36],[26,36.0005]],[[25.0984,36.9916],[25.0953,36.9953],[25.0974,36.9975],[25.0995,36.9968],[25.1005,36.9953],[25.1005,36.9932],[25.0984,36.9916]],[[25.1026,36.987],[25.1016,36.987],[25.1005,36.988],[25.1005,36.9891],[25.1016,36.9901],[25.1026,36.9901],[25.1036,36.9891],[25.1036,36.988],[25.1026,36.987]],[[25.2349,36.9864],[25.2339,36.987],[25.2336,36.988],[25.2349,36.9891],[25.2349,36.9922],[25.2391,36.9958],[25.2411,36.997],[25.2422,36.997],[25.2453,36.996],[25.2459,36.9953],[25.2453,36.994],[25.2459,36.9932],[25.246,36.9901],[25.2453,36.9893],[25.2422,36.988],[25.238,36.9883],[25.2359,36.988],[25.2349,36.9864]],[[25.6339,36.9797],[25.6328,36.9796],[25.6318,36.9802],[25.6305,36.9797],[25.6303,36.9807],[25.6316,36.9849],[25.6316,36.987],[25.6325,36.9891],[25.6349,36.9903],[25.6391,36.9912],[25.6411,36.991],[25.6422,36.9904],[25.644,36.988],[25.6442,36.9849],[25.6434,36.9828],[25.6411,36.9818],[25.6359,36.981],[25.6339,36.9797]],[[25.1057,36.9721],[25.1051,36.9724],[25.1057,36.9735],[25.1062,36.9724],[25.1057,36.9721]],[[25.1214,36.964],[25.1161,36.9642],[25.1143,36.9661],[25.1141,36.9682],[25.1151,36.9693],[25.1151,36.9703],[25.113,36.9704],[25.1118,36.9734],[25.1122,36.9755],[25.1109,36.9759],[25.1078,36.9755],[25.1068,36.9766],[25.107,36.9828],[25.1078,36.9832],[25.1099,36.9828],[25.1109,36.9818],[25.112,36.9818],[25.1161,36.979],[25.1182,36.9786],[25.1193,36.9776],[25.1203,36.9746],[25.1224,36.9742],[25.1235,36.9724],[25.1245,36.9724],[25.1255,36.9734],[25.1276,36.9736],[25.1288,36.9724],[25.1289,36.9703],[25.1283,36.9682],[25.1255,36.9656],[25.1214,36.964]],[[25.2609,36.9587],[25.2599,36.9583],[25.2594,36.9589],[25.2599,36.9598],[25.2609,36.9593],[25.2613,36.9589],[25.2609,36.9587]],[[25.4109,36.9526],[25.4099,36.9526],[25.4098,36.9536],[25.412,36.9557],[25.413,36.9557],[25.4141,36.9547],[25.4109,36.9526]],[[25.0776,36.9505],[25.0745,36.9526],[25.0747,36.9536],[25.0755,36.954],[25.0768,36.9536],[25.0786,36.9516],[25.0776,36.9505]],[[25.5286,36.9484],[25.5276,36.9479],[25.5274,36.9484],[25.5276,36.9489],[25.5286,36.9484]],[[25.0672,36.9391],[25.0661,36.9401],[25.0661,36.9411],[25.0672,36.9422],[25.0682,36.9411],[25.0682,36.9401],[25.0672,36.9391]],[[25.6057,36.9106],[25.6047,36.9099],[25.6036,36.9109],[25.6036,36.913],[25.6026,36.9141],[25.6022,36.9172],[25.6016,36.9182],[25.6032,36.9203],[25.6047,36.9212],[25.6068,36.9203],[25.6082,36.9182],[25.6082,36.9151],[25.6057,36.9106]],[[25.9693,36.9035],[25.9693,36.904],[25.97,36.9036],[25.9693,36.9035]],[[25.5651,36.895],[25.5638,36.8953],[25.5641,36.8958],[25.5651,36.8959],[25.5656,36.8953],[25.5651,36.895]],[[25.5703,36.8932],[25.5693,36.8943],[25.5703,36.8953],[25.5703,36.8964],[25.5672,36.8991],[25.5641,36.8974],[25.5609,36.8974],[25.5597,36.8984],[25.5584,36.8974],[25.5599,36.8964],[25.5589,36.8953],[25.5557,36.8953],[25.5547,36.8963],[25.5536,36.8964],[25.5516,36.8984],[25.5526,36.8995],[25.5516,36.9005],[25.5522,36.9016],[25.5516,36.9026],[25.5526,36.9036],[25.557,36.9057],[25.5589,36.9078],[25.5604,36.9078],[25.562,36.9089],[25.563,36.9085],[25.5661,36.9088],[25.5672,36.9101],[25.5672,36.913],[25.5703,36.9161],[25.5724,36.9141],[25.5807,36.916],[25.5818,36.9167],[25.5828,36.9182],[25.5833,36.9182],[25.5841,36.9193],[25.5839,36.9203],[25.5859,36.9224],[25.5911,36.924],[25.5953,36.9276],[25.595,36.9286],[25.5917,36.9328],[25.5911,36.9328],[25.5891,36.9349],[25.5892,36.937],[25.5876,36.9401],[25.5913,36.9432],[25.5943,36.9489],[25.5964,36.95],[25.5974,36.9516],[25.6005,36.953],[25.6026,36.9532],[25.6057,36.9526],[25.6068,36.9527],[25.6078,36.9536],[25.612,36.9539],[25.6141,36.9536],[25.6161,36.9526],[25.6203,36.9489],[25.6214,36.9495],[25.6234,36.9489],[25.6245,36.9495],[25.6255,36.9491],[25.6276,36.9499],[25.6281,36.9495],[25.6286,36.9453],[25.6266,36.9432],[25.6258,36.9432],[25.6271,36.9401],[25.6266,36.9395],[25.6266,36.9359],[25.6255,36.9349],[25.6242,36.9349],[25.6224,36.9328],[25.6214,36.9338],[25.6193,36.9343],[25.6183,36.9339],[25.6172,36.9321],[25.6151,36.9319],[25.6138,36.9307],[25.6141,36.9294],[25.613,36.9287],[25.6109,36.9289],[25.6099,36.9278],[25.6078,36.9276],[25.6036,36.9282],[25.6016,36.9276],[25.599,36.9276],[25.5992,36.9255],[25.6007,36.9224],[25.6015,36.9182],[25.5997,36.9161],[25.5995,36.915],[25.5943,36.9118],[25.5932,36.9103],[25.5924,36.9109],[25.5899,36.9109],[25.588,36.9089],[25.587,36.9099],[25.5849,36.91],[25.5807,36.9092],[25.5818,36.9078],[25.5807,36.9068],[25.5807,36.9057],[25.5797,36.9047],[25.5786,36.9049],[25.5776,36.9038],[25.5766,36.9036],[25.5754,36.9026],[25.5755,36.9005],[25.5776,36.9005],[25.5786,36.8995],[25.5786,36.8984],[25.5776,36.8974],[25.5755,36.8971],[25.5734,36.8943],[25.5714,36.8943],[25.5703,36.8932]],[[25.5432,36.887],[25.5422,36.887],[25.5411,36.888],[25.5411,36.8891],[25.5422,36.8902],[25.5432,36.8901],[25.5443,36.8891],[25.5443,36.888],[25.5432,36.887]],[[25.6297,36.8803],[25.6292,36.8807],[25.6297,36.8811],[25.6305,36.8807],[25.6297,36.8803]],[[25.6349,36.8766],[25.6339,36.8766],[25.6328,36.8776],[25.6328,36.8797],[25.6339,36.8807],[25.6349,36.8807],[25.6359,36.8797],[25.6359,36.8776],[25.6349,36.8766]],[[25.6286,36.8745],[25.6255,36.8766],[25.6255,36.8786],[25.6266,36.8797],[25.6276,36.8797],[25.6286,36.8783],[25.6299,36.8776],[25.6294,36.8766],[25.6297,36.8755],[25.6286,36.8745]],[[25.4995,36.87],[25.4991,36.8703],[25.5001,36.8703],[25.4995,36.87]],[[25.6401,36.866],[25.638,36.8664],[25.6359,36.8656],[25.6339,36.8658],[25.6319,36.8672],[25.6314,36.8682],[25.6313,36.8714],[25.6318,36.8722],[25.6339,36.8724],[25.6349,36.8714],[25.637,36.8734],[25.638,36.8735],[25.6391,36.8745],[25.6401,36.8741],[25.6408,36.8766],[25.6408,36.8776],[25.6401,36.8776],[25.6385,36.8797],[25.6359,36.8807],[25.6339,36.8828],[25.6313,36.8828],[25.6307,36.8821],[25.6286,36.8818],[25.6276,36.8807],[25.6252,36.8807],[25.6245,36.8802],[25.6217,36.8807],[25.6219,36.8797],[25.6203,36.879],[25.6182,36.8766],[25.6162,36.8755],[25.6176,36.8745],[25.6172,36.8743],[25.6161,36.8755],[25.613,36.8748],[25.6089,36.8753],[25.6068,36.8756],[25.6046,36.8766],[25.6028,36.8807],[25.6013,36.8818],[25.6025,36.8828],[25.6012,36.8849],[25.6015,36.887],[25.6036,36.8891],[25.6052,36.8891],[25.6068,36.8911],[25.6078,36.8913],[25.6109,36.8943],[25.6117,36.8943],[25.6141,36.8964],[25.6151,36.8964],[25.6161,36.8974],[25.6172,36.8974],[25.6182,36.8965],[25.6201,36.8964],[25.6258,36.8964],[25.6286,36.8969],[25.6307,36.8985],[25.6349,36.9007],[25.6349,36.9016],[25.6359,36.9028],[25.638,36.9047],[25.6391,36.9047],[25.6391,36.9068],[25.6411,36.9089],[25.6422,36.9092],[25.6443,36.9089],[25.6453,36.9099],[25.6474,36.9099],[25.6485,36.9089],[25.6505,36.9089],[25.6516,36.9078],[25.6589,36.9077],[25.6615,36.9057],[25.663,36.9038],[25.6651,36.9066],[25.6672,36.9063],[25.6703,36.9045],[25.6734,36.9035],[25.6768,36.9005],[25.6783,36.8974],[25.6781,36.8911],[25.6786,36.8904],[25.6811,36.8901],[25.6828,36.8909],[25.6839,36.8908],[25.6864,36.888],[25.6878,36.8839],[25.6912,36.8828],[25.6935,36.8807],[25.6937,36.8776],[25.693,36.8755],[25.6905,36.8734],[25.6878,36.8724],[25.687,36.8711],[25.6849,36.8696],[25.6839,36.8693],[25.6807,36.8708],[25.6779,36.8714],[25.6776,36.8724],[25.6772,36.8714],[25.6766,36.8712],[25.6745,36.8712],[25.6734,36.8723],[25.6724,36.8712],[25.6714,36.8719],[25.6682,36.8721],[25.6672,36.8734],[25.6665,36.8734],[25.6661,36.8724],[25.6641,36.8718],[25.6578,36.8725],[25.6516,36.8707],[25.6474,36.8713],[25.6443,36.8709],[25.6401,36.866]],[[25.6255,36.8573],[25.6198,36.8578],[25.6181,36.862],[25.6193,36.8646],[25.6214,36.8651],[25.6234,36.863],[25.6244,36.8651],[25.6244,36.8661],[25.6224,36.8682],[25.6193,36.8656],[25.619,36.8661],[25.6197,36.8672],[25.619,36.8682],[25.6188,36.8703],[25.6176,36.8714],[25.6193,36.8742],[25.6214,36.8745],[25.6224,36.8755],[25.6271,36.8724],[25.6268,36.8682],[25.6262,36.8672],[25.6263,36.8661],[25.6256,36.8651],[25.6267,36.863],[25.627,36.8599],[25.6266,36.8583],[25.6255,36.8573]],[[25.5276,36.8306],[25.5266,36.8297],[25.5234,36.8297],[25.5193,36.8332],[25.5172,36.8339],[25.5161,36.8349],[25.5159,36.8359],[25.5153,36.8432],[25.5161,36.8454],[25.5157,36.8505],[25.5172,36.8516],[25.5182,36.8505],[25.5207,36.8526],[25.5193,36.8536],[25.5193,36.8547],[25.5213,36.8568],[25.5214,36.8578],[25.5224,36.8589],[25.5225,36.8599],[25.5214,36.8599],[25.5202,36.8609],[25.5182,36.8593],[25.5172,36.8593],[25.5151,36.8609],[25.515,36.862],[25.5142,36.863],[25.5146,36.8641],[25.513,36.8641],[25.512,36.8629],[25.5099,36.8628],[25.5089,36.8641],[25.5089,36.8651],[25.5099,36.8661],[25.5099,36.8672],[25.5089,36.8687],[25.5089,36.8672],[25.5068,36.8651],[25.5047,36.8647],[25.5016,36.8651],[25.5003,36.8661],[25.5004,36.8672],[25.5016,36.8682],[25.5015,36.8693],[25.5005,36.8703],[25.5005,36.8714],[25.5016,36.8724],[25.5005,36.8724],[25.4995,36.8734],[25.4984,36.8724],[25.4974,36.8724],[25.497,36.8745],[25.4995,36.8766],[25.4984,36.8776],[25.4995,36.8786],[25.5005,36.8786],[25.5016,36.8776],[25.5016,36.8786],[25.5005,36.8797],[25.5016,36.8807],[25.5036,36.8786],[25.5036,36.8818],[25.5026,36.8828],[25.5047,36.8849],[25.5057,36.8842],[25.5068,36.8849],[25.509,36.8849],[25.5078,36.8849],[25.5068,36.8859],[25.5099,36.8891],[25.5109,36.8891],[25.512,36.8882],[25.512,36.8891],[25.513,36.8901],[25.5141,36.8901],[25.5151,36.8891],[25.5161,36.8901],[25.5172,36.8901],[25.5182,36.8917],[25.5193,36.8911],[25.5203,36.8922],[25.5224,36.8922],[25.5224,36.8932],[25.5234,36.8943],[25.5255,36.8943],[25.5266,36.8932],[25.5276,36.8943],[25.5286,36.8932],[25.5276,36.8922],[25.5297,36.8901],[25.5297,36.8891],[25.529,36.888],[25.5297,36.8873],[25.5318,36.8867],[25.5321,36.8859],[25.5316,36.8849],[25.5318,36.8839],[25.5328,36.8839],[25.5339,36.8828],[25.5333,36.8807],[25.5315,36.8786],[25.5339,36.8766],[25.5339,36.8711],[25.537,36.8679],[25.5401,36.8679],[25.5443,36.8703],[25.5453,36.8703],[25.5474,36.8682],[25.5474,36.8672],[25.5464,36.8661],[25.5464,36.8651],[25.5474,36.8641],[25.5464,36.863],[25.5453,36.8641],[25.5423,36.8641],[25.5401,36.8632],[25.5393,36.862],[25.5395,36.8599],[25.5432,36.8589],[25.5443,36.8578],[25.5443,36.8557],[25.5428,36.8536],[25.5443,36.8536],[25.5443,36.8557],[25.5453,36.8568],[25.5484,36.8568],[25.5495,36.8579],[25.5505,36.8568],[25.5495,36.8557],[25.5494,36.8547],[25.5479,36.8536],[25.5495,36.8526],[25.5484,36.8511],[25.5464,36.8504],[25.5411,36.8499],[25.5391,36.8486],[25.537,36.8487],[25.5355,36.8505],[25.5373,36.8516],[25.5349,36.8516],[25.5339,36.8495],[25.5328,36.8502],[25.5328,36.8516],[25.5339,36.8526],[25.5339,36.8536],[25.5318,36.8557],[25.5266,36.8558],[25.5255,36.8544],[25.5252,36.8526],[25.5242,36.8516],[25.5245,36.8495],[25.524,36.8474],[25.5245,36.8453],[25.5255,36.8453],[25.5266,36.8477],[25.5286,36.8474],[25.5309,36.8443],[25.532,36.8411],[25.5312,36.8401],[25.5306,36.838],[25.5305,36.8349],[25.5276,36.8306]],[[25.6714,36.8306],[25.6703,36.8306],[25.6693,36.8297],[25.6661,36.8328],[25.6682,36.8349],[25.6672,36.8349],[25.6651,36.837],[25.663,36.837],[25.6609,36.8391],[25.6609,36.8401],[25.6599,36.8401],[25.6562,36.8432],[25.6559,36.8443],[25.6577,36.8474],[25.6599,36.8488],[25.6609,36.8489],[25.6661,36.8484],[25.6693,36.8464],[25.6703,36.8443],[25.6703,36.8432],[25.6714,36.8423],[25.6714,36.8464],[25.6702,36.8474],[25.6699,36.8484],[25.6705,36.8495],[25.6734,36.8508],[25.6807,36.8518],[25.6818,36.8505],[25.6859,36.8505],[25.6858,36.8484],[25.687,36.8484],[25.688,36.8474],[25.691,36.8474],[25.6922,36.8484],[25.6943,36.8464],[25.6943,36.8443],[25.6955,36.8432],[25.6953,36.8422],[25.6943,36.8411],[25.6932,36.8411],[25.6932,36.8401],[25.6922,36.839],[25.6891,36.8377],[25.6879,36.838],[25.687,36.8391],[25.688,36.8401],[25.687,36.8401],[25.687,36.8391],[25.6859,36.8379],[25.6849,36.8389],[25.6827,36.8391],[25.6823,36.8401],[25.6828,36.8414],[25.6849,36.8422],[25.6849,36.8432],[25.6824,36.8432],[25.6807,36.8427],[25.6797,36.8422],[25.6792,36.8411],[25.6809,36.8401],[25.6797,36.8385],[25.6776,36.8381],[25.6766,36.837],[25.6755,36.8385],[25.674,36.838],[25.6734,36.8368],[25.6745,36.8349],[25.6734,36.8339],[25.6724,36.8343],[25.6708,36.8328],[25.6725,36.8318],[25.6714,36.8306]],[[25.4068,36.8255],[25.4057,36.8253],[25.4047,36.8266],[25.4068,36.8297],[25.4089,36.8301],[25.4113,36.8297],[25.412,36.8286],[25.4116,36.8276],[25.412,36.8266],[25.4109,36.8255],[25.4068,36.8255]],[[25.3964,36.8233],[25.3943,36.8231],[25.3931,36.8245],[25.3929,36.8276],[25.3943,36.8298],[25.3974,36.8297],[25.3984,36.8286],[25.3984,36.8255],[25.3974,36.8237],[25.3964,36.8233]],[[25.7964,36.8161],[25.7943,36.8163],[25.7938,36.8172],[25.7922,36.8172],[25.7911,36.8182],[25.7901,36.8174],[25.7889,36.8193],[25.7911,36.8214],[25.7922,36.8214],[25.7932,36.8228],[25.7943,36.8226],[25.7956,36.8214],[25.7953,36.8207],[25.794,36.8203],[25.7974,36.8203],[25.7984,36.8193],[25.7964,36.8161]],[[25.4568,36.8161],[25.4536,36.8152],[25.4516,36.8153],[25.4505,36.8171],[25.4495,36.8161],[25.4484,36.8163],[25.4474,36.8182],[25.4411,36.8182],[25.4401,36.8193],[25.4359,36.8198],[25.4349,36.8214],[25.4339,36.8208],[25.4331,36.8214],[25.4315,36.8214],[25.4297,36.8203],[25.4266,36.8203],[25.4255,36.819],[25.4244,36.8203],[25.4255,36.8214],[25.4234,36.8214],[25.4224,36.8219],[25.4214,36.8203],[25.4203,36.8214],[25.4218,36.8224],[25.4203,36.8234],[25.4214,36.8245],[25.4214,36.8266],[25.4198,36.8266],[25.4203,36.8255],[25.4193,36.8245],[25.4182,36.8242],[25.4161,36.8245],[25.4151,36.8255],[25.4161,36.8266],[25.4151,36.8276],[25.4154,36.8286],[25.4141,36.8297],[25.4141,36.8307],[25.4161,36.8339],[25.4172,36.8341],[25.4193,36.8359],[25.4182,36.837],[25.4193,36.8382],[25.4214,36.8359],[25.4224,36.836],[25.4234,36.837],[25.4253,36.837],[25.4266,36.838],[25.4297,36.838],[25.4318,36.8363],[25.4328,36.8385],[25.4328,36.8401],[25.4307,36.8417],[25.4297,36.841],[25.4279,36.8443],[25.4285,36.8464],[25.4297,36.848],[25.4318,36.8489],[25.4339,36.8484],[25.4349,36.8495],[25.4335,36.8516],[25.4359,36.8544],[25.4401,36.8566],[25.4411,36.8562],[25.4422,36.8565],[25.4484,36.8592],[25.4495,36.8587],[25.4505,36.8591],[25.4516,36.8587],[25.4536,36.8557],[25.4536,36.8551],[25.4536,36.8578],[25.4547,36.8589],[25.4557,36.8589],[25.4568,36.8599],[25.4578,36.8599],[25.4568,36.8599],[25.4557,36.8609],[25.4557,36.862],[25.4589,36.8651],[25.4609,36.8653],[25.462,36.8661],[25.462,36.8672],[25.4604,36.8682],[25.4606,36.8693],[25.463,36.8723],[25.4661,36.8734],[25.4672,36.8744],[25.4745,36.8749],[25.4776,36.8737],[25.4795,36.8714],[25.4798,36.8703],[25.4781,36.8672],[25.4767,36.8661],[25.4766,36.8651],[25.4776,36.8641],[25.4776,36.862],[25.4766,36.8609],[25.4766,36.8578],[25.4755,36.8568],[25.4755,36.8557],[25.4745,36.8547],[25.4745,36.8538],[25.4776,36.8536],[25.4797,36.8557],[25.4807,36.8547],[25.4807,36.8536],[25.4818,36.8542],[25.4818,36.8568],[25.4828,36.8578],[25.4868,36.8578],[25.488,36.8597],[25.4891,36.8578],[25.488,36.8568],[25.4895,36.8557],[25.488,36.8547],[25.4898,36.8536],[25.4899,36.8526],[25.4891,36.8507],[25.4869,36.8484],[25.4859,36.8465],[25.4851,36.8391],[25.4842,36.8359],[25.4838,36.8297],[25.4827,36.8276],[25.4775,36.8234],[25.4734,36.8219],[25.4661,36.8219],[25.4652,36.8224],[25.4651,36.825],[25.463,36.825],[25.4626,36.8245],[25.4641,36.8234],[25.463,36.8224],[25.462,36.8239],[25.4609,36.8234],[25.462,36.8224],[25.4614,36.8193],[25.4589,36.817],[25.4568,36.8161]],[[25.912,36.8151],[25.9109,36.816],[25.9099,36.8151],[25.9089,36.8161],[25.9089,36.8182],[25.9099,36.8193],[25.913,36.8161],[25.912,36.8151]],[[25.7557,36.8138],[25.7547,36.8131],[25.7526,36.8135],[25.7516,36.8151],[25.7536,36.8182],[25.7547,36.8172],[25.7547,36.8161],[25.7568,36.8151],[25.7557,36.8138]],[[25.7464,36.7982],[25.7453,36.7985],[25.7443,36.7996],[25.7411,36.8057],[25.7401,36.8061],[25.7391,36.8078],[25.7391,36.8089],[25.7401,36.8099],[25.7401,36.8109],[25.7432,36.813],[25.7443,36.813],[25.7443,36.8141],[25.745,36.8151],[25.7443,36.8161],[25.744,36.8182],[25.7443,36.8193],[25.7453,36.8203],[25.7464,36.8203],[25.7474,36.8193],[25.7474,36.8172],[25.7484,36.8172],[25.7495,36.8161],[25.7495,36.8151],[25.7484,36.8141],[25.7474,36.8141],[25.7486,36.813],[25.7505,36.8127],[25.7511,36.812],[25.749,36.8099],[25.7495,36.8089],[25.7505,36.8089],[25.7526,36.8068],[25.7532,36.8057],[25.7536,36.8026],[25.7526,36.8016],[25.7505,36.8021],[25.7484,36.8016],[25.7484,36.7995],[25.7474,36.7984],[25.7464,36.7982]],[[25.3109,36.7953],[25.3099,36.7964],[25.3099,36.7974],[25.312,36.7998],[25.3134,36.7984],[25.312,36.7974],[25.312,36.7964],[25.3109,36.7953]],[[25.7557,36.7953],[25.7536,36.7984],[25.7547,36.7995],[25.7557,36.7984],[25.7578,36.7984],[25.7589,36.7974],[25.7557,36.7953]],[[25.2578,36.7627],[25.2573,36.763],[25.2578,36.7633],[25.2582,36.763],[25.2578,36.7627]],[[25.0849,36.6818],[25.0839,36.6823],[25.0833,36.6839],[25.0836,36.6859],[25.0849,36.6871],[25.087,36.6874],[25.088,36.6859],[25.087,36.6849],[25.088,36.6839],[25.087,36.6828],[25.0859,36.6832],[25.0849,36.6818]],[[25.3255,36.6622],[25.3245,36.6625],[25.323,36.6641],[25.3222,36.6661],[25.3226,36.6672],[25.3245,36.6682],[25.3245,36.6693],[25.3255,36.6703],[25.3276,36.6682],[25.3276,36.6672],[25.3287,36.6661],[25.3284,36.6651],[25.3255,36.6622]],[[25.1141,36.6486],[25.1136,36.6495],[25.1141,36.6499],[25.1146,36.6495],[25.1141,36.6486]],[[25.3568,36.6404],[25.3557,36.6411],[25.3547,36.6411],[25.3536,36.6422],[25.3533,36.6443],[25.3518,36.6464],[25.3495,36.6464],[25.3484,36.6474],[25.3484,36.6495],[25.3492,36.6505],[25.3464,36.6526],[25.3464,36.6536],[25.3453,36.6547],[25.3411,36.6516],[25.3401,36.6526],[25.3411,36.6536],[25.3411,36.6547],[25.3407,36.6547],[25.3401,36.6541],[25.3399,36.6526],[25.338,36.6517],[25.3376,36.6526],[25.338,36.6536],[25.3395,36.6547],[25.338,36.6568],[25.34,36.6589],[25.3401,36.6599],[25.338,36.662],[25.337,36.6624],[25.3359,36.662],[25.3349,36.663],[25.3353,36.6641],[25.3367,36.6651],[25.3349,36.6651],[25.3339,36.6661],[25.3339,36.6682],[25.3297,36.6682],[25.3286,36.6693],[25.3276,36.6693],[25.3255,36.6714],[25.3255,36.6724],[25.3266,36.6734],[25.3266,36.6745],[25.3266,36.6756],[25.3255,36.6768],[25.3224,36.6734],[25.3214,36.6729],[25.3193,36.6736],[25.3182,36.6745],[25.3208,36.6755],[25.32,36.6776],[25.3203,36.6807],[25.3193,36.6807],[25.3182,36.6818],[25.3172,36.6812],[25.3166,36.6818],[25.3151,36.6818],[25.3141,36.68],[25.3099,36.6781],[25.3078,36.6799],[25.3072,36.6828],[25.3089,36.6849],[25.3116,36.6849],[25.311,36.687],[25.3092,36.6891],[25.3073,36.6891],[25.3078,36.688],[25.3068,36.687],[25.3036,36.6868],[25.3026,36.688],[25.3026,36.6891],[25.3036,36.6901],[25.3036,36.6911],[25.3026,36.6901],[25.3005,36.6901],[25.2981,36.6911],[25.2973,36.6922],[25.3,36.6932],[25.3005,36.6942],[25.3002,36.6953],[25.2995,36.6964],[25.2964,36.6984],[25.2964,36.6997],[25.2953,36.7],[25.2943,36.6984],[25.2915,36.6995],[25.2932,36.7016],[25.2932,36.7026],[25.2922,36.7031],[25.2911,36.7016],[25.2901,36.7026],[25.2916,36.7036],[25.2891,36.7057],[25.289,36.7068],[25.2907,36.7078],[25.2923,36.7099],[25.2898,36.713],[25.2882,36.7141],[25.287,36.713],[25.2845,36.713],[25.2839,36.7125],[25.2834,36.712],[25.2849,36.7109],[25.2839,36.7092],[25.2828,36.7091],[25.2818,36.7109],[25.2822,36.712],[25.2797,36.7133],[25.2797,36.712],[25.2782,36.7109],[25.2797,36.7099],[25.2794,36.7089],[25.2803,36.7078],[25.2797,36.7074],[25.2786,36.7079],[25.2776,36.7073],[25.2766,36.7076],[25.2755,36.7099],[25.2734,36.7124],[25.2703,36.7109],[25.2661,36.7109],[25.2651,36.7115],[25.2646,36.712],[25.2648,36.713],[25.2667,36.7151],[25.2664,36.7161],[25.2653,36.7172],[25.2657,36.7182],[25.2672,36.7203],[25.2716,36.7234],[25.2715,36.7245],[25.2693,36.7254],[25.2682,36.7237],[25.2672,36.7234],[25.2641,36.7207],[25.262,36.7203],[25.2615,36.7193],[25.2616,36.7151],[25.263,36.7141],[25.2609,36.7112],[25.2599,36.7114],[25.2589,36.7107],[25.2574,36.7109],[25.2568,36.713],[25.2578,36.7141],[25.2578,36.7151],[25.2557,36.7156],[25.2547,36.7172],[25.2547,36.7182],[25.2568,36.7203],[25.2568,36.7212],[25.2557,36.7225],[25.2511,36.7214],[25.2526,36.7203],[25.2505,36.7179],[25.2484,36.7167],[25.2464,36.7144],[25.2453,36.7141],[25.2422,36.7152],[25.2402,36.7172],[25.2408,36.7203],[25.2423,36.7224],[25.2432,36.723],[25.2458,36.7214],[25.2453,36.7224],[25.2464,36.7234],[25.2446,36.7245],[25.2464,36.7275],[25.251,36.7318],[25.2526,36.7326],[25.2536,36.7321],[25.2547,36.7307],[25.2557,36.7318],[25.2557,36.7339],[25.2568,36.7349],[25.2578,36.7349],[25.2557,36.737],[25.2578,36.7401],[25.2578,36.7411],[25.2547,36.7413],[25.2513,36.7453],[25.251,36.7464],[25.2536,36.7501],[25.2557,36.7501],[25.258,36.7484],[25.2589,36.7484],[25.2589,36.7495],[25.2609,36.7516],[25.2609,36.7536],[25.262,36.7547],[25.262,36.7554],[25.2589,36.7552],[25.2578,36.7557],[25.2557,36.7542],[25.2553,36.7557],[25.2552,36.7568],[25.2568,36.7578],[25.2578,36.7578],[25.2589,36.7589],[25.2578,36.7609],[25.2589,36.762],[25.2599,36.7619],[25.2589,36.7641],[25.2589,36.7651],[25.2599,36.7661],[25.2589,36.7672],[25.2589,36.7693],[25.2577,36.7703],[25.2589,36.7714],[25.2599,36.7703],[25.262,36.7724],[25.263,36.7724],[25.2641,36.7717],[25.2647,36.7724],[25.2651,36.7734],[25.2641,36.7745],[25.2641,36.7755],[25.2682,36.7797],[25.2693,36.7787],[25.2693,36.7797],[25.2703,36.7807],[25.2703,36.7818],[25.2687,36.7828],[25.2688,36.7839],[25.2693,36.7846],[25.2703,36.7849],[25.2714,36.7839],[25.2714,36.7859],[25.2724,36.787],[25.2734,36.787],[25.2734,36.788],[25.2721,36.788],[25.2719,36.7891],[25.2728,36.7901],[25.2734,36.7903],[25.2745,36.7891],[25.2755,36.7891],[25.2766,36.788],[25.2766,36.7863],[25.2786,36.788],[25.2797,36.788],[25.2784,36.7891],[25.2782,36.7911],[25.2797,36.792],[25.2818,36.7923],[25.2839,36.7919],[25.2849,36.7901],[25.2859,36.7901],[25.287,36.7914],[25.288,36.7901],[25.2859,36.788],[25.2849,36.788],[25.2839,36.7891],[25.2823,36.7891],[25.2828,36.7874],[25.2859,36.787],[25.287,36.788],[25.2911,36.788],[25.2922,36.7891],[25.2932,36.7891],[25.2953,36.7911],[25.3026,36.7913],[25.3078,36.794],[25.3109,36.7913],[25.312,36.7891],[25.313,36.7891],[25.3141,36.788],[25.3141,36.7849],[25.3158,36.7839],[25.3161,36.7828],[25.3172,36.7818],[25.3182,36.7818],[25.3238,36.7776],[25.3266,36.7776],[25.3275,36.7786],[25.3276,36.7794],[25.3286,36.7776],[25.3276,36.7766],[25.3297,36.775],[25.3306,36.7766],[25.3305,36.7776],[25.331,36.7776],[25.331,36.7766],[25.3319,36.7755],[25.3302,36.7745],[25.3307,36.7734],[25.3307,36.7703],[25.3318,36.7714],[25.3339,36.7718],[25.3359,36.7706],[25.3383,36.7672],[25.3389,36.7651],[25.3359,36.7619],[25.3339,36.7609],[25.3328,36.7599],[25.3318,36.7615],[25.3307,36.7599],[25.3307,36.7578],[25.3302,36.7568],[25.3286,36.7556],[25.3339,36.7526],[25.3349,36.7536],[25.3359,36.7536],[25.338,36.7565],[25.3411,36.7569],[25.3432,36.7553],[25.3443,36.756],[25.3453,36.7559],[25.346,36.7547],[25.3505,36.7538],[25.3522,36.7516],[25.3531,36.7495],[25.3516,36.7474],[25.3516,36.7464],[25.3547,36.7464],[25.3557,36.7453],[25.3599,36.7453],[25.362,36.7474],[25.362,36.7495],[25.3605,36.7505],[25.3611,36.7526],[25.3641,36.754],[25.3672,36.754],[25.3692,36.7516],[25.3667,36.7484],[25.3683,36.7474],[25.3672,36.7464],[25.3661,36.7479],[25.3651,36.7466],[25.3661,36.7453],[25.3661,36.7432],[25.3651,36.7422],[25.3641,36.7421],[25.365,36.7401],[25.366,36.7391],[25.3682,36.7375],[25.3693,36.7372],[25.3703,36.7355],[25.3745,36.7349],[25.3755,36.7341],[25.3776,36.7339],[25.3797,36.7324],[25.3826,36.7318],[25.387,36.7318],[25.3911,36.7276],[25.3909,36.7266],[25.3922,36.7259],[25.3932,36.7261],[25.3953,36.7245],[25.3974,36.7245],[25.3984,36.7255],[25.3995,36.7251],[25.3999,36.7245],[25.3984,36.7234],[25.3974,36.7215],[25.3984,36.7203],[25.3981,36.7193],[25.4005,36.7193],[25.4026,36.7172],[25.4026,36.7158],[25.4033,36.7151],[25.4047,36.7161],[25.4056,36.7161],[25.4056,36.7172],[25.406,36.7172],[25.4058,36.7161],[25.4068,36.7151],[25.4072,36.712],[25.4065,36.7099],[25.4051,36.7078],[25.4036,36.7067],[25.4005,36.7066],[25.3984,36.7069],[25.3974,36.7094],[25.3964,36.7089],[25.3935,36.7089],[25.3911,36.7068],[25.3901,36.7068],[25.3901,36.7016],[25.3914,36.7005],[25.3901,36.6993],[25.388,36.7016],[25.387,36.7017],[25.3856,36.6984],[25.3831,36.6964],[25.3826,36.6953],[25.3825,36.6943],[25.3859,36.6911],[25.388,36.6922],[25.3891,36.6911],[25.3891,36.6901],[25.3901,36.6914],[25.3917,36.6901],[25.3901,36.6891],[25.3924,36.688],[25.3925,36.687],[25.3911,36.6851],[25.3891,36.6839],[25.388,36.6854],[25.387,36.6843],[25.3852,36.6839],[25.3859,36.6839],[25.3875,36.6828],[25.388,36.6818],[25.3876,36.6797],[25.3891,36.6786],[25.3891,36.6776],[25.3901,36.6761],[25.3922,36.6745],[25.3924,36.6734],[25.3932,36.6734],[25.3943,36.6724],[25.3953,36.6734],[25.397,36.6724],[25.3973,36.6714],[25.3974,36.6682],[25.3964,36.6664],[25.3953,36.6658],[25.3932,36.6661],[25.3922,36.6672],[25.3927,36.6682],[25.3891,36.6682],[25.388,36.6693],[25.388,36.6713],[25.387,36.6703],[25.3859,36.6706],[25.3845,36.6703],[25.3851,36.6693],[25.3851,36.6672],[25.3859,36.6672],[25.3872,36.6661],[25.3891,36.6661],[25.3901,36.6651],[25.3891,36.6641],[25.3893,36.663],[25.3922,36.663],[25.3932,36.6641],[25.3944,36.663],[25.3932,36.662],[25.3932,36.6609],[25.3946,36.6599],[25.3929,36.6557],[25.3911,36.6536],[25.3911,36.6474],[25.3905,36.6453],[25.3891,36.6442],[25.3855,36.6443],[25.3845,36.6453],[25.3843,36.6474],[25.3849,36.6483],[25.3849,36.6495],[25.382,36.6516],[25.3818,36.6526],[25.3807,36.6518],[25.3786,36.6516],[25.3776,36.6505],[25.3757,36.6516],[25.3734,36.6548],[25.3714,36.6547],[25.3703,36.6555],[25.3672,36.6543],[25.3668,36.6536],[25.3672,36.6516],[25.3661,36.6505],[25.3651,36.6507],[25.363,36.6491],[25.363,36.6474],[25.362,36.6464],[25.3609,36.6466],[25.3599,36.6455],[25.3599,36.6443],[25.3585,36.6432],[25.3568,36.6404]],[[25.0703,36.6304],[25.0693,36.6299],[25.0682,36.6301],[25.0669,36.6318],[25.0686,36.6328],[25.0682,36.6339],[25.0641,36.6343],[25.0634,36.6349],[25.0599,36.6349],[25.0589,36.6359],[25.0589,36.637],[25.0599,36.638],[25.0599,36.6401],[25.0587,36.6411],[25.0599,36.6422],[25.0609,36.6411],[25.062,36.6422],[25.062,36.6432],[25.0599,36.6431],[25.0608,36.6453],[25.062,36.6464],[25.063,36.6464],[25.0641,36.6453],[25.0641,36.6464],[25.0661,36.6487],[25.0661,36.6495],[25.0651,36.6505],[25.065,36.6516],[25.0661,36.6536],[25.0672,36.6555],[25.0733,36.662],[25.0745,36.6641],[25.0786,36.6674],[25.0828,36.6693],[25.0839,36.6693],[25.0839,36.6703],[25.0849,36.6714],[25.0857,36.6714],[25.0859,36.6724],[25.088,36.6749],[25.0877,36.6786],[25.087,36.6797],[25.087,36.6807],[25.0891,36.6849],[25.0911,36.6874],[25.0932,36.6918],[25.0974,36.6953],[25.0984,36.6953],[25.0995,36.6964],[25.1016,36.6964],[25.1026,36.6974],[25.1078,36.6974],[25.1089,36.6984],[25.1109,36.6988],[25.112,36.6995],[25.112,36.7016],[25.113,36.7028],[25.1161,36.7027],[25.1172,36.7016],[25.1203,36.7036],[25.1214,36.7036],[25.1217,36.7057],[25.1266,36.7084],[25.1328,36.7141],[25.1365,36.7161],[25.1371,36.7161],[25.138,36.7151],[25.1392,36.7151],[25.1401,36.7157],[25.1432,36.7141],[25.1432,36.7151],[25.1443,36.7161],[25.1453,36.7153],[25.1464,36.7161],[25.1505,36.7161],[25.1516,36.7151],[25.1528,36.7151],[25.1547,36.716],[25.1557,36.718],[25.1568,36.7185],[25.1578,36.7172],[25.1589,36.7172],[25.1599,36.7163],[25.162,36.7161],[25.1641,36.7182],[25.1661,36.7182],[25.1672,36.7193],[25.1683,36.7182],[25.1682,36.7172],[25.1693,36.7163],[25.1714,36.7161],[25.1724,36.7154],[25.1728,36.7172],[25.1734,36.718],[25.1766,36.7192],[25.1776,36.7193],[25.1786,36.7186],[25.1807,36.7191],[25.1828,36.7183],[25.1839,36.7184],[25.1856,36.7172],[25.1867,36.7151],[25.1865,36.7141],[25.1849,36.713],[25.1849,36.712],[25.1867,36.7109],[25.1867,36.7099],[25.1861,36.7078],[25.1847,36.7057],[25.1835,36.6974],[25.1828,36.6964],[25.1797,36.6949],[25.1776,36.6947],[25.1755,36.6964],[25.1769,36.6974],[25.1751,36.6974],[25.1745,36.6968],[25.1745,36.6943],[25.176,36.6922],[25.1752,36.6891],[25.1745,36.688],[25.1724,36.6865],[25.1703,36.6858],[25.1661,36.6854],[25.1638,36.6839],[25.1618,36.6818],[25.1609,36.6801],[25.1557,36.6776],[25.1553,36.6755],[25.158,36.6745],[25.1557,36.6726],[25.1547,36.6727],[25.1536,36.6745],[25.1516,36.6745],[25.1512,36.6734],[25.1527,36.6724],[25.1525,36.6714],[25.1495,36.67],[25.1474,36.6704],[25.1453,36.6738],[25.1443,36.6724],[25.1419,36.6724],[25.1391,36.6682],[25.1397,36.6661],[25.1411,36.6658],[25.1415,36.6651],[25.1411,36.6636],[25.1391,36.6626],[25.137,36.6596],[25.1328,36.6561],[25.1318,36.656],[25.1307,36.6578],[25.1297,36.6578],[25.1286,36.6559],[25.1276,36.6551],[25.1266,36.6552],[25.1255,36.6572],[25.1238,36.6578],[25.1214,36.6557],[25.121,36.6547],[25.1224,36.6543],[25.1228,36.6526],[25.1224,36.6515],[25.1203,36.65],[25.1182,36.6492],[25.1172,36.6509],[25.1161,36.6505],[25.1151,36.6511],[25.1141,36.6505],[25.1118,36.6505],[25.1099,36.6495],[25.1096,36.6474],[25.1089,36.6465],[25.1026,36.6437],[25.101,36.6443],[25.1005,36.6458],[25.0977,36.6453],[25.097,36.6432],[25.0984,36.6422],[25.098,36.6411],[25.0964,36.64],[25.0953,36.6397],[25.0947,36.6401],[25.0943,36.6416],[25.0922,36.6411],[25.0932,36.6401],[25.0922,36.639],[25.0911,36.6401],[25.0891,36.6401],[25.088,36.6391],[25.0865,36.6391],[25.0859,36.6385],[25.0849,36.6383],[25.0818,36.6343],[25.0807,36.6339],[25.0797,36.6348],[25.0766,36.6328],[25.0755,36.6333],[25.0745,36.6328],[25.0721,36.6328],[25.0703,36.6304]],[[25.0578,36.6273],[25.0536,36.6281],[25.0516,36.6297],[25.0484,36.6306],[25.0474,36.6318],[25.0474,36.6328],[25.0464,36.6318],[25.0453,36.6328],[25.0474,36.6349],[25.0495,36.6349],[25.0505,36.6339],[25.0505,36.6328],[25.0509,36.6328],[25.0505,36.6339],[25.0516,36.6349],[25.0536,36.6349],[25.0547,36.6339],[25.0589,36.6339],[25.0605,36.6318],[25.0578,36.6273]],[[25.0151,36.6209],[25.0141,36.6203],[25.0109,36.6203],[25.0099,36.6214],[25.0089,36.6214],[25.0068,36.6234],[25.0068,36.6242],[25.0057,36.6255],[25.0057,36.6276],[25.0047,36.6286],[25.0054,36.6297],[25.0068,36.6308],[25.0089,36.6313],[25.0151,36.6341],[25.0193,36.6391],[25.0224,36.6391],[25.0234,36.6384],[25.0266,36.638],[25.0297,36.6359],[25.0318,36.6359],[25.0328,36.6349],[25.0328,36.6339],[25.0311,36.6318],[25.0318,36.6318],[25.0328,36.6307],[25.0318,36.6297],[25.0297,36.6294],[25.0234,36.6241],[25.0193,36.6233],[25.0151,36.6209]],[[25.6849,36.6161],[25.6828,36.6161],[25.6766,36.6202],[25.6755,36.6214],[25.6755,36.625],[25.6714,36.6265],[25.6703,36.6276],[25.6703,36.6318],[25.6714,36.6328],[25.6807,36.6328],[25.6828,36.6311],[25.6891,36.6307],[25.6922,36.6279],[25.6943,36.6276],[25.6953,36.6266],[25.6953,36.6255],[25.6984,36.6224],[25.6984,36.6203],[25.6974,36.6193],[25.6901,36.6192],[25.687,36.6161],[25.6849,36.6161]],[[25.3536,36.4068],[25.3505,36.4099],[25.3474,36.4099],[25.3443,36.4129],[25.3411,36.413],[25.338,36.4151],[25.337,36.4151],[25.3349,36.4176],[25.3339,36.4162],[25.3328,36.4172],[25.3318,36.4162],[25.3266,36.4162],[25.3255,36.4151],[25.3245,36.4151],[25.3234,36.4161],[25.3234,36.4172],[25.3247,36.4182],[25.3245,36.4187],[25.3224,36.4191],[25.3206,36.4203],[25.32,36.4214],[25.3205,36.4245],[25.3194,36.4255],[25.3205,36.4276],[25.3201,36.4286],[25.3182,36.4297],[25.3197,36.4318],[25.3203,36.4339],[25.3224,36.4374],[25.3241,36.4391],[25.3261,36.4422],[25.3271,36.4453],[25.3296,36.4484],[25.3306,36.4526],[25.332,36.4547],[25.3319,36.4557],[25.3359,36.4614],[25.338,36.4629],[25.3411,36.4613],[25.3443,36.4614],[25.346,36.4578],[25.3455,36.4568],[25.3464,36.4557],[25.3463,36.4547],[25.3448,36.4536],[25.3464,36.4516],[25.3474,36.4516],[25.3484,36.4505],[25.3495,36.4516],[25.3516,36.4516],[25.3526,36.4505],[25.3557,36.4505],[25.3578,36.4474],[25.3559,36.4453],[25.3589,36.4422],[25.3589,36.4391],[25.3579,36.438],[25.3578,36.4359],[25.3568,36.4349],[25.3547,36.438],[25.3536,36.4379],[25.3526,36.437],[25.3516,36.4379],[25.3516,36.437],[25.3505,36.436],[25.3495,36.4369],[25.3485,36.4359],[25.3495,36.4349],[25.3484,36.4339],[25.3475,36.4339],[25.3475,36.4318],[25.3495,36.4297],[25.3505,36.4297],[25.3515,36.4286],[25.3516,36.4266],[25.3526,36.4255],[25.3516,36.4245],[25.3506,36.4245],[25.3516,36.4234],[25.3516,36.4224],[25.3515,36.4182],[25.3506,36.4172],[25.3516,36.4172],[25.3536,36.4151],[25.3527,36.4141],[25.3527,36.413],[25.3536,36.413],[25.3547,36.412],[25.3537,36.4109],[25.3537,36.4099],[25.3537,36.4089],[25.3547,36.4078],[25.3536,36.4068]],[[25.3245,36.4036],[25.3231,36.4036],[25.3234,36.4042],[25.3245,36.4036]],[[25.387,36.3912],[25.3859,36.3921],[25.3839,36.3921],[25.3828,36.3912],[25.3818,36.3921],[25.3807,36.3921],[25.3797,36.3951],[25.3766,36.3953],[25.3763,36.3964],[25.3734,36.3964],[25.3714,36.3984],[25.3734,36.4005],[25.3745,36.4005],[25.3755,36.4016],[25.3784,36.4016],[25.3786,36.4023],[25.3818,36.4013],[25.3831,36.4016],[25.3836,36.4005],[25.3829,36.3984],[25.3859,36.3984],[25.384,36.4005],[25.3857,36.4036],[25.3859,36.4068],[25.387,36.4089],[25.387,36.412],[25.3911,36.4161],[25.3922,36.4161],[25.3943,36.413],[25.3974,36.413],[25.3984,36.4141],[25.3995,36.4141],[25.4005,36.413],[25.4026,36.413],[25.4038,36.412],[25.4047,36.412],[25.4057,36.412],[25.4068,36.413],[25.4078,36.412],[25.4089,36.412],[25.41,36.4109],[25.4109,36.4109],[25.412,36.4099],[25.412,36.4068],[25.4109,36.4056],[25.4109,36.4026],[25.4099,36.4016],[25.4078,36.4016],[25.4078,36.3984],[25.4057,36.3953],[25.3985,36.3953],[25.3984,36.3943],[25.3974,36.3932],[25.3953,36.3932],[25.3943,36.3922],[25.3922,36.3942],[25.3911,36.3943],[25.3901,36.3932],[25.3891,36.3932],[25.387,36.3912]],[[25.3464,36.3788],[25.3443,36.3807],[25.3431,36.3828],[25.3443,36.3838],[25.3453,36.3839],[25.3464,36.3849],[25.3484,36.3849],[25.3495,36.3859],[25.3516,36.386],[25.3526,36.3849],[25.3526,36.3839],[25.3516,36.3827],[25.3516,36.3818],[25.3505,36.3807],[25.3476,36.3807],[25.3464,36.3788]],[[25.3484,36.3776],[25.3478,36.3776],[25.3487,36.3776],[25.3484,36.3776]],[[25.7703,36.339],[25.7675,36.3391],[25.7673,36.3401],[25.7679,36.3422],[25.7645,36.3443],[25.7599,36.3457],[25.7589,36.3455],[25.7575,36.3464],[25.7557,36.3465],[25.7547,36.3474],[25.7536,36.3474],[25.7526,36.3464],[25.7476,36.3505],[25.7401,36.3508],[25.7392,36.3516],[25.7359,36.352],[25.7331,36.3547],[25.7311,36.3557],[25.7286,36.3586],[25.7258,36.3599],[25.7263,36.3609],[25.7259,36.363],[25.7263,36.3672],[25.7319,36.3734],[25.7347,36.3776],[25.7359,36.3786],[25.7397,36.3797],[25.7464,36.3836],[25.7495,36.3903],[25.7516,36.3918],[25.7536,36.3926],[25.7553,36.3943],[25.7568,36.395],[25.7589,36.3974],[25.7589,36.3984],[25.7599,36.3995],[25.762,36.4003],[25.7641,36.402],[25.7645,36.4026],[25.763,36.4047],[25.7641,36.4057],[25.7651,36.4048],[25.7661,36.4057],[25.7682,36.4054],[25.7703,36.4016],[25.7714,36.4001],[25.7724,36.3996],[25.7786,36.3995],[25.7803,36.3974],[25.7797,36.3945],[25.7818,36.3928],[25.7862,36.3911],[25.7922,36.391],[25.7932,36.3901],[25.7943,36.3901],[25.7953,36.3891],[25.7974,36.3891],[25.7992,36.387],[25.7995,36.3859],[25.8016,36.3839],[25.8016,36.3833],[25.8042,36.3818],[25.8068,36.3814],[25.8089,36.3803],[25.8109,36.3803],[25.813,36.3782],[25.8151,36.3776],[25.8172,36.376],[25.8173,36.3766],[25.8193,36.3776],[25.8203,36.3766],[25.8203,36.3742],[25.8213,36.3734],[25.8245,36.3734],[25.8276,36.3714],[25.8266,36.3703],[25.8266,36.3693],[25.8276,36.3689],[25.8292,36.3672],[25.8286,36.3661],[25.8297,36.3651],[25.8293,36.363],[25.8297,36.3622],[25.8307,36.3626],[25.8318,36.3641],[25.8328,36.3647],[25.838,36.3613],[25.8453,36.3599],[25.8482,36.3578],[25.8525,36.3578],[25.8536,36.359],[25.8557,36.3596],[25.8589,36.3593],[25.8605,36.3578],[25.8616,36.3547],[25.8616,36.3516],[25.8603,36.3495],[25.8581,36.3474],[25.8536,36.3447],[25.8464,36.3422],[25.838,36.3421],[25.8328,36.3433],[25.8315,36.3453],[25.8332,36.3464],[25.8318,36.3474],[25.8297,36.3464],[25.8286,36.3474],[25.829,36.3484],[25.8286,36.3488],[25.8266,36.3495],[25.8245,36.3516],[25.8224,36.3523],[25.8181,36.3516],[25.812,36.3491],[25.8075,36.3484],[25.7997,36.3453],[25.7984,36.3443],[25.7973,36.3422],[25.7964,36.3417],[25.7953,36.3423],[25.7932,36.3425],[25.7901,36.3417],[25.7839,36.3412],[25.7807,36.3397],[25.7755,36.3406],[25.7703,36.339]],[[25.4464,36.3304],[25.4411,36.3298],[25.4349,36.3313],[25.4339,36.3318],[25.4336,36.3328],[25.4284,36.337],[25.4242,36.3411],[25.4193,36.3431],[25.4182,36.343],[25.412,36.3445],[25.4036,36.3457],[25.3964,36.3451],[25.3911,36.3462],[25.3891,36.3453],[25.3849,36.3453],[25.3828,36.3459],[25.3819,36.3474],[25.3797,36.3489],[25.3755,36.3494],[25.3746,36.3516],[25.3724,36.3533],[25.3693,36.3533],[25.3693,36.3526],[25.3682,36.3516],[25.3651,36.3516],[25.3641,36.352],[25.362,36.3516],[25.3609,36.3526],[25.3609,36.3535],[25.3589,36.354],[25.3561,36.3557],[25.3547,36.3557],[25.3531,36.3578],[25.3547,36.3591],[25.3571,36.3599],[25.3585,36.3609],[25.3595,36.362],[25.3605,36.3651],[25.363,36.3653],[25.3651,36.3672],[25.3672,36.3672],[25.3693,36.3651],[25.3703,36.3661],[25.3714,36.3661],[25.3724,36.3651],[25.3741,36.3651],[25.3786,36.3682],[25.3801,36.3672],[25.3828,36.3672],[25.3839,36.3682],[25.3849,36.3672],[25.3891,36.3672],[25.3901,36.3661],[25.3932,36.3661],[25.3943,36.3651],[25.3974,36.3651],[25.4005,36.363],[25.412,36.363],[25.4151,36.3651],[25.4151,36.3682],[25.4172,36.3703],[25.4182,36.3703],[25.4193,36.3713],[25.4218,36.3714],[25.4214,36.3766],[25.4254,36.3818],[25.4255,36.3828],[25.4266,36.3839],[25.4266,36.3859],[25.4286,36.388],[25.4297,36.388],[25.4307,36.3891],[25.4307,36.3901],[25.4328,36.3932],[25.4318,36.3943],[25.4318,36.3964],[25.4307,36.3974],[25.4307,36.3984],[25.4287,36.4005],[25.4286,36.4016],[25.4266,36.4016],[25.4255,36.4026],[25.4266,36.4036],[25.4255,36.4047],[25.4255,36.4057],[25.4266,36.4068],[25.4266,36.4089],[25.4276,36.4099],[25.4276,36.4172],[25.4266,36.4172],[25.4245,36.4193],[25.4245,36.4255],[25.4223,36.4276],[25.4182,36.4276],[25.4172,36.4286],[25.4161,36.4286],[25.4151,36.4286],[25.4141,36.4276],[25.413,36.4286],[25.4141,36.4298],[25.4141,36.4307],[25.413,36.4318],[25.4141,36.4328],[25.4141,36.4339],[25.4182,36.438],[25.4182,36.4401],[25.4193,36.4411],[25.4214,36.4411],[25.4214,36.4453],[25.4203,36.4464],[25.4203,36.4494],[25.4193,36.4505],[25.4193,36.4516],[25.4182,36.4526],[25.4172,36.4526],[25.412,36.4578],[25.4109,36.4578],[25.4099,36.4588],[25.4078,36.4588],[25.4068,36.4578],[25.4016,36.4578],[25.3995,36.4558],[25.3974,36.4557],[25.3964,36.4568],[25.3953,36.4568],[25.3942,36.4578],[25.3912,36.4578],[25.3901,36.4568],[25.3891,36.4578],[25.387,36.4578],[25.3859,36.4589],[25.3859,36.4598],[25.3849,36.4589],[25.3828,36.4589],[25.3818,36.4598],[25.3807,36.4589],[25.3777,36.4589],[25.3766,36.4578],[25.3755,36.4588],[25.3745,36.4588],[25.3745,36.4578],[25.3724,36.4558],[25.3703,36.4578],[25.3703,36.4598],[25.3693,36.4598],[25.3682,36.4609],[25.3682,36.462],[25.3693,36.463],[25.3672,36.4651],[25.3672,36.4661],[25.3681,36.4672],[25.3672,36.4682],[25.3672,36.4724],[25.3685,36.4745],[25.3755,36.4796],[25.3772,36.4818],[25.3779,36.4839],[25.3786,36.4842],[25.3818,36.4852],[25.3891,36.4854],[25.3911,36.484],[25.3932,36.4837],[25.3946,36.4828],[25.3984,36.4817],[25.4036,36.4813],[25.4057,36.4801],[25.4089,36.4792],[25.4141,36.4783],[25.4193,36.4786],[25.4211,36.4776],[25.4224,36.4759],[25.4243,36.4745],[25.4281,36.4724],[25.4278,36.4714],[25.4297,36.4672],[25.4295,36.4651],[25.4318,36.4618],[25.435,36.4589],[25.4386,36.4578],[25.4391,36.4563],[25.4484,36.4476],[25.4505,36.447],[25.4555,36.4443],[25.4557,36.4411],[25.4566,36.4391],[25.4601,36.4359],[25.4609,36.4332],[25.462,36.4319],[25.4642,36.4307],[25.463,36.4296],[25.4682,36.4265],[25.4703,36.4276],[25.4725,36.4255],[25.4755,36.4241],[25.4763,36.4234],[25.4776,36.4205],[25.4859,36.4152],[25.4895,36.4099],[25.4897,36.4068],[25.4906,36.4047],[25.4905,36.4016],[25.4896,36.3984],[25.49,36.3901],[25.4891,36.3886],[25.4889,36.387],[25.4888,36.3839],[25.4898,36.3818],[25.4899,36.3797],[25.488,36.3757],[25.4877,36.3734],[25.4841,36.3693],[25.4846,36.3672],[25.4843,36.3661],[25.4875,36.363],[25.488,36.3599],[25.4849,36.3578],[25.4839,36.3579],[25.4839,36.3568],[25.4828,36.3557],[25.4816,36.3557],[25.4776,36.3534],[25.4692,36.3453],[25.4641,36.3413],[25.4516,36.3331],[25.4464,36.3304]],[[25.8026,36.3055],[25.8016,36.3051],[25.8005,36.3053],[25.7953,36.3064],[25.7922,36.3078],[25.7915,36.3099],[25.7937,36.3109],[25.7943,36.312],[25.7932,36.313],[25.7931,36.3151],[25.7922,36.3176],[25.7911,36.3178],[25.79,36.3193],[25.7911,36.3207],[25.7932,36.3214],[25.7943,36.3202],[25.7947,36.3214],[25.7953,36.3216],[25.7964,36.32],[25.7974,36.3218],[25.7986,36.3203],[25.798,36.3193],[25.798,36.3172],[25.7984,36.3161],[25.7995,36.316],[25.8005,36.3175],[25.8016,36.3175],[25.8036,36.3215],[25.8039,36.3203],[25.803,36.3193],[25.8036,36.318],[25.8078,36.3209],[25.8078,36.3202],[25.8054,36.3172],[25.8056,36.312],[25.8052,36.3109],[25.8036,36.3099],[25.8036,36.3089],[25.8053,36.3078],[25.8036,36.306],[25.8026,36.3055]],[[25.8891,36.264],[25.8859,36.2641],[25.8849,36.2656],[25.8839,36.2651],[25.8818,36.2651],[25.8807,36.2661],[25.8818,36.2672],[25.8812,36.2682],[25.8797,36.2672],[25.8786,36.2672],[25.8766,36.2682],[25.8768,36.2693],[25.8761,36.2703],[25.8766,36.2729],[25.8776,36.2738],[25.8818,36.2749],[25.8839,36.275],[25.8862,36.2745],[25.887,36.2724],[25.8888,36.2724],[25.8891,36.2734],[25.8901,36.2745],[25.8911,36.2745],[25.8922,36.2755],[25.8974,36.2755],[25.9,36.2734],[25.8991,36.2714],[25.8953,36.2701],[25.8943,36.2688],[25.892,36.2672],[25.8912,36.2651],[25.8891,36.264]],[[25.8328,36.2629],[25.8286,36.263],[25.8266,36.2651],[25.8276,36.2661],[25.8266,36.2661],[25.8255,36.2651],[25.8245,36.2661],[25.8255,36.2672],[25.8255,36.2682],[25.8245,36.2672],[25.8234,36.2682],[25.8245,36.2693],[25.8245,36.2703],[25.8234,36.2703],[25.8224,36.2693],[25.8203,36.2714],[25.8218,36.2724],[25.8214,36.2734],[25.8224,36.2745],[25.8224,36.2755],[25.8209,36.2766],[25.8212,36.2786],[25.8224,36.2798],[25.8234,36.2799],[25.8245,36.2786],[25.8255,36.2786],[25.8266,36.2801],[25.8276,36.2786],[25.8286,36.2801],[25.8297,36.2799],[25.8307,36.2786],[25.8294,36.2776],[25.8349,36.2776],[25.8339,36.2786],[25.8349,36.2797],[25.837,36.2776],[25.838,36.2776],[25.8391,36.2789],[25.8419,36.2766],[25.8436,36.2714],[25.8426,36.2693],[25.8411,36.2682],[25.8401,36.2682],[25.8386,36.2693],[25.838,36.2682],[25.8391,36.2672],[25.8382,36.2661],[25.8349,36.264],[25.8339,36.264],[25.8328,36.2629]],[[25.2078,36.2411],[25.2068,36.2422],[25.2071,36.2432],[25.2068,36.2443],[25.2036,36.2446],[25.2022,36.2443],[25.2036,36.2432],[25.2028,36.2422],[25.2016,36.2422],[25.2005,36.2437],[25.1995,36.2432],[25.1964,36.2432],[25.1943,36.2453],[25.1942,36.2474],[25.1953,36.2506],[25.1984,36.2559],[25.2026,36.2609],[25.2036,36.2609],[25.2068,36.2578],[25.2063,36.2557],[25.2068,36.2531],[25.2073,36.2526],[25.2089,36.2526],[25.2099,36.2516],[25.2109,36.2516],[25.213,36.2484],[25.2109,36.2454],[25.2114,36.2443],[25.2109,36.2436],[25.2087,36.2432],[25.2089,36.2422],[25.2078,36.2411]],[[25.2161,36.2314],[25.2151,36.2307],[25.2141,36.231],[25.212,36.2307],[25.2099,36.2328],[25.2099,36.2349],[25.2089,36.2352],[25.2078,36.2339],[25.2068,36.2349],[25.2109,36.238],[25.213,36.238],[25.2161,36.237],[25.2182,36.2349],[25.2161,36.2314]],[[25.2297,36.2193],[25.2286,36.2193],[25.2276,36.2203],[25.2276,36.2214],[25.2286,36.2224],[25.2297,36.2224],[25.2307,36.2214],[25.2307,36.2203],[25.2297,36.2193]]]]}},{"type":"Feature","properties":{"depth":10,"kind":"isobath"},"geometry":{"type":"MultiLineString","coordinates":[[[25.188,36.9766],[25.188,36.9769],[25.1877,36.9766]],[[25.0005,36.9709],[25.0061,36.9714],[25.0089,36.9715],[25.012,36.9728],[25.013,36.9728],[25.016,36.9755],[25.0161,36.9766],[25.0172,36.9776],[25.0207,36.9776],[25.0182,36.9797],[25.015,36.9839],[25.015,36.9849],[25.0161,36.9859],[25.0193,36.9855],[25.0203,36.987],[25.0233,36.988],[25.0224,36.9891],[25.0224,36.9922],[25.0195,36.9943],[25.0181,36.9995]],[[25.5578,36.9682],[25.5578,36.9686],[25.5574,36.9682]],[[25.5627,36.9672],[25.562,36.9676],[25.5615,36.9672],[25.562,36.9667]],[[25.5577,36.9661],[25.5568,36.9675],[25.5557,36.9672],[25.5557,36.9661]],[[25.5608,36.9641],[25.5599,36.965],[25.5594,36.9641],[25.5599,36.9632]],[[25.5543,36.9609],[25.5536,36.962],[25.5536,36.9609]],[[25.5559,36.9609],[25.5555,36.9609],[25.5557,36.9602]],[[25.5526,36.9589],[25.5526,36.9593],[25.5522,36.9589]],[[25.0255,36.9578],[25.0255,36.9583],[25.025,36.9578]],[[25.5474,36.9547],[25.5474,36.9552],[25.5469,36.9547]],[[25.5464,36.9536],[25.5464,36.9541],[25.5453,36.9541],[25.5448,36.9536],[25.5464,36.9527]],[[25.5136,36.9516],[25.513,36.9526],[25.5109,36.9531],[25.5109,36.9516],[25.513,36.9509]],[[25.5051,36.9484],[25.5057,36.9488],[25.5057,36.9495],[25.5036,36.9499],[25.5047,36.9481]],[[25.4849,36.9339],[25.4849,36.9342],[25.4839,36.9341]],[[25.6661,36.9005],[25.6641,36.9021],[25.6641,36.9005],[25.6651,36.9001]],[[25.6057,36.8839],[25.6057,36.8853],[25.6052,36.8839]],[[25.903,36.8797],[25.9026,36.8801],[25.9026,36.8797]],[[25.6849,36.8786],[25.6859,36.8797],[25.686,36.8818],[25.6839,36.8839],[25.6839,36.8844],[25.6821,36.8828],[25.6828,36.8808],[25.6839,36.8793]],[[25.6423,36.8766],[25.6422,36.8776],[25.6415,36.8776],[25.6422,36.8762]],[[25.6682,36.8755],[25.6682,36.8776],[25.6668,36.8755]],[[25.6428,36.8734],[25.6422,36.8747],[25.6422,36.8727]],[[25.6749,36.8734],[25.6749,36.8745],[25.6741,36.8745],[25.6734,36.8739],[25.6734,36.8725]],[[25.4714,36.8641],[25.4724,36.8651],[25.4745,36.8651],[25.4714,36.8651]],[[25.5414,36.8516],[25.5411,36.853],[25.5401,36.8526],[25.5397,36.8516]],[[25.677,36.8391],[25.6766,36.8401],[25.6769,36.8411],[25.6757,36.8411],[25.6766,36.8401],[25.6762,36.8391]],[[25.8428,36.8307],[25.8415,36.8307],[25.8422,36.8301]],[[25.8435,36.8297],[25.8432,36.8304],[25.8425,36.8297],[25.8432,36.829]],[[25.864,36.8276],[25.8644,36.8286],[25.8641,36.8297],[25.862,36.83],[25.8589,36.8328],[25.8575,36.8328],[25.8568,36.832],[25.8557,36.8319],[25.8544,36.8339],[25.8536,36.8341],[25.8523,36.8339],[25.8526,36.8328],[25.8505,36.8302],[25.8484,36.8295],[25.8463,36.8297],[25.8464,36.8286],[25.8484,36.8285],[25.8493,36.8276],[25.8516,36.8286],[25.8547,36.8286],[25.8568,36.8283],[25.8589,36.8268],[25.8599,36.8276],[25.8613,36.8276],[25.862,36.8284],[25.8629,36.8276]],[[25.4516,36.8182],[25.4505,36.8182],[25.4505,36.8172]],[[25.3336,36.762],[25.3345,36.763],[25.3339,36.7646],[25.3319,36.763],[25.3323,36.762]],[[25.3432,36.7516],[25.3432,36.7523],[25.3422,36.7523],[25.3411,36.7516]],[[25.2589,36.7453],[25.2599,36.7464],[25.262,36.7464],[25.2599,36.7468],[25.2581,36.7453]],[[25.2526,36.7255],[25.2536,36.7266],[25.2546,36.7266],[25.2547,36.7276],[25.2536,36.7276],[25.2526,36.7266],[25.2516,36.7269],[25.2505,36.7262],[25.2495,36.7265],[25.2495,36.7255]],[[25.1807,36.7068],[25.1813,36.7078],[25.1807,36.7092],[25.1786,36.7089],[25.1779,36.7078],[25.1786,36.7068]],[[25.1682,36.6901],[25.1714,36.6922],[25.1724,36.6922],[25.1724,36.6932],[25.171,36.6932],[25.1703,36.6925],[25.1682,36.6922],[25.1668,36.6901],[25.1682,36.6891]],[[25.1595,36.6839],[25.1599,36.6849],[25.1585,36.6849],[25.1578,36.6842],[25.1589,36.6829]],[[25.1604,36.6828],[25.1599,36.6832],[25.1592,36.6828],[25.1599,36.6824]],[[25.1568,36.6807],[25.1568,36.6811],[25.1564,36.6807]],[[25.0832,36.6651],[25.0839,36.6656],[25.0839,36.6672],[25.0818,36.6677],[25.0814,36.6672],[25.0818,36.6651]],[[25.1382,36.6641],[25.138,36.6651],[25.1359,36.6655],[25.137,36.6641],[25.137,36.6631]],[[25.1359,36.663],[25.1349,36.663],[25.1339,36.6641],[25.1328,36.6641],[25.1339,36.6627]],[[25.1337,36.6589],[25.1328,36.6603],[25.1324,36.6589]],[[25.3909,36.6547],[25.3901,36.6547],[25.3901,36.6537]],[[25.0964,36.6422],[25.0964,36.6426],[25.0949,36.6422],[25.0964,36.6413]],[[25.0536,36.6318],[25.0526,36.6322],[25.0526,36.6309]],[[25.0287,36.6297],[25.0286,36.6307],[25.0272,36.6307],[25.0286,36.6297],[25.0286,36.6292]],[[25.8328,36.3599],[25.8337,36.3609],[25.8307,36.3611],[25.8318,36.3599]],[[25.7916,36.3193],[25.7911,36.3202],[25.7904,36.3193],[25.7911,36.3188]],[[25.8028,36.3172],[25.8026,36.3175],[25.802,36.3172]],[[25.8016,36.3141],[25.802,36.3151],[25.8016,36.3166],[25.8002,36.3151],[25.8005,36.3136]],[[25.7984,36.312],[25.7999,36.313],[25.7984,36.314],[25.7984,36.3116]],[[25.8944,36.2703],[25.8953,36.2714],[25.8953,36.2724],[25.8938,36.2724],[25.8932,36.2718]],[[25.8907,36.2672],[25.8901,36.2682],[25.8896,36.2682],[25.8896,36.2672]],[[25.8337,36.2651],[25.8359,36.2663],[25.8359,36.2677],[25.8349,36.2677],[25.8328,36.2667],[25.8323,36.2651]],[[25.9975,36.8849],[25.9964,36.8839],[25.9932,36.8838],[25.9923,36.8828],[25.9922,36.8807],[25.9911,36.8797],[25.9901,36.8806],[25.9891,36.8806],[25.988,36.8797],[25.9859,36.8818],[25.9859,36.8828],[25.9843,36.8828],[25.9851,36.8807],[25.9859,36.8797],[25.9849,36.8787],[25.9839,36.8796],[25.9828,36.8785],[25.9797,36.8784],[25.9786,36.8776],[25.9755,36.8776],[25.9745,36.8766],[25.9734,36.8766],[25.9714,36.8739],[25.9697,36.8734],[25.9682,36.8723],[25.9672,36.8693],[25.9661,36.8682],[25.9654,36.8682],[25.9653,36.8672],[25.9661,36.8661],[25.9651,36.8651],[25.9641,36.8661],[25.9641,36.8651],[25.963,36.8641],[25.961,36.8641],[25.9599,36.8629],[25.9589,36.8629],[25.9578,36.862],[25.9588,36.8609],[25.9557,36.8578],[25.9527,36.8578],[25.9527,36.8568],[25.9516,36.8557],[25.9496,36.8557],[25.9474,36.8537],[25.9464,36.8537],[25.9453,36.8546],[25.9453,36.8536],[25.9443,36.8526],[25.9422,36.8526],[25.9411,36.8534],[25.9401,36.8534],[25.9391,36.8526],[25.937,36.8526],[25.937,36.8516],[25.9359,36.8505],[25.9346,36.8505],[25.9331,36.8474],[25.9339,36.8464],[25.9318,36.844],[25.9292,36.8422],[25.9297,36.8401],[25.9276,36.838],[25.9266,36.8388],[25.9255,36.8378],[25.9245,36.8378],[25.9224,36.8359],[25.9214,36.8359],[25.9203,36.8349],[25.9193,36.8349],[25.9177,36.8339],[25.9193,36.8328],[25.9193,36.8318],[25.9182,36.8307],[25.9172,36.8307],[25.9162,36.8318],[25.9161,36.8327],[25.9156,36.8328],[25.9138,36.8328],[25.912,36.8315],[25.912,36.8307],[25.9111,36.8297],[25.912,36.8286],[25.9109,36.8276],[25.9091,36.8276],[25.9083,36.8266],[25.9089,36.8245],[25.9074,36.8224],[25.9078,36.8193],[25.9068,36.8161],[25.906,36.8151],[25.9036,36.813],[25.9016,36.813],[25.8984,36.8109],[25.8964,36.8109],[25.8943,36.8093],[25.8932,36.8092],[25.8922,36.8082],[25.8922,36.8068],[25.8911,36.8057],[25.8887,36.8057],[25.8891,36.8047],[25.887,36.8026],[25.8859,36.8036],[25.8849,36.8026],[25.8859,36.8016],[25.8859,36.7995],[25.8839,36.7974],[25.8813,36.7974],[25.8818,36.7964],[25.88,36.7943],[25.8807,36.7932],[25.8797,36.7922],[25.8755,36.7922],[25.8745,36.7911],[25.8734,36.7911],[25.8734,36.7901],[25.8724,36.7891],[25.8717,36.7891],[25.8703,36.788],[25.8693,36.788],[25.8661,36.7859],[25.8651,36.7859],[25.8641,36.7849],[25.863,36.7859],[25.862,36.7849],[25.8599,36.7849],[25.8589,36.7839],[25.8578,36.7839],[25.8568,36.7846],[25.8557,36.7837],[25.8539,36.7859],[25.8516,36.7859],[25.8505,36.7849],[25.8491,36.7849],[25.8474,36.7839],[25.8459,36.7839],[25.8443,36.7828],[25.8398,36.7828],[25.838,36.7807],[25.837,36.7807],[25.8359,36.7797],[25.8349,36.7807],[25.8359,36.7818],[25.8339,36.7836],[25.8307,36.7841],[25.8277,36.7839],[25.8255,36.7818],[25.8245,36.7828],[25.8224,36.7807],[25.8196,36.7807],[25.8199,36.7797],[25.8182,36.7786],[25.8193,36.7776],[25.8172,36.7755],[25.8161,36.7771],[25.8161,36.7766],[25.8104,36.7703],[25.8099,36.77],[25.8086,36.7703],[25.8068,36.7679],[25.8047,36.7672],[25.8036,36.7661],[25.7984,36.7659],[25.7964,36.7666],[25.7943,36.7657],[25.7926,36.7661],[25.7891,36.7661],[25.788,36.7651],[25.7807,36.7651],[25.7797,36.7659],[25.7724,36.7661],[25.7703,36.7671],[25.7672,36.7697],[25.7641,36.7714],[25.7609,36.7702],[25.7578,36.7703],[25.7547,36.7732],[25.7484,36.7776],[25.7453,36.7807],[25.7432,36.7849],[25.7432,36.7859],[25.7443,36.787],[25.7432,36.787],[25.7422,36.7859],[25.738,36.788],[25.737,36.7891],[25.7369,36.7901],[25.738,36.7911],[25.7392,36.7911],[25.7401,36.7931],[25.7401,36.7953],[25.7422,36.7974],[25.7432,36.7975],[25.7443,36.7972],[25.7457,36.7953],[25.7474,36.7953],[25.7484,36.7943],[25.7484,36.7933],[25.7505,36.7953],[25.7536,36.7953],[25.7557,36.7932],[25.7557,36.7911],[25.7578,36.7911],[25.7589,36.7922],[25.7589,36.7932],[25.7609,36.7953],[25.762,36.7943],[25.762,36.7964],[25.763,36.7974],[25.7641,36.7974],[25.7651,36.7967],[25.7651,36.7984],[25.7641,36.7995],[25.7641,36.8005],[25.7661,36.8026],[25.7672,36.8026],[25.7672,36.8047],[25.7656,36.8057],[25.7659,36.8068],[25.7672,36.8079],[25.7682,36.8057],[25.7703,36.8057],[25.7703,36.8068],[25.7685,36.8078],[25.769,36.8089],[25.7714,36.8099],[25.7734,36.8099],[25.7745,36.8089],[25.7776,36.8089],[25.7796,36.8078],[25.7807,36.808],[25.7807,36.8089],[25.7818,36.81],[25.7818,36.812],[25.7803,36.813],[25.7802,36.8141],[25.7818,36.8151],[25.7828,36.8144],[25.7839,36.8151],[25.7891,36.8151],[25.7911,36.813],[25.8016,36.8128],[25.8025,36.8151],[25.8047,36.8161],[25.8078,36.817],[25.8109,36.8169],[25.813,36.8141],[25.812,36.813],[25.813,36.812],[25.8151,36.812],[25.8163,36.813],[25.8163,36.8141],[25.8172,36.8151],[25.8193,36.8149],[25.8205,36.813],[25.8187,36.812],[25.8193,36.812],[25.8203,36.8109],[25.8224,36.812],[25.8241,36.8109],[25.8255,36.8109],[25.8266,36.8099],[25.8276,36.8099],[25.8288,36.8089],[25.8307,36.8091],[25.8328,36.8109],[25.8335,36.8109],[25.8359,36.8142],[25.838,36.8151],[25.8391,36.8146],[25.8411,36.8172],[25.8432,36.8151],[25.8432,36.8141],[25.8443,36.813],[25.8443,36.8124],[25.8453,36.813],[25.8453,36.8141],[25.8464,36.8151],[25.8484,36.8161],[25.8506,36.8161],[25.8516,36.8171],[25.8516,36.8184],[25.8495,36.8203],[25.8495,36.8214],[25.8474,36.8234],[25.8474,36.8245],[25.8453,36.8266],[25.8453,36.8276],[25.8432,36.8285],[25.8404,36.8307],[25.838,36.8299],[25.8359,36.8337],[25.8348,36.8339],[25.8365,36.837],[25.838,36.838],[25.837,36.8385],[25.8366,36.8391],[25.837,36.8396],[25.838,36.8401],[25.8391,36.8391],[25.8401,36.8391],[25.8401,36.8411],[25.8378,36.8432],[25.8387,36.8464],[25.8407,36.8484],[25.8432,36.8495],[25.8432,36.8505],[25.8443,36.8516],[25.8453,36.8516],[25.8464,36.8526],[25.8536,36.8526],[25.8543,36.8547],[25.8575,36.8568],[25.8609,36.8601],[25.8651,36.8603],[25.8745,36.863],[25.8755,36.8627],[25.8786,36.8636],[25.8797,36.863],[25.8816,36.863],[25.8814,36.8641],[25.8818,36.865],[25.8839,36.8665],[25.8913,36.8661],[25.8943,36.8667],[25.9026,36.8696],[25.9057,36.8684],[25.9068,36.8661],[25.912,36.8696],[25.9172,36.8708],[25.9193,36.873],[25.9255,36.8755],[25.9266,36.877],[25.9306,36.8807],[25.9307,36.8818],[25.9297,36.8818],[25.9286,36.8828],[25.9276,36.8828],[25.9266,36.8839],[25.9225,36.8839],[25.9201,36.8818],[25.9203,36.8807],[25.9193,36.8797],[25.9182,36.8797],[25.9168,36.8786],[25.9182,36.8776],[25.9172,36.8766],[25.913,36.8764],[25.912,36.8764],[25.9107,36.8776],[25.9124,36.8786],[25.9099,36.8786],[25.9089,36.8791],[25.9078,36.8786],[25.9047,36.8791],[25.9036,36.8767],[25.9016,36.8765],[25.9005,36.8797],[25.9019,36.8807],[25.8953,36.8807],[25.8984,36.879],[25.899,36.8766],[25.8953,36.8742],[25.8907,36.8745],[25.8891,36.8734],[25.8889,36.8745],[25.8876,36.8755],[25.8872,36.8766],[25.8874,36.8776],[25.8891,36.8786],[25.8891,36.8797],[25.8877,36.8807],[25.8891,36.882],[25.8901,36.8807],[25.8922,36.8807],[25.8932,36.8818],[25.8943,36.8818],[25.8932,36.8828],[25.8932,36.8841],[25.8919,36.8839],[25.8922,36.8828],[25.8909,36.8839],[25.8885,36.8839],[25.888,36.8831],[25.8849,36.884],[25.8844,36.8849],[25.8845,36.888],[25.8847,36.8891],[25.8859,36.8901],[25.887,36.8891],[25.8943,36.8891],[25.8953,36.888],[25.8988,36.888],[25.9016,36.8902],[25.9047,36.8908],[25.9077,36.8901],[25.9141,36.8901],[25.9151,36.8891],[25.9203,36.8891],[25.9214,36.888],[25.9245,36.888],[25.9255,36.8874],[25.9266,36.888],[25.9276,36.888],[25.9297,36.8859],[25.9318,36.8859],[25.9339,36.8839],[25.9349,36.8839],[25.9364,36.8818],[25.9356,36.8807],[25.937,36.8807],[25.9401,36.8828],[25.9443,36.8828],[25.9453,36.8839],[25.9464,36.884],[25.9495,36.887],[25.9505,36.887],[25.9547,36.8911],[25.9568,36.8911],[25.9578,36.8922],[25.9599,36.8922],[25.9609,36.8932],[25.962,36.8932],[25.9641,36.8953],[25.9661,36.8953],[25.9672,36.8964],[25.9682,36.8964],[25.9693,36.8974],[25.9682,36.8984],[25.9693,36.8996],[25.9703,36.8984],[25.9714,36.8984],[25.9724,36.8995],[25.9734,36.8995],[25.9745,36.9005],[25.9745,36.9016],[25.9752,36.9026],[25.9753,36.9036],[25.9742,36.9057],[25.9724,36.9057],[25.9714,36.9066],[25.9703,36.9068],[25.9693,36.9057],[25.9682,36.9057],[25.9672,36.9068],[25.9661,36.9068],[25.9672,36.9057],[25.9669,36.9047],[25.9675,36.9036],[25.9672,36.9022],[25.9661,36.9032],[25.9641,36.9037],[25.963,36.9061],[25.9621,36.9068],[25.9599,36.9068],[25.9589,36.9078],[25.9557,36.9078],[25.9547,36.9089],[25.9547,36.9109],[25.9557,36.913],[25.9572,36.9141],[25.9584,36.9172],[25.9609,36.9203],[25.9641,36.9214],[25.9682,36.922],[25.9693,36.9226],[25.9693,36.9234],[25.9682,36.9245],[25.9672,36.9247],[25.9669,36.9255],[25.9672,36.9266],[25.9682,36.9276],[25.9703,36.9281],[25.9734,36.9298],[25.9786,36.9309],[25.9849,36.931],[25.988,36.9302],[25.9901,36.9309],[25.9911,36.9305],[25.9943,36.9334],[25.9953,36.9333],[25.9961,36.9339],[25.9961,36.9349],[25.9971,36.9359],[25.9972,36.937],[25.9984,36.938],[25.9995,36.9382]],[[25.5656,36.9943],[25.5659,36.9932],[25.5651,36.9921],[25.5648,36.9901],[25.5633,36.9891],[25.5629,36.988],[25.5641,36.987],[25.5637,36.9839],[25.5659,36.9828],[25.5651,36.9815],[25.563,36.9808],[25.5619,36.9828],[25.5609,36.9819],[25.5606,36.9797],[25.5594,36.9786],[25.5599,36.9776],[25.5599,36.9734],[25.5589,36.9724],[25.5584,36.9693],[25.562,36.9688],[25.5632,36.9672],[25.562,36.9658],[25.5609,36.9667],[25.5601,36.9651],[25.5609,36.964],[25.5599,36.9629],[25.5589,36.9633],[25.5578,36.9609],[25.5547,36.9593],[25.5527,36.9568],[25.5474,36.9521],[25.5464,36.9524],[25.5453,36.9508],[25.5443,36.9508],[25.5411,36.9493],[25.5391,36.9491],[25.538,36.9501],[25.5368,36.9505],[25.5359,36.9526],[25.5359,36.9557],[25.5339,36.9562],[25.5318,36.9547],[25.5295,36.9547],[25.5276,36.9536],[25.5266,36.9548],[25.5252,36.9547],[25.5234,36.9522],[25.5224,36.9536],[25.5239,36.9547],[25.5224,36.9557],[25.5205,36.9557],[25.5203,36.9547],[25.5193,36.9536],[25.5203,36.9526],[25.5199,36.9505],[25.5182,36.9485],[25.513,36.9476],[25.5099,36.9451],[25.5047,36.9439],[25.4984,36.9406],[25.4949,36.938],[25.4911,36.9329],[25.4905,36.9318],[25.4905,36.9307],[25.488,36.9282],[25.4828,36.9266],[25.4797,36.9266],[25.4785,36.9276],[25.4784,36.9286],[25.48,36.9297],[25.4766,36.9297],[25.4755,36.9284],[25.475,36.9286],[25.4745,36.9297],[25.4755,36.9307],[25.4745,36.9318],[25.4745,36.9328],[25.4734,36.9341],[25.4724,36.9344],[25.4714,36.9343],[25.4703,36.9328],[25.4682,36.9331],[25.466,36.9318],[25.4641,36.93],[25.4641,36.9286],[25.4609,36.926],[25.4631,36.9234],[25.4633,36.9224],[25.4626,36.9214],[25.4603,36.9193],[25.4516,36.9138],[25.4484,36.9131],[25.4427,36.9151],[25.4359,36.9161],[25.4349,36.9172],[25.4339,36.9172],[25.4318,36.9193],[25.4307,36.9193],[25.4297,36.9203],[25.4294,36.9255],[25.4297,36.9266],[25.4307,36.9268],[25.4307,36.9276],[25.4286,36.9274],[25.4276,36.9284],[25.4234,36.9287],[25.4224,36.9297],[25.4234,36.9307],[25.4241,36.9307],[25.4224,36.9307],[25.4214,36.9318],[25.4224,36.9328],[25.4224,36.938],[25.4214,36.9391],[25.4224,36.9401],[25.4245,36.9401],[25.4245,36.9426],[25.4234,36.9443],[25.4245,36.9453],[25.4249,36.9484],[25.4241,36.9505],[25.424,36.9526],[25.425,36.9547],[25.4234,36.9588],[25.4224,36.9593],[25.4211,36.9609],[25.4176,36.9672],[25.4151,36.9673],[25.4141,36.9666],[25.413,36.9666],[25.4086,36.9693],[25.4068,36.9693],[25.4047,36.9701],[25.4003,36.9734],[25.3984,36.9743],[25.3953,36.9747],[25.3932,36.9743],[25.3901,36.9754],[25.388,36.9747],[25.3849,36.9745],[25.3839,36.9755],[25.3827,36.9797],[25.3786,36.9858],[25.3775,36.9859],[25.3776,36.987],[25.3807,36.989],[25.3828,36.9891],[25.3848,36.9901],[25.3851,36.9911],[25.385,36.9922],[25.3839,36.9932],[25.3841,36.9974],[25.3828,36.9985],[25.3818,36.9985],[25.3817,36.9995]],[[25.2307,36.9983],[25.2255,36.9958],[25.2214,36.9922],[25.221,36.988],[25.2224,36.987],[25.2219,36.9859],[25.2203,36.9846],[25.2188,36.9849],[25.218,36.987],[25.2196,36.988],[25.2182,36.9901],[25.2141,36.991],[25.2099,36.9905],[25.2057,36.9872],[25.2041,36.987],[25.2016,36.9845],[25.1993,36.9839],[25.1964,36.9809],[25.1953,36.9807],[25.1932,36.9811],[25.1922,36.9805],[25.1908,36.9786],[25.1923,36.9776],[25.1917,36.9766],[25.1901,36.976],[25.187,36.9734],[25.1849,36.9734],[25.1839,36.9724],[25.1797,36.9721],[25.1776,36.9727],[25.1734,36.9726],[25.1724,36.9731],[25.1714,36.9755],[25.1727,36.9766],[25.1682,36.9766],[25.1672,36.9776],[25.1661,36.9776],[25.1651,36.9776],[25.1641,36.9763],[25.162,36.9766],[25.1609,36.9776],[25.1609,36.9786],[25.1589,36.9799],[25.1568,36.9834],[25.1547,36.9836],[25.1544,36.9818],[25.1536,36.981],[25.1526,36.9807],[25.1507,36.9828],[25.1505,36.9845],[25.1495,36.9851],[25.1481,36.9849],[25.1443,36.983],[25.1422,36.9826],[25.1411,36.9839],[25.1401,36.9864],[25.138,36.9886],[25.1359,36.9892],[25.135,36.9901],[25.1343,36.9911],[25.1339,36.9935],[25.1318,36.9946],[25.1307,36.9949],[25.1287,36.9943],[25.1276,36.9932],[25.1261,36.9932],[25.1245,36.9922],[25.1224,36.9932],[25.1214,36.9929],[25.1193,36.9901],[25.1163,36.9922],[25.1143,36.9953],[25.113,36.999]],[[25.0776,36.9953],[25.0755,36.9929],[25.0755,36.9891],[25.0745,36.987],[25.0745,36.9857],[25.0752,36.9849],[25.0755,36.9828],[25.0734,36.9807],[25.0714,36.9798],[25.0682,36.9769],[25.0673,36.9766],[25.0638,36.9724],[25.0619,36.9693],[25.0619,36.9682],[25.063,36.9672],[25.063,36.9666],[25.068,36.963],[25.0693,36.9609],[25.0693,36.9599],[25.0679,36.9589],[25.0684,36.9578],[25.0703,36.9578],[25.0724,36.9557],[25.0724,36.9542],[25.0745,36.9526],[25.0734,36.9516],[25.0724,36.952],[25.0722,36.9495],[25.0734,36.9495],[25.0745,36.9484],[25.0766,36.9484],[25.0776,36.9474],[25.0776,36.9443],[25.077,36.9432],[25.0755,36.9427],[25.0745,36.9437],[25.0734,36.9426],[25.0734,36.9391],[25.0728,36.938],[25.0734,36.938],[25.0745,36.937],[25.0745,36.9359],[25.0734,36.9349],[25.0714,36.9349],[25.0703,36.9359],[25.0714,36.937],[25.0703,36.9391],[25.0703,36.9403],[25.0672,36.9428],[25.0661,36.9422],[25.062,36.9484],[25.0609,36.9484],[25.0599,36.9499],[25.0589,36.9503],[25.0578,36.9495],[25.0547,36.9505],[25.0547,36.9526],[25.0557,36.9536],[25.0547,36.9547],[25.0547,36.9557],[25.0532,36.9557],[25.0526,36.9551],[25.0495,36.9552],[25.0484,36.9535],[25.0474,36.9542],[25.0472,36.9547],[25.0489,36.9557],[25.0474,36.9568],[25.0484,36.9578],[25.0464,36.9609],[25.0464,36.963],[25.0453,36.963],[25.044,36.9641],[25.0422,36.9641],[25.0411,36.9651],[25.0411,36.9688],[25.0401,36.9701],[25.0391,36.9704],[25.0349,36.9708],[25.0297,36.97],[25.0292,36.9693],[25.0299,36.9682],[25.0323,36.9661],[25.0339,36.9661],[25.0349,36.9651],[25.0344,36.963],[25.0359,36.962],[25.0349,36.9605],[25.0339,36.9609],[25.0328,36.962],[25.0314,36.962],[25.0318,36.9609],[25.0307,36.9599],[25.0276,36.9599],[25.0286,36.9589],[25.0285,36.9557],[25.0266,36.9528],[25.0255,36.9526],[25.0245,36.9515],[25.0203,36.9504],[25.0099,36.9504],[25.0078,36.9516],[25.0078,36.9526],[25.0068,36.9526],[25.0078,36.9516],[25.0078,36.9505],[25.0068,36.9499],[25.0047,36.9497],[25.0036,36.9499],[25.0026,36.9516],[25.0026,36.9526],[25.0016,36.9536],[25.0011,36.9516]],[[25.0984,36.9916],[25.0953,36.9953],[25.0974,36.9975],[25.0995,36.9968],[25.1005,36.9953],[25.1005,36.9932]],[[25.1026,36.987],[25.1016,36.987],[25.1005,36.988],[25.1005,36.9891],[25.1016,36.9901],[25.1026,36.9901],[25.1036,36.9891],[25.1036,36.988]],[[25.2349,36.9864],[25.2339,36.987],[25.2336,36.988],[25.2349,36.9891],[25.2349,36.9922],[25.2391,36.9958],[25.2411,36.997],[25.2422,36.997],[25.2453,36.996],[25.2459,36.9953],[25.2453,36.994],[25.2459,36.9932],[25.246,36.9901],[25.2453,36.9893],[25.2422,36.988],[25.238,36.9883],[25.2359,36.988]],[[25.6339,36.9797],[25.6328,36.9796],[25.6318,36.9802],[25.6305,36.9797],[25.6303,36.9807],[25.6316,36.9849],[25.6316,36.987],[25.6325,36.9891],[25.6349,36.9903],[25.6391,36.9912],[25.6411,36.991],[25.6422,36.9904],[25.644,36.988],[25.6442,36.9849],[25.6434,36.9828],[25.6411,36.9818],[25.6359,36.981]],[[25.1057,36.9721],[25.1051,36.9724],[25.1057,36.9735],[25.1062,36.9724]],[[25.1214,36.964],[25.1161,36.9642],[25.1143,36.9661],[25.1141,36.9682],[25.1151,36.9693],[25.1151,36.9703],[25.113,36.9704],[25.1118,36.9734],[25.1122,36.9755],[25.1109,36.9759],[25.1078,36.9755],[25.1068,36.9766],[25.107,36.9828],[25.1078,36.9832],[25.1099,36.9828],[25.1109,36.9818],[25.112,36.9818],[25.1161,36.979],[25.1182,36.9786],[25.1193,36.9776],[25.1203,36.9746],[25.1224,36.9742],[25.1235,36.9724],[25.1245,36.9724],[25.1255,36.9734],[25.1276,36.9736],[25.1288,36.9724],[25.1289,36.9703],[25.1283,36.9682],[25.1255,36.9656]],[[25.2609,36.9587],[25.2599,36.9583],[25.2594,36.9589],[25.2599,36.9598],[25.2609,36.9593],[25.2613,36.9589]],[[25.4109,36.9526],[25.4099,36.9526],[25.4098,36.9536],[25.412,36.9557],[25.413,36.9557],[25.4141,36.9547]],[[25.0776,36.9505],[25.0745,36.9526],[25.0747,36.9536],[25.0755,36.954],[25.0768,36.9536],[25.0786,36.9516]],[[25.5286,36.9484],[25.5276,36.9479],[25.5274,36.9484],[25.5276,36.9489]],[[25.0672,36.9391],[25.0661,36.9401],[25.0661,36.9411],[25.0672,36.9422],[25.0682,36.9411],[25.0682,36.9401]],[[25.6057,36.9106],[25.6047,36.9099],[25.6036,36.9109],[25.6036,36.913],[25.6026,36.9141],[25.6022,36.9172],[25.6016,36.9182],[25.6032,36.9203],[25.6047,36.9212],[25.6068,36.9203],[25.6082,36.9182],[25.6082,36.9151]],[[25.9693,36.9035],[25.9693,36.904],[25.97,36.9036]],[[25.5651,36.895],[25.5638,36.8953],[25.5641,36.8958],[25.5651,36.8959],[25.5656,36.8953]],[[25.5703,36.8932],[25.5693,36.8943],[25.5703,36.8953],[25.5703,36.8964],[25.5672,36.8991],[25.5641,36.8974],[25.5609,36.8974],[25.5597,36.8984],[25.5584,36.8974],[25.5599,36.8964],[25.5589,36.8953],[25.5557,36.8953],[25.5547,36.8963],[25.5536,36.8964],[25.5516,36.8984],[25.5526,36.8995],[25.5516,36.9005],[25.5522,36.9016],[25.5516,36.9026],[25.5526,36.9036],[25.557,36.9057],[25.5589,36.9078],[25.5604,36.9078],[25.562,36.9089],[25.563,36.9085],[25.5661,36.9088],[25.5672,36.9101],[25.5672,36.913],[25.5703,36.9161],[25.5724,36.9141],[25.5807,36.916],[25.5818,36.9167],[25.5828,36.9182],[25.5833,36.9182],[25.5841,36.9193],[25.5839,36.9203],[25.5859,36.9224],[25.5911,36.924],[25.5953,36.9276],[25.595,36.9286],[25.5917,36.9328],[25.5911,36.9328],[25.5891,36.9349],[25.5892,36.937],[25.5876,36.9401],[25.5913,36.9432],[25.5943,36.9489],[25.5964,36.95],[25.5974,36.9516],[25.6005,36.953],[25.6026,36.9532],[25.6057,36.9526],[25.6068,36.9527],[25.6078,36.9536],[25.612,36.9539],[25.6141,36.9536],[25.6161,36.9526],[25.6203,36.9489],[25.6214,36.9495],[25.6234,36.9489],[25.6245,36.9495],[25.6255,36.9491],[25.6276,36.9499],[25.6281,36.9495],[25.6286,36.9453],[25.6266,36.9432],[25.6258,36.9432],[25.6271,36.9401],[25.6266,36.9395],[25.6266,36.9359],[25.6255,36.9349],[25.6242,36.9349],[25.6224,36.9328],[25.6214,36.9338],[25.6193,36.9343],[25.6183,36.9339],[25.6172,36.9321],[25.6151,36.9319],[25.6138,36.9307],[25.6141,36.9294],[25.613,36.9287],[25.6109,36.9289],[25.6099,36.9278],[25.6078,36.9276],[25.6036,36.9282],[25.6016,36.9276],[25.599,36.9276],[25.5992,36.9255],[25.6007,36.9224],[25.6015,36.9182],[25.5997,36.9161],[25.5995,36.915],[25.5943,36.9118],[25.5932,36.9103],[25.5924,36.9109],[25.5899,36.9109],[25.588,36.9089],[25.587,36.9099],[25.5849,36.91],[25.5807,36.9092],[25.5818,36.9078],[25.5807,36.9068],[25.5807,36.9057],[25.5797,36.9047],[25.5786,36.9049],[25.5776,36.9038],[25.5766,36.9036],[25.5754,36.9026],[25.5755,36.9005],[25.5776,36.9005],[25.5786,36.8995],[25.5786,36.8984],[25.5776,36.8974],[25.5755,36.8971],[25.5734,36.8943],[25.5714,36.8943]],[[25.5432,36.887],[25.5422,36.887],[25.5411,36.888],[25.5411,36.8891],[25.5422,36.8902],[25.5432,36.8901],[25.5443,36.8891],[25.5443,36.888]],[[25.6297,36.8803],[25.6292,36.8807],[25.6297,36.8811],[25.6305,36.8807]],[[25.6349,36.8766],[25.6339,36.8766],[25.6328,36.8776],[25.6328,36.8797],[25.6339,36.8807],[25.6349,36.8807],[25.6359,36.8797],[25.6359,36.8776]],[[25.6286,36.8745],[25.6255,36.8766],[25.6255,36.8786],[25.6266,36.8797],[25.6276,36.8797],[25.6286,36.8783],[25.6299,36.8776],[25.6294,36.8766],[25.6297,36.8755]],[[25.4995,36.87],[25.4991,36.8703],[25.5001,36.8703]],[[25.6401,36.866],[25.638,36.8664],[25.6359,36.8656],[25.6339,36.8658],[25.6319,36.8672],[25.6314,36.8682],[25.6313,36.8714],[25.6318,36.8722],[25.6339,36.8724],[25.6349,36.8714],[25.637,36.8734],[25.638,36.8735],[25.6391,36.8745],[25.6401,36.8741],[25.6408,36.8766],[25.6408,36.8776],[25.6401,36.8776],[25.6385,36.8797],[25.6359,36.8807],[25.6339,36.8828],[25.6313,36.8828],[25.6307,36.8821],[25.6286,36.8818],[25.6276,36.8807],[25.6252,36.8807],[25.6245,36.8802],[25.6217,36.8807],[25.6219,36.8797],[25.6203,36.879],[25.6182,36.8766],[25.6162,36.8755],[25.6176,36.8745],[25.6172,36.8743],[25.6161,36.8755],[25.613,36.8748],[25.6089,36.8753],[25.6068,36.8756],[25.6046,36.8766],[25.6028,36.8807],[25.6013,36.8818],[25.6025,36.8828],[25.6012,36.8849],[25.6015,36.887],[25.6036,36.8891],[25.6052,36.8891],[25.6068,36.8911],[25.6078,36.8913],[25.6109,36.8943],[25.6117,36.8943],[25.6141,36.8964],[25.6151,36.8964],[25.6161,36.8974],[25.6172,36.8974],[25.6182,36.8965],[25.6201,36.8964],[25.6258,36.8964],[25.6286,36.8969],[25.6307,36.8985],[25.6349,36.9007],[25.6349,36.9016],[25.6359,36.9028],[25.638,36.9047],[25.6391,36.9047],[25.6391,36.9068],[25.6411,36.9089],[25.6422,36.9092],[25.6443,36.9089],[25.6453,36.9099],[25.6474,36.9099],[25.6485,36.9089],[25.6505,36.9089],[25.6516,36.9078],[25.6589,36.9077],[25.6615,36.9057],[25.663,36.9038],[25.6651,36.9066],[25.6672,36.9063],[25.6703,36.9045],[25.6734,36.9035],[25.6768,36.9005],[25.6783,36.8974],[25.6781,36.8911],[25.6786,36.8904],[25.6811,36.8901],[25.6828,36.8909],[25.6839,36.8908],[25.6864,36.888],[25.6878,36.8839],[25.6912,36.8828],[25.6935,36.8807],[25.6937,36.8776],[25.693,36.8755],[25.6905,36.8734],[25.6878,36.8724],[25.687,36.8711],[25.6849,36.8696],[25.6839,36.8693],[25.6807,36.8708],[25.6779,36.8714],[25.6776,36.8724],[25.6772,36.8714],[25.6766,36.8712],[25.6745,36.8712],[25.6734,36.8723],[25.6724,36.8712],[25.6714,36.8719],[25.6682,36.8721],[25.6672,36.8734],[25.6665,36.8734],[25.6661,36.8724],[25.6641,36.8718],[25.6578,36.8725],[25.6516,36.8707],[25.6474,36.8713],[25.6443,36.8709]],[[25.6255,36.8573],[25.6198,36.8578],[25.6181,36.862],[25.6193,36.8646],[25.6214,36.8651],[25.6234,36.863],[25.6244,36.8651],[25.6244,36.8661],[25.6224,36.8682],[25.6193,36.8656],[25.619,36.8661],[25.6197,36.8672],[25.619,36.8682],[25.6188,36.8703],[25.6176,36.8714],[25.6193,36.8742],[25.6214,36.8745],[25.6224,36.8755],[25.6271,36.8724],[25.6268,36.8682],[25.6262,36.8672],[25.6263,36.8661],[25.6256,36.8651],[25.6267,36.863],[25.627,36.8599],[25.6266,36.8583]],[[25.5276,36.8306],[25.5266,36.8297],[25.5234,36.8297],[25.5193,36.8332],[25.5172,36.8339],[25.5161,36.8349],[25.5159,36.8359],[25.5153,36.8432],[25.5161,36.8454],[25.5157,36.8505],[25.5172,36.8516],[25.5182,36.8505],[25.5207,36.8526],[25.5193,36.8536],[25.5193,36.8547],[25.5213,36.8568],[25.5214,36.8578],[25.5224,36.8589],[25.5225,36.8599],[25.5214,36.8599],[25.5202,36.8609],[25.5182,36.8593],[25.5172,36.8593],[25.5151,36.8609],[25.515,36.862],[25.5142,36.863],[25.5146,36.8641],[25.513,36.8641],[25.512,36.8629],[25.5099,36.8628],[25.5089,36.8641],[25.5089,36.8651],[25.5099,36.8661],[25.5099,36.8672],[25.5089,36.8687],[25.5089,36.8672],[25.5068,36.8651],[25.5047,36.8647],[25.5016,36.8651],[25.5003,36.8661],[25.5004,36.8672],[25.5016,36.8682],[25.5015,36.8693],[25.5005,36.8703],[25.5005,36.8714],[25.5016,36.8724],[25.5005,36.8724],[25.4995,36.8734],[25.4984,36.8724],[25.4974,36.8724],[25.497,36.8745],[25.4995,36.8766],[25.4984,36.8776],[25.4995,36.8786],[25.5005,36.8786],[25.5016,36.8776],[25.5016,36.8786],[25.5005,36.8797],[25.5016,36.8807],[25.5036,36.8786],[25.5036,36.8818],[25.5026,36.8828],[25.5047,36.8849],[25.5057,36.8842],[25.5068,36.8849],[25.509,36.8849],[25.5078,36.8849],[25.5068,36.8859],[25.5099,36.8891],[25.5109,36.8891],[25.512,36.8882],[25.512,36.8891],[25.513,36.8901],[25.5141,36.8901],[25.5151,36.8891],[25.5161,36.8901],[25.5172,36.8901],[25.5182,36.8917],[25.5193,36.8911],[25.5203,36.8922],[25.5224,36.8922],[25.5224,36.8932],[25.5234,36.8943],[25.5255,36.8943],[25.5266,36.8932],[25.5276,36.8943],[25.5286,36.8932],[25.5276,36.8922],[25.5297,36.8901],[25.5297,36.8891],[25.529,36.888],[25.5297,36.8873],[25.5318,36.8867],[25.5321,36.8859],[25.5316,36.8849],[25.5318,36.8839],[25.5328,36.8839],[25.5339,36.8828],[25.5333,36.8807],[25.5315,36.8786],[25.5339,36.8766],[25.5339,36.8711],[25.537,36.8679],[25.5401,36.8679],[25.5443,36.8703],[25.5453,36.8703],[25.5474,36.8682],[25.5474,36.8672],[25.5464,36.8661],[25.5464,36.8651],[25.5474,36.8641],[25.5464,36.863],[25.5453,36.8641],[25.5423,36.8641],[25.5401,36.8632],[25.5393,36.862],[25.5395,36.8599],[25.5432,36.8589],[25.5443,36.8578],[25.5443,36.8557],[25.5428,36.8536],[25.5443,36.8536],[25.5443,36.8557],[25.5453,36.8568],[25.5484,36.8568],[25.5495,36.8579],[25.5505,36.8568],[25.5495,36.8557],[25.5494,36.8547],[25.5479,36.8536],[25.5495,36.8526],[25.5484,36.8511],[25.5464,36.8504],[25.5411,36.8499],[25.5391,36.8486],[25.537,36.8487],[25.5355,36.8505],[25.5373,36.8516],[25.5349,36.8516],[25.5339,36.8495],[25.5328,36.8502],[25.5328,36.8516],[25.5339,36.8526],[25.5339,36.8536],[25.5318,36.8557],[25.5266,36.8558],[25.5255,36.8544],[25.5252,36.8526],[25.5242,36.8516],[25.5245,36.8495],[25.524,36.8474],[25.5245,36.8453],[25.5255,36.8453],[25.5266,36.8477],[25.5286,36.8474],[25.5309,36.8443],[25.532,36.8411],[25.5312,36.8401],[25.5306,36.838],[25.5305,36.8349]],[[25.6714,36.8306],[25.6703,36.8306],[25.6693,36.8297],[25.6661,36.8328],[25.6682,36.8349],[25.6672,36.8349],[25.6651,36.837],[25.663,36.837],[25.6609,36.8391],[25.6609,36.8401],[25.6599,36.8401],[25.6562,36.8432],[25.6559,36.8443],[25.6577,36.8474],[25.6599,36.8488],[25.6609,36.8489],[25.6661,36.8484],[25.6693,36.8464],[25.6703,36.8443],[25.6703,36.8432],[25.6714,36.8423],[25.6714,36.8464],[25.6702,36.8474],[25.6699,36.8484],[25.6705,36.8495],[25.6734,36.8508],[25.6807,36.8518],[25.6818,36.8505],[25.6859,36.8505],[25.6858,36.8484],[25.687,36.8484],[25.688,36.8474],[25.691,36.8474],[25.6922,36.8484],[25.6943,36.8464],[25.6943,36.8443],[25.6955,36.8432],[25.6953,36.8422],[25.6943,36.8411],[25.6932,36.8411],[25.6932,36.8401],[25.6922,36.839],[25.6891,36.8377],[25.6879,36.838],[25.687,36.8391],[25.688,36.8401],[25.687,36.8401],[25.687,36.8391],[25.6859,36.8379],[25.6849,36.8389],[25.6827,36.8391],[25.6823,36.8401],[25.6828,36.8414],[25.6849,36.8422],[25.6849,36.8432],[25.6824,36.8432],[25.6807,36.8427],[25.6797,36.8422],[25.6792,36.8411],[25.6809,36.8401],[25.6797,36.8385],[25.6776,36.8381],[25.6766,36.837],[25.6755,36.8385],[25.674,36.838],[25.6734,36.8368],[25.6745,36.8349],[25.6734,36.8339],[25.6724,36.8343],[25.6708,36.8328],[25.6725,36.8318]],[[25.4068,36.8255],[25.4057,36.8253],[25.4047,36.8266],[25.4068,36.8297],[25.4089,36.8301],[25.4113,36.8297],[25.412,36.8286],[25.4116,36.8276],[25.412,36.8266],[25.4109,36.8255]],[[25.3964,36.8233],[25.3943,36.8231],[25.3931,36.8245],[25.3929,36.8276],[25.3943,36.8298],[25.3974,36.8297],[25.3984,36.8286],[25.3984,36.8255],[25.3974,36.8237]],[[25.7964,36.8161],[25.7943,36.8163],[25.7938,36.8172],[25.7922,36.8172],[25.7911,36.8182],[25.7901,36.8174],[25.7889,36.8193],[25.7911,36.8214],[25.7922,36.8214],[25.7932,36.8228],[25.7943,36.8226],[25.7956,36.8214],[25.7953,36.8207],[25.794,36.8203],[25.7974,36.8203],[25.7984,36.8193]],[[25.4568,36.8161],[25.4536,36.8152],[25.4516,36.8153],[25.4505,36.8171],[25.4495,36.8161],[25.4484,36.8163],[25.4474,36.8182],[25.4411,36.8182],[25.4401,36.8193],[25.4359,36.8198],[25.4349,36.8214],[25.4339,36.8208],[25.4331,36.8214],[25.4315,36.8214],[25.4297,36.8203],[25.4266,36.8203],[25.4255,36.819],[25.4244,36.8203],[25.4255,36.8214],[25.4234,36.8214],[25.4224,36.8219],[25.4214,36.8203],[25.4203,36.8214],[25.4218,36.8224],[25.4203,36.8234],[25.4214,36.8245],[25.4214,36.8266],[25.4198,36.8266],[25.4203,36.8255],[25.4193,36.8245],[25.4182,36.8242],[25.4161,36.8245],[25.4151,36.8255],[25.4161,36.8266],[25.4151,36.8276],[25.4154,36.8286],[25.4141,36.8297],[25.4141,36.8307],[25.4161,36.8339],[25.4172,36.8341],[25.4193,36.8359],[25.4182,36.837],[25.4193,36.8382],[25.4214,36.8359],[25.4224,36.836],[25.4234,36.837],[25.4253,36.837],[25.4266,36.838],[25.4297,36.838],[25.4318,36.8363],[25.4328,36.8385],[25.4328,36.8401],[25.4307,36.8417],[25.4297,36.841],[25.4279,36.8443],[25.4285,36.8464],[25.4297,36.848],[25.4318,36.8489],[25.4339,36.8484],[25.4349,36.8495],[25.4335,36.8516],[25.4359,36.8544],[25.4401,36.8566],[25.4411,36.8562],[25.4422,36.8565],[25.4484,36.8592],[25.4495,36.8587],[25.4505,36.8591],[25.4516,36.8587],[25.4536,36.8557],[25.4536,36.8551],[25.4536,36.8578],[25.4547,36.8589],[25.4557,36.8589],[25.4568,36.8599],[25.4578,36.8599],[25.4568,36.8599],[25.4557,36.8609],[25.4557,36.862],[25.4589,36.8651],[25.4609,36.8653],[25.462,36.8661],[25.462,36.8672],[25.4604,36.8682],[25.4606,36.8693],[25.463,36.8723],[25.4661,36.8734],[25.4672,36.8744],[25.4745,36.8749],[25.4776,36.8737],[25.4795,36.8714],[25.4798,36.8703],[25.4781,36.8672],[25.4767,36.8661],[25.4766,36.8651],[25.4776,36.8641],[25.4776,36.862],[25.4766,36.8609],[25.4766,36.8578],[25.4755,36.8568],[25.4755,36.8557],[25.4745,36.8547],[25.4745,36.8538],[25.4776,36.8536],[25.4797,36.8557],[25.4807,36.8547],[25.4807,36.8536],[25.4818,36.8542],[25.4818,36.8568],[25.4828,36.8578],[25.4868,36.8578],[25.488,36.8597],[25.4891,36.8578],[25.488,36.8568],[25.4895,36.8557],[25.488,36.8547],[25.4898,36.8536],[25.4899,36.8526],[25.4891,36.8507],[25.4869,36.8484],[25.4859,36.8465],[25.4851,36.8391],[25.4842,36.8359],[25.4838,36.8297],[25.4827,36.8276],[25.4775,36.8234],[25.4734,36.8219],[25.4661,36.8219],[25.4652,36.8224],[25.4651,36.825],[25.463,36.825],[25.4626,36.8245],[25.4641,36.8234],[25.463,36.8224],[25.462,36.8239],[25.4609,36.8234],[25.462,36.8224],[25.4614,36.8193],[25.4589,36.817]],[[25.912,36.8151],[25.9109,36.816],[25.9099,36.8151],[25.9089,36.8161],[25.9089,36.8182],[25.9099,36.8193],[25.913,36.8161]],[[25.7557,36.8138],[25.7547,36.8131],[25.7526,36.8135],[25.7516,36.8151],[25.7536,36.8182],[25.7547,36.8172],[25.7547,36.8161],[25.7568,36.8151]],[[25.7464,36.7982],[25.7453,36.7985],[25.7443,36.7996],[25.7411,36.8057],[25.7401,36.8061],[25.7391,36.8078],[25.7391,36.8089],[25.7401,36.8099],[25.7401,36.8109],[25.7432,36.813],[25.7443,36.813],[25.7443,36.8141],[25.745,36.8151],[25.7443,36.8161],[25.744,36.8182],[25.7443,36.8193],[25.7453,36.8203],[25.7464,36.8203],[25.7474,36.8193],[25.7474,36.8172],[25.7484,36.8172],[25.7495,36.8161],[25.7495,36.8151],[25.7484,36.8141],[25.7474,36.8141],[25.7486,36.813],[25.7505,36.8127],[25.7511,36.812],[25.749,36.8099],[25.7495,36.8089],[25.7505,36.8089],[25.7526,36.8068],[25.7532,36.8057],[25.7536,36.8026],[25.7526,36.8016],[25.7505,36.8021],[25.7484,36.8016],[25.7484,36.7995],[25.7474,36.7984]],[[25.3109,36.7953],[25.3099,36.7964],[25.3099,36.7974],[25.312,36.7998],[25.3134,36.7984],[25.312,36.7974],[25.312,36.7964]],[[25.7557,36.7953],[25.7536,36.7984],[25.7547,36.7995],[25.7557,36.7984],[25.7578,36.7984],[25.7589,36.7974]],[[25.2578,36.7627],[25.2573,36.763],[25.2578,36.7633],[25.2582,36.763]],[[25.0849,36.6818],[25.0839,36.6823],[25.0833,36.6839],[25.0836,36.6859],[25.0849,36.6871],[25.087,36.6874],[25.088,36.6859],[25.087,36.6849],[25.088,36.6839],[25.087,36.6828],[25.0859,36.6832]],[[25.3255,36.6622],[25.3245,36.6625],[25.323,36.6641],[25.3222,36.6661],[25.3226,36.6672],[25.3245,36.6682],[25.3245,36.6693],[25.3255,36.6703],[25.3276,36.6682],[25.3276,36.6672],[25.3287,36.6661],[25.3284,36.6651]],[[25.1141,36.6486],[25.1136,36.6495],[25.1141,36.6499],[25.1146,36.6495]],[[25.3568,36.6404],[25.3557,36.6411],[25.3547,36.6411],[25.3536,36.6422],[25.3533,36.6443],[25.3518,36.6464],[25.3495,36.6464],[25.3484,36.6474],[25.3484,36.6495],[25.3492,36.6505],[25.3464,36.6526],[25.3464,36.6536],[25.3453,36.6547],[25.3411,36.6516],[25.3401,36.6526],[25.3411,36.6536],[25.3411,36.6547],[25.3407,36.6547],[25.3401,36.6541],[25.3399,36.6526],[25.338,36.6517],[25.3376,36.6526],[25.338,36.6536],[25.3395,36.6547],[25.338,36.6568],[25.34,36.6589],[25.3401,36.6599],[25.338,36.662],[25.337,36.6624],[25.3359,36.662],[25.3349,36.663],[25.3353,36.6641],[25.3367,36.6651],[25.3349,36.6651],[25.3339,36.6661],[25.3339,36.6682],[25.3297,36.6682],[25.3286,36.6693],[25.3276,36.6693],[25.3255,36.6714],[25.3255,36.6724],[25.3266,36.6734],[25.3266,36.6745],[25.3266,36.6756],[25.3255,36.6768],[25.3224,36.6734],[25.3214,36.6729],[25.3193,36.6736],[25.3182,36.6745],[25.3208,36.6755],[25.32,36.6776],[25.3203,36.6807],[25.3193,36.6807],[25.3182,36.6818],[25.3172,36.6812],[25.3166,36.6818],[25.3151,36.6818],[25.3141,36.68],[25.3099,36.6781],[25.3078,36.6799],[25.3072,36.6828],[25.3089,36.6849],[25.3116,36.6849],[25.311,36.687],[25.3092,36.6891],[25.3073,36.6891],[25.3078,36.688],[25.3068,36.687],[25.3036,36.6868],[25.3026,36.688],[25.3026,36.6891],[25.3036,36.6901],[25.3036,36.6911],[25.3026,36.6901],[25.3005,36.6901],[25.2981,36.6911],[25.2973,36.6922],[25.3,36.6932],[25.3005,36.6942],[25.3002,36.6953],[25.2995,36.6964],[25.2964,36.6984],[25.2964,36.6997],[25.2953,36.7],[25.2943,36.6984],[25.2915,36.6995],[25.2932,36.7016],[25.2932,36.7026],[25.2922,36.7031],[25.2911,36.7016],[25.2901,36.7026],[25.2916,36.7036],[25.2891,36.7057],[25.289,36.7068],[25.2907,36.7078],[25.2923,36.7099],[25.2898,36.713],[25.2882,36.7141],[25.287,36.713],[25.2845,36.713],[25.2839,36.7125],[25.2834,36.712],[25.2849,36.7109],[25.2839,36.7092],[25.2828,36.7091],[25.2818,36.7109],[25.2822,36.712],[25.2797,36.7133],[25.2797,36.712],[25.2782,36.7109],[25.2797,36.7099],[25.2794,36.7089],[25.2803,36.7078],[25.2797,36.7074],[25.2786,36.7079],[25.2776,36.7073],[25.2766,36.7076],[25.2755,36.7099],[25.2734,36.7124],[25.2703,36.7109],[25.2661,36.7109],[25.2651,36.7115],[25.2646,36.712],[25.2648,36.713],[25.2667,36.7151],[25.2664,36.7161],[25.2653,36.7172],[25.2657,36.7182],[25.2672,36.7203],[25.2716,36.7234],[25.2715,36.7245],[25.2693,36.7254],[25.2682,36.7237],[25.2672,36.7234],[25.2641,36.7207],[25.262,36.7203],[25.2615,36.7193],[25.2616,36.7151],[25.263,36.7141],[25.2609,36.7112],[25.2599,36.7114],[25.2589,36.7107],[25.2574,36.7109],[25.2568,36.713],[25.2578,36.7141],[25.2578,36.7151],[25.2557,36.7156],[25.2547,36.7172],[25.2547,36.7182],[25.2568,36.7203],[25.2568,36.7212],[25.2557,36.7225],[25.2511,36.7214],[25.2526,36.7203],[25.2505,36.7179],[25.2484,36.7167],[25.2464,36.7144],[25.2453,36.7141],[25.2422,36.7152],[25.2402,36.7172],[25.2408,36.7203],[25.2423,36.7224],[25.2432,36.723],[25.2458,36.7214],[25.2453,36.7224],[25.2464,36.7234],[25.2446,36.7245],[25.2464,36.7275],[25.251,36.7318],[25.2526,36.7326],[25.2536,36.7321],[25.2547,36.7307],[25.2557,36.7318],[25.2557,36.7339],[25.2568,36.7349],[25.2578,36.7349],[25.2557,36.737],[25.2578,36.7401],[25.2578,36.7411],[25.2547,36.7413],[25.2513,36.7453],[25.251,36.7464],[25.2536,36.7501],[25.2557,36.7501],[25.258,36.7484],[25.2589,36.7484],[25.2589,36.7495],[25.2609,36.7516],[25.2609,36.7536],[25.262,36.7547],[25.262,36.7554],[25.2589,36.7552],[25.2578,36.7557],[25.2557,36.7542],[25.2553,36.7557],[25.2552,36.7568],[25.2568,36.7578],[25.2578,36.7578],[25.2589,36.7589],[25.2578,36.7609],[25.2589,36.762],[25.2599,36.7619],[25.2589,36.7641],[25.2589,36.7651],[25.2599,36.7661],[25.2589,36.7672],[25.2589,36.7693],[25.2577,36.7703],[25.2589,36.7714],[25.2599,36.7703],[25.262,36.7724],[25.263,36.7724],[25.2641,36.7717],[25.2647,36.7724],[25.2651,36.7734],[25.2641,36.7745],[25.2641,36.7755],[25.2682,36.7797],[25.2693,36.7787],[25.2693,36.7797],[25.2703,36.7807],[25.2703,36.7818],[25.2687,36.7828],[25.2688,36.7839],[25.2693,36.7846],[25.2703,36.7849],[25.2714,36.7839],[25.2714,36.7859],[25.2724,36.787],[25.2734,36.787],[25.2734,36.788],[25.2721,36.788],[25.2719,36.7891],[25.2728,36.7901],[25.2734,36.7903],[25.2745,36.7891],[25.2755,36.7891],[25.2766,36.788],[25.2766,36.7863],[25.2786,36.788],[25.2797,36.788],[25.2784,36.7891],[25.2782,36.7911],[25.2797,36.792],[25.2818,36.7923],[25.2839,36.7919],[25.2849,36.7901],[25.2859,36.7901],[25.287,36.7914],[25.288,36.7901],[25.2859,36.788],[25.2849,36.788],[25.2839,36.7891],[25.2823,36.7891],[25.2828,36.7874],[25.2859,36.787],[25.287,36.788],[25.2911,36.788],[25.2922,36.7891],[25.2932,36.7891],[25.2953,36.7911],[25.3026,36.7913],[25.3078,36.794],[25.3109,36.7913],[25.312,36.7891],[25.313,36.7891],[25.3141,36.788],[25.3141,36.7849],[25.3158,36.7839],[25.3161,36.7828],[25.3172,36.7818],[25.3182,36.7818],[25.3238,36.7776],[25.3266,36.7776],[25.3275,36.7786],[25.3276,36.7794],[25.3286,36.7776],[25.3276,36.7766],[25.3297,36.775],[25.3306,36.7766],[25.3305,36.7776],[25.331,36.7776],[25.331,36.7766],[25.3319,36.7755],[25.3302,36.7745],[25.3307,36.7734],[25.3307,36.7703],[25.3318,36.7714],[25.3339,36.7718],[25.3359,36.7706],[25.3383,36.7672],[25.3389,36.7651],[25.3359,36.7619],[25.3339,36.7609],[25.3328,36.7599],[25.3318,36.7615],[25.3307,36.7599],[25.3307,36.7578],[25.3302,36.7568],[25.3286,36.7556],[25.3339,36.7526],[25.3349,36.7536],[25.3359,36.7536],[25.338,36.7565],[25.3411,36.7569],[25.3432,36.7553],[25.3443,36.756],[25.3453,36.7559],[25.346,36.7547],[25.3505,36.7538],[25.3522,36.7516],[25.3531,36.7495],[25.3516,36.7474],[25.3516,36.7464],[25.3547,36.7464],[25.3557,36.7453],[25.3599,36.7453],[25.362,36.7474],[25.362,36.7495],[25.3605,36.7505],[25.3611,36.7526],[25.3641,36.754],[25.3672,36.754],[25.3692,36.7516],[25.3667,36.7484],[25.3683,36.7474],[25.3672,36.7464],[25.3661,36.7479],[25.3651,36.7466],[25.3661,36.7453],[25.3661,36.7432],[25.3651,36.7422],[25.3641,36.7421],[25.365,36.7401],[25.366,36.7391],[25.3682,36.7375],[25.3693,36.7372],[25.3703,36.7355],[25.3745,36.7349],[25.3755,36.7341],[25.3776,36.7339],[25.3797,36.7324],[25.3826,36.7318],[25.387,36.7318],[25.3911,36.7276],[25.3909,36.7266],[25.3922,36.7259],[25.3932,36.7261],[25.3953,36.7245],[25.3974,36.7245],[25.3984,36.7255],[25.3995,36.7251],[25.3999,36.7245],[25.3984,36.7234],[25.3974,36.7215],[25.3984,36.7203],[25.3981,36.7193],[25.4005,36.7193],[25.4026,36.7172],[25.4026,36.7158],[25.4033,36.7151],[25.4047,36.7161],[25.4056,36.7161],[25.4056,36.7172],[25.406,36.7172],[25.4058,36.7161],[25.4068,36.7151],[25.4072,36.712],[25.4065,36.7099],[25.4051,36.7078],[25.4036,36.7067],[25.4005,36.7066],[25.3984,36.7069],[25.3974,36.7094],[25.3964,36.7089],[25.3935,36.7089],[25.3911,36.7068],[25.3901,36.7068],[25.3901,36.7016],[25.3914,36.7005],[25.3901,36.6993],[25.388,36.7016],[25.387,36.7017],[25.3856,36.6984],[25.3831,36.6964],[25.3826,36.6953],[25.3825,36.6943],[25.3859,36.6911],[25.388,36.6922],[25.3891,36.6911],[25.3891,36.6901],[25.3901,36.6914],[25.3917,36.6901],[25.3901,36.6891],[25.3924,36.688],[25.3925,36.687],[25.3911,36.6851],[25.3891,36.6839],[25.388,36.6854],[25.387,36.6843],[25.3852,36.6839],[25.3859,36.6839],[25.3875,36.6828],[25.388,36.6818],[25.3876,36.6797],[25.3891,36.6786],[25.3891,36.6776],[25.3901,36.6761],[25.3922,36.6745],[25.3924,36.6734],[25.3932,36.6734],[25.3943,36.6724],[25.3953,36.6734],[25.397,36.6724],[25.3973,36.6714],[25.3974,36.6682],[25.3964,36.6664],[25.3953,36.6658],[25.3932,36.6661],[25.3922,36.6672],[25.3927,36.6682],[25.3891,36.6682],[25.388,36.6693],[25.388,36.6713],[25.387,36.6703],[25.3859,36.6706],[25.3845,36.6703],[25.3851,36.6693],[25.3851,36.6672],[25.3859,36.6672],[25.3872,36.6661],[25.3891,36.6661],[25.3901,36.6651],[25.3891,36.6641],[25.3893,36.663],[25.3922,36.663],[25.3932,36.6641],[25.3944,36.663],[25.3932,36.662],[25.3932,36.6609],[25.3946,36.6599],[25.3929,36.6557],[25.3911,36.6536],[25.3911,36.6474],[25.3905,36.6453],[25.3891,36.6442],[25.3855,36.6443],[25.3845,36.6453],[25.3843,36.6474],[25.3849,36.6483],[25.3849,36.6495],[25.382,36.6516],[25.3818,36.6526],[25.3807,36.6518],[25.3786,36.6516],[25.3776,36.6505],[25.3757,36.6516],[25.3734,36.6548],[25.3714,36.6547],[25.3703,36.6555],[25.3672,36.6543],[25.3668,36.6536],[25.3672,36.6516],[25.3661,36.6505],[25.3651,36.6507],[25.363,36.6491],[25.363,36.6474],[25.362,36.6464],[25.3609,36.6466],[25.3599,36.6455],[25.3599,36.6443],[25.3585,36.6432]],[[25.0703,36.6304],[25.0693,36.6299],[25.0682,36.6301],[25.0669,36.6318],[25.0686,36.6328],[25.0682,36.6339],[25.0641,36.6343],[25.0634,36.6349],[25.0599,36.6349],[25.0589,36.6359],[25.0589,36.637],[25.0599,36.638],[25.0599,36.6401],[25.0587,36.6411],[25.0599,36.6422],[25.0609,36.6411],[25.062,36.6422],[25.062,36.6432],[25.0599,36.6431],[25.0608,36.6453],[25.062,36.6464],[25.063,36.6464],[25.0641,36.6453],[25.0641,36.6464],[25.0661,36.6487],[25.0661,36.6495],[25.0651,36.6505],[25.065,36.6516],[25.0661,36.6536],[25.0672,36.6555],[25.0733,36.662],[25.0745,36.6641],[25.0786,36.6674],[25.0828,36.6693],[25.0839,36.6693],[25.0839,36.6703],[25.0849,36.6714],[25.0857,36.6714],[25.0859,36.6724],[25.088,36.6749],[25.0877,36.6786],[25.087,36.6797],[25.087,36.6807],[25.0891,36.6849],[25.0911,36.6874],[25.0932,36.6918],[25.0974,36.6953],[25.0984,36.6953],[25.0995,36.6964],[25.1016,36.6964],[25.1026,36.6974],[25.1078,36.6974],[25.1089,36.6984],[25.1109,36.6988],[25.112,36.6995],[25.112,36.7016],[25.113,36.7028],[25.1161,36.7027],[25.1172,36.7016],[25.1203,36.7036],[25.1214,36.7036],[25.1217,36.7057],[25.1266,36.7084],[25.1328,36.7141],[25.1365,36.7161],[25.1371,36.7161],[25.138,36.7151],[25.1392,36.7151],[25.1401,36.7157],[25.1432,36.7141],[25.1432,36.7151],[25.1443,36.7161],[25.1453,36.7153],[25.1464,36.7161],[25.1505,36.7161],[25.1516,36.7151],[25.1528,36.7151],[25.1547,36.716],[25.1557,36.718],[25.1568,36.7185],[25.1578,36.7172],[25.1589,36.7172],[25.1599,36.7163],[25.162,36.7161],[25.1641,36.7182],[25.1661,36.7182],[25.1672,36.7193],[25.1683,36.7182],[25.1682,36.7172],[25.1693,36.7163],[25.1714,36.7161],[25.1724,36.7154],[25.1728,36.7172],[25.1734,36.718],[25.1766,36.7192],[25.1776,36.7193],[25.1786,36.7186],[25.1807,36.7191],[25.1828,36.7183],[25.1839,36.7184],[25.1856,36.7172],[25.1867,36.7151],[25.1865,36.7141],[25.1849,36.713],[25.1849,36.712],[25.1867,36.7109],[25.1867,36.7099],[25.1861,36.7078],[25.1847,36.7057],[25.1835,36.6974],[25.1828,36.6964],[25.1797,36.6949],[25.1776,36.6947],[25.1755,36.6964],[25.1769,36.6974],[25.1751,36.6974],[25.1745,36.6968],[25.1745,36.6943],[25.176,36.6922],[25.1752,36.6891],[25.1745,36.688],[25.1724,36.6865],[25.1703,36.6858],[25.1661,36.6854],[25.1638,36.6839],[25.1618,36.6818],[25.1609,36.6801],[25.1557,36.6776],[25.1553,36.6755],[25.158,36.6745],[25.1557,36.6726],[25.1547,36.6727],[25.1536,36.6745],[25.1516,36.6745],[25.1512,36.6734],[25.1527,36.6724],[25.1525,36.6714],[25.1495,36.67],[25.1474,36.6704],[25.1453,36.6738],[25.1443,36.6724],[25.1419,36.6724],[25.1391,36.6682],[25.1397,36.6661],[25.1411,36.6658],[25.1415,36.6651],[25.1411,36.6636],[25.1391,36.6626],[25.137,36.6596],[25.1328,36.6561],[25.1318,36.656],[25.1307,36.6578],[25.1297,36.6578],[25.1286,36.6559],[25.1276,36.6551],[25.1266,36.6552],[25.1255,36.6572],[25.1238,36.6578],[25.1214,36.6557],[25.121,36.6547],[25.1224,36.6543],[25.1228,36.6526],[25.1224,36.6515],[25.1203,36.65],[25.1182,36.6492],[25.1172,36.6509],[25.1161,36.6505],[25.1151,36.6511],[25.1141,36.6505],[25.1118,36.6505],[25.1099,36.6495],[25.1096,36.6474],[25.1089,36.6465],[25.1026,36.6437],[25.101,36.6443],[25.1005,36.6458],[25.0977,36.6453],[25.097,36.6432],[25.0984,36.6422],[25.098,36.6411],[25.0964,36.64],[25.0953,36.6397],[25.0947,36.6401],[25.0943,36.6416],[25.0922,36.6411],[25.0932,36.6401],[25.0922,36.639],[25.0911,36.6401],[25.0891,36.6401],[25.088,36.6391],[25.0865,36.6391],[25.0859,36.6385],[25.0849,36.6383],[25.0818,36.6343],[25.0807,36.6339],[25.0797,36.6348],[25.0766,36.6328],[25.0755,36.6333],[25.0745,36.6328],[25.0721,36.6328]],[[25.0578,36.6273],[25.0536,36.6281],[25.0516,36.6297],[25.0484,36.6306],[25.0474,36.6318],[25.0474,36.6328],[25.0464,36.6318],[25.0453,36.6328],[25.0474,36.6349],[25.0495,36.6349],[25.0505,36.6339],[25.0505,36.6328],[25.0509,36.6328],[25.0505,36.6339],[25.0516,36.6349],[25.0536,36.6349],[25.0547,36.6339],[25.0589,36.6339],[25.0605,36.6318]],[[25.0151,36.6209],[25.0141,36.6203],[25.0109,36.6203],[25.0099,36.6214],[25.0089,36.6214],[25.0068,36.6234],[25.0068,36.6242],[25.0057,36.6255],[25.0057,36.6276],[25.0047,36.6286],[25.0054,36.6297],[25.0068,36.6308],[25.0089,36.6313],[25.0151,36.6341],[25.0193,36.6391],[25.0224,36.6391],[25.0234,36.6384],[25.0266,36.638],[25.0297,36.6359],[25.0318,36.6359],[25.0328,36.6349],[25.0328,36.6339],[25.0311,36.6318],[25.0318,36.6318],[25.0328,36.6307],[25.0318,36.6297],[25.0297,36.6294],[25.0234,36.6241],[25.0193,36.6233]],[[25.6849,36.6161],[25.6828,36.6161],[25.6766,36.6202],[25.6755,36.6214],[25.6755,36.625],[25.6714,36.6265],[25.6703,36.6276],[25.6703,36.6318],[25.6714,36.6328],[25.6807,36.6328],[25.6828,36.6311],[25.6891,36.6307],[25.6922,36.6279],[25.6943,36.6276],[25.6953,36.6266],[25.6953,36.6255],[25.6984,36.6224],[25.6984,36.6203],[25.6974,36.6193],[25.6901,36.6192],[25.687,36.6161]],[[25.3536,36.4068],[25.3505,36.4099],[25.3474,36.4099],[25.3443,36.4129],[25.3411,36.413],[25.338,36.4151],[25.337,36.4151],[25.3349,36.4176],[25.3339,36.4162],[25.3328,36.4172],[25.3318,36.4162],[25.3266,36.4162],[25.3255,36.4151],[25.3245,36.4151],[25.3234,36.4161],[25.3234,36.4172],[25.3247,36.4182],[25.3245,36.4187],[25.3224,36.4191],[25.3206,36.4203],[25.32,36.4214],[25.3205,36.4245],[25.3194,36.4255],[25.3205,36.4276],[25.3201,36.4286],[25.3182,36.4297],[25.3197,36.4318],[25.3203,36.4339],[25.3224,36.4374],[25.3241,36.4391],[25.3261,36.4422],[25.3271,36.4453],[25.3296,36.4484],[25.3306,36.4526],[25.332,36.4547],[25.3319,36.4557],[25.3359,36.4614],[25.338,36.4629],[25.3411,36.4613],[25.3443,36.4614],[25.346,36.4578],[25.3455,36.4568],[25.3464,36.4557],[25.3463,36.4547],[25.3448,36.4536],[25.3464,36.4516],[25.3474,36.4516],[25.3484,36.4505],[25.3495,36.4516],[25.3516,36.4516],[25.3526,36.4505],[25.3557,36.4505],[25.3578,36.4474],[25.3559,36.4453],[25.3589,36.4422],[25.3589,36.4391],[25.3579,36.438],[25.3578,36.4359],[25.3568,36.4349],[25.3547,36.438],[25.3536,36.4379],[25.3526,36.437],[25.3516,36.4379],[25.3516,36.437],[25.3505,36.436],[25.3495,36.4369],[25.3485,36.4359],[25.3495,36.4349],[25.3484,36.4339],[25.3475,36.4339],[25.3475,36.4318],[25.3495,36.4297],[25.3505,36.4297],[25.3515,36.4286],[25.3516,36.4266],[25.3526,36.4255],[25.3516,36.4245],[25.3506,36.4245],[25.3516,36.4234],[25.3516,36.4224],[25.3515,36.4182],[25.3506,36.4172],[25.3516,36.4172],[25.3536,36.4151],[25.3527,36.4141],[25.3527,36.413],[25.3536,36.413],[25.3547,36.412],[25.3537,36.4109],[25.3537,36.4099],[25.3537,36.4089],[25.3547,36.4078]],[[25.3245,36.4036],[25.3231,36.4036],[25.3234,36.4042]],[[25.387,36.3912],[25.3859,36.3921],[25.3839,36.3921],[25.3828,36.3912],[25.3818,36.3921],[25.3807,36.3921],[25.3797,36.3951],[25.3766,36.3953],[25.3763,36.3964],[25.3734,36.3964],[25.3714,36.3984],[25.3734,36.4005],[25.3745,36.4005],[25.3755,36.4016],[25.3784,36.4016],[25.3786,36.4023],[25.3818,36.4013],[25.3831,36.4016],[25.3836,36.4005],[25.3829,36.3984],[25.3859,36.3984],[25.384,36.4005],[25.3857,36.4036],[25.3859,36.4068],[25.387,36.4089],[25.387,36.412],[25.3911,36.4161],[25.3922,36.4161],[25.3943,36.413],[25.3974,36.413],[25.3984,36.4141],[25.3995,36.4141],[25.4005,36.413],[25.4026,36.413],[25.4038,36.412],[25.4047,36.412],[25.4057,36.412],[25.4068,36.413],[25.4078,36.412],[25.4089,36.412],[25.41,36.4109],[25.4109,36.4109],[25.412,36.4099],[25.412,36.4068],[25.4109,36.4056],[25.4109,36.4026],[25.4099,36.4016],[25.4078,36.4016],[25.4078,36.3984],[25.4057,36.3953],[25.3985,36.3953],[25.3984,36.3943],[25.3974,36.3932],[25.3953,36.3932],[25.3943,36.3922],[25.3922,36.3942],[25.3911,36.3943],[25.3901,36.3932],[25.3891,36.3932]],[[25.3464,36.3788],[25.3443,36.3807],[25.3431,36.3828],[25.3443,36.3838],[25.3453,36.3839],[25.3464,36.3849],[25.3484,36.3849],[25.3495,36.3859],[25.3516,36.386],[25.3526,36.3849],[25.3526,36.3839],[25.3516,36.3827],[25.3516,36.3818],[25.3505,36.3807],[25.3476,36.3807]],[[25.3484,36.3776],[25.3478,36.3776],[25.3487,36.3776]],[[25.7703,36.339],[25.7675,36.3391],[25.7673,36.3401],[25.7679,36.3422],[25.7645,36.3443],[25.7599,36.3457],[25.7589,36.3455],[25.7575,36.3464],[25.7557,36.3465],[25.7547,36.3474],[25.7536,36.3474],[25.7526,36.3464],[25.7476,36.3505],[25.7401,36.3508],[25.7392,36.3516],[25.7359,36.352],[25.7331,36.3547],[25.7311,36.3557],[25.7286,36.3586],[25.7258,36.3599],[25.7263,36.3609],[25.7259,36.363],[25.7263,36.3672],[25.7319,36.3734],[25.7347,36.3776],[25.7359,36.3786],[25.7397,36.3797],[25.7464,36.3836],[25.7495,36.3903],[25.7516,36.3918],[25.7536,36.3926],[25.7553,36.3943],[25.7568,36.395],[25.7589,36.3974],[25.7589,36.3984],[25.7599,36.3995],[25.762,36.4003],[25.7641,36.402],[25.7645,36.4026],[25.763,36.4047],[25.7641,36.4057],[25.7651,36.4048],[25.7661,36.4057],[25.7682,36.4054],[25.7703,36.4016],[25.7714,36.4001],[25.7724,36.3996],[25.7786,36.3995],[25.7803,36.3974],[25.7797,36.3945],[25.7818,36.3928],[25.7862,36.3911],[25.7922,36.391],[25.7932,36.3901],[25.7943,36.3901],[25.7953,36.3891],[25.7974,36.3891],[25.7992,36.387],[25.7995,36.3859],[25.8016,36.3839],[25.8016,36.3833],[25.8042,36.3818],[25.8068,36.3814],[25.8089,36.3803],[25.8109,36.3803],[25.813,36.3782],[25.8151,36.3776],[25.8172,36.376],[25.8173,36.3766],[25.8193,36.3776],[25.8203,36.3766],[25.8203,36.3742],[25.8213,36.3734],[25.8245,36.3734],[25.8276,36.3714],[25.8266,36.3703],[25.8266,36.3693],[25.8276,36.3689],[25.8292,36.3672],[25.8286,36.3661],[25.8297,36.3651],[25.8293,36.363],[25.8297,36.3622],[25.8307,36.3626],[25.8318,36.3641],[25.8328,36.3647],[25.838,36.3613],[25.8453,36.3599],[25.8482,36.3578],[25.8525,36.3578],[25.8536,36.359],[25.8557,36.3596],[25.8589,36.3593],[25.8605,36.3578],[25.8616,36.3547],[25.8616,36.3516],[25.8603,36.3495],[25.8581,36.3474],[25.8536,36.3447],[25.8464,36.3422],[25.838,36.3421],[25.8328,36.3433],[25.8315,36.3453],[25.8332,36.3464],[25.8318,36.3474],[25.8297,36.3464],[25.8286,36.3474],[25.829,36.3484],[25.8286,36.3488],[25.8266,36.3495],[25.8245,36.3516],[25.8224,36.3523],[25.8181,36.3516],[25.812,36.3491],[25.8075,36.3484],[25.7997,36.3453],[25.7984,36.3443],[25.7973,36.3422],[25.7964,36.3417],[25.7953,36.3423],[25.7932,36.3425],[25.7901,36.3417],[25.7839,36.3412],[25.7807,36.3397],[25.7755,36.3406]],[[25.4464,36.3304],[25.4411,36.3298],[25.4349,36.3313],[25.4339,36.3318],[25.4336,36.3328],[25.4284,36.337],[25.4242,36.3411],[25.4193,36.3431],[25.4182,36.343],[25.412,36.3445],[25.4036,36.3457],[25.3964,36.3451],[25.3911,36.3462],[25.3891,36.3453],[25.3849,36.3453],[25.3828,36.3459],[25.3819,36.3474],[25.3797,36.3489],[25.3755,36.3494],[25.3746,36.3516],[25.3724,36.3533],[25.3693,36.3533],[25.3693,36.3526],[25.3682,36.3516],[25.3651,36.3516],[25.3641,36.352],[25.362,36.3516],[25.3609,36.3526],[25.3609,36.3535],[25.3589,36.354],[25.3561,36.3557],[25.3547,36.3557],[25.3531,36.3578],[25.3547,36.3591],[25.3571,36.3599],[25.3585,36.3609],[25.3595,36.362],[25.3605,36.3651],[25.363,36.3653],[25.3651,36.3672],[25.3672,36.3672],[25.3693,36.3651],[25.3703,36.3661],[25.3714,36.3661],[25.3724,36.3651],[25.3741,36.3651],[25.3786,36.3682],[25.3801,36.3672],[25.3828,36.3672],[25.3839,36.3682],[25.3849,36.3672],[25.3891,36.3672],[25.3901,36.3661],[25.3932,36.3661],[25.3943,36.3651],[25.3974,36.3651],[25.4005,36.363],[25.412,36.363],[25.4151,36.3651],[25.4151,36.3682],[25.4172,36.3703],[25.4182,36.3703],[25.4193,36.3713],[25.4218,36.3714],[25.4214,36.3766],[25.4254,36.3818],[25.4255,36.3828],[25.4266,36.3839],[25.4266,36.3859],[25.4286,36.388],[25.4297,36.388],[25.4307,36.3891],[25.4307,36.3901],[25.4328,36.3932],[25.4318,36.3943],[25.4318,36.3964],[25.4307,36.3974],[25.4307,36.3984],[25.4287,36.4005],[25.4286,36.4016],[25.4266,36.4016],[25.4255,36.4026],[25.4266,36.4036],[25.4255,36.4047],[25.4255,36.4057],[25.4266,36.4068],[25.4266,36.4089],[25.4276,36.4099],[25.4276,36.4172],[25.4266,36.4172],[25.4245,36.4193],[25.4245,36.4255],[25.4223,36.4276],[25.4182,36.4276],[25.4172,36.4286],[25.4161,36.4286],[25.4151,36.4286],[25.4141,36.4276],[25.413,36.4286],[25.4141,36.4298],[25.4141,36.4307],[25.413,36.4318],[25.4141,36.4328],[25.4141,36.4339],[25.4182,36.438],[25.4182,36.4401],[25.4193,36.4411],[25.4214,36.4411],[25.4214,36.4453],[25.4203,36.4464],[25.4203,36.4494],[25.4193,36.4505],[25.4193,36.4516],[25.4182,36.4526],[25.4172,36.4526],[25.412,36.4578],[25.4109,36.4578],[25.4099,36.4588],[25.4078,36.4588],[25.4068,36.4578],[25.4016,36.4578],[25.3995,36.4558],[25.3974,36.4557],[25.3964,36.4568],[25.3953,36.4568],[25.3942,36.4578],[25.3912,36.4578],[25.3901,36.4568],[25.3891,36.4578],[25.387,36.4578],[25.3859,36.4589],[25.3859,36.4598],[25.3849,36.4589],[25.3828,36.4589],[25.3818,36.4598],[25.3807,36.4589],[25.3777,36.4589],[25.3766,36.4578],[25.3755,36.4588],[25.3745,36.4588],[25.3745,36.4578],[25.3724,36.4558],[25.3703,36.4578],[25.3703,36.4598],[25.3693,36.4598],[25.3682,36.4609],[25.3682,36.462],[25.3693,36.463],[25.3672,36.4651],[25.3672,36.4661],[25.3681,36.4672],[25.3672,36.4682],[25.3672,36.4724],[25.3685,36.4745],[25.3755,36.4796],[25.3772,36.4818],[25.3779,36.4839],[25.3786,36.4842],[25.3818,36.4852],[25.3891,36.4854],[25.3911,36.484],[25.3932,36.4837],[25.3946,36.4828],[25.3984,36.4817],[25.4036,36.4813],[25.4057,36.4801],[25.4089,36.4792],[25.4141,36.4783],[25.4193,36.4786],[25.4211,36.4776],[25.4224,36.4759],[25.4243,36.4745],[25.4281,36.4724],[25.4278,36.4714],[25.4297,36.4672],[25.4295,36.4651],[25.4318,36.4618],[25.435,36.4589],[25.4386,36.4578],[25.4391,36.4563],[25.4484,36.4476],[25.4505,36.447],[25.4555,36.4443],[25.4557,36.4411],[25.4566,36.4391],[25.4601,36.4359],[25.4609,36.4332],[25.462,36.4319],[25.4642,36.4307],[25.463,36.4296],[25.4682,36.4265],[25.4703,36.4276],[25.4725,36.4255],[25.4755,36.4241],[25.4763,36.4234],[25.4776,36.4205],[25.4859,36.4152],[25.4895,36.4099],[25.4897,36.4068],[25.4906,36.4047],[25.4905,36.4016],[25.4896,36.3984],[25.49,36.3901],[25.4891,36.3886],[25.4889,36.387],[25.4888,36.3839],[25.4898,36.3818],[25.4899,36.3797],[25.488,36.3757],[25.4877,36.3734],[25.4841,36.3693],[25.4846,36.3672],[25.4843,36.3661],[25.4875,36.363],[25.488,36.3599],[25.4849,36.3578],[25.4839,36.3579],[25.4839,36.3568],[25.4828,36.3557],[25.4816,36.3557],[25.4776,36.3534],[25.4692,36.3453],[25.4641,36.3413],[25.4516,36.3331]],[[25.8026,36.3055],[25.8016,36.3051],[25.8005,36.3053],[25.7953,36.3064],[25.7922,36.3078],[25.7915,36.3099],[25.7937,36.3109],[25.7943,36.312],[25.7932,36.313],[25.7931,36.3151],[25.7922,36.3176],[25.7911,36.3178],[25.79,36.3193],[25.7911,36.3207],[25.7932,36.3214],[25.7943,36.3202],[25.7947,36.3214],[25.7953,36.3216],[25.7964,36.32],[25.7974,36.3218],[25.7986,36.3203],[25.798,36.3193],[25.798,36.3172],[25.7984,36.3161],[25.7995,36.316],[25.8005,36.3175],[25.8016,36.3175],[25.8036,36.3215],[25.8039,36.3203],[25.803,36.3193],[25.8036,36.318],[25.8078,36.3209],[25.8078,36.3202],[25.8054,36.3172],[25.8056,36.312],[25.8052,36.3109],[25.8036,36.3099],[25.8036,36.3089],[25.8053,36.3078],[25.8036,36.306]],[[25.8891,36.264],[25.8859,36.2641],[25.8849,36.2656],[25.8839,36.2651],[25.8818,36.2651],[25.8807,36.2661],[25.8818,36.2672],[25.8812,36.2682],[25.8797,36.2672],[25.8786,36.2672],[25.8766,36.2682],[25.8768,36.2693],[25.8761,36.2703],[25.8766,36.2729],[25.8776,36.2738],[25.8818,36.2749],[25.8839,36.275],[25.8862,36.2745],[25.887,36.2724],[25.8888,36.2724],[25.8891,36.2734],[25.8901,36.2745],[25.8911,36.2745],[25.8922,36.2755],[25.8974,36.2755],[25.9,36.2734],[25.8991,36.2714],[25.8953,36.2701],[25.8943,36.2688],[25.892,36.2672],[25.8912,36.2651]],[[25.8328,36.2629],[25.8286,36.263],[25.8266,36.2651],[25.8276,36.2661],[25.8266,36.2661],[25.8255,36.2651],[25.8245,36.2661],[25.8255,36.2672],[25.8255,36.2682],[25.8245,36.2672],[25.8234,36.2682],[25.8245,36.2693],[25.8245,36.2703],[25.8234,36.2703],[25.8224,36.2693],[25.8203,36.2714],[25.8218,36.2724],[25.8214,36.2734],[25.8224,36.2745],[25.8224,36.2755],[25.8209,36.2766],[25.8212,36.2786],[25.8224,36.2798],[25.8234,36.2799],[25.8245,36.2786],[25.8255,36.2786],[25.8266,36.2801],[25.8276,36.2786],[25.8286,36.2801],[25.8297,36.2799],[25.8307,36.2786],[25.8294,36.2776],[25.8349,36.2776],[25.8339,36.2786],[25.8349,36.2797],[25.837,36.2776],[25.838,36.2776],[25.8391,36.2789],[25.8419,36.2766],[25.8436,36.2714],[25.8426,36.2693],[25.8411,36.2682],[25.8401,36.2682],[25.8386,36.2693],[25.838,36.2682],[25.8391,36.2672],[25.8382,36.2661],[25.8349,36.264],[25.8339,36.264]],[[25.2078,36.2411],[25.2068,36.2422],[25.2071,36.2432],[25.2068,36.2443],[25.2036,36.2446],[25.2022,36.2443],[25.2036,36.2432],[25.2028,36.2422],[25.2016,36.2422],[25.2005,36.2437],[25.1995,36.2432],[25.1964,36.2432],[25.1943,36.2453],[25.1942,36.2474],[25.1953,36.2506],[25.1984,36.2559],[25.2026,36.2609],[25.2036,36.2609],[25.2068,36.2578],[25.2063,36.2557],[25.2068,36.2531],[25.2073,36.2526],[25.2089,36.2526],[25.2099,36.2516],[25.2109,36.2516],[25.213,36.2484],[25.2109,36.2454],[25.2114,36.2443],[25.2109,36.2436],[25.2087,36.2432],[25.2089,36.2422]],[[25.2161,36.2314],[25.2151,36.2307],[25.2141,36.231],[25.212,36.2307],[25.2099,36.2328],[25.2099,36.2349],[25.2089,36.2352],[25.2078,36.2339],[25.2068,36.2349],[25.2109,36.238],[25.213,36.238],[25.2161,36.237],[25.2182,36.2349]],[[25.2297,36.2193],[25.2286,36.2193],[25.2276,36.2203],[25.2276,36.2214],[25.2286,36.2224],[25.2297,36.2224],[25.2307,36.2214],[25.2307,36.2203]]]}},{"type":"Feature","properties":{"depth":20,"kind":"band"},"geometry":{"type":"MultiPolygon","coordinates":[[[[25.2487,36.9995],[25.2484,37],[25.2484,36.9991],[25.2487,36.9995]]],[[[25.1113,36.9932],[25.1101,36.9932],[25.1109,36.9924],[25.1113,36.9932]]],[[[25.1089,36.988],[25.1094,36.9901],[25.1089,36.9917],[25.1085,36.9901],[25.1089,36.988]]],[[[25.0928,36.9849],[25.0922,36.9855],[25.0913,36.9849],[25.0922,36.9841],[25.0928,36.9849]]],[[[25.0942,36.9839],[25.0927,36.9839],[25.0932,36.9834],[25.0942,36.9839]]],[[[25.096,36.9828],[25.0943,36.9838],[25.0938,36.9828],[25.0943,36.9823],[25.096,36.9828]]],[[[25.1141,36.9828],[25.112,36.9837],[25.1117,36.9828],[25.113,36.9825],[25.1141,36.9828]]],[[[25.0916,36.9818],[25.0915,36.9839],[25.0911,36.9843],[25.0901,36.9842],[25.0898,36.9839],[25.0906,36.9818],[25.0911,36.9814],[25.0916,36.9818]]],[[[25.0941,36.9818],[25.0932,36.9826],[25.0925,36.9818],[25.0932,36.9812],[25.0941,36.9818]]],[[[25.0977,36.9818],[25.0989,36.9828],[25.0984,36.9842],[25.0967,36.9828],[25.0974,36.9809],[25.0977,36.9818]]],[[[25.1308,36.9818],[25.1307,36.9835],[25.1297,36.9824],[25.1297,36.981],[25.1308,36.9818]]],[[[25.0999,36.9797],[25.0995,36.9802],[25.099,36.9797],[25.0995,36.9793],[25.0999,36.9797]]],[[[25.0843,36.9786],[25.0839,36.9791],[25.0834,36.9786],[25.0839,36.9782],[25.0843,36.9786]]],[[[25.0876,36.9786],[25.087,36.9794],[25.086,36.9786],[25.087,36.9778],[25.0876,36.9786]]],[[[25.0918,36.9786],[25.0922,36.9794],[25.0938,36.9797],[25.0932,36.9798],[25.0922,36.9815],[25.0911,36.9797],[25.0901,36.981],[25.0878,36.9797],[25.0901,36.9792],[25.0911,36.9779],[25.0918,36.9786]]],[[[25.6314,36.9786],[25.6307,36.9791],[25.6303,36.9786],[25.6307,36.9778],[25.6314,36.9786]]],[[[25.0781,36.9776],[25.0776,36.978],[25.0773,36.9776],[25.0776,36.9771],[25.0781,36.9776]]],[[[25.0857,36.9776],[25.0849,36.9781],[25.0843,36.9776],[25.0849,36.977],[25.0857,36.9776]]],[[[25.0795,36.9766],[25.0786,36.9773],[25.0779,36.9766],[25.0786,36.9757],[25.0795,36.9766]]],[[[25.006,36.9755],[25.0068,36.9763],[25.0089,36.9768],[25.0099,36.9764],[25.0109,36.9773],[25.012,36.977],[25.0137,36.9776],[25.0151,36.9786],[25.0141,36.9802],[25.013,36.9789],[25.0128,36.9797],[25.0139,36.9818],[25.012,36.9842],[25.0142,36.987],[25.0176,36.9891],[25.0188,36.9911],[25.0182,36.9938],[25.0161,36.9964],[25.0164,36.9974],[25.0161,36.9981],[25.0141,37],[25.0005,37],[25,36.9995],[25,36.9755],[25.0005,36.975],[25.0016,36.9758],[25.006,36.9755]]],[[[25.0772,36.9703],[25.0766,36.9712],[25.076,36.9703],[25.0766,36.9698],[25.0772,36.9703]]],[[[25.0758,36.9672],[25.0755,36.9676],[25.0752,36.9672],[25.0758,36.9672]]],[[[25.0831,36.9609],[25.0835,36.962],[25.0828,36.9628],[25.0811,36.9609],[25.0818,36.9601],[25.0831,36.9609]]],[[[25.409,36.9547],[25.4089,36.9551],[25.4084,36.9547],[25.409,36.9547]]],[[[25.6189,36.9547],[25.6182,36.9553],[25.618,36.9547],[25.6189,36.9547]]],[[[25.6273,36.9328],[25.6266,36.9335],[25.6259,36.9328],[25.6266,36.9321],[25.6273,36.9328]]],[[[25.5891,36.9255],[25.5895,36.9266],[25.5891,36.9273],[25.5886,36.9266],[25.5891,36.9255]]],[[[25.5868,36.9245],[25.587,36.9266],[25.5859,36.9297],[25.5859,36.9329],[25.5849,36.9327],[25.5832,36.9307],[25.5839,36.9299],[25.5859,36.9297],[25.5849,36.9266],[25.5854,36.9255],[25.5846,36.9245],[25.5868,36.9245]]],[[[25.5374,36.8766],[25.5367,36.8766],[25.537,36.8762],[25.5374,36.8766]]],[[[25.8913,36.8672],[25.8911,36.8678],[25.8907,36.8672],[25.8913,36.8672]]],[[[25.4237,36.838],[25.423,36.838],[25.4234,36.8377],[25.4237,36.838]]],[[[25.4142,36.8286],[25.4141,36.8291],[25.4138,36.8286],[25.4142,36.8286]]],[[[25.8419,36.8276],[25.8411,36.8281],[25.8402,36.8276],[25.8411,36.8268],[25.8419,36.8276]]],[[[25.4206,36.8266],[25.4203,36.8266],[25.4203,36.8257],[25.4206,36.8266]]],[[[25.4622,36.8224],[25.462,36.8228],[25.462,36.8221],[25.4622,36.8224]]],[[[25.7507,36.8141],[25.7505,36.8144],[25.7496,36.8141],[25.7507,36.8141]]],[[[25.7791,36.812],[25.7786,36.8124],[25.7783,36.812],[25.7786,36.8113],[25.7791,36.812]]],[[[25.7594,36.8078],[25.7589,36.8085],[25.7577,36.8078],[25.7589,36.8073],[25.7594,36.8078]]],[[[25.761,36.8068],[25.7609,36.8073],[25.7598,36.8068],[25.761,36.8068]]],[[[25.7585,36.7932],[25.7578,36.7936],[25.7576,36.7932],[25.7585,36.7932]]],[[[25.2674,36.7807],[25.2672,36.7811],[25.2664,36.7807],[25.2674,36.7807]]],[[[25.332,36.7589],[25.3318,36.7599],[25.3318,36.7583],[25.332,36.7589]]],[[[25.3567,36.7464],[25.3557,36.7473],[25.3552,36.7464],[25.3567,36.7464]]],[[[25.3976,36.7266],[25.3974,36.7274],[25.3967,36.7266],[25.3974,36.726],[25.3976,36.7266]]],[[[25.3965,36.7068],[25.3964,36.7074],[25.3961,36.7068],[25.3965,36.7068]]],[[[25.293,36.7016],[25.2922,36.7025],[25.2916,36.7016],[25.2922,36.701],[25.293,36.7016]]],[[[25.1764,36.6943],[25.1755,36.6948],[25.175,36.6943],[25.1755,36.6939],[25.1764,36.6943]]],[[[25.2978,36.6932],[25.2974,36.6938],[25.2967,36.6932],[25.2978,36.6932]]],[[[25.3169,36.6786],[25.3161,36.6807],[25.316,36.6786],[25.3169,36.6786]]],[[[25.3185,36.6755],[25.3182,36.676],[25.3177,36.6755],[25.3185,36.6755]]],[[[25.3227,36.6703],[25.3234,36.6714],[25.3234,36.6724],[25.3212,36.6714],[25.322,36.6703],[25.3227,36.6703]]],[[[25.1441,36.6682],[25.1431,36.6682],[25.1432,36.6679],[25.1441,36.6682]]],[[[25.1001,36.6432],[25.0995,36.6437],[25.099,36.6432],[25.0995,36.6423],[25.1001,36.6432]]],[[[25.3857,36.3984],[25.3849,36.3993],[25.3839,36.3994],[25.3831,36.3984],[25.3857,36.3984]]],[[[25.8082,36.3401],[25.8078,36.3409],[25.8069,36.3401],[25.8078,36.3392],[25.8082,36.3401]]],[[[25.7994,36.3318],[25.7984,36.3324],[25.7979,36.3318],[25.7984,36.3313],[25.7994,36.3318]]],[[[25.4247,36.3255],[25.4245,36.326],[25.4241,36.3255],[25.4245,36.3247],[25.4247,36.3255]]],[[[25.4368,36.3203],[25.4386,36.3224],[25.4386,36.3234],[25.4359,36.3247],[25.4328,36.3247],[25.4318,36.3239],[25.429,36.3234],[25.4299,36.3214],[25.4317,36.3203],[25.4359,36.3199],[25.4368,36.3203]]],[[[25.7852,36.3203],[25.7849,36.3212],[25.7843,36.3203],[25.7849,36.3197],[25.7852,36.3203]]],[[[25.7863,36.3193],[25.7854,36.3193],[25.7859,36.319],[25.7863,36.3193]]],[[[25.8242,36.2693],[25.8234,36.2701],[25.8225,36.2693],[25.8234,36.2683],[25.8242,36.2693]]],[[[25.8962,36.2693],[25.8953,36.2694],[25.8953,36.2683],[25.8962,36.2693]]],[[[26,36.0005],[26,36.8849],[25.9976,36.8849],[25.9964,36.8839],[25.9932,36.8837],[25.9924,36.8828],[25.9922,36.8807],[25.9911,36.8797],[25.9901,36.8805],[25.9891,36.8805],[25.988,36.8797],[25.9859,36.8818],[25.9859,36.8828],[25.9849,36.8819],[25.9859,36.8797],[25.9849,36.8787],[25.9839,36.8795],[25.9828,36.8784],[25.9797,36.8782],[25.9745,36.8764],[25.9703,36.8721],[25.9682,36.871],[25.9661,36.8682],[25.9657,36.8682],[25.9654,36.8672],[25.9661,36.8661],[25.9651,36.8651],[25.9641,36.866],[25.9641,36.8651],[25.963,36.8641],[25.9611,36.8641],[25.9599,36.8628],[25.9589,36.8628],[25.958,36.862],[25.9588,36.8609],[25.9557,36.8578],[25.9528,36.8578],[25.9528,36.8568],[25.9516,36.8557],[25.9497,36.8557],[25.9474,36.8537],[25.9464,36.8537],[25.9453,36.8545],[25.9453,36.8536],[25.9443,36.8526],[25.9422,36.8526],[25.9411,36.8532],[25.938,36.8526],[25.9339,36.8485],[25.9334,36.8474],[25.9339,36.8464],[25.9297,36.8421],[25.9297,36.8401],[25.9276,36.838],[25.9266,36.8385],[25.9255,36.8376],[25.9234,36.837],[25.9224,36.8359],[25.9214,36.8359],[25.9203,36.8349],[25.9193,36.8348],[25.9183,36.8339],[25.9193,36.8328],[25.9193,36.8318],[25.9182,36.8307],[25.9172,36.8307],[25.9162,36.8318],[25.9161,36.8325],[25.9151,36.8327],[25.9141,36.8317],[25.912,36.8311],[25.9113,36.8297],[25.912,36.8286],[25.9109,36.8276],[25.9093,36.8276],[25.9088,36.8266],[25.9078,36.8172],[25.9057,36.8146],[25.9036,36.813],[25.9016,36.8128],[25.9005,36.8119],[25.8976,36.8109],[25.8964,36.8099],[25.8932,36.8085],[25.8911,36.8057],[25.8902,36.8057],[25.888,36.803],[25.8859,36.8017],[25.8859,36.7995],[25.8839,36.7974],[25.8818,36.7973],[25.8818,36.7964],[25.8803,36.7943],[25.8807,36.7932],[25.8797,36.7922],[25.8758,36.7922],[25.8724,36.7891],[25.8703,36.788],[25.8694,36.788],[25.8682,36.787],[25.8672,36.787],[25.8661,36.7859],[25.8651,36.7859],[25.8641,36.7849],[25.862,36.7848],[25.8604,36.7839],[25.8568,36.7842],[25.8557,36.7834],[25.8547,36.7848],[25.8526,36.7849],[25.8516,36.7844],[25.8505,36.7847],[25.8495,36.7839],[25.8464,36.7836],[25.8453,36.7828],[25.843,36.7828],[25.8401,36.781],[25.837,36.7807],[25.8359,36.7797],[25.8344,36.7807],[25.834,36.7818],[25.8307,36.7824],[25.8271,36.7807],[25.8203,36.7789],[25.8193,36.7763],[25.8182,36.7764],[25.8172,36.7753],[25.8161,36.7753],[25.8109,36.7702],[25.8078,36.7687],[25.8068,36.7675],[25.8047,36.767],[25.8036,36.7661],[25.7984,36.7656],[25.7974,36.7661],[25.7943,36.7651],[25.7891,36.7661],[25.787,36.7648],[25.7828,36.7647],[25.7776,36.7656],[25.7724,36.7659],[25.7703,36.7666],[25.7641,36.7705],[25.763,36.7707],[25.7609,36.7698],[25.7573,36.7703],[25.7463,36.7786],[25.7434,36.7828],[25.7432,36.7842],[25.7374,36.788],[25.7364,36.7901],[25.738,36.794],[25.7399,36.7964],[25.7379,36.8078],[25.7384,36.8109],[25.7419,36.8151],[25.7422,36.8184],[25.7449,36.8214],[25.7467,36.8214],[25.748,36.8203],[25.7484,36.8189],[25.7516,36.8185],[25.7547,36.8193],[25.7564,36.8182],[25.758,36.8161],[25.7574,36.8141],[25.758,36.813],[25.7569,36.8109],[25.7578,36.8107],[25.7589,36.8113],[25.7599,36.8135],[25.7602,36.812],[25.7596,36.8109],[25.76,36.8099],[25.7593,36.8089],[25.7609,36.8079],[25.762,36.8082],[25.763,36.8096],[25.7641,36.8078],[25.7644,36.8089],[25.7661,36.8102],[25.7682,36.8104],[25.7693,36.8098],[25.7703,36.8107],[25.7724,36.8112],[25.7755,36.8107],[25.7766,36.8111],[25.7772,36.813],[25.7786,36.8146],[25.7807,36.8162],[25.7839,36.8172],[25.7849,36.8195],[25.7932,36.8238],[25.7965,36.8224],[25.7995,36.8205],[25.8005,36.8204],[25.8008,36.8193],[25.8026,36.8177],[25.8036,36.8183],[25.8057,36.8186],[25.8109,36.8181],[25.812,36.8183],[25.812,36.8172],[25.8141,36.8158],[25.8172,36.8169],[25.8178,36.8161],[25.8193,36.8159],[25.8214,36.8141],[25.8245,36.8132],[25.8276,36.8129],[25.8318,36.8139],[25.8349,36.8156],[25.8359,36.8173],[25.837,36.8168],[25.838,36.8174],[25.8407,36.8172],[25.8438,36.8224],[25.8422,36.8234],[25.8436,36.8245],[25.8415,36.8255],[25.8399,36.8276],[25.838,36.8279],[25.8359,36.8273],[25.8363,36.8286],[25.8352,36.8307],[25.8352,36.8318],[25.8332,36.8328],[25.8332,36.8339],[25.8339,36.8349],[25.8333,36.8359],[25.8352,36.837],[25.8365,36.8401],[25.8378,36.8464],[25.8422,36.8514],[25.8461,36.8536],[25.8505,36.854],[25.8547,36.8557],[25.8609,36.8608],[25.8651,36.8612],[25.8745,36.864],[25.8755,36.8637],[25.8766,36.8643],[25.8776,36.8642],[25.8839,36.8673],[25.887,36.8675],[25.8892,36.8661],[25.8911,36.8683],[25.8922,36.8674],[25.8943,36.8675],[25.8995,36.8692],[25.903,36.8724],[25.9028,36.8734],[25.9016,36.8746],[25.8943,36.8734],[25.8901,36.8739],[25.8891,36.8731],[25.8883,36.8734],[25.8866,36.8755],[25.8861,36.8776],[25.8865,36.8818],[25.8859,36.8827],[25.8849,36.8828],[25.8834,36.8839],[25.8837,36.888],[25.8849,36.8901],[25.8859,36.8906],[25.8953,36.89],[25.8974,36.8902],[25.9016,36.8922],[25.9036,36.8925],[25.9099,36.8921],[25.913,36.8912],[25.9203,36.8901],[25.9234,36.8891],[25.9276,36.8886],[25.9305,36.8859],[25.9318,36.8859],[25.9339,36.8839],[25.9349,36.8839],[25.937,36.8815],[25.9401,36.8835],[25.9443,36.8837],[25.9464,36.8852],[25.9536,36.8931],[25.9578,36.8947],[25.9616,36.9016],[25.9604,36.9026],[25.9617,36.9036],[25.9589,36.9041],[25.9578,36.905],[25.9568,36.9042],[25.9554,36.9057],[25.9534,36.9068],[25.9522,36.9089],[25.9529,36.913],[25.9575,36.9193],[25.962,36.9224],[25.963,36.9224],[25.9645,36.9234],[25.9672,36.9274],[25.9682,36.9282],[25.9734,36.9304],[25.9786,36.9315],[25.9839,36.9317],[25.988,36.9311],[25.9901,36.9314],[25.9922,36.9321],[25.9964,36.9357],[25.9967,36.937],[25.9974,36.9377],[26,36.9391],[26,36.9995],[25.9995,37],[25.5724,37],[25.5716,36.9953],[25.5677,36.9891],[25.5667,36.9859],[25.5685,36.9828],[25.5686,36.9807],[25.5695,36.9797],[25.5672,36.9773],[25.5641,36.9753],[25.5633,36.9734],[25.5635,36.9724],[25.5628,36.9714],[25.5655,36.9682],[25.5629,36.9661],[25.5628,36.9651],[25.562,36.9647],[25.5606,36.962],[25.5589,36.9612],[25.5568,36.9592],[25.5547,36.9584],[25.5535,36.9568],[25.5516,36.9557],[25.5495,36.9522],[25.5474,36.9507],[25.5464,36.9506],[25.5443,36.9492],[25.538,36.9472],[25.5359,36.947],[25.5344,36.9484],[25.5339,36.9516],[25.5318,36.9516],[25.5315,36.9505],[25.5332,36.9495],[25.5321,36.9474],[25.5307,36.9463],[25.5286,36.9462],[25.5276,36.9453],[25.5255,36.9461],[25.5245,36.9471],[25.5234,36.9468],[25.513,36.9422],[25.5109,36.9421],[25.5009,36.938],[25.4981,36.9359],[25.4959,36.9328],[25.4943,36.932],[25.4911,36.9285],[25.487,36.926],[25.4849,36.9254],[25.4797,36.9248],[25.4776,36.9255],[25.4766,36.9253],[25.4755,36.9267],[25.4745,36.9269],[25.4734,36.9254],[25.4724,36.9275],[25.4703,36.9263],[25.4682,36.9258],[25.4661,36.9268],[25.4651,36.9266],[25.4649,36.9255],[25.4665,36.9245],[25.4651,36.9238],[25.463,36.9191],[25.4516,36.9131],[25.4495,36.9129],[25.4464,36.9117],[25.445,36.912],[25.4443,36.9131],[25.4432,36.9129],[25.4411,36.9137],[25.4401,36.9146],[25.4359,36.9159],[25.4318,36.9193],[25.4307,36.9193],[25.4297,36.9203],[25.4297,36.922],[25.4285,36.9266],[25.4276,36.9277],[25.425,36.9286],[25.4234,36.9286],[25.4224,36.9297],[25.4237,36.9307],[25.4224,36.9307],[25.4214,36.9318],[25.4224,36.9328],[25.421,36.9391],[25.4214,36.9404],[25.4227,36.9422],[25.4222,36.9432],[25.4225,36.9453],[25.422,36.9484],[25.4203,36.9531],[25.4193,36.9539],[25.4182,36.9536],[25.4157,36.9557],[25.4157,36.9578],[25.4147,36.9589],[25.4147,36.9599],[25.412,36.9629],[25.4078,36.9658],[25.4036,36.9671],[25.4016,36.9686],[25.3984,36.9696],[25.3953,36.9698],[25.3859,36.9724],[25.3847,36.9724],[25.3818,36.9704],[25.3808,36.9714],[25.3821,36.9724],[25.3818,36.9734],[25.3802,36.9745],[25.3795,36.9766],[25.3773,36.9776],[25.3736,36.9849],[25.3724,36.9853],[25.3721,36.9859],[25.3719,36.987],[25.3726,36.9891],[25.3745,36.9911],[25.3755,36.9912],[25.3763,36.9932],[25.3756,36.9964],[25.3734,37],[25.2526,37],[25.2516,36.9984],[25.2491,36.9984],[25.2484,36.9953],[25.2488,36.9932],[25.2483,36.9911],[25.2485,36.988],[25.2474,36.9859],[25.246,36.9849],[25.2432,36.9843],[25.2328,36.9842],[25.2307,36.9865],[25.2276,36.9866],[25.2266,36.9878],[25.2255,36.9878],[25.2242,36.987],[25.2224,36.9844],[25.2193,36.9827],[25.2183,36.9839],[25.2172,36.9836],[25.2161,36.9848],[25.215,36.9849],[25.2141,36.9857],[25.2089,36.9848],[25.2084,36.9839],[25.2068,36.9827],[25.2026,36.9807],[25.2016,36.9808],[25.1984,36.9786],[25.1901,36.9753],[25.188,36.9736],[25.1849,36.9731],[25.1828,36.9719],[25.1807,36.9714],[25.1797,36.9716],[25.1776,36.9711],[25.1734,36.9718],[25.1724,36.9716],[25.1703,36.9738],[25.1672,36.9749],[25.1623,36.9755],[25.1609,36.9776],[25.1578,36.9782],[25.1568,36.9794],[25.1526,36.9792],[25.1516,36.9784],[25.1484,36.9783],[25.1474,36.9775],[25.1464,36.9785],[25.1453,36.981],[25.1435,36.9797],[25.1432,36.9785],[25.1419,36.9786],[25.1401,36.9806],[25.137,36.9812],[25.1349,36.9809],[25.1339,36.9801],[25.1328,36.9801],[25.1307,36.9785],[25.1286,36.978],[25.1272,36.9766],[25.1277,36.9755],[25.1308,36.9755],[25.1303,36.9745],[25.1305,36.9693],[25.1297,36.9672],[25.1276,36.9649],[25.1245,36.963],[25.1193,36.9619],[25.1161,36.9625],[25.1141,36.9635],[25.1127,36.9651],[25.1125,36.9672],[25.1099,36.9688],[25.1089,36.9691],[25.1047,36.9682],[25.1026,36.9697],[25.1016,36.9699],[25.1008,36.9693],[25.0998,36.9693],[25.1003,36.9703],[25.0995,36.9712],[25.0982,36.9703],[25.0975,36.9714],[25.0979,36.9724],[25.0995,36.9733],[25.1017,36.9734],[25.1015,36.9745],[25.1005,36.9752],[25.0964,36.9751],[25.0943,36.9733],[25.0928,36.9734],[25.0901,36.9754],[25.0879,36.9755],[25.0891,36.9761],[25.0901,36.9757],[25.0908,36.9766],[25.0901,36.9783],[25.0891,36.9777],[25.088,36.978],[25.087,36.9772],[25.0859,36.9775],[25.0849,36.9763],[25.0839,36.9766],[25.0828,36.9777],[25.0823,36.9766],[25.0807,36.9768],[25.0786,36.9754],[25.0766,36.977],[25.0755,36.976],[25.0745,36.9767],[25.0726,36.9745],[25.0728,36.9734],[25.072,36.9724],[25.0745,36.9715],[25.0755,36.9715],[25.0766,36.9726],[25.0774,36.9724],[25.0768,36.9714],[25.0778,36.9703],[25.0769,36.9682],[25.0776,36.9672],[25.0772,36.9661],[25.0778,36.9641],[25.0771,36.962],[25.0774,36.9599],[25.0828,36.9635],[25.0842,36.962],[25.0842,36.9599],[25.0839,36.9589],[25.0813,36.9568],[25.0806,36.9557],[25.0807,36.9547],[25.0797,36.9543],[25.0784,36.9526],[25.0786,36.9516],[25.0776,36.9505],[25.0769,36.9505],[25.0768,36.9484],[25.0777,36.9474],[25.0774,36.9432],[25.0766,36.9424],[25.0745,36.9423],[25.0737,36.9411],[25.0733,36.938],[25.0745,36.937],[25.0745,36.9359],[25.0734,36.9349],[25.0703,36.935],[25.0695,36.9359],[25.0693,36.9375],[25.0682,36.9381],[25.0661,36.9374],[25.064,36.938],[25.063,36.9411],[25.062,36.9426],[25.0618,36.9443],[25.0605,36.9453],[25.0606,36.9464],[25.0589,36.9482],[25.0568,36.9477],[25.0557,36.9486],[25.0547,36.9482],[25.0526,36.9485],[25.052,36.9495],[25.0522,36.9516],[25.0516,36.9523],[25.0495,36.9521],[25.0484,36.9513],[25.0464,36.9531],[25.0453,36.9523],[25.0453,36.9531],[25.046,36.9536],[25.0453,36.9548],[25.0443,36.9546],[25.0445,36.9557],[25.0432,36.9573],[25.0422,36.9573],[25.0391,36.9587],[25.037,36.9582],[25.0359,36.9594],[25.0349,36.959],[25.0328,36.9596],[25.031,36.9568],[25.0311,36.9557],[25.0303,36.9547],[25.031,36.9536],[25.0293,36.9536],[25.0292,36.9526],[25.0301,36.9516],[25.0276,36.9492],[25.0266,36.9489],[25.0255,36.9493],[25.0234,36.9483],[25.0224,36.9487],[25.0078,36.9487],[25.0068,36.9482],[25.0047,36.9481],[25.0026,36.9489],[25.0005,36.9482],[25,36.9474],[25,36.0005],[25.0005,36],[25.9995,36],[26,36.0005]],[[25.6276,36.9743],[25.6276,36.9746],[25.6283,36.9745],[25.6276,36.9743]],[[25.3797,36.9708],[25.3776,36.9724],[25.3774,36.9734],[25.3786,36.9728],[25.3797,36.973],[25.3806,36.9714],[25.3797,36.9708]],[[25.6328,36.9712],[25.6318,36.9708],[25.6313,36.9714],[25.6313,36.9724],[25.6323,36.9734],[25.6326,36.9745],[25.6318,36.9755],[25.6307,36.9736],[25.6304,36.9745],[25.6324,36.9766],[25.6297,36.9782],[25.6286,36.9776],[25.6274,36.9786],[25.6283,36.9797],[25.6297,36.9891],[25.6316,36.9911],[25.6349,36.9923],[25.6391,36.9929],[25.6422,36.992],[25.6435,36.9911],[25.6453,36.988],[25.6456,36.9849],[25.645,36.9828],[25.6422,36.9804],[25.6391,36.9801],[25.6338,36.9786],[25.635,36.9766],[25.6339,36.977],[25.6335,36.9766],[25.6332,36.9755],[25.6343,36.9734],[25.6341,36.9724],[25.6328,36.9712]],[[25.6286,36.9669],[25.6278,36.9672],[25.6286,36.9677],[25.6286,36.9669]],[[25.0839,36.9642],[25.0823,36.9651],[25.0837,36.9661],[25.0839,36.9677],[25.0842,36.9672],[25.0839,36.9642]],[[25.412,36.9584],[25.4116,36.9589],[25.412,36.9592],[25.4123,36.9589],[25.412,36.9584]],[[25.2599,36.9577],[25.2589,36.9588],[25.2588,36.9599],[25.2599,36.9612],[25.2609,36.9606],[25.262,36.961],[25.2638,36.9589],[25.2599,36.9577]],[[25.6276,36.9564],[25.6262,36.9568],[25.6282,36.9578],[25.6286,36.9599],[25.6285,36.9641],[25.6295,36.9641],[25.6308,36.963],[25.6309,36.962],[25.6299,36.9609],[25.6309,36.9599],[25.6302,36.9599],[25.6297,36.9606],[25.6287,36.9599],[25.6287,36.9578],[25.6276,36.9564]],[[25.0411,36.9555],[25.0406,36.9557],[25.0411,36.9564],[25.0421,36.9557],[25.0411,36.9555]],[[25.6255,36.954],[25.6255,36.9552],[25.6265,36.9547],[25.6255,36.954]],[[25.6276,36.9531],[25.6272,36.9536],[25.6276,36.9538],[25.6276,36.9531]],[[25.412,36.9525],[25.4099,36.9517],[25.4089,36.9529],[25.4078,36.9531],[25.4071,36.9547],[25.4089,36.9561],[25.4099,36.9556],[25.4109,36.9563],[25.412,36.9563],[25.4132,36.9557],[25.4141,36.9547],[25.412,36.9525]],[[25.5703,36.8932],[25.5693,36.8943],[25.5703,36.8958],[25.5693,36.8961],[25.5682,36.8962],[25.5651,36.8943],[25.5641,36.8943],[25.5609,36.8961],[25.5589,36.8949],[25.5578,36.8949],[25.5516,36.8968],[25.5501,36.8984],[25.5503,36.8995],[25.5494,36.9016],[25.5495,36.9043],[25.5516,36.906],[25.5536,36.9059],[25.5547,36.9073],[25.5581,36.9099],[25.5607,36.9109],[25.5609,36.9115],[25.5672,36.9151],[25.5667,36.9161],[25.5676,36.9172],[25.5714,36.9186],[25.5745,36.9192],[25.5755,36.9189],[25.5786,36.9206],[25.5797,36.9206],[25.5807,36.9221],[25.5836,36.9224],[25.5836,36.9234],[25.5824,36.9245],[25.5832,36.9255],[25.5828,36.9276],[25.5807,36.9295],[25.5797,36.9284],[25.5792,36.9286],[25.5806,36.9297],[25.5789,36.9307],[25.5786,36.9318],[25.5802,36.9339],[25.5798,36.9349],[25.5807,36.9358],[25.5818,36.9356],[25.5821,36.9359],[25.5828,36.9398],[25.5837,36.9422],[25.5846,36.9432],[25.5859,36.9441],[25.587,36.9438],[25.588,36.9451],[25.5887,36.9453],[25.5884,36.9464],[25.5901,36.9479],[25.5911,36.9473],[25.5909,36.9495],[25.5932,36.9519],[25.5943,36.9525],[25.5955,36.9526],[25.5956,36.9536],[25.5964,36.9545],[25.5974,36.9543],[25.5984,36.9551],[25.6047,36.9559],[25.6068,36.9557],[25.6089,36.9562],[25.6099,36.9558],[25.6109,36.9566],[25.612,36.9559],[25.613,36.9562],[25.6151,36.9558],[25.6161,36.955],[25.6172,36.9561],[25.6182,36.956],[25.6193,36.9547],[25.6198,36.9526],[25.6203,36.9523],[25.6234,36.9523],[25.6245,36.9514],[25.6276,36.9515],[25.6286,36.9519],[25.631,36.9484],[25.6299,36.9443],[25.63,36.9401],[25.6282,36.938],[25.6268,36.9349],[25.6268,36.9339],[25.6277,36.9328],[25.6266,36.9315],[25.6255,36.932],[25.6245,36.9305],[25.6234,36.9312],[25.6199,36.9286],[25.6196,36.9266],[25.6205,36.9245],[25.6202,36.9234],[25.6193,36.9226],[25.6182,36.9225],[25.6172,36.9212],[25.6161,36.9212],[25.613,36.9232],[25.612,36.9234],[25.6109,36.9234],[25.6092,36.9224],[25.6097,36.9214],[25.6089,36.921],[25.6081,36.9193],[25.6086,36.9182],[25.6086,36.9151],[25.6068,36.913],[25.6068,36.912],[25.6057,36.9103],[25.6047,36.9099],[25.6026,36.9112],[25.6005,36.9116],[25.5964,36.9089],[25.5953,36.9088],[25.5943,36.9094],[25.5859,36.9082],[25.5818,36.907],[25.5768,36.9016],[25.5773,36.9005],[25.5786,36.8995],[25.5786,36.8984],[25.5776,36.8974],[25.5755,36.8968],[25.5734,36.8943],[25.5714,36.8943],[25.5703,36.8932]],[[25.6266,36.8567],[25.6234,36.8563],[25.6193,36.8575],[25.6189,36.8589],[25.6176,36.8599],[25.6175,36.8609],[25.6164,36.862],[25.6163,36.8651],[25.6173,36.8682],[25.615,36.8703],[25.6162,36.8724],[25.6151,36.8739],[25.612,36.8729],[25.6047,36.8746],[25.6036,36.8743],[25.6026,36.8746],[25.6022,36.8755],[25.6026,36.8767],[25.601,36.8797],[25.5997,36.8807],[25.5997,36.8818],[25.6003,36.8828],[25.5994,36.8839],[25.6,36.8849],[25.5997,36.8859],[25.6016,36.8879],[25.6042,36.8891],[25.6096,36.8943],[25.6161,36.8974],[25.6276,36.898],[25.6318,36.9004],[25.6339,36.9009],[25.6357,36.9036],[25.6381,36.9047],[25.639,36.9057],[25.639,36.9068],[25.6401,36.9078],[25.6401,36.9094],[25.6422,36.9113],[25.6433,36.9109],[25.6464,36.9123],[25.6474,36.9122],[25.6516,36.9105],[25.6568,36.9094],[25.6589,36.9098],[25.662,36.9077],[25.6661,36.9082],[25.6745,36.9044],[25.6768,36.9026],[25.6793,36.8984],[25.6797,36.8932],[25.6792,36.8911],[25.6797,36.8907],[25.681,36.8922],[25.6831,36.8932],[25.6835,36.8922],[25.6854,36.8911],[25.687,36.8891],[25.688,36.8867],[25.6932,36.8828],[25.6944,36.8807],[25.6947,36.8776],[25.6941,36.8755],[25.6902,36.8724],[25.6907,36.8714],[25.6902,36.8703],[25.6891,36.8704],[25.6881,36.8693],[25.687,36.8698],[25.6849,36.8687],[25.6818,36.8687],[25.6797,36.8702],[25.6724,36.8704],[25.6672,36.8716],[25.6661,36.871],[25.6651,36.8713],[25.663,36.8707],[25.6578,36.8713],[25.6516,36.8696],[25.6453,36.8688],[25.6422,36.8665],[25.6411,36.8663],[25.6415,36.8651],[25.6411,36.8648],[25.6401,36.8653],[25.6388,36.8651],[25.6394,36.8641],[25.6391,36.8638],[25.638,36.8648],[25.6359,36.8644],[25.6339,36.8647],[25.6312,36.8661],[25.6306,36.8682],[25.6306,36.8703],[25.6286,36.8719],[25.6277,36.8693],[25.6276,36.8651],[25.628,36.8641],[25.6274,36.862],[25.6287,36.8599],[25.6276,36.8594],[25.6266,36.8567]],[[25.6714,36.8303],[25.6703,36.8304],[25.6693,36.8297],[25.6682,36.8306],[25.6672,36.8307],[25.665,36.8318],[25.6633,36.8349],[25.662,36.8358],[25.6607,36.838],[25.6589,36.8396],[25.6553,36.8401],[25.6563,36.8411],[25.6547,36.8422],[25.6544,36.8411],[25.6536,36.841],[25.6511,36.8422],[25.6516,36.8448],[25.6526,36.8458],[25.6557,36.8469],[25.6599,36.8496],[25.6661,36.8499],[25.6672,36.8492],[25.6734,36.8514],[25.6807,36.8523],[25.6839,36.852],[25.687,36.8541],[25.688,36.8533],[25.6881,36.8547],[25.6891,36.8555],[25.6911,36.8553],[25.6915,36.8547],[25.6911,36.8536],[25.6922,36.8536],[25.6935,36.8526],[25.6943,36.8505],[25.6945,36.8484],[25.6953,36.8473],[25.6955,36.8443],[25.6961,36.8432],[25.696,36.8422],[25.6953,36.8413],[25.6911,36.8377],[25.6891,36.837],[25.687,36.8377],[25.6859,36.8373],[25.6849,36.8383],[25.6839,36.8381],[25.6807,36.8386],[25.6758,36.8349],[25.6745,36.8329],[25.6734,36.8327],[25.6733,36.8318],[25.6714,36.8303]],[[25.5266,36.8295],[25.523,36.8297],[25.5219,36.8307],[25.5165,36.8339],[25.5156,36.8349],[25.5139,36.8432],[25.5117,36.8464],[25.512,36.8475],[25.513,36.8483],[25.5141,36.848],[25.5151,36.8512],[25.5171,36.8536],[25.5175,36.8557],[25.5169,36.8568],[25.5156,36.8578],[25.5151,36.8589],[25.5141,36.8592],[25.513,36.8611],[25.512,36.8619],[25.5109,36.8618],[25.5089,36.8628],[25.5083,36.8641],[25.5087,36.8651],[25.5078,36.8659],[25.5036,36.864],[25.5033,36.8651],[25.5005,36.8646],[25.4984,36.8666],[25.4981,36.8672],[25.4985,36.8682],[25.4964,36.8703],[25.4964,36.8731],[25.4951,36.8734],[25.4974,36.8762],[25.4984,36.8755],[25.4986,36.8766],[25.4974,36.877],[25.4972,36.8776],[25.5022,36.8818],[25.5025,36.8828],[25.5036,36.8843],[25.5077,36.887],[25.5085,36.8891],[25.5099,36.8903],[25.5151,36.8904],[25.5172,36.8936],[25.5203,36.8936],[25.5224,36.8943],[25.5234,36.8953],[25.5255,36.8951],[25.5266,36.8944],[25.5276,36.8945],[25.5292,36.8932],[25.529,36.8922],[25.5297,36.8914],[25.5324,36.8901],[25.5328,36.8894],[25.5349,36.8904],[25.538,36.8902],[25.5411,36.892],[25.5453,36.8901],[25.5454,36.887],[25.5433,36.8849],[25.5411,36.8838],[25.5401,36.8844],[25.538,36.8833],[25.5359,36.8839],[25.5347,36.8828],[25.5349,36.8824],[25.5359,36.8825],[25.5364,36.8818],[25.5357,36.8797],[25.5381,36.8766],[25.5371,36.8755],[25.5384,36.8745],[25.5382,36.8734],[25.5401,36.8725],[25.5404,36.8714],[25.5418,36.8714],[25.5417,36.8724],[25.543,36.8734],[25.5453,36.8737],[25.5484,36.8725],[25.5492,36.8714],[25.5499,36.8693],[25.5493,36.8661],[25.55,36.8641],[25.5498,36.8609],[25.5505,36.8603],[25.5516,36.8605],[25.5519,36.8599],[25.5516,36.8589],[25.5541,36.8547],[25.5536,36.8532],[25.5505,36.8519],[25.5495,36.8506],[25.5464,36.849],[25.5432,36.8487],[25.5411,36.8477],[25.5349,36.846],[25.5343,36.8464],[25.5345,36.8474],[25.5332,36.8474],[25.5328,36.8464],[25.5335,36.8453],[25.5324,36.8443],[25.5323,36.8432],[25.5333,36.8422],[25.5317,36.8391],[25.5321,36.838],[25.5316,36.837],[25.5316,36.8349],[25.5296,36.8318],[25.5266,36.8295]],[[25.3974,36.8221],[25.3964,36.8218],[25.3943,36.8223],[25.3932,36.8229],[25.3922,36.8245],[25.3919,36.8266],[25.3925,36.8286],[25.3943,36.8302],[25.3974,36.8299],[25.3984,36.8292],[25.3986,36.8234],[25.3974,36.8221]],[[25.8411,36.8222],[25.84,36.8224],[25.8411,36.8225],[25.8411,36.8222]],[[25.912,36.8151],[25.9109,36.8159],[25.9099,36.8151],[25.9089,36.8161],[25.9089,36.8182],[25.9099,36.8193],[25.913,36.8161],[25.912,36.8151]],[[25.4536,36.8138],[25.4516,36.814],[25.4495,36.8154],[25.4484,36.8148],[25.4471,36.8161],[25.4464,36.8178],[25.4453,36.8168],[25.4432,36.8167],[25.4401,36.8175],[25.4391,36.8188],[25.4349,36.8189],[25.4318,36.8197],[25.4297,36.8197],[25.4255,36.8181],[25.4232,36.8193],[25.4224,36.8202],[25.4214,36.8198],[25.42,36.8203],[25.4201,36.8224],[25.4144,36.8255],[25.4154,36.8266],[25.413,36.8275],[25.412,36.8271],[25.4116,36.8255],[25.4109,36.8253],[25.4057,36.8251],[25.4044,36.8266],[25.4049,36.8276],[25.4051,36.8297],[25.4068,36.8317],[25.412,36.8333],[25.4182,36.8389],[25.4224,36.84],[25.4245,36.8414],[25.4256,36.8443],[25.4256,36.8474],[25.4297,36.8512],[25.4317,36.8536],[25.4321,36.8547],[25.4315,36.8557],[25.433,36.8578],[25.4339,36.8582],[25.4347,36.8578],[25.4349,36.857],[25.4354,36.8578],[25.4391,36.8593],[25.4411,36.861],[25.4422,36.8608],[25.4464,36.8618],[25.4516,36.862],[25.4532,36.863],[25.4559,36.8661],[25.4586,36.8682],[25.4597,36.8724],[25.4609,36.8743],[25.462,36.8743],[25.463,36.8754],[25.4651,36.8761],[25.4672,36.8763],[25.4682,36.8771],[25.4724,36.8774],[25.4755,36.8769],[25.4763,36.8755],[25.4786,36.875],[25.481,36.8703],[25.4804,36.8693],[25.479,36.863],[25.4781,36.8609],[25.4786,36.86],[25.4797,36.8589],[25.4828,36.859],[25.4839,36.8599],[25.4837,36.8589],[25.4849,36.8588],[25.485,36.8599],[25.4859,36.8612],[25.487,36.8616],[25.4891,36.861],[25.4889,36.8599],[25.4904,36.8589],[25.4911,36.8547],[25.4917,36.8536],[25.4911,36.8505],[25.4894,36.8484],[25.4879,36.8453],[25.4885,36.8443],[25.4868,36.8391],[25.4851,36.8297],[25.4833,36.8266],[25.4786,36.8223],[25.4766,36.8212],[25.4703,36.8206],[25.4661,36.8208],[25.4641,36.8205],[25.462,36.8184],[25.4614,36.8172],[25.4578,36.8151],[25.4568,36.8153],[25.4557,36.8143],[25.4536,36.8138]],[[25.5568,36.7033],[25.5547,36.7035],[25.5537,36.7047],[25.5536,36.7057],[25.5543,36.7068],[25.5557,36.7072],[25.5568,36.707],[25.5578,36.706],[25.558,36.7047],[25.5568,36.7033]],[[25.3599,36.6369],[25.3557,36.6363],[25.3536,36.6374],[25.3509,36.638],[25.3474,36.6422],[25.3465,36.6453],[25.3441,36.6495],[25.3432,36.6497],[25.3422,36.6489],[25.3411,36.6489],[25.3391,36.6495],[25.338,36.6485],[25.3359,36.6476],[25.3352,36.6484],[25.3352,36.6495],[25.336,36.6505],[25.3353,36.6516],[25.3365,36.6557],[25.3362,36.6568],[25.3349,36.6587],[25.3307,36.6615],[25.3297,36.6611],[25.3286,36.6616],[25.3266,36.6615],[25.3245,36.6592],[25.3233,36.6589],[25.3224,36.6603],[25.3203,36.6622],[25.3196,36.6641],[25.3198,36.6651],[25.3191,36.6672],[25.321,36.6693],[25.3212,36.6703],[25.3193,36.6721],[25.3161,36.6721],[25.3172,36.6745],[25.3161,36.6761],[25.313,36.6764],[25.3109,36.6773],[25.3089,36.6756],[25.3068,36.6768],[25.3054,36.6786],[25.3046,36.6807],[25.3061,36.6839],[25.3076,36.6849],[25.3076,36.6859],[25.3057,36.6864],[25.3036,36.6861],[25.3016,36.6868],[25.3005,36.6858],[25.3002,36.6859],[25.3005,36.6876],[25.3016,36.6876],[25.3017,36.688],[25.3026,36.6884],[25.3025,36.6901],[25.3008,36.6901],[25.3005,36.6897],[25.2995,36.6902],[25.2962,36.6891],[25.2958,36.6901],[25.2963,36.6922],[25.2957,36.6932],[25.2968,36.6953],[25.2953,36.6972],[25.2932,36.6967],[25.2911,36.6978],[25.2901,36.6971],[25.2897,36.6974],[25.289,36.6984],[25.2897,36.6995],[25.2891,36.7012],[25.2869,36.7005],[25.2875,36.7026],[25.2885,36.7036],[25.2871,36.7057],[25.2849,36.7061],[25.2839,36.7058],[25.2828,36.7067],[25.2819,36.7057],[25.2807,36.7059],[25.2776,36.7043],[25.2766,36.7042],[25.2755,36.7059],[25.2743,36.7057],[25.2735,36.7089],[25.2714,36.7103],[25.2703,36.7096],[25.2682,36.7099],[25.2661,36.7093],[25.2651,36.7097],[25.2599,36.7094],[25.2568,36.7084],[25.2545,36.7099],[25.255,36.7109],[25.2547,36.713],[25.2536,36.7138],[25.2505,36.7143],[25.2474,36.7136],[25.2453,36.7118],[25.2443,36.7116],[25.2391,36.7142],[25.2378,36.7141],[25.2372,36.7151],[25.2373,36.7203],[25.239,36.7245],[25.2429,36.7286],[25.2431,36.7297],[25.2453,36.7328],[25.2484,36.7349],[25.2511,36.738],[25.2514,36.7391],[25.2509,36.7411],[25.2483,36.7443],[25.248,36.7474],[25.2493,36.7495],[25.2491,36.7505],[25.252,36.7536],[25.2514,36.7547],[25.2525,36.7557],[25.2522,36.7568],[25.2572,36.762],[25.2557,36.7621],[25.2553,36.763],[25.2568,36.766],[25.2581,36.7672],[25.2568,36.7691],[25.2568,36.7703],[25.2589,36.7726],[25.2609,36.7723],[25.263,36.7741],[25.263,36.7766],[25.2672,36.782],[25.2682,36.7849],[25.2676,36.7859],[25.2724,36.7908],[25.2734,36.7914],[25.2745,36.7912],[25.2766,36.7917],[25.2786,36.7939],[25.2818,36.7947],[25.2828,36.7935],[25.2859,36.7938],[25.287,36.7927],[25.2922,36.7914],[25.2943,36.7924],[25.2962,36.7922],[25.2974,36.7935],[25.2984,36.793],[25.2994,36.7932],[25.2989,36.7943],[25.2995,36.7949],[25.3026,36.7945],[25.3057,36.796],[25.3109,36.8017],[25.312,36.8013],[25.313,36.8019],[25.3155,36.7984],[25.3132,36.7932],[25.313,36.7911],[25.3141,36.7899],[25.3145,36.788],[25.3193,36.784],[25.3234,36.7819],[25.3266,36.7793],[25.3286,36.7811],[25.3293,36.7807],[25.3293,36.7797],[25.3307,36.7785],[25.3328,36.7797],[25.3324,36.7776],[25.3338,36.7755],[25.3331,36.7745],[25.336,36.7745],[25.3381,36.7724],[25.3411,36.7672],[25.3395,36.763],[25.3394,36.762],[25.3401,36.7612],[25.3412,36.7609],[25.341,36.7599],[25.3443,36.7591],[25.3453,36.7596],[25.3516,36.7559],[25.3544,36.7516],[25.3557,36.7485],[25.3568,36.748],[25.3589,36.748],[25.3592,36.7484],[25.3595,36.7495],[25.3573,36.7516],[25.3578,36.753],[25.3588,36.7536],[25.3589,36.7547],[25.3599,36.7546],[25.3609,36.7555],[25.363,36.7561],[25.3693,36.7561],[25.3705,36.7536],[25.3707,36.7526],[25.3701,36.7505],[25.3708,36.7495],[25.3697,36.7484],[25.3697,36.7474],[25.3682,36.7454],[25.3661,36.7433],[25.3661,36.7416],[25.3703,36.7392],[25.3719,36.737],[25.3745,36.7368],[25.3755,36.7358],[25.3766,36.7359],[25.3776,36.7348],[25.378,36.7349],[25.3781,36.7359],[25.3786,36.7363],[25.3797,36.735],[25.3807,36.7355],[25.3818,36.7369],[25.3828,36.737],[25.3842,36.7359],[25.3853,36.7339],[25.387,36.7339],[25.3891,36.7328],[25.3911,36.7292],[25.3964,36.7273],[25.3974,36.7277],[25.3984,36.7273],[25.3995,36.7281],[25.3999,36.7276],[25.3995,36.7266],[25.4005,36.7264],[25.4014,36.7255],[25.3998,36.7224],[25.4005,36.7206],[25.4016,36.7212],[25.4036,36.7186],[25.4047,36.7182],[25.4057,36.718],[25.4068,36.719],[25.4083,36.7182],[25.4089,36.7109],[25.4082,36.7089],[25.4068,36.7069],[25.4055,36.7057],[25.4026,36.7043],[25.4016,36.7042],[25.4005,36.7051],[25.3984,36.705],[25.3974,36.7058],[25.3964,36.7051],[25.3953,36.7062],[25.3928,36.7036],[25.394,36.7016],[25.3931,36.7005],[25.3922,36.698],[25.3888,36.6964],[25.39,36.6953],[25.3906,36.6932],[25.3922,36.6933],[25.3943,36.6922],[25.3929,36.6911],[25.3939,36.6901],[25.3945,36.687],[25.3942,36.6859],[25.3932,36.6829],[25.3902,36.6797],[25.3902,36.6786],[25.3911,36.6779],[25.3922,36.6778],[25.3932,36.6784],[25.3943,36.6755],[25.3964,36.675],[25.3974,36.6742],[25.3985,36.6724],[25.399,36.6693],[25.3989,36.6682],[25.3974,36.6653],[25.3957,36.6641],[25.3954,36.662],[25.3961,36.6599],[25.3951,36.6568],[25.3943,36.6557],[25.3943,36.6547],[25.393,36.6526],[25.3924,36.6464],[25.3901,36.6443],[25.387,36.6433],[25.3841,36.6443],[25.3834,36.6464],[25.3828,36.6465],[25.3818,36.6458],[25.3814,36.6464],[25.3818,36.6478],[25.3776,36.6472],[25.3736,36.6474],[25.3714,36.6481],[25.3702,36.6474],[25.3705,36.6464],[25.3693,36.6453],[25.3682,36.6422],[25.3599,36.6369]],[[25.0578,36.6256],[25.0568,36.6256],[25.0536,36.6268],[25.0484,36.6299],[25.0477,36.6307],[25.0474,36.6325],[25.0464,36.6315],[25.0453,36.6328],[25.0461,36.6339],[25.0461,36.6349],[25.048,36.6359],[25.0495,36.6358],[25.0526,36.6369],[25.0547,36.6363],[25.0568,36.637],[25.0579,36.6411],[25.0598,36.6453],[25.062,36.6471],[25.063,36.6471],[25.0648,36.6484],[25.0644,36.6516],[25.0672,36.6567],[25.0763,36.6672],[25.0805,36.6703],[25.0818,36.6707],[25.0842,36.6745],[25.0852,36.6786],[25.0822,36.6839],[25.0834,36.687],[25.088,36.6891],[25.0932,36.6951],[25.0995,36.6984],[25.1089,36.7008],[25.113,36.7034],[25.1182,36.7041],[25.1272,36.7099],[25.1339,36.7157],[25.137,36.717],[25.1422,36.7167],[25.1495,36.7176],[25.1516,36.7166],[25.1547,36.719],[25.1557,36.7192],[25.1609,36.7188],[25.1661,36.7205],[25.1703,36.7191],[25.1776,36.7207],[25.1797,36.7208],[25.1818,36.7217],[25.1836,36.7214],[25.1872,36.7182],[25.1882,36.7161],[25.1879,36.7151],[25.1887,36.713],[25.1888,36.7089],[25.1879,36.7068],[25.1882,36.7057],[25.1875,36.7047],[25.1875,36.7016],[25.1866,36.7005],[25.1853,36.6953],[25.1846,36.6943],[25.1807,36.6934],[25.1786,36.6917],[25.1784,36.6901],[25.1755,36.6859],[25.1682,36.6825],[25.1672,36.6828],[25.1656,36.6818],[25.1651,36.6807],[25.1641,36.681],[25.1639,36.6797],[25.1624,36.6786],[25.1623,36.6766],[25.1598,36.6745],[25.1595,36.6734],[25.1578,36.6717],[25.1505,36.6684],[25.1484,36.668],[25.1443,36.6681],[25.1432,36.6651],[25.1421,36.6641],[25.1421,36.663],[25.141,36.662],[25.1411,36.6609],[25.1401,36.6605],[25.1378,36.6578],[25.1375,36.6568],[25.1359,36.6562],[25.1349,36.6552],[25.1339,36.655],[25.1328,36.654],[25.1307,36.6542],[25.1266,36.6527],[25.1255,36.655],[25.1245,36.6558],[25.124,36.6547],[25.1244,36.6536],[25.124,36.6516],[25.1224,36.6491],[25.1182,36.6473],[25.1161,36.6486],[25.113,36.6473],[25.112,36.6474],[25.1078,36.6439],[25.1057,36.6435],[25.1036,36.642],[25.0995,36.6419],[25.0995,36.6401],[25.0974,36.6385],[25.0964,36.6388],[25.0953,36.638],[25.0932,36.6382],[25.0911,36.6378],[25.0901,36.6386],[25.088,36.6378],[25.0836,36.6328],[25.0818,36.6314],[25.0766,36.6305],[25.0724,36.6304],[25.0703,36.6289],[25.0682,36.6282],[25.0672,36.6283],[25.0663,36.6307],[25.0651,36.6318],[25.063,36.6324],[25.062,36.6322],[25.0601,36.6286],[25.0578,36.6256]],[[25.0151,36.6203],[25.013,36.62],[25.0109,36.6203],[25.0099,36.6212],[25.0077,36.6214],[25.0055,36.6234],[25.0045,36.6255],[25.0043,36.6286],[25.0047,36.6298],[25.0068,36.6314],[25.0109,36.6328],[25.0149,36.6349],[25.0174,36.638],[25.0193,36.6393],[25.0224,36.6394],[25.0266,36.6384],[25.0297,36.6359],[25.0318,36.6359],[25.0328,36.6349],[25.0328,36.6339],[25.0314,36.6318],[25.0328,36.6307],[25.0318,36.6292],[25.0307,36.6286],[25.0295,36.6286],[25.0276,36.6258],[25.0242,36.6234],[25.0193,36.6223],[25.0151,36.6203]],[[25.687,36.6158],[25.6828,36.616],[25.6807,36.6172],[25.6797,36.6173],[25.6776,36.619],[25.6766,36.6192],[25.6749,36.6214],[25.6755,36.6241],[25.6714,36.6261],[25.6701,36.6276],[25.6703,36.6318],[25.6714,36.6328],[25.6807,36.633],[25.6839,36.6314],[25.6891,36.6309],[25.6922,36.6284],[25.6943,36.6276],[25.6984,36.6225],[25.6984,36.6198],[25.6974,36.6188],[25.6964,36.6186],[25.6906,36.6182],[25.687,36.6158]],[[25.387,36.3912],[25.3859,36.392],[25.3839,36.392],[25.3828,36.3912],[25.3818,36.392],[25.3807,36.392],[25.3797,36.3947],[25.3787,36.3953],[25.3766,36.3952],[25.3761,36.3964],[25.3734,36.3964],[25.3714,36.3984],[25.3734,36.4005],[25.3745,36.4005],[25.3755,36.4016],[25.3781,36.4016],[25.3786,36.4027],[25.3797,36.402],[25.3839,36.4019],[25.3854,36.4036],[25.3859,36.4052],[25.3859,36.4068],[25.387,36.4092],[25.387,36.412],[25.3911,36.4161],[25.3922,36.4161],[25.3943,36.413],[25.3974,36.413],[25.3984,36.4141],[25.3995,36.4141],[25.4005,36.413],[25.4026,36.413],[25.4039,36.412],[25.4047,36.412],[25.4057,36.412],[25.4068,36.413],[25.4078,36.412],[25.4089,36.412],[25.4101,36.4109],[25.4109,36.4109],[25.412,36.4099],[25.412,36.4068],[25.4109,36.4055],[25.4109,36.4026],[25.4099,36.4016],[25.4078,36.4016],[25.4078,36.3984],[25.4057,36.3953],[25.3986,36.3953],[25.3984,36.3943],[25.3974,36.3931],[25.3953,36.3932],[25.3943,36.3922],[25.3922,36.3941],[25.3911,36.3941],[25.3901,36.3932],[25.3891,36.3932],[25.387,36.3912]],[[25.4422,36.3171],[25.4339,36.3171],[25.4328,36.318],[25.4281,36.3182],[25.4255,36.3214],[25.4264,36.3224],[25.4234,36.3255],[25.4224,36.3254],[25.4214,36.3244],[25.4193,36.3263],[25.4173,36.3266],[25.4078,36.3357],[25.4068,36.3358],[25.4057,36.3349],[25.4055,36.337],[25.4036,36.3388],[25.4026,36.339],[25.4016,36.3399],[25.3964,36.3401],[25.3953,36.3409],[25.3943,36.341],[25.3799,36.3411],[25.3766,36.3432],[25.3724,36.3444],[25.3682,36.3463],[25.3651,36.3463],[25.362,36.3483],[25.3547,36.3484],[25.3536,36.3494],[25.3526,36.3494],[25.3525,36.3505],[25.3516,36.3514],[25.3494,36.3516],[25.3494,36.3536],[25.3482,36.3547],[25.3482,36.3578],[25.3474,36.359],[25.3443,36.3604],[25.3401,36.3611],[25.337,36.3625],[25.3349,36.3628],[25.3318,36.3649],[25.3297,36.365],[25.3297,36.3672],[25.3253,36.3714],[25.3255,36.372],[25.3266,36.3713],[25.3277,36.3724],[25.3269,36.3734],[25.3255,36.3738],[25.3251,36.3755],[25.3234,36.3772],[25.3224,36.3774],[25.3214,36.3782],[25.3193,36.3785],[25.3182,36.3795],[25.317,36.3828],[25.3179,36.3839],[25.3182,36.386],[25.3172,36.3873],[25.3141,36.3877],[25.3137,36.3901],[25.3128,36.3911],[25.3129,36.3932],[25.3137,36.3943],[25.3138,36.3995],[25.3138,36.4005],[25.3129,36.4016],[25.3127,36.4047],[25.3119,36.4057],[25.3118,36.413],[25.3125,36.4141],[25.3118,36.4151],[25.3119,36.4193],[25.3138,36.4224],[25.3138,36.4276],[25.3146,36.4286],[25.3149,36.4328],[25.3159,36.4339],[25.3161,36.4359],[25.317,36.437],[25.3171,36.4391],[25.3181,36.4401],[25.3181,36.4411],[25.3201,36.4432],[25.3202,36.4443],[25.3221,36.4464],[25.3223,36.4474],[25.3233,36.4484],[25.3234,36.4505],[25.3254,36.4536],[25.3255,36.4557],[25.3274,36.4578],[25.3276,36.4589],[25.3307,36.4631],[25.3328,36.4635],[25.3339,36.4645],[25.337,36.4648],[25.3411,36.4645],[25.3443,36.463],[25.3453,36.4632],[25.3446,36.462],[25.3448,36.4609],[25.3465,36.4578],[25.3464,36.4547],[25.3453,36.4536],[25.3455,36.4526],[25.3484,36.4508],[25.3495,36.4516],[25.3516,36.4516],[25.3526,36.4506],[25.3558,36.4505],[25.3578,36.4474],[25.3561,36.4453],[25.359,36.4422],[25.359,36.4391],[25.3579,36.438],[25.3578,36.4359],[25.3568,36.4349],[25.3547,36.4379],[25.3536,36.4379],[25.3526,36.437],[25.3516,36.4379],[25.3516,36.437],[25.3505,36.4359],[25.3495,36.4368],[25.3486,36.4359],[25.3495,36.4349],[25.3484,36.4339],[25.3476,36.4339],[25.3475,36.4318],[25.3495,36.4297],[25.3505,36.4297],[25.3515,36.4286],[25.3517,36.4266],[25.3526,36.4255],[25.3516,36.4245],[25.3506,36.4245],[25.3517,36.4234],[25.3517,36.4224],[25.3515,36.4182],[25.3506,36.4172],[25.3516,36.4172],[25.3536,36.4151],[25.3528,36.4141],[25.3528,36.413],[25.3536,36.413],[25.3547,36.412],[25.3538,36.4109],[25.3538,36.4089],[25.3547,36.4078],[25.3536,36.4068],[25.3505,36.4098],[25.3474,36.4099],[25.3443,36.4128],[25.3411,36.413],[25.338,36.4151],[25.337,36.4151],[25.3349,36.4171],[25.3339,36.4162],[25.3328,36.4172],[25.3318,36.4162],[25.3266,36.4162],[25.3255,36.4151],[25.3236,36.4151],[25.3245,36.414],[25.3224,36.4118],[25.3207,36.4109],[25.3198,36.4099],[25.3197,36.4089],[25.3246,36.4036],[25.3215,36.4005],[25.3215,36.3922],[25.3226,36.3911],[25.3227,36.3901],[25.3217,36.388],[25.322,36.387],[25.3233,36.3859],[25.3266,36.3851],[25.3286,36.3831],[25.3297,36.383],[25.3307,36.3821],[25.3328,36.3822],[25.3339,36.3831],[25.3359,36.3829],[25.3362,36.3818],[25.337,36.381],[25.338,36.3809],[25.3391,36.381],[25.3411,36.3829],[25.3432,36.383],[25.3443,36.3839],[25.3453,36.3839],[25.3464,36.3849],[25.3484,36.3849],[25.3495,36.3859],[25.3516,36.3861],[25.3526,36.3849],[25.3527,36.3839],[25.3516,36.3826],[25.3516,36.3818],[25.3505,36.3807],[25.3495,36.3807],[25.3486,36.3797],[25.3495,36.3788],[25.3496,36.3776],[25.3484,36.3773],[25.3465,36.3755],[25.3467,36.3734],[25.3472,36.3714],[25.3484,36.3701],[25.3495,36.3695],[25.3516,36.3697],[25.3521,36.3693],[25.3524,36.3672],[25.3547,36.3653],[25.3557,36.3649],[25.3589,36.3646],[25.3599,36.3654],[25.363,36.3656],[25.3651,36.3674],[25.3661,36.3674],[25.3672,36.3672],[25.3693,36.3653],[25.3703,36.3661],[25.3714,36.3661],[25.3724,36.3652],[25.3734,36.3652],[25.3745,36.3655],[25.3776,36.3684],[25.3786,36.3684],[25.3797,36.3675],[25.3818,36.3673],[25.3828,36.3673],[25.3839,36.3682],[25.3849,36.3672],[25.3891,36.3672],[25.3901,36.3661],[25.3932,36.3661],[25.3943,36.3651],[25.3974,36.3651],[25.4005,36.363],[25.412,36.363],[25.4151,36.3651],[25.4151,36.3682],[25.4172,36.3703],[25.4182,36.3703],[25.4193,36.3714],[25.4202,36.3714],[25.421,36.3724],[25.4211,36.3734],[25.4202,36.3745],[25.4202,36.3766],[25.4252,36.3818],[25.4254,36.3828],[25.4266,36.3839],[25.4266,36.3859],[25.4286,36.388],[25.4297,36.388],[25.4307,36.3891],[25.4307,36.3901],[25.4328,36.3932],[25.4318,36.3943],[25.4318,36.3964],[25.4307,36.3974],[25.4307,36.3984],[25.4287,36.4005],[25.4286,36.4014],[25.4266,36.4016],[25.4255,36.4026],[25.4266,36.4036],[25.4255,36.4047],[25.4255,36.4057],[25.4266,36.407],[25.4266,36.4089],[25.4276,36.4099],[25.4276,36.4172],[25.4266,36.4172],[25.4245,36.4193],[25.4245,36.4255],[25.4222,36.4276],[25.4182,36.4276],[25.4172,36.4285],[25.4151,36.4286],[25.4141,36.4276],[25.413,36.4286],[25.4141,36.4299],[25.4141,36.4307],[25.413,36.4318],[25.4141,36.4328],[25.4141,36.4339],[25.4182,36.438],[25.4182,36.4401],[25.4193,36.4411],[25.4214,36.4411],[25.4214,36.4453],[25.4203,36.4464],[25.4203,36.4493],[25.4182,36.4526],[25.4172,36.4526],[25.412,36.4578],[25.4109,36.4578],[25.4099,36.4587],[25.4078,36.4587],[25.4068,36.4578],[25.4016,36.4577],[25.3995,36.4557],[25.3974,36.4557],[25.3964,36.4568],[25.3953,36.4568],[25.3941,36.4578],[25.3913,36.4578],[25.3901,36.4568],[25.3891,36.4577],[25.387,36.4578],[25.3859,36.4589],[25.3859,36.4597],[25.3849,36.4589],[25.3828,36.4589],[25.3818,36.4598],[25.3807,36.4589],[25.3777,36.4589],[25.3766,36.4578],[25.3755,36.4587],[25.3745,36.4587],[25.3745,36.4578],[25.3724,36.4558],[25.3703,36.4578],[25.3703,36.4597],[25.3693,36.4598],[25.3682,36.4609],[25.3682,36.462],[25.3691,36.463],[25.3672,36.4651],[25.3672,36.4661],[25.3679,36.4672],[25.367,36.4682],[25.367,36.4714],[25.3671,36.4745],[25.3681,36.4755],[25.3682,36.4766],[25.3713,36.4797],[25.3715,36.4807],[25.3724,36.4809],[25.3776,36.4852],[25.3828,36.4882],[25.3849,36.4885],[25.3911,36.4882],[25.3943,36.4864],[25.3974,36.4862],[25.4005,36.4844],[25.4057,36.4842],[25.4068,36.4834],[25.4089,36.4833],[25.412,36.4814],[25.4151,36.4812],[25.4255,36.4775],[25.4318,36.472],[25.4349,36.4705],[25.4353,36.4693],[25.4383,36.4672],[25.4411,36.4643],[25.4422,36.4641],[25.4422,36.463],[25.4453,36.4599],[25.4464,36.4598],[25.4484,36.4578],[25.4495,36.4578],[25.4516,36.4559],[25.4526,36.4558],[25.4536,36.4549],[25.4578,36.4507],[25.4589,36.4483],[25.463,36.4449],[25.4651,36.4422],[25.4703,36.4372],[25.4714,36.437],[25.4734,36.4349],[25.4736,36.4339],[25.4745,36.4328],[25.4738,36.4318],[25.4741,36.4297],[25.4755,36.428],[25.4786,36.4257],[25.4818,36.4248],[25.4828,36.4249],[25.4838,36.4224],[25.4849,36.4215],[25.488,36.4206],[25.4901,36.4174],[25.4913,36.4172],[25.4917,36.4161],[25.4943,36.4134],[25.4947,36.4099],[25.4953,36.4089],[25.4938,36.4078],[25.4945,36.4057],[25.4954,36.4047],[25.4954,36.4036],[25.4924,36.3974],[25.4923,36.3964],[25.493,36.3953],[25.4931,36.3943],[25.492,36.3932],[25.492,36.3911],[25.4928,36.3911],[25.4932,36.3919],[25.4932,36.3911],[25.4943,36.3901],[25.4943,36.3891],[25.4954,36.388],[25.4954,36.3859],[25.4964,36.3849],[25.4964,36.3842],[25.4954,36.3828],[25.4953,36.3797],[25.4943,36.3776],[25.4943,36.3766],[25.4935,36.3755],[25.4934,36.3745],[25.4922,36.3734],[25.4901,36.3672],[25.4891,36.3661],[25.4891,36.3648],[25.488,36.3632],[25.4882,36.3589],[25.4872,36.3578],[25.4871,36.3568],[25.4839,36.3537],[25.4797,36.3514],[25.4682,36.3411],[25.4654,36.3391],[25.4633,36.337],[25.462,36.3348],[25.4599,36.3334],[25.4589,36.3318],[25.4507,36.3234],[25.4505,36.3224],[25.4495,36.3222],[25.4453,36.3183],[25.4432,36.3179],[25.4422,36.3171]],[[25.8068,36.3046],[25.8064,36.3047],[25.8068,36.3053],[25.8068,36.3046]],[[25.8026,36.3036],[25.8005,36.303],[25.7995,36.3036],[25.7943,36.3045],[25.792,36.3057],[25.79,36.3078],[25.7902,36.3089],[25.7893,36.3109],[25.7901,36.3116],[25.7913,36.3141],[25.7887,36.3172],[25.7859,36.3178],[25.7835,36.3203],[25.787,36.3238],[25.788,36.3235],[25.7914,36.3255],[25.7915,36.3286],[25.7911,36.329],[25.79,36.3286],[25.7905,36.3297],[25.788,36.3318],[25.7873,36.3328],[25.7876,36.3339],[25.787,36.3343],[25.7863,36.3339],[25.7862,36.3328],[25.7849,36.3326],[25.7839,36.3343],[25.7818,36.3352],[25.7807,36.3345],[25.7776,36.335],[25.7766,36.3348],[25.7755,36.3338],[25.7762,36.3359],[25.7755,36.3364],[25.7693,36.3368],[25.7672,36.3358],[25.7568,36.3391],[25.7495,36.3394],[25.7408,36.3411],[25.738,36.343],[25.7349,36.3432],[25.7328,36.344],[25.7307,36.3442],[25.7214,36.3493],[25.7201,36.3505],[25.7178,36.3547],[25.7182,36.3609],[25.719,36.363],[25.7197,36.3693],[25.7247,36.3734],[25.7261,36.3755],[25.7276,36.3766],[25.7278,36.3776],[25.7292,36.3786],[25.7297,36.38],[25.7307,36.3804],[25.7339,36.383],[25.7401,36.3852],[25.7443,36.3875],[25.7448,36.388],[25.7443,36.3891],[25.7453,36.3885],[25.7459,36.3891],[25.7463,36.3911],[25.7463,36.3943],[25.7483,36.3964],[25.7516,36.3975],[25.7536,36.3995],[25.7547,36.3996],[25.7557,36.4006],[25.7568,36.4006],[25.7578,36.4017],[25.7589,36.4016],[25.7597,36.4026],[25.7598,36.4047],[25.7609,36.4057],[25.7609,36.4089],[25.7621,36.4089],[25.7651,36.4069],[25.7694,36.4068],[25.7703,36.4059],[25.7706,36.4036],[25.7714,36.4027],[25.7789,36.4026],[25.7787,36.4016],[25.7797,36.4005],[25.7808,36.4005],[25.7806,36.3995],[25.7818,36.3985],[25.7828,36.3987],[25.7839,36.3975],[25.7859,36.3966],[25.7891,36.3963],[25.7901,36.3955],[25.7951,36.3953],[25.7964,36.3944],[25.8016,36.3943],[25.8062,36.3901],[25.8064,36.3891],[25.8089,36.3863],[25.8224,36.3774],[25.8266,36.3752],[25.8273,36.3745],[25.829,36.3703],[25.8307,36.3682],[25.8307,36.3667],[25.8339,36.3664],[25.8359,36.3645],[25.838,36.3638],[25.8391,36.3629],[25.8411,36.3633],[25.8453,36.3616],[25.8488,36.3589],[25.8491,36.3578],[25.8512,36.3578],[25.8519,36.3599],[25.8547,36.3607],[25.8589,36.3604],[25.8611,36.3589],[25.8626,36.3557],[25.8629,36.3516],[25.8612,36.3484],[25.8568,36.3449],[25.8505,36.342],[25.8453,36.3405],[25.8349,36.3406],[25.83,36.3432],[25.8294,36.3453],[25.8286,36.3461],[25.8266,36.3461],[25.8255,36.3465],[25.8214,36.346],[25.8203,36.3464],[25.8171,36.3453],[25.8162,36.3443],[25.8151,36.344],[25.8109,36.3409],[25.8099,36.3409],[25.8095,36.3401],[25.8078,36.339],[25.8068,36.3401],[25.8057,36.3399],[25.8055,36.3391],[25.8033,36.337],[25.7995,36.3348],[25.7988,36.3328],[25.7995,36.3318],[25.7988,36.3297],[25.7978,36.3286],[25.7988,36.3276],[25.7987,36.3266],[25.8005,36.3253],[25.8026,36.3257],[25.8026,36.3243],[25.8036,36.3242],[25.8056,36.3266],[25.8062,36.3266],[25.8054,36.3234],[25.8057,36.3225],[25.8064,36.3224],[25.806,36.3214],[25.8068,36.3209],[25.8078,36.3218],[25.8088,36.3214],[25.8076,36.3182],[25.8079,36.3172],[25.8076,36.313],[25.8068,36.31],[25.8063,36.3099],[25.8068,36.3098],[25.8071,36.3089],[25.8064,36.3078],[25.8069,36.3068],[25.8057,36.3062],[25.8049,36.3047],[25.8026,36.3036]],[[25.9057,36.2786],[25.9047,36.2785],[25.9049,36.2797],[25.9068,36.2797],[25.9057,36.2786]],[[25.8891,36.2636],[25.8859,36.2637],[25.8852,36.2641],[25.8849,36.265],[25.8828,36.2647],[25.8797,36.265],[25.8755,36.268],[25.8751,36.2693],[25.8752,36.2724],[25.8758,36.2734],[25.8776,36.2747],[25.8818,36.2757],[25.8873,36.2755],[25.888,36.2749],[25.8885,36.2755],[25.8932,36.2767],[25.8984,36.2768],[25.9005,36.2784],[25.9017,36.2776],[25.9014,36.2766],[25.9005,36.276],[25.8995,36.2763],[25.8985,36.2755],[25.9005,36.2743],[25.9011,36.2734],[25.9004,36.2714],[25.8986,36.2693],[25.8964,36.268],[25.8953,36.2682],[25.8925,36.2651],[25.8891,36.2636]],[[25.8328,36.2625],[25.8297,36.2626],[25.8266,36.2635],[25.8234,36.2661],[25.8234,36.268],[25.8224,36.2682],[25.8221,36.2693],[25.8199,36.2703],[25.8201,36.2797],[25.8214,36.2808],[25.8224,36.2804],[25.8234,36.281],[25.8255,36.2809],[25.8266,36.2818],[25.8286,36.2816],[25.8307,36.2802],[25.8318,36.278],[25.8328,36.2781],[25.8339,36.2801],[25.8349,36.2806],[25.8369,36.2797],[25.837,36.2791],[25.838,36.2791],[25.8391,36.2801],[25.8411,36.2791],[25.8433,36.2766],[25.8445,36.2724],[25.8457,36.2714],[25.8436,36.2693],[25.8391,36.267],[25.838,36.2655],[25.8328,36.2625]],[[25.2151,36.2306],[25.2106,36.2307],[25.2069,36.2339],[25.2061,36.2349],[25.2056,36.2391],[25.2047,36.2413],[25.1995,36.2423],[25.1974,36.2421],[25.1953,36.2429],[25.195,36.2443],[25.1939,36.2453],[25.1938,36.2474],[25.1953,36.2516],[25.1984,36.2568],[25.2026,36.2611],[25.2036,36.2609],[25.2057,36.2592],[25.2068,36.2578],[25.2074,36.2547],[25.2089,36.2529],[25.2099,36.2528],[25.2105,36.2516],[25.212,36.2505],[25.212,36.2495],[25.213,36.2484],[25.2118,36.2453],[25.2115,36.2411],[25.2161,36.2376],[25.2172,36.2372],[25.2174,36.2359],[25.2185,36.2349],[25.218,36.2328],[25.2151,36.2306]],[[25.2297,36.2193],[25.2286,36.2193],[25.2276,36.2203],[25.2276,36.2214],[25.2286,36.2224],[25.2297,36.2224],[25.2307,36.2214],[25.2307,36.2203],[25.2297,36.2193]]]]}},{"type":"Feature","properties":{"depth":20,"kind":"isobath"},"geometry":{"type":"MultiLineString","coordinates":[[[25.2484,36.9991],[25.2487,36.9995]],[[25.1113,36.9932],[25.1101,36.9932],[25.1109,36.9924]],[[25.1089,36.988],[25.1094,36.9901],[25.1089,36.9917],[25.1085,36.9901]],[[25.0928,36.9849],[25.0922,36.9855],[25.0913,36.9849],[25.0922,36.9841]],[[25.0942,36.9839],[25.0927,36.9839],[25.0932,36.9834]],[[25.096,36.9828],[25.0943,36.9838],[25.0938,36.9828],[25.0943,36.9823]],[[25.1141,36.9828],[25.112,36.9837],[25.1117,36.9828],[25.113,36.9825]],[[25.0916,36.9818],[25.0915,36.9839],[25.0911,36.9843],[25.0901,36.9842],[25.0898,36.9839],[25.0906,36.9818],[25.0911,36.9814]],[[25.0941,36.9818],[25.0932,36.9826],[25.0925,36.9818],[25.0932,36.9812]],[[25.0977,36.9818],[25.0989,36.9828],[25.0984,36.9842],[25.0967,36.9828],[25.0974,36.9809]],[[25.1308,36.9818],[25.1307,36.9835],[25.1297,36.9824],[25.1297,36.981]],[[25.0999,36.9797],[25.0995,36.9802],[25.099,36.9797],[25.0995,36.9793]],[[25.0843,36.9786],[25.0839,36.9791],[25.0834,36.9786],[25.0839,36.9782]],[[25.0876,36.9786],[25.087,36.9794],[25.086,36.9786],[25.087,36.9778]],[[25.0918,36.9786],[25.0922,36.9794],[25.0938,36.9797],[25.0932,36.9798],[25.0922,36.9815],[25.0911,36.9797],[25.0901,36.981],[25.0878,36.9797],[25.0901,36.9792],[25.0911,36.9779]],[[25.6314,36.9786],[25.6307,36.9791],[25.6303,36.9786],[25.6307,36.9778]],[[25.0781,36.9776],[25.0776,36.978],[25.0773,36.9776],[25.0776,36.9771]],[[25.0857,36.9776],[25.0849,36.9781],[25.0843,36.9776],[25.0849,36.977]],[[25.0795,36.9766],[25.0786,36.9773],[25.0779,36.9766],[25.0786,36.9757]],[[25.0005,36.975],[25.0016,36.9758],[25.006,36.9755],[25.0068,36.9763],[25.0089,36.9768],[25.0099,36.9764],[25.0109,36.9773],[25.012,36.977],[25.0137,36.9776],[25.0151,36.9786],[25.0141,36.9802],[25.013,36.9789],[25.0128,36.9797],[25.0139,36.9818],[25.012,36.9842],[25.0142,36.987],[25.0176,36.9891],[25.0188,36.9911],[25.0182,36.9938],[25.0161,36.9964],[25.0164,36.9974],[25.0161,36.9981]],[[25.0772,36.9703],[25.0766,36.9712],[25.076,36.9703],[25.0766,36.9698]],[[25.0758,36.9672],[25.0755,36.9676],[25.0752,36.9672]],[[25.0831,36.9609],[25.0835,36.962],[25.0828,36.9628],[25.0811,36.9609],[25.0818,36.9601]],[[25.409,36.9547],[25.4089,36.9551],[25.4084,36.9547]],[[25.6189,36.9547],[25.6182,36.9553],[25.618,36.9547]],[[25.6273,36.9328],[25.6266,36.9335],[25.6259,36.9328],[25.6266,36.9321]],[[25.5891,36.9255],[25.5895,36.9266],[25.5891,36.9273],[25.5886,36.9266]],[[25.5868,36.9245],[25.587,36.9266],[25.5859,36.9297],[25.5859,36.9329],[25.5849,36.9327],[25.5832,36.9307],[25.5839,36.9299],[25.5859,36.9297],[25.5849,36.9266],[25.5854,36.9255],[25.5846,36.9245]],[[25.5374,36.8766],[25.5367,36.8766],[25.537,36.8762]],[[25.8913,36.8672],[25.8911,36.8678],[25.8907,36.8672]],[[25.4237,36.838],[25.423,36.838],[25.4234,36.8377]],[[25.4142,36.8286],[25.4141,36.8291],[25.4138,36.8286]],[[25.8419,36.8276],[25.8411,36.8281],[25.8402,36.8276],[25.8411,36.8268]],[[25.4206,36.8266],[25.4203,36.8266],[25.4203,36.8257]],[[25.4622,36.8224],[25.462,36.8228],[25.462,36.8221]],[[25.7507,36.8141],[25.7505,36.8144],[25.7496,36.8141]],[[25.7791,36.812],[25.7786,36.8124],[25.7783,36.812],[25.7786,36.8113]],[[25.7594,36.8078],[25.7589,36.8085],[25.7577,36.8078],[25.7589,36.8073]],[[25.761,36.8068],[25.7609,36.8073],[25.7598,36.8068]],[[25.7585,36.7932],[25.7578,36.7936],[25.7576,36.7932]],[[25.2674,36.7807],[25.2672,36.7811],[25.2664,36.7807]],[[25.332,36.7589],[25.3318,36.7599],[25.3318,36.7583]],[[25.3567,36.7464],[25.3557,36.7473],[25.3552,36.7464]],[[25.3976,36.7266],[25.3974,36.7274],[25.3967,36.7266],[25.3974,36.726]],[[25.3965,36.7068],[25.3964,36.7074],[25.3961,36.7068]],[[25.293,36.7016],[25.2922,36.7025],[25.2916,36.7016],[25.2922,36.701]],[[25.1764,36.6943],[25.1755,36.6948],[25.175,36.6943],[25.1755,36.6939]],[[25.2978,36.6932],[25.2974,36.6938],[25.2967,36.6932]],[[25.3169,36.6786],[25.3161,36.6807],[25.316,36.6786]],[[25.3185,36.6755],[25.3182,36.676],[25.3177,36.6755]],[[25.3227,36.6703],[25.3234,36.6714],[25.3234,36.6724],[25.3212,36.6714],[25.322,36.6703]],[[25.1441,36.6682],[25.1431,36.6682],[25.1432,36.6679]],[[25.1001,36.6432],[25.0995,36.6437],[25.099,36.6432],[25.0995,36.6423]],[[25.3857,36.3984],[25.3849,36.3993],[25.3839,36.3994],[25.3831,36.3984]],[[25.8082,36.3401],[25.8078,36.3409],[25.8069,36.3401],[25.8078,36.3392]],[[25.7994,36.3318],[25.7984,36.3324],[25.7979,36.3318],[25.7984,36.3313]],[[25.4247,36.3255],[25.4245,36.326],[25.4241,36.3255],[25.4245,36.3247]],[[25.4368,36.3203],[25.4386,36.3224],[25.4386,36.3234],[25.4359,36.3247],[25.4328,36.3247],[25.4318,36.3239],[25.429,36.3234],[25.4299,36.3214],[25.4317,36.3203],[25.4359,36.3199]],[[25.7852,36.3203],[25.7849,36.3212],[25.7843,36.3203],[25.7849,36.3197]],[[25.7863,36.3193],[25.7854,36.3193],[25.7859,36.319]],[[25.8242,36.2693],[25.8234,36.2701],[25.8225,36.2693],[25.8234,36.2683]],[[25.8962,36.2693],[25.8953,36.2694],[25.8953,36.2683]],[[25.9976,36.8849],[25.9964,36.8839],[25.9932,36.8837],[25.9924,36.8828],[25.9922,36.8807],[25.9911,36.8797],[25.9901,36.8805],[25.9891,36.8805],[25.988,36.8797],[25.9859,36.8818],[25.9859,36.8828],[25.9849,36.8819],[25.9859,36.8797],[25.9849,36.8787],[25.9839,36.8795],[25.9828,36.8784],[25.9797,36.8782],[25.9745,36.8764],[25.9703,36.8721],[25.9682,36.871],[25.9661,36.8682],[25.9657,36.8682],[25.9654,36.8672],[25.9661,36.8661],[25.9651,36.8651],[25.9641,36.866],[25.9641,36.8651],[25.963,36.8641],[25.9611,36.8641],[25.9599,36.8628],[25.9589,36.8628],[25.958,36.862],[25.9588,36.8609],[25.9557,36.8578],[25.9528,36.8578],[25.9528,36.8568],[25.9516,36.8557],[25.9497,36.8557],[25.9474,36.8537],[25.9464,36.8537],[25.9453,36.8545],[25.9453,36.8536],[25.9443,36.8526],[25.9422,36.8526],[25.9411,36.8532],[25.938,36.8526],[25.9339,36.8485],[25.9334,36.8474],[25.9339,36.8464],[25.9297,36.8421],[25.9297,36.8401],[25.9276,36.838],[25.9266,36.8385],[25.9255,36.8376],[25.9234,36.837],[25.9224,36.8359],[25.9214,36.8359],[25.9203,36.8349],[25.9193,36.8348],[25.9183,36.8339],[25.9193,36.8328],[25.9193,36.8318],[25.9182,36.8307],[25.9172,36.8307],[25.9162,36.8318],[25.9161,36.8325],[25.9151,36.8327],[25.9141,36.8317],[25.912,36.8311],[25.9113,36.8297],[25.912,36.8286],[25.9109,36.8276],[25.9093,36.8276],[25.9088,36.8266],[25.9078,36.8172],[25.9057,36.8146],[25.9036,36.813],[25.9016,36.8128],[25.9005,36.8119],[25.8976,36.8109],[25.8964,36.8099],[25.8932,36.8085],[25.8911,36.8057],[25.8902,36.8057],[25.888,36.803],[25.8859,36.8017],[25.8859,36.7995],[25.8839,36.7974],[25.8818,36.7973],[25.8818,36.7964],[25.8803,36.7943],[25.8807,36.7932],[25.8797,36.7922],[25.8758,36.7922],[25.8724,36.7891],[25.8703,36.788],[25.8694,36.788],[25.8682,36.787],[25.8672,36.787],[25.8661,36.7859],[25.8651,36.7859],[25.8641,36.7849],[25.862,36.7848],[25.8604,36.7839],[25.8568,36.7842],[25.8557,36.7834],[25.8547,36.7848],[25.8526,36.7849],[25.8516,36.7844],[25.8505,36.7847],[25.8495,36.7839],[25.8464,36.7836],[25.8453,36.7828],[25.843,36.7828],[25.8401,36.781],[25.837,36.7807],[25.8359,36.7797],[25.8344,36.7807],[25.834,36.7818],[25.8307,36.7824],[25.8271,36.7807],[25.8203,36.7789],[25.8193,36.7763],[25.8182,36.7764],[25.8172,36.7753],[25.8161,36.7753],[25.8109,36.7702],[25.8078,36.7687],[25.8068,36.7675],[25.8047,36.767],[25.8036,36.7661],[25.7984,36.7656],[25.7974,36.7661],[25.7943,36.7651],[25.7891,36.7661],[25.787,36.7648],[25.7828,36.7647],[25.7776,36.7656],[25.7724,36.7659],[25.7703,36.7666],[25.7641,36.7705],[25.763,36.7707],[25.7609,36.7698],[25.7573,36.7703],[25.7463,36.7786],[25.7434,36.7828],[25.7432,36.7842],[25.7374,36.788],[25.7364,36.7901],[25.738,36.794],[25.7399,36.7964],[25.7379,36.8078],[25.7384,36.8109],[25.7419,36.8151],[25.7422,36.8184],[25.7449,36.8214],[25.7467,36.8214],[25.748,36.8203],[25.7484,36.8189],[25.7516,36.8185],[25.7547,36.8193],[25.7564,36.8182],[25.758,36.8161],[25.7574,36.8141],[25.758,36.813],[25.7569,36.8109],[25.7578,36.8107],[25.7589,36.8113],[25.7599,36.8135],[25.7602,36.812],[25.7596,36.8109],[25.76,36.8099],[25.7593,36.8089],[25.7609,36.8079],[25.762,36.8082],[25.763,36.8096],[25.7641,36.8078],[25.7644,36.8089],[25.7661,36.8102],[25.7682,36.8104],[25.7693,36.8098],[25.7703,36.8107],[25.7724,36.8112],[25.7755,36.8107],[25.7766,36.8111],[25.7772,36.813],[25.7786,36.8146],[25.7807,36.8162],[25.7839,36.8172],[25.7849,36.8195],[25.7932,36.8238],[25.7965,36.8224],[25.7995,36.8205],[25.8005,36.8204],[25.8008,36.8193],[25.8026,36.8177],[25.8036,36.8183],[25.8057,36.8186],[25.8109,36.8181],[25.812,36.8183],[25.812,36.8172],[25.8141,36.8158],[25.8172,36.8169],[25.8178,36.8161],[25.8193,36.8159],[25.8214,36.8141],[25.8245,36.8132],[25.8276,36.8129],[25.8318,36.8139],[25.8349,36.8156],[25.8359,36.8173],[25.837,36.8168],[25.838,36.8174],[25.8407,36.8172],[25.8438,36.8224],[25.8422,36.8234],[25.8436,36.8245],[25.8415,36.8255],[25.8399,36.8276],[25.838,36.8279],[25.8359,36.8273],[25.8363,36.8286],[25.8352,36.8307],[25.8352,36.8318],[25.8332,36.8328],[25.8332,36.8339],[25.8339,36.8349],[25.8333,36.8359],[25.8352,36.837],[25.8365,36.8401],[25.8378,36.8464],[25.8422,36.8514],[25.8461,36.8536],[25.8505,36.854],[25.8547,36.8557],[25.8609,36.8608],[25.8651,36.8612],[25.8745,36.864],[25.8755,36.8637],[25.8766,36.8643],[25.8776,36.8642],[25.8839,36.8673],[25.887,36.8675],[25.8892,36.8661],[25.8911,36.8683],[25.8922,36.8674],[25.8943,36.8675],[25.8995,36.8692],[25.903,36.8724],[25.9028,36.8734],[25.9016,36.8746],[25.8943,36.8734],[25.8901,36.8739],[25.8891,36.8731],[25.8883,36.8734],[25.8866,36.8755],[25.8861,36.8776],[25.8865,36.8818],[25.8859,36.8827],[25.8849,36.8828],[25.8834,36.8839],[25.8837,36.888],[25.8849,36.8901],[25.8859,36.8906],[25.8953,36.89],[25.8974,36.8902],[25.9016,36.8922],[25.9036,36.8925],[25.9099,36.8921],[25.913,36.8912],[25.9203,36.8901],[25.9234,36.8891],[25.9276,36.8886],[25.9305,36.8859],[25.9318,36.8859],[25.9339,36.8839],[25.9349,36.8839],[25.937,36.8815],[25.9401,36.8835],[25.9443,36.8837],[25.9464,36.8852],[25.9536,36.8931],[25.9578,36.8947],[25.9616,36.9016],[25.9604,36.9026],[25.9617,36.9036],[25.9589,36.9041],[25.9578,36.905],[25.9568,36.9042],[25.9554,36.9057],[25.9534,36.9068],[25.9522,36.9089],[25.9529,36.913],[25.9575,36.9193],[25.962,36.9224],[25.963,36.9224],[25.9645,36.9234],[25.9672,36.9274],[25.9682,36.9282],[25.9734,36.9304],[25.9786,36.9315],[25.9839,36.9317],[25.988,36.9311],[25.9901,36.9314],[25.9922,36.9321],[25.9964,36.9357],[25.9967,36.937],[25.9974,36.9377]],[[25.5716,36.9953],[25.5677,36.9891],[25.5667,36.9859],[25.5685,36.9828],[25.5686,36.9807],[25.5695,36.9797],[25.5672,36.9773],[25.5641,36.9753],[25.5633,36.9734],[25.5635,36.9724],[25.5628,36.9714],[25.5655,36.9682],[25.5629,36.9661],[25.5628,36.9651],[25.562,36.9647],[25.5606,36.962],[25.5589,36.9612],[25.5568,36.9592],[25.5547,36.9584],[25.5535,36.9568],[25.5516,36.9557],[25.5495,36.9522],[25.5474,36.9507],[25.5464,36.9506],[25.5443,36.9492],[25.538,36.9472],[25.5359,36.947],[25.5344,36.9484],[25.5339,36.9516],[25.5318,36.9516],[25.5315,36.9505],[25.5332,36.9495],[25.5321,36.9474],[25.5307,36.9463],[25.5286,36.9462],[25.5276,36.9453],[25.5255,36.9461],[25.5245,36.9471],[25.5234,36.9468],[25.513,36.9422],[25.5109,36.9421],[25.5009,36.938],[25.4981,36.9359],[25.4959,36.9328],[25.4943,36.932],[25.4911,36.9285],[25.487,36.926],[25.4849,36.9254],[25.4797,36.9248],[25.4776,36.9255],[25.4766,36.9253],[25.4755,36.9267],[25.4745,36.9269],[25.4734,36.9254],[25.4724,36.9275],[25.4703,36.9263],[25.4682,36.9258],[25.4661,36.9268],[25.4651,36.9266],[25.4649,36.9255],[25.4665,36.9245],[25.4651,36.9238],[25.463,36.9191],[25.4516,36.9131],[25.4495,36.9129],[25.4464,36.9117],[25.445,36.912],[25.4443,36.9131],[25.4432,36.9129],[25.4411,36.9137],[25.4401,36.9146],[25.4359,36.9159],[25.4318,36.9193],[25.4307,36.9193],[25.4297,36.9203],[25.4297,36.922],[25.4285,36.9266],[25.4276,36.9277],[25.425,36.9286],[25.4234,36.9286],[25.4224,36.9297],[25.4237,36.9307],[25.4224,36.9307],[25.4214,36.9318],[25.4224,36.9328],[25.421,36.9391],[25.4214,36.9404],[25.4227,36.9422],[25.4222,36.9432],[25.4225,36.9453],[25.422,36.9484],[25.4203,36.9531],[25.4193,36.9539],[25.4182,36.9536],[25.4157,36.9557],[25.4157,36.9578],[25.4147,36.9589],[25.4147,36.9599],[25.412,36.9629],[25.4078,36.9658],[25.4036,36.9671],[25.4016,36.9686],[25.3984,36.9696],[25.3953,36.9698],[25.3859,36.9724],[25.3847,36.9724],[25.3818,36.9704],[25.3808,36.9714],[25.3821,36.9724],[25.3818,36.9734],[25.3802,36.9745],[25.3795,36.9766],[25.3773,36.9776],[25.3736,36.9849],[25.3724,36.9853],[25.3721,36.9859],[25.3719,36.987],[25.3726,36.9891],[25.3745,36.9911],[25.3755,36.9912],[25.3763,36.9932],[25.3756,36.9964]],[[25.2516,36.9984],[25.2491,36.9984],[25.2484,36.9953],[25.2488,36.9932],[25.2483,36.9911],[25.2485,36.988],[25.2474,36.9859],[25.246,36.9849],[25.2432,36.9843],[25.2328,36.9842],[25.2307,36.9865],[25.2276,36.9866],[25.2266,36.9878],[25.2255,36.9878],[25.2242,36.987],[25.2224,36.9844],[25.2193,36.9827],[25.2183,36.9839],[25.2172,36.9836],[25.2161,36.9848],[25.215,36.9849],[25.2141,36.9857],[25.2089,36.9848],[25.2084,36.9839],[25.2068,36.9827],[25.2026,36.9807],[25.2016,36.9808],[25.1984,36.9786],[25.1901,36.9753],[25.188,36.9736],[25.1849,36.9731],[25.1828,36.9719],[25.1807,36.9714],[25.1797,36.9716],[25.1776,36.9711],[25.1734,36.9718],[25.1724,36.9716],[25.1703,36.9738],[25.1672,36.9749],[25.1623,36.9755],[25.1609,36.9776],[25.1578,36.9782],[25.1568,36.9794],[25.1526,36.9792],[25.1516,36.9784],[25.1484,36.9783],[25.1474,36.9775],[25.1464,36.9785],[25.1453,36.981],[25.1435,36.9797],[25.1432,36.9785],[25.1419,36.9786],[25.1401,36.9806],[25.137,36.9812],[25.1349,36.9809],[25.1339,36.9801],[25.1328,36.9801],[25.1307,36.9785],[25.1286,36.978],[25.1272,36.9766],[25.1277,36.9755],[25.1308,36.9755],[25.1303,36.9745],[25.1305,36.9693],[25.1297,36.9672],[25.1276,36.9649],[25.1245,36.963],[25.1193,36.9619],[25.1161,36.9625],[25.1141,36.9635],[25.1127,36.9651],[25.1125,36.9672],[25.1099,36.9688],[25.1089,36.9691],[25.1047,36.9682],[25.1026,36.9697],[25.1016,36.9699],[25.1008,36.9693],[25.0998,36.9693],[25.1003,36.9703],[25.0995,36.9712],[25.0982,36.9703],[25.0975,36.9714],[25.0979,36.9724],[25.0995,36.9733],[25.1017,36.9734],[25.1015,36.9745],[25.1005,36.9752],[25.0964,36.9751],[25.0943,36.9733],[25.0928,36.9734],[25.0901,36.9754],[25.0879,36.9755],[25.0891,36.9761],[25.0901,36.9757],[25.0908,36.9766],[25.0901,36.9783],[25.0891,36.9777],[25.088,36.978],[25.087,36.9772],[25.0859,36.9775],[25.0849,36.9763],[25.0839,36.9766],[25.0828,36.9777],[25.0823,36.9766],[25.0807,36.9768],[25.0786,36.9754],[25.0766,36.977],[25.0755,36.976],[25.0745,36.9767],[25.0726,36.9745],[25.0728,36.9734],[25.072,36.9724],[25.0745,36.9715],[25.0755,36.9715],[25.0766,36.9726],[25.0774,36.9724],[25.0768,36.9714],[25.0778,36.9703],[25.0769,36.9682],[25.0776,36.9672],[25.0772,36.9661],[25.0778,36.9641],[25.0771,36.962],[25.0774,36.9599],[25.0828,36.9635],[25.0842,36.962],[25.0842,36.9599],[25.0839,36.9589],[25.0813,36.9568],[25.0806,36.9557],[25.0807,36.9547],[25.0797,36.9543],[25.0784,36.9526],[25.0786,36.9516],[25.0776,36.9505],[25.0769,36.9505],[25.0768,36.9484],[25.0777,36.9474],[25.0774,36.9432],[25.0766,36.9424],[25.0745,36.9423],[25.0737,36.9411],[25.0733,36.938],[25.0745,36.937],[25.0745,36.9359],[25.0734,36.9349],[25.0703,36.935],[25.0695,36.9359],[25.0693,36.9375],[25.0682,36.9381],[25.0661,36.9374],[25.064,36.938],[25.063,36.9411],[25.062,36.9426],[25.0618,36.9443],[25.0605,36.9453],[25.0606,36.9464],[25.0589,36.9482],[25.0568,36.9477],[25.0557,36.9486],[25.0547,36.9482],[25.0526,36.9485],[25.052,36.9495],[25.0522,36.9516],[25.0516,36.9523],[25.0495,36.9521],[25.0484,36.9513],[25.0464,36.9531],[25.0453,36.9523],[25.0453,36.9531],[25.046,36.9536],[25.0453,36.9548],[25.0443,36.9546],[25.0445,36.9557],[25.0432,36.9573],[25.0422,36.9573],[25.0391,36.9587],[25.037,36.9582],[25.0359,36.9594],[25.0349,36.959],[25.0328,36.9596],[25.031,36.9568],[25.0311,36.9557],[25.0303,36.9547],[25.031,36.9536],[25.0293,36.9536],[25.0292,36.9526],[25.0301,36.9516],[25.0276,36.9492],[25.0266,36.9489],[25.0255,36.9493],[25.0234,36.9483],[25.0224,36.9487],[25.0078,36.9487],[25.0068,36.9482],[25.0047,36.9481],[25.0026,36.9489],[25.0005,36.9482]],[[25.6276,36.9743],[25.6276,36.9746],[25.6283,36.9745]],[[25.3797,36.9708],[25.3776,36.9724],[25.3774,36.9734],[25.3786,36.9728],[25.3797,36.973],[25.3806,36.9714]],[[25.6328,36.9712],[25.6318,36.9708],[25.6313,36.9714],[25.6313,36.9724],[25.6323,36.9734],[25.6326,36.9745],[25.6318,36.9755],[25.6307,36.9736],[25.6304,36.9745],[25.6324,36.9766],[25.6297,36.9782],[25.6286,36.9776],[25.6274,36.9786],[25.6283,36.9797],[25.6297,36.9891],[25.6316,36.9911],[25.6349,36.9923],[25.6391,36.9929],[25.6422,36.992],[25.6435,36.9911],[25.6453,36.988],[25.6456,36.9849],[25.645,36.9828],[25.6422,36.9804],[25.6391,36.9801],[25.6338,36.9786],[25.635,36.9766],[25.6339,36.977],[25.6335,36.9766],[25.6332,36.9755],[25.6343,36.9734],[25.6341,36.9724]],[[25.6286,36.9669],[25.6278,36.9672],[25.6286,36.9677]],[[25.0839,36.9642],[25.0823,36.9651],[25.0837,36.9661],[25.0839,36.9677],[25.0842,36.9672]],[[25.412,36.9584],[25.4116,36.9589],[25.412,36.9592],[25.4123,36.9589]],[[25.2599,36.9577],[25.2589,36.9588],[25.2588,36.9599],[25.2599,36.9612],[25.2609,36.9606],[25.262,36.961],[25.2638,36.9589]],[[25.6276,36.9564],[25.6262,36.9568],[25.6282,36.9578],[25.6286,36.9599],[25.6285,36.9641],[25.6295,36.9641],[25.6308,36.963],[25.6309,36.962],[25.6299,36.9609],[25.6309,36.9599],[25.6302,36.9599],[25.6297,36.9606],[25.6287,36.9599],[25.6287,36.9578]],[[25.0411,36.9555],[25.0406,36.9557],[25.0411,36.9564],[25.0421,36.9557]],[[25.6255,36.954],[25.6255,36.9552],[25.6265,36.9547]],[[25.6276,36.9531],[25.6272,36.9536],[25.6276,36.9538]],[[25.412,36.9525],[25.4099,36.9517],[25.4089,36.9529],[25.4078,36.9531],[25.4071,36.9547],[25.4089,36.9561],[25.4099,36.9556],[25.4109,36.9563],[25.412,36.9563],[25.4132,36.9557],[25.4141,36.9547]],[[25.5703,36.8932],[25.5693,36.8943],[25.5703,36.8958],[25.5693,36.8961],[25.5682,36.8962],[25.5651,36.8943],[25.5641,36.8943],[25.5609,36.8961],[25.5589,36.8949],[25.5578,36.8949],[25.5516,36.8968],[25.5501,36.8984],[25.5503,36.8995],[25.5494,36.9016],[25.5495,36.9043],[25.5516,36.906],[25.5536,36.9059],[25.5547,36.9073],[25.5581,36.9099],[25.5607,36.9109],[25.5609,36.9115],[25.5672,36.9151],[25.5667,36.9161],[25.5676,36.9172],[25.5714,36.9186],[25.5745,36.9192],[25.5755,36.9189],[25.5786,36.9206],[25.5797,36.9206],[25.5807,36.9221],[25.5836,36.9224],[25.5836,36.9234],[25.5824,36.9245],[25.5832,36.9255],[25.5828,36.9276],[25.5807,36.9295],[25.5797,36.9284],[25.5792,36.9286],[25.5806,36.9297],[25.5789,36.9307],[25.5786,36.9318],[25.5802,36.9339],[25.5798,36.9349],[25.5807,36.9358],[25.5818,36.9356],[25.5821,36.9359],[25.5828,36.9398],[25.5837,36.9422],[25.5846,36.9432],[25.5859,36.9441],[25.587,36.9438],[25.588,36.9451],[25.5887,36.9453],[25.5884,36.9464],[25.5901,36.9479],[25.5911,36.9473],[25.5909,36.9495],[25.5932,36.9519],[25.5943,36.9525],[25.5955,36.9526],[25.5956,36.9536],[25.5964,36.9545],[25.5974,36.9543],[25.5984,36.9551],[25.6047,36.9559],[25.6068,36.9557],[25.6089,36.9562],[25.6099,36.9558],[25.6109,36.9566],[25.612,36.9559],[25.613,36.9562],[25.6151,36.9558],[25.6161,36.955],[25.6172,36.9561],[25.6182,36.956],[25.6193,36.9547],[25.6198,36.9526],[25.6203,36.9523],[25.6234,36.9523],[25.6245,36.9514],[25.6276,36.9515],[25.6286,36.9519],[25.631,36.9484],[25.6299,36.9443],[25.63,36.9401],[25.6282,36.938],[25.6268,36.9349],[25.6268,36.9339],[25.6277,36.9328],[25.6266,36.9315],[25.6255,36.932],[25.6245,36.9305],[25.6234,36.9312],[25.6199,36.9286],[25.6196,36.9266],[25.6205,36.9245],[25.6202,36.9234],[25.6193,36.9226],[25.6182,36.9225],[25.6172,36.9212],[25.6161,36.9212],[25.613,36.9232],[25.612,36.9234],[25.6109,36.9234],[25.6092,36.9224],[25.6097,36.9214],[25.6089,36.921],[25.6081,36.9193],[25.6086,36.9182],[25.6086,36.9151],[25.6068,36.913],[25.6068,36.912],[25.6057,36.9103],[25.6047,36.9099],[25.6026,36.9112],[25.6005,36.9116],[25.5964,36.9089],[25.5953,36.9088],[25.5943,36.9094],[25.5859,36.9082],[25.5818,36.907],[25.5768,36.9016],[25.5773,36.9005],[25.5786,36.8995],[25.5786,36.8984],[25.5776,36.8974],[25.5755,36.8968],[25.5734,36.8943],[25.5714,36.8943]],[[25.6266,36.8567],[25.6234,36.8563],[25.6193,36.8575],[25.6189,36.8589],[25.6176,36.8599],[25.6175,36.8609],[25.6164,36.862],[25.6163,36.8651],[25.6173,36.8682],[25.615,36.8703],[25.6162,36.8724],[25.6151,36.8739],[25.612,36.8729],[25.6047,36.8746],[25.6036,36.8743],[25.6026,36.8746],[25.6022,36.8755],[25.6026,36.8767],[25.601,36.8797],[25.5997,36.8807],[25.5997,36.8818],[25.6003,36.8828],[25.5994,36.8839],[25.6,36.8849],[25.5997,36.8859],[25.6016,36.8879],[25.6042,36.8891],[25.6096,36.8943],[25.6161,36.8974],[25.6276,36.898],[25.6318,36.9004],[25.6339,36.9009],[25.6357,36.9036],[25.6381,36.9047],[25.639,36.9057],[25.639,36.9068],[25.6401,36.9078],[25.6401,36.9094],[25.6422,36.9113],[25.6433,36.9109],[25.6464,36.9123],[25.6474,36.9122],[25.6516,36.9105],[25.6568,36.9094],[25.6589,36.9098],[25.662,36.9077],[25.6661,36.9082],[25.6745,36.9044],[25.6768,36.9026],[25.6793,36.8984],[25.6797,36.8932],[25.6792,36.8911],[25.6797,36.8907],[25.681,36.8922],[25.6831,36.8932],[25.6835,36.8922],[25.6854,36.8911],[25.687,36.8891],[25.688,36.8867],[25.6932,36.8828],[25.6944,36.8807],[25.6947,36.8776],[25.6941,36.8755],[25.6902,36.8724],[25.6907,36.8714],[25.6902,36.8703],[25.6891,36.8704],[25.6881,36.8693],[25.687,36.8698],[25.6849,36.8687],[25.6818,36.8687],[25.6797,36.8702],[25.6724,36.8704],[25.6672,36.8716],[25.6661,36.871],[25.6651,36.8713],[25.663,36.8707],[25.6578,36.8713],[25.6516,36.8696],[25.6453,36.8688],[25.6422,36.8665],[25.6411,36.8663],[25.6415,36.8651],[25.6411,36.8648],[25.6401,36.8653],[25.6388,36.8651],[25.6394,36.8641],[25.6391,36.8638],[25.638,36.8648],[25.6359,36.8644],[25.6339,36.8647],[25.6312,36.8661],[25.6306,36.8682],[25.6306,36.8703],[25.6286,36.8719],[25.6277,36.8693],[25.6276,36.8651],[25.628,36.8641],[25.6274,36.862],[25.6287,36.8599],[25.6276,36.8594]],[[25.6714,36.8303],[25.6703,36.8304],[25.6693,36.8297],[25.6682,36.8306],[25.6672,36.8307],[25.665,36.8318],[25.6633,36.8349],[25.662,36.8358],[25.6607,36.838],[25.6589,36.8396],[25.6553,36.8401],[25.6563,36.8411],[25.6547,36.8422],[25.6544,36.8411],[25.6536,36.841],[25.6511,36.8422],[25.6516,36.8448],[25.6526,36.8458],[25.6557,36.8469],[25.6599,36.8496],[25.6661,36.8499],[25.6672,36.8492],[25.6734,36.8514],[25.6807,36.8523],[25.6839,36.852],[25.687,36.8541],[25.688,36.8533],[25.6881,36.8547],[25.6891,36.8555],[25.6911,36.8553],[25.6915,36.8547],[25.6911,36.8536],[25.6922,36.8536],[25.6935,36.8526],[25.6943,36.8505],[25.6945,36.8484],[25.6953,36.8473],[25.6955,36.8443],[25.6961,36.8432],[25.696,36.8422],[25.6953,36.8413],[25.6911,36.8377],[25.6891,36.837],[25.687,36.8377],[25.6859,36.8373],[25.6849,36.8383],[25.6839,36.8381],[25.6807,36.8386],[25.6758,36.8349],[25.6745,36.8329],[25.6734,36.8327],[25.6733,36.8318]],[[25.5266,36.8295],[25.523,36.8297],[25.5219,36.8307],[25.5165,36.8339],[25.5156,36.8349],[25.5139,36.8432],[25.5117,36.8464],[25.512,36.8475],[25.513,36.8483],[25.5141,36.848],[25.5151,36.8512],[25.5171,36.8536],[25.5175,36.8557],[25.5169,36.8568],[25.5156,36.8578],[25.5151,36.8589],[25.5141,36.8592],[25.513,36.8611],[25.512,36.8619],[25.5109,36.8618],[25.5089,36.8628],[25.5083,36.8641],[25.5087,36.8651],[25.5078,36.8659],[25.5036,36.864],[25.5033,36.8651],[25.5005,36.8646],[25.4984,36.8666],[25.4981,36.8672],[25.4985,36.8682],[25.4964,36.8703],[25.4964,36.8731],[25.4951,36.8734],[25.4974,36.8762],[25.4984,36.8755],[25.4986,36.8766],[25.4974,36.877],[25.4972,36.8776],[25.5022,36.8818],[25.5025,36.8828],[25.5036,36.8843],[25.5077,36.887],[25.5085,36.8891],[25.5099,36.8903],[25.5151,36.8904],[25.5172,36.8936],[25.5203,36.8936],[25.5224,36.8943],[25.5234,36.8953],[25.5255,36.8951],[25.5266,36.8944],[25.5276,36.8945],[25.5292,36.8932],[25.529,36.8922],[25.5297,36.8914],[25.5324,36.8901],[25.5328,36.8894],[25.5349,36.8904],[25.538,36.8902],[25.5411,36.892],[25.5453,36.8901],[25.5454,36.887],[25.5433,36.8849],[25.5411,36.8838],[25.5401,36.8844],[25.538,36.8833],[25.5359,36.8839],[25.5347,36.8828],[25.5349,36.8824],[25.5359,36.8825],[25.5364,36.8818],[25.5357,36.8797],[25.5381,36.8766],[25.5371,36.8755],[25.5384,36.8745],[25.5382,36.8734],[25.5401,36.8725],[25.5404,36.8714],[25.5418,36.8714],[25.5417,36.8724],[25.543,36.8734],[25.5453,36.8737],[25.5484,36.8725],[25.5492,36.8714],[25.5499,36.8693],[25.5493,36.8661],[25.55,36.8641],[25.5498,36.8609],[25.5505,36.8603],[25.5516,36.8605],[25.5519,36.8599],[25.5516,36.8589],[25.5541,36.8547],[25.5536,36.8532],[25.5505,36.8519],[25.5495,36.8506],[25.5464,36.849],[25.5432,36.8487],[25.5411,36.8477],[25.5349,36.846],[25.5343,36.8464],[25.5345,36.8474],[25.5332,36.8474],[25.5328,36.8464],[25.5335,36.8453],[25.5324,36.8443],[25.5323,36.8432],[25.5333,36.8422],[25.5317,36.8391],[25.5321,36.838],[25.5316,36.837],[25.5316,36.8349],[25.5296,36.8318]],[[25.3974,36.8221],[25.3964,36.8218],[25.3943,36.8223],[25.3932,36.8229],[25.3922,36.8245],[25.3919,36.8266],[25.3925,36.8286],[25.3943,36.8302],[25.3974,36.8299],[25.3984,36.8292],[25.3986,36.8234]],[[25.8411,36.8222],[25.84,36.8224],[25.8411,36.8225]],[[25.912,36.8151],[25.9109,36.8159],[25.9099,36.8151],[25.9089,36.8161],[25.9089,36.8182],[25.9099,36.8193],[25.913,36.8161]],[[25.4536,36.8138],[25.4516,36.814],[25.4495,36.8154],[25.4484,36.8148],[25.4471,36.8161],[25.4464,36.8178],[25.4453,36.8168],[25.4432,36.8167],[25.4401,36.8175],[25.4391,36.8188],[25.4349,36.8189],[25.4318,36.8197],[25.4297,36.8197],[25.4255,36.8181],[25.4232,36.8193],[25.4224,36.8202],[25.4214,36.8198],[25.42,36.8203],[25.4201,36.8224],[25.4144,36.8255],[25.4154,36.8266],[25.413,36.8275],[25.412,36.8271],[25.4116,36.8255],[25.4109,36.8253],[25.4057,36.8251],[25.4044,36.8266],[25.4049,36.8276],[25.4051,36.8297],[25.4068,36.8317],[25.412,36.8333],[25.4182,36.8389],[25.4224,36.84],[25.4245,36.8414],[25.4256,36.8443],[25.4256,36.8474],[25.4297,36.8512],[25.4317,36.8536],[25.4321,36.8547],[25.4315,36.8557],[25.433,36.8578],[25.4339,36.8582],[25.4347,36.8578],[25.4349,36.857],[25.4354,36.8578],[25.4391,36.8593],[25.4411,36.861],[25.4422,36.8608],[25.4464,36.8618],[25.4516,36.862],[25.4532,36.863],[25.4559,36.8661],[25.4586,36.8682],[25.4597,36.8724],[25.4609,36.8743],[25.462,36.8743],[25.463,36.8754],[25.4651,36.8761],[25.4672,36.8763],[25.4682,36.8771],[25.4724,36.8774],[25.4755,36.8769],[25.4763,36.8755],[25.4786,36.875],[25.481,36.8703],[25.4804,36.8693],[25.479,36.863],[25.4781,36.8609],[25.4786,36.86],[25.4797,36.8589],[25.4828,36.859],[25.4839,36.8599],[25.4837,36.8589],[25.4849,36.8588],[25.485,36.8599],[25.4859,36.8612],[25.487,36.8616],[25.4891,36.861],[25.4889,36.8599],[25.4904,36.8589],[25.4911,36.8547],[25.4917,36.8536],[25.4911,36.8505],[25.4894,36.8484],[25.4879,36.8453],[25.4885,36.8443],[25.4868,36.8391],[25.4851,36.8297],[25.4833,36.8266],[25.4786,36.8223],[25.4766,36.8212],[25.4703,36.8206],[25.4661,36.8208],[25.4641,36.8205],[25.462,36.8184],[25.4614,36.8172],[25.4578,36.8151],[25.4568,36.8153],[25.4557,36.8143]],[[25.5568,36.7033],[25.5547,36.7035],[25.5537,36.7047],[25.5536,36.7057],[25.5543,36.7068],[25.5557,36.7072],[25.5568,36.707],[25.5578,36.706],[25.558,36.7047]],[[25.3599,36.6369],[25.3557,36.6363],[25.3536,36.6374],[25.3509,36.638],[25.3474,36.6422],[25.3465,36.6453],[25.3441,36.6495],[25.3432,36.6497],[25.3422,36.6489],[25.3411,36.6489],[25.3391,36.6495],[25.338,36.6485],[25.3359,36.6476],[25.3352,36.6484],[25.3352,36.6495],[25.336,36.6505],[25.3353,36.6516],[25.3365,36.6557],[25.3362,36.6568],[25.3349,36.6587],[25.3307,36.6615],[25.3297,36.6611],[25.3286,36.6616],[25.3266,36.6615],[25.3245,36.6592],[25.3233,36.6589],[25.3224,36.6603],[25.3203,36.6622],[25.3196,36.6641],[25.3198,36.6651],[25.3191,36.6672],[25.321,36.6693],[25.3212,36.6703],[25.3193,36.6721],[25.3161,36.6721],[25.3172,36.6745],[25.3161,36.6761],[25.313,36.6764],[25.3109,36.6773],[25.3089,36.6756],[25.3068,36.6768],[25.3054,36.6786],[25.3046,36.6807],[25.3061,36.6839],[25.3076,36.6849],[25.3076,36.6859],[25.3057,36.6864],[25.3036,36.6861],[25.3016,36.6868],[25.3005,36.6858],[25.3002,36.6859],[25.3005,36.6876],[25.3016,36.6876],[25.3017,36.688],[25.3026,36.6884],[25.3025,36.6901],[25.3008,36.6901],[25.3005,36.6897],[25.2995,36.6902],[25.2962,36.6891],[25.2958,36.6901],[25.2963,36.6922],[25.2957,36.6932],[25.2968,36.6953],[25.2953,36.6972],[25.2932,36.6967],[25.2911,36.6978],[25.2901,36.6971],[25.2897,36.6974],[25.289,36.6984],[25.2897,36.6995],[25.2891,36.7012],[25.2869,36.7005],[25.2875,36.7026],[25.2885,36.7036],[25.2871,36.7057],[25.2849,36.7061],[25.2839,36.7058],[25.2828,36.7067],[25.2819,36.7057],[25.2807,36.7059],[25.2776,36.7043],[25.2766,36.7042],[25.2755,36.7059],[25.2743,36.7057],[25.2735,36.7089],[25.2714,36.7103],[25.2703,36.7096],[25.2682,36.7099],[25.2661,36.7093],[25.2651,36.7097],[25.2599,36.7094],[25.2568,36.7084],[25.2545,36.7099],[25.255,36.7109],[25.2547,36.713],[25.2536,36.7138],[25.2505,36.7143],[25.2474,36.7136],[25.2453,36.7118],[25.2443,36.7116],[25.2391,36.7142],[25.2378,36.7141],[25.2372,36.7151],[25.2373,36.7203],[25.239,36.7245],[25.2429,36.7286],[25.2431,36.7297],[25.2453,36.7328],[25.2484,36.7349],[25.2511,36.738],[25.2514,36.7391],[25.2509,36.7411],[25.2483,36.7443],[25.248,36.7474],[25.2493,36.7495],[25.2491,36.7505],[25.252,36.7536],[25.2514,36.7547],[25.2525,36.7557],[25.2522,36.7568],[25.2572,36.762],[25.2557,36.7621],[25.2553,36.763],[25.2568,36.766],[25.2581,36.7672],[25.2568,36.7691],[25.2568,36.7703],[25.2589,36.7726],[25.2609,36.7723],[25.263,36.7741],[25.263,36.7766],[25.2672,36.782],[25.2682,36.7849],[25.2676,36.7859],[25.2724,36.7908],[25.2734,36.7914],[25.2745,36.7912],[25.2766,36.7917],[25.2786,36.7939],[25.2818,36.7947],[25.2828,36.7935],[25.2859,36.7938],[25.287,36.7927],[25.2922,36.7914],[25.2943,36.7924],[25.2962,36.7922],[25.2974,36.7935],[25.2984,36.793],[25.2994,36.7932],[25.2989,36.7943],[25.2995,36.7949],[25.3026,36.7945],[25.3057,36.796],[25.3109,36.8017],[25.312,36.8013],[25.313,36.8019],[25.3155,36.7984],[25.3132,36.7932],[25.313,36.7911],[25.3141,36.7899],[25.3145,36.788],[25.3193,36.784],[25.3234,36.7819],[25.3266,36.7793],[25.3286,36.7811],[25.3293,36.7807],[25.3293,36.7797],[25.3307,36.7785],[25.3328,36.7797],[25.3324,36.7776],[25.3338,36.7755],[25.3331,36.7745],[25.336,36.7745],[25.3381,36.7724],[25.3411,36.7672],[25.3395,36.763],[25.3394,36.762],[25.3401,36.7612],[25.3412,36.7609],[25.341,36.7599],[25.3443,36.7591],[25.3453,36.7596],[25.3516,36.7559],[25.3544,36.7516],[25.3557,36.7485],[25.3568,36.748],[25.3589,36.748],[25.3592,36.7484],[25.3595,36.7495],[25.3573,36.7516],[25.3578,36.753],[25.3588,36.7536],[25.3589,36.7547],[25.3599,36.7546],[25.3609,36.7555],[25.363,36.7561],[25.3693,36.7561],[25.3705,36.7536],[25.3707,36.7526],[25.3701,36.7505],[25.3708,36.7495],[25.3697,36.7484],[25.3697,36.7474],[25.3682,36.7454],[25.3661,36.7433],[25.3661,36.7416],[25.3703,36.7392],[25.3719,36.737],[25.3745,36.7368],[25.3755,36.7358],[25.3766,36.7359],[25.3776,36.7348],[25.378,36.7349],[25.3781,36.7359],[25.3786,36.7363],[25.3797,36.735],[25.3807,36.7355],[25.3818,36.7369],[25.3828,36.737],[25.3842,36.7359],[25.3853,36.7339],[25.387,36.7339],[25.3891,36.7328],[25.3911,36.7292],[25.3964,36.7273],[25.3974,36.7277],[25.3984,36.7273],[25.3995,36.7281],[25.3999,36.7276],[25.3995,36.7266],[25.4005,36.7264],[25.4014,36.7255],[25.3998,36.7224],[25.4005,36.7206],[25.4016,36.7212],[25.4036,36.7186],[25.4047,36.7182],[25.4057,36.718],[25.4068,36.719],[25.4083,36.7182],[25.4089,36.7109],[25.4082,36.7089],[25.4068,36.7069],[25.4055,36.7057],[25.4026,36.7043],[25.4016,36.7042],[25.4005,36.7051],[25.3984,36.705],[25.3974,36.7058],[25.3964,36.7051],[25.3953,36.7062],[25.3928,36.7036],[25.394,36.7016],[25.3931,36.7005],[25.3922,36.698],[25.3888,36.6964],[25.39,36.6953],[25.3906,36.6932],[25.3922,36.6933],[25.3943,36.6922],[25.3929,36.6911],[25.3939,36.6901],[25.3945,36.687],[25.3942,36.6859],[25.3932,36.6829],[25.3902,36.6797],[25.3902,36.6786],[25.3911,36.6779],[25.3922,36.6778],[25.3932,36.6784],[25.3943,36.6755],[25.3964,36.675],[25.3974,36.6742],[25.3985,36.6724],[25.399,36.6693],[25.3989,36.6682],[25.3974,36.6653],[25.3957,36.6641],[25.3954,36.662],[25.3961,36.6599],[25.3951,36.6568],[25.3943,36.6557],[25.3943,36.6547],[25.393,36.6526],[25.3924,36.6464],[25.3901,36.6443],[25.387,36.6433],[25.3841,36.6443],[25.3834,36.6464],[25.3828,36.6465],[25.3818,36.6458],[25.3814,36.6464],[25.3818,36.6478],[25.3776,36.6472],[25.3736,36.6474],[25.3714,36.6481],[25.3702,36.6474],[25.3705,36.6464],[25.3693,36.6453],[25.3682,36.6422]],[[25.0578,36.6256],[25.0568,36.6256],[25.0536,36.6268],[25.0484,36.6299],[25.0477,36.6307],[25.0474,36.6325],[25.0464,36.6315],[25.0453,36.6328],[25.0461,36.6339],[25.0461,36.6349],[25.048,36.6359],[25.0495,36.6358],[25.0526,36.6369],[25.0547,36.6363],[25.0568,36.637],[25.0579,36.6411],[25.0598,36.6453],[25.062,36.6471],[25.063,36.6471],[25.0648,36.6484],[25.0644,36.6516],[25.0672,36.6567],[25.0763,36.6672],[25.0805,36.6703],[25.0818,36.6707],[25.0842,36.6745],[25.0852,36.6786],[25.0822,36.6839],[25.0834,36.687],[25.088,36.6891],[25.0932,36.6951],[25.0995,36.6984],[25.1089,36.7008],[25.113,36.7034],[25.1182,36.7041],[25.1272,36.7099],[25.1339,36.7157],[25.137,36.717],[25.1422,36.7167],[25.1495,36.7176],[25.1516,36.7166],[25.1547,36.719],[25.1557,36.7192],[25.1609,36.7188],[25.1661,36.7205],[25.1703,36.7191],[25.1776,36.7207],[25.1797,36.7208],[25.1818,36.7217],[25.1836,36.7214],[25.1872,36.7182],[25.1882,36.7161],[25.1879,36.7151],[25.1887,36.713],[25.1888,36.7089],[25.1879,36.7068],[25.1882,36.7057],[25.1875,36.7047],[25.1875,36.7016],[25.1866,36.7005],[25.1853,36.6953],[25.1846,36.6943],[25.1807,36.6934],[25.1786,36.6917],[25.1784,36.6901],[25.1755,36.6859],[25.1682,36.6825],[25.1672,36.6828],[25.1656,36.6818],[25.1651,36.6807],[25.1641,36.681],[25.1639,36.6797],[25.1624,36.6786],[25.1623,36.6766],[25.1598,36.6745],[25.1595,36.6734],[25.1578,36.6717],[25.1505,36.6684],[25.1484,36.668],[25.1443,36.6681],[25.1432,36.6651],[25.1421,36.6641],[25.1421,36.663],[25.141,36.662],[25.1411,36.6609],[25.1401,36.6605],[25.1378,36.6578],[25.1375,36.6568],[25.1359,36.6562],[25.1349,36.6552],[25.1339,36.655],[25.1328,36.654],[25.1307,36.6542],[25.1266,36.6527],[25.1255,36.655],[25.1245,36.6558],[25.124,36.6547],[25.1244,36.6536],[25.124,36.6516],[25.1224,36.6491],[25.1182,36.6473],[25.1161,36.6486],[25.113,36.6473],[25.112,36.6474],[25.1078,36.6439],[25.1057,36.6435],[25.1036,36.642],[25.0995,36.6419],[25.0995,36.6401],[25.0974,36.6385],[25.0964,36.6388],[25.0953,36.638],[25.0932,36.6382],[25.0911,36.6378],[25.0901,36.6386],[25.088,36.6378],[25.0836,36.6328],[25.0818,36.6314],[25.0766,36.6305],[25.0724,36.6304],[25.0703,36.6289],[25.0682,36.6282],[25.0672,36.6283],[25.0663,36.6307],[25.0651,36.6318],[25.063,36.6324],[25.062,36.6322],[25.0601,36.6286]],[[25.0151,36.6203],[25.013,36.62],[25.0109,36.6203],[25.0099,36.6212],[25.0077,36.6214],[25.0055,36.6234],[25.0045,36.6255],[25.0043,36.6286],[25.0047,36.6298],[25.0068,36.6314],[25.0109,36.6328],[25.0149,36.6349],[25.0174,36.638],[25.0193,36.6393],[25.0224,36.6394],[25.0266,36.6384],[25.0297,36.6359],[25.0318,36.6359],[25.0328,36.6349],[25.0328,36.6339],[25.0314,36.6318],[25.0328,36.6307],[25.0318,36.6292],[25.0307,36.6286],[25.0295,36.6286],[25.0276,36.6258],[25.0242,36.6234],[25.0193,36.6223]],[[25.687,36.6158],[25.6828,36.616],[25.6807,36.6172],[25.6797,36.6173],[25.6776,36.619],[25.6766,36.6192],[25.6749,36.6214],[25.6755,36.6241],[25.6714,36.6261],[25.6701,36.6276],[25.6703,36.6318],[25.6714,36.6328],[25.6807,36.633],[25.6839,36.6314],[25.6891,36.6309],[25.6922,36.6284],[25.6943,36.6276],[25.6984,36.6225],[25.6984,36.6198],[25.6974,36.6188],[25.6964,36.6186],[25.6906,36.6182]],[[25.387,36.3912],[25.3859,36.392],[25.3839,36.392],[25.3828,36.3912],[25.3818,36.392],[25.3807,36.392],[25.3797,36.3947],[25.3787,36.3953],[25.3766,36.3952],[25.3761,36.3964],[25.3734,36.3964],[25.3714,36.3984],[25.3734,36.4005],[25.3745,36.4005],[25.3755,36.4016],[25.3781,36.4016],[25.3786,36.4027],[25.3797,36.402],[25.3839,36.4019],[25.3854,36.4036],[25.3859,36.4052],[25.3859,36.4068],[25.387,36.4092],[25.387,36.412],[25.3911,36.4161],[25.3922,36.4161],[25.3943,36.413],[25.3974,36.413],[25.3984,36.4141],[25.3995,36.4141],[25.4005,36.413],[25.4026,36.413],[25.4039,36.412],[25.4047,36.412],[25.4057,36.412],[25.4068,36.413],[25.4078,36.412],[25.4089,36.412],[25.4101,36.4109],[25.4109,36.4109],[25.412,36.4099],[25.412,36.4068],[25.4109,36.4055],[25.4109,36.4026],[25.4099,36.4016],[25.4078,36.4016],[25.4078,36.3984],[25.4057,36.3953],[25.3986,36.3953],[25.3984,36.3943],[25.3974,36.3931],[25.3953,36.3932],[25.3943,36.3922],[25.3922,36.3941],[25.3911,36.3941],[25.3901,36.3932],[25.3891,36.3932]],[[25.4422,36.3171],[25.4339,36.3171],[25.4328,36.318],[25.4281,36.3182],[25.4255,36.3214],[25.4264,36.3224],[25.4234,36.3255],[25.4224,36.3254],[25.4214,36.3244],[25.4193,36.3263],[25.4173,36.3266],[25.4078,36.3357],[25.4068,36.3358],[25.4057,36.3349],[25.4055,36.337],[25.4036,36.3388],[25.4026,36.339],[25.4016,36.3399],[25.3964,36.3401],[25.3953,36.3409],[25.3943,36.341],[25.3799,36.3411],[25.3766,36.3432],[25.3724,36.3444],[25.3682,36.3463],[25.3651,36.3463],[25.362,36.3483],[25.3547,36.3484],[25.3536,36.3494],[25.3526,36.3494],[25.3525,36.3505],[25.3516,36.3514],[25.3494,36.3516],[25.3494,36.3536],[25.3482,36.3547],[25.3482,36.3578],[25.3474,36.359],[25.3443,36.3604],[25.3401,36.3611],[25.337,36.3625],[25.3349,36.3628],[25.3318,36.3649],[25.3297,36.365],[25.3297,36.3672],[25.3253,36.3714],[25.3255,36.372],[25.3266,36.3713],[25.3277,36.3724],[25.3269,36.3734],[25.3255,36.3738],[25.3251,36.3755],[25.3234,36.3772],[25.3224,36.3774],[25.3214,36.3782],[25.3193,36.3785],[25.3182,36.3795],[25.317,36.3828],[25.3179,36.3839],[25.3182,36.386],[25.3172,36.3873],[25.3141,36.3877],[25.3137,36.3901],[25.3128,36.3911],[25.3129,36.3932],[25.3137,36.3943],[25.3138,36.3995],[25.3138,36.4005],[25.3129,36.4016],[25.3127,36.4047],[25.3119,36.4057],[25.3118,36.413],[25.3125,36.4141],[25.3118,36.4151],[25.3119,36.4193],[25.3138,36.4224],[25.3138,36.4276],[25.3146,36.4286],[25.3149,36.4328],[25.3159,36.4339],[25.3161,36.4359],[25.317,36.437],[25.3171,36.4391],[25.3181,36.4401],[25.3181,36.4411],[25.3201,36.4432],[25.3202,36.4443],[25.3221,36.4464],[25.3223,36.4474],[25.3233,36.4484],[25.3234,36.4505],[25.3254,36.4536],[25.3255,36.4557],[25.3274,36.4578],[25.3276,36.4589],[25.3307,36.4631],[25.3328,36.4635],[25.3339,36.4645],[25.337,36.4648],[25.3411,36.4645],[25.3443,36.463],[25.3453,36.4632],[25.3446,36.462],[25.3448,36.4609],[25.3465,36.4578],[25.3464,36.4547],[25.3453,36.4536],[25.3455,36.4526],[25.3484,36.4508],[25.3495,36.4516],[25.3516,36.4516],[25.3526,36.4506],[25.3558,36.4505],[25.3578,36.4474],[25.3561,36.4453],[25.359,36.4422],[25.359,36.4391],[25.3579,36.438],[25.3578,36.4359],[25.3568,36.4349],[25.3547,36.4379],[25.3536,36.4379],[25.3526,36.437],[25.3516,36.4379],[25.3516,36.437],[25.3505,36.4359],[25.3495,36.4368],[25.3486,36.4359],[25.3495,36.4349],[25.3484,36.4339],[25.3476,36.4339],[25.3475,36.4318],[25.3495,36.4297],[25.3505,36.4297],[25.3515,36.4286],[25.3517,36.4266],[25.3526,36.4255],[25.3516,36.4245],[25.3506,36.4245],[25.3517,36.4234],[25.3517,36.4224],[25.3515,36.4182],[25.3506,36.4172],[25.3516,36.4172],[25.3536,36.4151],[25.3528,36.4141],[25.3528,36.413],[25.3536,36.413],[25.3547,36.412],[25.3538,36.4109],[25.3538,36.4089],[25.3547,36.4078],[25.3536,36.4068],[25.3505,36.4098],[25.3474,36.4099],[25.3443,36.4128],[25.3411,36.413],[25.338,36.4151],[25.337,36.4151],[25.3349,36.4171],[25.3339,36.4162],[25.3328,36.4172],[25.3318,36.4162],[25.3266,36.4162],[25.3255,36.4151],[25.3236,36.4151],[25.3245,36.414],[25.3224,36.4118],[25.3207,36.4109],[25.3198,36.4099],[25.3197,36.4089],[25.3246,36.4036],[25.3215,36.4005],[25.3215,36.3922],[25.3226,36.3911],[25.3227,36.3901],[25.3217,36.388],[25.322,36.387],[25.3233,36.3859],[25.3266,36.3851],[25.3286,36.3831],[25.3297,36.383],[25.3307,36.3821],[25.3328,36.3822],[25.3339,36.3831],[25.3359,36.3829],[25.3362,36.3818],[25.337,36.381],[25.338,36.3809],[25.3391,36.381],[25.3411,36.3829],[25.3432,36.383],[25.3443,36.3839],[25.3453,36.3839],[25.3464,36.3849],[25.3484,36.3849],[25.3495,36.3859],[25.3516,36.3861],[25.3526,36.3849],[25.3527,36.3839],[25.3516,36.3826],[25.3516,36.3818],[25.3505,36.3807],[25.3495,36.3807],[25.3486,36.3797],[25.3495,36.3788],[25.3496,36.3776],[25.3484,36.3773],[25.3465,36.3755],[25.3467,36.3734],[25.3472,36.3714],[25.3484,36.3701],[25.3495,36.3695],[25.3516,36.3697],[25.3521,36.3693],[25.3524,36.3672],[25.3547,36.3653],[25.3557,36.3649],[25.3589,36.3646],[25.3599,36.3654],[25.363,36.3656],[25.3651,36.3674],[25.3661,36.3674],[25.3672,36.3672],[25.3693,36.3653],[25.3703,36.3661],[25.3714,36.3661],[25.3724,36.3652],[25.3734,36.3652],[25.3745,36.3655],[25.3776,36.3684],[25.3786,36.3684],[25.3797,36.3675],[25.3818,36.3673],[25.3828,36.3673],[25.3839,36.3682],[25.3849,36.3672],[25.3891,36.3672],[25.3901,36.3661],[25.3932,36.3661],[25.3943,36.3651],[25.3974,36.3651],[25.4005,36.363],[25.412,36.363],[25.4151,36.3651],[25.4151,36.3682],[25.4172,36.3703],[25.4182,36.3703],[25.4193,36.3714],[25.4202,36.3714],[25.421,36.3724],[25.4211,36.3734],[25.4202,36.3745],[25.4202,36.3766],[25.4252,36.3818],[25.4254,36.3828],[25.4266,36.3839],[25.4266,36.3859],[25.4286,36.388],[25.4297,36.388],[25.4307,36.3891],[25.4307,36.3901],[25.4328,36.3932],[25.4318,36.3943],[25.4318,36.3964],[25.4307,36.3974],[25.4307,36.3984],[25.4287,36.4005],[25.4286,36.4014],[25.4266,36.4016],[25.4255,36.4026],[25.4266,36.4036],[25.4255,36.4047],[25.4255,36.4057],[25.4266,36.407],[25.4266,36.4089],[25.4276,36.4099],[25.4276,36.4172],[25.4266,36.4172],[25.4245,36.4193],[25.4245,36.4255],[25.4222,36.4276],[25.4182,36.4276],[25.4172,36.4285],[25.4151,36.4286],[25.4141,36.4276],[25.413,36.4286],[25.4141,36.4299],[25.4141,36.4307],[25.413,36.4318],[25.4141,36.4328],[25.4141,36.4339],[25.4182,36.438],[25.4182,36.4401],[25.4193,36.4411],[25.4214,36.4411],[25.4214,36.4453],[25.4203,36.4464],[25.4203,36.4493],[25.4182,36.4526],[25.4172,36.4526],[25.412,36.4578],[25.4109,36.4578],[25.4099,36.4587],[25.4078,36.4587],[25.4068,36.4578],[25.4016,36.4577],[25.3995,36.4557],[25.3974,36.4557],[25.3964,36.4568],[25.3953,36.4568],[25.3941,36.4578],[25.3913,36.4578],[25.3901,36.4568],[25.3891,36.4577],[25.387,36.4578],[25.3859,36.4589],[25.3859,36.4597],[25.3849,36.4589],[25.3828,36.4589],[25.3818,36.4598],[25.3807,36.4589],[25.3777,36.4589],[25.3766,36.4578],[25.3755,36.4587],[25.3745,36.4587],[25.3745,36.4578],[25.3724,36.4558],[25.3703,36.4578],[25.3703,36.4597],[25.3693,36.4598],[25.3682,36.4609],[25.3682,36.462],[25.3691,36.463],[25.3672,36.4651],[25.3672,36.4661],[25.3679,36.4672],[25.367,36.4682],[25.367,36.4714],[25.3671,36.4745],[25.3681,36.4755],[25.3682,36.4766],[25.3713,36.4797],[25.3715,36.4807],[25.3724,36.4809],[25.3776,36.4852],[25.3828,36.4882],[25.3849,36.4885],[25.3911,36.4882],[25.3943,36.4864],[25.3974,36.4862],[25.4005,36.4844],[25.4057,36.4842],[25.4068,36.4834],[25.4089,36.4833],[25.412,36.4814],[25.4151,36.4812],[25.4255,36.4775],[25.4318,36.472],[25.4349,36.4705],[25.4353,36.4693],[25.4383,36.4672],[25.4411,36.4643],[25.4422,36.4641],[25.4422,36.463],[25.4453,36.4599],[25.4464,36.4598],[25.4484,36.4578],[25.4495,36.4578],[25.4516,36.4559],[25.4526,36.4558],[25.4536,36.4549],[25.4578,36.4507],[25.4589,36.4483],[25.463,36.4449],[25.4651,36.4422],[25.4703,36.4372],[25.4714,36.437],[25.4734,36.4349],[25.4736,36.4339],[25.4745,36.4328],[25.4738,36.4318],[25.4741,36.4297],[25.4755,36.428],[25.4786,36.4257],[25.4818,36.4248],[25.4828,36.4249],[25.4838,36.4224],[25.4849,36.4215],[25.488,36.4206],[25.4901,36.4174],[25.4913,36.4172],[25.4917,36.4161],[25.4943,36.4134],[25.4947,36.4099],[25.4953,36.4089],[25.4938,36.4078],[25.4945,36.4057],[25.4954,36.4047],[25.4954,36.4036],[25.4924,36.3974],[25.4923,36.3964],[25.493,36.3953],[25.4931,36.3943],[25.492,36.3932],[25.492,36.3911],[25.4928,36.3911],[25.4932,36.3919],[25.4932,36.3911],[25.4943,36.3901],[25.4943,36.3891],[25.4954,36.388],[25.4954,36.3859],[25.4964,36.3849],[25.4964,36.3842],[25.4954,36.3828],[25.4953,36.3797],[25.4943,36.3776],[25.4943,36.3766],[25.4935,36.3755],[25.4934,36.3745],[25.4922,36.3734],[25.4901,36.3672],[25.4891,36.3661],[25.4891,36.3648],[25.488,36.3632],[25.4882,36.3589],[25.4872,36.3578],[25.4871,36.3568],[25.4839,36.3537],[25.4797,36.3514],[25.4682,36.3411],[25.4654,36.3391],[25.4633,36.337],[25.462,36.3348],[25.4599,36.3334],[25.4589,36.3318],[25.4507,36.3234],[25.4505,36.3224],[25.4495,36.3222],[25.4453,36.3183],[25.4432,36.3179]],[[25.8068,36.3046],[25.8064,36.3047],[25.8068,36.3053]],[[25.8026,36.3036],[25.8005,36.303],[25.7995,36.3036],[25.7943,36.3045],[25.792,36.3057],[25.79,36.3078],[25.7902,36.3089],[25.7893,36.3109],[25.7901,36.3116],[25.7913,36.3141],[25.7887,36.3172],[25.7859,36.3178],[25.7835,36.3203],[25.787,36.3238],[25.788,36.3235],[25.7914,36.3255],[25.7915,36.3286],[25.7911,36.329],[25.79,36.3286],[25.7905,36.3297],[25.788,36.3318],[25.7873,36.3328],[25.7876,36.3339],[25.787,36.3343],[25.7863,36.3339],[25.7862,36.3328],[25.7849,36.3326],[25.7839,36.3343],[25.7818,36.3352],[25.7807,36.3345],[25.7776,36.335],[25.7766,36.3348],[25.7755,36.3338],[25.7762,36.3359],[25.7755,36.3364],[25.7693,36.3368],[25.7672,36.3358],[25.7568,36.3391],[25.7495,36.3394],[25.7408,36.3411],[25.738,36.343],[25.7349,36.3432],[25.7328,36.344],[25.7307,36.3442],[25.7214,36.3493],[25.7201,36.3505],[25.7178,36.3547],[25.7182,36.3609],[25.719,36.363],[25.7197,36.3693],[25.7247,36.3734],[25.7261,36.3755],[25.7276,36.3766],[25.7278,36.3776],[25.7292,36.3786],[25.7297,36.38],[25.7307,36.3804],[25.7339,36.383],[25.7401,36.3852],[25.7443,36.3875],[25.7448,36.388],[25.7443,36.3891],[25.7453,36.3885],[25.7459,36.3891],[25.7463,36.3911],[25.7463,36.3943],[25.7483,36.3964],[25.7516,36.3975],[25.7536,36.3995],[25.7547,36.3996],[25.7557,36.4006],[25.7568,36.4006],[25.7578,36.4017],[25.7589,36.4016],[25.7597,36.4026],[25.7598,36.4047],[25.7609,36.4057],[25.7609,36.4089],[25.7621,36.4089],[25.7651,36.4069],[25.7694,36.4068],[25.7703,36.4059],[25.7706,36.4036],[25.7714,36.4027],[25.7789,36.4026],[25.7787,36.4016],[25.7797,36.4005],[25.7808,36.4005],[25.7806,36.3995],[25.7818,36.3985],[25.7828,36.3987],[25.7839,36.3975],[25.7859,36.3966],[25.7891,36.3963],[25.7901,36.3955],[25.7951,36.3953],[25.7964,36.3944],[25.8016,36.3943],[25.8062,36.3901],[25.8064,36.3891],[25.8089,36.3863],[25.8224,36.3774],[25.8266,36.3752],[25.8273,36.3745],[25.829,36.3703],[25.8307,36.3682],[25.8307,36.3667],[25.8339,36.3664],[25.8359,36.3645],[25.838,36.3638],[25.8391,36.3629],[25.8411,36.3633],[25.8453,36.3616],[25.8488,36.3589],[25.8491,36.3578],[25.8512,36.3578],[25.8519,36.3599],[25.8547,36.3607],[25.8589,36.3604],[25.8611,36.3589],[25.8626,36.3557],[25.8629,36.3516],[25.8612,36.3484],[25.8568,36.3449],[25.8505,36.342],[25.8453,36.3405],[25.8349,36.3406],[25.83,36.3432],[25.8294,36.3453],[25.8286,36.3461],[25.8266,36.3461],[25.8255,36.3465],[25.8214,36.346],[25.8203,36.3464],[25.8171,36.3453],[25.8162,36.3443],[25.8151,36.344],[25.8109,36.3409],[25.8099,36.3409],[25.8095,36.3401],[25.8078,36.339],[25.8068,36.3401],[25.8057,36.3399],[25.8055,36.3391],[25.8033,36.337],[25.7995,36.3348],[25.7988,36.3328],[25.7995,36.3318],[25.7988,36.3297],[25.7978,36.3286],[25.7988,36.3276],[25.7987,36.3266],[25.8005,36.3253],[25.8026,36.3257],[25.8026,36.3243],[25.8036,36.3242],[25.8056,36.3266],[25.8062,36.3266],[25.8054,36.3234],[25.8057,36.3225],[25.8064,36.3224],[25.806,36.3214],[25.8068,36.3209],[25.8078,36.3218],[25.8088,36.3214],[25.8076,36.3182],[25.8079,36.3172],[25.8076,36.313],[25.8068,36.31],[25.8063,36.3099],[25.8068,36.3098],[25.8071,36.3089],[25.8064,36.3078],[25.8069,36.3068],[25.8057,36.3062],[25.8049,36.3047]],[[25.9057,36.2786],[25.9047,36.2785],[25.9049,36.2797],[25.9068,36.2797]],[[25.8891,36.2636],[25.8859,36.2637],[25.8852,36.2641],[25.8849,36.265],[25.8828,36.2647],[25.8797,36.265],[25.8755,36.268],[25.8751,36.2693],[25.8752,36.2724],[25.8758,36.2734],[25.8776,36.2747],[25.8818,36.2757],[25.8873,36.2755],[25.888,36.2749],[25.8885,36.2755],[25.8932,36.2767],[25.8984,36.2768],[25.9005,36.2784],[25.9017,36.2776],[25.9014,36.2766],[25.9005,36.276],[25.8995,36.2763],[25.8985,36.2755],[25.9005,36.2743],[25.9011,36.2734],[25.9004,36.2714],[25.8986,36.2693],[25.8964,36.268],[25.8953,36.2682],[25.8925,36.2651]],[[25.8328,36.2625],[25.8297,36.2626],[25.8266,36.2635],[25.8234,36.2661],[25.8234,36.268],[25.8224,36.2682],[25.8221,36.2693],[25.8199,36.2703],[25.8201,36.2797],[25.8214,36.2808],[25.8224,36.2804],[25.8234,36.281],[25.8255,36.2809],[25.8266,36.2818],[25.8286,36.2816],[25.8307,36.2802],[25.8318,36.278],[25.8328,36.2781],[25.8339,36.2801],[25.8349,36.2806],[25.8369,36.2797],[25.837,36.2791],[25.838,36.2791],[25.8391,36.2801],[25.8411,36.2791],[25.8433,36.2766],[25.8445,36.2724],[25.8457,36.2714],[25.8436,36.2693],[25.8391,36.267],[25.838,36.2655]],[[25.2151,36.2306],[25.2106,36.2307],[25.2069,36.2339],[25.2061,36.2349],[25.2056,36.2391],[25.2047,36.2413],[25.1995,36.2423],[25.1974,36.2421],[25.1953,36.2429],[25.195,36.2443],[25.1939,36.2453],[25.1938,36.2474],[25.1953,36.2516],[25.1984,36.2568],[25.2026,36.2611],[25.2036,36.2609],[25.2057,36.2592],[25.2068,36.2578],[25.2074,36.2547],[25.2089,36.2529],[25.2099,36.2528],[25.2105,36.2516],[25.212,36.2505],[25.212,36.2495],[25.213,36.2484],[25.2118,36.2453],[25.2115,36.2411],[25.2161,36.2376],[25.2172,36.2372],[25.2174,36.2359],[25.2185,36.2349],[25.218,36.2328]],[[25.2297,36.2193],[25.2286,36.2193],[25.2276,36.2203],[25.2276,36.2214],[25.2286,36.2224],[25.2297,36.2224],[25.2307,36.2214],[25.2307,36.2203]]]}},{"type":"Feature","properties":{"depth":30,"kind":"band"},"geometry":{"type":"MultiPolygon","coordinates":[[[[25.0027,36.9786],[25.0067,36.9797],[25.0089,36.9818],[25.0086,36.9828],[25.0096,36.9849],[25.012,36.9879],[25.0145,36.9922],[25.0151,36.9943],[25.014,36.9953],[25.0142,36.9964],[25.0137,36.9984],[25.012,36.9992],[25.0109,36.9984],[25.0115,36.9995],[25.0109,37],[25.0005,37],[25,36.9995],[25,36.9797],[25.0005,36.9789],[25.0027,36.9786]]],[[[25.6299,36.9776],[25.6294,36.9776],[25.6297,36.9773],[25.6299,36.9776]]],[[[25.0913,36.9703],[25.0901,36.9706],[25.0889,36.9703],[25.0891,36.9696],[25.0913,36.9703]]],[[[25.089,36.9693],[25.088,36.9698],[25.0873,36.9693],[25.088,36.9686],[25.089,36.9693]]],[[[25.0875,36.9682],[25.087,36.9688],[25.0859,36.9687],[25.0857,36.9682],[25.0859,36.9675],[25.087,36.9676],[25.0875,36.9682]]],[[[25.1081,36.9651],[25.1072,36.9651],[25.1078,36.9643],[25.1081,36.9651]]],[[[25.586,36.9578],[25.5867,36.9589],[25.5859,36.9593],[25.5849,36.9589],[25.586,36.9578]]],[[[25.5905,36.9578],[25.5901,36.9582],[25.5895,36.9578],[25.5901,36.9574],[25.5905,36.9578]]],[[[25.581,36.9505],[25.5807,36.9508],[25.5805,36.9505],[25.581,36.9505]]],[[[25.5675,36.9297],[25.5672,36.9305],[25.5664,36.9297],[25.5675,36.9297]]],[[[25.5663,36.9286],[25.5661,36.9291],[25.5657,36.9286],[25.5663,36.9286]]],[[[25.6346,36.9266],[25.6339,36.9275],[25.6334,36.9266],[25.6339,36.9262],[25.6346,36.9266]]],[[[25.5535,36.9151],[25.5526,36.916],[25.5522,36.9151],[25.5526,36.9144],[25.5535,36.9151]]],[[[25.552,36.9141],[25.551,36.9141],[25.5516,36.9133],[25.552,36.9141]]],[[[25.5027,36.8651],[25.5024,36.8651],[25.5026,36.8643],[25.5027,36.8651]]],[[[25.5082,36.8651],[25.5067,36.8651],[25.5068,36.8644],[25.5078,36.8645],[25.5082,36.8651]]],[[[25.4166,36.8411],[25.4161,36.8417],[25.4155,36.8411],[25.4166,36.8411]]],[[[25.4133,36.8391],[25.413,36.8399],[25.4122,36.8391],[25.4133,36.8391]]],[[[25.4123,36.838],[25.412,36.8389],[25.4111,36.838],[25.412,36.8377],[25.4123,36.838]]],[[[25.6918,36.837],[25.6907,36.837],[25.6911,36.836],[25.6918,36.837]]],[[[25.2528,36.763],[25.2517,36.763],[25.2526,36.7625],[25.2528,36.763]]],[[[25.403,36.7297],[25.4026,36.7301],[25.4026,36.7289],[25.403,36.7297]]],[[[25.1907,36.7047],[25.1901,36.7052],[25.1899,36.7047],[25.1901,36.7044],[25.1907,36.7047]]],[[[25.2851,36.6995],[25.2845,36.6995],[25.2849,36.6991],[25.2851,36.6995]]],[[[25.2872,36.6984],[25.2866,36.6984],[25.287,36.6979],[25.2872,36.6984]]],[[[25.3018,36.6901],[25.3014,36.6901],[25.3016,36.6897],[25.3018,36.6901]]],[[[25.0642,36.6484],[25.0641,36.6489],[25.0633,36.6484],[25.0642,36.6484]]],[[[25.3856,36.3984],[25.3849,36.3991],[25.3839,36.3992],[25.3832,36.3984],[25.3856,36.3984]]],[[[25.8071,36.3036],[25.8064,36.3036],[25.8068,36.3032],[25.8071,36.3036]]],[[[25.8037,36.3016],[25.803,36.3016],[25.8036,36.3007],[25.8037,36.3016]]],[[[26,36.0005],[26,36.8849],[25.9977,36.8849],[25.9964,36.8839],[25.9932,36.8836],[25.9925,36.8828],[25.9922,36.8807],[25.9911,36.8797],[25.9901,36.8804],[25.9891,36.8804],[25.988,36.8797],[25.9859,36.8816],[25.9854,36.8807],[25.9859,36.8797],[25.9849,36.8787],[25.9839,36.8794],[25.9828,36.8783],[25.9797,36.8779],[25.9766,36.8766],[25.9745,36.8754],[25.9704,36.8714],[25.966,36.8682],[25.9656,36.8672],[25.9661,36.8661],[25.9651,36.8651],[25.9641,36.8659],[25.9641,36.8651],[25.963,36.8641],[25.9612,36.8641],[25.9599,36.8627],[25.9589,36.8627],[25.9581,36.862],[25.9588,36.8609],[25.9557,36.8578],[25.953,36.8578],[25.9526,36.8565],[25.9516,36.8557],[25.9498,36.8557],[25.9474,36.8537],[25.9464,36.8537],[25.9453,36.8543],[25.9453,36.8536],[25.9443,36.8526],[25.9401,36.8529],[25.938,36.8521],[25.9339,36.8477],[25.9334,36.8453],[25.9297,36.8417],[25.9297,36.8401],[25.9276,36.838],[25.9266,36.8383],[25.9255,36.8374],[25.9234,36.8369],[25.9224,36.8359],[25.9193,36.8345],[25.9186,36.8339],[25.9193,36.8328],[25.9193,36.8318],[25.9182,36.8307],[25.9172,36.8307],[25.9161,36.8318],[25.9161,36.8323],[25.9151,36.8323],[25.9141,36.8314],[25.912,36.8308],[25.9116,36.8297],[25.912,36.8286],[25.9109,36.8276],[25.9096,36.8276],[25.909,36.8255],[25.909,36.8193],[25.9099,36.8193],[25.9124,36.8172],[25.913,36.8161],[25.912,36.8151],[25.9109,36.8157],[25.9099,36.8151],[25.9089,36.8161],[25.9089,36.8185],[25.9083,36.8172],[25.9057,36.8144],[25.8953,36.8091],[25.8901,36.8049],[25.8869,36.8016],[25.8859,36.7995],[25.8839,36.7974],[25.8831,36.7974],[25.8807,36.7948],[25.8807,36.7932],[25.8797,36.7922],[25.8764,36.7922],[25.8734,36.7893],[25.8609,36.7836],[25.8568,36.7839],[25.8557,36.7832],[25.8547,36.7841],[25.8536,36.7841],[25.8474,36.7833],[25.8432,36.7818],[25.8411,36.7797],[25.837,36.7801],[25.8359,36.7797],[25.8328,36.7804],[25.8276,36.7795],[25.8266,36.7787],[25.8255,36.7789],[25.8224,36.7776],[25.8203,36.7774],[25.8193,36.776],[25.8182,36.776],[25.8172,36.775],[25.8161,36.7748],[25.8109,36.7696],[25.8036,36.7658],[25.7932,36.7648],[25.7891,36.7656],[25.787,36.7643],[25.7818,36.7644],[25.7776,36.7652],[25.7724,36.7655],[25.7703,36.766],[25.7641,36.7697],[25.763,36.77],[25.7589,36.7695],[25.7557,36.7708],[25.7464,36.7781],[25.7402,36.7859],[25.737,36.7879],[25.7363,36.7891],[25.7357,36.7922],[25.7375,36.7964],[25.7377,36.7995],[25.7362,36.8078],[25.7364,36.8099],[25.7374,36.812],[25.7399,36.8151],[25.7419,36.8203],[25.7443,36.8221],[25.7474,36.8221],[25.7505,36.8204],[25.7568,36.8203],[25.7593,36.8182],[25.7589,36.8156],[25.7599,36.8155],[25.762,36.8164],[25.7628,36.8161],[25.7631,36.8141],[25.7624,36.813],[25.763,36.8122],[25.7651,36.8124],[25.7661,36.8133],[25.7672,36.8133],[25.7693,36.8122],[25.7755,36.8135],[25.7776,36.8148],[25.7818,36.819],[25.7839,36.8206],[25.7911,36.8244],[25.7932,36.825],[25.7943,36.8249],[25.7964,36.8236],[25.7995,36.8226],[25.8016,36.8224],[25.8026,36.8216],[25.8039,36.8224],[25.8057,36.8205],[25.812,36.8196],[25.813,36.8179],[25.8141,36.8173],[25.8172,36.8188],[25.8203,36.8177],[25.8214,36.816],[25.8255,36.8151],[25.8297,36.8156],[25.8349,36.8181],[25.8364,36.8234],[25.8362,36.8255],[25.8348,36.8286],[25.8335,36.8297],[25.8332,36.8307],[25.8318,36.8313],[25.8307,36.8328],[25.8315,36.8339],[25.8315,36.8359],[25.8336,36.837],[25.8338,36.838],[25.8347,36.8391],[25.8349,36.8411],[25.836,36.8432],[25.8362,36.8464],[25.838,36.8489],[25.8401,36.8504],[25.8422,36.8527],[25.8453,36.8544],[25.8505,36.8551],[25.8526,36.8559],[25.8609,36.8616],[25.8651,36.862],[25.8693,36.8636],[25.8714,36.8637],[25.8745,36.8652],[25.8755,36.8649],[25.8839,36.8686],[25.8859,36.868],[25.888,36.869],[25.8891,36.8678],[25.8911,36.8689],[25.8922,36.8682],[25.8943,36.8681],[25.8964,36.8694],[25.8974,36.8694],[25.8997,36.8714],[25.8984,36.8732],[25.8953,36.8733],[25.8922,36.8724],[25.8901,36.8735],[25.888,36.8721],[25.8855,36.8745],[25.8848,36.8786],[25.8852,36.8807],[25.8839,36.8828],[25.8828,36.8825],[25.8825,36.8828],[25.8828,36.8839],[25.8825,36.8859],[25.883,36.8891],[25.8859,36.8911],[25.8953,36.8912],[25.8984,36.8919],[25.9016,36.8936],[25.9057,36.8938],[25.9172,36.8921],[25.9276,36.8894],[25.9339,36.8839],[25.9349,36.8839],[25.9359,36.8827],[25.937,36.8824],[25.9401,36.8843],[25.9422,36.884],[25.9443,36.8849],[25.953,36.8932],[25.9538,36.8943],[25.9536,36.8959],[25.9547,36.8958],[25.9555,36.8964],[25.9551,36.8974],[25.9556,36.8984],[25.9577,36.9005],[25.9575,36.9016],[25.9584,36.9026],[25.9568,36.9031],[25.9557,36.9027],[25.9547,36.903],[25.9543,36.9036],[25.9549,36.9047],[25.9536,36.9052],[25.9521,36.9068],[25.9512,36.9099],[25.9521,36.913],[25.9568,36.9198],[25.9589,36.9215],[25.9641,36.9241],[25.9666,36.9276],[25.9682,36.9289],[25.9745,36.9313],[25.9786,36.9321],[25.9901,36.9321],[25.9932,36.9337],[25.9971,36.938],[25.9995,36.9391],[26,36.9401],[26,36.9995],[25.9995,37],[25.5766,37],[25.5758,36.9995],[25.5746,36.9943],[25.5732,36.9911],[25.5736,36.9901],[25.5731,36.9891],[25.5736,36.988],[25.5724,36.9885],[25.5712,36.987],[25.5714,36.9862],[25.5724,36.9864],[25.5725,36.9849],[25.5718,36.9839],[25.572,36.9828],[25.5711,36.9818],[25.5718,36.9797],[25.5729,36.9786],[25.5672,36.9738],[25.5669,36.9724],[25.5677,36.9714],[25.5668,36.9703],[25.5673,36.9693],[25.564,36.9661],[25.5643,36.9651],[25.5626,36.962],[25.5609,36.9607],[25.5596,36.9589],[25.5578,36.9581],[25.5562,36.9568],[25.5557,36.9556],[25.5547,36.9561],[25.5507,36.9516],[25.5484,36.9497],[25.5464,36.9496],[25.5453,36.9487],[25.5442,36.9484],[25.5432,36.9471],[25.5422,36.9469],[25.5411,36.9475],[25.5387,36.9464],[25.5349,36.9437],[25.5328,36.9432],[25.5318,36.9422],[25.5307,36.9431],[25.5286,36.9421],[25.5234,36.9417],[25.5214,36.941],[25.5193,36.9411],[25.5161,36.9404],[25.5099,36.9376],[25.5016,36.935],[25.4995,36.9335],[25.4953,36.9318],[25.4953,36.9307],[25.4935,36.9297],[25.4911,36.9271],[25.4859,36.924],[25.4818,36.9231],[25.4703,36.9229],[25.4672,36.9221],[25.462,36.9171],[25.4531,36.913],[25.4495,36.9123],[25.4464,36.9108],[25.4443,36.9109],[25.4422,36.9121],[25.4401,36.9125],[25.4317,36.9193],[25.4307,36.9193],[25.4297,36.9203],[25.4297,36.9213],[25.4273,36.9266],[25.4245,36.9286],[25.4234,36.9286],[25.4224,36.9297],[25.4234,36.9307],[25.4224,36.9307],[25.4214,36.9318],[25.4223,36.9328],[25.4203,36.938],[25.421,36.9411],[25.4202,36.9464],[25.4182,36.951],[25.4161,36.9535],[25.4141,36.954],[25.413,36.9522],[25.4109,36.9502],[25.4089,36.9506],[25.4078,36.9499],[25.4068,36.95],[25.4057,36.9491],[25.4049,36.9495],[25.405,36.9505],[25.4038,36.9516],[25.4045,36.9526],[25.4036,36.9531],[25.4025,36.9526],[25.4029,36.9536],[25.4077,36.9589],[25.4081,36.9599],[25.4078,36.961],[25.4057,36.9637],[25.4016,36.966],[25.3995,36.9662],[25.3964,36.9646],[25.3943,36.9643],[25.3849,36.9665],[25.3818,36.9663],[25.3786,36.9652],[25.3764,36.9661],[25.372,36.9693],[25.3729,36.9714],[25.3723,36.9724],[25.3731,36.9734],[25.3728,36.9745],[25.3661,36.9818],[25.3663,36.9839],[25.3657,36.9849],[25.3652,36.988],[25.3654,36.9891],[25.3672,36.9911],[25.3673,36.9932],[25.3681,36.9953],[25.3673,36.9984],[25.3651,37],[25.2589,37],[25.2581,36.9995],[25.2578,36.9964],[25.2568,36.9949],[25.2547,36.9961],[25.2521,36.9932],[25.2505,36.9891],[25.2506,36.988],[25.2495,36.9873],[25.2489,36.9859],[25.2422,36.9817],[25.2349,36.9812],[25.2318,36.9798],[25.2308,36.9818],[25.2276,36.983],[25.2234,36.9824],[25.2224,36.9815],[25.2214,36.9825],[25.2193,36.9811],[25.2161,36.9817],[25.2151,36.983],[25.2141,36.9819],[25.212,36.9819],[25.2068,36.9802],[25.1974,36.9761],[25.1901,36.9747],[25.188,36.973],[25.1849,36.9726],[25.1839,36.9717],[25.1807,36.9707],[25.1797,36.9709],[25.1755,36.9701],[25.1714,36.971],[25.1672,36.9733],[25.1578,36.974],[25.1563,36.9755],[25.157,36.9766],[25.1568,36.9779],[25.1547,36.9789],[25.1516,36.9775],[25.1495,36.978],[25.1484,36.9771],[25.1474,36.9771],[25.1464,36.9776],[25.1453,36.9794],[25.1432,36.978],[25.1422,36.978],[25.1406,36.9786],[25.1401,36.9798],[25.1394,36.9797],[25.138,36.9786],[25.1349,36.9776],[25.133,36.9755],[25.1325,36.9693],[25.1307,36.9651],[25.1245,36.9609],[25.1203,36.9601],[25.1182,36.96],[25.1141,36.9607],[25.1121,36.962],[25.1109,36.9644],[25.1078,36.964],[25.1057,36.9654],[25.1026,36.9657],[25.1016,36.9664],[25.1005,36.9661],[25.1008,36.9672],[25.1005,36.9675],[25.0984,36.9669],[25.0964,36.9685],[25.0953,36.9687],[25.0945,36.9682],[25.0962,36.9672],[25.0953,36.9669],[25.0922,36.9678],[25.0915,36.9672],[25.0922,36.9665],[25.0932,36.9669],[25.0935,36.9661],[25.0922,36.966],[25.0909,36.9672],[25.0915,36.9682],[25.0911,36.9689],[25.0901,36.9688],[25.0891,36.9677],[25.088,36.968],[25.0862,36.9661],[25.0853,36.9641],[25.0855,36.962],[25.0863,36.9609],[25.0861,36.9599],[25.0837,36.9557],[25.0807,36.9525],[25.0797,36.9521],[25.0796,36.9505],[25.0786,36.9484],[25.0786,36.9443],[25.0782,36.9432],[25.075,36.9401],[25.0742,36.938],[25.0745,36.9359],[25.0734,36.9349],[25.0714,36.9343],[25.0703,36.9343],[25.0682,36.9353],[25.0672,36.9348],[25.0661,36.9358],[25.0641,36.936],[25.062,36.937],[25.0598,36.9391],[25.0599,36.9411],[25.0575,36.9422],[25.0575,36.9443],[25.0568,36.9452],[25.0547,36.9457],[25.0536,36.9452],[25.0505,36.9469],[25.0502,36.9474],[25.0505,36.9488],[25.0484,36.9489],[25.0453,36.9477],[25.0447,36.9484],[25.0454,36.9495],[25.0443,36.9499],[25.0432,36.951],[25.0421,36.9505],[25.0426,36.9516],[25.0422,36.9536],[25.0401,36.9531],[25.0391,36.9521],[25.037,36.9545],[25.0359,36.9549],[25.0349,36.9549],[25.0329,36.9536],[25.0329,36.9516],[25.0318,36.9495],[25.032,36.9484],[25.0315,36.9474],[25.0289,36.9464],[25.0276,36.947],[25.0266,36.9463],[25.0099,36.9469],[25.0078,36.9462],[25.0068,36.9468],[25.0047,36.9462],[25.0036,36.9465],[25,36.9464],[25,36.0005],[25.0005,36],[25.9995,36],[26,36.0005]],[[25.6401,36.9743],[25.6397,36.9745],[25.6401,36.9748],[25.6401,36.9743]],[[25.2641,36.9554],[25.263,36.9564],[25.2609,36.9564],[25.2589,36.9582],[25.2587,36.9609],[25.2595,36.962],[25.2609,36.9619],[25.262,36.9626],[25.263,36.9624],[25.2637,36.9609],[25.2651,36.96],[25.2664,36.9599],[25.2675,36.9589],[25.2641,36.9554]],[[25.2661,36.9545],[25.2658,36.9547],[25.2682,36.957],[25.2661,36.9545]],[[25.5703,36.8932],[25.5682,36.8949],[25.5641,36.8938],[25.5609,36.895],[25.5578,36.8944],[25.5516,36.8959],[25.5505,36.8972],[25.5493,36.8974],[25.5467,36.9005],[25.5462,36.9036],[25.5468,36.9057],[25.5467,36.9068],[25.5475,36.9078],[25.5474,36.9092],[25.5497,36.9109],[25.5502,36.9141],[25.551,36.9151],[25.5526,36.9163],[25.5551,36.9172],[25.5551,36.9182],[25.5566,36.9193],[25.5569,36.9203],[25.563,36.9254],[25.5633,36.9266],[25.5651,36.9292],[25.569,36.9328],[25.5687,36.9339],[25.5698,36.9359],[25.5755,36.9416],[25.5774,36.9443],[25.5782,36.9474],[25.5799,36.9495],[25.5789,36.9505],[25.5791,36.9516],[25.5786,36.9521],[25.5776,36.9509],[25.5776,36.9526],[25.5786,36.954],[25.5797,36.9545],[25.5798,36.9557],[25.5812,36.9568],[25.5807,36.9578],[25.5818,36.9573],[25.5838,36.9578],[25.5835,36.9589],[25.5849,36.9589],[25.5859,36.9603],[25.588,36.9583],[25.5891,36.9581],[25.5895,36.9589],[25.5891,36.9599],[25.5922,36.9576],[25.5943,36.9584],[25.5953,36.9579],[25.6036,36.9592],[25.6047,36.9586],[25.612,36.9594],[25.6141,36.9611],[25.6141,36.959],[25.6161,36.9586],[25.6172,36.9591],[25.6193,36.9615],[25.6203,36.9602],[25.6222,36.962],[25.6224,36.9634],[25.6226,36.962],[25.6208,36.9599],[25.621,36.9589],[25.6225,36.9578],[25.6224,36.9589],[25.6234,36.9606],[25.624,36.9599],[25.6233,36.9568],[25.6245,36.9563],[25.6252,36.9578],[25.6255,36.9599],[25.6251,36.9609],[25.6264,36.9651],[25.6274,36.9661],[25.6258,36.9672],[25.6261,36.9682],[25.6295,36.9703],[25.6291,36.9714],[25.6293,36.9734],[25.6286,36.974],[25.6277,36.9734],[25.628,36.9724],[25.6276,36.9721],[25.6266,36.9724],[25.6275,36.9734],[25.6271,36.9745],[25.6276,36.975],[25.6286,36.975],[25.6297,36.9738],[25.6313,36.9766],[25.6276,36.9764],[25.6276,36.9776],[25.626,36.9786],[25.6274,36.9797],[25.6265,36.9818],[25.6269,36.9839],[25.6264,36.9859],[25.6273,36.9901],[25.6307,36.9932],[25.6349,36.9945],[25.6401,36.9948],[25.6432,36.9935],[25.6448,36.9922],[25.6463,36.9901],[25.6468,36.988],[25.6471,36.9849],[25.646,36.9818],[25.6432,36.979],[25.638,36.9783],[25.6359,36.9767],[25.6349,36.9745],[25.6349,36.974],[25.637,36.9734],[25.6359,36.9732],[25.6353,36.9724],[25.6318,36.9702],[25.6307,36.9702],[25.6301,36.9693],[25.6312,36.9682],[25.6304,36.9661],[25.6317,36.963],[25.6316,36.962],[25.632,36.9609],[25.6294,36.9578],[25.6305,36.9568],[25.63,36.9557],[25.6312,36.9547],[25.631,36.9536],[25.6325,36.9505],[25.6331,36.9474],[25.6329,36.9401],[25.6326,36.9391],[25.6316,36.938],[25.6322,36.937],[25.6311,36.9359],[25.6306,36.9339],[25.6294,36.9328],[25.6301,36.9318],[25.6295,36.9307],[25.6307,36.9303],[25.633,36.9307],[25.6328,36.9292],[25.6339,36.9289],[25.6341,36.9276],[25.6354,36.9266],[25.6339,36.9238],[25.6328,36.9243],[25.6318,36.9232],[25.6307,36.9242],[25.629,36.9245],[25.6291,36.9255],[25.6286,36.9259],[25.6276,36.9252],[25.6266,36.9257],[25.6245,36.9253],[25.6229,36.9234],[25.6234,36.9233],[25.6245,36.9212],[25.6234,36.9218],[25.6224,36.921],[25.6214,36.9217],[25.6161,36.9203],[25.612,36.9216],[25.6099,36.9193],[25.6088,36.9141],[25.6068,36.9121],[25.6067,36.9109],[25.6057,36.91],[25.6005,36.909],[25.5953,36.9071],[25.5922,36.9075],[25.5891,36.9072],[25.5818,36.9056],[25.5797,36.9039],[25.578,36.9016],[25.5786,36.8984],[25.5766,36.8967],[25.5755,36.8965],[25.5734,36.8943],[25.5714,36.8943],[25.5703,36.8932]],[[25.6255,36.8554],[25.6221,36.8557],[25.6193,36.857],[25.6182,36.859],[25.6165,36.8599],[25.6163,36.8609],[25.6148,36.862],[25.6152,36.863],[25.6144,36.8641],[25.6151,36.8663],[25.6145,36.8682],[25.6127,36.8693],[25.6135,36.8703],[25.613,36.8713],[25.6109,36.8708],[25.6036,36.8732],[25.6016,36.873],[25.6001,36.8745],[25.6005,36.8755],[25.5997,36.8786],[25.5984,36.8783],[25.598,36.8797],[25.5974,36.8803],[25.5964,36.8798],[25.5963,36.8807],[25.5975,36.8828],[25.5981,36.8859],[25.5995,36.8876],[25.6036,36.8893],[25.6076,36.8943],[25.6161,36.8981],[25.6286,36.9002],[25.6307,36.902],[25.6339,36.9027],[25.6349,36.904],[25.638,36.9057],[25.6395,36.9089],[25.6396,36.9109],[25.6407,36.912],[25.6401,36.913],[25.6422,36.9137],[25.6443,36.9152],[25.6495,36.9144],[25.6557,36.9122],[25.6578,36.911],[25.6599,36.9113],[25.662,36.9104],[25.6641,36.9109],[25.6753,36.9057],[25.6779,36.9036],[25.6794,36.9016],[25.6807,36.8984],[25.6807,36.8942],[25.6818,36.8938],[25.6839,36.8946],[25.6843,36.8943],[25.6888,36.888],[25.6907,36.887],[25.6949,36.8818],[25.6955,36.8786],[25.6952,36.8755],[25.6928,36.8714],[25.6911,36.8704],[25.6901,36.8692],[25.6818,36.8679],[25.6786,36.8695],[25.6724,36.8696],[25.6672,36.8703],[25.663,36.8696],[25.6568,36.8698],[25.6544,36.8693],[25.6537,36.8682],[25.6526,36.8681],[25.6516,36.8671],[25.652,36.8682],[25.6516,36.8685],[25.6484,36.868],[25.6422,36.8654],[25.6422,36.8639],[25.6401,36.8641],[25.6407,36.863],[25.6404,36.862],[25.6391,36.8607],[25.6388,36.8609],[25.6397,36.862],[25.6395,36.863],[25.6391,36.8633],[25.638,36.8627],[25.637,36.8635],[25.6359,36.8631],[25.6339,36.8631],[25.6323,36.8641],[25.6318,36.8652],[25.6297,36.8653],[25.6285,36.863],[25.63,36.8609],[25.6293,36.8599],[25.6295,36.8589],[25.6283,36.8568],[25.6255,36.8554]],[[25.5276,36.8297],[25.5234,36.8292],[25.5161,36.8335],[25.515,36.8349],[25.5128,36.8422],[25.5106,36.8464],[25.5112,36.8484],[25.5141,36.8512],[25.5145,36.8526],[25.5141,36.8546],[25.5125,36.8557],[25.512,36.8567],[25.5117,36.8599],[25.5111,36.8609],[25.508,36.862],[25.5078,36.8635],[25.5068,36.8623],[25.5057,36.8635],[25.5026,36.8629],[25.5016,36.8637],[25.4995,36.8636],[25.4984,36.8648],[25.4972,36.8651],[25.4972,36.8661],[25.4953,36.8669],[25.4956,36.8693],[25.4951,36.8703],[25.4943,36.8709],[25.4931,36.8703],[25.4943,36.8734],[25.4941,36.8755],[25.4974,36.8802],[25.4995,36.8803],[25.5036,36.8855],[25.5047,36.886],[25.5089,36.8906],[25.5099,36.8913],[25.5141,36.8922],[25.5182,36.8954],[25.5214,36.8955],[25.5234,36.8962],[25.5276,36.8952],[25.5307,36.8927],[25.5328,36.8919],[25.537,36.8917],[25.5394,36.8932],[25.5401,36.8942],[25.5411,36.8933],[25.5464,36.8916],[25.5489,36.888],[25.5453,36.8825],[25.5452,36.8797],[25.5464,36.8791],[25.5486,36.8766],[25.5507,36.8755],[25.5526,36.8728],[25.5536,36.873],[25.5544,36.8724],[25.555,36.8693],[25.5537,36.8672],[25.5546,36.8641],[25.5557,36.8628],[25.5568,36.863],[25.5559,36.862],[25.5553,36.8599],[25.5557,36.8593],[25.5568,36.8599],[25.5561,36.8589],[25.5568,36.8571],[25.5578,36.8582],[25.5586,36.8578],[25.5553,36.8526],[25.5484,36.8487],[25.5453,36.8472],[25.5422,36.8471],[25.538,36.8458],[25.537,36.845],[25.5359,36.8452],[25.5349,36.8443],[25.5346,36.8411],[25.5337,36.8401],[25.5346,36.8391],[25.5319,36.8328],[25.5307,36.8315],[25.5276,36.8297]],[[25.6693,36.8296],[25.6658,36.8307],[25.6641,36.8318],[25.6605,36.837],[25.6589,36.8384],[25.6547,36.8392],[25.6505,36.8417],[25.6501,36.8422],[25.6503,36.8443],[25.6516,36.8466],[25.6536,36.8473],[25.6568,36.8496],[25.6589,36.8504],[25.662,36.8509],[25.6672,36.8508],[25.6734,36.8522],[25.6828,36.8531],[25.6839,36.8538],[25.6849,36.8539],[25.6891,36.8567],[25.6911,36.8569],[25.6922,36.8552],[25.6932,36.855],[25.6944,36.8536],[25.6953,36.8511],[25.696,36.8505],[25.6967,36.8432],[25.6964,36.8419],[25.6932,36.8387],[25.692,36.838],[25.6922,36.837],[25.6911,36.8359],[25.687,36.8368],[25.6849,36.8368],[25.6839,36.8374],[25.6807,36.8373],[25.6786,36.8363],[25.6752,36.8318],[25.6693,36.8296]],[[25.3974,36.8213],[25.3964,36.8205],[25.3932,36.8221],[25.3909,36.8255],[25.3908,36.8266],[25.3918,36.8286],[25.3943,36.8307],[25.3986,36.8297],[25.3997,36.8224],[25.3974,36.8213]],[[25.4526,36.8118],[25.4495,36.8126],[25.4484,36.8137],[25.4474,36.8128],[25.4453,36.8151],[25.4411,36.8149],[25.438,36.8165],[25.4297,36.8173],[25.4255,36.8169],[25.4245,36.8173],[25.4234,36.8185],[25.4224,36.8182],[25.421,36.8193],[25.4193,36.8198],[25.4179,36.8224],[25.4151,36.8245],[25.413,36.8249],[25.4057,36.8248],[25.4033,36.8266],[25.4041,36.8276],[25.4038,36.8286],[25.4044,36.8318],[25.4055,36.8328],[25.4062,36.8349],[25.4107,36.837],[25.4109,36.838],[25.413,36.8401],[25.4141,36.8397],[25.4146,36.8411],[25.4161,36.8424],[25.4172,36.8419],[25.4182,36.8426],[25.4203,36.8421],[25.4215,36.8432],[25.4229,36.8453],[25.4245,36.8496],[25.4276,36.8526],[25.429,36.8547],[25.4285,36.8557],[25.4296,36.8568],[25.4292,36.8578],[25.4297,36.8593],[25.4307,36.8597],[25.4318,36.8615],[25.4328,36.8616],[25.4339,36.8625],[25.437,36.8621],[25.4391,36.8634],[25.4401,36.8629],[25.4409,36.863],[25.4422,36.8639],[25.4464,36.8652],[25.4482,36.8651],[25.4495,36.8659],[25.4505,36.8655],[25.4533,36.8672],[25.4551,36.8693],[25.4576,36.8734],[25.4577,36.8745],[25.4599,36.8774],[25.4641,36.8793],[25.4651,36.8783],[25.4661,36.8795],[25.4693,36.88],[25.4726,36.8797],[25.4745,36.8782],[25.4755,36.8788],[25.4761,36.8786],[25.4766,36.8776],[25.4776,36.8774],[25.4786,36.8762],[25.4798,36.8766],[25.48,36.8745],[25.4806,36.8734],[25.4818,36.8732],[25.4824,36.8724],[25.4821,36.8693],[25.4829,36.8672],[25.4864,36.8651],[25.4866,36.8641],[25.4901,36.8628],[25.4923,36.8589],[25.4918,36.8578],[25.4927,36.8568],[25.4925,36.8557],[25.4932,36.8547],[25.4933,36.8516],[25.4929,36.8495],[25.4886,36.8401],[25.4869,36.8297],[25.4857,36.8276],[25.4812,36.8234],[25.4808,36.8224],[25.4797,36.8222],[25.4776,36.8202],[25.4651,36.8188],[25.4641,36.8176],[25.463,36.8174],[25.462,36.8156],[25.4612,36.8151],[25.4589,36.8151],[25.4568,36.8126],[25.4557,36.8132],[25.4526,36.8118]],[[25.5578,36.7021],[25.5557,36.7016],[25.5531,36.7026],[25.5515,36.7047],[25.5516,36.7068],[25.5526,36.7078],[25.5547,36.7086],[25.5568,36.7085],[25.5584,36.7078],[25.5594,36.7068],[25.5597,36.7047],[25.5589,36.7029],[25.5578,36.7021]],[[25.3453,36.6316],[25.3422,36.6329],[25.3405,36.6349],[25.3396,36.638],[25.3394,36.6411],[25.3371,36.6443],[25.3359,36.6448],[25.3349,36.644],[25.3328,36.6456],[25.3318,36.645],[25.3315,36.6453],[25.332,36.6464],[25.3314,36.6484],[25.3322,36.6495],[25.3318,36.6505],[25.3318,36.6527],[25.3307,36.6533],[25.3297,36.6525],[25.3304,36.6536],[25.3297,36.6547],[25.3255,36.6576],[25.3234,36.6565],[25.3214,36.6562],[25.3196,36.6578],[25.3193,36.6589],[25.3182,36.6594],[25.3171,36.6609],[25.3167,36.6672],[25.3175,36.6682],[25.3172,36.6687],[25.3151,36.6698],[25.3141,36.6698],[25.3122,36.6714],[25.3126,36.6724],[25.312,36.6728],[25.3099,36.6733],[25.3089,36.674],[25.3051,36.6734],[25.305,36.6745],[25.3028,36.6766],[25.3025,36.6786],[25.3036,36.6833],[25.3016,36.6849],[25.2995,36.684],[25.2984,36.6843],[25.2982,36.6849],[25.2989,36.6859],[25.2991,36.688],[25.2984,36.6884],[25.2974,36.6884],[25.2953,36.6873],[25.2943,36.6872],[25.293,36.6901],[25.2935,36.6911],[25.2931,36.6932],[25.2901,36.695],[25.288,36.6946],[25.287,36.696],[25.2857,36.6953],[25.2863,36.6964],[25.2863,36.6974],[25.2849,36.6979],[25.2833,36.6995],[25.2839,36.7008],[25.2797,36.7018],[25.2776,36.7011],[25.2766,36.7013],[25.2755,36.7007],[25.2724,36.7046],[25.2672,36.7051],[25.2589,36.707],[25.2557,36.706],[25.2547,36.7062],[25.2536,36.708],[25.2525,36.7078],[25.2527,36.7099],[25.2516,36.7106],[25.2474,36.7108],[25.2464,36.71],[25.2453,36.7101],[25.2443,36.7093],[25.2432,36.7093],[25.2394,36.7109],[25.238,36.7122],[25.2349,36.7125],[25.2346,36.713],[25.2341,36.7161],[25.2344,36.7172],[25.2338,36.7182],[25.2346,36.7245],[25.2359,36.7268],[25.2375,36.7276],[25.2367,36.7286],[25.237,36.7291],[25.2382,36.7286],[25.2383,36.7307],[25.2396,36.7318],[25.2398,36.7328],[25.2411,36.7343],[25.2442,36.7359],[25.2445,36.737],[25.2455,36.738],[25.2462,36.7401],[25.2457,36.7411],[25.2456,36.7432],[25.2442,36.7453],[25.2453,36.7495],[25.2447,36.7505],[25.2462,36.7526],[25.2476,36.7536],[25.2473,36.7547],[25.2476,36.7557],[25.2501,36.7578],[25.251,36.7599],[25.2521,36.7609],[25.2523,36.762],[25.2515,36.763],[25.2522,36.7651],[25.2537,36.7661],[25.2553,36.7724],[25.2597,36.7755],[25.2609,36.7773],[25.2651,36.7837],[25.2645,36.7849],[25.2662,36.7891],[25.2714,36.7946],[25.2724,36.7938],[25.2745,36.7938],[25.2776,36.7963],[25.2818,36.7973],[25.2839,36.796],[25.2859,36.7975],[25.287,36.796],[25.2891,36.7952],[25.2922,36.7951],[25.3036,36.7991],[25.3109,36.8049],[25.312,36.8053],[25.313,36.8047],[25.3151,36.8052],[25.3166,36.8026],[25.3172,36.7999],[25.3186,36.7995],[25.3178,36.7943],[25.3183,36.7922],[25.3193,36.7906],[25.3214,36.7881],[25.3224,36.788],[25.3267,36.7839],[25.3276,36.7833],[25.3318,36.7835],[25.3322,36.7828],[25.3316,36.7818],[25.3318,36.7814],[25.3328,36.781],[25.3339,36.7817],[25.3352,36.7797],[25.3354,36.7776],[25.3399,36.7745],[25.3428,36.7693],[25.3434,36.7672],[25.3422,36.764],[25.3451,36.762],[25.3464,36.7621],[25.3495,36.7605],[25.3526,36.7581],[25.354,36.7557],[25.3557,36.7544],[25.357,36.7547],[25.3599,36.7577],[25.362,36.7584],[25.3651,36.7587],[25.3703,36.7576],[25.3714,36.758],[25.3713,36.7568],[25.3724,36.7547],[25.372,36.7536],[25.3724,36.7527],[25.3738,36.7516],[25.3731,36.7505],[25.3726,36.7484],[25.3732,36.7474],[25.3725,36.7453],[25.3734,36.7426],[25.3766,36.7404],[25.3786,36.7402],[25.3797,36.7395],[25.3807,36.7401],[25.3828,36.7398],[25.387,36.7376],[25.3891,36.7375],[25.3911,36.7364],[25.3932,36.7338],[25.3943,36.7329],[25.3954,36.7328],[25.396,36.7318],[25.3974,36.7319],[25.3984,36.7331],[25.399,36.7318],[25.3989,36.7307],[25.3995,36.7304],[25.4005,36.7309],[25.4016,36.7304],[25.4026,36.731],[25.4039,36.7297],[25.4027,36.7286],[25.4036,36.7277],[25.405,36.7276],[25.404,36.7266],[25.4043,36.7255],[25.4071,36.7214],[25.4078,36.7212],[25.4099,36.7226],[25.4106,36.7224],[25.4101,36.7203],[25.4105,36.7193],[25.4098,36.7182],[25.4111,36.7151],[25.4112,36.712],[25.4109,36.7099],[25.41,36.7078],[25.4084,36.7057],[25.4047,36.7027],[25.4036,36.7032],[25.4026,36.7024],[25.4005,36.7028],[25.3995,36.7022],[25.3984,36.7024],[25.3971,36.7016],[25.3961,36.6984],[25.3948,36.6964],[25.3958,36.6953],[25.3951,36.6943],[25.3958,36.6932],[25.3951,36.6911],[25.3967,36.6901],[25.397,36.688],[25.397,36.687],[25.396,36.6859],[25.3964,36.6839],[25.3957,36.6818],[25.3963,36.6776],[25.3974,36.6762],[25.3984,36.6762],[25.3997,36.6745],[25.4005,36.6682],[25.3987,36.6651],[25.3986,36.6641],[25.3973,36.663],[25.3979,36.6609],[25.3977,36.6589],[25.397,36.6568],[25.3957,36.6547],[25.3939,36.6464],[25.3901,36.6436],[25.387,36.6427],[25.3818,36.6439],[25.3797,36.6431],[25.3811,36.6453],[25.3807,36.6462],[25.3734,36.6455],[25.3714,36.6444],[25.3703,36.6427],[25.3693,36.6422],[25.3674,36.6401],[25.3609,36.6356],[25.3536,36.6336],[25.3526,36.6348],[25.3495,36.6337],[25.3474,36.6319],[25.3453,36.6316]],[[25.0578,36.6241],[25.0557,36.6246],[25.0495,36.6284],[25.0484,36.6285],[25.0465,36.6307],[25.0453,36.6314],[25.0453,36.6329],[25.0445,36.6339],[25.0447,36.6349],[25.0453,36.636],[25.0484,36.6368],[25.0495,36.6375],[25.0536,36.6383],[25.0564,36.6401],[25.0578,36.6435],[25.0587,36.6443],[25.0587,36.6453],[25.063,36.6489],[25.0644,36.6536],[25.0724,36.6653],[25.0755,36.6686],[25.0805,36.6714],[25.0825,36.6745],[25.0833,36.6786],[25.0821,36.6818],[25.081,36.6828],[25.0809,36.6839],[25.0821,36.687],[25.0839,36.6888],[25.088,36.6901],[25.0899,36.6932],[25.0922,36.6955],[25.0984,36.6991],[25.1078,36.7016],[25.112,36.7038],[25.1161,36.7047],[25.1203,36.7067],[25.1266,36.7112],[25.1323,36.7161],[25.1349,36.7176],[25.1359,36.7172],[25.1391,36.7182],[25.1495,36.7189],[25.1547,36.7208],[25.1557,36.7202],[25.1599,36.7202],[25.1672,36.7222],[25.1682,36.7214],[25.1703,36.7206],[25.1745,36.722],[25.1786,36.7222],[25.1807,36.724],[25.1839,36.7243],[25.1858,36.7234],[25.186,36.7224],[25.1878,36.7214],[25.1891,36.7196],[25.1911,36.7109],[25.1904,36.7068],[25.1904,36.7057],[25.1913,36.7047],[25.1905,36.7036],[25.1911,36.7015],[25.1901,36.7009],[25.1895,36.6995],[25.188,36.698],[25.188,36.6972],[25.1892,36.6964],[25.1879,36.6932],[25.1859,36.6916],[25.1849,36.6924],[25.1839,36.6913],[25.1818,36.6906],[25.1803,36.6891],[25.1786,36.6857],[25.1761,36.6839],[25.1757,36.6828],[25.1745,36.6829],[25.1724,36.6813],[25.1703,36.6805],[25.1693,36.6794],[25.1682,36.6794],[25.1672,36.6786],[25.1661,36.6786],[25.1658,36.6766],[25.1642,36.6755],[25.1602,36.6703],[25.1589,36.6705],[25.1547,36.6671],[25.1526,36.6674],[25.1474,36.6653],[25.1428,36.6609],[25.1426,36.6599],[25.1392,36.6557],[25.137,36.6538],[25.1349,36.6537],[25.1349,36.6525],[25.1339,36.653],[25.1328,36.6528],[25.1307,36.6513],[25.1297,36.6512],[25.1286,36.652],[25.1229,36.6474],[25.1224,36.6464],[25.1214,36.6468],[25.1182,36.6457],[25.1172,36.6462],[25.1151,36.6458],[25.112,36.6445],[25.1078,36.6419],[25.1047,36.6411],[25.1016,36.639],[25.1,36.6391],[25.0964,36.6357],[25.0953,36.6361],[25.0943,36.6355],[25.0932,36.6361],[25.0922,36.6352],[25.0911,36.6356],[25.0901,36.6353],[25.088,36.6338],[25.0828,36.6287],[25.0807,36.6278],[25.0766,36.6277],[25.0724,36.6269],[25.0693,36.6252],[25.0682,36.6257],[25.0667,36.6255],[25.0667,36.6266],[25.0661,36.6269],[25.065,36.6266],[25.0654,36.6276],[25.0651,36.6284],[25.0643,36.6286],[25.0643,36.6307],[25.063,36.6309],[25.0627,36.6307],[25.0629,36.6297],[25.0578,36.6241]],[[25.0151,36.6199],[25.013,36.6196],[25.0117,36.6203],[25.0078,36.6208],[25.0047,36.6231],[25.0032,36.6255],[25.0032,36.6276],[25.0047,36.6305],[25.0078,36.6328],[25.0089,36.6326],[25.0099,36.6336],[25.0109,36.6335],[25.0138,36.6349],[25.0181,36.6391],[25.0203,36.6399],[25.0224,36.6399],[25.0266,36.6389],[25.0297,36.6363],[25.0318,36.6359],[25.0328,36.6349],[25.0325,36.6328],[25.0318,36.6318],[25.0328,36.6307],[25.0323,36.6297],[25.0307,36.6278],[25.0297,36.6273],[25.0266,36.6234],[25.0249,36.6224],[25.0193,36.6215],[25.0151,36.6199]],[[25.688,36.6158],[25.6859,36.6154],[25.6828,36.6156],[25.6766,36.6187],[25.674,36.6214],[25.6739,36.6234],[25.6697,36.6276],[25.6697,36.6307],[25.6703,36.6322],[25.6724,36.6331],[25.6807,36.6333],[25.6828,36.6321],[25.6891,36.6315],[25.6953,36.6268],[25.6984,36.623],[25.6989,36.6203],[25.6984,36.6191],[25.6964,36.6181],[25.6911,36.6175],[25.688,36.6158]],[[25.387,36.3912],[25.3859,36.3919],[25.3839,36.3919],[25.3828,36.3912],[25.3818,36.3919],[25.3807,36.3919],[25.3797,36.3944],[25.3786,36.3951],[25.3766,36.395],[25.3759,36.3964],[25.3734,36.3964],[25.3714,36.3984],[25.3734,36.4005],[25.3745,36.4005],[25.3755,36.4016],[25.3777,36.4016],[25.3786,36.4029],[25.3797,36.4022],[25.3839,36.4023],[25.3859,36.4055],[25.3859,36.4068],[25.387,36.4096],[25.387,36.412],[25.3911,36.4161],[25.3922,36.4161],[25.3943,36.413],[25.3974,36.413],[25.3984,36.4141],[25.3995,36.4141],[25.4005,36.413],[25.4026,36.413],[25.404,36.412],[25.4047,36.412],[25.4057,36.412],[25.4068,36.413],[25.4078,36.412],[25.4089,36.412],[25.4102,36.4109],[25.4109,36.4109],[25.412,36.4099],[25.412,36.4068],[25.4109,36.4054],[25.4109,36.4026],[25.4099,36.4016],[25.4078,36.4016],[25.4078,36.3984],[25.4057,36.3953],[25.3987,36.3953],[25.3974,36.3931],[25.3953,36.3932],[25.3943,36.3922],[25.3922,36.3939],[25.3911,36.394],[25.3901,36.3932],[25.3891,36.3932],[25.387,36.3912]],[[25.4432,36.3168],[25.4411,36.3163],[25.4339,36.3165],[25.4318,36.3172],[25.4276,36.3176],[25.4248,36.3214],[25.4251,36.3224],[25.4234,36.3244],[25.4224,36.3246],[25.4214,36.324],[25.4172,36.3261],[25.4089,36.334],[25.4068,36.3351],[25.4057,36.3346],[25.4046,36.337],[25.4005,36.3395],[25.3964,36.3397],[25.3943,36.3406],[25.387,36.3403],[25.3797,36.3407],[25.3734,36.3436],[25.3714,36.344],[25.3682,36.3458],[25.3651,36.3461],[25.362,36.3478],[25.3547,36.3481],[25.3536,36.349],[25.3526,36.3492],[25.3516,36.3508],[25.3489,36.3516],[25.3474,36.3539],[25.3453,36.3558],[25.3401,36.358],[25.3391,36.3589],[25.338,36.359],[25.3318,36.3644],[25.3297,36.3647],[25.3285,36.3672],[25.3249,36.3703],[25.325,36.3734],[25.3241,36.3755],[25.3203,36.3779],[25.3184,36.3786],[25.3176,36.3797],[25.3151,36.3849],[25.315,36.3859],[25.3132,36.388],[25.3129,36.3901],[25.3123,36.3911],[25.313,36.3995],[25.3113,36.4057],[25.3114,36.4193],[25.3132,36.4224],[25.3131,36.4276],[25.3141,36.4297],[25.3145,36.4328],[25.3152,36.4339],[25.3174,36.4411],[25.3208,36.4464],[25.3226,36.4516],[25.3276,36.4612],[25.3318,36.4657],[25.3339,36.4661],[25.3391,36.4658],[25.3427,36.4651],[25.3443,36.4637],[25.3453,36.4641],[25.3471,36.4641],[25.3464,36.4639],[25.345,36.462],[25.3467,36.4578],[25.3462,36.4526],[25.3484,36.451],[25.3495,36.4516],[25.3516,36.4516],[25.3526,36.4507],[25.3559,36.4505],[25.3578,36.4474],[25.3562,36.4453],[25.3568,36.4443],[25.3591,36.4422],[25.3591,36.4391],[25.358,36.438],[25.3578,36.4359],[25.3568,36.4349],[25.3547,36.4378],[25.3536,36.4378],[25.3526,36.437],[25.3516,36.4378],[25.3516,36.437],[25.3505,36.4359],[25.3495,36.4367],[25.3487,36.4359],[25.3495,36.4349],[25.3484,36.4339],[25.3477,36.4339],[25.3476,36.4318],[25.3495,36.4297],[25.3505,36.4297],[25.3515,36.4286],[25.3517,36.4266],[25.3526,36.4255],[25.3516,36.4245],[25.3507,36.4245],[25.3517,36.4234],[25.3518,36.4214],[25.3515,36.4182],[25.3507,36.4172],[25.3516,36.4172],[25.3536,36.4151],[25.3529,36.4141],[25.3529,36.413],[25.3536,36.413],[25.3547,36.412],[25.3538,36.4109],[25.3539,36.4089],[25.3547,36.4078],[25.3536,36.4068],[25.3505,36.4098],[25.3474,36.4099],[25.3443,36.4127],[25.3411,36.413],[25.3379,36.4151],[25.337,36.4151],[25.3349,36.417],[25.3339,36.4162],[25.3328,36.4172],[25.3318,36.4162],[25.3266,36.4161],[25.3255,36.4151],[25.3239,36.4151],[25.3246,36.4141],[25.3215,36.4109],[25.3204,36.4089],[25.3247,36.4036],[25.3217,36.4005],[25.3217,36.3932],[25.322,36.3922],[25.3233,36.3911],[25.3252,36.387],[25.3286,36.3841],[25.3318,36.3829],[25.3339,36.3841],[25.3359,36.3831],[25.337,36.3816],[25.338,36.3814],[25.3391,36.3814],[25.3411,36.383],[25.3453,36.3839],[25.3464,36.3849],[25.3484,36.3849],[25.3495,36.3859],[25.3516,36.3863],[25.3526,36.3849],[25.3528,36.3839],[25.3516,36.3825],[25.3516,36.3818],[25.3505,36.3807],[25.3497,36.3807],[25.3489,36.3797],[25.3497,36.3786],[25.3497,36.3776],[25.3484,36.3771],[25.3469,36.3755],[25.3469,36.3745],[25.3488,36.3714],[25.3495,36.3708],[25.3505,36.3711],[25.3526,36.3701],[25.3542,36.3672],[25.3578,36.3652],[25.363,36.3659],[25.3651,36.3675],[25.3661,36.3675],[25.3693,36.3655],[25.3703,36.3661],[25.3714,36.3661],[25.3724,36.3653],[25.3734,36.3654],[25.3745,36.3657],[25.3776,36.3686],[25.3786,36.3686],[25.3807,36.3676],[25.3828,36.3674],[25.3839,36.3682],[25.3849,36.3672],[25.3891,36.3672],[25.3901,36.3661],[25.3932,36.3661],[25.3943,36.3651],[25.3974,36.3651],[25.4005,36.363],[25.412,36.363],[25.4151,36.3651],[25.4151,36.3682],[25.4172,36.3703],[25.4182,36.3703],[25.4193,36.3714],[25.4199,36.3714],[25.4206,36.3724],[25.42,36.3766],[25.4249,36.3818],[25.4255,36.3833],[25.4266,36.3839],[25.4266,36.3859],[25.4286,36.388],[25.4297,36.388],[25.4307,36.3891],[25.4307,36.3901],[25.4318,36.3911],[25.4318,36.3922],[25.4327,36.3932],[25.4318,36.3943],[25.4318,36.3964],[25.4307,36.3974],[25.4307,36.3984],[25.4287,36.4005],[25.4286,36.4013],[25.4266,36.4016],[25.4255,36.4026],[25.4266,36.4036],[25.4255,36.4047],[25.4255,36.4057],[25.4266,36.4072],[25.4266,36.4089],[25.4276,36.4099],[25.4276,36.4172],[25.4266,36.4172],[25.4245,36.4193],[25.4245,36.4255],[25.422,36.4276],[25.4182,36.4276],[25.4172,36.4285],[25.4151,36.4285],[25.4141,36.4276],[25.413,36.4286],[25.4141,36.43],[25.4141,36.4307],[25.413,36.4318],[25.4141,36.4328],[25.4141,36.4339],[25.4182,36.438],[25.4182,36.4401],[25.4193,36.4411],[25.4214,36.4411],[25.4214,36.4453],[25.4203,36.4464],[25.4203,36.4492],[25.4182,36.4526],[25.4172,36.4526],[25.412,36.4578],[25.4109,36.4578],[25.4099,36.4586],[25.4078,36.4586],[25.4068,36.4578],[25.4016,36.4576],[25.3995,36.4557],[25.3974,36.4557],[25.3964,36.4568],[25.3953,36.4568],[25.3941,36.4578],[25.3914,36.4578],[25.3901,36.4568],[25.3891,36.4576],[25.387,36.4578],[25.3859,36.4589],[25.3859,36.4595],[25.3849,36.4589],[25.3828,36.4589],[25.3818,36.4597],[25.3807,36.4589],[25.3778,36.4589],[25.3766,36.4578],[25.3755,36.4587],[25.3745,36.4586],[25.3745,36.4578],[25.3724,36.4558],[25.3703,36.4578],[25.3703,36.4596],[25.3693,36.4597],[25.3682,36.4609],[25.3682,36.462],[25.369,36.463],[25.3672,36.4651],[25.3677,36.4672],[25.3669,36.4682],[25.3668,36.4703],[25.3669,36.4745],[25.3679,36.4766],[25.3706,36.4797],[25.3714,36.4814],[25.3766,36.4859],[25.3786,36.4876],[25.3828,36.4893],[25.3849,36.49],[25.3911,36.4887],[25.3953,36.4867],[25.3974,36.4868],[25.4005,36.4851],[25.4047,36.485],[25.4078,36.4842],[25.4089,36.4847],[25.412,36.4823],[25.4161,36.4823],[25.4182,36.4811],[25.4245,36.4793],[25.4266,36.4782],[25.4318,36.4731],[25.4349,36.4712],[25.4359,36.4697],[25.4411,36.4658],[25.4453,36.4605],[25.4464,36.4602],[25.4484,36.4585],[25.4526,36.4567],[25.4578,36.4522],[25.4661,36.4429],[25.4724,36.4372],[25.4749,36.4328],[25.4747,36.4307],[25.4759,36.4286],[25.4776,36.4277],[25.4807,36.4273],[25.4828,36.4259],[25.4843,36.4245],[25.4849,36.4232],[25.4882,36.4214],[25.4906,36.4182],[25.4943,36.4148],[25.4951,36.413],[25.4952,36.4109],[25.4961,36.4099],[25.4952,36.4068],[25.4964,36.4049],[25.4965,36.4036],[25.4937,36.3974],[25.4936,36.3911],[25.4958,36.388],[25.4967,36.3839],[25.4953,36.3761],[25.4927,36.3714],[25.4882,36.3568],[25.4849,36.3529],[25.4797,36.3498],[25.4743,36.3443],[25.4644,36.3359],[25.4615,36.3318],[25.4526,36.3244],[25.4505,36.3218],[25.4484,36.3206],[25.4453,36.3177],[25.4432,36.3168]],[[25.8036,36.3005],[25.8026,36.3014],[25.8005,36.3003],[25.7984,36.3017],[25.7964,36.302],[25.7953,36.3027],[25.7932,36.3027],[25.7901,36.3043],[25.788,36.3059],[25.7879,36.3068],[25.7885,36.3078],[25.788,36.3086],[25.787,36.3087],[25.7857,36.3099],[25.7875,36.3109],[25.787,36.3118],[25.7837,36.312],[25.7875,36.3141],[25.787,36.3157],[25.7859,36.3167],[25.7849,36.3165],[25.7839,36.3169],[25.7818,36.3188],[25.7806,36.3193],[25.7813,36.3203],[25.7809,36.3214],[25.7839,36.323],[25.7859,36.3234],[25.7874,36.3245],[25.7873,36.3266],[25.7849,36.3284],[25.7828,36.3276],[25.7807,36.33],[25.7797,36.3302],[25.7786,36.3297],[25.7766,36.3305],[25.7755,36.3315],[25.7734,36.3307],[25.7693,36.3321],[25.7682,36.3319],[25.7641,36.3325],[25.7557,36.3351],[25.7484,36.3357],[25.7401,36.3377],[25.7359,36.3396],[25.7328,36.3405],[25.7214,36.346],[25.7174,36.3495],[25.7145,36.3536],[25.7142,36.3557],[25.7161,36.362],[25.7172,36.3618],[25.7184,36.3682],[25.7202,36.3714],[25.7234,36.3736],[25.7286,36.3799],[25.7338,36.3839],[25.7401,36.3863],[25.7432,36.388],[25.7448,36.3901],[25.7454,36.3943],[25.7474,36.3964],[25.7536,36.4004],[25.7568,36.4016],[25.7599,36.4057],[25.7598,36.4068],[25.7609,36.4092],[25.763,36.409],[25.7651,36.408],[25.7693,36.4075],[25.7703,36.4069],[25.7724,36.4043],[25.7766,36.4038],[25.7797,36.4027],[25.78,36.4016],[25.7818,36.3998],[25.7828,36.4006],[25.7839,36.3989],[25.7849,36.3985],[25.787,36.3983],[25.7901,36.397],[25.7926,36.3974],[25.7943,36.3972],[25.7964,36.3963],[25.8005,36.3965],[25.8026,36.3961],[25.8065,36.3932],[25.8109,36.3884],[25.8276,36.3773],[25.8328,36.3681],[25.8349,36.368],[25.8391,36.3658],[25.8401,36.3647],[25.8411,36.3655],[25.8432,36.3651],[25.8474,36.3617],[25.8495,36.3607],[25.8516,36.3608],[25.8536,36.3619],[25.8557,36.3622],[25.8578,36.3622],[25.8599,36.3615],[25.862,36.3597],[25.8637,36.3568],[25.8644,36.3526],[25.863,36.3484],[25.8599,36.3453],[25.8526,36.3411],[25.8443,36.3387],[25.8349,36.3385],[25.8297,36.3396],[25.8276,36.3428],[25.8224,36.3428],[25.8172,36.3412],[25.8138,36.3391],[25.812,36.3373],[25.8109,36.3371],[25.8089,36.3358],[25.8078,36.3359],[25.8056,36.3339],[25.8036,36.3318],[25.8038,36.3307],[25.8026,36.3297],[25.8027,36.3286],[25.8019,36.3276],[25.8036,36.3275],[25.8047,36.3267],[25.8068,36.3273],[25.8071,36.3266],[25.8065,36.3255],[25.8068,36.3239],[25.8098,36.3224],[25.8096,36.3214],[25.8088,36.3203],[25.8089,36.3197],[25.8099,36.3193],[25.8099,36.3172],[25.8091,36.3151],[25.8099,36.3141],[25.8087,36.312],[25.8093,36.3057],[25.8089,36.3048],[25.8077,36.3047],[25.8087,36.3036],[25.8068,36.3016],[25.8057,36.3021],[25.8036,36.3005]],[[25.8911,36.2636],[25.888,36.2631],[25.8839,36.2639],[25.8804,36.2641],[25.878,36.2651],[25.8777,36.2661],[25.8755,36.2673],[25.8745,36.2686],[25.8734,36.2682],[25.8745,36.2703],[25.8738,36.2734],[25.8755,36.2752],[25.8797,36.2766],[25.8828,36.2769],[25.887,36.2764],[25.8974,36.2784],[25.9026,36.2799],[25.9047,36.281],[25.9068,36.2807],[25.9077,36.2797],[25.9073,36.2786],[25.9057,36.2769],[25.9026,36.2758],[25.9027,36.2734],[25.9005,36.2696],[25.8974,36.2678],[25.8946,36.2651],[25.8911,36.2636]],[[25.8318,36.2618],[25.8261,36.263],[25.8234,36.2651],[25.8224,36.2671],[25.8192,36.2703],[25.8187,36.2714],[25.8185,36.2755],[25.8173,36.2776],[25.8182,36.2785],[25.8181,36.2797],[25.8192,36.2807],[25.8203,36.283],[25.8224,36.2829],[25.8245,36.2846],[25.8248,36.2839],[25.8245,36.2826],[25.8255,36.2827],[25.8276,36.2842],[25.8286,36.2839],[25.8318,36.2815],[25.8328,36.2825],[25.8339,36.2819],[25.8349,36.2822],[25.8391,36.2808],[25.8401,36.2814],[25.8432,36.2789],[25.8453,36.2755],[25.846,36.2724],[25.848,36.2714],[25.8432,36.268],[25.8401,36.2667],[25.8359,36.2631],[25.8339,36.262],[25.8318,36.2618]],[[25.2151,36.2303],[25.2109,36.2303],[25.2089,36.2311],[25.2068,36.2327],[25.205,36.2349],[25.2036,36.2397],[25.2016,36.2409],[25.1953,36.2419],[25.1934,36.2453],[25.1934,36.2474],[25.1943,36.2505],[25.1978,36.2568],[25.2006,36.2599],[25.2026,36.2615],[25.2045,36.2609],[25.2057,36.2598],[25.2078,36.2552],[25.212,36.2505],[25.213,36.2484],[25.2126,36.2443],[25.2133,36.2411],[25.2172,36.2378],[25.2189,36.2349],[25.2191,36.2328],[25.2151,36.2303]],[[25.2297,36.2193],[25.2286,36.2193],[25.2276,36.2203],[25.2276,36.2214],[25.2286,36.2224],[25.2297,36.2224],[25.2307,36.2214],[25.2307,36.2203],[25.2297,36.2193]]]]}},{"type":"Feature","properties":{"depth":30,"kind":"isobath"},"geometry":{"type":"MultiLineString","coordinates":[[[25.0005,36.9789],[25.0027,36.9786],[25.0067,36.9797],[25.0089,36.9818],[25.0086,36.9828],[25.0096,36.9849],[25.012,36.9879],[25.0145,36.9922],[25.0151,36.9943],[25.014,36.9953],[25.0142,36.9964],[25.0137,36.9984],[25.012,36.9992],[25.0109,36.9984],[25.0115,36.9995]],[[25.6299,36.9776],[25.6294,36.9776],[25.6297,36.9773]],[[25.0913,36.9703],[25.0901,36.9706],[25.0889,36.9703],[25.0891,36.9696]],[[25.089,36.9693],[25.088,36.9698],[25.0873,36.9693],[25.088,36.9686]],[[25.0875,36.9682],[25.087,36.9688],[25.0859,36.9687],[25.0857,36.9682],[25.0859,36.9675],[25.087,36.9676]],[[25.1081,36.9651],[25.1072,36.9651],[25.1078,36.9643]],[[25.586,36.9578],[25.5867,36.9589],[25.5859,36.9593],[25.5849,36.9589]],[[25.5905,36.9578],[25.5901,36.9582],[25.5895,36.9578],[25.5901,36.9574]],[[25.581,36.9505],[25.5807,36.9508],[25.5805,36.9505]],[[25.5675,36.9297],[25.5672,36.9305],[25.5664,36.9297]],[[25.5663,36.9286],[25.5661,36.9291],[25.5657,36.9286]],[[25.6346,36.9266],[25.6339,36.9275],[25.6334,36.9266],[25.6339,36.9262]],[[25.5535,36.9151],[25.5526,36.916],[25.5522,36.9151],[25.5526,36.9144]],[[25.552,36.9141],[25.551,36.9141],[25.5516,36.9133]],[[25.5027,36.8651],[25.5024,36.8651],[25.5026,36.8643]],[[25.5082,36.8651],[25.5067,36.8651],[25.5068,36.8644],[25.5078,36.8645]],[[25.4166,36.8411],[25.4161,36.8417],[25.4155,36.8411]],[[25.4133,36.8391],[25.413,36.8399],[25.4122,36.8391]],[[25.4123,36.838],[25.412,36.8389],[25.4111,36.838],[25.412,36.8377]],[[25.6918,36.837],[25.6907,36.837],[25.6911,36.836]],[[25.2528,36.763],[25.2517,36.763],[25.2526,36.7625]],[[25.403,36.7297],[25.4026,36.7301],[25.4026,36.7289]],[[25.1907,36.7047],[25.1901,36.7052],[25.1899,36.7047],[25.1901,36.7044]],[[25.2851,36.6995],[25.2845,36.6995],[25.2849,36.6991]],[[25.2872,36.6984],[25.2866,36.6984],[25.287,36.6979]],[[25.3018,36.6901],[25.3014,36.6901],[25.3016,36.6897]],[[25.0642,36.6484],[25.0641,36.6489],[25.0633,36.6484]],[[25.3856,36.3984],[25.3849,36.3991],[25.3839,36.3992],[25.3832,36.3984]],[[25.8071,36.3036],[25.8064,36.3036],[25.8068,36.3032]],[[25.8037,36.3016],[25.803,36.3016],[25.8036,36.3007]],[[25.9977,36.8849],[25.9964,36.8839],[25.9932,36.8836],[25.9925,36.8828],[25.9922,36.8807],[25.9911,36.8797],[25.9901,36.8804],[25.9891,36.8804],[25.988,36.8797],[25.9859,36.8816],[25.9854,36.8807],[25.9859,36.8797],[25.9849,36.8787],[25.9839,36.8794],[25.9828,36.8783],[25.9797,36.8779],[25.9766,36.8766],[25.9745,36.8754],[25.9704,36.8714],[25.966,36.8682],[25.9656,36.8672],[25.9661,36.8661],[25.9651,36.8651],[25.9641,36.8659],[25.9641,36.8651],[25.963,36.8641],[25.9612,36.8641],[25.9599,36.8627],[25.9589,36.8627],[25.9581,36.862],[25.9588,36.8609],[25.9557,36.8578],[25.953,36.8578],[25.9526,36.8565],[25.9516,36.8557],[25.9498,36.8557],[25.9474,36.8537],[25.9464,36.8537],[25.9453,36.8543],[25.9453,36.8536],[25.9443,36.8526],[25.9401,36.8529],[25.938,36.8521],[25.9339,36.8477],[25.9334,36.8453],[25.9297,36.8417],[25.9297,36.8401],[25.9276,36.838],[25.9266,36.8383],[25.9255,36.8374],[25.9234,36.8369],[25.9224,36.8359],[25.9193,36.8345],[25.9186,36.8339],[25.9193,36.8328],[25.9193,36.8318],[25.9182,36.8307],[25.9172,36.8307],[25.9161,36.8318],[25.9161,36.8323],[25.9151,36.8323],[25.9141,36.8314],[25.912,36.8308],[25.9116,36.8297],[25.912,36.8286],[25.9109,36.8276],[25.9096,36.8276],[25.909,36.8255],[25.909,36.8193],[25.9099,36.8193],[25.9124,36.8172],[25.913,36.8161],[25.912,36.8151],[25.9109,36.8157],[25.9099,36.8151],[25.9089,36.8161],[25.9089,36.8185],[25.9083,36.8172],[25.9057,36.8144],[25.8953,36.8091],[25.8901,36.8049],[25.8869,36.8016],[25.8859,36.7995],[25.8839,36.7974],[25.8831,36.7974],[25.8807,36.7948],[25.8807,36.7932],[25.8797,36.7922],[25.8764,36.7922],[25.8734,36.7893],[25.8609,36.7836],[25.8568,36.7839],[25.8557,36.7832],[25.8547,36.7841],[25.8536,36.7841],[25.8474,36.7833],[25.8432,36.7818],[25.8411,36.7797],[25.837,36.7801],[25.8359,36.7797],[25.8328,36.7804],[25.8276,36.7795],[25.8266,36.7787],[25.8255,36.7789],[25.8224,36.7776],[25.8203,36.7774],[25.8193,36.776],[25.8182,36.776],[25.8172,36.775],[25.8161,36.7748],[25.8109,36.7696],[25.8036,36.7658],[25.7932,36.7648],[25.7891,36.7656],[25.787,36.7643],[25.7818,36.7644],[25.7776,36.7652],[25.7724,36.7655],[25.7703,36.766],[25.7641,36.7697],[25.763,36.77],[25.7589,36.7695],[25.7557,36.7708],[25.7464,36.7781],[25.7402,36.7859],[25.737,36.7879],[25.7363,36.7891],[25.7357,36.7922],[25.7375,36.7964],[25.7377,36.7995],[25.7362,36.8078],[25.7364,36.8099],[25.7374,36.812],[25.7399,36.8151],[25.7419,36.8203],[25.7443,36.8221],[25.7474,36.8221],[25.7505,36.8204],[25.7568,36.8203],[25.7593,36.8182],[25.7589,36.8156],[25.7599,36.8155],[25.762,36.8164],[25.7628,36.8161],[25.7631,36.8141],[25.7624,36.813],[25.763,36.8122],[25.7651,36.8124],[25.7661,36.8133],[25.7672,36.8133],[25.7693,36.8122],[25.7755,36.8135],[25.7776,36.8148],[25.7818,36.819],[25.7839,36.8206],[25.7911,36.8244],[25.7932,36.825],[25.7943,36.8249],[25.7964,36.8236],[25.7995,36.8226],[25.8016,36.8224],[25.8026,36.8216],[25.8039,36.8224],[25.8057,36.8205],[25.812,36.8196],[25.813,36.8179],[25.8141,36.8173],[25.8172,36.8188],[25.8203,36.8177],[25.8214,36.816],[25.8255,36.8151],[25.8297,36.8156],[25.8349,36.8181],[25.8364,36.8234],[25.8362,36.8255],[25.8348,36.8286],[25.8335,36.8297],[25.8332,36.8307],[25.8318,36.8313],[25.8307,36.8328],[25.8315,36.8339],[25.8315,36.8359],[25.8336,36.837],[25.8338,36.838],[25.8347,36.8391],[25.8349,36.8411],[25.836,36.8432],[25.8362,36.8464],[25.838,36.8489],[25.8401,36.8504],[25.8422,36.8527],[25.8453,36.8544],[25.8505,36.8551],[25.8526,36.8559],[25.8609,36.8616],[25.8651,36.862],[25.8693,36.8636],[25.8714,36.8637],[25.8745,36.8652],[25.8755,36.8649],[25.8839,36.8686],[25.8859,36.868],[25.888,36.869],[25.8891,36.8678],[25.8911,36.8689],[25.8922,36.8682],[25.8943,36.8681],[25.8964,36.8694],[25.8974,36.8694],[25.8997,36.8714],[25.8984,36.8732],[25.8953,36.8733],[25.8922,36.8724],[25.8901,36.8735],[25.888,36.8721],[25.8855,36.8745],[25.8848,36.8786],[25.8852,36.8807],[25.8839,36.8828],[25.8828,36.8825],[25.8825,36.8828],[25.8828,36.8839],[25.8825,36.8859],[25.883,36.8891],[25.8859,36.8911],[25.8953,36.8912],[25.8984,36.8919],[25.9016,36.8936],[25.9057,36.8938],[25.9172,36.8921],[25.9276,36.8894],[25.9339,36.8839],[25.9349,36.8839],[25.9359,36.8827],[25.937,36.8824],[25.9401,36.8843],[25.9422,36.884],[25.9443,36.8849],[25.953,36.8932],[25.9538,36.8943],[25.9536,36.8959],[25.9547,36.8958],[25.9555,36.8964],[25.9551,36.8974],[25.9556,36.8984],[25.9577,36.9005],[25.9575,36.9016],[25.9584,36.9026],[25.9568,36.9031],[25.9557,36.9027],[25.9547,36.903],[25.9543,36.9036],[25.9549,36.9047],[25.9536,36.9052],[25.9521,36.9068],[25.9512,36.9099],[25.9521,36.913],[25.9568,36.9198],[25.9589,36.9215],[25.9641,36.9241],[25.9666,36.9276],[25.9682,36.9289],[25.9745,36.9313],[25.9786,36.9321],[25.9901,36.9321],[25.9932,36.9337],[25.9971,36.938],[25.9995,36.9391]],[[25.5758,36.9995],[25.5746,36.9943],[25.5732,36.9911],[25.5736,36.9901],[25.5731,36.9891],[25.5736,36.988],[25.5724,36.9885],[25.5712,36.987],[25.5714,36.9862],[25.5724,36.9864],[25.5725,36.9849],[25.5718,36.9839],[25.572,36.9828],[25.5711,36.9818],[25.5718,36.9797],[25.5729,36.9786],[25.5672,36.9738],[25.5669,36.9724],[25.5677,36.9714],[25.5668,36.9703],[25.5673,36.9693],[25.564,36.9661],[25.5643,36.9651],[25.5626,36.962],[25.5609,36.9607],[25.5596,36.9589],[25.5578,36.9581],[25.5562,36.9568],[25.5557,36.9556],[25.5547,36.9561],[25.5507,36.9516],[25.5484,36.9497],[25.5464,36.9496],[25.5453,36.9487],[25.5442,36.9484],[25.5432,36.9471],[25.5422,36.9469],[25.5411,36.9475],[25.5387,36.9464],[25.5349,36.9437],[25.5328,36.9432],[25.5318,36.9422],[25.5307,36.9431],[25.5286,36.9421],[25.5234,36.9417],[25.5214,36.941],[25.5193,36.9411],[25.5161,36.9404],[25.5099,36.9376],[25.5016,36.935],[25.4995,36.9335],[25.4953,36.9318],[25.4953,36.9307],[25.4935,36.9297],[25.4911,36.9271],[25.4859,36.924],[25.4818,36.9231],[25.4703,36.9229],[25.4672,36.9221],[25.462,36.9171],[25.4531,36.913],[25.4495,36.9123],[25.4464,36.9108],[25.4443,36.9109],[25.4422,36.9121],[25.4401,36.9125],[25.4317,36.9193],[25.4307,36.9193],[25.4297,36.9203],[25.4297,36.9213],[25.4273,36.9266],[25.4245,36.9286],[25.4234,36.9286],[25.4224,36.9297],[25.4234,36.9307],[25.4224,36.9307],[25.4214,36.9318],[25.4223,36.9328],[25.4203,36.938],[25.421,36.9411],[25.4202,36.9464],[25.4182,36.951],[25.4161,36.9535],[25.4141,36.954],[25.413,36.9522],[25.4109,36.9502],[25.4089,36.9506],[25.4078,36.9499],[25.4068,36.95],[25.4057,36.9491],[25.4049,36.9495],[25.405,36.9505],[25.4038,36.9516],[25.4045,36.9526],[25.4036,36.9531],[25.4025,36.9526],[25.4029,36.9536],[25.4077,36.9589],[25.4081,36.9599],[25.4078,36.961],[25.4057,36.9637],[25.4016,36.966],[25.3995,36.9662],[25.3964,36.9646],[25.3943,36.9643],[25.3849,36.9665],[25.3818,36.9663],[25.3786,36.9652],[25.3764,36.9661],[25.372,36.9693],[25.3729,36.9714],[25.3723,36.9724],[25.3731,36.9734],[25.3728,36.9745],[25.3661,36.9818],[25.3663,36.9839],[25.3657,36.9849],[25.3652,36.988],[25.3654,36.9891],[25.3672,36.9911],[25.3673,36.9932],[25.3681,36.9953],[25.3673,36.9984]],[[25.2581,36.9995],[25.2578,36.9964],[25.2568,36.9949],[25.2547,36.9961],[25.2521,36.9932],[25.2505,36.9891],[25.2506,36.988],[25.2495,36.9873],[25.2489,36.9859],[25.2422,36.9817],[25.2349,36.9812],[25.2318,36.9798],[25.2308,36.9818],[25.2276,36.983],[25.2234,36.9824],[25.2224,36.9815],[25.2214,36.9825],[25.2193,36.9811],[25.2161,36.9817],[25.2151,36.983],[25.2141,36.9819],[25.212,36.9819],[25.2068,36.9802],[25.1974,36.9761],[25.1901,36.9747],[25.188,36.973],[25.1849,36.9726],[25.1839,36.9717],[25.1807,36.9707],[25.1797,36.9709],[25.1755,36.9701],[25.1714,36.971],[25.1672,36.9733],[25.1578,36.974],[25.1563,36.9755],[25.157,36.9766],[25.1568,36.9779],[25.1547,36.9789],[25.1516,36.9775],[25.1495,36.978],[25.1484,36.9771],[25.1474,36.9771],[25.1464,36.9776],[25.1453,36.9794],[25.1432,36.978],[25.1422,36.978],[25.1406,36.9786],[25.1401,36.9798],[25.1394,36.9797],[25.138,36.9786],[25.1349,36.9776],[25.133,36.9755],[25.1325,36.9693],[25.1307,36.9651],[25.1245,36.9609],[25.1203,36.9601],[25.1182,36.96],[25.1141,36.9607],[25.1121,36.962],[25.1109,36.9644],[25.1078,36.964],[25.1057,36.9654],[25.1026,36.9657],[25.1016,36.9664],[25.1005,36.9661],[25.1008,36.9672],[25.1005,36.9675],[25.0984,36.9669],[25.0964,36.9685],[25.0953,36.9687],[25.0945,36.9682],[25.0962,36.9672],[25.0953,36.9669],[25.0922,36.9678],[25.0915,36.9672],[25.0922,36.9665],[25.0932,36.9669],[25.0935,36.9661],[25.0922,36.966],[25.0909,36.9672],[25.0915,36.9682],[25.0911,36.9689],[25.0901,36.9688],[25.0891,36.9677],[25.088,36.968],[25.0862,36.9661],[25.0853,36.9641],[25.0855,36.962],[25.0863,36.9609],[25.0861,36.9599],[25.0837,36.9557],[25.0807,36.9525],[25.0797,36.9521],[25.0796,36.9505],[25.0786,36.9484],[25.0786,36.9443],[25.0782,36.9432],[25.075,36.9401],[25.0742,36.938],[25.0745,36.9359],[25.0734,36.9349],[25.0714,36.9343],[25.0703,36.9343],[25.0682,36.9353],[25.0672,36.9348],[25.0661,36.9358],[25.0641,36.936],[25.062,36.937],[25.0598,36.9391],[25.0599,36.9411],[25.0575,36.9422],[25.0575,36.9443],[25.0568,36.9452],[25.0547,36.9457],[25.0536,36.9452],[25.0505,36.9469],[25.0502,36.9474],[25.0505,36.9488],[25.0484,36.9489],[25.0453,36.9477],[25.0447,36.9484],[25.0454,36.9495],[25.0443,36.9499],[25.0432,36.951],[25.0421,36.9505],[25.0426,36.9516],[25.0422,36.9536],[25.0401,36.9531],[25.0391,36.9521],[25.037,36.9545],[25.0359,36.9549],[25.0349,36.9549],[25.0329,36.9536],[25.0329,36.9516],[25.0318,36.9495],[25.032,36.9484],[25.0315,36.9474],[25.0289,36.9464],[25.0276,36.947],[25.0266,36.9463],[25.0099,36.9469],[25.0078,36.9462],[25.0068,36.9468],[25.0047,36.9462],[25.0036,36.9465]],[[25.6401,36.9743],[25.6397,36.9745],[25.6401,36.9748]],[[25.2641,36.9554],[25.263,36.9564],[25.2609,36.9564],[25.2589,36.9582],[25.2587,36.9609],[25.2595,36.962],[25.2609,36.9619],[25.262,36.9626],[25.263,36.9624],[25.2637,36.9609],[25.2651,36.96],[25.2664,36.9599],[25.2675,36.9589]],[[25.2661,36.9545],[25.2658,36.9547],[25.2682,36.957]],[[25.5703,36.8932],[25.5682,36.8949],[25.5641,36.8938],[25.5609,36.895],[25.5578,36.8944],[25.5516,36.8959],[25.5505,36.8972],[25.5493,36.8974],[25.5467,36.9005],[25.5462,36.9036],[25.5468,36.9057],[25.5467,36.9068],[25.5475,36.9078],[25.5474,36.9092],[25.5497,36.9109],[25.5502,36.9141],[25.551,36.9151],[25.5526,36.9163],[25.5551,36.9172],[25.5551,36.9182],[25.5566,36.9193],[25.5569,36.9203],[25.563,36.9254],[25.5633,36.9266],[25.5651,36.9292],[25.569,36.9328],[25.5687,36.9339],[25.5698,36.9359],[25.5755,36.9416],[25.5774,36.9443],[25.5782,36.9474],[25.5799,36.9495],[25.5789,36.9505],[25.5791,36.9516],[25.5786,36.9521],[25.5776,36.9509],[25.5776,36.9526],[25.5786,36.954],[25.5797,36.9545],[25.5798,36.9557],[25.5812,36.9568],[25.5807,36.9578],[25.5818,36.9573],[25.5838,36.9578],[25.5835,36.9589],[25.5849,36.9589],[25.5859,36.9603],[25.588,36.9583],[25.5891,36.9581],[25.5895,36.9589],[25.5891,36.9599],[25.5922,36.9576],[25.5943,36.9584],[25.5953,36.9579],[25.6036,36.9592],[25.6047,36.9586],[25.612,36.9594],[25.6141,36.9611],[25.6141,36.959],[25.6161,36.9586],[25.6172,36.9591],[25.6193,36.9615],[25.6203,36.9602],[25.6222,36.962],[25.6224,36.9634],[25.6226,36.962],[25.6208,36.9599],[25.621,36.9589],[25.6225,36.9578],[25.6224,36.9589],[25.6234,36.9606],[25.624,36.9599],[25.6233,36.9568],[25.6245,36.9563],[25.6252,36.9578],[25.6255,36.9599],[25.6251,36.9609],[25.6264,36.9651],[25.6274,36.9661],[25.6258,36.9672],[25.6261,36.9682],[25.6295,36.9703],[25.6291,36.9714],[25.6293,36.9734],[25.6286,36.974],[25.6277,36.9734],[25.628,36.9724],[25.6276,36.9721],[25.6266,36.9724],[25.6275,36.9734],[25.6271,36.9745],[25.6276,36.975],[25.6286,36.975],[25.6297,36.9738],[25.6313,36.9766],[25.6276,36.9764],[25.6276,36.9776],[25.626,36.9786],[25.6274,36.9797],[25.6265,36.9818],[25.6269,36.9839],[25.6264,36.9859],[25.6273,36.9901],[25.6307,36.9932],[25.6349,36.9945],[25.6401,36.9948],[25.6432,36.9935],[25.6448,36.9922],[25.6463,36.9901],[25.6468,36.988],[25.6471,36.9849],[25.646,36.9818],[25.6432,36.979],[25.638,36.9783],[25.6359,36.9767],[25.6349,36.9745],[25.6349,36.974],[25.637,36.9734],[25.6359,36.9732],[25.6353,36.9724],[25.6318,36.9702],[25.6307,36.9702],[25.6301,36.9693],[25.6312,36.9682],[25.6304,36.9661],[25.6317,36.963],[25.6316,36.962],[25.632,36.9609],[25.6294,36.9578],[25.6305,36.9568],[25.63,36.9557],[25.6312,36.9547],[25.631,36.9536],[25.6325,36.9505],[25.6331,36.9474],[25.6329,36.9401],[25.6326,36.9391],[25.6316,36.938],[25.6322,36.937],[25.6311,36.9359],[25.6306,36.9339],[25.6294,36.9328],[25.6301,36.9318],[25.6295,36.9307],[25.6307,36.9303],[25.633,36.9307],[25.6328,36.9292],[25.6339,36.9289],[25.6341,36.9276],[25.6354,36.9266],[25.6339,36.9238],[25.6328,36.9243],[25.6318,36.9232],[25.6307,36.9242],[25.629,36.9245],[25.6291,36.9255],[25.6286,36.9259],[25.6276,36.9252],[25.6266,36.9257],[25.6245,36.9253],[25.6229,36.9234],[25.6234,36.9233],[25.6245,36.9212],[25.6234,36.9218],[25.6224,36.921],[25.6214,36.9217],[25.6161,36.9203],[25.612,36.9216],[25.6099,36.9193],[25.6088,36.9141],[25.6068,36.9121],[25.6067,36.9109],[25.6057,36.91],[25.6005,36.909],[25.5953,36.9071],[25.5922,36.9075],[25.5891,36.9072],[25.5818,36.9056],[25.5797,36.9039],[25.578,36.9016],[25.5786,36.8984],[25.5766,36.8967],[25.5755,36.8965],[25.5734,36.8943],[25.5714,36.8943]],[[25.6255,36.8554],[25.6221,36.8557],[25.6193,36.857],[25.6182,36.859],[25.6165,36.8599],[25.6163,36.8609],[25.6148,36.862],[25.6152,36.863],[25.6144,36.8641],[25.6151,36.8663],[25.6145,36.8682],[25.6127,36.8693],[25.6135,36.8703],[25.613,36.8713],[25.6109,36.8708],[25.6036,36.8732],[25.6016,36.873],[25.6001,36.8745],[25.6005,36.8755],[25.5997,36.8786],[25.5984,36.8783],[25.598,36.8797],[25.5974,36.8803],[25.5964,36.8798],[25.5963,36.8807],[25.5975,36.8828],[25.5981,36.8859],[25.5995,36.8876],[25.6036,36.8893],[25.6076,36.8943],[25.6161,36.8981],[25.6286,36.9002],[25.6307,36.902],[25.6339,36.9027],[25.6349,36.904],[25.638,36.9057],[25.6395,36.9089],[25.6396,36.9109],[25.6407,36.912],[25.6401,36.913],[25.6422,36.9137],[25.6443,36.9152],[25.6495,36.9144],[25.6557,36.9122],[25.6578,36.911],[25.6599,36.9113],[25.662,36.9104],[25.6641,36.9109],[25.6753,36.9057],[25.6779,36.9036],[25.6794,36.9016],[25.6807,36.8984],[25.6807,36.8942],[25.6818,36.8938],[25.6839,36.8946],[25.6843,36.8943],[25.6888,36.888],[25.6907,36.887],[25.6949,36.8818],[25.6955,36.8786],[25.6952,36.8755],[25.6928,36.8714],[25.6911,36.8704],[25.6901,36.8692],[25.6818,36.8679],[25.6786,36.8695],[25.6724,36.8696],[25.6672,36.8703],[25.663,36.8696],[25.6568,36.8698],[25.6544,36.8693],[25.6537,36.8682],[25.6526,36.8681],[25.6516,36.8671],[25.652,36.8682],[25.6516,36.8685],[25.6484,36.868],[25.6422,36.8654],[25.6422,36.8639],[25.6401,36.8641],[25.6407,36.863],[25.6404,36.862],[25.6391,36.8607],[25.6388,36.8609],[25.6397,36.862],[25.6395,36.863],[25.6391,36.8633],[25.638,36.8627],[25.637,36.8635],[25.6359,36.8631],[25.6339,36.8631],[25.6323,36.8641],[25.6318,36.8652],[25.6297,36.8653],[25.6285,36.863],[25.63,36.8609],[25.6293,36.8599],[25.6295,36.8589],[25.6283,36.8568]],[[25.5276,36.8297],[25.5234,36.8292],[25.5161,36.8335],[25.515,36.8349],[25.5128,36.8422],[25.5106,36.8464],[25.5112,36.8484],[25.5141,36.8512],[25.5145,36.8526],[25.5141,36.8546],[25.5125,36.8557],[25.512,36.8567],[25.5117,36.8599],[25.5111,36.8609],[25.508,36.862],[25.5078,36.8635],[25.5068,36.8623],[25.5057,36.8635],[25.5026,36.8629],[25.5016,36.8637],[25.4995,36.8636],[25.4984,36.8648],[25.4972,36.8651],[25.4972,36.8661],[25.4953,36.8669],[25.4956,36.8693],[25.4951,36.8703],[25.4943,36.8709],[25.4931,36.8703],[25.4943,36.8734],[25.4941,36.8755],[25.4974,36.8802],[25.4995,36.8803],[25.5036,36.8855],[25.5047,36.886],[25.5089,36.8906],[25.5099,36.8913],[25.5141,36.8922],[25.5182,36.8954],[25.5214,36.8955],[25.5234,36.8962],[25.5276,36.8952],[25.5307,36.8927],[25.5328,36.8919],[25.537,36.8917],[25.5394,36.8932],[25.5401,36.8942],[25.5411,36.8933],[25.5464,36.8916],[25.5489,36.888],[25.5453,36.8825],[25.5452,36.8797],[25.5464,36.8791],[25.5486,36.8766],[25.5507,36.8755],[25.5526,36.8728],[25.5536,36.873],[25.5544,36.8724],[25.555,36.8693],[25.5537,36.8672],[25.5546,36.8641],[25.5557,36.8628],[25.5568,36.863],[25.5559,36.862],[25.5553,36.8599],[25.5557,36.8593],[25.5568,36.8599],[25.5561,36.8589],[25.5568,36.8571],[25.5578,36.8582],[25.5586,36.8578],[25.5553,36.8526],[25.5484,36.8487],[25.5453,36.8472],[25.5422,36.8471],[25.538,36.8458],[25.537,36.845],[25.5359,36.8452],[25.5349,36.8443],[25.5346,36.8411],[25.5337,36.8401],[25.5346,36.8391],[25.5319,36.8328],[25.5307,36.8315]],[[25.6693,36.8296],[25.6658,36.8307],[25.6641,36.8318],[25.6605,36.837],[25.6589,36.8384],[25.6547,36.8392],[25.6505,36.8417],[25.6501,36.8422],[25.6503,36.8443],[25.6516,36.8466],[25.6536,36.8473],[25.6568,36.8496],[25.6589,36.8504],[25.662,36.8509],[25.6672,36.8508],[25.6734,36.8522],[25.6828,36.8531],[25.6839,36.8538],[25.6849,36.8539],[25.6891,36.8567],[25.6911,36.8569],[25.6922,36.8552],[25.6932,36.855],[25.6944,36.8536],[25.6953,36.8511],[25.696,36.8505],[25.6967,36.8432],[25.6964,36.8419],[25.6932,36.8387],[25.692,36.838],[25.6922,36.837],[25.6911,36.8359],[25.687,36.8368],[25.6849,36.8368],[25.6839,36.8374],[25.6807,36.8373],[25.6786,36.8363],[25.6752,36.8318]],[[25.3974,36.8213],[25.3964,36.8205],[25.3932,36.8221],[25.3909,36.8255],[25.3908,36.8266],[25.3918,36.8286],[25.3943,36.8307],[25.3986,36.8297],[25.3997,36.8224]],[[25.4526,36.8118],[25.4495,36.8126],[25.4484,36.8137],[25.4474,36.8128],[25.4453,36.8151],[25.4411,36.8149],[25.438,36.8165],[25.4297,36.8173],[25.4255,36.8169],[25.4245,36.8173],[25.4234,36.8185],[25.4224,36.8182],[25.421,36.8193],[25.4193,36.8198],[25.4179,36.8224],[25.4151,36.8245],[25.413,36.8249],[25.4057,36.8248],[25.4033,36.8266],[25.4041,36.8276],[25.4038,36.8286],[25.4044,36.8318],[25.4055,36.8328],[25.4062,36.8349],[25.4107,36.837],[25.4109,36.838],[25.413,36.8401],[25.4141,36.8397],[25.4146,36.8411],[25.4161,36.8424],[25.4172,36.8419],[25.4182,36.8426],[25.4203,36.8421],[25.4215,36.8432],[25.4229,36.8453],[25.4245,36.8496],[25.4276,36.8526],[25.429,36.8547],[25.4285,36.8557],[25.4296,36.8568],[25.4292,36.8578],[25.4297,36.8593],[25.4307,36.8597],[25.4318,36.8615],[25.4328,36.8616],[25.4339,36.8625],[25.437,36.8621],[25.4391,36.8634],[25.4401,36.8629],[25.4409,36.863],[25.4422,36.8639],[25.4464,36.8652],[25.4482,36.8651],[25.4495,36.8659],[25.4505,36.8655],[25.4533,36.8672],[25.4551,36.8693],[25.4576,36.8734],[25.4577,36.8745],[25.4599,36.8774],[25.4641,36.8793],[25.4651,36.8783],[25.4661,36.8795],[25.4693,36.88],[25.4726,36.8797],[25.4745,36.8782],[25.4755,36.8788],[25.4761,36.8786],[25.4766,36.8776],[25.4776,36.8774],[25.4786,36.8762],[25.4798,36.8766],[25.48,36.8745],[25.4806,36.8734],[25.4818,36.8732],[25.4824,36.8724],[25.4821,36.8693],[25.4829,36.8672],[25.4864,36.8651],[25.4866,36.8641],[25.4901,36.8628],[25.4923,36.8589],[25.4918,36.8578],[25.4927,36.8568],[25.4925,36.8557],[25.4932,36.8547],[25.4933,36.8516],[25.4929,36.8495],[25.4886,36.8401],[25.4869,36.8297],[25.4857,36.8276],[25.4812,36.8234],[25.4808,36.8224],[25.4797,36.8222],[25.4776,36.8202],[25.4651,36.8188],[25.4641,36.8176],[25.463,36.8174],[25.462,36.8156],[25.4612,36.8151],[25.4589,36.8151],[25.4568,36.8126],[25.4557,36.8132]],[[25.5578,36.7021],[25.5557,36.7016],[25.5531,36.7026],[25.5515,36.7047],[25.5516,36.7068],[25.5526,36.7078],[25.5547,36.7086],[25.5568,36.7085],[25.5584,36.7078],[25.5594,36.7068],[25.5597,36.7047],[25.5589,36.7029]],[[25.3453,36.6316],[25.3422,36.6329],[25.3405,36.6349],[25.3396,36.638],[25.3394,36.6411],[25.3371,36.6443],[25.3359,36.6448],[25.3349,36.644],[25.3328,36.6456],[25.3318,36.645],[25.3315,36.6453],[25.332,36.6464],[25.3314,36.6484],[25.3322,36.6495],[25.3318,36.6505],[25.3318,36.6527],[25.3307,36.6533],[25.3297,36.6525],[25.3304,36.6536],[25.3297,36.6547],[25.3255,36.6576],[25.3234,36.6565],[25.3214,36.6562],[25.3196,36.6578],[25.3193,36.6589],[25.3182,36.6594],[25.3171,36.6609],[25.3167,36.6672],[25.3175,36.6682],[25.3172,36.6687],[25.3151,36.6698],[25.3141,36.6698],[25.3122,36.6714],[25.3126,36.6724],[25.312,36.6728],[25.3099,36.6733],[25.3089,36.674],[25.3051,36.6734],[25.305,36.6745],[25.3028,36.6766],[25.3025,36.6786],[25.3036,36.6833],[25.3016,36.6849],[25.2995,36.684],[25.2984,36.6843],[25.2982,36.6849],[25.2989,36.6859],[25.2991,36.688],[25.2984,36.6884],[25.2974,36.6884],[25.2953,36.6873],[25.2943,36.6872],[25.293,36.6901],[25.2935,36.6911],[25.2931,36.6932],[25.2901,36.695],[25.288,36.6946],[25.287,36.696],[25.2857,36.6953],[25.2863,36.6964],[25.2863,36.6974],[25.2849,36.6979],[25.2833,36.6995],[25.2839,36.7008],[25.2797,36.7018],[25.2776,36.7011],[25.2766,36.7013],[25.2755,36.7007],[25.2724,36.7046],[25.2672,36.7051],[25.2589,36.707],[25.2557,36.706],[25.2547,36.7062],[25.2536,36.708],[25.2525,36.7078],[25.2527,36.7099],[25.2516,36.7106],[25.2474,36.7108],[25.2464,36.71],[25.2453,36.7101],[25.2443,36.7093],[25.2432,36.7093],[25.2394,36.7109],[25.238,36.7122],[25.2349,36.7125],[25.2346,36.713],[25.2341,36.7161],[25.2344,36.7172],[25.2338,36.7182],[25.2346,36.7245],[25.2359,36.7268],[25.2375,36.7276],[25.2367,36.7286],[25.237,36.7291],[25.2382,36.7286],[25.2383,36.7307],[25.2396,36.7318],[25.2398,36.7328],[25.2411,36.7343],[25.2442,36.7359],[25.2445,36.737],[25.2455,36.738],[25.2462,36.7401],[25.2457,36.7411],[25.2456,36.7432],[25.2442,36.7453],[25.2453,36.7495],[25.2447,36.7505],[25.2462,36.7526],[25.2476,36.7536],[25.2473,36.7547],[25.2476,36.7557],[25.2501,36.7578],[25.251,36.7599],[25.2521,36.7609],[25.2523,36.762],[25.2515,36.763],[25.2522,36.7651],[25.2537,36.7661],[25.2553,36.7724],[25.2597,36.7755],[25.2609,36.7773],[25.2651,36.7837],[25.2645,36.7849],[25.2662,36.7891],[25.2714,36.7946],[25.2724,36.7938],[25.2745,36.7938],[25.2776,36.7963],[25.2818,36.7973],[25.2839,36.796],[25.2859,36.7975],[25.287,36.796],[25.2891,36.7952],[25.2922,36.7951],[25.3036,36.7991],[25.3109,36.8049],[25.312,36.8053],[25.313,36.8047],[25.3151,36.8052],[25.3166,36.8026],[25.3172,36.7999],[25.3186,36.7995],[25.3178,36.7943],[25.3183,36.7922],[25.3193,36.7906],[25.3214,36.7881],[25.3224,36.788],[25.3267,36.7839],[25.3276,36.7833],[25.3318,36.7835],[25.3322,36.7828],[25.3316,36.7818],[25.3318,36.7814],[25.3328,36.781],[25.3339,36.7817],[25.3352,36.7797],[25.3354,36.7776],[25.3399,36.7745],[25.3428,36.7693],[25.3434,36.7672],[25.3422,36.764],[25.3451,36.762],[25.3464,36.7621],[25.3495,36.7605],[25.3526,36.7581],[25.354,36.7557],[25.3557,36.7544],[25.357,36.7547],[25.3599,36.7577],[25.362,36.7584],[25.3651,36.7587],[25.3703,36.7576],[25.3714,36.758],[25.3713,36.7568],[25.3724,36.7547],[25.372,36.7536],[25.3724,36.7527],[25.3738,36.7516],[25.3731,36.7505],[25.3726,36.7484],[25.3732,36.7474],[25.3725,36.7453],[25.3734,36.7426],[25.3766,36.7404],[25.3786,36.7402],[25.3797,36.7395],[25.3807,36.7401],[25.3828,36.7398],[25.387,36.7376],[25.3891,36.7375],[25.3911,36.7364],[25.3932,36.7338],[25.3943,36.7329],[25.3954,36.7328],[25.396,36.7318],[25.3974,36.7319],[25.3984,36.7331],[25.399,36.7318],[25.3989,36.7307],[25.3995,36.7304],[25.4005,36.7309],[25.4016,36.7304],[25.4026,36.731],[25.4039,36.7297],[25.4027,36.7286],[25.4036,36.7277],[25.405,36.7276],[25.404,36.7266],[25.4043,36.7255],[25.4071,36.7214],[25.4078,36.7212],[25.4099,36.7226],[25.4106,36.7224],[25.4101,36.7203],[25.4105,36.7193],[25.4098,36.7182],[25.4111,36.7151],[25.4112,36.712],[25.4109,36.7099],[25.41,36.7078],[25.4084,36.7057],[25.4047,36.7027],[25.4036,36.7032],[25.4026,36.7024],[25.4005,36.7028],[25.3995,36.7022],[25.3984,36.7024],[25.3971,36.7016],[25.3961,36.6984],[25.3948,36.6964],[25.3958,36.6953],[25.3951,36.6943],[25.3958,36.6932],[25.3951,36.6911],[25.3967,36.6901],[25.397,36.688],[25.397,36.687],[25.396,36.6859],[25.3964,36.6839],[25.3957,36.6818],[25.3963,36.6776],[25.3974,36.6762],[25.3984,36.6762],[25.3997,36.6745],[25.4005,36.6682],[25.3987,36.6651],[25.3986,36.6641],[25.3973,36.663],[25.3979,36.6609],[25.3977,36.6589],[25.397,36.6568],[25.3957,36.6547],[25.3939,36.6464],[25.3901,36.6436],[25.387,36.6427],[25.3818,36.6439],[25.3797,36.6431],[25.3811,36.6453],[25.3807,36.6462],[25.3734,36.6455],[25.3714,36.6444],[25.3703,36.6427],[25.3693,36.6422],[25.3674,36.6401],[25.3609,36.6356],[25.3536,36.6336],[25.3526,36.6348],[25.3495,36.6337],[25.3474,36.6319]],[[25.0578,36.6241],[25.0557,36.6246],[25.0495,36.6284],[25.0484,36.6285],[25.0465,36.6307],[25.0453,36.6314],[25.0453,36.6329],[25.0445,36.6339],[25.0447,36.6349],[25.0453,36.636],[25.0484,36.6368],[25.0495,36.6375],[25.0536,36.6383],[25.0564,36.6401],[25.0578,36.6435],[25.0587,36.6443],[25.0587,36.6453],[25.063,36.6489],[25.0644,36.6536],[25.0724,36.6653],[25.0755,36.6686],[25.0805,36.6714],[25.0825,36.6745],[25.0833,36.6786],[25.0821,36.6818],[25.081,36.6828],[25.0809,36.6839],[25.0821,36.687],[25.0839,36.6888],[25.088,36.6901],[25.0899,36.6932],[25.0922,36.6955],[25.0984,36.6991],[25.1078,36.7016],[25.112,36.7038],[25.1161,36.7047],[25.1203,36.7067],[25.1266,36.7112],[25.1323,36.7161],[25.1349,36.7176],[25.1359,36.7172],[25.1391,36.7182],[25.1495,36.7189],[25.1547,36.7208],[25.1557,36.7202],[25.1599,36.7202],[25.1672,36.7222],[25.1682,36.7214],[25.1703,36.7206],[25.1745,36.722],[25.1786,36.7222],[25.1807,36.724],[25.1839,36.7243],[25.1858,36.7234],[25.186,36.7224],[25.1878,36.7214],[25.1891,36.7196],[25.1911,36.7109],[25.1904,36.7068],[25.1904,36.7057],[25.1913,36.7047],[25.1905,36.7036],[25.1911,36.7015],[25.1901,36.7009],[25.1895,36.6995],[25.188,36.698],[25.188,36.6972],[25.1892,36.6964],[25.1879,36.6932],[25.1859,36.6916],[25.1849,36.6924],[25.1839,36.6913],[25.1818,36.6906],[25.1803,36.6891],[25.1786,36.6857],[25.1761,36.6839],[25.1757,36.6828],[25.1745,36.6829],[25.1724,36.6813],[25.1703,36.6805],[25.1693,36.6794],[25.1682,36.6794],[25.1672,36.6786],[25.1661,36.6786],[25.1658,36.6766],[25.1642,36.6755],[25.1602,36.6703],[25.1589,36.6705],[25.1547,36.6671],[25.1526,36.6674],[25.1474,36.6653],[25.1428,36.6609],[25.1426,36.6599],[25.1392,36.6557],[25.137,36.6538],[25.1349,36.6537],[25.1349,36.6525],[25.1339,36.653],[25.1328,36.6528],[25.1307,36.6513],[25.1297,36.6512],[25.1286,36.652],[25.1229,36.6474],[25.1224,36.6464],[25.1214,36.6468],[25.1182,36.6457],[25.1172,36.6462],[25.1151,36.6458],[25.112,36.6445],[25.1078,36.6419],[25.1047,36.6411],[25.1016,36.639],[25.1,36.6391],[25.0964,36.6357],[25.0953,36.6361],[25.0943,36.6355],[25.0932,36.6361],[25.0922,36.6352],[25.0911,36.6356],[25.0901,36.6353],[25.088,36.6338],[25.0828,36.6287],[25.0807,36.6278],[25.0766,36.6277],[25.0724,36.6269],[25.0693,36.6252],[25.0682,36.6257],[25.0667,36.6255],[25.0667,36.6266],[25.0661,36.6269],[25.065,36.6266],[25.0654,36.6276],[25.0651,36.6284],[25.0643,36.6286],[25.0643,36.6307],[25.063,36.6309],[25.0627,36.6307],[25.0629,36.6297]],[[25.0151,36.6199],[25.013,36.6196],[25.0117,36.6203],[25.0078,36.6208],[25.0047,36.6231],[25.0032,36.6255],[25.0032,36.6276],[25.0047,36.6305],[25.0078,36.6328],[25.0089,36.6326],[25.0099,36.6336],[25.0109,36.6335],[25.0138,36.6349],[25.0181,36.6391],[25.0203,36.6399],[25.0224,36.6399],[25.0266,36.6389],[25.0297,36.6363],[25.0318,36.6359],[25.0328,36.6349],[25.0325,36.6328],[25.0318,36.6318],[25.0328,36.6307],[25.0323,36.6297],[25.0307,36.6278],[25.0297,36.6273],[25.0266,36.6234],[25.0249,36.6224],[25.0193,36.6215]],[[25.688,36.6158],[25.6859,36.6154],[25.6828,36.6156],[25.6766,36.6187],[25.674,36.6214],[25.6739,36.6234],[25.6697,36.6276],[25.6697,36.6307],[25.6703,36.6322],[25.6724,36.6331],[25.6807,36.6333],[25.6828,36.6321],[25.6891,36.6315],[25.6953,36.6268],[25.6984,36.623],[25.6989,36.6203],[25.6984,36.6191],[25.6964,36.6181],[25.6911,36.6175]],[[25.387,36.3912],[25.3859,36.3919],[25.3839,36.3919],[25.3828,36.3912],[25.3818,36.3919],[25.3807,36.3919],[25.3797,36.3944],[25.3786,36.3951],[25.3766,36.395],[25.3759,36.3964],[25.3734,36.3964],[25.3714,36.3984],[25.3734,36.4005],[25.3745,36.4005],[25.3755,36.4016],[25.3777,36.4016],[25.3786,36.4029],[25.3797,36.4022],[25.3839,36.4023],[25.3859,36.4055],[25.3859,36.4068],[25.387,36.4096],[25.387,36.412],[25.3911,36.4161],[25.3922,36.4161],[25.3943,36.413],[25.3974,36.413],[25.3984,36.4141],[25.3995,36.4141],[25.4005,36.413],[25.4026,36.413],[25.404,36.412],[25.4047,36.412],[25.4057,36.412],[25.4068,36.413],[25.4078,36.412],[25.4089,36.412],[25.4102,36.4109],[25.4109,36.4109],[25.412,36.4099],[25.412,36.4068],[25.4109,36.4054],[25.4109,36.4026],[25.4099,36.4016],[25.4078,36.4016],[25.4078,36.3984],[25.4057,36.3953],[25.3987,36.3953],[25.3974,36.3931],[25.3953,36.3932],[25.3943,36.3922],[25.3922,36.3939],[25.3911,36.394],[25.3901,36.3932],[25.3891,36.3932]],[[25.4432,36.3168],[25.4411,36.3163],[25.4339,36.3165],[25.4318,36.3172],[25.4276,36.3176],[25.4248,36.3214],[25.4251,36.3224],[25.4234,36.3244],[25.4224,36.3246],[25.4214,36.324],[25.4172,36.3261],[25.4089,36.334],[25.4068,36.3351],[25.4057,36.3346],[25.4046,36.337],[25.4005,36.3395],[25.3964,36.3397],[25.3943,36.3406],[25.387,36.3403],[25.3797,36.3407],[25.3734,36.3436],[25.3714,36.344],[25.3682,36.3458],[25.3651,36.3461],[25.362,36.3478],[25.3547,36.3481],[25.3536,36.349],[25.3526,36.3492],[25.3516,36.3508],[25.3489,36.3516],[25.3474,36.3539],[25.3453,36.3558],[25.3401,36.358],[25.3391,36.3589],[25.338,36.359],[25.3318,36.3644],[25.3297,36.3647],[25.3285,36.3672],[25.3249,36.3703],[25.325,36.3734],[25.3241,36.3755],[25.3203,36.3779],[25.3184,36.3786],[25.3176,36.3797],[25.3151,36.3849],[25.315,36.3859],[25.3132,36.388],[25.3129,36.3901],[25.3123,36.3911],[25.313,36.3995],[25.3113,36.4057],[25.3114,36.4193],[25.3132,36.4224],[25.3131,36.4276],[25.3141,36.4297],[25.3145,36.4328],[25.3152,36.4339],[25.3174,36.4411],[25.3208,36.4464],[25.3226,36.4516],[25.3276,36.4612],[25.3318,36.4657],[25.3339,36.4661],[25.3391,36.4658],[25.3427,36.4651],[25.3443,36.4637],[25.3453,36.4641],[25.3471,36.4641],[25.3464,36.4639],[25.345,36.462],[25.3467,36.4578],[25.3462,36.4526],[25.3484,36.451],[25.3495,36.4516],[25.3516,36.4516],[25.3526,36.4507],[25.3559,36.4505],[25.3578,36.4474],[25.3562,36.4453],[25.3568,36.4443],[25.3591,36.4422],[25.3591,36.4391],[25.358,36.438],[25.3578,36.4359],[25.3568,36.4349],[25.3547,36.4378],[25.3536,36.4378],[25.3526,36.437],[25.3516,36.4378],[25.3516,36.437],[25.3505,36.4359],[25.3495,36.4367],[25.3487,36.4359],[25.3495,36.4349],[25.3484,36.4339],[25.3477,36.4339],[25.3476,36.4318],[25.3495,36.4297],[25.3505,36.4297],[25.3515,36.4286],[25.3517,36.4266],[25.3526,36.4255],[25.3516,36.4245],[25.3507,36.4245],[25.3517,36.4234],[25.3518,36.4214],[25.3515,36.4182],[25.3507,36.4172],[25.3516,36.4172],[25.3536,36.4151],[25.3529,36.4141],[25.3529,36.413],[25.3536,36.413],[25.3547,36.412],[25.3538,36.4109],[25.3539,36.4089],[25.3547,36.4078],[25.3536,36.4068],[25.3505,36.4098],[25.3474,36.4099],[25.3443,36.4127],[25.3411,36.413],[25.3379,36.4151],[25.337,36.4151],[25.3349,36.417],[25.3339,36.4162],[25.3328,36.4172],[25.3318,36.4162],[25.3266,36.4161],[25.3255,36.4151],[25.3239,36.4151],[25.3246,36.4141],[25.3215,36.4109],[25.3204,36.4089],[25.3247,36.4036],[25.3217,36.4005],[25.3217,36.3932],[25.322,36.3922],[25.3233,36.3911],[25.3252,36.387],[25.3286,36.3841],[25.3318,36.3829],[25.3339,36.3841],[25.3359,36.3831],[25.337,36.3816],[25.338,36.3814],[25.3391,36.3814],[25.3411,36.383],[25.3453,36.3839],[25.3464,36.3849],[25.3484,36.3849],[25.3495,36.3859],[25.3516,36.3863],[25.3526,36.3849],[25.3528,36.3839],[25.3516,36.3825],[25.3516,36.3818],[25.3505,36.3807],[25.3497,36.3807],[25.3489,36.3797],[25.3497,36.3786],[25.3497,36.3776],[25.3484,36.3771],[25.3469,36.3755],[25.3469,36.3745],[25.3488,36.3714],[25.3495,36.3708],[25.3505,36.3711],[25.3526,36.3701],[25.3542,36.3672],[25.3578,36.3652],[25.363,36.3659],[25.3651,36.3675],[25.3661,36.3675],[25.3693,36.3655],[25.3703,36.3661],[25.3714,36.3661],[25.3724,36.3653],[25.3734,36.3654],[25.3745,36.3657],[25.3776,36.3686],[25.3786,36.3686],[25.3807,36.3676],[25.3828,36.3674],[25.3839,36.3682],[25.3849,36.3672],[25.3891,36.3672],[25.3901,36.3661],[25.3932,36.3661],[25.3943,36.3651],[25.3974,36.3651],[25.4005,36.363],[25.412,36.363],[25.4151,36.3651],[25.4151,36.3682],[25.4172,36.3703],[25.4182,36.3703],[25.4193,36.3714],[25.4199,36.3714],[25.4206,36.3724],[25.42,36.3766],[25.4249,36.3818],[25.4255,36.3833],[25.4266,36.3839],[25.4266,36.3859],[25.4286,36.388],[25.4297,36.388],[25.4307,36.3891],[25.4307,36.3901],[25.4318,36.3911],[25.4318,36.3922],[25.4327,36.3932],[25.4318,36.3943],[25.4318,36.3964],[25.4307,36.3974],[25.4307,36.3984],[25.4287,36.4005],[25.4286,36.4013],[25.4266,36.4016],[25.4255,36.4026],[25.4266,36.4036],[25.4255,36.4047],[25.4255,36.4057],[25.4266,36.4072],[25.4266,36.4089],[25.4276,36.4099],[25.4276,36.4172],[25.4266,36.4172],[25.4245,36.4193],[25.4245,36.4255],[25.422,36.4276],[25.4182,36.4276],[25.4172,36.4285],[25.4151,36.4285],[25.4141,36.4276],[25.413,36.4286],[25.4141,36.43],[25.4141,36.4307],[25.413,36.4318],[25.4141,36.4328],[25.4141,36.4339],[25.4182,36.438],[25.4182,36.4401],[25.4193,36.4411],[25.4214,36.4411],[25.4214,36.4453],[25.4203,36.4464],[25.4203,36.4492],[25.4182,36.4526],[25.4172,36.4526],[25.412,36.4578],[25.4109,36.4578],[25.4099,36.4586],[25.4078,36.4586],[25.4068,36.4578],[25.4016,36.4576],[25.3995,36.4557],[25.3974,36.4557],[25.3964,36.4568],[25.3953,36.4568],[25.3941,36.4578],[25.3914,36.4578],[25.3901,36.4568],[25.3891,36.4576],[25.387,36.4578],[25.3859,36.4589],[25.3859,36.4595],[25.3849,36.4589],[25.3828,36.4589],[25.3818,36.4597],[25.3807,36.4589],[25.3778,36.4589],[25.3766,36.4578],[25.3755,36.4587],[25.3745,36.4586],[25.3745,36.4578],[25.3724,36.4558],[25.3703,36.4578],[25.3703,36.4596],[25.3693,36.4597],[25.3682,36.4609],[25.3682,36.462],[25.369,36.463],[25.3672,36.4651],[25.3677,36.4672],[25.3669,36.4682],[25.3668,36.4703],[25.3669,36.4745],[25.3679,36.4766],[25.3706,36.4797],[25.3714,36.4814],[25.3766,36.4859],[25.3786,36.4876],[25.3828,36.4893],[25.3849,36.49],[25.3911,36.4887],[25.3953,36.4867],[25.3974,36.4868],[25.4005,36.4851],[25.4047,36.485],[25.4078,36.4842],[25.4089,36.4847],[25.412,36.4823],[25.4161,36.4823],[25.4182,36.4811],[25.4245,36.4793],[25.4266,36.4782],[25.4318,36.4731],[25.4349,36.4712],[25.4359,36.4697],[25.4411,36.4658],[25.4453,36.4605],[25.4464,36.4602],[25.4484,36.4585],[25.4526,36.4567],[25.4578,36.4522],[25.4661,36.4429],[25.4724,36.4372],[25.4749,36.4328],[25.4747,36.4307],[25.4759,36.4286],[25.4776,36.4277],[25.4807,36.4273],[25.4828,36.4259],[25.4843,36.4245],[25.4849,36.4232],[25.4882,36.4214],[25.4906,36.4182],[25.4943,36.4148],[25.4951,36.413],[25.4952,36.4109],[25.4961,36.4099],[25.4952,36.4068],[25.4964,36.4049],[25.4965,36.4036],[25.4937,36.3974],[25.4936,36.3911],[25.4958,36.388],[25.4967,36.3839],[25.4953,36.3761],[25.4927,36.3714],[25.4882,36.3568],[25.4849,36.3529],[25.4797,36.3498],[25.4743,36.3443],[25.4644,36.3359],[25.4615,36.3318],[25.4526,36.3244],[25.4505,36.3218],[25.4484,36.3206],[25.4453,36.3177]],[[25.8036,36.3005],[25.8026,36.3014],[25.8005,36.3003],[25.7984,36.3017],[25.7964,36.302],[25.7953,36.3027],[25.7932,36.3027],[25.7901,36.3043],[25.788,36.3059],[25.7879,36.3068],[25.7885,36.3078],[25.788,36.3086],[25.787,36.3087],[25.7857,36.3099],[25.7875,36.3109],[25.787,36.3118],[25.7837,36.312],[25.7875,36.3141],[25.787,36.3157],[25.7859,36.3167],[25.7849,36.3165],[25.7839,36.3169],[25.7818,36.3188],[25.7806,36.3193],[25.7813,36.3203],[25.7809,36.3214],[25.7839,36.323],[25.7859,36.3234],[25.7874,36.3245],[25.7873,36.3266],[25.7849,36.3284],[25.7828,36.3276],[25.7807,36.33],[25.7797,36.3302],[25.7786,36.3297],[25.7766,36.3305],[25.7755,36.3315],[25.7734,36.3307],[25.7693,36.3321],[25.7682,36.3319],[25.7641,36.3325],[25.7557,36.3351],[25.7484,36.3357],[25.7401,36.3377],[25.7359,36.3396],[25.7328,36.3405],[25.7214,36.346],[25.7174,36.3495],[25.7145,36.3536],[25.7142,36.3557],[25.7161,36.362],[25.7172,36.3618],[25.7184,36.3682],[25.7202,36.3714],[25.7234,36.3736],[25.7286,36.3799],[25.7338,36.3839],[25.7401,36.3863],[25.7432,36.388],[25.7448,36.3901],[25.7454,36.3943],[25.7474,36.3964],[25.7536,36.4004],[25.7568,36.4016],[25.7599,36.4057],[25.7598,36.4068],[25.7609,36.4092],[25.763,36.409],[25.7651,36.408],[25.7693,36.4075],[25.7703,36.4069],[25.7724,36.4043],[25.7766,36.4038],[25.7797,36.4027],[25.78,36.4016],[25.7818,36.3998],[25.7828,36.4006],[25.7839,36.3989],[25.7849,36.3985],[25.787,36.3983],[25.7901,36.397],[25.7926,36.3974],[25.7943,36.3972],[25.7964,36.3963],[25.8005,36.3965],[25.8026,36.3961],[25.8065,36.3932],[25.8109,36.3884],[25.8276,36.3773],[25.8328,36.3681],[25.8349,36.368],[25.8391,36.3658],[25.8401,36.3647],[25.8411,36.3655],[25.8432,36.3651],[25.8474,36.3617],[25.8495,36.3607],[25.8516,36.3608],[25.8536,36.3619],[25.8557,36.3622],[25.8578,36.3622],[25.8599,36.3615],[25.862,36.3597],[25.8637,36.3568],[25.8644,36.3526],[25.863,36.3484],[25.8599,36.3453],[25.8526,36.3411],[25.8443,36.3387],[25.8349,36.3385],[25.8297,36.3396],[25.8276,36.3428],[25.8224,36.3428],[25.8172,36.3412],[25.8138,36.3391],[25.812,36.3373],[25.8109,36.3371],[25.8089,36.3358],[25.8078,36.3359],[25.8056,36.3339],[25.8036,36.3318],[25.8038,36.3307],[25.8026,36.3297],[25.8027,36.3286],[25.8019,36.3276],[25.8036,36.3275],[25.8047,36.3267],[25.8068,36.3273],[25.8071,36.3266],[25.8065,36.3255],[25.8068,36.3239],[25.8098,36.3224],[25.8096,36.3214],[25.8088,36.3203],[25.8089,36.3197],[25.8099,36.3193],[25.8099,36.3172],[25.8091,36.3151],[25.8099,36.3141],[25.8087,36.312],[25.8093,36.3057],[25.8089,36.3048],[25.8077,36.3047],[25.8087,36.3036],[25.8068,36.3016],[25.8057,36.3021]],[[25.8911,36.2636],[25.888,36.2631],[25.8839,36.2639],[25.8804,36.2641],[25.878,36.2651],[25.8777,36.2661],[25.8755,36.2673],[25.8745,36.2686],[25.8734,36.2682],[25.8745,36.2703],[25.8738,36.2734],[25.8755,36.2752],[25.8797,36.2766],[25.8828,36.2769],[25.887,36.2764],[25.8974,36.2784],[25.9026,36.2799],[25.9047,36.281],[25.9068,36.2807],[25.9077,36.2797],[25.9073,36.2786],[25.9057,36.2769],[25.9026,36.2758],[25.9027,36.2734],[25.9005,36.2696],[25.8974,36.2678],[25.8946,36.2651]],[[25.8318,36.2618],[25.8261,36.263],[25.8234,36.2651],[25.8224,36.2671],[25.8192,36.2703],[25.8187,36.2714],[25.8185,36.2755],[25.8173,36.2776],[25.8182,36.2785],[25.8181,36.2797],[25.8192,36.2807],[25.8203,36.283],[25.8224,36.2829],[25.8245,36.2846],[25.8248,36.2839],[25.8245,36.2826],[25.8255,36.2827],[25.8276,36.2842],[25.8286,36.2839],[25.8318,36.2815],[25.8328,36.2825],[25.8339,36.2819],[25.8349,36.2822],[25.8391,36.2808],[25.8401,36.2814],[25.8432,36.2789],[25.8453,36.2755],[25.846,36.2724],[25.848,36.2714],[25.8432,36.268],[25.8401,36.2667],[25.8359,36.2631],[25.8339,36.262]],[[25.2151,36.2303],[25.2109,36.2303],[25.2089,36.2311],[25.2068,36.2327],[25.205,36.2349],[25.2036,36.2397],[25.2016,36.2409],[25.1953,36.2419],[25.1934,36.2453],[25.1934,36.2474],[25.1943,36.2505],[25.1978,36.2568],[25.2006,36.2599],[25.2026,36.2615],[25.2045,36.2609],[25.2057,36.2598],[25.2078,36.2552],[25.212,36.2505],[25.213,36.2484],[25.2126,36.2443],[25.2133,36.2411],[25.2172,36.2378],[25.2189,36.2349],[25.2191,36.2328]],[[25.2297,36.2193],[25.2286,36.2193],[25.2276,36.2203],[25.2276,36.2214],[25.2286,36.2224],[25.2297,36.2224],[25.2307,36.2214],[25.2307,36.2203]]]}},{"type":"Feature","properties":{"depth":40,"kind":"band"},"geometry":{"type":"MultiPolygon","coordinates":[[[[25.0037,36.9818],[25.0047,36.9825],[25.0057,36.9825],[25.0078,36.9851],[25.0102,36.9901],[25.01,36.9911],[25.0117,36.9953],[25.0118,36.9964],[25.0114,36.9974],[25.0089,37],[25.0005,37],[25,36.9995],[25,36.9828],[25.0005,36.9819],[25.0037,36.9818]]],[[[25.6402,36.9755],[25.6391,36.9768],[25.637,36.9755],[25.6391,36.975],[25.6402,36.9755]]],[[[25.6298,36.9745],[25.6303,36.9755],[25.6297,36.9759],[25.6288,36.9755],[25.6298,36.9745]]],[[[25.6325,36.9693],[25.6318,36.9696],[25.6306,36.9693],[25.6318,36.9686],[25.6325,36.9693]]],[[[25.0959,36.9661],[25.095,36.9661],[25.0953,36.9653],[25.0959,36.9661]]],[[[25.6209,36.9641],[25.6203,36.9648],[25.6197,36.9641],[25.6203,36.9634],[25.6209,36.9641]]],[[[25.6251,36.9641],[25.6256,36.9651],[25.6245,36.966],[25.6238,36.9641],[25.6245,36.9634],[25.6251,36.9641]]],[[[25.6196,36.963],[25.6193,36.9634],[25.6186,36.963],[25.6193,36.9624],[25.6196,36.963]]],[[[25.0921,36.962],[25.093,36.963],[25.0922,36.9635],[25.0911,36.9631],[25.0901,36.9641],[25.0893,36.963],[25.0911,36.9611],[25.0921,36.962]]],[[[25.6214,36.962],[25.6217,36.963],[25.6214,36.9635],[25.6209,36.963],[25.6214,36.962]]],[[[25.6245,36.962],[25.6234,36.9637],[25.623,36.963],[25.6234,36.9617],[25.6245,36.962]]],[[[25.6227,36.9609],[25.6223,36.9609],[25.6224,36.9601],[25.6227,36.9609]]],[[[25.5851,36.9599],[25.5849,36.9602],[25.5845,36.9599],[25.5851,36.9599]]],[[[25.2637,36.9547],[25.263,36.9552],[25.262,36.9547],[25.263,36.954],[25.2637,36.9547]]],[[[25.2647,36.9536],[25.2641,36.9543],[25.2634,36.9536],[25.2641,36.9532],[25.2647,36.9536]]],[[[25.0403,36.9495],[25.0401,36.9501],[25.0392,36.9495],[25.0401,36.9488],[25.0403,36.9495]]],[[[25.6278,36.9224],[25.6276,36.9227],[25.6274,36.9224],[25.6278,36.9224]]],[[[25.5498,36.9214],[25.5487,36.9214],[25.5495,36.921],[25.5498,36.9214]]],[[[25.6431,36.9172],[25.6422,36.9181],[25.6417,36.9172],[25.6431,36.9172]]],[[[25.9548,36.8984],[25.9547,36.8989],[25.9532,36.8984],[25.9536,36.8977],[25.9548,36.8984]]],[[[25.4977,36.8818],[25.4974,36.8826],[25.4968,36.8818],[25.4977,36.8818]]],[[[25.4945,36.8786],[25.4937,36.8786],[25.4943,36.878],[25.4945,36.8786]]],[[[25.895,36.8693],[25.8967,36.8703],[25.8975,36.8714],[25.8967,36.8724],[25.8953,36.8729],[25.8943,36.8725],[25.8922,36.8714],[25.8914,36.8703],[25.8932,36.8689],[25.895,36.8693]]],[[[25.6112,36.8682],[25.6104,36.8682],[25.6109,36.8674],[25.6112,36.8682]]],[[[25.6866,36.8682],[25.6859,36.8686],[25.6854,36.8682],[25.6859,36.8673],[25.6866,36.8682]]],[[[25.4367,36.8651],[25.4359,36.866],[25.4349,36.8651],[25.4359,36.8647],[25.4367,36.8651]]],[[[25.5592,36.8641],[25.5589,36.8644],[25.5586,36.8641],[25.5589,36.8638],[25.5592,36.8641]]],[[[25.6966,36.8516],[25.6964,36.8521],[25.6963,36.8516],[25.6966,36.8516]]],[[[25.4018,36.8245],[25.4016,36.8248],[25.4016,36.824],[25.4018,36.8245]]],[[[25.0559,36.6411],[25.0557,36.642],[25.0553,36.6411],[25.0559,36.6411]]],[[[25.33,36.4641],[25.3297,36.4645],[25.3288,36.4641],[25.3297,36.4637],[25.33,36.4641]]],[[[25.3854,36.3984],[25.3849,36.399],[25.3839,36.399],[25.3834,36.3984],[25.3854,36.3984]]],[[[25.8195,36.2839],[25.8193,36.2848],[25.8183,36.2839],[25.8195,36.2839]]],[[[26,36.0005],[26,36.8849],[25.9977,36.8849],[25.9953,36.8835],[25.9932,36.8835],[25.9926,36.8828],[25.9922,36.8807],[25.9911,36.8797],[25.9901,36.8803],[25.988,36.8797],[25.9859,36.8813],[25.9855,36.8807],[25.9859,36.8797],[25.9849,36.8787],[25.9839,36.8792],[25.9828,36.8782],[25.9797,36.8776],[25.9766,36.876],[25.9734,36.8736],[25.9714,36.8712],[25.9661,36.8681],[25.9657,36.8672],[25.9661,36.8661],[25.9651,36.8651],[25.9641,36.8658],[25.9641,36.8651],[25.963,36.8641],[25.9613,36.8641],[25.9599,36.8626],[25.9589,36.8626],[25.9582,36.862],[25.9588,36.8609],[25.9557,36.8578],[25.9532,36.8578],[25.9531,36.8568],[25.9516,36.8557],[25.9499,36.8557],[25.9474,36.8536],[25.9453,36.8542],[25.9453,36.8536],[25.9443,36.8526],[25.9391,36.8523],[25.9342,36.8474],[25.9336,36.8453],[25.9297,36.8413],[25.9297,36.8401],[25.9276,36.838],[25.9266,36.838],[25.9193,36.8342],[25.919,36.8339],[25.9193,36.8318],[25.9182,36.8307],[25.9172,36.8307],[25.9161,36.8322],[25.9151,36.8319],[25.912,36.8303],[25.912,36.8286],[25.9109,36.8276],[25.9098,36.8276],[25.9098,36.8193],[25.9125,36.8172],[25.913,36.8161],[25.912,36.8151],[25.9109,36.8156],[25.9099,36.8151],[25.9089,36.8161],[25.9089,36.8172],[25.9047,36.8133],[25.8953,36.8086],[25.8922,36.8061],[25.8886,36.8026],[25.8797,36.7922],[25.8769,36.7922],[25.8734,36.7886],[25.8705,36.788],[25.8609,36.7834],[25.8568,36.7834],[25.8557,36.783],[25.8526,36.7834],[25.8474,36.7829],[25.8432,36.7811],[25.8411,36.7792],[25.8359,36.7792],[25.8349,36.7798],[25.8328,36.7798],[25.8297,36.7793],[25.8276,36.7782],[25.8245,36.778],[25.8182,36.7756],[25.8151,36.7729],[25.8145,36.7714],[25.8099,36.7682],[25.8036,36.7654],[25.7932,36.7644],[25.7901,36.7646],[25.7891,36.7652],[25.787,36.764],[25.7828,36.764],[25.7714,36.7653],[25.7641,36.769],[25.7599,36.7689],[25.7557,36.7702],[25.7474,36.7765],[25.7453,36.7785],[25.7401,36.7853],[25.737,36.7872],[25.7346,36.7901],[25.7354,36.7943],[25.7349,36.7953],[25.7362,36.7964],[25.7358,36.7984],[25.7364,36.8005],[25.7349,36.8057],[25.7348,36.8109],[25.74,36.8203],[25.7411,36.8216],[25.7443,36.8233],[25.7474,36.8231],[25.7495,36.822],[25.7536,36.8213],[25.7568,36.821],[25.7579,36.8214],[25.7588,36.8203],[25.7589,36.8193],[25.7602,36.8193],[25.7599,36.8165],[25.762,36.8172],[25.763,36.8181],[25.7641,36.8175],[25.7636,36.8161],[25.7641,36.8144],[25.7672,36.8152],[25.7703,36.8143],[25.7734,36.8145],[25.7766,36.8163],[25.7776,36.8185],[25.7797,36.8191],[25.7807,36.8202],[25.7821,36.8203],[25.7815,36.8214],[25.7849,36.8224],[25.7922,36.8262],[25.7943,36.8266],[25.7964,36.8251],[25.8005,36.8236],[25.8036,36.8232],[25.8057,36.8238],[25.8068,36.8226],[25.812,36.8214],[25.8141,36.8198],[25.8172,36.8204],[25.8193,36.8201],[25.8245,36.8176],[25.8276,36.8175],[25.8318,36.8187],[25.8336,36.8203],[25.8346,36.8234],[25.8344,36.8255],[25.8331,36.8266],[25.8328,36.8283],[25.8318,36.8287],[25.8316,36.8297],[25.8307,36.8307],[25.8309,36.8318],[25.83,36.8339],[25.8308,36.8349],[25.8303,36.8359],[25.8318,36.837],[25.8323,36.8391],[25.8341,36.8422],[25.8347,36.8464],[25.8359,36.8487],[25.8379,36.8505],[25.8432,36.8547],[25.8453,36.8556],[25.8505,36.8563],[25.8536,36.858],[25.8589,36.8619],[25.862,36.8631],[25.863,36.8628],[25.8672,36.8639],[25.8703,36.8653],[25.8714,36.8649],[25.8745,36.8662],[25.8755,36.8673],[25.8766,36.8665],[25.8785,36.8682],[25.8818,36.8695],[25.8828,36.8691],[25.8839,36.8699],[25.887,36.8689],[25.8896,36.8714],[25.8897,36.8724],[25.8891,36.8725],[25.888,36.8715],[25.887,36.8725],[25.8859,36.8722],[25.8849,36.8729],[25.8849,36.8745],[25.8834,36.8786],[25.8831,36.8818],[25.8819,36.8828],[25.881,36.8849],[25.8814,36.8891],[25.8819,36.8901],[25.8839,36.8917],[25.8849,36.8914],[25.888,36.892],[25.8953,36.8922],[25.9016,36.8943],[25.9057,36.8948],[25.9203,36.8924],[25.9276,36.89],[25.9339,36.884],[25.9359,36.8832],[25.938,36.8834],[25.9401,36.8855],[25.9422,36.8846],[25.9443,36.8856],[25.9507,36.8922],[25.9516,36.8941],[25.9529,36.8953],[25.9526,36.8986],[25.9547,36.9011],[25.9557,36.9002],[25.9564,36.9016],[25.954,36.9026],[25.9536,36.9041],[25.9516,36.9059],[25.9506,36.9089],[25.9507,36.9109],[25.9514,36.913],[25.9565,36.9203],[25.9631,36.9245],[25.9664,36.9286],[25.9703,36.9308],[25.9745,36.9321],[25.9786,36.9328],[25.9828,36.933],[25.987,36.9325],[25.9891,36.9329],[25.9922,36.9342],[25.9965,36.938],[26,36.9401],[26,36.9995],[25.9995,37],[25.5797,37],[25.5765,36.9891],[25.575,36.988],[25.5753,36.9859],[25.5743,36.9839],[25.5748,36.9828],[25.5748,36.9818],[25.5742,36.9807],[25.5747,36.9786],[25.5723,36.9776],[25.5731,36.9766],[25.5726,36.9755],[25.5714,36.9745],[25.5701,36.9703],[25.5672,36.9667],[25.5668,36.9651],[25.5651,36.9623],[25.5621,36.9589],[25.5516,36.9507],[25.5484,36.9473],[25.5443,36.9462],[25.5411,36.9443],[25.5401,36.9444],[25.537,36.9417],[25.5349,36.9408],[25.5328,36.9413],[25.5318,36.94],[25.5286,36.9396],[25.5255,36.938],[25.5172,36.937],[25.512,36.9345],[25.5036,36.9318],[25.5016,36.9303],[25.4984,36.9301],[25.4976,36.9286],[25.4953,36.9268],[25.4932,36.9265],[25.4901,36.9239],[25.487,36.9224],[25.4818,36.9213],[25.4797,36.921],[25.4786,36.9215],[25.4734,36.9201],[25.4714,36.9207],[25.4672,36.9194],[25.4641,36.9175],[25.463,36.9164],[25.4588,36.9141],[25.4495,36.9108],[25.4478,36.9109],[25.4458,36.9099],[25.4453,36.909],[25.4432,36.9104],[25.4422,36.9097],[25.4416,36.9099],[25.4415,36.9109],[25.4393,36.912],[25.4328,36.9182],[25.4297,36.9203],[25.4266,36.9266],[25.4224,36.9297],[25.4229,36.9307],[25.4214,36.9318],[25.4218,36.9328],[25.4206,36.9359],[25.4196,36.937],[25.4196,36.9391],[25.4202,36.9401],[25.4193,36.9431],[25.4182,36.9447],[25.4172,36.9451],[25.4151,36.9476],[25.412,36.947],[25.4068,36.9475],[25.4057,36.9468],[25.4026,36.9463],[25.403,36.9474],[25.4026,36.9478],[25.4005,36.9478],[25.3995,36.9471],[25.3991,36.9474],[25.3997,36.9484],[25.3995,36.9526],[25.4006,36.9547],[25.4005,36.9556],[25.3964,36.9569],[25.3943,36.9572],[25.3922,36.9567],[25.3818,36.9589],[25.3766,36.959],[25.3714,36.9617],[25.3703,36.9637],[25.3676,36.9661],[25.3674,36.9672],[25.3662,36.9682],[25.3666,36.9693],[25.3646,36.9703],[25.361,36.9734],[25.3599,36.9778],[25.3578,36.9813],[25.3564,36.9818],[25.3564,36.9828],[25.3544,36.987],[25.3542,36.988],[25.3551,36.9901],[25.3544,36.9911],[25.3543,36.9932],[25.3533,36.9943],[25.3531,36.9953],[25.3516,36.9969],[25.3503,36.9974],[25.3484,37],[25.3151,37],[25.3149,36.9995],[25.3109,36.9981],[25.3103,36.9984],[25.3106,36.9995],[25.3099,37],[25.2609,37],[25.2603,36.9995],[25.263,36.9968],[25.263,36.9959],[25.2609,36.9964],[25.2609,36.9942],[25.2599,36.9946],[25.2568,36.9934],[25.2547,36.994],[25.2536,36.9922],[25.2542,36.9901],[25.254,36.988],[25.2536,36.9874],[25.2522,36.987],[25.2527,36.9859],[25.2516,36.9858],[25.2474,36.9839],[25.2453,36.9819],[25.2432,36.9811],[25.2411,36.9787],[25.2391,36.9788],[25.238,36.978],[25.237,36.9789],[25.2339,36.9772],[25.2328,36.9772],[25.2318,36.9781],[25.2307,36.9774],[25.2286,36.9791],[25.2245,36.9785],[25.2234,36.9787],[25.2224,36.9796],[25.2214,36.9789],[25.2182,36.9793],[25.2161,36.9787],[25.2151,36.9793],[25.2109,36.9783],[25.2089,36.9784],[25.1995,36.9748],[25.1984,36.975],[25.1974,36.9744],[25.1943,36.9743],[25.1901,36.9734],[25.1888,36.9724],[25.187,36.9723],[25.1828,36.9706],[25.1755,36.9687],[25.1714,36.9696],[25.1661,36.9718],[25.163,36.9719],[25.1589,36.9711],[25.156,36.9724],[25.1548,36.9745],[25.1544,36.9766],[25.1536,36.9767],[25.1526,36.976],[25.1495,36.977],[25.1484,36.9761],[25.1464,36.9768],[25.1453,36.9786],[25.1432,36.9772],[25.1411,36.9773],[25.1401,36.9764],[25.138,36.9762],[25.137,36.9753],[25.1349,36.9724],[25.1348,36.9703],[25.134,36.9682],[25.1307,36.9634],[25.1255,36.9598],[25.1224,36.9585],[25.1182,36.9582],[25.1141,36.9591],[25.113,36.9587],[25.112,36.96],[25.1109,36.9604],[25.1099,36.9594],[25.1091,36.9599],[25.1089,36.9613],[25.1068,36.9613],[25.1036,36.9623],[25.1016,36.9621],[25.1005,36.9624],[25.0995,36.9635],[25.0953,36.965],[25.0943,36.9642],[25.0932,36.9646],[25.0927,36.9641],[25.0935,36.963],[25.0912,36.9609],[25.0911,36.9603],[25.0901,36.9615],[25.0891,36.9599],[25.0895,36.9589],[25.0849,36.9559],[25.0816,36.9526],[25.0811,36.9505],[25.0796,36.9484],[25.0801,36.9464],[25.0792,36.9432],[25.0766,36.9401],[25.0745,36.9359],[25.0724,36.9341],[25.0693,36.9334],[25.0599,36.9355],[25.0592,36.9359],[25.0589,36.937],[25.0571,36.938],[25.0568,36.9388],[25.0556,36.9391],[25.0547,36.9425],[25.0484,36.9442],[25.0478,36.9464],[25.0464,36.9455],[25.0453,36.9457],[25.0443,36.9452],[25.0432,36.9468],[25.0411,36.9465],[25.0391,36.9494],[25.038,36.9498],[25.037,36.9495],[25.0359,36.9499],[25.0336,36.9474],[25.0305,36.9453],[25.0286,36.9458],[25.0276,36.9453],[25.0203,36.9446],[25.0193,36.945],[25.0099,36.945],[25.0089,36.9454],[25.0078,36.9449],[25.0016,36.9448],[25,36.9443],[25,36.0005],[25.0005,36],[25.9995,36],[26,36.0005]],[[25.3255,36.9806],[25.3245,36.9798],[25.3234,36.98],[25.3228,36.9807],[25.3245,36.982],[25.3276,36.982],[25.3255,36.9806]],[[25.2828,36.9774],[25.2822,36.9776],[25.2842,36.9786],[25.2828,36.9774]],[[25.2901,36.9773],[25.2891,36.978],[25.2884,36.9797],[25.2891,36.9809],[25.2901,36.9815],[25.2911,36.9812],[25.292,36.9797],[25.2901,36.9773]],[[25.3016,36.9666],[25.3005,36.9662],[25.2992,36.9672],[25.2991,36.9714],[25.3016,36.9726],[25.3028,36.9724],[25.3039,36.9693],[25.3034,36.9682],[25.3016,36.9666]],[[25.2703,36.9525],[25.2693,36.9532],[25.2682,36.9533],[25.2661,36.9524],[25.2651,36.9534],[25.2641,36.9518],[25.2619,36.9547],[25.2599,36.9555],[25.2601,36.9568],[25.2588,36.9578],[25.2582,36.9599],[25.2589,36.9626],[25.2609,36.9641],[25.262,36.9634],[25.2641,36.9641],[25.2637,36.963],[25.2641,36.9627],[25.2651,36.9626],[25.2661,36.9614],[25.2693,36.9608],[25.27,36.9589],[25.2695,36.9578],[25.2703,36.9573],[25.2714,36.9588],[25.272,36.9578],[25.271,36.9568],[25.2714,36.9563],[25.2724,36.9564],[25.2734,36.9557],[25.273,36.9547],[25.2734,36.9541],[25.2745,36.9552],[25.2751,36.9547],[25.2734,36.9531],[25.2724,36.9539],[25.2703,36.9538],[25.2707,36.9526],[25.2703,36.9525]],[[25.5557,36.8897],[25.5557,36.8904],[25.5562,36.8901],[25.5557,36.8897]],[[25.6891,36.8634],[25.688,36.8636],[25.6869,36.8651],[25.6891,36.8671],[25.6891,36.8658],[25.688,36.8659],[25.6871,36.8651],[25.688,36.8644],[25.6891,36.8646],[25.6895,36.8641],[25.6891,36.8634]],[[25.6266,36.8546],[25.6214,36.8555],[25.6183,36.8568],[25.6176,36.8589],[25.6161,36.8592],[25.6153,36.8599],[25.6151,36.8609],[25.613,36.8619],[25.6135,36.863],[25.6113,36.8651],[25.6116,36.8661],[25.6089,36.8692],[25.6026,36.8718],[25.6016,36.8715],[25.6005,36.8723],[25.5992,36.8724],[25.5984,36.8734],[25.5988,36.8745],[25.5984,36.8752],[25.5974,36.8756],[25.5966,36.8776],[25.5968,36.8786],[25.5964,36.8789],[25.5943,36.8774],[25.5934,36.8776],[25.5954,36.8807],[25.5953,36.8816],[25.5942,36.8818],[25.5953,36.8819],[25.5964,36.883],[25.5967,36.8839],[25.596,36.8849],[25.5981,36.887],[25.598,36.888],[25.5991,36.8891],[25.6016,36.8891],[25.6037,36.8901],[25.6043,36.8922],[25.603,36.8943],[25.6068,36.8952],[25.6172,36.8997],[25.6328,36.9042],[25.637,36.9059],[25.6391,36.9092],[25.638,36.912],[25.6382,36.913],[25.6355,36.9151],[25.6377,36.9172],[25.6401,36.9186],[25.6432,36.9183],[25.6453,36.9195],[25.6464,36.918],[25.6484,36.9182],[25.6536,36.9161],[25.6589,36.9128],[25.6641,36.9131],[25.6651,36.9124],[25.6661,36.9124],[25.6766,36.9069],[25.6791,36.9047],[25.6806,36.9026],[25.6818,36.8995],[25.6821,36.8964],[25.6828,36.8956],[25.6839,36.8964],[25.6849,36.8961],[25.6891,36.8899],[25.6922,36.8876],[25.6956,36.8828],[25.6965,36.8786],[25.6963,36.8755],[25.6967,36.8745],[25.6944,36.8714],[25.6911,36.8699],[25.6891,36.8682],[25.6891,36.8675],[25.687,36.8681],[25.6859,36.8672],[25.6849,36.8679],[25.6839,36.8671],[25.6818,36.8675],[25.6807,36.8672],[25.6797,36.8684],[25.6776,36.8687],[25.6672,36.869],[25.6557,36.8683],[25.6526,36.8676],[25.6516,36.8667],[25.6505,36.8673],[25.6489,36.8672],[25.6443,36.8651],[25.6391,36.8604],[25.637,36.8621],[25.6337,36.862],[25.6318,36.8605],[25.6302,36.8599],[25.6307,36.8589],[25.6301,36.8568],[25.6292,36.8557],[25.6266,36.8546]],[[25.6693,36.8294],[25.6672,36.8297],[25.663,36.8318],[25.66,36.837],[25.6589,36.8377],[25.6547,36.8386],[25.6536,36.8395],[25.6516,36.8398],[25.6502,36.8411],[25.6493,36.8422],[25.6497,36.8453],[25.6512,36.8474],[25.6589,36.8517],[25.663,36.8522],[25.6672,36.8517],[25.6724,36.8532],[25.6828,36.854],[25.6859,36.8563],[25.687,36.8583],[25.688,36.8581],[25.6885,36.8589],[25.6878,36.8599],[25.6887,36.8609],[25.6893,36.8609],[25.6882,36.8599],[25.6891,36.8593],[25.6911,36.8601],[25.6915,36.8599],[25.6913,36.8578],[25.6922,36.8561],[25.6932,36.8564],[25.6953,36.8546],[25.6964,36.8526],[25.6977,36.8516],[25.6969,36.8464],[25.6975,36.8443],[25.6964,36.8414],[25.6911,36.8357],[25.6891,36.8356],[25.6859,36.8363],[25.6807,36.8362],[25.6786,36.835],[25.6764,36.8318],[25.6693,36.8294]],[[25.4557,36.8106],[25.4536,36.811],[25.4516,36.8102],[25.4474,36.8119],[25.4464,36.8114],[25.4453,36.8129],[25.4443,36.8135],[25.4401,36.8129],[25.4349,36.8148],[25.4266,36.8163],[25.4245,36.8158],[25.4228,36.8172],[25.4193,36.8188],[25.4161,36.8226],[25.4151,36.8231],[25.4089,36.8246],[25.4047,36.8247],[25.4036,36.8256],[25.4024,36.8255],[25.403,36.8245],[25.4005,36.8225],[25.3996,36.8203],[25.3984,36.8198],[25.3974,36.82],[25.3964,36.8193],[25.3953,36.8205],[25.3943,36.8201],[25.3933,36.8214],[25.3922,36.8215],[25.3893,36.8266],[25.3901,36.8283],[25.3943,36.8311],[25.3984,36.8304],[25.399,36.8297],[25.3995,36.8266],[25.4005,36.8258],[25.4012,36.8266],[25.4026,36.8268],[25.4035,36.8276],[25.4024,36.8307],[25.4036,36.8339],[25.4033,36.8349],[25.4042,36.8359],[25.4041,36.837],[25.4048,36.838],[25.4068,36.8401],[25.4078,36.8396],[25.4099,36.8404],[25.413,36.843],[25.4141,36.843],[25.4145,36.8443],[25.4179,36.8453],[25.4203,36.847],[25.4224,36.8516],[25.4268,36.8557],[25.4274,36.8589],[25.4285,36.8609],[25.4307,36.8632],[25.4318,36.863],[25.4328,36.8644],[25.4339,36.864],[25.4359,36.8662],[25.437,36.8653],[25.438,36.8658],[25.4391,36.8656],[25.4395,36.8661],[25.4391,36.8673],[25.4411,36.8662],[25.4453,36.8686],[25.4464,36.8681],[25.4478,36.8693],[25.4484,36.8704],[25.4495,36.8699],[25.4516,36.8703],[25.4536,36.8717],[25.4552,36.8734],[25.4568,36.8767],[25.4599,36.8807],[25.462,36.8819],[25.4641,36.8826],[25.4651,36.8816],[25.4661,36.8825],[25.4672,36.8817],[25.4682,36.8829],[25.4703,36.8817],[25.4714,36.8822],[25.4734,36.8816],[25.4755,36.8797],[25.4766,36.8796],[25.4786,36.8783],[25.4806,36.8766],[25.4818,36.8747],[25.4835,36.8734],[25.4853,36.8682],[25.487,36.868],[25.4874,36.8672],[25.4911,36.8653],[25.492,36.8641],[25.4932,36.8633],[25.4939,36.8641],[25.4934,36.8661],[25.4943,36.8672],[25.4944,36.8682],[25.4939,36.8682],[25.4932,36.8672],[25.4929,36.8682],[25.4933,36.8693],[25.4925,36.8703],[25.4925,36.8734],[25.492,36.8745],[25.4931,36.8755],[25.493,36.8766],[25.4935,36.8776],[25.4931,36.8786],[25.4943,36.8802],[25.4953,36.8805],[25.4959,36.8818],[25.4974,36.8829],[25.4984,36.8825],[25.4991,36.8828],[25.5016,36.8858],[25.5047,36.8874],[25.5056,36.8891],[25.5099,36.8924],[25.5141,36.8939],[25.5182,36.8964],[25.5214,36.8962],[25.5234,36.8967],[25.5255,36.8963],[25.5318,36.8935],[25.5339,36.893],[25.538,36.8931],[25.5401,36.8948],[25.5432,36.8937],[25.5453,36.8935],[25.5471,36.8943],[25.5473,36.8953],[25.5453,36.8976],[25.5432,36.899],[25.542,36.8984],[25.5433,36.9057],[25.5431,36.9089],[25.5447,36.912],[25.5448,36.9141],[25.5465,36.9161],[25.5468,36.9182],[25.5496,36.9234],[25.551,36.9286],[25.5526,36.9309],[25.5578,36.9357],[25.5583,36.937],[25.5609,36.9401],[25.5641,36.9418],[25.5661,36.942],[25.5682,36.944],[25.5693,36.944],[25.5703,36.9462],[25.5755,36.9511],[25.5818,36.9598],[25.5849,36.9613],[25.5859,36.9609],[25.587,36.9622],[25.5891,36.9607],[25.5897,36.9609],[25.5893,36.962],[25.5911,36.9631],[25.5906,36.962],[25.5911,36.961],[25.5932,36.9616],[25.6099,36.9623],[25.6151,36.9639],[25.6172,36.9658],[25.6182,36.9657],[25.6193,36.9665],[25.6203,36.9657],[25.6214,36.9664],[25.6219,36.9661],[25.6209,36.9651],[25.6224,36.9639],[25.6228,36.9641],[25.6228,36.9651],[25.6244,36.9661],[25.623,36.9672],[25.6239,36.9672],[25.6245,36.9664],[25.6247,36.9672],[25.6284,36.9703],[25.6255,36.9721],[25.6262,36.9734],[25.6255,36.9745],[25.6266,36.974],[25.6277,36.9755],[25.6266,36.9757],[25.6267,36.9776],[25.6251,36.9786],[25.6264,36.9797],[25.6255,36.9807],[25.6244,36.9807],[25.6248,36.9818],[25.6236,36.9859],[25.6242,36.9891],[25.6255,36.9919],[25.628,36.9943],[25.6297,36.9952],[25.6339,36.9965],[25.637,36.9968],[25.6417,36.9964],[25.6443,36.995],[25.6463,36.9932],[25.6485,36.9891],[25.6487,36.987],[25.6483,36.9828],[25.6473,36.9807],[25.6452,36.9786],[25.6451,36.9776],[25.6409,36.9745],[25.6401,36.974],[25.6391,36.9743],[25.638,36.974],[25.6359,36.9722],[25.6322,36.9703],[25.633,36.9693],[25.6312,36.9672],[25.6318,36.9661],[25.6318,36.965],[25.6339,36.964],[25.6341,36.963],[25.6327,36.962],[25.6339,36.9609],[25.6339,36.9599],[25.6327,36.9589],[25.6339,36.9575],[25.6341,36.9536],[25.6354,36.9495],[25.6357,36.9464],[25.6354,36.938],[25.6345,36.937],[25.6344,36.9349],[25.6325,36.9328],[25.6348,36.9307],[25.6349,36.9286],[25.6363,36.9266],[25.6339,36.9228],[25.6328,36.9221],[25.6316,36.9224],[25.6314,36.9214],[25.6307,36.9206],[25.6266,36.9205],[25.6255,36.92],[25.6245,36.9204],[25.6224,36.919],[25.6214,36.9199],[25.6163,36.9193],[25.6141,36.916],[25.613,36.9154],[25.612,36.9155],[25.6109,36.9148],[25.6099,36.912],[25.6078,36.9089],[25.6057,36.9069],[25.6026,36.9051],[25.6005,36.9046],[25.5974,36.9046],[25.5828,36.9028],[25.5797,36.8986],[25.5724,36.8937],[25.5703,36.8932],[25.5682,36.8944],[25.5651,36.8933],[25.5609,36.8939],[25.5578,36.8929],[25.5561,36.8943],[25.5516,36.8948],[25.5495,36.8957],[25.5476,36.8953],[25.5475,36.8943],[25.5484,36.8927],[25.5495,36.8919],[25.5518,36.8911],[25.5515,36.8901],[25.5524,36.8891],[25.5528,36.887],[25.5522,36.8859],[25.5525,36.8849],[25.5509,36.8807],[25.5517,36.8786],[25.5536,36.877],[25.5547,36.8778],[25.5555,36.8776],[25.5553,36.8766],[25.5599,36.8746],[25.5591,36.8724],[25.5599,36.8714],[25.5591,36.8703],[25.5584,36.8672],[25.5603,36.8661],[25.5609,36.8651],[25.5628,36.8672],[25.5634,36.8672],[25.5625,36.8661],[25.5623,36.8651],[25.5621,36.8568],[25.5579,36.8526],[25.5547,36.8504],[25.5443,36.8455],[25.5422,36.845],[25.5411,36.8454],[25.5391,36.8447],[25.5371,36.8432],[25.5361,36.8411],[25.537,36.8401],[25.5345,36.837],[25.5349,36.8349],[25.5318,36.831],[25.5276,36.8293],[25.5245,36.8288],[25.5224,36.8291],[25.5214,36.8301],[25.5182,36.8307],[25.5183,36.8318],[25.5161,36.8329],[25.5138,36.8359],[25.5121,36.8401],[25.512,36.8422],[25.5102,36.8443],[25.5092,36.8464],[25.5115,36.8536],[25.5099,36.8578],[25.5097,36.8599],[25.509,36.8609],[25.5068,36.8603],[25.5036,36.8623],[25.5016,36.8614],[25.5005,36.8624],[25.4995,36.8622],[25.4984,36.8639],[25.4953,36.8642],[25.4943,36.8638],[25.4932,36.8621],[25.4938,36.8589],[25.4935,36.8578],[25.4944,36.8568],[25.4939,36.8557],[25.4958,36.8536],[25.4956,36.8516],[25.4943,36.8472],[25.4921,36.8443],[25.4903,36.8401],[25.4887,36.8328],[25.489,36.8318],[25.4859,36.8256],[25.482,36.8224],[25.4818,36.8217],[25.4806,36.8214],[25.4808,36.8203],[25.4797,36.8202],[25.4786,36.8191],[25.4776,36.8192],[25.4766,36.8179],[25.4755,36.8179],[25.4745,36.8172],[25.4753,36.8182],[25.4745,36.8188],[25.4734,36.8184],[25.4724,36.8188],[25.4672,36.8178],[25.4633,36.8151],[25.463,36.8143],[25.462,36.8146],[25.4599,36.8127],[25.4589,36.8128],[25.4578,36.8117],[25.4557,36.8106]],[[25.5589,36.7014],[25.5557,36.7006],[25.5526,36.7016],[25.5505,36.7034],[25.5499,36.7047],[25.5496,36.7068],[25.5501,36.7078],[25.5516,36.709],[25.5547,36.7098],[25.5568,36.7097],[25.5589,36.7089],[25.5602,36.7078],[25.5612,36.7057],[25.5609,36.7036],[25.5589,36.7014]],[[25.0693,36.6224],[25.0661,36.623],[25.0651,36.6245],[25.0641,36.624],[25.063,36.6252],[25.0578,36.6234],[25.0547,36.6234],[25.0536,36.6243],[25.0526,36.6243],[25.0518,36.6255],[25.0484,36.6277],[25.0464,36.6298],[25.0453,36.63],[25.0447,36.6307],[25.0443,36.6323],[25.0431,36.6318],[25.0429,36.6339],[25.0432,36.6349],[25.0453,36.6368],[25.0505,36.6384],[25.0539,36.6401],[25.0543,36.6411],[25.0557,36.6422],[25.0557,36.6432],[25.0563,36.6432],[25.0567,36.6443],[25.062,36.6495],[25.0626,36.6505],[25.063,36.6538],[25.0711,36.6661],[25.0734,36.6688],[25.0786,36.6726],[25.0804,36.6745],[25.0811,36.6766],[25.0814,36.6797],[25.0791,36.6818],[25.0796,36.6849],[25.0818,36.6888],[25.0849,36.6907],[25.0864,36.6911],[25.0932,36.6972],[25.0964,36.699],[25.1078,36.7026],[25.1109,36.7047],[25.1182,36.7068],[25.1257,36.712],[25.1318,36.7172],[25.1339,36.7184],[25.1391,36.7193],[25.1484,36.7201],[25.153,36.7214],[25.1547,36.7223],[25.1589,36.7219],[25.1672,36.724],[25.1714,36.723],[25.1745,36.7239],[25.1786,36.7243],[25.1797,36.7257],[25.1807,36.7252],[25.1818,36.7259],[25.1849,36.7263],[25.1859,36.7261],[25.1891,36.723],[25.191,36.7203],[25.1908,36.7182],[25.192,36.7172],[25.1929,36.712],[25.1941,36.7099],[25.1932,36.7089],[25.1931,36.7057],[25.1922,36.7047],[25.1933,36.7026],[25.1927,36.7016],[25.193,36.7005],[25.1904,36.6953],[25.1849,36.6891],[25.1837,36.6891],[25.1841,36.688],[25.1828,36.6873],[25.1818,36.6852],[25.1792,36.6828],[25.1734,36.6794],[25.1692,36.6776],[25.1669,36.6755],[25.1647,36.6714],[25.163,36.6696],[25.1619,36.6693],[25.1616,36.6682],[25.1526,36.6645],[25.1516,36.6646],[25.1484,36.6628],[25.1453,36.6594],[25.1443,36.659],[25.1442,36.6578],[25.1432,36.6574],[25.1416,36.6557],[25.1401,36.6534],[25.1359,36.6506],[25.1349,36.651],[25.1339,36.65],[25.1287,36.6484],[25.1276,36.6472],[25.1255,36.6466],[25.1234,36.6453],[25.1224,36.6453],[25.1214,36.6445],[25.1193,36.6441],[25.1182,36.6445],[25.1151,36.6435],[25.1141,36.6437],[25.1078,36.6395],[25.1047,36.6386],[25.1026,36.637],[25.1016,36.6371],[25.1006,36.6359],[25.0995,36.6359],[25.0964,36.6337],[25.0953,36.6342],[25.0943,36.6331],[25.0932,36.6336],[25.0922,36.6332],[25.0886,36.6307],[25.0839,36.6253],[25.0828,36.6247],[25.0755,36.6244],[25.0693,36.6224]],[[25.013,36.6192],[25.0111,36.6203],[25.0099,36.6199],[25.0078,36.6204],[25.0041,36.6224],[25.0026,36.6247],[25.0022,36.6276],[25.0037,36.6297],[25.0036,36.631],[25.0068,36.6329],[25.0078,36.6341],[25.0089,36.6339],[25.0099,36.6348],[25.012,36.635],[25.013,36.636],[25.0141,36.6358],[25.0176,36.6391],[25.0203,36.6403],[25.0224,36.6404],[25.0266,36.6393],[25.0297,36.6366],[25.0318,36.6359],[25.0328,36.6349],[25.0332,36.6328],[25.0326,36.6318],[25.0332,36.6307],[25.0307,36.6265],[25.0266,36.6224],[25.0243,36.6214],[25.013,36.6192]],[[25.3276,36.6171],[25.3259,36.6172],[25.3248,36.6182],[25.3239,36.6203],[25.3238,36.6224],[25.3245,36.6238],[25.3262,36.6255],[25.3276,36.6262],[25.3307,36.6267],[25.3318,36.6277],[25.3325,36.6297],[25.3329,36.6339],[25.3328,36.6386],[25.3314,36.6411],[25.3307,36.6416],[25.3294,36.6411],[25.3291,36.6422],[25.328,36.6432],[25.3278,36.6443],[25.3286,36.6464],[25.325,36.6516],[25.3214,36.654],[25.3193,36.6536],[25.3182,36.6541],[25.3172,36.655],[25.3168,36.6568],[25.3151,36.6578],[25.3146,36.6589],[25.3153,36.6609],[25.3141,36.6612],[25.3135,36.662],[25.3141,36.663],[25.3124,36.6651],[25.3128,36.6661],[25.3109,36.6666],[25.3099,36.6682],[25.3078,36.6698],[25.3057,36.67],[25.3047,36.6707],[25.3036,36.6706],[25.3026,36.6711],[25.3022,36.6724],[25.3009,36.6734],[25.3002,36.6755],[25.3008,36.6797],[25.3005,36.6807],[25.2995,36.6805],[25.2993,36.6818],[25.2984,36.682],[25.2974,36.6815],[25.2961,36.6828],[25.2975,36.6849],[25.2975,36.6859],[25.2953,36.6846],[25.2943,36.6854],[25.2932,36.6848],[25.2922,36.6848],[25.2923,36.6859],[25.2917,36.687],[25.292,36.688],[25.291,36.6901],[25.288,36.6916],[25.2849,36.6922],[25.2846,36.6932],[25.2828,36.6944],[25.2807,36.6941],[25.2812,36.6953],[25.2807,36.6963],[25.2797,36.6968],[25.2776,36.6969],[25.2755,36.6979],[25.2734,36.6978],[25.2724,36.6984],[25.2719,36.6995],[25.2696,36.7005],[25.2661,36.7011],[25.2589,36.7036],[25.2568,36.704],[25.2557,36.7035],[25.2536,36.7035],[25.2526,36.7049],[25.2516,36.7051],[25.2505,36.7066],[25.2484,36.7075],[25.2464,36.7077],[25.2432,36.7068],[25.2395,36.7078],[25.2358,36.7109],[25.2349,36.7114],[25.2328,36.7112],[25.232,36.712],[25.2325,36.713],[25.2309,36.7161],[25.2312,36.7224],[25.2325,36.7276],[25.2336,36.7286],[25.2332,36.7297],[25.2341,36.7307],[25.2336,36.7318],[25.2339,36.7321],[25.235,36.7318],[25.2354,36.7339],[25.2365,36.7349],[25.2364,36.7359],[25.2404,36.7391],[25.241,36.7401],[25.2396,36.7411],[25.2409,36.7422],[25.2411,36.7432],[25.2412,36.7464],[25.2398,36.7474],[25.2406,36.7505],[25.2425,36.7536],[25.2465,36.7578],[25.2453,36.7583],[25.2453,36.7589],[25.2477,36.7609],[25.2477,36.763],[25.2509,36.7672],[25.252,36.7703],[25.2515,36.7724],[25.2536,36.7747],[25.2566,36.7766],[25.2593,36.7797],[25.2612,36.7828],[25.2627,36.787],[25.2641,36.7891],[25.2641,36.7901],[25.2659,36.7932],[25.2693,36.7957],[25.2703,36.7957],[25.2714,36.7969],[25.2724,36.7973],[25.2755,36.7972],[25.2786,36.7991],[25.2807,36.7996],[25.2828,36.7997],[25.2839,36.7992],[25.2849,36.7995],[25.2859,36.7991],[25.287,36.7996],[25.288,36.7988],[25.2911,36.7985],[25.2943,36.7993],[25.3016,36.8022],[25.3057,36.805],[25.3068,36.8063],[25.3078,36.8068],[25.3089,36.8062],[25.3099,36.8072],[25.312,36.8082],[25.313,36.8076],[25.3141,36.8084],[25.3161,36.8072],[25.3172,36.8078],[25.3171,36.8068],[25.3182,36.8051],[25.3193,36.8047],[25.3191,36.8036],[25.3203,36.8005],[25.3219,36.7995],[25.3213,36.7984],[25.3217,36.7953],[25.3234,36.7923],[25.3245,36.7919],[25.3307,36.7859],[25.3318,36.7865],[25.3339,36.7858],[25.3346,36.7839],[25.3359,36.7842],[25.3366,36.7839],[25.3377,36.7818],[25.3375,36.7797],[25.3391,36.779],[25.3403,36.7776],[25.342,36.7766],[25.3444,36.7724],[25.3457,36.7693],[25.345,36.7682],[25.3447,36.7661],[25.3464,36.7654],[25.3475,36.7641],[25.3505,36.763],[25.3547,36.7587],[25.3568,36.7582],[25.3599,36.7607],[25.362,36.7611],[25.3661,36.7611],[25.3703,36.7597],[25.3714,36.7587],[25.3734,36.76],[25.3729,36.7578],[25.3736,36.7568],[25.3734,36.7557],[25.3749,36.7547],[25.3754,36.7536],[25.376,36.7516],[25.3758,36.7495],[25.377,36.7484],[25.3762,36.7474],[25.3766,36.746],[25.3776,36.7462],[25.3807,36.744],[25.3818,36.7442],[25.3828,36.7433],[25.3859,36.7426],[25.388,36.7411],[25.3891,36.7412],[25.3922,36.7404],[25.3984,36.7357],[25.4016,36.7348],[25.4026,36.7353],[25.4029,36.7349],[25.4023,36.7339],[25.4036,36.7324],[25.4047,36.7317],[25.4068,36.7323],[25.4072,36.7318],[25.4064,36.7307],[25.4066,36.7297],[25.4083,36.7286],[25.4078,36.7276],[25.4099,36.7255],[25.4103,36.7245],[25.412,36.725],[25.4128,36.7245],[25.4123,36.7182],[25.4132,36.7109],[25.412,36.7067],[25.4087,36.7026],[25.4026,36.6996],[25.4016,36.6999],[25.4006,36.6995],[25.3989,36.6974],[25.399,36.6964],[25.3981,36.6953],[25.3983,36.6943],[25.3979,36.6932],[25.399,36.6911],[25.3987,36.6901],[25.3993,36.6891],[25.399,36.687],[25.3995,36.6859],[25.3994,36.6849],[25.3983,36.6828],[25.3988,36.6818],[25.3988,36.6797],[25.4002,36.6786],[25.401,36.6734],[25.4019,36.6724],[25.4021,36.6714],[25.4023,36.6682],[25.4016,36.6661],[25.3998,36.663],[25.3995,36.6589],[25.3968,36.6526],[25.3956,36.6464],[25.3943,36.6451],[25.3912,36.6432],[25.387,36.642],[25.3839,36.6417],[25.3818,36.6432],[25.3807,36.6426],[25.3797,36.6427],[25.3786,36.642],[25.3783,36.6422],[25.3799,36.6443],[25.3797,36.6448],[25.3734,36.6435],[25.3724,36.6429],[25.3714,36.643],[25.3672,36.638],[25.362,36.6346],[25.3536,36.6314],[25.3516,36.6318],[25.3464,36.6273],[25.3453,36.6271],[25.3432,36.6255],[25.3422,36.626],[25.3411,36.6251],[25.3391,36.6245],[25.3349,36.624],[25.3338,36.6234],[25.3303,36.6193],[25.3276,36.6171]],[[25.687,36.6151],[25.6839,36.6151],[25.6807,36.616],[25.6761,36.6182],[25.6747,36.6203],[25.6734,36.621],[25.6722,36.6245],[25.6703,36.6255],[25.6694,36.6276],[25.6694,36.6307],[25.6703,36.6325],[25.6724,36.6334],[25.6797,36.6338],[25.6818,36.6334],[25.6828,36.6325],[25.6891,36.6319],[25.6953,36.6272],[25.6984,36.6235],[25.6989,36.6224],[25.6992,36.6203],[25.6984,36.6184],[25.6953,36.6173],[25.6911,36.6168],[25.687,36.6151]],[[25.387,36.3912],[25.3859,36.3918],[25.3839,36.3918],[25.3828,36.3912],[25.3818,36.3918],[25.3807,36.3918],[25.3794,36.3943],[25.3786,36.3948],[25.3766,36.3948],[25.3756,36.3964],[25.3734,36.3964],[25.3714,36.3984],[25.3734,36.4005],[25.3745,36.4005],[25.3755,36.4016],[25.3776,36.4018],[25.3786,36.4031],[25.3797,36.4024],[25.3839,36.4027],[25.3858,36.4057],[25.3863,36.4089],[25.387,36.4099],[25.387,36.412],[25.3911,36.4161],[25.3922,36.4161],[25.3943,36.413],[25.3974,36.413],[25.3984,36.4141],[25.3995,36.4141],[25.4005,36.413],[25.4026,36.413],[25.4047,36.412],[25.4057,36.412],[25.4068,36.413],[25.4078,36.412],[25.4089,36.412],[25.4109,36.4109],[25.412,36.4099],[25.412,36.4068],[25.4109,36.4052],[25.4109,36.4026],[25.4099,36.4016],[25.4078,36.4016],[25.4078,36.3984],[25.4057,36.3953],[25.3988,36.3953],[25.3974,36.393],[25.3953,36.3932],[25.3943,36.3922],[25.3932,36.3932],[25.3911,36.3939],[25.3891,36.3932],[25.387,36.3912]],[[25.4432,36.3157],[25.4411,36.3153],[25.4401,36.3159],[25.4339,36.3158],[25.4276,36.317],[25.4261,36.3182],[25.4255,36.3196],[25.4244,36.3203],[25.4234,36.3236],[25.4224,36.3241],[25.4203,36.3234],[25.4193,36.3241],[25.4151,36.3272],[25.4078,36.3342],[25.4068,36.3346],[25.4057,36.3343],[25.4049,36.3349],[25.4037,36.337],[25.4005,36.339],[25.3964,36.3394],[25.3943,36.3402],[25.387,36.3396],[25.3797,36.3403],[25.3682,36.3453],[25.3651,36.3458],[25.362,36.3473],[25.3547,36.3479],[25.3526,36.3489],[25.3516,36.3503],[25.3495,36.3509],[25.3453,36.3535],[25.3432,36.3534],[25.3429,36.3526],[25.3422,36.3523],[25.3403,36.3526],[25.3396,36.3536],[25.3412,36.3547],[25.3401,36.3556],[25.3391,36.3553],[25.3376,36.3557],[25.3373,36.3568],[25.3362,36.3578],[25.3359,36.3599],[25.3351,36.3609],[25.3318,36.3639],[25.3297,36.3643],[25.3276,36.3673],[25.3255,36.3682],[25.3245,36.3693],[25.3238,36.3703],[25.3244,36.3734],[25.3232,36.3755],[25.3203,36.3774],[25.3182,36.3782],[25.3161,36.3813],[25.3153,36.3818],[25.3126,36.388],[25.3123,36.3901],[25.3116,36.3911],[25.3121,36.4005],[25.3106,36.4057],[25.3109,36.4109],[25.3105,36.4151],[25.3109,36.4193],[25.3128,36.4224],[25.3123,36.4276],[25.3131,36.4286],[25.314,36.4328],[25.3147,36.4339],[25.3161,36.438],[25.3167,36.4411],[25.3197,36.4464],[25.3215,36.4516],[25.3255,36.4593],[25.3298,36.4661],[25.3328,36.4673],[25.3443,36.4662],[25.3464,36.4649],[25.3474,36.4657],[25.3484,36.4641],[25.3453,36.462],[25.3456,36.4609],[25.3468,36.4599],[25.3469,36.4578],[25.3464,36.4542],[25.347,36.4526],[25.3484,36.4513],[25.3516,36.4516],[25.3526,36.4508],[25.356,36.4505],[25.3578,36.4474],[25.3564,36.4453],[25.3568,36.4443],[25.3591,36.4422],[25.3592,36.4391],[25.3581,36.438],[25.3578,36.4359],[25.3568,36.4349],[25.3547,36.4377],[25.3536,36.4377],[25.3526,36.437],[25.3516,36.4377],[25.3516,36.437],[25.3505,36.4359],[25.3495,36.4366],[25.3488,36.4359],[25.3495,36.4349],[25.3484,36.4339],[25.3477,36.4339],[25.3477,36.4318],[25.3495,36.4297],[25.3505,36.4297],[25.3515,36.4286],[25.3517,36.4266],[25.3526,36.4255],[25.3516,36.4245],[25.3508,36.4245],[25.3518,36.4234],[25.3519,36.4214],[25.3515,36.4182],[25.3508,36.4172],[25.3516,36.4172],[25.3536,36.4151],[25.353,36.4141],[25.353,36.413],[25.3536,36.413],[25.3547,36.412],[25.3539,36.4109],[25.3539,36.4089],[25.3547,36.4078],[25.3536,36.4068],[25.3505,36.4097],[25.3474,36.4099],[25.3443,36.4126],[25.3411,36.413],[25.3377,36.4151],[25.337,36.4151],[25.3349,36.4169],[25.3339,36.4162],[25.3328,36.4171],[25.3318,36.4162],[25.3266,36.4161],[25.3255,36.4151],[25.3242,36.4151],[25.3247,36.4141],[25.3209,36.4089],[25.3248,36.4036],[25.3219,36.4005],[25.3219,36.3932],[25.3224,36.3922],[25.3255,36.3903],[25.3266,36.3906],[25.3266,36.3887],[25.3259,36.388],[25.3297,36.384],[25.3318,36.3837],[25.3328,36.3841],[25.3339,36.3857],[25.334,36.3849],[25.337,36.3821],[25.338,36.3818],[25.3391,36.3818],[25.3411,36.3832],[25.3453,36.3839],[25.3464,36.3849],[25.3484,36.3849],[25.3505,36.3866],[25.3516,36.3864],[25.3529,36.3839],[25.3516,36.3824],[25.3516,36.3818],[25.3505,36.3807],[25.3499,36.3807],[25.3493,36.3797],[25.3498,36.3776],[25.3472,36.3755],[25.3472,36.3745],[25.3486,36.3734],[25.3486,36.3724],[25.3495,36.3716],[25.3516,36.3712],[25.3526,36.3716],[25.3536,36.3714],[25.3541,36.3682],[25.3578,36.3657],[25.363,36.3662],[25.3651,36.3676],[25.3661,36.3677],[25.3693,36.3657],[25.3714,36.3661],[25.3724,36.3655],[25.3734,36.3656],[25.3776,36.3687],[25.3786,36.3687],[25.3818,36.3676],[25.3828,36.3675],[25.3839,36.3682],[25.3849,36.3672],[25.3891,36.3672],[25.3901,36.3661],[25.3932,36.3661],[25.3943,36.3651],[25.3974,36.3651],[25.4005,36.363],[25.412,36.363],[25.4151,36.3651],[25.4151,36.3682],[25.4172,36.3703],[25.4182,36.3703],[25.4196,36.3714],[25.4203,36.3734],[25.4198,36.3766],[25.4247,36.3818],[25.4255,36.3835],[25.4266,36.3842],[25.4266,36.3859],[25.4286,36.388],[25.4297,36.388],[25.4307,36.3891],[25.4307,36.3901],[25.4318,36.3911],[25.4318,36.3922],[25.4326,36.3932],[25.4318,36.3943],[25.4318,36.3964],[25.4307,36.3974],[25.4307,36.3984],[25.4287,36.4005],[25.4286,36.4012],[25.4266,36.4016],[25.4255,36.4026],[25.4266,36.4036],[25.4255,36.4047],[25.4255,36.4057],[25.4266,36.4074],[25.4266,36.4089],[25.4276,36.4099],[25.4276,36.4172],[25.4266,36.4172],[25.4245,36.4193],[25.4245,36.4255],[25.4219,36.4276],[25.4182,36.4276],[25.4172,36.4284],[25.4151,36.4285],[25.4141,36.4276],[25.413,36.4286],[25.4141,36.43],[25.4141,36.4307],[25.413,36.4318],[25.4141,36.4328],[25.4141,36.4339],[25.4182,36.438],[25.4182,36.4401],[25.4193,36.4411],[25.4214,36.4411],[25.4214,36.4453],[25.4203,36.4464],[25.4203,36.4491],[25.4182,36.4526],[25.4172,36.4526],[25.412,36.4578],[25.4109,36.4578],[25.4099,36.4585],[25.4078,36.4586],[25.4068,36.4578],[25.4047,36.4576],[25.4016,36.4576],[25.3995,36.4557],[25.3974,36.4557],[25.3964,36.4568],[25.3953,36.4568],[25.394,36.4578],[25.3914,36.4578],[25.3901,36.4568],[25.3891,36.4575],[25.387,36.4578],[25.3859,36.4594],[25.3849,36.4589],[25.3828,36.4589],[25.3818,36.4596],[25.3807,36.4589],[25.3779,36.4589],[25.3766,36.4578],[25.3755,36.4586],[25.3745,36.4585],[25.3745,36.4578],[25.3724,36.4558],[25.3703,36.4578],[25.3703,36.4595],[25.3693,36.4596],[25.3682,36.4609],[25.3682,36.462],[25.3689,36.463],[25.3672,36.4651],[25.3674,36.4672],[25.3666,36.4693],[25.3667,36.4745],[25.3714,36.4821],[25.3734,36.4839],[25.3756,36.487],[25.3797,36.4897],[25.3859,36.491],[25.3915,36.4891],[25.3953,36.4872],[25.3974,36.4876],[25.4005,36.4858],[25.4036,36.486],[25.4068,36.4851],[25.4078,36.4853],[25.4089,36.487],[25.4099,36.4865],[25.4105,36.4849],[25.412,36.4831],[25.4141,36.4828],[25.4161,36.4837],[25.4182,36.482],[25.4268,36.4797],[25.4297,36.4773],[25.4318,36.4741],[25.4417,36.4661],[25.4455,36.4609],[25.4516,36.4574],[25.4536,36.4568],[25.4585,36.4526],[25.4688,36.4411],[25.4724,36.4378],[25.4743,36.4349],[25.4759,36.4297],[25.4766,36.4288],[25.4776,36.4283],[25.4786,36.4283],[25.4807,36.4296],[25.4818,36.429],[25.4839,36.4265],[25.4859,36.4249],[25.4864,36.4234],[25.4891,36.4216],[25.4905,36.4193],[25.495,36.4151],[25.4957,36.4141],[25.496,36.4109],[25.4964,36.4106],[25.4974,36.4113],[25.4983,36.4109],[25.4961,36.4078],[25.496,36.4068],[25.4975,36.4047],[25.4947,36.3984],[25.495,36.3974],[25.4943,36.3964],[25.4945,36.3943],[25.494,36.3922],[25.494,36.3911],[25.4951,36.3901],[25.4962,36.388],[25.4971,36.3849],[25.4961,36.3755],[25.4936,36.3703],[25.4904,36.3589],[25.4891,36.3557],[25.4849,36.351],[25.4797,36.3483],[25.4768,36.3443],[25.4734,36.3419],[25.4682,36.3368],[25.4651,36.3351],[25.4622,36.3307],[25.4599,36.3285],[25.4536,36.3243],[25.4508,36.3214],[25.4484,36.32],[25.4432,36.3157]],[[25.8005,36.2983],[25.7996,36.2984],[25.7984,36.2998],[25.7974,36.2993],[25.7953,36.2999],[25.7943,36.3006],[25.7911,36.3011],[25.7881,36.3026],[25.7875,36.3036],[25.7861,36.3047],[25.7865,36.3068],[25.7849,36.3081],[25.7839,36.3075],[25.7834,36.3078],[25.7822,36.3089],[25.7828,36.3101],[25.7807,36.3106],[25.7792,36.312],[25.779,36.313],[25.7803,36.3141],[25.7802,36.3151],[25.7821,36.3161],[25.7807,36.3179],[25.7797,36.3175],[25.7794,36.3182],[25.7799,36.3193],[25.779,36.3203],[25.7813,36.3224],[25.7807,36.3257],[25.7797,36.3253],[25.7786,36.3263],[25.7776,36.3259],[25.7766,36.3269],[25.7755,36.3261],[25.7745,36.3269],[25.7724,36.3267],[25.7641,36.3281],[25.7609,36.3294],[25.7536,36.3312],[25.7453,36.3324],[25.737,36.3349],[25.7349,36.3363],[25.7307,36.3378],[25.7214,36.3426],[25.7182,36.3446],[25.7149,36.3474],[25.7141,36.3488],[25.7128,36.3495],[25.7132,36.3505],[25.7116,36.3516],[25.7111,36.3536],[25.7103,36.3547],[25.7111,36.3578],[25.713,36.361],[25.7152,36.363],[25.7151,36.3652],[25.7172,36.3669],[25.7172,36.3682],[25.7198,36.3714],[25.7234,36.3741],[25.7286,36.3804],[25.7331,36.3839],[25.7432,36.3885],[25.7442,36.3901],[25.7453,36.3948],[25.7482,36.3974],[25.7551,36.4016],[25.7568,36.402],[25.7586,36.4047],[25.7601,36.4089],[25.7609,36.4096],[25.763,36.4094],[25.7651,36.4085],[25.7693,36.4079],[25.7724,36.4051],[25.7734,36.4048],[25.7766,36.4044],[25.7776,36.4048],[25.7786,36.4037],[25.7797,36.4033],[25.7807,36.4016],[25.7818,36.4028],[25.7818,36.402],[25.7812,36.4016],[25.7818,36.4011],[25.7828,36.4012],[25.7849,36.3997],[25.788,36.399],[25.7901,36.3978],[25.7943,36.3984],[25.7953,36.3972],[25.8016,36.3979],[25.8036,36.3977],[25.8057,36.3968],[25.8089,36.3945],[25.812,36.3909],[25.8203,36.3849],[25.8276,36.3807],[25.8297,36.3788],[25.8339,36.3714],[25.8339,36.3701],[25.8359,36.3697],[25.8411,36.3669],[25.8422,36.3675],[25.8432,36.3671],[25.8464,36.3651],[25.8474,36.3637],[25.8505,36.3623],[25.8526,36.3636],[25.8547,36.3639],[25.8578,36.3638],[25.8609,36.3627],[25.8636,36.3599],[25.8655,36.3557],[25.8658,36.3516],[25.864,36.3474],[25.8609,36.3443],[25.8578,36.3422],[25.8516,36.3392],[25.8443,36.3371],[25.8349,36.3364],[25.8286,36.3373],[25.8276,36.339],[25.8266,36.3395],[25.8214,36.3391],[25.8146,36.3359],[25.8148,36.3349],[25.813,36.3331],[25.812,36.3332],[25.8109,36.3321],[25.8099,36.3318],[25.8081,36.3297],[25.8082,36.3276],[25.8075,36.3266],[25.8108,36.3234],[25.8119,36.3203],[25.8114,36.3161],[25.8121,36.3151],[25.8109,36.313],[25.8115,36.312],[25.8116,36.3068],[25.8112,36.3047],[25.8074,36.3016],[25.8068,36.3002],[25.8047,36.3006],[25.8026,36.3],[25.8005,36.2983]],[[25.8922,36.2629],[25.888,36.2626],[25.8797,36.2637],[25.8769,36.2651],[25.877,36.2661],[25.8766,36.2664],[25.8755,36.2659],[25.8743,36.2661],[25.8728,36.2682],[25.8738,36.2703],[25.8725,36.2714],[25.8719,36.2724],[25.872,36.2734],[25.8745,36.2763],[25.8786,36.2777],[25.8828,36.2781],[25.888,36.2778],[25.8932,36.2786],[25.8988,36.2797],[25.9047,36.2817],[25.9068,36.2815],[25.9078,36.2809],[25.9085,36.2797],[25.908,36.2776],[25.9047,36.274],[25.9036,36.2735],[25.9017,36.2693],[25.8984,36.2672],[25.8953,36.2641],[25.8922,36.2629]],[[25.8359,36.2618],[25.8328,36.2612],[25.8245,36.263],[25.8226,36.2651],[25.8224,36.2663],[25.8214,36.2665],[25.8206,36.2682],[25.819,36.2693],[25.8168,36.2745],[25.8169,36.2755],[25.816,36.2766],[25.8165,36.2776],[25.8164,36.2786],[25.8178,36.2807],[25.8182,36.2839],[25.8193,36.285],[25.8203,36.2845],[25.8214,36.286],[25.8224,36.2859],[25.8234,36.2852],[25.8245,36.2859],[25.8276,36.2864],[25.8318,36.2843],[25.8328,36.2852],[25.8339,36.285],[25.8359,36.284],[25.838,36.284],[25.8401,36.2826],[25.8413,36.2828],[25.8454,36.2786],[25.847,36.2755],[25.8476,36.2724],[25.8498,36.2714],[25.8452,36.2682],[25.8401,36.2662],[25.8359,36.2618]],[[25.2161,36.2303],[25.212,36.2297],[25.2089,36.2301],[25.2068,36.2315],[25.2041,36.2349],[25.202,36.2391],[25.1953,36.2412],[25.1931,36.2432],[25.1928,36.2464],[25.1938,36.2505],[25.1978,36.2578],[25.2016,36.2613],[25.2036,36.2619],[25.2047,36.2616],[25.2071,36.2589],[25.2081,36.2557],[25.2119,36.2516],[25.2131,36.2495],[25.2138,36.2422],[25.2175,36.238],[25.2199,36.2339],[25.2199,36.2328],[25.2193,36.2318],[25.2161,36.2303]],[[25.2297,36.2193],[25.2286,36.2193],[25.2276,36.2203],[25.2276,36.2214],[25.2286,36.2224],[25.2297,36.2224],[25.2307,36.2214],[25.2307,36.2203],[25.2297,36.2193]]]]}},{"type":"Feature","properties":{"depth":40,"kind":"isobath"},"geometry":{"type":"MultiLineString","coordinates":[[[25.0005,36.9819],[25.0037,36.9818],[25.0047,36.9825],[25.0057,36.9825],[25.0078,36.9851],[25.0102,36.9901],[25.01,36.9911],[25.0117,36.9953],[25.0118,36.9964],[25.0114,36.9974]],[[25.6402,36.9755],[25.6391,36.9768],[25.637,36.9755],[25.6391,36.975]],[[25.6298,36.9745],[25.6303,36.9755],[25.6297,36.9759],[25.6288,36.9755]],[[25.6325,36.9693],[25.6318,36.9696],[25.6306,36.9693],[25.6318,36.9686]],[[25.0959,36.9661],[25.095,36.9661],[25.0953,36.9653]],[[25.6209,36.9641],[25.6203,36.9648],[25.6197,36.9641],[25.6203,36.9634]],[[25.6251,36.9641],[25.6256,36.9651],[25.6245,36.966],[25.6238,36.9641],[25.6245,36.9634]],[[25.6196,36.963],[25.6193,36.9634],[25.6186,36.963],[25.6193,36.9624]],[[25.0921,36.962],[25.093,36.963],[25.0922,36.9635],[25.0911,36.9631],[25.0901,36.9641],[25.0893,36.963],[25.0911,36.9611]],[[25.6214,36.962],[25.6217,36.963],[25.6214,36.9635],[25.6209,36.963]],[[25.6245,36.962],[25.6234,36.9637],[25.623,36.963],[25.6234,36.9617]],[[25.6227,36.9609],[25.6223,36.9609],[25.6224,36.9601]],[[25.5851,36.9599],[25.5849,36.9602],[25.5845,36.9599]],[[25.2637,36.9547],[25.263,36.9552],[25.262,36.9547],[25.263,36.954]],[[25.2647,36.9536],[25.2641,36.9543],[25.2634,36.9536],[25.2641,36.9532]],[[25.0403,36.9495],[25.0401,36.9501],[25.0392,36.9495],[25.0401,36.9488]],[[25.6278,36.9224],[25.6276,36.9227],[25.6274,36.9224]],[[25.5498,36.9214],[25.5487,36.9214],[25.5495,36.921]],[[25.6431,36.9172],[25.6422,36.9181],[25.6417,36.9172]],[[25.9548,36.8984],[25.9547,36.8989],[25.9532,36.8984],[25.9536,36.8977]],[[25.4977,36.8818],[25.4974,36.8826],[25.4968,36.8818]],[[25.4945,36.8786],[25.4937,36.8786],[25.4943,36.878]],[[25.895,36.8693],[25.8967,36.8703],[25.8975,36.8714],[25.8967,36.8724],[25.8953,36.8729],[25.8943,36.8725],[25.8922,36.8714],[25.8914,36.8703],[25.8932,36.8689]],[[25.6112,36.8682],[25.6104,36.8682],[25.6109,36.8674]],[[25.6866,36.8682],[25.6859,36.8686],[25.6854,36.8682],[25.6859,36.8673]],[[25.4367,36.8651],[25.4359,36.866],[25.4349,36.8651],[25.4359,36.8647]],[[25.5592,36.8641],[25.5589,36.8644],[25.5586,36.8641],[25.5589,36.8638]],[[25.6966,36.8516],[25.6964,36.8521],[25.6963,36.8516]],[[25.4018,36.8245],[25.4016,36.8248],[25.4016,36.824]],[[25.0559,36.6411],[25.0557,36.642],[25.0553,36.6411]],[[25.33,36.4641],[25.3297,36.4645],[25.3288,36.4641],[25.3297,36.4637]],[[25.3854,36.3984],[25.3849,36.399],[25.3839,36.399],[25.3834,36.3984]],[[25.8195,36.2839],[25.8193,36.2848],[25.8183,36.2839]],[[25.9977,36.8849],[25.9953,36.8835],[25.9932,36.8835],[25.9926,36.8828],[25.9922,36.8807],[25.9911,36.8797],[25.9901,36.8803],[25.988,36.8797],[25.9859,36.8813],[25.9855,36.8807],[25.9859,36.8797],[25.9849,36.8787],[25.9839,36.8792],[25.9828,36.8782],[25.9797,36.8776],[25.9766,36.876],[25.9734,36.8736],[25.9714,36.8712],[25.9661,36.8681],[25.9657,36.8672],[25.9661,36.8661],[25.9651,36.8651],[25.9641,36.8658],[25.9641,36.8651],[25.963,36.8641],[25.9613,36.8641],[25.9599,36.8626],[25.9589,36.8626],[25.9582,36.862],[25.9588,36.8609],[25.9557,36.8578],[25.9532,36.8578],[25.9531,36.8568],[25.9516,36.8557],[25.9499,36.8557],[25.9474,36.8536],[25.9453,36.8542],[25.9453,36.8536],[25.9443,36.8526],[25.9391,36.8523],[25.9342,36.8474],[25.9336,36.8453],[25.9297,36.8413],[25.9297,36.8401],[25.9276,36.838],[25.9266,36.838],[25.9193,36.8342],[25.919,36.8339],[25.9193,36.8318],[25.9182,36.8307],[25.9172,36.8307],[25.9161,36.8322],[25.9151,36.8319],[25.912,36.8303],[25.912,36.8286],[25.9109,36.8276],[25.9098,36.8276],[25.9098,36.8193],[25.9125,36.8172],[25.913,36.8161],[25.912,36.8151],[25.9109,36.8156],[25.9099,36.8151],[25.9089,36.8161],[25.9089,36.8172],[25.9047,36.8133],[25.8953,36.8086],[25.8922,36.8061],[25.8886,36.8026],[25.8797,36.7922],[25.8769,36.7922],[25.8734,36.7886],[25.8705,36.788],[25.8609,36.7834],[25.8568,36.7834],[25.8557,36.783],[25.8526,36.7834],[25.8474,36.7829],[25.8432,36.7811],[25.8411,36.7792],[25.8359,36.7792],[25.8349,36.7798],[25.8328,36.7798],[25.8297,36.7793],[25.8276,36.7782],[25.8245,36.778],[25.8182,36.7756],[25.8151,36.7729],[25.8145,36.7714],[25.8099,36.7682],[25.8036,36.7654],[25.7932,36.7644],[25.7901,36.7646],[25.7891,36.7652],[25.787,36.764],[25.7828,36.764],[25.7714,36.7653],[25.7641,36.769],[25.7599,36.7689],[25.7557,36.7702],[25.7474,36.7765],[25.7453,36.7785],[25.7401,36.7853],[25.737,36.7872],[25.7346,36.7901],[25.7354,36.7943],[25.7349,36.7953],[25.7362,36.7964],[25.7358,36.7984],[25.7364,36.8005],[25.7349,36.8057],[25.7348,36.8109],[25.74,36.8203],[25.7411,36.8216],[25.7443,36.8233],[25.7474,36.8231],[25.7495,36.822],[25.7536,36.8213],[25.7568,36.821],[25.7579,36.8214],[25.7588,36.8203],[25.7589,36.8193],[25.7602,36.8193],[25.7599,36.8165],[25.762,36.8172],[25.763,36.8181],[25.7641,36.8175],[25.7636,36.8161],[25.7641,36.8144],[25.7672,36.8152],[25.7703,36.8143],[25.7734,36.8145],[25.7766,36.8163],[25.7776,36.8185],[25.7797,36.8191],[25.7807,36.8202],[25.7821,36.8203],[25.7815,36.8214],[25.7849,36.8224],[25.7922,36.8262],[25.7943,36.8266],[25.7964,36.8251],[25.8005,36.8236],[25.8036,36.8232],[25.8057,36.8238],[25.8068,36.8226],[25.812,36.8214],[25.8141,36.8198],[25.8172,36.8204],[25.8193,36.8201],[25.8245,36.8176],[25.8276,36.8175],[25.8318,36.8187],[25.8336,36.8203],[25.8346,36.8234],[25.8344,36.8255],[25.8331,36.8266],[25.8328,36.8283],[25.8318,36.8287],[25.8316,36.8297],[25.8307,36.8307],[25.8309,36.8318],[25.83,36.8339],[25.8308,36.8349],[25.8303,36.8359],[25.8318,36.837],[25.8323,36.8391],[25.8341,36.8422],[25.8347,36.8464],[25.8359,36.8487],[25.8379,36.8505],[25.8432,36.8547],[25.8453,36.8556],[25.8505,36.8563],[25.8536,36.858],[25.8589,36.8619],[25.862,36.8631],[25.863,36.8628],[25.8672,36.8639],[25.8703,36.8653],[25.8714,36.8649],[25.8745,36.8662],[25.8755,36.8673],[25.8766,36.8665],[25.8785,36.8682],[25.8818,36.8695],[25.8828,36.8691],[25.8839,36.8699],[25.887,36.8689],[25.8896,36.8714],[25.8897,36.8724],[25.8891,36.8725],[25.888,36.8715],[25.887,36.8725],[25.8859,36.8722],[25.8849,36.8729],[25.8849,36.8745],[25.8834,36.8786],[25.8831,36.8818],[25.8819,36.8828],[25.881,36.8849],[25.8814,36.8891],[25.8819,36.8901],[25.8839,36.8917],[25.8849,36.8914],[25.888,36.892],[25.8953,36.8922],[25.9016,36.8943],[25.9057,36.8948],[25.9203,36.8924],[25.9276,36.89],[25.9339,36.884],[25.9359,36.8832],[25.938,36.8834],[25.9401,36.8855],[25.9422,36.8846],[25.9443,36.8856],[25.9507,36.8922],[25.9516,36.8941],[25.9529,36.8953],[25.9526,36.8986],[25.9547,36.9011],[25.9557,36.9002],[25.9564,36.9016],[25.954,36.9026],[25.9536,36.9041],[25.9516,36.9059],[25.9506,36.9089],[25.9507,36.9109],[25.9514,36.913],[25.9565,36.9203],[25.9631,36.9245],[25.9664,36.9286],[25.9703,36.9308],[25.9745,36.9321],[25.9786,36.9328],[25.9828,36.933],[25.987,36.9325],[25.9891,36.9329],[25.9922,36.9342],[25.9965,36.938]],[[25.5765,36.9891],[25.575,36.988],[25.5753,36.9859],[25.5743,36.9839],[25.5748,36.9828],[25.5748,36.9818],[25.5742,36.9807],[25.5747,36.9786],[25.5723,36.9776],[25.5731,36.9766],[25.5726,36.9755],[25.5714,36.9745],[25.5701,36.9703],[25.5672,36.9667],[25.5668,36.9651],[25.5651,36.9623],[25.5621,36.9589],[25.5516,36.9507],[25.5484,36.9473],[25.5443,36.9462],[25.5411,36.9443],[25.5401,36.9444],[25.537,36.9417],[25.5349,36.9408],[25.5328,36.9413],[25.5318,36.94],[25.5286,36.9396],[25.5255,36.938],[25.5172,36.937],[25.512,36.9345],[25.5036,36.9318],[25.5016,36.9303],[25.4984,36.9301],[25.4976,36.9286],[25.4953,36.9268],[25.4932,36.9265],[25.4901,36.9239],[25.487,36.9224],[25.4818,36.9213],[25.4797,36.921],[25.4786,36.9215],[25.4734,36.9201],[25.4714,36.9207],[25.4672,36.9194],[25.4641,36.9175],[25.463,36.9164],[25.4588,36.9141],[25.4495,36.9108],[25.4478,36.9109],[25.4458,36.9099],[25.4453,36.909],[25.4432,36.9104],[25.4422,36.9097],[25.4416,36.9099],[25.4415,36.9109],[25.4393,36.912],[25.4328,36.9182],[25.4297,36.9203],[25.4266,36.9266],[25.4224,36.9297],[25.4229,36.9307],[25.4214,36.9318],[25.4218,36.9328],[25.4206,36.9359],[25.4196,36.937],[25.4196,36.9391],[25.4202,36.9401],[25.4193,36.9431],[25.4182,36.9447],[25.4172,36.9451],[25.4151,36.9476],[25.412,36.947],[25.4068,36.9475],[25.4057,36.9468],[25.4026,36.9463],[25.403,36.9474],[25.4026,36.9478],[25.4005,36.9478],[25.3995,36.9471],[25.3991,36.9474],[25.3997,36.9484],[25.3995,36.9526],[25.4006,36.9547],[25.4005,36.9556],[25.3964,36.9569],[25.3943,36.9572],[25.3922,36.9567],[25.3818,36.9589],[25.3766,36.959],[25.3714,36.9617],[25.3703,36.9637],[25.3676,36.9661],[25.3674,36.9672],[25.3662,36.9682],[25.3666,36.9693],[25.3646,36.9703],[25.361,36.9734],[25.3599,36.9778],[25.3578,36.9813],[25.3564,36.9818],[25.3564,36.9828],[25.3544,36.987],[25.3542,36.988],[25.3551,36.9901],[25.3544,36.9911],[25.3543,36.9932],[25.3533,36.9943],[25.3531,36.9953],[25.3516,36.9969],[25.3503,36.9974]],[[25.3149,36.9995],[25.3109,36.9981],[25.3103,36.9984],[25.3106,36.9995]],[[25.2603,36.9995],[25.263,36.9968],[25.263,36.9959],[25.2609,36.9964],[25.2609,36.9942],[25.2599,36.9946],[25.2568,36.9934],[25.2547,36.994],[25.2536,36.9922],[25.2542,36.9901],[25.254,36.988],[25.2536,36.9874],[25.2522,36.987],[25.2527,36.9859],[25.2516,36.9858],[25.2474,36.9839],[25.2453,36.9819],[25.2432,36.9811],[25.2411,36.9787],[25.2391,36.9788],[25.238,36.978],[25.237,36.9789],[25.2339,36.9772],[25.2328,36.9772],[25.2318,36.9781],[25.2307,36.9774],[25.2286,36.9791],[25.2245,36.9785],[25.2234,36.9787],[25.2224,36.9796],[25.2214,36.9789],[25.2182,36.9793],[25.2161,36.9787],[25.2151,36.9793],[25.2109,36.9783],[25.2089,36.9784],[25.1995,36.9748],[25.1984,36.975],[25.1974,36.9744],[25.1943,36.9743],[25.1901,36.9734],[25.1888,36.9724],[25.187,36.9723],[25.1828,36.9706],[25.1755,36.9687],[25.1714,36.9696],[25.1661,36.9718],[25.163,36.9719],[25.1589,36.9711],[25.156,36.9724],[25.1548,36.9745],[25.1544,36.9766],[25.1536,36.9767],[25.1526,36.976],[25.1495,36.977],[25.1484,36.9761],[25.1464,36.9768],[25.1453,36.9786],[25.1432,36.9772],[25.1411,36.9773],[25.1401,36.9764],[25.138,36.9762],[25.137,36.9753],[25.1349,36.9724],[25.1348,36.9703],[25.134,36.9682],[25.1307,36.9634],[25.1255,36.9598],[25.1224,36.9585],[25.1182,36.9582],[25.1141,36.9591],[25.113,36.9587],[25.112,36.96],[25.1109,36.9604],[25.1099,36.9594],[25.1091,36.9599],[25.1089,36.9613],[25.1068,36.9613],[25.1036,36.9623],[25.1016,36.9621],[25.1005,36.9624],[25.0995,36.9635],[25.0953,36.965],[25.0943,36.9642],[25.0932,36.9646],[25.0927,36.9641],[25.0935,36.963],[25.0912,36.9609],[25.0911,36.9603],[25.0901,36.9615],[25.0891,36.9599],[25.0895,36.9589],[25.0849,36.9559],[25.0816,36.9526],[25.0811,36.9505],[25.0796,36.9484],[25.0801,36.9464],[25.0792,36.9432],[25.0766,36.9401],[25.0745,36.9359],[25.0724,36.9341],[25.0693,36.9334],[25.0599,36.9355],[25.0592,36.9359],[25.0589,36.937],[25.0571,36.938],[25.0568,36.9388],[25.0556,36.9391],[25.0547,36.9425],[25.0484,36.9442],[25.0478,36.9464],[25.0464,36.9455],[25.0453,36.9457],[25.0443,36.9452],[25.0432,36.9468],[25.0411,36.9465],[25.0391,36.9494],[25.038,36.9498],[25.037,36.9495],[25.0359,36.9499],[25.0336,36.9474],[25.0305,36.9453],[25.0286,36.9458],[25.0276,36.9453],[25.0203,36.9446],[25.0193,36.945],[25.0099,36.945],[25.0089,36.9454],[25.0078,36.9449],[25.0016,36.9448]],[[25.3255,36.9806],[25.3245,36.9798],[25.3234,36.98],[25.3228,36.9807],[25.3245,36.982],[25.3276,36.982]],[[25.2828,36.9774],[25.2822,36.9776],[25.2842,36.9786]],[[25.2901,36.9773],[25.2891,36.978],[25.2884,36.9797],[25.2891,36.9809],[25.2901,36.9815],[25.2911,36.9812],[25.292,36.9797]],[[25.3016,36.9666],[25.3005,36.9662],[25.2992,36.9672],[25.2991,36.9714],[25.3016,36.9726],[25.3028,36.9724],[25.3039,36.9693],[25.3034,36.9682]],[[25.2703,36.9525],[25.2693,36.9532],[25.2682,36.9533],[25.2661,36.9524],[25.2651,36.9534],[25.2641,36.9518],[25.2619,36.9547],[25.2599,36.9555],[25.2601,36.9568],[25.2588,36.9578],[25.2582,36.9599],[25.2589,36.9626],[25.2609,36.9641],[25.262,36.9634],[25.2641,36.9641],[25.2637,36.963],[25.2641,36.9627],[25.2651,36.9626],[25.2661,36.9614],[25.2693,36.9608],[25.27,36.9589],[25.2695,36.9578],[25.2703,36.9573],[25.2714,36.9588],[25.272,36.9578],[25.271,36.9568],[25.2714,36.9563],[25.2724,36.9564],[25.2734,36.9557],[25.273,36.9547],[25.2734,36.9541],[25.2745,36.9552],[25.2751,36.9547],[25.2734,36.9531],[25.2724,36.9539],[25.2703,36.9538],[25.2707,36.9526]],[[25.5557,36.8897],[25.5557,36.8904],[25.5562,36.8901]],[[25.6891,36.8634],[25.688,36.8636],[25.6869,36.8651],[25.6891,36.8671],[25.6891,36.8658],[25.688,36.8659],[25.6871,36.8651],[25.688,36.8644],[25.6891,36.8646],[25.6895,36.8641]],[[25.6266,36.8546],[25.6214,36.8555],[25.6183,36.8568],[25.6176,36.8589],[25.6161,36.8592],[25.6153,36.8599],[25.6151,36.8609],[25.613,36.8619],[25.6135,36.863],[25.6113,36.8651],[25.6116,36.8661],[25.6089,36.8692],[25.6026,36.8718],[25.6016,36.8715],[25.6005,36.8723],[25.5992,36.8724],[25.5984,36.8734],[25.5988,36.8745],[25.5984,36.8752],[25.5974,36.8756],[25.5966,36.8776],[25.5968,36.8786],[25.5964,36.8789],[25.5943,36.8774],[25.5934,36.8776],[25.5954,36.8807],[25.5953,36.8816],[25.5942,36.8818],[25.5953,36.8819],[25.5964,36.883],[25.5967,36.8839],[25.596,36.8849],[25.5981,36.887],[25.598,36.888],[25.5991,36.8891],[25.6016,36.8891],[25.6037,36.8901],[25.6043,36.8922],[25.603,36.8943],[25.6068,36.8952],[25.6172,36.8997],[25.6328,36.9042],[25.637,36.9059],[25.6391,36.9092],[25.638,36.912],[25.6382,36.913],[25.6355,36.9151],[25.6377,36.9172],[25.6401,36.9186],[25.6432,36.9183],[25.6453,36.9195],[25.6464,36.918],[25.6484,36.9182],[25.6536,36.9161],[25.6589,36.9128],[25.6641,36.9131],[25.6651,36.9124],[25.6661,36.9124],[25.6766,36.9069],[25.6791,36.9047],[25.6806,36.9026],[25.6818,36.8995],[25.6821,36.8964],[25.6828,36.8956],[25.6839,36.8964],[25.6849,36.8961],[25.6891,36.8899],[25.6922,36.8876],[25.6956,36.8828],[25.6965,36.8786],[25.6963,36.8755],[25.6967,36.8745],[25.6944,36.8714],[25.6911,36.8699],[25.6891,36.8682],[25.6891,36.8675],[25.687,36.8681],[25.6859,36.8672],[25.6849,36.8679],[25.6839,36.8671],[25.6818,36.8675],[25.6807,36.8672],[25.6797,36.8684],[25.6776,36.8687],[25.6672,36.869],[25.6557,36.8683],[25.6526,36.8676],[25.6516,36.8667],[25.6505,36.8673],[25.6489,36.8672],[25.6443,36.8651],[25.6391,36.8604],[25.637,36.8621],[25.6337,36.862],[25.6318,36.8605],[25.6302,36.8599],[25.6307,36.8589],[25.6301,36.8568],[25.6292,36.8557]],[[25.6693,36.8294],[25.6672,36.8297],[25.663,36.8318],[25.66,36.837],[25.6589,36.8377],[25.6547,36.8386],[25.6536,36.8395],[25.6516,36.8398],[25.6502,36.8411],[25.6493,36.8422],[25.6497,36.8453],[25.6512,36.8474],[25.6589,36.8517],[25.663,36.8522],[25.6672,36.8517],[25.6724,36.8532],[25.6828,36.854],[25.6859,36.8563],[25.687,36.8583],[25.688,36.8581],[25.6885,36.8589],[25.6878,36.8599],[25.6887,36.8609],[25.6893,36.8609],[25.6882,36.8599],[25.6891,36.8593],[25.6911,36.8601],[25.6915,36.8599],[25.6913,36.8578],[25.6922,36.8561],[25.6932,36.8564],[25.6953,36.8546],[25.6964,36.8526],[25.6977,36.8516],[25.6969,36.8464],[25.6975,36.8443],[25.6964,36.8414],[25.6911,36.8357],[25.6891,36.8356],[25.6859,36.8363],[25.6807,36.8362],[25.6786,36.835],[25.6764,36.8318]],[[25.4557,36.8106],[25.4536,36.811],[25.4516,36.8102],[25.4474,36.8119],[25.4464,36.8114],[25.4453,36.8129],[25.4443,36.8135],[25.4401,36.8129],[25.4349,36.8148],[25.4266,36.8163],[25.4245,36.8158],[25.4228,36.8172],[25.4193,36.8188],[25.4161,36.8226],[25.4151,36.8231],[25.4089,36.8246],[25.4047,36.8247],[25.4036,36.8256],[25.4024,36.8255],[25.403,36.8245],[25.4005,36.8225],[25.3996,36.8203],[25.3984,36.8198],[25.3974,36.82],[25.3964,36.8193],[25.3953,36.8205],[25.3943,36.8201],[25.3933,36.8214],[25.3922,36.8215],[25.3893,36.8266],[25.3901,36.8283],[25.3943,36.8311],[25.3984,36.8304],[25.399,36.8297],[25.3995,36.8266],[25.4005,36.8258],[25.4012,36.8266],[25.4026,36.8268],[25.4035,36.8276],[25.4024,36.8307],[25.4036,36.8339],[25.4033,36.8349],[25.4042,36.8359],[25.4041,36.837],[25.4048,36.838],[25.4068,36.8401],[25.4078,36.8396],[25.4099,36.8404],[25.413,36.843],[25.4141,36.843],[25.4145,36.8443],[25.4179,36.8453],[25.4203,36.847],[25.4224,36.8516],[25.4268,36.8557],[25.4274,36.8589],[25.4285,36.8609],[25.4307,36.8632],[25.4318,36.863],[25.4328,36.8644],[25.4339,36.864],[25.4359,36.8662],[25.437,36.8653],[25.438,36.8658],[25.4391,36.8656],[25.4395,36.8661],[25.4391,36.8673],[25.4411,36.8662],[25.4453,36.8686],[25.4464,36.8681],[25.4478,36.8693],[25.4484,36.8704],[25.4495,36.8699],[25.4516,36.8703],[25.4536,36.8717],[25.4552,36.8734],[25.4568,36.8767],[25.4599,36.8807],[25.462,36.8819],[25.4641,36.8826],[25.4651,36.8816],[25.4661,36.8825],[25.4672,36.8817],[25.4682,36.8829],[25.4703,36.8817],[25.4714,36.8822],[25.4734,36.8816],[25.4755,36.8797],[25.4766,36.8796],[25.4786,36.8783],[25.4806,36.8766],[25.4818,36.8747],[25.4835,36.8734],[25.4853,36.8682],[25.487,36.868],[25.4874,36.8672],[25.4911,36.8653],[25.492,36.8641],[25.4932,36.8633],[25.4939,36.8641],[25.4934,36.8661],[25.4943,36.8672],[25.4944,36.8682],[25.4939,36.8682],[25.4932,36.8672],[25.4929,36.8682],[25.4933,36.8693],[25.4925,36.8703],[25.4925,36.8734],[25.492,36.8745],[25.4931,36.8755],[25.493,36.8766],[25.4935,36.8776],[25.4931,36.8786],[25.4943,36.8802],[25.4953,36.8805],[25.4959,36.8818],[25.4974,36.8829],[25.4984,36.8825],[25.4991,36.8828],[25.5016,36.8858],[25.5047,36.8874],[25.5056,36.8891],[25.5099,36.8924],[25.5141,36.8939],[25.5182,36.8964],[25.5214,36.8962],[25.5234,36.8967],[25.5255,36.8963],[25.5318,36.8935],[25.5339,36.893],[25.538,36.8931],[25.5401,36.8948],[25.5432,36.8937],[25.5453,36.8935],[25.5471,36.8943],[25.5473,36.8953],[25.5453,36.8976],[25.5432,36.899],[25.542,36.8984],[25.5433,36.9057],[25.5431,36.9089],[25.5447,36.912],[25.5448,36.9141],[25.5465,36.9161],[25.5468,36.9182],[25.5496,36.9234],[25.551,36.9286],[25.5526,36.9309],[25.5578,36.9357],[25.5583,36.937],[25.5609,36.9401],[25.5641,36.9418],[25.5661,36.942],[25.5682,36.944],[25.5693,36.944],[25.5703,36.9462],[25.5755,36.9511],[25.5818,36.9598],[25.5849,36.9613],[25.5859,36.9609],[25.587,36.9622],[25.5891,36.9607],[25.5897,36.9609],[25.5893,36.962],[25.5911,36.9631],[25.5906,36.962],[25.5911,36.961],[25.5932,36.9616],[25.6099,36.9623],[25.6151,36.9639],[25.6172,36.9658],[25.6182,36.9657],[25.6193,36.9665],[25.6203,36.9657],[25.6214,36.9664],[25.6219,36.9661],[25.6209,36.9651],[25.6224,36.9639],[25.6228,36.9641],[25.6228,36.9651],[25.6244,36.9661],[25.623,36.9672],[25.6239,36.9672],[25.6245,36.9664],[25.6247,36.9672],[25.6284,36.9703],[25.6255,36.9721],[25.6262,36.9734],[25.6255,36.9745],[25.6266,36.974],[25.6277,36.9755],[25.6266,36.9757],[25.6267,36.9776],[25.6251,36.9786],[25.6264,36.9797],[25.6255,36.9807],[25.6244,36.9807],[25.6248,36.9818],[25.6236,36.9859],[25.6242,36.9891],[25.6255,36.9919],[25.628,36.9943],[25.6297,36.9952],[25.6339,36.9965],[25.637,36.9968],[25.6417,36.9964],[25.6443,36.995],[25.6463,36.9932],[25.6485,36.9891],[25.6487,36.987],[25.6483,36.9828],[25.6473,36.9807],[25.6452,36.9786],[25.6451,36.9776],[25.6409,36.9745],[25.6401,36.974],[25.6391,36.9743],[25.638,36.974],[25.6359,36.9722],[25.6322,36.9703],[25.633,36.9693],[25.6312,36.9672],[25.6318,36.9661],[25.6318,36.965],[25.6339,36.964],[25.6341,36.963],[25.6327,36.962],[25.6339,36.9609],[25.6339,36.9599],[25.6327,36.9589],[25.6339,36.9575],[25.6341,36.9536],[25.6354,36.9495],[25.6357,36.9464],[25.6354,36.938],[25.6345,36.937],[25.6344,36.9349],[25.6325,36.9328],[25.6348,36.9307],[25.6349,36.9286],[25.6363,36.9266],[25.6339,36.9228],[25.6328,36.9221],[25.6316,36.9224],[25.6314,36.9214],[25.6307,36.9206],[25.6266,36.9205],[25.6255,36.92],[25.6245,36.9204],[25.6224,36.919],[25.6214,36.9199],[25.6163,36.9193],[25.6141,36.916],[25.613,36.9154],[25.612,36.9155],[25.6109,36.9148],[25.6099,36.912],[25.6078,36.9089],[25.6057,36.9069],[25.6026,36.9051],[25.6005,36.9046],[25.5974,36.9046],[25.5828,36.9028],[25.5797,36.8986],[25.5724,36.8937],[25.5703,36.8932],[25.5682,36.8944],[25.5651,36.8933],[25.5609,36.8939],[25.5578,36.8929],[25.5561,36.8943],[25.5516,36.8948],[25.5495,36.8957],[25.5476,36.8953],[25.5475,36.8943],[25.5484,36.8927],[25.5495,36.8919],[25.5518,36.8911],[25.5515,36.8901],[25.5524,36.8891],[25.5528,36.887],[25.5522,36.8859],[25.5525,36.8849],[25.5509,36.8807],[25.5517,36.8786],[25.5536,36.877],[25.5547,36.8778],[25.5555,36.8776],[25.5553,36.8766],[25.5599,36.8746],[25.5591,36.8724],[25.5599,36.8714],[25.5591,36.8703],[25.5584,36.8672],[25.5603,36.8661],[25.5609,36.8651],[25.5628,36.8672],[25.5634,36.8672],[25.5625,36.8661],[25.5623,36.8651],[25.5621,36.8568],[25.5579,36.8526],[25.5547,36.8504],[25.5443,36.8455],[25.5422,36.845],[25.5411,36.8454],[25.5391,36.8447],[25.5371,36.8432],[25.5361,36.8411],[25.537,36.8401],[25.5345,36.837],[25.5349,36.8349],[25.5318,36.831],[25.5276,36.8293],[25.5245,36.8288],[25.5224,36.8291],[25.5214,36.8301],[25.5182,36.8307],[25.5183,36.8318],[25.5161,36.8329],[25.5138,36.8359],[25.5121,36.8401],[25.512,36.8422],[25.5102,36.8443],[25.5092,36.8464],[25.5115,36.8536],[25.5099,36.8578],[25.5097,36.8599],[25.509,36.8609],[25.5068,36.8603],[25.5036,36.8623],[25.5016,36.8614],[25.5005,36.8624],[25.4995,36.8622],[25.4984,36.8639],[25.4953,36.8642],[25.4943,36.8638],[25.4932,36.8621],[25.4938,36.8589],[25.4935,36.8578],[25.4944,36.8568],[25.4939,36.8557],[25.4958,36.8536],[25.4956,36.8516],[25.4943,36.8472],[25.4921,36.8443],[25.4903,36.8401],[25.4887,36.8328],[25.489,36.8318],[25.4859,36.8256],[25.482,36.8224],[25.4818,36.8217],[25.4806,36.8214],[25.4808,36.8203],[25.4797,36.8202],[25.4786,36.8191],[25.4776,36.8192],[25.4766,36.8179],[25.4755,36.8179],[25.4745,36.8172],[25.4753,36.8182],[25.4745,36.8188],[25.4734,36.8184],[25.4724,36.8188],[25.4672,36.8178],[25.4633,36.8151],[25.463,36.8143],[25.462,36.8146],[25.4599,36.8127],[25.4589,36.8128],[25.4578,36.8117]],[[25.5589,36.7014],[25.5557,36.7006],[25.5526,36.7016],[25.5505,36.7034],[25.5499,36.7047],[25.5496,36.7068],[25.5501,36.7078],[25.5516,36.709],[25.5547,36.7098],[25.5568,36.7097],[25.5589,36.7089],[25.5602,36.7078],[25.5612,36.7057],[25.5609,36.7036]],[[25.0693,36.6224],[25.0661,36.623],[25.0651,36.6245],[25.0641,36.624],[25.063,36.6252],[25.0578,36.6234],[25.0547,36.6234],[25.0536,36.6243],[25.0526,36.6243],[25.0518,36.6255],[25.0484,36.6277],[25.0464,36.6298],[25.0453,36.63],[25.0447,36.6307],[25.0443,36.6323],[25.0431,36.6318],[25.0429,36.6339],[25.0432,36.6349],[25.0453,36.6368],[25.0505,36.6384],[25.0539,36.6401],[25.0543,36.6411],[25.0557,36.6422],[25.0557,36.6432],[25.0563,36.6432],[25.0567,36.6443],[25.062,36.6495],[25.0626,36.6505],[25.063,36.6538],[25.0711,36.6661],[25.0734,36.6688],[25.0786,36.6726],[25.0804,36.6745],[25.0811,36.6766],[25.0814,36.6797],[25.0791,36.6818],[25.0796,36.6849],[25.0818,36.6888],[25.0849,36.6907],[25.0864,36.6911],[25.0932,36.6972],[25.0964,36.699],[25.1078,36.7026],[25.1109,36.7047],[25.1182,36.7068],[25.1257,36.712],[25.1318,36.7172],[25.1339,36.7184],[25.1391,36.7193],[25.1484,36.7201],[25.153,36.7214],[25.1547,36.7223],[25.1589,36.7219],[25.1672,36.724],[25.1714,36.723],[25.1745,36.7239],[25.1786,36.7243],[25.1797,36.7257],[25.1807,36.7252],[25.1818,36.7259],[25.1849,36.7263],[25.1859,36.7261],[25.1891,36.723],[25.191,36.7203],[25.1908,36.7182],[25.192,36.7172],[25.1929,36.712],[25.1941,36.7099],[25.1932,36.7089],[25.1931,36.7057],[25.1922,36.7047],[25.1933,36.7026],[25.1927,36.7016],[25.193,36.7005],[25.1904,36.6953],[25.1849,36.6891],[25.1837,36.6891],[25.1841,36.688],[25.1828,36.6873],[25.1818,36.6852],[25.1792,36.6828],[25.1734,36.6794],[25.1692,36.6776],[25.1669,36.6755],[25.1647,36.6714],[25.163,36.6696],[25.1619,36.6693],[25.1616,36.6682],[25.1526,36.6645],[25.1516,36.6646],[25.1484,36.6628],[25.1453,36.6594],[25.1443,36.659],[25.1442,36.6578],[25.1432,36.6574],[25.1416,36.6557],[25.1401,36.6534],[25.1359,36.6506],[25.1349,36.651],[25.1339,36.65],[25.1287,36.6484],[25.1276,36.6472],[25.1255,36.6466],[25.1234,36.6453],[25.1224,36.6453],[25.1214,36.6445],[25.1193,36.6441],[25.1182,36.6445],[25.1151,36.6435],[25.1141,36.6437],[25.1078,36.6395],[25.1047,36.6386],[25.1026,36.637],[25.1016,36.6371],[25.1006,36.6359],[25.0995,36.6359],[25.0964,36.6337],[25.0953,36.6342],[25.0943,36.6331],[25.0932,36.6336],[25.0922,36.6332],[25.0886,36.6307],[25.0839,36.6253],[25.0828,36.6247],[25.0755,36.6244]],[[25.013,36.6192],[25.0111,36.6203],[25.0099,36.6199],[25.0078,36.6204],[25.0041,36.6224],[25.0026,36.6247],[25.0022,36.6276],[25.0037,36.6297],[25.0036,36.631],[25.0068,36.6329],[25.0078,36.6341],[25.0089,36.6339],[25.0099,36.6348],[25.012,36.635],[25.013,36.636],[25.0141,36.6358],[25.0176,36.6391],[25.0203,36.6403],[25.0224,36.6404],[25.0266,36.6393],[25.0297,36.6366],[25.0318,36.6359],[25.0328,36.6349],[25.0332,36.6328],[25.0326,36.6318],[25.0332,36.6307],[25.0307,36.6265],[25.0266,36.6224],[25.0243,36.6214]],[[25.3276,36.6171],[25.3259,36.6172],[25.3248,36.6182],[25.3239,36.6203],[25.3238,36.6224],[25.3245,36.6238],[25.3262,36.6255],[25.3276,36.6262],[25.3307,36.6267],[25.3318,36.6277],[25.3325,36.6297],[25.3329,36.6339],[25.3328,36.6386],[25.3314,36.6411],[25.3307,36.6416],[25.3294,36.6411],[25.3291,36.6422],[25.328,36.6432],[25.3278,36.6443],[25.3286,36.6464],[25.325,36.6516],[25.3214,36.654],[25.3193,36.6536],[25.3182,36.6541],[25.3172,36.655],[25.3168,36.6568],[25.3151,36.6578],[25.3146,36.6589],[25.3153,36.6609],[25.3141,36.6612],[25.3135,36.662],[25.3141,36.663],[25.3124,36.6651],[25.3128,36.6661],[25.3109,36.6666],[25.3099,36.6682],[25.3078,36.6698],[25.3057,36.67],[25.3047,36.6707],[25.3036,36.6706],[25.3026,36.6711],[25.3022,36.6724],[25.3009,36.6734],[25.3002,36.6755],[25.3008,36.6797],[25.3005,36.6807],[25.2995,36.6805],[25.2993,36.6818],[25.2984,36.682],[25.2974,36.6815],[25.2961,36.6828],[25.2975,36.6849],[25.2975,36.6859],[25.2953,36.6846],[25.2943,36.6854],[25.2932,36.6848],[25.2922,36.6848],[25.2923,36.6859],[25.2917,36.687],[25.292,36.688],[25.291,36.6901],[25.288,36.6916],[25.2849,36.6922],[25.2846,36.6932],[25.2828,36.6944],[25.2807,36.6941],[25.2812,36.6953],[25.2807,36.6963],[25.2797,36.6968],[25.2776,36.6969],[25.2755,36.6979],[25.2734,36.6978],[25.2724,36.6984],[25.2719,36.6995],[25.2696,36.7005],[25.2661,36.7011],[25.2589,36.7036],[25.2568,36.704],[25.2557,36.7035],[25.2536,36.7035],[25.2526,36.7049],[25.2516,36.7051],[25.2505,36.7066],[25.2484,36.7075],[25.2464,36.7077],[25.2432,36.7068],[25.2395,36.7078],[25.2358,36.7109],[25.2349,36.7114],[25.2328,36.7112],[25.232,36.712],[25.2325,36.713],[25.2309,36.7161],[25.2312,36.7224],[25.2325,36.7276],[25.2336,36.7286],[25.2332,36.7297],[25.2341,36.7307],[25.2336,36.7318],[25.2339,36.7321],[25.235,36.7318],[25.2354,36.7339],[25.2365,36.7349],[25.2364,36.7359],[25.2404,36.7391],[25.241,36.7401],[25.2396,36.7411],[25.2409,36.7422],[25.2411,36.7432],[25.2412,36.7464],[25.2398,36.7474],[25.2406,36.7505],[25.2425,36.7536],[25.2465,36.7578],[25.2453,36.7583],[25.2453,36.7589],[25.2477,36.7609],[25.2477,36.763],[25.2509,36.7672],[25.252,36.7703],[25.2515,36.7724],[25.2536,36.7747],[25.2566,36.7766],[25.2593,36.7797],[25.2612,36.7828],[25.2627,36.787],[25.2641,36.7891],[25.2641,36.7901],[25.2659,36.7932],[25.2693,36.7957],[25.2703,36.7957],[25.2714,36.7969],[25.2724,36.7973],[25.2755,36.7972],[25.2786,36.7991],[25.2807,36.7996],[25.2828,36.7997],[25.2839,36.7992],[25.2849,36.7995],[25.2859,36.7991],[25.287,36.7996],[25.288,36.7988],[25.2911,36.7985],[25.2943,36.7993],[25.3016,36.8022],[25.3057,36.805],[25.3068,36.8063],[25.3078,36.8068],[25.3089,36.8062],[25.3099,36.8072],[25.312,36.8082],[25.313,36.8076],[25.3141,36.8084],[25.3161,36.8072],[25.3172,36.8078],[25.3171,36.8068],[25.3182,36.8051],[25.3193,36.8047],[25.3191,36.8036],[25.3203,36.8005],[25.3219,36.7995],[25.3213,36.7984],[25.3217,36.7953],[25.3234,36.7923],[25.3245,36.7919],[25.3307,36.7859],[25.3318,36.7865],[25.3339,36.7858],[25.3346,36.7839],[25.3359,36.7842],[25.3366,36.7839],[25.3377,36.7818],[25.3375,36.7797],[25.3391,36.779],[25.3403,36.7776],[25.342,36.7766],[25.3444,36.7724],[25.3457,36.7693],[25.345,36.7682],[25.3447,36.7661],[25.3464,36.7654],[25.3475,36.7641],[25.3505,36.763],[25.3547,36.7587],[25.3568,36.7582],[25.3599,36.7607],[25.362,36.7611],[25.3661,36.7611],[25.3703,36.7597],[25.3714,36.7587],[25.3734,36.76],[25.3729,36.7578],[25.3736,36.7568],[25.3734,36.7557],[25.3749,36.7547],[25.3754,36.7536],[25.376,36.7516],[25.3758,36.7495],[25.377,36.7484],[25.3762,36.7474],[25.3766,36.746],[25.3776,36.7462],[25.3807,36.744],[25.3818,36.7442],[25.3828,36.7433],[25.3859,36.7426],[25.388,36.7411],[25.3891,36.7412],[25.3922,36.7404],[25.3984,36.7357],[25.4016,36.7348],[25.4026,36.7353],[25.4029,36.7349],[25.4023,36.7339],[25.4036,36.7324],[25.4047,36.7317],[25.4068,36.7323],[25.4072,36.7318],[25.4064,36.7307],[25.4066,36.7297],[25.4083,36.7286],[25.4078,36.7276],[25.4099,36.7255],[25.4103,36.7245],[25.412,36.725],[25.4128,36.7245],[25.4123,36.7182],[25.4132,36.7109],[25.412,36.7067],[25.4087,36.7026],[25.4026,36.6996],[25.4016,36.6999],[25.4006,36.6995],[25.3989,36.6974],[25.399,36.6964],[25.3981,36.6953],[25.3983,36.6943],[25.3979,36.6932],[25.399,36.6911],[25.3987,36.6901],[25.3993,36.6891],[25.399,36.687],[25.3995,36.6859],[25.3994,36.6849],[25.3983,36.6828],[25.3988,36.6818],[25.3988,36.6797],[25.4002,36.6786],[25.401,36.6734],[25.4019,36.6724],[25.4021,36.6714],[25.4023,36.6682],[25.4016,36.6661],[25.3998,36.663],[25.3995,36.6589],[25.3968,36.6526],[25.3956,36.6464],[25.3943,36.6451],[25.3912,36.6432],[25.387,36.642],[25.3839,36.6417],[25.3818,36.6432],[25.3807,36.6426],[25.3797,36.6427],[25.3786,36.642],[25.3783,36.6422],[25.3799,36.6443],[25.3797,36.6448],[25.3734,36.6435],[25.3724,36.6429],[25.3714,36.643],[25.3672,36.638],[25.362,36.6346],[25.3536,36.6314],[25.3516,36.6318],[25.3464,36.6273],[25.3453,36.6271],[25.3432,36.6255],[25.3422,36.626],[25.3411,36.6251],[25.3391,36.6245],[25.3349,36.624],[25.3338,36.6234],[25.3303,36.6193]],[[25.687,36.6151],[25.6839,36.6151],[25.6807,36.616],[25.6761,36.6182],[25.6747,36.6203],[25.6734,36.621],[25.6722,36.6245],[25.6703,36.6255],[25.6694,36.6276],[25.6694,36.6307],[25.6703,36.6325],[25.6724,36.6334],[25.6797,36.6338],[25.6818,36.6334],[25.6828,36.6325],[25.6891,36.6319],[25.6953,36.6272],[25.6984,36.6235],[25.6989,36.6224],[25.6992,36.6203],[25.6984,36.6184],[25.6953,36.6173],[25.6911,36.6168]],[[25.387,36.3912],[25.3859,36.3918],[25.3839,36.3918],[25.3828,36.3912],[25.3818,36.3918],[25.3807,36.3918],[25.3794,36.3943],[25.3786,36.3948],[25.3766,36.3948],[25.3756,36.3964],[25.3734,36.3964],[25.3714,36.3984],[25.3734,36.4005],[25.3745,36.4005],[25.3755,36.4016],[25.3776,36.4018],[25.3786,36.4031],[25.3797,36.4024],[25.3839,36.4027],[25.3858,36.4057],[25.3863,36.4089],[25.387,36.4099],[25.387,36.412],[25.3911,36.4161],[25.3922,36.4161],[25.3943,36.413],[25.3974,36.413],[25.3984,36.4141],[25.3995,36.4141],[25.4005,36.413],[25.4026,36.413],[25.4047,36.412],[25.4057,36.412],[25.4068,36.413],[25.4078,36.412],[25.4089,36.412],[25.4109,36.4109],[25.412,36.4099],[25.412,36.4068],[25.4109,36.4052],[25.4109,36.4026],[25.4099,36.4016],[25.4078,36.4016],[25.4078,36.3984],[25.4057,36.3953],[25.3988,36.3953],[25.3974,36.393],[25.3953,36.3932],[25.3943,36.3922],[25.3932,36.3932],[25.3911,36.3939],[25.3891,36.3932]],[[25.4432,36.3157],[25.4411,36.3153],[25.4401,36.3159],[25.4339,36.3158],[25.4276,36.317],[25.4261,36.3182],[25.4255,36.3196],[25.4244,36.3203],[25.4234,36.3236],[25.4224,36.3241],[25.4203,36.3234],[25.4193,36.3241],[25.4151,36.3272],[25.4078,36.3342],[25.4068,36.3346],[25.4057,36.3343],[25.4049,36.3349],[25.4037,36.337],[25.4005,36.339],[25.3964,36.3394],[25.3943,36.3402],[25.387,36.3396],[25.3797,36.3403],[25.3682,36.3453],[25.3651,36.3458],[25.362,36.3473],[25.3547,36.3479],[25.3526,36.3489],[25.3516,36.3503],[25.3495,36.3509],[25.3453,36.3535],[25.3432,36.3534],[25.3429,36.3526],[25.3422,36.3523],[25.3403,36.3526],[25.3396,36.3536],[25.3412,36.3547],[25.3401,36.3556],[25.3391,36.3553],[25.3376,36.3557],[25.3373,36.3568],[25.3362,36.3578],[25.3359,36.3599],[25.3351,36.3609],[25.3318,36.3639],[25.3297,36.3643],[25.3276,36.3673],[25.3255,36.3682],[25.3245,36.3693],[25.3238,36.3703],[25.3244,36.3734],[25.3232,36.3755],[25.3203,36.3774],[25.3182,36.3782],[25.3161,36.3813],[25.3153,36.3818],[25.3126,36.388],[25.3123,36.3901],[25.3116,36.3911],[25.3121,36.4005],[25.3106,36.4057],[25.3109,36.4109],[25.3105,36.4151],[25.3109,36.4193],[25.3128,36.4224],[25.3123,36.4276],[25.3131,36.4286],[25.314,36.4328],[25.3147,36.4339],[25.3161,36.438],[25.3167,36.4411],[25.3197,36.4464],[25.3215,36.4516],[25.3255,36.4593],[25.3298,36.4661],[25.3328,36.4673],[25.3443,36.4662],[25.3464,36.4649],[25.3474,36.4657],[25.3484,36.4641],[25.3453,36.462],[25.3456,36.4609],[25.3468,36.4599],[25.3469,36.4578],[25.3464,36.4542],[25.347,36.4526],[25.3484,36.4513],[25.3516,36.4516],[25.3526,36.4508],[25.356,36.4505],[25.3578,36.4474],[25.3564,36.4453],[25.3568,36.4443],[25.3591,36.4422],[25.3592,36.4391],[25.3581,36.438],[25.3578,36.4359],[25.3568,36.4349],[25.3547,36.4377],[25.3536,36.4377],[25.3526,36.437],[25.3516,36.4377],[25.3516,36.437],[25.3505,36.4359],[25.3495,36.4366],[25.3488,36.4359],[25.3495,36.4349],[25.3484,36.4339],[25.3477,36.4339],[25.3477,36.4318],[25.3495,36.4297],[25.3505,36.4297],[25.3515,36.4286],[25.3517,36.4266],[25.3526,36.4255],[25.3516,36.4245],[25.3508,36.4245],[25.3518,36.4234],[25.3519,36.4214],[25.3515,36.4182],[25.3508,36.4172],[25.3516,36.4172],[25.3536,36.4151],[25.353,36.4141],[25.353,36.413],[25.3536,36.413],[25.3547,36.412],[25.3539,36.4109],[25.3539,36.4089],[25.3547,36.4078],[25.3536,36.4068],[25.3505,36.4097],[25.3474,36.4099],[25.3443,36.4126],[25.3411,36.413],[25.3377,36.4151],[25.337,36.4151],[25.3349,36.4169],[25.3339,36.4162],[25.3328,36.4171],[25.3318,36.4162],[25.3266,36.4161],[25.3255,36.4151],[25.3242,36.4151],[25.3247,36.4141],[25.3209,36.4089],[25.3248,36.4036],[25.3219,36.4005],[25.3219,36.3932],[25.3224,36.3922],[25.3255,36.3903],[25.3266,36.3906],[25.3266,36.3887],[25.3259,36.388],[25.3297,36.384],[25.3318,36.3837],[25.3328,36.3841],[25.3339,36.3857],[25.334,36.3849],[25.337,36.3821],[25.338,36.3818],[25.3391,36.3818],[25.3411,36.3832],[25.3453,36.3839],[25.3464,36.3849],[25.3484,36.3849],[25.3505,36.3866],[25.3516,36.3864],[25.3529,36.3839],[25.3516,36.3824],[25.3516,36.3818],[25.3505,36.3807],[25.3499,36.3807],[25.3493,36.3797],[25.3498,36.3776],[25.3472,36.3755],[25.3472,36.3745],[25.3486,36.3734],[25.3486,36.3724],[25.3495,36.3716],[25.3516,36.3712],[25.3526,36.3716],[25.3536,36.3714],[25.3541,36.3682],[25.3578,36.3657],[25.363,36.3662],[25.3651,36.3676],[25.3661,36.3677],[25.3693,36.3657],[25.3714,36.3661],[25.3724,36.3655],[25.3734,36.3656],[25.3776,36.3687],[25.3786,36.3687],[25.3818,36.3676],[25.3828,36.3675],[25.3839,36.3682],[25.3849,36.3672],[25.3891,36.3672],[25.3901,36.3661],[25.3932,36.3661],[25.3943,36.3651],[25.3974,36.3651],[25.4005,36.363],[25.412,36.363],[25.4151,36.3651],[25.4151,36.3682],[25.4172,36.3703],[25.4182,36.3703],[25.4196,36.3714],[25.4203,36.3734],[25.4198,36.3766],[25.4247,36.3818],[25.4255,36.3835],[25.4266,36.3842],[25.4266,36.3859],[25.4286,36.388],[25.4297,36.388],[25.4307,36.3891],[25.4307,36.3901],[25.4318,36.3911],[25.4318,36.3922],[25.4326,36.3932],[25.4318,36.3943],[25.4318,36.3964],[25.4307,36.3974],[25.4307,36.3984],[25.4287,36.4005],[25.4286,36.4012],[25.4266,36.4016],[25.4255,36.4026],[25.4266,36.4036],[25.4255,36.4047],[25.4255,36.4057],[25.4266,36.4074],[25.4266,36.4089],[25.4276,36.4099],[25.4276,36.4172],[25.4266,36.4172],[25.4245,36.4193],[25.4245,36.4255],[25.4219,36.4276],[25.4182,36.4276],[25.4172,36.4284],[25.4151,36.4285],[25.4141,36.4276],[25.413,36.4286],[25.4141,36.43],[25.4141,36.4307],[25.413,36.4318],[25.4141,36.4328],[25.4141,36.4339],[25.4182,36.438],[25.4182,36.4401],[25.4193,36.4411],[25.4214,36.4411],[25.4214,36.4453],[25.4203,36.4464],[25.4203,36.4491],[25.4182,36.4526],[25.4172,36.4526],[25.412,36.4578],[25.4109,36.4578],[25.4099,36.4585],[25.4078,36.4586],[25.4068,36.4578],[25.4047,36.4576],[25.4016,36.4576],[25.3995,36.4557],[25.3974,36.4557],[25.3964,36.4568],[25.3953,36.4568],[25.394,36.4578],[25.3914,36.4578],[25.3901,36.4568],[25.3891,36.4575],[25.387,36.4578],[25.3859,36.4594],[25.3849,36.4589],[25.3828,36.4589],[25.3818,36.4596],[25.3807,36.4589],[25.3779,36.4589],[25.3766,36.4578],[25.3755,36.4586],[25.3745,36.4585],[25.3745,36.4578],[25.3724,36.4558],[25.3703,36.4578],[25.3703,36.4595],[25.3693,36.4596],[25.3682,36.4609],[25.3682,36.462],[25.3689,36.463],[25.3672,36.4651],[25.3674,36.4672],[25.3666,36.4693],[25.3667,36.4745],[25.3714,36.4821],[25.3734,36.4839],[25.3756,36.487],[25.3797,36.4897],[25.3859,36.491],[25.3915,36.4891],[25.3953,36.4872],[25.3974,36.4876],[25.4005,36.4858],[25.4036,36.486],[25.4068,36.4851],[25.4078,36.4853],[25.4089,36.487],[25.4099,36.4865],[25.4105,36.4849],[25.412,36.4831],[25.4141,36.4828],[25.4161,36.4837],[25.4182,36.482],[25.4268,36.4797],[25.4297,36.4773],[25.4318,36.4741],[25.4417,36.4661],[25.4455,36.4609],[25.4516,36.4574],[25.4536,36.4568],[25.4585,36.4526],[25.4688,36.4411],[25.4724,36.4378],[25.4743,36.4349],[25.4759,36.4297],[25.4766,36.4288],[25.4776,36.4283],[25.4786,36.4283],[25.4807,36.4296],[25.4818,36.429],[25.4839,36.4265],[25.4859,36.4249],[25.4864,36.4234],[25.4891,36.4216],[25.4905,36.4193],[25.495,36.4151],[25.4957,36.4141],[25.496,36.4109],[25.4964,36.4106],[25.4974,36.4113],[25.4983,36.4109],[25.4961,36.4078],[25.496,36.4068],[25.4975,36.4047],[25.4947,36.3984],[25.495,36.3974],[25.4943,36.3964],[25.4945,36.3943],[25.494,36.3922],[25.494,36.3911],[25.4951,36.3901],[25.4962,36.388],[25.4971,36.3849],[25.4961,36.3755],[25.4936,36.3703],[25.4904,36.3589],[25.4891,36.3557],[25.4849,36.351],[25.4797,36.3483],[25.4768,36.3443],[25.4734,36.3419],[25.4682,36.3368],[25.4651,36.3351],[25.4622,36.3307],[25.4599,36.3285],[25.4536,36.3243],[25.4508,36.3214],[25.4484,36.32]],[[25.8005,36.2983],[25.7996,36.2984],[25.7984,36.2998],[25.7974,36.2993],[25.7953,36.2999],[25.7943,36.3006],[25.7911,36.3011],[25.7881,36.3026],[25.7875,36.3036],[25.7861,36.3047],[25.7865,36.3068],[25.7849,36.3081],[25.7839,36.3075],[25.7834,36.3078],[25.7822,36.3089],[25.7828,36.3101],[25.7807,36.3106],[25.7792,36.312],[25.779,36.313],[25.7803,36.3141],[25.7802,36.3151],[25.7821,36.3161],[25.7807,36.3179],[25.7797,36.3175],[25.7794,36.3182],[25.7799,36.3193],[25.779,36.3203],[25.7813,36.3224],[25.7807,36.3257],[25.7797,36.3253],[25.7786,36.3263],[25.7776,36.3259],[25.7766,36.3269],[25.7755,36.3261],[25.7745,36.3269],[25.7724,36.3267],[25.7641,36.3281],[25.7609,36.3294],[25.7536,36.3312],[25.7453,36.3324],[25.737,36.3349],[25.7349,36.3363],[25.7307,36.3378],[25.7214,36.3426],[25.7182,36.3446],[25.7149,36.3474],[25.7141,36.3488],[25.7128,36.3495],[25.7132,36.3505],[25.7116,36.3516],[25.7111,36.3536],[25.7103,36.3547],[25.7111,36.3578],[25.713,36.361],[25.7152,36.363],[25.7151,36.3652],[25.7172,36.3669],[25.7172,36.3682],[25.7198,36.3714],[25.7234,36.3741],[25.7286,36.3804],[25.7331,36.3839],[25.7432,36.3885],[25.7442,36.3901],[25.7453,36.3948],[25.7482,36.3974],[25.7551,36.4016],[25.7568,36.402],[25.7586,36.4047],[25.7601,36.4089],[25.7609,36.4096],[25.763,36.4094],[25.7651,36.4085],[25.7693,36.4079],[25.7724,36.4051],[25.7734,36.4048],[25.7766,36.4044],[25.7776,36.4048],[25.7786,36.4037],[25.7797,36.4033],[25.7807,36.4016],[25.7818,36.4028],[25.7818,36.402],[25.7812,36.4016],[25.7818,36.4011],[25.7828,36.4012],[25.7849,36.3997],[25.788,36.399],[25.7901,36.3978],[25.7943,36.3984],[25.7953,36.3972],[25.8016,36.3979],[25.8036,36.3977],[25.8057,36.3968],[25.8089,36.3945],[25.812,36.3909],[25.8203,36.3849],[25.8276,36.3807],[25.8297,36.3788],[25.8339,36.3714],[25.8339,36.3701],[25.8359,36.3697],[25.8411,36.3669],[25.8422,36.3675],[25.8432,36.3671],[25.8464,36.3651],[25.8474,36.3637],[25.8505,36.3623],[25.8526,36.3636],[25.8547,36.3639],[25.8578,36.3638],[25.8609,36.3627],[25.8636,36.3599],[25.8655,36.3557],[25.8658,36.3516],[25.864,36.3474],[25.8609,36.3443],[25.8578,36.3422],[25.8516,36.3392],[25.8443,36.3371],[25.8349,36.3364],[25.8286,36.3373],[25.8276,36.339],[25.8266,36.3395],[25.8214,36.3391],[25.8146,36.3359],[25.8148,36.3349],[25.813,36.3331],[25.812,36.3332],[25.8109,36.3321],[25.8099,36.3318],[25.8081,36.3297],[25.8082,36.3276],[25.8075,36.3266],[25.8108,36.3234],[25.8119,36.3203],[25.8114,36.3161],[25.8121,36.3151],[25.8109,36.313],[25.8115,36.312],[25.8116,36.3068],[25.8112,36.3047],[25.8074,36.3016],[25.8068,36.3002],[25.8047,36.3006],[25.8026,36.3]],[[25.8922,36.2629],[25.888,36.2626],[25.8797,36.2637],[25.8769,36.2651],[25.877,36.2661],[25.8766,36.2664],[25.8755,36.2659],[25.8743,36.2661],[25.8728,36.2682],[25.8738,36.2703],[25.8725,36.2714],[25.8719,36.2724],[25.872,36.2734],[25.8745,36.2763],[25.8786,36.2777],[25.8828,36.2781],[25.888,36.2778],[25.8932,36.2786],[25.8988,36.2797],[25.9047,36.2817],[25.9068,36.2815],[25.9078,36.2809],[25.9085,36.2797],[25.908,36.2776],[25.9047,36.274],[25.9036,36.2735],[25.9017,36.2693],[25.8984,36.2672],[25.8953,36.2641]],[[25.8359,36.2618],[25.8328,36.2612],[25.8245,36.263],[25.8226,36.2651],[25.8224,36.2663],[25.8214,36.2665],[25.8206,36.2682],[25.819,36.2693],[25.8168,36.2745],[25.8169,36.2755],[25.816,36.2766],[25.8165,36.2776],[25.8164,36.2786],[25.8178,36.2807],[25.8182,36.2839],[25.8193,36.285],[25.8203,36.2845],[25.8214,36.286],[25.8224,36.2859],[25.8234,36.2852],[25.8245,36.2859],[25.8276,36.2864],[25.8318,36.2843],[25.8328,36.2852],[25.8339,36.285],[25.8359,36.284],[25.838,36.284],[25.8401,36.2826],[25.8413,36.2828],[25.8454,36.2786],[25.847,36.2755],[25.8476,36.2724],[25.8498,36.2714],[25.8452,36.2682],[25.8401,36.2662]],[[25.2161,36.2303],[25.212,36.2297],[25.2089,36.2301],[25.2068,36.2315],[25.2041,36.2349],[25.202,36.2391],[25.1953,36.2412],[25.1931,36.2432],[25.1928,36.2464],[25.1938,36.2505],[25.1978,36.2578],[25.2016,36.2613],[25.2036,36.2619],[25.2047,36.2616],[25.2071,36.2589],[25.2081,36.2557],[25.2119,36.2516],[25.2131,36.2495],[25.2138,36.2422],[25.2175,36.238],[25.2199,36.2339],[25.2199,36.2328],[25.2193,36.2318]],[[25.2297,36.2193],[25.2286,36.2193],[25.2276,36.2203],[25.2276,36.2214],[25.2286,36.2224],[25.2297,36.2224],[25.2307,36.2214],[25.2307,36.2203]]]}},{"type":"Feature","properties":{"depth":50,"kind":"band"},"geometry":{"type":"MultiPolygon","coordinates":[[[[25.0089,36.9964],[25.0082,36.9964],[25.0089,36.9955],[25.0089,36.9964]]],[[[25.0044,36.9859],[25.0046,36.987],[25.0066,36.9891],[25.0076,36.9911],[25.0088,36.9953],[25.0077,36.9964],[25.0084,36.9995],[25.0078,37],[25.0005,37],[25,36.9995],[25,36.9859],[25.0005,36.9854],[25.0026,36.9851],[25.0044,36.9859]]],[[[25.2814,36.9859],[25.2803,36.9859],[25.2807,36.9852],[25.2814,36.9859]]],[[[25.3225,36.9786],[25.3221,36.9786],[25.3224,36.9783],[25.3225,36.9786]]],[[[25.2707,36.963],[25.2703,36.9633],[25.27,36.963],[25.2703,36.9622],[25.2707,36.963]]],[[[25.278,36.9609],[25.2776,36.964],[25.2766,36.9647],[25.2734,36.9649],[25.2721,36.963],[25.2724,36.961],[25.2734,36.9613],[25.2776,36.9604],[25.278,36.9609]]],[[[25.0455,36.9432],[25.0447,36.9432],[25.0453,36.9426],[25.0455,36.9432]]],[[[25.6355,36.9234],[25.6349,36.9239],[25.6345,36.9234],[25.6349,36.9226],[25.6355,36.9234]]],[[[25.6333,36.9161],[25.6328,36.9171],[25.6321,36.9161],[25.6328,36.9156],[25.6333,36.9161]]],[[[25.622,36.9036],[25.6297,36.906],[25.6359,36.9069],[25.6379,36.9089],[25.6376,36.9099],[25.6359,36.912],[25.6328,36.9118],[25.6318,36.9139],[25.63,36.912],[25.6297,36.9109],[25.6286,36.9113],[25.6276,36.9109],[25.6268,36.9141],[25.628,36.9161],[25.6276,36.9174],[25.6266,36.9166],[25.6245,36.9161],[25.6266,36.9195],[25.6245,36.9195],[25.6214,36.9176],[25.6203,36.9186],[25.6193,36.9184],[25.6172,36.9188],[25.6141,36.9133],[25.612,36.912],[25.6114,36.9099],[25.6136,36.9057],[25.6161,36.904],[25.6182,36.9033],[25.622,36.9036]],[[25.6161,36.9087],[25.6151,36.9083],[25.6145,36.9089],[25.6151,36.9094],[25.6161,36.9091],[25.6161,36.9087]]],[[[25.4685,36.8839],[25.4682,36.8847],[25.4679,36.8839],[25.4685,36.8839]]],[[[25.894,36.8703],[25.8943,36.8707],[25.8953,36.8705],[25.8965,36.8714],[25.8953,36.8724],[25.8932,36.8714],[25.8926,36.8703],[25.8932,36.8699],[25.894,36.8703]]],[[[25.5621,36.8693],[25.562,36.8696],[25.562,36.8689],[25.5621,36.8693]]],[[[25.6889,36.8651],[25.688,36.8655],[25.6876,36.8651],[25.688,36.8648],[25.6889,36.8651]]],[[[25.6883,36.863],[25.6876,36.863],[25.688,36.8624],[25.6883,36.863]]],[[[25.6749,36.8307],[25.6743,36.8307],[25.6745,36.8304],[25.6749,36.8307]]],[[[25.4061,36.7349],[25.4057,36.7358],[25.4053,36.7349],[25.4057,36.7344],[25.4061,36.7349]]],[[[25.1723,36.7255],[25.1714,36.7263],[25.1707,36.7255],[25.1714,36.7247],[25.1723,36.7255]]],[[[25.1949,36.7026],[25.1943,36.703],[25.1943,36.7025],[25.1949,36.7026]]],[[[25.3803,36.6422],[25.3795,36.6422],[25.3797,36.6418],[25.3803,36.6422]]],[[[25.3521,36.6286],[25.3516,36.6291],[25.3512,36.6286],[25.3516,36.6283],[25.3521,36.6286]]],[[[25.3852,36.3984],[25.3839,36.3989],[25.3835,36.3984],[25.3852,36.3984]]],[[[25.8415,36.2839],[25.8411,36.2848],[25.8409,36.2839],[25.8415,36.2839]]],[[[26,36.0005],[26,36.8849],[25.9978,36.8849],[25.9953,36.8834],[25.9932,36.8834],[25.9922,36.8807],[25.9911,36.8797],[25.9901,36.8802],[25.988,36.8797],[25.9859,36.8811],[25.9859,36.8797],[25.9849,36.8787],[25.9839,36.8791],[25.9828,36.8781],[25.9797,36.8773],[25.9766,36.8754],[25.9703,36.87],[25.9661,36.8678],[25.9661,36.8661],[25.9651,36.8651],[25.9641,36.8657],[25.9641,36.8651],[25.963,36.8641],[25.9614,36.8641],[25.9599,36.8625],[25.9589,36.8625],[25.9583,36.862],[25.9588,36.8609],[25.9557,36.8578],[25.9534,36.8578],[25.9532,36.8568],[25.9526,36.8563],[25.9516,36.8557],[25.95,36.8557],[25.9474,36.8536],[25.9453,36.8541],[25.9443,36.8526],[25.9415,36.8526],[25.9386,36.8516],[25.9346,36.8474],[25.9338,36.8453],[25.9276,36.838],[25.9193,36.8338],[25.9193,36.8318],[25.9182,36.8307],[25.9172,36.8307],[25.9161,36.832],[25.9154,36.8318],[25.912,36.8297],[25.912,36.8286],[25.9109,36.8276],[25.9103,36.8276],[25.9101,36.8224],[25.9105,36.8193],[25.9109,36.8182],[25.912,36.818],[25.9127,36.8172],[25.913,36.8161],[25.912,36.8151],[25.9109,36.8154],[25.9099,36.8151],[25.9089,36.8165],[25.9047,36.813],[25.8953,36.808],[25.8885,36.8016],[25.8849,36.7966],[25.8843,36.7964],[25.8843,36.7953],[25.8837,36.7943],[25.8818,36.7925],[25.8774,36.7922],[25.8764,36.7911],[25.8755,36.7891],[25.8734,36.7874],[25.871,36.788],[25.8609,36.7831],[25.8474,36.7825],[25.8411,36.7787],[25.8318,36.7789],[25.8266,36.7773],[25.8255,36.7777],[25.8245,36.7774],[25.8172,36.7739],[25.8157,36.7724],[25.8151,36.7708],[25.8057,36.7654],[25.8005,36.7644],[25.7901,36.7641],[25.7891,36.7637],[25.7807,36.7638],[25.7703,36.765],[25.7641,36.7683],[25.7599,36.7684],[25.7557,36.7697],[25.7495,36.774],[25.7453,36.7778],[25.7401,36.7845],[25.7365,36.787],[25.7355,36.7891],[25.7336,36.7911],[25.7338,36.7953],[25.7346,36.7964],[25.7341,36.7995],[25.7346,36.8026],[25.733,36.8057],[25.7334,36.8068],[25.7328,36.8078],[25.733,36.8099],[25.7326,36.8109],[25.734,36.8151],[25.7381,36.8214],[25.7432,36.8243],[25.7453,36.8247],[25.7484,36.8241],[25.7505,36.8232],[25.7568,36.8221],[25.7599,36.823],[25.7595,36.8214],[25.7599,36.8207],[25.7611,36.8203],[25.7614,36.8193],[25.7612,36.8182],[25.762,36.8179],[25.763,36.8188],[25.7641,36.8191],[25.7651,36.8171],[25.7661,36.8163],[25.7693,36.8159],[25.7734,36.8164],[25.7797,36.8219],[25.7822,36.8224],[25.7911,36.8273],[25.7943,36.8282],[25.8016,36.8251],[25.8047,36.8244],[25.8068,36.8247],[25.8089,36.8237],[25.813,36.8229],[25.8151,36.8218],[25.8172,36.8218],[25.8182,36.8223],[25.8224,36.8209],[25.8245,36.8209],[25.8266,36.8198],[25.8286,36.8198],[25.8297,36.8204],[25.8322,36.8224],[25.8326,36.8234],[25.8314,36.8245],[25.8314,36.8266],[25.8304,36.8276],[25.8301,36.8297],[25.8291,36.8318],[25.8294,36.8339],[25.8285,36.8349],[25.83,36.837],[25.8303,36.8391],[25.8314,36.8411],[25.8331,36.8432],[25.833,36.8453],[25.8349,36.8496],[25.838,36.8528],[25.8432,36.8562],[25.8495,36.8576],[25.8599,36.8633],[25.8651,36.8644],[25.8703,36.8666],[25.8734,36.8672],[25.8745,36.8686],[25.8766,36.868],[25.8776,36.8692],[25.8786,36.869],[25.8832,36.8714],[25.8839,36.8745],[25.8827,36.8766],[25.881,36.8828],[25.8799,36.8839],[25.8798,36.8849],[25.88,36.8891],[25.8812,36.8911],[25.8828,36.8925],[25.8953,36.8933],[25.9005,36.895],[25.9057,36.8957],[25.9203,36.8937],[25.9224,36.8926],[25.9255,36.8922],[25.926,36.8911],[25.9297,36.8891],[25.9301,36.888],[25.9349,36.8839],[25.938,36.8839],[25.9401,36.8864],[25.9422,36.8852],[25.9443,36.8863],[25.9505,36.8936],[25.9521,36.8984],[25.9539,36.9005],[25.9511,36.9057],[25.9501,36.9089],[25.95,36.9109],[25.9516,36.9149],[25.9557,36.9204],[25.9578,36.9223],[25.9614,36.9245],[25.9641,36.9277],[25.9682,36.9307],[25.9755,36.9333],[25.9828,36.9339],[25.987,36.9333],[25.9891,36.934],[25.9922,36.9351],[25.9964,36.9389],[25.9995,36.9403],[26,36.9411],[26,36.9995],[25.9995,37],[25.5828,37],[25.5815,36.9932],[25.5781,36.9849],[25.5778,36.9807],[25.577,36.9776],[25.5761,36.9766],[25.5765,36.9755],[25.5759,36.9745],[25.5761,36.9734],[25.5724,36.9688],[25.5711,36.9682],[25.5677,36.962],[25.5628,36.9568],[25.563,36.9557],[25.562,36.9539],[25.5599,36.9546],[25.5578,36.9536],[25.5556,36.9505],[25.5554,36.9495],[25.5533,36.9484],[25.5523,36.9464],[25.5526,36.9454],[25.5536,36.9464],[25.5578,36.9466],[25.562,36.9493],[25.563,36.9494],[25.5641,36.9511],[25.5661,36.9515],[25.5693,36.9548],[25.5714,36.9556],[25.5724,36.9568],[25.5755,36.9585],[25.5807,36.9602],[25.5828,36.9615],[25.5855,36.962],[25.588,36.9635],[25.5911,36.964],[25.5922,36.9648],[25.6068,36.9651],[25.613,36.9659],[25.6151,36.9666],[25.6161,36.9663],[25.6182,36.9676],[25.6203,36.9675],[25.6214,36.9668],[25.6234,36.968],[25.6245,36.9677],[25.627,36.9693],[25.6255,36.9711],[25.6245,36.9706],[25.6244,36.9714],[25.6252,36.9724],[25.6251,36.9745],[25.6261,36.9755],[25.6257,36.9776],[25.6245,36.9786],[25.6254,36.9797],[25.6234,36.9803],[25.6223,36.9797],[25.6226,36.9807],[25.622,36.9828],[25.6211,36.9839],[25.6222,36.9911],[25.6234,36.9927],[25.6249,36.9932],[25.6244,36.9943],[25.6266,36.996],[25.6297,36.9975],[25.6328,36.9983],[25.6401,36.9988],[25.6432,36.9978],[25.6453,36.9965],[25.6484,36.9932],[25.6499,36.9901],[25.6504,36.9849],[25.6495,36.9816],[25.6464,36.9764],[25.6443,36.975],[25.6422,36.9747],[25.6401,36.9736],[25.6391,36.9738],[25.6328,36.9705],[25.6326,36.9703],[25.6335,36.9693],[25.6315,36.9672],[25.6328,36.9655],[25.6339,36.9658],[25.6345,36.9651],[25.6354,36.962],[25.635,36.9609],[25.6352,36.9578],[25.6374,36.9516],[25.6383,36.9474],[25.6382,36.938],[25.6385,36.937],[25.637,36.9343],[25.6364,36.9307],[25.6368,36.9297],[25.6391,36.9295],[25.6392,36.9286],[25.6359,36.9255],[25.6354,36.9245],[25.6365,36.9234],[25.6352,36.9224],[25.6363,36.9214],[25.6341,36.9193],[25.633,36.9172],[25.6349,36.9169],[25.6375,36.9182],[25.6385,36.9214],[25.6401,36.9224],[25.6411,36.9208],[25.6445,36.9214],[25.6442,36.9224],[25.6446,36.9224],[25.6453,36.9216],[25.6464,36.9218],[25.6547,36.9189],[25.6599,36.915],[25.6641,36.9151],[25.6672,36.914],[25.6766,36.9088],[25.6807,36.9053],[25.6824,36.9026],[25.6834,36.8974],[25.6839,36.8971],[25.6849,36.8978],[25.687,36.896],[25.6901,36.8904],[25.6924,36.8891],[25.6958,36.8849],[25.6973,36.8807],[25.6979,36.8755],[25.6977,36.8745],[25.6985,36.8734],[25.6976,36.8714],[25.6943,36.871],[25.6911,36.8693],[25.6896,36.8672],[25.6897,36.8661],[25.6891,36.8651],[25.6909,36.863],[25.6886,36.862],[25.6932,36.8604],[25.6925,36.8578],[25.6932,36.8572],[25.6943,36.8572],[25.6953,36.856],[25.6966,36.8557],[25.6975,36.8547],[25.6975,36.8526],[25.6986,36.8516],[25.6977,36.8495],[25.6975,36.8464],[25.6979,36.8432],[25.6965,36.8411],[25.6911,36.8355],[25.688,36.8347],[25.687,36.8357],[25.6859,36.8358],[25.6818,36.8355],[25.6776,36.8329],[25.6774,36.8318],[25.6745,36.8295],[25.6724,36.8299],[25.6693,36.8292],[25.6651,36.8302],[25.6624,36.8318],[25.6609,36.8347],[25.659,36.837],[25.6578,36.8377],[25.6543,36.838],[25.653,36.8391],[25.6516,36.8392],[25.6495,36.8408],[25.6487,36.8422],[25.6487,36.8443],[25.6474,36.8466],[25.6484,36.8458],[25.6508,36.8495],[25.6536,36.8505],[25.6578,36.8528],[25.6828,36.855],[25.686,36.8578],[25.6859,36.8593],[25.6873,36.8609],[25.6866,36.863],[25.6875,36.8641],[25.6867,36.8651],[25.6883,36.8672],[25.688,36.8674],[25.687,36.8678],[25.6859,36.8669],[25.6849,36.8677],[25.6828,36.8663],[25.6818,36.8668],[25.6807,36.8666],[25.6797,36.8676],[25.6714,36.868],[25.6661,36.868],[25.663,36.8674],[25.6536,36.8669],[25.6526,36.8661],[25.6512,36.8661],[25.6505,36.8653],[25.6495,36.8657],[25.6474,36.8649],[25.6464,36.8653],[25.638,36.8596],[25.637,36.8604],[25.6328,36.8594],[25.6314,36.8568],[25.6313,36.8557],[25.6255,36.8541],[25.6203,36.855],[25.6176,36.8568],[25.6161,36.8585],[25.6151,36.8589],[25.6141,36.8606],[25.6118,36.8609],[25.6125,36.862],[25.612,36.8628],[25.6098,36.8641],[25.6089,36.8664],[25.6069,36.8682],[25.6057,36.869],[25.6026,36.8697],[25.6005,36.8696],[25.5996,36.8703],[25.5997,36.8714],[25.5978,36.8724],[25.5964,36.8739],[25.5953,36.8759],[25.5943,36.876],[25.5932,36.8751],[25.5926,36.8755],[25.5928,36.8766],[25.5924,36.8776],[25.5938,36.8797],[25.5928,36.8807],[25.5945,36.8828],[25.5961,36.887],[25.5984,36.8893],[25.6005,36.8901],[25.602,36.8901],[25.6025,36.8911],[25.602,36.8922],[25.5953,36.8953],[25.5932,36.8958],[25.5797,36.895],[25.5745,36.8936],[25.5724,36.8922],[25.5706,36.8932],[25.5682,36.8935],[25.5652,36.8922],[25.5625,36.8901],[25.5627,36.888],[25.5617,36.8859],[25.5625,36.8849],[25.5618,36.8839],[25.562,36.8828],[25.5632,36.8818],[25.5623,36.8807],[25.5632,36.8786],[25.5633,36.8755],[25.5618,36.8734],[25.5607,36.8703],[25.5609,36.87],[25.562,36.8707],[25.563,36.8704],[25.5638,36.8714],[25.5641,36.8727],[25.5642,36.8714],[25.5651,36.8701],[25.5661,36.8716],[25.5674,36.8703],[25.5676,36.8682],[25.5654,36.8661],[25.5661,36.8652],[25.5672,36.8651],[25.5684,36.8661],[25.5672,36.8651],[25.5648,36.8651],[25.565,36.8641],[25.5633,36.8609],[25.5629,36.8568],[25.562,36.8536],[25.5611,36.8526],[25.5578,36.8504],[25.5526,36.8482],[25.5495,36.8463],[25.5384,36.8422],[25.5385,36.8411],[25.5369,36.8391],[25.5368,36.838],[25.5361,36.837],[25.5362,36.8359],[25.5335,36.8328],[25.5324,36.8307],[25.5307,36.8296],[25.5245,36.8285],[25.5224,36.8286],[25.5214,36.8295],[25.5182,36.8303],[25.5138,36.8349],[25.5114,36.8391],[25.5109,36.8413],[25.5083,36.8453],[25.508,36.8474],[25.5092,36.8505],[25.5098,36.8536],[25.5099,36.8547],[25.5093,36.8557],[25.5068,36.8582],[25.5057,36.8576],[25.5042,36.8589],[25.502,36.8589],[25.5016,36.8601],[25.5005,36.8596],[25.4995,36.8599],[25.4984,36.8617],[25.4974,36.8624],[25.4963,36.862],[25.4958,36.8589],[25.4977,36.8568],[25.4972,36.8557],[25.4985,36.8536],[25.4971,36.8516],[25.497,36.8474],[25.4956,36.8443],[25.4921,36.8401],[25.4903,36.8339],[25.4909,36.8328],[25.4895,36.8307],[25.4884,36.8276],[25.4839,36.8221],[25.4776,36.8161],[25.4766,36.8168],[25.4745,36.8162],[25.4734,36.8171],[25.4714,36.8171],[25.4703,36.8163],[25.4693,36.8167],[25.4672,36.8163],[25.4661,36.8153],[25.4651,36.8151],[25.4653,36.8141],[25.462,36.8118],[25.4609,36.8125],[25.4608,36.812],[25.4578,36.8109],[25.4557,36.8092],[25.4547,36.81],[25.4505,36.8085],[25.4495,36.8093],[25.4484,36.8092],[25.4453,36.8104],[25.4443,36.8116],[25.4401,36.8114],[25.4391,36.8109],[25.4349,36.8126],[25.4318,36.8131],[25.4297,36.8141],[25.4276,36.814],[25.4255,36.8153],[25.4234,36.8148],[25.4193,36.8182],[25.4182,36.818],[25.4161,36.8205],[25.4141,36.8211],[25.413,36.8224],[25.412,36.8223],[25.4069,36.8245],[25.4026,36.8238],[25.4003,36.8203],[25.3984,36.8187],[25.3974,36.8191],[25.3953,36.8177],[25.3951,36.8182],[25.3957,36.8193],[25.3953,36.8198],[25.3932,36.8196],[25.3911,36.822],[25.3901,36.8222],[25.3879,36.8266],[25.3932,36.8318],[25.3964,36.831],[25.3995,36.8312],[25.3998,36.8307],[25.3996,36.8276],[25.4005,36.8267],[25.4026,36.8275],[25.4016,36.8307],[25.4022,36.8328],[25.4009,36.8339],[25.4018,36.8349],[25.4035,36.8391],[25.4047,36.8406],[25.41,36.8443],[25.4109,36.8454],[25.412,36.8453],[25.4125,36.8464],[25.4141,36.8473],[25.4151,36.847],[25.417,36.8484],[25.4214,36.8547],[25.4234,36.8561],[25.4339,36.8674],[25.4349,36.8668],[25.436,36.8672],[25.4363,36.8682],[25.4422,36.8696],[25.4432,36.8694],[25.4464,36.8719],[25.4475,36.8714],[25.4485,36.8724],[25.4526,36.8738],[25.4536,36.8746],[25.4547,36.8766],[25.4578,36.8802],[25.4589,36.8807],[25.459,36.8818],[25.4605,36.8828],[25.4604,36.8839],[25.4609,36.8842],[25.463,36.885],[25.4641,36.8844],[25.4651,36.8845],[25.4661,36.8838],[25.4682,36.885],[25.4703,36.8846],[25.4714,36.8837],[25.4724,36.8838],[25.4734,36.8831],[25.4745,36.8837],[25.4772,36.8807],[25.4797,36.88],[25.4818,36.8776],[25.4848,36.8766],[25.4842,36.8755],[25.4863,36.8745],[25.4859,36.8734],[25.487,36.8724],[25.4865,36.8714],[25.4891,36.8694],[25.4901,36.8696],[25.491,36.8714],[25.4903,36.8734],[25.4907,36.8745],[25.4899,36.8755],[25.4907,36.8766],[25.4901,36.8776],[25.4925,36.8807],[25.4943,36.8823],[25.4962,36.8828],[25.4977,36.8839],[25.5057,36.8912],[25.5078,36.892],[25.5141,36.8956],[25.5167,36.8984],[25.5175,36.8984],[25.5193,36.8972],[25.5255,36.8969],[25.5328,36.8944],[25.537,36.8942],[25.5413,36.8953],[25.5418,36.8964],[25.5416,36.8974],[25.5406,36.8984],[25.539,36.9026],[25.54,36.9036],[25.5399,36.9057],[25.5413,36.9089],[25.5406,36.912],[25.5388,36.9141],[25.5415,36.9182],[25.5423,36.9234],[25.5441,36.9255],[25.5431,36.9266],[25.5434,36.9297],[25.5457,36.9328],[25.5486,36.9391],[25.5483,36.9411],[25.5488,36.9432],[25.5484,36.9436],[25.5464,36.9448],[25.5443,36.9443],[25.5362,36.938],[25.5328,36.9373],[25.5286,36.9341],[25.5203,36.9337],[25.5172,36.9324],[25.5161,36.9325],[25.5068,36.9286],[25.5047,36.9283],[25.5036,36.9286],[25.5005,36.9268],[25.4995,36.9272],[25.4974,36.9261],[25.4964,36.9262],[25.4953,36.925],[25.4849,36.9199],[25.4807,36.9191],[25.4797,36.9193],[25.4786,36.9187],[25.4734,36.9175],[25.4724,36.9178],[25.4672,36.9167],[25.4589,36.9128],[25.4526,36.9115],[25.4495,36.9088],[25.4484,36.9097],[25.4474,36.9085],[25.4443,36.9078],[25.4455,36.9068],[25.4444,36.9068],[25.4442,36.9078],[25.4422,36.9091],[25.4411,36.9087],[25.4401,36.9093],[25.437,36.9126],[25.4368,36.9141],[25.4333,36.9172],[25.4328,36.9182],[25.4307,36.9193],[25.4278,36.9224],[25.4277,36.9234],[25.4266,36.9257],[25.4224,36.9297],[25.4224,36.9307],[25.4214,36.9318],[25.4214,36.9323],[25.4172,36.9373],[25.3984,36.9442],[25.3953,36.9442],[25.3949,36.9464],[25.3922,36.9482],[25.3828,36.9504],[25.3693,36.9555],[25.3682,36.9556],[25.3651,36.9578],[25.3641,36.9575],[25.3622,36.9599],[25.362,36.9614],[25.3584,36.9641],[25.3544,36.9661],[25.3516,36.9661],[25.3525,36.9682],[25.3512,36.9693],[25.3505,36.9708],[25.3492,36.9714],[25.35,36.9724],[25.3484,36.9735],[25.347,36.9755],[25.3477,36.9776],[25.3468,36.9786],[25.3467,36.9807],[25.3464,36.981],[25.3453,36.9802],[25.3452,36.9818],[25.3443,36.9821],[25.3422,36.9858],[25.3391,36.9891],[25.338,36.9889],[25.3339,36.9915],[25.3307,36.9923],[25.3297,36.9914],[25.3284,36.9911],[25.3286,36.9905],[25.3297,36.9908],[25.3301,36.9901],[25.3297,36.9898],[25.3286,36.9899],[25.3276,36.9888],[25.3266,36.989],[25.3254,36.9901],[25.3253,36.9911],[25.3214,36.9942],[25.3207,36.9953],[25.3182,36.9959],[25.3151,36.9947],[25.3151,36.9922],[25.3141,36.9918],[25.312,36.9919],[25.3047,36.9902],[25.3036,36.991],[25.3016,36.9893],[25.2984,36.9891],[25.2974,36.9859],[25.2974,36.9818],[25.2964,36.9812],[25.2953,36.9816],[25.2943,36.9807],[25.2946,36.9797],[25.2953,36.9794],[25.2964,36.9803],[25.2995,36.9795],[25.3036,36.9802],[25.3057,36.9813],[25.3076,36.9807],[25.3089,36.9797],[25.3099,36.9798],[25.3104,36.9776],[25.3147,36.9766],[25.3141,36.9757],[25.3144,36.9745],[25.3128,36.9693],[25.3129,36.9682],[25.3108,36.9651],[25.3082,36.963],[25.3068,36.9624],[25.3036,36.9623],[25.3011,36.9609],[25.3002,36.9599],[25.2984,36.9593],[25.2925,36.9536],[25.2911,36.9535],[25.2906,36.9526],[25.287,36.9497],[25.2849,36.9489],[25.2786,36.9489],[25.2776,36.9493],[25.2755,36.9483],[25.2703,36.9501],[25.2693,36.95],[25.2682,36.9514],[25.2661,36.9518],[25.2651,36.9528],[25.2649,36.9516],[25.2641,36.9511],[25.2609,36.9542],[25.2589,36.9536],[25.2595,36.9568],[25.2584,36.9578],[25.2579,36.9599],[25.2579,36.962],[25.2584,36.963],[25.2609,36.9646],[25.262,36.964],[25.2641,36.965],[25.2682,36.9634],[25.2693,36.9635],[25.2703,36.9645],[25.2714,36.9635],[25.2719,36.9641],[25.2716,36.9651],[25.2745,36.9656],[25.2771,36.9651],[25.2776,36.9641],[25.2789,36.9672],[25.2791,36.9703],[25.2803,36.9724],[25.2783,36.9755],[25.2793,36.9766],[25.2791,36.9807],[25.28,36.9818],[25.2795,36.9828],[25.2805,36.9849],[25.2793,36.9859],[25.2803,36.987],[25.2806,36.988],[25.2818,36.9887],[25.282,36.988],[25.2812,36.987],[25.2818,36.9861],[25.2828,36.9862],[25.2861,36.9901],[25.2864,36.9911],[25.2859,36.9932],[25.2818,36.9958],[25.2776,36.9943],[25.2755,36.9943],[25.2724,36.9935],[25.2672,36.9943],[25.2651,36.993],[25.2617,36.9922],[25.2568,36.9888],[25.2557,36.9874],[25.2553,36.9859],[25.2536,36.9842],[25.2526,36.9837],[25.2502,36.9839],[25.2487,36.9828],[25.2478,36.9818],[25.2482,36.9807],[25.2474,36.9786],[25.2464,36.9785],[25.2455,36.9776],[25.2422,36.9764],[25.2391,36.9745],[25.237,36.9742],[25.2359,36.973],[25.2339,36.9723],[25.2328,36.9732],[25.2318,36.9728],[25.2307,36.9735],[25.2297,36.9733],[25.2276,36.9743],[25.2266,36.9742],[25.2253,36.9755],[25.2234,36.9761],[25.2203,36.9762],[25.2182,36.9757],[25.2172,36.977],[25.2162,36.9755],[25.2141,36.9744],[25.212,36.9744],[25.2109,36.9753],[25.2057,36.975],[25.1984,36.9727],[25.1953,36.9725],[25.1922,36.9713],[25.1818,36.9696],[25.1797,36.9684],[25.1776,36.9684],[25.1755,36.9671],[25.1714,36.9679],[25.1703,36.9694],[25.1672,36.9702],[25.163,36.9698],[25.1609,36.9702],[25.1589,36.9689],[25.1536,36.9719],[25.1526,36.974],[25.1516,36.9749],[25.1505,36.9749],[25.1495,36.9756],[25.1484,36.975],[25.1474,36.9756],[25.1464,36.9755],[25.1453,36.9763],[25.1422,36.9755],[25.1411,36.976],[25.1401,36.975],[25.1386,36.9745],[25.1362,36.9682],[25.1338,36.9661],[25.1303,36.9609],[25.1245,36.957],[25.1193,36.9561],[25.113,36.9567],[25.1109,36.9577],[25.1057,36.9576],[25.1036,36.9592],[25.1026,36.9587],[25.1016,36.9596],[25.0995,36.9596],[25.0964,36.961],[25.0911,36.9574],[25.0891,36.9564],[25.0878,36.9568],[25.0837,36.9536],[25.0815,36.9495],[25.0812,36.9464],[25.0802,36.9432],[25.0777,36.9401],[25.0778,36.9391],[25.0766,36.9384],[25.0755,36.937],[25.0753,36.9359],[25.0735,36.9339],[25.0714,36.9325],[25.0693,36.9322],[25.0661,36.9325],[25.063,36.9339],[25.0589,36.9342],[25.0537,36.937],[25.0519,36.9391],[25.0521,36.9401],[25.0516,36.9404],[25.0505,36.9404],[25.0464,36.9424],[25.0453,36.9421],[25.0443,36.9431],[25.0432,36.9428],[25.0422,36.9438],[25.0411,36.9432],[25.037,36.9464],[25.0328,36.9456],[25.0318,36.9444],[25.0286,36.9439],[25.0276,36.9445],[25.0266,36.9437],[25.0245,36.9439],[25.0214,36.943],[25.0203,36.9433],[25.0089,36.9433],[25.0057,36.9425],[25.0047,36.9429],[25.0036,36.9425],[25.0005,36.9428],[25,36.9422],[25,36.0005],[25.0005,36],[25.9995,36],[26,36.0005]],[[25.3214,36.9763],[25.3205,36.9766],[25.32,36.9797],[25.3203,36.9819],[25.3224,36.9834],[25.3266,36.9848],[25.3307,36.9828],[25.3255,36.9775],[25.3214,36.9763]],[[25.5755,36.9633],[25.5745,36.9632],[25.5738,36.9641],[25.5766,36.9657],[25.5773,36.9651],[25.5755,36.9633]],[[25.5734,36.9617],[25.5724,36.9631],[25.5734,36.9624],[25.5734,36.9617]],[[25.587,36.8854],[25.5859,36.8865],[25.5849,36.8861],[25.5832,36.888],[25.5843,36.8891],[25.5839,36.8901],[25.5847,36.8911],[25.5859,36.8917],[25.5876,36.8901],[25.588,36.8878],[25.5891,36.8888],[25.5894,36.888],[25.587,36.8854]],[[25.5984,36.87],[25.5979,36.8703],[25.5984,36.8709],[25.5993,36.8703],[25.5984,36.87]],[[25.6922,36.8629],[25.6916,36.863],[25.6922,36.8648],[25.6922,36.8629]],[[25.5589,36.7004],[25.5568,36.6998],[25.5547,36.6999],[25.5501,36.7026],[25.5483,36.7047],[25.548,36.7057],[25.5482,36.7078],[25.5489,36.7089],[25.5516,36.7105],[25.5547,36.7109],[25.5578,36.7104],[25.5608,36.7089],[25.5622,36.7068],[25.5623,36.7047],[25.5609,36.7017],[25.5589,36.7004]],[[25.0391,36.6296],[25.038,36.6297],[25.0378,36.6307],[25.0391,36.6312],[25.0395,36.6307],[25.0391,36.6296]],[[25.0703,36.6201],[25.0693,36.6205],[25.0672,36.6202],[25.0661,36.6213],[25.0651,36.6209],[25.0641,36.6222],[25.062,36.6219],[25.0599,36.6227],[25.0589,36.6215],[25.0568,36.6224],[25.0547,36.6227],[25.0536,36.6235],[25.0526,36.6237],[25.0505,36.6257],[25.0474,36.627],[25.0443,36.6299],[25.0409,36.6307],[25.0419,36.6328],[25.0415,36.6339],[25.0419,36.6349],[25.0453,36.638],[25.0466,36.638],[25.0505,36.6406],[25.0516,36.6401],[25.0526,36.6405],[25.0547,36.6442],[25.0557,36.6446],[25.0607,36.6495],[25.0634,36.6557],[25.0632,36.6568],[25.0653,36.6589],[25.0661,36.6614],[25.0687,36.6641],[25.0692,36.6661],[25.073,36.6703],[25.0781,36.6745],[25.079,36.6776],[25.079,36.6797],[25.0781,36.6807],[25.078,36.6818],[25.0782,36.6849],[25.0796,36.688],[25.0815,36.6901],[25.0851,36.6922],[25.0899,36.6964],[25.0948,36.6995],[25.0995,36.7015],[25.1078,36.7039],[25.112,36.7062],[25.1172,36.7077],[25.1339,36.72],[25.1484,36.7218],[25.1526,36.7229],[25.1547,36.7239],[25.1589,36.7237],[25.1682,36.7261],[25.1693,36.7255],[25.1714,36.7267],[25.1724,36.7256],[25.1786,36.726],[25.1807,36.7282],[25.1828,36.7274],[25.1849,36.7285],[25.188,36.7266],[25.1891,36.7251],[25.1911,36.7242],[25.1924,36.7203],[25.1933,36.7193],[25.1933,36.7172],[25.1946,36.7161],[25.195,36.712],[25.1957,36.7109],[25.1944,36.7047],[25.1959,36.7005],[25.1942,36.6984],[25.193,36.6953],[25.1904,36.6932],[25.1901,36.6921],[25.1887,36.6922],[25.189,36.6911],[25.187,36.688],[25.1807,36.6807],[25.1797,36.6804],[25.1755,36.6774],[25.1703,36.675],[25.1688,36.6734],[25.1664,36.6693],[25.164,36.6672],[25.1495,36.6605],[25.1436,36.6547],[25.1433,36.6536],[25.1417,36.6526],[25.1414,36.6516],[25.1401,36.6502],[25.1391,36.6501],[25.138,36.6488],[25.137,36.6489],[25.1349,36.6475],[25.1339,36.6478],[25.1307,36.6468],[25.1255,36.6434],[25.1234,36.6433],[25.1224,36.6428],[25.1214,36.6433],[25.112,36.6402],[25.1095,36.638],[25.1057,36.6364],[25.1047,36.6355],[25.1036,36.6357],[25.1005,36.6334],[25.0984,36.6328],[25.0974,36.6316],[25.0964,36.6321],[25.0953,36.6311],[25.0932,36.6309],[25.087,36.6258],[25.0852,36.6234],[25.0828,36.6214],[25.0745,36.6212],[25.0703,36.6201]],[[25.0161,36.6191],[25.013,36.6188],[25.0109,36.6198],[25.0099,36.6193],[25.0078,36.6198],[25.0047,36.621],[25.0026,36.6226],[25.0009,36.6266],[25.0028,36.6307],[25.0047,36.6328],[25.0068,36.6337],[25.0078,36.6355],[25.0089,36.6349],[25.0099,36.6359],[25.012,36.6358],[25.0151,36.6378],[25.0161,36.638],[25.0182,36.6399],[25.0203,36.6407],[25.0224,36.6408],[25.0266,36.6396],[25.0297,36.637],[25.0307,36.6368],[25.0328,36.6351],[25.0339,36.6328],[25.0337,36.6307],[25.0307,36.6251],[25.0286,36.6224],[25.0266,36.6216],[25.0255,36.6207],[25.0161,36.6191]],[[25.688,36.6148],[25.6859,36.6145],[25.6828,36.6149],[25.6749,36.6182],[25.6724,36.6214],[25.6715,36.6245],[25.6703,36.6251],[25.6693,36.6266],[25.669,36.6307],[25.6702,36.6328],[25.6734,36.6337],[25.6818,36.6339],[25.6828,36.633],[25.6891,36.6322],[25.6953,36.6275],[25.6987,36.6234],[25.6995,36.6203],[25.6991,36.6182],[25.6974,36.6171],[25.6922,36.6163],[25.688,36.6148]],[[25.3266,36.6087],[25.3193,36.6096],[25.313,36.6093],[25.3096,36.6109],[25.3078,36.6129],[25.3078,36.6141],[25.3084,36.6151],[25.3122,36.6193],[25.3175,36.6276],[25.3224,36.6317],[25.326,36.6339],[25.3269,36.6349],[25.327,36.637],[25.3246,36.6411],[25.3245,36.6429],[25.323,36.6443],[25.3225,36.6464],[25.3196,36.6495],[25.3172,36.6504],[25.313,36.6547],[25.312,36.6564],[25.312,36.6578],[25.3111,36.6589],[25.3107,36.6609],[25.3095,36.662],[25.3092,36.663],[25.3047,36.6669],[25.3026,36.6673],[25.3005,36.6697],[25.2995,36.6697],[25.2989,36.6703],[25.2975,36.6734],[25.2985,36.6755],[25.2981,36.6766],[25.2964,36.6795],[25.2943,36.6786],[25.2938,36.6797],[25.2945,36.6828],[25.2902,36.6828],[25.2894,36.6839],[25.2893,36.6859],[25.287,36.6879],[25.2839,36.6894],[25.2824,36.6891],[25.2818,36.6901],[25.2806,36.6901],[25.2804,36.6911],[25.2783,36.6911],[25.2776,36.6925],[25.2734,36.6932],[25.2724,36.6946],[25.2714,36.6943],[25.2703,36.6953],[25.2589,36.7001],[25.2516,36.7011],[25.2484,36.704],[25.2464,36.7044],[25.2422,36.7042],[25.2391,36.705],[25.2329,36.7099],[25.2317,36.7099],[25.2302,36.713],[25.2301,36.7141],[25.2286,36.7151],[25.2284,36.7172],[25.2288,36.7193],[25.2279,36.7203],[25.2282,36.7234],[25.229,36.7245],[25.2296,36.7266],[25.2289,36.7276],[25.2299,36.7297],[25.2298,36.7307],[25.2305,36.7328],[25.2325,36.7349],[25.2328,36.7365],[25.2339,36.737],[25.2339,36.7381],[25.2328,36.7372],[25.2327,36.738],[25.2362,36.7422],[25.2356,36.7432],[25.2364,36.7443],[25.2359,36.7474],[25.2368,36.7505],[25.2391,36.7547],[25.2431,36.7589],[25.2431,36.7599],[25.244,36.7609],[25.2453,36.7641],[25.2474,36.7661],[25.2506,36.7734],[25.2503,36.7745],[25.2518,36.7755],[25.2522,36.7766],[25.2536,36.7782],[25.256,36.7797],[25.2575,36.7818],[25.2597,36.7859],[25.2621,36.7922],[25.2654,36.7964],[25.2672,36.7978],[25.2682,36.7976],[25.2703,36.7991],[25.2724,36.7997],[25.2734,36.7993],[25.2745,36.8005],[25.2755,36.8008],[25.2766,36.8002],[25.2776,36.8014],[25.2797,36.8022],[25.2839,36.802],[25.2849,36.8025],[25.2859,36.8014],[25.2932,36.8025],[25.3016,36.8064],[25.3064,36.8099],[25.3089,36.8097],[25.3099,36.8106],[25.312,36.8111],[25.313,36.8106],[25.3141,36.8111],[25.3161,36.8107],[25.3172,36.8092],[25.3182,36.8097],[25.3193,36.8088],[25.3203,36.8089],[25.3198,36.8078],[25.3203,36.8069],[25.322,36.8057],[25.3219,36.8047],[25.3224,36.8041],[25.3234,36.8034],[25.3258,36.7964],[25.3286,36.7935],[25.3297,36.7934],[25.3307,36.7914],[25.3323,36.7901],[25.3339,36.79],[25.3349,36.7885],[25.3366,36.788],[25.3371,36.787],[25.3367,36.7859],[25.3391,36.7859],[25.3392,36.7849],[25.3402,36.7839],[25.3401,36.7818],[25.3428,36.7797],[25.3446,36.7776],[25.3467,36.7734],[25.3476,36.7703],[25.3471,36.7682],[25.3474,36.7672],[25.3526,36.7647],[25.3557,36.7617],[25.3578,36.7628],[25.363,36.7637],[25.3672,36.7634],[25.3703,36.7622],[25.3714,36.7604],[25.3724,36.76],[25.3745,36.761],[25.3741,36.7599],[25.3751,36.7568],[25.3781,36.7557],[25.3785,36.7505],[25.3797,36.7498],[25.3807,36.7483],[25.3828,36.7473],[25.3849,36.7473],[25.3859,36.7459],[25.388,36.7456],[25.3922,36.7431],[25.3943,36.7431],[25.3969,36.7411],[25.3974,36.74],[25.3995,36.7387],[25.4016,36.7403],[25.4019,36.7401],[25.4009,36.7391],[25.4016,36.7381],[25.4026,36.7384],[25.4047,36.7378],[25.4068,36.7391],[25.4056,36.737],[25.4058,36.7359],[25.4068,36.7354],[25.4078,36.7363],[25.4089,36.736],[25.4074,36.7349],[25.4076,36.7339],[25.4099,36.7342],[25.4103,36.7339],[25.4099,36.7323],[25.412,36.7297],[25.4131,36.7297],[25.4134,36.7276],[25.4152,36.7276],[25.4144,36.7255],[25.4142,36.7203],[25.4137,36.7193],[25.4145,36.7172],[25.4143,36.7161],[25.4152,36.7151],[25.4153,36.7141],[25.4149,36.713],[25.4155,36.712],[25.4152,36.7089],[25.4144,36.7068],[25.4102,36.7016],[25.4088,36.7016],[25.4043,36.6984],[25.4026,36.6967],[25.4016,36.6964],[25.4019,36.6953],[25.4008,36.6932],[25.4015,36.6922],[25.4012,36.6891],[25.4019,36.687],[25.4012,36.6859],[25.4017,36.6849],[25.4007,36.6839],[25.4014,36.6807],[25.4028,36.6797],[25.4019,36.6776],[25.4024,36.6766],[25.4024,36.6745],[25.4036,36.6737],[25.404,36.6724],[25.404,36.6682],[25.4039,36.6672],[25.4027,36.6651],[25.4025,36.663],[25.4017,36.662],[25.4005,36.6561],[25.3995,36.6547],[25.3995,36.6536],[25.3972,36.6464],[25.3953,36.6443],[25.3932,36.6432],[25.3839,36.6407],[25.3828,36.64],[25.3807,36.6418],[25.3797,36.6407],[25.3776,36.6426],[25.3734,36.6422],[25.3714,36.641],[25.3691,36.638],[25.3661,36.6354],[25.363,36.6334],[25.3586,36.6318],[25.3568,36.6304],[25.3551,36.6286],[25.3547,36.6272],[25.3536,36.6283],[25.3526,36.6276],[25.3505,36.6275],[25.3495,36.6262],[25.3484,36.6266],[25.3464,36.624],[25.3343,36.6151],[25.3309,36.6109],[25.3286,36.6095],[25.3266,36.6087]],[[25.4161,36.4118],[25.4156,36.412],[25.4157,36.413],[25.4161,36.4131],[25.4165,36.413],[25.4161,36.4118]],[[25.388,36.392],[25.387,36.3912],[25.3859,36.3917],[25.3839,36.3917],[25.3828,36.3912],[25.3807,36.3917],[25.379,36.3943],[25.3766,36.3947],[25.3754,36.3964],[25.3734,36.3964],[25.3714,36.3984],[25.3734,36.4005],[25.3744,36.4005],[25.3755,36.4016],[25.3776,36.4022],[25.3786,36.4033],[25.3798,36.4026],[25.3828,36.4026],[25.3839,36.403],[25.3856,36.4057],[25.387,36.412],[25.388,36.4135],[25.3911,36.4161],[25.3922,36.4161],[25.3932,36.4151],[25.3932,36.4141],[25.3947,36.413],[25.3972,36.413],[25.3984,36.4141],[25.3995,36.4141],[25.4005,36.413],[25.4026,36.413],[25.4047,36.412],[25.4057,36.412],[25.4068,36.413],[25.4078,36.412],[25.4089,36.412],[25.4109,36.4109],[25.412,36.4099],[25.412,36.4068],[25.4109,36.4051],[25.4109,36.4026],[25.4099,36.4016],[25.4078,36.4016],[25.4078,36.3984],[25.4057,36.3953],[25.4036,36.395],[25.3989,36.3953],[25.3974,36.3929],[25.3953,36.3932],[25.3943,36.3922],[25.3932,36.3932],[25.3911,36.3937],[25.3894,36.3932],[25.388,36.392]],[[25.4432,36.3144],[25.4411,36.3142],[25.4401,36.3154],[25.4359,36.3154],[25.4339,36.3146],[25.4318,36.3152],[25.4297,36.3146],[25.4245,36.3177],[25.423,36.3193],[25.422,36.3214],[25.4228,36.3234],[25.422,36.3234],[25.4214,36.3225],[25.4193,36.3229],[25.4161,36.326],[25.4149,36.3266],[25.413,36.3289],[25.4099,36.3304],[25.4074,36.3339],[25.4047,36.3345],[25.4036,36.3362],[25.4005,36.3386],[25.3964,36.339],[25.3943,36.3398],[25.387,36.339],[25.3797,36.3399],[25.3682,36.3449],[25.3651,36.3455],[25.362,36.347],[25.3547,36.3476],[25.3526,36.3487],[25.3505,36.3504],[25.3453,36.3521],[25.3401,36.3522],[25.3391,36.3536],[25.3403,36.3547],[25.338,36.3552],[25.3359,36.357],[25.3353,36.3578],[25.3348,36.3599],[25.3323,36.363],[25.3297,36.3639],[25.3276,36.3659],[25.3255,36.3669],[25.324,36.3682],[25.3224,36.3703],[25.3233,36.3734],[25.3223,36.3755],[25.3203,36.377],[25.3181,36.3776],[25.3161,36.3798],[25.3132,36.3818],[25.3132,36.3839],[25.3115,36.387],[25.3109,36.3911],[25.3113,36.4005],[25.3112,36.4016],[25.3103,36.4026],[25.31,36.4057],[25.3103,36.4109],[25.3098,36.4151],[25.3103,36.4193],[25.3123,36.4224],[25.3114,36.4276],[25.313,36.4303],[25.3133,36.4328],[25.3143,36.4339],[25.3145,36.4359],[25.3157,36.438],[25.3152,36.4411],[25.3156,36.4422],[25.3172,36.4431],[25.3179,36.4443],[25.32,36.4495],[25.3203,36.4516],[25.3223,36.4547],[25.3247,36.4599],[25.3267,36.462],[25.3271,36.4641],[25.3289,36.4661],[25.3318,36.4678],[25.3328,36.4679],[25.3411,36.4677],[25.3443,36.467],[25.3464,36.4674],[25.3474,36.4669],[25.348,36.4661],[25.3479,36.4651],[25.3495,36.4641],[25.3456,36.462],[25.346,36.4609],[25.3474,36.4599],[25.3468,36.4589],[25.347,36.4568],[25.3464,36.4546],[25.3484,36.4515],[25.3516,36.4516],[25.3526,36.451],[25.3561,36.4505],[25.3578,36.4474],[25.3569,36.4464],[25.3568,36.4443],[25.3592,36.4422],[25.3593,36.4391],[25.3581,36.438],[25.3578,36.4359],[25.3568,36.4349],[25.3547,36.4376],[25.3536,36.4377],[25.3526,36.437],[25.3516,36.4376],[25.3516,36.437],[25.3505,36.4359],[25.3495,36.4365],[25.3489,36.4359],[25.3495,36.4349],[25.3484,36.4339],[25.3478,36.4339],[25.3477,36.4318],[25.3495,36.4297],[25.3505,36.4297],[25.3515,36.4286],[25.3518,36.4266],[25.3526,36.4255],[25.3516,36.4245],[25.3508,36.4245],[25.3519,36.4234],[25.352,36.4214],[25.3515,36.4182],[25.3508,36.4172],[25.3516,36.4172],[25.3536,36.4151],[25.3531,36.413],[25.3547,36.412],[25.354,36.4109],[25.354,36.4089],[25.3547,36.4078],[25.3536,36.4068],[25.3505,36.4097],[25.3474,36.4099],[25.3443,36.4125],[25.3411,36.413],[25.337,36.4151],[25.3349,36.4168],[25.3339,36.4162],[25.3328,36.4171],[25.3318,36.4162],[25.3266,36.4161],[25.3255,36.4151],[25.3245,36.4151],[25.3248,36.4141],[25.3214,36.4089],[25.3249,36.4036],[25.3221,36.4005],[25.3222,36.3932],[25.3245,36.3915],[25.3266,36.3914],[25.327,36.3901],[25.3267,36.388],[25.328,36.3859],[25.3297,36.3844],[25.3318,36.3842],[25.3331,36.3849],[25.3339,36.3863],[25.3344,36.3849],[25.337,36.3824],[25.338,36.3822],[25.3391,36.3821],[25.3411,36.3833],[25.3453,36.384],[25.3464,36.3849],[25.3483,36.3849],[25.3505,36.3868],[25.3516,36.3866],[25.353,36.3839],[25.3516,36.3818],[25.35,36.3807],[25.3495,36.3797],[25.3499,36.3776],[25.3475,36.3755],[25.3476,36.3745],[25.3489,36.3734],[25.3495,36.3719],[25.3536,36.3716],[25.354,36.3693],[25.3547,36.3682],[25.3578,36.3662],[25.363,36.3664],[25.3651,36.3677],[25.3661,36.3678],[25.3693,36.3659],[25.3734,36.3658],[25.3776,36.3689],[25.3786,36.3689],[25.3818,36.3677],[25.3839,36.3682],[25.3849,36.3672],[25.3891,36.3672],[25.3901,36.3661],[25.3932,36.3661],[25.3943,36.3651],[25.3974,36.3651],[25.4005,36.363],[25.412,36.363],[25.4151,36.3651],[25.4151,36.3682],[25.4172,36.3703],[25.4182,36.3703],[25.4198,36.3724],[25.4196,36.3766],[25.4244,36.3818],[25.4247,36.3828],[25.4266,36.3846],[25.4266,36.3859],[25.4286,36.388],[25.4297,36.388],[25.4307,36.3891],[25.4307,36.3901],[25.4318,36.3911],[25.4318,36.3922],[25.4325,36.3932],[25.4318,36.3943],[25.4318,36.3964],[25.4307,36.3974],[25.4307,36.3984],[25.4287,36.4005],[25.4282,36.4016],[25.4266,36.4016],[25.4255,36.4026],[25.4266,36.4036],[25.4255,36.4047],[25.4255,36.4057],[25.4266,36.4076],[25.4266,36.4089],[25.4276,36.4099],[25.4276,36.4172],[25.4266,36.4172],[25.4245,36.4193],[25.4245,36.4255],[25.4218,36.4276],[25.4182,36.4276],[25.4172,36.4284],[25.4151,36.4284],[25.4141,36.4276],[25.413,36.4286],[25.4141,36.4301],[25.4141,36.4307],[25.413,36.4318],[25.4141,36.4328],[25.4141,36.4339],[25.4182,36.438],[25.4182,36.4401],[25.4193,36.4411],[25.4214,36.4411],[25.4214,36.4453],[25.4203,36.4464],[25.4203,36.449],[25.4182,36.4526],[25.4172,36.4526],[25.412,36.4578],[25.4109,36.4578],[25.4099,36.4585],[25.4078,36.4585],[25.4068,36.4578],[25.4047,36.4575],[25.4016,36.4575],[25.3995,36.4557],[25.3974,36.4557],[25.3964,36.4568],[25.3953,36.4568],[25.3939,36.4578],[25.3915,36.4578],[25.3901,36.4568],[25.3891,36.4575],[25.387,36.4578],[25.3859,36.4593],[25.3828,36.4589],[25.3818,36.4595],[25.3807,36.4589],[25.3779,36.4589],[25.3766,36.4578],[25.3755,36.4585],[25.3745,36.4584],[25.3737,36.4568],[25.3724,36.4558],[25.3703,36.4578],[25.3703,36.4594],[25.3693,36.4595],[25.3682,36.4609],[25.3688,36.463],[25.3672,36.4651],[25.3672,36.4672],[25.3666,36.4682],[25.3664,36.4703],[25.3665,36.4745],[25.3711,36.4828],[25.3735,36.4859],[25.3745,36.4863],[25.3766,36.4886],[25.3776,36.4891],[25.3785,36.4911],[25.3818,36.4918],[25.387,36.4914],[25.3953,36.4876],[25.3974,36.4884],[25.3984,36.4881],[25.4005,36.4863],[25.4036,36.4868],[25.4068,36.4858],[25.4089,36.4877],[25.4099,36.4877],[25.4109,36.4864],[25.412,36.4837],[25.4141,36.4835],[25.4161,36.4842],[25.4182,36.4826],[25.4286,36.4795],[25.4307,36.478],[25.4325,36.4745],[25.4354,36.4724],[25.4369,36.4703],[25.4422,36.4663],[25.4462,36.4609],[25.4536,36.4572],[25.4593,36.4526],[25.4714,36.44],[25.4743,36.4359],[25.4766,36.4297],[25.4776,36.4289],[25.4807,36.4305],[25.4829,36.4297],[25.4834,36.4286],[25.4859,36.4271],[25.4878,36.4234],[25.4908,36.4203],[25.491,36.4193],[25.4961,36.4151],[25.4968,36.4141],[25.4964,36.4118],[25.4984,36.4116],[25.4989,36.4109],[25.4988,36.4099],[25.4966,36.4078],[25.4967,36.4068],[25.4979,36.4057],[25.498,36.4036],[25.4964,36.4005],[25.4966,36.3995],[25.4944,36.3922],[25.4944,36.3911],[25.4964,36.389],[25.4975,36.3849],[25.4972,36.3755],[25.4948,36.3703],[25.4921,36.3589],[25.4909,36.3557],[25.4849,36.3487],[25.4804,36.3474],[25.4795,36.3464],[25.4784,36.3432],[25.4766,36.3416],[25.4744,36.3411],[25.4714,36.3381],[25.4711,36.337],[25.4693,36.335],[25.4672,36.3338],[25.4651,36.3339],[25.465,36.3318],[25.4599,36.3267],[25.4588,36.3266],[25.4587,36.3255],[25.4578,36.3246],[25.4568,36.3246],[25.4557,36.3237],[25.4536,36.3235],[25.4516,36.3207],[25.4474,36.3188],[25.4457,36.3172],[25.4453,36.3158],[25.4432,36.3144]],[[25.7995,36.2963],[25.7984,36.2973],[25.7953,36.2974],[25.7932,36.2987],[25.7911,36.2986],[25.7859,36.3014],[25.7858,36.3026],[25.7849,36.3027],[25.7839,36.3036],[25.7844,36.3047],[25.7812,36.3068],[25.781,36.3078],[25.7796,36.3089],[25.7792,36.3099],[25.7764,36.313],[25.777,36.3151],[25.7784,36.3161],[25.7776,36.3177],[25.7766,36.3179],[25.7753,36.3193],[25.7766,36.3189],[25.777,36.3214],[25.7766,36.3217],[25.7734,36.3221],[25.7724,36.3226],[25.7703,36.3222],[25.7641,36.3237],[25.7599,36.3255],[25.7411,36.3294],[25.7359,36.3313],[25.7339,36.333],[25.7328,36.3331],[25.7318,36.3344],[25.7174,36.3411],[25.713,36.3458],[25.712,36.3458],[25.7108,36.3474],[25.7102,36.3495],[25.7084,36.3516],[25.7074,36.3536],[25.7079,36.3557],[25.7073,36.3578],[25.7099,36.3609],[25.713,36.3634],[25.7162,36.3693],[25.7234,36.3748],[25.7286,36.3809],[25.7328,36.3841],[25.7432,36.389],[25.7453,36.3953],[25.7475,36.3974],[25.7557,36.4023],[25.7568,36.4025],[25.7584,36.4047],[25.7598,36.4089],[25.7609,36.4099],[25.763,36.4098],[25.7651,36.4089],[25.7682,36.4087],[25.7703,36.4077],[25.7724,36.4056],[25.7734,36.4053],[25.7766,36.4049],[25.7776,36.4053],[25.7786,36.4041],[25.7797,36.404],[25.7807,36.4022],[25.7818,36.4034],[25.7828,36.402],[25.7839,36.4028],[25.7842,36.4016],[25.7859,36.4],[25.787,36.4002],[25.7891,36.3998],[25.7901,36.3985],[25.7911,36.3984],[25.7953,36.4],[25.7964,36.3984],[25.7984,36.3982],[25.7995,36.3996],[25.8016,36.3999],[25.8057,36.3996],[25.8082,36.3984],[25.8109,36.3964],[25.8141,36.3928],[25.8172,36.3904],[25.8306,36.3818],[25.8325,36.3786],[25.8358,36.3714],[25.838,36.3711],[25.8401,36.3692],[25.8422,36.3688],[25.8432,36.3692],[25.8483,36.3651],[25.8495,36.3653],[25.8505,36.3643],[25.8516,36.3642],[25.8526,36.365],[25.8568,36.3654],[25.8609,36.3643],[25.8638,36.362],[25.8663,36.3578],[25.8674,36.3526],[25.8661,36.3479],[25.862,36.3433],[25.8557,36.3395],[25.8495,36.3369],[25.8411,36.3348],[25.8339,36.3343],[25.8307,36.3347],[25.8286,36.3345],[25.8276,36.3346],[25.8266,36.3361],[25.8255,36.3365],[25.8245,36.3359],[25.8224,36.3358],[25.816,36.3328],[25.8099,36.3283],[25.8095,36.3276],[25.8114,36.3266],[25.8113,36.3255],[25.8136,36.3234],[25.8139,36.3214],[25.8145,36.3203],[25.8136,36.3141],[25.8139,36.312],[25.8133,36.3109],[25.8141,36.3099],[25.8137,36.3057],[25.813,36.3042],[25.8117,36.3036],[25.8112,36.3026],[25.812,36.3021],[25.813,36.3033],[25.8134,36.3026],[25.812,36.3012],[25.8107,36.3026],[25.8099,36.3027],[25.8093,36.3016],[25.8078,36.3011],[25.8068,36.2991],[25.8047,36.3],[25.8016,36.2989],[25.7999,36.2974],[25.7995,36.2963]],[[25.8943,36.2629],[25.8922,36.2622],[25.887,36.2623],[25.8797,36.2633],[25.8755,36.2654],[25.8734,36.2658],[25.8724,36.2651],[25.8732,36.2661],[25.8724,36.267],[25.8714,36.2672],[25.8727,36.2693],[25.8701,36.2724],[25.8706,36.2745],[25.8724,36.2763],[25.8745,36.2777],[25.8786,36.2789],[25.8828,36.2793],[25.8891,36.2791],[25.8964,36.2801],[25.9047,36.2825],[25.9068,36.2823],[25.9093,36.2797],[25.9092,36.2776],[25.9062,36.2734],[25.9047,36.2724],[25.9049,36.2714],[25.9036,36.2703],[25.9033,36.2693],[25.9013,36.2672],[25.8984,36.2645],[25.8974,36.2646],[25.8964,36.2634],[25.8943,36.2629]],[[25.8349,36.2609],[25.8328,36.2607],[25.8245,36.2622],[25.8221,36.2641],[25.8201,36.2672],[25.8183,36.2682],[25.8175,36.2693],[25.8167,36.2724],[25.8148,36.2755],[25.8154,36.2766],[25.8154,36.2786],[25.8168,36.2839],[25.8161,36.2843],[25.8151,36.2839],[25.8161,36.2854],[25.8172,36.2842],[25.8181,36.2849],[25.8175,36.2859],[25.8214,36.2889],[25.8224,36.2886],[25.8234,36.2891],[25.8266,36.2882],[25.8276,36.2889],[25.8286,36.2886],[25.8297,36.2876],[25.8339,36.2871],[25.8391,36.2857],[25.8401,36.2848],[25.8411,36.285],[25.8429,36.2839],[25.8466,36.2797],[25.8491,36.2724],[25.8506,36.2714],[25.8489,36.2703],[25.8474,36.2684],[25.8401,36.2651],[25.8359,36.2613],[25.8349,36.2609]],[[25.213,36.2297],[25.212,36.2293],[25.2078,36.2296],[25.2045,36.2328],[25.2004,36.238],[25.1974,36.2398],[25.1953,36.2402],[25.1932,36.2416],[25.1921,36.2432],[25.1924,36.2474],[25.1932,36.2507],[25.1974,36.2589],[25.1995,36.2608],[25.2036,36.2625],[25.2047,36.2624],[25.2078,36.2589],[25.2086,36.2557],[25.2124,36.2516],[25.2136,36.2495],[25.2145,36.2422],[25.218,36.238],[25.2207,36.2339],[25.2208,36.2318],[25.2193,36.2309],[25.2161,36.2299],[25.213,36.2297]],[[25.2297,36.2193],[25.2286,36.2193],[25.2276,36.2203],[25.2276,36.2214],[25.2286,36.2224],[25.2297,36.2224],[25.2307,36.2214],[25.2307,36.2203],[25.2297,36.2193]]]]}},{"type":"Feature","properties":{"depth":50,"kind":"isobath"},"geometry":{"type":"MultiLineString","coordinates":[[[25.0089,36.9964],[25.0082,36.9964],[25.0089,36.9955]],[[25.0005,36.9854],[25.0026,36.9851],[25.0044,36.9859],[25.0046,36.987],[25.0066,36.9891],[25.0076,36.9911],[25.0088,36.9953],[25.0077,36.9964],[25.0084,36.9995]],[[25.2814,36.9859],[25.2803,36.9859],[25.2807,36.9852]],[[25.3225,36.9786],[25.3221,36.9786],[25.3224,36.9783]],[[25.2707,36.963],[25.2703,36.9633],[25.27,36.963],[25.2703,36.9622]],[[25.278,36.9609],[25.2776,36.964],[25.2766,36.9647],[25.2734,36.9649],[25.2721,36.963],[25.2724,36.961],[25.2734,36.9613],[25.2776,36.9604]],[[25.0455,36.9432],[25.0447,36.9432],[25.0453,36.9426]],[[25.6355,36.9234],[25.6349,36.9239],[25.6345,36.9234],[25.6349,36.9226]],[[25.6333,36.9161],[25.6328,36.9171],[25.6321,36.9161],[25.6328,36.9156]],[[25.622,36.9036],[25.6297,36.906],[25.6359,36.9069],[25.6379,36.9089],[25.6376,36.9099],[25.6359,36.912],[25.6328,36.9118],[25.6318,36.9139],[25.63,36.912],[25.6297,36.9109],[25.6286,36.9113],[25.6276,36.9109],[25.6268,36.9141],[25.628,36.9161],[25.6276,36.9174],[25.6266,36.9166],[25.6245,36.9161],[25.6266,36.9195],[25.6245,36.9195],[25.6214,36.9176],[25.6203,36.9186],[25.6193,36.9184],[25.6172,36.9188],[25.6141,36.9133],[25.612,36.912],[25.6114,36.9099],[25.6136,36.9057],[25.6161,36.904],[25.6182,36.9033]],[[25.6161,36.9087],[25.6151,36.9083],[25.6145,36.9089],[25.6151,36.9094],[25.6161,36.9091]],[[25.4685,36.8839],[25.4682,36.8847],[25.4679,36.8839]],[[25.894,36.8703],[25.8943,36.8707],[25.8953,36.8705],[25.8965,36.8714],[25.8953,36.8724],[25.8932,36.8714],[25.8926,36.8703],[25.8932,36.8699]],[[25.5621,36.8693],[25.562,36.8696],[25.562,36.8689]],[[25.6889,36.8651],[25.688,36.8655],[25.6876,36.8651],[25.688,36.8648]],[[25.6883,36.863],[25.6876,36.863],[25.688,36.8624]],[[25.6749,36.8307],[25.6743,36.8307],[25.6745,36.8304]],[[25.4061,36.7349],[25.4057,36.7358],[25.4053,36.7349],[25.4057,36.7344]],[[25.1723,36.7255],[25.1714,36.7263],[25.1707,36.7255],[25.1714,36.7247]],[[25.1949,36.7026],[25.1943,36.703],[25.1943,36.7025]],[[25.3803,36.6422],[25.3795,36.6422],[25.3797,36.6418]],[[25.3521,36.6286],[25.3516,36.6291],[25.3512,36.6286],[25.3516,36.6283]],[[25.3852,36.3984],[25.3839,36.3989],[25.3835,36.3984]],[[25.8415,36.2839],[25.8411,36.2848],[25.8409,36.2839]],[[25.9978,36.8849],[25.9953,36.8834],[25.9932,36.8834],[25.9922,36.8807],[25.9911,36.8797],[25.9901,36.8802],[25.988,36.8797],[25.9859,36.8811],[25.9859,36.8797],[25.9849,36.8787],[25.9839,36.8791],[25.9828,36.8781],[25.9797,36.8773],[25.9766,36.8754],[25.9703,36.87],[25.9661,36.8678],[25.9661,36.8661],[25.9651,36.8651],[25.9641,36.8657],[25.9641,36.8651],[25.963,36.8641],[25.9614,36.8641],[25.9599,36.8625],[25.9589,36.8625],[25.9583,36.862],[25.9588,36.8609],[25.9557,36.8578],[25.9534,36.8578],[25.9532,36.8568],[25.9526,36.8563],[25.9516,36.8557],[25.95,36.8557],[25.9474,36.8536],[25.9453,36.8541],[25.9443,36.8526],[25.9415,36.8526],[25.9386,36.8516],[25.9346,36.8474],[25.9338,36.8453],[25.9276,36.838],[25.9193,36.8338],[25.9193,36.8318],[25.9182,36.8307],[25.9172,36.8307],[25.9161,36.832],[25.9154,36.8318],[25.912,36.8297],[25.912,36.8286],[25.9109,36.8276],[25.9103,36.8276],[25.9101,36.8224],[25.9105,36.8193],[25.9109,36.8182],[25.912,36.818],[25.9127,36.8172],[25.913,36.8161],[25.912,36.8151],[25.9109,36.8154],[25.9099,36.8151],[25.9089,36.8165],[25.9047,36.813],[25.8953,36.808],[25.8885,36.8016],[25.8849,36.7966],[25.8843,36.7964],[25.8843,36.7953],[25.8837,36.7943],[25.8818,36.7925],[25.8774,36.7922],[25.8764,36.7911],[25.8755,36.7891],[25.8734,36.7874],[25.871,36.788],[25.8609,36.7831],[25.8474,36.7825],[25.8411,36.7787],[25.8318,36.7789],[25.8266,36.7773],[25.8255,36.7777],[25.8245,36.7774],[25.8172,36.7739],[25.8157,36.7724],[25.8151,36.7708],[25.8057,36.7654],[25.8005,36.7644],[25.7901,36.7641],[25.7891,36.7637],[25.7807,36.7638],[25.7703,36.765],[25.7641,36.7683],[25.7599,36.7684],[25.7557,36.7697],[25.7495,36.774],[25.7453,36.7778],[25.7401,36.7845],[25.7365,36.787],[25.7355,36.7891],[25.7336,36.7911],[25.7338,36.7953],[25.7346,36.7964],[25.7341,36.7995],[25.7346,36.8026],[25.733,36.8057],[25.7334,36.8068],[25.7328,36.8078],[25.733,36.8099],[25.7326,36.8109],[25.734,36.8151],[25.7381,36.8214],[25.7432,36.8243],[25.7453,36.8247],[25.7484,36.8241],[25.7505,36.8232],[25.7568,36.8221],[25.7599,36.823],[25.7595,36.8214],[25.7599,36.8207],[25.7611,36.8203],[25.7614,36.8193],[25.7612,36.8182],[25.762,36.8179],[25.763,36.8188],[25.7641,36.8191],[25.7651,36.8171],[25.7661,36.8163],[25.7693,36.8159],[25.7734,36.8164],[25.7797,36.8219],[25.7822,36.8224],[25.7911,36.8273],[25.7943,36.8282],[25.8016,36.8251],[25.8047,36.8244],[25.8068,36.8247],[25.8089,36.8237],[25.813,36.8229],[25.8151,36.8218],[25.8172,36.8218],[25.8182,36.8223],[25.8224,36.8209],[25.8245,36.8209],[25.8266,36.8198],[25.8286,36.8198],[25.8297,36.8204],[25.8322,36.8224],[25.8326,36.8234],[25.8314,36.8245],[25.8314,36.8266],[25.8304,36.8276],[25.8301,36.8297],[25.8291,36.8318],[25.8294,36.8339],[25.8285,36.8349],[25.83,36.837],[25.8303,36.8391],[25.8314,36.8411],[25.8331,36.8432],[25.833,36.8453],[25.8349,36.8496],[25.838,36.8528],[25.8432,36.8562],[25.8495,36.8576],[25.8599,36.8633],[25.8651,36.8644],[25.8703,36.8666],[25.8734,36.8672],[25.8745,36.8686],[25.8766,36.868],[25.8776,36.8692],[25.8786,36.869],[25.8832,36.8714],[25.8839,36.8745],[25.8827,36.8766],[25.881,36.8828],[25.8799,36.8839],[25.8798,36.8849],[25.88,36.8891],[25.8812,36.8911],[25.8828,36.8925],[25.8953,36.8933],[25.9005,36.895],[25.9057,36.8957],[25.9203,36.8937],[25.9224,36.8926],[25.9255,36.8922],[25.926,36.8911],[25.9297,36.8891],[25.9301,36.888],[25.9349,36.8839],[25.938,36.8839],[25.9401,36.8864],[25.9422,36.8852],[25.9443,36.8863],[25.9505,36.8936],[25.9521,36.8984],[25.9539,36.9005],[25.9511,36.9057],[25.9501,36.9089],[25.95,36.9109],[25.9516,36.9149],[25.9557,36.9204],[25.9578,36.9223],[25.9614,36.9245],[25.9641,36.9277],[25.9682,36.9307],[25.9755,36.9333],[25.9828,36.9339],[25.987,36.9333],[25.9891,36.934],[25.9922,36.9351],[25.9964,36.9389],[25.9995,36.9403]],[[25.5815,36.9932],[25.5781,36.9849],[25.5778,36.9807],[25.577,36.9776],[25.5761,36.9766],[25.5765,36.9755],[25.5759,36.9745],[25.5761,36.9734],[25.5724,36.9688],[25.5711,36.9682],[25.5677,36.962],[25.5628,36.9568],[25.563,36.9557],[25.562,36.9539],[25.5599,36.9546],[25.5578,36.9536],[25.5556,36.9505],[25.5554,36.9495],[25.5533,36.9484],[25.5523,36.9464],[25.5526,36.9454],[25.5536,36.9464],[25.5578,36.9466],[25.562,36.9493],[25.563,36.9494],[25.5641,36.9511],[25.5661,36.9515],[25.5693,36.9548],[25.5714,36.9556],[25.5724,36.9568],[25.5755,36.9585],[25.5807,36.9602],[25.5828,36.9615],[25.5855,36.962],[25.588,36.9635],[25.5911,36.964],[25.5922,36.9648],[25.6068,36.9651],[25.613,36.9659],[25.6151,36.9666],[25.6161,36.9663],[25.6182,36.9676],[25.6203,36.9675],[25.6214,36.9668],[25.6234,36.968],[25.6245,36.9677],[25.627,36.9693],[25.6255,36.9711],[25.6245,36.9706],[25.6244,36.9714],[25.6252,36.9724],[25.6251,36.9745],[25.6261,36.9755],[25.6257,36.9776],[25.6245,36.9786],[25.6254,36.9797],[25.6234,36.9803],[25.6223,36.9797],[25.6226,36.9807],[25.622,36.9828],[25.6211,36.9839],[25.6222,36.9911],[25.6234,36.9927],[25.6249,36.9932],[25.6244,36.9943],[25.6266,36.996],[25.6297,36.9975],[25.6328,36.9983],[25.6401,36.9988],[25.6432,36.9978],[25.6453,36.9965],[25.6484,36.9932],[25.6499,36.9901],[25.6504,36.9849],[25.6495,36.9816],[25.6464,36.9764],[25.6443,36.975],[25.6422,36.9747],[25.6401,36.9736],[25.6391,36.9738],[25.6328,36.9705],[25.6326,36.9703],[25.6335,36.9693],[25.6315,36.9672],[25.6328,36.9655],[25.6339,36.9658],[25.6345,36.9651],[25.6354,36.962],[25.635,36.9609],[25.6352,36.9578],[25.6374,36.9516],[25.6383,36.9474],[25.6382,36.938],[25.6385,36.937],[25.637,36.9343],[25.6364,36.9307],[25.6368,36.9297],[25.6391,36.9295],[25.6392,36.9286],[25.6359,36.9255],[25.6354,36.9245],[25.6365,36.9234],[25.6352,36.9224],[25.6363,36.9214],[25.6341,36.9193],[25.633,36.9172],[25.6349,36.9169],[25.6375,36.9182],[25.6385,36.9214],[25.6401,36.9224],[25.6411,36.9208],[25.6445,36.9214],[25.6442,36.9224],[25.6446,36.9224],[25.6453,36.9216],[25.6464,36.9218],[25.6547,36.9189],[25.6599,36.915],[25.6641,36.9151],[25.6672,36.914],[25.6766,36.9088],[25.6807,36.9053],[25.6824,36.9026],[25.6834,36.8974],[25.6839,36.8971],[25.6849,36.8978],[25.687,36.896],[25.6901,36.8904],[25.6924,36.8891],[25.6958,36.8849],[25.6973,36.8807],[25.6979,36.8755],[25.6977,36.8745],[25.6985,36.8734],[25.6976,36.8714],[25.6943,36.871],[25.6911,36.8693],[25.6896,36.8672],[25.6897,36.8661],[25.6891,36.8651],[25.6909,36.863],[25.6886,36.862],[25.6932,36.8604],[25.6925,36.8578],[25.6932,36.8572],[25.6943,36.8572],[25.6953,36.856],[25.6966,36.8557],[25.6975,36.8547],[25.6975,36.8526],[25.6986,36.8516],[25.6977,36.8495],[25.6975,36.8464],[25.6979,36.8432],[25.6965,36.8411],[25.6911,36.8355],[25.688,36.8347],[25.687,36.8357],[25.6859,36.8358],[25.6818,36.8355],[25.6776,36.8329],[25.6774,36.8318],[25.6745,36.8295],[25.6724,36.8299],[25.6693,36.8292],[25.6651,36.8302],[25.6624,36.8318],[25.6609,36.8347],[25.659,36.837],[25.6578,36.8377],[25.6543,36.838],[25.653,36.8391],[25.6516,36.8392],[25.6495,36.8408],[25.6487,36.8422],[25.6487,36.8443],[25.6474,36.8466],[25.6484,36.8458],[25.6508,36.8495],[25.6536,36.8505],[25.6578,36.8528],[25.6828,36.855],[25.686,36.8578],[25.6859,36.8593],[25.6873,36.8609],[25.6866,36.863],[25.6875,36.8641],[25.6867,36.8651],[25.6883,36.8672],[25.688,36.8674],[25.687,36.8678],[25.6859,36.8669],[25.6849,36.8677],[25.6828,36.8663],[25.6818,36.8668],[25.6807,36.8666],[25.6797,36.8676],[25.6714,36.868],[25.6661,36.868],[25.663,36.8674],[25.6536,36.8669],[25.6526,36.8661],[25.6512,36.8661],[25.6505,36.8653],[25.6495,36.8657],[25.6474,36.8649],[25.6464,36.8653],[25.638,36.8596],[25.637,36.8604],[25.6328,36.8594],[25.6314,36.8568],[25.6313,36.8557],[25.6255,36.8541],[25.6203,36.855],[25.6176,36.8568],[25.6161,36.8585],[25.6151,36.8589],[25.6141,36.8606],[25.6118,36.8609],[25.6125,36.862],[25.612,36.8628],[25.6098,36.8641],[25.6089,36.8664],[25.6069,36.8682],[25.6057,36.869],[25.6026,36.8697],[25.6005,36.8696],[25.5996,36.8703],[25.5997,36.8714],[25.5978,36.8724],[25.5964,36.8739],[25.5953,36.8759],[25.5943,36.876],[25.5932,36.8751],[25.5926,36.8755],[25.5928,36.8766],[25.5924,36.8776],[25.5938,36.8797],[25.5928,36.8807],[25.5945,36.8828],[25.5961,36.887],[25.5984,36.8893],[25.6005,36.8901],[25.602,36.8901],[25.6025,36.8911],[25.602,36.8922],[25.5953,36.8953],[25.5932,36.8958],[25.5797,36.895],[25.5745,36.8936],[25.5724,36.8922],[25.5706,36.8932],[25.5682,36.8935],[25.5652,36.8922],[25.5625,36.8901],[25.5627,36.888],[25.5617,36.8859],[25.5625,36.8849],[25.5618,36.8839],[25.562,36.8828],[25.5632,36.8818],[25.5623,36.8807],[25.5632,36.8786],[25.5633,36.8755],[25.5618,36.8734],[25.5607,36.8703],[25.5609,36.87],[25.562,36.8707],[25.563,36.8704],[25.5638,36.8714],[25.5641,36.8727],[25.5642,36.8714],[25.5651,36.8701],[25.5661,36.8716],[25.5674,36.8703],[25.5676,36.8682],[25.5654,36.8661],[25.5661,36.8652],[25.5672,36.8651],[25.5684,36.8661],[25.5672,36.8651],[25.5648,36.8651],[25.565,36.8641],[25.5633,36.8609],[25.5629,36.8568],[25.562,36.8536],[25.5611,36.8526],[25.5578,36.8504],[25.5526,36.8482],[25.5495,36.8463],[25.5384,36.8422],[25.5385,36.8411],[25.5369,36.8391],[25.5368,36.838],[25.5361,36.837],[25.5362,36.8359],[25.5335,36.8328],[25.5324,36.8307],[25.5307,36.8296],[25.5245,36.8285],[25.5224,36.8286],[25.5214,36.8295],[25.5182,36.8303],[25.5138,36.8349],[25.5114,36.8391],[25.5109,36.8413],[25.5083,36.8453],[25.508,36.8474],[25.5092,36.8505],[25.5098,36.8536],[25.5099,36.8547],[25.5093,36.8557],[25.5068,36.8582],[25.5057,36.8576],[25.5042,36.8589],[25.502,36.8589],[25.5016,36.8601],[25.5005,36.8596],[25.4995,36.8599],[25.4984,36.8617],[25.4974,36.8624],[25.4963,36.862],[25.4958,36.8589],[25.4977,36.8568],[25.4972,36.8557],[25.4985,36.8536],[25.4971,36.8516],[25.497,36.8474],[25.4956,36.8443],[25.4921,36.8401],[25.4903,36.8339],[25.4909,36.8328],[25.4895,36.8307],[25.4884,36.8276],[25.4839,36.8221],[25.4776,36.8161],[25.4766,36.8168],[25.4745,36.8162],[25.4734,36.8171],[25.4714,36.8171],[25.4703,36.8163],[25.4693,36.8167],[25.4672,36.8163],[25.4661,36.8153],[25.4651,36.8151],[25.4653,36.8141],[25.462,36.8118],[25.4609,36.8125],[25.4608,36.812],[25.4578,36.8109],[25.4557,36.8092],[25.4547,36.81],[25.4505,36.8085],[25.4495,36.8093],[25.4484,36.8092],[25.4453,36.8104],[25.4443,36.8116],[25.4401,36.8114],[25.4391,36.8109],[25.4349,36.8126],[25.4318,36.8131],[25.4297,36.8141],[25.4276,36.814],[25.4255,36.8153],[25.4234,36.8148],[25.4193,36.8182],[25.4182,36.818],[25.4161,36.8205],[25.4141,36.8211],[25.413,36.8224],[25.412,36.8223],[25.4069,36.8245],[25.4026,36.8238],[25.4003,36.8203],[25.3984,36.8187],[25.3974,36.8191],[25.3953,36.8177],[25.3951,36.8182],[25.3957,36.8193],[25.3953,36.8198],[25.3932,36.8196],[25.3911,36.822],[25.3901,36.8222],[25.3879,36.8266],[25.3932,36.8318],[25.3964,36.831],[25.3995,36.8312],[25.3998,36.8307],[25.3996,36.8276],[25.4005,36.8267],[25.4026,36.8275],[25.4016,36.8307],[25.4022,36.8328],[25.4009,36.8339],[25.4018,36.8349],[25.4035,36.8391],[25.4047,36.8406],[25.41,36.8443],[25.4109,36.8454],[25.412,36.8453],[25.4125,36.8464],[25.4141,36.8473],[25.4151,36.847],[25.417,36.8484],[25.4214,36.8547],[25.4234,36.8561],[25.4339,36.8674],[25.4349,36.8668],[25.436,36.8672],[25.4363,36.8682],[25.4422,36.8696],[25.4432,36.8694],[25.4464,36.8719],[25.4475,36.8714],[25.4485,36.8724],[25.4526,36.8738],[25.4536,36.8746],[25.4547,36.8766],[25.4578,36.8802],[25.4589,36.8807],[25.459,36.8818],[25.4605,36.8828],[25.4604,36.8839],[25.4609,36.8842],[25.463,36.885],[25.4641,36.8844],[25.4651,36.8845],[25.4661,36.8838],[25.4682,36.885],[25.4703,36.8846],[25.4714,36.8837],[25.4724,36.8838],[25.4734,36.8831],[25.4745,36.8837],[25.4772,36.8807],[25.4797,36.88],[25.4818,36.8776],[25.4848,36.8766],[25.4842,36.8755],[25.4863,36.8745],[25.4859,36.8734],[25.487,36.8724],[25.4865,36.8714],[25.4891,36.8694],[25.4901,36.8696],[25.491,36.8714],[25.4903,36.8734],[25.4907,36.8745],[25.4899,36.8755],[25.4907,36.8766],[25.4901,36.8776],[25.4925,36.8807],[25.4943,36.8823],[25.4962,36.8828],[25.4977,36.8839],[25.5057,36.8912],[25.5078,36.892],[25.5141,36.8956],[25.5167,36.8984],[25.5175,36.8984],[25.5193,36.8972],[25.5255,36.8969],[25.5328,36.8944],[25.537,36.8942],[25.5413,36.8953],[25.5418,36.8964],[25.5416,36.8974],[25.5406,36.8984],[25.539,36.9026],[25.54,36.9036],[25.5399,36.9057],[25.5413,36.9089],[25.5406,36.912],[25.5388,36.9141],[25.5415,36.9182],[25.5423,36.9234],[25.5441,36.9255],[25.5431,36.9266],[25.5434,36.9297],[25.5457,36.9328],[25.5486,36.9391],[25.5483,36.9411],[25.5488,36.9432],[25.5484,36.9436],[25.5464,36.9448],[25.5443,36.9443],[25.5362,36.938],[25.5328,36.9373],[25.5286,36.9341],[25.5203,36.9337],[25.5172,36.9324],[25.5161,36.9325],[25.5068,36.9286],[25.5047,36.9283],[25.5036,36.9286],[25.5005,36.9268],[25.4995,36.9272],[25.4974,36.9261],[25.4964,36.9262],[25.4953,36.925],[25.4849,36.9199],[25.4807,36.9191],[25.4797,36.9193],[25.4786,36.9187],[25.4734,36.9175],[25.4724,36.9178],[25.4672,36.9167],[25.4589,36.9128],[25.4526,36.9115],[25.4495,36.9088],[25.4484,36.9097],[25.4474,36.9085],[25.4443,36.9078],[25.4455,36.9068],[25.4444,36.9068],[25.4442,36.9078],[25.4422,36.9091],[25.4411,36.9087],[25.4401,36.9093],[25.437,36.9126],[25.4368,36.9141],[25.4333,36.9172],[25.4328,36.9182],[25.4307,36.9193],[25.4278,36.9224],[25.4277,36.9234],[25.4266,36.9257],[25.4224,36.9297],[25.4224,36.9307],[25.4214,36.9318],[25.4214,36.9323],[25.4172,36.9373],[25.3984,36.9442],[25.3953,36.9442],[25.3949,36.9464],[25.3922,36.9482],[25.3828,36.9504],[25.3693,36.9555],[25.3682,36.9556],[25.3651,36.9578],[25.3641,36.9575],[25.3622,36.9599],[25.362,36.9614],[25.3584,36.9641],[25.3544,36.9661],[25.3516,36.9661],[25.3525,36.9682],[25.3512,36.9693],[25.3505,36.9708],[25.3492,36.9714],[25.35,36.9724],[25.3484,36.9735],[25.347,36.9755],[25.3477,36.9776],[25.3468,36.9786],[25.3467,36.9807],[25.3464,36.981],[25.3453,36.9802],[25.3452,36.9818],[25.3443,36.9821],[25.3422,36.9858],[25.3391,36.9891],[25.338,36.9889],[25.3339,36.9915],[25.3307,36.9923],[25.3297,36.9914],[25.3284,36.9911],[25.3286,36.9905],[25.3297,36.9908],[25.3301,36.9901],[25.3297,36.9898],[25.3286,36.9899],[25.3276,36.9888],[25.3266,36.989],[25.3254,36.9901],[25.3253,36.9911],[25.3214,36.9942],[25.3207,36.9953],[25.3182,36.9959],[25.3151,36.9947],[25.3151,36.9922],[25.3141,36.9918],[25.312,36.9919],[25.3047,36.9902],[25.3036,36.991],[25.3016,36.9893],[25.2984,36.9891],[25.2974,36.9859],[25.2974,36.9818],[25.2964,36.9812],[25.2953,36.9816],[25.2943,36.9807],[25.2946,36.9797],[25.2953,36.9794],[25.2964,36.9803],[25.2995,36.9795],[25.3036,36.9802],[25.3057,36.9813],[25.3076,36.9807],[25.3089,36.9797],[25.3099,36.9798],[25.3104,36.9776],[25.3147,36.9766],[25.3141,36.9757],[25.3144,36.9745],[25.3128,36.9693],[25.3129,36.9682],[25.3108,36.9651],[25.3082,36.963],[25.3068,36.9624],[25.3036,36.9623],[25.3011,36.9609],[25.3002,36.9599],[25.2984,36.9593],[25.2925,36.9536],[25.2911,36.9535],[25.2906,36.9526],[25.287,36.9497],[25.2849,36.9489],[25.2786,36.9489],[25.2776,36.9493],[25.2755,36.9483],[25.2703,36.9501],[25.2693,36.95],[25.2682,36.9514],[25.2661,36.9518],[25.2651,36.9528],[25.2649,36.9516],[25.2641,36.9511],[25.2609,36.9542],[25.2589,36.9536],[25.2595,36.9568],[25.2584,36.9578],[25.2579,36.9599],[25.2579,36.962],[25.2584,36.963],[25.2609,36.9646],[25.262,36.964],[25.2641,36.965],[25.2682,36.9634],[25.2693,36.9635],[25.2703,36.9645],[25.2714,36.9635],[25.2719,36.9641],[25.2716,36.9651],[25.2745,36.9656],[25.2771,36.9651],[25.2776,36.9641],[25.2789,36.9672],[25.2791,36.9703],[25.2803,36.9724],[25.2783,36.9755],[25.2793,36.9766],[25.2791,36.9807],[25.28,36.9818],[25.2795,36.9828],[25.2805,36.9849],[25.2793,36.9859],[25.2803,36.987],[25.2806,36.988],[25.2818,36.9887],[25.282,36.988],[25.2812,36.987],[25.2818,36.9861],[25.2828,36.9862],[25.2861,36.9901],[25.2864,36.9911],[25.2859,36.9932],[25.2818,36.9958],[25.2776,36.9943],[25.2755,36.9943],[25.2724,36.9935],[25.2672,36.9943],[25.2651,36.993],[25.2617,36.9922],[25.2568,36.9888],[25.2557,36.9874],[25.2553,36.9859],[25.2536,36.9842],[25.2526,36.9837],[25.2502,36.9839],[25.2487,36.9828],[25.2478,36.9818],[25.2482,36.9807],[25.2474,36.9786],[25.2464,36.9785],[25.2455,36.9776],[25.2422,36.9764],[25.2391,36.9745],[25.237,36.9742],[25.2359,36.973],[25.2339,36.9723],[25.2328,36.9732],[25.2318,36.9728],[25.2307,36.9735],[25.2297,36.9733],[25.2276,36.9743],[25.2266,36.9742],[25.2253,36.9755],[25.2234,36.9761],[25.2203,36.9762],[25.2182,36.9757],[25.2172,36.977],[25.2162,36.9755],[25.2141,36.9744],[25.212,36.9744],[25.2109,36.9753],[25.2057,36.975],[25.1984,36.9727],[25.1953,36.9725],[25.1922,36.9713],[25.1818,36.9696],[25.1797,36.9684],[25.1776,36.9684],[25.1755,36.9671],[25.1714,36.9679],[25.1703,36.9694],[25.1672,36.9702],[25.163,36.9698],[25.1609,36.9702],[25.1589,36.9689],[25.1536,36.9719],[25.1526,36.974],[25.1516,36.9749],[25.1505,36.9749],[25.1495,36.9756],[25.1484,36.975],[25.1474,36.9756],[25.1464,36.9755],[25.1453,36.9763],[25.1422,36.9755],[25.1411,36.976],[25.1401,36.975],[25.1386,36.9745],[25.1362,36.9682],[25.1338,36.9661],[25.1303,36.9609],[25.1245,36.957],[25.1193,36.9561],[25.113,36.9567],[25.1109,36.9577],[25.1057,36.9576],[25.1036,36.9592],[25.1026,36.9587],[25.1016,36.9596],[25.0995,36.9596],[25.0964,36.961],[25.0911,36.9574],[25.0891,36.9564],[25.0878,36.9568],[25.0837,36.9536],[25.0815,36.9495],[25.0812,36.9464],[25.0802,36.9432],[25.0777,36.9401],[25.0778,36.9391],[25.0766,36.9384],[25.0755,36.937],[25.0753,36.9359],[25.0735,36.9339],[25.0714,36.9325],[25.0693,36.9322],[25.0661,36.9325],[25.063,36.9339],[25.0589,36.9342],[25.0537,36.937],[25.0519,36.9391],[25.0521,36.9401],[25.0516,36.9404],[25.0505,36.9404],[25.0464,36.9424],[25.0453,36.9421],[25.0443,36.9431],[25.0432,36.9428],[25.0422,36.9438],[25.0411,36.9432],[25.037,36.9464],[25.0328,36.9456],[25.0318,36.9444],[25.0286,36.9439],[25.0276,36.9445],[25.0266,36.9437],[25.0245,36.9439],[25.0214,36.943],[25.0203,36.9433],[25.0089,36.9433],[25.0057,36.9425],[25.0047,36.9429],[25.0036,36.9425],[25.0005,36.9428]],[[25.3214,36.9763],[25.3205,36.9766],[25.32,36.9797],[25.3203,36.9819],[25.3224,36.9834],[25.3266,36.9848],[25.3307,36.9828],[25.3255,36.9775]],[[25.5755,36.9633],[25.5745,36.9632],[25.5738,36.9641],[25.5766,36.9657],[25.5773,36.9651]],[[25.5734,36.9617],[25.5724,36.9631],[25.5734,36.9624]],[[25.587,36.8854],[25.5859,36.8865],[25.5849,36.8861],[25.5832,36.888],[25.5843,36.8891],[25.5839,36.8901],[25.5847,36.8911],[25.5859,36.8917],[25.5876,36.8901],[25.588,36.8878],[25.5891,36.8888],[25.5894,36.888]],[[25.5984,36.87],[25.5979,36.8703],[25.5984,36.8709],[25.5993,36.8703]],[[25.6922,36.8629],[25.6916,36.863],[25.6922,36.8648]],[[25.5589,36.7004],[25.5568,36.6998],[25.5547,36.6999],[25.5501,36.7026],[25.5483,36.7047],[25.548,36.7057],[25.5482,36.7078],[25.5489,36.7089],[25.5516,36.7105],[25.5547,36.7109],[25.5578,36.7104],[25.5608,36.7089],[25.5622,36.7068],[25.5623,36.7047],[25.5609,36.7017]],[[25.0391,36.6296],[25.038,36.6297],[25.0378,36.6307],[25.0391,36.6312],[25.0395,36.6307]],[[25.0703,36.6201],[25.0693,36.6205],[25.0672,36.6202],[25.0661,36.6213],[25.0651,36.6209],[25.0641,36.6222],[25.062,36.6219],[25.0599,36.6227],[25.0589,36.6215],[25.0568,36.6224],[25.0547,36.6227],[25.0536,36.6235],[25.0526,36.6237],[25.0505,36.6257],[25.0474,36.627],[25.0443,36.6299],[25.0409,36.6307],[25.0419,36.6328],[25.0415,36.6339],[25.0419,36.6349],[25.0453,36.638],[25.0466,36.638],[25.0505,36.6406],[25.0516,36.6401],[25.0526,36.6405],[25.0547,36.6442],[25.0557,36.6446],[25.0607,36.6495],[25.0634,36.6557],[25.0632,36.6568],[25.0653,36.6589],[25.0661,36.6614],[25.0687,36.6641],[25.0692,36.6661],[25.073,36.6703],[25.0781,36.6745],[25.079,36.6776],[25.079,36.6797],[25.0781,36.6807],[25.078,36.6818],[25.0782,36.6849],[25.0796,36.688],[25.0815,36.6901],[25.0851,36.6922],[25.0899,36.6964],[25.0948,36.6995],[25.0995,36.7015],[25.1078,36.7039],[25.112,36.7062],[25.1172,36.7077],[25.1339,36.72],[25.1484,36.7218],[25.1526,36.7229],[25.1547,36.7239],[25.1589,36.7237],[25.1682,36.7261],[25.1693,36.7255],[25.1714,36.7267],[25.1724,36.7256],[25.1786,36.726],[25.1807,36.7282],[25.1828,36.7274],[25.1849,36.7285],[25.188,36.7266],[25.1891,36.7251],[25.1911,36.7242],[25.1924,36.7203],[25.1933,36.7193],[25.1933,36.7172],[25.1946,36.7161],[25.195,36.712],[25.1957,36.7109],[25.1944,36.7047],[25.1959,36.7005],[25.1942,36.6984],[25.193,36.6953],[25.1904,36.6932],[25.1901,36.6921],[25.1887,36.6922],[25.189,36.6911],[25.187,36.688],[25.1807,36.6807],[25.1797,36.6804],[25.1755,36.6774],[25.1703,36.675],[25.1688,36.6734],[25.1664,36.6693],[25.164,36.6672],[25.1495,36.6605],[25.1436,36.6547],[25.1433,36.6536],[25.1417,36.6526],[25.1414,36.6516],[25.1401,36.6502],[25.1391,36.6501],[25.138,36.6488],[25.137,36.6489],[25.1349,36.6475],[25.1339,36.6478],[25.1307,36.6468],[25.1255,36.6434],[25.1234,36.6433],[25.1224,36.6428],[25.1214,36.6433],[25.112,36.6402],[25.1095,36.638],[25.1057,36.6364],[25.1047,36.6355],[25.1036,36.6357],[25.1005,36.6334],[25.0984,36.6328],[25.0974,36.6316],[25.0964,36.6321],[25.0953,36.6311],[25.0932,36.6309],[25.087,36.6258],[25.0852,36.6234],[25.0828,36.6214],[25.0745,36.6212]],[[25.0161,36.6191],[25.013,36.6188],[25.0109,36.6198],[25.0099,36.6193],[25.0078,36.6198],[25.0047,36.621],[25.0026,36.6226],[25.0009,36.6266],[25.0028,36.6307],[25.0047,36.6328],[25.0068,36.6337],[25.0078,36.6355],[25.0089,36.6349],[25.0099,36.6359],[25.012,36.6358],[25.0151,36.6378],[25.0161,36.638],[25.0182,36.6399],[25.0203,36.6407],[25.0224,36.6408],[25.0266,36.6396],[25.0297,36.637],[25.0307,36.6368],[25.0328,36.6351],[25.0339,36.6328],[25.0337,36.6307],[25.0307,36.6251],[25.0286,36.6224],[25.0266,36.6216],[25.0255,36.6207]],[[25.688,36.6148],[25.6859,36.6145],[25.6828,36.6149],[25.6749,36.6182],[25.6724,36.6214],[25.6715,36.6245],[25.6703,36.6251],[25.6693,36.6266],[25.669,36.6307],[25.6702,36.6328],[25.6734,36.6337],[25.6818,36.6339],[25.6828,36.633],[25.6891,36.6322],[25.6953,36.6275],[25.6987,36.6234],[25.6995,36.6203],[25.6991,36.6182],[25.6974,36.6171],[25.6922,36.6163]],[[25.3266,36.6087],[25.3193,36.6096],[25.313,36.6093],[25.3096,36.6109],[25.3078,36.6129],[25.3078,36.6141],[25.3084,36.6151],[25.3122,36.6193],[25.3175,36.6276],[25.3224,36.6317],[25.326,36.6339],[25.3269,36.6349],[25.327,36.637],[25.3246,36.6411],[25.3245,36.6429],[25.323,36.6443],[25.3225,36.6464],[25.3196,36.6495],[25.3172,36.6504],[25.313,36.6547],[25.312,36.6564],[25.312,36.6578],[25.3111,36.6589],[25.3107,36.6609],[25.3095,36.662],[25.3092,36.663],[25.3047,36.6669],[25.3026,36.6673],[25.3005,36.6697],[25.2995,36.6697],[25.2989,36.6703],[25.2975,36.6734],[25.2985,36.6755],[25.2981,36.6766],[25.2964,36.6795],[25.2943,36.6786],[25.2938,36.6797],[25.2945,36.6828],[25.2902,36.6828],[25.2894,36.6839],[25.2893,36.6859],[25.287,36.6879],[25.2839,36.6894],[25.2824,36.6891],[25.2818,36.6901],[25.2806,36.6901],[25.2804,36.6911],[25.2783,36.6911],[25.2776,36.6925],[25.2734,36.6932],[25.2724,36.6946],[25.2714,36.6943],[25.2703,36.6953],[25.2589,36.7001],[25.2516,36.7011],[25.2484,36.704],[25.2464,36.7044],[25.2422,36.7042],[25.2391,36.705],[25.2329,36.7099],[25.2317,36.7099],[25.2302,36.713],[25.2301,36.7141],[25.2286,36.7151],[25.2284,36.7172],[25.2288,36.7193],[25.2279,36.7203],[25.2282,36.7234],[25.229,36.7245],[25.2296,36.7266],[25.2289,36.7276],[25.2299,36.7297],[25.2298,36.7307],[25.2305,36.7328],[25.2325,36.7349],[25.2328,36.7365],[25.2339,36.737],[25.2339,36.7381],[25.2328,36.7372],[25.2327,36.738],[25.2362,36.7422],[25.2356,36.7432],[25.2364,36.7443],[25.2359,36.7474],[25.2368,36.7505],[25.2391,36.7547],[25.2431,36.7589],[25.2431,36.7599],[25.244,36.7609],[25.2453,36.7641],[25.2474,36.7661],[25.2506,36.7734],[25.2503,36.7745],[25.2518,36.7755],[25.2522,36.7766],[25.2536,36.7782],[25.256,36.7797],[25.2575,36.7818],[25.2597,36.7859],[25.2621,36.7922],[25.2654,36.7964],[25.2672,36.7978],[25.2682,36.7976],[25.2703,36.7991],[25.2724,36.7997],[25.2734,36.7993],[25.2745,36.8005],[25.2755,36.8008],[25.2766,36.8002],[25.2776,36.8014],[25.2797,36.8022],[25.2839,36.802],[25.2849,36.8025],[25.2859,36.8014],[25.2932,36.8025],[25.3016,36.8064],[25.3064,36.8099],[25.3089,36.8097],[25.3099,36.8106],[25.312,36.8111],[25.313,36.8106],[25.3141,36.8111],[25.3161,36.8107],[25.3172,36.8092],[25.3182,36.8097],[25.3193,36.8088],[25.3203,36.8089],[25.3198,36.8078],[25.3203,36.8069],[25.322,36.8057],[25.3219,36.8047],[25.3224,36.8041],[25.3234,36.8034],[25.3258,36.7964],[25.3286,36.7935],[25.3297,36.7934],[25.3307,36.7914],[25.3323,36.7901],[25.3339,36.79],[25.3349,36.7885],[25.3366,36.788],[25.3371,36.787],[25.3367,36.7859],[25.3391,36.7859],[25.3392,36.7849],[25.3402,36.7839],[25.3401,36.7818],[25.3428,36.7797],[25.3446,36.7776],[25.3467,36.7734],[25.3476,36.7703],[25.3471,36.7682],[25.3474,36.7672],[25.3526,36.7647],[25.3557,36.7617],[25.3578,36.7628],[25.363,36.7637],[25.3672,36.7634],[25.3703,36.7622],[25.3714,36.7604],[25.3724,36.76],[25.3745,36.761],[25.3741,36.7599],[25.3751,36.7568],[25.3781,36.7557],[25.3785,36.7505],[25.3797,36.7498],[25.3807,36.7483],[25.3828,36.7473],[25.3849,36.7473],[25.3859,36.7459],[25.388,36.7456],[25.3922,36.7431],[25.3943,36.7431],[25.3969,36.7411],[25.3974,36.74],[25.3995,36.7387],[25.4016,36.7403],[25.4019,36.7401],[25.4009,36.7391],[25.4016,36.7381],[25.4026,36.7384],[25.4047,36.7378],[25.4068,36.7391],[25.4056,36.737],[25.4058,36.7359],[25.4068,36.7354],[25.4078,36.7363],[25.4089,36.736],[25.4074,36.7349],[25.4076,36.7339],[25.4099,36.7342],[25.4103,36.7339],[25.4099,36.7323],[25.412,36.7297],[25.4131,36.7297],[25.4134,36.7276],[25.4152,36.7276],[25.4144,36.7255],[25.4142,36.7203],[25.4137,36.7193],[25.4145,36.7172],[25.4143,36.7161],[25.4152,36.7151],[25.4153,36.7141],[25.4149,36.713],[25.4155,36.712],[25.4152,36.7089],[25.4144,36.7068],[25.4102,36.7016],[25.4088,36.7016],[25.4043,36.6984],[25.4026,36.6967],[25.4016,36.6964],[25.4019,36.6953],[25.4008,36.6932],[25.4015,36.6922],[25.4012,36.6891],[25.4019,36.687],[25.4012,36.6859],[25.4017,36.6849],[25.4007,36.6839],[25.4014,36.6807],[25.4028,36.6797],[25.4019,36.6776],[25.4024,36.6766],[25.4024,36.6745],[25.4036,36.6737],[25.404,36.6724],[25.404,36.6682],[25.4039,36.6672],[25.4027,36.6651],[25.4025,36.663],[25.4017,36.662],[25.4005,36.6561],[25.3995,36.6547],[25.3995,36.6536],[25.3972,36.6464],[25.3953,36.6443],[25.3932,36.6432],[25.3839,36.6407],[25.3828,36.64],[25.3807,36.6418],[25.3797,36.6407],[25.3776,36.6426],[25.3734,36.6422],[25.3714,36.641],[25.3691,36.638],[25.3661,36.6354],[25.363,36.6334],[25.3586,36.6318],[25.3568,36.6304],[25.3551,36.6286],[25.3547,36.6272],[25.3536,36.6283],[25.3526,36.6276],[25.3505,36.6275],[25.3495,36.6262],[25.3484,36.6266],[25.3464,36.624],[25.3343,36.6151],[25.3309,36.6109],[25.3286,36.6095]],[[25.4161,36.4118],[25.4156,36.412],[25.4157,36.413],[25.4161,36.4131],[25.4165,36.413]],[[25.388,36.392],[25.387,36.3912],[25.3859,36.3917],[25.3839,36.3917],[25.3828,36.3912],[25.3807,36.3917],[25.379,36.3943],[25.3766,36.3947],[25.3754,36.3964],[25.3734,36.3964],[25.3714,36.3984],[25.3734,36.4005],[25.3744,36.4005],[25.3755,36.4016],[25.3776,36.4022],[25.3786,36.4033],[25.3798,36.4026],[25.3828,36.4026],[25.3839,36.403],[25.3856,36.4057],[25.387,36.412],[25.388,36.4135],[25.3911,36.4161],[25.3922,36.4161],[25.3932,36.4151],[25.3932,36.4141],[25.3947,36.413],[25.3972,36.413],[25.3984,36.4141],[25.3995,36.4141],[25.4005,36.413],[25.4026,36.413],[25.4047,36.412],[25.4057,36.412],[25.4068,36.413],[25.4078,36.412],[25.4089,36.412],[25.4109,36.4109],[25.412,36.4099],[25.412,36.4068],[25.4109,36.4051],[25.4109,36.4026],[25.4099,36.4016],[25.4078,36.4016],[25.4078,36.3984],[25.4057,36.3953],[25.4036,36.395],[25.3989,36.3953],[25.3974,36.3929],[25.3953,36.3932],[25.3943,36.3922],[25.3932,36.3932],[25.3911,36.3937],[25.3894,36.3932]],[[25.4432,36.3144],[25.4411,36.3142],[25.4401,36.3154],[25.4359,36.3154],[25.4339,36.3146],[25.4318,36.3152],[25.4297,36.3146],[25.4245,36.3177],[25.423,36.3193],[25.422,36.3214],[25.4228,36.3234],[25.422,36.3234],[25.4214,36.3225],[25.4193,36.3229],[25.4161,36.326],[25.4149,36.3266],[25.413,36.3289],[25.4099,36.3304],[25.4074,36.3339],[25.4047,36.3345],[25.4036,36.3362],[25.4005,36.3386],[25.3964,36.339],[25.3943,36.3398],[25.387,36.339],[25.3797,36.3399],[25.3682,36.3449],[25.3651,36.3455],[25.362,36.347],[25.3547,36.3476],[25.3526,36.3487],[25.3505,36.3504],[25.3453,36.3521],[25.3401,36.3522],[25.3391,36.3536],[25.3403,36.3547],[25.338,36.3552],[25.3359,36.357],[25.3353,36.3578],[25.3348,36.3599],[25.3323,36.363],[25.3297,36.3639],[25.3276,36.3659],[25.3255,36.3669],[25.324,36.3682],[25.3224,36.3703],[25.3233,36.3734],[25.3223,36.3755],[25.3203,36.377],[25.3181,36.3776],[25.3161,36.3798],[25.3132,36.3818],[25.3132,36.3839],[25.3115,36.387],[25.3109,36.3911],[25.3113,36.4005],[25.3112,36.4016],[25.3103,36.4026],[25.31,36.4057],[25.3103,36.4109],[25.3098,36.4151],[25.3103,36.4193],[25.3123,36.4224],[25.3114,36.4276],[25.313,36.4303],[25.3133,36.4328],[25.3143,36.4339],[25.3145,36.4359],[25.3157,36.438],[25.3152,36.4411],[25.3156,36.4422],[25.3172,36.4431],[25.3179,36.4443],[25.32,36.4495],[25.3203,36.4516],[25.3223,36.4547],[25.3247,36.4599],[25.3267,36.462],[25.3271,36.4641],[25.3289,36.4661],[25.3318,36.4678],[25.3328,36.4679],[25.3411,36.4677],[25.3443,36.467],[25.3464,36.4674],[25.3474,36.4669],[25.348,36.4661],[25.3479,36.4651],[25.3495,36.4641],[25.3456,36.462],[25.346,36.4609],[25.3474,36.4599],[25.3468,36.4589],[25.347,36.4568],[25.3464,36.4546],[25.3484,36.4515],[25.3516,36.4516],[25.3526,36.451],[25.3561,36.4505],[25.3578,36.4474],[25.3569,36.4464],[25.3568,36.4443],[25.3592,36.4422],[25.3593,36.4391],[25.3581,36.438],[25.3578,36.4359],[25.3568,36.4349],[25.3547,36.4376],[25.3536,36.4377],[25.3526,36.437],[25.3516,36.4376],[25.3516,36.437],[25.3505,36.4359],[25.3495,36.4365],[25.3489,36.4359],[25.3495,36.4349],[25.3484,36.4339],[25.3478,36.4339],[25.3477,36.4318],[25.3495,36.4297],[25.3505,36.4297],[25.3515,36.4286],[25.3518,36.4266],[25.3526,36.4255],[25.3516,36.4245],[25.3508,36.4245],[25.3519,36.4234],[25.352,36.4214],[25.3515,36.4182],[25.3508,36.4172],[25.3516,36.4172],[25.3536,36.4151],[25.3531,36.413],[25.3547,36.412],[25.354,36.4109],[25.354,36.4089],[25.3547,36.4078],[25.3536,36.4068],[25.3505,36.4097],[25.3474,36.4099],[25.3443,36.4125],[25.3411,36.413],[25.337,36.4151],[25.3349,36.4168],[25.3339,36.4162],[25.3328,36.4171],[25.3318,36.4162],[25.3266,36.4161],[25.3255,36.4151],[25.3245,36.4151],[25.3248,36.4141],[25.3214,36.4089],[25.3249,36.4036],[25.3221,36.4005],[25.3222,36.3932],[25.3245,36.3915],[25.3266,36.3914],[25.327,36.3901],[25.3267,36.388],[25.328,36.3859],[25.3297,36.3844],[25.3318,36.3842],[25.3331,36.3849],[25.3339,36.3863],[25.3344,36.3849],[25.337,36.3824],[25.338,36.3822],[25.3391,36.3821],[25.3411,36.3833],[25.3453,36.384],[25.3464,36.3849],[25.3483,36.3849],[25.3505,36.3868],[25.3516,36.3866],[25.353,36.3839],[25.3516,36.3818],[25.35,36.3807],[25.3495,36.3797],[25.3499,36.3776],[25.3475,36.3755],[25.3476,36.3745],[25.3489,36.3734],[25.3495,36.3719],[25.3536,36.3716],[25.354,36.3693],[25.3547,36.3682],[25.3578,36.3662],[25.363,36.3664],[25.3651,36.3677],[25.3661,36.3678],[25.3693,36.3659],[25.3734,36.3658],[25.3776,36.3689],[25.3786,36.3689],[25.3818,36.3677],[25.3839,36.3682],[25.3849,36.3672],[25.3891,36.3672],[25.3901,36.3661],[25.3932,36.3661],[25.3943,36.3651],[25.3974,36.3651],[25.4005,36.363],[25.412,36.363],[25.4151,36.3651],[25.4151,36.3682],[25.4172,36.3703],[25.4182,36.3703],[25.4198,36.3724],[25.4196,36.3766],[25.4244,36.3818],[25.4247,36.3828],[25.4266,36.3846],[25.4266,36.3859],[25.4286,36.388],[25.4297,36.388],[25.4307,36.3891],[25.4307,36.3901],[25.4318,36.3911],[25.4318,36.3922],[25.4325,36.3932],[25.4318,36.3943],[25.4318,36.3964],[25.4307,36.3974],[25.4307,36.3984],[25.4287,36.4005],[25.4282,36.4016],[25.4266,36.4016],[25.4255,36.4026],[25.4266,36.4036],[25.4255,36.4047],[25.4255,36.4057],[25.4266,36.4076],[25.4266,36.4089],[25.4276,36.4099],[25.4276,36.4172],[25.4266,36.4172],[25.4245,36.4193],[25.4245,36.4255],[25.4218,36.4276],[25.4182,36.4276],[25.4172,36.4284],[25.4151,36.4284],[25.4141,36.4276],[25.413,36.4286],[25.4141,36.4301],[25.4141,36.4307],[25.413,36.4318],[25.4141,36.4328],[25.4141,36.4339],[25.4182,36.438],[25.4182,36.4401],[25.4193,36.4411],[25.4214,36.4411],[25.4214,36.4453],[25.4203,36.4464],[25.4203,36.449],[25.4182,36.4526],[25.4172,36.4526],[25.412,36.4578],[25.4109,36.4578],[25.4099,36.4585],[25.4078,36.4585],[25.4068,36.4578],[25.4047,36.4575],[25.4016,36.4575],[25.3995,36.4557],[25.3974,36.4557],[25.3964,36.4568],[25.3953,36.4568],[25.3939,36.4578],[25.3915,36.4578],[25.3901,36.4568],[25.3891,36.4575],[25.387,36.4578],[25.3859,36.4593],[25.3828,36.4589],[25.3818,36.4595],[25.3807,36.4589],[25.3779,36.4589],[25.3766,36.4578],[25.3755,36.4585],[25.3745,36.4584],[25.3737,36.4568],[25.3724,36.4558],[25.3703,36.4578],[25.3703,36.4594],[25.3693,36.4595],[25.3682,36.4609],[25.3688,36.463],[25.3672,36.4651],[25.3672,36.4672],[25.3666,36.4682],[25.3664,36.4703],[25.3665,36.4745],[25.3711,36.4828],[25.3735,36.4859],[25.3745,36.4863],[25.3766,36.4886],[25.3776,36.4891],[25.3785,36.4911],[25.3818,36.4918],[25.387,36.4914],[25.3953,36.4876],[25.3974,36.4884],[25.3984,36.4881],[25.4005,36.4863],[25.4036,36.4868],[25.4068,36.4858],[25.4089,36.4877],[25.4099,36.4877],[25.4109,36.4864],[25.412,36.4837],[25.4141,36.4835],[25.4161,36.4842],[25.4182,36.4826],[25.4286,36.4795],[25.4307,36.478],[25.4325,36.4745],[25.4354,36.4724],[25.4369,36.4703],[25.4422,36.4663],[25.4462,36.4609],[25.4536,36.4572],[25.4593,36.4526],[25.4714,36.44],[25.4743,36.4359],[25.4766,36.4297],[25.4776,36.4289],[25.4807,36.4305],[25.4829,36.4297],[25.4834,36.4286],[25.4859,36.4271],[25.4878,36.4234],[25.4908,36.4203],[25.491,36.4193],[25.4961,36.4151],[25.4968,36.4141],[25.4964,36.4118],[25.4984,36.4116],[25.4989,36.4109],[25.4988,36.4099],[25.4966,36.4078],[25.4967,36.4068],[25.4979,36.4057],[25.498,36.4036],[25.4964,36.4005],[25.4966,36.3995],[25.4944,36.3922],[25.4944,36.3911],[25.4964,36.389],[25.4975,36.3849],[25.4972,36.3755],[25.4948,36.3703],[25.4921,36.3589],[25.4909,36.3557],[25.4849,36.3487],[25.4804,36.3474],[25.4795,36.3464],[25.4784,36.3432],[25.4766,36.3416],[25.4744,36.3411],[25.4714,36.3381],[25.4711,36.337],[25.4693,36.335],[25.4672,36.3338],[25.4651,36.3339],[25.465,36.3318],[25.4599,36.3267],[25.4588,36.3266],[25.4587,36.3255],[25.4578,36.3246],[25.4568,36.3246],[25.4557,36.3237],[25.4536,36.3235],[25.4516,36.3207],[25.4474,36.3188],[25.4457,36.3172],[25.4453,36.3158]],[[25.7995,36.2963],[25.7984,36.2973],[25.7953,36.2974],[25.7932,36.2987],[25.7911,36.2986],[25.7859,36.3014],[25.7858,36.3026],[25.7849,36.3027],[25.7839,36.3036],[25.7844,36.3047],[25.7812,36.3068],[25.781,36.3078],[25.7796,36.3089],[25.7792,36.3099],[25.7764,36.313],[25.777,36.3151],[25.7784,36.3161],[25.7776,36.3177],[25.7766,36.3179],[25.7753,36.3193],[25.7766,36.3189],[25.777,36.3214],[25.7766,36.3217],[25.7734,36.3221],[25.7724,36.3226],[25.7703,36.3222],[25.7641,36.3237],[25.7599,36.3255],[25.7411,36.3294],[25.7359,36.3313],[25.7339,36.333],[25.7328,36.3331],[25.7318,36.3344],[25.7174,36.3411],[25.713,36.3458],[25.712,36.3458],[25.7108,36.3474],[25.7102,36.3495],[25.7084,36.3516],[25.7074,36.3536],[25.7079,36.3557],[25.7073,36.3578],[25.7099,36.3609],[25.713,36.3634],[25.7162,36.3693],[25.7234,36.3748],[25.7286,36.3809],[25.7328,36.3841],[25.7432,36.389],[25.7453,36.3953],[25.7475,36.3974],[25.7557,36.4023],[25.7568,36.4025],[25.7584,36.4047],[25.7598,36.4089],[25.7609,36.4099],[25.763,36.4098],[25.7651,36.4089],[25.7682,36.4087],[25.7703,36.4077],[25.7724,36.4056],[25.7734,36.4053],[25.7766,36.4049],[25.7776,36.4053],[25.7786,36.4041],[25.7797,36.404],[25.7807,36.4022],[25.7818,36.4034],[25.7828,36.402],[25.7839,36.4028],[25.7842,36.4016],[25.7859,36.4],[25.787,36.4002],[25.7891,36.3998],[25.7901,36.3985],[25.7911,36.3984],[25.7953,36.4],[25.7964,36.3984],[25.7984,36.3982],[25.7995,36.3996],[25.8016,36.3999],[25.8057,36.3996],[25.8082,36.3984],[25.8109,36.3964],[25.8141,36.3928],[25.8172,36.3904],[25.8306,36.3818],[25.8325,36.3786],[25.8358,36.3714],[25.838,36.3711],[25.8401,36.3692],[25.8422,36.3688],[25.8432,36.3692],[25.8483,36.3651],[25.8495,36.3653],[25.8505,36.3643],[25.8516,36.3642],[25.8526,36.365],[25.8568,36.3654],[25.8609,36.3643],[25.8638,36.362],[25.8663,36.3578],[25.8674,36.3526],[25.8661,36.3479],[25.862,36.3433],[25.8557,36.3395],[25.8495,36.3369],[25.8411,36.3348],[25.8339,36.3343],[25.8307,36.3347],[25.8286,36.3345],[25.8276,36.3346],[25.8266,36.3361],[25.8255,36.3365],[25.8245,36.3359],[25.8224,36.3358],[25.816,36.3328],[25.8099,36.3283],[25.8095,36.3276],[25.8114,36.3266],[25.8113,36.3255],[25.8136,36.3234],[25.8139,36.3214],[25.8145,36.3203],[25.8136,36.3141],[25.8139,36.312],[25.8133,36.3109],[25.8141,36.3099],[25.8137,36.3057],[25.813,36.3042],[25.8117,36.3036],[25.8112,36.3026],[25.812,36.3021],[25.813,36.3033],[25.8134,36.3026],[25.812,36.3012],[25.8107,36.3026],[25.8099,36.3027],[25.8093,36.3016],[25.8078,36.3011],[25.8068,36.2991],[25.8047,36.3],[25.8016,36.2989],[25.7999,36.2974]],[[25.8943,36.2629],[25.8922,36.2622],[25.887,36.2623],[25.8797,36.2633],[25.8755,36.2654],[25.8734,36.2658],[25.8724,36.2651],[25.8732,36.2661],[25.8724,36.267],[25.8714,36.2672],[25.8727,36.2693],[25.8701,36.2724],[25.8706,36.2745],[25.8724,36.2763],[25.8745,36.2777],[25.8786,36.2789],[25.8828,36.2793],[25.8891,36.2791],[25.8964,36.2801],[25.9047,36.2825],[25.9068,36.2823],[25.9093,36.2797],[25.9092,36.2776],[25.9062,36.2734],[25.9047,36.2724],[25.9049,36.2714],[25.9036,36.2703],[25.9033,36.2693],[25.9013,36.2672],[25.8984,36.2645],[25.8974,36.2646],[25.8964,36.2634]],[[25.8349,36.2609],[25.8328,36.2607],[25.8245,36.2622],[25.8221,36.2641],[25.8201,36.2672],[25.8183,36.2682],[25.8175,36.2693],[25.8167,36.2724],[25.8148,36.2755],[25.8154,36.2766],[25.8154,36.2786],[25.8168,36.2839],[25.8161,36.2843],[25.8151,36.2839],[25.8161,36.2854],[25.8172,36.2842],[25.8181,36.2849],[25.8175,36.2859],[25.8214,36.2889],[25.8224,36.2886],[25.8234,36.2891],[25.8266,36.2882],[25.8276,36.2889],[25.8286,36.2886],[25.8297,36.2876],[25.8339,36.2871],[25.8391,36.2857],[25.8401,36.2848],[25.8411,36.285],[25.8429,36.2839],[25.8466,36.2797],[25.8491,36.2724],[25.8506,36.2714],[25.8489,36.2703],[25.8474,36.2684],[25.8401,36.2651],[25.8359,36.2613]],[[25.213,36.2297],[25.212,36.2293],[25.2078,36.2296],[25.2045,36.2328],[25.2004,36.238],[25.1974,36.2398],[25.1953,36.2402],[25.1932,36.2416],[25.1921,36.2432],[25.1924,36.2474],[25.1932,36.2507],[25.1974,36.2589],[25.1995,36.2608],[25.2036,36.2625],[25.2047,36.2624],[25.2078,36.2589],[25.2086,36.2557],[25.2124,36.2516],[25.2136,36.2495],[25.2145,36.2422],[25.218,36.238],[25.2207,36.2339],[25.2208,36.2318],[25.2193,36.2309],[25.2161,36.2299]],[[25.2297,36.2193],[25.2286,36.2193],[25.2276,36.2203],[25.2276,36.2214],[25.2286,36.2224],[25.2297,36.2224],[25.2307,36.2214],[25.2307,36.2203]]]}},{"type":"Feature","properties":{"depth":75,"kind":"band"},"geometry":{"type":"MultiPolygon","coordinates":[[[[25.6479,36.9995],[25.6474,37],[25.647,36.9995],[25.6474,36.9991],[25.6479,36.9995]]],[[[25.0011,36.9974],[25.0021,36.9995],[25.0016,37],[25.0005,37],[25,36.9995],[25,36.9974],[25.0005,36.9967],[25.0011,36.9974]]],[[[25.6194,36.9776],[25.619,36.9776],[25.6193,36.9772],[25.6194,36.9776]]],[[[25.6489,36.9745],[25.6482,36.9745],[25.6484,36.9741],[25.6489,36.9745]]],[[[25.6197,36.9724],[25.6193,36.9729],[25.6189,36.9724],[25.6193,36.972],[25.6197,36.9724]]],[[[25.6218,36.9724],[25.624,36.9745],[25.6241,36.9755],[25.6236,36.9766],[25.6214,36.9768],[25.6193,36.976],[25.6182,36.977],[25.6172,36.9768],[25.6167,36.9776],[25.6174,36.9786],[25.6172,36.9794],[25.6161,36.9795],[25.6167,36.9807],[25.6153,36.9818],[25.6146,36.9859],[25.6153,36.988],[25.6158,36.9932],[25.6209,36.9984],[25.6213,36.9995],[25.6203,37],[25.5911,37],[25.5896,36.9911],[25.5859,36.9835],[25.5852,36.9807],[25.5855,36.9766],[25.5866,36.9745],[25.5901,36.9732],[25.5953,36.9733],[25.6057,36.9726],[25.6109,36.9736],[25.6151,36.9738],[25.6161,36.9731],[25.6172,36.9742],[25.6182,36.9731],[25.6203,36.975],[25.6211,36.9745],[25.62,36.9734],[25.6214,36.9721],[25.6218,36.9724]]],[[[25.6207,36.9714],[25.6203,36.9717],[25.62,36.9714],[25.6203,36.971],[25.6207,36.9714]]],[[[25.6236,36.9714],[25.6231,36.9714],[25.6234,36.9708],[25.6236,36.9714]]],[[[25.6218,36.9703],[25.6214,36.9707],[25.621,36.9703],[25.6214,36.9696],[25.6218,36.9703]]],[[[25.636,36.9693],[25.6373,36.9703],[25.6359,36.9707],[25.636,36.9693]]],[[[25.6351,36.9682],[25.6349,36.9686],[25.6342,36.9682],[25.6351,36.9682]]],[[[25.2061,36.9547],[25.2047,36.9561],[25.2035,36.9547],[25.2036,36.9541],[25.2047,36.9547],[25.2057,36.954],[25.2061,36.9547]]],[[[25.333,36.937],[25.3326,36.937],[25.3328,36.9366],[25.333,36.937]]],[[[25.334,36.9339],[25.3339,36.9352],[25.3337,36.9339],[25.334,36.9339]]],[[[25.6429,36.9276],[25.6419,36.9276],[25.6422,36.927],[25.6429,36.9276]]],[[[25.2789,36.9245],[25.2785,36.9245],[25.2786,36.924],[25.2789,36.9245]]],[[[25.3406,36.9245],[25.3401,36.9253],[25.3397,36.9245],[25.3401,36.924],[25.3406,36.9245]]],[[[25.4029,36.8964],[25.4036,36.8977],[25.4016,36.8991],[25.4008,36.8974],[25.4026,36.8957],[25.4029,36.8964]]],[[[25.4724,36.8932],[25.4745,36.8944],[25.4755,36.8934],[25.4796,36.8964],[25.4751,36.8984],[25.4744,36.8995],[25.4734,36.8999],[25.4682,36.9005],[25.4649,36.8995],[25.4627,36.8953],[25.4632,36.8943],[25.4651,36.8935],[25.4682,36.8932],[25.4693,36.8926],[25.4724,36.8932]]],[[[25.4934,36.8932],[25.4964,36.8949],[25.4974,36.8963],[25.4995,36.8975],[25.5066,36.8984],[25.5055,36.8995],[25.5046,36.9016],[25.5026,36.9032],[25.4922,36.9048],[25.487,36.9034],[25.4848,36.9016],[25.4843,36.9005],[25.4845,36.8953],[25.4891,36.8945],[25.4911,36.8924],[25.4922,36.8924],[25.4934,36.8932]]],[[[25.4738,36.8922],[25.4734,36.893],[25.4724,36.8931],[25.4724,36.8921],[25.4738,36.8922]]],[[[25.6927,36.8672],[25.6934,36.8682],[25.6932,36.869],[25.692,36.8682],[25.6913,36.8672],[25.6922,36.8666],[25.6927,36.8672]]],[[[25.6948,36.8672],[25.6943,36.8676],[25.6938,36.8672],[25.6948,36.8672]]],[[[25.6414,36.8578],[25.6411,36.8584],[25.6401,36.8578],[25.6411,36.857],[25.6414,36.8578]]],[[[25.3945,36.8474],[25.3943,36.8482],[25.3932,36.8474],[25.3943,36.8468],[25.3945,36.8474]]],[[[25.508,36.8411],[25.5069,36.8411],[25.5078,36.8405],[25.508,36.8411]]],[[[25.3859,36.8266],[25.3849,36.8269],[25.3844,36.8266],[25.3859,36.8266]]],[[[25.1941,36.7286],[25.1932,36.7297],[25.1925,36.7286],[25.1932,36.7282],[25.1941,36.7286]]],[[[25.4186,36.7255],[25.4179,36.7255],[25.4182,36.7252],[25.4186,36.7255]]],[[[25.4208,36.7214],[25.4206,36.7224],[25.42,36.7224],[25.4199,36.7214],[25.4203,36.721],[25.4208,36.7214]]],[[[25.2239,36.712],[25.2234,36.7124],[25.2229,36.712],[25.2234,36.7112],[25.2239,36.712]]],[[[25.0008,36.6172],[25.0005,36.6178],[25,36.6172],[25.0005,36.6164],[25.0008,36.6172]]],[[[25.7061,36.3641],[25.7057,36.3648],[25.705,36.3641],[25.7057,36.3637],[25.7061,36.3641]]],[[[25.7048,36.363],[25.7047,36.3635],[25.7036,36.363],[25.7048,36.363]]],[[[25.707,36.363],[25.7068,36.3634],[25.7064,36.363],[25.707,36.363]]],[[[25.4991,36.362],[25.4984,36.3623],[25.4983,36.362],[25.4991,36.362]]],[[[25.7019,36.3505],[25.7016,36.351],[25.7007,36.3505],[25.7016,36.3502],[25.7019,36.3505]]],[[[25.6977,36.3484],[25.6985,36.3495],[25.6973,36.3495],[25.6971,36.3484],[25.6974,36.3481],[25.6977,36.3484]]],[[[25.7049,36.3401],[25.7036,36.3413],[25.7029,36.3401],[25.7036,36.3396],[25.7047,36.3396],[25.7049,36.3401]]],[[[25.7121,36.3349],[25.7109,36.3367],[25.7101,36.3359],[25.7109,36.3344],[25.7121,36.3349]]],[[[25.7109,36.3328],[25.7108,36.3339],[25.7099,36.3343],[25.7093,36.3328],[25.7099,36.3319],[25.7109,36.3328]]],[[[25.7152,36.3328],[25.7148,36.3328],[25.7151,36.3319],[25.7152,36.3328]]],[[[25.7123,36.3318],[25.7111,36.3318],[25.712,36.3313],[25.7123,36.3318]]],[[[26,36.0005],[26,36.8849],[25.9981,36.8849],[25.9953,36.8832],[25.9932,36.8831],[25.9929,36.8818],[25.9911,36.8797],[25.988,36.8797],[25.987,36.8804],[25.9859,36.8804],[25.9859,36.8797],[25.9849,36.8786],[25.9839,36.8789],[25.9828,36.8778],[25.9814,36.8776],[25.9807,36.8768],[25.9797,36.8766],[25.9786,36.875],[25.9745,36.8719],[25.9724,36.8693],[25.9714,36.8694],[25.9674,36.8672],[25.9661,36.867],[25.9661,36.8661],[25.9651,36.8651],[25.9641,36.8654],[25.963,36.8641],[25.9616,36.8641],[25.9599,36.8623],[25.9589,36.8622],[25.9589,36.8609],[25.9557,36.8578],[25.9536,36.8573],[25.9526,36.856],[25.9503,36.8557],[25.9484,36.8538],[25.9453,36.8538],[25.9443,36.8526],[25.9427,36.8526],[25.9422,36.8518],[25.9388,36.8505],[25.9357,36.8474],[25.9318,36.8419],[25.9266,36.8365],[25.9203,36.8338],[25.9193,36.8331],[25.9193,36.8318],[25.9182,36.8307],[25.9172,36.8307],[25.9161,36.8315],[25.9115,36.8276],[25.9111,36.8266],[25.9111,36.8224],[25.9122,36.8193],[25.9138,36.8172],[25.913,36.8167],[25.913,36.8161],[25.912,36.8151],[25.9089,36.8143],[25.9078,36.8135],[25.9046,36.8089],[25.9016,36.8078],[25.9005,36.8067],[25.8974,36.8058],[25.8964,36.8061],[25.8944,36.8047],[25.8932,36.8047],[25.8922,36.8039],[25.8898,36.8005],[25.8875,36.7953],[25.886,36.7932],[25.8828,36.791],[25.8801,36.7901],[25.8786,36.7891],[25.8791,36.787],[25.8776,36.7859],[25.8766,36.7858],[25.8734,36.7828],[25.872,36.7828],[25.8703,36.7856],[25.8682,36.7857],[25.8661,36.7847],[25.8651,36.7835],[25.863,36.7826],[25.8557,36.7819],[25.8547,36.7808],[25.8495,36.7814],[25.8474,36.7807],[25.8453,36.7797],[25.8452,36.7786],[25.8422,36.7778],[25.8411,36.777],[25.837,36.7769],[25.8318,36.7752],[25.824,36.7745],[25.8193,36.7721],[25.813,36.7674],[25.8109,36.7668],[25.8089,36.7651],[25.8078,36.765],[25.8068,36.764],[25.8047,36.7631],[25.7984,36.7629],[25.7943,36.7635],[25.7932,36.763],[25.7901,36.7631],[25.7891,36.7625],[25.788,36.763],[25.7859,36.7627],[25.7724,36.7634],[25.7692,36.7641],[25.763,36.767],[25.7578,36.7677],[25.7536,36.7693],[25.7484,36.773],[25.7447,36.7766],[25.7384,36.7839],[25.7355,36.7859],[25.7322,36.7901],[25.731,36.7922],[25.7307,36.7953],[25.7318,36.7964],[25.7301,36.7974],[25.7294,36.7984],[25.729,36.8005],[25.7299,36.8026],[25.7298,36.8036],[25.7282,36.8078],[25.7294,36.8099],[25.7287,36.8109],[25.7293,36.8141],[25.7286,36.8151],[25.7294,36.8172],[25.7307,36.8175],[25.734,36.8214],[25.737,36.8231],[25.7373,36.8234],[25.7362,36.8245],[25.738,36.8251],[25.7411,36.8272],[25.7443,36.8281],[25.7474,36.8278],[25.7589,36.825],[25.762,36.8254],[25.7627,36.8245],[25.7622,36.8234],[25.763,36.8215],[25.7651,36.8225],[25.7661,36.8203],[25.7672,36.8202],[25.7724,36.8206],[25.7734,36.8221],[25.7745,36.8222],[25.7767,36.8245],[25.7818,36.8264],[25.7922,36.8319],[25.7964,36.8318],[25.7984,36.8306],[25.8089,36.8273],[25.8109,36.8276],[25.8151,36.8266],[25.8245,36.8261],[25.8253,36.8266],[25.8265,36.8286],[25.826,36.8297],[25.8265,36.8307],[25.8265,36.8349],[25.827,36.8359],[25.8256,36.837],[25.8268,36.8391],[25.8297,36.8474],[25.8331,36.8526],[25.8373,36.8568],[25.8401,36.8588],[25.8464,36.8606],[25.8484,36.8607],[25.8526,36.8627],[25.8536,36.8639],[25.8557,36.8641],[25.8589,36.8658],[25.8672,36.8679],[25.8682,36.8688],[25.8693,36.8685],[25.8703,36.8693],[25.8714,36.8692],[25.8796,36.8734],[25.8801,36.8745],[25.8799,36.8766],[25.8786,36.8786],[25.8786,36.8797],[25.8774,36.8807],[25.8777,36.8828],[25.8769,36.8839],[25.8764,36.8891],[25.8774,36.8922],[25.8786,36.8932],[25.8828,36.8947],[25.8839,36.8955],[25.8922,36.8961],[25.8974,36.8974],[25.9068,36.8989],[25.9089,36.8981],[25.9109,36.8984],[25.9161,36.8978],[25.9214,36.8966],[25.9234,36.8952],[25.9266,36.8946],[25.927,36.8932],[25.9276,36.8925],[25.9288,36.8922],[25.9285,36.8911],[25.9299,36.8901],[25.9313,36.888],[25.9349,36.8855],[25.938,36.8861],[25.9384,36.887],[25.9401,36.8877],[25.9422,36.8874],[25.9436,36.888],[25.9509,36.8984],[25.9512,36.8995],[25.9507,36.9026],[25.9484,36.9076],[25.9477,36.9109],[25.9484,36.9144],[25.9536,36.9214],[25.9609,36.9272],[25.9619,36.9286],[25.9651,36.9314],[25.9703,36.9342],[25.9755,36.9356],[25.9828,36.9362],[25.9839,36.9358],[25.988,36.9359],[25.9911,36.9383],[25.9922,36.938],[25.9943,36.9399],[25.9957,36.9401],[25.9965,36.9411],[26,36.9422],[26,36.9995],[25.9995,37],[25.6495,37],[25.649,36.9995],[25.6493,36.9984],[25.6526,36.9948],[25.654,36.9911],[25.6545,36.9849],[25.6535,36.9807],[25.6517,36.9776],[25.6493,36.9755],[25.6499,36.9745],[25.6487,36.9724],[25.6474,36.9727],[25.6464,36.9703],[25.6451,36.9703],[25.6445,36.9693],[25.6432,36.9687],[25.642,36.9693],[25.6411,36.9708],[25.6387,36.9693],[25.638,36.9679],[25.6357,36.9672],[25.637,36.9671],[25.638,36.9651],[25.6401,36.9656],[25.6411,36.9653],[25.6424,36.9661],[25.6396,36.962],[25.6411,36.9599],[25.6411,36.9589],[25.643,36.9547],[25.6427,36.9536],[25.6441,36.9505],[25.645,36.9464],[25.6456,36.938],[25.6456,36.9339],[25.6451,36.9328],[25.6457,36.9318],[25.6443,36.93],[25.6433,36.9297],[25.6441,36.9286],[25.6436,36.9276],[25.6443,36.9273],[25.6464,36.9291],[25.6481,36.9286],[25.6489,36.9276],[25.6568,36.9259],[25.6634,36.9203],[25.6661,36.9194],[25.6807,36.9109],[25.6848,36.9068],[25.6867,36.9005],[25.6896,36.8984],[25.6922,36.8931],[25.6943,36.8911],[25.6974,36.8873],[25.6998,36.8818],[25.7005,36.8745],[25.7,36.8724],[25.6976,36.8682],[25.697,36.863],[25.6984,36.8591],[25.7005,36.8574],[25.7006,36.8568],[25.6991,36.8516],[25.6988,36.8484],[25.6995,36.8443],[25.6974,36.8409],[25.6964,36.8401],[25.6961,36.8391],[25.6901,36.8343],[25.688,36.8337],[25.6849,36.8339],[25.6818,36.8334],[25.6766,36.8294],[25.6745,36.8285],[25.6734,36.8288],[25.6724,36.8283],[25.6651,36.8294],[25.662,36.8311],[25.6604,36.8328],[25.6599,36.8341],[25.6568,36.8364],[25.6505,36.838],[25.6472,36.8401],[25.6468,36.8411],[25.6457,36.8443],[25.6462,36.8453],[25.6452,36.8464],[25.6468,36.8505],[25.6484,36.8521],[25.6516,36.8528],[25.6557,36.855],[25.6589,36.8561],[25.6672,36.8568],[25.6682,36.8563],[25.6714,36.8568],[25.6797,36.8568],[25.6818,36.8573],[25.6839,36.8584],[25.6859,36.8618],[25.6855,36.863],[25.6866,36.8641],[25.6864,36.8661],[25.6859,36.8663],[25.6849,36.8657],[25.6839,36.8662],[25.6828,36.8649],[25.6818,36.8645],[25.6766,36.8655],[25.6714,36.8649],[25.6703,36.8653],[25.663,36.864],[25.6557,36.8639],[25.6495,36.8626],[25.6453,36.8612],[25.6433,36.8599],[25.6439,36.8589],[25.6411,36.8566],[25.6401,36.8578],[25.6328,36.8541],[25.6318,36.8548],[25.6307,36.8547],[25.6286,36.8535],[25.6234,36.8525],[25.6193,36.8541],[25.6182,36.8552],[25.6161,36.856],[25.6109,36.8596],[25.6099,36.8588],[25.609,36.8609],[25.6065,36.863],[25.6047,36.8642],[25.6036,36.8642],[25.6026,36.8651],[25.6005,36.8657],[25.5984,36.8677],[25.5974,36.8669],[25.5953,36.8677],[25.5932,36.8696],[25.5911,36.8707],[25.5901,36.8727],[25.5891,36.8711],[25.587,36.8735],[25.5859,36.8718],[25.5842,36.8714],[25.5839,36.8705],[25.5822,36.8693],[25.5797,36.869],[25.5762,36.8661],[25.5731,36.8651],[25.5728,36.8641],[25.5703,36.8609],[25.5696,36.8589],[25.5704,36.8578],[25.5693,36.8584],[25.5683,36.8578],[25.5683,36.8547],[25.5671,36.8536],[25.5676,36.8526],[25.5662,36.8505],[25.5627,36.8484],[25.562,36.8474],[25.5609,36.8478],[25.5599,36.8467],[25.5526,36.8443],[25.5422,36.8384],[25.5401,36.8377],[25.5376,36.8349],[25.5357,36.8318],[25.5325,36.8286],[25.5307,36.8285],[25.5297,36.8278],[25.5255,36.8279],[25.5214,36.8272],[25.5203,36.8276],[25.5172,36.829],[25.5161,36.8307],[25.5094,36.837],[25.5068,36.8411],[25.5047,36.8396],[25.5026,36.8405],[25.5005,36.8398],[25.4995,36.839],[25.4984,36.8392],[25.4961,36.838],[25.4948,36.8359],[25.4954,36.8349],[25.4949,36.8318],[25.4891,36.8234],[25.4877,36.8224],[25.4881,36.8214],[25.487,36.8216],[25.4828,36.8184],[25.4785,36.8141],[25.4745,36.8129],[25.4734,36.8132],[25.4724,36.8143],[25.4703,36.8129],[25.4672,36.8127],[25.463,36.8101],[25.462,36.8103],[25.4611,36.8099],[25.4589,36.8087],[25.4578,36.8073],[25.4557,36.8067],[25.4547,36.8053],[25.4536,36.8056],[25.4516,36.8044],[25.4505,36.8054],[25.4484,36.8044],[25.4443,36.8042],[25.4432,36.8032],[25.4422,36.8029],[25.4407,36.8036],[25.4391,36.8056],[25.438,36.8053],[25.4359,36.8059],[25.4276,36.809],[25.4242,36.812],[25.4224,36.813],[25.4214,36.8128],[25.4198,36.8151],[25.4161,36.8163],[25.413,36.8184],[25.412,36.8196],[25.4096,36.8203],[25.4068,36.823],[25.4058,36.8224],[25.4057,36.8203],[25.405,36.8193],[25.4036,36.818],[25.4026,36.8181],[25.4011,36.8172],[25.4016,36.8161],[25.4005,36.8165],[25.3995,36.816],[25.3974,36.8138],[25.3953,36.8146],[25.3943,36.8144],[25.3935,36.8161],[25.3937,36.8172],[25.3922,36.8173],[25.3901,36.8203],[25.388,36.8201],[25.3879,36.8214],[25.3859,36.8229],[25.3849,36.8224],[25.3854,36.8245],[25.3849,36.8248],[25.3836,36.8245],[25.3843,36.8255],[25.3835,36.8266],[25.3849,36.8287],[25.3836,36.8297],[25.3828,36.8318],[25.3839,36.8325],[25.385,36.8349],[25.3842,36.8359],[25.3849,36.8391],[25.387,36.8401],[25.3901,36.8406],[25.3911,36.842],[25.3924,36.8422],[25.3922,36.8434],[25.3911,36.8427],[25.391,36.8432],[25.3934,36.8464],[25.3932,36.8474],[25.3922,36.8478],[25.3911,36.847],[25.3904,36.8474],[25.3922,36.8507],[25.3943,36.8522],[25.3984,36.8531],[25.3999,36.8526],[25.3984,36.852],[25.3971,36.8505],[25.3962,36.8484],[25.3962,36.8474],[25.3984,36.8489],[25.3995,36.848],[25.4005,36.8484],[25.4026,36.8503],[25.4047,36.8505],[25.4089,36.8541],[25.4109,36.8544],[25.4132,36.8557],[25.4248,36.8682],[25.4297,36.8722],[25.4307,36.8718],[25.4339,36.875],[25.4484,36.8786],[25.4505,36.8797],[25.453,36.8828],[25.453,36.8839],[25.4523,36.8849],[25.4541,36.888],[25.4526,36.889],[25.4515,36.8891],[25.4522,36.8911],[25.4526,36.8918],[25.456,36.8932],[25.4566,36.8943],[25.4557,36.8968],[25.4547,36.8978],[25.4526,36.8974],[25.4495,36.8955],[25.4474,36.8974],[25.4464,36.8977],[25.4432,36.8979],[25.4411,36.8971],[25.4389,36.8984],[25.438,36.9],[25.4359,36.8991],[25.4349,36.9001],[25.434,36.8953],[25.4316,36.8932],[25.4313,36.8911],[25.4297,36.8891],[25.4276,36.8882],[25.4262,36.887],[25.4255,36.8851],[25.4245,36.8849],[25.4255,36.8839],[25.4239,36.8828],[25.4242,36.8818],[25.4214,36.88],[25.4193,36.8778],[25.4172,36.877],[25.4162,36.8797],[25.4141,36.8809],[25.4135,36.8818],[25.414,36.8828],[25.4136,36.8839],[25.4123,36.8849],[25.4127,36.8859],[25.4125,36.888],[25.4149,36.8891],[25.4141,36.8903],[25.412,36.8914],[25.4109,36.8915],[25.4099,36.8909],[25.4078,36.8934],[25.4068,36.8928],[25.4063,36.8943],[25.4047,36.8953],[25.4036,36.8957],[25.4026,36.8952],[25.4005,36.8955],[25.3974,36.8984],[25.3958,36.8984],[25.3964,36.8996],[25.3953,36.8998],[25.3943,36.8991],[25.3932,36.8999],[25.3922,36.8991],[25.3911,36.899],[25.3901,36.8996],[25.3891,36.8991],[25.3883,36.8995],[25.388,36.9005],[25.3885,36.9016],[25.388,36.9027],[25.3849,36.9031],[25.3839,36.9026],[25.3844,36.9036],[25.3818,36.904],[25.3807,36.9049],[25.3786,36.9042],[25.3745,36.9042],[25.3724,36.9056],[25.3669,36.9151],[25.3651,36.9174],[25.3641,36.9175],[25.364,36.9214],[25.3634,36.9224],[25.362,36.9231],[25.3609,36.9228],[25.3557,36.9266],[25.353,36.9276],[25.3495,36.928],[25.3483,36.9266],[25.3474,36.9262],[25.3459,36.9266],[25.3453,36.9301],[25.3449,36.9297],[25.3453,36.9286],[25.345,36.9255],[25.3435,36.9245],[25.3431,36.9234],[25.3391,36.9225],[25.338,36.9234],[25.337,36.9257],[25.336,36.9234],[25.3377,36.9224],[25.337,36.9207],[25.3318,36.9188],[25.3286,36.9166],[25.3245,36.9162],[25.3234,36.9175],[25.3214,36.9183],[25.3203,36.9178],[25.3161,36.9204],[25.3109,36.9217],[25.3099,36.9212],[25.3057,36.9222],[25.3047,36.923],[25.3022,36.9234],[25.3016,36.9243],[25.2995,36.924],[25.2984,36.9245],[25.2953,36.9237],[25.2849,36.9248],[25.2797,36.9222],[25.2776,36.9238],[25.2766,36.9235],[25.2758,36.9245],[25.2766,36.9258],[25.2745,36.9253],[25.2703,36.9276],[25.2682,36.9277],[25.2672,36.9262],[25.2651,36.9269],[25.2641,36.9261],[25.2621,36.9255],[25.263,36.9253],[25.2635,36.9245],[25.261,36.9224],[25.2606,36.9214],[25.2611,36.9203],[25.2599,36.9196],[25.2589,36.917],[25.2562,36.9141],[25.2554,36.912],[25.2526,36.9086],[25.2516,36.9082],[25.2505,36.9085],[25.2464,36.9071],[25.2453,36.9077],[25.2444,36.9068],[25.2422,36.9063],[25.2411,36.9089],[25.2411,36.912],[25.2391,36.9141],[25.2404,36.9161],[25.2401,36.9172],[25.2391,36.9182],[25.2391,36.9193],[25.238,36.9203],[25.238,36.9214],[25.237,36.9214],[25.2359,36.9224],[25.2349,36.9234],[25.2349,36.9245],[25.2328,36.9266],[25.2318,36.9266],[25.2307,36.9276],[25.2297,36.9266],[25.2276,36.9271],[25.2245,36.9307],[25.2245,36.9328],[25.2238,36.9339],[25.2203,36.9365],[25.2193,36.9364],[25.2185,36.937],[25.2182,36.9382],[25.2105,36.9432],[25.2068,36.9474],[25.2068,36.9484],[25.2057,36.9495],[25.2068,36.9505],[25.2047,36.951],[25.2036,36.9533],[25.2026,36.9528],[25.2005,36.9532],[25.1984,36.9514],[25.1964,36.9517],[25.1932,36.9509],[25.1911,36.9524],[25.188,36.9512],[25.1859,36.9517],[25.1839,36.951],[25.1818,36.9526],[25.1807,36.952],[25.1797,36.9525],[25.1776,36.9528],[25.1766,36.9524],[25.1714,36.9539],[25.1709,36.9547],[25.1703,36.9549],[25.1698,36.9547],[25.1697,36.9526],[25.1693,36.9523],[25.1682,36.954],[25.1672,36.9528],[25.1668,36.9536],[25.168,36.9557],[25.1661,36.9572],[25.1633,36.9578],[25.1641,36.9589],[25.1641,36.9599],[25.162,36.9605],[25.1609,36.9597],[25.1589,36.9593],[25.1568,36.9601],[25.1547,36.9595],[25.1536,36.9599],[25.1516,36.9617],[25.1505,36.9633],[25.1484,36.9627],[25.1464,36.9628],[25.1443,36.9633],[25.1422,36.9645],[25.1418,36.9641],[25.1425,36.963],[25.1422,36.9603],[25.1339,36.9585],[25.1333,36.9568],[25.1318,36.9543],[25.1286,36.9536],[25.1245,36.9518],[25.1193,36.9505],[25.1161,36.952],[25.1141,36.9507],[25.1089,36.9495],[25.1057,36.9495],[25.1036,36.9489],[25.1026,36.9492],[25.0943,36.9469],[25.0911,36.9473],[25.0901,36.9458],[25.0891,36.9465],[25.0849,36.9464],[25.0849,36.9474],[25.0856,36.9484],[25.0849,36.9495],[25.0845,36.9443],[25.0854,36.9422],[25.0848,36.9411],[25.0849,36.9401],[25.0839,36.9391],[25.083,36.937],[25.0818,36.9356],[25.0797,36.9351],[25.0776,36.9339],[25.0766,36.9342],[25.0751,36.9328],[25.0748,36.9318],[25.0703,36.929],[25.0693,36.9288],[25.062,36.9289],[25.0599,36.93],[25.0557,36.9308],[25.0536,36.9307],[25.0526,36.9314],[25.0495,36.9318],[25.0484,36.933],[25.0453,36.9345],[25.0411,36.9354],[25.0401,36.9367],[25.037,36.9364],[25.0349,36.9377],[25.0318,36.9373],[25.0286,36.9388],[25.0266,36.9379],[25.0255,36.9383],[25.0245,36.9375],[25.0234,36.9381],[25.0203,36.9376],[25.0193,36.9386],[25.0172,36.9379],[25.0161,36.9386],[25.012,36.9386],[25.0005,36.9379],[25,36.937],[25,36.6307],[25.0005,36.6301],[25.0013,36.6307],[25.002,36.6328],[25.0036,36.6353],[25.0068,36.6376],[25.0078,36.6368],[25.0089,36.6375],[25.0109,36.6377],[25.013,36.6385],[25.014,36.6401],[25.0151,36.6396],[25.0172,36.6412],[25.0182,36.6411],[25.0203,36.642],[25.0214,36.6418],[25.0224,36.6422],[25.0245,36.6421],[25.0318,36.6384],[25.0351,36.6359],[25.0359,36.6323],[25.037,36.6327],[25.0374,36.6339],[25.037,36.6366],[25.042,36.638],[25.0495,36.6448],[25.0505,36.6439],[25.0507,36.6453],[25.0516,36.6454],[25.0526,36.6467],[25.0546,36.6474],[25.0583,36.6505],[25.0593,36.6526],[25.0599,36.6578],[25.0609,36.658],[25.0629,36.6609],[25.0662,36.6672],[25.0658,36.6682],[25.0676,36.6693],[25.0703,36.6731],[25.0739,36.6766],[25.0749,36.6807],[25.0744,36.6828],[25.075,36.6859],[25.0763,36.6891],[25.0795,36.6922],[25.088,36.6986],[25.0932,36.7019],[25.0995,36.7046],[25.1068,36.7067],[25.1109,36.7091],[25.1151,36.7101],[25.1203,36.7134],[25.1307,36.7215],[25.1318,36.7213],[25.1328,36.7221],[25.137,36.7239],[25.1484,36.7262],[25.1547,36.7281],[25.1589,36.7282],[25.1641,36.7292],[25.1682,36.7306],[25.1703,36.7306],[25.1724,36.7299],[25.1786,36.7303],[25.1807,36.7297],[25.1859,36.731],[25.1901,36.7309],[25.1911,36.7303],[25.1922,36.7304],[25.1945,36.7286],[25.1962,36.7266],[25.1974,36.7224],[25.199,36.7203],[25.199,36.7182],[25.2002,36.7161],[25.2002,36.712],[25.2013,36.7099],[25.2012,36.7078],[25.2004,36.7057],[25.2009,36.7047],[25.2016,36.7044],[25.2026,36.7052],[25.203,36.7047],[25.2027,36.7036],[25.2037,36.7016],[25.2016,36.6964],[25.1995,36.695],[25.1978,36.6953],[25.1972,36.6943],[25.1955,36.6932],[25.1951,36.6911],[25.1922,36.6849],[25.186,36.6766],[25.1755,36.6703],[25.1712,36.6651],[25.1676,36.662],[25.1609,36.6588],[25.1547,36.6566],[25.1519,36.6547],[25.1422,36.644],[25.137,36.6418],[25.1359,36.6419],[25.1318,36.6405],[25.1266,36.6381],[25.1203,36.6375],[25.1161,36.6363],[25.112,36.6341],[25.1109,36.6328],[25.1078,36.6311],[25.1036,36.628],[25.0891,36.6211],[25.0849,36.6204],[25.0807,36.6185],[25.0793,36.6172],[25.0786,36.6153],[25.0755,36.6142],[25.0724,36.6137],[25.0661,36.6145],[25.0651,36.6152],[25.063,36.6146],[25.062,36.6156],[25.0599,36.614],[25.0599,36.6173],[25.0578,36.617],[25.0573,36.6182],[25.0557,36.6178],[25.0536,36.6181],[25.0538,36.6193],[25.0495,36.6212],[25.0482,36.6234],[25.0411,36.6288],[25.0391,36.6255],[25.037,36.6253],[25.0354,36.6266],[25.0347,36.6266],[25.0345,36.6255],[25.0328,36.6239],[25.0325,36.6224],[25.0307,36.6193],[25.0297,36.6193],[25.0286,36.6186],[25.0172,36.6173],[25.0161,36.6178],[25.0099,36.6179],[25.0047,36.619],[25.0015,36.6182],[25.0033,36.6161],[25.0016,36.6153],[25.0005,36.6158],[25,36.6151],[25,36.6141],[25.0007,36.613],[25,36.612],[25,36.6109],[25.0005,36.61],[25.0016,36.6119],[25.0017,36.6109],[25.0009,36.6099],[25.0005,36.6079],[25,36.6078],[25,36.0005],[25.0005,36],[25.9995,36],[26,36.0005]],[[25.263,36.9209],[25.2625,36.9214],[25.2641,36.9225],[25.263,36.9209]],[[25.2693,36.9089],[25.2689,36.9099],[25.2693,36.9109],[25.2696,36.9099],[25.2693,36.9089]],[[25.8516,36.7797],[25.8516,36.78],[25.852,36.7797],[25.8516,36.7797]],[[25.2214,36.7056],[25.221,36.7057],[25.2224,36.7073],[25.2233,36.7068],[25.2214,36.7056]],[[25.5589,36.6983],[25.5568,36.698],[25.5526,36.6992],[25.5464,36.7033],[25.5441,36.7057],[25.5438,36.7068],[25.5443,36.7089],[25.5474,36.7129],[25.5505,36.7137],[25.5568,36.7128],[25.562,36.711],[25.5642,36.7089],[25.5653,36.7057],[25.5644,36.7026],[25.562,36.6998],[25.5589,36.6983]],[[25.6891,36.614],[25.6849,36.6136],[25.6818,36.614],[25.6786,36.615],[25.6745,36.6173],[25.6724,36.6178],[25.6721,36.6182],[25.6725,36.6193],[25.6714,36.6193],[25.6704,36.6234],[25.6685,36.6255],[25.6672,36.6318],[25.6714,36.634],[25.6807,36.6349],[25.6849,36.6335],[25.6874,36.6339],[25.6901,36.6327],[25.6922,36.6307],[25.6932,36.6303],[25.6964,36.6272],[25.7,36.6224],[25.7002,36.6182],[25.6995,36.6167],[25.6987,36.6161],[25.6891,36.614]],[[25.6214,36.5962],[25.621,36.5964],[25.6214,36.5967],[25.6219,36.5964],[25.6214,36.5962]],[[25.6255,36.596],[25.6243,36.5964],[25.6245,36.5967],[25.6255,36.597],[25.6263,36.5964],[25.6255,36.596]],[[25.3016,36.5734],[25.2953,36.5727],[25.2932,36.5731],[25.291,36.5745],[25.2882,36.5776],[25.2846,36.5859],[25.2828,36.5943],[25.2829,36.5984],[25.2822,36.6036],[25.2829,36.6089],[25.2851,36.6141],[25.2942,36.6234],[25.3012,36.6328],[25.3034,36.637],[25.3043,36.6411],[25.304,36.6443],[25.3005,36.6545],[25.2982,36.6568],[25.2911,36.6578],[25.2892,36.6589],[25.2884,36.6599],[25.287,36.663],[25.2869,36.6651],[25.2891,36.6691],[25.2897,36.6724],[25.2891,36.674],[25.287,36.6766],[25.2797,36.6812],[25.2714,36.6832],[25.2661,36.6851],[25.2609,36.6882],[25.259,36.6901],[25.2554,36.6922],[25.2486,36.6943],[25.2476,36.6953],[25.2422,36.6976],[25.2349,36.6992],[25.2328,36.7008],[25.2318,36.7007],[25.2301,36.7036],[25.2281,36.7057],[25.2283,36.7068],[25.2269,36.7078],[25.227,36.7089],[25.2266,36.7092],[25.2255,36.7086],[25.2245,36.7074],[25.2218,36.7099],[25.223,36.7109],[25.2214,36.7113],[25.2209,36.712],[25.2216,36.7141],[25.2212,36.7161],[25.2217,36.7172],[25.2214,36.7182],[25.2203,36.7193],[25.2201,36.7203],[25.221,36.7255],[25.2216,36.7266],[25.2213,36.7318],[25.2235,36.7339],[25.223,36.7349],[25.2245,36.7368],[25.2241,36.7391],[25.2248,36.7401],[25.2253,36.7432],[25.2249,36.7443],[25.2266,36.7523],[25.2276,36.7522],[25.2273,36.7536],[25.2286,36.7545],[25.2288,36.7557],[25.2307,36.7568],[25.2324,36.7589],[25.2325,36.7599],[25.237,36.7634],[25.2402,36.7672],[25.2443,36.7758],[25.2474,36.7801],[25.2504,36.7828],[25.2524,36.7859],[25.2578,36.7978],[25.2641,36.803],[25.2682,36.8054],[25.2734,36.8071],[25.2901,36.8103],[25.2953,36.8122],[25.3016,36.8162],[25.3036,36.8169],[25.3161,36.8181],[25.3203,36.8176],[25.3234,36.8162],[25.3291,36.8109],[25.3318,36.8065],[25.337,36.8005],[25.348,36.7859],[25.3511,36.7797],[25.3541,36.7714],[25.3554,36.7703],[25.3589,36.7694],[25.3609,36.7698],[25.3661,36.7695],[25.3733,36.7672],[25.3745,36.7651],[25.3788,36.763],[25.3798,36.7609],[25.3828,36.7592],[25.3859,36.7558],[25.3887,36.7536],[25.3953,36.7515],[25.3964,36.752],[25.3995,36.7515],[25.4005,36.752],[25.4016,36.7507],[25.4026,36.7517],[25.4068,36.748],[25.4078,36.7489],[25.4099,36.7473],[25.412,36.7465],[25.4141,36.7443],[25.4161,36.7446],[25.4169,36.7443],[25.4169,36.7422],[25.4177,36.7411],[25.4194,36.7411],[25.4191,36.7391],[25.4203,36.7383],[25.422,36.7359],[25.4205,36.7349],[25.4214,36.7339],[25.4203,36.7345],[25.42,36.7328],[25.4204,36.7318],[25.4202,36.7297],[25.4208,36.7276],[25.4204,36.7266],[25.4208,36.7245],[25.4225,36.7214],[25.4211,36.7203],[25.4215,36.7172],[25.4205,36.7151],[25.421,36.712],[25.4207,36.7078],[25.4192,36.7036],[25.4172,36.7009],[25.4113,36.6953],[25.4091,36.6922],[25.4082,36.6901],[25.4073,36.6859],[25.4075,36.6828],[25.408,36.6818],[25.4077,36.6797],[25.4089,36.6771],[25.4081,36.6745],[25.4088,36.6724],[25.4081,36.6714],[25.4078,36.6693],[25.4084,36.6682],[25.4058,36.6578],[25.4038,36.6536],[25.4038,36.6526],[25.4008,36.6453],[25.3974,36.6426],[25.388,36.6403],[25.3818,36.6369],[25.3806,36.637],[25.3818,36.6374],[25.3819,36.638],[25.3807,36.6386],[25.3776,36.6382],[25.3766,36.6401],[25.3755,36.6399],[25.3724,36.6368],[25.3714,36.6373],[25.3705,36.6349],[25.3691,36.6328],[25.3641,36.6295],[25.3599,36.6283],[25.3588,36.6276],[25.3587,36.6266],[25.3557,36.623],[25.3495,36.6205],[25.3474,36.6188],[25.3427,36.613],[25.3401,36.6047],[25.339,36.6026],[25.3391,36.6016],[25.3376,36.5995],[25.3339,36.5971],[25.3318,36.5951],[25.3307,36.5955],[25.3268,36.5932],[25.3214,36.5889],[25.3194,36.5859],[25.3172,36.5853],[25.313,36.5819],[25.312,36.5815],[25.3057,36.5751],[25.3016,36.5734]],[[25.4724,36.5191],[25.4714,36.5191],[25.4714,36.52],[25.4724,36.5191]],[[25.4172,36.4119],[25.4151,36.4111],[25.4145,36.413],[25.4161,36.4133],[25.4175,36.413],[25.4172,36.4119]],[[25.7818,36.4066],[25.7812,36.4068],[25.7818,36.4071],[25.7818,36.4066]],[[25.3891,36.3919],[25.387,36.3911],[25.3807,36.3915],[25.3786,36.3937],[25.3766,36.3943],[25.3749,36.3964],[25.3724,36.3969],[25.3714,36.3984],[25.3739,36.4016],[25.3766,36.4033],[25.3786,36.4039],[25.3832,36.4036],[25.3837,36.4047],[25.385,36.4057],[25.3854,36.4089],[25.388,36.4148],[25.3901,36.4153],[25.3911,36.4161],[25.3922,36.4161],[25.3932,36.4151],[25.3932,36.4143],[25.3953,36.4133],[25.3995,36.4141],[25.4005,36.413],[25.4026,36.413],[25.4045,36.412],[25.4057,36.412],[25.4068,36.413],[25.4099,36.4116],[25.412,36.4099],[25.412,36.4068],[25.4109,36.4048],[25.4109,36.4026],[25.4099,36.4016],[25.4078,36.4016],[25.4078,36.3984],[25.4057,36.3953],[25.4043,36.3953],[25.4036,36.3949],[25.4028,36.3953],[25.3991,36.3953],[25.3974,36.3928],[25.3953,36.3932],[25.3943,36.3922],[25.3932,36.3932],[25.3922,36.393],[25.3911,36.3934],[25.39,36.3932],[25.3891,36.3919]],[[25.6964,36.3522],[25.6961,36.3526],[25.6984,36.3552],[25.6993,36.3547],[25.6964,36.3522]],[[25.7276,36.3186],[25.727,36.3193],[25.7276,36.3197],[25.7279,36.3193],[25.7276,36.3186]],[[25.438,36.2995],[25.4359,36.3005],[25.4328,36.2996],[25.4307,36.3006],[25.4276,36.2998],[25.4245,36.3011],[25.4234,36.2998],[25.4203,36.3],[25.4193,36.3011],[25.4182,36.3006],[25.4151,36.3045],[25.4146,36.3057],[25.4143,36.3089],[25.4156,36.3109],[25.414,36.313],[25.4151,36.3137],[25.4161,36.3136],[25.4162,36.3141],[25.4137,36.3193],[25.4126,36.3203],[25.4126,36.3245],[25.4113,36.3266],[25.4099,36.3276],[25.4071,36.3276],[25.4079,36.3297],[25.4077,36.3318],[25.407,36.3328],[25.4026,36.3327],[25.4016,36.3339],[25.4014,36.3359],[25.4005,36.3375],[25.3995,36.338],[25.3964,36.3377],[25.3943,36.3386],[25.3911,36.3385],[25.388,36.3373],[25.3807,36.3368],[25.3783,36.3391],[25.3703,36.3426],[25.3672,36.3447],[25.3651,36.3444],[25.362,36.3457],[25.3547,36.3468],[25.3526,36.3478],[25.3505,36.3497],[25.3432,36.3497],[25.3422,36.3504],[25.3411,36.3495],[25.3401,36.3496],[25.338,36.3504],[25.3377,36.3516],[25.338,36.3526],[25.3373,36.3536],[25.3359,36.354],[25.3334,36.3568],[25.3331,36.3578],[25.3318,36.359],[25.3293,36.363],[25.3286,36.3635],[25.3245,36.362],[25.3236,36.363],[25.3203,36.3687],[25.3196,36.3714],[25.3208,36.3724],[25.3209,36.3734],[25.3203,36.374],[25.3111,36.3776],[25.3099,36.3793],[25.3069,36.3807],[25.3065,36.3818],[25.3064,36.387],[25.3054,36.388],[25.3053,36.3891],[25.3071,36.3922],[25.3078,36.4005],[25.3067,36.4036],[25.3065,36.4089],[25.3071,36.4109],[25.3061,36.4151],[25.3065,36.4172],[25.3081,36.4193],[25.3085,36.4214],[25.3082,36.4234],[25.3092,36.4297],[25.3107,36.4318],[25.3111,36.4349],[25.3124,36.437],[25.3124,36.4422],[25.3142,36.4443],[25.3143,36.4453],[25.3167,36.4495],[25.3165,36.4505],[25.3193,36.4536],[25.3196,36.4557],[25.3211,36.4589],[25.3216,36.462],[25.3228,36.4641],[25.3266,36.4672],[25.3276,36.4673],[25.3286,36.4682],[25.3294,36.4714],[25.3318,36.4721],[25.3339,36.4713],[25.3349,36.4695],[25.338,36.4692],[25.3401,36.4697],[25.3443,36.4696],[25.3464,36.4693],[25.3476,36.4682],[25.3487,36.4661],[25.3485,36.4651],[25.3497,36.4641],[25.3495,36.4633],[25.3463,36.462],[25.3478,36.4599],[25.3474,36.4536],[25.3492,36.4516],[25.3557,36.4511],[25.3563,36.4505],[25.3578,36.4474],[25.3571,36.4464],[25.357,36.4453],[25.3574,36.4443],[25.3594,36.4422],[25.3596,36.4401],[25.3595,36.4391],[25.3583,36.438],[25.3578,36.4359],[25.3568,36.4349],[25.3547,36.4374],[25.3526,36.437],[25.3516,36.4374],[25.3505,36.4359],[25.3495,36.4363],[25.3492,36.4359],[25.3495,36.4349],[25.3481,36.4339],[25.3479,36.4318],[25.3484,36.4307],[25.3516,36.4286],[25.3519,36.4266],[25.3526,36.4255],[25.3516,36.4245],[25.351,36.4245],[25.352,36.4234],[25.3522,36.4214],[25.352,36.4193],[25.351,36.4172],[25.3516,36.4172],[25.3536,36.4151],[25.3534,36.413],[25.3547,36.412],[25.3542,36.4109],[25.3542,36.4089],[25.3547,36.4078],[25.3536,36.4068],[25.3505,36.4095],[25.3474,36.4099],[25.3443,36.4122],[25.3424,36.413],[25.3411,36.413],[25.3359,36.4156],[25.3349,36.4166],[25.3339,36.4162],[25.3328,36.4169],[25.3318,36.4162],[25.3267,36.4161],[25.3236,36.412],[25.3223,36.4089],[25.3224,36.4078],[25.3251,36.4036],[25.3225,36.4005],[25.3228,36.3932],[25.3234,36.3926],[25.3268,36.3922],[25.3277,36.3901],[25.3272,36.3891],[25.3276,36.3881],[25.3297,36.3854],[25.3318,36.3852],[25.3337,36.387],[25.3349,36.3871],[25.3352,36.3849],[25.337,36.3831],[25.3391,36.3828],[25.3484,36.3855],[25.3505,36.3874],[25.3516,36.3869],[25.3532,36.3839],[25.3504,36.3807],[25.35,36.3797],[25.3503,36.3776],[25.3481,36.3755],[25.3505,36.3725],[25.3526,36.3726],[25.3536,36.3721],[25.3544,36.3714],[25.3547,36.3689],[25.3578,36.3673],[25.363,36.367],[25.3661,36.3681],[25.3693,36.3665],[25.3724,36.3662],[25.3734,36.3663],[25.3774,36.3693],[25.3786,36.3693],[25.3818,36.368],[25.3839,36.3682],[25.3849,36.3676],[25.3891,36.3672],[25.3901,36.3664],[25.3932,36.3661],[25.3943,36.3651],[25.3974,36.3651],[25.4005,36.363],[25.412,36.363],[25.413,36.3641],[25.4139,36.3641],[25.4151,36.3653],[25.4151,36.3682],[25.4185,36.3714],[25.4189,36.3724],[25.4189,36.3766],[25.424,36.3818],[25.4246,36.3839],[25.4266,36.3856],[25.4273,36.387],[25.4307,36.3891],[25.4307,36.3901],[25.4318,36.3911],[25.4322,36.3932],[25.4318,36.3964],[25.4307,36.3974],[25.4307,36.3984],[25.4286,36.4009],[25.4279,36.4016],[25.4266,36.4016],[25.4255,36.4026],[25.4263,36.4036],[25.4255,36.4047],[25.4256,36.4068],[25.4273,36.4109],[25.4274,36.413],[25.4269,36.4141],[25.4268,36.4172],[25.4245,36.4193],[25.4245,36.4254],[25.4215,36.4276],[25.4182,36.4276],[25.4172,36.4282],[25.4151,36.4283],[25.4141,36.4276],[25.413,36.4286],[25.4141,36.4304],[25.413,36.4318],[25.4141,36.4328],[25.4141,36.4339],[25.4182,36.438],[25.4182,36.4401],[25.4193,36.4411],[25.4214,36.4411],[25.4214,36.4453],[25.4203,36.4464],[25.4203,36.4488],[25.4182,36.4522],[25.4172,36.4526],[25.412,36.4578],[25.4099,36.4583],[25.4078,36.4583],[25.4047,36.4574],[25.4016,36.4574],[25.3995,36.4557],[25.3974,36.4557],[25.3964,36.4568],[25.3953,36.4568],[25.3937,36.4578],[25.3917,36.4578],[25.3901,36.4568],[25.3891,36.4573],[25.388,36.4571],[25.3859,36.4589],[25.3828,36.4589],[25.3818,36.4593],[25.3807,36.4589],[25.3781,36.4589],[25.3766,36.4578],[25.3755,36.4583],[25.3745,36.4582],[25.3739,36.4568],[25.3724,36.4557],[25.3703,36.4578],[25.3703,36.4592],[25.3686,36.4599],[25.3682,36.4609],[25.3686,36.463],[25.3668,36.4651],[25.3668,36.4672],[25.366,36.4693],[25.3659,36.4745],[25.3682,36.4787],[25.3702,36.4849],[25.3739,36.487],[25.3748,36.488],[25.3749,36.4891],[25.3734,36.4911],[25.374,36.4922],[25.3755,36.4933],[25.3797,36.4937],[25.3839,36.493],[25.387,36.4931],[25.3891,36.4924],[25.3953,36.4885],[25.3974,36.4901],[25.3984,36.4898],[25.4005,36.4878],[25.4047,36.4885],[25.4068,36.4872],[25.4089,36.4892],[25.4099,36.4893],[25.4117,36.488],[25.413,36.4853],[25.4141,36.4849],[25.4161,36.4851],[25.4182,36.4839],[25.4203,36.4839],[25.4286,36.4809],[25.4318,36.4789],[25.4328,36.4788],[25.4331,36.4776],[25.4349,36.4757],[25.4382,36.4734],[25.438,36.4714],[25.4385,36.4703],[25.4411,36.469],[25.4424,36.4693],[25.4424,36.4682],[25.4446,36.4641],[25.4474,36.461],[25.4536,36.4584],[25.4568,36.456],[25.4599,36.4543],[25.462,36.4519],[25.466,36.4484],[25.475,36.437],[25.4758,36.4339],[25.4776,36.4303],[25.4797,36.4316],[25.4818,36.4314],[25.4849,36.4298],[25.4865,36.4297],[25.4901,36.4255],[25.4926,36.4214],[25.4921,36.4193],[25.4943,36.4185],[25.4964,36.4185],[25.4986,36.4172],[25.4988,36.4161],[25.4996,36.4151],[25.4988,36.413],[25.4999,36.412],[25.5001,36.4099],[25.4983,36.4078],[25.5007,36.4057],[25.4985,36.4016],[25.4974,36.3964],[25.4964,36.3943],[25.4967,36.3932],[25.4956,36.3911],[25.4974,36.3891],[25.4984,36.3859],[25.4989,36.3776],[25.5007,36.3766],[25.5016,36.3751],[25.502,36.3724],[25.5031,36.3703],[25.5027,36.3672],[25.5034,36.3641],[25.5026,36.3623],[25.5015,36.362],[25.5007,36.3609],[25.5,36.3568],[25.5002,36.3547],[25.4992,36.3516],[25.4986,36.3505],[25.4968,36.3495],[25.4964,36.3479],[25.4953,36.3467],[25.4939,36.3464],[25.4932,36.345],[25.4922,36.3448],[25.4916,36.3443],[25.4911,36.3431],[25.4881,36.3401],[25.4859,36.3372],[25.4861,36.3349],[25.4852,36.3328],[25.4853,36.3318],[25.4839,36.3309],[25.4828,36.3313],[25.4811,36.3307],[25.477,36.3266],[25.4755,36.3261],[25.4749,36.3245],[25.4725,36.3234],[25.4702,36.3203],[25.4675,36.3193],[25.4679,36.3182],[25.4672,36.3169],[25.4662,36.3161],[25.4621,36.3151],[25.4644,36.3141],[25.463,36.3124],[25.462,36.3124],[25.4589,36.3111],[25.4581,36.3089],[25.4557,36.3081],[25.4526,36.3061],[25.4495,36.3053],[25.4484,36.3054],[25.4474,36.3062],[25.4472,36.3036],[25.4464,36.3027],[25.4443,36.3032],[25.4401,36.303],[25.4385,36.3016],[25.438,36.2995]],[[25.8203,36.295],[25.8198,36.2953],[25.8213,36.2953],[25.8203,36.295]],[[25.8026,36.2942],[25.8016,36.2941],[25.8005,36.2934],[25.7995,36.2935],[25.7964,36.2948],[25.7953,36.2944],[25.7943,36.2956],[25.7932,36.2956],[25.7911,36.2937],[25.7901,36.2934],[25.7859,36.2948],[25.7828,36.2969],[25.7823,36.2984],[25.7807,36.2987],[25.7805,36.2995],[25.7811,36.3005],[25.7807,36.3011],[25.7797,36.3005],[25.7784,36.3016],[25.7773,36.3047],[25.7776,36.3058],[25.7743,36.3089],[25.7734,36.3104],[25.7698,36.3109],[25.7672,36.3128],[25.7661,36.313],[25.7651,36.3141],[25.7536,36.3164],[25.7526,36.317],[25.7453,36.3177],[25.7411,36.3195],[25.7359,36.3208],[25.7307,36.3237],[25.7297,36.3238],[25.7286,36.323],[25.7276,36.3239],[25.7269,36.3234],[25.7279,36.3214],[25.7255,36.3203],[25.7234,36.3201],[25.7221,36.3214],[25.7221,36.3224],[25.7245,36.3237],[25.7266,36.3235],[25.7281,36.3255],[25.7283,36.3266],[25.7266,36.3285],[25.7234,36.3294],[25.721,36.3318],[25.7182,36.3328],[25.7151,36.3318],[25.7154,36.3307],[25.7174,36.3286],[25.717,36.3276],[25.7161,36.3267],[25.7151,36.3265],[25.7141,36.3272],[25.713,36.3267],[25.7126,36.3276],[25.7146,36.3286],[25.715,36.3297],[25.7147,36.3307],[25.713,36.3314],[25.712,36.3302],[25.7109,36.3304],[25.71,36.3307],[25.7097,36.3318],[25.7089,36.3323],[25.7057,36.3317],[25.7036,36.332],[25.7026,36.3334],[25.7016,36.334],[25.7007,36.337],[25.7016,36.3383],[25.7026,36.3378],[25.7033,36.338],[25.7032,36.3391],[25.7026,36.3399],[25.6999,36.3391],[25.6984,36.338],[25.6974,36.3385],[25.6953,36.3384],[25.6932,36.3396],[25.6907,36.3443],[25.6917,36.3464],[25.6913,36.3484],[25.6932,36.3498],[25.6943,36.3517],[25.6951,36.3505],[25.6945,36.3495],[25.6953,36.3488],[25.6974,36.3507],[25.7013,36.3557],[25.6995,36.3562],[25.6991,36.3568],[25.7002,36.3578],[25.7004,36.3599],[25.7036,36.363],[25.7041,36.3641],[25.7068,36.3661],[25.7057,36.367],[25.7047,36.3667],[25.7047,36.3683],[25.7073,36.3651],[25.7089,36.3651],[25.7123,36.3682],[25.7109,36.37],[25.7089,36.3679],[25.7065,36.3693],[25.7078,36.3693],[25.7089,36.3686],[25.7109,36.3706],[25.712,36.3698],[25.713,36.3701],[25.7141,36.3714],[25.7137,36.3724],[25.7151,36.372],[25.7193,36.3739],[25.7218,36.3755],[25.7224,36.3766],[25.7307,36.3839],[25.7411,36.3894],[25.7431,36.3922],[25.7435,36.3943],[25.7444,36.3953],[25.7474,36.398],[25.7568,36.4036],[25.7578,36.4048],[25.7593,36.4089],[25.7609,36.4104],[25.763,36.4104],[25.7651,36.4096],[25.7693,36.409],[25.7703,36.4092],[25.7714,36.4077],[25.7755,36.406],[25.7776,36.4062],[25.7786,36.407],[25.7793,36.4057],[25.7807,36.4056],[25.7818,36.4044],[25.7839,36.4069],[25.7846,36.4068],[25.7855,36.4057],[25.7859,36.4033],[25.7895,36.4026],[25.7911,36.4004],[25.7943,36.4028],[25.7964,36.4036],[25.7972,36.4026],[25.7974,36.401],[25.7998,36.4026],[25.8005,36.4038],[25.8016,36.4041],[25.8057,36.4047],[25.812,36.4036],[25.8152,36.4016],[25.8192,36.3974],[25.8234,36.3939],[25.8328,36.3887],[25.8346,36.387],[25.8369,36.3839],[25.8401,36.3754],[25.8418,36.3745],[25.8425,36.3734],[25.8495,36.3698],[25.8516,36.3691],[25.8526,36.3696],[25.8589,36.369],[25.8599,36.3682],[25.8611,36.3682],[25.8651,36.3658],[25.8689,36.3609],[25.8706,36.3568],[25.8713,36.3526],[25.8709,36.3495],[25.8697,36.3464],[25.8682,36.3441],[25.8622,36.3391],[25.8578,36.3365],[25.8474,36.332],[25.8401,36.33],[25.8349,36.3297],[25.8318,36.3289],[25.8286,36.3289],[25.8224,36.3264],[25.8201,36.3234],[25.8198,36.3172],[25.8191,36.3161],[25.8195,36.3141],[25.8191,36.3047],[25.8184,36.3026],[25.8151,36.3008],[25.8119,36.2974],[25.8109,36.2958],[25.8047,36.2946],[25.8026,36.2957],[25.802,36.2953],[25.8026,36.2944],[25.8032,36.2943],[25.8026,36.2942]],[[25.8974,36.2609],[25.8953,36.2605],[25.8943,36.261],[25.8932,36.2605],[25.8922,36.261],[25.8911,36.2606],[25.8797,36.2622],[25.8776,36.2631],[25.8755,36.2629],[25.8745,36.2634],[25.8734,36.2629],[25.8724,36.2638],[25.8703,36.2644],[25.8704,36.2682],[25.8693,36.2678],[25.8688,36.2682],[25.869,36.2693],[25.8672,36.2701],[25.8659,36.2714],[25.8665,36.2745],[25.8684,36.2766],[25.8685,36.2776],[25.8695,36.2786],[25.8724,36.2806],[25.8745,36.2813],[25.8786,36.2822],[25.887,36.2821],[25.8953,36.2828],[25.9047,36.2851],[25.9078,36.2845],[25.912,36.2797],[25.9121,36.2776],[25.9116,36.2755],[25.905,36.2661],[25.9032,36.2651],[25.9032,36.2641],[25.9005,36.2615],[25.8984,36.2614],[25.8974,36.2609]],[[25.8349,36.2599],[25.8318,36.2597],[25.8276,36.2604],[25.8245,36.2602],[25.8223,36.2609],[25.8188,36.2641],[25.8182,36.2655],[25.8169,36.2661],[25.8166,36.2672],[25.8152,36.2682],[25.8128,36.2724],[25.8131,36.2766],[25.8121,36.2776],[25.8118,36.2786],[25.8126,36.2797],[25.8128,36.2807],[25.8123,36.2818],[25.8135,36.2849],[25.813,36.287],[25.815,36.2922],[25.8161,36.2932],[25.8153,36.2943],[25.8172,36.2955],[25.819,36.2953],[25.8182,36.2951],[25.8152,36.2922],[25.8172,36.291],[25.819,36.2932],[25.8224,36.2948],[25.8234,36.2948],[25.8255,36.2935],[25.8266,36.2942],[25.8286,36.2941],[25.8318,36.2927],[25.8328,36.2929],[25.838,36.292],[25.8398,36.2901],[25.8411,36.2901],[25.8419,36.2891],[25.8432,36.2893],[25.8443,36.2874],[25.8464,36.2859],[25.8496,36.2818],[25.85,36.2807],[25.8493,36.2786],[25.8511,36.2776],[25.8523,36.2755],[25.8531,36.2734],[25.8532,36.2714],[25.8505,36.2698],[25.8474,36.2663],[25.8437,36.2651],[25.8391,36.2622],[25.8391,36.2609],[25.838,36.2613],[25.837,36.2601],[25.8349,36.2599]],[[25.2297,36.2232],[25.2276,36.2231],[25.2271,36.2234],[25.2266,36.2276],[25.2245,36.226],[25.2241,36.2266],[25.2249,36.2276],[25.2245,36.2289],[25.2234,36.2291],[25.2203,36.2285],[25.213,36.2286],[25.212,36.2282],[25.2109,36.2283],[25.2099,36.2276],[25.2059,36.2286],[25.2017,36.2318],[25.1998,36.2349],[25.1984,36.2363],[25.1943,36.2383],[25.1932,36.238],[25.1917,36.2391],[25.1905,36.2411],[25.1898,36.2443],[25.191,36.2474],[25.192,36.2526],[25.1955,36.2599],[25.1964,36.2608],[25.1984,36.2625],[25.2005,36.2631],[25.2016,36.263],[25.2039,36.2641],[25.2057,36.2661],[25.2072,36.2609],[25.2088,36.2599],[25.2093,36.2589],[25.2092,36.2568],[25.215,36.2495],[25.2147,36.2484],[25.2164,36.2422],[25.2203,36.2363],[25.223,36.2339],[25.2245,36.2309],[25.2305,36.2266],[25.2307,36.2237],[25.2297,36.2232]],[[25.2297,36.2193],[25.2286,36.2193],[25.2276,36.2203],[25.2276,36.2214],[25.2286,36.2224],[25.2297,36.2224],[25.2307,36.2214],[25.2307,36.2203],[25.2297,36.2193]],[[25.2703,36.1098],[25.2693,36.1095],[25.2686,36.1099],[25.2687,36.1109],[25.2701,36.1109],[25.2703,36.1098]]]]}},{"type":"Feature","properties":{"depth":75,"kind":"isobath"},"geometry":{"type":"MultiLineString","coordinates":[[[25.647,36.9995],[25.6474,36.9991],[25.6479,36.9995]],[[25.0005,36.9967],[25.0011,36.9974],[25.0021,36.9995]],[[25.6194,36.9776],[25.619,36.9776],[25.6193,36.9772]],[[25.6489,36.9745],[25.6482,36.9745],[25.6484,36.9741]],[[25.6197,36.9724],[25.6193,36.9729],[25.6189,36.9724],[25.6193,36.972]],[[25.5896,36.9911],[25.5859,36.9835],[25.5852,36.9807],[25.5855,36.9766],[25.5866,36.9745],[25.5901,36.9732],[25.5953,36.9733],[25.6057,36.9726],[25.6109,36.9736],[25.6151,36.9738],[25.6161,36.9731],[25.6172,36.9742],[25.6182,36.9731],[25.6203,36.975],[25.6211,36.9745],[25.62,36.9734],[25.6214,36.9721],[25.6218,36.9724],[25.624,36.9745],[25.6241,36.9755],[25.6236,36.9766],[25.6214,36.9768],[25.6193,36.976],[25.6182,36.977],[25.6172,36.9768],[25.6167,36.9776],[25.6174,36.9786],[25.6172,36.9794],[25.6161,36.9795],[25.6167,36.9807],[25.6153,36.9818],[25.6146,36.9859],[25.6153,36.988],[25.6158,36.9932],[25.6209,36.9984],[25.6213,36.9995]],[[25.6207,36.9714],[25.6203,36.9717],[25.62,36.9714],[25.6203,36.971]],[[25.6236,36.9714],[25.6231,36.9714],[25.6234,36.9708]],[[25.6218,36.9703],[25.6214,36.9707],[25.621,36.9703],[25.6214,36.9696]],[[25.636,36.9693],[25.6373,36.9703],[25.6359,36.9707]],[[25.6351,36.9682],[25.6349,36.9686],[25.6342,36.9682]],[[25.2061,36.9547],[25.2047,36.9561],[25.2035,36.9547],[25.2036,36.9541],[25.2047,36.9547],[25.2057,36.954]],[[25.333,36.937],[25.3326,36.937],[25.3328,36.9366]],[[25.334,36.9339],[25.3339,36.9352],[25.3337,36.9339]],[[25.6429,36.9276],[25.6419,36.9276],[25.6422,36.927]],[[25.2789,36.9245],[25.2785,36.9245],[25.2786,36.924]],[[25.3406,36.9245],[25.3401,36.9253],[25.3397,36.9245],[25.3401,36.924]],[[25.4029,36.8964],[25.4036,36.8977],[25.4016,36.8991],[25.4008,36.8974],[25.4026,36.8957]],[[25.4724,36.8932],[25.4745,36.8944],[25.4755,36.8934],[25.4796,36.8964],[25.4751,36.8984],[25.4744,36.8995],[25.4734,36.8999],[25.4682,36.9005],[25.4649,36.8995],[25.4627,36.8953],[25.4632,36.8943],[25.4651,36.8935],[25.4682,36.8932],[25.4693,36.8926]],[[25.4934,36.8932],[25.4964,36.8949],[25.4974,36.8963],[25.4995,36.8975],[25.5066,36.8984],[25.5055,36.8995],[25.5046,36.9016],[25.5026,36.9032],[25.4922,36.9048],[25.487,36.9034],[25.4848,36.9016],[25.4843,36.9005],[25.4845,36.8953],[25.4891,36.8945],[25.4911,36.8924],[25.4922,36.8924]],[[25.4738,36.8922],[25.4734,36.893],[25.4724,36.8931],[25.4724,36.8921]],[[25.6927,36.8672],[25.6934,36.8682],[25.6932,36.869],[25.692,36.8682],[25.6913,36.8672],[25.6922,36.8666]],[[25.6948,36.8672],[25.6943,36.8676],[25.6938,36.8672]],[[25.6414,36.8578],[25.6411,36.8584],[25.6401,36.8578],[25.6411,36.857]],[[25.3945,36.8474],[25.3943,36.8482],[25.3932,36.8474],[25.3943,36.8468]],[[25.508,36.8411],[25.5069,36.8411],[25.5078,36.8405]],[[25.3859,36.8266],[25.3849,36.8269],[25.3844,36.8266]],[[25.1941,36.7286],[25.1932,36.7297],[25.1925,36.7286],[25.1932,36.7282]],[[25.4186,36.7255],[25.4179,36.7255],[25.4182,36.7252]],[[25.4208,36.7214],[25.4206,36.7224],[25.42,36.7224],[25.4199,36.7214],[25.4203,36.721]],[[25.2239,36.712],[25.2234,36.7124],[25.2229,36.712],[25.2234,36.7112]],[[25.0005,36.6164],[25.0008,36.6172],[25.0005,36.6178]],[[25.7061,36.3641],[25.7057,36.3648],[25.705,36.3641],[25.7057,36.3637]],[[25.7048,36.363],[25.7047,36.3635],[25.7036,36.363]],[[25.707,36.363],[25.7068,36.3634],[25.7064,36.363]],[[25.4991,36.362],[25.4984,36.3623],[25.4983,36.362]],[[25.7019,36.3505],[25.7016,36.351],[25.7007,36.3505],[25.7016,36.3502]],[[25.6977,36.3484],[25.6985,36.3495],[25.6973,36.3495],[25.6971,36.3484],[25.6974,36.3481]],[[25.7049,36.3401],[25.7036,36.3413],[25.7029,36.3401],[25.7036,36.3396],[25.7047,36.3396]],[[25.7121,36.3349],[25.7109,36.3367],[25.7101,36.3359],[25.7109,36.3344]],[[25.7109,36.3328],[25.7108,36.3339],[25.7099,36.3343],[25.7093,36.3328],[25.7099,36.3319]],[[25.7152,36.3328],[25.7148,36.3328],[25.7151,36.3319]],[[25.7123,36.3318],[25.7111,36.3318],[25.712,36.3313]],[[25.9981,36.8849],[25.9953,36.8832],[25.9932,36.8831],[25.9929,36.8818],[25.9911,36.8797],[25.988,36.8797],[25.987,36.8804],[25.9859,36.8804],[25.9859,36.8797],[25.9849,36.8786],[25.9839,36.8789],[25.9828,36.8778],[25.9814,36.8776],[25.9807,36.8768],[25.9797,36.8766],[25.9786,36.875],[25.9745,36.8719],[25.9724,36.8693],[25.9714,36.8694],[25.9674,36.8672],[25.9661,36.867],[25.9661,36.8661],[25.9651,36.8651],[25.9641,36.8654],[25.963,36.8641],[25.9616,36.8641],[25.9599,36.8623],[25.9589,36.8622],[25.9589,36.8609],[25.9557,36.8578],[25.9536,36.8573],[25.9526,36.856],[25.9503,36.8557],[25.9484,36.8538],[25.9453,36.8538],[25.9443,36.8526],[25.9427,36.8526],[25.9422,36.8518],[25.9388,36.8505],[25.9357,36.8474],[25.9318,36.8419],[25.9266,36.8365],[25.9203,36.8338],[25.9193,36.8331],[25.9193,36.8318],[25.9182,36.8307],[25.9172,36.8307],[25.9161,36.8315],[25.9115,36.8276],[25.9111,36.8266],[25.9111,36.8224],[25.9122,36.8193],[25.9138,36.8172],[25.913,36.8167],[25.913,36.8161],[25.912,36.8151],[25.9089,36.8143],[25.9078,36.8135],[25.9046,36.8089],[25.9016,36.8078],[25.9005,36.8067],[25.8974,36.8058],[25.8964,36.8061],[25.8944,36.8047],[25.8932,36.8047],[25.8922,36.8039],[25.8898,36.8005],[25.8875,36.7953],[25.886,36.7932],[25.8828,36.791],[25.8801,36.7901],[25.8786,36.7891],[25.8791,36.787],[25.8776,36.7859],[25.8766,36.7858],[25.8734,36.7828],[25.872,36.7828],[25.8703,36.7856],[25.8682,36.7857],[25.8661,36.7847],[25.8651,36.7835],[25.863,36.7826],[25.8557,36.7819],[25.8547,36.7808],[25.8495,36.7814],[25.8474,36.7807],[25.8453,36.7797],[25.8452,36.7786],[25.8422,36.7778],[25.8411,36.777],[25.837,36.7769],[25.8318,36.7752],[25.824,36.7745],[25.8193,36.7721],[25.813,36.7674],[25.8109,36.7668],[25.8089,36.7651],[25.8078,36.765],[25.8068,36.764],[25.8047,36.7631],[25.7984,36.7629],[25.7943,36.7635],[25.7932,36.763],[25.7901,36.7631],[25.7891,36.7625],[25.788,36.763],[25.7859,36.7627],[25.7724,36.7634],[25.7692,36.7641],[25.763,36.767],[25.7578,36.7677],[25.7536,36.7693],[25.7484,36.773],[25.7447,36.7766],[25.7384,36.7839],[25.7355,36.7859],[25.7322,36.7901],[25.731,36.7922],[25.7307,36.7953],[25.7318,36.7964],[25.7301,36.7974],[25.7294,36.7984],[25.729,36.8005],[25.7299,36.8026],[25.7298,36.8036],[25.7282,36.8078],[25.7294,36.8099],[25.7287,36.8109],[25.7293,36.8141],[25.7286,36.8151],[25.7294,36.8172],[25.7307,36.8175],[25.734,36.8214],[25.737,36.8231],[25.7373,36.8234],[25.7362,36.8245],[25.738,36.8251],[25.7411,36.8272],[25.7443,36.8281],[25.7474,36.8278],[25.7589,36.825],[25.762,36.8254],[25.7627,36.8245],[25.7622,36.8234],[25.763,36.8215],[25.7651,36.8225],[25.7661,36.8203],[25.7672,36.8202],[25.7724,36.8206],[25.7734,36.8221],[25.7745,36.8222],[25.7767,36.8245],[25.7818,36.8264],[25.7922,36.8319],[25.7964,36.8318],[25.7984,36.8306],[25.8089,36.8273],[25.8109,36.8276],[25.8151,36.8266],[25.8245,36.8261],[25.8253,36.8266],[25.8265,36.8286],[25.826,36.8297],[25.8265,36.8307],[25.8265,36.8349],[25.827,36.8359],[25.8256,36.837],[25.8268,36.8391],[25.8297,36.8474],[25.8331,36.8526],[25.8373,36.8568],[25.8401,36.8588],[25.8464,36.8606],[25.8484,36.8607],[25.8526,36.8627],[25.8536,36.8639],[25.8557,36.8641],[25.8589,36.8658],[25.8672,36.8679],[25.8682,36.8688],[25.8693,36.8685],[25.8703,36.8693],[25.8714,36.8692],[25.8796,36.8734],[25.8801,36.8745],[25.8799,36.8766],[25.8786,36.8786],[25.8786,36.8797],[25.8774,36.8807],[25.8777,36.8828],[25.8769,36.8839],[25.8764,36.8891],[25.8774,36.8922],[25.8786,36.8932],[25.8828,36.8947],[25.8839,36.8955],[25.8922,36.8961],[25.8974,36.8974],[25.9068,36.8989],[25.9089,36.8981],[25.9109,36.8984],[25.9161,36.8978],[25.9214,36.8966],[25.9234,36.8952],[25.9266,36.8946],[25.927,36.8932],[25.9276,36.8925],[25.9288,36.8922],[25.9285,36.8911],[25.9299,36.8901],[25.9313,36.888],[25.9349,36.8855],[25.938,36.8861],[25.9384,36.887],[25.9401,36.8877],[25.9422,36.8874],[25.9436,36.888],[25.9509,36.8984],[25.9512,36.8995],[25.9507,36.9026],[25.9484,36.9076],[25.9477,36.9109],[25.9484,36.9144],[25.9536,36.9214],[25.9609,36.9272],[25.9619,36.9286],[25.9651,36.9314],[25.9703,36.9342],[25.9755,36.9356],[25.9828,36.9362],[25.9839,36.9358],[25.988,36.9359],[25.9911,36.9383],[25.9922,36.938],[25.9943,36.9399],[25.9957,36.9401],[25.9965,36.9411]],[[25.649,36.9995],[25.6493,36.9984],[25.6526,36.9948],[25.654,36.9911],[25.6545,36.9849],[25.6535,36.9807],[25.6517,36.9776],[25.6493,36.9755],[25.6499,36.9745],[25.6487,36.9724],[25.6474,36.9727],[25.6464,36.9703],[25.6451,36.9703],[25.6445,36.9693],[25.6432,36.9687],[25.642,36.9693],[25.6411,36.9708],[25.6387,36.9693],[25.638,36.9679],[25.6357,36.9672],[25.637,36.9671],[25.638,36.9651],[25.6401,36.9656],[25.6411,36.9653],[25.6424,36.9661],[25.6396,36.962],[25.6411,36.9599],[25.6411,36.9589],[25.643,36.9547],[25.6427,36.9536],[25.6441,36.9505],[25.645,36.9464],[25.6456,36.938],[25.6456,36.9339],[25.6451,36.9328],[25.6457,36.9318],[25.6443,36.93],[25.6433,36.9297],[25.6441,36.9286],[25.6436,36.9276],[25.6443,36.9273],[25.6464,36.9291],[25.6481,36.9286],[25.6489,36.9276],[25.6568,36.9259],[25.6634,36.9203],[25.6661,36.9194],[25.6807,36.9109],[25.6848,36.9068],[25.6867,36.9005],[25.6896,36.8984],[25.6922,36.8931],[25.6943,36.8911],[25.6974,36.8873],[25.6998,36.8818],[25.7005,36.8745],[25.7,36.8724],[25.6976,36.8682],[25.697,36.863],[25.6984,36.8591],[25.7005,36.8574],[25.7006,36.8568],[25.6991,36.8516],[25.6988,36.8484],[25.6995,36.8443],[25.6974,36.8409],[25.6964,36.8401],[25.6961,36.8391],[25.6901,36.8343],[25.688,36.8337],[25.6849,36.8339],[25.6818,36.8334],[25.6766,36.8294],[25.6745,36.8285],[25.6734,36.8288],[25.6724,36.8283],[25.6651,36.8294],[25.662,36.8311],[25.6604,36.8328],[25.6599,36.8341],[25.6568,36.8364],[25.6505,36.838],[25.6472,36.8401],[25.6468,36.8411],[25.6457,36.8443],[25.6462,36.8453],[25.6452,36.8464],[25.6468,36.8505],[25.6484,36.8521],[25.6516,36.8528],[25.6557,36.855],[25.6589,36.8561],[25.6672,36.8568],[25.6682,36.8563],[25.6714,36.8568],[25.6797,36.8568],[25.6818,36.8573],[25.6839,36.8584],[25.6859,36.8618],[25.6855,36.863],[25.6866,36.8641],[25.6864,36.8661],[25.6859,36.8663],[25.6849,36.8657],[25.6839,36.8662],[25.6828,36.8649],[25.6818,36.8645],[25.6766,36.8655],[25.6714,36.8649],[25.6703,36.8653],[25.663,36.864],[25.6557,36.8639],[25.6495,36.8626],[25.6453,36.8612],[25.6433,36.8599],[25.6439,36.8589],[25.6411,36.8566],[25.6401,36.8578],[25.6328,36.8541],[25.6318,36.8548],[25.6307,36.8547],[25.6286,36.8535],[25.6234,36.8525],[25.6193,36.8541],[25.6182,36.8552],[25.6161,36.856],[25.6109,36.8596],[25.6099,36.8588],[25.609,36.8609],[25.6065,36.863],[25.6047,36.8642],[25.6036,36.8642],[25.6026,36.8651],[25.6005,36.8657],[25.5984,36.8677],[25.5974,36.8669],[25.5953,36.8677],[25.5932,36.8696],[25.5911,36.8707],[25.5901,36.8727],[25.5891,36.8711],[25.587,36.8735],[25.5859,36.8718],[25.5842,36.8714],[25.5839,36.8705],[25.5822,36.8693],[25.5797,36.869],[25.5762,36.8661],[25.5731,36.8651],[25.5728,36.8641],[25.5703,36.8609],[25.5696,36.8589],[25.5704,36.8578],[25.5693,36.8584],[25.5683,36.8578],[25.5683,36.8547],[25.5671,36.8536],[25.5676,36.8526],[25.5662,36.8505],[25.5627,36.8484],[25.562,36.8474],[25.5609,36.8478],[25.5599,36.8467],[25.5526,36.8443],[25.5422,36.8384],[25.5401,36.8377],[25.5376,36.8349],[25.5357,36.8318],[25.5325,36.8286],[25.5307,36.8285],[25.5297,36.8278],[25.5255,36.8279],[25.5214,36.8272],[25.5203,36.8276],[25.5172,36.829],[25.5161,36.8307],[25.5094,36.837],[25.5068,36.8411],[25.5047,36.8396],[25.5026,36.8405],[25.5005,36.8398],[25.4995,36.839],[25.4984,36.8392],[25.4961,36.838],[25.4948,36.8359],[25.4954,36.8349],[25.4949,36.8318],[25.4891,36.8234],[25.4877,36.8224],[25.4881,36.8214],[25.487,36.8216],[25.4828,36.8184],[25.4785,36.8141],[25.4745,36.8129],[25.4734,36.8132],[25.4724,36.8143],[25.4703,36.8129],[25.4672,36.8127],[25.463,36.8101],[25.462,36.8103],[25.4611,36.8099],[25.4589,36.8087],[25.4578,36.8073],[25.4557,36.8067],[25.4547,36.8053],[25.4536,36.8056],[25.4516,36.8044],[25.4505,36.8054],[25.4484,36.8044],[25.4443,36.8042],[25.4432,36.8032],[25.4422,36.8029],[25.4407,36.8036],[25.4391,36.8056],[25.438,36.8053],[25.4359,36.8059],[25.4276,36.809],[25.4242,36.812],[25.4224,36.813],[25.4214,36.8128],[25.4198,36.8151],[25.4161,36.8163],[25.413,36.8184],[25.412,36.8196],[25.4096,36.8203],[25.4068,36.823],[25.4058,36.8224],[25.4057,36.8203],[25.405,36.8193],[25.4036,36.818],[25.4026,36.8181],[25.4011,36.8172],[25.4016,36.8161],[25.4005,36.8165],[25.3995,36.816],[25.3974,36.8138],[25.3953,36.8146],[25.3943,36.8144],[25.3935,36.8161],[25.3937,36.8172],[25.3922,36.8173],[25.3901,36.8203],[25.388,36.8201],[25.3879,36.8214],[25.3859,36.8229],[25.3849,36.8224],[25.3854,36.8245],[25.3849,36.8248],[25.3836,36.8245],[25.3843,36.8255],[25.3835,36.8266],[25.3849,36.8287],[25.3836,36.8297],[25.3828,36.8318],[25.3839,36.8325],[25.385,36.8349],[25.3842,36.8359],[25.3849,36.8391],[25.387,36.8401],[25.3901,36.8406],[25.3911,36.842],[25.3924,36.8422],[25.3922,36.8434],[25.3911,36.8427],[25.391,36.8432],[25.3934,36.8464],[25.3932,36.8474],[25.3922,36.8478],[25.3911,36.847],[25.3904,36.8474],[25.3922,36.8507],[25.3943,36.8522],[25.3984,36.8531],[25.3999,36.8526],[25.3984,36.852],[25.3971,36.8505],[25.3962,36.8484],[25.3962,36.8474],[25.3984,36.8489],[25.3995,36.848],[25.4005,36.8484],[25.4026,36.8503],[25.4047,36.8505],[25.4089,36.8541],[25.4109,36.8544],[25.4132,36.8557],[25.4248,36.8682],[25.4297,36.8722],[25.4307,36.8718],[25.4339,36.875],[25.4484,36.8786],[25.4505,36.8797],[25.453,36.8828],[25.453,36.8839],[25.4523,36.8849],[25.4541,36.888],[25.4526,36.889],[25.4515,36.8891],[25.4522,36.8911],[25.4526,36.8918],[25.456,36.8932],[25.4566,36.8943],[25.4557,36.8968],[25.4547,36.8978],[25.4526,36.8974],[25.4495,36.8955],[25.4474,36.8974],[25.4464,36.8977],[25.4432,36.8979],[25.4411,36.8971],[25.4389,36.8984],[25.438,36.9],[25.4359,36.8991],[25.4349,36.9001],[25.434,36.8953],[25.4316,36.8932],[25.4313,36.8911],[25.4297,36.8891],[25.4276,36.8882],[25.4262,36.887],[25.4255,36.8851],[25.4245,36.8849],[25.4255,36.8839],[25.4239,36.8828],[25.4242,36.8818],[25.4214,36.88],[25.4193,36.8778],[25.4172,36.877],[25.4162,36.8797],[25.4141,36.8809],[25.4135,36.8818],[25.414,36.8828],[25.4136,36.8839],[25.4123,36.8849],[25.4127,36.8859],[25.4125,36.888],[25.4149,36.8891],[25.4141,36.8903],[25.412,36.8914],[25.4109,36.8915],[25.4099,36.8909],[25.4078,36.8934],[25.4068,36.8928],[25.4063,36.8943],[25.4047,36.8953],[25.4036,36.8957],[25.4026,36.8952],[25.4005,36.8955],[25.3974,36.8984],[25.3958,36.8984],[25.3964,36.8996],[25.3953,36.8998],[25.3943,36.8991],[25.3932,36.8999],[25.3922,36.8991],[25.3911,36.899],[25.3901,36.8996],[25.3891,36.8991],[25.3883,36.8995],[25.388,36.9005],[25.3885,36.9016],[25.388,36.9027],[25.3849,36.9031],[25.3839,36.9026],[25.3844,36.9036],[25.3818,36.904],[25.3807,36.9049],[25.3786,36.9042],[25.3745,36.9042],[25.3724,36.9056],[25.3669,36.9151],[25.3651,36.9174],[25.3641,36.9175],[25.364,36.9214],[25.3634,36.9224],[25.362,36.9231],[25.3609,36.9228],[25.3557,36.9266],[25.353,36.9276],[25.3495,36.928],[25.3483,36.9266],[25.3474,36.9262],[25.3459,36.9266],[25.3453,36.9301],[25.3449,36.9297],[25.3453,36.9286],[25.345,36.9255],[25.3435,36.9245],[25.3431,36.9234],[25.3391,36.9225],[25.338,36.9234],[25.337,36.9257],[25.336,36.9234],[25.3377,36.9224],[25.337,36.9207],[25.3318,36.9188],[25.3286,36.9166],[25.3245,36.9162],[25.3234,36.9175],[25.3214,36.9183],[25.3203,36.9178],[25.3161,36.9204],[25.3109,36.9217],[25.3099,36.9212],[25.3057,36.9222],[25.3047,36.923],[25.3022,36.9234],[25.3016,36.9243],[25.2995,36.924],[25.2984,36.9245],[25.2953,36.9237],[25.2849,36.9248],[25.2797,36.9222],[25.2776,36.9238],[25.2766,36.9235],[25.2758,36.9245],[25.2766,36.9258],[25.2745,36.9253],[25.2703,36.9276],[25.2682,36.9277],[25.2672,36.9262],[25.2651,36.9269],[25.2641,36.9261],[25.2621,36.9255],[25.263,36.9253],[25.2635,36.9245],[25.261,36.9224],[25.2606,36.9214],[25.2611,36.9203],[25.2599,36.9196],[25.2589,36.917],[25.2562,36.9141],[25.2554,36.912],[25.2526,36.9086],[25.2516,36.9082],[25.2505,36.9085],[25.2464,36.9071],[25.2453,36.9077],[25.2444,36.9068],[25.2422,36.9063],[25.2411,36.9089],[25.2411,36.912],[25.2391,36.9141],[25.2404,36.9161],[25.2401,36.9172],[25.2391,36.9182],[25.2391,36.9193],[25.238,36.9203],[25.238,36.9214],[25.237,36.9214],[25.2359,36.9224],[25.2349,36.9234],[25.2349,36.9245],[25.2328,36.9266],[25.2318,36.9266],[25.2307,36.9276],[25.2297,36.9266],[25.2276,36.9271],[25.2245,36.9307],[25.2245,36.9328],[25.2238,36.9339],[25.2203,36.9365],[25.2193,36.9364],[25.2185,36.937],[25.2182,36.9382],[25.2105,36.9432],[25.2068,36.9474],[25.2068,36.9484],[25.2057,36.9495],[25.2068,36.9505],[25.2047,36.951],[25.2036,36.9533],[25.2026,36.9528],[25.2005,36.9532],[25.1984,36.9514],[25.1964,36.9517],[25.1932,36.9509],[25.1911,36.9524],[25.188,36.9512],[25.1859,36.9517],[25.1839,36.951],[25.1818,36.9526],[25.1807,36.952],[25.1797,36.9525],[25.1776,36.9528],[25.1766,36.9524],[25.1714,36.9539],[25.1709,36.9547],[25.1703,36.9549],[25.1698,36.9547],[25.1697,36.9526],[25.1693,36.9523],[25.1682,36.954],[25.1672,36.9528],[25.1668,36.9536],[25.168,36.9557],[25.1661,36.9572],[25.1633,36.9578],[25.1641,36.9589],[25.1641,36.9599],[25.162,36.9605],[25.1609,36.9597],[25.1589,36.9593],[25.1568,36.9601],[25.1547,36.9595],[25.1536,36.9599],[25.1516,36.9617],[25.1505,36.9633],[25.1484,36.9627],[25.1464,36.9628],[25.1443,36.9633],[25.1422,36.9645],[25.1418,36.9641],[25.1425,36.963],[25.1422,36.9603],[25.1339,36.9585],[25.1333,36.9568],[25.1318,36.9543],[25.1286,36.9536],[25.1245,36.9518],[25.1193,36.9505],[25.1161,36.952],[25.1141,36.9507],[25.1089,36.9495],[25.1057,36.9495],[25.1036,36.9489],[25.1026,36.9492],[25.0943,36.9469],[25.0911,36.9473],[25.0901,36.9458],[25.0891,36.9465],[25.0849,36.9464],[25.0849,36.9474],[25.0856,36.9484],[25.0849,36.9495],[25.0845,36.9443],[25.0854,36.9422],[25.0848,36.9411],[25.0849,36.9401],[25.0839,36.9391],[25.083,36.937],[25.0818,36.9356],[25.0797,36.9351],[25.0776,36.9339],[25.0766,36.9342],[25.0751,36.9328],[25.0748,36.9318],[25.0703,36.929],[25.0693,36.9288],[25.062,36.9289],[25.0599,36.93],[25.0557,36.9308],[25.0536,36.9307],[25.0526,36.9314],[25.0495,36.9318],[25.0484,36.933],[25.0453,36.9345],[25.0411,36.9354],[25.0401,36.9367],[25.037,36.9364],[25.0349,36.9377],[25.0318,36.9373],[25.0286,36.9388],[25.0266,36.9379],[25.0255,36.9383],[25.0245,36.9375],[25.0234,36.9381],[25.0203,36.9376],[25.0193,36.9386],[25.0172,36.9379],[25.0161,36.9386],[25.012,36.9386],[25.0005,36.9379]],[[25.0005,36.6301],[25.0013,36.6307],[25.002,36.6328],[25.0036,36.6353],[25.0068,36.6376],[25.0078,36.6368],[25.0089,36.6375],[25.0109,36.6377],[25.013,36.6385],[25.014,36.6401],[25.0151,36.6396],[25.0172,36.6412],[25.0182,36.6411],[25.0203,36.642],[25.0214,36.6418],[25.0224,36.6422],[25.0245,36.6421],[25.0318,36.6384],[25.0351,36.6359],[25.0359,36.6323],[25.037,36.6327],[25.0374,36.6339],[25.037,36.6366],[25.042,36.638],[25.0495,36.6448],[25.0505,36.6439],[25.0507,36.6453],[25.0516,36.6454],[25.0526,36.6467],[25.0546,36.6474],[25.0583,36.6505],[25.0593,36.6526],[25.0599,36.6578],[25.0609,36.658],[25.0629,36.6609],[25.0662,36.6672],[25.0658,36.6682],[25.0676,36.6693],[25.0703,36.6731],[25.0739,36.6766],[25.0749,36.6807],[25.0744,36.6828],[25.075,36.6859],[25.0763,36.6891],[25.0795,36.6922],[25.088,36.6986],[25.0932,36.7019],[25.0995,36.7046],[25.1068,36.7067],[25.1109,36.7091],[25.1151,36.7101],[25.1203,36.7134],[25.1307,36.7215],[25.1318,36.7213],[25.1328,36.7221],[25.137,36.7239],[25.1484,36.7262],[25.1547,36.7281],[25.1589,36.7282],[25.1641,36.7292],[25.1682,36.7306],[25.1703,36.7306],[25.1724,36.7299],[25.1786,36.7303],[25.1807,36.7297],[25.1859,36.731],[25.1901,36.7309],[25.1911,36.7303],[25.1922,36.7304],[25.1945,36.7286],[25.1962,36.7266],[25.1974,36.7224],[25.199,36.7203],[25.199,36.7182],[25.2002,36.7161],[25.2002,36.712],[25.2013,36.7099],[25.2012,36.7078],[25.2004,36.7057],[25.2009,36.7047],[25.2016,36.7044],[25.2026,36.7052],[25.203,36.7047],[25.2027,36.7036],[25.2037,36.7016],[25.2016,36.6964],[25.1995,36.695],[25.1978,36.6953],[25.1972,36.6943],[25.1955,36.6932],[25.1951,36.6911],[25.1922,36.6849],[25.186,36.6766],[25.1755,36.6703],[25.1712,36.6651],[25.1676,36.662],[25.1609,36.6588],[25.1547,36.6566],[25.1519,36.6547],[25.1422,36.644],[25.137,36.6418],[25.1359,36.6419],[25.1318,36.6405],[25.1266,36.6381],[25.1203,36.6375],[25.1161,36.6363],[25.112,36.6341],[25.1109,36.6328],[25.1078,36.6311],[25.1036,36.628],[25.0891,36.6211],[25.0849,36.6204],[25.0807,36.6185],[25.0793,36.6172],[25.0786,36.6153],[25.0755,36.6142],[25.0724,36.6137],[25.0661,36.6145],[25.0651,36.6152],[25.063,36.6146],[25.062,36.6156],[25.0599,36.614],[25.0599,36.6173],[25.0578,36.617],[25.0573,36.6182],[25.0557,36.6178],[25.0536,36.6181],[25.0538,36.6193],[25.0495,36.6212],[25.0482,36.6234],[25.0411,36.6288],[25.0391,36.6255],[25.037,36.6253],[25.0354,36.6266],[25.0347,36.6266],[25.0345,36.6255],[25.0328,36.6239],[25.0325,36.6224],[25.0307,36.6193],[25.0297,36.6193],[25.0286,36.6186],[25.0172,36.6173],[25.0161,36.6178],[25.0099,36.6179],[25.0047,36.619],[25.0015,36.6182],[25.0033,36.6161],[25.0016,36.6153],[25.0005,36.6158]],[[25.0005,36.61],[25.0016,36.6119],[25.0017,36.6109],[25.0009,36.6099],[25.0005,36.6079]],[[25.263,36.9209],[25.2625,36.9214],[25.2641,36.9225]],[[25.2693,36.9089],[25.2689,36.9099],[25.2693,36.9109],[25.2696,36.9099]],[[25.8516,36.7797],[25.8516,36.78],[25.852,36.7797]],[[25.2214,36.7056],[25.221,36.7057],[25.2224,36.7073],[25.2233,36.7068]],[[25.5589,36.6983],[25.5568,36.698],[25.5526,36.6992],[25.5464,36.7033],[25.5441,36.7057],[25.5438,36.7068],[25.5443,36.7089],[25.5474,36.7129],[25.5505,36.7137],[25.5568,36.7128],[25.562,36.711],[25.5642,36.7089],[25.5653,36.7057],[25.5644,36.7026],[25.562,36.6998]],[[25.6891,36.614],[25.6849,36.6136],[25.6818,36.614],[25.6786,36.615],[25.6745,36.6173],[25.6724,36.6178],[25.6721,36.6182],[25.6725,36.6193],[25.6714,36.6193],[25.6704,36.6234],[25.6685,36.6255],[25.6672,36.6318],[25.6714,36.634],[25.6807,36.6349],[25.6849,36.6335],[25.6874,36.6339],[25.6901,36.6327],[25.6922,36.6307],[25.6932,36.6303],[25.6964,36.6272],[25.7,36.6224],[25.7002,36.6182],[25.6995,36.6167],[25.6987,36.6161]],[[25.6214,36.5962],[25.621,36.5964],[25.6214,36.5967],[25.6219,36.5964]],[[25.6255,36.596],[25.6243,36.5964],[25.6245,36.5967],[25.6255,36.597],[25.6263,36.5964]],[[25.3016,36.5734],[25.2953,36.5727],[25.2932,36.5731],[25.291,36.5745],[25.2882,36.5776],[25.2846,36.5859],[25.2828,36.5943],[25.2829,36.5984],[25.2822,36.6036],[25.2829,36.6089],[25.2851,36.6141],[25.2942,36.6234],[25.3012,36.6328],[25.3034,36.637],[25.3043,36.6411],[25.304,36.6443],[25.3005,36.6545],[25.2982,36.6568],[25.2911,36.6578],[25.2892,36.6589],[25.2884,36.6599],[25.287,36.663],[25.2869,36.6651],[25.2891,36.6691],[25.2897,36.6724],[25.2891,36.674],[25.287,36.6766],[25.2797,36.6812],[25.2714,36.6832],[25.2661,36.6851],[25.2609,36.6882],[25.259,36.6901],[25.2554,36.6922],[25.2486,36.6943],[25.2476,36.6953],[25.2422,36.6976],[25.2349,36.6992],[25.2328,36.7008],[25.2318,36.7007],[25.2301,36.7036],[25.2281,36.7057],[25.2283,36.7068],[25.2269,36.7078],[25.227,36.7089],[25.2266,36.7092],[25.2255,36.7086],[25.2245,36.7074],[25.2218,36.7099],[25.223,36.7109],[25.2214,36.7113],[25.2209,36.712],[25.2216,36.7141],[25.2212,36.7161],[25.2217,36.7172],[25.2214,36.7182],[25.2203,36.7193],[25.2201,36.7203],[25.221,36.7255],[25.2216,36.7266],[25.2213,36.7318],[25.2235,36.7339],[25.223,36.7349],[25.2245,36.7368],[25.2241,36.7391],[25.2248,36.7401],[25.2253,36.7432],[25.2249,36.7443],[25.2266,36.7523],[25.2276,36.7522],[25.2273,36.7536],[25.2286,36.7545],[25.2288,36.7557],[25.2307,36.7568],[25.2324,36.7589],[25.2325,36.7599],[25.237,36.7634],[25.2402,36.7672],[25.2443,36.7758],[25.2474,36.7801],[25.2504,36.7828],[25.2524,36.7859],[25.2578,36.7978],[25.2641,36.803],[25.2682,36.8054],[25.2734,36.8071],[25.2901,36.8103],[25.2953,36.8122],[25.3016,36.8162],[25.3036,36.8169],[25.3161,36.8181],[25.3203,36.8176],[25.3234,36.8162],[25.3291,36.8109],[25.3318,36.8065],[25.337,36.8005],[25.348,36.7859],[25.3511,36.7797],[25.3541,36.7714],[25.3554,36.7703],[25.3589,36.7694],[25.3609,36.7698],[25.3661,36.7695],[25.3733,36.7672],[25.3745,36.7651],[25.3788,36.763],[25.3798,36.7609],[25.3828,36.7592],[25.3859,36.7558],[25.3887,36.7536],[25.3953,36.7515],[25.3964,36.752],[25.3995,36.7515],[25.4005,36.752],[25.4016,36.7507],[25.4026,36.7517],[25.4068,36.748],[25.4078,36.7489],[25.4099,36.7473],[25.412,36.7465],[25.4141,36.7443],[25.4161,36.7446],[25.4169,36.7443],[25.4169,36.7422],[25.4177,36.7411],[25.4194,36.7411],[25.4191,36.7391],[25.4203,36.7383],[25.422,36.7359],[25.4205,36.7349],[25.4214,36.7339],[25.4203,36.7345],[25.42,36.7328],[25.4204,36.7318],[25.4202,36.7297],[25.4208,36.7276],[25.4204,36.7266],[25.4208,36.7245],[25.4225,36.7214],[25.4211,36.7203],[25.4215,36.7172],[25.4205,36.7151],[25.421,36.712],[25.4207,36.7078],[25.4192,36.7036],[25.4172,36.7009],[25.4113,36.6953],[25.4091,36.6922],[25.4082,36.6901],[25.4073,36.6859],[25.4075,36.6828],[25.408,36.6818],[25.4077,36.6797],[25.4089,36.6771],[25.4081,36.6745],[25.4088,36.6724],[25.4081,36.6714],[25.4078,36.6693],[25.4084,36.6682],[25.4058,36.6578],[25.4038,36.6536],[25.4038,36.6526],[25.4008,36.6453],[25.3974,36.6426],[25.388,36.6403],[25.3818,36.6369],[25.3806,36.637],[25.3818,36.6374],[25.3819,36.638],[25.3807,36.6386],[25.3776,36.6382],[25.3766,36.6401],[25.3755,36.6399],[25.3724,36.6368],[25.3714,36.6373],[25.3705,36.6349],[25.3691,36.6328],[25.3641,36.6295],[25.3599,36.6283],[25.3588,36.6276],[25.3587,36.6266],[25.3557,36.623],[25.3495,36.6205],[25.3474,36.6188],[25.3427,36.613],[25.3401,36.6047],[25.339,36.6026],[25.3391,36.6016],[25.3376,36.5995],[25.3339,36.5971],[25.3318,36.5951],[25.3307,36.5955],[25.3268,36.5932],[25.3214,36.5889],[25.3194,36.5859],[25.3172,36.5853],[25.313,36.5819],[25.312,36.5815],[25.3057,36.5751]],[[25.4724,36.5191],[25.4714,36.5191],[25.4714,36.52]],[[25.4172,36.4119],[25.4151,36.4111],[25.4145,36.413],[25.4161,36.4133],[25.4175,36.413]],[[25.7818,36.4066],[25.7812,36.4068],[25.7818,36.4071]],[[25.3891,36.3919],[25.387,36.3911],[25.3807,36.3915],[25.3786,36.3937],[25.3766,36.3943],[25.3749,36.3964],[25.3724,36.3969],[25.3714,36.3984],[25.3739,36.4016],[25.3766,36.4033],[25.3786,36.4039],[25.3832,36.4036],[25.3837,36.4047],[25.385,36.4057],[25.3854,36.4089],[25.388,36.4148],[25.3901,36.4153],[25.3911,36.4161],[25.3922,36.4161],[25.3932,36.4151],[25.3932,36.4143],[25.3953,36.4133],[25.3995,36.4141],[25.4005,36.413],[25.4026,36.413],[25.4045,36.412],[25.4057,36.412],[25.4068,36.413],[25.4099,36.4116],[25.412,36.4099],[25.412,36.4068],[25.4109,36.4048],[25.4109,36.4026],[25.4099,36.4016],[25.4078,36.4016],[25.4078,36.3984],[25.4057,36.3953],[25.4043,36.3953],[25.4036,36.3949],[25.4028,36.3953],[25.3991,36.3953],[25.3974,36.3928],[25.3953,36.3932],[25.3943,36.3922],[25.3932,36.3932],[25.3922,36.393],[25.3911,36.3934],[25.39,36.3932]],[[25.6964,36.3522],[25.6961,36.3526],[25.6984,36.3552],[25.6993,36.3547]],[[25.7276,36.3186],[25.727,36.3193],[25.7276,36.3197],[25.7279,36.3193]],[[25.438,36.2995],[25.4359,36.3005],[25.4328,36.2996],[25.4307,36.3006],[25.4276,36.2998],[25.4245,36.3011],[25.4234,36.2998],[25.4203,36.3],[25.4193,36.3011],[25.4182,36.3006],[25.4151,36.3045],[25.4146,36.3057],[25.4143,36.3089],[25.4156,36.3109],[25.414,36.313],[25.4151,36.3137],[25.4161,36.3136],[25.4162,36.3141],[25.4137,36.3193],[25.4126,36.3203],[25.4126,36.3245],[25.4113,36.3266],[25.4099,36.3276],[25.4071,36.3276],[25.4079,36.3297],[25.4077,36.3318],[25.407,36.3328],[25.4026,36.3327],[25.4016,36.3339],[25.4014,36.3359],[25.4005,36.3375],[25.3995,36.338],[25.3964,36.3377],[25.3943,36.3386],[25.3911,36.3385],[25.388,36.3373],[25.3807,36.3368],[25.3783,36.3391],[25.3703,36.3426],[25.3672,36.3447],[25.3651,36.3444],[25.362,36.3457],[25.3547,36.3468],[25.3526,36.3478],[25.3505,36.3497],[25.3432,36.3497],[25.3422,36.3504],[25.3411,36.3495],[25.3401,36.3496],[25.338,36.3504],[25.3377,36.3516],[25.338,36.3526],[25.3373,36.3536],[25.3359,36.354],[25.3334,36.3568],[25.3331,36.3578],[25.3318,36.359],[25.3293,36.363],[25.3286,36.3635],[25.3245,36.362],[25.3236,36.363],[25.3203,36.3687],[25.3196,36.3714],[25.3208,36.3724],[25.3209,36.3734],[25.3203,36.374],[25.3111,36.3776],[25.3099,36.3793],[25.3069,36.3807],[25.3065,36.3818],[25.3064,36.387],[25.3054,36.388],[25.3053,36.3891],[25.3071,36.3922],[25.3078,36.4005],[25.3067,36.4036],[25.3065,36.4089],[25.3071,36.4109],[25.3061,36.4151],[25.3065,36.4172],[25.3081,36.4193],[25.3085,36.4214],[25.3082,36.4234],[25.3092,36.4297],[25.3107,36.4318],[25.3111,36.4349],[25.3124,36.437],[25.3124,36.4422],[25.3142,36.4443],[25.3143,36.4453],[25.3167,36.4495],[25.3165,36.4505],[25.3193,36.4536],[25.3196,36.4557],[25.3211,36.4589],[25.3216,36.462],[25.3228,36.4641],[25.3266,36.4672],[25.3276,36.4673],[25.3286,36.4682],[25.3294,36.4714],[25.3318,36.4721],[25.3339,36.4713],[25.3349,36.4695],[25.338,36.4692],[25.3401,36.4697],[25.3443,36.4696],[25.3464,36.4693],[25.3476,36.4682],[25.3487,36.4661],[25.3485,36.4651],[25.3497,36.4641],[25.3495,36.4633],[25.3463,36.462],[25.3478,36.4599],[25.3474,36.4536],[25.3492,36.4516],[25.3557,36.4511],[25.3563,36.4505],[25.3578,36.4474],[25.3571,36.4464],[25.357,36.4453],[25.3574,36.4443],[25.3594,36.4422],[25.3596,36.4401],[25.3595,36.4391],[25.3583,36.438],[25.3578,36.4359],[25.3568,36.4349],[25.3547,36.4374],[25.3526,36.437],[25.3516,36.4374],[25.3505,36.4359],[25.3495,36.4363],[25.3492,36.4359],[25.3495,36.4349],[25.3481,36.4339],[25.3479,36.4318],[25.3484,36.4307],[25.3516,36.4286],[25.3519,36.4266],[25.3526,36.4255],[25.3516,36.4245],[25.351,36.4245],[25.352,36.4234],[25.3522,36.4214],[25.352,36.4193],[25.351,36.4172],[25.3516,36.4172],[25.3536,36.4151],[25.3534,36.413],[25.3547,36.412],[25.3542,36.4109],[25.3542,36.4089],[25.3547,36.4078],[25.3536,36.4068],[25.3505,36.4095],[25.3474,36.4099],[25.3443,36.4122],[25.3424,36.413],[25.3411,36.413],[25.3359,36.4156],[25.3349,36.4166],[25.3339,36.4162],[25.3328,36.4169],[25.3318,36.4162],[25.3267,36.4161],[25.3236,36.412],[25.3223,36.4089],[25.3224,36.4078],[25.3251,36.4036],[25.3225,36.4005],[25.3228,36.3932],[25.3234,36.3926],[25.3268,36.3922],[25.3277,36.3901],[25.3272,36.3891],[25.3276,36.3881],[25.3297,36.3854],[25.3318,36.3852],[25.3337,36.387],[25.3349,36.3871],[25.3352,36.3849],[25.337,36.3831],[25.3391,36.3828],[25.3484,36.3855],[25.3505,36.3874],[25.3516,36.3869],[25.3532,36.3839],[25.3504,36.3807],[25.35,36.3797],[25.3503,36.3776],[25.3481,36.3755],[25.3505,36.3725],[25.3526,36.3726],[25.3536,36.3721],[25.3544,36.3714],[25.3547,36.3689],[25.3578,36.3673],[25.363,36.367],[25.3661,36.3681],[25.3693,36.3665],[25.3724,36.3662],[25.3734,36.3663],[25.3774,36.3693],[25.3786,36.3693],[25.3818,36.368],[25.3839,36.3682],[25.3849,36.3676],[25.3891,36.3672],[25.3901,36.3664],[25.3932,36.3661],[25.3943,36.3651],[25.3974,36.3651],[25.4005,36.363],[25.412,36.363],[25.413,36.3641],[25.4139,36.3641],[25.4151,36.3653],[25.4151,36.3682],[25.4185,36.3714],[25.4189,36.3724],[25.4189,36.3766],[25.424,36.3818],[25.4246,36.3839],[25.4266,36.3856],[25.4273,36.387],[25.4307,36.3891],[25.4307,36.3901],[25.4318,36.3911],[25.4322,36.3932],[25.4318,36.3964],[25.4307,36.3974],[25.4307,36.3984],[25.4286,36.4009],[25.4279,36.4016],[25.4266,36.4016],[25.4255,36.4026],[25.4263,36.4036],[25.4255,36.4047],[25.4256,36.4068],[25.4273,36.4109],[25.4274,36.413],[25.4269,36.4141],[25.4268,36.4172],[25.4245,36.4193],[25.4245,36.4254],[25.4215,36.4276],[25.4182,36.4276],[25.4172,36.4282],[25.4151,36.4283],[25.4141,36.4276],[25.413,36.4286],[25.4141,36.4304],[25.413,36.4318],[25.4141,36.4328],[25.4141,36.4339],[25.4182,36.438],[25.4182,36.4401],[25.4193,36.4411],[25.4214,36.4411],[25.4214,36.4453],[25.4203,36.4464],[25.4203,36.4488],[25.4182,36.4522],[25.4172,36.4526],[25.412,36.4578],[25.4099,36.4583],[25.4078,36.4583],[25.4047,36.4574],[25.4016,36.4574],[25.3995,36.4557],[25.3974,36.4557],[25.3964,36.4568],[25.3953,36.4568],[25.3937,36.4578],[25.3917,36.4578],[25.3901,36.4568],[25.3891,36.4573],[25.388,36.4571],[25.3859,36.4589],[25.3828,36.4589],[25.3818,36.4593],[25.3807,36.4589],[25.3781,36.4589],[25.3766,36.4578],[25.3755,36.4583],[25.3745,36.4582],[25.3739,36.4568],[25.3724,36.4557],[25.3703,36.4578],[25.3703,36.4592],[25.3686,36.4599],[25.3682,36.4609],[25.3686,36.463],[25.3668,36.4651],[25.3668,36.4672],[25.366,36.4693],[25.3659,36.4745],[25.3682,36.4787],[25.3702,36.4849],[25.3739,36.487],[25.3748,36.488],[25.3749,36.4891],[25.3734,36.4911],[25.374,36.4922],[25.3755,36.4933],[25.3797,36.4937],[25.3839,36.493],[25.387,36.4931],[25.3891,36.4924],[25.3953,36.4885],[25.3974,36.4901],[25.3984,36.4898],[25.4005,36.4878],[25.4047,36.4885],[25.4068,36.4872],[25.4089,36.4892],[25.4099,36.4893],[25.4117,36.488],[25.413,36.4853],[25.4141,36.4849],[25.4161,36.4851],[25.4182,36.4839],[25.4203,36.4839],[25.4286,36.4809],[25.4318,36.4789],[25.4328,36.4788],[25.4331,36.4776],[25.4349,36.4757],[25.4382,36.4734],[25.438,36.4714],[25.4385,36.4703],[25.4411,36.469],[25.4424,36.4693],[25.4424,36.4682],[25.4446,36.4641],[25.4474,36.461],[25.4536,36.4584],[25.4568,36.456],[25.4599,36.4543],[25.462,36.4519],[25.466,36.4484],[25.475,36.437],[25.4758,36.4339],[25.4776,36.4303],[25.4797,36.4316],[25.4818,36.4314],[25.4849,36.4298],[25.4865,36.4297],[25.4901,36.4255],[25.4926,36.4214],[25.4921,36.4193],[25.4943,36.4185],[25.4964,36.4185],[25.4986,36.4172],[25.4988,36.4161],[25.4996,36.4151],[25.4988,36.413],[25.4999,36.412],[25.5001,36.4099],[25.4983,36.4078],[25.5007,36.4057],[25.4985,36.4016],[25.4974,36.3964],[25.4964,36.3943],[25.4967,36.3932],[25.4956,36.3911],[25.4974,36.3891],[25.4984,36.3859],[25.4989,36.3776],[25.5007,36.3766],[25.5016,36.3751],[25.502,36.3724],[25.5031,36.3703],[25.5027,36.3672],[25.5034,36.3641],[25.5026,36.3623],[25.5015,36.362],[25.5007,36.3609],[25.5,36.3568],[25.5002,36.3547],[25.4992,36.3516],[25.4986,36.3505],[25.4968,36.3495],[25.4964,36.3479],[25.4953,36.3467],[25.4939,36.3464],[25.4932,36.345],[25.4922,36.3448],[25.4916,36.3443],[25.4911,36.3431],[25.4881,36.3401],[25.4859,36.3372],[25.4861,36.3349],[25.4852,36.3328],[25.4853,36.3318],[25.4839,36.3309],[25.4828,36.3313],[25.4811,36.3307],[25.477,36.3266],[25.4755,36.3261],[25.4749,36.3245],[25.4725,36.3234],[25.4702,36.3203],[25.4675,36.3193],[25.4679,36.3182],[25.4672,36.3169],[25.4662,36.3161],[25.4621,36.3151],[25.4644,36.3141],[25.463,36.3124],[25.462,36.3124],[25.4589,36.3111],[25.4581,36.3089],[25.4557,36.3081],[25.4526,36.3061],[25.4495,36.3053],[25.4484,36.3054],[25.4474,36.3062],[25.4472,36.3036],[25.4464,36.3027],[25.4443,36.3032],[25.4401,36.303],[25.4385,36.3016]],[[25.8203,36.295],[25.8198,36.2953],[25.8213,36.2953]],[[25.8026,36.2942],[25.8016,36.2941],[25.8005,36.2934],[25.7995,36.2935],[25.7964,36.2948],[25.7953,36.2944],[25.7943,36.2956],[25.7932,36.2956],[25.7911,36.2937],[25.7901,36.2934],[25.7859,36.2948],[25.7828,36.2969],[25.7823,36.2984],[25.7807,36.2987],[25.7805,36.2995],[25.7811,36.3005],[25.7807,36.3011],[25.7797,36.3005],[25.7784,36.3016],[25.7773,36.3047],[25.7776,36.3058],[25.7743,36.3089],[25.7734,36.3104],[25.7698,36.3109],[25.7672,36.3128],[25.7661,36.313],[25.7651,36.3141],[25.7536,36.3164],[25.7526,36.317],[25.7453,36.3177],[25.7411,36.3195],[25.7359,36.3208],[25.7307,36.3237],[25.7297,36.3238],[25.7286,36.323],[25.7276,36.3239],[25.7269,36.3234],[25.7279,36.3214],[25.7255,36.3203],[25.7234,36.3201],[25.7221,36.3214],[25.7221,36.3224],[25.7245,36.3237],[25.7266,36.3235],[25.7281,36.3255],[25.7283,36.3266],[25.7266,36.3285],[25.7234,36.3294],[25.721,36.3318],[25.7182,36.3328],[25.7151,36.3318],[25.7154,36.3307],[25.7174,36.3286],[25.717,36.3276],[25.7161,36.3267],[25.7151,36.3265],[25.7141,36.3272],[25.713,36.3267],[25.7126,36.3276],[25.7146,36.3286],[25.715,36.3297],[25.7147,36.3307],[25.713,36.3314],[25.712,36.3302],[25.7109,36.3304],[25.71,36.3307],[25.7097,36.3318],[25.7089,36.3323],[25.7057,36.3317],[25.7036,36.332],[25.7026,36.3334],[25.7016,36.334],[25.7007,36.337],[25.7016,36.3383],[25.7026,36.3378],[25.7033,36.338],[25.7032,36.3391],[25.7026,36.3399],[25.6999,36.3391],[25.6984,36.338],[25.6974,36.3385],[25.6953,36.3384],[25.6932,36.3396],[25.6907,36.3443],[25.6917,36.3464],[25.6913,36.3484],[25.6932,36.3498],[25.6943,36.3517],[25.6951,36.3505],[25.6945,36.3495],[25.6953,36.3488],[25.6974,36.3507],[25.7013,36.3557],[25.6995,36.3562],[25.6991,36.3568],[25.7002,36.3578],[25.7004,36.3599],[25.7036,36.363],[25.7041,36.3641],[25.7068,36.3661],[25.7057,36.367],[25.7047,36.3667],[25.7047,36.3683],[25.7073,36.3651],[25.7089,36.3651],[25.7123,36.3682],[25.7109,36.37],[25.7089,36.3679],[25.7065,36.3693],[25.7078,36.3693],[25.7089,36.3686],[25.7109,36.3706],[25.712,36.3698],[25.713,36.3701],[25.7141,36.3714],[25.7137,36.3724],[25.7151,36.372],[25.7193,36.3739],[25.7218,36.3755],[25.7224,36.3766],[25.7307,36.3839],[25.7411,36.3894],[25.7431,36.3922],[25.7435,36.3943],[25.7444,36.3953],[25.7474,36.398],[25.7568,36.4036],[25.7578,36.4048],[25.7593,36.4089],[25.7609,36.4104],[25.763,36.4104],[25.7651,36.4096],[25.7693,36.409],[25.7703,36.4092],[25.7714,36.4077],[25.7755,36.406],[25.7776,36.4062],[25.7786,36.407],[25.7793,36.4057],[25.7807,36.4056],[25.7818,36.4044],[25.7839,36.4069],[25.7846,36.4068],[25.7855,36.4057],[25.7859,36.4033],[25.7895,36.4026],[25.7911,36.4004],[25.7943,36.4028],[25.7964,36.4036],[25.7972,36.4026],[25.7974,36.401],[25.7998,36.4026],[25.8005,36.4038],[25.8016,36.4041],[25.8057,36.4047],[25.812,36.4036],[25.8152,36.4016],[25.8192,36.3974],[25.8234,36.3939],[25.8328,36.3887],[25.8346,36.387],[25.8369,36.3839],[25.8401,36.3754],[25.8418,36.3745],[25.8425,36.3734],[25.8495,36.3698],[25.8516,36.3691],[25.8526,36.3696],[25.8589,36.369],[25.8599,36.3682],[25.8611,36.3682],[25.8651,36.3658],[25.8689,36.3609],[25.8706,36.3568],[25.8713,36.3526],[25.8709,36.3495],[25.8697,36.3464],[25.8682,36.3441],[25.8622,36.3391],[25.8578,36.3365],[25.8474,36.332],[25.8401,36.33],[25.8349,36.3297],[25.8318,36.3289],[25.8286,36.3289],[25.8224,36.3264],[25.8201,36.3234],[25.8198,36.3172],[25.8191,36.3161],[25.8195,36.3141],[25.8191,36.3047],[25.8184,36.3026],[25.8151,36.3008],[25.8119,36.2974],[25.8109,36.2958],[25.8047,36.2946],[25.8026,36.2957],[25.802,36.2953],[25.8026,36.2944],[25.8032,36.2943]],[[25.8974,36.2609],[25.8953,36.2605],[25.8943,36.261],[25.8932,36.2605],[25.8922,36.261],[25.8911,36.2606],[25.8797,36.2622],[25.8776,36.2631],[25.8755,36.2629],[25.8745,36.2634],[25.8734,36.2629],[25.8724,36.2638],[25.8703,36.2644],[25.8704,36.2682],[25.8693,36.2678],[25.8688,36.2682],[25.869,36.2693],[25.8672,36.2701],[25.8659,36.2714],[25.8665,36.2745],[25.8684,36.2766],[25.8685,36.2776],[25.8695,36.2786],[25.8724,36.2806],[25.8745,36.2813],[25.8786,36.2822],[25.887,36.2821],[25.8953,36.2828],[25.9047,36.2851],[25.9078,36.2845],[25.912,36.2797],[25.9121,36.2776],[25.9116,36.2755],[25.905,36.2661],[25.9032,36.2651],[25.9032,36.2641],[25.9005,36.2615],[25.8984,36.2614]],[[25.8349,36.2599],[25.8318,36.2597],[25.8276,36.2604],[25.8245,36.2602],[25.8223,36.2609],[25.8188,36.2641],[25.8182,36.2655],[25.8169,36.2661],[25.8166,36.2672],[25.8152,36.2682],[25.8128,36.2724],[25.8131,36.2766],[25.8121,36.2776],[25.8118,36.2786],[25.8126,36.2797],[25.8128,36.2807],[25.8123,36.2818],[25.8135,36.2849],[25.813,36.287],[25.815,36.2922],[25.8161,36.2932],[25.8153,36.2943],[25.8172,36.2955],[25.819,36.2953],[25.8182,36.2951],[25.8152,36.2922],[25.8172,36.291],[25.819,36.2932],[25.8224,36.2948],[25.8234,36.2948],[25.8255,36.2935],[25.8266,36.2942],[25.8286,36.2941],[25.8318,36.2927],[25.8328,36.2929],[25.838,36.292],[25.8398,36.2901],[25.8411,36.2901],[25.8419,36.2891],[25.8432,36.2893],[25.8443,36.2874],[25.8464,36.2859],[25.8496,36.2818],[25.85,36.2807],[25.8493,36.2786],[25.8511,36.2776],[25.8523,36.2755],[25.8531,36.2734],[25.8532,36.2714],[25.8505,36.2698],[25.8474,36.2663],[25.8437,36.2651],[25.8391,36.2622],[25.8391,36.2609],[25.838,36.2613],[25.837,36.2601]],[[25.2297,36.2232],[25.2276,36.2231],[25.2271,36.2234],[25.2266,36.2276],[25.2245,36.226],[25.2241,36.2266],[25.2249,36.2276],[25.2245,36.2289],[25.2234,36.2291],[25.2203,36.2285],[25.213,36.2286],[25.212,36.2282],[25.2109,36.2283],[25.2099,36.2276],[25.2059,36.2286],[25.2017,36.2318],[25.1998,36.2349],[25.1984,36.2363],[25.1943,36.2383],[25.1932,36.238],[25.1917,36.2391],[25.1905,36.2411],[25.1898,36.2443],[25.191,36.2474],[25.192,36.2526],[25.1955,36.2599],[25.1964,36.2608],[25.1984,36.2625],[25.2005,36.2631],[25.2016,36.263],[25.2039,36.2641],[25.2057,36.2661],[25.2072,36.2609],[25.2088,36.2599],[25.2093,36.2589],[25.2092,36.2568],[25.215,36.2495],[25.2147,36.2484],[25.2164,36.2422],[25.2203,36.2363],[25.223,36.2339],[25.2245,36.2309],[25.2305,36.2266],[25.2307,36.2237]],[[25.2297,36.2193],[25.2286,36.2193],[25.2276,36.2203],[25.2276,36.2214],[25.2286,36.2224],[25.2297,36.2224],[25.2307,36.2214],[25.2307,36.2203]],[[25.2703,36.1098],[25.2693,36.1095],[25.2686,36.1099],[25.2687,36.1109],[25.2701,36.1109]]]}},{"type":"Feature","properties":{"depth":100,"kind":"band"},"geometry":{"type":"MultiPolygon","coordinates":[[[[25.6555,36.9766],[25.6547,36.9769],[25.6544,36.9766],[25.6547,36.976],[25.6555,36.9766]]],[[[25.6542,36.9745],[25.6536,36.9748],[25.6534,36.9745],[25.6536,36.974],[25.6542,36.9745]]],[[[25.6831,36.863],[25.6818,36.863],[25.6828,36.8623],[25.6831,36.863]]],[[[25.665,36.8609],[25.6641,36.8619],[25.6633,36.8609],[25.6641,36.8599],[25.665,36.8609]]],[[[25.6042,36.8599],[25.6036,36.8603],[25.6033,36.8599],[25.6036,36.8591],[25.6042,36.8599]]],[[[25.6781,36.8589],[25.6821,36.8599],[25.6826,36.862],[25.6818,36.863],[25.6786,36.8635],[25.6755,36.8631],[25.6734,36.8634],[25.6693,36.8623],[25.6682,36.8626],[25.6664,36.8609],[25.6678,36.8599],[25.6703,36.8594],[25.6781,36.8589]]],[[[25.5891,36.8578],[25.5891,36.8582],[25.5888,36.8578],[25.5891,36.8578]]],[[[25.5884,36.8568],[25.588,36.8577],[25.5875,36.8568],[25.588,36.8564],[25.5884,36.8568]]],[[[25.5913,36.8568],[25.5912,36.8578],[25.5925,36.8599],[25.5922,36.8621],[25.5895,36.8589],[25.591,36.8578],[25.5913,36.8568]]],[[[25.1913,36.8161],[25.1904,36.8161],[25.1911,36.8158],[25.1913,36.8161]]],[[[25.4019,36.7984],[25.4013,36.7984],[25.4016,36.798],[25.4019,36.7984]]],[[[25.2153,36.7495],[25.2151,36.7505],[25.2148,36.7495],[25.2151,36.7491],[25.2153,36.7495]]],[[[25.439,36.7286],[25.4379,36.7286],[25.438,36.7276],[25.439,36.7286]]],[[[25.214,36.6516],[25.2126,36.6516],[25.213,36.6507],[25.214,36.6516]]],[[[25.001,36.6339],[25.0009,36.6349],[25.0016,36.6359],[25.0013,36.637],[25.0026,36.6391],[25.0057,36.6403],[25.0068,36.6397],[25.0078,36.6407],[25.0089,36.6399],[25.0099,36.6404],[25.012,36.6395],[25.013,36.6409],[25.0141,36.6411],[25.0141,36.6433],[25.0151,36.6417],[25.0172,36.6428],[25.0214,36.6434],[25.0224,36.643],[25.0234,36.6437],[25.0255,36.6436],[25.0286,36.6423],[25.0307,36.6427],[25.0328,36.6423],[25.037,36.6429],[25.038,36.6436],[25.0422,36.643],[25.0432,36.6445],[25.0464,36.6466],[25.0495,36.6477],[25.0547,36.6504],[25.0569,36.6536],[25.0574,36.6568],[25.058,36.6578],[25.0578,36.6589],[25.0607,36.662],[25.0621,36.6682],[25.0651,36.6724],[25.0684,36.6755],[25.0703,36.6786],[25.0713,36.6818],[25.071,36.6839],[25.0714,36.6859],[25.0755,36.6927],[25.0849,36.7001],[25.0911,36.7041],[25.0974,36.7069],[25.1068,36.7098],[25.1109,36.7122],[25.1141,36.7131],[25.1172,36.7149],[25.1318,36.7259],[25.1328,36.7257],[25.1349,36.727],[25.1453,36.7299],[25.1682,36.7348],[25.1797,36.7345],[25.1818,36.7326],[25.1839,36.7319],[25.1854,36.7328],[25.1859,36.734],[25.1901,36.7364],[25.1911,36.7357],[25.1922,36.7361],[25.1932,36.7359],[25.1953,36.7368],[25.1974,36.7346],[25.1994,36.7339],[25.1994,36.7328],[25.2005,36.7318],[25.2003,36.7307],[25.2018,36.7307],[25.2026,36.7271],[25.2036,36.7276],[25.2036,36.7297],[25.205,36.7328],[25.2099,36.7359],[25.2099,36.738],[25.2109,36.7401],[25.2099,36.7411],[25.2099,36.7432],[25.212,36.7453],[25.2109,36.7464],[25.212,36.7484],[25.212,36.7516],[25.213,36.7526],[25.2134,36.7568],[25.2128,36.7609],[25.212,36.763],[25.2127,36.7682],[25.2109,36.7714],[25.2094,36.7786],[25.2076,36.7807],[25.2072,36.7849],[25.2064,36.787],[25.2089,36.7887],[25.212,36.789],[25.2161,36.7861],[25.2172,36.7859],[25.2179,36.7849],[25.2179,36.7839],[25.2193,36.7828],[25.2224,36.7826],[25.2255,36.7831],[25.2286,36.7819],[25.2328,36.7823],[25.237,36.7808],[25.2391,36.781],[25.2432,36.7836],[25.2462,36.788],[25.2472,36.7922],[25.2471,36.7995],[25.2481,36.8026],[25.2519,36.8089],[25.2521,36.8099],[25.2518,36.8109],[25.2474,36.8131],[25.2391,36.8134],[25.2318,36.816],[25.2276,36.8165],[25.2245,36.8178],[25.2214,36.817],[25.2203,36.8173],[25.2153,36.8141],[25.2152,36.813],[25.2139,36.812],[25.2137,36.8109],[25.2112,36.8078],[25.2109,36.8047],[25.2103,36.8036],[25.2066,36.7995],[25.2057,36.797],[25.2047,36.7974],[25.2047,36.7995],[25.2036,36.7999],[25.2014,36.8026],[25.2015,36.8036],[25.2005,36.8047],[25.1984,36.809],[25.1973,36.8099],[25.1976,36.8109],[25.1968,36.812],[25.1965,36.8141],[25.1952,36.8141],[25.1948,36.8151],[25.1959,36.8161],[25.1953,36.8173],[25.1943,36.8176],[25.1911,36.815],[25.1901,36.8161],[25.1891,36.8164],[25.1882,36.8151],[25.187,36.8149],[25.1859,36.8157],[25.1859,36.817],[25.187,36.8168],[25.1886,36.8182],[25.187,36.82],[25.1859,36.8198],[25.1849,36.8188],[25.1837,36.8245],[25.1844,36.8255],[25.1839,36.8266],[25.1828,36.8261],[25.1818,36.8273],[25.1807,36.8274],[25.1776,36.8255],[25.1779,36.8286],[25.1769,36.8318],[25.1734,36.8339],[25.1714,36.8342],[25.1693,36.8354],[25.1648,36.8391],[25.1642,36.8401],[25.1651,36.8409],[25.1664,36.8411],[25.1651,36.8432],[25.1651,36.8443],[25.1641,36.8453],[25.163,36.8516],[25.162,36.851],[25.1609,36.8516],[25.1609,36.8526],[25.1599,36.8533],[25.1572,36.8568],[25.1521,36.8609],[25.1474,36.8624],[25.1464,36.8633],[25.1453,36.8631],[25.1432,36.8639],[25.1318,36.8703],[25.1318,36.8714],[25.1297,36.874],[25.1286,36.874],[25.1266,36.875],[25.1234,36.8786],[25.1214,36.8792],[25.1151,36.8859],[25.1141,36.8859],[25.112,36.888],[25.1109,36.888],[25.1068,36.8911],[25.1057,36.8911],[25.1047,36.8922],[25.1036,36.8922],[25.1016,36.8932],[25.1009,36.8943],[25.0953,36.8969],[25.0943,36.8986],[25.0932,36.8987],[25.0922,36.8998],[25.0901,36.8997],[25.0865,36.9016],[25.0867,36.9026],[25.0839,36.9038],[25.0818,36.9062],[25.0797,36.9066],[25.0745,36.9061],[25.0734,36.9081],[25.0724,36.9074],[25.0714,36.9099],[25.0704,36.9109],[25.0693,36.9105],[25.0656,36.912],[25.062,36.9144],[25.0599,36.9148],[25.0547,36.921],[25.0547,36.9224],[25.0536,36.9226],[25.0526,36.9219],[25.0516,36.923],[25.0505,36.9222],[25.0495,36.9224],[25.0494,36.9234],[25.0474,36.9251],[25.0464,36.924],[25.0453,36.9242],[25.0432,36.9268],[25.0422,36.9258],[25.0411,36.9258],[25.0394,36.9276],[25.0391,36.9287],[25.038,36.9277],[25.0349,36.928],[25.0339,36.9291],[25.0307,36.9298],[25.0297,36.9308],[25.0286,36.93],[25.0266,36.9299],[25.0245,36.9307],[25.0234,36.9318],[25.0224,36.9307],[25.0193,36.9307],[25.0151,36.9297],[25.0141,36.9302],[25.012,36.93],[25.0109,36.9307],[25.0078,36.9286],[25,36.9297],[25,36.6339],[25.0005,36.6332],[25.001,36.6339]]],[[[25.6664,36.6328],[25.6661,36.6332],[25.6658,36.6328],[25.6664,36.6328]]],[[[25.2743,36.6307],[25.2797,36.634],[25.2824,36.637],[25.2833,36.6401],[25.282,36.6443],[25.2777,36.6505],[25.2746,36.6536],[25.2724,36.6552],[25.2641,36.6595],[25.262,36.6595],[25.2568,36.6581],[25.2547,36.6557],[25.2512,36.6484],[25.2506,36.6411],[25.2513,36.638],[25.2526,36.6368],[25.2651,36.6311],[25.2703,36.63],[25.2743,36.6307]]],[[[25.3633,36.6255],[25.3629,36.6255],[25.363,36.6252],[25.3633,36.6255]]],[[[25.0854,36.6109],[25.0849,36.6119],[25.0846,36.6109],[25.0849,36.6105],[25.0854,36.6109]]],[[[25.0852,36.6078],[25.0849,36.6086],[25.0843,36.6078],[25.0849,36.6073],[25.0852,36.6078]]],[[[25.5009,36.413],[25.5012,36.4141],[25.5005,36.4143],[25.5004,36.413],[25.5009,36.413]]],[[[25.7869,36.4089],[25.7849,36.4097],[25.7847,36.4089],[25.7869,36.4089]]],[[[25.7846,36.4078],[25.7839,36.4085],[25.7832,36.4078],[25.7839,36.4073],[25.7846,36.4078]]],[[[25.7834,36.4068],[25.7828,36.4074],[25.7822,36.4068],[25.7828,36.4061],[25.7834,36.4068]]],[[[25.7037,36.3661],[25.7041,36.3682],[25.7055,36.3703],[25.7047,36.3713],[25.7025,36.3672],[25.7037,36.3661]]],[[[25.6955,36.3599],[25.6953,36.3603],[25.6947,36.3599],[25.6955,36.3599]]],[[[25.6946,36.3589],[25.6943,36.3596],[25.6936,36.3589],[25.6943,36.3583],[25.6946,36.3589]]],[[[25.4095,36.3078],[25.4089,36.3084],[25.4083,36.3078],[25.4089,36.3074],[25.4095,36.3078]]],[[[25.8474,36.2911],[25.8464,36.292],[25.8464,36.2909],[25.8474,36.2911]]],[[[25.797,36.2891],[25.7969,36.2901],[25.7964,36.2905],[25.7957,36.2891],[25.7964,36.2882],[25.797,36.2891]]],[[[25.8102,36.2786],[25.8098,36.2797],[25.8094,36.2786],[25.8099,36.2777],[25.8102,36.2786]]],[[[25.2239,36.2276],[25.2234,36.228],[25.2229,36.2276],[25.2234,36.2266],[25.2239,36.2276]]],[[[26,36.0005],[26,36.8849],[25.9983,36.8849],[25.9953,36.8829],[25.9932,36.8828],[25.9932,36.8818],[25.9911,36.8797],[25.987,36.8794],[25.985,36.8786],[25.9837,36.8776],[25.9839,36.8766],[25.9848,36.8755],[25.9845,36.8745],[25.9818,36.8725],[25.9755,36.8712],[25.9734,36.8688],[25.97,36.8661],[25.9682,36.8656],[25.9661,36.8664],[25.9651,36.8651],[25.9641,36.8652],[25.963,36.8641],[25.9619,36.8641],[25.9589,36.8612],[25.9578,36.8576],[25.9547,36.8559],[25.9514,36.8557],[25.949,36.8536],[25.9484,36.8526],[25.9467,36.8516],[25.9411,36.8504],[25.9391,36.8496],[25.9367,36.8474],[25.9318,36.8408],[25.9305,36.8401],[25.9297,36.8391],[25.9298,36.838],[25.9288,36.837],[25.9266,36.8355],[25.9203,36.8331],[25.9182,36.8307],[25.9162,36.8307],[25.912,36.8266],[25.9128,36.8245],[25.9126,36.8224],[25.913,36.8212],[25.9141,36.8206],[25.9151,36.8207],[25.9161,36.8217],[25.9181,36.8182],[25.918,36.8172],[25.9151,36.8149],[25.913,36.8123],[25.9121,36.812],[25.913,36.8109],[25.912,36.8118],[25.9109,36.8088],[25.9099,36.8088],[25.9078,36.807],[25.9047,36.8065],[25.9026,36.8052],[25.9016,36.8057],[25.9004,36.8047],[25.8995,36.8029],[25.8974,36.8025],[25.8922,36.8],[25.8901,36.798],[25.8881,36.7943],[25.887,36.7931],[25.8797,36.7868],[25.8766,36.7854],[25.8724,36.7817],[25.8672,36.7814],[25.8661,36.781],[25.8641,36.7819],[25.863,36.7813],[25.8599,36.7814],[25.8568,36.7778],[25.8557,36.7773],[25.8474,36.7765],[25.8432,36.7743],[25.8411,36.7742],[25.837,36.775],[25.8348,36.7745],[25.8318,36.7726],[25.8286,36.7731],[25.8255,36.7729],[25.8216,36.7714],[25.8203,36.7704],[25.8193,36.7703],[25.8177,36.7661],[25.813,36.7637],[25.8099,36.7642],[25.8047,36.7615],[25.8036,36.7613],[25.8016,36.7621],[25.7974,36.7615],[25.7953,36.7619],[25.7943,36.7616],[25.7932,36.7602],[25.7901,36.7611],[25.787,36.7606],[25.7828,36.7621],[25.7693,36.7626],[25.762,36.7659],[25.7589,36.7663],[25.7516,36.7689],[25.7484,36.7711],[25.7439,36.7755],[25.738,36.782],[25.7345,36.7849],[25.7311,36.7891],[25.7282,36.7932],[25.7276,36.7953],[25.7263,36.7974],[25.7262,36.8005],[25.7252,36.8016],[25.726,36.8026],[25.7259,36.8036],[25.7244,36.8047],[25.7251,36.8078],[25.7266,36.8089],[25.7252,36.8099],[25.7248,36.8109],[25.7258,36.813],[25.7251,36.8141],[25.7257,36.8161],[25.728,36.8182],[25.7272,36.8193],[25.7274,36.8214],[25.7281,36.8214],[25.7286,36.8202],[25.7297,36.8219],[25.733,36.8245],[25.7326,36.8255],[25.7343,36.8266],[25.7339,36.8276],[25.7401,36.83],[25.7411,36.8309],[25.7464,36.8316],[25.7557,36.8284],[25.7568,36.8287],[25.7645,36.8266],[25.7661,36.8245],[25.7703,36.8244],[25.7734,36.8254],[25.7755,36.8272],[25.7788,36.8286],[25.787,36.8335],[25.7943,36.8356],[25.7974,36.8355],[25.8016,36.8341],[25.8026,36.8341],[25.8099,36.8312],[25.8161,36.8309],[25.8193,36.8309],[25.8203,36.8313],[25.8221,36.8328],[25.8226,36.8349],[25.8217,36.837],[25.8225,36.838],[25.8233,36.8411],[25.8276,36.8504],[25.8304,36.8547],[25.8352,36.8599],[25.8391,36.8621],[25.8484,36.864],[25.8516,36.8663],[25.8526,36.8659],[25.8589,36.8685],[25.863,36.8695],[25.8641,36.8703],[25.8661,36.8705],[25.8693,36.8727],[25.8703,36.8725],[25.8745,36.875],[25.8755,36.8748],[25.8761,36.8755],[25.8755,36.8806],[25.8731,36.888],[25.8732,36.8891],[25.874,36.8922],[25.8755,36.8946],[25.8786,36.8965],[25.8797,36.8964],[25.8859,36.8981],[25.8953,36.8997],[25.8974,36.9018],[25.8984,36.9002],[25.8995,36.9007],[25.9057,36.9015],[25.9068,36.9013],[25.9078,36.9019],[25.9089,36.9013],[25.912,36.9015],[25.9172,36.901],[25.9255,36.8984],[25.9258,36.8974],[25.9289,36.8953],[25.9307,36.8919],[25.9328,36.893],[25.9359,36.8926],[25.9391,36.8943],[25.9422,36.8953],[25.9443,36.8953],[25.9453,36.896],[25.9475,36.8984],[25.9488,36.9016],[25.9476,36.9036],[25.9477,36.9047],[25.9456,36.9099],[25.9458,36.913],[25.947,36.9161],[25.9516,36.9225],[25.9589,36.9282],[25.962,36.9318],[25.9686,36.9359],[25.9755,36.9378],[25.9859,36.9382],[25.987,36.9391],[25.988,36.939],[25.9895,36.9401],[25.9901,36.9415],[25.9922,36.9427],[25.9995,36.9435],[26,36.9443],[26,36.9995],[25.9995,37],[25.6547,37],[25.6546,36.9995],[25.6571,36.9953],[25.6571,36.9943],[25.6582,36.9932],[25.6575,36.988],[25.6578,36.9875],[25.6589,36.9885],[25.6591,36.988],[25.6586,36.987],[25.6584,36.9828],[25.6575,36.9818],[25.658,36.9807],[25.6569,36.9786],[25.6557,36.9776],[25.6559,36.9766],[25.6551,36.9755],[25.6552,36.9745],[25.6536,36.9718],[25.6513,36.9693],[25.6513,36.9682],[25.6484,36.9662],[25.6471,36.9641],[25.647,36.963],[25.6474,36.9596],[25.6495,36.9542],[25.6509,36.9526],[25.6534,36.9432],[25.6599,36.9351],[25.664,36.9276],[25.6669,36.9245],[25.6734,36.9199],[25.6817,36.9151],[25.6855,36.912],[25.6872,36.9099],[25.6887,36.9078],[25.6898,36.9036],[25.6924,36.9005],[25.6934,36.8984],[25.6931,36.8974],[25.6943,36.8967],[25.6957,36.8932],[25.6974,36.8921],[25.6987,36.8901],[25.6987,36.888],[25.6995,36.8876],[25.7005,36.888],[25.7004,36.887],[25.7017,36.8849],[25.7022,36.8818],[25.7029,36.8807],[25.7024,36.8786],[25.7028,36.8745],[25.702,36.8714],[25.6994,36.8693],[25.6998,36.8682],[25.6992,36.8661],[25.6999,36.8651],[25.6998,36.8641],[25.7012,36.862],[25.7026,36.8609],[25.7029,36.8599],[25.7002,36.8526],[25.7007,36.8443],[25.6997,36.8432],[25.6995,36.842],[25.6984,36.8416],[25.697,36.8391],[25.6958,36.838],[25.6949,36.8359],[25.6932,36.8349],[25.6922,36.8352],[25.6901,36.8332],[25.6776,36.8297],[25.6734,36.827],[25.6724,36.8276],[25.6714,36.8269],[25.6703,36.8275],[25.6682,36.8272],[25.6661,36.8284],[25.6651,36.8284],[25.6602,36.8307],[25.6589,36.8328],[25.6547,36.8354],[25.6516,36.8368],[25.6495,36.8369],[25.6484,36.8377],[25.6474,36.8375],[25.6458,36.8391],[25.6453,36.8405],[25.6441,36.8411],[25.6436,36.8422],[25.6446,36.8443],[25.6437,36.8464],[25.6455,36.8484],[25.6455,36.8505],[25.6484,36.8539],[25.6547,36.8584],[25.6599,36.8596],[25.664,36.8599],[25.6626,36.8609],[25.6568,36.8613],[25.6495,36.8596],[25.6479,36.8589],[25.6475,36.8578],[25.6448,36.8557],[25.6443,36.8547],[25.6432,36.8551],[25.6411,36.8532],[25.6391,36.8529],[25.637,36.8515],[25.6318,36.85],[25.6293,36.8516],[25.6245,36.8504],[25.6234,36.8513],[25.6224,36.8507],[25.6214,36.8509],[25.6193,36.8518],[25.6172,36.8538],[25.6151,36.8546],[25.6089,36.8542],[25.6075,36.8536],[25.6092,36.8557],[25.6068,36.8578],[25.6051,36.8568],[25.6043,36.8568],[25.6054,36.8578],[25.6047,36.8587],[25.6026,36.8592],[25.5964,36.8575],[25.5901,36.8526],[25.5891,36.8526],[25.588,36.853],[25.587,36.8543],[25.5859,36.8536],[25.5872,36.8557],[25.5865,36.8568],[25.5879,36.8578],[25.587,36.8585],[25.5859,36.8584],[25.5839,36.8564],[25.5828,36.8575],[25.5766,36.8537],[25.5734,36.8509],[25.5714,36.8477],[25.5693,36.8464],[25.5609,36.8436],[25.5557,36.841],[25.5547,36.8415],[25.5516,36.8398],[25.5411,36.8335],[25.5391,36.8317],[25.538,36.83],[25.5356,36.8286],[25.5349,36.8276],[25.5339,36.8277],[25.5318,36.8264],[25.5286,36.8258],[25.5255,36.8262],[25.5234,36.8245],[25.5193,36.8246],[25.5172,36.8257],[25.5151,36.8288],[25.5136,36.8286],[25.513,36.8303],[25.5114,36.8307],[25.5109,36.8319],[25.5089,36.8312],[25.5068,36.8315],[25.5026,36.8313],[25.4995,36.8291],[25.4984,36.8272],[25.4934,36.8245],[25.4935,36.8234],[25.4928,36.8224],[25.4911,36.8214],[25.4916,36.8203],[25.4911,36.82],[25.4901,36.8209],[25.4891,36.8196],[25.488,36.8196],[25.4859,36.8171],[25.4839,36.8165],[25.4823,36.8151],[25.4755,36.8117],[25.4734,36.811],[25.4724,36.8117],[25.4703,36.8103],[25.4682,36.8094],[25.4672,36.8095],[25.4651,36.8082],[25.4641,36.8085],[25.4599,36.805],[25.4589,36.8036],[25.4568,36.8033],[25.4547,36.802],[25.4536,36.8025],[25.4484,36.8005],[25.4422,36.799],[25.4391,36.7974],[25.4359,36.7976],[25.4353,36.7984],[25.4349,36.8016],[25.4339,36.8007],[25.4328,36.8011],[25.4297,36.7993],[25.4286,36.7993],[25.4276,36.7977],[25.427,36.7995],[25.4276,36.8008],[25.4266,36.8007],[25.4256,36.7984],[25.4241,36.7974],[25.4234,36.7964],[25.4224,36.7971],[25.4207,36.7953],[25.4163,36.7943],[25.4153,36.7932],[25.4151,36.792],[25.413,36.791],[25.4109,36.7935],[25.4099,36.7931],[25.4088,36.7943],[25.4078,36.7978],[25.4068,36.796],[25.4036,36.7969],[25.4026,36.798],[25.4019,36.7974],[25.4038,36.7943],[25.4057,36.7892],[25.4078,36.7877],[25.4121,36.7818],[25.4123,36.7807],[25.4119,36.7797],[25.4125,36.7776],[25.412,36.7755],[25.4142,36.7714],[25.4157,36.7661],[25.4166,36.7651],[25.4164,36.763],[25.4157,36.762],[25.4163,36.7599],[25.4187,36.7568],[25.4193,36.7554],[25.4217,36.7526],[25.4234,36.7516],[25.4246,36.7495],[25.4278,36.7464],[25.4297,36.7435],[25.4351,36.738],[25.4367,36.7349],[25.4378,36.7339],[25.4383,36.7328],[25.4379,36.7307],[25.4396,36.7276],[25.4378,36.7255],[25.4384,36.7245],[25.4391,36.7242],[25.4411,36.7253],[25.4416,36.7245],[25.438,36.7221],[25.4375,36.7224],[25.4383,36.7234],[25.438,36.7241],[25.4359,36.7236],[25.4361,36.7224],[25.4347,36.7224],[25.4348,36.7214],[25.4339,36.7191],[25.4276,36.7134],[25.4254,36.7016],[25.4224,36.6977],[25.4172,36.6934],[25.4144,36.6891],[25.4135,36.6839],[25.4137,36.6745],[25.4123,36.6641],[25.4092,36.6547],[25.4062,36.6474],[25.4043,36.6443],[25.4005,36.6413],[25.3885,36.6391],[25.3859,36.6374],[25.3839,36.637],[25.3828,36.6359],[25.3776,36.6333],[25.3755,36.6327],[25.3745,36.6333],[25.3717,36.6297],[25.3682,36.6268],[25.3641,36.6248],[25.363,36.6239],[25.362,36.6242],[25.3578,36.6203],[25.3525,36.6182],[25.3475,36.613],[25.3459,36.6109],[25.3446,36.6078],[25.3439,36.6047],[25.3442,36.6036],[25.3433,36.6005],[25.3433,36.5932],[25.3438,36.5911],[25.3428,36.5901],[25.3432,36.5891],[25.3422,36.5867],[25.3394,36.5828],[25.3391,36.5789],[25.338,36.5772],[25.337,36.5762],[25.3359,36.5762],[25.3351,36.5776],[25.3349,36.5793],[25.3339,36.5748],[25.3286,36.5733],[25.3214,36.5729],[25.3151,36.5707],[25.3068,36.5647],[25.3044,36.562],[25.3026,36.5579],[25.2995,36.557],[25.2974,36.5573],[25.2964,36.5566],[25.2932,36.5584],[25.2911,36.5581],[25.2891,36.5591],[25.2869,36.5609],[25.2865,36.562],[25.2849,36.5628],[25.2844,36.5641],[25.2808,36.5672],[25.2764,36.5724],[25.268,36.5859],[25.2649,36.5891],[25.2602,36.5953],[25.2498,36.6036],[25.248,36.6057],[25.2463,36.6089],[25.2411,36.6151],[25.2412,36.6161],[25.2378,36.6203],[25.2361,36.6234],[25.2328,36.6276],[25.2302,36.6297],[25.2289,36.6328],[25.2261,36.637],[25.2252,36.6391],[25.2247,36.6422],[25.2254,36.6432],[25.2251,36.6443],[25.2258,36.6453],[25.2257,36.6484],[25.2237,36.6536],[25.2224,36.6546],[25.2193,36.6544],[25.2161,36.6524],[25.2151,36.6522],[25.213,36.6505],[25.212,36.651],[25.2099,36.6494],[25.2068,36.6494],[25.2057,36.6506],[25.2047,36.6502],[25.2016,36.6515],[25.1995,36.6505],[25.1974,36.6502],[25.1964,36.6505],[25.1953,36.6496],[25.1943,36.6506],[25.1922,36.6505],[25.1891,36.6528],[25.188,36.6523],[25.1859,36.6538],[25.1818,36.6553],[25.1682,36.6533],[25.1578,36.6512],[25.1564,36.6505],[25.1536,36.6481],[25.1495,36.6405],[25.1453,36.6372],[25.1432,36.6364],[25.1359,36.6353],[25.1307,36.6337],[25.1283,36.6339],[25.1182,36.6313],[25.113,36.6286],[25.1089,36.6237],[25.1057,36.6214],[25.0984,36.6189],[25.0922,36.6158],[25.0901,36.6155],[25.0891,36.6147],[25.0859,36.6144],[25.0853,36.612],[25.0859,36.6118],[25.0863,36.6109],[25.0856,36.6099],[25.0867,36.6089],[25.0865,36.6078],[25.0849,36.6063],[25.0828,36.6066],[25.0819,36.6057],[25.0786,36.6056],[25.0776,36.6049],[25.0766,36.6062],[25.0745,36.6066],[25.0724,36.6057],[25.073,36.6068],[25.0724,36.6073],[25.0703,36.6059],[25.0682,36.607],[25.0651,36.6075],[25.0641,36.6072],[25.0589,36.6087],[25.0578,36.6096],[25.0568,36.6099],[25.0555,36.612],[25.0536,36.6126],[25.0526,36.6142],[25.0516,36.6139],[25.0505,36.6126],[25.0476,36.612],[25.046,36.6109],[25.0453,36.6094],[25.0443,36.6093],[25.0391,36.6143],[25.038,36.6139],[25.0349,36.6149],[25.0339,36.6144],[25.0318,36.6156],[25.0255,36.6149],[25.0234,36.6157],[25.0214,36.6158],[25.0161,36.6148],[25.0141,36.6127],[25.0121,36.612],[25.0121,36.6109],[25.0105,36.6089],[25.0099,36.6084],[25.0078,36.6084],[25.0071,36.6068],[25.0057,36.6055],[25.0047,36.6054],[25.0037,36.6047],[25.0026,36.6024],[25,36.6016],[25,36.0005],[25.0005,36],[25.9995,36],[26,36.0005]],[[25.4203,36.793],[25.4203,36.7934],[25.421,36.7932],[25.4203,36.793]],[[25.4245,36.7886],[25.4234,36.7891],[25.4266,36.7917],[25.4271,36.7911],[25.4245,36.7886]],[[25.5609,36.6971],[25.5578,36.6966],[25.5516,36.6979],[25.5505,36.6974],[25.5509,36.6984],[25.5505,36.699],[25.5464,36.7016],[25.5453,36.7015],[25.545,36.7026],[25.5422,36.7042],[25.5407,36.7057],[25.5406,36.7078],[25.5418,36.7109],[25.5432,36.713],[25.5464,36.7154],[25.5484,36.7161],[25.5505,36.7161],[25.5609,36.7135],[25.5672,36.7109],[25.5682,36.7097],[25.569,36.7078],[25.569,36.7057],[25.5683,36.7036],[25.566,36.7005],[25.5609,36.6971]],[[25.6526,36.6344],[25.6494,36.6359],[25.6512,36.6359],[25.6526,36.6354],[25.6529,36.6349],[25.6526,36.6344]],[[25.087,36.6128],[25.0864,36.613],[25.087,36.6131],[25.087,36.6128]],[[25.6891,36.6128],[25.687,36.6124],[25.6807,36.6131],[25.6776,36.6138],[25.6706,36.6172],[25.6698,36.6182],[25.6696,36.6203],[25.6685,36.6234],[25.6677,36.6245],[25.667,36.6276],[25.6656,36.6307],[25.6656,36.6318],[25.6651,36.6325],[25.6641,36.6317],[25.661,36.6328],[25.6596,36.6349],[25.6599,36.6362],[25.662,36.6366],[25.6641,36.6345],[25.6672,36.6333],[25.6714,36.6347],[25.6828,36.636],[25.6839,36.6346],[25.6891,36.635],[25.6924,36.6318],[25.6943,36.6309],[25.6948,36.6297],[25.6995,36.6246],[25.7009,36.6224],[25.701,36.6214],[25.7019,36.6203],[25.7018,36.6182],[25.6995,36.6149],[25.6964,36.6139],[25.6891,36.6128]],[[25.0318,36.6052],[25.0308,36.6057],[25.0318,36.6064],[25.0325,36.6057],[25.0318,36.6052]],[[25.6276,36.5945],[25.6234,36.5958],[25.6214,36.5955],[25.6198,36.5964],[25.6214,36.5982],[25.6255,36.5983],[25.63,36.5964],[25.6286,36.5959],[25.6276,36.5945]],[[25.4724,36.518],[25.4699,36.5182],[25.4703,36.5214],[25.4714,36.5213],[25.4736,36.5193],[25.4724,36.518]],[[25.4797,36.5138],[25.4776,36.5139],[25.4768,36.5151],[25.4776,36.5157],[25.48,36.5141],[25.4797,36.5138]],[[25.4995,36.419],[25.4991,36.4193],[25.4995,36.4195],[25.4999,36.4193],[25.4995,36.419]],[[25.4193,36.4109],[25.4151,36.4104],[25.4132,36.413],[25.4161,36.4136],[25.4186,36.413],[25.4198,36.412],[25.4193,36.4109]],[[25.3911,36.3911],[25.3807,36.3913],[25.3786,36.3929],[25.3755,36.3938],[25.3745,36.3951],[25.3744,36.3964],[25.3724,36.3967],[25.3716,36.3974],[25.371,36.3995],[25.3714,36.4003],[25.3755,36.404],[25.3776,36.4046],[25.3818,36.4043],[25.3841,36.4057],[25.386,36.412],[25.388,36.4158],[25.3922,36.4165],[25.3932,36.415],[25.3953,36.4137],[25.3969,36.4141],[25.3974,36.4148],[25.4005,36.4141],[25.4015,36.413],[25.4036,36.4129],[25.4047,36.4124],[25.4078,36.413],[25.4099,36.4119],[25.412,36.4099],[25.412,36.4068],[25.4109,36.4026],[25.4099,36.4016],[25.4078,36.4016],[25.4075,36.3974],[25.4057,36.3953],[25.4045,36.3953],[25.4036,36.3947],[25.4021,36.3953],[25.3993,36.3953],[25.3974,36.3927],[25.3964,36.3926],[25.3953,36.3932],[25.3943,36.3922],[25.393,36.3932],[25.3911,36.3911]],[[25.362,36.3836],[25.3609,36.3831],[25.3598,36.3839],[25.362,36.3841],[25.362,36.3836]],[[25.4234,36.2755],[25.4193,36.275],[25.4151,36.2757],[25.4141,36.2771],[25.4125,36.2776],[25.4105,36.2818],[25.4104,36.2828],[25.411,36.2839],[25.4098,36.287],[25.4096,36.2901],[25.4105,36.2953],[25.4103,36.3016],[25.409,36.3047],[25.4068,36.3055],[25.4059,36.3078],[25.4068,36.3089],[25.4078,36.3083],[25.4084,36.3089],[25.4082,36.3099],[25.4088,36.312],[25.4118,36.3161],[25.4119,36.3182],[25.4104,36.3203],[25.4107,36.3255],[25.4068,36.3267],[25.4055,36.3286],[25.4068,36.3319],[25.4026,36.3316],[25.4011,36.3328],[25.4001,36.3349],[25.4002,36.3359],[25.3995,36.3369],[25.3964,36.3364],[25.3943,36.3373],[25.3911,36.3368],[25.3874,36.3339],[25.387,36.3323],[25.3839,36.332],[25.3818,36.3325],[25.3797,36.3321],[25.3786,36.3325],[25.3776,36.332],[25.3747,36.3339],[25.3703,36.3398],[25.3682,36.3411],[25.363,36.3428],[25.362,36.3424],[25.3599,36.3435],[25.3557,36.3445],[25.3536,36.3455],[25.3505,36.3483],[25.3484,36.3485],[25.3432,36.3472],[25.3422,36.3479],[25.3401,36.3475],[25.337,36.3479],[25.3366,36.3516],[25.336,36.3526],[25.3342,36.3536],[25.3337,36.3547],[25.3302,36.3578],[25.3276,36.3618],[25.3245,36.3614],[25.3214,36.3616],[25.3193,36.3611],[25.3182,36.362],[25.3181,36.3651],[25.3163,36.3661],[25.3155,36.3672],[25.3157,36.3682],[25.3172,36.3686],[25.3177,36.3693],[25.318,36.3714],[25.3187,36.3724],[25.3151,36.3743],[25.313,36.3745],[25.3099,36.3738],[25.3076,36.3745],[25.3063,36.3755],[25.3035,36.3786],[25.302,36.3859],[25.3014,36.387],[25.3016,36.3891],[25.3027,36.3901],[25.3032,36.3922],[25.303,36.3974],[25.3038,36.4005],[25.3025,36.4151],[25.3049,36.4214],[25.3059,36.4286],[25.309,36.4432],[25.311,36.4495],[25.311,36.4557],[25.313,36.4596],[25.3151,36.4609],[25.3157,36.4651],[25.3178,36.4682],[25.3203,36.4695],[25.3286,36.4761],[25.3328,36.4742],[25.333,36.4734],[25.3359,36.4716],[25.3401,36.4714],[25.3411,36.4706],[25.3432,36.471],[25.3464,36.4697],[25.3483,36.4682],[25.349,36.4661],[25.3488,36.4651],[25.3498,36.4641],[25.3498,36.463],[25.3471,36.462],[25.3482,36.4599],[25.3479,36.4547],[25.3488,36.4526],[25.3499,36.4516],[25.3557,36.4513],[25.3566,36.4505],[25.3578,36.4474],[25.3573,36.4464],[25.3574,36.4453],[25.3596,36.4422],[25.3599,36.4401],[25.3597,36.4391],[25.3585,36.438],[25.3584,36.437],[25.3568,36.4349],[25.3547,36.4372],[25.3516,36.4372],[25.3505,36.4359],[25.3495,36.436],[25.3495,36.4349],[25.3483,36.4339],[25.3481,36.4318],[25.3484,36.4307],[25.3516,36.4286],[25.3526,36.4255],[25.3512,36.4245],[25.3522,36.4234],[25.3524,36.4214],[25.3521,36.4193],[25.3512,36.4172],[25.3536,36.4151],[25.3536,36.413],[25.3547,36.412],[25.3543,36.4109],[25.3547,36.4078],[25.3536,36.4068],[25.3505,36.4094],[25.3474,36.4099],[25.3422,36.4129],[25.338,36.4144],[25.3349,36.4163],[25.3339,36.4162],[25.3328,36.4167],[25.3318,36.4162],[25.327,36.4161],[25.324,36.412],[25.3231,36.4078],[25.3253,36.4036],[25.3229,36.4005],[25.3234,36.3932],[25.3245,36.3933],[25.3274,36.3922],[25.3286,36.3873],[25.3307,36.386],[25.3349,36.3874],[25.3358,36.3849],[25.337,36.3836],[25.3391,36.3832],[25.3484,36.386],[25.3498,36.387],[25.3505,36.3881],[25.352,36.387],[25.3534,36.3839],[25.3508,36.3807],[25.3506,36.3776],[25.3488,36.3755],[25.3495,36.3741],[25.3516,36.3729],[25.3536,36.3734],[25.3538,36.3724],[25.3549,36.3714],[25.3552,36.3693],[25.3568,36.3683],[25.363,36.3675],[25.3661,36.3686],[25.3693,36.367],[25.3724,36.3666],[25.3734,36.3668],[25.3766,36.3693],[25.3786,36.3698],[25.3818,36.3684],[25.3859,36.3681],[25.3901,36.3667],[25.3932,36.3664],[25.3943,36.3651],[25.3974,36.3651],[25.3995,36.3646],[25.4005,36.363],[25.412,36.363],[25.4151,36.3657],[25.4151,36.3682],[25.4174,36.3703],[25.418,36.3724],[25.4182,36.3768],[25.4235,36.3818],[25.4236,36.3828],[25.4264,36.387],[25.4297,36.3891],[25.4316,36.3911],[25.4318,36.3964],[25.4286,36.4006],[25.4277,36.4016],[25.4266,36.4016],[25.4255,36.4026],[25.4259,36.4036],[25.4251,36.4068],[25.4264,36.4109],[25.4264,36.413],[25.4262,36.4172],[25.4245,36.4193],[25.4244,36.4245],[25.4214,36.4272],[25.4161,36.4282],[25.4151,36.4282],[25.4141,36.4276],[25.413,36.4286],[25.4141,36.4306],[25.413,36.4318],[25.4141,36.4328],[25.4141,36.4339],[25.4179,36.438],[25.4182,36.4401],[25.4193,36.4411],[25.4214,36.4411],[25.4214,36.4453],[25.4203,36.4464],[25.4203,36.4485],[25.4186,36.4505],[25.4182,36.4519],[25.4168,36.4526],[25.412,36.4578],[25.4078,36.4581],[25.4054,36.4578],[25.4047,36.4572],[25.4016,36.4572],[25.3995,36.4557],[25.3974,36.4557],[25.3964,36.4568],[25.3953,36.4568],[25.3935,36.4578],[25.3919,36.4578],[25.3901,36.4568],[25.388,36.4569],[25.3854,36.4589],[25.3818,36.4591],[25.3783,36.4589],[25.3766,36.4578],[25.3745,36.458],[25.374,36.4568],[25.3724,36.4557],[25.3703,36.4578],[25.3703,36.459],[25.3684,36.4599],[25.3679,36.462],[25.3683,36.463],[25.3663,36.4651],[25.3664,36.4672],[25.3655,36.4693],[25.3652,36.4734],[25.3656,36.4755],[25.3687,36.4818],[25.3693,36.4843],[25.3718,36.487],[25.3718,36.4891],[25.3714,36.4898],[25.3682,36.4933],[25.3664,36.4943],[25.3676,36.4964],[25.3693,36.497],[25.3703,36.498],[25.3755,36.4964],[25.3807,36.4955],[25.3839,36.4941],[25.388,36.4949],[25.3901,36.4928],[25.3911,36.4922],[25.3922,36.4921],[25.3932,36.4905],[25.3953,36.4902],[25.3984,36.4911],[25.4005,36.489],[25.4016,36.4888],[25.4047,36.4893],[25.4068,36.4881],[25.4097,36.4911],[25.412,36.4923],[25.4123,36.4891],[25.4131,36.487],[25.4141,36.486],[25.4151,36.4857],[25.4172,36.4861],[25.4234,36.484],[25.4296,36.4818],[25.4357,36.4786],[25.4396,36.4745],[25.4401,36.4734],[25.4401,36.4711],[25.4432,36.4707],[25.4443,36.4699],[25.4447,36.4693],[25.4443,36.4672],[25.4457,36.4651],[25.4458,36.4641],[25.4474,36.462],[25.4536,36.46],[25.4568,36.4574],[25.462,36.4547],[25.463,36.453],[25.4641,36.4531],[25.4672,36.4503],[25.4703,36.4455],[25.4726,36.4432],[25.4734,36.4411],[25.4744,36.4401],[25.4776,36.4323],[25.4786,36.4321],[25.4807,36.4341],[25.4818,36.4325],[25.487,36.431],[25.4888,36.4297],[25.4901,36.4296],[25.4943,36.4258],[25.4957,36.4255],[25.4945,36.4245],[25.4955,36.4224],[25.4953,36.421],[25.4979,36.4193],[25.4984,36.418],[25.5005,36.4182],[25.5017,36.4141],[25.5022,36.412],[25.502,36.4099],[25.5006,36.4089],[25.5009,36.4068],[25.5025,36.4047],[25.5011,36.3995],[25.4998,36.3984],[25.497,36.3911],[25.4971,36.3901],[25.4989,36.3891],[25.4993,36.388],[25.5003,36.3807],[25.5002,36.3786],[25.5024,36.3766],[25.5068,36.3673],[25.5052,36.363],[25.5069,36.3609],[25.508,36.3578],[25.5099,36.3559],[25.5099,36.3546],[25.5093,36.3536],[25.5072,36.3526],[25.5058,36.3495],[25.5059,36.3474],[25.5069,36.3464],[25.5067,36.3443],[25.5026,36.3385],[25.5016,36.3376],[25.5005,36.3378],[25.4974,36.3343],[25.4973,36.3318],[25.4964,36.3299],[25.4943,36.3287],[25.4932,36.3288],[25.4911,36.3268],[25.4849,36.3251],[25.4794,36.3214],[25.4775,36.3193],[25.4775,36.3172],[25.4748,36.3141],[25.4744,36.312],[25.4724,36.3108],[25.4716,36.3099],[25.4721,36.3089],[25.4693,36.3067],[25.4677,36.3047],[25.4661,36.3043],[25.4651,36.3049],[25.4641,36.3026],[25.4609,36.3007],[25.4578,36.2976],[25.4557,36.2969],[25.4526,36.2943],[25.4495,36.2944],[25.4493,36.2922],[25.4484,36.2912],[25.4464,36.29],[25.4453,36.2903],[25.4441,36.2891],[25.444,36.288],[25.4406,36.2849],[25.4404,36.2839],[25.4385,36.2839],[25.4388,36.2849],[25.438,36.2856],[25.4361,36.2849],[25.437,36.2839],[25.4349,36.2828],[25.4318,36.2824],[25.4304,36.2818],[25.4295,36.2807],[25.4292,36.2786],[25.4286,36.278],[25.4276,36.2774],[25.4255,36.2772],[25.4245,36.2777],[25.423,36.2766],[25.4234,36.2755]],[[25.8339,36.2586],[25.8276,36.2591],[25.8234,36.2584],[25.8218,36.2589],[25.8188,36.2609],[25.8161,36.264],[25.8151,36.2643],[25.8141,36.2657],[25.8128,36.2661],[25.8113,36.2682],[25.8099,36.2774],[25.8086,36.2786],[25.8091,36.2807],[25.8081,36.2828],[25.8087,36.2839],[25.8068,36.284],[25.8057,36.2856],[25.8047,36.2856],[25.8026,36.2838],[25.8047,36.2868],[25.8059,36.287],[25.8016,36.2888],[25.8005,36.2886],[25.7995,36.2894],[25.7968,36.288],[25.7964,36.2868],[25.7962,36.288],[25.7953,36.2886],[25.7932,36.2865],[25.7925,36.287],[25.7943,36.2911],[25.7932,36.2925],[25.7908,36.2911],[25.7911,36.2904],[25.7922,36.2907],[25.7924,36.2901],[25.7901,36.2882],[25.7891,36.2886],[25.788,36.288],[25.7818,36.2905],[25.7786,36.2923],[25.7776,36.2936],[25.7766,36.2933],[25.7755,36.2939],[25.7714,36.2989],[25.7693,36.2996],[25.7682,36.2994],[25.7672,36.3002],[25.7661,36.2999],[25.762,36.3015],[25.7599,36.3014],[25.7598,36.3026],[25.7589,36.3036],[25.7578,36.3036],[25.7547,36.3061],[25.7536,36.3054],[25.7526,36.3065],[25.7519,36.3057],[25.7523,36.3047],[25.7537,36.3036],[25.7556,36.3005],[25.7578,36.2995],[25.7571,36.2974],[25.7549,36.2974],[25.7547,36.2984],[25.7536,36.2985],[25.7516,36.3002],[25.7495,36.2999],[25.7474,36.3006],[25.742,36.2974],[25.7328,36.2888],[25.7318,36.2882],[25.7286,36.2881],[25.7266,36.2891],[25.7257,36.2901],[25.7236,36.2943],[25.7234,36.2953],[25.7247,36.2995],[25.7239,36.3016],[25.7245,36.3026],[25.7234,36.3032],[25.7235,36.3047],[25.7224,36.3069],[25.7203,36.3078],[25.7161,36.3082],[25.7105,36.3047],[25.7089,36.3041],[25.6943,36.3039],[25.6909,36.3068],[25.687,36.3117],[25.6839,36.314],[25.6807,36.3151],[25.6776,36.315],[25.6745,36.3155],[25.6741,36.3172],[25.6747,36.3193],[25.6779,36.3224],[25.6801,36.3255],[25.6801,36.3276],[25.6785,36.3328],[25.6788,36.3359],[25.6782,36.338],[25.6812,36.3495],[25.6806,36.3536],[25.6816,36.3557],[25.6839,36.3561],[25.6849,36.3571],[25.6859,36.3574],[25.6911,36.3558],[25.6922,36.3573],[25.6932,36.3565],[25.6937,36.3568],[25.6926,36.3589],[25.6939,36.3599],[25.6941,36.3609],[25.6953,36.3628],[25.6964,36.3633],[25.6974,36.3648],[25.6985,36.3651],[25.6995,36.369],[25.7005,36.3693],[25.7003,36.3703],[25.6995,36.3713],[25.6984,36.3703],[25.6995,36.3715],[25.7016,36.3713],[25.7026,36.3724],[25.7057,36.3707],[25.707,36.3714],[25.7067,36.3724],[25.7078,36.3735],[25.7089,36.3732],[25.7099,36.3741],[25.712,36.3746],[25.713,36.374],[25.7172,36.3744],[25.7193,36.3757],[25.7214,36.3777],[25.7224,36.3781],[25.7245,36.3809],[25.7298,36.3849],[25.7391,36.39],[25.7416,36.3932],[25.7415,36.3943],[25.7436,36.3964],[25.7526,36.4018],[25.7557,36.404],[25.7568,36.4054],[25.7578,36.4057],[25.7582,36.4078],[25.7595,36.4099],[25.7609,36.4109],[25.7641,36.411],[25.7651,36.4103],[25.7703,36.4098],[25.7714,36.4103],[25.772,36.4099],[25.7717,36.4089],[25.7724,36.4083],[25.7755,36.4073],[25.7776,36.4075],[25.7786,36.4086],[25.7797,36.4074],[25.7807,36.4078],[25.7839,36.4101],[25.7849,36.41],[25.7859,36.4116],[25.7871,36.4109],[25.787,36.4069],[25.7891,36.4053],[25.7901,36.4058],[25.7911,36.4024],[25.7922,36.4036],[25.7932,36.4038],[25.7953,36.4066],[25.7964,36.4066],[25.7974,36.4076],[25.7984,36.4048],[25.7995,36.4052],[25.8005,36.4065],[25.8026,36.4072],[25.8036,36.4084],[25.8057,36.409],[25.8089,36.4089],[25.8141,36.4076],[25.8151,36.4076],[25.8161,36.4082],[25.8193,36.4077],[25.8215,36.4057],[25.8263,36.3995],[25.8307,36.397],[25.8368,36.3953],[25.8391,36.3935],[25.841,36.3901],[25.8443,36.3794],[25.8474,36.3759],[25.8516,36.3736],[25.8589,36.3728],[25.8599,36.3726],[25.8609,36.3715],[25.862,36.3718],[25.8641,36.3707],[25.8661,36.3688],[25.8678,36.3682],[25.872,36.363],[25.8725,36.362],[25.872,36.3609],[25.8734,36.3599],[25.8747,36.3557],[25.8744,36.3536],[25.875,36.3505],[25.874,36.3464],[25.8716,36.3422],[25.8672,36.338],[25.8599,36.3335],[25.8495,36.3284],[25.8422,36.3257],[25.8359,36.3252],[25.8332,36.3245],[25.8276,36.3204],[25.8255,36.3172],[25.8241,36.3109],[25.8245,36.3078],[25.8243,36.3036],[25.825,36.3016],[25.8266,36.3004],[25.8286,36.2996],[25.8305,36.2995],[25.8401,36.2967],[25.8454,36.2932],[25.8474,36.2911],[25.8476,36.2901],[25.8484,36.2898],[25.8516,36.2846],[25.8534,36.2828],[25.8536,36.2797],[25.8562,36.2776],[25.8564,36.2766],[25.8573,36.2755],[25.8571,36.2714],[25.8563,36.2703],[25.8516,36.2675],[25.8505,36.2663],[25.8495,36.2673],[25.8494,36.2661],[25.8474,36.2637],[25.8464,36.2635],[25.8453,36.2641],[25.8391,36.2598],[25.838,36.26],[25.8339,36.2586]],[[25.9026,36.2588],[25.8974,36.2587],[25.8953,36.2594],[25.8943,36.2589],[25.8922,36.2591],[25.8891,36.2601],[25.887,36.26],[25.8734,36.2622],[25.8724,36.2618],[25.8714,36.2626],[25.8703,36.2617],[25.8693,36.2617],[25.8693,36.2624],[25.8707,36.263],[25.8688,36.2641],[25.8695,36.2651],[25.8693,36.2659],[25.8665,36.2682],[25.8651,36.2683],[25.8617,36.2714],[25.862,36.2755],[25.8634,36.2776],[25.8661,36.2797],[25.8659,36.2807],[25.8693,36.2828],[25.8734,36.2842],[25.8807,36.2853],[25.8932,36.2852],[25.9036,36.2876],[25.9068,36.2877],[25.9078,36.2869],[25.9093,36.287],[25.9116,36.2849],[25.912,36.284],[25.913,36.2836],[25.9141,36.2812],[25.9152,36.2807],[25.9149,36.2797],[25.9154,36.2786],[25.9144,36.2755],[25.9143,36.2734],[25.912,36.27],[25.9026,36.2588]],[[25.2297,36.2193],[25.2286,36.2193],[25.2246,36.2214],[25.2245,36.2227],[25.2242,36.2214],[25.2232,36.2214],[25.2228,36.2224],[25.2239,36.2234],[25.2224,36.2236],[25.2214,36.2245],[25.2239,36.2255],[25.2234,36.2264],[25.2203,36.2266],[25.2193,36.2258],[25.2172,36.2253],[25.212,36.2248],[25.2099,36.2253],[25.2078,36.2266],[25.2057,36.2266],[25.2047,36.2258],[25.2005,36.2286],[25.1984,36.2288],[25.1943,36.2316],[25.193,36.2328],[25.1919,36.2349],[25.1888,36.237],[25.188,36.2388],[25.1862,36.2411],[25.186,36.2453],[25.1868,36.2474],[25.188,36.2499],[25.1891,36.2503],[25.1894,36.2526],[25.1922,36.2561],[25.1938,36.2609],[25.1953,36.2625],[25.1964,36.2631],[25.1974,36.2631],[25.1995,36.2649],[25.2026,36.265],[25.2029,36.2672],[25.2047,36.2691],[25.2057,36.2694],[25.2068,36.2684],[25.208,36.2651],[25.2078,36.2629],[25.2099,36.2615],[25.2123,36.2589],[25.2124,36.2578],[25.2143,36.2557],[25.2137,36.2547],[25.2139,36.2536],[25.2151,36.2525],[25.2182,36.2518],[25.2213,36.2505],[25.2197,36.2495],[25.2197,36.2474],[25.2182,36.2454],[25.2172,36.245],[25.2171,36.2443],[25.2182,36.2418],[25.2193,36.2411],[25.2203,36.241],[25.2203,36.2391],[25.2214,36.239],[25.2222,36.238],[25.2252,36.2318],[25.2276,36.2306],[25.2314,36.2276],[25.2321,36.2255],[25.2324,36.2224],[25.2331,36.2214],[25.2328,36.2206],[25.2315,36.2214],[25.2297,36.2193]],[[25.2703,36.1092],[25.2693,36.1089],[25.2682,36.1096],[25.2682,36.1112],[25.2693,36.1117],[25.2707,36.1109],[25.271,36.1099],[25.2703,36.1092]]]]}},{"type":"Feature","properties":{"depth":100,"kind":"isobath"},"geometry":{"type":"MultiLineString","coordinates":[[[25.6555,36.9766],[25.6547,36.9769],[25.6544,36.9766],[25.6547,36.976]],[[25.6542,36.9745],[25.6536,36.9748],[25.6534,36.9745],[25.6536,36.974]],[[25.6831,36.863],[25.6818,36.863],[25.6828,36.8623]],[[25.665,36.8609],[25.6641,36.8619],[25.6633,36.8609],[25.6641,36.8599]],[[25.6042,36.8599],[25.6036,36.8603],[25.6033,36.8599],[25.6036,36.8591]],[[25.6781,36.8589],[25.6821,36.8599],[25.6826,36.862],[25.6818,36.863],[25.6786,36.8635],[25.6755,36.8631],[25.6734,36.8634],[25.6693,36.8623],[25.6682,36.8626],[25.6664,36.8609],[25.6678,36.8599],[25.6703,36.8594]],[[25.5891,36.8578],[25.5891,36.8582],[25.5888,36.8578]],[[25.5884,36.8568],[25.588,36.8577],[25.5875,36.8568],[25.588,36.8564]],[[25.5913,36.8568],[25.5912,36.8578],[25.5925,36.8599],[25.5922,36.8621],[25.5895,36.8589],[25.591,36.8578]],[[25.1913,36.8161],[25.1904,36.8161],[25.1911,36.8158]],[[25.4019,36.7984],[25.4013,36.7984],[25.4016,36.798]],[[25.2153,36.7495],[25.2151,36.7505],[25.2148,36.7495],[25.2151,36.7491]],[[25.439,36.7286],[25.4379,36.7286],[25.438,36.7276]],[[25.214,36.6516],[25.2126,36.6516],[25.213,36.6507]],[[25.0005,36.6332],[25.001,36.6339],[25.0009,36.6349],[25.0016,36.6359],[25.0013,36.637],[25.0026,36.6391],[25.0057,36.6403],[25.0068,36.6397],[25.0078,36.6407],[25.0089,36.6399],[25.0099,36.6404],[25.012,36.6395],[25.013,36.6409],[25.0141,36.6411],[25.0141,36.6433],[25.0151,36.6417],[25.0172,36.6428],[25.0214,36.6434],[25.0224,36.643],[25.0234,36.6437],[25.0255,36.6436],[25.0286,36.6423],[25.0307,36.6427],[25.0328,36.6423],[25.037,36.6429],[25.038,36.6436],[25.0422,36.643],[25.0432,36.6445],[25.0464,36.6466],[25.0495,36.6477],[25.0547,36.6504],[25.0569,36.6536],[25.0574,36.6568],[25.058,36.6578],[25.0578,36.6589],[25.0607,36.662],[25.0621,36.6682],[25.0651,36.6724],[25.0684,36.6755],[25.0703,36.6786],[25.0713,36.6818],[25.071,36.6839],[25.0714,36.6859],[25.0755,36.6927],[25.0849,36.7001],[25.0911,36.7041],[25.0974,36.7069],[25.1068,36.7098],[25.1109,36.7122],[25.1141,36.7131],[25.1172,36.7149],[25.1318,36.7259],[25.1328,36.7257],[25.1349,36.727],[25.1453,36.7299],[25.1682,36.7348],[25.1797,36.7345],[25.1818,36.7326],[25.1839,36.7319],[25.1854,36.7328],[25.1859,36.734],[25.1901,36.7364],[25.1911,36.7357],[25.1922,36.7361],[25.1932,36.7359],[25.1953,36.7368],[25.1974,36.7346],[25.1994,36.7339],[25.1994,36.7328],[25.2005,36.7318],[25.2003,36.7307],[25.2018,36.7307],[25.2026,36.7271],[25.2036,36.7276],[25.2036,36.7297],[25.205,36.7328],[25.2099,36.7359],[25.2099,36.738],[25.2109,36.7401],[25.2099,36.7411],[25.2099,36.7432],[25.212,36.7453],[25.2109,36.7464],[25.212,36.7484],[25.212,36.7516],[25.213,36.7526],[25.2134,36.7568],[25.2128,36.7609],[25.212,36.763],[25.2127,36.7682],[25.2109,36.7714],[25.2094,36.7786],[25.2076,36.7807],[25.2072,36.7849],[25.2064,36.787],[25.2089,36.7887],[25.212,36.789],[25.2161,36.7861],[25.2172,36.7859],[25.2179,36.7849],[25.2179,36.7839],[25.2193,36.7828],[25.2224,36.7826],[25.2255,36.7831],[25.2286,36.7819],[25.2328,36.7823],[25.237,36.7808],[25.2391,36.781],[25.2432,36.7836],[25.2462,36.788],[25.2472,36.7922],[25.2471,36.7995],[25.2481,36.8026],[25.2519,36.8089],[25.2521,36.8099],[25.2518,36.8109],[25.2474,36.8131],[25.2391,36.8134],[25.2318,36.816],[25.2276,36.8165],[25.2245,36.8178],[25.2214,36.817],[25.2203,36.8173],[25.2153,36.8141],[25.2152,36.813],[25.2139,36.812],[25.2137,36.8109],[25.2112,36.8078],[25.2109,36.8047],[25.2103,36.8036],[25.2066,36.7995],[25.2057,36.797],[25.2047,36.7974],[25.2047,36.7995],[25.2036,36.7999],[25.2014,36.8026],[25.2015,36.8036],[25.2005,36.8047],[25.1984,36.809],[25.1973,36.8099],[25.1976,36.8109],[25.1968,36.812],[25.1965,36.8141],[25.1952,36.8141],[25.1948,36.8151],[25.1959,36.8161],[25.1953,36.8173],[25.1943,36.8176],[25.1911,36.815],[25.1901,36.8161],[25.1891,36.8164],[25.1882,36.8151],[25.187,36.8149],[25.1859,36.8157],[25.1859,36.817],[25.187,36.8168],[25.1886,36.8182],[25.187,36.82],[25.1859,36.8198],[25.1849,36.8188],[25.1837,36.8245],[25.1844,36.8255],[25.1839,36.8266],[25.1828,36.8261],[25.1818,36.8273],[25.1807,36.8274],[25.1776,36.8255],[25.1779,36.8286],[25.1769,36.8318],[25.1734,36.8339],[25.1714,36.8342],[25.1693,36.8354],[25.1648,36.8391],[25.1642,36.8401],[25.1651,36.8409],[25.1664,36.8411],[25.1651,36.8432],[25.1651,36.8443],[25.1641,36.8453],[25.163,36.8516],[25.162,36.851],[25.1609,36.8516],[25.1609,36.8526],[25.1599,36.8533],[25.1572,36.8568],[25.1521,36.8609],[25.1474,36.8624],[25.1464,36.8633],[25.1453,36.8631],[25.1432,36.8639],[25.1318,36.8703],[25.1318,36.8714],[25.1297,36.874],[25.1286,36.874],[25.1266,36.875],[25.1234,36.8786],[25.1214,36.8792],[25.1151,36.8859],[25.1141,36.8859],[25.112,36.888],[25.1109,36.888],[25.1068,36.8911],[25.1057,36.8911],[25.1047,36.8922],[25.1036,36.8922],[25.1016,36.8932],[25.1009,36.8943],[25.0953,36.8969],[25.0943,36.8986],[25.0932,36.8987],[25.0922,36.8998],[25.0901,36.8997],[25.0865,36.9016],[25.0867,36.9026],[25.0839,36.9038],[25.0818,36.9062],[25.0797,36.9066],[25.0745,36.9061],[25.0734,36.9081],[25.0724,36.9074],[25.0714,36.9099],[25.0704,36.9109],[25.0693,36.9105],[25.0656,36.912],[25.062,36.9144],[25.0599,36.9148],[25.0547,36.921],[25.0547,36.9224],[25.0536,36.9226],[25.0526,36.9219],[25.0516,36.923],[25.0505,36.9222],[25.0495,36.9224],[25.0494,36.9234],[25.0474,36.9251],[25.0464,36.924],[25.0453,36.9242],[25.0432,36.9268],[25.0422,36.9258],[25.0411,36.9258],[25.0394,36.9276],[25.0391,36.9287],[25.038,36.9277],[25.0349,36.928],[25.0339,36.9291],[25.0307,36.9298],[25.0297,36.9308],[25.0286,36.93],[25.0266,36.9299],[25.0245,36.9307],[25.0234,36.9318],[25.0224,36.9307],[25.0193,36.9307],[25.0151,36.9297],[25.0141,36.9302],[25.012,36.93],[25.0109,36.9307],[25.0078,36.9286]],[[25.6664,36.6328],[25.6661,36.6332],[25.6658,36.6328]],[[25.2743,36.6307],[25.2797,36.634],[25.2824,36.637],[25.2833,36.6401],[25.282,36.6443],[25.2777,36.6505],[25.2746,36.6536],[25.2724,36.6552],[25.2641,36.6595],[25.262,36.6595],[25.2568,36.6581],[25.2547,36.6557],[25.2512,36.6484],[25.2506,36.6411],[25.2513,36.638],[25.2526,36.6368],[25.2651,36.6311],[25.2703,36.63]],[[25.3633,36.6255],[25.3629,36.6255],[25.363,36.6252]],[[25.0854,36.6109],[25.0849,36.6119],[25.0846,36.6109],[25.0849,36.6105]],[[25.0852,36.6078],[25.0849,36.6086],[25.0843,36.6078],[25.0849,36.6073]],[[25.5009,36.413],[25.5012,36.4141],[25.5005,36.4143],[25.5004,36.413]],[[25.7869,36.4089],[25.7849,36.4097],[25.7847,36.4089]],[[25.7846,36.4078],[25.7839,36.4085],[25.7832,36.4078],[25.7839,36.4073]],[[25.7834,36.4068],[25.7828,36.4074],[25.7822,36.4068],[25.7828,36.4061]],[[25.7037,36.3661],[25.7041,36.3682],[25.7055,36.3703],[25.7047,36.3713],[25.7025,36.3672]],[[25.6955,36.3599],[25.6953,36.3603],[25.6947,36.3599]],[[25.6946,36.3589],[25.6943,36.3596],[25.6936,36.3589],[25.6943,36.3583]],[[25.4095,36.3078],[25.4089,36.3084],[25.4083,36.3078],[25.4089,36.3074]],[[25.8474,36.2911],[25.8464,36.292],[25.8464,36.2909]],[[25.797,36.2891],[25.7969,36.2901],[25.7964,36.2905],[25.7957,36.2891],[25.7964,36.2882]],[[25.8102,36.2786],[25.8098,36.2797],[25.8094,36.2786],[25.8099,36.2777]],[[25.2239,36.2276],[25.2234,36.228],[25.2229,36.2276],[25.2234,36.2266]],[[25.9983,36.8849],[25.9953,36.8829],[25.9932,36.8828],[25.9932,36.8818],[25.9911,36.8797],[25.987,36.8794],[25.985,36.8786],[25.9837,36.8776],[25.9839,36.8766],[25.9848,36.8755],[25.9845,36.8745],[25.9818,36.8725],[25.9755,36.8712],[25.9734,36.8688],[25.97,36.8661],[25.9682,36.8656],[25.9661,36.8664],[25.9651,36.8651],[25.9641,36.8652],[25.963,36.8641],[25.9619,36.8641],[25.9589,36.8612],[25.9578,36.8576],[25.9547,36.8559],[25.9514,36.8557],[25.949,36.8536],[25.9484,36.8526],[25.9467,36.8516],[25.9411,36.8504],[25.9391,36.8496],[25.9367,36.8474],[25.9318,36.8408],[25.9305,36.8401],[25.9297,36.8391],[25.9298,36.838],[25.9288,36.837],[25.9266,36.8355],[25.9203,36.8331],[25.9182,36.8307],[25.9162,36.8307],[25.912,36.8266],[25.9128,36.8245],[25.9126,36.8224],[25.913,36.8212],[25.9141,36.8206],[25.9151,36.8207],[25.9161,36.8217],[25.9181,36.8182],[25.918,36.8172],[25.9151,36.8149],[25.913,36.8123],[25.9121,36.812],[25.913,36.8109],[25.912,36.8118],[25.9109,36.8088],[25.9099,36.8088],[25.9078,36.807],[25.9047,36.8065],[25.9026,36.8052],[25.9016,36.8057],[25.9004,36.8047],[25.8995,36.8029],[25.8974,36.8025],[25.8922,36.8],[25.8901,36.798],[25.8881,36.7943],[25.887,36.7931],[25.8797,36.7868],[25.8766,36.7854],[25.8724,36.7817],[25.8672,36.7814],[25.8661,36.781],[25.8641,36.7819],[25.863,36.7813],[25.8599,36.7814],[25.8568,36.7778],[25.8557,36.7773],[25.8474,36.7765],[25.8432,36.7743],[25.8411,36.7742],[25.837,36.775],[25.8348,36.7745],[25.8318,36.7726],[25.8286,36.7731],[25.8255,36.7729],[25.8216,36.7714],[25.8203,36.7704],[25.8193,36.7703],[25.8177,36.7661],[25.813,36.7637],[25.8099,36.7642],[25.8047,36.7615],[25.8036,36.7613],[25.8016,36.7621],[25.7974,36.7615],[25.7953,36.7619],[25.7943,36.7616],[25.7932,36.7602],[25.7901,36.7611],[25.787,36.7606],[25.7828,36.7621],[25.7693,36.7626],[25.762,36.7659],[25.7589,36.7663],[25.7516,36.7689],[25.7484,36.7711],[25.7439,36.7755],[25.738,36.782],[25.7345,36.7849],[25.7311,36.7891],[25.7282,36.7932],[25.7276,36.7953],[25.7263,36.7974],[25.7262,36.8005],[25.7252,36.8016],[25.726,36.8026],[25.7259,36.8036],[25.7244,36.8047],[25.7251,36.8078],[25.7266,36.8089],[25.7252,36.8099],[25.7248,36.8109],[25.7258,36.813],[25.7251,36.8141],[25.7257,36.8161],[25.728,36.8182],[25.7272,36.8193],[25.7274,36.8214],[25.7281,36.8214],[25.7286,36.8202],[25.7297,36.8219],[25.733,36.8245],[25.7326,36.8255],[25.7343,36.8266],[25.7339,36.8276],[25.7401,36.83],[25.7411,36.8309],[25.7464,36.8316],[25.7557,36.8284],[25.7568,36.8287],[25.7645,36.8266],[25.7661,36.8245],[25.7703,36.8244],[25.7734,36.8254],[25.7755,36.8272],[25.7788,36.8286],[25.787,36.8335],[25.7943,36.8356],[25.7974,36.8355],[25.8016,36.8341],[25.8026,36.8341],[25.8099,36.8312],[25.8161,36.8309],[25.8193,36.8309],[25.8203,36.8313],[25.8221,36.8328],[25.8226,36.8349],[25.8217,36.837],[25.8225,36.838],[25.8233,36.8411],[25.8276,36.8504],[25.8304,36.8547],[25.8352,36.8599],[25.8391,36.8621],[25.8484,36.864],[25.8516,36.8663],[25.8526,36.8659],[25.8589,36.8685],[25.863,36.8695],[25.8641,36.8703],[25.8661,36.8705],[25.8693,36.8727],[25.8703,36.8725],[25.8745,36.875],[25.8755,36.8748],[25.8761,36.8755],[25.8755,36.8806],[25.8731,36.888],[25.8732,36.8891],[25.874,36.8922],[25.8755,36.8946],[25.8786,36.8965],[25.8797,36.8964],[25.8859,36.8981],[25.8953,36.8997],[25.8974,36.9018],[25.8984,36.9002],[25.8995,36.9007],[25.9057,36.9015],[25.9068,36.9013],[25.9078,36.9019],[25.9089,36.9013],[25.912,36.9015],[25.9172,36.901],[25.9255,36.8984],[25.9258,36.8974],[25.9289,36.8953],[25.9307,36.8919],[25.9328,36.893],[25.9359,36.8926],[25.9391,36.8943],[25.9422,36.8953],[25.9443,36.8953],[25.9453,36.896],[25.9475,36.8984],[25.9488,36.9016],[25.9476,36.9036],[25.9477,36.9047],[25.9456,36.9099],[25.9458,36.913],[25.947,36.9161],[25.9516,36.9225],[25.9589,36.9282],[25.962,36.9318],[25.9686,36.9359],[25.9755,36.9378],[25.9859,36.9382],[25.987,36.9391],[25.988,36.939],[25.9895,36.9401],[25.9901,36.9415],[25.9922,36.9427],[25.9995,36.9435]],[[25.6546,36.9995],[25.6571,36.9953],[25.6571,36.9943],[25.6582,36.9932],[25.6575,36.988],[25.6578,36.9875],[25.6589,36.9885],[25.6591,36.988],[25.6586,36.987],[25.6584,36.9828],[25.6575,36.9818],[25.658,36.9807],[25.6569,36.9786],[25.6557,36.9776],[25.6559,36.9766],[25.6551,36.9755],[25.6552,36.9745],[25.6536,36.9718],[25.6513,36.9693],[25.6513,36.9682],[25.6484,36.9662],[25.6471,36.9641],[25.647,36.963],[25.6474,36.9596],[25.6495,36.9542],[25.6509,36.9526],[25.6534,36.9432],[25.6599,36.9351],[25.664,36.9276],[25.6669,36.9245],[25.6734,36.9199],[25.6817,36.9151],[25.6855,36.912],[25.6872,36.9099],[25.6887,36.9078],[25.6898,36.9036],[25.6924,36.9005],[25.6934,36.8984],[25.6931,36.8974],[25.6943,36.8967],[25.6957,36.8932],[25.6974,36.8921],[25.6987,36.8901],[25.6987,36.888],[25.6995,36.8876],[25.7005,36.888],[25.7004,36.887],[25.7017,36.8849],[25.7022,36.8818],[25.7029,36.8807],[25.7024,36.8786],[25.7028,36.8745],[25.702,36.8714],[25.6994,36.8693],[25.6998,36.8682],[25.6992,36.8661],[25.6999,36.8651],[25.6998,36.8641],[25.7012,36.862],[25.7026,36.8609],[25.7029,36.8599],[25.7002,36.8526],[25.7007,36.8443],[25.6997,36.8432],[25.6995,36.842],[25.6984,36.8416],[25.697,36.8391],[25.6958,36.838],[25.6949,36.8359],[25.6932,36.8349],[25.6922,36.8352],[25.6901,36.8332],[25.6776,36.8297],[25.6734,36.827],[25.6724,36.8276],[25.6714,36.8269],[25.6703,36.8275],[25.6682,36.8272],[25.6661,36.8284],[25.6651,36.8284],[25.6602,36.8307],[25.6589,36.8328],[25.6547,36.8354],[25.6516,36.8368],[25.6495,36.8369],[25.6484,36.8377],[25.6474,36.8375],[25.6458,36.8391],[25.6453,36.8405],[25.6441,36.8411],[25.6436,36.8422],[25.6446,36.8443],[25.6437,36.8464],[25.6455,36.8484],[25.6455,36.8505],[25.6484,36.8539],[25.6547,36.8584],[25.6599,36.8596],[25.664,36.8599],[25.6626,36.8609],[25.6568,36.8613],[25.6495,36.8596],[25.6479,36.8589],[25.6475,36.8578],[25.6448,36.8557],[25.6443,36.8547],[25.6432,36.8551],[25.6411,36.8532],[25.6391,36.8529],[25.637,36.8515],[25.6318,36.85],[25.6293,36.8516],[25.6245,36.8504],[25.6234,36.8513],[25.6224,36.8507],[25.6214,36.8509],[25.6193,36.8518],[25.6172,36.8538],[25.6151,36.8546],[25.6089,36.8542],[25.6075,36.8536],[25.6092,36.8557],[25.6068,36.8578],[25.6051,36.8568],[25.6043,36.8568],[25.6054,36.8578],[25.6047,36.8587],[25.6026,36.8592],[25.5964,36.8575],[25.5901,36.8526],[25.5891,36.8526],[25.588,36.853],[25.587,36.8543],[25.5859,36.8536],[25.5872,36.8557],[25.5865,36.8568],[25.5879,36.8578],[25.587,36.8585],[25.5859,36.8584],[25.5839,36.8564],[25.5828,36.8575],[25.5766,36.8537],[25.5734,36.8509],[25.5714,36.8477],[25.5693,36.8464],[25.5609,36.8436],[25.5557,36.841],[25.5547,36.8415],[25.5516,36.8398],[25.5411,36.8335],[25.5391,36.8317],[25.538,36.83],[25.5356,36.8286],[25.5349,36.8276],[25.5339,36.8277],[25.5318,36.8264],[25.5286,36.8258],[25.5255,36.8262],[25.5234,36.8245],[25.5193,36.8246],[25.5172,36.8257],[25.5151,36.8288],[25.5136,36.8286],[25.513,36.8303],[25.5114,36.8307],[25.5109,36.8319],[25.5089,36.8312],[25.5068,36.8315],[25.5026,36.8313],[25.4995,36.8291],[25.4984,36.8272],[25.4934,36.8245],[25.4935,36.8234],[25.4928,36.8224],[25.4911,36.8214],[25.4916,36.8203],[25.4911,36.82],[25.4901,36.8209],[25.4891,36.8196],[25.488,36.8196],[25.4859,36.8171],[25.4839,36.8165],[25.4823,36.8151],[25.4755,36.8117],[25.4734,36.811],[25.4724,36.8117],[25.4703,36.8103],[25.4682,36.8094],[25.4672,36.8095],[25.4651,36.8082],[25.4641,36.8085],[25.4599,36.805],[25.4589,36.8036],[25.4568,36.8033],[25.4547,36.802],[25.4536,36.8025],[25.4484,36.8005],[25.4422,36.799],[25.4391,36.7974],[25.4359,36.7976],[25.4353,36.7984],[25.4349,36.8016],[25.4339,36.8007],[25.4328,36.8011],[25.4297,36.7993],[25.4286,36.7993],[25.4276,36.7977],[25.427,36.7995],[25.4276,36.8008],[25.4266,36.8007],[25.4256,36.7984],[25.4241,36.7974],[25.4234,36.7964],[25.4224,36.7971],[25.4207,36.7953],[25.4163,36.7943],[25.4153,36.7932],[25.4151,36.792],[25.413,36.791],[25.4109,36.7935],[25.4099,36.7931],[25.4088,36.7943],[25.4078,36.7978],[25.4068,36.796],[25.4036,36.7969],[25.4026,36.798],[25.4019,36.7974],[25.4038,36.7943],[25.4057,36.7892],[25.4078,36.7877],[25.4121,36.7818],[25.4123,36.7807],[25.4119,36.7797],[25.4125,36.7776],[25.412,36.7755],[25.4142,36.7714],[25.4157,36.7661],[25.4166,36.7651],[25.4164,36.763],[25.4157,36.762],[25.4163,36.7599],[25.4187,36.7568],[25.4193,36.7554],[25.4217,36.7526],[25.4234,36.7516],[25.4246,36.7495],[25.4278,36.7464],[25.4297,36.7435],[25.4351,36.738],[25.4367,36.7349],[25.4378,36.7339],[25.4383,36.7328],[25.4379,36.7307],[25.4396,36.7276],[25.4378,36.7255],[25.4384,36.7245],[25.4391,36.7242],[25.4411,36.7253],[25.4416,36.7245],[25.438,36.7221],[25.4375,36.7224],[25.4383,36.7234],[25.438,36.7241],[25.4359,36.7236],[25.4361,36.7224],[25.4347,36.7224],[25.4348,36.7214],[25.4339,36.7191],[25.4276,36.7134],[25.4254,36.7016],[25.4224,36.6977],[25.4172,36.6934],[25.4144,36.6891],[25.4135,36.6839],[25.4137,36.6745],[25.4123,36.6641],[25.4092,36.6547],[25.4062,36.6474],[25.4043,36.6443],[25.4005,36.6413],[25.3885,36.6391],[25.3859,36.6374],[25.3839,36.637],[25.3828,36.6359],[25.3776,36.6333],[25.3755,36.6327],[25.3745,36.6333],[25.3717,36.6297],[25.3682,36.6268],[25.3641,36.6248],[25.363,36.6239],[25.362,36.6242],[25.3578,36.6203],[25.3525,36.6182],[25.3475,36.613],[25.3459,36.6109],[25.3446,36.6078],[25.3439,36.6047],[25.3442,36.6036],[25.3433,36.6005],[25.3433,36.5932],[25.3438,36.5911],[25.3428,36.5901],[25.3432,36.5891],[25.3422,36.5867],[25.3394,36.5828],[25.3391,36.5789],[25.338,36.5772],[25.337,36.5762],[25.3359,36.5762],[25.3351,36.5776],[25.3349,36.5793],[25.3339,36.5748],[25.3286,36.5733],[25.3214,36.5729],[25.3151,36.5707],[25.3068,36.5647],[25.3044,36.562],[25.3026,36.5579],[25.2995,36.557],[25.2974,36.5573],[25.2964,36.5566],[25.2932,36.5584],[25.2911,36.5581],[25.2891,36.5591],[25.2869,36.5609],[25.2865,36.562],[25.2849,36.5628],[25.2844,36.5641],[25.2808,36.5672],[25.2764,36.5724],[25.268,36.5859],[25.2649,36.5891],[25.2602,36.5953],[25.2498,36.6036],[25.248,36.6057],[25.2463,36.6089],[25.2411,36.6151],[25.2412,36.6161],[25.2378,36.6203],[25.2361,36.6234],[25.2328,36.6276],[25.2302,36.6297],[25.2289,36.6328],[25.2261,36.637],[25.2252,36.6391],[25.2247,36.6422],[25.2254,36.6432],[25.2251,36.6443],[25.2258,36.6453],[25.2257,36.6484],[25.2237,36.6536],[25.2224,36.6546],[25.2193,36.6544],[25.2161,36.6524],[25.2151,36.6522],[25.213,36.6505],[25.212,36.651],[25.2099,36.6494],[25.2068,36.6494],[25.2057,36.6506],[25.2047,36.6502],[25.2016,36.6515],[25.1995,36.6505],[25.1974,36.6502],[25.1964,36.6505],[25.1953,36.6496],[25.1943,36.6506],[25.1922,36.6505],[25.1891,36.6528],[25.188,36.6523],[25.1859,36.6538],[25.1818,36.6553],[25.1682,36.6533],[25.1578,36.6512],[25.1564,36.6505],[25.1536,36.6481],[25.1495,36.6405],[25.1453,36.6372],[25.1432,36.6364],[25.1359,36.6353],[25.1307,36.6337],[25.1283,36.6339],[25.1182,36.6313],[25.113,36.6286],[25.1089,36.6237],[25.1057,36.6214],[25.0984,36.6189],[25.0922,36.6158],[25.0901,36.6155],[25.0891,36.6147],[25.0859,36.6144],[25.0853,36.612],[25.0859,36.6118],[25.0863,36.6109],[25.0856,36.6099],[25.0867,36.6089],[25.0865,36.6078],[25.0849,36.6063],[25.0828,36.6066],[25.0819,36.6057],[25.0786,36.6056],[25.0776,36.6049],[25.0766,36.6062],[25.0745,36.6066],[25.0724,36.6057],[25.073,36.6068],[25.0724,36.6073],[25.0703,36.6059],[25.0682,36.607],[25.0651,36.6075],[25.0641,36.6072],[25.0589,36.6087],[25.0578,36.6096],[25.0568,36.6099],[25.0555,36.612],[25.0536,36.6126],[25.0526,36.6142],[25.0516,36.6139],[25.0505,36.6126],[25.0476,36.612],[25.046,36.6109],[25.0453,36.6094],[25.0443,36.6093],[25.0391,36.6143],[25.038,36.6139],[25.0349,36.6149],[25.0339,36.6144],[25.0318,36.6156],[25.0255,36.6149],[25.0234,36.6157],[25.0214,36.6158],[25.0161,36.6148],[25.0141,36.6127],[25.0121,36.612],[25.0121,36.6109],[25.0105,36.6089],[25.0099,36.6084],[25.0078,36.6084],[25.0071,36.6068],[25.0057,36.6055],[25.0047,36.6054],[25.0037,36.6047],[25.0026,36.6024]],[[25.4203,36.793],[25.4203,36.7934],[25.421,36.7932]],[[25.4245,36.7886],[25.4234,36.7891],[25.4266,36.7917],[25.4271,36.7911]],[[25.5609,36.6971],[25.5578,36.6966],[25.5516,36.6979],[25.5505,36.6974],[25.5509,36.6984],[25.5505,36.699],[25.5464,36.7016],[25.5453,36.7015],[25.545,36.7026],[25.5422,36.7042],[25.5407,36.7057],[25.5406,36.7078],[25.5418,36.7109],[25.5432,36.713],[25.5464,36.7154],[25.5484,36.7161],[25.5505,36.7161],[25.5609,36.7135],[25.5672,36.7109],[25.5682,36.7097],[25.569,36.7078],[25.569,36.7057],[25.5683,36.7036],[25.566,36.7005]],[[25.6526,36.6344],[25.6494,36.6359],[25.6512,36.6359],[25.6526,36.6354],[25.6529,36.6349]],[[25.087,36.6128],[25.0864,36.613],[25.087,36.6131]],[[25.6891,36.6128],[25.687,36.6124],[25.6807,36.6131],[25.6776,36.6138],[25.6706,36.6172],[25.6698,36.6182],[25.6696,36.6203],[25.6685,36.6234],[25.6677,36.6245],[25.667,36.6276],[25.6656,36.6307],[25.6656,36.6318],[25.6651,36.6325],[25.6641,36.6317],[25.661,36.6328],[25.6596,36.6349],[25.6599,36.6362],[25.662,36.6366],[25.6641,36.6345],[25.6672,36.6333],[25.6714,36.6347],[25.6828,36.636],[25.6839,36.6346],[25.6891,36.635],[25.6924,36.6318],[25.6943,36.6309],[25.6948,36.6297],[25.6995,36.6246],[25.7009,36.6224],[25.701,36.6214],[25.7019,36.6203],[25.7018,36.6182],[25.6995,36.6149],[25.6964,36.6139]],[[25.0318,36.6052],[25.0308,36.6057],[25.0318,36.6064],[25.0325,36.6057]],[[25.6276,36.5945],[25.6234,36.5958],[25.6214,36.5955],[25.6198,36.5964],[25.6214,36.5982],[25.6255,36.5983],[25.63,36.5964],[25.6286,36.5959]],[[25.4724,36.518],[25.4699,36.5182],[25.4703,36.5214],[25.4714,36.5213],[25.4736,36.5193]],[[25.4797,36.5138],[25.4776,36.5139],[25.4768,36.5151],[25.4776,36.5157],[25.48,36.5141]],[[25.4995,36.419],[25.4991,36.4193],[25.4995,36.4195],[25.4999,36.4193]],[[25.4193,36.4109],[25.4151,36.4104],[25.4132,36.413],[25.4161,36.4136],[25.4186,36.413],[25.4198,36.412]],[[25.3911,36.3911],[25.3807,36.3913],[25.3786,36.3929],[25.3755,36.3938],[25.3745,36.3951],[25.3744,36.3964],[25.3724,36.3967],[25.3716,36.3974],[25.371,36.3995],[25.3714,36.4003],[25.3755,36.404],[25.3776,36.4046],[25.3818,36.4043],[25.3841,36.4057],[25.386,36.412],[25.388,36.4158],[25.3922,36.4165],[25.3932,36.415],[25.3953,36.4137],[25.3969,36.4141],[25.3974,36.4148],[25.4005,36.4141],[25.4015,36.413],[25.4036,36.4129],[25.4047,36.4124],[25.4078,36.413],[25.4099,36.4119],[25.412,36.4099],[25.412,36.4068],[25.4109,36.4026],[25.4099,36.4016],[25.4078,36.4016],[25.4075,36.3974],[25.4057,36.3953],[25.4045,36.3953],[25.4036,36.3947],[25.4021,36.3953],[25.3993,36.3953],[25.3974,36.3927],[25.3964,36.3926],[25.3953,36.3932],[25.3943,36.3922],[25.393,36.3932]],[[25.362,36.3836],[25.3609,36.3831],[25.3598,36.3839],[25.362,36.3841]],[[25.4234,36.2755],[25.4193,36.275],[25.4151,36.2757],[25.4141,36.2771],[25.4125,36.2776],[25.4105,36.2818],[25.4104,36.2828],[25.411,36.2839],[25.4098,36.287],[25.4096,36.2901],[25.4105,36.2953],[25.4103,36.3016],[25.409,36.3047],[25.4068,36.3055],[25.4059,36.3078],[25.4068,36.3089],[25.4078,36.3083],[25.4084,36.3089],[25.4082,36.3099],[25.4088,36.312],[25.4118,36.3161],[25.4119,36.3182],[25.4104,36.3203],[25.4107,36.3255],[25.4068,36.3267],[25.4055,36.3286],[25.4068,36.3319],[25.4026,36.3316],[25.4011,36.3328],[25.4001,36.3349],[25.4002,36.3359],[25.3995,36.3369],[25.3964,36.3364],[25.3943,36.3373],[25.3911,36.3368],[25.3874,36.3339],[25.387,36.3323],[25.3839,36.332],[25.3818,36.3325],[25.3797,36.3321],[25.3786,36.3325],[25.3776,36.332],[25.3747,36.3339],[25.3703,36.3398],[25.3682,36.3411],[25.363,36.3428],[25.362,36.3424],[25.3599,36.3435],[25.3557,36.3445],[25.3536,36.3455],[25.3505,36.3483],[25.3484,36.3485],[25.3432,36.3472],[25.3422,36.3479],[25.3401,36.3475],[25.337,36.3479],[25.3366,36.3516],[25.336,36.3526],[25.3342,36.3536],[25.3337,36.3547],[25.3302,36.3578],[25.3276,36.3618],[25.3245,36.3614],[25.3214,36.3616],[25.3193,36.3611],[25.3182,36.362],[25.3181,36.3651],[25.3163,36.3661],[25.3155,36.3672],[25.3157,36.3682],[25.3172,36.3686],[25.3177,36.3693],[25.318,36.3714],[25.3187,36.3724],[25.3151,36.3743],[25.313,36.3745],[25.3099,36.3738],[25.3076,36.3745],[25.3063,36.3755],[25.3035,36.3786],[25.302,36.3859],[25.3014,36.387],[25.3016,36.3891],[25.3027,36.3901],[25.3032,36.3922],[25.303,36.3974],[25.3038,36.4005],[25.3025,36.4151],[25.3049,36.4214],[25.3059,36.4286],[25.309,36.4432],[25.311,36.4495],[25.311,36.4557],[25.313,36.4596],[25.3151,36.4609],[25.3157,36.4651],[25.3178,36.4682],[25.3203,36.4695],[25.3286,36.4761],[25.3328,36.4742],[25.333,36.4734],[25.3359,36.4716],[25.3401,36.4714],[25.3411,36.4706],[25.3432,36.471],[25.3464,36.4697],[25.3483,36.4682],[25.349,36.4661],[25.3488,36.4651],[25.3498,36.4641],[25.3498,36.463],[25.3471,36.462],[25.3482,36.4599],[25.3479,36.4547],[25.3488,36.4526],[25.3499,36.4516],[25.3557,36.4513],[25.3566,36.4505],[25.3578,36.4474],[25.3573,36.4464],[25.3574,36.4453],[25.3596,36.4422],[25.3599,36.4401],[25.3597,36.4391],[25.3585,36.438],[25.3584,36.437],[25.3568,36.4349],[25.3547,36.4372],[25.3516,36.4372],[25.3505,36.4359],[25.3495,36.436],[25.3495,36.4349],[25.3483,36.4339],[25.3481,36.4318],[25.3484,36.4307],[25.3516,36.4286],[25.3526,36.4255],[25.3512,36.4245],[25.3522,36.4234],[25.3524,36.4214],[25.3521,36.4193],[25.3512,36.4172],[25.3536,36.4151],[25.3536,36.413],[25.3547,36.412],[25.3543,36.4109],[25.3547,36.4078],[25.3536,36.4068],[25.3505,36.4094],[25.3474,36.4099],[25.3422,36.4129],[25.338,36.4144],[25.3349,36.4163],[25.3339,36.4162],[25.3328,36.4167],[25.3318,36.4162],[25.327,36.4161],[25.324,36.412],[25.3231,36.4078],[25.3253,36.4036],[25.3229,36.4005],[25.3234,36.3932],[25.3245,36.3933],[25.3274,36.3922],[25.3286,36.3873],[25.3307,36.386],[25.3349,36.3874],[25.3358,36.3849],[25.337,36.3836],[25.3391,36.3832],[25.3484,36.386],[25.3498,36.387],[25.3505,36.3881],[25.352,36.387],[25.3534,36.3839],[25.3508,36.3807],[25.3506,36.3776],[25.3488,36.3755],[25.3495,36.3741],[25.3516,36.3729],[25.3536,36.3734],[25.3538,36.3724],[25.3549,36.3714],[25.3552,36.3693],[25.3568,36.3683],[25.363,36.3675],[25.3661,36.3686],[25.3693,36.367],[25.3724,36.3666],[25.3734,36.3668],[25.3766,36.3693],[25.3786,36.3698],[25.3818,36.3684],[25.3859,36.3681],[25.3901,36.3667],[25.3932,36.3664],[25.3943,36.3651],[25.3974,36.3651],[25.3995,36.3646],[25.4005,36.363],[25.412,36.363],[25.4151,36.3657],[25.4151,36.3682],[25.4174,36.3703],[25.418,36.3724],[25.4182,36.3768],[25.4235,36.3818],[25.4236,36.3828],[25.4264,36.387],[25.4297,36.3891],[25.4316,36.3911],[25.4318,36.3964],[25.4286,36.4006],[25.4277,36.4016],[25.4266,36.4016],[25.4255,36.4026],[25.4259,36.4036],[25.4251,36.4068],[25.4264,36.4109],[25.4264,36.413],[25.4262,36.4172],[25.4245,36.4193],[25.4244,36.4245],[25.4214,36.4272],[25.4161,36.4282],[25.4151,36.4282],[25.4141,36.4276],[25.413,36.4286],[25.4141,36.4306],[25.413,36.4318],[25.4141,36.4328],[25.4141,36.4339],[25.4179,36.438],[25.4182,36.4401],[25.4193,36.4411],[25.4214,36.4411],[25.4214,36.4453],[25.4203,36.4464],[25.4203,36.4485],[25.4186,36.4505],[25.4182,36.4519],[25.4168,36.4526],[25.412,36.4578],[25.4078,36.4581],[25.4054,36.4578],[25.4047,36.4572],[25.4016,36.4572],[25.3995,36.4557],[25.3974,36.4557],[25.3964,36.4568],[25.3953,36.4568],[25.3935,36.4578],[25.3919,36.4578],[25.3901,36.4568],[25.388,36.4569],[25.3854,36.4589],[25.3818,36.4591],[25.3783,36.4589],[25.3766,36.4578],[25.3745,36.458],[25.374,36.4568],[25.3724,36.4557],[25.3703,36.4578],[25.3703,36.459],[25.3684,36.4599],[25.3679,36.462],[25.3683,36.463],[25.3663,36.4651],[25.3664,36.4672],[25.3655,36.4693],[25.3652,36.4734],[25.3656,36.4755],[25.3687,36.4818],[25.3693,36.4843],[25.3718,36.487],[25.3718,36.4891],[25.3714,36.4898],[25.3682,36.4933],[25.3664,36.4943],[25.3676,36.4964],[25.3693,36.497],[25.3703,36.498],[25.3755,36.4964],[25.3807,36.4955],[25.3839,36.4941],[25.388,36.4949],[25.3901,36.4928],[25.3911,36.4922],[25.3922,36.4921],[25.3932,36.4905],[25.3953,36.4902],[25.3984,36.4911],[25.4005,36.489],[25.4016,36.4888],[25.4047,36.4893],[25.4068,36.4881],[25.4097,36.4911],[25.412,36.4923],[25.4123,36.4891],[25.4131,36.487],[25.4141,36.486],[25.4151,36.4857],[25.4172,36.4861],[25.4234,36.484],[25.4296,36.4818],[25.4357,36.4786],[25.4396,36.4745],[25.4401,36.4734],[25.4401,36.4711],[25.4432,36.4707],[25.4443,36.4699],[25.4447,36.4693],[25.4443,36.4672],[25.4457,36.4651],[25.4458,36.4641],[25.4474,36.462],[25.4536,36.46],[25.4568,36.4574],[25.462,36.4547],[25.463,36.453],[25.4641,36.4531],[25.4672,36.4503],[25.4703,36.4455],[25.4726,36.4432],[25.4734,36.4411],[25.4744,36.4401],[25.4776,36.4323],[25.4786,36.4321],[25.4807,36.4341],[25.4818,36.4325],[25.487,36.431],[25.4888,36.4297],[25.4901,36.4296],[25.4943,36.4258],[25.4957,36.4255],[25.4945,36.4245],[25.4955,36.4224],[25.4953,36.421],[25.4979,36.4193],[25.4984,36.418],[25.5005,36.4182],[25.5017,36.4141],[25.5022,36.412],[25.502,36.4099],[25.5006,36.4089],[25.5009,36.4068],[25.5025,36.4047],[25.5011,36.3995],[25.4998,36.3984],[25.497,36.3911],[25.4971,36.3901],[25.4989,36.3891],[25.4993,36.388],[25.5003,36.3807],[25.5002,36.3786],[25.5024,36.3766],[25.5068,36.3673],[25.5052,36.363],[25.5069,36.3609],[25.508,36.3578],[25.5099,36.3559],[25.5099,36.3546],[25.5093,36.3536],[25.5072,36.3526],[25.5058,36.3495],[25.5059,36.3474],[25.5069,36.3464],[25.5067,36.3443],[25.5026,36.3385],[25.5016,36.3376],[25.5005,36.3378],[25.4974,36.3343],[25.4973,36.3318],[25.4964,36.3299],[25.4943,36.3287],[25.4932,36.3288],[25.4911,36.3268],[25.4849,36.3251],[25.4794,36.3214],[25.4775,36.3193],[25.4775,36.3172],[25.4748,36.3141],[25.4744,36.312],[25.4724,36.3108],[25.4716,36.3099],[25.4721,36.3089],[25.4693,36.3067],[25.4677,36.3047],[25.4661,36.3043],[25.4651,36.3049],[25.4641,36.3026],[25.4609,36.3007],[25.4578,36.2976],[25.4557,36.2969],[25.4526,36.2943],[25.4495,36.2944],[25.4493,36.2922],[25.4484,36.2912],[25.4464,36.29],[25.4453,36.2903],[25.4441,36.2891],[25.444,36.288],[25.4406,36.2849],[25.4404,36.2839],[25.4385,36.2839],[25.4388,36.2849],[25.438,36.2856],[25.4361,36.2849],[25.437,36.2839],[25.4349,36.2828],[25.4318,36.2824],[25.4304,36.2818],[25.4295,36.2807],[25.4292,36.2786],[25.4286,36.278],[25.4276,36.2774],[25.4255,36.2772],[25.4245,36.2777],[25.423,36.2766]],[[25.8339,36.2586],[25.8276,36.2591],[25.8234,36.2584],[25.8218,36.2589],[25.8188,36.2609],[25.8161,36.264],[25.8151,36.2643],[25.8141,36.2657],[25.8128,36.2661],[25.8113,36.2682],[25.8099,36.2774],[25.8086,36.2786],[25.8091,36.2807],[25.8081,36.2828],[25.8087,36.2839],[25.8068,36.284],[25.8057,36.2856],[25.8047,36.2856],[25.8026,36.2838],[25.8047,36.2868],[25.8059,36.287],[25.8016,36.2888],[25.8005,36.2886],[25.7995,36.2894],[25.7968,36.288],[25.7964,36.2868],[25.7962,36.288],[25.7953,36.2886],[25.7932,36.2865],[25.7925,36.287],[25.7943,36.2911],[25.7932,36.2925],[25.7908,36.2911],[25.7911,36.2904],[25.7922,36.2907],[25.7924,36.2901],[25.7901,36.2882],[25.7891,36.2886],[25.788,36.288],[25.7818,36.2905],[25.7786,36.2923],[25.7776,36.2936],[25.7766,36.2933],[25.7755,36.2939],[25.7714,36.2989],[25.7693,36.2996],[25.7682,36.2994],[25.7672,36.3002],[25.7661,36.2999],[25.762,36.3015],[25.7599,36.3014],[25.7598,36.3026],[25.7589,36.3036],[25.7578,36.3036],[25.7547,36.3061],[25.7536,36.3054],[25.7526,36.3065],[25.7519,36.3057],[25.7523,36.3047],[25.7537,36.3036],[25.7556,36.3005],[25.7578,36.2995],[25.7571,36.2974],[25.7549,36.2974],[25.7547,36.2984],[25.7536,36.2985],[25.7516,36.3002],[25.7495,36.2999],[25.7474,36.3006],[25.742,36.2974],[25.7328,36.2888],[25.7318,36.2882],[25.7286,36.2881],[25.7266,36.2891],[25.7257,36.2901],[25.7236,36.2943],[25.7234,36.2953],[25.7247,36.2995],[25.7239,36.3016],[25.7245,36.3026],[25.7234,36.3032],[25.7235,36.3047],[25.7224,36.3069],[25.7203,36.3078],[25.7161,36.3082],[25.7105,36.3047],[25.7089,36.3041],[25.6943,36.3039],[25.6909,36.3068],[25.687,36.3117],[25.6839,36.314],[25.6807,36.3151],[25.6776,36.315],[25.6745,36.3155],[25.6741,36.3172],[25.6747,36.3193],[25.6779,36.3224],[25.6801,36.3255],[25.6801,36.3276],[25.6785,36.3328],[25.6788,36.3359],[25.6782,36.338],[25.6812,36.3495],[25.6806,36.3536],[25.6816,36.3557],[25.6839,36.3561],[25.6849,36.3571],[25.6859,36.3574],[25.6911,36.3558],[25.6922,36.3573],[25.6932,36.3565],[25.6937,36.3568],[25.6926,36.3589],[25.6939,36.3599],[25.6941,36.3609],[25.6953,36.3628],[25.6964,36.3633],[25.6974,36.3648],[25.6985,36.3651],[25.6995,36.369],[25.7005,36.3693],[25.7003,36.3703],[25.6995,36.3713],[25.6984,36.3703],[25.6995,36.3715],[25.7016,36.3713],[25.7026,36.3724],[25.7057,36.3707],[25.707,36.3714],[25.7067,36.3724],[25.7078,36.3735],[25.7089,36.3732],[25.7099,36.3741],[25.712,36.3746],[25.713,36.374],[25.7172,36.3744],[25.7193,36.3757],[25.7214,36.3777],[25.7224,36.3781],[25.7245,36.3809],[25.7298,36.3849],[25.7391,36.39],[25.7416,36.3932],[25.7415,36.3943],[25.7436,36.3964],[25.7526,36.4018],[25.7557,36.404],[25.7568,36.4054],[25.7578,36.4057],[25.7582,36.4078],[25.7595,36.4099],[25.7609,36.4109],[25.7641,36.411],[25.7651,36.4103],[25.7703,36.4098],[25.7714,36.4103],[25.772,36.4099],[25.7717,36.4089],[25.7724,36.4083],[25.7755,36.4073],[25.7776,36.4075],[25.7786,36.4086],[25.7797,36.4074],[25.7807,36.4078],[25.7839,36.4101],[25.7849,36.41],[25.7859,36.4116],[25.7871,36.4109],[25.787,36.4069],[25.7891,36.4053],[25.7901,36.4058],[25.7911,36.4024],[25.7922,36.4036],[25.7932,36.4038],[25.7953,36.4066],[25.7964,36.4066],[25.7974,36.4076],[25.7984,36.4048],[25.7995,36.4052],[25.8005,36.4065],[25.8026,36.4072],[25.8036,36.4084],[25.8057,36.409],[25.8089,36.4089],[25.8141,36.4076],[25.8151,36.4076],[25.8161,36.4082],[25.8193,36.4077],[25.8215,36.4057],[25.8263,36.3995],[25.8307,36.397],[25.8368,36.3953],[25.8391,36.3935],[25.841,36.3901],[25.8443,36.3794],[25.8474,36.3759],[25.8516,36.3736],[25.8589,36.3728],[25.8599,36.3726],[25.8609,36.3715],[25.862,36.3718],[25.8641,36.3707],[25.8661,36.3688],[25.8678,36.3682],[25.872,36.363],[25.8725,36.362],[25.872,36.3609],[25.8734,36.3599],[25.8747,36.3557],[25.8744,36.3536],[25.875,36.3505],[25.874,36.3464],[25.8716,36.3422],[25.8672,36.338],[25.8599,36.3335],[25.8495,36.3284],[25.8422,36.3257],[25.8359,36.3252],[25.8332,36.3245],[25.8276,36.3204],[25.8255,36.3172],[25.8241,36.3109],[25.8245,36.3078],[25.8243,36.3036],[25.825,36.3016],[25.8266,36.3004],[25.8286,36.2996],[25.8305,36.2995],[25.8401,36.2967],[25.8454,36.2932],[25.8474,36.2911],[25.8476,36.2901],[25.8484,36.2898],[25.8516,36.2846],[25.8534,36.2828],[25.8536,36.2797],[25.8562,36.2776],[25.8564,36.2766],[25.8573,36.2755],[25.8571,36.2714],[25.8563,36.2703],[25.8516,36.2675],[25.8505,36.2663],[25.8495,36.2673],[25.8494,36.2661],[25.8474,36.2637],[25.8464,36.2635],[25.8453,36.2641],[25.8391,36.2598],[25.838,36.26]],[[25.9026,36.2588],[25.8974,36.2587],[25.8953,36.2594],[25.8943,36.2589],[25.8922,36.2591],[25.8891,36.2601],[25.887,36.26],[25.8734,36.2622],[25.8724,36.2618],[25.8714,36.2626],[25.8703,36.2617],[25.8693,36.2617],[25.8693,36.2624],[25.8707,36.263],[25.8688,36.2641],[25.8695,36.2651],[25.8693,36.2659],[25.8665,36.2682],[25.8651,36.2683],[25.8617,36.2714],[25.862,36.2755],[25.8634,36.2776],[25.8661,36.2797],[25.8659,36.2807],[25.8693,36.2828],[25.8734,36.2842],[25.8807,36.2853],[25.8932,36.2852],[25.9036,36.2876],[25.9068,36.2877],[25.9078,36.2869],[25.9093,36.287],[25.9116,36.2849],[25.912,36.284],[25.913,36.2836],[25.9141,36.2812],[25.9152,36.2807],[25.9149,36.2797],[25.9154,36.2786],[25.9144,36.2755],[25.9143,36.2734],[25.912,36.27]],[[25.2297,36.2193],[25.2286,36.2193],[25.2246,36.2214],[25.2245,36.2227],[25.2242,36.2214],[25.2232,36.2214],[25.2228,36.2224],[25.2239,36.2234],[25.2224,36.2236],[25.2214,36.2245],[25.2239,36.2255],[25.2234,36.2264],[25.2203,36.2266],[25.2193,36.2258],[25.2172,36.2253],[25.212,36.2248],[25.2099,36.2253],[25.2078,36.2266],[25.2057,36.2266],[25.2047,36.2258],[25.2005,36.2286],[25.1984,36.2288],[25.1943,36.2316],[25.193,36.2328],[25.1919,36.2349],[25.1888,36.237],[25.188,36.2388],[25.1862,36.2411],[25.186,36.2453],[25.1868,36.2474],[25.188,36.2499],[25.1891,36.2503],[25.1894,36.2526],[25.1922,36.2561],[25.1938,36.2609],[25.1953,36.2625],[25.1964,36.2631],[25.1974,36.2631],[25.1995,36.2649],[25.2026,36.265],[25.2029,36.2672],[25.2047,36.2691],[25.2057,36.2694],[25.2068,36.2684],[25.208,36.2651],[25.2078,36.2629],[25.2099,36.2615],[25.2123,36.2589],[25.2124,36.2578],[25.2143,36.2557],[25.2137,36.2547],[25.2139,36.2536],[25.2151,36.2525],[25.2182,36.2518],[25.2213,36.2505],[25.2197,36.2495],[25.2197,36.2474],[25.2182,36.2454],[25.2172,36.245],[25.2171,36.2443],[25.2182,36.2418],[25.2193,36.2411],[25.2203,36.241],[25.2203,36.2391],[25.2214,36.239],[25.2222,36.238],[25.2252,36.2318],[25.2276,36.2306],[25.2314,36.2276],[25.2321,36.2255],[25.2324,36.2224],[25.2331,36.2214],[25.2328,36.2206],[25.2315,36.2214]],[[25.2703,36.1092],[25.2693,36.1089],[25.2682,36.1096],[25.2682,36.1112],[25.2693,36.1117],[25.2707,36.1109],[25.271,36.1099]]]}},{"type":"Feature","properties":{"depth":150,"kind":"band"},"geometry":{"type":"MultiPolygon","coordinates":[[[[25.7035,36.8922],[25.7026,36.8925],[25.7025,36.8922],[25.7035,36.8922]]],[[[25.6446,36.8359],[25.6436,36.8359],[25.6443,36.8349],[25.6446,36.8359]]],[[[25.6936,36.8318],[25.6932,36.8322],[25.6926,36.8318],[25.6936,36.8318]]],[[[25.7279,36.8245],[25.7288,36.8255],[25.7286,36.8259],[25.7276,36.8258],[25.7268,36.8245],[25.7276,36.8235],[25.7279,36.8245]]],[[[25.7235,36.8224],[25.7237,36.8234],[25.7253,36.8245],[25.7234,36.8245],[25.7234,36.8221],[25.7235,36.8224]]],[[[25.7232,36.8214],[25.722,36.8214],[25.7224,36.8209],[25.7232,36.8214]]],[[[25.4551,36.7953],[25.4547,36.7957],[25.4541,36.7953],[25.4547,36.7948],[25.4551,36.7953]]],[[[25.4476,36.6995],[25.4471,36.6995],[25.4474,36.6988],[25.4476,36.6995]]],[[[25.5458,36.6984],[25.545,36.6984],[25.5453,36.6975],[25.5458,36.6984]]],[[[25.002,36.6432],[25.0016,36.644],[25.0012,36.6432],[25.0016,36.6428],[25.002,36.6432]]],[[[25.0082,36.6432],[25.012,36.6439],[25.013,36.6447],[25.0141,36.6441],[25.0151,36.6454],[25.0161,36.6447],[25.0193,36.6452],[25.0214,36.6459],[25.0234,36.6475],[25.0307,36.6478],[25.0359,36.6489],[25.0422,36.6509],[25.0464,36.6505],[25.0506,36.6526],[25.0518,36.6547],[25.0536,36.6566],[25.0554,36.6599],[25.0563,36.663],[25.0556,36.6641],[25.0576,36.6714],[25.0614,36.6807],[25.0639,36.6849],[25.0641,36.6859],[25.0651,36.687],[25.0675,36.6922],[25.0724,36.6977],[25.0797,36.7037],[25.087,36.7083],[25.0924,36.7109],[25.1047,36.7154],[25.1161,36.7214],[25.1297,36.7318],[25.1422,36.7372],[25.1568,36.7419],[25.1724,36.7488],[25.1782,36.7547],[25.1809,36.7589],[25.1823,36.762],[25.1824,36.7651],[25.1846,36.7703],[25.1854,36.7714],[25.186,36.7786],[25.1857,36.7807],[25.1851,36.7828],[25.1839,36.7839],[25.1842,36.7849],[25.1829,36.788],[25.1816,36.7901],[25.1792,36.7922],[25.1788,36.7932],[25.1793,36.7953],[25.1778,36.7964],[25.1785,36.7974],[25.1766,36.8005],[25.1774,36.8036],[25.1766,36.8047],[25.176,36.8099],[25.1714,36.8142],[25.1703,36.8164],[25.1672,36.8198],[25.163,36.8219],[25.1599,36.825],[25.1554,36.8297],[25.1528,36.8339],[25.1516,36.8344],[25.1503,36.8359],[25.1453,36.8399],[25.1421,36.8432],[25.1389,36.8453],[25.138,36.8464],[25.1359,36.8472],[25.1354,36.8484],[25.134,36.8495],[25.1314,36.8505],[25.1214,36.8567],[25.1193,36.8585],[25.1161,36.8597],[25.1057,36.8669],[25.0911,36.8729],[25.0891,36.8731],[25.088,36.8738],[25.087,36.8754],[25.0818,36.8783],[25.0755,36.8807],[25.0745,36.8806],[25.0717,36.8818],[25.0682,36.8823],[25.0625,36.8849],[25.0568,36.8855],[25.0547,36.885],[25.0505,36.8854],[25.0411,36.888],[25.038,36.8874],[25.0349,36.8859],[25.0307,36.8862],[25.0255,36.8845],[25.0208,36.887],[25.0203,36.8881],[25.0193,36.8878],[25.0182,36.8887],[25.0161,36.8887],[25.0151,36.8895],[25.0141,36.8896],[25.012,36.8889],[25.0099,36.889],[25.0057,36.8872],[25.0036,36.8876],[25.0016,36.8874],[25,36.8859],[25,36.6443],[25.0005,36.6435],[25.0016,36.6443],[25.0026,36.6435],[25.0047,36.6436],[25.0057,36.6428],[25.0082,36.6432]]],[[[25.0132,36.6432],[25.013,36.6436],[25.0128,36.6432],[25.013,36.6429],[25.0132,36.6432]]],[[[25.1317,36.6141],[25.1349,36.6158],[25.136,36.6172],[25.138,36.6224],[25.138,36.6236],[25.137,36.6244],[25.1318,36.624],[25.1272,36.6224],[25.1236,36.6193],[25.122,36.6161],[25.1224,36.6155],[25.1276,36.6132],[25.1286,36.6131],[25.1317,36.6141]]],[[[25.0345,36.5922],[25.0336,36.5922],[25.0339,36.5913],[25.0345,36.5922]]],[[[25.2798,36.5193],[25.2797,36.5205],[25.2794,36.5193],[25.2798,36.5193]]],[[[25.2792,36.5151],[25.2786,36.5168],[25.2776,36.5167],[25.277,36.5151],[25.2776,36.5143],[25.2786,36.5144],[25.2792,36.5151]]],[[[25.3383,36.4922],[25.338,36.493],[25.3371,36.4922],[25.3383,36.4922]]],[[[25.334,36.4891],[25.3339,36.4898],[25.3328,36.49],[25.3318,36.4891],[25.3328,36.4885],[25.334,36.4891]]],[[[25.7833,36.4109],[25.7836,36.412],[25.7828,36.4129],[25.782,36.412],[25.7825,36.4109],[25.7833,36.4109]]],[[[25.7823,36.4099],[25.7818,36.4106],[25.7814,36.4099],[25.7818,36.4095],[25.7823,36.4099]]],[[[25.7926,36.4089],[25.7922,36.4092],[25.7918,36.4089],[25.7926,36.4089]]],[[[25.6912,36.3745],[25.6916,36.3755],[25.6911,36.3758],[25.6905,36.3755],[25.6912,36.3745]]],[[[25.6882,36.3661],[25.688,36.3665],[25.6875,36.3661],[25.6882,36.3661]]],[[[25.9192,36.2693],[25.9182,36.2697],[25.9179,36.2693],[25.9182,36.2687],[25.9192,36.2693]]],[[[25.9176,36.2682],[25.9169,36.2682],[25.9172,36.2678],[25.9176,36.2682]]],[[[25.8698,36.2599],[25.8693,36.2602],[25.8687,36.2599],[25.8693,36.2589],[25.8698,36.2599]]],[[[26,36.0005],[26,36.8776],[25.9995,36.8781],[25.9984,36.8776],[25.9943,36.8772],[25.9931,36.8766],[25.9922,36.8745],[25.987,36.8727],[25.9839,36.8702],[25.9766,36.8702],[25.9755,36.8699],[25.9734,36.8669],[25.9674,36.863],[25.9652,36.8589],[25.9564,36.8505],[25.9536,36.8502],[25.9495,36.8511],[25.9474,36.8508],[25.9453,36.8491],[25.9391,36.8465],[25.9349,36.8422],[25.93,36.8359],[25.9255,36.8328],[25.9224,36.8292],[25.9193,36.8274],[25.9169,36.8266],[25.9167,36.8255],[25.9182,36.8214],[25.9182,36.8193],[25.9194,36.8182],[25.9194,36.8172],[25.9179,36.8151],[25.9181,36.8141],[25.9151,36.8124],[25.9116,36.8089],[25.9078,36.8064],[25.9047,36.8054],[25.9036,36.8045],[25.9016,36.8045],[25.9004,36.8026],[25.9005,36.8015],[25.8984,36.8021],[25.8932,36.7996],[25.89,36.7964],[25.8893,36.7943],[25.8874,36.7922],[25.8849,36.7907],[25.8828,36.7887],[25.8818,36.7883],[25.8797,36.7863],[25.8766,36.7847],[25.8724,36.7813],[25.8654,36.7797],[25.8644,36.7776],[25.8644,36.7766],[25.8651,36.7754],[25.8641,36.7752],[25.8557,36.769],[25.8526,36.7686],[25.8411,36.7693],[25.8297,36.7667],[25.8286,36.7671],[25.8276,36.7685],[25.8266,36.7685],[25.8241,36.7672],[25.8232,36.7661],[25.8214,36.7655],[25.8193,36.763],[25.8068,36.7586],[25.7995,36.7583],[25.7917,36.7568],[25.788,36.7567],[25.7701,36.7589],[25.767,36.7599],[25.7666,36.7609],[25.7641,36.7623],[25.7557,36.7645],[25.7495,36.7668],[25.7464,36.7687],[25.7373,36.7786],[25.7314,36.7839],[25.7297,36.7859],[25.7286,36.7882],[25.7266,36.7887],[25.7214,36.7964],[25.7203,36.7976],[25.7193,36.7978],[25.7172,36.8011],[25.7153,36.8026],[25.7143,36.8068],[25.7154,36.8089],[25.7145,36.8099],[25.7147,36.8109],[25.7165,36.8141],[25.7161,36.8151],[25.7172,36.8176],[25.7193,36.8185],[25.7218,36.8203],[25.7208,36.8214],[25.7219,36.8234],[25.7218,36.8245],[25.7234,36.8261],[25.7249,36.8266],[25.7244,36.8297],[25.7255,36.8293],[25.7265,36.8307],[25.7281,36.8307],[25.7286,36.8318],[25.7297,36.8316],[25.7307,36.8321],[25.737,36.8364],[25.7453,36.8383],[25.7495,36.8376],[25.7578,36.8346],[25.7651,36.8334],[25.7682,36.8322],[25.7703,36.8324],[25.7734,36.8337],[25.7873,36.8422],[25.7922,36.8438],[25.7995,36.844],[25.8099,36.8422],[25.813,36.8424],[25.8151,36.8437],[25.8193,36.848],[25.8266,36.8609],[25.8293,36.8641],[25.8318,36.8661],[25.837,36.8688],[25.8464,36.8695],[25.8495,36.8708],[25.8557,36.8724],[25.863,36.8752],[25.8659,36.8766],[25.8672,36.8777],[25.8691,36.8797],[25.8686,36.8828],[25.8669,36.887],[25.8664,36.8932],[25.8666,36.8943],[25.8681,36.8964],[25.8703,36.8984],[25.8714,36.8985],[25.8724,36.8995],[25.8734,36.8993],[25.8745,36.9003],[25.8766,36.9003],[25.8776,36.9012],[25.8818,36.902],[25.8828,36.9012],[25.8839,36.9027],[25.8855,36.9026],[25.8855,36.9036],[25.8943,36.9055],[25.9016,36.9055],[25.9047,36.9063],[25.9068,36.9073],[25.9151,36.9068],[25.9193,36.9071],[25.9224,36.9066],[25.9266,36.9074],[25.9349,36.9134],[25.9391,36.9174],[25.9422,36.9182],[25.9526,36.9293],[25.9536,36.9297],[25.9566,36.9328],[25.963,36.938],[25.9693,36.9409],[25.9745,36.942],[25.9828,36.9424],[25.9859,36.9435],[25.988,36.9454],[25.9901,36.946],[25.9995,36.9464],[26,36.9474],[26,36.9995],[25.9995,37],[25.6901,37],[25.6896,36.9995],[25.6897,36.9964],[25.6907,36.9911],[25.692,36.987],[25.6944,36.9818],[25.699,36.9745],[25.7001,36.9703],[25.6999,36.9682],[25.6984,36.9652],[25.6933,36.9609],[25.692,36.9589],[25.6912,36.9557],[25.6904,36.9474],[25.6921,36.9432],[25.6943,36.9405],[25.6995,36.9358],[25.7057,36.9319],[25.7064,36.9307],[25.7061,36.9286],[25.6979,36.9036],[25.6998,36.8984],[25.7036,36.8923],[25.705,36.8911],[25.7061,36.8891],[25.7066,36.887],[25.7077,36.8859],[25.7068,36.8849],[25.7081,36.8818],[25.7076,36.8807],[25.7084,36.8766],[25.7079,36.8745],[25.7084,36.8734],[25.7077,36.8714],[25.7054,36.8693],[25.7072,36.8672],[25.7079,36.8641],[25.7073,36.862],[25.705,36.8578],[25.704,36.8526],[25.7039,36.8474],[25.7024,36.8453],[25.7028,36.8443],[25.7016,36.8432],[25.702,36.8422],[25.7005,36.8405],[25.6994,36.838],[25.6955,36.8339],[25.6952,36.8318],[25.6922,36.8286],[25.6911,36.829],[25.6901,36.828],[25.688,36.8287],[25.687,36.8285],[25.6859,36.8292],[25.6839,36.8272],[25.6776,36.8251],[25.6734,36.8245],[25.6693,36.8245],[25.663,36.8272],[25.662,36.8272],[25.6589,36.829],[25.6568,36.8313],[25.6536,36.8331],[25.6505,36.8338],[25.6495,36.8335],[25.6474,36.8348],[25.6464,36.8336],[25.6453,36.8337],[25.6422,36.8366],[25.6401,36.8368],[25.637,36.8379],[25.6376,36.8391],[25.637,36.8398],[25.6345,36.8411],[25.6339,36.8424],[25.6323,36.8432],[25.6318,36.8442],[25.6307,36.8443],[25.6306,36.8453],[25.6286,36.8469],[25.6255,36.8452],[25.6234,36.8454],[25.6224,36.8447],[25.6203,36.8446],[25.6182,36.8436],[25.6172,36.8438],[25.6151,36.8459],[25.6141,36.8443],[25.613,36.8453],[25.6078,36.8451],[25.6057,36.8464],[25.6036,36.8457],[25.6016,36.8457],[25.5974,36.8429],[25.5964,36.8434],[25.5922,36.841],[25.5891,36.8402],[25.5859,36.8398],[25.5776,36.84],[25.5682,36.8384],[25.563,36.8366],[25.5611,36.837],[25.5609,36.838],[25.5605,36.837],[25.5589,36.8371],[25.5568,36.8345],[25.5547,36.8331],[25.5484,36.8303],[25.5443,36.8271],[25.5411,36.8257],[25.5416,36.8245],[25.5411,36.8237],[25.5391,36.8211],[25.537,36.8197],[25.5349,36.8196],[25.5339,36.8201],[25.5328,36.819],[25.5318,36.8192],[25.5297,36.8183],[25.5292,36.8172],[25.5266,36.816],[25.5255,36.8167],[25.5245,36.8164],[25.5224,36.8169],[25.5214,36.8162],[25.5193,36.8173],[25.5172,36.8161],[25.5151,36.8166],[25.512,36.8161],[25.5109,36.8167],[25.5099,36.816],[25.5089,36.8161],[25.5078,36.815],[25.5068,36.8153],[25.5036,36.8138],[25.4984,36.8137],[25.4932,36.8145],[25.4922,36.8142],[25.4828,36.8098],[25.4801,36.8078],[25.4802,36.8068],[25.4786,36.8056],[25.4776,36.8059],[25.4734,36.8044],[25.4703,36.804],[25.4661,36.802],[25.4599,36.7964],[25.46,36.7953],[25.458,36.7932],[25.4557,36.7918],[25.4547,36.7917],[25.4526,36.7899],[25.4525,36.7922],[25.4529,36.7932],[25.4526,36.7942],[25.4484,36.7919],[25.4453,36.7918],[25.4441,36.7922],[25.4432,36.7911],[25.4424,36.788],[25.4396,36.7849],[25.4385,36.7828],[25.4359,36.7807],[25.4339,36.7778],[25.4324,36.7766],[25.4297,36.7767],[25.4282,36.7755],[25.4262,36.7714],[25.4265,36.7693],[25.4276,36.7679],[25.4297,36.7664],[25.4339,36.7644],[25.4359,36.761],[25.4416,36.7578],[25.4422,36.7567],[25.4432,36.7564],[25.4451,36.7547],[25.4488,36.7536],[25.4504,36.7516],[25.4518,36.7474],[25.454,36.7432],[25.4552,36.7359],[25.4561,36.7339],[25.4569,36.7297],[25.4564,36.7286],[25.4569,36.7255],[25.4544,36.7203],[25.4545,36.7182],[25.4535,36.7141],[25.4545,36.712],[25.4536,36.7107],[25.4526,36.7105],[25.4522,36.713],[25.4505,36.7136],[25.45,36.713],[25.4508,36.7089],[25.4503,36.7057],[25.451,36.7047],[25.4508,36.7026],[25.449,36.6995],[25.4474,36.6984],[25.4464,36.699],[25.4443,36.697],[25.4391,36.6951],[25.4359,36.6949],[25.4349,36.6942],[25.4339,36.6944],[25.4266,36.6857],[25.425,36.6828],[25.424,36.6797],[25.4227,36.6661],[25.4212,36.6599],[25.4154,36.6484],[25.4107,36.6411],[25.4089,36.6391],[25.4078,36.6391],[25.4054,36.638],[25.4026,36.6375],[25.3964,36.6374],[25.3953,36.6369],[25.3932,36.6371],[25.3911,36.6367],[25.388,36.6353],[25.3859,36.6335],[25.3817,36.6318],[25.3802,36.6307],[25.3797,36.6286],[25.3776,36.6255],[25.3774,36.6234],[25.3755,36.6213],[25.3703,36.6185],[25.362,36.6158],[25.3609,36.6165],[25.3599,36.6156],[25.3589,36.616],[25.3579,36.6141],[25.3528,36.6099],[25.3484,36.6047],[25.3487,36.6036],[25.3478,36.6005],[25.3481,36.5995],[25.3473,36.5922],[25.3458,36.5891],[25.3443,36.5828],[25.3449,36.5818],[25.3452,36.5745],[25.3443,36.5734],[25.3447,36.5703],[25.344,36.5672],[25.3432,36.5659],[25.3422,36.5648],[25.3359,36.5633],[25.3328,36.5617],[25.3286,36.5622],[25.3224,36.5577],[25.3214,36.5579],[25.3168,36.5557],[25.3143,36.5526],[25.3151,36.5517],[25.3161,36.5529],[25.3161,36.5518],[25.3151,36.55],[25.3142,36.5505],[25.3146,36.5516],[25.3141,36.5519],[25.314,36.5505],[25.3127,36.5484],[25.3117,36.5453],[25.3089,36.5425],[25.3057,36.5404],[25.3044,36.538],[25.3016,36.5351],[25.2964,36.5318],[25.2917,36.5276],[25.2905,36.5255],[25.2891,36.5244],[25.2859,36.5197],[25.2837,36.5172],[25.2745,36.5089],[25.2726,36.5078],[25.2736,36.5068],[25.273,36.5057],[25.2695,36.5036],[25.2682,36.5024],[25.2643,36.5016],[25.2641,36.501],[25.2615,36.5026],[25.2605,36.5047],[25.2589,36.5057],[25.2589,36.5068],[25.2608,36.5078],[25.2592,36.5099],[25.2589,36.5114],[25.2557,36.512],[25.2523,36.5161],[25.2497,36.5172],[25.2443,36.5212],[25.2419,36.5245],[25.2401,36.5254],[25.2377,36.5276],[25.2375,36.5286],[25.2391,36.5317],[25.2401,36.5321],[25.2406,36.5328],[25.2401,36.5333],[25.235,36.5318],[25.2339,36.5319],[25.233,36.5328],[25.2326,36.5349],[25.2356,36.538],[25.2339,36.5398],[25.2297,36.5419],[25.2286,36.5435],[25.2266,36.5446],[25.2253,36.5474],[25.2193,36.5528],[25.2186,36.5547],[25.2187,36.5557],[25.2193,36.5561],[25.2255,36.5567],[25.2349,36.5563],[25.2372,36.5568],[25.2349,36.5575],[25.2349,36.5589],[25.2336,36.5609],[25.2335,36.562],[25.228,36.5682],[25.2274,36.5703],[25.2255,36.5722],[25.2253,36.5734],[25.2241,36.5745],[25.223,36.5776],[25.2241,36.5807],[25.2228,36.5818],[25.2229,36.5828],[25.2222,36.5839],[25.2237,36.5849],[25.2234,36.5859],[25.2214,36.5876],[25.2215,36.5891],[25.2203,36.5899],[25.2203,36.5911],[25.2193,36.5915],[25.2162,36.5953],[25.2166,36.5964],[25.2149,36.5964],[25.2151,36.5981],[25.2133,36.6016],[25.2109,36.6047],[25.2096,36.6057],[25.2092,36.6068],[25.2078,36.6078],[25.2076,36.6089],[25.2059,36.6099],[25.2029,36.613],[25.2005,36.6145],[25.1974,36.6154],[25.1964,36.6152],[25.1953,36.6163],[25.1943,36.6153],[25.1922,36.6149],[25.1911,36.6151],[25.1807,36.6098],[25.1742,36.6057],[25.1717,36.6036],[25.1722,36.6026],[25.1713,36.6016],[25.1714,36.6004],[25.1703,36.5998],[25.1682,36.5971],[25.1669,36.5974],[25.1662,36.5953],[25.1651,36.5959],[25.1641,36.5951],[25.1635,36.5953],[25.1643,36.5964],[25.163,36.5965],[25.162,36.5957],[25.1599,36.5958],[25.1568,36.5939],[25.1557,36.5945],[25.1464,36.5911],[25.1276,36.5884],[25.1255,36.5875],[25.1245,36.588],[25.1214,36.5878],[25.1193,36.587],[25.1171,36.5849],[25.113,36.5823],[25.1089,36.5814],[25.1057,36.5813],[25.0974,36.5824],[25.0943,36.5815],[25.0922,36.5813],[25.0911,36.5819],[25.0891,36.5802],[25.0859,36.5755],[25.0724,36.5763],[25.0682,36.5775],[25.0661,36.5787],[25.0649,36.5786],[25.063,36.5797],[25.062,36.5791],[25.0599,36.5792],[25.0542,36.5807],[25.0526,36.5822],[25.0495,36.584],[25.0484,36.5852],[25.0464,36.5865],[25.0432,36.5871],[25.0401,36.5899],[25.037,36.5898],[25.0359,36.589],[25.036,36.5901],[25.0349,36.591],[25.0328,36.5915],[25.0319,36.5911],[25.0316,36.5901],[25.0316,36.5911],[25.0304,36.5922],[25.0305,36.5932],[25.0314,36.5943],[25.0307,36.5948],[25.0297,36.5945],[25.0286,36.5961],[25.0266,36.5949],[25.0255,36.5951],[25.0234,36.5936],[25.0223,36.5922],[25.0231,36.5901],[25.022,36.588],[25.0193,36.5866],[25.0182,36.587],[25.0151,36.5839],[25.012,36.5817],[25.0108,36.5797],[25.0109,36.5786],[25.0099,36.5788],[25.0078,36.5775],[25.0054,36.5776],[25.0047,36.5764],[25,36.5745],[25,36.0005],[25.0005,36],[25.9995,36],[26,36.0005]],[[25.7016,36.8389],[25.7012,36.8391],[25.7016,36.8393],[25.7016,36.8389]],[[25.7151,36.8179],[25.7141,36.8176],[25.7136,36.8193],[25.7155,36.8224],[25.7161,36.8229],[25.7182,36.8217],[25.7193,36.8226],[25.7198,36.8224],[25.7198,36.8214],[25.7182,36.8198],[25.7151,36.8179]],[[25.5964,36.7503],[25.5964,36.7507],[25.5968,36.7505],[25.5964,36.7503]],[[25.4557,36.7009],[25.4545,36.7036],[25.4541,36.7068],[25.4547,36.7073],[25.4559,36.7047],[25.4569,36.7036],[25.4567,36.7016],[25.4557,36.7009]],[[25.5641,36.6941],[25.562,36.6935],[25.5589,36.6935],[25.5495,36.6956],[25.5484,36.6965],[25.5443,36.6979],[25.5432,36.6995],[25.5422,36.6998],[25.5404,36.6995],[25.5391,36.6983],[25.5381,36.6984],[25.538,36.6996],[25.537,36.6996],[25.537,36.7029],[25.5349,36.7038],[25.5332,36.7057],[25.533,36.7089],[25.5337,36.7109],[25.5351,36.713],[25.5375,36.7151],[25.5454,36.7193],[25.5464,36.7206],[25.5486,36.7214],[25.5505,36.7214],[25.5641,36.717],[25.5724,36.7183],[25.5737,36.7161],[25.5743,36.712],[25.5734,36.7013],[25.5687,36.6964],[25.5641,36.6941]],[[25.662,36.6099],[25.6609,36.61],[25.6598,36.6109],[25.6599,36.612],[25.663,36.6145],[25.6651,36.6144],[25.6665,36.6182],[25.6651,36.626],[25.6641,36.6276],[25.6589,36.6314],[25.6536,36.6314],[25.6505,36.6324],[25.6484,36.6345],[25.647,36.637],[25.6474,36.6375],[25.6484,36.6379],[25.6526,36.6374],[25.6568,36.6355],[25.6609,36.6377],[25.663,36.6374],[25.6661,36.6355],[25.6672,36.6355],[25.6703,36.6358],[25.6818,36.6384],[25.6828,36.6376],[25.6849,36.6378],[25.6859,36.637],[25.688,36.6366],[25.6891,36.6373],[25.6922,36.6358],[25.6932,36.6332],[25.6943,36.6335],[25.6981,36.6276],[25.7006,36.6255],[25.7047,36.6193],[25.7038,36.6182],[25.7047,36.6172],[25.7046,36.6161],[25.7036,36.6146],[25.7023,36.6141],[25.7026,36.6129],[25.7016,36.6128],[25.7005,36.6119],[25.6995,36.612],[25.6953,36.6106],[25.687,36.6103],[25.6839,36.6109],[25.6745,36.6114],[25.6724,36.6119],[25.6714,36.613],[25.6693,36.6122],[25.6682,36.6131],[25.6661,36.6114],[25.6653,36.612],[25.6651,36.6129],[25.6641,36.6124],[25.663,36.6101],[25.662,36.6099]],[[25.7297,36.6076],[25.7276,36.6072],[25.7259,36.6078],[25.724,36.6109],[25.7244,36.612],[25.7266,36.6126],[25.7307,36.6116],[25.7328,36.6122],[25.7391,36.6129],[25.7399,36.612],[25.737,36.6113],[25.7297,36.6076]],[[25.6286,36.5928],[25.6276,36.5925],[25.6245,36.5937],[25.6203,36.5943],[25.6178,36.5964],[25.6182,36.5978],[25.6193,36.5996],[25.6222,36.6026],[25.6226,36.6036],[25.6234,36.6042],[25.6266,36.6045],[25.6297,36.6038],[25.6318,36.605],[25.6328,36.6052],[25.6353,36.6036],[25.6338,36.5995],[25.6337,36.5974],[25.6314,36.5943],[25.6286,36.5928]],[[25.3193,36.5482],[25.3186,36.5484],[25.3193,36.5486],[25.3193,36.5482]],[[25.5068,36.5458],[25.5057,36.5457],[25.5052,36.5474],[25.5054,36.5484],[25.5061,36.5495],[25.5078,36.5505],[25.509,36.5505],[25.5102,36.5495],[25.5099,36.5488],[25.5068,36.5458]],[[25.4964,36.5315],[25.4943,36.5318],[25.4924,36.5328],[25.4932,36.5333],[25.4953,36.5331],[25.4964,36.5322],[25.4964,36.5315]],[[25.4807,36.5108],[25.4776,36.5114],[25.4734,36.5112],[25.4672,36.515],[25.4653,36.5172],[25.4661,36.5209],[25.4693,36.5233],[25.4703,36.5237],[25.4716,36.5234],[25.4753,36.5193],[25.4754,36.5182],[25.4764,36.5172],[25.4778,36.5172],[25.4827,36.513],[25.4828,36.512],[25.4807,36.5108]],[[25.3536,36.498],[25.3529,36.4984],[25.3543,36.4995],[25.355,36.4995],[25.3536,36.498]],[[25.2349,36.4525],[25.2318,36.4523],[25.2286,36.4531],[25.2266,36.4531],[25.2255,36.4536],[25.2245,36.4556],[25.223,36.4609],[25.2211,36.4651],[25.2203,36.4682],[25.2203,36.4703],[25.219,36.4745],[25.2192,36.4776],[25.2188,36.4818],[25.2196,36.4839],[25.2187,36.487],[25.2194,36.4911],[25.2214,36.4922],[25.2266,36.4934],[25.2349,36.4942],[25.237,36.4936],[25.2401,36.4943],[25.2432,36.4933],[25.2526,36.4927],[25.2568,36.4956],[25.2589,36.4955],[25.262,36.4932],[25.2632,36.4911],[25.2639,36.488],[25.2624,36.4839],[25.262,36.4807],[25.2629,36.4766],[25.2626,36.4734],[25.2618,36.4714],[25.2611,36.4703],[25.2589,36.4687],[25.2568,36.4655],[25.2526,36.4609],[25.2494,36.4589],[25.2443,36.4574],[25.2385,36.4536],[25.2349,36.4525]],[[25.8047,36.4196],[25.8047,36.4204],[25.8051,36.4203],[25.8047,36.4196]],[[25.362,36.3826],[25.3609,36.3824],[25.3599,36.3828],[25.3591,36.3839],[25.3599,36.3847],[25.3625,36.3849],[25.3633,36.3839],[25.362,36.3826]],[[25.687,36.3742],[25.6863,36.3745],[25.687,36.375],[25.688,36.3745],[25.687,36.3742]],[[25.4057,36.2615],[25.4026,36.2611],[25.398,36.262],[25.3947,36.2651],[25.3901,36.2743],[25.3891,36.2742],[25.388,36.2758],[25.3866,36.2766],[25.3871,36.2776],[25.387,36.2786],[25.392,36.2828],[25.3936,36.2859],[25.3974,36.2887],[25.4005,36.2934],[25.4013,36.2974],[25.4027,36.3005],[25.4019,36.3036],[25.4025,36.3068],[25.4036,36.3081],[25.4061,36.313],[25.405,36.3151],[25.4068,36.3174],[25.4087,36.3182],[25.4078,36.3189],[25.4073,36.3203],[25.4083,36.3234],[25.4073,36.3245],[25.4049,36.3255],[25.4036,36.3294],[25.4005,36.3303],[25.3982,36.3328],[25.3943,36.3343],[25.3901,36.3336],[25.3888,36.3328],[25.3879,36.3307],[25.387,36.3299],[25.3859,36.3292],[25.3828,36.3295],[25.3807,36.3275],[25.3797,36.3273],[25.3786,36.329],[25.3766,36.33],[25.37,36.3286],[25.3701,36.3297],[25.3677,36.3328],[25.3669,36.3359],[25.3661,36.3365],[25.3657,36.338],[25.3651,36.3386],[25.3641,36.3391],[25.3557,36.3388],[25.3547,36.3408],[25.3526,36.3419],[25.3509,36.3453],[25.3484,36.3463],[25.3464,36.3461],[25.3443,36.3442],[25.3422,36.3458],[25.3349,36.3459],[25.3346,36.3516],[25.3297,36.3553],[25.3276,36.3561],[25.3271,36.3568],[25.327,36.3599],[25.3255,36.3604],[25.3234,36.3602],[25.3203,36.3592],[25.3153,36.3609],[25.3146,36.3641],[25.3127,36.3672],[25.313,36.3685],[25.3151,36.3714],[25.3141,36.372],[25.312,36.3718],[25.3078,36.3722],[25.3068,36.3728],[25.3026,36.373],[25.2984,36.3796],[25.2956,36.3818],[25.2957,36.3839],[25.2987,36.3901],[25.2991,36.3922],[25.2979,36.3964],[25.2971,36.4026],[25.2952,36.4078],[25.2954,36.413],[25.2966,36.4193],[25.298,36.4214],[25.2988,36.4234],[25.2992,36.4307],[25.3009,36.4391],[25.3004,36.4411],[25.2996,36.4422],[25.2964,36.4415],[25.2956,36.4422],[25.2974,36.4472],[25.2993,36.4495],[25.3023,36.4557],[25.3036,36.4599],[25.3011,36.4609],[25.3024,36.4641],[25.3023,36.4651],[25.3014,36.4661],[25.3016,36.468],[25.3026,36.4695],[25.3062,36.4724],[25.3068,36.4744],[25.3079,36.4755],[25.3057,36.4762],[25.3036,36.4751],[25.3034,36.4755],[25.3043,36.4766],[25.3057,36.477],[25.3068,36.4787],[25.3089,36.4797],[25.3109,36.4791],[25.312,36.4798],[25.3161,36.4808],[25.3177,36.4818],[25.3193,36.4821],[25.3224,36.4819],[25.3234,36.4811],[25.3249,36.4839],[25.3279,36.487],[25.328,36.488],[25.3297,36.4895],[25.3318,36.4891],[25.3327,36.4901],[25.3321,36.4911],[25.3328,36.4933],[25.3339,36.4935],[25.3349,36.493],[25.337,36.4943],[25.3401,36.4949],[25.3432,36.4964],[25.3453,36.4968],[25.3487,36.4964],[25.3487,36.4953],[25.3503,36.4943],[25.3484,36.4943],[25.3474,36.4936],[25.3472,36.4932],[25.3483,36.4922],[25.3477,36.4911],[25.3453,36.4901],[25.3443,36.489],[25.3432,36.4887],[25.337,36.4842],[25.333,36.4776],[25.3333,36.4766],[25.3354,36.4755],[25.335,36.4745],[25.3359,36.4732],[25.338,36.4723],[25.3411,36.4717],[25.3432,36.4724],[25.3443,36.472],[25.3489,36.4682],[25.3499,36.4661],[25.3493,36.4651],[25.3522,36.4609],[25.3503,36.4589],[25.351,36.4557],[25.3535,36.4526],[25.3568,36.4515],[25.3578,36.4484],[25.3578,36.4461],[25.3599,36.4432],[25.3604,36.4391],[25.3588,36.438],[25.3587,36.437],[25.3568,36.4349],[25.3536,36.4367],[25.3526,36.4366],[25.3505,36.4354],[25.3484,36.4322],[25.3484,36.4307],[25.3495,36.4297],[25.3505,36.4297],[25.3522,36.4276],[25.3526,36.4255],[25.3515,36.4245],[25.353,36.4224],[25.353,36.4214],[25.3524,36.4193],[25.3516,36.4184],[25.3515,36.4172],[25.3536,36.4154],[25.3544,36.4141],[25.3553,36.4089],[25.3536,36.4068],[25.3516,36.4078],[25.3505,36.4091],[25.3464,36.4101],[25.3453,36.4112],[25.338,36.4138],[25.3338,36.4161],[25.33,36.4161],[25.3286,36.4155],[25.3276,36.4161],[25.3253,36.413],[25.3248,36.4099],[25.3247,36.4068],[25.3256,36.4057],[25.326,36.4036],[25.3246,36.4016],[25.3239,36.3995],[25.325,36.3943],[25.3283,36.3922],[25.3317,36.388],[25.3349,36.3878],[25.337,36.3844],[25.3401,36.3842],[25.3443,36.3863],[25.3484,36.3872],[25.3505,36.389],[25.3526,36.3874],[25.3536,36.3881],[25.3533,36.3859],[25.3541,36.3849],[25.3542,36.3839],[25.3526,36.3824],[25.3512,36.3797],[25.3513,36.3776],[25.3504,36.3755],[25.3516,36.3741],[25.3549,36.3745],[25.3543,36.3734],[25.3547,36.3726],[25.3578,36.3692],[25.3609,36.3692],[25.363,36.3686],[25.3661,36.3694],[25.3693,36.3679],[25.3734,36.3676],[25.3757,36.3693],[25.3759,36.3703],[25.3749,36.3714],[25.3755,36.3724],[25.376,36.3714],[25.3776,36.3707],[25.3797,36.3707],[25.3818,36.3691],[25.3849,36.369],[25.387,36.3703],[25.388,36.3689],[25.3891,36.3686],[25.3901,36.3676],[25.3932,36.3674],[25.3974,36.3656],[25.4005,36.3655],[25.4016,36.3646],[25.4057,36.3636],[25.4099,36.3644],[25.412,36.3657],[25.4122,36.3682],[25.4145,36.3703],[25.4161,36.3745],[25.4172,36.3758],[25.4176,36.3776],[25.4213,36.3807],[25.4255,36.387],[25.4301,36.3911],[25.4306,36.3932],[25.4305,36.3953],[25.4299,36.3964],[25.4285,36.3974],[25.4247,36.4036],[25.424,36.4068],[25.4243,36.4089],[25.4234,36.4098],[25.4224,36.4094],[25.4203,36.4099],[25.4172,36.4097],[25.4141,36.4081],[25.4121,36.4047],[25.4118,36.4026],[25.4079,36.4005],[25.408,36.3974],[25.4057,36.3953],[25.4036,36.3944],[25.3995,36.3946],[25.3974,36.3924],[25.3949,36.3922],[25.3922,36.3892],[25.3901,36.3891],[25.3826,36.3901],[25.3776,36.3917],[25.3725,36.3922],[25.3722,36.3964],[25.371,36.3974],[25.3701,36.3995],[25.3714,36.4019],[25.3734,36.4044],[25.3755,36.4054],[25.3807,36.4057],[25.3828,36.4066],[25.3835,36.4089],[25.3849,36.4113],[25.3852,36.413],[25.387,36.4161],[25.388,36.4168],[25.3922,36.4175],[25.3932,36.417],[25.3953,36.4149],[25.3962,36.4161],[25.3953,36.4174],[25.3964,36.4179],[25.3984,36.4178],[25.3994,36.4172],[25.3989,36.4161],[25.4016,36.4147],[25.4026,36.4149],[25.4047,36.4138],[25.4089,36.4135],[25.4109,36.4121],[25.412,36.4118],[25.4121,36.413],[25.413,36.414],[25.4165,36.4141],[25.4193,36.4153],[25.4234,36.4101],[25.4245,36.411],[25.4254,36.4151],[25.4249,36.4172],[25.4251,36.4182],[25.424,36.4193],[25.4237,36.4234],[25.4231,36.4245],[25.4184,36.4276],[25.4151,36.428],[25.4141,36.4276],[25.413,36.4286],[25.4134,36.4307],[25.4125,36.4318],[25.4126,36.4339],[25.413,36.4344],[25.4141,36.4343],[25.4155,36.437],[25.4193,36.4411],[25.4198,36.4411],[25.4201,36.4422],[25.4196,36.4432],[25.4182,36.4444],[25.4161,36.4484],[25.4162,36.4505],[25.4158,36.4516],[25.4138,36.4526],[25.4096,36.4568],[25.4078,36.4575],[25.4016,36.4569],[25.3995,36.4557],[25.3974,36.4557],[25.3964,36.4568],[25.3932,36.4576],[25.388,36.4564],[25.3849,36.458],[25.3786,36.4589],[25.3776,36.458],[25.3745,36.4574],[25.3743,36.4568],[25.3724,36.4557],[25.3678,36.4599],[25.3672,36.4609],[25.3672,36.463],[25.3657,36.4651],[25.3646,36.4693],[25.3641,36.4755],[25.3682,36.4834],[25.3687,36.4859],[25.3697,36.487],[25.3651,36.4923],[25.3599,36.4949],[25.3589,36.4949],[25.3578,36.4938],[25.3526,36.4939],[25.3516,36.4932],[25.3505,36.4943],[25.3516,36.4959],[25.3526,36.4961],[25.3536,36.497],[25.3547,36.4969],[25.3578,36.4979],[25.363,36.5007],[25.3661,36.5017],[25.3703,36.5017],[25.3724,36.5005],[25.3786,36.4989],[25.3807,36.4989],[25.3818,36.4978],[25.3828,36.4975],[25.388,36.4978],[25.3943,36.4933],[25.3984,36.4931],[25.4016,36.4907],[25.4036,36.4912],[25.4068,36.4907],[25.4099,36.4934],[25.412,36.4935],[25.4141,36.4897],[25.4151,36.489],[25.4307,36.484],[25.437,36.4814],[25.4399,36.4776],[25.4422,36.4755],[25.4422,36.4732],[25.4464,36.4709],[25.4477,36.4672],[25.4499,36.4641],[25.4557,36.4613],[25.458,36.4599],[25.4589,36.4588],[25.4599,36.4587],[25.4641,36.4568],[25.4641,36.4555],[25.4651,36.4556],[25.4672,36.4548],[25.4693,36.4533],[25.4714,36.4503],[25.4724,36.4496],[25.4745,36.4456],[25.4766,36.4428],[25.4786,36.4372],[25.4828,36.4365],[25.4841,36.4349],[25.4859,36.4341],[25.488,36.4343],[25.4894,36.4339],[25.4943,36.4311],[25.4953,36.4297],[25.4974,36.429],[25.4982,36.4276],[25.5017,36.4245],[25.5037,36.4214],[25.5054,36.4172],[25.5056,36.4141],[25.5063,36.412],[25.5058,36.4089],[25.5061,36.4047],[25.5039,36.3974],[25.5039,36.3964],[25.5026,36.3953],[25.504,36.3943],[25.5009,36.3922],[25.5006,36.3911],[25.5021,36.3891],[25.5025,36.3839],[25.504,36.3818],[25.5044,36.3786],[25.5057,36.3766],[25.5068,36.3726],[25.5087,36.3682],[25.5087,36.3672],[25.5077,36.3661],[25.5075,36.363],[25.5113,36.3578],[25.5119,36.3557],[25.5118,36.3536],[25.5109,36.3529],[25.5097,36.3526],[25.5084,36.3505],[25.5089,36.3489],[25.5101,36.3474],[25.5096,36.3432],[25.5106,36.3349],[25.5099,36.3321],[25.5081,36.3286],[25.5068,36.3277],[25.5057,36.3279],[25.503,36.3266],[25.4965,36.3266],[25.4932,36.3248],[25.4839,36.3213],[25.4828,36.3206],[25.4822,36.3193],[25.4821,36.3161],[25.4796,36.3141],[25.4794,36.313],[25.4764,36.3099],[25.4755,36.3079],[25.4742,36.3068],[25.473,36.3047],[25.4676,36.3005],[25.4661,36.298],[25.463,36.2952],[25.46,36.2943],[25.4578,36.2916],[25.4526,36.2894],[25.4505,36.2889],[25.4484,36.2877],[25.4438,36.2828],[25.4405,36.2818],[25.4391,36.28],[25.4349,36.2807],[25.4328,36.2804],[25.4293,36.2755],[25.4286,36.2751],[25.4255,36.2753],[25.4232,36.2734],[25.4233,36.2724],[25.4227,36.2714],[25.4172,36.2682],[25.4161,36.268],[25.412,36.2645],[25.4057,36.2615]],[[25.8474,36.2575],[25.8474,36.2581],[25.8478,36.2578],[25.8474,36.2575]],[[25.8203,36.2501],[25.8141,36.2523],[25.8094,36.2547],[25.8057,36.2574],[25.8023,36.2578],[25.7984,36.26],[25.7964,36.2624],[25.7953,36.2622],[25.7922,36.263],[25.7911,36.2641],[25.79,36.2641],[25.7884,36.2651],[25.788,36.2662],[25.7859,36.2662],[25.7839,36.2656],[25.7828,36.2659],[25.7807,36.265],[25.7797,36.2653],[25.7776,36.2643],[25.7766,36.2645],[25.7734,36.2632],[25.7693,36.2596],[25.7672,36.2589],[25.763,36.2584],[25.7596,36.2589],[25.7575,36.2599],[25.7556,36.262],[25.7544,36.2651],[25.754,36.2693],[25.7526,36.2717],[25.7516,36.2725],[25.7443,36.2734],[25.7411,36.2745],[25.7266,36.2825],[25.7224,36.2861],[25.7161,36.2946],[25.713,36.297],[25.7099,36.2982],[25.7036,36.2993],[25.6932,36.2999],[25.6891,36.3015],[25.6849,36.3045],[25.6818,36.3061],[25.6776,36.3071],[25.6724,36.3076],[25.6682,36.3091],[25.6658,36.312],[25.6635,36.3203],[25.6608,36.3266],[25.6603,36.3297],[25.661,36.3318],[25.6641,36.3359],[25.6662,36.3401],[25.6692,36.3516],[25.6705,36.3599],[25.6755,36.3628],[25.6776,36.3646],[25.6786,36.3645],[25.6849,36.3668],[25.687,36.367],[25.6897,36.3703],[25.6898,36.3724],[25.6906,36.3734],[25.6901,36.3742],[25.6883,36.3745],[25.6926,36.3786],[25.6964,36.3807],[25.6976,36.3807],[25.6984,36.38],[25.6989,36.3786],[25.7005,36.378],[25.7026,36.3763],[25.7036,36.3767],[25.7057,36.3751],[25.7068,36.3756],[25.7078,36.3751],[25.7099,36.3762],[25.7172,36.3778],[25.7276,36.3866],[25.737,36.3922],[25.7391,36.3953],[25.7392,36.3964],[25.752,36.4036],[25.7572,36.4089],[25.7576,36.4099],[25.7609,36.4119],[25.7641,36.4126],[25.7651,36.4118],[25.7693,36.4123],[25.7703,36.4114],[25.7714,36.4115],[25.7734,36.4128],[25.7745,36.412],[25.7739,36.4109],[25.7745,36.41],[25.7797,36.4111],[25.7828,36.4132],[25.7839,36.4121],[25.7849,36.4124],[25.787,36.4145],[25.788,36.4147],[25.7891,36.4123],[25.7901,36.4121],[25.7911,36.41],[25.7922,36.4111],[25.7932,36.4096],[25.7943,36.4096],[25.7964,36.4105],[25.7974,36.4118],[25.8016,36.412],[25.802,36.413],[25.8057,36.4153],[25.8068,36.4154],[25.8078,36.4141],[25.8099,36.4142],[25.8109,36.4127],[25.8151,36.4141],[25.8167,36.4161],[25.8164,36.4172],[25.8182,36.4186],[25.8193,36.4188],[25.8266,36.4173],[25.8286,36.4156],[25.8297,36.4165],[25.8328,36.4153],[25.8349,36.4152],[25.8422,36.4134],[25.8453,36.412],[25.8475,36.4099],[25.8516,36.4041],[25.859,36.3974],[25.8651,36.3822],[25.8671,36.3797],[25.8766,36.3713],[25.8826,36.3609],[25.8842,36.3568],[25.8848,36.3536],[25.8848,36.3495],[25.8841,36.3464],[25.8821,36.3411],[25.8801,36.338],[25.8768,36.3349],[25.8655,36.3266],[25.8552,36.3172],[25.853,36.3141],[25.8527,36.3099],[25.8553,36.3026],[25.8559,36.2953],[25.8577,36.2901],[25.8609,36.2875],[25.8714,36.2904],[25.8755,36.291],[25.8828,36.2911],[25.8911,36.2904],[25.8974,36.2912],[25.9036,36.2928],[25.9078,36.2927],[25.913,36.2906],[25.9186,36.2849],[25.921,36.2807],[25.9218,36.2776],[25.9212,36.2766],[25.9222,36.2755],[25.921,36.2724],[25.9203,36.2716],[25.9193,36.2714],[25.919,36.2682],[25.9152,36.2641],[25.9143,36.262],[25.9108,36.2578],[25.9089,36.2539],[25.9068,36.2528],[25.9057,36.253],[25.9047,36.2541],[25.9026,36.255],[25.8953,36.2561],[25.8943,36.2573],[25.8911,36.2567],[25.888,36.2578],[25.8745,36.259],[25.8724,36.2597],[25.8703,36.2595],[25.8693,36.2588],[25.8672,36.2609],[25.8677,36.262],[25.8672,36.2649],[25.8651,36.2651],[25.862,36.2662],[25.8568,36.2654],[25.8536,36.2634],[25.8505,36.2603],[25.8484,36.2604],[25.8453,36.2597],[25.8432,36.2572],[25.8422,36.2583],[25.8401,36.2563],[25.8359,36.2536],[25.8349,36.2535],[25.8335,36.2547],[25.8334,36.2557],[25.8307,36.2571],[25.8266,36.2565],[25.8203,36.2501]],[[25.2255,36.213],[25.2234,36.2125],[25.2203,36.213],[25.2193,36.2137],[25.2182,36.2136],[25.2141,36.2161],[25.212,36.2163],[25.2089,36.2175],[25.2057,36.2174],[25.2016,36.2159],[25.1995,36.2161],[25.1974,36.217],[25.1922,36.2201],[25.1863,36.2245],[25.1816,36.2307],[25.1797,36.2349],[25.1784,36.2432],[25.1786,36.2484],[25.1795,36.2516],[25.1805,36.2536],[25.1823,36.2557],[25.183,36.2589],[25.1841,36.2599],[25.1863,36.2651],[25.1928,36.2724],[25.1936,36.2745],[25.1969,36.2776],[25.2026,36.2806],[25.2078,36.2826],[25.2099,36.2802],[25.212,36.2788],[25.2125,36.2776],[25.2106,36.2714],[25.2108,36.2703],[25.21,36.2693],[25.2132,36.2661],[25.2156,36.2609],[25.2179,36.2599],[25.2177,36.2578],[25.2186,36.2557],[25.2193,36.2555],[25.2214,36.2561],[25.2234,36.2552],[25.2266,36.2558],[25.2299,36.2526],[25.2309,36.2495],[25.2302,36.2484],[25.2301,36.2453],[25.2287,36.2422],[25.2289,36.2401],[25.2349,36.2344],[25.237,36.2332],[25.2386,36.2307],[25.2384,36.2286],[25.2374,36.2255],[25.2382,36.2245],[25.2359,36.2181],[25.2339,36.2161],[25.2307,36.2163],[25.2255,36.213]],[[25.2703,36.1084],[25.2682,36.1087],[25.2674,36.1099],[25.2674,36.1109],[25.2682,36.1121],[25.2703,36.1121],[25.2716,36.1109],[25.2718,36.1099],[25.2712,36.1089],[25.2703,36.1084]]]]}},{"type":"Feature","properties":{"depth":150,"kind":"isobath"},"geometry":{"type":"MultiLineString","coordinates":[[[25.7035,36.8922],[25.7026,36.8925],[25.7025,36.8922]],[[25.6446,36.8359],[25.6436,36.8359],[25.6443,36.8349]],[[25.6936,36.8318],[25.6932,36.8322],[25.6926,36.8318]],[[25.7279,36.8245],[25.7288,36.8255],[25.7286,36.8259],[25.7276,36.8258],[25.7268,36.8245],[25.7276,36.8235]],[[25.7235,36.8224],[25.7237,36.8234],[25.7253,36.8245],[25.7234,36.8245],[25.7234,36.8221]],[[25.7232,36.8214],[25.722,36.8214],[25.7224,36.8209]],[[25.4551,36.7953],[25.4547,36.7957],[25.4541,36.7953],[25.4547,36.7948]],[[25.4476,36.6995],[25.4471,36.6995],[25.4474,36.6988]],[[25.5458,36.6984],[25.545,36.6984],[25.5453,36.6975]],[[25.002,36.6432],[25.0016,36.644],[25.0012,36.6432],[25.0016,36.6428]],[[25.0005,36.6435],[25.0016,36.6443],[25.0026,36.6435],[25.0047,36.6436],[25.0057,36.6428],[25.0082,36.6432],[25.012,36.6439],[25.013,36.6447],[25.0141,36.6441],[25.0151,36.6454],[25.0161,36.6447],[25.0193,36.6452],[25.0214,36.6459],[25.0234,36.6475],[25.0307,36.6478],[25.0359,36.6489],[25.0422,36.6509],[25.0464,36.6505],[25.0506,36.6526],[25.0518,36.6547],[25.0536,36.6566],[25.0554,36.6599],[25.0563,36.663],[25.0556,36.6641],[25.0576,36.6714],[25.0614,36.6807],[25.0639,36.6849],[25.0641,36.6859],[25.0651,36.687],[25.0675,36.6922],[25.0724,36.6977],[25.0797,36.7037],[25.087,36.7083],[25.0924,36.7109],[25.1047,36.7154],[25.1161,36.7214],[25.1297,36.7318],[25.1422,36.7372],[25.1568,36.7419],[25.1724,36.7488],[25.1782,36.7547],[25.1809,36.7589],[25.1823,36.762],[25.1824,36.7651],[25.1846,36.7703],[25.1854,36.7714],[25.186,36.7786],[25.1857,36.7807],[25.1851,36.7828],[25.1839,36.7839],[25.1842,36.7849],[25.1829,36.788],[25.1816,36.7901],[25.1792,36.7922],[25.1788,36.7932],[25.1793,36.7953],[25.1778,36.7964],[25.1785,36.7974],[25.1766,36.8005],[25.1774,36.8036],[25.1766,36.8047],[25.176,36.8099],[25.1714,36.8142],[25.1703,36.8164],[25.1672,36.8198],[25.163,36.8219],[25.1599,36.825],[25.1554,36.8297],[25.1528,36.8339],[25.1516,36.8344],[25.1503,36.8359],[25.1453,36.8399],[25.1421,36.8432],[25.1389,36.8453],[25.138,36.8464],[25.1359,36.8472],[25.1354,36.8484],[25.134,36.8495],[25.1314,36.8505],[25.1214,36.8567],[25.1193,36.8585],[25.1161,36.8597],[25.1057,36.8669],[25.0911,36.8729],[25.0891,36.8731],[25.088,36.8738],[25.087,36.8754],[25.0818,36.8783],[25.0755,36.8807],[25.0745,36.8806],[25.0717,36.8818],[25.0682,36.8823],[25.0625,36.8849],[25.0568,36.8855],[25.0547,36.885],[25.0505,36.8854],[25.0411,36.888],[25.038,36.8874],[25.0349,36.8859],[25.0307,36.8862],[25.0255,36.8845],[25.0208,36.887],[25.0203,36.8881],[25.0193,36.8878],[25.0182,36.8887],[25.0161,36.8887],[25.0151,36.8895],[25.0141,36.8896],[25.012,36.8889],[25.0099,36.889],[25.0057,36.8872],[25.0036,36.8876],[25.0016,36.8874]],[[25.0132,36.6432],[25.013,36.6436],[25.0128,36.6432],[25.013,36.6429]],[[25.1317,36.6141],[25.1349,36.6158],[25.136,36.6172],[25.138,36.6224],[25.138,36.6236],[25.137,36.6244],[25.1318,36.624],[25.1272,36.6224],[25.1236,36.6193],[25.122,36.6161],[25.1224,36.6155],[25.1276,36.6132],[25.1286,36.6131]],[[25.0345,36.5922],[25.0336,36.5922],[25.0339,36.5913]],[[25.2798,36.5193],[25.2797,36.5205],[25.2794,36.5193]],[[25.2792,36.5151],[25.2786,36.5168],[25.2776,36.5167],[25.277,36.5151],[25.2776,36.5143],[25.2786,36.5144]],[[25.3383,36.4922],[25.338,36.493],[25.3371,36.4922]],[[25.334,36.4891],[25.3339,36.4898],[25.3328,36.49],[25.3318,36.4891],[25.3328,36.4885]],[[25.7833,36.4109],[25.7836,36.412],[25.7828,36.4129],[25.782,36.412],[25.7825,36.4109]],[[25.7823,36.4099],[25.7818,36.4106],[25.7814,36.4099],[25.7818,36.4095]],[[25.7926,36.4089],[25.7922,36.4092],[25.7918,36.4089]],[[25.6912,36.3745],[25.6916,36.3755],[25.6911,36.3758],[25.6905,36.3755]],[[25.6882,36.3661],[25.688,36.3665],[25.6875,36.3661]],[[25.9192,36.2693],[25.9182,36.2697],[25.9179,36.2693],[25.9182,36.2687]],[[25.9176,36.2682],[25.9169,36.2682],[25.9172,36.2678]],[[25.8698,36.2599],[25.8693,36.2602],[25.8687,36.2599],[25.8693,36.2589]],[[25.9995,36.8781],[25.9984,36.8776],[25.9943,36.8772],[25.9931,36.8766],[25.9922,36.8745],[25.987,36.8727],[25.9839,36.8702],[25.9766,36.8702],[25.9755,36.8699],[25.9734,36.8669],[25.9674,36.863],[25.9652,36.8589],[25.9564,36.8505],[25.9536,36.8502],[25.9495,36.8511],[25.9474,36.8508],[25.9453,36.8491],[25.9391,36.8465],[25.9349,36.8422],[25.93,36.8359],[25.9255,36.8328],[25.9224,36.8292],[25.9193,36.8274],[25.9169,36.8266],[25.9167,36.8255],[25.9182,36.8214],[25.9182,36.8193],[25.9194,36.8182],[25.9194,36.8172],[25.9179,36.8151],[25.9181,36.8141],[25.9151,36.8124],[25.9116,36.8089],[25.9078,36.8064],[25.9047,36.8054],[25.9036,36.8045],[25.9016,36.8045],[25.9004,36.8026],[25.9005,36.8015],[25.8984,36.8021],[25.8932,36.7996],[25.89,36.7964],[25.8893,36.7943],[25.8874,36.7922],[25.8849,36.7907],[25.8828,36.7887],[25.8818,36.7883],[25.8797,36.7863],[25.8766,36.7847],[25.8724,36.7813],[25.8654,36.7797],[25.8644,36.7776],[25.8644,36.7766],[25.8651,36.7754],[25.8641,36.7752],[25.8557,36.769],[25.8526,36.7686],[25.8411,36.7693],[25.8297,36.7667],[25.8286,36.7671],[25.8276,36.7685],[25.8266,36.7685],[25.8241,36.7672],[25.8232,36.7661],[25.8214,36.7655],[25.8193,36.763],[25.8068,36.7586],[25.7995,36.7583],[25.7917,36.7568],[25.788,36.7567],[25.7701,36.7589],[25.767,36.7599],[25.7666,36.7609],[25.7641,36.7623],[25.7557,36.7645],[25.7495,36.7668],[25.7464,36.7687],[25.7373,36.7786],[25.7314,36.7839],[25.7297,36.7859],[25.7286,36.7882],[25.7266,36.7887],[25.7214,36.7964],[25.7203,36.7976],[25.7193,36.7978],[25.7172,36.8011],[25.7153,36.8026],[25.7143,36.8068],[25.7154,36.8089],[25.7145,36.8099],[25.7147,36.8109],[25.7165,36.8141],[25.7161,36.8151],[25.7172,36.8176],[25.7193,36.8185],[25.7218,36.8203],[25.7208,36.8214],[25.7219,36.8234],[25.7218,36.8245],[25.7234,36.8261],[25.7249,36.8266],[25.7244,36.8297],[25.7255,36.8293],[25.7265,36.8307],[25.7281,36.8307],[25.7286,36.8318],[25.7297,36.8316],[25.7307,36.8321],[25.737,36.8364],[25.7453,36.8383],[25.7495,36.8376],[25.7578,36.8346],[25.7651,36.8334],[25.7682,36.8322],[25.7703,36.8324],[25.7734,36.8337],[25.7873,36.8422],[25.7922,36.8438],[25.7995,36.844],[25.8099,36.8422],[25.813,36.8424],[25.8151,36.8437],[25.8193,36.848],[25.8266,36.8609],[25.8293,36.8641],[25.8318,36.8661],[25.837,36.8688],[25.8464,36.8695],[25.8495,36.8708],[25.8557,36.8724],[25.863,36.8752],[25.8659,36.8766],[25.8672,36.8777],[25.8691,36.8797],[25.8686,36.8828],[25.8669,36.887],[25.8664,36.8932],[25.8666,36.8943],[25.8681,36.8964],[25.8703,36.8984],[25.8714,36.8985],[25.8724,36.8995],[25.8734,36.8993],[25.8745,36.9003],[25.8766,36.9003],[25.8776,36.9012],[25.8818,36.902],[25.8828,36.9012],[25.8839,36.9027],[25.8855,36.9026],[25.8855,36.9036],[25.8943,36.9055],[25.9016,36.9055],[25.9047,36.9063],[25.9068,36.9073],[25.9151,36.9068],[25.9193,36.9071],[25.9224,36.9066],[25.9266,36.9074],[25.9349,36.9134],[25.9391,36.9174],[25.9422,36.9182],[25.9526,36.9293],[25.9536,36.9297],[25.9566,36.9328],[25.963,36.938],[25.9693,36.9409],[25.9745,36.942],[25.9828,36.9424],[25.9859,36.9435],[25.988,36.9454],[25.9901,36.946],[25.9995,36.9464]],[[25.6896,36.9995],[25.6897,36.9964],[25.6907,36.9911],[25.692,36.987],[25.6944,36.9818],[25.699,36.9745],[25.7001,36.9703],[25.6999,36.9682],[25.6984,36.9652],[25.6933,36.9609],[25.692,36.9589],[25.6912,36.9557],[25.6904,36.9474],[25.6921,36.9432],[25.6943,36.9405],[25.6995,36.9358],[25.7057,36.9319],[25.7064,36.9307],[25.7061,36.9286],[25.6979,36.9036],[25.6998,36.8984],[25.7036,36.8923],[25.705,36.8911],[25.7061,36.8891],[25.7066,36.887],[25.7077,36.8859],[25.7068,36.8849],[25.7081,36.8818],[25.7076,36.8807],[25.7084,36.8766],[25.7079,36.8745],[25.7084,36.8734],[25.7077,36.8714],[25.7054,36.8693],[25.7072,36.8672],[25.7079,36.8641],[25.7073,36.862],[25.705,36.8578],[25.704,36.8526],[25.7039,36.8474],[25.7024,36.8453],[25.7028,36.8443],[25.7016,36.8432],[25.702,36.8422],[25.7005,36.8405],[25.6994,36.838],[25.6955,36.8339],[25.6952,36.8318],[25.6922,36.8286],[25.6911,36.829],[25.6901,36.828],[25.688,36.8287],[25.687,36.8285],[25.6859,36.8292],[25.6839,36.8272],[25.6776,36.8251],[25.6734,36.8245],[25.6693,36.8245],[25.663,36.8272],[25.662,36.8272],[25.6589,36.829],[25.6568,36.8313],[25.6536,36.8331],[25.6505,36.8338],[25.6495,36.8335],[25.6474,36.8348],[25.6464,36.8336],[25.6453,36.8337],[25.6422,36.8366],[25.6401,36.8368],[25.637,36.8379],[25.6376,36.8391],[25.637,36.8398],[25.6345,36.8411],[25.6339,36.8424],[25.6323,36.8432],[25.6318,36.8442],[25.6307,36.8443],[25.6306,36.8453],[25.6286,36.8469],[25.6255,36.8452],[25.6234,36.8454],[25.6224,36.8447],[25.6203,36.8446],[25.6182,36.8436],[25.6172,36.8438],[25.6151,36.8459],[25.6141,36.8443],[25.613,36.8453],[25.6078,36.8451],[25.6057,36.8464],[25.6036,36.8457],[25.6016,36.8457],[25.5974,36.8429],[25.5964,36.8434],[25.5922,36.841],[25.5891,36.8402],[25.5859,36.8398],[25.5776,36.84],[25.5682,36.8384],[25.563,36.8366],[25.5611,36.837],[25.5609,36.838],[25.5605,36.837],[25.5589,36.8371],[25.5568,36.8345],[25.5547,36.8331],[25.5484,36.8303],[25.5443,36.8271],[25.5411,36.8257],[25.5416,36.8245],[25.5411,36.8237],[25.5391,36.8211],[25.537,36.8197],[25.5349,36.8196],[25.5339,36.8201],[25.5328,36.819],[25.5318,36.8192],[25.5297,36.8183],[25.5292,36.8172],[25.5266,36.816],[25.5255,36.8167],[25.5245,36.8164],[25.5224,36.8169],[25.5214,36.8162],[25.5193,36.8173],[25.5172,36.8161],[25.5151,36.8166],[25.512,36.8161],[25.5109,36.8167],[25.5099,36.816],[25.5089,36.8161],[25.5078,36.815],[25.5068,36.8153],[25.5036,36.8138],[25.4984,36.8137],[25.4932,36.8145],[25.4922,36.8142],[25.4828,36.8098],[25.4801,36.8078],[25.4802,36.8068],[25.4786,36.8056],[25.4776,36.8059],[25.4734,36.8044],[25.4703,36.804],[25.4661,36.802],[25.4599,36.7964],[25.46,36.7953],[25.458,36.7932],[25.4557,36.7918],[25.4547,36.7917],[25.4526,36.7899],[25.4525,36.7922],[25.4529,36.7932],[25.4526,36.7942],[25.4484,36.7919],[25.4453,36.7918],[25.4441,36.7922],[25.4432,36.7911],[25.4424,36.788],[25.4396,36.7849],[25.4385,36.7828],[25.4359,36.7807],[25.4339,36.7778],[25.4324,36.7766],[25.4297,36.7767],[25.4282,36.7755],[25.4262,36.7714],[25.4265,36.7693],[25.4276,36.7679],[25.4297,36.7664],[25.4339,36.7644],[25.4359,36.761],[25.4416,36.7578],[25.4422,36.7567],[25.4432,36.7564],[25.4451,36.7547],[25.4488,36.7536],[25.4504,36.7516],[25.4518,36.7474],[25.454,36.7432],[25.4552,36.7359],[25.4561,36.7339],[25.4569,36.7297],[25.4564,36.7286],[25.4569,36.7255],[25.4544,36.7203],[25.4545,36.7182],[25.4535,36.7141],[25.4545,36.712],[25.4536,36.7107],[25.4526,36.7105],[25.4522,36.713],[25.4505,36.7136],[25.45,36.713],[25.4508,36.7089],[25.4503,36.7057],[25.451,36.7047],[25.4508,36.7026],[25.449,36.6995],[25.4474,36.6984],[25.4464,36.699],[25.4443,36.697],[25.4391,36.6951],[25.4359,36.6949],[25.4349,36.6942],[25.4339,36.6944],[25.4266,36.6857],[25.425,36.6828],[25.424,36.6797],[25.4227,36.6661],[25.4212,36.6599],[25.4154,36.6484],[25.4107,36.6411],[25.4089,36.6391],[25.4078,36.6391],[25.4054,36.638],[25.4026,36.6375],[25.3964,36.6374],[25.3953,36.6369],[25.3932,36.6371],[25.3911,36.6367],[25.388,36.6353],[25.3859,36.6335],[25.3817,36.6318],[25.3802,36.6307],[25.3797,36.6286],[25.3776,36.6255],[25.3774,36.6234],[25.3755,36.6213],[25.3703,36.6185],[25.362,36.6158],[25.3609,36.6165],[25.3599,36.6156],[25.3589,36.616],[25.3579,36.6141],[25.3528,36.6099],[25.3484,36.6047],[25.3487,36.6036],[25.3478,36.6005],[25.3481,36.5995],[25.3473,36.5922],[25.3458,36.5891],[25.3443,36.5828],[25.3449,36.5818],[25.3452,36.5745],[25.3443,36.5734],[25.3447,36.5703],[25.344,36.5672],[25.3432,36.5659],[25.3422,36.5648],[25.3359,36.5633],[25.3328,36.5617],[25.3286,36.5622],[25.3224,36.5577],[25.3214,36.5579],[25.3168,36.5557],[25.3143,36.5526],[25.3151,36.5517],[25.3161,36.5529],[25.3161,36.5518],[25.3151,36.55],[25.3142,36.5505],[25.3146,36.5516],[25.3141,36.5519],[25.314,36.5505],[25.3127,36.5484],[25.3117,36.5453],[25.3089,36.5425],[25.3057,36.5404],[25.3044,36.538],[25.3016,36.5351],[25.2964,36.5318],[25.2917,36.5276],[25.2905,36.5255],[25.2891,36.5244],[25.2859,36.5197],[25.2837,36.5172],[25.2745,36.5089],[25.2726,36.5078],[25.2736,36.5068],[25.273,36.5057],[25.2695,36.5036],[25.2682,36.5024],[25.2643,36.5016],[25.2641,36.501],[25.2615,36.5026],[25.2605,36.5047],[25.2589,36.5057],[25.2589,36.5068],[25.2608,36.5078],[25.2592,36.5099],[25.2589,36.5114],[25.2557,36.512],[25.2523,36.5161],[25.2497,36.5172],[25.2443,36.5212],[25.2419,36.5245],[25.2401,36.5254],[25.2377,36.5276],[25.2375,36.5286],[25.2391,36.5317],[25.2401,36.5321],[25.2406,36.5328],[25.2401,36.5333],[25.235,36.5318],[25.2339,36.5319],[25.233,36.5328],[25.2326,36.5349],[25.2356,36.538],[25.2339,36.5398],[25.2297,36.5419],[25.2286,36.5435],[25.2266,36.5446],[25.2253,36.5474],[25.2193,36.5528],[25.2186,36.5547],[25.2187,36.5557],[25.2193,36.5561],[25.2255,36.5567],[25.2349,36.5563],[25.2372,36.5568],[25.2349,36.5575],[25.2349,36.5589],[25.2336,36.5609],[25.2335,36.562],[25.228,36.5682],[25.2274,36.5703],[25.2255,36.5722],[25.2253,36.5734],[25.2241,36.5745],[25.223,36.5776],[25.2241,36.5807],[25.2228,36.5818],[25.2229,36.5828],[25.2222,36.5839],[25.2237,36.5849],[25.2234,36.5859],[25.2214,36.5876],[25.2215,36.5891],[25.2203,36.5899],[25.2203,36.5911],[25.2193,36.5915],[25.2162,36.5953],[25.2166,36.5964],[25.2149,36.5964],[25.2151,36.5981],[25.2133,36.6016],[25.2109,36.6047],[25.2096,36.6057],[25.2092,36.6068],[25.2078,36.6078],[25.2076,36.6089],[25.2059,36.6099],[25.2029,36.613],[25.2005,36.6145],[25.1974,36.6154],[25.1964,36.6152],[25.1953,36.6163],[25.1943,36.6153],[25.1922,36.6149],[25.1911,36.6151],[25.1807,36.6098],[25.1742,36.6057],[25.1717,36.6036],[25.1722,36.6026],[25.1713,36.6016],[25.1714,36.6004],[25.1703,36.5998],[25.1682,36.5971],[25.1669,36.5974],[25.1662,36.5953],[25.1651,36.5959],[25.1641,36.5951],[25.1635,36.5953],[25.1643,36.5964],[25.163,36.5965],[25.162,36.5957],[25.1599,36.5958],[25.1568,36.5939],[25.1557,36.5945],[25.1464,36.5911],[25.1276,36.5884],[25.1255,36.5875],[25.1245,36.588],[25.1214,36.5878],[25.1193,36.587],[25.1171,36.5849],[25.113,36.5823],[25.1089,36.5814],[25.1057,36.5813],[25.0974,36.5824],[25.0943,36.5815],[25.0922,36.5813],[25.0911,36.5819],[25.0891,36.5802],[25.0859,36.5755],[25.0724,36.5763],[25.0682,36.5775],[25.0661,36.5787],[25.0649,36.5786],[25.063,36.5797],[25.062,36.5791],[25.0599,36.5792],[25.0542,36.5807],[25.0526,36.5822],[25.0495,36.584],[25.0484,36.5852],[25.0464,36.5865],[25.0432,36.5871],[25.0401,36.5899],[25.037,36.5898],[25.0359,36.589],[25.036,36.5901],[25.0349,36.591],[25.0328,36.5915],[25.0319,36.5911],[25.0316,36.5901],[25.0316,36.5911],[25.0304,36.5922],[25.0305,36.5932],[25.0314,36.5943],[25.0307,36.5948],[25.0297,36.5945],[25.0286,36.5961],[25.0266,36.5949],[25.0255,36.5951],[25.0234,36.5936],[25.0223,36.5922],[25.0231,36.5901],[25.022,36.588],[25.0193,36.5866],[25.0182,36.587],[25.0151,36.5839],[25.012,36.5817],[25.0108,36.5797],[25.0109,36.5786],[25.0099,36.5788],[25.0078,36.5775],[25.0054,36.5776],[25.0047,36.5764]],[[25.7016,36.8389],[25.7012,36.8391],[25.7016,36.8393]],[[25.7151,36.8179],[25.7141,36.8176],[25.7136,36.8193],[25.7155,36.8224],[25.7161,36.8229],[25.7182,36.8217],[25.7193,36.8226],[25.7198,36.8224],[25.7198,36.8214],[25.7182,36.8198]],[[25.5964,36.7503],[25.5964,36.7507],[25.5968,36.7505]],[[25.4557,36.7009],[25.4545,36.7036],[25.4541,36.7068],[25.4547,36.7073],[25.4559,36.7047],[25.4569,36.7036],[25.4567,36.7016]],[[25.5641,36.6941],[25.562,36.6935],[25.5589,36.6935],[25.5495,36.6956],[25.5484,36.6965],[25.5443,36.6979],[25.5432,36.6995],[25.5422,36.6998],[25.5404,36.6995],[25.5391,36.6983],[25.5381,36.6984],[25.538,36.6996],[25.537,36.6996],[25.537,36.7029],[25.5349,36.7038],[25.5332,36.7057],[25.533,36.7089],[25.5337,36.7109],[25.5351,36.713],[25.5375,36.7151],[25.5454,36.7193],[25.5464,36.7206],[25.5486,36.7214],[25.5505,36.7214],[25.5641,36.717],[25.5724,36.7183],[25.5737,36.7161],[25.5743,36.712],[25.5734,36.7013],[25.5687,36.6964]],[[25.662,36.6099],[25.6609,36.61],[25.6598,36.6109],[25.6599,36.612],[25.663,36.6145],[25.6651,36.6144],[25.6665,36.6182],[25.6651,36.626],[25.6641,36.6276],[25.6589,36.6314],[25.6536,36.6314],[25.6505,36.6324],[25.6484,36.6345],[25.647,36.637],[25.6474,36.6375],[25.6484,36.6379],[25.6526,36.6374],[25.6568,36.6355],[25.6609,36.6377],[25.663,36.6374],[25.6661,36.6355],[25.6672,36.6355],[25.6703,36.6358],[25.6818,36.6384],[25.6828,36.6376],[25.6849,36.6378],[25.6859,36.637],[25.688,36.6366],[25.6891,36.6373],[25.6922,36.6358],[25.6932,36.6332],[25.6943,36.6335],[25.6981,36.6276],[25.7006,36.6255],[25.7047,36.6193],[25.7038,36.6182],[25.7047,36.6172],[25.7046,36.6161],[25.7036,36.6146],[25.7023,36.6141],[25.7026,36.6129],[25.7016,36.6128],[25.7005,36.6119],[25.6995,36.612],[25.6953,36.6106],[25.687,36.6103],[25.6839,36.6109],[25.6745,36.6114],[25.6724,36.6119],[25.6714,36.613],[25.6693,36.6122],[25.6682,36.6131],[25.6661,36.6114],[25.6653,36.612],[25.6651,36.6129],[25.6641,36.6124],[25.663,36.6101]],[[25.7297,36.6076],[25.7276,36.6072],[25.7259,36.6078],[25.724,36.6109],[25.7244,36.612],[25.7266,36.6126],[25.7307,36.6116],[25.7328,36.6122],[25.7391,36.6129],[25.7399,36.612],[25.737,36.6113]],[[25.6286,36.5928],[25.6276,36.5925],[25.6245,36.5937],[25.6203,36.5943],[25.6178,36.5964],[25.6182,36.5978],[25.6193,36.5996],[25.6222,36.6026],[25.6226,36.6036],[25.6234,36.6042],[25.6266,36.6045],[25.6297,36.6038],[25.6318,36.605],[25.6328,36.6052],[25.6353,36.6036],[25.6338,36.5995],[25.6337,36.5974],[25.6314,36.5943]],[[25.3193,36.5482],[25.3186,36.5484],[25.3193,36.5486]],[[25.5068,36.5458],[25.5057,36.5457],[25.5052,36.5474],[25.5054,36.5484],[25.5061,36.5495],[25.5078,36.5505],[25.509,36.5505],[25.5102,36.5495],[25.5099,36.5488]],[[25.4964,36.5315],[25.4943,36.5318],[25.4924,36.5328],[25.4932,36.5333],[25.4953,36.5331],[25.4964,36.5322]],[[25.4807,36.5108],[25.4776,36.5114],[25.4734,36.5112],[25.4672,36.515],[25.4653,36.5172],[25.4661,36.5209],[25.4693,36.5233],[25.4703,36.5237],[25.4716,36.5234],[25.4753,36.5193],[25.4754,36.5182],[25.4764,36.5172],[25.4778,36.5172],[25.4827,36.513],[25.4828,36.512]],[[25.3536,36.498],[25.3529,36.4984],[25.3543,36.4995],[25.355,36.4995]],[[25.2349,36.4525],[25.2318,36.4523],[25.2286,36.4531],[25.2266,36.4531],[25.2255,36.4536],[25.2245,36.4556],[25.223,36.4609],[25.2211,36.4651],[25.2203,36.4682],[25.2203,36.4703],[25.219,36.4745],[25.2192,36.4776],[25.2188,36.4818],[25.2196,36.4839],[25.2187,36.487],[25.2194,36.4911],[25.2214,36.4922],[25.2266,36.4934],[25.2349,36.4942],[25.237,36.4936],[25.2401,36.4943],[25.2432,36.4933],[25.2526,36.4927],[25.2568,36.4956],[25.2589,36.4955],[25.262,36.4932],[25.2632,36.4911],[25.2639,36.488],[25.2624,36.4839],[25.262,36.4807],[25.2629,36.4766],[25.2626,36.4734],[25.2618,36.4714],[25.2611,36.4703],[25.2589,36.4687],[25.2568,36.4655],[25.2526,36.4609],[25.2494,36.4589],[25.2443,36.4574],[25.2385,36.4536]],[[25.8047,36.4196],[25.8047,36.4204],[25.8051,36.4203]],[[25.362,36.3826],[25.3609,36.3824],[25.3599,36.3828],[25.3591,36.3839],[25.3599,36.3847],[25.3625,36.3849],[25.3633,36.3839]],[[25.687,36.3742],[25.6863,36.3745],[25.687,36.375],[25.688,36.3745]],[[25.4057,36.2615],[25.4026,36.2611],[25.398,36.262],[25.3947,36.2651],[25.3901,36.2743],[25.3891,36.2742],[25.388,36.2758],[25.3866,36.2766],[25.3871,36.2776],[25.387,36.2786],[25.392,36.2828],[25.3936,36.2859],[25.3974,36.2887],[25.4005,36.2934],[25.4013,36.2974],[25.4027,36.3005],[25.4019,36.3036],[25.4025,36.3068],[25.4036,36.3081],[25.4061,36.313],[25.405,36.3151],[25.4068,36.3174],[25.4087,36.3182],[25.4078,36.3189],[25.4073,36.3203],[25.4083,36.3234],[25.4073,36.3245],[25.4049,36.3255],[25.4036,36.3294],[25.4005,36.3303],[25.3982,36.3328],[25.3943,36.3343],[25.3901,36.3336],[25.3888,36.3328],[25.3879,36.3307],[25.387,36.3299],[25.3859,36.3292],[25.3828,36.3295],[25.3807,36.3275],[25.3797,36.3273],[25.3786,36.329],[25.3766,36.33],[25.37,36.3286],[25.3701,36.3297],[25.3677,36.3328],[25.3669,36.3359],[25.3661,36.3365],[25.3657,36.338],[25.3651,36.3386],[25.3641,36.3391],[25.3557,36.3388],[25.3547,36.3408],[25.3526,36.3419],[25.3509,36.3453],[25.3484,36.3463],[25.3464,36.3461],[25.3443,36.3442],[25.3422,36.3458],[25.3349,36.3459],[25.3346,36.3516],[25.3297,36.3553],[25.3276,36.3561],[25.3271,36.3568],[25.327,36.3599],[25.3255,36.3604],[25.3234,36.3602],[25.3203,36.3592],[25.3153,36.3609],[25.3146,36.3641],[25.3127,36.3672],[25.313,36.3685],[25.3151,36.3714],[25.3141,36.372],[25.312,36.3718],[25.3078,36.3722],[25.3068,36.3728],[25.3026,36.373],[25.2984,36.3796],[25.2956,36.3818],[25.2957,36.3839],[25.2987,36.3901],[25.2991,36.3922],[25.2979,36.3964],[25.2971,36.4026],[25.2952,36.4078],[25.2954,36.413],[25.2966,36.4193],[25.298,36.4214],[25.2988,36.4234],[25.2992,36.4307],[25.3009,36.4391],[25.3004,36.4411],[25.2996,36.4422],[25.2964,36.4415],[25.2956,36.4422],[25.2974,36.4472],[25.2993,36.4495],[25.3023,36.4557],[25.3036,36.4599],[25.3011,36.4609],[25.3024,36.4641],[25.3023,36.4651],[25.3014,36.4661],[25.3016,36.468],[25.3026,36.4695],[25.3062,36.4724],[25.3068,36.4744],[25.3079,36.4755],[25.3057,36.4762],[25.3036,36.4751],[25.3034,36.4755],[25.3043,36.4766],[25.3057,36.477],[25.3068,36.4787],[25.3089,36.4797],[25.3109,36.4791],[25.312,36.4798],[25.3161,36.4808],[25.3177,36.4818],[25.3193,36.4821],[25.3224,36.4819],[25.3234,36.4811],[25.3249,36.4839],[25.3279,36.487],[25.328,36.488],[25.3297,36.4895],[25.3318,36.4891],[25.3327,36.4901],[25.3321,36.4911],[25.3328,36.4933],[25.3339,36.4935],[25.3349,36.493],[25.337,36.4943],[25.3401,36.4949],[25.3432,36.4964],[25.3453,36.4968],[25.3487,36.4964],[25.3487,36.4953],[25.3503,36.4943],[25.3484,36.4943],[25.3474,36.4936],[25.3472,36.4932],[25.3483,36.4922],[25.3477,36.4911],[25.3453,36.4901],[25.3443,36.489],[25.3432,36.4887],[25.337,36.4842],[25.333,36.4776],[25.3333,36.4766],[25.3354,36.4755],[25.335,36.4745],[25.3359,36.4732],[25.338,36.4723],[25.3411,36.4717],[25.3432,36.4724],[25.3443,36.472],[25.3489,36.4682],[25.3499,36.4661],[25.3493,36.4651],[25.3522,36.4609],[25.3503,36.4589],[25.351,36.4557],[25.3535,36.4526],[25.3568,36.4515],[25.3578,36.4484],[25.3578,36.4461],[25.3599,36.4432],[25.3604,36.4391],[25.3588,36.438],[25.3587,36.437],[25.3568,36.4349],[25.3536,36.4367],[25.3526,36.4366],[25.3505,36.4354],[25.3484,36.4322],[25.3484,36.4307],[25.3495,36.4297],[25.3505,36.4297],[25.3522,36.4276],[25.3526,36.4255],[25.3515,36.4245],[25.353,36.4224],[25.353,36.4214],[25.3524,36.4193],[25.3516,36.4184],[25.3515,36.4172],[25.3536,36.4154],[25.3544,36.4141],[25.3553,36.4089],[25.3536,36.4068],[25.3516,36.4078],[25.3505,36.4091],[25.3464,36.4101],[25.3453,36.4112],[25.338,36.4138],[25.3338,36.4161],[25.33,36.4161],[25.3286,36.4155],[25.3276,36.4161],[25.3253,36.413],[25.3248,36.4099],[25.3247,36.4068],[25.3256,36.4057],[25.326,36.4036],[25.3246,36.4016],[25.3239,36.3995],[25.325,36.3943],[25.3283,36.3922],[25.3317,36.388],[25.3349,36.3878],[25.337,36.3844],[25.3401,36.3842],[25.3443,36.3863],[25.3484,36.3872],[25.3505,36.389],[25.3526,36.3874],[25.3536,36.3881],[25.3533,36.3859],[25.3541,36.3849],[25.3542,36.3839],[25.3526,36.3824],[25.3512,36.3797],[25.3513,36.3776],[25.3504,36.3755],[25.3516,36.3741],[25.3549,36.3745],[25.3543,36.3734],[25.3547,36.3726],[25.3578,36.3692],[25.3609,36.3692],[25.363,36.3686],[25.3661,36.3694],[25.3693,36.3679],[25.3734,36.3676],[25.3757,36.3693],[25.3759,36.3703],[25.3749,36.3714],[25.3755,36.3724],[25.376,36.3714],[25.3776,36.3707],[25.3797,36.3707],[25.3818,36.3691],[25.3849,36.369],[25.387,36.3703],[25.388,36.3689],[25.3891,36.3686],[25.3901,36.3676],[25.3932,36.3674],[25.3974,36.3656],[25.4005,36.3655],[25.4016,36.3646],[25.4057,36.3636],[25.4099,36.3644],[25.412,36.3657],[25.4122,36.3682],[25.4145,36.3703],[25.4161,36.3745],[25.4172,36.3758],[25.4176,36.3776],[25.4213,36.3807],[25.4255,36.387],[25.4301,36.3911],[25.4306,36.3932],[25.4305,36.3953],[25.4299,36.3964],[25.4285,36.3974],[25.4247,36.4036],[25.424,36.4068],[25.4243,36.4089],[25.4234,36.4098],[25.4224,36.4094],[25.4203,36.4099],[25.4172,36.4097],[25.4141,36.4081],[25.4121,36.4047],[25.4118,36.4026],[25.4079,36.4005],[25.408,36.3974],[25.4057,36.3953],[25.4036,36.3944],[25.3995,36.3946],[25.3974,36.3924],[25.3949,36.3922],[25.3922,36.3892],[25.3901,36.3891],[25.3826,36.3901],[25.3776,36.3917],[25.3725,36.3922],[25.3722,36.3964],[25.371,36.3974],[25.3701,36.3995],[25.3714,36.4019],[25.3734,36.4044],[25.3755,36.4054],[25.3807,36.4057],[25.3828,36.4066],[25.3835,36.4089],[25.3849,36.4113],[25.3852,36.413],[25.387,36.4161],[25.388,36.4168],[25.3922,36.4175],[25.3932,36.417],[25.3953,36.4149],[25.3962,36.4161],[25.3953,36.4174],[25.3964,36.4179],[25.3984,36.4178],[25.3994,36.4172],[25.3989,36.4161],[25.4016,36.4147],[25.4026,36.4149],[25.4047,36.4138],[25.4089,36.4135],[25.4109,36.4121],[25.412,36.4118],[25.4121,36.413],[25.413,36.414],[25.4165,36.4141],[25.4193,36.4153],[25.4234,36.4101],[25.4245,36.411],[25.4254,36.4151],[25.4249,36.4172],[25.4251,36.4182],[25.424,36.4193],[25.4237,36.4234],[25.4231,36.4245],[25.4184,36.4276],[25.4151,36.428],[25.4141,36.4276],[25.413,36.4286],[25.4134,36.4307],[25.4125,36.4318],[25.4126,36.4339],[25.413,36.4344],[25.4141,36.4343],[25.4155,36.437],[25.4193,36.4411],[25.4198,36.4411],[25.4201,36.4422],[25.4196,36.4432],[25.4182,36.4444],[25.4161,36.4484],[25.4162,36.4505],[25.4158,36.4516],[25.4138,36.4526],[25.4096,36.4568],[25.4078,36.4575],[25.4016,36.4569],[25.3995,36.4557],[25.3974,36.4557],[25.3964,36.4568],[25.3932,36.4576],[25.388,36.4564],[25.3849,36.458],[25.3786,36.4589],[25.3776,36.458],[25.3745,36.4574],[25.3743,36.4568],[25.3724,36.4557],[25.3678,36.4599],[25.3672,36.4609],[25.3672,36.463],[25.3657,36.4651],[25.3646,36.4693],[25.3641,36.4755],[25.3682,36.4834],[25.3687,36.4859],[25.3697,36.487],[25.3651,36.4923],[25.3599,36.4949],[25.3589,36.4949],[25.3578,36.4938],[25.3526,36.4939],[25.3516,36.4932],[25.3505,36.4943],[25.3516,36.4959],[25.3526,36.4961],[25.3536,36.497],[25.3547,36.4969],[25.3578,36.4979],[25.363,36.5007],[25.3661,36.5017],[25.3703,36.5017],[25.3724,36.5005],[25.3786,36.4989],[25.3807,36.4989],[25.3818,36.4978],[25.3828,36.4975],[25.388,36.4978],[25.3943,36.4933],[25.3984,36.4931],[25.4016,36.4907],[25.4036,36.4912],[25.4068,36.4907],[25.4099,36.4934],[25.412,36.4935],[25.4141,36.4897],[25.4151,36.489],[25.4307,36.484],[25.437,36.4814],[25.4399,36.4776],[25.4422,36.4755],[25.4422,36.4732],[25.4464,36.4709],[25.4477,36.4672],[25.4499,36.4641],[25.4557,36.4613],[25.458,36.4599],[25.4589,36.4588],[25.4599,36.4587],[25.4641,36.4568],[25.4641,36.4555],[25.4651,36.4556],[25.4672,36.4548],[25.4693,36.4533],[25.4714,36.4503],[25.4724,36.4496],[25.4745,36.4456],[25.4766,36.4428],[25.4786,36.4372],[25.4828,36.4365],[25.4841,36.4349],[25.4859,36.4341],[25.488,36.4343],[25.4894,36.4339],[25.4943,36.4311],[25.4953,36.4297],[25.4974,36.429],[25.4982,36.4276],[25.5017,36.4245],[25.5037,36.4214],[25.5054,36.4172],[25.5056,36.4141],[25.5063,36.412],[25.5058,36.4089],[25.5061,36.4047],[25.5039,36.3974],[25.5039,36.3964],[25.5026,36.3953],[25.504,36.3943],[25.5009,36.3922],[25.5006,36.3911],[25.5021,36.3891],[25.5025,36.3839],[25.504,36.3818],[25.5044,36.3786],[25.5057,36.3766],[25.5068,36.3726],[25.5087,36.3682],[25.5087,36.3672],[25.5077,36.3661],[25.5075,36.363],[25.5113,36.3578],[25.5119,36.3557],[25.5118,36.3536],[25.5109,36.3529],[25.5097,36.3526],[25.5084,36.3505],[25.5089,36.3489],[25.5101,36.3474],[25.5096,36.3432],[25.5106,36.3349],[25.5099,36.3321],[25.5081,36.3286],[25.5068,36.3277],[25.5057,36.3279],[25.503,36.3266],[25.4965,36.3266],[25.4932,36.3248],[25.4839,36.3213],[25.4828,36.3206],[25.4822,36.3193],[25.4821,36.3161],[25.4796,36.3141],[25.4794,36.313],[25.4764,36.3099],[25.4755,36.3079],[25.4742,36.3068],[25.473,36.3047],[25.4676,36.3005],[25.4661,36.298],[25.463,36.2952],[25.46,36.2943],[25.4578,36.2916],[25.4526,36.2894],[25.4505,36.2889],[25.4484,36.2877],[25.4438,36.2828],[25.4405,36.2818],[25.4391,36.28],[25.4349,36.2807],[25.4328,36.2804],[25.4293,36.2755],[25.4286,36.2751],[25.4255,36.2753],[25.4232,36.2734],[25.4233,36.2724],[25.4227,36.2714],[25.4172,36.2682],[25.4161,36.268],[25.412,36.2645]],[[25.8474,36.2575],[25.8474,36.2581],[25.8478,36.2578]],[[25.8203,36.2501],[25.8141,36.2523],[25.8094,36.2547],[25.8057,36.2574],[25.8023,36.2578],[25.7984,36.26],[25.7964,36.2624],[25.7953,36.2622],[25.7922,36.263],[25.7911,36.2641],[25.79,36.2641],[25.7884,36.2651],[25.788,36.2662],[25.7859,36.2662],[25.7839,36.2656],[25.7828,36.2659],[25.7807,36.265],[25.7797,36.2653],[25.7776,36.2643],[25.7766,36.2645],[25.7734,36.2632],[25.7693,36.2596],[25.7672,36.2589],[25.763,36.2584],[25.7596,36.2589],[25.7575,36.2599],[25.7556,36.262],[25.7544,36.2651],[25.754,36.2693],[25.7526,36.2717],[25.7516,36.2725],[25.7443,36.2734],[25.7411,36.2745],[25.7266,36.2825],[25.7224,36.2861],[25.7161,36.2946],[25.713,36.297],[25.7099,36.2982],[25.7036,36.2993],[25.6932,36.2999],[25.6891,36.3015],[25.6849,36.3045],[25.6818,36.3061],[25.6776,36.3071],[25.6724,36.3076],[25.6682,36.3091],[25.6658,36.312],[25.6635,36.3203],[25.6608,36.3266],[25.6603,36.3297],[25.661,36.3318],[25.6641,36.3359],[25.6662,36.3401],[25.6692,36.3516],[25.6705,36.3599],[25.6755,36.3628],[25.6776,36.3646],[25.6786,36.3645],[25.6849,36.3668],[25.687,36.367],[25.6897,36.3703],[25.6898,36.3724],[25.6906,36.3734],[25.6901,36.3742],[25.6883,36.3745],[25.6926,36.3786],[25.6964,36.3807],[25.6976,36.3807],[25.6984,36.38],[25.6989,36.3786],[25.7005,36.378],[25.7026,36.3763],[25.7036,36.3767],[25.7057,36.3751],[25.7068,36.3756],[25.7078,36.3751],[25.7099,36.3762],[25.7172,36.3778],[25.7276,36.3866],[25.737,36.3922],[25.7391,36.3953],[25.7392,36.3964],[25.752,36.4036],[25.7572,36.4089],[25.7576,36.4099],[25.7609,36.4119],[25.7641,36.4126],[25.7651,36.4118],[25.7693,36.4123],[25.7703,36.4114],[25.7714,36.4115],[25.7734,36.4128],[25.7745,36.412],[25.7739,36.4109],[25.7745,36.41],[25.7797,36.4111],[25.7828,36.4132],[25.7839,36.4121],[25.7849,36.4124],[25.787,36.4145],[25.788,36.4147],[25.7891,36.4123],[25.7901,36.4121],[25.7911,36.41],[25.7922,36.4111],[25.7932,36.4096],[25.7943,36.4096],[25.7964,36.4105],[25.7974,36.4118],[25.8016,36.412],[25.802,36.413],[25.8057,36.4153],[25.8068,36.4154],[25.8078,36.4141],[25.8099,36.4142],[25.8109,36.4127],[25.8151,36.4141],[25.8167,36.4161],[25.8164,36.4172],[25.8182,36.4186],[25.8193,36.4188],[25.8266,36.4173],[25.8286,36.4156],[25.8297,36.4165],[25.8328,36.4153],[25.8349,36.4152],[25.8422,36.4134],[25.8453,36.412],[25.8475,36.4099],[25.8516,36.4041],[25.859,36.3974],[25.8651,36.3822],[25.8671,36.3797],[25.8766,36.3713],[25.8826,36.3609],[25.8842,36.3568],[25.8848,36.3536],[25.8848,36.3495],[25.8841,36.3464],[25.8821,36.3411],[25.8801,36.338],[25.8768,36.3349],[25.8655,36.3266],[25.8552,36.3172],[25.853,36.3141],[25.8527,36.3099],[25.8553,36.3026],[25.8559,36.2953],[25.8577,36.2901],[25.8609,36.2875],[25.8714,36.2904],[25.8755,36.291],[25.8828,36.2911],[25.8911,36.2904],[25.8974,36.2912],[25.9036,36.2928],[25.9078,36.2927],[25.913,36.2906],[25.9186,36.2849],[25.921,36.2807],[25.9218,36.2776],[25.9212,36.2766],[25.9222,36.2755],[25.921,36.2724],[25.9203,36.2716],[25.9193,36.2714],[25.919,36.2682],[25.9152,36.2641],[25.9143,36.262],[25.9108,36.2578],[25.9089,36.2539],[25.9068,36.2528],[25.9057,36.253],[25.9047,36.2541],[25.9026,36.255],[25.8953,36.2561],[25.8943,36.2573],[25.8911,36.2567],[25.888,36.2578],[25.8745,36.259],[25.8724,36.2597],[25.8703,36.2595],[25.8693,36.2588],[25.8672,36.2609],[25.8677,36.262],[25.8672,36.2649],[25.8651,36.2651],[25.862,36.2662],[25.8568,36.2654],[25.8536,36.2634],[25.8505,36.2603],[25.8484,36.2604],[25.8453,36.2597],[25.8432,36.2572],[25.8422,36.2583],[25.8401,36.2563],[25.8359,36.2536],[25.8349,36.2535],[25.8335,36.2547],[25.8334,36.2557],[25.8307,36.2571],[25.8266,36.2565]],[[25.2255,36.213],[25.2234,36.2125],[25.2203,36.213],[25.2193,36.2137],[25.2182,36.2136],[25.2141,36.2161],[25.212,36.2163],[25.2089,36.2175],[25.2057,36.2174],[25.2016,36.2159],[25.1995,36.2161],[25.1974,36.217],[25.1922,36.2201],[25.1863,36.2245],[25.1816,36.2307],[25.1797,36.2349],[25.1784,36.2432],[25.1786,36.2484],[25.1795,36.2516],[25.1805,36.2536],[25.1823,36.2557],[25.183,36.2589],[25.1841,36.2599],[25.1863,36.2651],[25.1928,36.2724],[25.1936,36.2745],[25.1969,36.2776],[25.2026,36.2806],[25.2078,36.2826],[25.2099,36.2802],[25.212,36.2788],[25.2125,36.2776],[25.2106,36.2714],[25.2108,36.2703],[25.21,36.2693],[25.2132,36.2661],[25.2156,36.2609],[25.2179,36.2599],[25.2177,36.2578],[25.2186,36.2557],[25.2193,36.2555],[25.2214,36.2561],[25.2234,36.2552],[25.2266,36.2558],[25.2299,36.2526],[25.2309,36.2495],[25.2302,36.2484],[25.2301,36.2453],[25.2287,36.2422],[25.2289,36.2401],[25.2349,36.2344],[25.237,36.2332],[25.2386,36.2307],[25.2384,36.2286],[25.2374,36.2255],[25.2382,36.2245],[25.2359,36.2181],[25.2339,36.2161],[25.2307,36.2163]],[[25.2703,36.1084],[25.2682,36.1087],[25.2674,36.1099],[25.2674,36.1109],[25.2682,36.1121],[25.2703,36.1121],[25.2716,36.1109],[25.2718,36.1099],[25.2712,36.1089]]]}},{"type":"Feature","properties":{"depth":200,"kind":"band"},"geometry":{"type":"MultiPolygon","coordinates":[[[[25.7239,36.8526],[25.7234,36.8535],[25.7224,36.853],[25.7224,36.8517],[25.7239,36.8526]]],[[[25.7161,36.8505],[25.7149,36.8505],[25.7151,36.8501],[25.7161,36.8505]]],[[[25.7183,36.8484],[25.7185,36.8505],[25.7204,36.8526],[25.7203,36.8533],[25.7193,36.8541],[25.7166,36.8516],[25.7158,36.8495],[25.7161,36.8489],[25.7182,36.8481],[25.7183,36.8484]]],[[[25.7216,36.8474],[25.7216,36.8495],[25.7225,36.8505],[25.7223,36.8516],[25.7214,36.8517],[25.721,36.8505],[25.7199,36.8495],[25.7203,36.8474],[25.7216,36.8474]]],[[[25.7092,36.8453],[25.7093,36.8474],[25.7089,36.8481],[25.7078,36.8478],[25.7075,36.8464],[25.7078,36.8453],[25.7089,36.845],[25.7092,36.8453]]],[[[25.7683,36.8443],[25.7703,36.8457],[25.7773,36.8557],[25.7807,36.8589],[25.8047,36.8737],[25.8146,36.8807],[25.8214,36.8869],[25.8245,36.8889],[25.8297,36.8897],[25.8397,36.888],[25.8413,36.887],[25.8441,36.8839],[25.8478,36.8776],[25.8505,36.876],[25.8536,36.8765],[25.8595,36.8786],[25.8606,36.8797],[25.8593,36.8828],[25.8542,36.8891],[25.8538,36.8911],[25.8543,36.8932],[25.8595,36.8984],[25.8672,36.9035],[25.8724,36.9052],[25.8745,36.9053],[25.8807,36.9071],[25.8818,36.9068],[25.8828,36.907],[25.887,36.9093],[25.8918,36.9109],[25.9036,36.9118],[25.9078,36.9131],[25.913,36.9138],[25.9214,36.9128],[25.9224,36.9133],[25.9234,36.9157],[25.9255,36.9175],[25.9297,36.9198],[25.9359,36.9219],[25.937,36.9229],[25.9391,36.9236],[25.9401,36.9234],[25.942,36.9245],[25.9453,36.9288],[25.9495,36.9319],[25.9516,36.9328],[25.9578,36.9396],[25.9651,36.9439],[25.9682,36.9451],[25.9766,36.9463],[25.9818,36.9459],[25.9839,36.9463],[25.9847,36.9474],[25.9859,36.9475],[25.987,36.9484],[25.9901,36.9489],[25.9984,36.949],[26,36.9495],[26,36.9995],[25.9995,37],[25.7328,37],[25.7318,36.9995],[25.7298,36.9932],[25.7292,36.9859],[25.7285,36.9828],[25.7222,36.9714],[25.7184,36.9589],[25.718,36.9547],[25.7184,36.9495],[25.7224,36.9359],[25.7233,36.9307],[25.719,36.9151],[25.7145,36.9078],[25.7129,36.9026],[25.7133,36.9005],[25.7168,36.8932],[25.719,36.887],[25.7201,36.8818],[25.7216,36.8776],[25.723,36.8703],[25.7264,36.8641],[25.726,36.8609],[25.7251,36.8599],[25.7254,36.8589],[25.7245,36.8585],[25.7234,36.8571],[25.7224,36.8568],[25.7228,36.8557],[25.7224,36.8552],[25.7214,36.856],[25.721,36.8557],[25.7205,36.8536],[25.7214,36.8534],[25.7224,36.8542],[25.7255,36.8533],[25.7263,36.8526],[25.7231,36.8495],[25.7234,36.8475],[25.7255,36.8473],[25.728,36.8464],[25.7297,36.8448],[25.7307,36.8446],[25.7328,36.8463],[25.7386,36.8536],[25.7411,36.8557],[25.7453,36.8572],[25.7505,36.8577],[25.7536,36.8574],[25.757,36.8557],[25.7587,36.8536],[25.7605,36.8474],[25.7602,36.8453],[25.762,36.8444],[25.7683,36.8443]]],[[[25.707,36.8339],[25.7063,36.8339],[25.7068,36.8333],[25.707,36.8339]]],[[[25.704,36.8224],[25.7036,36.8228],[25.7036,36.8222],[25.704,36.8224]]],[[[25.5421,36.8089],[25.5411,36.8092],[25.5406,36.8089],[25.5411,36.8085],[25.5421,36.8089]]],[[[25.7061,36.8078],[25.7057,36.8081],[25.7048,36.8078],[25.7057,36.8072],[25.7061,36.8078]]],[[[25.0089,36.6464],[25.0109,36.648],[25.012,36.647],[25.0132,36.6474],[25.0126,36.6484],[25.013,36.6486],[25.0138,36.6484],[25.0151,36.6469],[25.0161,36.6474],[25.0193,36.6476],[25.0214,36.6488],[25.0286,36.6493],[25.0318,36.6502],[25.037,36.6507],[25.0443,36.6524],[25.0453,36.6537],[25.0474,36.6546],[25.0491,36.6568],[25.0505,36.6601],[25.0509,36.662],[25.0503,36.663],[25.0516,36.6651],[25.0517,36.6766],[25.0514,36.6776],[25.0521,36.6859],[25.0547,36.6911],[25.0584,36.6953],[25.0676,36.7036],[25.0786,36.7102],[25.0807,36.7109],[25.0818,36.7121],[25.0943,36.7176],[25.097,36.7182],[25.1064,36.7234],[25.1234,36.7388],[25.1349,36.7472],[25.1433,36.7526],[25.163,36.7685],[25.1682,36.772],[25.1714,36.7758],[25.1721,36.7786],[25.1718,36.7828],[25.1712,36.7849],[25.1667,36.7922],[25.163,36.7964],[25.1619,36.7964],[25.1603,36.7984],[25.1599,36.7997],[25.1574,36.8016],[25.157,36.8026],[25.1584,36.8036],[25.1552,36.8089],[25.1513,36.8141],[25.1495,36.8149],[25.1469,36.8182],[25.1465,36.8203],[25.1443,36.8224],[25.1432,36.8249],[25.1417,36.8255],[25.1401,36.8276],[25.1391,36.8282],[25.1339,36.8352],[25.1307,36.8377],[25.1296,36.838],[25.1286,36.8396],[25.1214,36.8432],[25.1078,36.8484],[25.1068,36.8507],[25.1057,36.8504],[25.1047,36.8509],[25.1016,36.854],[25.0995,36.8547],[25.0974,36.8566],[25.0943,36.8583],[25.0911,36.8594],[25.0859,36.8622],[25.0797,36.8639],[25.0724,36.8671],[25.0703,36.8671],[25.0693,36.8677],[25.063,36.8687],[25.0536,36.8719],[25.0464,36.8721],[25.0391,36.8733],[25.0359,36.8743],[25.0339,36.8757],[25.0266,36.8758],[25.0224,36.8769],[25.012,36.877],[25.0089,36.8777],[25.0016,36.8773],[25,36.8776],[25,36.6474],[25.0005,36.6464],[25.0057,36.646],[25.0068,36.6454],[25.0089,36.6464]]],[[[25.6566,36.6016],[25.6557,36.603],[25.6536,36.6042],[25.6516,36.6044],[25.6495,36.6039],[25.6484,36.6026],[25.6495,36.6018],[25.6505,36.603],[25.6508,36.6026],[25.6536,36.6019],[25.6547,36.601],[25.6557,36.6009],[25.6566,36.6016]]],[[[25.6524,36.5995],[25.6516,36.5999],[25.6507,36.5995],[25.6516,36.5992],[25.6524,36.5995]]],[[[25.6591,36.5984],[25.6589,36.5987],[25.6583,36.5984],[25.6589,36.5976],[25.6591,36.5984]]],[[[25.1623,36.587],[25.162,36.5874],[25.1615,36.587],[25.162,36.5865],[25.1623,36.587]]],[[[25.7066,36.5839],[25.7077,36.5849],[25.7072,36.5859],[25.6999,36.5849],[25.7036,36.5832],[25.7057,36.5833],[25.7066,36.5839]]],[[[25.2205,36.5005],[25.2203,36.5011],[25.22,36.5005],[25.2205,36.5005]]],[[[25.1098,36.4609],[25.1088,36.462],[25.1078,36.4622],[25.1057,36.4621],[25.1039,36.4609],[25.1098,36.4609]]],[[[25.1116,36.4609],[25.1109,36.4614],[25.11,36.4609],[25.1109,36.4606],[25.1116,36.4609]]],[[[25.1154,36.4609],[25.1151,36.4613],[25.1149,36.4609],[25.1154,36.4609]]],[[[25.1061,36.4516],[25.1057,36.4519],[25.1054,36.4516],[25.1057,36.4512],[25.1061,36.4516]]],[[[25.8082,36.4276],[25.8078,36.4279],[25.8072,36.4276],[25.8078,36.4268],[25.8082,36.4276]]],[[[25.807,36.4214],[25.8068,36.4221],[25.8064,36.4214],[25.807,36.4214]]],[[[25.7862,36.4141],[25.7859,36.4145],[25.7854,36.4141],[25.7862,36.4141]]],[[[25.7844,36.413],[25.7839,36.4137],[25.7835,36.413],[25.7839,36.4127],[25.7844,36.413]]],[[[25.4068,36.3661],[25.4089,36.3672],[25.4109,36.3701],[25.413,36.3714],[25.4141,36.3755],[25.4203,36.3809],[25.4245,36.387],[25.429,36.3922],[25.4293,36.3932],[25.4289,36.3953],[25.4274,36.3964],[25.426,36.3995],[25.4244,36.4005],[25.4243,36.4026],[25.4234,36.4036],[25.4224,36.4076],[25.4203,36.4086],[25.4199,36.4078],[25.4194,36.4057],[25.4197,36.4047],[25.4212,36.4036],[25.4195,36.4016],[25.4194,36.4005],[25.4187,36.4005],[25.4199,36.4026],[25.4189,36.4036],[25.4192,36.4047],[25.4182,36.4054],[25.4161,36.4057],[25.4151,36.4044],[25.4141,36.4044],[25.4131,36.4036],[25.4119,36.4016],[25.4088,36.4005],[25.4088,36.3974],[25.4076,36.3953],[25.4016,36.3926],[25.4005,36.3931],[25.3984,36.3919],[25.3957,36.3911],[25.3957,36.3901],[25.394,36.388],[25.3911,36.3866],[25.3891,36.3866],[25.3842,36.3891],[25.3818,36.3891],[25.3776,36.3906],[25.3714,36.3913],[25.3703,36.3922],[25.3704,36.3943],[25.3693,36.3984],[25.3693,36.4005],[25.372,36.4057],[25.3733,36.4068],[25.3745,36.406],[25.3755,36.407],[25.3786,36.4071],[25.3807,36.4081],[25.3839,36.4116],[25.3858,36.4161],[25.387,36.4172],[25.3901,36.4177],[25.3911,36.4183],[25.3932,36.4179],[25.3943,36.4182],[25.3943,36.4196],[25.3974,36.4186],[25.3985,36.4193],[25.3986,36.4203],[25.3995,36.4208],[25.4004,36.4203],[25.4001,36.4193],[25.4005,36.4176],[25.4019,36.4193],[25.403,36.4234],[25.4041,36.4234],[25.4062,36.4203],[25.4061,36.4172],[25.4068,36.415],[25.4089,36.415],[25.4099,36.4155],[25.4109,36.4135],[25.413,36.4149],[25.4193,36.4165],[25.4224,36.4151],[25.4234,36.4158],[25.4228,36.4203],[25.4234,36.4226],[25.4224,36.4239],[25.4193,36.4261],[25.4182,36.4263],[25.4169,36.4276],[25.4141,36.4276],[25.413,36.4286],[25.413,36.4301],[25.4119,36.4318],[25.4121,36.4339],[25.4183,36.4411],[25.4181,36.4422],[25.4167,36.4432],[25.413,36.4502],[25.4103,36.4526],[25.4098,36.4536],[25.4068,36.4554],[25.4036,36.4563],[25.3974,36.4557],[25.3932,36.457],[25.388,36.456],[25.3797,36.4578],[25.3766,36.4573],[25.3724,36.4557],[25.3682,36.4585],[25.367,36.4599],[25.3639,36.4682],[25.363,36.4723],[25.3619,36.4734],[25.3625,36.4755],[25.3612,36.4797],[25.362,36.4813],[25.3661,36.4838],[25.3672,36.4856],[25.3673,36.487],[25.3646,36.4891],[25.3641,36.4902],[25.362,36.4906],[25.3589,36.4902],[25.3526,36.4907],[25.3505,36.4896],[25.3495,36.4879],[25.3464,36.4868],[25.3443,36.4849],[25.3422,36.4838],[25.3401,36.4807],[25.3383,36.4797],[25.337,36.4776],[25.3382,36.4766],[25.3391,36.4744],[25.3443,36.4738],[25.3495,36.4682],[25.3508,36.4661],[25.3507,36.4641],[25.3529,36.4609],[25.3526,36.4589],[25.3532,36.4557],[25.3543,36.4547],[25.3544,36.4536],[25.3568,36.4522],[25.3578,36.4506],[25.3602,36.4484],[25.3594,36.4464],[25.3605,36.4443],[25.3614,36.4401],[25.361,36.438],[25.3568,36.4349],[25.3536,36.4354],[25.3528,36.4349],[25.3516,36.4341],[25.351,36.4328],[25.3497,36.4318],[25.3502,36.4307],[25.3525,36.4297],[25.3517,36.4286],[25.3525,36.4276],[25.3524,36.4245],[25.3537,36.4224],[25.3524,36.4182],[25.3554,36.4141],[25.3557,36.4128],[25.3579,36.4109],[25.3583,36.4089],[25.3536,36.4068],[25.3516,36.4074],[25.3505,36.4085],[25.3479,36.4089],[25.3453,36.4105],[25.3432,36.4105],[25.3412,36.412],[25.337,36.4126],[25.3339,36.4145],[25.3328,36.4147],[25.3286,36.4136],[25.3275,36.413],[25.3266,36.4109],[25.3276,36.4026],[25.3257,36.3974],[25.326,36.3964],[25.3272,36.3943],[25.3307,36.3918],[25.3328,36.3925],[25.3339,36.3935],[25.337,36.3934],[25.337,36.3922],[25.3353,36.3901],[25.3354,36.3891],[25.337,36.3863],[25.3391,36.3851],[25.3411,36.3865],[25.3443,36.3877],[25.3484,36.3881],[25.3505,36.3901],[25.3516,36.3901],[25.3543,36.388],[25.3547,36.3858],[25.3568,36.3852],[25.3589,36.3857],[25.363,36.3854],[25.3656,36.3859],[25.366,36.3849],[25.362,36.3818],[25.3578,36.3828],[25.3568,36.3844],[25.3563,36.3828],[25.3535,36.3818],[25.3532,36.3807],[25.3535,36.3786],[25.3526,36.3755],[25.3547,36.3752],[25.3557,36.3745],[25.3557,36.3734],[25.3565,36.3724],[25.3589,36.3713],[25.3609,36.3713],[25.3633,36.3703],[25.3644,36.3703],[25.3659,36.3714],[25.3661,36.3735],[25.3662,36.3714],[25.3657,36.3703],[25.3724,36.3685],[25.3741,36.3703],[25.3733,36.3714],[25.3737,36.3724],[25.3745,36.3733],[25.3755,36.3736],[25.3765,36.3734],[25.3768,36.3724],[25.3776,36.3718],[25.3797,36.3717],[25.3818,36.3701],[25.3859,36.3701],[25.387,36.3713],[25.388,36.3713],[25.3901,36.3696],[25.3953,36.3677],[25.4016,36.3662],[25.4057,36.3657],[25.4068,36.3661]]],[[[25.4018,36.3266],[25.4016,36.327],[25.3996,36.3266],[25.4005,36.3259],[25.4016,36.3259],[25.4018,36.3266]]],[[[25.8502,36.2557],[25.8495,36.2568],[25.8491,36.2557],[25.8495,36.2552],[25.8502,36.2557]]],[[[26,36.0005],[26,36.2474],[25.9992,36.2484],[25.9969,36.2495],[25.9964,36.2509],[25.9953,36.2501],[25.9932,36.2508],[25.9891,36.2535],[25.987,36.2541],[25.9859,36.255],[25.9818,36.2561],[25.9734,36.257],[25.9711,36.2578],[25.9701,36.2599],[25.9697,36.263],[25.9704,36.2661],[25.9716,36.2682],[25.9745,36.2702],[25.9807,36.2722],[25.9849,36.2746],[25.9913,36.2807],[25.9951,36.287],[26,36.2922],[26,36.8766],[25.9995,36.8771],[25.9943,36.8762],[25.9936,36.8755],[25.9935,36.8745],[25.9924,36.8734],[25.988,36.8721],[25.9842,36.8693],[25.9818,36.8691],[25.9776,36.8695],[25.9755,36.8686],[25.9734,36.8662],[25.9682,36.8624],[25.9663,36.8589],[25.9568,36.8502],[25.9557,36.8498],[25.9484,36.8502],[25.9453,36.8482],[25.9391,36.8453],[25.9316,36.8359],[25.9266,36.8319],[25.9245,36.8291],[25.9203,36.8264],[25.9181,36.8255],[25.9197,36.8172],[25.9189,36.8161],[25.9182,36.8137],[25.9078,36.8059],[25.9036,36.8043],[25.9016,36.8041],[25.9005,36.8014],[25.8984,36.8015],[25.8964,36.8001],[25.8943,36.7994],[25.891,36.7964],[25.8902,36.7943],[25.8891,36.7931],[25.8849,36.7902],[25.8797,36.7858],[25.8766,36.7841],[25.8714,36.7803],[25.8677,36.7797],[25.8661,36.7789],[25.8653,36.7776],[25.8651,36.7748],[25.8568,36.7682],[25.8516,36.7657],[25.8474,36.7654],[25.8422,36.766],[25.8297,36.7637],[25.8276,36.7664],[25.8266,36.767],[25.8245,36.7652],[25.8224,36.7647],[25.8193,36.7618],[25.8068,36.7575],[25.788,36.7558],[25.7693,36.7577],[25.7625,36.7599],[25.7615,36.7609],[25.7557,36.7619],[25.7505,36.7641],[25.7464,36.765],[25.7449,36.7661],[25.7409,36.7714],[25.7359,36.776],[25.7316,36.7776],[25.7244,36.7839],[25.7203,36.7885],[25.7161,36.7923],[25.7151,36.7927],[25.7141,36.792],[25.7135,36.7922],[25.7129,36.7932],[25.7133,36.7943],[25.713,36.7973],[25.7121,36.7984],[25.7109,36.7985],[25.7099,36.7997],[25.7084,36.8036],[25.7068,36.8055],[25.7057,36.8058],[25.7046,36.8078],[25.7049,36.8089],[25.7039,36.8109],[25.7041,36.8141],[25.7033,36.8151],[25.7042,36.8161],[25.7023,36.8182],[25.7023,36.8203],[25.7008,36.8214],[25.6953,36.8196],[25.6943,36.8178],[25.6932,36.8187],[25.6922,36.8177],[25.6901,36.8186],[25.687,36.8189],[25.6859,36.8196],[25.6849,36.819],[25.6839,36.8196],[25.6828,36.8188],[25.6821,36.8193],[25.6818,36.8201],[25.6797,36.8197],[25.6786,36.8204],[25.6776,36.8197],[25.6724,36.8197],[25.6661,36.8245],[25.6651,36.8247],[25.663,36.8242],[25.662,36.8248],[25.6599,36.8247],[25.6526,36.8298],[25.6464,36.8293],[25.6443,36.8304],[25.6432,36.8304],[25.6401,36.8314],[25.6359,36.8313],[25.6349,36.8323],[25.6339,36.8319],[25.6328,36.8329],[25.6318,36.8327],[25.6307,36.8332],[25.6297,36.8325],[25.6297,36.8339],[25.6286,36.8357],[25.6276,36.835],[25.6255,36.8358],[25.6224,36.8347],[25.6203,36.8352],[25.6172,36.8348],[25.6149,36.8339],[25.6141,36.8323],[25.613,36.8332],[25.612,36.8331],[25.6099,36.835],[25.6057,36.8348],[25.6036,36.8353],[25.6026,36.8344],[25.6005,36.8347],[25.5995,36.8337],[25.5974,36.8342],[25.5943,36.8331],[25.5932,36.8335],[25.588,36.8314],[25.5849,36.8311],[25.5818,36.8317],[25.5807,36.8328],[25.5786,36.8318],[25.5693,36.8306],[25.5651,36.8291],[25.5638,36.8297],[25.5599,36.828],[25.5589,36.828],[25.5536,36.8243],[25.5526,36.8252],[25.5516,36.8245],[25.5521,36.8224],[25.5516,36.8203],[25.5492,36.8172],[25.5486,36.8151],[25.5453,36.8109],[25.5443,36.8105],[25.5422,36.8085],[25.5421,36.8078],[25.5411,36.8073],[25.5397,36.8089],[25.5401,36.8108],[25.5414,36.8109],[25.5391,36.811],[25.538,36.8105],[25.537,36.8112],[25.5339,36.8101],[25.5329,36.8109],[25.5335,36.812],[25.5328,36.8124],[25.5297,36.8113],[25.5286,36.8103],[25.5276,36.8107],[25.5266,36.81],[25.5203,36.8091],[25.5172,36.8093],[25.5151,36.8089],[25.512,36.8075],[25.5078,36.8064],[25.5026,36.8036],[25.4995,36.8011],[25.4974,36.8017],[25.4964,36.8011],[25.4943,36.8015],[25.4932,36.8008],[25.4901,36.801],[25.4883,36.7995],[25.486,36.7964],[25.4863,36.7943],[25.4848,36.7932],[25.4849,36.7908],[25.4839,36.7908],[25.4818,36.7886],[25.4807,36.789],[25.4786,36.7889],[25.4731,36.7849],[25.4722,36.7839],[25.4714,36.7812],[25.4658,36.7745],[25.4651,36.7724],[25.4641,36.7713],[25.4635,36.7693],[25.4642,36.7661],[25.4636,36.762],[25.4645,36.7578],[25.4643,36.7557],[25.4658,36.7474],[25.4654,36.7464],[25.4663,36.7453],[25.4667,36.7411],[25.4661,36.7391],[25.4665,36.738],[25.4657,36.7339],[25.4638,36.7297],[25.4631,36.7255],[25.4611,36.7234],[25.4611,36.7224],[25.4625,36.7193],[25.4626,36.7151],[25.4631,36.7141],[25.4624,36.712],[25.4632,36.7109],[25.4635,36.7068],[25.4641,36.7056],[25.4661,36.7047],[25.4692,36.7016],[25.4693,36.7005],[25.4714,36.6972],[25.4734,36.6961],[25.4739,36.6953],[25.4738,36.6922],[25.4722,36.6901],[25.4724,36.6878],[25.4694,36.687],[25.4683,36.6859],[25.4671,36.6828],[25.4661,36.6816],[25.4644,36.6807],[25.4641,36.6797],[25.4614,36.6797],[25.4629,36.6786],[25.4625,36.6776],[25.4631,36.6745],[25.4627,36.6734],[25.4635,36.6693],[25.4629,36.6672],[25.4628,36.6641],[25.4603,36.6557],[25.4615,36.6495],[25.4606,36.6464],[25.4607,36.6411],[25.4595,36.637],[25.4568,36.6339],[25.4557,36.6338],[25.4536,36.6324],[25.4516,36.6325],[25.4505,36.6342],[25.4464,36.6381],[25.4422,36.6411],[25.4391,36.6446],[25.4372,36.6474],[25.4339,36.6493],[25.4328,36.6494],[25.4286,36.6483],[25.4255,36.6467],[25.4172,36.6412],[25.412,36.6362],[25.4099,36.6349],[25.4068,36.634],[25.3953,36.6344],[25.3901,36.6331],[25.387,36.6312],[25.3826,36.6266],[25.381,36.6224],[25.378,36.6182],[25.3734,36.6143],[25.3703,36.6125],[25.3693,36.6124],[25.3672,36.6108],[25.3651,36.6102],[25.3641,36.6105],[25.3589,36.6091],[25.3587,36.6078],[25.3538,36.6016],[25.3514,36.5953],[25.3506,36.5901],[25.3498,36.5891],[25.3498,36.587],[25.3492,36.5859],[25.3491,36.5849],[25.3501,36.5828],[25.3481,36.5776],[25.349,36.5755],[25.349,36.5714],[25.3481,36.5682],[25.3422,36.56],[25.3391,36.5597],[25.3377,36.5589],[25.337,36.5565],[25.3353,36.5547],[25.3328,36.5504],[25.3276,36.5481],[25.3266,36.5448],[25.3245,36.5426],[25.3203,36.5394],[25.317,36.538],[25.316,36.537],[25.3167,36.5349],[25.3188,36.5328],[25.3189,36.5318],[25.3174,36.5286],[25.3158,36.5276],[25.3161,36.5258],[25.3167,36.5255],[25.3158,36.5214],[25.3182,36.5193],[25.3193,36.5192],[25.3203,36.5183],[25.3224,36.519],[25.3245,36.5177],[25.3273,36.5172],[25.3299,36.5141],[25.3339,36.5127],[25.3354,36.5109],[25.335,36.5099],[25.3359,36.5093],[25.337,36.5099],[25.3391,36.5088],[25.3401,36.5088],[25.3464,36.5104],[25.3482,36.5099],[25.3478,36.5089],[25.3495,36.508],[25.3516,36.5084],[25.3557,36.508],[25.3589,36.5089],[25.363,36.5091],[25.3682,36.5086],[25.3745,36.5072],[25.3786,36.5071],[25.3818,36.5048],[25.3822,36.5036],[25.3817,36.5026],[25.3839,36.5009],[25.3911,36.5016],[25.3926,36.4995],[25.3926,36.4974],[25.3974,36.4953],[25.3995,36.495],[25.4016,36.4936],[25.4057,36.4928],[25.4068,36.493],[25.4089,36.4946],[25.4109,36.4947],[25.4141,36.4934],[25.4151,36.4915],[25.4182,36.4898],[25.4409,36.4839],[25.4422,36.4818],[25.4444,36.4797],[25.4438,36.4786],[25.4441,36.4766],[25.4505,36.4694],[25.4526,36.4681],[25.4536,36.4664],[25.4556,36.4651],[25.4561,36.4641],[25.4583,36.462],[25.4639,36.4599],[25.4647,36.4589],[25.4661,36.4584],[25.4672,36.4573],[25.4693,36.4564],[25.4703,36.4565],[25.4729,36.4557],[25.475,36.4536],[25.4754,36.4516],[25.4767,36.4516],[25.4772,36.4484],[25.478,36.4474],[25.4784,36.4453],[25.4797,36.444],[25.4839,36.4435],[25.4849,36.442],[25.4872,36.4422],[25.4879,36.4411],[25.488,36.4391],[25.4911,36.4378],[25.4932,36.4377],[25.4974,36.4363],[25.5009,36.4328],[25.5026,36.4323],[25.5057,36.4305],[25.5088,36.4255],[25.5093,36.4234],[25.5105,36.4214],[25.5105,36.4151],[25.5115,36.4068],[25.5098,36.4005],[25.5074,36.3974],[25.5085,36.3964],[25.508,36.3953],[25.509,36.3943],[25.5088,36.3932],[25.5079,36.3922],[25.5057,36.3911],[25.5056,36.3901],[25.5082,36.3859],[25.509,36.3839],[25.5089,36.3807],[25.5105,36.3786],[25.51,36.3755],[25.5108,36.3734],[25.5108,36.3724],[25.512,36.3703],[25.5116,36.3693],[25.5121,36.3661],[25.5113,36.3641],[25.5132,36.3609],[25.5151,36.3589],[25.516,36.3557],[25.5154,36.3536],[25.5117,36.3495],[25.5121,36.3432],[25.5134,36.3391],[25.5123,36.3349],[25.5126,36.3328],[25.5112,36.3286],[25.508,36.3266],[25.4953,36.3238],[25.4911,36.3212],[25.487,36.3179],[25.4859,36.3141],[25.4852,36.313],[25.4807,36.3087],[25.4766,36.3036],[25.4734,36.3003],[25.4724,36.2995],[25.4714,36.2994],[25.4674,36.2964],[25.4661,36.2946],[25.4611,36.2932],[25.4578,36.2886],[25.4536,36.2884],[25.4495,36.2865],[25.4486,36.2859],[25.4462,36.2818],[25.443,36.2807],[25.4401,36.2779],[25.4391,36.2776],[25.437,36.2783],[25.4339,36.2778],[25.4307,36.2737],[25.4286,36.2729],[25.4266,36.2729],[25.4213,36.2693],[25.4141,36.2613],[25.4089,36.2584],[25.4036,36.2567],[25.3974,36.2573],[25.3953,36.2581],[25.3911,36.2581],[25.387,36.2596],[25.3865,36.2599],[25.3869,36.262],[25.3864,36.2661],[25.3818,36.2691],[25.3807,36.2714],[25.3833,36.2786],[25.389,36.2828],[25.392,36.287],[25.3961,36.2901],[25.3995,36.2949],[25.3998,36.2974],[25.3991,36.2984],[25.399,36.3016],[25.3982,36.3036],[25.3985,36.3057],[25.4019,36.3099],[25.4021,36.3151],[25.4051,36.3193],[25.4047,36.3225],[25.4036,36.3232],[25.4016,36.3234],[25.3995,36.3265],[25.3953,36.3275],[25.3911,36.3291],[25.388,36.3286],[25.387,36.3272],[25.3828,36.3277],[25.3807,36.3257],[25.3786,36.3263],[25.3776,36.3276],[25.3755,36.328],[25.3706,36.3266],[25.3693,36.3254],[25.3682,36.3254],[25.3675,36.3266],[25.3677,36.3286],[25.366,36.3307],[25.364,36.3318],[25.3641,36.3339],[25.363,36.3355],[25.3589,36.3358],[25.3578,36.3371],[25.3547,36.3375],[25.3526,36.3396],[25.3505,36.3406],[25.3498,36.3422],[25.3484,36.3436],[25.3474,36.3439],[25.3464,36.3435],[25.3432,36.3416],[25.3422,36.342],[25.342,36.3432],[25.3411,36.3444],[25.338,36.3447],[25.3339,36.3437],[25.3329,36.3443],[25.3328,36.349],[25.3322,36.3505],[25.3276,36.3536],[25.3263,36.3536],[25.3251,36.3568],[25.325,36.3589],[25.3245,36.3591],[25.3224,36.3582],[25.3193,36.3575],[25.312,36.3598],[25.3123,36.362],[25.3112,36.3641],[25.3106,36.3672],[25.3108,36.3693],[25.3099,36.3699],[25.3068,36.3706],[25.3016,36.3701],[25.2974,36.3709],[25.2956,36.3734],[25.2954,36.3755],[25.2919,36.3776],[25.293,36.3786],[25.2928,36.3797],[25.2911,36.3809],[25.2859,36.3811],[25.284,36.3818],[25.2839,36.3831],[25.2891,36.3878],[25.2906,36.3911],[25.2901,36.3939],[25.2883,36.3984],[25.2879,36.4016],[25.288,36.4068],[25.2888,36.4078],[25.2882,36.4099],[25.2884,36.413],[25.288,36.4142],[25.287,36.4132],[25.2863,36.4182],[25.287,36.4249],[25.2891,36.4254],[25.2904,36.4276],[25.2884,36.4318],[25.2891,36.4344],[25.2859,36.4389],[25.2828,36.4413],[25.2807,36.4443],[25.2797,36.4447],[25.279,36.4432],[25.2795,36.4422],[25.2786,36.442],[25.2776,36.4442],[25.2755,36.4458],[25.2755,36.4472],[25.2768,36.4484],[25.2745,36.4505],[25.2734,36.4494],[25.2724,36.449],[25.267,36.4516],[25.2668,36.4526],[25.2675,36.4536],[25.2661,36.4549],[25.2651,36.4547],[25.2651,36.4557],[25.2641,36.4579],[25.263,36.4583],[25.2578,36.4573],[25.2568,36.4575],[25.237,36.4487],[25.2318,36.4482],[25.2245,36.45],[25.2224,36.4498],[25.2214,36.4485],[25.2172,36.4474],[25.2141,36.4485],[25.2124,36.4505],[25.212,36.454],[25.2099,36.4545],[25.2082,36.4557],[25.2077,36.4578],[25.21,36.4599],[25.2122,36.4609],[25.2141,36.4627],[25.2146,36.4641],[25.2114,36.4693],[25.211,36.4724],[25.213,36.4765],[25.2138,36.4776],[25.2151,36.478],[25.2153,36.4786],[25.2149,36.4807],[25.2158,36.4828],[25.2151,36.4843],[25.214,36.4849],[25.214,36.487],[25.2148,36.4901],[25.2161,36.4927],[25.2161,36.4974],[25.2172,36.4995],[25.2202,36.5016],[25.2198,36.5026],[25.2204,36.5047],[25.2196,36.5057],[25.2193,36.5081],[25.2179,36.5089],[25.2164,36.5109],[25.2182,36.5117],[25.2203,36.5115],[25.2214,36.512],[25.2193,36.5138],[25.2182,36.5122],[25.2172,36.5138],[25.2161,36.5137],[25.2141,36.5154],[25.2068,36.5185],[25.2036,36.5205],[25.2013,36.5245],[25.196,36.5286],[25.1925,36.5349],[25.1911,36.5351],[25.1901,36.5365],[25.1879,36.537],[25.1885,36.5391],[25.1883,36.5411],[25.1873,36.5443],[25.1866,36.5453],[25.1866,36.5536],[25.1854,36.5609],[25.1863,36.563],[25.1943,36.5651],[25.2005,36.5652],[25.2016,36.5656],[25.2018,36.5661],[25.2008,36.5693],[25.2011,36.5703],[25.2004,36.5714],[25.2029,36.5891],[25.2027,36.5922],[25.2006,36.5995],[25.1969,36.6036],[25.1943,36.6045],[25.1859,36.6018],[25.1725,36.5932],[25.1698,36.5901],[25.1703,36.5878],[25.1682,36.5895],[25.1681,36.588],[25.1672,36.5871],[25.162,36.5854],[25.1609,36.5862],[25.1599,36.5862],[25.1595,36.5859],[25.1609,36.5849],[25.1589,36.5835],[25.1586,36.5839],[25.1593,36.5849],[25.1589,36.5855],[25.1557,36.5842],[25.1516,36.5842],[25.1484,36.5836],[25.1422,36.5851],[25.1297,36.5856],[25.1264,36.5849],[25.1256,36.5839],[25.1195,36.5807],[25.1161,36.5798],[25.1151,36.5785],[25.1099,36.5769],[25.1047,36.5761],[25.0984,36.5763],[25.0943,36.5758],[25.0901,36.5737],[25.0786,36.5722],[25.0755,36.5731],[25.0714,36.5732],[25.0682,36.5744],[25.0526,36.5751],[25.0505,36.5755],[25.0484,36.577],[25.0432,36.5782],[25.0422,36.5798],[25.0411,36.5791],[25.0359,36.5808],[25.0318,36.5808],[25.0286,36.5815],[25.0203,36.5786],[25.0141,36.5742],[25.0089,36.5737],[25.0005,36.5709],[25,36.5703],[25,36.0005],[25.0005,36],[25.9995,36],[26,36.0005]],[[25.5307,36.8076],[25.5296,36.8078],[25.5318,36.8103],[25.5323,36.8099],[25.5307,36.8076]],[[25.538,36.8076],[25.538,36.8079],[25.5387,36.8078],[25.538,36.8076]],[[25.5974,36.7493],[25.5964,36.7493],[25.5955,36.7505],[25.5964,36.7513],[25.5977,36.7505],[25.5974,36.7493]],[[25.563,36.6901],[25.5578,36.6901],[25.5561,36.6911],[25.5474,36.6933],[25.5443,36.6952],[25.5432,36.6946],[25.5422,36.6962],[25.5401,36.6975],[25.5399,36.6964],[25.5391,36.6958],[25.5346,36.6943],[25.5318,36.6926],[25.5286,36.6947],[25.5255,36.6958],[25.5182,36.6959],[25.5141,36.6947],[25.5127,36.6932],[25.512,36.6912],[25.5109,36.6915],[25.5099,36.6902],[25.5078,36.6914],[25.5047,36.6921],[25.4992,36.6964],[25.4997,36.6984],[25.5031,36.7047],[25.5043,36.7109],[25.5059,36.7151],[25.51,36.7203],[25.5141,36.7227],[25.5235,36.7255],[25.5307,36.7296],[25.5339,36.7306],[25.5349,36.7299],[25.538,36.7311],[25.5391,36.7322],[25.5432,36.7347],[25.5484,36.7355],[25.5498,36.7349],[25.5516,36.7328],[25.5547,36.7304],[25.5599,36.7275],[25.5641,36.7269],[25.5745,36.7287],[25.5755,36.7285],[25.576,36.7276],[25.5752,36.7245],[25.5755,36.7237],[25.5766,36.7248],[25.5756,36.7234],[25.5757,36.7203],[25.5767,36.7161],[25.577,36.712],[25.5766,36.7036],[25.5758,36.6984],[25.5724,36.6944],[25.5661,36.6911],[25.563,36.6901]],[[25.5141,36.6609],[25.5109,36.6606],[25.5093,36.662],[25.509,36.6641],[25.5095,36.6682],[25.5099,36.6693],[25.5109,36.6697],[25.513,36.6697],[25.5133,36.6693],[25.5136,36.6651],[25.5146,36.662],[25.5141,36.6609]],[[25.6286,36.5901],[25.6266,36.5903],[25.6245,36.5916],[25.6203,36.5924],[25.6193,36.5933],[25.6165,36.5943],[25.6167,36.5953],[25.6163,36.5964],[25.617,36.6005],[25.622,36.6047],[25.6245,36.6057],[25.6349,36.6078],[25.638,36.6076],[25.6392,36.6068],[25.6385,36.6057],[25.6387,36.6047],[25.6407,36.6026],[25.6387,36.5995],[25.6396,36.5974],[25.639,36.5953],[25.638,36.594],[25.6349,36.5925],[25.6328,36.5908],[25.6286,36.5901]],[[25.7057,36.5681],[25.7016,36.5678],[25.6997,36.5682],[25.7004,36.5724],[25.6995,36.5734],[25.6922,36.576],[25.6901,36.5761],[25.6888,36.5786],[25.6828,36.5838],[25.6829,36.5849],[25.6813,36.5859],[25.6807,36.5875],[25.6798,36.588],[25.6786,36.5897],[25.6755,36.5891],[25.6745,36.5914],[25.6714,36.5913],[25.6693,36.5935],[25.6682,36.5935],[25.6661,36.5975],[25.6641,36.5979],[25.6589,36.5972],[25.6578,36.5981],[25.6568,36.5975],[25.6516,36.597],[25.6505,36.5993],[25.6484,36.5992],[25.6432,36.6019],[25.6427,36.6026],[25.6443,36.6049],[25.6464,36.6059],[25.6484,36.6053],[25.6505,36.607],[25.652,36.6089],[25.6517,36.6099],[25.6522,36.6109],[25.6539,36.612],[25.6533,36.6151],[25.6547,36.6165],[25.6568,36.6176],[25.658,36.6193],[25.6582,36.6203],[25.6568,36.6257],[25.6558,36.6276],[25.6526,36.6295],[25.6503,36.6297],[25.6482,36.6307],[25.6464,36.6325],[25.6448,36.6359],[25.6432,36.6371],[25.6408,36.638],[25.6411,36.639],[25.6453,36.6401],[25.6568,36.6375],[25.662,36.6385],[25.6642,36.638],[25.6651,36.6369],[25.6682,36.6367],[25.6818,36.6403],[25.6859,36.6406],[25.6867,36.6401],[25.687,36.639],[25.688,36.6393],[25.6891,36.6386],[25.6901,36.6393],[25.6932,36.6378],[25.6943,36.6357],[25.6964,36.6341],[25.6989,36.6286],[25.7005,36.6273],[25.7026,36.6276],[25.7057,36.6262],[25.7109,36.6266],[25.7151,36.6254],[25.7193,36.6254],[25.7276,36.6241],[25.7297,36.6241],[25.7359,36.6264],[25.7464,36.6279],[25.7505,36.6288],[25.7536,36.6304],[25.7569,36.6307],[25.7573,36.6297],[25.7543,36.6245],[25.7516,36.623],[25.7453,36.6184],[25.7433,36.6161],[25.7429,36.612],[25.7401,36.6085],[25.7323,36.6036],[25.7297,36.6012],[25.7276,36.6005],[25.723,36.5974],[25.7203,36.5944],[25.7173,36.5922],[25.7174,36.5901],[25.7161,36.5872],[25.7122,36.5839],[25.7123,36.5797],[25.7139,36.5755],[25.7134,36.5734],[25.712,36.5717],[25.7107,36.5714],[25.7089,36.5696],[25.7057,36.5681]],[[25.4745,36.5066],[25.4714,36.5065],[25.4693,36.5073],[25.4622,36.512],[25.4599,36.5149],[25.4621,36.5172],[25.4651,36.524],[25.4672,36.5258],[25.4714,36.5281],[25.4724,36.5295],[25.4781,36.5318],[25.4776,36.5292],[25.4737,36.5255],[25.4736,36.5245],[25.4748,36.5214],[25.4775,36.5182],[25.4786,36.5182],[25.4801,36.5161],[25.4839,36.5135],[25.4849,36.5132],[25.487,36.5137],[25.4911,36.5155],[25.4972,36.5193],[25.4972,36.5214],[25.4955,36.5245],[25.4968,36.5266],[25.4966,36.5286],[25.4945,36.5307],[25.4901,36.5324],[25.4891,36.5344],[25.488,36.5349],[25.487,36.5343],[25.4849,36.5343],[25.4818,36.5331],[25.4807,36.5332],[25.4805,36.5339],[25.4828,36.5349],[25.487,36.5358],[25.488,36.5349],[25.4911,36.5362],[25.4919,36.537],[25.4917,36.538],[25.4932,36.5396],[25.4953,36.5397],[25.497,36.5411],[25.4984,36.5416],[25.5026,36.5418],[25.5039,36.5432],[25.5042,36.5484],[25.5057,36.5505],[25.5078,36.5515],[25.5124,36.5505],[25.5117,36.5484],[25.5053,36.5411],[25.5041,36.538],[25.5012,36.5328],[25.4989,36.5234],[25.4986,36.5193],[25.4953,36.5138],[25.4922,36.5106],[25.4891,36.5093],[25.4776,36.5076],[25.4745,36.5066]],[[25.1099,36.472],[25.1089,36.4716],[25.0995,36.4722],[25.098,36.4734],[25.0981,36.4745],[25.0974,36.4766],[25.1047,36.4786],[25.1109,36.4793],[25.113,36.4789],[25.113,36.4765],[25.112,36.4733],[25.1099,36.472]],[[25.1974,36.4546],[25.1953,36.4537],[25.1938,36.4547],[25.1931,36.4568],[25.1942,36.4589],[25.1959,36.4599],[25.1974,36.4601],[25.2016,36.4589],[25.2016,36.4578],[25.2008,36.4568],[25.1974,36.4546]],[[25.1328,36.4453],[25.1307,36.4447],[25.1255,36.4451],[25.1245,36.4457],[25.1193,36.4457],[25.1141,36.4446],[25.113,36.4449],[25.1089,36.4444],[25.1068,36.4446],[25.1047,36.4456],[25.1023,36.4484],[25.1023,36.4505],[25.0995,36.4515],[25.0982,36.4526],[25.0971,36.4547],[25.097,36.4557],[25.0978,36.4568],[25.1005,36.4596],[25.1021,36.4599],[25.097,36.4609],[25.0984,36.4651],[25.0984,36.4673],[25.0995,36.4688],[25.1036,36.4701],[25.1068,36.4698],[25.1078,36.4704],[25.1089,36.4699],[25.1109,36.4697],[25.112,36.4687],[25.1125,36.4672],[25.1141,36.4659],[25.1191,36.4641],[25.1222,36.462],[25.1232,36.4599],[25.1245,36.4589],[25.1332,36.4547],[25.135,36.4526],[25.1356,36.4495],[25.1339,36.4461],[25.1328,36.4453]],[[25.8016,36.4244],[25.8026,36.4257],[25.8026,36.4252],[25.8016,36.4244]],[[25.8047,36.4237],[25.8044,36.4245],[25.8047,36.4249],[25.8051,36.4245],[25.8047,36.4237]],[[25.3484,36.3386],[25.3484,36.3395],[25.3492,36.3391],[25.3484,36.3386]],[[25.5245,36.2587],[25.5203,36.2585],[25.5187,36.2589],[25.5175,36.2599],[25.5172,36.2609],[25.5179,36.2641],[25.5193,36.2657],[25.5207,36.2661],[25.5201,36.2672],[25.5203,36.2675],[25.5245,36.2709],[25.5276,36.2715],[25.5318,36.2745],[25.5328,36.2745],[25.5349,36.2776],[25.5422,36.2813],[25.5443,36.2835],[25.5474,36.2846],[25.5516,36.2836],[25.5519,36.2849],[25.5528,36.2859],[25.5557,36.287],[25.5562,36.288],[25.5578,36.2889],[25.562,36.2902],[25.5682,36.2912],[25.5714,36.2929],[25.5755,36.293],[25.5783,36.2922],[25.5799,36.2911],[25.578,36.2891],[25.5802,36.287],[25.5804,36.2859],[25.5794,36.2839],[25.577,36.2818],[25.5693,36.2793],[25.5557,36.2782],[25.555,36.2766],[25.5517,36.2734],[25.5474,36.271],[25.5442,36.2682],[25.5437,36.2672],[25.5411,36.2668],[25.5401,36.266],[25.5391,36.266],[25.5359,36.2647],[25.5277,36.2599],[25.5245,36.2587]],[[25.7536,36.2419],[25.7516,36.2418],[25.7495,36.2434],[25.7422,36.2592],[25.7404,36.2609],[25.7357,36.2641],[25.73,36.2734],[25.7214,36.2817],[25.714,36.2911],[25.7103,36.2943],[25.7047,36.2961],[25.6922,36.2976],[25.6818,36.302],[25.6766,36.3034],[25.6661,36.3033],[25.6578,36.3005],[25.6557,36.3007],[25.6536,36.3023],[25.6532,36.3036],[25.6536,36.3054],[25.6547,36.3071],[25.6574,36.3099],[25.6586,36.3141],[25.6572,36.3193],[25.653,36.3266],[25.6522,36.3307],[25.6536,36.3334],[25.6589,36.3388],[25.6603,36.3411],[25.6623,36.3453],[25.6633,36.3495],[25.6646,36.3516],[25.6646,36.3547],[25.6655,36.3609],[25.6636,36.3641],[25.663,36.3664],[25.6651,36.3685],[25.6672,36.3693],[25.6693,36.3694],[25.6714,36.3722],[25.6766,36.3724],[25.6776,36.372],[25.6797,36.3727],[25.6822,36.3745],[25.6953,36.3814],[25.6974,36.382],[25.6995,36.3821],[25.7005,36.3798],[25.7036,36.3793],[25.7068,36.3794],[25.7089,36.3804],[25.7099,36.38],[25.712,36.3812],[25.713,36.3799],[25.7141,36.3798],[25.7214,36.3849],[25.7245,36.388],[25.7328,36.3926],[25.7345,36.3943],[25.7349,36.3954],[25.7384,36.3984],[25.7495,36.4041],[25.7547,36.4086],[25.7558,36.4099],[25.7559,36.4109],[25.7609,36.4134],[25.7651,36.4143],[25.7672,36.4137],[25.7703,36.4143],[25.7724,36.4154],[25.7724,36.4145],[25.7715,36.413],[25.7724,36.4128],[25.7745,36.4143],[25.775,36.4141],[25.7755,36.4126],[25.7766,36.4137],[25.7797,36.4138],[25.7839,36.4157],[25.7849,36.4146],[25.7859,36.4159],[25.7871,36.4161],[25.7875,36.4172],[25.7891,36.4174],[25.7901,36.4185],[25.7901,36.4154],[25.7922,36.4168],[25.7932,36.4166],[25.7953,36.4184],[25.7956,36.4182],[25.7947,36.4172],[25.7952,36.4161],[25.7964,36.4167],[25.7974,36.4164],[25.7981,36.4182],[25.8016,36.423],[25.8022,36.4224],[25.801,36.4203],[25.8016,36.4196],[25.8036,36.4202],[25.8065,36.4224],[25.8059,36.4234],[25.8068,36.4245],[25.8073,36.4245],[25.8064,36.4255],[25.8078,36.4266],[25.8059,36.4286],[25.8089,36.431],[25.8102,36.4328],[25.812,36.4336],[25.8141,36.4336],[25.8182,36.4317],[25.8203,36.4311],[25.8214,36.4313],[25.8245,36.4287],[25.838,36.4203],[25.8474,36.4157],[25.8495,36.4139],[25.8536,36.4089],[25.8557,36.4071],[25.8635,36.4036],[25.8669,36.4016],[25.8744,36.3953],[25.8798,36.3901],[25.8879,36.3797],[25.8914,36.3724],[25.8995,36.3484],[25.9003,36.3422],[25.9001,36.3339],[25.8993,36.3297],[25.897,36.3255],[25.8901,36.3175],[25.8874,36.313],[25.8828,36.3036],[25.8823,36.3016],[25.8825,36.2995],[25.8846,36.2974],[25.8901,36.2955],[25.8964,36.2958],[25.8974,36.2967],[25.8984,36.2961],[25.8995,36.297],[25.9016,36.2975],[25.9026,36.297],[25.9036,36.2979],[25.9068,36.298],[25.9109,36.2974],[25.9151,36.2953],[25.9151,36.2942],[25.9161,36.2946],[25.9166,36.2943],[25.9164,36.2932],[25.9169,36.2922],[25.9193,36.2917],[25.9207,36.2901],[25.921,36.2891],[25.9223,36.288],[25.9222,36.287],[25.9239,36.2859],[25.9283,36.2786],[25.9292,36.2734],[25.9285,36.2693],[25.9247,36.2609],[25.924,36.2568],[25.9228,36.2536],[25.9205,36.2516],[25.9172,36.2517],[25.9161,36.2508],[25.913,36.2501],[25.9089,36.2496],[25.9057,36.25],[25.9036,36.2511],[25.8995,36.2522],[25.8986,36.2526],[25.8983,36.2536],[25.8953,36.2547],[25.8943,36.2544],[25.8932,36.2549],[25.8922,36.2544],[25.887,36.2558],[25.8724,36.2566],[25.8703,36.2576],[25.8682,36.2573],[25.8664,36.2589],[25.8658,36.2609],[25.863,36.2634],[25.8589,36.2615],[25.8568,36.2613],[25.8536,36.2594],[25.851,36.2568],[25.8495,36.2542],[25.8484,36.2553],[25.8479,36.2547],[25.8484,36.2536],[25.8474,36.253],[25.8464,36.2514],[25.8453,36.2515],[25.8443,36.2504],[25.8414,36.2453],[25.8401,36.2438],[25.8391,36.2435],[25.8339,36.2436],[25.8328,36.2443],[25.8324,36.2474],[25.8311,36.2495],[25.831,36.2536],[25.8303,36.2547],[25.8286,36.255],[25.8274,36.2547],[25.8234,36.2513],[25.8214,36.2489],[25.8203,36.2485],[25.8151,36.249],[25.8109,36.251],[25.8089,36.2512],[25.8078,36.2519],[25.8068,36.2517],[25.805,36.2526],[25.8047,36.2537],[25.8016,36.2535],[25.8005,36.2527],[25.7995,36.2531],[25.7974,36.2522],[25.7964,36.2525],[25.7932,36.2518],[25.788,36.2529],[25.787,36.2524],[25.7828,36.2524],[25.7714,36.2511],[25.7672,36.2501],[25.7641,36.2487],[25.7557,36.2429],[25.7536,36.2419]],[[25.212,36.2088],[25.2099,36.2086],[25.2078,36.2107],[25.2036,36.2115],[25.1943,36.2106],[25.1891,36.2118],[25.1818,36.2164],[25.1786,36.2175],[25.1766,36.2193],[25.1743,36.2203],[25.1744,36.2214],[25.1739,36.2224],[25.1714,36.224],[25.171,36.2245],[25.1715,36.2255],[25.1711,36.2266],[25.1693,36.228],[25.1685,36.2307],[25.1682,36.2401],[25.1672,36.2436],[25.1675,36.2474],[25.1693,36.2526],[25.1724,36.2578],[25.1755,36.2651],[25.18,36.2703],[25.1849,36.2724],[25.187,36.2756],[25.1891,36.2759],[25.1912,36.2776],[25.1943,36.2792],[25.2005,36.284],[25.2026,36.2849],[25.2078,36.286],[25.213,36.2846],[25.2145,36.2839],[25.2151,36.2828],[25.2156,36.2818],[25.2152,36.2786],[25.2145,36.2766],[25.213,36.2745],[25.2121,36.2714],[25.2122,36.2703],[25.2141,36.2682],[25.2155,36.2651],[25.2172,36.2628],[25.2182,36.2621],[25.2193,36.262],[25.2204,36.2599],[25.2198,36.2589],[25.2201,36.2578],[25.2245,36.2569],[25.2276,36.2571],[25.2283,36.2568],[25.2286,36.2557],[25.2322,36.2536],[25.2334,36.2516],[25.2334,36.2484],[25.2355,36.2464],[25.234,36.2453],[25.2334,36.2443],[25.2334,36.2422],[25.2345,36.2391],[25.2401,36.2357],[25.2425,36.2328],[25.2426,36.2318],[25.2389,36.2224],[25.238,36.2182],[25.2359,36.2151],[25.2339,36.2138],[25.2318,36.214],[25.2297,36.2132],[25.2257,36.2099],[25.2245,36.2095],[25.2224,36.2095],[25.2203,36.2114],[25.2172,36.2115],[25.2141,36.2094],[25.212,36.2088]],[[25.2703,36.1077],[25.2682,36.108],[25.2672,36.1091],[25.2668,36.1109],[25.2672,36.112],[25.2682,36.1128],[25.2703,36.1127],[25.2724,36.1109],[25.2726,36.1099],[25.2721,36.1089],[25.2703,36.1077]]]]}},{"type":"Feature","properties":{"depth":200,"kind":"isobath"},"geometry":{"type":"MultiLineString","coordinates":[[[25.7239,36.8526],[25.7234,36.8535],[25.7224,36.853],[25.7224,36.8517]],[[25.7161,36.8505],[25.7149,36.8505],[25.7151,36.8501]],[[25.7183,36.8484],[25.7185,36.8505],[25.7204,36.8526],[25.7203,36.8533],[25.7193,36.8541],[25.7166,36.8516],[25.7158,36.8495],[25.7161,36.8489],[25.7182,36.8481]],[[25.7216,36.8474],[25.7216,36.8495],[25.7225,36.8505],[25.7223,36.8516],[25.7214,36.8517],[25.721,36.8505],[25.7199,36.8495],[25.7203,36.8474]],[[25.7092,36.8453],[25.7093,36.8474],[25.7089,36.8481],[25.7078,36.8478],[25.7075,36.8464],[25.7078,36.8453],[25.7089,36.845]],[[25.7318,36.9995],[25.7298,36.9932],[25.7292,36.9859],[25.7285,36.9828],[25.7222,36.9714],[25.7184,36.9589],[25.718,36.9547],[25.7184,36.9495],[25.7224,36.9359],[25.7233,36.9307],[25.719,36.9151],[25.7145,36.9078],[25.7129,36.9026],[25.7133,36.9005],[25.7168,36.8932],[25.719,36.887],[25.7201,36.8818],[25.7216,36.8776],[25.723,36.8703],[25.7264,36.8641],[25.726,36.8609],[25.7251,36.8599],[25.7254,36.8589],[25.7245,36.8585],[25.7234,36.8571],[25.7224,36.8568],[25.7228,36.8557],[25.7224,36.8552],[25.7214,36.856],[25.721,36.8557],[25.7205,36.8536],[25.7214,36.8534],[25.7224,36.8542],[25.7255,36.8533],[25.7263,36.8526],[25.7231,36.8495],[25.7234,36.8475],[25.7255,36.8473],[25.728,36.8464],[25.7297,36.8448],[25.7307,36.8446],[25.7328,36.8463],[25.7386,36.8536],[25.7411,36.8557],[25.7453,36.8572],[25.7505,36.8577],[25.7536,36.8574],[25.757,36.8557],[25.7587,36.8536],[25.7605,36.8474],[25.7602,36.8453],[25.762,36.8444],[25.7683,36.8443],[25.7703,36.8457],[25.7773,36.8557],[25.7807,36.8589],[25.8047,36.8737],[25.8146,36.8807],[25.8214,36.8869],[25.8245,36.8889],[25.8297,36.8897],[25.8397,36.888],[25.8413,36.887],[25.8441,36.8839],[25.8478,36.8776],[25.8505,36.876],[25.8536,36.8765],[25.8595,36.8786],[25.8606,36.8797],[25.8593,36.8828],[25.8542,36.8891],[25.8538,36.8911],[25.8543,36.8932],[25.8595,36.8984],[25.8672,36.9035],[25.8724,36.9052],[25.8745,36.9053],[25.8807,36.9071],[25.8818,36.9068],[25.8828,36.907],[25.887,36.9093],[25.8918,36.9109],[25.9036,36.9118],[25.9078,36.9131],[25.913,36.9138],[25.9214,36.9128],[25.9224,36.9133],[25.9234,36.9157],[25.9255,36.9175],[25.9297,36.9198],[25.9359,36.9219],[25.937,36.9229],[25.9391,36.9236],[25.9401,36.9234],[25.942,36.9245],[25.9453,36.9288],[25.9495,36.9319],[25.9516,36.9328],[25.9578,36.9396],[25.9651,36.9439],[25.9682,36.9451],[25.9766,36.9463],[25.9818,36.9459],[25.9839,36.9463],[25.9847,36.9474],[25.9859,36.9475],[25.987,36.9484],[25.9901,36.9489],[25.9984,36.949]],[[25.707,36.8339],[25.7063,36.8339],[25.7068,36.8333]],[[25.704,36.8224],[25.7036,36.8228],[25.7036,36.8222]],[[25.5421,36.8089],[25.5411,36.8092],[25.5406,36.8089],[25.5411,36.8085]],[[25.7061,36.8078],[25.7057,36.8081],[25.7048,36.8078],[25.7057,36.8072]],[[25.0005,36.6464],[25.0057,36.646],[25.0068,36.6454],[25.0089,36.6464],[25.0109,36.648],[25.012,36.647],[25.0132,36.6474],[25.0126,36.6484],[25.013,36.6486],[25.0138,36.6484],[25.0151,36.6469],[25.0161,36.6474],[25.0193,36.6476],[25.0214,36.6488],[25.0286,36.6493],[25.0318,36.6502],[25.037,36.6507],[25.0443,36.6524],[25.0453,36.6537],[25.0474,36.6546],[25.0491,36.6568],[25.0505,36.6601],[25.0509,36.662],[25.0503,36.663],[25.0516,36.6651],[25.0517,36.6766],[25.0514,36.6776],[25.0521,36.6859],[25.0547,36.6911],[25.0584,36.6953],[25.0676,36.7036],[25.0786,36.7102],[25.0807,36.7109],[25.0818,36.7121],[25.0943,36.7176],[25.097,36.7182],[25.1064,36.7234],[25.1234,36.7388],[25.1349,36.7472],[25.1433,36.7526],[25.163,36.7685],[25.1682,36.772],[25.1714,36.7758],[25.1721,36.7786],[25.1718,36.7828],[25.1712,36.7849],[25.1667,36.7922],[25.163,36.7964],[25.1619,36.7964],[25.1603,36.7984],[25.1599,36.7997],[25.1574,36.8016],[25.157,36.8026],[25.1584,36.8036],[25.1552,36.8089],[25.1513,36.8141],[25.1495,36.8149],[25.1469,36.8182],[25.1465,36.8203],[25.1443,36.8224],[25.1432,36.8249],[25.1417,36.8255],[25.1401,36.8276],[25.1391,36.8282],[25.1339,36.8352],[25.1307,36.8377],[25.1296,36.838],[25.1286,36.8396],[25.1214,36.8432],[25.1078,36.8484],[25.1068,36.8507],[25.1057,36.8504],[25.1047,36.8509],[25.1016,36.854],[25.0995,36.8547],[25.0974,36.8566],[25.0943,36.8583],[25.0911,36.8594],[25.0859,36.8622],[25.0797,36.8639],[25.0724,36.8671],[25.0703,36.8671],[25.0693,36.8677],[25.063,36.8687],[25.0536,36.8719],[25.0464,36.8721],[25.0391,36.8733],[25.0359,36.8743],[25.0339,36.8757],[25.0266,36.8758],[25.0224,36.8769],[25.012,36.877],[25.0089,36.8777],[25.0016,36.8773]],[[25.6566,36.6016],[25.6557,36.603],[25.6536,36.6042],[25.6516,36.6044],[25.6495,36.6039],[25.6484,36.6026],[25.6495,36.6018],[25.6505,36.603],[25.6508,36.6026],[25.6536,36.6019],[25.6547,36.601],[25.6557,36.6009]],[[25.6524,36.5995],[25.6516,36.5999],[25.6507,36.5995],[25.6516,36.5992]],[[25.6591,36.5984],[25.6589,36.5987],[25.6583,36.5984],[25.6589,36.5976]],[[25.1623,36.587],[25.162,36.5874],[25.1615,36.587],[25.162,36.5865]],[[25.7066,36.5839],[25.7077,36.5849],[25.7072,36.5859],[25.6999,36.5849],[25.7036,36.5832],[25.7057,36.5833]],[[25.2205,36.5005],[25.2203,36.5011],[25.22,36.5005]],[[25.1098,36.4609],[25.1088,36.462],[25.1078,36.4622],[25.1057,36.4621],[25.1039,36.4609]],[[25.1116,36.4609],[25.1109,36.4614],[25.11,36.4609],[25.1109,36.4606]],[[25.1154,36.4609],[25.1151,36.4613],[25.1149,36.4609]],[[25.1061,36.4516],[25.1057,36.4519],[25.1054,36.4516],[25.1057,36.4512]],[[25.8082,36.4276],[25.8078,36.4279],[25.8072,36.4276],[25.8078,36.4268]],[[25.807,36.4214],[25.8068,36.4221],[25.8064,36.4214]],[[25.7862,36.4141],[25.7859,36.4145],[25.7854,36.4141]],[[25.7844,36.413],[25.7839,36.4137],[25.7835,36.413],[25.7839,36.4127]],[[25.4068,36.3661],[25.4089,36.3672],[25.4109,36.3701],[25.413,36.3714],[25.4141,36.3755],[25.4203,36.3809],[25.4245,36.387],[25.429,36.3922],[25.4293,36.3932],[25.4289,36.3953],[25.4274,36.3964],[25.426,36.3995],[25.4244,36.4005],[25.4243,36.4026],[25.4234,36.4036],[25.4224,36.4076],[25.4203,36.4086],[25.4199,36.4078],[25.4194,36.4057],[25.4197,36.4047],[25.4212,36.4036],[25.4195,36.4016],[25.4194,36.4005],[25.4187,36.4005],[25.4199,36.4026],[25.4189,36.4036],[25.4192,36.4047],[25.4182,36.4054],[25.4161,36.4057],[25.4151,36.4044],[25.4141,36.4044],[25.4131,36.4036],[25.4119,36.4016],[25.4088,36.4005],[25.4088,36.3974],[25.4076,36.3953],[25.4016,36.3926],[25.4005,36.3931],[25.3984,36.3919],[25.3957,36.3911],[25.3957,36.3901],[25.394,36.388],[25.3911,36.3866],[25.3891,36.3866],[25.3842,36.3891],[25.3818,36.3891],[25.3776,36.3906],[25.3714,36.3913],[25.3703,36.3922],[25.3704,36.3943],[25.3693,36.3984],[25.3693,36.4005],[25.372,36.4057],[25.3733,36.4068],[25.3745,36.406],[25.3755,36.407],[25.3786,36.4071],[25.3807,36.4081],[25.3839,36.4116],[25.3858,36.4161],[25.387,36.4172],[25.3901,36.4177],[25.3911,36.4183],[25.3932,36.4179],[25.3943,36.4182],[25.3943,36.4196],[25.3974,36.4186],[25.3985,36.4193],[25.3986,36.4203],[25.3995,36.4208],[25.4004,36.4203],[25.4001,36.4193],[25.4005,36.4176],[25.4019,36.4193],[25.403,36.4234],[25.4041,36.4234],[25.4062,36.4203],[25.4061,36.4172],[25.4068,36.415],[25.4089,36.415],[25.4099,36.4155],[25.4109,36.4135],[25.413,36.4149],[25.4193,36.4165],[25.4224,36.4151],[25.4234,36.4158],[25.4228,36.4203],[25.4234,36.4226],[25.4224,36.4239],[25.4193,36.4261],[25.4182,36.4263],[25.4169,36.4276],[25.4141,36.4276],[25.413,36.4286],[25.413,36.4301],[25.4119,36.4318],[25.4121,36.4339],[25.4183,36.4411],[25.4181,36.4422],[25.4167,36.4432],[25.413,36.4502],[25.4103,36.4526],[25.4098,36.4536],[25.4068,36.4554],[25.4036,36.4563],[25.3974,36.4557],[25.3932,36.457],[25.388,36.456],[25.3797,36.4578],[25.3766,36.4573],[25.3724,36.4557],[25.3682,36.4585],[25.367,36.4599],[25.3639,36.4682],[25.363,36.4723],[25.3619,36.4734],[25.3625,36.4755],[25.3612,36.4797],[25.362,36.4813],[25.3661,36.4838],[25.3672,36.4856],[25.3673,36.487],[25.3646,36.4891],[25.3641,36.4902],[25.362,36.4906],[25.3589,36.4902],[25.3526,36.4907],[25.3505,36.4896],[25.3495,36.4879],[25.3464,36.4868],[25.3443,36.4849],[25.3422,36.4838],[25.3401,36.4807],[25.3383,36.4797],[25.337,36.4776],[25.3382,36.4766],[25.3391,36.4744],[25.3443,36.4738],[25.3495,36.4682],[25.3508,36.4661],[25.3507,36.4641],[25.3529,36.4609],[25.3526,36.4589],[25.3532,36.4557],[25.3543,36.4547],[25.3544,36.4536],[25.3568,36.4522],[25.3578,36.4506],[25.3602,36.4484],[25.3594,36.4464],[25.3605,36.4443],[25.3614,36.4401],[25.361,36.438],[25.3568,36.4349],[25.3536,36.4354],[25.3528,36.4349],[25.3516,36.4341],[25.351,36.4328],[25.3497,36.4318],[25.3502,36.4307],[25.3525,36.4297],[25.3517,36.4286],[25.3525,36.4276],[25.3524,36.4245],[25.3537,36.4224],[25.3524,36.4182],[25.3554,36.4141],[25.3557,36.4128],[25.3579,36.4109],[25.3583,36.4089],[25.3536,36.4068],[25.3516,36.4074],[25.3505,36.4085],[25.3479,36.4089],[25.3453,36.4105],[25.3432,36.4105],[25.3412,36.412],[25.337,36.4126],[25.3339,36.4145],[25.3328,36.4147],[25.3286,36.4136],[25.3275,36.413],[25.3266,36.4109],[25.3276,36.4026],[25.3257,36.3974],[25.326,36.3964],[25.3272,36.3943],[25.3307,36.3918],[25.3328,36.3925],[25.3339,36.3935],[25.337,36.3934],[25.337,36.3922],[25.3353,36.3901],[25.3354,36.3891],[25.337,36.3863],[25.3391,36.3851],[25.3411,36.3865],[25.3443,36.3877],[25.3484,36.3881],[25.3505,36.3901],[25.3516,36.3901],[25.3543,36.388],[25.3547,36.3858],[25.3568,36.3852],[25.3589,36.3857],[25.363,36.3854],[25.3656,36.3859],[25.366,36.3849],[25.362,36.3818],[25.3578,36.3828],[25.3568,36.3844],[25.3563,36.3828],[25.3535,36.3818],[25.3532,36.3807],[25.3535,36.3786],[25.3526,36.3755],[25.3547,36.3752],[25.3557,36.3745],[25.3557,36.3734],[25.3565,36.3724],[25.3589,36.3713],[25.3609,36.3713],[25.3633,36.3703],[25.3644,36.3703],[25.3659,36.3714],[25.3661,36.3735],[25.3662,36.3714],[25.3657,36.3703],[25.3724,36.3685],[25.3741,36.3703],[25.3733,36.3714],[25.3737,36.3724],[25.3745,36.3733],[25.3755,36.3736],[25.3765,36.3734],[25.3768,36.3724],[25.3776,36.3718],[25.3797,36.3717],[25.3818,36.3701],[25.3859,36.3701],[25.387,36.3713],[25.388,36.3713],[25.3901,36.3696],[25.3953,36.3677],[25.4016,36.3662],[25.4057,36.3657]],[[25.4018,36.3266],[25.4016,36.327],[25.3996,36.3266],[25.4005,36.3259],[25.4016,36.3259]],[[25.8502,36.2557],[25.8495,36.2568],[25.8491,36.2557],[25.8495,36.2552]],[[25.9992,36.2484],[25.9969,36.2495],[25.9964,36.2509],[25.9953,36.2501],[25.9932,36.2508],[25.9891,36.2535],[25.987,36.2541],[25.9859,36.255],[25.9818,36.2561],[25.9734,36.257],[25.9711,36.2578],[25.9701,36.2599],[25.9697,36.263],[25.9704,36.2661],[25.9716,36.2682],[25.9745,36.2702],[25.9807,36.2722],[25.9849,36.2746],[25.9913,36.2807],[25.9951,36.287]],[[25.9995,36.8771],[25.9943,36.8762],[25.9936,36.8755],[25.9935,36.8745],[25.9924,36.8734],[25.988,36.8721],[25.9842,36.8693],[25.9818,36.8691],[25.9776,36.8695],[25.9755,36.8686],[25.9734,36.8662],[25.9682,36.8624],[25.9663,36.8589],[25.9568,36.8502],[25.9557,36.8498],[25.9484,36.8502],[25.9453,36.8482],[25.9391,36.8453],[25.9316,36.8359],[25.9266,36.8319],[25.9245,36.8291],[25.9203,36.8264],[25.9181,36.8255],[25.9197,36.8172],[25.9189,36.8161],[25.9182,36.8137],[25.9078,36.8059],[25.9036,36.8043],[25.9016,36.8041],[25.9005,36.8014],[25.8984,36.8015],[25.8964,36.8001],[25.8943,36.7994],[25.891,36.7964],[25.8902,36.7943],[25.8891,36.7931],[25.8849,36.7902],[25.8797,36.7858],[25.8766,36.7841],[25.8714,36.7803],[25.8677,36.7797],[25.8661,36.7789],[25.8653,36.7776],[25.8651,36.7748],[25.8568,36.7682],[25.8516,36.7657],[25.8474,36.7654],[25.8422,36.766],[25.8297,36.7637],[25.8276,36.7664],[25.8266,36.767],[25.8245,36.7652],[25.8224,36.7647],[25.8193,36.7618],[25.8068,36.7575],[25.788,36.7558],[25.7693,36.7577],[25.7625,36.7599],[25.7615,36.7609],[25.7557,36.7619],[25.7505,36.7641],[25.7464,36.765],[25.7449,36.7661],[25.7409,36.7714],[25.7359,36.776],[25.7316,36.7776],[25.7244,36.7839],[25.7203,36.7885],[25.7161,36.7923],[25.7151,36.7927],[25.7141,36.792],[25.7135,36.7922],[25.7129,36.7932],[25.7133,36.7943],[25.713,36.7973],[25.7121,36.7984],[25.7109,36.7985],[25.7099,36.7997],[25.7084,36.8036],[25.7068,36.8055],[25.7057,36.8058],[25.7046,36.8078],[25.7049,36.8089],[25.7039,36.8109],[25.7041,36.8141],[25.7033,36.8151],[25.7042,36.8161],[25.7023,36.8182],[25.7023,36.8203],[25.7008,36.8214],[25.6953,36.8196],[25.6943,36.8178],[25.6932,36.8187],[25.6922,36.8177],[25.6901,36.8186],[25.687,36.8189],[25.6859,36.8196],[25.6849,36.819],[25.6839,36.8196],[25.6828,36.8188],[25.6821,36.8193],[25.6818,36.8201],[25.6797,36.8197],[25.6786,36.8204],[25.6776,36.8197],[25.6724,36.8197],[25.6661,36.8245],[25.6651,36.8247],[25.663,36.8242],[25.662,36.8248],[25.6599,36.8247],[25.6526,36.8298],[25.6464,36.8293],[25.6443,36.8304],[25.6432,36.8304],[25.6401,36.8314],[25.6359,36.8313],[25.6349,36.8323],[25.6339,36.8319],[25.6328,36.8329],[25.6318,36.8327],[25.6307,36.8332],[25.6297,36.8325],[25.6297,36.8339],[25.6286,36.8357],[25.6276,36.835],[25.6255,36.8358],[25.6224,36.8347],[25.6203,36.8352],[25.6172,36.8348],[25.6149,36.8339],[25.6141,36.8323],[25.613,36.8332],[25.612,36.8331],[25.6099,36.835],[25.6057,36.8348],[25.6036,36.8353],[25.6026,36.8344],[25.6005,36.8347],[25.5995,36.8337],[25.5974,36.8342],[25.5943,36.8331],[25.5932,36.8335],[25.588,36.8314],[25.5849,36.8311],[25.5818,36.8317],[25.5807,36.8328],[25.5786,36.8318],[25.5693,36.8306],[25.5651,36.8291],[25.5638,36.8297],[25.5599,36.828],[25.5589,36.828],[25.5536,36.8243],[25.5526,36.8252],[25.5516,36.8245],[25.5521,36.8224],[25.5516,36.8203],[25.5492,36.8172],[25.5486,36.8151],[25.5453,36.8109],[25.5443,36.8105],[25.5422,36.8085],[25.5421,36.8078],[25.5411,36.8073],[25.5397,36.8089],[25.5401,36.8108],[25.5414,36.8109],[25.5391,36.811],[25.538,36.8105],[25.537,36.8112],[25.5339,36.8101],[25.5329,36.8109],[25.5335,36.812],[25.5328,36.8124],[25.5297,36.8113],[25.5286,36.8103],[25.5276,36.8107],[25.5266,36.81],[25.5203,36.8091],[25.5172,36.8093],[25.5151,36.8089],[25.512,36.8075],[25.5078,36.8064],[25.5026,36.8036],[25.4995,36.8011],[25.4974,36.8017],[25.4964,36.8011],[25.4943,36.8015],[25.4932,36.8008],[25.4901,36.801],[25.4883,36.7995],[25.486,36.7964],[25.4863,36.7943],[25.4848,36.7932],[25.4849,36.7908],[25.4839,36.7908],[25.4818,36.7886],[25.4807,36.789],[25.4786,36.7889],[25.4731,36.7849],[25.4722,36.7839],[25.4714,36.7812],[25.4658,36.7745],[25.4651,36.7724],[25.4641,36.7713],[25.4635,36.7693],[25.4642,36.7661],[25.4636,36.762],[25.4645,36.7578],[25.4643,36.7557],[25.4658,36.7474],[25.4654,36.7464],[25.4663,36.7453],[25.4667,36.7411],[25.4661,36.7391],[25.4665,36.738],[25.4657,36.7339],[25.4638,36.7297],[25.4631,36.7255],[25.4611,36.7234],[25.4611,36.7224],[25.4625,36.7193],[25.4626,36.7151],[25.4631,36.7141],[25.4624,36.712],[25.4632,36.7109],[25.4635,36.7068],[25.4641,36.7056],[25.4661,36.7047],[25.4692,36.7016],[25.4693,36.7005],[25.4714,36.6972],[25.4734,36.6961],[25.4739,36.6953],[25.4738,36.6922],[25.4722,36.6901],[25.4724,36.6878],[25.4694,36.687],[25.4683,36.6859],[25.4671,36.6828],[25.4661,36.6816],[25.4644,36.6807],[25.4641,36.6797],[25.4614,36.6797],[25.4629,36.6786],[25.4625,36.6776],[25.4631,36.6745],[25.4627,36.6734],[25.4635,36.6693],[25.4629,36.6672],[25.4628,36.6641],[25.4603,36.6557],[25.4615,36.6495],[25.4606,36.6464],[25.4607,36.6411],[25.4595,36.637],[25.4568,36.6339],[25.4557,36.6338],[25.4536,36.6324],[25.4516,36.6325],[25.4505,36.6342],[25.4464,36.6381],[25.4422,36.6411],[25.4391,36.6446],[25.4372,36.6474],[25.4339,36.6493],[25.4328,36.6494],[25.4286,36.6483],[25.4255,36.6467],[25.4172,36.6412],[25.412,36.6362],[25.4099,36.6349],[25.4068,36.634],[25.3953,36.6344],[25.3901,36.6331],[25.387,36.6312],[25.3826,36.6266],[25.381,36.6224],[25.378,36.6182],[25.3734,36.6143],[25.3703,36.6125],[25.3693,36.6124],[25.3672,36.6108],[25.3651,36.6102],[25.3641,36.6105],[25.3589,36.6091],[25.3587,36.6078],[25.3538,36.6016],[25.3514,36.5953],[25.3506,36.5901],[25.3498,36.5891],[25.3498,36.587],[25.3492,36.5859],[25.3491,36.5849],[25.3501,36.5828],[25.3481,36.5776],[25.349,36.5755],[25.349,36.5714],[25.3481,36.5682],[25.3422,36.56],[25.3391,36.5597],[25.3377,36.5589],[25.337,36.5565],[25.3353,36.5547],[25.3328,36.5504],[25.3276,36.5481],[25.3266,36.5448],[25.3245,36.5426],[25.3203,36.5394],[25.317,36.538],[25.316,36.537],[25.3167,36.5349],[25.3188,36.5328],[25.3189,36.5318],[25.3174,36.5286],[25.3158,36.5276],[25.3161,36.5258],[25.3167,36.5255],[25.3158,36.5214],[25.3182,36.5193],[25.3193,36.5192],[25.3203,36.5183],[25.3224,36.519],[25.3245,36.5177],[25.3273,36.5172],[25.3299,36.5141],[25.3339,36.5127],[25.3354,36.5109],[25.335,36.5099],[25.3359,36.5093],[25.337,36.5099],[25.3391,36.5088],[25.3401,36.5088],[25.3464,36.5104],[25.3482,36.5099],[25.3478,36.5089],[25.3495,36.508],[25.3516,36.5084],[25.3557,36.508],[25.3589,36.5089],[25.363,36.5091],[25.3682,36.5086],[25.3745,36.5072],[25.3786,36.5071],[25.3818,36.5048],[25.3822,36.5036],[25.3817,36.5026],[25.3839,36.5009],[25.3911,36.5016],[25.3926,36.4995],[25.3926,36.4974],[25.3974,36.4953],[25.3995,36.495],[25.4016,36.4936],[25.4057,36.4928],[25.4068,36.493],[25.4089,36.4946],[25.4109,36.4947],[25.4141,36.4934],[25.4151,36.4915],[25.4182,36.4898],[25.4409,36.4839],[25.4422,36.4818],[25.4444,36.4797],[25.4438,36.4786],[25.4441,36.4766],[25.4505,36.4694],[25.4526,36.4681],[25.4536,36.4664],[25.4556,36.4651],[25.4561,36.4641],[25.4583,36.462],[25.4639,36.4599],[25.4647,36.4589],[25.4661,36.4584],[25.4672,36.4573],[25.4693,36.4564],[25.4703,36.4565],[25.4729,36.4557],[25.475,36.4536],[25.4754,36.4516],[25.4767,36.4516],[25.4772,36.4484],[25.478,36.4474],[25.4784,36.4453],[25.4797,36.444],[25.4839,36.4435],[25.4849,36.442],[25.4872,36.4422],[25.4879,36.4411],[25.488,36.4391],[25.4911,36.4378],[25.4932,36.4377],[25.4974,36.4363],[25.5009,36.4328],[25.5026,36.4323],[25.5057,36.4305],[25.5088,36.4255],[25.5093,36.4234],[25.5105,36.4214],[25.5105,36.4151],[25.5115,36.4068],[25.5098,36.4005],[25.5074,36.3974],[25.5085,36.3964],[25.508,36.3953],[25.509,36.3943],[25.5088,36.3932],[25.5079,36.3922],[25.5057,36.3911],[25.5056,36.3901],[25.5082,36.3859],[25.509,36.3839],[25.5089,36.3807],[25.5105,36.3786],[25.51,36.3755],[25.5108,36.3734],[25.5108,36.3724],[25.512,36.3703],[25.5116,36.3693],[25.5121,36.3661],[25.5113,36.3641],[25.5132,36.3609],[25.5151,36.3589],[25.516,36.3557],[25.5154,36.3536],[25.5117,36.3495],[25.5121,36.3432],[25.5134,36.3391],[25.5123,36.3349],[25.5126,36.3328],[25.5112,36.3286],[25.508,36.3266],[25.4953,36.3238],[25.4911,36.3212],[25.487,36.3179],[25.4859,36.3141],[25.4852,36.313],[25.4807,36.3087],[25.4766,36.3036],[25.4734,36.3003],[25.4724,36.2995],[25.4714,36.2994],[25.4674,36.2964],[25.4661,36.2946],[25.4611,36.2932],[25.4578,36.2886],[25.4536,36.2884],[25.4495,36.2865],[25.4486,36.2859],[25.4462,36.2818],[25.443,36.2807],[25.4401,36.2779],[25.4391,36.2776],[25.437,36.2783],[25.4339,36.2778],[25.4307,36.2737],[25.4286,36.2729],[25.4266,36.2729],[25.4213,36.2693],[25.4141,36.2613],[25.4089,36.2584],[25.4036,36.2567],[25.3974,36.2573],[25.3953,36.2581],[25.3911,36.2581],[25.387,36.2596],[25.3865,36.2599],[25.3869,36.262],[25.3864,36.2661],[25.3818,36.2691],[25.3807,36.2714],[25.3833,36.2786],[25.389,36.2828],[25.392,36.287],[25.3961,36.2901],[25.3995,36.2949],[25.3998,36.2974],[25.3991,36.2984],[25.399,36.3016],[25.3982,36.3036],[25.3985,36.3057],[25.4019,36.3099],[25.4021,36.3151],[25.4051,36.3193],[25.4047,36.3225],[25.4036,36.3232],[25.4016,36.3234],[25.3995,36.3265],[25.3953,36.3275],[25.3911,36.3291],[25.388,36.3286],[25.387,36.3272],[25.3828,36.3277],[25.3807,36.3257],[25.3786,36.3263],[25.3776,36.3276],[25.3755,36.328],[25.3706,36.3266],[25.3693,36.3254],[25.3682,36.3254],[25.3675,36.3266],[25.3677,36.3286],[25.366,36.3307],[25.364,36.3318],[25.3641,36.3339],[25.363,36.3355],[25.3589,36.3358],[25.3578,36.3371],[25.3547,36.3375],[25.3526,36.3396],[25.3505,36.3406],[25.3498,36.3422],[25.3484,36.3436],[25.3474,36.3439],[25.3464,36.3435],[25.3432,36.3416],[25.3422,36.342],[25.342,36.3432],[25.3411,36.3444],[25.338,36.3447],[25.3339,36.3437],[25.3329,36.3443],[25.3328,36.349],[25.3322,36.3505],[25.3276,36.3536],[25.3263,36.3536],[25.3251,36.3568],[25.325,36.3589],[25.3245,36.3591],[25.3224,36.3582],[25.3193,36.3575],[25.312,36.3598],[25.3123,36.362],[25.3112,36.3641],[25.3106,36.3672],[25.3108,36.3693],[25.3099,36.3699],[25.3068,36.3706],[25.3016,36.3701],[25.2974,36.3709],[25.2956,36.3734],[25.2954,36.3755],[25.2919,36.3776],[25.293,36.3786],[25.2928,36.3797],[25.2911,36.3809],[25.2859,36.3811],[25.284,36.3818],[25.2839,36.3831],[25.2891,36.3878],[25.2906,36.3911],[25.2901,36.3939],[25.2883,36.3984],[25.2879,36.4016],[25.288,36.4068],[25.2888,36.4078],[25.2882,36.4099],[25.2884,36.413],[25.288,36.4142],[25.287,36.4132],[25.2863,36.4182],[25.287,36.4249],[25.2891,36.4254],[25.2904,36.4276],[25.2884,36.4318],[25.2891,36.4344],[25.2859,36.4389],[25.2828,36.4413],[25.2807,36.4443],[25.2797,36.4447],[25.279,36.4432],[25.2795,36.4422],[25.2786,36.442],[25.2776,36.4442],[25.2755,36.4458],[25.2755,36.4472],[25.2768,36.4484],[25.2745,36.4505],[25.2734,36.4494],[25.2724,36.449],[25.267,36.4516],[25.2668,36.4526],[25.2675,36.4536],[25.2661,36.4549],[25.2651,36.4547],[25.2651,36.4557],[25.2641,36.4579],[25.263,36.4583],[25.2578,36.4573],[25.2568,36.4575],[25.237,36.4487],[25.2318,36.4482],[25.2245,36.45],[25.2224,36.4498],[25.2214,36.4485],[25.2172,36.4474],[25.2141,36.4485],[25.2124,36.4505],[25.212,36.454],[25.2099,36.4545],[25.2082,36.4557],[25.2077,36.4578],[25.21,36.4599],[25.2122,36.4609],[25.2141,36.4627],[25.2146,36.4641],[25.2114,36.4693],[25.211,36.4724],[25.213,36.4765],[25.2138,36.4776],[25.2151,36.478],[25.2153,36.4786],[25.2149,36.4807],[25.2158,36.4828],[25.2151,36.4843],[25.214,36.4849],[25.214,36.487],[25.2148,36.4901],[25.2161,36.4927],[25.2161,36.4974],[25.2172,36.4995],[25.2202,36.5016],[25.2198,36.5026],[25.2204,36.5047],[25.2196,36.5057],[25.2193,36.5081],[25.2179,36.5089],[25.2164,36.5109],[25.2182,36.5117],[25.2203,36.5115],[25.2214,36.512],[25.2193,36.5138],[25.2182,36.5122],[25.2172,36.5138],[25.2161,36.5137],[25.2141,36.5154],[25.2068,36.5185],[25.2036,36.5205],[25.2013,36.5245],[25.196,36.5286],[25.1925,36.5349],[25.1911,36.5351],[25.1901,36.5365],[25.1879,36.537],[25.1885,36.5391],[25.1883,36.5411],[25.1873,36.5443],[25.1866,36.5453],[25.1866,36.5536],[25.1854,36.5609],[25.1863,36.563],[25.1943,36.5651],[25.2005,36.5652],[25.2016,36.5656],[25.2018,36.5661],[25.2008,36.5693],[25.2011,36.5703],[25.2004,36.5714],[25.2029,36.5891],[25.2027,36.5922],[25.2006,36.5995],[25.1969,36.6036],[25.1943,36.6045],[25.1859,36.6018],[25.1725,36.5932],[25.1698,36.5901],[25.1703,36.5878],[25.1682,36.5895],[25.1681,36.588],[25.1672,36.5871],[25.162,36.5854],[25.1609,36.5862],[25.1599,36.5862],[25.1595,36.5859],[25.1609,36.5849],[25.1589,36.5835],[25.1586,36.5839],[25.1593,36.5849],[25.1589,36.5855],[25.1557,36.5842],[25.1516,36.5842],[25.1484,36.5836],[25.1422,36.5851],[25.1297,36.5856],[25.1264,36.5849],[25.1256,36.5839],[25.1195,36.5807],[25.1161,36.5798],[25.1151,36.5785],[25.1099,36.5769],[25.1047,36.5761],[25.0984,36.5763],[25.0943,36.5758],[25.0901,36.5737],[25.0786,36.5722],[25.0755,36.5731],[25.0714,36.5732],[25.0682,36.5744],[25.0526,36.5751],[25.0505,36.5755],[25.0484,36.577],[25.0432,36.5782],[25.0422,36.5798],[25.0411,36.5791],[25.0359,36.5808],[25.0318,36.5808],[25.0286,36.5815],[25.0203,36.5786],[25.0141,36.5742],[25.0089,36.5737],[25.0005,36.5709]],[[25.5307,36.8076],[25.5296,36.8078],[25.5318,36.8103],[25.5323,36.8099]],[[25.538,36.8076],[25.538,36.8079],[25.5387,36.8078]],[[25.5974,36.7493],[25.5964,36.7493],[25.5955,36.7505],[25.5964,36.7513],[25.5977,36.7505]],[[25.563,36.6901],[25.5578,36.6901],[25.5561,36.6911],[25.5474,36.6933],[25.5443,36.6952],[25.5432,36.6946],[25.5422,36.6962],[25.5401,36.6975],[25.5399,36.6964],[25.5391,36.6958],[25.5346,36.6943],[25.5318,36.6926],[25.5286,36.6947],[25.5255,36.6958],[25.5182,36.6959],[25.5141,36.6947],[25.5127,36.6932],[25.512,36.6912],[25.5109,36.6915],[25.5099,36.6902],[25.5078,36.6914],[25.5047,36.6921],[25.4992,36.6964],[25.4997,36.6984],[25.5031,36.7047],[25.5043,36.7109],[25.5059,36.7151],[25.51,36.7203],[25.5141,36.7227],[25.5235,36.7255],[25.5307,36.7296],[25.5339,36.7306],[25.5349,36.7299],[25.538,36.7311],[25.5391,36.7322],[25.5432,36.7347],[25.5484,36.7355],[25.5498,36.7349],[25.5516,36.7328],[25.5547,36.7304],[25.5599,36.7275],[25.5641,36.7269],[25.5745,36.7287],[25.5755,36.7285],[25.576,36.7276],[25.5752,36.7245],[25.5755,36.7237],[25.5766,36.7248],[25.5756,36.7234],[25.5757,36.7203],[25.5767,36.7161],[25.577,36.712],[25.5766,36.7036],[25.5758,36.6984],[25.5724,36.6944],[25.5661,36.6911]],[[25.5141,36.6609],[25.5109,36.6606],[25.5093,36.662],[25.509,36.6641],[25.5095,36.6682],[25.5099,36.6693],[25.5109,36.6697],[25.513,36.6697],[25.5133,36.6693],[25.5136,36.6651],[25.5146,36.662]],[[25.6286,36.5901],[25.6266,36.5903],[25.6245,36.5916],[25.6203,36.5924],[25.6193,36.5933],[25.6165,36.5943],[25.6167,36.5953],[25.6163,36.5964],[25.617,36.6005],[25.622,36.6047],[25.6245,36.6057],[25.6349,36.6078],[25.638,36.6076],[25.6392,36.6068],[25.6385,36.6057],[25.6387,36.6047],[25.6407,36.6026],[25.6387,36.5995],[25.6396,36.5974],[25.639,36.5953],[25.638,36.594],[25.6349,36.5925],[25.6328,36.5908]],[[25.7057,36.5681],[25.7016,36.5678],[25.6997,36.5682],[25.7004,36.5724],[25.6995,36.5734],[25.6922,36.576],[25.6901,36.5761],[25.6888,36.5786],[25.6828,36.5838],[25.6829,36.5849],[25.6813,36.5859],[25.6807,36.5875],[25.6798,36.588],[25.6786,36.5897],[25.6755,36.5891],[25.6745,36.5914],[25.6714,36.5913],[25.6693,36.5935],[25.6682,36.5935],[25.6661,36.5975],[25.6641,36.5979],[25.6589,36.5972],[25.6578,36.5981],[25.6568,36.5975],[25.6516,36.597],[25.6505,36.5993],[25.6484,36.5992],[25.6432,36.6019],[25.6427,36.6026],[25.6443,36.6049],[25.6464,36.6059],[25.6484,36.6053],[25.6505,36.607],[25.652,36.6089],[25.6517,36.6099],[25.6522,36.6109],[25.6539,36.612],[25.6533,36.6151],[25.6547,36.6165],[25.6568,36.6176],[25.658,36.6193],[25.6582,36.6203],[25.6568,36.6257],[25.6558,36.6276],[25.6526,36.6295],[25.6503,36.6297],[25.6482,36.6307],[25.6464,36.6325],[25.6448,36.6359],[25.6432,36.6371],[25.6408,36.638],[25.6411,36.639],[25.6453,36.6401],[25.6568,36.6375],[25.662,36.6385],[25.6642,36.638],[25.6651,36.6369],[25.6682,36.6367],[25.6818,36.6403],[25.6859,36.6406],[25.6867,36.6401],[25.687,36.639],[25.688,36.6393],[25.6891,36.6386],[25.6901,36.6393],[25.6932,36.6378],[25.6943,36.6357],[25.6964,36.6341],[25.6989,36.6286],[25.7005,36.6273],[25.7026,36.6276],[25.7057,36.6262],[25.7109,36.6266],[25.7151,36.6254],[25.7193,36.6254],[25.7276,36.6241],[25.7297,36.6241],[25.7359,36.6264],[25.7464,36.6279],[25.7505,36.6288],[25.7536,36.6304],[25.7569,36.6307],[25.7573,36.6297],[25.7543,36.6245],[25.7516,36.623],[25.7453,36.6184],[25.7433,36.6161],[25.7429,36.612],[25.7401,36.6085],[25.7323,36.6036],[25.7297,36.6012],[25.7276,36.6005],[25.723,36.5974],[25.7203,36.5944],[25.7173,36.5922],[25.7174,36.5901],[25.7161,36.5872],[25.7122,36.5839],[25.7123,36.5797],[25.7139,36.5755],[25.7134,36.5734],[25.712,36.5717],[25.7107,36.5714],[25.7089,36.5696]],[[25.4745,36.5066],[25.4714,36.5065],[25.4693,36.5073],[25.4622,36.512],[25.4599,36.5149],[25.4621,36.5172],[25.4651,36.524],[25.4672,36.5258],[25.4714,36.5281],[25.4724,36.5295],[25.4781,36.5318],[25.4776,36.5292],[25.4737,36.5255],[25.4736,36.5245],[25.4748,36.5214],[25.4775,36.5182],[25.4786,36.5182],[25.4801,36.5161],[25.4839,36.5135],[25.4849,36.5132],[25.487,36.5137],[25.4911,36.5155],[25.4972,36.5193],[25.4972,36.5214],[25.4955,36.5245],[25.4968,36.5266],[25.4966,36.5286],[25.4945,36.5307],[25.4901,36.5324],[25.4891,36.5344],[25.488,36.5349],[25.487,36.5343],[25.4849,36.5343],[25.4818,36.5331],[25.4807,36.5332],[25.4805,36.5339],[25.4828,36.5349],[25.487,36.5358],[25.488,36.5349],[25.4911,36.5362],[25.4919,36.537],[25.4917,36.538],[25.4932,36.5396],[25.4953,36.5397],[25.497,36.5411],[25.4984,36.5416],[25.5026,36.5418],[25.5039,36.5432],[25.5042,36.5484],[25.5057,36.5505],[25.5078,36.5515],[25.5124,36.5505],[25.5117,36.5484],[25.5053,36.5411],[25.5041,36.538],[25.5012,36.5328],[25.4989,36.5234],[25.4986,36.5193],[25.4953,36.5138],[25.4922,36.5106],[25.4891,36.5093],[25.4776,36.5076]],[[25.1099,36.472],[25.1089,36.4716],[25.0995,36.4722],[25.098,36.4734],[25.0981,36.4745],[25.0974,36.4766],[25.1047,36.4786],[25.1109,36.4793],[25.113,36.4789],[25.113,36.4765],[25.112,36.4733]],[[25.1974,36.4546],[25.1953,36.4537],[25.1938,36.4547],[25.1931,36.4568],[25.1942,36.4589],[25.1959,36.4599],[25.1974,36.4601],[25.2016,36.4589],[25.2016,36.4578],[25.2008,36.4568]],[[25.1328,36.4453],[25.1307,36.4447],[25.1255,36.4451],[25.1245,36.4457],[25.1193,36.4457],[25.1141,36.4446],[25.113,36.4449],[25.1089,36.4444],[25.1068,36.4446],[25.1047,36.4456],[25.1023,36.4484],[25.1023,36.4505],[25.0995,36.4515],[25.0982,36.4526],[25.0971,36.4547],[25.097,36.4557],[25.0978,36.4568],[25.1005,36.4596],[25.1021,36.4599],[25.097,36.4609],[25.0984,36.4651],[25.0984,36.4673],[25.0995,36.4688],[25.1036,36.4701],[25.1068,36.4698],[25.1078,36.4704],[25.1089,36.4699],[25.1109,36.4697],[25.112,36.4687],[25.1125,36.4672],[25.1141,36.4659],[25.1191,36.4641],[25.1222,36.462],[25.1232,36.4599],[25.1245,36.4589],[25.1332,36.4547],[25.135,36.4526],[25.1356,36.4495],[25.1339,36.4461]],[[25.8016,36.4244],[25.8026,36.4257],[25.8026,36.4252]],[[25.8047,36.4237],[25.8044,36.4245],[25.8047,36.4249],[25.8051,36.4245]],[[25.3484,36.3386],[25.3484,36.3395],[25.3492,36.3391]],[[25.5245,36.2587],[25.5203,36.2585],[25.5187,36.2589],[25.5175,36.2599],[25.5172,36.2609],[25.5179,36.2641],[25.5193,36.2657],[25.5207,36.2661],[25.5201,36.2672],[25.5203,36.2675],[25.5245,36.2709],[25.5276,36.2715],[25.5318,36.2745],[25.5328,36.2745],[25.5349,36.2776],[25.5422,36.2813],[25.5443,36.2835],[25.5474,36.2846],[25.5516,36.2836],[25.5519,36.2849],[25.5528,36.2859],[25.5557,36.287],[25.5562,36.288],[25.5578,36.2889],[25.562,36.2902],[25.5682,36.2912],[25.5714,36.2929],[25.5755,36.293],[25.5783,36.2922],[25.5799,36.2911],[25.578,36.2891],[25.5802,36.287],[25.5804,36.2859],[25.5794,36.2839],[25.577,36.2818],[25.5693,36.2793],[25.5557,36.2782],[25.555,36.2766],[25.5517,36.2734],[25.5474,36.271],[25.5442,36.2682],[25.5437,36.2672],[25.5411,36.2668],[25.5401,36.266],[25.5391,36.266],[25.5359,36.2647],[25.5277,36.2599]],[[25.7536,36.2419],[25.7516,36.2418],[25.7495,36.2434],[25.7422,36.2592],[25.7404,36.2609],[25.7357,36.2641],[25.73,36.2734],[25.7214,36.2817],[25.714,36.2911],[25.7103,36.2943],[25.7047,36.2961],[25.6922,36.2976],[25.6818,36.302],[25.6766,36.3034],[25.6661,36.3033],[25.6578,36.3005],[25.6557,36.3007],[25.6536,36.3023],[25.6532,36.3036],[25.6536,36.3054],[25.6547,36.3071],[25.6574,36.3099],[25.6586,36.3141],[25.6572,36.3193],[25.653,36.3266],[25.6522,36.3307],[25.6536,36.3334],[25.6589,36.3388],[25.6603,36.3411],[25.6623,36.3453],[25.6633,36.3495],[25.6646,36.3516],[25.6646,36.3547],[25.6655,36.3609],[25.6636,36.3641],[25.663,36.3664],[25.6651,36.3685],[25.6672,36.3693],[25.6693,36.3694],[25.6714,36.3722],[25.6766,36.3724],[25.6776,36.372],[25.6797,36.3727],[25.6822,36.3745],[25.6953,36.3814],[25.6974,36.382],[25.6995,36.3821],[25.7005,36.3798],[25.7036,36.3793],[25.7068,36.3794],[25.7089,36.3804],[25.7099,36.38],[25.712,36.3812],[25.713,36.3799],[25.7141,36.3798],[25.7214,36.3849],[25.7245,36.388],[25.7328,36.3926],[25.7345,36.3943],[25.7349,36.3954],[25.7384,36.3984],[25.7495,36.4041],[25.7547,36.4086],[25.7558,36.4099],[25.7559,36.4109],[25.7609,36.4134],[25.7651,36.4143],[25.7672,36.4137],[25.7703,36.4143],[25.7724,36.4154],[25.7724,36.4145],[25.7715,36.413],[25.7724,36.4128],[25.7745,36.4143],[25.775,36.4141],[25.7755,36.4126],[25.7766,36.4137],[25.7797,36.4138],[25.7839,36.4157],[25.7849,36.4146],[25.7859,36.4159],[25.7871,36.4161],[25.7875,36.4172],[25.7891,36.4174],[25.7901,36.4185],[25.7901,36.4154],[25.7922,36.4168],[25.7932,36.4166],[25.7953,36.4184],[25.7956,36.4182],[25.7947,36.4172],[25.7952,36.4161],[25.7964,36.4167],[25.7974,36.4164],[25.7981,36.4182],[25.8016,36.423],[25.8022,36.4224],[25.801,36.4203],[25.8016,36.4196],[25.8036,36.4202],[25.8065,36.4224],[25.8059,36.4234],[25.8068,36.4245],[25.8073,36.4245],[25.8064,36.4255],[25.8078,36.4266],[25.8059,36.4286],[25.8089,36.431],[25.8102,36.4328],[25.812,36.4336],[25.8141,36.4336],[25.8182,36.4317],[25.8203,36.4311],[25.8214,36.4313],[25.8245,36.4287],[25.838,36.4203],[25.8474,36.4157],[25.8495,36.4139],[25.8536,36.4089],[25.8557,36.4071],[25.8635,36.4036],[25.8669,36.4016],[25.8744,36.3953],[25.8798,36.3901],[25.8879,36.3797],[25.8914,36.3724],[25.8995,36.3484],[25.9003,36.3422],[25.9001,36.3339],[25.8993,36.3297],[25.897,36.3255],[25.8901,36.3175],[25.8874,36.313],[25.8828,36.3036],[25.8823,36.3016],[25.8825,36.2995],[25.8846,36.2974],[25.8901,36.2955],[25.8964,36.2958],[25.8974,36.2967],[25.8984,36.2961],[25.8995,36.297],[25.9016,36.2975],[25.9026,36.297],[25.9036,36.2979],[25.9068,36.298],[25.9109,36.2974],[25.9151,36.2953],[25.9151,36.2942],[25.9161,36.2946],[25.9166,36.2943],[25.9164,36.2932],[25.9169,36.2922],[25.9193,36.2917],[25.9207,36.2901],[25.921,36.2891],[25.9223,36.288],[25.9222,36.287],[25.9239,36.2859],[25.9283,36.2786],[25.9292,36.2734],[25.9285,36.2693],[25.9247,36.2609],[25.924,36.2568],[25.9228,36.2536],[25.9205,36.2516],[25.9172,36.2517],[25.9161,36.2508],[25.913,36.2501],[25.9089,36.2496],[25.9057,36.25],[25.9036,36.2511],[25.8995,36.2522],[25.8986,36.2526],[25.8983,36.2536],[25.8953,36.2547],[25.8943,36.2544],[25.8932,36.2549],[25.8922,36.2544],[25.887,36.2558],[25.8724,36.2566],[25.8703,36.2576],[25.8682,36.2573],[25.8664,36.2589],[25.8658,36.2609],[25.863,36.2634],[25.8589,36.2615],[25.8568,36.2613],[25.8536,36.2594],[25.851,36.2568],[25.8495,36.2542],[25.8484,36.2553],[25.8479,36.2547],[25.8484,36.2536],[25.8474,36.253],[25.8464,36.2514],[25.8453,36.2515],[25.8443,36.2504],[25.8414,36.2453],[25.8401,36.2438],[25.8391,36.2435],[25.8339,36.2436],[25.8328,36.2443],[25.8324,36.2474],[25.8311,36.2495],[25.831,36.2536],[25.8303,36.2547],[25.8286,36.255],[25.8274,36.2547],[25.8234,36.2513],[25.8214,36.2489],[25.8203,36.2485],[25.8151,36.249],[25.8109,36.251],[25.8089,36.2512],[25.8078,36.2519],[25.8068,36.2517],[25.805,36.2526],[25.8047,36.2537],[25.8016,36.2535],[25.8005,36.2527],[25.7995,36.2531],[25.7974,36.2522],[25.7964,36.2525],[25.7932,36.2518],[25.788,36.2529],[25.787,36.2524],[25.7828,36.2524],[25.7714,36.2511],[25.7672,36.2501],[25.7641,36.2487],[25.7557,36.2429]],[[25.212,36.2088],[25.2099,36.2086],[25.2078,36.2107],[25.2036,36.2115],[25.1943,36.2106],[25.1891,36.2118],[25.1818,36.2164],[25.1786,36.2175],[25.1766,36.2193],[25.1743,36.2203],[25.1744,36.2214],[25.1739,36.2224],[25.1714,36.224],[25.171,36.2245],[25.1715,36.2255],[25.1711,36.2266],[25.1693,36.228],[25.1685,36.2307],[25.1682,36.2401],[25.1672,36.2436],[25.1675,36.2474],[25.1693,36.2526],[25.1724,36.2578],[25.1755,36.2651],[25.18,36.2703],[25.1849,36.2724],[25.187,36.2756],[25.1891,36.2759],[25.1912,36.2776],[25.1943,36.2792],[25.2005,36.284],[25.2026,36.2849],[25.2078,36.286],[25.213,36.2846],[25.2145,36.2839],[25.2151,36.2828],[25.2156,36.2818],[25.2152,36.2786],[25.2145,36.2766],[25.213,36.2745],[25.2121,36.2714],[25.2122,36.2703],[25.2141,36.2682],[25.2155,36.2651],[25.2172,36.2628],[25.2182,36.2621],[25.2193,36.262],[25.2204,36.2599],[25.2198,36.2589],[25.2201,36.2578],[25.2245,36.2569],[25.2276,36.2571],[25.2283,36.2568],[25.2286,36.2557],[25.2322,36.2536],[25.2334,36.2516],[25.2334,36.2484],[25.2355,36.2464],[25.234,36.2453],[25.2334,36.2443],[25.2334,36.2422],[25.2345,36.2391],[25.2401,36.2357],[25.2425,36.2328],[25.2426,36.2318],[25.2389,36.2224],[25.238,36.2182],[25.2359,36.2151],[25.2339,36.2138],[25.2318,36.214],[25.2297,36.2132],[25.2257,36.2099],[25.2245,36.2095],[25.2224,36.2095],[25.2203,36.2114],[25.2172,36.2115],[25.2141,36.2094]],[[25.2703,36.1077],[25.2682,36.108],[25.2672,36.1091],[25.2668,36.1109],[25.2672,36.112],[25.2682,36.1128],[25.2703,36.1127],[25.2724,36.1109],[25.2726,36.1099],[25.2721,36.1089]]]}}]}