{"type":"FeatureCollection","features":[{"type":"Feature","properties":{"depth":5,"kind":"band"},"geometry":{"type":"MultiPolygon","coordinates":[[[[26.4328,36.9964],[26.4328,36.9984],[26.4317,36.9984],[26.4307,36.9975],[26.4318,36.9974],[26.4328,36.9964]]],[[[26.9324,36.9682],[26.9324,36.9703],[26.932,36.9714],[26.9297,36.9719],[26.9286,36.9703],[26.9279,36.9703],[26.9307,36.9682],[26.9324,36.9682]]],[[[26.9908,36.9422],[26.9901,36.9427],[26.9901,36.9417],[26.9908,36.9422]]],[[[26.9917,36.9411],[26.9911,36.9419],[26.9906,36.9411],[26.9911,36.9405],[26.9917,36.9411]]],[[[26.9661,36.9276],[26.9661,36.9286],[26.9655,36.9286],[26.9654,36.9276],[26.9661,36.9276]]],[[[26.0252,36.9255],[26.0245,36.9263],[26.0245,36.9255],[26.0252,36.9255]]],[[[26.9443,36.9109],[26.9443,36.9117],[26.9435,36.9109],[26.9443,36.9109]]],[[[26.2797,36.5964],[26.2807,36.5974],[26.2813,36.5974],[26.2807,36.5981],[26.2797,36.5974],[26.2797,36.5964]]],[[[26.2911,36.5932],[26.2922,36.5943],[26.2922,36.5953],[26.2911,36.5964],[26.2906,36.5943],[26.2911,36.5932]]],[[[26.2797,36.587],[26.2818,36.5891],[26.2828,36.5891],[26.2849,36.5911],[26.2828,36.5932],[26.2828,36.5943],[26.2818,36.5943],[26.2807,36.5953],[26.281,36.5922],[26.2797,36.5911],[26.2786,36.5911],[26.2776,36.5919],[26.2766,36.5911],[26.2776,36.5911],[26.2786,36.5901],[26.2781,36.5891],[26.2786,36.5872],[26.2797,36.587]]],[[[26.4318,36.5818],[26.4326,36.5828],[26.4318,36.5839],[26.4318,36.5847],[26.4307,36.5836],[26.4307,36.5828],[26.4318,36.5818],[26.4318,36.581],[26.4318,36.5818]]],[[[26.4245,36.5807],[26.425,36.5818],[26.4245,36.5833],[26.4234,36.5818],[26.4228,36.5818],[26.4234,36.5802],[26.4245,36.5807]]],[[[26.4645,36.5776],[26.4641,36.578],[26.4636,36.5776],[26.4641,36.5766],[26.4645,36.5776]]],[[[26.4516,36.5495],[26.4516,36.5502],[26.4508,36.5495],[26.4516,36.5487],[26.4516,36.5495]]],[[[26.4724,36.5307],[26.4724,36.5318],[26.4716,36.5318],[26.4714,36.5307],[26.4724,36.5307]]],[[[26.4651,36.5297],[26.4661,36.5307],[26.4641,36.5307],[26.4641,36.5297],[26.4651,36.5297]]],[[[26.3167,36.512],[26.3161,36.5126],[26.3155,36.512],[26.3167,36.512]]],[[[26.6807,36.3286],[26.6797,36.3297],[26.6786,36.3286],[26.6781,36.3286],[26.6786,36.3277],[26.6797,36.3278],[26.6807,36.3286]]],[[[26.4078,36.0526],[26.4078,36.0542],[26.4071,36.0526],[26.4078,36.0526]]],[[[27,36.0005],[27,36.7536],[26.9974,36.7539],[26.9924,36.7526],[26.9901,36.7503],[26.9901,36.7484],[26.9891,36.7474],[26.988,36.7474],[26.987,36.7484],[26.987,36.7497],[26.9859,36.7504],[26.9839,36.7495],[26.9828,36.7496],[26.9797,36.7481],[26.9776,36.7464],[26.9765,36.7464],[26.9749,36.7453],[26.9729,36.7411],[26.9725,36.737],[26.9745,36.737],[26.9755,36.7359],[26.9745,36.7349],[26.9734,36.7349],[26.9755,36.7329],[26.9766,36.7328],[26.9782,36.7318],[26.9812,36.7286],[26.9828,36.7266],[26.9828,36.7255],[26.9839,36.7245],[26.9843,36.7224],[26.9859,36.7203],[26.985,36.7172],[26.9859,36.7161],[26.985,36.7151],[26.9859,36.7141],[26.9839,36.712],[26.9828,36.712],[26.9818,36.713],[26.9818,36.7137],[26.9797,36.7137],[26.9776,36.712],[26.9766,36.712],[26.9755,36.7109],[26.9734,36.7105],[26.9714,36.7074],[26.9697,36.7068],[26.9703,36.7057],[26.9693,36.7047],[26.9687,36.7047],[26.9693,36.7036],[26.9693,36.6953],[26.9682,36.6943],[26.9682,36.6922],[26.9693,36.6911],[26.9696,36.6859],[26.9682,36.6839],[26.9693,36.6828],[26.9693,36.6811],[26.9714,36.6797],[26.9714,36.6786],[26.9734,36.6766],[26.9734,36.6755],[26.9755,36.6734],[26.9734,36.6712],[26.9716,36.6714],[26.9703,36.6703],[26.9682,36.6723],[26.9651,36.672],[26.963,36.6724],[26.9599,36.6756],[26.9578,36.6765],[26.9573,36.6755],[26.9557,36.6752],[26.9547,36.6745],[26.9526,36.6766],[26.9528,36.6786],[26.9516,36.6802],[26.9484,36.6822],[26.9451,36.6828],[26.9411,36.6849],[26.9325,36.6964],[26.9224,36.7041],[26.9201,36.7078],[26.9178,36.7141],[26.9144,36.7193],[26.9169,36.7255],[26.9182,36.7297],[26.9184,36.7318],[26.9193,36.7328],[26.9193,36.7359],[26.9213,36.7391],[26.9219,36.7411],[26.9193,36.7464],[26.9172,36.7484],[26.9172,36.7505],[26.9203,36.7537],[26.9203,36.7557],[26.9214,36.7568],[26.9214,36.7641],[26.9224,36.7651],[26.9255,36.763],[26.9276,36.763],[26.9276,36.7641],[26.9286,36.7651],[26.9286,36.7661],[26.9276,36.7672],[26.9286,36.7682],[26.9297,36.7672],[26.9307,36.7682],[26.937,36.7682],[26.938,36.7672],[26.9401,36.7666],[26.9422,36.7682],[26.9443,36.7682],[26.9464,36.7703],[26.9474,36.7703],[26.9484,36.7693],[26.9495,36.7703],[26.9505,36.7703],[26.9526,36.7724],[26.9553,36.7724],[26.9578,36.7737],[26.9599,36.7755],[26.9651,36.7755],[26.9668,36.7745],[26.9672,36.7736],[26.9693,36.7741],[26.9734,36.7739],[26.9744,36.7734],[26.9807,36.7733],[26.9829,36.7724],[26.9849,36.7729],[26.9859,36.7724],[26.9901,36.7735],[26.9932,36.7753],[26.9951,36.7755],[26.9964,36.7777],[26.9985,36.7797],[26.9983,36.7807],[26.9972,36.7818],[26.9974,36.7839],[26.9984,36.785],[26.9995,36.785],[27,36.7859],[27,36.9464],[26.9984,36.9467],[26.9978,36.9464],[26.9971,36.9443],[26.9943,36.9422],[26.992,36.9422],[26.9929,36.9411],[26.9927,36.9401],[26.9932,36.9398],[26.9943,36.9406],[26.9948,36.9401],[26.9925,36.9359],[26.9927,36.9339],[26.9918,36.9328],[26.9909,36.9245],[26.9901,36.9233],[26.988,36.922],[26.9839,36.9215],[26.9786,36.9224],[26.9672,36.9226],[26.9609,36.9214],[26.9568,36.922],[26.9526,36.9218],[26.9519,36.9214],[26.9529,36.9203],[26.9518,36.9193],[26.9517,36.9182],[26.9522,36.9161],[26.9516,36.9152],[26.9495,36.9147],[26.9484,36.9118],[26.9432,36.9078],[26.9391,36.9072],[26.938,36.9076],[26.937,36.9071],[26.9359,36.9075],[26.9328,36.9066],[26.9297,36.9078],[26.9286,36.9089],[26.9286,36.912],[26.9328,36.9164],[26.9359,36.9161],[26.937,36.9151],[26.938,36.9161],[26.9422,36.9161],[26.9443,36.9193],[26.9453,36.9193],[26.9464,36.9182],[26.9484,36.9182],[26.9495,36.9193],[26.9505,36.919],[26.9516,36.9195],[26.9524,36.9203],[26.9509,36.9214],[26.9509,36.9245],[26.9484,36.9266],[26.9495,36.9276],[26.9503,36.9276],[26.9495,36.9276],[26.9484,36.9286],[26.9474,36.9286],[26.9467,36.9276],[26.9466,36.9266],[26.9474,36.9266],[26.9484,36.9255],[26.9453,36.9234],[26.9422,36.9226],[26.9391,36.9234],[26.9366,36.9266],[26.9368,36.9276],[26.9359,36.9282],[26.9349,36.9281],[26.9329,36.9297],[26.9328,36.933],[26.9339,36.9339],[26.9366,36.9339],[26.9359,36.9339],[26.9349,36.9349],[26.9349,36.9355],[26.9339,36.9366],[26.9328,36.9367],[26.9328,36.9359],[26.9318,36.9346],[26.9307,36.9351],[26.9297,36.9349],[26.9286,36.9359],[26.9286,36.937],[26.9266,36.9391],[26.9276,36.9401],[26.9276,36.9422],[26.9286,36.9432],[26.9297,36.9432],[26.9303,36.9443],[26.9297,36.9453],[26.9281,36.9464],[26.9266,36.9464],[26.9255,36.947],[26.9255,36.9464],[26.9245,36.9453],[26.9234,36.9464],[26.9245,36.9474],[26.925,36.9474],[26.9234,36.948],[26.9214,36.9464],[26.9182,36.9464],[26.9172,36.9453],[26.913,36.9453],[26.91,36.9484],[26.9089,36.9484],[26.9078,36.9495],[26.9078,36.9536],[26.912,36.9568],[26.9141,36.957],[26.9182,36.9593],[26.9214,36.9632],[26.924,36.9651],[26.9255,36.9674],[26.9276,36.9693],[26.9276,36.9714],[26.9292,36.9724],[26.9286,36.9734],[26.9245,36.9776],[26.9245,36.9797],[26.9234,36.9807],[26.9245,36.9818],[26.9245,36.9828],[26.9251,36.9839],[26.9245,36.9859],[26.9255,36.9871],[26.9276,36.9872],[26.9297,36.9895],[26.9302,36.9911],[26.9297,36.9932],[26.9312,36.9943],[26.9349,36.9984],[26.9357,36.9995],[26.9349,37],[26.9255,37],[26.9234,36.998],[26.9234,36.9943],[26.9229,36.9932],[26.9234,36.9922],[26.9234,36.9901],[26.9203,36.9874],[26.9182,36.9871],[26.9151,36.9872],[26.9131,36.9891],[26.913,36.9901],[26.9146,36.9922],[26.9141,36.9932],[26.9161,36.9953],[26.9172,36.9953],[26.9176,36.9964],[26.9174,36.9974],[26.9164,36.9984],[26.912,36.9984],[26.9109,36.9991],[26.9109,36.9984],[26.9099,36.9973],[26.9078,36.9972],[26.9072,36.9974],[26.9068,36.9984],[26.9083,36.9995],[26.9078,37],[26.5005,37],[26.5005,36.9974],[26.4984,36.9953],[26.4922,36.9953],[26.4651,36.9953],[26.4641,36.9963],[26.4609,36.9964],[26.4595,36.9984],[26.4599,37],[26.4589,37],[26.4589,36.9984],[26.4582,36.9974],[26.4557,36.9972],[26.4557,36.9943],[26.4568,36.9932],[26.4568,36.9911],[26.4568,36.9901],[26.4557,36.9891],[26.4505,36.9891],[26.4484,36.9912],[26.4474,36.9901],[26.4453,36.9901],[26.4443,36.9891],[26.4411,36.9891],[26.4401,36.9901],[26.438,36.9901],[26.437,36.9891],[26.4339,36.9891],[26.4328,36.9901],[26.4297,36.9901],[26.4245,36.9901],[26.4234,36.9891],[26.4182,36.9891],[26.4172,36.9901],[26.4172,36.9932],[26.4182,36.9964],[26.4201,36.9984],[26.4221,36.9995],[26.4214,37],[26.0005,37],[26,36.9995],[26,36.938],[26.0016,36.9391],[26.0089,36.9391],[26.0099,36.938],[26.01,36.937],[26.0151,36.937],[26.0161,36.936],[26.0193,36.9359],[26.0214,36.934],[26.0224,36.9339],[26.0255,36.9307],[26.0258,36.9297],[26.0286,36.926],[26.0307,36.9248],[26.0328,36.9245],[26.0391,36.9197],[26.0411,36.9193],[26.0443,36.9157],[26.0495,36.9151],[26.0526,36.9123],[26.0547,36.912],[26.0557,36.9113],[26.0589,36.9109],[26.0599,36.9102],[26.0651,36.9099],[26.0672,36.9081],[26.0693,36.907],[26.0745,36.9057],[26.0755,36.9048],[26.0766,36.9047],[26.0786,36.9028],[26.0818,36.9016],[26.0828,36.9007],[26.0849,36.9005],[26.087,36.8995],[26.0891,36.8974],[26.0892,36.8953],[26.0891,36.8943],[26.088,36.8932],[26.087,36.8932],[26.0859,36.8922],[26.0849,36.8922],[26.0839,36.8911],[26.0818,36.8911],[26.0807,36.8901],[26.0766,36.8901],[26.0755,36.8911],[26.0724,36.8911],[26.0693,36.8911],[26.0682,36.8901],[26.0672,36.8901],[26.0661,36.8911],[26.0651,36.8911],[26.063,36.8911],[26.062,36.8901],[26.0609,36.8912],[26.0589,36.8912],[26.0568,36.8932],[26.0557,36.8932],[26.0536,36.8953],[26.0526,36.8953],[26.0505,36.8974],[26.0505,36.8983],[26.0495,36.8983],[26.0495,36.8974],[26.0484,36.8964],[26.0443,36.8964],[26.0432,36.8953],[26.0422,36.8953],[26.0411,36.8964],[26.0349,36.8964],[26.0391,36.8962],[26.0391,36.8953],[26.038,36.8943],[26.0245,36.8943],[26.0234,36.8932],[26.0224,36.8932],[26.0214,36.8922],[26.0193,36.8922],[26.0182,36.8912],[26.0172,36.8912],[26.0161,36.8921],[26.0141,36.8922],[26.012,36.8901],[26.0109,36.8901],[26.0099,36.8911],[26.0078,36.8891],[26.0058,36.8891],[26.0026,36.887],[26.0016,36.888],[26,36.8859],[26,36.0005],[26.0005,36],[26.4328,36],[26.4328,36.0016],[26.4349,36.0036],[26.437,36.0036],[26.4391,36.0016],[26.4391,36],[26.9995,36],[27,36.0005]],[[26.388,36.9901],[26.3839,36.9901],[26.3818,36.9922],[26.3807,36.9922],[26.3797,36.9932],[26.3755,36.9932],[26.3745,36.9922],[26.3724,36.9921],[26.3714,36.9911],[26.3672,36.9911],[26.3661,36.9901],[26.3609,36.9901],[26.3599,36.9911],[26.3599,36.9932],[26.3609,36.9943],[26.362,36.9943],[26.3651,36.9964],[26.3693,36.9964],[26.3703,36.9974],[26.3734,36.9974],[26.3745,36.9984],[26.3828,36.9984],[26.3839,36.9975],[26.387,36.9964],[26.388,36.9953],[26.3891,36.9953],[26.3896,36.9943],[26.3894,36.9922],[26.3891,36.9911],[26.388,36.9901]],[[26.3276,36.9818],[26.3203,36.9818],[26.3191,36.9828],[26.3193,36.9859],[26.3224,36.9891],[26.3245,36.9891],[26.3255,36.9901],[26.3286,36.9901],[26.3297,36.9892],[26.3307,36.9891],[26.3328,36.987],[26.3328,36.9839],[26.3318,36.9828],[26.3286,36.9828],[26.3276,36.9818]],[[26.9151,36.9722],[26.9141,36.9714],[26.9109,36.9714],[26.9099,36.9722],[26.9078,36.9724],[26.9068,36.9734],[26.9068,36.9766],[26.9089,36.9791],[26.9109,36.9799],[26.912,36.9786],[26.913,36.9786],[26.9151,36.9766],[26.9155,36.9755],[26.9161,36.9755],[26.9172,36.9745],[26.9151,36.9722]],[[26.2911,36.9682],[26.2901,36.9672],[26.2786,36.9672],[26.2766,36.9693],[26.2724,36.9693],[26.2714,36.9703],[26.2714,36.9709],[26.2682,36.9714],[26.2672,36.9724],[26.2672,36.9786],[26.2698,36.9818],[26.2699,36.9839],[26.2682,36.9859],[26.2682,36.9891],[26.2693,36.9901],[26.2714,36.9901],[26.2724,36.9891],[26.2734,36.9891],[26.2745,36.988],[26.2755,36.988],[26.2766,36.987],[26.2776,36.987],[26.2786,36.9861],[26.2818,36.9859],[26.2828,36.9853],[26.2849,36.9859],[26.2859,36.987],[26.2911,36.987],[26.2911,36.988],[26.2922,36.9891],[26.2953,36.9911],[26.3016,36.9913],[26.3036,36.9932],[26.3057,36.9932],[26.3068,36.9923],[26.3089,36.9922],[26.3109,36.9901],[26.311,36.9891],[26.312,36.988],[26.3123,36.9859],[26.313,36.9849],[26.313,36.9807],[26.312,36.9797],[26.3109,36.9796],[26.3089,36.9776],[26.3057,36.9775],[26.3047,36.9766],[26.3047,36.9745],[26.3036,36.9734],[26.2984,36.9733],[26.295,36.9714],[26.2943,36.9693],[26.2932,36.9682],[26.2911,36.9682]],[[26.1734,36.8963],[26.1703,36.8963],[26.1641,36.8984],[26.162,36.901],[26.1613,36.9036],[26.1605,36.9047],[26.1604,36.9068],[26.163,36.912],[26.1641,36.913],[26.1693,36.913],[26.1714,36.9109],[26.1718,36.9057],[26.1745,36.9016],[26.1746,36.8974],[26.1734,36.8963]],[[26.9245,36.8815],[26.9203,36.8818],[26.9182,36.8839],[26.9193,36.8849],[26.9182,36.8849],[26.9172,36.8859],[26.9193,36.8891],[26.9214,36.8891],[26.9203,36.8901],[26.9214,36.8911],[26.9255,36.8912],[26.9266,36.8891],[26.9266,36.8864],[26.9245,36.8859],[26.9255,36.8856],[26.926,36.8839],[26.9255,36.8824],[26.9245,36.8815]],[[26.2734,36.6035],[26.2724,36.6026],[26.2693,36.6047],[26.2693,36.6057],[26.2714,36.6078],[26.2744,36.6057],[26.2734,36.6035]],[[26.363,36.5907],[26.3589,36.5922],[26.3564,36.5943],[26.3578,36.5953],[26.3589,36.5953],[26.3578,36.5964],[26.3578,36.5984],[26.3557,36.6005],[26.3563,36.6016],[26.3547,36.6016],[26.3526,36.6026],[26.3505,36.6047],[26.3495,36.6047],[26.3443,36.6099],[26.3432,36.6099],[26.3422,36.6109],[26.3422,36.6116],[26.3387,36.612],[26.338,36.613],[26.338,36.6146],[26.3359,36.6172],[26.3359,36.6182],[26.337,36.6193],[26.338,36.6182],[26.338,36.6172],[26.3401,36.6151],[26.3411,36.6151],[26.3422,36.6161],[26.3453,36.6154],[26.3474,36.6154],[26.3474,36.6161],[26.3484,36.6172],[26.3495,36.6161],[26.3484,36.6151],[26.3477,36.6151],[26.3477,36.6141],[26.3484,36.613],[26.3495,36.612],[26.3505,36.612],[26.3516,36.6109],[26.3526,36.6109],[26.3536,36.6103],[26.3536,36.6089],[26.3578,36.6047],[26.3573,36.6026],[26.3589,36.602],[26.3599,36.6026],[26.3609,36.6016],[26.3613,36.5974],[26.362,36.5956],[26.3651,36.5922],[26.363,36.5907]],[[26.2589,36.5722],[26.2557,36.572],[26.2536,36.5734],[26.2557,36.5766],[26.2536,36.5786],[26.2547,36.5797],[26.2589,36.5797],[26.2609,36.5776],[26.2602,36.5766],[26.2609,36.5755],[26.2602,36.5745],[26.2612,36.5734],[26.2599,36.5738],[26.2593,36.5724],[26.2589,36.5722]],[[26.4036,36.5589],[26.4026,36.5589],[26.3995,36.5609],[26.3995,36.562],[26.3974,36.5641],[26.3971,36.5672],[26.3974,36.5678],[26.3984,36.5682],[26.4016,36.5682],[26.4047,36.5661],[26.4057,36.5661],[26.4078,36.5641],[26.406,36.5609],[26.4047,36.5607],[26.4047,36.5599],[26.4036,36.5589]],[[26.2297,36.5462],[26.225,36.5464],[26.2228,36.5484],[26.2201,36.5526],[26.2201,36.5557],[26.2212,36.5589],[26.2214,36.563],[26.2224,36.5641],[26.2276,36.5641],[26.2297,36.5624],[26.2328,36.562],[26.2339,36.5609],[26.2339,36.5599],[26.2359,36.5578],[26.236,36.5516],[26.2349,36.5505],[26.2349,36.5495],[26.2332,36.5495],[26.2332,36.5484],[26.2318,36.547],[26.2297,36.5462]],[[26.4078,36.543],[26.4036,36.543],[26.4016,36.545],[26.4016,36.5443],[26.4005,36.5432],[26.3995,36.5443],[26.4005,36.5453],[26.4013,36.5453],[26.4005,36.5464],[26.4005,36.5505],[26.4016,36.5516],[26.4068,36.5516],[26.4078,36.5505],[26.4082,36.5474],[26.4099,36.5467],[26.412,36.5443],[26.4109,36.5432],[26.4078,36.543]],[[26.4411,36.5429],[26.438,36.5443],[26.4362,36.5464],[26.4368,36.5484],[26.438,36.5499],[26.4411,36.5509],[26.4432,36.5495],[26.4432,36.5505],[26.4443,36.5516],[26.4453,36.5516],[26.4464,36.5526],[26.4484,36.5526],[26.4484,36.5547],[26.4474,36.5557],[26.448,36.5568],[26.4495,36.5575],[26.4536,36.5578],[26.4547,36.5568],[26.4557,36.5568],[26.4568,36.5578],[26.4578,36.5568],[26.4568,36.5557],[26.4589,36.5536],[26.4578,36.5516],[26.4557,36.5494],[26.4536,36.5493],[26.4526,36.5484],[26.4519,36.5484],[26.4526,36.5474],[26.4505,36.545],[26.4495,36.5443],[26.4474,36.5443],[26.4464,36.5453],[26.4464,36.5464],[26.4453,36.5464],[26.4443,36.5449],[26.4411,36.5429]],[[26.4453,36.54],[26.4432,36.5401],[26.4422,36.5411],[26.4443,36.5443],[26.4453,36.5443],[26.4474,36.5422],[26.4474,36.5411],[26.4464,36.5401],[26.4453,36.54]],[[26.2307,36.5254],[26.2297,36.5245],[26.2276,36.5245],[26.2266,36.5255],[26.2265,36.5286],[26.2275,36.5318],[26.2297,36.5333],[26.2306,36.5328],[26.2318,36.533],[26.233,36.5318],[26.2329,36.5297],[26.2323,36.5286],[26.2319,36.5266],[26.2307,36.5254]],[[26.1443,36.5244],[26.1422,36.5245],[26.1409,36.5255],[26.1401,36.5266],[26.139,36.5307],[26.139,36.5359],[26.141,36.5411],[26.1404,36.5453],[26.1391,36.5466],[26.138,36.5465],[26.137,36.5477],[26.1333,36.5484],[26.1297,36.5526],[26.1297,36.5557],[26.1328,36.5578],[26.1432,36.5616],[26.1464,36.5641],[26.1495,36.5641],[26.1505,36.563],[26.1505,36.5589],[26.1499,36.5578],[26.1498,36.5557],[26.15,36.5484],[26.1492,36.5432],[26.1494,36.5349],[26.1493,36.5318],[26.1487,36.5307],[26.1491,36.5286],[26.1484,36.5266],[26.1474,36.5255],[26.1443,36.5244]],[[26.4661,36.5234],[26.463,36.5234],[26.462,36.5245],[26.4609,36.5245],[26.4599,36.5255],[26.4599,36.5267],[26.4591,36.5276],[26.4599,36.5284],[26.4601,36.5297],[26.4609,36.5307],[26.462,36.5307],[26.463,36.5318],[26.462,36.5318],[26.4609,36.5307],[26.4597,36.5318],[26.4609,36.5328],[26.4609,36.5349],[26.463,36.537],[26.4651,36.537],[26.4651,36.538],[26.4641,36.538],[26.463,36.537],[26.4599,36.5371],[26.4536,36.5328],[26.4516,36.5328],[26.4495,36.5349],[26.4494,36.537],[26.4505,36.538],[26.4516,36.538],[26.4516,36.5391],[26.4495,36.5391],[26.4484,36.5401],[26.4516,36.5432],[26.4526,36.5426],[26.4526,36.5432],[26.4536,36.5443],[26.4551,36.5432],[26.4536,36.5422],[26.4529,36.5422],[26.4529,36.5411],[26.4547,36.5405],[26.4557,36.5411],[26.4557,36.5422],[26.4594,36.5453],[26.4609,36.546],[26.4651,36.5464],[26.4661,36.5472],[26.4672,36.5455],[26.4682,36.5457],[26.4693,36.5448],[26.4714,36.5443],[26.4724,36.5432],[26.4724,36.5422],[26.4734,36.5422],[26.4745,36.5411],[26.4745,36.5401],[26.4734,36.5391],[26.4734,36.538],[26.4745,36.5391],[26.4755,36.538],[26.4755,36.537],[26.4745,36.5359],[26.4737,36.5359],[26.4737,36.5349],[26.4776,36.5353],[26.4797,36.5349],[26.4807,36.5339],[26.4807,36.5318],[26.4786,36.5286],[26.4755,36.5286],[26.4724,36.5255],[26.4714,36.5255],[26.4703,36.5245],[26.4672,36.5245],[26.4661,36.5234]],[[26.3318,36.5046],[26.3307,36.5036],[26.3245,36.5036],[26.3234,36.5046],[26.3193,36.5047],[26.3161,36.5068],[26.3151,36.5068],[26.313,36.5089],[26.313,36.5099],[26.312,36.5109],[26.3109,36.5099],[26.3099,36.5099],[26.3089,36.5109],[26.3089,36.512],[26.3068,36.5141],[26.3068,36.5151],[26.3057,36.5161],[26.3068,36.5172],[26.3057,36.5182],[26.305,36.5182],[26.3057,36.5172],[26.3037,36.5151],[26.3037,36.5141],[26.3026,36.513],[26.2995,36.513],[26.2984,36.5138],[26.2984,36.513],[26.2974,36.512],[26.2964,36.5135],[26.2932,36.5147],[26.2922,36.5141],[26.2891,36.5141],[26.288,36.5151],[26.288,36.5172],[26.287,36.5193],[26.2864,36.5234],[26.2856,36.5255],[26.2839,36.5276],[26.2811,36.5359],[26.2786,36.538],[26.2775,36.5401],[26.2773,36.5432],[26.2767,36.5453],[26.2714,36.5464],[26.2682,36.5501],[26.263,36.5525],[26.2609,36.5547],[26.2609,36.5568],[26.262,36.5582],[26.2641,36.5589],[26.2672,36.5578],[26.2682,36.5568],[26.2703,36.5568],[26.2714,36.5578],[26.2724,36.5578],[26.2724,36.5609],[26.2732,36.562],[26.2703,36.562],[26.2693,36.5609],[26.2672,36.562],[26.2682,36.5658],[26.2693,36.5661],[26.2703,36.5651],[26.2714,36.5651],[26.2724,36.5661],[26.2721,36.5682],[26.2714,36.5693],[26.2714,36.5703],[26.2703,36.5701],[26.2703,36.5693],[26.2693,36.5682],[26.2682,36.5693],[26.2693,36.5703],[26.27,36.5703],[26.2693,36.5703],[26.2682,36.5714],[26.2682,36.5724],[26.2672,36.5724],[26.2661,36.5714],[26.2651,36.5724],[26.2651,36.5734],[26.2661,36.5745],[26.2672,36.5745],[26.2651,36.5776],[26.263,36.5776],[26.262,36.5766],[26.2609,36.5776],[26.2609,36.5797],[26.2596,36.5807],[26.2599,36.5828],[26.262,36.5849],[26.263,36.5839],[26.263,36.5849],[26.2641,36.5859],[26.2641,36.587],[26.262,36.5891],[26.262,36.5901],[26.2589,36.5901],[26.2578,36.5891],[26.2568,36.5901],[26.2589,36.5932],[26.262,36.5932],[26.2641,36.5953],[26.2661,36.5953],[26.2672,36.5964],[26.2661,36.5974],[26.2661,36.5984],[26.2651,36.5974],[26.2641,36.5984],[26.2661,36.6016],[26.2672,36.6016],[26.2698,36.5984],[26.2703,36.5984],[26.2714,36.5995],[26.2724,36.5995],[26.2734,36.6006],[26.2745,36.5995],[26.2734,36.5984],[26.2786,36.5984],[26.2797,36.5995],[26.2807,36.5988],[26.2828,36.5987],[26.287,36.6006],[26.2943,36.6009],[26.3047,36.5974],[26.3057,36.5964],[26.3047,36.5953],[26.3057,36.5953],[26.3068,36.5964],[26.3078,36.5964],[26.3089,36.5974],[26.3099,36.5964],[26.3089,36.5953],[26.3089,36.5943],[26.3099,36.5943],[26.3109,36.5953],[26.3141,36.596],[26.3152,36.5943],[26.3154,36.5922],[26.3161,36.5911],[26.3151,36.5901],[26.3182,36.5901],[26.3193,36.5891],[26.3203,36.5901],[26.3214,36.5896],[26.3224,36.588],[26.3214,36.587],[26.3206,36.587],[26.3206,36.5859],[26.3224,36.5839],[26.3255,36.5839],[26.3266,36.5828],[26.3328,36.5828],[26.3339,36.5818],[26.3391,36.5818],[26.3401,36.5828],[26.3411,36.5818],[26.3401,36.5807],[26.3401,36.5797],[26.3411,36.5786],[26.3411,36.578],[26.3411,36.5786],[26.3422,36.5797],[26.3432,36.5786],[26.3422,36.5776],[26.3414,36.5776],[26.3411,36.5766],[26.3415,36.5734],[26.3422,36.5734],[26.3432,36.5724],[26.3422,36.5714],[26.3415,36.5714],[26.3432,36.5706],[26.3453,36.5706],[26.3464,36.5714],[26.3541,36.5714],[26.3557,36.5727],[26.3578,36.5732],[26.3589,36.5739],[26.3589,36.5745],[26.3599,36.5755],[26.3606,36.5755],[26.3589,36.5797],[26.3619,36.5818],[26.362,36.5836],[26.3609,36.5834],[26.3602,36.5849],[26.362,36.5859],[26.363,36.5879],[26.3651,36.588],[26.3665,36.587],[26.3666,36.5859],[26.3686,36.5859],[26.3693,36.5864],[26.3701,36.5859],[26.372,36.5859],[26.3755,36.5891],[26.3775,36.5891],[26.3776,36.5901],[26.3807,36.5932],[26.3807,36.5943],[26.3818,36.5953],[26.3828,36.5953],[26.3839,36.5943],[26.3835,36.5922],[26.3839,36.5918],[26.3858,36.5911],[26.388,36.5916],[26.388,36.5922],[26.3891,36.5933],[26.3902,36.5922],[26.3887,36.5911],[26.3911,36.5911],[26.3953,36.5865],[26.3961,36.5859],[26.3974,36.5859],[26.3984,36.5849],[26.4011,36.5849],[26.4029,36.5859],[26.402,36.587],[26.3974,36.5891],[26.3966,36.5901],[26.3951,36.5943],[26.3911,36.5995],[26.3911,36.6005],[26.3922,36.6016],[26.3922,36.6021],[26.3901,36.6005],[26.3891,36.6016],[26.3901,36.6026],[26.3891,36.6036],[26.3901,36.6047],[26.3911,36.6047],[26.3922,36.6035],[26.3944,36.6036],[26.3932,36.6036],[26.387,36.6103],[26.3828,36.6099],[26.3797,36.613],[26.3795,36.6151],[26.3786,36.6151],[26.3776,36.6161],[26.3775,36.6193],[26.3762,36.6203],[26.3745,36.6203],[26.3724,36.6234],[26.3724,36.6255],[26.3733,36.6266],[26.3732,36.6276],[26.3714,36.6297],[26.3712,36.6328],[26.3693,36.6349],[26.3693,36.637],[26.374,36.6401],[26.3745,36.6432],[26.3766,36.6453],[26.3786,36.6455],[26.3786,36.6464],[26.3797,36.6474],[26.3828,36.6474],[26.3849,36.6453],[26.387,36.6453],[26.388,36.6464],[26.3911,36.6464],[26.3922,36.6453],[26.3964,36.6453],[26.3984,36.6434],[26.4016,36.6432],[26.4026,36.6422],[26.4036,36.6422],[26.4064,36.6391],[26.4089,36.6372],[26.4099,36.637],[26.412,36.6351],[26.4203,36.631],[26.4234,36.6307],[26.4255,36.6289],[26.4266,36.6286],[26.4276,36.6276],[26.4278,36.6266],[26.4318,36.6228],[26.4349,36.6214],[26.438,36.6186],[26.4401,36.6182],[26.4422,36.6163],[26.4432,36.6161],[26.4443,36.6151],[26.4443,36.6144],[26.4452,36.613],[26.4474,36.611],[26.4495,36.6101],[26.4526,36.6099],[26.4547,36.6089],[26.4599,36.6036],[26.4602,36.6026],[26.4651,36.5987],[26.4661,36.5984],[26.4682,36.5964],[26.468,36.5932],[26.4694,36.5901],[26.4724,36.587],[26.4724,36.5859],[26.4734,36.5859],[26.4745,36.5849],[26.4745,36.5839],[26.4755,36.5839],[26.4776,36.5818],[26.4776,36.5776],[26.4766,36.5766],[26.4734,36.5761],[26.4724,36.5755],[26.4714,36.5758],[26.4672,36.5752],[26.4661,36.5743],[26.4651,36.5742],[26.464,36.5766],[26.463,36.5772],[26.4609,36.5758],[26.4599,36.5765],[26.4594,36.5745],[26.4599,36.5734],[26.4589,36.5738],[26.4578,36.5734],[26.4526,36.5737],[26.4516,36.5755],[26.4526,36.5766],[26.4532,36.5766],[26.4526,36.5776],[26.4516,36.5776],[26.4505,36.5783],[26.4495,36.5776],[26.4481,36.5786],[26.4474,36.5786],[26.4464,36.5797],[26.4464,36.5818],[26.4474,36.5828],[26.4495,36.5828],[26.4526,36.5807],[26.4536,36.5807],[26.4547,36.5818],[26.4547,36.5839],[26.4536,36.5839],[26.4526,36.5849],[26.4516,36.5859],[26.4516,36.587],[26.4495,36.5891],[26.4467,36.5891],[26.4474,36.588],[26.4443,36.5852],[26.4411,36.5841],[26.438,36.5821],[26.4339,36.5819],[26.4328,36.5807],[26.432,36.5807],[26.4318,36.5776],[26.4328,36.5766],[26.4328,36.5745],[26.4322,36.5734],[26.4307,36.5724],[26.4266,36.5715],[26.4245,36.5734],[26.4255,36.5745],[26.4245,36.5752],[26.4245,36.5745],[26.4234,36.5734],[26.4224,36.5745],[26.4234,36.5755],[26.4242,36.5755],[26.4234,36.5766],[26.4234,36.5792],[26.4224,36.5784],[26.4224,36.5776],[26.4206,36.5755],[26.4214,36.5755],[26.4224,36.5745],[26.4224,36.5714],[26.4214,36.5691],[26.4193,36.5679],[26.4161,36.5671],[26.4137,36.5682],[26.412,36.5703],[26.412,36.5714],[26.4106,36.5724],[26.4099,36.5724],[26.4078,36.5755],[26.4078,36.5745],[26.4068,36.5734],[26.407,36.5693],[26.4078,36.5682],[26.4068,36.5672],[26.4026,36.5714],[26.4016,36.5714],[26.4005,36.5724],[26.401,36.5734],[26.3995,36.5734],[26.3974,36.575],[26.3953,36.5748],[26.3943,36.5741],[26.3932,36.5745],[26.3922,36.5756],[26.3891,36.5734],[26.388,36.5745],[26.388,36.5751],[26.387,36.5753],[26.3856,36.5745],[26.3859,36.5722],[26.388,36.5724],[26.3906,36.5703],[26.3932,36.5703],[26.3943,36.5693],[26.3943,36.5682],[26.3935,36.5672],[26.3943,36.5661],[26.3943,36.563],[26.3953,36.5641],[26.3964,36.5641],[26.3998,36.5589],[26.3974,36.5557],[26.3964,36.5557],[26.3947,36.5568],[26.3943,36.5578],[26.3953,36.5589],[26.3932,36.5589],[26.3922,36.5578],[26.3916,36.5578],[26.3922,36.5567],[26.3901,36.5589],[26.3911,36.5599],[26.3919,36.5599],[26.3911,36.5599],[26.3901,36.5609],[26.3911,36.562],[26.3901,36.563],[26.3911,36.5641],[26.3891,36.5672],[26.3891,36.5693],[26.3849,36.5693],[26.3839,36.5703],[26.3839,36.5709],[26.3807,36.5711],[26.3793,36.5724],[26.3776,36.573],[26.377,36.5724],[26.3776,36.5714],[26.3766,36.5703],[26.3755,36.5711],[26.3734,36.5711],[26.3714,36.5734],[26.3682,36.5734],[26.3672,36.5745],[26.3672,36.5763],[26.3661,36.5763],[26.3657,36.5745],[26.3672,36.5734],[26.3661,36.5703],[26.3675,36.5693],[26.3672,36.5676],[26.3693,36.5651],[26.3693,36.5644],[26.3703,36.563],[26.3706,36.5609],[26.3714,36.5609],[26.3729,36.5599],[26.3723,36.5589],[26.3714,36.5579],[26.3693,36.5584],[26.3682,36.5599],[26.3693,36.5609],[26.37,36.5609],[26.3672,36.5609],[26.3661,36.562],[26.3661,36.563],[26.3641,36.5651],[26.3641,36.5661],[26.363,36.5648],[26.362,36.5646],[26.3623,36.563],[26.3609,36.562],[26.358,36.5651],[26.3557,36.5645],[26.3551,36.563],[26.3557,36.563],[26.3568,36.562],[26.3568,36.5609],[26.3557,36.5599],[26.3564,36.5589],[26.3589,36.5589],[26.362,36.556],[26.362,36.5568],[26.363,36.5578],[26.3641,36.5568],[26.363,36.5557],[26.3622,36.5557],[26.363,36.5557],[26.3645,36.5547],[26.363,36.5526],[26.3609,36.5544],[26.3599,36.5543],[26.3599,36.5536],[26.363,36.5505],[26.362,36.5495],[26.3612,36.5495],[26.362,36.5495],[26.3633,36.5484],[26.363,36.547],[26.362,36.5464],[26.3596,36.5484],[26.3578,36.5484],[26.3568,36.5474],[26.362,36.5422],[26.3599,36.5401],[26.3589,36.5411],[26.3589,36.542],[26.3578,36.5411],[26.3568,36.5411],[26.3568,36.5391],[26.3557,36.538],[26.3547,36.538],[26.3536,36.5391],[26.3547,36.5401],[26.3536,36.5401],[26.3526,36.5409],[26.3516,36.5409],[26.3505,36.5401],[26.3495,36.5411],[26.3464,36.5411],[26.3453,36.5418],[26.3434,36.5411],[26.3443,36.5401],[26.3432,36.5386],[26.3422,36.5391],[26.3422,36.538],[26.3443,36.5359],[26.3453,36.5339],[26.3453,36.5328],[26.3464,36.5318],[26.3474,36.5318],[26.3484,36.5307],[26.3505,36.5307],[26.3516,36.5297],[26.3526,36.5297],[26.3539,36.5286],[26.3578,36.5286],[26.3589,36.5276],[26.3599,36.5286],[26.3609,36.5276],[26.3589,36.5255],[26.3578,36.5255],[26.3599,36.5234],[26.3609,36.5245],[26.362,36.5234],[26.3621,36.5214],[26.3633,36.5203],[26.3641,36.5203],[26.3661,36.5182],[26.3661,36.5172],[26.3672,36.5172],[26.3682,36.5161],[26.3682,36.512],[26.3693,36.512],[26.3703,36.5109],[26.3703,36.5068],[26.3693,36.5057],[26.3661,36.5057],[26.3651,36.5068],[26.3609,36.5068],[26.3599,36.5078],[26.3578,36.5078],[26.3557,36.5057],[26.3505,36.5057],[26.3495,36.5068],[26.3464,36.5068],[26.3443,36.5087],[26.3422,36.5095],[26.3411,36.5109],[26.3411,36.512],[26.3401,36.5128],[26.3391,36.5128],[26.3382,36.512],[26.3391,36.512],[26.3401,36.5109],[26.338,36.5089],[26.3318,36.5046]],[[26.9714,36.4943],[26.9599,36.4943],[26.9589,36.4953],[26.9589,36.4984],[26.9599,36.4995],[26.9599,36.5016],[26.962,36.5036],[26.963,36.5036],[26.9641,36.5047],[26.9641,36.5057],[26.9661,36.5078],[26.9672,36.5078],[26.9682,36.5088],[26.9766,36.5088],[26.9776,36.5099],[26.9828,36.5099],[26.9838,36.5089],[26.9838,36.5078],[26.9818,36.5057],[26.9828,36.5047],[26.9818,36.5036],[26.9818,36.5026],[26.9797,36.5005],[26.9797,36.4995],[26.9786,36.4984],[26.9776,36.4984],[26.9766,36.4974],[26.9755,36.4974],[26.9734,36.4953],[26.9724,36.4953],[26.9714,36.4943]],[[26.6245,36.417],[26.6193,36.417],[26.6151,36.4182],[26.613,36.4203],[26.613,36.4224],[26.6151,36.4245],[26.6214,36.4245],[26.6224,36.4255],[26.6245,36.4255],[26.6266,36.4224],[26.6266,36.4203],[26.6266,36.4182],[26.6255,36.4172],[26.6245,36.417]],[[26.6016,36.4149],[26.5943,36.4151],[26.5932,36.4161],[26.5932,36.4193],[26.5953,36.4214],[26.5974,36.4214],[26.5984,36.4224],[26.6026,36.4224],[26.6036,36.4214],[26.6036,36.4172],[26.6016,36.4149]],[[26.687,36.3232],[26.6859,36.3224],[26.6818,36.3224],[26.6797,36.3245],[26.6797,36.327],[26.6786,36.3274],[26.6755,36.3266],[26.6682,36.3266],[26.6672,36.3275],[26.6661,36.3276],[26.662,36.3327],[26.6599,36.3328],[26.6589,36.3339],[26.6589,36.337],[26.6597,36.338],[26.6589,36.3411],[26.6593,36.3453],[26.6568,36.3492],[26.6547,36.3495],[26.6536,36.3505],[26.6535,36.3526],[26.6526,36.3536],[26.6526,36.3568],[26.6536,36.3578],[26.6589,36.36],[26.6641,36.3605],[26.6682,36.363],[26.6703,36.3633],[26.6724,36.363],[26.6734,36.362],[26.6745,36.362],[26.6776,36.3599],[26.6807,36.362],[26.6818,36.362],[26.6828,36.3609],[26.6839,36.3609],[26.6849,36.3599],[26.6849,36.3589],[26.6859,36.3589],[26.687,36.3578],[26.687,36.3568],[26.6901,36.3536],[26.6901,36.3526],[26.6911,36.3526],[26.6922,36.3516],[26.6922,36.3484],[26.6953,36.3455],[26.6984,36.3453],[26.7005,36.3432],[26.7005,36.3422],[26.7005,36.3401],[26.6996,36.3391],[26.6995,36.338],[26.6965,36.3359],[26.6964,36.3328],[26.6953,36.3318],[26.6932,36.3314],[26.6926,36.3307],[26.6922,36.3276],[26.687,36.3232]],[[26.7297,36.3198],[26.7255,36.3203],[26.7245,36.3214],[26.7266,36.3245],[26.7276,36.3245],[26.7286,36.3234],[26.7286,36.3255],[26.7297,36.3266],[26.7286,36.3276],[26.7297,36.3286],[26.7307,36.3276],[26.7318,36.3286],[26.7338,36.3266],[26.7339,36.3245],[26.7307,36.3204],[26.7297,36.3198]],[[26.763,36.2974],[26.7609,36.2974],[26.7599,36.2984],[26.7578,36.2984],[26.7568,36.2992],[26.7568,36.2984],[26.7557,36.2974],[26.7542,36.2984],[26.7536,36.2995],[26.7547,36.3005],[26.7547,36.3026],[26.7557,36.3036],[26.7568,36.3036],[26.7578,36.3026],[26.7599,36.3026],[26.7609,36.3016],[26.762,36.3016],[26.7641,36.2995],[26.7641,36.2984],[26.763,36.2974]],[[26.7443,36.2919],[26.7422,36.2922],[26.7411,36.2911],[26.738,36.2932],[26.7349,36.2964],[26.7349,36.2995],[26.7359,36.3005],[26.7359,36.3016],[26.7391,36.3047],[26.7432,36.3037],[26.7446,36.3016],[26.7446,36.2974],[26.7453,36.2964],[26.7453,36.2953],[26.7445,36.2943],[26.7453,36.2932],[26.7443,36.2919]],[[26.6922,36.2786],[26.6901,36.2786],[26.6891,36.2797],[26.6891,36.2807],[26.6901,36.2818],[26.6901,36.2828],[26.6891,36.2839],[26.6901,36.2849],[26.6932,36.2818],[26.6922,36.2807],[26.6932,36.2797],[26.6922,36.2786]],[[26.7536,36.2786],[26.7505,36.2786],[26.7495,36.2797],[26.7501,36.2807],[26.7495,36.2807],[26.7484,36.2818],[26.7484,36.2807],[26.7474,36.2797],[26.7391,36.2797],[26.737,36.2828],[26.737,36.2859],[26.738,36.287],[26.7422,36.287],[26.7411,36.287],[26.7391,36.2891],[26.7401,36.2901],[26.7464,36.2901],[26.7484,36.288],[26.7495,36.288],[26.7505,36.287],[26.7498,36.2859],[26.7497,36.2849],[26.7505,36.2839],[26.7516,36.2839],[26.7557,36.2807],[26.7536,36.2786]],[[26.413,36.0422],[26.4089,36.0422],[26.4068,36.0443],[26.4068,36.0517],[26.4047,36.0544],[26.4026,36.0547],[26.4016,36.0557],[26.4015,36.0589],[26.403,36.0609],[26.4028,36.062],[26.4005,36.0628],[26.3953,36.0687],[26.3932,36.0692],[26.3911,36.0714],[26.3914,36.0766],[26.3891,36.0786],[26.3891,36.0807],[26.3891,36.0828],[26.3911,36.0849],[26.3953,36.0849],[26.3974,36.0827],[26.3991,36.0818],[26.4005,36.0811],[26.4036,36.0807],[26.4057,36.0797],[26.4089,36.0766],[26.409,36.0714],[26.4099,36.0703],[26.4101,36.0682],[26.4109,36.0672],[26.4109,36.063],[26.4099,36.062],[26.4068,36.062],[26.406,36.0609],[26.4063,36.0599],[26.4089,36.0578],[26.4091,36.0536],[26.412,36.0526],[26.413,36.0516],[26.4131,36.0474],[26.4141,36.0464],[26.4141,36.0443],[26.4141,36.0432],[26.413,36.0422]]]]}},{"type":"Feature","properties":{"depth":5,"kind":"isobath"},"geometry":{"type":"MultiLineString","coordinates":[[[26.4328,36.9964],[26.4328,36.9984],[26.4317,36.9984],[26.4307,36.9975],[26.4318,36.9974]],[[26.9324,36.9682],[26.9324,36.9703],[26.932,36.9714],[26.9297,36.9719],[26.9286,36.9703],[26.9279,36.9703],[26.9307,36.9682]],[[26.9908,36.9422],[26.9901,36.9427],[26.9901,36.9417]],[[26.9917,36.9411],[26.9911,36.9419],[26.9906,36.9411],[26.9911,36.9405]],[[26.9661,36.9276],[26.9661,36.9286],[26.9655,36.9286],[26.9654,36.9276]],[[26.0252,36.9255],[26.0245,36.9263],[26.0245,36.9255]],[[26.9443,36.9109],[26.9443,36.9117],[26.9435,36.9109]],[[26.2797,36.5964],[26.2807,36.5974],[26.2813,36.5974],[26.2807,36.5981],[26.2797,36.5974]],[[26.2911,36.5932],[26.2922,36.5943],[26.2922,36.5953],[26.2911,36.5964],[26.2906,36.5943]],[[26.2797,36.587],[26.2818,36.5891],[26.2828,36.5891],[26.2849,36.5911],[26.2828,36.5932],[26.2828,36.5943],[26.2818,36.5943],[26.2807,36.5953],[26.281,36.5922],[26.2797,36.5911],[26.2786,36.5911],[26.2776,36.5919],[26.2766,36.5911],[26.2776,36.5911],[26.2786,36.5901],[26.2781,36.5891],[26.2786,36.5872]],[[26.4318,36.5818],[26.4326,36.5828],[26.4318,36.5839],[26.4318,36.5847],[26.4307,36.5836],[26.4307,36.5828],[26.4318,36.5818],[26.4318,36.581]],[[26.4245,36.5807],[26.425,36.5818],[26.4245,36.5833],[26.4234,36.5818],[26.4228,36.5818],[26.4234,36.5802]],[[26.4645,36.5776],[26.4641,36.578],[26.4636,36.5776],[26.4641,36.5766]],[[26.4516,36.5495],[26.4516,36.5502],[26.4508,36.5495],[26.4516,36.5487]],[[26.4724,36.5307],[26.4724,36.5318],[26.4716,36.5318],[26.4714,36.5307]],[[26.4651,36.5297],[26.4661,36.5307],[26.4641,36.5307],[26.4641,36.5297]],[[26.3167,36.512],[26.3161,36.5126],[26.3155,36.512]],[[26.6807,36.3286],[26.6797,36.3297],[26.6786,36.3286],[26.6781,36.3286],[26.6786,36.3277],[26.6797,36.3278]],[[26.4078,36.0526],[26.4078,36.0542],[26.4071,36.0526]],[[26.9974,36.7539],[26.9924,36.7526],[26.9901,36.7503],[26.9901,36.7484],[26.9891,36.7474],[26.988,36.7474],[26.987,36.7484],[26.987,36.7497],[26.9859,36.7504],[26.9839,36.7495],[26.9828,36.7496],[26.9797,36.7481],[26.9776,36.7464],[26.9765,36.7464],[26.9749,36.7453],[26.9729,36.7411],[26.9725,36.737],[26.9745,36.737],[26.9755,36.7359],[26.9745,36.7349],[26.9734,36.7349],[26.9755,36.7329],[26.9766,36.7328],[26.9782,36.7318],[26.9812,36.7286],[26.9828,36.7266],[26.9828,36.7255],[26.9839,36.7245],[26.9843,36.7224],[26.9859,36.7203],[26.985,36.7172],[26.9859,36.7161],[26.985,36.7151],[26.9859,36.7141],[26.9839,36.712],[26.9828,36.712],[26.9818,36.713],[26.9818,36.7137],[26.9797,36.7137],[26.9776,36.712],[26.9766,36.712],[26.9755,36.7109],[26.9734,36.7105],[26.9714,36.7074],[26.9697,36.7068],[26.9703,36.7057],[26.9693,36.7047],[26.9687,36.7047],[26.9693,36.7036],[26.9693,36.6953],[26.9682,36.6943],[26.9682,36.6922],[26.9693,36.6911],[26.9696,36.6859],[26.9682,36.6839],[26.9693,36.6828],[26.9693,36.6811],[26.9714,36.6797],[26.9714,36.6786],[26.9734,36.6766],[26.9734,36.6755],[26.9755,36.6734],[26.9734,36.6712],[26.9716,36.6714],[26.9703,36.6703],[26.9682,36.6723],[26.9651,36.672],[26.963,36.6724],[26.9599,36.6756],[26.9578,36.6765],[26.9573,36.6755],[26.9557,36.6752],[26.9547,36.6745],[26.9526,36.6766],[26.9528,36.6786],[26.9516,36.6802],[26.9484,36.6822],[26.9451,36.6828],[26.9411,36.6849],[26.9325,36.6964],[26.9224,36.7041],[26.9201,36.7078],[26.9178,36.7141],[26.9144,36.7193],[26.9169,36.7255],[26.9182,36.7297],[26.9184,36.7318],[26.9193,36.7328],[26.9193,36.7359],[26.9213,36.7391],[26.9219,36.7411],[26.9193,36.7464],[26.9172,36.7484],[26.9172,36.7505],[26.9203,36.7537],[26.9203,36.7557],[26.9214,36.7568],[26.9214,36.7641],[26.9224,36.7651],[26.9255,36.763],[26.9276,36.763],[26.9276,36.7641],[26.9286,36.7651],[26.9286,36.7661],[26.9276,36.7672],[26.9286,36.7682],[26.9297,36.7672],[26.9307,36.7682],[26.937,36.7682],[26.938,36.7672],[26.9401,36.7666],[26.9422,36.7682],[26.9443,36.7682],[26.9464,36.7703],[26.9474,36.7703],[26.9484,36.7693],[26.9495,36.7703],[26.9505,36.7703],[26.9526,36.7724],[26.9553,36.7724],[26.9578,36.7737],[26.9599,36.7755],[26.9651,36.7755],[26.9668,36.7745],[26.9672,36.7736],[26.9693,36.7741],[26.9734,36.7739],[26.9744,36.7734],[26.9807,36.7733],[26.9829,36.7724],[26.9849,36.7729],[26.9859,36.7724],[26.9901,36.7735],[26.9932,36.7753],[26.9951,36.7755],[26.9964,36.7777],[26.9985,36.7797],[26.9983,36.7807],[26.9972,36.7818],[26.9974,36.7839],[26.9984,36.785],[26.9995,36.785]],[[26.9984,36.9467],[26.9978,36.9464],[26.9971,36.9443],[26.9943,36.9422],[26.992,36.9422],[26.9929,36.9411],[26.9927,36.9401],[26.9932,36.9398],[26.9943,36.9406],[26.9948,36.9401],[26.9925,36.9359],[26.9927,36.9339],[26.9918,36.9328],[26.9909,36.9245],[26.9901,36.9233],[26.988,36.922],[26.9839,36.9215],[26.9786,36.9224],[26.9672,36.9226],[26.9609,36.9214],[26.9568,36.922],[26.9526,36.9218],[26.9519,36.9214],[26.9529,36.9203],[26.9518,36.9193],[26.9517,36.9182],[26.9522,36.9161],[26.9516,36.9152],[26.9495,36.9147],[26.9484,36.9118],[26.9432,36.9078],[26.9391,36.9072],[26.938,36.9076],[26.937,36.9071],[26.9359,36.9075],[26.9328,36.9066],[26.9297,36.9078],[26.9286,36.9089],[26.9286,36.912],[26.9328,36.9164],[26.9359,36.9161],[26.937,36.9151],[26.938,36.9161],[26.9422,36.9161],[26.9443,36.9193],[26.9453,36.9193],[26.9464,36.9182],[26.9484,36.9182],[26.9495,36.9193],[26.9505,36.919],[26.9516,36.9195],[26.9524,36.9203],[26.9509,36.9214],[26.9509,36.9245],[26.9484,36.9266],[26.9495,36.9276],[26.9503,36.9276],[26.9495,36.9276],[26.9484,36.9286],[26.9474,36.9286],[26.9467,36.9276],[26.9466,36.9266],[26.9474,36.9266],[26.9484,36.9255],[26.9453,36.9234],[26.9422,36.9226],[26.9391,36.9234],[26.9366,36.9266],[26.9368,36.9276],[26.9359,36.9282],[26.9349,36.9281],[26.9329,36.9297],[26.9328,36.933],[26.9339,36.9339],[26.9366,36.9339],[26.9359,36.9339],[26.9349,36.9349],[26.9349,36.9355],[26.9339,36.9366],[26.9328,36.9367],[26.9328,36.9359],[26.9318,36.9346],[26.9307,36.9351],[26.9297,36.9349],[26.9286,36.9359],[26.9286,36.937],[26.9266,36.9391],[26.9276,36.9401],[26.9276,36.9422],[26.9286,36.9432],[26.9297,36.9432],[26.9303,36.9443],[26.9297,36.9453],[26.9281,36.9464],[26.9266,36.9464],[26.9255,36.947],[26.9255,36.9464],[26.9245,36.9453],[26.9234,36.9464],[26.9245,36.9474],[26.925,36.9474],[26.9234,36.948],[26.9214,36.9464],[26.9182,36.9464],[26.9172,36.9453],[26.913,36.9453],[26.91,36.9484],[26.9089,36.9484],[26.9078,36.9495],[26.9078,36.9536],[26.912,36.9568],[26.9141,36.957],[26.9182,36.9593],[26.9214,36.9632],[26.924,36.9651],[26.9255,36.9674],[26.9276,36.9693],[26.9276,36.9714],[26.9292,36.9724],[26.9286,36.9734],[26.9245,36.9776],[26.9245,36.9797],[26.9234,36.9807],[26.9245,36.9818],[26.9245,36.9828],[26.9251,36.9839],[26.9245,36.9859],[26.9255,36.9871],[26.9276,36.9872],[26.9297,36.9895],[26.9302,36.9911],[26.9297,36.9932],[26.9312,36.9943],[26.9349,36.9984],[26.9357,36.9995]],[[26.9234,36.998],[26.9234,36.9943],[26.9229,36.9932],[26.9234,36.9922],[26.9234,36.9901],[26.9203,36.9874],[26.9182,36.9871],[26.9151,36.9872],[26.9131,36.9891],[26.913,36.9901],[26.9146,36.9922],[26.9141,36.9932],[26.9161,36.9953],[26.9172,36.9953],[26.9176,36.9964],[26.9174,36.9974],[26.9164,36.9984],[26.912,36.9984],[26.9109,36.9991],[26.9109,36.9984],[26.9099,36.9973],[26.9078,36.9972],[26.9072,36.9974],[26.9068,36.9984],[26.9083,36.9995]],[[26.5005,36.9974],[26.4984,36.9953],[26.4922,36.9953],[26.4651,36.9953],[26.4641,36.9963],[26.4609,36.9964],[26.4595,36.9984]],[[26.4589,36.9984],[26.4582,36.9974],[26.4557,36.9972],[26.4557,36.9943],[26.4568,36.9932],[26.4568,36.9911],[26.4568,36.9901],[26.4557,36.9891],[26.4505,36.9891],[26.4484,36.9912],[26.4474,36.9901],[26.4453,36.9901],[26.4443,36.9891],[26.4411,36.9891],[26.4401,36.9901],[26.438,36.9901],[26.437,36.9891],[26.4339,36.9891],[26.4328,36.9901],[26.4297,36.9901],[26.4245,36.9901],[26.4234,36.9891],[26.4182,36.9891],[26.4172,36.9901],[26.4172,36.9932],[26.4182,36.9964],[26.4201,36.9984],[26.4221,36.9995]],[[26.0016,36.9391],[26.0089,36.9391],[26.0099,36.938],[26.01,36.937],[26.0151,36.937],[26.0161,36.936],[26.0193,36.9359],[26.0214,36.934],[26.0224,36.9339],[26.0255,36.9307],[26.0258,36.9297],[26.0286,36.926],[26.0307,36.9248],[26.0328,36.9245],[26.0391,36.9197],[26.0411,36.9193],[26.0443,36.9157],[26.0495,36.9151],[26.0526,36.9123],[26.0547,36.912],[26.0557,36.9113],[26.0589,36.9109],[26.0599,36.9102],[26.0651,36.9099],[26.0672,36.9081],[26.0693,36.907],[26.0745,36.9057],[26.0755,36.9048],[26.0766,36.9047],[26.0786,36.9028],[26.0818,36.9016],[26.0828,36.9007],[26.0849,36.9005],[26.087,36.8995],[26.0891,36.8974],[26.0892,36.8953],[26.0891,36.8943],[26.088,36.8932],[26.087,36.8932],[26.0859,36.8922],[26.0849,36.8922],[26.0839,36.8911],[26.0818,36.8911],[26.0807,36.8901],[26.0766,36.8901],[26.0755,36.8911],[26.0724,36.8911],[26.0693,36.8911],[26.0682,36.8901],[26.0672,36.8901],[26.0661,36.8911],[26.0651,36.8911],[26.063,36.8911],[26.062,36.8901],[26.0609,36.8912],[26.0589,36.8912],[26.0568,36.8932],[26.0557,36.8932],[26.0536,36.8953],[26.0526,36.8953],[26.0505,36.8974],[26.0505,36.8983],[26.0495,36.8983],[26.0495,36.8974],[26.0484,36.8964],[26.0443,36.8964],[26.0432,36.8953],[26.0422,36.8953],[26.0411,36.8964],[26.0349,36.8964],[26.0391,36.8962],[26.0391,36.8953],[26.038,36.8943],[26.0245,36.8943],[26.0234,36.8932],[26.0224,36.8932],[26.0214,36.8922],[26.0193,36.8922],[26.0182,36.8912],[26.0172,36.8912],[26.0161,36.8921],[26.0141,36.8922],[26.012,36.8901],[26.0109,36.8901],[26.0099,36.8911],[26.0078,36.8891],[26.0058,36.8891],[26.0026,36.887],[26.0016,36.888]],[[26.4328,36.0016],[26.4349,36.0036],[26.437,36.0036],[26.4391,36.0016]],[[26.388,36.9901],[26.3839,36.9901],[26.3818,36.9922],[26.3807,36.9922],[26.3797,36.9932],[26.3755,36.9932],[26.3745,36.9922],[26.3724,36.9921],[26.3714,36.9911],[26.3672,36.9911],[26.3661,36.9901],[26.3609,36.9901],[26.3599,36.9911],[26.3599,36.9932],[26.3609,36.9943],[26.362,36.9943],[26.3651,36.9964],[26.3693,36.9964],[26.3703,36.9974],[26.3734,36.9974],[26.3745,36.9984],[26.3828,36.9984],[26.3839,36.9975],[26.387,36.9964],[26.388,36.9953],[26.3891,36.9953],[26.3896,36.9943],[26.3894,36.9922],[26.3891,36.9911]],[[26.3276,36.9818],[26.3203,36.9818],[26.3191,36.9828],[26.3193,36.9859],[26.3224,36.9891],[26.3245,36.9891],[26.3255,36.9901],[26.3286,36.9901],[26.3297,36.9892],[26.3307,36.9891],[26.3328,36.987],[26.3328,36.9839],[26.3318,36.9828],[26.3286,36.9828]],[[26.9151,36.9722],[26.9141,36.9714],[26.9109,36.9714],[26.9099,36.9722],[26.9078,36.9724],[26.9068,36.9734],[26.9068,36.9766],[26.9089,36.9791],[26.9109,36.9799],[26.912,36.9786],[26.913,36.9786],[26.9151,36.9766],[26.9155,36.9755],[26.9161,36.9755],[26.9172,36.9745]],[[26.2911,36.9682],[26.2901,36.9672],[26.2786,36.9672],[26.2766,36.9693],[26.2724,36.9693],[26.2714,36.9703],[26.2714,36.9709],[26.2682,36.9714],[26.2672,36.9724],[26.2672,36.9786],[26.2698,36.9818],[26.2699,36.9839],[26.2682,36.9859],[26.2682,36.9891],[26.2693,36.9901],[26.2714,36.9901],[26.2724,36.9891],[26.2734,36.9891],[26.2745,36.988],[26.2755,36.988],[26.2766,36.987],[26.2776,36.987],[26.2786,36.9861],[26.2818,36.9859],[26.2828,36.9853],[26.2849,36.9859],[26.2859,36.987],[26.2911,36.987],[26.2911,36.988],[26.2922,36.9891],[26.2953,36.9911],[26.3016,36.9913],[26.3036,36.9932],[26.3057,36.9932],[26.3068,36.9923],[26.3089,36.9922],[26.3109,36.9901],[26.311,36.9891],[26.312,36.988],[26.3123,36.9859],[26.313,36.9849],[26.313,36.9807],[26.312,36.9797],[26.3109,36.9796],[26.3089,36.9776],[26.3057,36.9775],[26.3047,36.9766],[26.3047,36.9745],[26.3036,36.9734],[26.2984,36.9733],[26.295,36.9714],[26.2943,36.9693],[26.2932,36.9682]],[[26.1734,36.8963],[26.1703,36.8963],[26.1641,36.8984],[26.162,36.901],[26.1613,36.9036],[26.1605,36.9047],[26.1604,36.9068],[26.163,36.912],[26.1641,36.913],[26.1693,36.913],[26.1714,36.9109],[26.1718,36.9057],[26.1745,36.9016],[26.1746,36.8974]],[[26.9245,36.8815],[26.9203,36.8818],[26.9182,36.8839],[26.9193,36.8849],[26.9182,36.8849],[26.9172,36.8859],[26.9193,36.8891],[26.9214,36.8891],[26.9203,36.8901],[26.9214,36.8911],[26.9255,36.8912],[26.9266,36.8891],[26.9266,36.8864],[26.9245,36.8859],[26.9255,36.8856],[26.926,36.8839],[26.9255,36.8824]],[[26.2734,36.6035],[26.2724,36.6026],[26.2693,36.6047],[26.2693,36.6057],[26.2714,36.6078],[26.2744,36.6057]],[[26.363,36.5907],[26.3589,36.5922],[26.3564,36.5943],[26.3578,36.5953],[26.3589,36.5953],[26.3578,36.5964],[26.3578,36.5984],[26.3557,36.6005],[26.3563,36.6016],[26.3547,36.6016],[26.3526,36.6026],[26.3505,36.6047],[26.3495,36.6047],[26.3443,36.6099],[26.3432,36.6099],[26.3422,36.6109],[26.3422,36.6116],[26.3387,36.612],[26.338,36.613],[26.338,36.6146],[26.3359,36.6172],[26.3359,36.6182],[26.337,36.6193],[26.338,36.6182],[26.338,36.6172],[26.3401,36.6151],[26.3411,36.6151],[26.3422,36.6161],[26.3453,36.6154],[26.3474,36.6154],[26.3474,36.6161],[26.3484,36.6172],[26.3495,36.6161],[26.3484,36.6151],[26.3477,36.6151],[26.3477,36.6141],[26.3484,36.613],[26.3495,36.612],[26.3505,36.612],[26.3516,36.6109],[26.3526,36.6109],[26.3536,36.6103],[26.3536,36.6089],[26.3578,36.6047],[26.3573,36.6026],[26.3589,36.602],[26.3599,36.6026],[26.3609,36.6016],[26.3613,36.5974],[26.362,36.5956],[26.3651,36.5922]],[[26.2589,36.5722],[26.2557,36.572],[26.2536,36.5734],[26.2557,36.5766],[26.2536,36.5786],[26.2547,36.5797],[26.2589,36.5797],[26.2609,36.5776],[26.2602,36.5766],[26.2609,36.5755],[26.2602,36.5745],[26.2612,36.5734],[26.2599,36.5738],[26.2593,36.5724]],[[26.4036,36.5589],[26.4026,36.5589],[26.3995,36.5609],[26.3995,36.562],[26.3974,36.5641],[26.3971,36.5672],[26.3974,36.5678],[26.3984,36.5682],[26.4016,36.5682],[26.4047,36.5661],[26.4057,36.5661],[26.4078,36.5641],[26.406,36.5609],[26.4047,36.5607],[26.4047,36.5599]],[[26.2297,36.5462],[26.225,36.5464],[26.2228,36.5484],[26.2201,36.5526],[26.2201,36.5557],[26.2212,36.5589],[26.2214,36.563],[26.2224,36.5641],[26.2276,36.5641],[26.2297,36.5624],[26.2328,36.562],[26.2339,36.5609],[26.2339,36.5599],[26.2359,36.5578],[26.236,36.5516],[26.2349,36.5505],[26.2349,36.5495],[26.2332,36.5495],[26.2332,36.5484],[26.2318,36.547]],[[26.4078,36.543],[26.4036,36.543],[26.4016,36.545],[26.4016,36.5443],[26.4005,36.5432],[26.3995,36.5443],[26.4005,36.5453],[26.4013,36.5453],[26.4005,36.5464],[26.4005,36.5505],[26.4016,36.5516],[26.4068,36.5516],[26.4078,36.5505],[26.4082,36.5474],[26.4099,36.5467],[26.412,36.5443],[26.4109,36.5432]],[[26.4411,36.5429],[26.438,36.5443],[26.4362,36.5464],[26.4368,36.5484],[26.438,36.5499],[26.4411,36.5509],[26.4432,36.5495],[26.4432,36.5505],[26.4443,36.5516],[26.4453,36.5516],[26.4464,36.5526],[26.4484,36.5526],[26.4484,36.5547],[26.4474,36.5557],[26.448,36.5568],[26.4495,36.5575],[26.4536,36.5578],[26.4547,36.5568],[26.4557,36.5568],[26.4568,36.5578],[26.4578,36.5568],[26.4568,36.5557],[26.4589,36.5536],[26.4578,36.5516],[26.4557,36.5494],[26.4536,36.5493],[26.4526,36.5484],[26.4519,36.5484],[26.4526,36.5474],[26.4505,36.545],[26.4495,36.5443],[26.4474,36.5443],[26.4464,36.5453],[26.4464,36.5464],[26.4453,36.5464],[26.4443,36.5449]],[[26.4453,36.54],[26.4432,36.5401],[26.4422,36.5411],[26.4443,36.5443],[26.4453,36.5443],[26.4474,36.5422],[26.4474,36.5411],[26.4464,36.5401]],[[26.2307,36.5254],[26.2297,36.5245],[26.2276,36.5245],[26.2266,36.5255],[26.2265,36.5286],[26.2275,36.5318],[26.2297,36.5333],[26.2306,36.5328],[26.2318,36.533],[26.233,36.5318],[26.2329,36.5297],[26.2323,36.5286],[26.2319,36.5266]],[[26.1443,36.5244],[26.1422,36.5245],[26.1409,36.5255],[26.1401,36.5266],[26.139,36.5307],[26.139,36.5359],[26.141,36.5411],[26.1404,36.5453],[26.1391,36.5466],[26.138,36.5465],[26.137,36.5477],[26.1333,36.5484],[26.1297,36.5526],[26.1297,36.5557],[26.1328,36.5578],[26.1432,36.5616],[26.1464,36.5641],[26.1495,36.5641],[26.1505,36.563],[26.1505,36.5589],[26.1499,36.5578],[26.1498,36.5557],[26.15,36.5484],[26.1492,36.5432],[26.1494,36.5349],[26.1493,36.5318],[26.1487,36.5307],[26.1491,36.5286],[26.1484,36.5266],[26.1474,36.5255]],[[26.4661,36.5234],[26.463,36.5234],[26.462,36.5245],[26.4609,36.5245],[26.4599,36.5255],[26.4599,36.5267],[26.4591,36.5276],[26.4599,36.5284],[26.4601,36.5297],[26.4609,36.5307],[26.462,36.5307],[26.463,36.5318],[26.462,36.5318],[26.4609,36.5307],[26.4597,36.5318],[26.4609,36.5328],[26.4609,36.5349],[26.463,36.537],[26.4651,36.537],[26.4651,36.538],[26.4641,36.538],[26.463,36.537],[26.4599,36.5371],[26.4536,36.5328],[26.4516,36.5328],[26.4495,36.5349],[26.4494,36.537],[26.4505,36.538],[26.4516,36.538],[26.4516,36.5391],[26.4495,36.5391],[26.4484,36.5401],[26.4516,36.5432],[26.4526,36.5426],[26.4526,36.5432],[26.4536,36.5443],[26.4551,36.5432],[26.4536,36.5422],[26.4529,36.5422],[26.4529,36.5411],[26.4547,36.5405],[26.4557,36.5411],[26.4557,36.5422],[26.4594,36.5453],[26.4609,36.546],[26.4651,36.5464],[26.4661,36.5472],[26.4672,36.5455],[26.4682,36.5457],[26.4693,36.5448],[26.4714,36.5443],[26.4724,36.5432],[26.4724,36.5422],[26.4734,36.5422],[26.4745,36.5411],[26.4745,36.5401],[26.4734,36.5391],[26.4734,36.538],[26.4745,36.5391],[26.4755,36.538],[26.4755,36.537],[26.4745,36.5359],[26.4737,36.5359],[26.4737,36.5349],[26.4776,36.5353],[26.4797,36.5349],[26.4807,36.5339],[26.4807,36.5318],[26.4786,36.5286],[26.4755,36.5286],[26.4724,36.5255],[26.4714,36.5255],[26.4703,36.5245],[26.4672,36.5245]],[[26.3318,36.5046],[26.3307,36.5036],[26.3245,36.5036],[26.3234,36.5046],[26.3193,36.5047],[26.3161,36.5068],[26.3151,36.5068],[26.313,36.5089],[26.313,36.5099],[26.312,36.5109],[26.3109,36.5099],[26.3099,36.5099],[26.3089,36.5109],[26.3089,36.512],[26.3068,36.5141],[26.3068,36.5151],[26.3057,36.5161],[26.3068,36.5172],[26.3057,36.5182],[26.305,36.5182],[26.3057,36.5172],[26.3037,36.5151],[26.3037,36.5141],[26.3026,36.513],[26.2995,36.513],[26.2984,36.5138],[26.2984,36.513],[26.2974,36.512],[26.2964,36.5135],[26.2932,36.5147],[26.2922,36.5141],[26.2891,36.5141],[26.288,36.5151],[26.288,36.5172],[26.287,36.5193],[26.2864,36.5234],[26.2856,36.5255],[26.2839,36.5276],[26.2811,36.5359],[26.2786,36.538],[26.2775,36.5401],[26.2773,36.5432],[26.2767,36.5453],[26.2714,36.5464],[26.2682,36.5501],[26.263,36.5525],[26.2609,36.5547],[26.2609,36.5568],[26.262,36.5582],[26.2641,36.5589],[26.2672,36.5578],[26.2682,36.5568],[26.2703,36.5568],[26.2714,36.5578],[26.2724,36.5578],[26.2724,36.5609],[26.2732,36.562],[26.2703,36.562],[26.2693,36.5609],[26.2672,36.562],[26.2682,36.5658],[26.2693,36.5661],[26.2703,36.5651],[26.2714,36.5651],[26.2724,36.5661],[26.2721,36.5682],[26.2714,36.5693],[26.2714,36.5703],[26.2703,36.5701],[26.2703,36.5693],[26.2693,36.5682],[26.2682,36.5693],[26.2693,36.5703],[26.27,36.5703],[26.2693,36.5703],[26.2682,36.5714],[26.2682,36.5724],[26.2672,36.5724],[26.2661,36.5714],[26.2651,36.5724],[26.2651,36.5734],[26.2661,36.5745],[26.2672,36.5745],[26.2651,36.5776],[26.263,36.5776],[26.262,36.5766],[26.2609,36.5776],[26.2609,36.5797],[26.2596,36.5807],[26.2599,36.5828],[26.262,36.5849],[26.263,36.5839],[26.263,36.5849],[26.2641,36.5859],[26.2641,36.587],[26.262,36.5891],[26.262,36.5901],[26.2589,36.5901],[26.2578,36.5891],[26.2568,36.5901],[26.2589,36.5932],[26.262,36.5932],[26.2641,36.5953],[26.2661,36.5953],[26.2672,36.5964],[26.2661,36.5974],[26.2661,36.5984],[26.2651,36.5974],[26.2641,36.5984],[26.2661,36.6016],[26.2672,36.6016],[26.2698,36.5984],[26.2703,36.5984],[26.2714,36.5995],[26.2724,36.5995],[26.2734,36.6006],[26.2745,36.5995],[26.2734,36.5984],[26.2786,36.5984],[26.2797,36.5995],[26.2807,36.5988],[26.2828,36.5987],[26.287,36.6006],[26.2943,36.6009],[26.3047,36.5974],[26.3057,36.5964],[26.3047,36.5953],[26.3057,36.5953],[26.3068,36.5964],[26.3078,36.5964],[26.3089,36.5974],[26.3099,36.5964],[26.3089,36.5953],[26.3089,36.5943],[26.3099,36.5943],[26.3109,36.5953],[26.3141,36.596],[26.3152,36.5943],[26.3154,36.5922],[26.3161,36.5911],[26.3151,36.5901],[26.3182,36.5901],[26.3193,36.5891],[26.3203,36.5901],[26.3214,36.5896],[26.3224,36.588],[26.3214,36.587],[26.3206,36.587],[26.3206,36.5859],[26.3224,36.5839],[26.3255,36.5839],[26.3266,36.5828],[26.3328,36.5828],[26.3339,36.5818],[26.3391,36.5818],[26.3401,36.5828],[26.3411,36.5818],[26.3401,36.5807],[26.3401,36.5797],[26.3411,36.5786],[26.3411,36.578],[26.3411,36.5786],[26.3422,36.5797],[26.3432,36.5786],[26.3422,36.5776],[26.3414,36.5776],[26.3411,36.5766],[26.3415,36.5734],[26.3422,36.5734],[26.3432,36.5724],[26.3422,36.5714],[26.3415,36.5714],[26.3432,36.5706],[26.3453,36.5706],[26.3464,36.5714],[26.3541,36.5714],[26.3557,36.5727],[26.3578,36.5732],[26.3589,36.5739],[26.3589,36.5745],[26.3599,36.5755],[26.3606,36.5755],[26.3589,36.5797],[26.3619,36.5818],[26.362,36.5836],[26.3609,36.5834],[26.3602,36.5849],[26.362,36.5859],[26.363,36.5879],[26.3651,36.588],[26.3665,36.587],[26.3666,36.5859],[26.3686,36.5859],[26.3693,36.5864],[26.3701,36.5859],[26.372,36.5859],[26.3755,36.5891],[26.3775,36.5891],[26.3776,36.5901],[26.3807,36.5932],[26.3807,36.5943],[26.3818,36.5953],[26.3828,36.5953],[26.3839,36.5943],[26.3835,36.5922],[26.3839,36.5918],[26.3858,36.5911],[26.388,36.5916],[26.388,36.5922],[26.3891,36.5933],[26.3902,36.5922],[26.3887,36.5911],[26.3911,36.5911],[26.3953,36.5865],[26.3961,36.5859],[26.3974,36.5859],[26.3984,36.5849],[26.4011,36.5849],[26.4029,36.5859],[26.402,36.587],[26.3974,36.5891],[26.3966,36.5901],[26.3951,36.5943],[26.3911,36.5995],[26.3911,36.6005],[26.3922,36.6016],[26.3922,36.6021],[26.3901,36.6005],[26.3891,36.6016],[26.3901,36.6026],[26.3891,36.6036],[26.3901,36.6047],[26.3911,36.6047],[26.3922,36.6035],[26.3944,36.6036],[26.3932,36.6036],[26.387,36.6103],[26.3828,36.6099],[26.3797,36.613],[26.3795,36.6151],[26.3786,36.6151],[26.3776,36.6161],[26.3775,36.6193],[26.3762,36.6203],[26.3745,36.6203],[26.3724,36.6234],[26.3724,36.6255],[26.3733,36.6266],[26.3732,36.6276],[26.3714,36.6297],[26.3712,36.6328],[26.3693,36.6349],[26.3693,36.637],[26.374,36.6401],[26.3745,36.6432],[26.3766,36.6453],[26.3786,36.6455],[26.3786,36.6464],[26.3797,36.6474],[26.3828,36.6474],[26.3849,36.6453],[26.387,36.6453],[26.388,36.6464],[26.3911,36.6464],[26.3922,36.6453],[26.3964,36.6453],[26.3984,36.6434],[26.4016,36.6432],[26.4026,36.6422],[26.4036,36.6422],[26.4064,36.6391],[26.4089,36.6372],[26.4099,36.637],[26.412,36.6351],[26.4203,36.631],[26.4234,36.6307],[26.4255,36.6289],[26.4266,36.6286],[26.4276,36.6276],[26.4278,36.6266],[26.4318,36.6228],[26.4349,36.6214],[26.438,36.6186],[26.4401,36.6182],[26.4422,36.6163],[26.4432,36.6161],[26.4443,36.6151],[26.4443,36.6144],[26.4452,36.613],[26.4474,36.611],[26.4495,36.6101],[26.4526,36.6099],[26.4547,36.6089],[26.4599,36.6036],[26.4602,36.6026],[26.4651,36.5987],[26.4661,36.5984],[26.4682,36.5964],[26.468,36.5932],[26.4694,36.5901],[26.4724,36.587],[26.4724,36.5859],[26.4734,36.5859],[26.4745,36.5849],[26.4745,36.5839],[26.4755,36.5839],[26.4776,36.5818],[26.4776,36.5776],[26.4766,36.5766],[26.4734,36.5761],[26.4724,36.5755],[26.4714,36.5758],[26.4672,36.5752],[26.4661,36.5743],[26.4651,36.5742],[26.464,36.5766],[26.463,36.5772],[26.4609,36.5758],[26.4599,36.5765],[26.4594,36.5745],[26.4599,36.5734],[26.4589,36.5738],[26.4578,36.5734],[26.4526,36.5737],[26.4516,36.5755],[26.4526,36.5766],[26.4532,36.5766],[26.4526,36.5776],[26.4516,36.5776],[26.4505,36.5783],[26.4495,36.5776],[26.4481,36.5786],[26.4474,36.5786],[26.4464,36.5797],[26.4464,36.5818],[26.4474,36.5828],[26.4495,36.5828],[26.4526,36.5807],[26.4536,36.5807],[26.4547,36.5818],[26.4547,36.5839],[26.4536,36.5839],[26.4526,36.5849],[26.4516,36.5859],[26.4516,36.587],[26.4495,36.5891],[26.4467,36.5891],[26.4474,36.588],[26.4443,36.5852],[26.4411,36.5841],[26.438,36.5821],[26.4339,36.5819],[26.4328,36.5807],[26.432,36.5807],[26.4318,36.5776],[26.4328,36.5766],[26.4328,36.5745],[26.4322,36.5734],[26.4307,36.5724],[26.4266,36.5715],[26.4245,36.5734],[26.4255,36.5745],[26.4245,36.5752],[26.4245,36.5745],[26.4234,36.5734],[26.4224,36.5745],[26.4234,36.5755],[26.4242,36.5755],[26.4234,36.5766],[26.4234,36.5792],[26.4224,36.5784],[26.4224,36.5776],[26.4206,36.5755],[26.4214,36.5755],[26.4224,36.5745],[26.4224,36.5714],[26.4214,36.5691],[26.4193,36.5679],[26.4161,36.5671],[26.4137,36.5682],[26.412,36.5703],[26.412,36.5714],[26.4106,36.5724],[26.4099,36.5724],[26.4078,36.5755],[26.4078,36.5745],[26.4068,36.5734],[26.407,36.5693],[26.4078,36.5682],[26.4068,36.5672],[26.4026,36.5714],[26.4016,36.5714],[26.4005,36.5724],[26.401,36.5734],[26.3995,36.5734],[26.3974,36.575],[26.3953,36.5748],[26.3943,36.5741],[26.3932,36.5745],[26.3922,36.5756],[26.3891,36.5734],[26.388,36.5745],[26.388,36.5751],[26.387,36.5753],[26.3856,36.5745],[26.3859,36.5722],[26.388,36.5724],[26.3906,36.5703],[26.3932,36.5703],[26.3943,36.5693],[26.3943,36.5682],[26.3935,36.5672],[26.3943,36.5661],[26.3943,36.563],[26.3953,36.5641],[26.3964,36.5641],[26.3998,36.5589],[26.3974,36.5557],[26.3964,36.5557],[26.3947,36.5568],[26.3943,36.5578],[26.3953,36.5589],[26.3932,36.5589],[26.3922,36.5578],[26.3916,36.5578],[26.3922,36.5567],[26.3901,36.5589],[26.3911,36.5599],[26.3919,36.5599],[26.3911,36.5599],[26.3901,36.5609],[26.3911,36.562],[26.3901,36.563],[26.3911,36.5641],[26.3891,36.5672],[26.3891,36.5693],[26.3849,36.5693],[26.3839,36.5703],[26.3839,36.5709],[26.3807,36.5711],[26.3793,36.5724],[26.3776,36.573],[26.377,36.5724],[26.3776,36.5714],[26.3766,36.5703],[26.3755,36.5711],[26.3734,36.5711],[26.3714,36.5734],[26.3682,36.5734],[26.3672,36.5745],[26.3672,36.5763],[26.3661,36.5763],[26.3657,36.5745],[26.3672,36.5734],[26.3661,36.5703],[26.3675,36.5693],[26.3672,36.5676],[26.3693,36.5651],[26.3693,36.5644],[26.3703,36.563],[26.3706,36.5609],[26.3714,36.5609],[26.3729,36.5599],[26.3723,36.5589],[26.3714,36.5579],[26.3693,36.5584],[26.3682,36.5599],[26.3693,36.5609],[26.37,36.5609],[26.3672,36.5609],[26.3661,36.562],[26.3661,36.563],[26.3641,36.5651],[26.3641,36.5661],[26.363,36.5648],[26.362,36.5646],[26.3623,36.563],[26.3609,36.562],[26.358,36.5651],[26.3557,36.5645],[26.3551,36.563],[26.3557,36.563],[26.3568,36.562],[26.3568,36.5609],[26.3557,36.5599],[26.3564,36.5589],[26.3589,36.5589],[26.362,36.556],[26.362,36.5568],[26.363,36.5578],[26.3641,36.5568],[26.363,36.5557],[26.3622,36.5557],[26.363,36.5557],[26.3645,36.5547],[26.363,36.5526],[26.3609,36.5544],[26.3599,36.5543],[26.3599,36.5536],[26.363,36.5505],[26.362,36.5495],[26.3612,36.5495],[26.362,36.5495],[26.3633,36.5484],[26.363,36.547],[26.362,36.5464],[26.3596,36.5484],[26.3578,36.5484],[26.3568,36.5474],[26.362,36.5422],[26.3599,36.5401],[26.3589,36.5411],[26.3589,36.542],[26.3578,36.5411],[26.3568,36.5411],[26.3568,36.5391],[26.3557,36.538],[26.3547,36.538],[26.3536,36.5391],[26.3547,36.5401],[26.3536,36.5401],[26.3526,36.5409],[26.3516,36.5409],[26.3505,36.5401],[26.3495,36.5411],[26.3464,36.5411],[26.3453,36.5418],[26.3434,36.5411],[26.3443,36.5401],[26.3432,36.5386],[26.3422,36.5391],[26.3422,36.538],[26.3443,36.5359],[26.3453,36.5339],[26.3453,36.5328],[26.3464,36.5318],[26.3474,36.5318],[26.3484,36.5307],[26.3505,36.5307],[26.3516,36.5297],[26.3526,36.5297],[26.3539,36.5286],[26.3578,36.5286],[26.3589,36.5276],[26.3599,36.5286],[26.3609,36.5276],[26.3589,36.5255],[26.3578,36.5255],[26.3599,36.5234],[26.3609,36.5245],[26.362,36.5234],[26.3621,36.5214],[26.3633,36.5203],[26.3641,36.5203],[26.3661,36.5182],[26.3661,36.5172],[26.3672,36.5172],[26.3682,36.5161],[26.3682,36.512],[26.3693,36.512],[26.3703,36.5109],[26.3703,36.5068],[26.3693,36.5057],[26.3661,36.5057],[26.3651,36.5068],[26.3609,36.5068],[26.3599,36.5078],[26.3578,36.5078],[26.3557,36.5057],[26.3505,36.5057],[26.3495,36.5068],[26.3464,36.5068],[26.3443,36.5087],[26.3422,36.5095],[26.3411,36.5109],[26.3411,36.512],[26.3401,36.5128],[26.3391,36.5128],[26.3382,36.512],[26.3391,36.512],[26.3401,36.5109],[26.338,36.5089]],[[26.9714,36.4943],[26.9599,36.4943],[26.9589,36.4953],[26.9589,36.4984],[26.9599,36.4995],[26.9599,36.5016],[26.962,36.5036],[26.963,36.5036],[26.9641,36.5047],[26.9641,36.5057],[26.9661,36.5078],[26.9672,36.5078],[26.9682,36.5088],[26.9766,36.5088],[26.9776,36.5099],[26.9828,36.5099],[26.9838,36.5089],[26.9838,36.5078],[26.9818,36.5057],[26.9828,36.5047],[26.9818,36.5036],[26.9818,36.5026],[26.9797,36.5005],[26.9797,36.4995],[26.9786,36.4984],[26.9776,36.4984],[26.9766,36.4974],[26.9755,36.4974],[26.9734,36.4953],[26.9724,36.4953]],[[26.6245,36.417],[26.6193,36.417],[26.6151,36.4182],[26.613,36.4203],[26.613,36.4224],[26.6151,36.4245],[26.6214,36.4245],[26.6224,36.4255],[26.6245,36.4255],[26.6266,36.4224],[26.6266,36.4203],[26.6266,36.4182],[26.6255,36.4172]],[[26.6016,36.4149],[26.5943,36.4151],[26.5932,36.4161],[26.5932,36.4193],[26.5953,36.4214],[26.5974,36.4214],[26.5984,36.4224],[26.6026,36.4224],[26.6036,36.4214],[26.6036,36.4172]],[[26.687,36.3232],[26.6859,36.3224],[26.6818,36.3224],[26.6797,36.3245],[26.6797,36.327],[26.6786,36.3274],[26.6755,36.3266],[26.6682,36.3266],[26.6672,36.3275],[26.6661,36.3276],[26.662,36.3327],[26.6599,36.3328],[26.6589,36.3339],[26.6589,36.337],[26.6597,36.338],[26.6589,36.3411],[26.6593,36.3453],[26.6568,36.3492],[26.6547,36.3495],[26.6536,36.3505],[26.6535,36.3526],[26.6526,36.3536],[26.6526,36.3568],[26.6536,36.3578],[26.6589,36.36],[26.6641,36.3605],[26.6682,36.363],[26.6703,36.3633],[26.6724,36.363],[26.6734,36.362],[26.6745,36.362],[26.6776,36.3599],[26.6807,36.362],[26.6818,36.362],[26.6828,36.3609],[26.6839,36.3609],[26.6849,36.3599],[26.6849,36.3589],[26.6859,36.3589],[26.687,36.3578],[26.687,36.3568],[26.6901,36.3536],[26.6901,36.3526],[26.6911,36.3526],[26.6922,36.3516],[26.6922,36.3484],[26.6953,36.3455],[26.6984,36.3453],[26.7005,36.3432],[26.7005,36.3422],[26.7005,36.3401],[26.6996,36.3391],[26.6995,36.338],[26.6965,36.3359],[26.6964,36.3328],[26.6953,36.3318],[26.6932,36.3314],[26.6926,36.3307],[26.6922,36.3276]],[[26.7297,36.3198],[26.7255,36.3203],[26.7245,36.3214],[26.7266,36.3245],[26.7276,36.3245],[26.7286,36.3234],[26.7286,36.3255],[26.7297,36.3266],[26.7286,36.3276],[26.7297,36.3286],[26.7307,36.3276],[26.7318,36.3286],[26.7338,36.3266],[26.7339,36.3245],[26.7307,36.3204]],[[26.763,36.2974],[26.7609,36.2974],[26.7599,36.2984],[26.7578,36.2984],[26.7568,36.2992],[26.7568,36.2984],[26.7557,36.2974],[26.7542,36.2984],[26.7536,36.2995],[26.7547,36.3005],[26.7547,36.3026],[26.7557,36.3036],[26.7568,36.3036],[26.7578,36.3026],[26.7599,36.3026],[26.7609,36.3016],[26.762,36.3016],[26.7641,36.2995],[26.7641,36.2984]],[[26.7443,36.2919],[26.7422,36.2922],[26.7411,36.2911],[26.738,36.2932],[26.7349,36.2964],[26.7349,36.2995],[26.7359,36.3005],[26.7359,36.3016],[26.7391,36.3047],[26.7432,36.3037],[26.7446,36.3016],[26.7446,36.2974],[26.7453,36.2964],[26.7453,36.2953],[26.7445,36.2943],[26.7453,36.2932]],[[26.6922,36.2786],[26.6901,36.2786],[26.6891,36.2797],[26.6891,36.2807],[26.6901,36.2818],[26.6901,36.2828],[26.6891,36.2839],[26.6901,36.2849],[26.6932,36.2818],[26.6922,36.2807],[26.6932,36.2797]],[[26.7536,36.2786],[26.7505,36.2786],[26.7495,36.2797],[26.7501,36.2807],[26.7495,36.2807],[26.7484,36.2818],[26.7484,36.2807],[26.7474,36.2797],[26.7391,36.2797],[26.737,36.2828],[26.737,36.2859],[26.738,36.287],[26.7422,36.287],[26.7411,36.287],[26.7391,36.2891],[26.7401,36.2901],[26.7464,36.2901],[26.7484,36.288],[26.7495,36.288],[26.7505,36.287],[26.7498,36.2859],[26.7497,36.2849],[26.7505,36.2839],[26.7516,36.2839],[26.7557,36.2807]],[[26.413,36.0422],[26.4089,36.0422],[26.4068,36.0443],[26.4068,36.0517],[26.4047,36.0544],[26.4026,36.0547],[26.4016,36.0557],[26.4015,36.0589],[26.403,36.0609],[26.4028,36.062],[26.4005,36.0628],[26.3953,36.0687],[26.3932,36.0692],[26.3911,36.0714],[26.3914,36.0766],[26.3891,36.0786],[26.3891,36.0807],[26.3891,36.0828],[26.3911,36.0849],[26.3953,36.0849],[26.3974,36.0827],[26.3991,36.0818],[26.4005,36.0811],[26.4036,36.0807],[26.4057,36.0797],[26.4089,36.0766],[26.409,36.0714],[26.4099,36.0703],[26.4101,36.0682],[26.4109,36.0672],[26.4109,36.063],[26.4099,36.062],[26.4068,36.062],[26.406,36.0609],[26.4063,36.0599],[26.4089,36.0578],[26.4091,36.0536],[26.412,36.0526],[26.413,36.0516],[26.4131,36.0474],[26.4141,36.0464],[26.4141,36.0443],[26.4141,36.0432]]]}},{"type":"Feature","properties":{"depth":10,"kind":"band"},"geometry":{"type":"MultiPolygon","coordinates":[[[[26.9058,36.9995],[26.9057,37],[26.9057,36.999],[26.9058,36.9995]]],[[[26.459,36.9984],[26.4598,36.9995],[26.4589,37],[26.4589,36.9977],[26.459,36.9984]]],[[[26.4328,36.9964],[26.4328,36.9984],[26.4324,36.9984],[26.4314,36.9974],[26.4328,36.9964]]],[[[26.9236,36.987],[26.9246,36.988],[26.9255,36.9911],[26.9266,36.9901],[26.9266,36.9911],[26.9255,36.9922],[26.9255,36.9932],[26.9309,36.9953],[26.9315,36.9964],[26.9311,36.9984],[26.9322,36.9995],[26.9318,37],[26.9307,37],[26.9266,36.9976],[26.9255,36.9977],[26.9245,36.9985],[26.9234,36.9975],[26.9234,36.9901],[26.9229,36.987],[26.9234,36.9862],[26.9236,36.987]],[[26.9286,36.9961],[26.9281,36.9964],[26.9286,36.9969],[26.9286,36.9961]]],[[[26.9361,36.9339],[26.9339,36.9362],[26.9328,36.9363],[26.9323,36.9339],[26.9361,36.9339]]],[[[26.9661,36.9276],[26.9659,36.9286],[26.9657,36.9276],[26.9661,36.9276]]],[[[26.9443,36.9109],[26.9443,36.9114],[26.9438,36.9109],[26.9443,36.9109]]],[[[26.2797,36.5964],[26.2806,36.5974],[26.2797,36.5974],[26.2797,36.5964]]],[[[26.317,36.5964],[26.3161,36.5974],[26.3155,36.5964],[26.3161,36.5956],[26.317,36.5964]]],[[[26.3057,36.5953],[26.3057,36.5958],[26.3047,36.5953],[26.3057,36.5953]]],[[[26.2922,36.5943],[26.2922,36.5953],[26.2911,36.5962],[26.2911,36.5942],[26.2922,36.5943]]],[[[26.3099,36.5943],[26.3104,36.5953],[26.3099,36.5962],[26.3089,36.5953],[26.3089,36.5943],[26.3099,36.5943]]],[[[26.3956,36.5891],[26.3953,36.5898],[26.3944,36.5891],[26.3956,36.5891]]],[[[26.2807,36.588],[26.2818,36.5891],[26.2828,36.5891],[26.2849,36.5911],[26.2828,36.5932],[26.2828,36.5943],[26.2818,36.5943],[26.2807,36.5953],[26.2807,36.5928],[26.2813,36.5922],[26.2797,36.5911],[26.2776,36.5915],[26.2766,36.5911],[26.2776,36.5911],[26.2786,36.5901],[26.2787,36.5891],[26.2797,36.5877],[26.2807,36.588]]],[[[26.4318,36.5818],[26.4322,36.5828],[26.4318,36.5844],[26.4307,36.5828],[26.4318,36.5814],[26.4318,36.5818]]],[[[26.4245,36.5807],[26.4244,36.5818],[26.4231,36.5818],[26.4234,36.5806],[26.4245,36.5807]]],[[[26.3411,36.5786],[26.3421,36.5797],[26.3421,36.5807],[26.3411,36.5815],[26.3401,36.5807],[26.3401,36.5797],[26.3411,36.5783],[26.3411,36.5786]]],[[[26.47,36.5745],[26.4693,36.5748],[26.4688,36.5745],[26.4693,36.5738],[26.47,36.5745]]],[[[26.2714,36.5651],[26.2724,36.5664],[26.2718,36.5672],[26.2711,36.5703],[26.2693,36.5682],[26.2675,36.5672],[26.2698,36.5661],[26.2703,36.5651],[26.2714,36.5651]]],[[[26.3942,36.5578],[26.3953,36.5589],[26.3932,36.5589],[26.3928,36.5578],[26.3932,36.5572],[26.3942,36.5578]]],[[[26.269,36.5568],[26.2719,36.5578],[26.2724,36.5591],[26.2725,36.562],[26.2703,36.562],[26.2693,36.5598],[26.2682,36.5602],[26.2672,36.5599],[26.2669,36.5589],[26.2674,36.5578],[26.2682,36.5568],[26.269,36.5568]]],[[[26.4516,36.5495],[26.4516,36.55],[26.4511,36.5495],[26.4516,36.549],[26.4516,36.5495]]],[[[26.4548,36.5411],[26.4547,36.5424],[26.4533,36.5422],[26.4533,36.5411],[26.4548,36.5411]]],[[[26.4651,36.538],[26.4643,36.538],[26.4651,36.5376],[26.4651,36.538]]],[[[26.4734,36.538],[26.4743,36.5391],[26.4734,36.5391],[26.4734,36.538]]],[[[26.4643,36.537],[26.4641,36.5375],[26.4622,36.537],[26.4643,36.537]]],[[[26.4753,36.5349],[26.4771,36.5359],[26.4755,36.5365],[26.474,36.5359],[26.474,36.5349],[26.4753,36.5349]]],[[[26.463,36.5318],[26.462,36.5318],[26.462,36.5311],[26.463,36.5318]]],[[[26.4724,36.5307],[26.4724,36.5318],[26.4719,36.5318],[26.4714,36.5307],[26.4724,36.5307]]],[[[26.465,36.5297],[26.4655,36.5307],[26.4641,36.5307],[26.4641,36.5297],[26.465,36.5297]]],[[[26.6807,36.3286],[26.6797,36.3297],[26.6788,36.3286],[26.6797,36.3282],[26.6807,36.3286]]],[[[27,36.0005],[27,36.7505],[26.9995,36.7515],[26.9922,36.7498],[26.9901,36.749],[26.9901,36.7484],[26.9891,36.7474],[26.988,36.7474],[26.987,36.7484],[26.9839,36.7486],[26.9766,36.7455],[26.9752,36.7443],[26.9735,36.7391],[26.9728,36.738],[26.9728,36.737],[26.9745,36.737],[26.9755,36.7359],[26.9745,36.7349],[26.9736,36.7349],[26.9755,36.7333],[26.9788,36.7318],[26.9816,36.7286],[26.9846,36.7234],[26.9849,36.7214],[26.9859,36.7203],[26.9852,36.7172],[26.9859,36.7161],[26.985,36.7151],[26.9859,36.7141],[26.9839,36.712],[26.9828,36.712],[26.9818,36.7133],[26.9797,36.7132],[26.9786,36.7123],[26.9766,36.712],[26.9745,36.7102],[26.9734,36.71],[26.9714,36.707],[26.9702,36.7068],[26.9703,36.7057],[26.9691,36.7047],[26.9693,36.6953],[26.9683,36.6943],[26.9682,36.6922],[26.9693,36.6911],[26.9696,36.6901],[26.9699,36.6859],[26.9682,36.6839],[26.9693,36.6828],[26.9693,36.6815],[26.9714,36.6797],[26.9714,36.6786],[26.9734,36.6766],[26.9734,36.6755],[26.9755,36.6734],[26.9734,36.6711],[26.9721,36.6714],[26.9703,36.6703],[26.9682,36.6717],[26.9651,36.6716],[26.9641,36.6724],[26.963,36.6724],[26.9609,36.674],[26.9578,36.6746],[26.9547,36.6745],[26.948,36.6807],[26.9401,36.6831],[26.938,36.6866],[26.9301,36.6964],[26.9217,36.7026],[26.9181,36.7078],[26.9169,36.7109],[26.9138,36.7161],[26.9108,36.7172],[26.9094,36.7203],[26.9109,36.7235],[26.912,36.7226],[26.9152,36.7255],[26.9151,36.7266],[26.9134,36.7276],[26.9161,36.7335],[26.9162,36.737],[26.9187,36.7411],[26.9182,36.7429],[26.9171,36.7443],[26.917,36.7453],[26.9177,36.7464],[26.9163,36.7484],[26.9163,36.7505],[26.9193,36.7541],[26.9214,36.7577],[26.9207,36.7589],[26.9214,36.7599],[26.9213,36.7641],[26.9223,36.7651],[26.9234,36.7641],[26.9255,36.7636],[26.9276,36.7651],[26.928,36.7661],[26.9274,36.7672],[26.9286,36.7682],[26.9297,36.7672],[26.9307,36.7682],[26.937,36.7682],[26.938,36.7677],[26.9432,36.7701],[26.9475,36.7703],[26.9505,36.7712],[26.9568,36.7747],[26.962,36.7759],[26.9734,36.7753],[26.9859,36.776],[26.9908,36.7807],[26.9922,36.784],[26.9964,36.7867],[27,36.7922],[27,36.9422],[26.9995,36.9429],[26.9972,36.9422],[26.997,36.9401],[26.9959,36.9391],[26.9948,36.937],[26.9946,36.9349],[26.9938,36.9339],[26.9934,36.9318],[26.9924,36.9245],[26.9912,36.9224],[26.9891,36.9208],[26.9859,36.9201],[26.9776,36.9211],[26.9672,36.9213],[26.9609,36.9201],[26.9547,36.9197],[26.9531,36.9182],[26.9537,36.9161],[26.953,36.9151],[26.9514,36.9141],[26.9484,36.9102],[26.9459,36.9089],[26.9455,36.9078],[26.9443,36.9079],[26.9411,36.9058],[26.937,36.9057],[26.9328,36.9061],[26.9297,36.9076],[26.9283,36.9089],[26.9284,36.912],[26.9297,36.9139],[26.9328,36.9169],[26.9359,36.9161],[26.937,36.9151],[26.938,36.9161],[26.9422,36.9165],[26.9443,36.9193],[26.9453,36.9193],[26.9464,36.9184],[26.9484,36.9182],[26.9492,36.9193],[26.9504,36.9234],[26.9484,36.9266],[26.95,36.9276],[26.9484,36.9286],[26.9474,36.9286],[26.9469,36.9266],[26.9484,36.9255],[26.9474,36.9245],[26.9464,36.9245],[26.9453,36.9231],[26.9432,36.922],[26.9411,36.9216],[26.937,36.9244],[26.9349,36.9274],[26.9328,36.929],[26.9317,36.9339],[26.9295,36.9349],[26.9286,36.9364],[26.9276,36.9368],[26.9265,36.938],[26.9266,36.9397],[26.9276,36.9401],[26.9276,36.9422],[26.9289,36.9432],[26.9288,36.9443],[26.9271,36.9464],[26.9255,36.9465],[26.9245,36.945],[26.9233,36.9464],[26.9234,36.9471],[26.9244,36.9474],[26.9224,36.9474],[26.9214,36.9464],[26.9186,36.9464],[26.9161,36.9449],[26.9141,36.9449],[26.9126,36.9453],[26.9078,36.9495],[26.9078,36.9536],[26.9087,36.9547],[26.9118,36.9568],[26.9182,36.9599],[26.9214,36.9637],[26.9234,36.9653],[26.9264,36.9693],[26.9266,36.9712],[26.9255,36.9721],[26.9255,36.973],[26.9264,36.9724],[26.9266,36.9718],[26.9282,36.9724],[26.9255,36.9745],[26.9229,36.9776],[26.9234,36.9831],[26.9224,36.9835],[26.9214,36.9847],[26.9203,36.9844],[26.9193,36.9854],[26.9182,36.9849],[26.9161,36.9855],[26.9126,36.9891],[26.913,36.9909],[26.9141,36.9911],[26.9143,36.9943],[26.9151,36.995],[26.9163,36.9953],[26.9161,36.9969],[26.9141,36.9984],[26.9109,36.9986],[26.9108,36.9974],[26.9099,36.9968],[26.9078,36.9968],[26.9068,36.9964],[26.9055,36.9974],[26.9057,36.9984],[26.9047,36.9989],[26.9036,36.9981],[26.9026,37],[26.5016,37],[26.501,36.9995],[26.5005,36.9974],[26.4984,36.9953],[26.4651,36.9953],[26.4641,36.996],[26.4609,36.9964],[26.4599,36.9976],[26.4564,36.9974],[26.4557,36.9963],[26.4557,36.9945],[26.4568,36.9932],[26.4568,36.9901],[26.4557,36.9891],[26.4505,36.9891],[26.4484,36.9912],[26.4474,36.9901],[26.4453,36.9901],[26.4443,36.9891],[26.4411,36.9891],[26.4401,36.9901],[26.438,36.9901],[26.437,36.9891],[26.4339,36.9891],[26.4328,36.9901],[26.4297,36.9901],[26.4245,36.9901],[26.4234,36.9891],[26.4182,36.9891],[26.4171,36.9901],[26.4169,36.9943],[26.4192,36.9984],[26.4208,36.9995],[26.4203,37],[26.0005,37],[26,36.9995],[26,36.9391],[26.0005,36.9384],[26.0016,36.9391],[26.0089,36.9391],[26.0105,36.937],[26.0151,36.937],[26.0161,36.9364],[26.0193,36.9359],[26.0245,36.9323],[26.0286,36.9268],[26.0328,36.9248],[26.0391,36.9203],[26.0411,36.9196],[26.0443,36.9165],[26.0495,36.9153],[26.0526,36.9129],[26.0557,36.9118],[26.0599,36.9107],[26.0651,36.91],[26.0693,36.9075],[26.0745,36.9058],[26.0828,36.901],[26.087,36.8997],[26.0895,36.8974],[26.0898,36.8964],[26.0897,36.8953],[26.088,36.8932],[26.087,36.8931],[26.0859,36.8922],[26.0849,36.8922],[26.0839,36.8911],[26.0818,36.8911],[26.0807,36.8901],[26.0766,36.8901],[26.0755,36.891],[26.0714,36.891],[26.0693,36.891],[26.0682,36.8901],[26.0672,36.8901],[26.0661,36.8911],[26.0651,36.8911],[26.063,36.891],[26.062,36.8901],[26.0609,36.8912],[26.0589,36.8912],[26.0568,36.8932],[26.0557,36.8932],[26.0536,36.8953],[26.0526,36.8953],[26.0505,36.8974],[26.0505,36.8982],[26.0495,36.8982],[26.0495,36.8974],[26.0484,36.8964],[26.0443,36.8963],[26.0432,36.8952],[26.0422,36.8953],[26.0411,36.8963],[26.0401,36.8963],[26.038,36.8943],[26.0245,36.8943],[26.0234,36.8932],[26.0224,36.8932],[26.0214,36.8922],[26.0194,36.8922],[26.0182,36.8912],[26.0172,36.8912],[26.0161,36.8921],[26.0141,36.8921],[26.012,36.8901],[26.0109,36.8901],[26.0099,36.891],[26.0078,36.8891],[26.0058,36.8891],[26.0026,36.887],[26.0016,36.8879],[26,36.8859],[26,36.0005],[26.0005,36],[26.4318,36],[26.4326,36.0005],[26.4328,36.0017],[26.4339,36.0029],[26.4349,36.0037],[26.4359,36.0037],[26.437,36.0036],[26.438,36.0029],[26.4391,36.0016],[26.4392,36.0005],[26.4401,36],[26.9995,36],[27,36.0005]],[[26.388,36.9901],[26.3839,36.9901],[26.3797,36.9931],[26.3755,36.9929],[26.3714,36.9911],[26.3672,36.9908],[26.3661,36.9901],[26.3609,36.9901],[26.3599,36.9911],[26.3598,36.9922],[26.3599,36.9932],[26.3607,36.9943],[26.3651,36.9964],[26.3693,36.9968],[26.3745,36.9984],[26.3828,36.9984],[26.388,36.9956],[26.3891,36.9956],[26.3901,36.9943],[26.3897,36.9922],[26.388,36.9901]],[[26.3286,36.9827],[26.3276,36.9818],[26.3203,36.9818],[26.3188,36.9828],[26.3193,36.9836],[26.319,36.9859],[26.3223,36.9891],[26.3245,36.9894],[26.3255,36.9901],[26.3286,36.9901],[26.3328,36.9881],[26.3331,36.987],[26.3328,36.9839],[26.3318,36.9828],[26.3286,36.9827]],[[26.9141,36.9711],[26.9089,36.9718],[26.9068,36.9731],[26.9065,36.9766],[26.9089,36.9801],[26.9109,36.9805],[26.9119,36.9797],[26.912,36.9786],[26.913,36.979],[26.9159,36.9755],[26.9172,36.9752],[26.918,36.9745],[26.9141,36.9711]],[[26.2859,36.9672],[26.2786,36.9672],[26.2766,36.9689],[26.2724,36.9693],[26.2714,36.9702],[26.2682,36.9714],[26.2672,36.9724],[26.2671,36.9786],[26.2692,36.9818],[26.2695,36.9839],[26.2693,36.9849],[26.2682,36.9859],[26.2682,36.9891],[26.2693,36.9901],[26.2714,36.9901],[26.2747,36.988],[26.2755,36.988],[26.2786,36.9864],[26.2828,36.9859],[26.2859,36.987],[26.2891,36.9871],[26.2953,36.9911],[26.3005,36.9915],[26.3036,36.9932],[26.3057,36.9932],[26.3068,36.9925],[26.3089,36.9922],[26.3109,36.9903],[26.3127,36.987],[26.3135,36.9839],[26.313,36.9807],[26.312,36.9797],[26.3089,36.9776],[26.3057,36.9771],[26.305,36.9766],[26.3047,36.9745],[26.3036,36.9734],[26.2984,36.9729],[26.2964,36.9717],[26.2932,36.9682],[26.2911,36.968],[26.2901,36.9672],[26.2859,36.9672]],[[26.1734,36.8959],[26.1703,36.8958],[26.1651,36.8974],[26.163,36.8984],[26.1606,36.9005],[26.1611,36.9016],[26.1595,36.9047],[26.1594,36.9068],[26.1624,36.912],[26.1641,36.9134],[26.1693,36.9135],[26.1703,36.9129],[26.1718,36.9109],[26.1724,36.9057],[26.1741,36.9036],[26.1751,36.9005],[26.175,36.8974],[26.1734,36.8959]],[[26.9234,36.8806],[26.9203,36.8811],[26.9182,36.8828],[26.9182,36.8839],[26.9193,36.8849],[26.9182,36.8849],[26.9172,36.8859],[26.9193,36.8891],[26.9214,36.8891],[26.9203,36.8901],[26.9214,36.8911],[26.9245,36.8915],[26.9255,36.8921],[26.9263,36.8901],[26.9274,36.8891],[26.9275,36.887],[26.9266,36.8849],[26.9267,36.8839],[26.9259,36.8818],[26.9234,36.8806]],[[26.363,36.5903],[26.362,36.5904],[26.3578,36.5923],[26.3557,36.5938],[26.3553,36.5943],[26.3557,36.5947],[26.3578,36.5959],[26.3578,36.5974],[26.3557,36.6005],[26.3557,36.6013],[26.3536,36.6019],[26.3505,36.6046],[26.3484,36.6051],[26.3453,36.6089],[26.3441,36.6099],[26.3432,36.6099],[26.3422,36.6113],[26.3391,36.6114],[26.3384,36.612],[26.338,36.6141],[26.3359,36.6172],[26.3358,36.6182],[26.337,36.6193],[26.338,36.6182],[26.338,36.6172],[26.3391,36.6168],[26.3401,36.6153],[26.3411,36.6154],[26.3422,36.6165],[26.3474,36.6157],[26.3484,36.6172],[26.3495,36.6161],[26.3479,36.6151],[26.3484,36.613],[26.3516,36.611],[26.3536,36.6106],[26.3542,36.6099],[26.3536,36.6089],[26.3547,36.6078],[26.3557,36.6076],[26.3574,36.6057],[26.3578,36.6027],[26.3589,36.6024],[26.3599,36.6026],[26.3616,36.6005],[26.362,36.596],[26.3651,36.5922],[26.363,36.5903]],[[26.4432,36.5741],[26.4422,36.5737],[26.4411,36.5758],[26.4422,36.5763],[26.4436,36.5745],[26.4432,36.5741]],[[26.2578,36.5711],[26.2547,36.5714],[26.2533,36.5734],[26.2547,36.5745],[26.2547,36.5755],[26.2556,36.5766],[26.2536,36.5786],[26.2547,36.5798],[26.2589,36.5797],[26.2609,36.5776],[26.2605,36.5766],[26.2609,36.5755],[26.2607,36.5745],[26.2628,36.5745],[26.2622,36.5734],[26.2578,36.5711]],[[26.4036,36.5588],[26.4026,36.5587],[26.4016,36.5599],[26.4005,36.5599],[26.3995,36.5609],[26.3995,36.562],[26.3974,36.5641],[26.3974,36.5665],[26.3968,36.5672],[26.397,36.5682],[26.4016,36.5682],[26.4026,36.5672],[26.4036,36.5672],[26.4047,36.5661],[26.4057,36.5661],[26.4073,36.5651],[26.4078,36.5641],[26.4063,36.5609],[26.4057,36.5604],[26.4047,36.5604],[26.4036,36.5588]],[[26.3651,36.556],[26.3643,36.5568],[26.3651,36.5572],[26.3658,36.5568],[26.3651,36.556]],[[26.2318,36.5462],[26.2297,36.5454],[26.2276,36.5454],[26.2235,36.5464],[26.2193,36.5523],[26.2193,36.5547],[26.2205,36.5589],[26.2206,36.5609],[26.2212,36.563],[26.2224,36.5641],[26.2276,36.5642],[26.2328,36.562],[26.236,36.5578],[26.2362,36.5516],[26.2354,36.5505],[26.2354,36.5495],[26.234,36.5484],[26.2339,36.5471],[26.2328,36.5477],[26.2318,36.5462]],[[26.4068,36.5421],[26.4036,36.5425],[26.4026,36.5443],[26.4016,36.5447],[26.4005,36.543],[26.3989,36.5443],[26.401,36.5453],[26.4005,36.5464],[26.4005,36.5505],[26.4016,36.5516],[26.4068,36.5516],[26.4085,36.5495],[26.4086,36.5474],[26.4099,36.547],[26.412,36.5443],[26.4109,36.5432],[26.4089,36.5432],[26.4068,36.5421]],[[26.4464,36.54],[26.4443,36.5395],[26.4428,36.5401],[26.4415,36.5411],[26.4432,36.5422],[26.4432,36.5431],[26.4401,36.542],[26.4359,36.5458],[26.4355,36.5464],[26.437,36.5505],[26.4411,36.5514],[26.4432,36.5495],[26.4432,36.5505],[26.4443,36.5516],[26.4464,36.5526],[26.4477,36.5526],[26.4484,36.5536],[26.4484,36.5547],[26.4474,36.5557],[26.4471,36.5568],[26.4481,36.5578],[26.4484,36.5589],[26.4505,36.5593],[26.4516,36.5587],[26.4536,36.5586],[26.4547,36.5568],[26.4557,36.5568],[26.4568,36.5583],[26.4577,36.5578],[26.4578,36.5568],[26.4568,36.5557],[26.4593,36.5536],[26.4578,36.5503],[26.4568,36.5499],[26.4557,36.5488],[26.4522,36.5484],[26.4526,36.5474],[26.4505,36.5446],[26.4474,36.5443],[26.4464,36.5453],[26.4464,36.5464],[26.4453,36.5464],[26.4443,36.5444],[26.4432,36.5443],[26.4432,36.5435],[26.4443,36.5443],[26.4453,36.5443],[26.4474,36.5422],[26.4474,36.5411],[26.4464,36.54]],[[26.1453,36.5241],[26.1422,36.5241],[26.1401,36.5254],[26.1394,36.5266],[26.1381,36.5328],[26.1384,36.5359],[26.1397,36.5391],[26.1403,36.5422],[26.1393,36.5443],[26.1394,36.5453],[26.1349,36.5473],[26.1339,36.5473],[26.1321,36.5484],[26.1297,36.5521],[26.1293,36.5547],[26.1297,36.5561],[26.1319,36.5578],[26.1422,36.5616],[26.1464,36.5641],[26.1495,36.5641],[26.1505,36.563],[26.1509,36.5609],[26.1505,36.5536],[26.1509,36.5484],[26.1502,36.5464],[26.1508,36.5453],[26.1504,36.5443],[26.1508,36.5339],[26.1496,36.5307],[26.1502,36.5297],[26.1493,36.5266],[26.1453,36.5241]],[[26.2297,36.5243],[26.2276,36.5244],[26.2263,36.5255],[26.2259,36.5286],[26.2264,36.5307],[26.2278,36.5328],[26.2297,36.534],[26.2307,36.5334],[26.2318,36.5338],[26.2338,36.5318],[26.2334,36.5297],[26.234,36.5286],[26.2318,36.5254],[26.2297,36.5243]],[[26.4661,36.5234],[26.463,36.5234],[26.462,36.5245],[26.4609,36.5245],[26.4599,36.5255],[26.4597,36.5266],[26.4583,36.5276],[26.4597,36.5286],[26.4591,36.5297],[26.4605,36.5307],[26.4593,36.5318],[26.4599,36.5326],[26.4609,36.5328],[26.4609,36.5349],[26.462,36.5359],[26.462,36.5367],[26.4609,36.5367],[26.4593,36.5359],[26.4592,36.5339],[26.4578,36.5325],[26.4557,36.5337],[26.4536,36.5326],[26.4516,36.5328],[26.45,36.5339],[26.4486,36.537],[26.4516,36.5382],[26.4516,36.5391],[26.4495,36.5391],[26.4484,36.5401],[26.4516,36.5432],[26.4526,36.5429],[26.4536,36.5445],[26.4557,36.5443],[26.4599,36.5462],[26.4609,36.5473],[26.4641,36.5477],[26.4651,36.5474],[26.4661,36.5496],[26.4672,36.5463],[26.4693,36.5464],[26.4734,36.5429],[26.4747,36.5411],[26.4746,36.5391],[26.4776,36.5363],[26.4797,36.5354],[26.4807,36.5339],[26.4807,36.5328],[26.4807,36.5318],[26.4786,36.5286],[26.4755,36.5285],[26.4724,36.5255],[26.4714,36.5255],[26.4703,36.5245],[26.4672,36.5245],[26.4661,36.5234]],[[26.3307,36.5036],[26.3245,36.5036],[26.3234,36.5042],[26.3193,36.5047],[26.3151,36.5068],[26.313,36.5089],[26.313,36.5099],[26.312,36.5109],[26.3109,36.5099],[26.3099,36.5099],[26.3089,36.5109],[26.3089,36.512],[26.3068,36.5141],[26.3068,36.5151],[26.3057,36.5161],[26.3068,36.5172],[26.3057,36.5182],[26.3053,36.5182],[26.3057,36.5172],[26.3038,36.5151],[26.3038,36.5141],[26.3026,36.513],[26.3005,36.5129],[26.2984,36.5135],[26.2974,36.512],[26.2932,36.5141],[26.2911,36.5138],[26.2891,36.514],[26.288,36.5151],[26.2849,36.5255],[26.2834,36.5276],[26.2807,36.5349],[26.2779,36.538],[26.2768,36.5401],[26.2766,36.5439],[26.2755,36.5447],[26.2745,36.5442],[26.2714,36.5457],[26.2677,36.5495],[26.263,36.5519],[26.2609,36.5539],[26.2604,36.5557],[26.2608,36.5578],[26.263,36.5601],[26.2641,36.5603],[26.2665,36.563],[26.2664,36.5641],[26.2674,36.5661],[26.2669,36.5672],[26.2679,36.5682],[26.2682,36.5693],[26.2697,36.5703],[26.2682,36.5714],[26.2682,36.5724],[26.2672,36.5724],[26.2651,36.571],[26.2634,36.5724],[26.2651,36.5739],[26.2672,36.5745],[26.2651,36.5776],[26.263,36.5776],[26.262,36.5766],[26.2609,36.5776],[26.2609,36.5797],[26.2594,36.5807],[26.2603,36.5839],[26.262,36.5849],[26.263,36.5843],[26.2638,36.5859],[26.2637,36.587],[26.262,36.5891],[26.262,36.5901],[26.2589,36.5901],[26.2578,36.5888],[26.2562,36.5901],[26.2578,36.5911],[26.2578,36.5922],[26.2589,36.5932],[26.262,36.5932],[26.2641,36.5953],[26.2661,36.5953],[26.2672,36.5964],[26.2661,36.5974],[26.2661,36.5984],[26.2651,36.5974],[26.2638,36.5984],[26.2651,36.5995],[26.2651,36.6005],[26.2661,36.6016],[26.2672,36.6016],[26.2703,36.5984],[26.2714,36.5995],[26.2724,36.5995],[26.2732,36.6016],[26.2714,36.6036],[26.2703,36.6036],[26.2693,36.6047],[26.2693,36.6057],[26.2714,36.6078],[26.2745,36.6064],[26.2749,36.6057],[26.2736,36.6026],[26.2753,36.6016],[26.2742,36.6005],[26.2753,36.5995],[26.2745,36.5986],[26.2734,36.5984],[26.2786,36.5984],[26.2797,36.5999],[26.2818,36.5991],[26.287,36.6011],[26.2943,36.6016],[26.3026,36.5992],[26.3057,36.5974],[26.3058,36.5964],[26.3078,36.5964],[26.3089,36.5979],[26.312,36.598],[26.3161,36.6],[26.3162,36.5974],[26.3173,36.5964],[26.3164,36.5953],[26.3157,36.5932],[26.3166,36.5911],[26.3161,36.5904],[26.3151,36.5901],[26.3182,36.5901],[26.3193,36.5891],[26.3214,36.5908],[26.3224,36.5906],[26.3234,36.5912],[26.3226,36.5901],[26.3228,36.588],[26.3208,36.587],[26.3214,36.5849],[26.323,36.5839],[26.3255,36.5839],[26.3271,36.5828],[26.3328,36.5828],[26.3339,36.5818],[26.3391,36.5818],[26.34,36.5839],[26.3411,36.5852],[26.342,36.5849],[26.3411,36.5839],[26.3422,36.5818],[26.3422,36.5797],[26.3432,36.5786],[26.3411,36.5768],[26.3411,36.5756],[26.3419,36.5734],[26.3432,36.5724],[26.3432,36.5716],[26.3516,36.5722],[26.3544,36.5745],[26.3586,36.5755],[26.3581,36.5766],[26.3586,36.5776],[26.3584,36.5797],[26.3611,36.5828],[26.3593,36.5849],[26.3599,36.5857],[26.3609,36.5861],[26.3612,36.587],[26.363,36.5887],[26.3661,36.5877],[26.3669,36.587],[26.3671,36.5859],[26.3693,36.5868],[26.3724,36.5872],[26.3745,36.5886],[26.3766,36.5892],[26.3776,36.5909],[26.3786,36.5912],[26.3806,36.5932],[26.3807,36.5943],[26.3818,36.5953],[26.3828,36.5953],[26.3839,36.5943],[26.3849,36.592],[26.388,36.5921],[26.388,36.5932],[26.3891,36.5945],[26.3904,36.5932],[26.3922,36.593],[26.393,36.5922],[26.392,36.5911],[26.3932,36.5898],[26.3943,36.5892],[26.395,36.5901],[26.3949,36.5922],[26.3936,36.5943],[26.3935,36.5953],[26.391,36.5984],[26.3911,36.6013],[26.3901,36.6005],[26.3891,36.6016],[26.3898,36.6026],[26.3891,36.6036],[26.3891,36.6053],[26.3903,36.6057],[26.3859,36.6098],[26.3828,36.6099],[26.3817,36.6109],[26.3776,36.6161],[26.3767,36.6193],[26.3755,36.6202],[26.3745,36.6203],[26.3734,36.6214],[26.3724,36.6234],[26.3727,36.6276],[26.3714,36.6297],[26.3707,36.6328],[26.3693,36.6349],[26.3693,36.637],[26.3724,36.6391],[26.3734,36.6404],[26.3745,36.6432],[26.3766,36.6453],[26.3776,36.6456],[26.3797,36.6474],[26.3828,36.6474],[26.3843,36.6464],[26.3849,36.6453],[26.3866,36.6453],[26.388,36.6464],[26.3911,36.6464],[26.3922,36.6457],[26.3964,36.6453],[26.3984,36.6438],[26.4016,36.6432],[26.4038,36.6422],[26.4109,36.6363],[26.4203,36.6315],[26.4236,36.6307],[26.4268,36.6286],[26.4318,36.6234],[26.4435,36.6161],[26.4474,36.6117],[26.4526,36.6101],[26.4557,36.6084],[26.4589,36.6055],[26.4609,36.6028],[26.4672,36.5979],[26.4684,36.5964],[26.4689,36.5922],[26.4724,36.587],[26.4724,36.5859],[26.4734,36.5859],[26.4745,36.5849],[26.4745,36.5839],[26.4755,36.5839],[26.4776,36.5818],[26.4776,36.5776],[26.4755,36.5757],[26.4719,36.5755],[26.4732,36.5745],[26.4703,36.5721],[26.4693,36.572],[26.4688,36.5734],[26.4672,36.5747],[26.4651,36.5732],[26.4634,36.5734],[26.463,36.5758],[26.4619,36.5755],[26.4609,36.5734],[26.4589,36.572],[26.4578,36.5722],[26.4568,36.5717],[26.4557,36.5726],[26.4516,36.5731],[26.451,36.5745],[26.4513,36.5755],[26.4528,36.5766],[26.4526,36.5769],[26.4505,36.578],[26.4495,36.5776],[26.4484,36.578],[26.4464,36.5797],[26.4464,36.5818],[26.4474,36.5829],[26.4495,36.5828],[26.4526,36.5811],[26.4536,36.5811],[26.4547,36.5822],[26.4547,36.5839],[26.4536,36.5839],[26.4526,36.5849],[26.4505,36.588],[26.4495,36.5889],[26.4484,36.5885],[26.447,36.5891],[26.4472,36.587],[26.4458,36.5859],[26.4443,36.5836],[26.4421,36.5828],[26.4391,36.5792],[26.438,36.5799],[26.4359,36.5801],[26.4339,36.5812],[26.4323,36.5807],[26.4318,36.58],[26.4318,36.5776],[26.4328,36.5766],[26.4333,36.5734],[26.4318,36.5715],[26.4307,36.571],[26.4266,36.5703],[26.4255,36.5706],[26.4245,36.5734],[26.4255,36.5745],[26.4245,36.575],[26.4234,36.5734],[26.4224,36.5745],[26.4239,36.5755],[26.4234,36.5766],[26.4234,36.5788],[26.4224,36.5781],[26.421,36.5755],[26.4224,36.5745],[26.4229,36.5703],[26.4214,36.5674],[26.4182,36.566],[26.4161,36.5665],[26.4151,36.5659],[26.4141,36.5659],[26.4123,36.5672],[26.412,36.5714],[26.4099,36.5724],[26.4078,36.5747],[26.4068,36.5734],[26.4078,36.5682],[26.4068,36.5672],[26.4049,36.5682],[26.4026,36.5714],[26.4016,36.5714],[26.4005,36.5724],[26.4005,36.5732],[26.3984,36.5744],[26.3965,36.5745],[26.3943,36.5737],[26.3932,36.5744],[26.3917,36.5745],[26.3896,36.5734],[26.3895,36.5724],[26.3901,36.572],[26.391,36.5703],[26.3932,36.5703],[26.3943,36.5693],[26.3938,36.5672],[26.3943,36.5661],[26.3943,36.5633],[26.3953,36.5641],[26.3964,36.5641],[26.4002,36.5589],[26.3964,36.555],[26.3953,36.5558],[26.3922,36.5555],[26.3916,36.5568],[26.3902,36.5578],[26.39,36.5589],[26.3916,36.5599],[26.3901,36.5609],[26.3909,36.562],[26.3901,36.563],[26.3907,36.5641],[26.3901,36.5661],[26.3891,36.5672],[26.3891,36.5688],[26.3887,36.5693],[26.3849,36.5693],[26.3839,36.5705],[26.3807,36.5708],[26.3788,36.5724],[26.3776,36.5725],[26.3776,36.5714],[26.3766,36.5703],[26.3734,36.5707],[26.3709,36.5734],[26.3682,36.5734],[26.3672,36.5745],[26.3668,36.5703],[26.3678,36.5693],[26.3672,36.5682],[26.3693,36.5651],[26.3708,36.562],[26.3708,36.5609],[26.3742,36.5599],[26.3736,36.5589],[26.3739,36.5578],[26.3714,36.5571],[26.3693,36.5573],[26.3682,36.5583],[26.3671,36.5578],[26.3682,36.5599],[26.3697,36.5609],[26.3672,36.5609],[26.3661,36.562],[26.3661,36.563],[26.3641,36.5656],[26.363,36.5644],[26.362,36.5641],[26.3626,36.563],[26.3609,36.562],[26.3599,36.563],[26.3578,36.5638],[26.3568,36.5629],[26.3568,36.5598],[26.3589,36.5589],[26.362,36.5563],[26.363,36.5578],[26.3641,36.5568],[26.3625,36.5557],[26.3651,36.5555],[26.3658,36.5547],[26.3651,36.5536],[26.363,36.5526],[26.3609,36.5541],[26.3599,36.5537],[26.3615,36.5526],[26.363,36.5505],[26.3614,36.5495],[26.364,36.5484],[26.3634,36.5464],[26.362,36.5457],[26.3609,36.5474],[26.3592,36.5484],[26.3578,36.5484],[26.3568,36.5474],[26.3622,36.5422],[26.3599,36.5401],[26.3589,36.5417],[26.3568,36.5411],[26.3568,36.5391],[26.3557,36.538],[26.3547,36.538],[26.3536,36.5391],[26.3547,36.5401],[26.3526,36.5406],[26.3505,36.5401],[26.3495,36.5411],[26.3453,36.5412],[26.343,36.538],[26.3432,36.537],[26.345,36.5349],[26.3453,36.5333],[26.3464,36.5318],[26.3474,36.5318],[26.3484,36.5307],[26.3505,36.5307],[26.3516,36.5297],[26.3526,36.5297],[26.3543,36.5286],[26.3578,36.5286],[26.3589,36.5276],[26.3599,36.5286],[26.3609,36.5276],[26.3589,36.5255],[26.3582,36.5255],[26.3599,36.5234],[26.3609,36.5245],[26.362,36.5234],[26.3627,36.5214],[26.3661,36.5182],[26.3661,36.5172],[26.3672,36.5172],[26.3682,36.5161],[26.3682,36.512],[26.3693,36.512],[26.3703,36.5109],[26.3703,36.5068],[26.3693,36.5057],[26.3661,36.5057],[26.3651,36.5068],[26.3609,36.5068],[26.3599,36.5078],[26.3578,36.5078],[26.3557,36.5057],[26.3505,36.5057],[26.3495,36.5065],[26.3464,36.5068],[26.3443,36.5082],[26.3432,36.5083],[26.3415,36.5099],[26.3411,36.512],[26.3391,36.5125],[26.3385,36.512],[26.3391,36.512],[26.3401,36.5109],[26.3391,36.5091],[26.3307,36.5036]],[[26.9714,36.4943],[26.9599,36.4943],[26.9589,36.4953],[26.9589,36.4984],[26.9599,36.4995],[26.9599,36.5016],[26.962,36.5036],[26.9628,36.5036],[26.9641,36.5047],[26.9641,36.5057],[26.9661,36.5078],[26.9672,36.5078],[26.9682,36.5088],[26.9766,36.5088],[26.9776,36.5099],[26.9828,36.5099],[26.9838,36.5089],[26.9838,36.5078],[26.9818,36.5057],[26.9828,36.5047],[26.9818,36.5036],[26.9818,36.5026],[26.9797,36.5005],[26.9797,36.4995],[26.9786,36.4984],[26.9776,36.4984],[26.9766,36.4974],[26.9755,36.4974],[26.9734,36.4953],[26.9724,36.4953],[26.9714,36.4943]],[[26.6234,36.4161],[26.6193,36.4163],[26.6151,36.4176],[26.613,36.4203],[26.613,36.4224],[26.6151,36.4245],[26.6214,36.4245],[26.6224,36.4255],[26.6245,36.4255],[26.6266,36.4224],[26.6266,36.4182],[26.6255,36.4168],[26.6234,36.4161]],[[26.6005,36.414],[26.5953,36.4144],[26.5939,36.4151],[26.5932,36.4161],[26.5932,36.4193],[26.5953,36.4214],[26.5974,36.4214],[26.5984,36.4224],[26.6026,36.4224],[26.6036,36.4214],[26.6036,36.4172],[26.6026,36.4147],[26.6005,36.414]],[[26.6859,36.3221],[26.6815,36.3224],[26.6801,36.3234],[26.6786,36.3262],[26.6682,36.3264],[26.6646,36.3286],[26.6635,36.3307],[26.662,36.3321],[26.6598,36.3328],[26.6589,36.3339],[26.6587,36.3349],[26.6592,36.3391],[26.6583,36.3453],[26.6568,36.3486],[26.6547,36.3493],[26.6536,36.3505],[26.6523,36.3547],[26.6523,36.3568],[26.653,36.3578],[26.6589,36.3607],[26.6641,36.3615],[26.6682,36.3636],[26.6703,36.364],[26.6724,36.3633],[26.6734,36.362],[26.6745,36.362],[26.6776,36.3599],[26.6807,36.362],[26.6818,36.362],[26.6839,36.3609],[26.6849,36.3599],[26.6849,36.3589],[26.6859,36.3589],[26.687,36.3578],[26.6872,36.3568],[26.6901,36.3536],[26.6901,36.3526],[26.6911,36.3526],[26.6922,36.3516],[26.6926,36.3484],[26.6934,36.3474],[26.6953,36.3459],[26.6984,36.3453],[26.7005,36.3432],[26.7005,36.3401],[26.6995,36.3378],[26.6974,36.3357],[26.6964,36.3326],[26.6932,36.3301],[26.6925,36.3276],[26.6911,36.326],[26.6859,36.3221]],[[26.7307,36.3185],[26.7297,36.3185],[26.7286,36.3194],[26.7255,36.3199],[26.7245,36.3214],[26.7266,36.3245],[26.7276,36.3245],[26.7286,36.3234],[26.7286,36.3255],[26.7297,36.3266],[26.7286,36.3276],[26.7297,36.3286],[26.7307,36.3276],[26.7318,36.3286],[26.7338,36.3266],[26.7339,36.3245],[26.7325,36.3224],[26.7329,36.3214],[26.7307,36.3185]],[[26.763,36.2974],[26.7609,36.2974],[26.7599,36.2984],[26.7578,36.2984],[26.7568,36.2989],[26.7557,36.2974],[26.7536,36.2982],[26.7525,36.2995],[26.7547,36.3005],[26.7547,36.3026],[26.7557,36.3036],[26.7568,36.3036],[26.7578,36.3026],[26.7599,36.3026],[26.7609,36.3016],[26.762,36.3016],[26.7641,36.2995],[26.7641,36.2984],[26.763,36.2974]],[[26.6922,36.2785],[26.6901,36.2783],[26.6888,36.2797],[26.6889,36.2807],[26.6901,36.2818],[26.6901,36.2828],[26.6891,36.2839],[26.6901,36.2849],[26.6932,36.2818],[26.6922,36.2807],[26.6932,36.2797],[26.6922,36.2785]],[[26.7536,36.2786],[26.7504,36.2786],[26.7495,36.2797],[26.7496,36.2807],[26.7484,36.2818],[26.7484,36.2807],[26.7474,36.2797],[26.7464,36.2796],[26.7391,36.2797],[26.738,36.2807],[26.7367,36.2839],[26.7366,36.2859],[26.737,36.2868],[26.738,36.2872],[26.7422,36.287],[26.7411,36.287],[26.7391,36.2891],[26.74,36.2901],[26.7399,36.2911],[26.737,36.293],[26.7365,36.2943],[26.7351,36.2953],[26.7344,36.2974],[26.7346,36.2995],[26.7359,36.3005],[26.7359,36.3016],[26.738,36.3049],[26.7391,36.3053],[26.7443,36.3048],[26.7449,36.3057],[26.7456,36.3057],[26.7443,36.3047],[26.7449,36.3016],[26.7448,36.2974],[26.7453,36.2964],[26.7449,36.2943],[26.7453,36.2932],[26.7443,36.2915],[26.7432,36.2915],[26.7422,36.2922],[26.7414,36.2911],[26.7422,36.2902],[26.7432,36.2905],[26.7464,36.2904],[26.7484,36.2882],[26.7495,36.288],[26.7505,36.287],[26.75,36.2849],[26.7505,36.2839],[26.7516,36.2839],[26.7536,36.2826],[26.7557,36.2807],[26.7536,36.2786]],[[26.412,36.0421],[26.4089,36.0422],[26.4068,36.0441],[26.406,36.0474],[26.4061,36.0516],[26.405,36.0526],[26.4047,36.0539],[26.4026,36.0544],[26.4013,36.0557],[26.4008,36.0589],[26.4019,36.0609],[26.3945,36.0682],[26.3925,36.0693],[26.3911,36.0708],[26.3907,36.0724],[26.3908,36.0766],[26.3891,36.0784],[26.3889,36.0807],[26.3891,36.0828],[26.3911,36.0849],[26.3955,36.0849],[26.4005,36.0817],[26.4057,36.0801],[26.4078,36.0786],[26.4091,36.0766],[26.4096,36.0714],[26.411,36.0672],[26.4111,36.0641],[26.4109,36.063],[26.4099,36.062],[26.4083,36.062],[26.4069,36.0609],[26.407,36.0599],[26.4089,36.0578],[26.4099,36.054],[26.4109,36.0537],[26.413,36.0516],[26.4134,36.0474],[26.4141,36.0464],[26.4141,36.0432],[26.413,36.0422],[26.412,36.0421]]]]}},{"type":"Feature","properties":{"depth":10,"kind":"isobath"},"geometry":{"type":"MultiLineString","coordinates":[[[26.9057,36.999],[26.9058,36.9995]],[[26.4589,36.9977],[26.459,36.9984],[26.4598,36.9995]],[[26.4328,36.9964],[26.4328,36.9984],[26.4324,36.9984],[26.4314,36.9974]],[[26.9266,36.9976],[26.9255,36.9977],[26.9245,36.9985],[26.9234,36.9975],[26.9234,36.9901],[26.9229,36.987],[26.9234,36.9862],[26.9236,36.987],[26.9246,36.988],[26.9255,36.9911],[26.9266,36.9901],[26.9266,36.9911],[26.9255,36.9922],[26.9255,36.9932],[26.9309,36.9953],[26.9315,36.9964],[26.9311,36.9984],[26.9322,36.9995]],[[26.9286,36.9961],[26.9281,36.9964],[26.9286,36.9969]],[[26.9361,36.9339],[26.9339,36.9362],[26.9328,36.9363],[26.9323,36.9339]],[[26.9661,36.9276],[26.9659,36.9286],[26.9657,36.9276]],[[26.9443,36.9109],[26.9443,36.9114],[26.9438,36.9109]],[[26.2797,36.5964],[26.2806,36.5974],[26.2797,36.5974]],[[26.317,36.5964],[26.3161,36.5974],[26.3155,36.5964],[26.3161,36.5956]],[[26.3057,36.5953],[26.3057,36.5958],[26.3047,36.5953]],[[26.2922,36.5943],[26.2922,36.5953],[26.2911,36.5962],[26.2911,36.5942]],[[26.3099,36.5943],[26.3104,36.5953],[26.3099,36.5962],[26.3089,36.5953],[26.3089,36.5943]],[[26.3956,36.5891],[26.3953,36.5898],[26.3944,36.5891]],[[26.2807,36.588],[26.2818,36.5891],[26.2828,36.5891],[26.2849,36.5911],[26.2828,36.5932],[26.2828,36.5943],[26.2818,36.5943],[26.2807,36.5953],[26.2807,36.5928],[26.2813,36.5922],[26.2797,36.5911],[26.2776,36.5915],[26.2766,36.5911],[26.2776,36.5911],[26.2786,36.5901],[26.2787,36.5891],[26.2797,36.5877]],[[26.4318,36.5818],[26.4322,36.5828],[26.4318,36.5844],[26.4307,36.5828],[26.4318,36.5814]],[[26.4245,36.5807],[26.4244,36.5818],[26.4231,36.5818],[26.4234,36.5806]],[[26.3411,36.5786],[26.3421,36.5797],[26.3421,36.5807],[26.3411,36.5815],[26.3401,36.5807],[26.3401,36.5797],[26.3411,36.5783]],[[26.47,36.5745],[26.4693,36.5748],[26.4688,36.5745],[26.4693,36.5738]],[[26.2714,36.5651],[26.2724,36.5664],[26.2718,36.5672],[26.2711,36.5703],[26.2693,36.5682],[26.2675,36.5672],[26.2698,36.5661],[26.2703,36.5651]],[[26.3942,36.5578],[26.3953,36.5589],[26.3932,36.5589],[26.3928,36.5578],[26.3932,36.5572]],[[26.269,36.5568],[26.2719,36.5578],[26.2724,36.5591],[26.2725,36.562],[26.2703,36.562],[26.2693,36.5598],[26.2682,36.5602],[26.2672,36.5599],[26.2669,36.5589],[26.2674,36.5578],[26.2682,36.5568]],[[26.4516,36.5495],[26.4516,36.55],[26.4511,36.5495],[26.4516,36.549]],[[26.4548,36.5411],[26.4547,36.5424],[26.4533,36.5422],[26.4533,36.5411]],[[26.4651,36.538],[26.4643,36.538],[26.4651,36.5376]],[[26.4734,36.538],[26.4743,36.5391],[26.4734,36.5391]],[[26.4643,36.537],[26.4641,36.5375],[26.4622,36.537]],[[26.4753,36.5349],[26.4771,36.5359],[26.4755,36.5365],[26.474,36.5359],[26.474,36.5349]],[[26.463,36.5318],[26.462,36.5318],[26.462,36.5311]],[[26.4724,36.5307],[26.4724,36.5318],[26.4719,36.5318],[26.4714,36.5307]],[[26.465,36.5297],[26.4655,36.5307],[26.4641,36.5307],[26.4641,36.5297]],[[26.6807,36.3286],[26.6797,36.3297],[26.6788,36.3286],[26.6797,36.3282]],[[26.9995,36.7515],[26.9922,36.7498],[26.9901,36.749],[26.9901,36.7484],[26.9891,36.7474],[26.988,36.7474],[26.987,36.7484],[26.9839,36.7486],[26.9766,36.7455],[26.9752,36.7443],[26.9735,36.7391],[26.9728,36.738],[26.9728,36.737],[26.9745,36.737],[26.9755,36.7359],[26.9745,36.7349],[26.9736,36.7349],[26.9755,36.7333],[26.9788,36.7318],[26.9816,36.7286],[26.9846,36.7234],[26.9849,36.7214],[26.9859,36.7203],[26.9852,36.7172],[26.9859,36.7161],[26.985,36.7151],[26.9859,36.7141],[26.9839,36.712],[26.9828,36.712],[26.9818,36.7133],[26.9797,36.7132],[26.9786,36.7123],[26.9766,36.712],[26.9745,36.7102],[26.9734,36.71],[26.9714,36.707],[26.9702,36.7068],[26.9703,36.7057],[26.9691,36.7047],[26.9693,36.6953],[26.9683,36.6943],[26.9682,36.6922],[26.9693,36.6911],[26.9696,36.6901],[26.9699,36.6859],[26.9682,36.6839],[26.9693,36.6828],[26.9693,36.6815],[26.9714,36.6797],[26.9714,36.6786],[26.9734,36.6766],[26.9734,36.6755],[26.9755,36.6734],[26.9734,36.6711],[26.9721,36.6714],[26.9703,36.6703],[26.9682,36.6717],[26.9651,36.6716],[26.9641,36.6724],[26.963,36.6724],[26.9609,36.674],[26.9578,36.6746],[26.9547,36.6745],[26.948,36.6807],[26.9401,36.6831],[26.938,36.6866],[26.9301,36.6964],[26.9217,36.7026],[26.9181,36.7078],[26.9169,36.7109],[26.9138,36.7161],[26.9108,36.7172],[26.9094,36.7203],[26.9109,36.7235],[26.912,36.7226],[26.9152,36.7255],[26.9151,36.7266],[26.9134,36.7276],[26.9161,36.7335],[26.9162,36.737],[26.9187,36.7411],[26.9182,36.7429],[26.9171,36.7443],[26.917,36.7453],[26.9177,36.7464],[26.9163,36.7484],[26.9163,36.7505],[26.9193,36.7541],[26.9214,36.7577],[26.9207,36.7589],[26.9214,36.7599],[26.9213,36.7641],[26.9223,36.7651],[26.9234,36.7641],[26.9255,36.7636],[26.9276,36.7651],[26.928,36.7661],[26.9274,36.7672],[26.9286,36.7682],[26.9297,36.7672],[26.9307,36.7682],[26.937,36.7682],[26.938,36.7677],[26.9432,36.7701],[26.9475,36.7703],[26.9505,36.7712],[26.9568,36.7747],[26.962,36.7759],[26.9734,36.7753],[26.9859,36.776],[26.9908,36.7807],[26.9922,36.784],[26.9964,36.7867]],[[26.9995,36.9429],[26.9972,36.9422],[26.997,36.9401],[26.9959,36.9391],[26.9948,36.937],[26.9946,36.9349],[26.9938,36.9339],[26.9934,36.9318],[26.9924,36.9245],[26.9912,36.9224],[26.9891,36.9208],[26.9859,36.9201],[26.9776,36.9211],[26.9672,36.9213],[26.9609,36.9201],[26.9547,36.9197],[26.9531,36.9182],[26.9537,36.9161],[26.953,36.9151],[26.9514,36.9141],[26.9484,36.9102],[26.9459,36.9089],[26.9455,36.9078],[26.9443,36.9079],[26.9411,36.9058],[26.937,36.9057],[26.9328,36.9061],[26.9297,36.9076],[26.9283,36.9089],[26.9284,36.912],[26.9297,36.9139],[26.9328,36.9169],[26.9359,36.9161],[26.937,36.9151],[26.938,36.9161],[26.9422,36.9165],[26.9443,36.9193],[26.9453,36.9193],[26.9464,36.9184],[26.9484,36.9182],[26.9492,36.9193],[26.9504,36.9234],[26.9484,36.9266],[26.95,36.9276],[26.9484,36.9286],[26.9474,36.9286],[26.9469,36.9266],[26.9484,36.9255],[26.9474,36.9245],[26.9464,36.9245],[26.9453,36.9231],[26.9432,36.922],[26.9411,36.9216],[26.937,36.9244],[26.9349,36.9274],[26.9328,36.929],[26.9317,36.9339],[26.9295,36.9349],[26.9286,36.9364],[26.9276,36.9368],[26.9265,36.938],[26.9266,36.9397],[26.9276,36.9401],[26.9276,36.9422],[26.9289,36.9432],[26.9288,36.9443],[26.9271,36.9464],[26.9255,36.9465],[26.9245,36.945],[26.9233,36.9464],[26.9234,36.9471],[26.9244,36.9474],[26.9224,36.9474],[26.9214,36.9464],[26.9186,36.9464],[26.9161,36.9449],[26.9141,36.9449],[26.9126,36.9453],[26.9078,36.9495],[26.9078,36.9536],[26.9087,36.9547],[26.9118,36.9568],[26.9182,36.9599],[26.9214,36.9637],[26.9234,36.9653],[26.9264,36.9693],[26.9266,36.9712],[26.9255,36.9721],[26.9255,36.973],[26.9264,36.9724],[26.9266,36.9718],[26.9282,36.9724],[26.9255,36.9745],[26.9229,36.9776],[26.9234,36.9831],[26.9224,36.9835],[26.9214,36.9847],[26.9203,36.9844],[26.9193,36.9854],[26.9182,36.9849],[26.9161,36.9855],[26.9126,36.9891],[26.913,36.9909],[26.9141,36.9911],[26.9143,36.9943],[26.9151,36.995],[26.9163,36.9953],[26.9161,36.9969],[26.9141,36.9984],[26.9109,36.9986],[26.9108,36.9974],[26.9099,36.9968],[26.9078,36.9968],[26.9068,36.9964],[26.9055,36.9974],[26.9057,36.9984],[26.9047,36.9989],[26.9036,36.9981]],[[26.501,36.9995],[26.5005,36.9974],[26.4984,36.9953],[26.4651,36.9953],[26.4641,36.996],[26.4609,36.9964],[26.4599,36.9976],[26.4564,36.9974],[26.4557,36.9963],[26.4557,36.9945],[26.4568,36.9932],[26.4568,36.9901],[26.4557,36.9891],[26.4505,36.9891],[26.4484,36.9912],[26.4474,36.9901],[26.4453,36.9901],[26.4443,36.9891],[26.4411,36.9891],[26.4401,36.9901],[26.438,36.9901],[26.437,36.9891],[26.4339,36.9891],[26.4328,36.9901],[26.4297,36.9901],[26.4245,36.9901],[26.4234,36.9891],[26.4182,36.9891],[26.4171,36.9901],[26.4169,36.9943],[26.4192,36.9984],[26.4208,36.9995]],[[26.0005,36.9384],[26.0016,36.9391],[26.0089,36.9391],[26.0105,36.937],[26.0151,36.937],[26.0161,36.9364],[26.0193,36.9359],[26.0245,36.9323],[26.0286,36.9268],[26.0328,36.9248],[26.0391,36.9203],[26.0411,36.9196],[26.0443,36.9165],[26.0495,36.9153],[26.0526,36.9129],[26.0557,36.9118],[26.0599,36.9107],[26.0651,36.91],[26.0693,36.9075],[26.0745,36.9058],[26.0828,36.901],[26.087,36.8997],[26.0895,36.8974],[26.0898,36.8964],[26.0897,36.8953],[26.088,36.8932],[26.087,36.8931],[26.0859,36.8922],[26.0849,36.8922],[26.0839,36.8911],[26.0818,36.8911],[26.0807,36.8901],[26.0766,36.8901],[26.0755,36.891],[26.0714,36.891],[26.0693,36.891],[26.0682,36.8901],[26.0672,36.8901],[26.0661,36.8911],[26.0651,36.8911],[26.063,36.891],[26.062,36.8901],[26.0609,36.8912],[26.0589,36.8912],[26.0568,36.8932],[26.0557,36.8932],[26.0536,36.8953],[26.0526,36.8953],[26.0505,36.8974],[26.0505,36.8982],[26.0495,36.8982],[26.0495,36.8974],[26.0484,36.8964],[26.0443,36.8963],[26.0432,36.8952],[26.0422,36.8953],[26.0411,36.8963],[26.0401,36.8963],[26.038,36.8943],[26.0245,36.8943],[26.0234,36.8932],[26.0224,36.8932],[26.0214,36.8922],[26.0194,36.8922],[26.0182,36.8912],[26.0172,36.8912],[26.0161,36.8921],[26.0141,36.8921],[26.012,36.8901],[26.0109,36.8901],[26.0099,36.891],[26.0078,36.8891],[26.0058,36.8891],[26.0026,36.887],[26.0016,36.8879]],[[26.4326,36.0005],[26.4328,36.0017],[26.4339,36.0029],[26.4349,36.0037],[26.4359,36.0037],[26.437,36.0036],[26.438,36.0029],[26.4391,36.0016],[26.4392,36.0005]],[[26.388,36.9901],[26.3839,36.9901],[26.3797,36.9931],[26.3755,36.9929],[26.3714,36.9911],[26.3672,36.9908],[26.3661,36.9901],[26.3609,36.9901],[26.3599,36.9911],[26.3598,36.9922],[26.3599,36.9932],[26.3607,36.9943],[26.3651,36.9964],[26.3693,36.9968],[26.3745,36.9984],[26.3828,36.9984],[26.388,36.9956],[26.3891,36.9956],[26.3901,36.9943],[26.3897,36.9922]],[[26.3286,36.9827],[26.3276,36.9818],[26.3203,36.9818],[26.3188,36.9828],[26.3193,36.9836],[26.319,36.9859],[26.3223,36.9891],[26.3245,36.9894],[26.3255,36.9901],[26.3286,36.9901],[26.3328,36.9881],[26.3331,36.987],[26.3328,36.9839],[26.3318,36.9828]],[[26.9141,36.9711],[26.9089,36.9718],[26.9068,36.9731],[26.9065,36.9766],[26.9089,36.9801],[26.9109,36.9805],[26.9119,36.9797],[26.912,36.9786],[26.913,36.979],[26.9159,36.9755],[26.9172,36.9752],[26.918,36.9745]],[[26.2859,36.9672],[26.2786,36.9672],[26.2766,36.9689],[26.2724,36.9693],[26.2714,36.9702],[26.2682,36.9714],[26.2672,36.9724],[26.2671,36.9786],[26.2692,36.9818],[26.2695,36.9839],[26.2693,36.9849],[26.2682,36.9859],[26.2682,36.9891],[26.2693,36.9901],[26.2714,36.9901],[26.2747,36.988],[26.2755,36.988],[26.2786,36.9864],[26.2828,36.9859],[26.2859,36.987],[26.2891,36.9871],[26.2953,36.9911],[26.3005,36.9915],[26.3036,36.9932],[26.3057,36.9932],[26.3068,36.9925],[26.3089,36.9922],[26.3109,36.9903],[26.3127,36.987],[26.3135,36.9839],[26.313,36.9807],[26.312,36.9797],[26.3089,36.9776],[26.3057,36.9771],[26.305,36.9766],[26.3047,36.9745],[26.3036,36.9734],[26.2984,36.9729],[26.2964,36.9717],[26.2932,36.9682],[26.2911,36.968],[26.2901,36.9672]],[[26.1734,36.8959],[26.1703,36.8958],[26.1651,36.8974],[26.163,36.8984],[26.1606,36.9005],[26.1611,36.9016],[26.1595,36.9047],[26.1594,36.9068],[26.1624,36.912],[26.1641,36.9134],[26.1693,36.9135],[26.1703,36.9129],[26.1718,36.9109],[26.1724,36.9057],[26.1741,36.9036],[26.1751,36.9005],[26.175,36.8974]],[[26.9234,36.8806],[26.9203,36.8811],[26.9182,36.8828],[26.9182,36.8839],[26.9193,36.8849],[26.9182,36.8849],[26.9172,36.8859],[26.9193,36.8891],[26.9214,36.8891],[26.9203,36.8901],[26.9214,36.8911],[26.9245,36.8915],[26.9255,36.8921],[26.9263,36.8901],[26.9274,36.8891],[26.9275,36.887],[26.9266,36.8849],[26.9267,36.8839],[26.9259,36.8818]],[[26.363,36.5903],[26.362,36.5904],[26.3578,36.5923],[26.3557,36.5938],[26.3553,36.5943],[26.3557,36.5947],[26.3578,36.5959],[26.3578,36.5974],[26.3557,36.6005],[26.3557,36.6013],[26.3536,36.6019],[26.3505,36.6046],[26.3484,36.6051],[26.3453,36.6089],[26.3441,36.6099],[26.3432,36.6099],[26.3422,36.6113],[26.3391,36.6114],[26.3384,36.612],[26.338,36.6141],[26.3359,36.6172],[26.3358,36.6182],[26.337,36.6193],[26.338,36.6182],[26.338,36.6172],[26.3391,36.6168],[26.3401,36.6153],[26.3411,36.6154],[26.3422,36.6165],[26.3474,36.6157],[26.3484,36.6172],[26.3495,36.6161],[26.3479,36.6151],[26.3484,36.613],[26.3516,36.611],[26.3536,36.6106],[26.3542,36.6099],[26.3536,36.6089],[26.3547,36.6078],[26.3557,36.6076],[26.3574,36.6057],[26.3578,36.6027],[26.3589,36.6024],[26.3599,36.6026],[26.3616,36.6005],[26.362,36.596],[26.3651,36.5922]],[[26.4432,36.5741],[26.4422,36.5737],[26.4411,36.5758],[26.4422,36.5763],[26.4436,36.5745]],[[26.2578,36.5711],[26.2547,36.5714],[26.2533,36.5734],[26.2547,36.5745],[26.2547,36.5755],[26.2556,36.5766],[26.2536,36.5786],[26.2547,36.5798],[26.2589,36.5797],[26.2609,36.5776],[26.2605,36.5766],[26.2609,36.5755],[26.2607,36.5745],[26.2628,36.5745],[26.2622,36.5734]],[[26.4036,36.5588],[26.4026,36.5587],[26.4016,36.5599],[26.4005,36.5599],[26.3995,36.5609],[26.3995,36.562],[26.3974,36.5641],[26.3974,36.5665],[26.3968,36.5672],[26.397,36.5682],[26.4016,36.5682],[26.4026,36.5672],[26.4036,36.5672],[26.4047,36.5661],[26.4057,36.5661],[26.4073,36.5651],[26.4078,36.5641],[26.4063,36.5609],[26.4057,36.5604],[26.4047,36.5604]],[[26.3651,36.556],[26.3643,36.5568],[26.3651,36.5572],[26.3658,36.5568]],[[26.2318,36.5462],[26.2297,36.5454],[26.2276,36.5454],[26.2235,36.5464],[26.2193,36.5523],[26.2193,36.5547],[26.2205,36.5589],[26.2206,36.5609],[26.2212,36.563],[26.2224,36.5641],[26.2276,36.5642],[26.2328,36.562],[26.236,36.5578],[26.2362,36.5516],[26.2354,36.5505],[26.2354,36.5495],[26.234,36.5484],[26.2339,36.5471],[26.2328,36.5477]],[[26.4068,36.5421],[26.4036,36.5425],[26.4026,36.5443],[26.4016,36.5447],[26.4005,36.543],[26.3989,36.5443],[26.401,36.5453],[26.4005,36.5464],[26.4005,36.5505],[26.4016,36.5516],[26.4068,36.5516],[26.4085,36.5495],[26.4086,36.5474],[26.4099,36.547],[26.412,36.5443],[26.4109,36.5432],[26.4089,36.5432]],[[26.4464,36.54],[26.4443,36.5395],[26.4428,36.5401],[26.4415,36.5411],[26.4432,36.5422],[26.4432,36.5431],[26.4401,36.542],[26.4359,36.5458],[26.4355,36.5464],[26.437,36.5505],[26.4411,36.5514],[26.4432,36.5495],[26.4432,36.5505],[26.4443,36.5516],[26.4464,36.5526],[26.4477,36.5526],[26.4484,36.5536],[26.4484,36.5547],[26.4474,36.5557],[26.4471,36.5568],[26.4481,36.5578],[26.4484,36.5589],[26.4505,36.5593],[26.4516,36.5587],[26.4536,36.5586],[26.4547,36.5568],[26.4557,36.5568],[26.4568,36.5583],[26.4577,36.5578],[26.4578,36.5568],[26.4568,36.5557],[26.4593,36.5536],[26.4578,36.5503],[26.4568,36.5499],[26.4557,36.5488],[26.4522,36.5484],[26.4526,36.5474],[26.4505,36.5446],[26.4474,36.5443],[26.4464,36.5453],[26.4464,36.5464],[26.4453,36.5464],[26.4443,36.5444],[26.4432,36.5443],[26.4432,36.5435],[26.4443,36.5443],[26.4453,36.5443],[26.4474,36.5422],[26.4474,36.5411]],[[26.1453,36.5241],[26.1422,36.5241],[26.1401,36.5254],[26.1394,36.5266],[26.1381,36.5328],[26.1384,36.5359],[26.1397,36.5391],[26.1403,36.5422],[26.1393,36.5443],[26.1394,36.5453],[26.1349,36.5473],[26.1339,36.5473],[26.1321,36.5484],[26.1297,36.5521],[26.1293,36.5547],[26.1297,36.5561],[26.1319,36.5578],[26.1422,36.5616],[26.1464,36.5641],[26.1495,36.5641],[26.1505,36.563],[26.1509,36.5609],[26.1505,36.5536],[26.1509,36.5484],[26.1502,36.5464],[26.1508,36.5453],[26.1504,36.5443],[26.1508,36.5339],[26.1496,36.5307],[26.1502,36.5297],[26.1493,36.5266]],[[26.2297,36.5243],[26.2276,36.5244],[26.2263,36.5255],[26.2259,36.5286],[26.2264,36.5307],[26.2278,36.5328],[26.2297,36.534],[26.2307,36.5334],[26.2318,36.5338],[26.2338,36.5318],[26.2334,36.5297],[26.234,36.5286],[26.2318,36.5254]],[[26.4661,36.5234],[26.463,36.5234],[26.462,36.5245],[26.4609,36.5245],[26.4599,36.5255],[26.4597,36.5266],[26.4583,36.5276],[26.4597,36.5286],[26.4591,36.5297],[26.4605,36.5307],[26.4593,36.5318],[26.4599,36.5326],[26.4609,36.5328],[26.4609,36.5349],[26.462,36.5359],[26.462,36.5367],[26.4609,36.5367],[26.4593,36.5359],[26.4592,36.5339],[26.4578,36.5325],[26.4557,36.5337],[26.4536,36.5326],[26.4516,36.5328],[26.45,36.5339],[26.4486,36.537],[26.4516,36.5382],[26.4516,36.5391],[26.4495,36.5391],[26.4484,36.5401],[26.4516,36.5432],[26.4526,36.5429],[26.4536,36.5445],[26.4557,36.5443],[26.4599,36.5462],[26.4609,36.5473],[26.4641,36.5477],[26.4651,36.5474],[26.4661,36.5496],[26.4672,36.5463],[26.4693,36.5464],[26.4734,36.5429],[26.4747,36.5411],[26.4746,36.5391],[26.4776,36.5363],[26.4797,36.5354],[26.4807,36.5339],[26.4807,36.5328],[26.4807,36.5318],[26.4786,36.5286],[26.4755,36.5285],[26.4724,36.5255],[26.4714,36.5255],[26.4703,36.5245],[26.4672,36.5245]],[[26.3307,36.5036],[26.3245,36.5036],[26.3234,36.5042],[26.3193,36.5047],[26.3151,36.5068],[26.313,36.5089],[26.313,36.5099],[26.312,36.5109],[26.3109,36.5099],[26.3099,36.5099],[26.3089,36.5109],[26.3089,36.512],[26.3068,36.5141],[26.3068,36.5151],[26.3057,36.5161],[26.3068,36.5172],[26.3057,36.5182],[26.3053,36.5182],[26.3057,36.5172],[26.3038,36.5151],[26.3038,36.5141],[26.3026,36.513],[26.3005,36.5129],[26.2984,36.5135],[26.2974,36.512],[26.2932,36.5141],[26.2911,36.5138],[26.2891,36.514],[26.288,36.5151],[26.2849,36.5255],[26.2834,36.5276],[26.2807,36.5349],[26.2779,36.538],[26.2768,36.5401],[26.2766,36.5439],[26.2755,36.5447],[26.2745,36.5442],[26.2714,36.5457],[26.2677,36.5495],[26.263,36.5519],[26.2609,36.5539],[26.2604,36.5557],[26.2608,36.5578],[26.263,36.5601],[26.2641,36.5603],[26.2665,36.563],[26.2664,36.5641],[26.2674,36.5661],[26.2669,36.5672],[26.2679,36.5682],[26.2682,36.5693],[26.2697,36.5703],[26.2682,36.5714],[26.2682,36.5724],[26.2672,36.5724],[26.2651,36.571],[26.2634,36.5724],[26.2651,36.5739],[26.2672,36.5745],[26.2651,36.5776],[26.263,36.5776],[26.262,36.5766],[26.2609,36.5776],[26.2609,36.5797],[26.2594,36.5807],[26.2603,36.5839],[26.262,36.5849],[26.263,36.5843],[26.2638,36.5859],[26.2637,36.587],[26.262,36.5891],[26.262,36.5901],[26.2589,36.5901],[26.2578,36.5888],[26.2562,36.5901],[26.2578,36.5911],[26.2578,36.5922],[26.2589,36.5932],[26.262,36.5932],[26.2641,36.5953],[26.2661,36.5953],[26.2672,36.5964],[26.2661,36.5974],[26.2661,36.5984],[26.2651,36.5974],[26.2638,36.5984],[26.2651,36.5995],[26.2651,36.6005],[26.2661,36.6016],[26.2672,36.6016],[26.2703,36.5984],[26.2714,36.5995],[26.2724,36.5995],[26.2732,36.6016],[26.2714,36.6036],[26.2703,36.6036],[26.2693,36.6047],[26.2693,36.6057],[26.2714,36.6078],[26.2745,36.6064],[26.2749,36.6057],[26.2736,36.6026],[26.2753,36.6016],[26.2742,36.6005],[26.2753,36.5995],[26.2745,36.5986],[26.2734,36.5984],[26.2786,36.5984],[26.2797,36.5999],[26.2818,36.5991],[26.287,36.6011],[26.2943,36.6016],[26.3026,36.5992],[26.3057,36.5974],[26.3058,36.5964],[26.3078,36.5964],[26.3089,36.5979],[26.312,36.598],[26.3161,36.6],[26.3162,36.5974],[26.3173,36.5964],[26.3164,36.5953],[26.3157,36.5932],[26.3166,36.5911],[26.3161,36.5904],[26.3151,36.5901],[26.3182,36.5901],[26.3193,36.5891],[26.3214,36.5908],[26.3224,36.5906],[26.3234,36.5912],[26.3226,36.5901],[26.3228,36.588],[26.3208,36.587],[26.3214,36.5849],[26.323,36.5839],[26.3255,36.5839],[26.3271,36.5828],[26.3328,36.5828],[26.3339,36.5818],[26.3391,36.5818],[26.34,36.5839],[26.3411,36.5852],[26.342,36.5849],[26.3411,36.5839],[26.3422,36.5818],[26.3422,36.5797],[26.3432,36.5786],[26.3411,36.5768],[26.3411,36.5756],[26.3419,36.5734],[26.3432,36.5724],[26.3432,36.5716],[26.3516,36.5722],[26.3544,36.5745],[26.3586,36.5755],[26.3581,36.5766],[26.3586,36.5776],[26.3584,36.5797],[26.3611,36.5828],[26.3593,36.5849],[26.3599,36.5857],[26.3609,36.5861],[26.3612,36.587],[26.363,36.5887],[26.3661,36.5877],[26.3669,36.587],[26.3671,36.5859],[26.3693,36.5868],[26.3724,36.5872],[26.3745,36.5886],[26.3766,36.5892],[26.3776,36.5909],[26.3786,36.5912],[26.3806,36.5932],[26.3807,36.5943],[26.3818,36.5953],[26.3828,36.5953],[26.3839,36.5943],[26.3849,36.592],[26.388,36.5921],[26.388,36.5932],[26.3891,36.5945],[26.3904,36.5932],[26.3922,36.593],[26.393,36.5922],[26.392,36.5911],[26.3932,36.5898],[26.3943,36.5892],[26.395,36.5901],[26.3949,36.5922],[26.3936,36.5943],[26.3935,36.5953],[26.391,36.5984],[26.3911,36.6013],[26.3901,36.6005],[26.3891,36.6016],[26.3898,36.6026],[26.3891,36.6036],[26.3891,36.6053],[26.3903,36.6057],[26.3859,36.6098],[26.3828,36.6099],[26.3817,36.6109],[26.3776,36.6161],[26.3767,36.6193],[26.3755,36.6202],[26.3745,36.6203],[26.3734,36.6214],[26.3724,36.6234],[26.3727,36.6276],[26.3714,36.6297],[26.3707,36.6328],[26.3693,36.6349],[26.3693,36.637],[26.3724,36.6391],[26.3734,36.6404],[26.3745,36.6432],[26.3766,36.6453],[26.3776,36.6456],[26.3797,36.6474],[26.3828,36.6474],[26.3843,36.6464],[26.3849,36.6453],[26.3866,36.6453],[26.388,36.6464],[26.3911,36.6464],[26.3922,36.6457],[26.3964,36.6453],[26.3984,36.6438],[26.4016,36.6432],[26.4038,36.6422],[26.4109,36.6363],[26.4203,36.6315],[26.4236,36.6307],[26.4268,36.6286],[26.4318,36.6234],[26.4435,36.6161],[26.4474,36.6117],[26.4526,36.6101],[26.4557,36.6084],[26.4589,36.6055],[26.4609,36.6028],[26.4672,36.5979],[26.4684,36.5964],[26.4689,36.5922],[26.4724,36.587],[26.4724,36.5859],[26.4734,36.5859],[26.4745,36.5849],[26.4745,36.5839],[26.4755,36.5839],[26.4776,36.5818],[26.4776,36.5776],[26.4755,36.5757],[26.4719,36.5755],[26.4732,36.5745],[26.4703,36.5721],[26.4693,36.572],[26.4688,36.5734],[26.4672,36.5747],[26.4651,36.5732],[26.4634,36.5734],[26.463,36.5758],[26.4619,36.5755],[26.4609,36.5734],[26.4589,36.572],[26.4578,36.5722],[26.4568,36.5717],[26.4557,36.5726],[26.4516,36.5731],[26.451,36.5745],[26.4513,36.5755],[26.4528,36.5766],[26.4526,36.5769],[26.4505,36.578],[26.4495,36.5776],[26.4484,36.578],[26.4464,36.5797],[26.4464,36.5818],[26.4474,36.5829],[26.4495,36.5828],[26.4526,36.5811],[26.4536,36.5811],[26.4547,36.5822],[26.4547,36.5839],[26.4536,36.5839],[26.4526,36.5849],[26.4505,36.588],[26.4495,36.5889],[26.4484,36.5885],[26.447,36.5891],[26.4472,36.587],[26.4458,36.5859],[26.4443,36.5836],[26.4421,36.5828],[26.4391,36.5792],[26.438,36.5799],[26.4359,36.5801],[26.4339,36.5812],[26.4323,36.5807],[26.4318,36.58],[26.4318,36.5776],[26.4328,36.5766],[26.4333,36.5734],[26.4318,36.5715],[26.4307,36.571],[26.4266,36.5703],[26.4255,36.5706],[26.4245,36.5734],[26.4255,36.5745],[26.4245,36.575],[26.4234,36.5734],[26.4224,36.5745],[26.4239,36.5755],[26.4234,36.5766],[26.4234,36.5788],[26.4224,36.5781],[26.421,36.5755],[26.4224,36.5745],[26.4229,36.5703],[26.4214,36.5674],[26.4182,36.566],[26.4161,36.5665],[26.4151,36.5659],[26.4141,36.5659],[26.4123,36.5672],[26.412,36.5714],[26.4099,36.5724],[26.4078,36.5747],[26.4068,36.5734],[26.4078,36.5682],[26.4068,36.5672],[26.4049,36.5682],[26.4026,36.5714],[26.4016,36.5714],[26.4005,36.5724],[26.4005,36.5732],[26.3984,36.5744],[26.3965,36.5745],[26.3943,36.5737],[26.3932,36.5744],[26.3917,36.5745],[26.3896,36.5734],[26.3895,36.5724],[26.3901,36.572],[26.391,36.5703],[26.3932,36.5703],[26.3943,36.5693],[26.3938,36.5672],[26.3943,36.5661],[26.3943,36.5633],[26.3953,36.5641],[26.3964,36.5641],[26.4002,36.5589],[26.3964,36.555],[26.3953,36.5558],[26.3922,36.5555],[26.3916,36.5568],[26.3902,36.5578],[26.39,36.5589],[26.3916,36.5599],[26.3901,36.5609],[26.3909,36.562],[26.3901,36.563],[26.3907,36.5641],[26.3901,36.5661],[26.3891,36.5672],[26.3891,36.5688],[26.3887,36.5693],[26.3849,36.5693],[26.3839,36.5705],[26.3807,36.5708],[26.3788,36.5724],[26.3776,36.5725],[26.3776,36.5714],[26.3766,36.5703],[26.3734,36.5707],[26.3709,36.5734],[26.3682,36.5734],[26.3672,36.5745],[26.3668,36.5703],[26.3678,36.5693],[26.3672,36.5682],[26.3693,36.5651],[26.3708,36.562],[26.3708,36.5609],[26.3742,36.5599],[26.3736,36.5589],[26.3739,36.5578],[26.3714,36.5571],[26.3693,36.5573],[26.3682,36.5583],[26.3671,36.5578],[26.3682,36.5599],[26.3697,36.5609],[26.3672,36.5609],[26.3661,36.562],[26.3661,36.563],[26.3641,36.5656],[26.363,36.5644],[26.362,36.5641],[26.3626,36.563],[26.3609,36.562],[26.3599,36.563],[26.3578,36.5638],[26.3568,36.5629],[26.3568,36.5598],[26.3589,36.5589],[26.362,36.5563],[26.363,36.5578],[26.3641,36.5568],[26.3625,36.5557],[26.3651,36.5555],[26.3658,36.5547],[26.3651,36.5536],[26.363,36.5526],[26.3609,36.5541],[26.3599,36.5537],[26.3615,36.5526],[26.363,36.5505],[26.3614,36.5495],[26.364,36.5484],[26.3634,36.5464],[26.362,36.5457],[26.3609,36.5474],[26.3592,36.5484],[26.3578,36.5484],[26.3568,36.5474],[26.3622,36.5422],[26.3599,36.5401],[26.3589,36.5417],[26.3568,36.5411],[26.3568,36.5391],[26.3557,36.538],[26.3547,36.538],[26.3536,36.5391],[26.3547,36.5401],[26.3526,36.5406],[26.3505,36.5401],[26.3495,36.5411],[26.3453,36.5412],[26.343,36.538],[26.3432,36.537],[26.345,36.5349],[26.3453,36.5333],[26.3464,36.5318],[26.3474,36.5318],[26.3484,36.5307],[26.3505,36.5307],[26.3516,36.5297],[26.3526,36.5297],[26.3543,36.5286],[26.3578,36.5286],[26.3589,36.5276],[26.3599,36.5286],[26.3609,36.5276],[26.3589,36.5255],[26.3582,36.5255],[26.3599,36.5234],[26.3609,36.5245],[26.362,36.5234],[26.3627,36.5214],[26.3661,36.5182],[26.3661,36.5172],[26.3672,36.5172],[26.3682,36.5161],[26.3682,36.512],[26.3693,36.512],[26.3703,36.5109],[26.3703,36.5068],[26.3693,36.5057],[26.3661,36.5057],[26.3651,36.5068],[26.3609,36.5068],[26.3599,36.5078],[26.3578,36.5078],[26.3557,36.5057],[26.3505,36.5057],[26.3495,36.5065],[26.3464,36.5068],[26.3443,36.5082],[26.3432,36.5083],[26.3415,36.5099],[26.3411,36.512],[26.3391,36.5125],[26.3385,36.512],[26.3391,36.512],[26.3401,36.5109],[26.3391,36.5091]],[[26.9714,36.4943],[26.9599,36.4943],[26.9589,36.4953],[26.9589,36.4984],[26.9599,36.4995],[26.9599,36.5016],[26.962,36.5036],[26.9628,36.5036],[26.9641,36.5047],[26.9641,36.5057],[26.9661,36.5078],[26.9672,36.5078],[26.9682,36.5088],[26.9766,36.5088],[26.9776,36.5099],[26.9828,36.5099],[26.9838,36.5089],[26.9838,36.5078],[26.9818,36.5057],[26.9828,36.5047],[26.9818,36.5036],[26.9818,36.5026],[26.9797,36.5005],[26.9797,36.4995],[26.9786,36.4984],[26.9776,36.4984],[26.9766,36.4974],[26.9755,36.4974],[26.9734,36.4953],[26.9724,36.4953]],[[26.6234,36.4161],[26.6193,36.4163],[26.6151,36.4176],[26.613,36.4203],[26.613,36.4224],[26.6151,36.4245],[26.6214,36.4245],[26.6224,36.4255],[26.6245,36.4255],[26.6266,36.4224],[26.6266,36.4182],[26.6255,36.4168]],[[26.6005,36.414],[26.5953,36.4144],[26.5939,36.4151],[26.5932,36.4161],[26.5932,36.4193],[26.5953,36.4214],[26.5974,36.4214],[26.5984,36.4224],[26.6026,36.4224],[26.6036,36.4214],[26.6036,36.4172],[26.6026,36.4147]],[[26.6859,36.3221],[26.6815,36.3224],[26.6801,36.3234],[26.6786,36.3262],[26.6682,36.3264],[26.6646,36.3286],[26.6635,36.3307],[26.662,36.3321],[26.6598,36.3328],[26.6589,36.3339],[26.6587,36.3349],[26.6592,36.3391],[26.6583,36.3453],[26.6568,36.3486],[26.6547,36.3493],[26.6536,36.3505],[26.6523,36.3547],[26.6523,36.3568],[26.653,36.3578],[26.6589,36.3607],[26.6641,36.3615],[26.6682,36.3636],[26.6703,36.364],[26.6724,36.3633],[26.6734,36.362],[26.6745,36.362],[26.6776,36.3599],[26.6807,36.362],[26.6818,36.362],[26.6839,36.3609],[26.6849,36.3599],[26.6849,36.3589],[26.6859,36.3589],[26.687,36.3578],[26.6872,36.3568],[26.6901,36.3536],[26.6901,36.3526],[26.6911,36.3526],[26.6922,36.3516],[26.6926,36.3484],[26.6934,36.3474],[26.6953,36.3459],[26.6984,36.3453],[26.7005,36.3432],[26.7005,36.3401],[26.6995,36.3378],[26.6974,36.3357],[26.6964,36.3326],[26.6932,36.3301],[26.6925,36.3276],[26.6911,36.326]],[[26.7307,36.3185],[26.7297,36.3185],[26.7286,36.3194],[26.7255,36.3199],[26.7245,36.3214],[26.7266,36.3245],[26.7276,36.3245],[26.7286,36.3234],[26.7286,36.3255],[26.7297,36.3266],[26.7286,36.3276],[26.7297,36.3286],[26.7307,36.3276],[26.7318,36.3286],[26.7338,36.3266],[26.7339,36.3245],[26.7325,36.3224],[26.7329,36.3214]],[[26.763,36.2974],[26.7609,36.2974],[26.7599,36.2984],[26.7578,36.2984],[26.7568,36.2989],[26.7557,36.2974],[26.7536,36.2982],[26.7525,36.2995],[26.7547,36.3005],[26.7547,36.3026],[26.7557,36.3036],[26.7568,36.3036],[26.7578,36.3026],[26.7599,36.3026],[26.7609,36.3016],[26.762,36.3016],[26.7641,36.2995],[26.7641,36.2984]],[[26.6922,36.2785],[26.6901,36.2783],[26.6888,36.2797],[26.6889,36.2807],[26.6901,36.2818],[26.6901,36.2828],[26.6891,36.2839],[26.6901,36.2849],[26.6932,36.2818],[26.6922,36.2807],[26.6932,36.2797]],[[26.7536,36.2786],[26.7504,36.2786],[26.7495,36.2797],[26.7496,36.2807],[26.7484,36.2818],[26.7484,36.2807],[26.7474,36.2797],[26.7464,36.2796],[26.7391,36.2797],[26.738,36.2807],[26.7367,36.2839],[26.7366,36.2859],[26.737,36.2868],[26.738,36.2872],[26.7422,36.287],[26.7411,36.287],[26.7391,36.2891],[26.74,36.2901],[26.7399,36.2911],[26.737,36.293],[26.7365,36.2943],[26.7351,36.2953],[26.7344,36.2974],[26.7346,36.2995],[26.7359,36.3005],[26.7359,36.3016],[26.738,36.3049],[26.7391,36.3053],[26.7443,36.3048],[26.7449,36.3057],[26.7456,36.3057],[26.7443,36.3047],[26.7449,36.3016],[26.7448,36.2974],[26.7453,36.2964],[26.7449,36.2943],[26.7453,36.2932],[26.7443,36.2915],[26.7432,36.2915],[26.7422,36.2922],[26.7414,36.2911],[26.7422,36.2902],[26.7432,36.2905],[26.7464,36.2904],[26.7484,36.2882],[26.7495,36.288],[26.7505,36.287],[26.75,36.2849],[26.7505,36.2839],[26.7516,36.2839],[26.7536,36.2826],[26.7557,36.2807]],[[26.412,36.0421],[26.4089,36.0422],[26.4068,36.0441],[26.406,36.0474],[26.4061,36.0516],[26.405,36.0526],[26.4047,36.0539],[26.4026,36.0544],[26.4013,36.0557],[26.4008,36.0589],[26.4019,36.0609],[26.3945,36.0682],[26.3925,36.0693],[26.3911,36.0708],[26.3907,36.0724],[26.3908,36.0766],[26.3891,36.0784],[26.3889,36.0807],[26.3891,36.0828],[26.3911,36.0849],[26.3955,36.0849],[26.4005,36.0817],[26.4057,36.0801],[26.4078,36.0786],[26.4091,36.0766],[26.4096,36.0714],[26.411,36.0672],[26.4111,36.0641],[26.4109,36.063],[26.4099,36.062],[26.4083,36.062],[26.4069,36.0609],[26.407,36.0599],[26.4089,36.0578],[26.4099,36.054],[26.4109,36.0537],[26.413,36.0516],[26.4134,36.0474],[26.4141,36.0464],[26.4141,36.0432],[26.413,36.0422]]]}},{"type":"Feature","properties":{"depth":20,"kind":"band"},"geometry":{"type":"MultiPolygon","coordinates":[[[[26.4328,36.9974],[26.4328,36.9982],[26.4321,36.9974],[26.4328,36.9967],[26.4328,36.9974]]],[[[26.9252,36.9943],[26.9245,36.9949],[26.9239,36.9943],[26.9245,36.9937],[26.9252,36.9943]]],[[[26.9079,36.9807],[26.9078,36.9813],[26.9075,36.9807],[26.9079,36.9807]]],[[[26.9177,36.9443],[26.9172,36.9446],[26.9164,36.9443],[26.9172,36.9433],[26.9177,36.9443]]],[[[26.3412,36.6172],[26.3411,36.6176],[26.3409,36.6172],[26.3412,36.6172]]],[[[26.3146,36.6016],[26.3141,36.602],[26.3138,36.6016],[26.3146,36.6016]]],[[[26.3207,36.5932],[26.3203,36.5941],[26.3199,36.5932],[26.3207,36.5932]]],[[[26.2621,36.587],[26.2615,36.587],[26.262,36.5866],[26.2621,36.587]]],[[[26.4499,36.587],[26.4495,36.5872],[26.4495,36.5866],[26.4499,36.587]]],[[[26.259,36.5859],[26.2591,36.587],[26.2599,36.5882],[26.2589,36.5882],[26.2587,36.587],[26.2567,36.5859],[26.2578,36.5856],[26.259,36.5859]]],[[[26.3259,36.5849],[26.3255,36.5853],[26.3254,36.5849],[26.3259,36.5849]]],[[[26.3372,36.5849],[26.337,36.5859],[26.3365,36.5849],[26.337,36.5845],[26.3372,36.5849]]],[[[26.335,36.5828],[26.3349,36.5833],[26.3343,36.5828],[26.335,36.5828]]],[[[26.4245,36.5734],[26.4245,36.5742],[26.4241,36.5734],[26.4245,36.5729],[26.4245,36.5734]]],[[[26.2611,36.5703],[26.2607,36.5703],[26.2609,36.5697],[26.2611,36.5703]]],[[[26.3728,36.5661],[26.3732,36.5672],[26.3724,36.5674],[26.3714,36.5661],[26.3724,36.5658],[26.3728,36.5661]]],[[[26.389,36.5641],[26.3891,36.5656],[26.3868,36.5651],[26.387,36.5639],[26.388,36.5636],[26.389,36.5641]]],[[[26.3893,36.563],[26.3891,36.564],[26.3884,36.563],[26.3891,36.5627],[26.3893,36.563]]],[[[26.3883,36.562],[26.388,36.5625],[26.3878,36.562],[26.3883,36.562]]],[[[26.3715,36.5609],[26.373,36.562],[26.3716,36.563],[26.3714,36.566],[26.3707,36.5651],[26.3715,36.5609]]],[[[26.3874,36.5589],[26.387,36.5592],[26.3867,36.5589],[26.387,36.5585],[26.3874,36.5589]]],[[[26.3793,36.5578],[26.3807,36.5596],[26.384,36.5599],[26.3829,36.5609],[26.3839,36.562],[26.3849,36.5618],[26.3864,36.563],[26.3859,36.5636],[26.3849,36.5636],[26.3844,36.5641],[26.3846,36.5651],[26.3828,36.5682],[26.3792,36.5682],[26.3797,36.5693],[26.3756,36.5693],[26.3766,36.5682],[26.3755,36.5682],[26.3739,36.5672],[26.3735,36.5651],[26.3745,36.5638],[26.3734,36.565],[26.3728,36.5641],[26.3734,36.563],[26.3745,36.5628],[26.3766,36.5632],[26.3776,36.5641],[26.3767,36.563],[26.3783,36.562],[26.3779,36.5578],[26.3786,36.557],[26.3793,36.5578]]],[[[26.4,36.5578],[26.3994,36.5578],[26.3995,36.5569],[26.4,36.5578]]],[[[26.3873,36.5557],[26.387,36.5561],[26.3864,36.5557],[26.387,36.5548],[26.3873,36.5557]]],[[[26.3985,36.5547],[26.3997,36.5557],[26.3995,36.5565],[26.3984,36.5563],[26.3985,36.5547]]],[[[26.399,36.5526],[26.3984,36.5533],[26.3971,36.5526],[26.399,36.5526]]],[[[26.4691,36.5474],[26.4682,36.5482],[26.468,36.5474],[26.4691,36.5474]]],[[[26.36,36.5464],[26.3599,36.547],[26.3599,36.5459],[26.36,36.5464]]],[[[26.3625,36.5443],[26.3608,36.5443],[26.3609,36.5435],[26.3625,36.5443]]],[[[26.1532,36.5318],[26.1526,36.5326],[26.1517,36.5318],[26.1526,36.5313],[26.1532,36.5318]]],[[[26.7333,36.3203],[26.7326,36.3203],[26.7328,36.3198],[26.7333,36.3203]]],[[[27,36.0005],[27,36.7495],[26.9995,36.75],[26.9974,36.7499],[26.9922,36.748],[26.9901,36.748],[26.988,36.7471],[26.9828,36.747],[26.9807,36.7465],[26.9766,36.7435],[26.9734,36.738],[26.9734,36.737],[26.9745,36.737],[26.9755,36.7359],[26.9744,36.7349],[26.9807,36.7311],[26.9839,36.7279],[26.9845,36.7255],[26.9863,36.7224],[26.9858,36.7214],[26.9864,36.7193],[26.9856,36.7182],[26.9859,36.7161],[26.9852,36.7151],[26.9859,36.7141],[26.9839,36.712],[26.9828,36.712],[26.9818,36.7128],[26.9797,36.7127],[26.9776,36.7107],[26.9766,36.7106],[26.9745,36.7086],[26.9734,36.7085],[26.9708,36.7047],[26.9705,36.7016],[26.9696,36.6995],[26.9695,36.6911],[26.9704,36.6859],[26.9695,36.6849],[26.9695,36.6839],[26.9704,36.6828],[26.9706,36.6807],[26.9714,36.6797],[26.9714,36.6789],[26.9734,36.6766],[26.9734,36.6758],[26.9745,36.6756],[26.9745,36.6745],[26.9755,36.6734],[26.9734,36.6707],[26.9714,36.6697],[26.962,36.6709],[26.9589,36.6725],[26.9547,36.673],[26.9516,36.674],[26.9495,36.675],[26.9485,36.6766],[26.9464,36.6785],[26.9384,36.6807],[26.9364,36.6828],[26.936,36.6839],[26.9333,36.6859],[26.9311,36.6901],[26.9284,36.6932],[26.921,36.7005],[26.9141,36.7062],[26.913,36.7081],[26.9119,36.7089],[26.9109,36.7109],[26.9057,36.7161],[26.9039,36.7193],[26.903,36.7234],[26.9061,36.7307],[26.9093,36.7411],[26.9093,36.7484],[26.91,36.7536],[26.9141,36.7605],[26.915,36.7641],[26.9172,36.7668],[26.9234,36.7685],[26.9255,36.7684],[26.9266,36.7672],[26.9286,36.7682],[26.9359,36.769],[26.9422,36.7717],[26.9474,36.7724],[26.9578,36.7772],[26.9618,36.7776],[26.9649,36.7786],[26.964,36.7797],[26.9646,36.7807],[26.9688,36.7828],[26.9713,36.7828],[26.9723,36.7839],[26.9734,36.784],[26.974,36.7839],[26.9742,36.7828],[26.9755,36.7826],[26.976,36.7828],[26.9761,36.7839],[26.9818,36.7852],[26.9853,36.787],[26.9901,36.7903],[26.9974,36.7983],[26.998,36.7984],[26.9985,36.7995],[27,36.8005],[27,36.9339],[26.9995,36.9343],[26.9974,36.9318],[26.9954,36.9234],[26.9943,36.9214],[26.9924,36.9193],[26.9901,36.918],[26.9849,36.9173],[26.9693,36.9186],[26.9641,36.9182],[26.9609,36.9171],[26.9578,36.9149],[26.9557,36.9126],[26.9526,36.9111],[26.9477,36.9068],[26.9462,36.9068],[26.9411,36.9028],[26.9339,36.9052],[26.9307,36.9057],[26.9272,36.9089],[26.9286,36.9142],[26.9315,36.9172],[26.9328,36.9194],[26.9339,36.9199],[26.9345,36.9193],[26.9347,36.9182],[26.9359,36.9174],[26.9379,36.9193],[26.9383,36.9203],[26.9374,36.9214],[26.9351,36.9224],[26.9339,36.9255],[26.9315,36.9276],[26.9317,36.9286],[26.9309,36.9318],[26.9297,36.9334],[26.9284,36.9339],[26.9276,36.9355],[26.9265,36.9359],[26.9266,36.937],[26.9253,36.9391],[26.9259,36.9401],[26.9251,36.9411],[26.9252,36.9422],[26.9222,36.9453],[26.9223,36.9464],[26.9195,36.9464],[26.9198,36.9453],[26.9191,36.9443],[26.9172,36.9432],[26.9161,36.9441],[26.9141,36.9441],[26.912,36.9448],[26.9071,36.9495],[26.9071,36.9526],[26.908,36.9547],[26.9109,36.9569],[26.9182,36.9608],[26.9231,36.9661],[26.9243,36.9682],[26.9241,36.9724],[26.9224,36.974],[26.9193,36.9734],[26.9151,36.9707],[26.913,36.9703],[26.9068,36.9719],[26.906,36.9734],[26.9058,36.9755],[26.9063,36.9786],[26.9074,36.9797],[26.9052,36.9818],[26.9057,36.9822],[26.9068,36.9818],[26.9078,36.9833],[26.9089,36.9822],[26.9109,36.9834],[26.912,36.9818],[26.9144,36.9839],[26.9143,36.9849],[26.9122,36.9859],[26.9115,36.9901],[26.9121,36.9911],[26.9108,36.9943],[26.9089,36.9948],[26.9074,36.9943],[26.9076,36.9953],[26.9068,36.9957],[26.9047,36.9953],[26.9036,36.9943],[26.9045,36.9953],[26.9042,36.9974],[26.8995,37],[26.5026,37],[26.5003,36.9964],[26.4984,36.995],[26.4651,36.9951],[26.4568,36.9971],[26.4557,36.9957],[26.4557,36.995],[26.457,36.9932],[26.4569,36.9911],[26.4568,36.9901],[26.4557,36.9891],[26.4505,36.9891],[26.4484,36.9912],[26.4474,36.9901],[26.4453,36.9901],[26.4443,36.9891],[26.4411,36.9891],[26.4401,36.9901],[26.438,36.9901],[26.437,36.9891],[26.4339,36.9891],[26.4328,36.9901],[26.4297,36.9901],[26.4245,36.9901],[26.4234,36.9891],[26.4182,36.9891],[26.417,36.9901],[26.4172,36.9917],[26.4165,36.9922],[26.4159,36.9943],[26.415,36.9953],[26.4175,36.9964],[26.4182,36.9981],[26.4198,36.9995],[26.4193,37],[26.0005,37],[26,36.9995],[26,36.9401],[26.0005,36.9391],[26.0078,36.9396],[26.0108,36.938],[26.0113,36.937],[26.0141,36.9375],[26.0193,36.9365],[26.0251,36.9328],[26.0297,36.9271],[26.0332,36.9255],[26.0391,36.9214],[26.0416,36.9203],[26.0453,36.9172],[26.0495,36.9162],[26.0526,36.9141],[26.0568,36.9124],[26.0651,36.9108],[26.0693,36.9084],[26.0745,36.9067],[26.0828,36.9018],[26.0871,36.9005],[26.0906,36.8974],[26.091,36.8964],[26.088,36.893],[26.0849,36.8921],[26.0839,36.8911],[26.0818,36.8911],[26.0807,36.8901],[26.0766,36.8901],[26.0755,36.8908],[26.0703,36.8909],[26.0672,36.8901],[26.0661,36.8909],[26.0641,36.8909],[26.063,36.8909],[26.062,36.8901],[26.0609,36.8912],[26.0589,36.8912],[26.0568,36.8932],[26.0557,36.8932],[26.0536,36.8953],[26.0526,36.8953],[26.0505,36.8979],[26.0495,36.8979],[26.0484,36.8964],[26.0443,36.8961],[26.0432,36.8951],[26.0411,36.8962],[26.0401,36.8962],[26.038,36.8943],[26.0248,36.8943],[26.0234,36.8932],[26.0224,36.8932],[26.0214,36.8922],[26.0196,36.8922],[26.0182,36.8912],[26.0172,36.8912],[26.0161,36.8919],[26.0141,36.892],[26.012,36.8901],[26.0109,36.8901],[26.0099,36.8909],[26.0078,36.8891],[26.0059,36.8891],[26.0026,36.887],[26.0016,36.8878],[26,36.8859],[26,36.0005],[26.0005,36],[26.4318,36],[26.4328,36.0026],[26.4339,36.0036],[26.4359,36.0042],[26.4379,36.0036],[26.439,36.0026],[26.4401,36],[26.9995,36],[27,36.0005]],[[26.388,36.9901],[26.3839,36.9901],[26.3807,36.9918],[26.3776,36.9926],[26.3661,36.9898],[26.362,36.9899],[26.3607,36.9901],[26.359,36.9922],[26.3598,36.9943],[26.3651,36.9967],[26.3745,36.9988],[26.3818,36.9989],[26.387,36.997],[26.3901,36.9952],[26.3911,36.996],[26.3919,36.9953],[26.3922,36.9941],[26.3896,36.9911],[26.388,36.9901]],[[26.9109,36.9858],[26.9105,36.9859],[26.9109,36.9864],[26.9117,36.9859],[26.9109,36.9858]],[[26.9078,36.9844],[26.9078,36.9852],[26.9089,36.9861],[26.9094,36.9859],[26.9078,36.9844]],[[26.3276,36.9818],[26.3214,36.9816],[26.3193,36.9821],[26.3182,36.9828],[26.3189,36.9839],[26.3183,36.9849],[26.3189,36.987],[26.3214,36.9891],[26.3255,36.9904],[26.3286,36.9905],[26.3328,36.989],[26.3337,36.988],[26.3338,36.987],[26.3329,36.9839],[26.3318,36.9828],[26.3286,36.9824],[26.3276,36.9818]],[[26.2901,36.967],[26.2786,36.967],[26.2766,36.9681],[26.2724,36.9689],[26.2682,36.971],[26.2666,36.9724],[26.2667,36.9786],[26.2684,36.9818],[26.2689,36.9839],[26.2679,36.9859],[26.2681,36.9891],[26.2693,36.9901],[26.2714,36.9902],[26.2786,36.9868],[26.2828,36.9865],[26.288,36.988],[26.2891,36.9877],[26.2944,36.9911],[26.3005,36.992],[26.3036,36.9935],[26.3057,36.9935],[26.3099,36.992],[26.3115,36.9901],[26.312,36.9889],[26.3133,36.988],[26.3139,36.9859],[26.3143,36.9839],[26.3123,36.9797],[26.3057,36.9757],[26.3052,36.9745],[26.3036,36.9732],[26.2984,36.9721],[26.2964,36.9709],[26.2937,36.9682],[26.2901,36.967]],[[26.1745,36.8951],[26.1724,36.8946],[26.1682,36.8951],[26.1622,36.8974],[26.1599,36.899],[26.1572,36.8995],[26.1583,36.9016],[26.1582,36.9026],[26.1566,36.9036],[26.1568,36.9057],[26.1587,36.9078],[26.1601,36.9109],[26.163,36.9138],[26.1651,36.9146],[26.1693,36.9144],[26.1714,36.9133],[26.1725,36.912],[26.1737,36.9078],[26.1756,36.9047],[26.1763,36.9005],[26.1758,36.8964],[26.1745,36.8951]],[[26.9255,36.8795],[26.9245,36.8789],[26.9224,36.8789],[26.9193,36.8802],[26.9182,36.8812],[26.9171,36.8839],[26.9179,36.8849],[26.9172,36.8851],[26.9167,36.8859],[26.9172,36.8886],[26.9182,36.8899],[26.9224,36.8922],[26.9245,36.8922],[26.9255,36.8927],[26.9262,36.8922],[26.9266,36.891],[26.929,36.8901],[26.9293,36.888],[26.9289,36.887],[26.9294,36.8859],[26.9282,36.8818],[26.9266,36.8799],[26.9255,36.8795]],[[26.3755,36.5522],[26.3755,36.553],[26.3759,36.5526],[26.3755,36.5522]],[[26.2307,36.5442],[26.2276,36.5435],[26.2223,36.5453],[26.2202,36.5474],[26.2172,36.5529],[26.2169,36.5536],[26.218,36.5578],[26.2194,36.5589],[26.2196,36.5609],[26.2206,36.563],[26.2224,36.5645],[26.2276,36.5649],[26.2328,36.5628],[26.2365,36.5578],[26.2371,36.5526],[26.2362,36.5484],[26.2328,36.545],[26.2318,36.5451],[26.2307,36.5442]],[[26.3505,36.5348],[26.3495,36.5342],[26.3486,36.5349],[26.3486,36.5359],[26.3495,36.537],[26.3505,36.5361],[26.3505,36.5348]],[[26.4161,36.5337],[26.4156,36.5339],[26.4152,36.5349],[26.4172,36.5364],[26.418,36.5359],[26.4181,36.5349],[26.4161,36.5337]],[[26.2307,36.524],[26.2276,36.5237],[26.2255,36.5252],[26.2246,36.5286],[26.2251,36.5307],[26.2247,36.5318],[26.2258,36.5328],[26.2266,36.5346],[26.2297,36.535],[26.2307,36.5347],[26.2318,36.5355],[26.235,36.5328],[26.2355,36.5318],[26.235,36.5307],[26.2356,36.5297],[26.2345,36.5286],[26.2349,36.5276],[26.2339,36.5273],[26.2307,36.524]],[[26.4661,36.5234],[26.463,36.5234],[26.462,36.5244],[26.4609,36.5245],[26.4589,36.527],[26.4578,36.5273],[26.4578,36.528],[26.4591,36.5286],[26.4586,36.5307],[26.4568,36.5322],[26.4557,36.5326],[26.4536,36.5321],[26.4516,36.5324],[26.4487,36.5339],[26.4474,36.5379],[26.4443,36.5385],[26.4401,36.5403],[26.4391,36.5415],[26.438,36.5413],[26.4375,36.5432],[26.4349,36.545],[26.4334,36.5453],[26.4343,36.5464],[26.4337,36.5495],[26.4349,36.5505],[26.4339,36.5516],[26.437,36.5532],[26.4401,36.5537],[26.4427,36.5547],[26.4441,36.5568],[26.4437,36.5578],[26.4447,36.5609],[26.4474,36.5634],[26.4495,36.5634],[26.4516,36.5628],[26.4526,36.5615],[26.4536,36.5618],[26.4557,36.5597],[26.458,36.5609],[26.4577,36.5599],[26.4586,36.5589],[26.4588,36.5557],[26.4609,36.5536],[26.4588,36.5505],[26.4591,36.5495],[26.4599,36.5489],[26.463,36.5501],[26.4651,36.5498],[26.4661,36.5511],[26.4693,36.5475],[26.4703,36.5473],[26.4708,36.5464],[26.474,36.5443],[26.4757,36.5411],[26.4755,36.539],[26.4778,36.538],[26.4803,36.5359],[26.481,36.5328],[26.4797,36.5297],[26.4786,36.5286],[26.4755,36.5282],[26.4724,36.5255],[26.4714,36.5255],[26.4703,36.5245],[26.4672,36.5245],[26.4661,36.5234]],[[26.1464,36.5234],[26.1422,36.5232],[26.1401,36.524],[26.1387,36.5255],[26.1373,36.5297],[26.137,36.5328],[26.1385,36.5422],[26.1377,36.5432],[26.1377,36.5443],[26.1318,36.5465],[26.1286,36.5525],[26.1286,36.5547],[26.1293,36.5568],[26.1318,36.5585],[26.1432,36.5628],[26.1464,36.5646],[26.1484,36.5646],[26.1495,36.5643],[26.151,36.563],[26.1517,36.5609],[26.1513,36.5589],[26.1524,36.5578],[26.1527,36.5484],[26.1523,36.5474],[26.153,36.5453],[26.1526,36.5432],[26.1536,36.544],[26.1538,36.5432],[26.1532,36.5422],[26.1531,36.5391],[26.1537,36.5339],[26.1527,36.5328],[26.1541,36.5318],[26.1534,36.5307],[26.1536,36.5286],[26.1495,36.5253],[26.1464,36.5234]],[[26.3307,36.5032],[26.3245,36.5032],[26.3172,36.505],[26.3134,36.5078],[26.312,36.5109],[26.3109,36.5099],[26.3099,36.5099],[26.3089,36.5109],[26.3089,36.512],[26.3068,36.5141],[26.3068,36.5151],[26.3057,36.5161],[26.3057,36.5172],[26.304,36.5151],[26.3039,36.5141],[26.3016,36.5128],[26.2986,36.513],[26.2974,36.512],[26.2932,36.5131],[26.2891,36.5133],[26.2873,36.5151],[26.2842,36.5245],[26.2824,36.5276],[26.2798,36.5339],[26.2774,36.537],[26.2755,36.5405],[26.2661,36.549],[26.262,36.5513],[26.2599,36.5539],[26.2585,36.5589],[26.2599,36.5591],[26.2604,36.5599],[26.2596,36.5609],[26.2609,36.5606],[26.2639,36.5641],[26.2642,36.5651],[26.2635,36.5672],[26.2644,36.5682],[26.2641,36.5693],[26.263,36.5698],[26.2609,36.5692],[26.2589,36.5704],[26.2578,36.5699],[26.2526,36.5703],[26.2528,36.5714],[26.2519,36.5724],[26.2527,36.5745],[26.2522,36.5766],[26.2525,36.5776],[26.2519,36.5786],[26.2547,36.5843],[26.2558,36.5849],[26.2554,36.5859],[26.2559,36.588],[26.2531,36.5901],[26.2523,36.5922],[26.2524,36.5932],[26.2578,36.5947],[26.2597,36.5943],[26.263,36.5961],[26.2627,36.5974],[26.2638,36.5995],[26.2641,36.601],[26.2661,36.603],[26.2672,36.6027],[26.2682,36.6036],[26.2672,36.6047],[26.2703,36.6078],[26.2714,36.6084],[26.2745,36.6074],[26.2756,36.6078],[26.2766,36.6047],[26.2776,36.6052],[26.2781,36.6047],[26.2771,36.6036],[26.2776,36.6009],[26.2797,36.6015],[26.2807,36.6008],[26.2828,36.6015],[26.2839,36.6012],[26.288,36.6024],[26.2953,36.6027],[26.3016,36.6015],[26.3047,36.5995],[26.3057,36.5993],[26.3089,36.6001],[26.3099,36.5992],[26.3141,36.6027],[26.3151,36.6018],[26.3172,36.603],[26.3178,36.6026],[26.318,36.6016],[26.3176,36.5995],[26.3182,36.5988],[26.3193,36.5999],[26.3195,36.5995],[26.3182,36.5977],[26.3175,36.5974],[26.3179,36.5964],[26.3172,36.5942],[26.3193,36.5938],[26.3203,36.5944],[26.3214,36.5936],[26.3234,36.5946],[26.3245,36.5938],[26.3255,36.5939],[26.3266,36.5922],[26.3253,36.5911],[26.3266,36.5871],[26.3276,36.5873],[26.3286,36.5868],[26.3297,36.588],[26.3328,36.5861],[26.3339,36.5863],[26.3349,36.5854],[26.3359,36.5855],[26.337,36.586],[26.3389,36.588],[26.34,36.5911],[26.3422,36.5931],[26.3432,36.5925],[26.3453,36.5944],[26.347,36.5953],[26.3474,36.5961],[26.3481,36.5953],[26.3472,36.5943],[26.3484,36.594],[26.3493,36.5974],[26.349,36.6005],[26.3464,36.6021],[26.3443,36.6043],[26.3432,36.6075],[26.3411,36.6089],[26.3401,36.6084],[26.3391,36.6093],[26.337,36.6088],[26.3359,36.6108],[26.3349,36.6118],[26.3318,36.6133],[26.3315,36.6141],[26.3333,36.6161],[26.3331,36.6193],[26.3339,36.6205],[26.3349,36.6207],[26.3391,36.6195],[26.3401,36.6177],[26.3408,36.6182],[26.3443,36.6187],[26.3464,36.6175],[26.3486,36.6182],[26.3502,36.6161],[26.3497,36.6151],[26.3505,36.613],[26.3547,36.6118],[26.3599,36.6043],[26.3652,36.6016],[26.3649,36.5995],[26.366,36.5984],[26.3656,36.5964],[26.3674,36.5943],[26.3682,36.5917],[26.3693,36.5913],[26.3734,36.5916],[26.3786,36.5938],[26.3818,36.596],[26.3839,36.5958],[26.3859,36.5967],[26.388,36.5969],[26.3895,36.5984],[26.3897,36.5995],[26.3878,36.6068],[26.3859,36.6089],[26.3828,36.6096],[26.3809,36.6109],[26.3774,36.6161],[26.3766,36.6184],[26.3734,36.6214],[26.3722,36.6234],[26.3719,36.6276],[26.369,36.6349],[26.3693,36.6374],[26.3734,36.6411],[26.3741,36.6432],[26.3755,36.645],[26.3797,36.6476],[26.3818,36.6477],[26.3859,36.6465],[26.3901,36.6468],[26.3964,36.6457],[26.3984,36.6445],[26.4026,36.6434],[26.4051,36.6422],[26.4109,36.6371],[26.4182,36.6333],[26.4234,36.6316],[26.4276,36.6288],[26.4318,36.6244],[26.4432,36.6174],[26.4484,36.6121],[26.4526,36.611],[26.4557,36.6093],[26.4614,36.6036],[26.4666,36.5995],[26.4682,36.5976],[26.4689,36.5964],[26.4693,36.5932],[26.4703,36.5912],[26.4776,36.5818],[26.4777,36.5786],[26.4772,36.5766],[26.4748,36.5745],[26.4745,36.5736],[26.4724,36.573],[26.4693,36.5709],[26.4664,36.5724],[26.4661,36.5731],[26.4659,36.5724],[26.4643,36.5714],[26.463,36.5716],[26.462,36.5727],[26.4589,36.5704],[26.4568,36.5699],[26.4547,36.57],[26.4505,36.5693],[26.4502,36.5703],[26.4495,36.5705],[26.4484,36.5698],[26.4474,36.5701],[26.4464,36.5695],[26.4453,36.5703],[26.4432,36.5696],[26.4422,36.5704],[26.4391,36.5697],[26.4359,36.5703],[26.4328,36.5686],[26.4297,36.5682],[26.4266,36.5668],[26.4255,36.5677],[26.4245,36.5663],[26.4203,36.5633],[26.4197,36.562],[26.417,36.5589],[26.4178,36.5578],[26.417,36.5568],[26.4172,36.5564],[26.4184,36.5557],[26.4163,36.5547],[26.4162,36.5536],[26.4125,36.5495],[26.4124,36.5464],[26.4131,36.5432],[26.4122,36.5422],[26.4131,36.5411],[26.4127,36.5391],[26.4141,36.5374],[26.4141,36.538],[26.4156,36.5391],[26.4159,36.5401],[26.4163,36.5401],[26.4161,36.5385],[26.4151,36.5373],[26.4142,36.537],[26.4139,36.5359],[26.4126,36.5349],[26.4148,36.5339],[26.4138,36.5328],[26.4151,36.5322],[26.4152,36.5318],[26.4141,36.5317],[26.413,36.5324],[26.4121,36.5339],[26.4089,36.5368],[26.4089,36.5375],[26.4112,36.5391],[26.4109,36.5401],[26.4099,36.5411],[26.4089,36.5393],[26.4068,36.5392],[26.4047,36.5413],[26.4036,36.5411],[26.4016,36.5423],[26.3995,36.542],[26.3984,36.5434],[26.3974,36.543],[26.3968,36.5432],[26.397,36.5443],[26.3957,36.5453],[26.3975,36.5464],[26.3947,36.5474],[26.3961,36.5484],[26.3958,36.5516],[26.3943,36.552],[26.3932,36.5514],[26.3925,36.5516],[26.3911,36.5526],[26.3901,36.5554],[26.387,36.5546],[26.3859,36.5551],[26.3849,36.5542],[26.3836,36.5557],[26.3839,36.556],[26.3849,36.5549],[26.3857,36.5557],[26.3866,36.5578],[26.3859,36.5585],[26.3839,36.5582],[26.3828,36.5573],[26.3818,36.5575],[26.3797,36.5562],[26.3786,36.5565],[26.3766,36.5552],[26.3724,36.5539],[26.3714,36.5548],[26.3667,36.5516],[26.3667,36.5505],[26.3682,36.5496],[26.3693,36.5503],[26.3703,36.55],[26.3714,36.5508],[26.3718,36.5505],[26.3683,36.5474],[26.3682,36.5462],[26.3672,36.5467],[26.3668,36.5464],[26.366,36.5453],[26.3669,36.5443],[26.3661,36.5435],[26.3641,36.5429],[26.363,36.5418],[26.3599,36.5401],[26.3589,36.541],[26.3568,36.5398],[26.3568,36.5391],[26.3557,36.538],[26.3547,36.5379],[26.3526,36.5399],[26.3505,36.5396],[26.3484,36.5402],[26.347,36.5401],[26.3471,36.538],[26.3479,36.537],[26.3472,36.5359],[26.3474,36.5328],[26.3547,36.5294],[26.3578,36.5286],[26.3589,36.5278],[26.3599,36.5286],[26.3609,36.5276],[26.3599,36.5266],[26.3599,36.5255],[26.362,36.5239],[26.363,36.5221],[26.3684,36.5161],[26.3682,36.512],[26.3693,36.512],[26.3703,36.5111],[26.3703,36.5068],[26.3693,36.5057],[26.3661,36.5057],[26.3651,36.5066],[26.3609,36.5068],[26.3594,36.5078],[26.3557,36.5056],[26.3516,36.5054],[26.3443,36.507],[26.3401,36.5089],[26.3391,36.5077],[26.338,36.5075],[26.3307,36.5032]],[[26.9682,36.4943],[26.9599,36.4943],[26.9585,36.4964],[26.9586,36.4984],[26.9599,36.5016],[26.962,36.5036],[26.9639,36.5047],[26.9641,36.5057],[26.9661,36.5078],[26.9672,36.5078],[26.9682,36.5088],[26.9766,36.5088],[26.9776,36.5099],[26.9828,36.5099],[26.9838,36.5089],[26.9838,36.5078],[26.9819,36.5057],[26.9828,36.5047],[26.9786,36.4984],[26.9755,36.4973],[26.9734,36.4953],[26.9724,36.4953],[26.9714,36.4943],[26.9682,36.4943]],[[26.6245,36.415],[26.6214,36.4147],[26.6172,36.4149],[26.6147,36.4161],[26.6136,36.4172],[26.6126,36.4193],[26.6129,36.4224],[26.6151,36.4245],[26.6214,36.4246],[26.6224,36.4255],[26.6245,36.4255],[26.6255,36.4245],[26.6256,36.4234],[26.627,36.4214],[26.6272,36.4182],[26.6266,36.4167],[26.6245,36.415]],[[26.6026,36.4129],[26.5984,36.4126],[26.5943,36.4135],[26.5932,36.4144],[26.5925,36.4161],[26.5932,36.4193],[26.5953,36.4214],[26.5974,36.4214],[26.5984,36.4224],[26.6026,36.4224],[26.6036,36.4214],[26.6043,36.4193],[26.6033,36.4141],[26.6026,36.4129]],[[26.6839,36.3213],[26.6807,36.322],[26.6776,36.3247],[26.6755,36.3254],[26.6682,36.3257],[26.6661,36.3265],[26.6641,36.328],[26.6624,36.3307],[26.6591,36.3328],[26.6584,36.3339],[26.6585,36.3391],[26.6571,36.3464],[26.6566,36.3474],[26.6536,36.3495],[26.6517,36.3536],[26.6515,36.3568],[26.6518,36.3578],[26.6547,36.3607],[26.6599,36.3635],[26.663,36.3636],[26.6682,36.3658],[26.6703,36.3656],[26.6755,36.362],[26.6818,36.3623],[26.6839,36.3613],[26.687,36.3582],[26.6924,36.3516],[26.693,36.3495],[26.6943,36.3474],[26.6988,36.3453],[26.7009,36.3432],[26.7012,36.3401],[26.7005,36.3384],[26.6973,36.3328],[26.6943,36.3293],[26.6936,36.3276],[26.6938,36.3266],[26.687,36.3219],[26.6839,36.3213]],[[26.7307,36.3165],[26.7286,36.3168],[26.725,36.3193],[26.724,36.3214],[26.725,36.3245],[26.7297,36.3286],[26.7307,36.3278],[26.7318,36.3286],[26.7339,36.3266],[26.734,36.3234],[26.7334,36.3214],[26.734,36.3203],[26.7331,36.3193],[26.733,36.3182],[26.7307,36.3165]],[[26.7536,36.2782],[26.7505,36.2781],[26.7484,36.2795],[26.7453,36.2789],[26.7401,36.2791],[26.7391,36.2793],[26.7373,36.2807],[26.7362,36.2828],[26.7357,36.2859],[26.7363,36.2911],[26.7351,36.2943],[26.734,36.2953],[26.7335,36.2974],[26.7348,36.3036],[26.7347,36.3057],[26.7338,36.3068],[26.7339,36.3089],[26.7351,36.3089],[26.737,36.3079],[26.7453,36.3079],[26.7472,36.3068],[26.7466,36.3047],[26.7474,36.3028],[26.7505,36.3037],[26.7516,36.3024],[26.7526,36.3023],[26.7539,36.3036],[26.7557,36.304],[26.762,36.3017],[26.7641,36.2995],[26.7642,36.2974],[26.763,36.2963],[26.7599,36.2963],[26.7568,36.2973],[26.7557,36.2966],[26.7547,36.2973],[26.7536,36.2971],[26.7526,36.2963],[26.7532,36.2974],[26.7526,36.2979],[26.7516,36.2975],[26.7505,36.2981],[26.7495,36.2977],[26.7484,36.2986],[26.7466,36.2953],[26.7467,36.2932],[26.7474,36.2923],[26.7485,36.2922],[26.7487,36.2901],[26.7509,36.288],[26.7514,36.2859],[26.7562,36.2818],[26.7564,36.2807],[26.7558,36.2797],[26.7536,36.2782]],[[26.6911,36.2775],[26.6901,36.2773],[26.6891,36.2779],[26.6882,36.2786],[26.6879,36.2797],[26.6888,36.2818],[26.6888,36.2839],[26.6901,36.2851],[26.6928,36.2839],[26.6937,36.2818],[26.6936,36.2797],[26.6911,36.2775]],[[26.413,36.0418],[26.4089,36.0418],[26.4068,36.043],[26.4057,36.0442],[26.4041,36.0516],[26.4037,36.0526],[26.4004,36.0557],[26.3989,36.062],[26.3905,36.0703],[26.39,36.0714],[26.39,36.0755],[26.3886,36.0776],[26.3882,36.0797],[26.3891,36.0835],[26.3911,36.0853],[26.3953,36.0856],[26.4005,36.0827],[26.4065,36.0807],[26.4079,36.0797],[26.4095,36.0776],[26.4113,36.0693],[26.4117,36.0641],[26.4099,36.0615],[26.4089,36.0617],[26.4075,36.0609],[26.4076,36.0599],[26.4094,36.0578],[26.4096,36.0568],[26.4111,36.0557],[26.4135,36.0516],[26.4147,36.0443],[26.4145,36.0432],[26.413,36.0418]]]]}},{"type":"Feature","properties":{"depth":20,"kind":"isobath"},"geometry":{"type":"MultiLineString","coordinates":[[[26.4328,36.9974],[26.4328,36.9982],[26.4321,36.9974],[26.4328,36.9967]],[[26.9252,36.9943],[26.9245,36.9949],[26.9239,36.9943],[26.9245,36.9937]],[[26.9079,36.9807],[26.9078,36.9813],[26.9075,36.9807]],[[26.9177,36.9443],[26.9172,36.9446],[26.9164,36.9443],[26.9172,36.9433]],[[26.3412,36.6172],[26.3411,36.6176],[26.3409,36.6172]],[[26.3146,36.6016],[26.3141,36.602],[26.3138,36.6016]],[[26.3207,36.5932],[26.3203,36.5941],[26.3199,36.5932]],[[26.2621,36.587],[26.2615,36.587],[26.262,36.5866]],[[26.4499,36.587],[26.4495,36.5872],[26.4495,36.5866]],[[26.259,36.5859],[26.2591,36.587],[26.2599,36.5882],[26.2589,36.5882],[26.2587,36.587],[26.2567,36.5859],[26.2578,36.5856]],[[26.3259,36.5849],[26.3255,36.5853],[26.3254,36.5849]],[[26.3372,36.5849],[26.337,36.5859],[26.3365,36.5849],[26.337,36.5845]],[[26.335,36.5828],[26.3349,36.5833],[26.3343,36.5828]],[[26.4245,36.5734],[26.4245,36.5742],[26.4241,36.5734],[26.4245,36.5729]],[[26.2611,36.5703],[26.2607,36.5703],[26.2609,36.5697]],[[26.3728,36.5661],[26.3732,36.5672],[26.3724,36.5674],[26.3714,36.5661],[26.3724,36.5658]],[[26.389,36.5641],[26.3891,36.5656],[26.3868,36.5651],[26.387,36.5639],[26.388,36.5636]],[[26.3893,36.563],[26.3891,36.564],[26.3884,36.563],[26.3891,36.5627]],[[26.3883,36.562],[26.388,36.5625],[26.3878,36.562]],[[26.3715,36.5609],[26.373,36.562],[26.3716,36.563],[26.3714,36.566],[26.3707,36.5651]],[[26.3874,36.5589],[26.387,36.5592],[26.3867,36.5589],[26.387,36.5585]],[[26.3793,36.5578],[26.3807,36.5596],[26.384,36.5599],[26.3829,36.5609],[26.3839,36.562],[26.3849,36.5618],[26.3864,36.563],[26.3859,36.5636],[26.3849,36.5636],[26.3844,36.5641],[26.3846,36.5651],[26.3828,36.5682],[26.3792,36.5682],[26.3797,36.5693],[26.3756,36.5693],[26.3766,36.5682],[26.3755,36.5682],[26.3739,36.5672],[26.3735,36.5651],[26.3745,36.5638],[26.3734,36.565],[26.3728,36.5641],[26.3734,36.563],[26.3745,36.5628],[26.3766,36.5632],[26.3776,36.5641],[26.3767,36.563],[26.3783,36.562],[26.3779,36.5578],[26.3786,36.557]],[[26.4,36.5578],[26.3994,36.5578],[26.3995,36.5569]],[[26.3873,36.5557],[26.387,36.5561],[26.3864,36.5557],[26.387,36.5548]],[[26.3985,36.5547],[26.3997,36.5557],[26.3995,36.5565],[26.3984,36.5563]],[[26.399,36.5526],[26.3984,36.5533],[26.3971,36.5526]],[[26.4691,36.5474],[26.4682,36.5482],[26.468,36.5474]],[[26.36,36.5464],[26.3599,36.547],[26.3599,36.5459]],[[26.3625,36.5443],[26.3608,36.5443],[26.3609,36.5435]],[[26.1532,36.5318],[26.1526,36.5326],[26.1517,36.5318],[26.1526,36.5313]],[[26.7333,36.3203],[26.7326,36.3203],[26.7328,36.3198]],[[26.9995,36.75],[26.9974,36.7499],[26.9922,36.748],[26.9901,36.748],[26.988,36.7471],[26.9828,36.747],[26.9807,36.7465],[26.9766,36.7435],[26.9734,36.738],[26.9734,36.737],[26.9745,36.737],[26.9755,36.7359],[26.9744,36.7349],[26.9807,36.7311],[26.9839,36.7279],[26.9845,36.7255],[26.9863,36.7224],[26.9858,36.7214],[26.9864,36.7193],[26.9856,36.7182],[26.9859,36.7161],[26.9852,36.7151],[26.9859,36.7141],[26.9839,36.712],[26.9828,36.712],[26.9818,36.7128],[26.9797,36.7127],[26.9776,36.7107],[26.9766,36.7106],[26.9745,36.7086],[26.9734,36.7085],[26.9708,36.7047],[26.9705,36.7016],[26.9696,36.6995],[26.9695,36.6911],[26.9704,36.6859],[26.9695,36.6849],[26.9695,36.6839],[26.9704,36.6828],[26.9706,36.6807],[26.9714,36.6797],[26.9714,36.6789],[26.9734,36.6766],[26.9734,36.6758],[26.9745,36.6756],[26.9745,36.6745],[26.9755,36.6734],[26.9734,36.6707],[26.9714,36.6697],[26.962,36.6709],[26.9589,36.6725],[26.9547,36.673],[26.9516,36.674],[26.9495,36.675],[26.9485,36.6766],[26.9464,36.6785],[26.9384,36.6807],[26.9364,36.6828],[26.936,36.6839],[26.9333,36.6859],[26.9311,36.6901],[26.9284,36.6932],[26.921,36.7005],[26.9141,36.7062],[26.913,36.7081],[26.9119,36.7089],[26.9109,36.7109],[26.9057,36.7161],[26.9039,36.7193],[26.903,36.7234],[26.9061,36.7307],[26.9093,36.7411],[26.9093,36.7484],[26.91,36.7536],[26.9141,36.7605],[26.915,36.7641],[26.9172,36.7668],[26.9234,36.7685],[26.9255,36.7684],[26.9266,36.7672],[26.9286,36.7682],[26.9359,36.769],[26.9422,36.7717],[26.9474,36.7724],[26.9578,36.7772],[26.9618,36.7776],[26.9649,36.7786],[26.964,36.7797],[26.9646,36.7807],[26.9688,36.7828],[26.9713,36.7828],[26.9723,36.7839],[26.9734,36.784],[26.974,36.7839],[26.9742,36.7828],[26.9755,36.7826],[26.976,36.7828],[26.9761,36.7839],[26.9818,36.7852],[26.9853,36.787],[26.9901,36.7903],[26.9974,36.7983],[26.998,36.7984],[26.9985,36.7995]],[[26.9995,36.9343],[26.9974,36.9318],[26.9954,36.9234],[26.9943,36.9214],[26.9924,36.9193],[26.9901,36.918],[26.9849,36.9173],[26.9693,36.9186],[26.9641,36.9182],[26.9609,36.9171],[26.9578,36.9149],[26.9557,36.9126],[26.9526,36.9111],[26.9477,36.9068],[26.9462,36.9068],[26.9411,36.9028],[26.9339,36.9052],[26.9307,36.9057],[26.9272,36.9089],[26.9286,36.9142],[26.9315,36.9172],[26.9328,36.9194],[26.9339,36.9199],[26.9345,36.9193],[26.9347,36.9182],[26.9359,36.9174],[26.9379,36.9193],[26.9383,36.9203],[26.9374,36.9214],[26.9351,36.9224],[26.9339,36.9255],[26.9315,36.9276],[26.9317,36.9286],[26.9309,36.9318],[26.9297,36.9334],[26.9284,36.9339],[26.9276,36.9355],[26.9265,36.9359],[26.9266,36.937],[26.9253,36.9391],[26.9259,36.9401],[26.9251,36.9411],[26.9252,36.9422],[26.9222,36.9453],[26.9223,36.9464],[26.9195,36.9464],[26.9198,36.9453],[26.9191,36.9443],[26.9172,36.9432],[26.9161,36.9441],[26.9141,36.9441],[26.912,36.9448],[26.9071,36.9495],[26.9071,36.9526],[26.908,36.9547],[26.9109,36.9569],[26.9182,36.9608],[26.9231,36.9661],[26.9243,36.9682],[26.9241,36.9724],[26.9224,36.974],[26.9193,36.9734],[26.9151,36.9707],[26.913,36.9703],[26.9068,36.9719],[26.906,36.9734],[26.9058,36.9755],[26.9063,36.9786],[26.9074,36.9797],[26.9052,36.9818],[26.9057,36.9822],[26.9068,36.9818],[26.9078,36.9833],[26.9089,36.9822],[26.9109,36.9834],[26.912,36.9818],[26.9144,36.9839],[26.9143,36.9849],[26.9122,36.9859],[26.9115,36.9901],[26.9121,36.9911],[26.9108,36.9943],[26.9089,36.9948],[26.9074,36.9943],[26.9076,36.9953],[26.9068,36.9957],[26.9047,36.9953],[26.9036,36.9943],[26.9045,36.9953],[26.9042,36.9974]],[[26.5003,36.9964],[26.4984,36.995],[26.4651,36.9951],[26.4568,36.9971],[26.4557,36.9957],[26.4557,36.995],[26.457,36.9932],[26.4569,36.9911],[26.4568,36.9901],[26.4557,36.9891],[26.4505,36.9891],[26.4484,36.9912],[26.4474,36.9901],[26.4453,36.9901],[26.4443,36.9891],[26.4411,36.9891],[26.4401,36.9901],[26.438,36.9901],[26.437,36.9891],[26.4339,36.9891],[26.4328,36.9901],[26.4297,36.9901],[26.4245,36.9901],[26.4234,36.9891],[26.4182,36.9891],[26.417,36.9901],[26.4172,36.9917],[26.4165,36.9922],[26.4159,36.9943],[26.415,36.9953],[26.4175,36.9964],[26.4182,36.9981],[26.4198,36.9995]],[[26.0005,36.9391],[26.0078,36.9396],[26.0108,36.938],[26.0113,36.937],[26.0141,36.9375],[26.0193,36.9365],[26.0251,36.9328],[26.0297,36.9271],[26.0332,36.9255],[26.0391,36.9214],[26.0416,36.9203],[26.0453,36.9172],[26.0495,36.9162],[26.0526,36.9141],[26.0568,36.9124],[26.0651,36.9108],[26.0693,36.9084],[26.0745,36.9067],[26.0828,36.9018],[26.0871,36.9005],[26.0906,36.8974],[26.091,36.8964],[26.088,36.893],[26.0849,36.8921],[26.0839,36.8911],[26.0818,36.8911],[26.0807,36.8901],[26.0766,36.8901],[26.0755,36.8908],[26.0703,36.8909],[26.0672,36.8901],[26.0661,36.8909],[26.0641,36.8909],[26.063,36.8909],[26.062,36.8901],[26.0609,36.8912],[26.0589,36.8912],[26.0568,36.8932],[26.0557,36.8932],[26.0536,36.8953],[26.0526,36.8953],[26.0505,36.8979],[26.0495,36.8979],[26.0484,36.8964],[26.0443,36.8961],[26.0432,36.8951],[26.0411,36.8962],[26.0401,36.8962],[26.038,36.8943],[26.0248,36.8943],[26.0234,36.8932],[26.0224,36.8932],[26.0214,36.8922],[26.0196,36.8922],[26.0182,36.8912],[26.0172,36.8912],[26.0161,36.8919],[26.0141,36.892],[26.012,36.8901],[26.0109,36.8901],[26.0099,36.8909],[26.0078,36.8891],[26.0059,36.8891],[26.0026,36.887],[26.0016,36.8878]],[[26.4328,36.0026],[26.4339,36.0036],[26.4359,36.0042],[26.4379,36.0036],[26.439,36.0026]],[[26.388,36.9901],[26.3839,36.9901],[26.3807,36.9918],[26.3776,36.9926],[26.3661,36.9898],[26.362,36.9899],[26.3607,36.9901],[26.359,36.9922],[26.3598,36.9943],[26.3651,36.9967],[26.3745,36.9988],[26.3818,36.9989],[26.387,36.997],[26.3901,36.9952],[26.3911,36.996],[26.3919,36.9953],[26.3922,36.9941],[26.3896,36.9911]],[[26.9109,36.9858],[26.9105,36.9859],[26.9109,36.9864],[26.9117,36.9859]],[[26.9078,36.9844],[26.9078,36.9852],[26.9089,36.9861],[26.9094,36.9859]],[[26.3276,36.9818],[26.3214,36.9816],[26.3193,36.9821],[26.3182,36.9828],[26.3189,36.9839],[26.3183,36.9849],[26.3189,36.987],[26.3214,36.9891],[26.3255,36.9904],[26.3286,36.9905],[26.3328,36.989],[26.3337,36.988],[26.3338,36.987],[26.3329,36.9839],[26.3318,36.9828],[26.3286,36.9824]],[[26.2901,36.967],[26.2786,36.967],[26.2766,36.9681],[26.2724,36.9689],[26.2682,36.971],[26.2666,36.9724],[26.2667,36.9786],[26.2684,36.9818],[26.2689,36.9839],[26.2679,36.9859],[26.2681,36.9891],[26.2693,36.9901],[26.2714,36.9902],[26.2786,36.9868],[26.2828,36.9865],[26.288,36.988],[26.2891,36.9877],[26.2944,36.9911],[26.3005,36.992],[26.3036,36.9935],[26.3057,36.9935],[26.3099,36.992],[26.3115,36.9901],[26.312,36.9889],[26.3133,36.988],[26.3139,36.9859],[26.3143,36.9839],[26.3123,36.9797],[26.3057,36.9757],[26.3052,36.9745],[26.3036,36.9732],[26.2984,36.9721],[26.2964,36.9709],[26.2937,36.9682]],[[26.1745,36.8951],[26.1724,36.8946],[26.1682,36.8951],[26.1622,36.8974],[26.1599,36.899],[26.1572,36.8995],[26.1583,36.9016],[26.1582,36.9026],[26.1566,36.9036],[26.1568,36.9057],[26.1587,36.9078],[26.1601,36.9109],[26.163,36.9138],[26.1651,36.9146],[26.1693,36.9144],[26.1714,36.9133],[26.1725,36.912],[26.1737,36.9078],[26.1756,36.9047],[26.1763,36.9005],[26.1758,36.8964]],[[26.9255,36.8795],[26.9245,36.8789],[26.9224,36.8789],[26.9193,36.8802],[26.9182,36.8812],[26.9171,36.8839],[26.9179,36.8849],[26.9172,36.8851],[26.9167,36.8859],[26.9172,36.8886],[26.9182,36.8899],[26.9224,36.8922],[26.9245,36.8922],[26.9255,36.8927],[26.9262,36.8922],[26.9266,36.891],[26.929,36.8901],[26.9293,36.888],[26.9289,36.887],[26.9294,36.8859],[26.9282,36.8818],[26.9266,36.8799]],[[26.3755,36.5522],[26.3755,36.553],[26.3759,36.5526]],[[26.2307,36.5442],[26.2276,36.5435],[26.2223,36.5453],[26.2202,36.5474],[26.2172,36.5529],[26.2169,36.5536],[26.218,36.5578],[26.2194,36.5589],[26.2196,36.5609],[26.2206,36.563],[26.2224,36.5645],[26.2276,36.5649],[26.2328,36.5628],[26.2365,36.5578],[26.2371,36.5526],[26.2362,36.5484],[26.2328,36.545],[26.2318,36.5451]],[[26.3505,36.5348],[26.3495,36.5342],[26.3486,36.5349],[26.3486,36.5359],[26.3495,36.537],[26.3505,36.5361]],[[26.4161,36.5337],[26.4156,36.5339],[26.4152,36.5349],[26.4172,36.5364],[26.418,36.5359],[26.4181,36.5349]],[[26.2307,36.524],[26.2276,36.5237],[26.2255,36.5252],[26.2246,36.5286],[26.2251,36.5307],[26.2247,36.5318],[26.2258,36.5328],[26.2266,36.5346],[26.2297,36.535],[26.2307,36.5347],[26.2318,36.5355],[26.235,36.5328],[26.2355,36.5318],[26.235,36.5307],[26.2356,36.5297],[26.2345,36.5286],[26.2349,36.5276],[26.2339,36.5273]],[[26.4661,36.5234],[26.463,36.5234],[26.462,36.5244],[26.4609,36.5245],[26.4589,36.527],[26.4578,36.5273],[26.4578,36.528],[26.4591,36.5286],[26.4586,36.5307],[26.4568,36.5322],[26.4557,36.5326],[26.4536,36.5321],[26.4516,36.5324],[26.4487,36.5339],[26.4474,36.5379],[26.4443,36.5385],[26.4401,36.5403],[26.4391,36.5415],[26.438,36.5413],[26.4375,36.5432],[26.4349,36.545],[26.4334,36.5453],[26.4343,36.5464],[26.4337,36.5495],[26.4349,36.5505],[26.4339,36.5516],[26.437,36.5532],[26.4401,36.5537],[26.4427,36.5547],[26.4441,36.5568],[26.4437,36.5578],[26.4447,36.5609],[26.4474,36.5634],[26.4495,36.5634],[26.4516,36.5628],[26.4526,36.5615],[26.4536,36.5618],[26.4557,36.5597],[26.458,36.5609],[26.4577,36.5599],[26.4586,36.5589],[26.4588,36.5557],[26.4609,36.5536],[26.4588,36.5505],[26.4591,36.5495],[26.4599,36.5489],[26.463,36.5501],[26.4651,36.5498],[26.4661,36.5511],[26.4693,36.5475],[26.4703,36.5473],[26.4708,36.5464],[26.474,36.5443],[26.4757,36.5411],[26.4755,36.539],[26.4778,36.538],[26.4803,36.5359],[26.481,36.5328],[26.4797,36.5297],[26.4786,36.5286],[26.4755,36.5282],[26.4724,36.5255],[26.4714,36.5255],[26.4703,36.5245],[26.4672,36.5245]],[[26.1464,36.5234],[26.1422,36.5232],[26.1401,36.524],[26.1387,36.5255],[26.1373,36.5297],[26.137,36.5328],[26.1385,36.5422],[26.1377,36.5432],[26.1377,36.5443],[26.1318,36.5465],[26.1286,36.5525],[26.1286,36.5547],[26.1293,36.5568],[26.1318,36.5585],[26.1432,36.5628],[26.1464,36.5646],[26.1484,36.5646],[26.1495,36.5643],[26.151,36.563],[26.1517,36.5609],[26.1513,36.5589],[26.1524,36.5578],[26.1527,36.5484],[26.1523,36.5474],[26.153,36.5453],[26.1526,36.5432],[26.1536,36.544],[26.1538,36.5432],[26.1532,36.5422],[26.1531,36.5391],[26.1537,36.5339],[26.1527,36.5328],[26.1541,36.5318],[26.1534,36.5307],[26.1536,36.5286],[26.1495,36.5253]],[[26.3307,36.5032],[26.3245,36.5032],[26.3172,36.505],[26.3134,36.5078],[26.312,36.5109],[26.3109,36.5099],[26.3099,36.5099],[26.3089,36.5109],[26.3089,36.512],[26.3068,36.5141],[26.3068,36.5151],[26.3057,36.5161],[26.3057,36.5172],[26.304,36.5151],[26.3039,36.5141],[26.3016,36.5128],[26.2986,36.513],[26.2974,36.512],[26.2932,36.5131],[26.2891,36.5133],[26.2873,36.5151],[26.2842,36.5245],[26.2824,36.5276],[26.2798,36.5339],[26.2774,36.537],[26.2755,36.5405],[26.2661,36.549],[26.262,36.5513],[26.2599,36.5539],[26.2585,36.5589],[26.2599,36.5591],[26.2604,36.5599],[26.2596,36.5609],[26.2609,36.5606],[26.2639,36.5641],[26.2642,36.5651],[26.2635,36.5672],[26.2644,36.5682],[26.2641,36.5693],[26.263,36.5698],[26.2609,36.5692],[26.2589,36.5704],[26.2578,36.5699],[26.2526,36.5703],[26.2528,36.5714],[26.2519,36.5724],[26.2527,36.5745],[26.2522,36.5766],[26.2525,36.5776],[26.2519,36.5786],[26.2547,36.5843],[26.2558,36.5849],[26.2554,36.5859],[26.2559,36.588],[26.2531,36.5901],[26.2523,36.5922],[26.2524,36.5932],[26.2578,36.5947],[26.2597,36.5943],[26.263,36.5961],[26.2627,36.5974],[26.2638,36.5995],[26.2641,36.601],[26.2661,36.603],[26.2672,36.6027],[26.2682,36.6036],[26.2672,36.6047],[26.2703,36.6078],[26.2714,36.6084],[26.2745,36.6074],[26.2756,36.6078],[26.2766,36.6047],[26.2776,36.6052],[26.2781,36.6047],[26.2771,36.6036],[26.2776,36.6009],[26.2797,36.6015],[26.2807,36.6008],[26.2828,36.6015],[26.2839,36.6012],[26.288,36.6024],[26.2953,36.6027],[26.3016,36.6015],[26.3047,36.5995],[26.3057,36.5993],[26.3089,36.6001],[26.3099,36.5992],[26.3141,36.6027],[26.3151,36.6018],[26.3172,36.603],[26.3178,36.6026],[26.318,36.6016],[26.3176,36.5995],[26.3182,36.5988],[26.3193,36.5999],[26.3195,36.5995],[26.3182,36.5977],[26.3175,36.5974],[26.3179,36.5964],[26.3172,36.5942],[26.3193,36.5938],[26.3203,36.5944],[26.3214,36.5936],[26.3234,36.5946],[26.3245,36.5938],[26.3255,36.5939],[26.3266,36.5922],[26.3253,36.5911],[26.3266,36.5871],[26.3276,36.5873],[26.3286,36.5868],[26.3297,36.588],[26.3328,36.5861],[26.3339,36.5863],[26.3349,36.5854],[26.3359,36.5855],[26.337,36.586],[26.3389,36.588],[26.34,36.5911],[26.3422,36.5931],[26.3432,36.5925],[26.3453,36.5944],[26.347,36.5953],[26.3474,36.5961],[26.3481,36.5953],[26.3472,36.5943],[26.3484,36.594],[26.3493,36.5974],[26.349,36.6005],[26.3464,36.6021],[26.3443,36.6043],[26.3432,36.6075],[26.3411,36.6089],[26.3401,36.6084],[26.3391,36.6093],[26.337,36.6088],[26.3359,36.6108],[26.3349,36.6118],[26.3318,36.6133],[26.3315,36.6141],[26.3333,36.6161],[26.3331,36.6193],[26.3339,36.6205],[26.3349,36.6207],[26.3391,36.6195],[26.3401,36.6177],[26.3408,36.6182],[26.3443,36.6187],[26.3464,36.6175],[26.3486,36.6182],[26.3502,36.6161],[26.3497,36.6151],[26.3505,36.613],[26.3547,36.6118],[26.3599,36.6043],[26.3652,36.6016],[26.3649,36.5995],[26.366,36.5984],[26.3656,36.5964],[26.3674,36.5943],[26.3682,36.5917],[26.3693,36.5913],[26.3734,36.5916],[26.3786,36.5938],[26.3818,36.596],[26.3839,36.5958],[26.3859,36.5967],[26.388,36.5969],[26.3895,36.5984],[26.3897,36.5995],[26.3878,36.6068],[26.3859,36.6089],[26.3828,36.6096],[26.3809,36.6109],[26.3774,36.6161],[26.3766,36.6184],[26.3734,36.6214],[26.3722,36.6234],[26.3719,36.6276],[26.369,36.6349],[26.3693,36.6374],[26.3734,36.6411],[26.3741,36.6432],[26.3755,36.645],[26.3797,36.6476],[26.3818,36.6477],[26.3859,36.6465],[26.3901,36.6468],[26.3964,36.6457],[26.3984,36.6445],[26.4026,36.6434],[26.4051,36.6422],[26.4109,36.6371],[26.4182,36.6333],[26.4234,36.6316],[26.4276,36.6288],[26.4318,36.6244],[26.4432,36.6174],[26.4484,36.6121],[26.4526,36.611],[26.4557,36.6093],[26.4614,36.6036],[26.4666,36.5995],[26.4682,36.5976],[26.4689,36.5964],[26.4693,36.5932],[26.4703,36.5912],[26.4776,36.5818],[26.4777,36.5786],[26.4772,36.5766],[26.4748,36.5745],[26.4745,36.5736],[26.4724,36.573],[26.4693,36.5709],[26.4664,36.5724],[26.4661,36.5731],[26.4659,36.5724],[26.4643,36.5714],[26.463,36.5716],[26.462,36.5727],[26.4589,36.5704],[26.4568,36.5699],[26.4547,36.57],[26.4505,36.5693],[26.4502,36.5703],[26.4495,36.5705],[26.4484,36.5698],[26.4474,36.5701],[26.4464,36.5695],[26.4453,36.5703],[26.4432,36.5696],[26.4422,36.5704],[26.4391,36.5697],[26.4359,36.5703],[26.4328,36.5686],[26.4297,36.5682],[26.4266,36.5668],[26.4255,36.5677],[26.4245,36.5663],[26.4203,36.5633],[26.4197,36.562],[26.417,36.5589],[26.4178,36.5578],[26.417,36.5568],[26.4172,36.5564],[26.4184,36.5557],[26.4163,36.5547],[26.4162,36.5536],[26.4125,36.5495],[26.4124,36.5464],[26.4131,36.5432],[26.4122,36.5422],[26.4131,36.5411],[26.4127,36.5391],[26.4141,36.5374],[26.4141,36.538],[26.4156,36.5391],[26.4159,36.5401],[26.4163,36.5401],[26.4161,36.5385],[26.4151,36.5373],[26.4142,36.537],[26.4139,36.5359],[26.4126,36.5349],[26.4148,36.5339],[26.4138,36.5328],[26.4151,36.5322],[26.4152,36.5318],[26.4141,36.5317],[26.413,36.5324],[26.4121,36.5339],[26.4089,36.5368],[26.4089,36.5375],[26.4112,36.5391],[26.4109,36.5401],[26.4099,36.5411],[26.4089,36.5393],[26.4068,36.5392],[26.4047,36.5413],[26.4036,36.5411],[26.4016,36.5423],[26.3995,36.542],[26.3984,36.5434],[26.3974,36.543],[26.3968,36.5432],[26.397,36.5443],[26.3957,36.5453],[26.3975,36.5464],[26.3947,36.5474],[26.3961,36.5484],[26.3958,36.5516],[26.3943,36.552],[26.3932,36.5514],[26.3925,36.5516],[26.3911,36.5526],[26.3901,36.5554],[26.387,36.5546],[26.3859,36.5551],[26.3849,36.5542],[26.3836,36.5557],[26.3839,36.556],[26.3849,36.5549],[26.3857,36.5557],[26.3866,36.5578],[26.3859,36.5585],[26.3839,36.5582],[26.3828,36.5573],[26.3818,36.5575],[26.3797,36.5562],[26.3786,36.5565],[26.3766,36.5552],[26.3724,36.5539],[26.3714,36.5548],[26.3667,36.5516],[26.3667,36.5505],[26.3682,36.5496],[26.3693,36.5503],[26.3703,36.55],[26.3714,36.5508],[26.3718,36.5505],[26.3683,36.5474],[26.3682,36.5462],[26.3672,36.5467],[26.3668,36.5464],[26.366,36.5453],[26.3669,36.5443],[26.3661,36.5435],[26.3641,36.5429],[26.363,36.5418],[26.3599,36.5401],[26.3589,36.541],[26.3568,36.5398],[26.3568,36.5391],[26.3557,36.538],[26.3547,36.5379],[26.3526,36.5399],[26.3505,36.5396],[26.3484,36.5402],[26.347,36.5401],[26.3471,36.538],[26.3479,36.537],[26.3472,36.5359],[26.3474,36.5328],[26.3547,36.5294],[26.3578,36.5286],[26.3589,36.5278],[26.3599,36.5286],[26.3609,36.5276],[26.3599,36.5266],[26.3599,36.5255],[26.362,36.5239],[26.363,36.5221],[26.3684,36.5161],[26.3682,36.512],[26.3693,36.512],[26.3703,36.5111],[26.3703,36.5068],[26.3693,36.5057],[26.3661,36.5057],[26.3651,36.5066],[26.3609,36.5068],[26.3594,36.5078],[26.3557,36.5056],[26.3516,36.5054],[26.3443,36.507],[26.3401,36.5089],[26.3391,36.5077],[26.338,36.5075]],[[26.9682,36.4943],[26.9599,36.4943],[26.9585,36.4964],[26.9586,36.4984],[26.9599,36.5016],[26.962,36.5036],[26.9639,36.5047],[26.9641,36.5057],[26.9661,36.5078],[26.9672,36.5078],[26.9682,36.5088],[26.9766,36.5088],[26.9776,36.5099],[26.9828,36.5099],[26.9838,36.5089],[26.9838,36.5078],[26.9819,36.5057],[26.9828,36.5047],[26.9786,36.4984],[26.9755,36.4973],[26.9734,36.4953],[26.9724,36.4953],[26.9714,36.4943]],[[26.6245,36.415],[26.6214,36.4147],[26.6172,36.4149],[26.6147,36.4161],[26.6136,36.4172],[26.6126,36.4193],[26.6129,36.4224],[26.6151,36.4245],[26.6214,36.4246],[26.6224,36.4255],[26.6245,36.4255],[26.6255,36.4245],[26.6256,36.4234],[26.627,36.4214],[26.6272,36.4182],[26.6266,36.4167]],[[26.6026,36.4129],[26.5984,36.4126],[26.5943,36.4135],[26.5932,36.4144],[26.5925,36.4161],[26.5932,36.4193],[26.5953,36.4214],[26.5974,36.4214],[26.5984,36.4224],[26.6026,36.4224],[26.6036,36.4214],[26.6043,36.4193],[26.6033,36.4141]],[[26.6839,36.3213],[26.6807,36.322],[26.6776,36.3247],[26.6755,36.3254],[26.6682,36.3257],[26.6661,36.3265],[26.6641,36.328],[26.6624,36.3307],[26.6591,36.3328],[26.6584,36.3339],[26.6585,36.3391],[26.6571,36.3464],[26.6566,36.3474],[26.6536,36.3495],[26.6517,36.3536],[26.6515,36.3568],[26.6518,36.3578],[26.6547,36.3607],[26.6599,36.3635],[26.663,36.3636],[26.6682,36.3658],[26.6703,36.3656],[26.6755,36.362],[26.6818,36.3623],[26.6839,36.3613],[26.687,36.3582],[26.6924,36.3516],[26.693,36.3495],[26.6943,36.3474],[26.6988,36.3453],[26.7009,36.3432],[26.7012,36.3401],[26.7005,36.3384],[26.6973,36.3328],[26.6943,36.3293],[26.6936,36.3276],[26.6938,36.3266],[26.687,36.3219]],[[26.7307,36.3165],[26.7286,36.3168],[26.725,36.3193],[26.724,36.3214],[26.725,36.3245],[26.7297,36.3286],[26.7307,36.3278],[26.7318,36.3286],[26.7339,36.3266],[26.734,36.3234],[26.7334,36.3214],[26.734,36.3203],[26.7331,36.3193],[26.733,36.3182]],[[26.7536,36.2782],[26.7505,36.2781],[26.7484,36.2795],[26.7453,36.2789],[26.7401,36.2791],[26.7391,36.2793],[26.7373,36.2807],[26.7362,36.2828],[26.7357,36.2859],[26.7363,36.2911],[26.7351,36.2943],[26.734,36.2953],[26.7335,36.2974],[26.7348,36.3036],[26.7347,36.3057],[26.7338,36.3068],[26.7339,36.3089],[26.7351,36.3089],[26.737,36.3079],[26.7453,36.3079],[26.7472,36.3068],[26.7466,36.3047],[26.7474,36.3028],[26.7505,36.3037],[26.7516,36.3024],[26.7526,36.3023],[26.7539,36.3036],[26.7557,36.304],[26.762,36.3017],[26.7641,36.2995],[26.7642,36.2974],[26.763,36.2963],[26.7599,36.2963],[26.7568,36.2973],[26.7557,36.2966],[26.7547,36.2973],[26.7536,36.2971],[26.7526,36.2963],[26.7532,36.2974],[26.7526,36.2979],[26.7516,36.2975],[26.7505,36.2981],[26.7495,36.2977],[26.7484,36.2986],[26.7466,36.2953],[26.7467,36.2932],[26.7474,36.2923],[26.7485,36.2922],[26.7487,36.2901],[26.7509,36.288],[26.7514,36.2859],[26.7562,36.2818],[26.7564,36.2807],[26.7558,36.2797]],[[26.6911,36.2775],[26.6901,36.2773],[26.6891,36.2779],[26.6882,36.2786],[26.6879,36.2797],[26.6888,36.2818],[26.6888,36.2839],[26.6901,36.2851],[26.6928,36.2839],[26.6937,36.2818],[26.6936,36.2797]],[[26.413,36.0418],[26.4089,36.0418],[26.4068,36.043],[26.4057,36.0442],[26.4041,36.0516],[26.4037,36.0526],[26.4004,36.0557],[26.3989,36.062],[26.3905,36.0703],[26.39,36.0714],[26.39,36.0755],[26.3886,36.0776],[26.3882,36.0797],[26.3891,36.0835],[26.3911,36.0853],[26.3953,36.0856],[26.4005,36.0827],[26.4065,36.0807],[26.4079,36.0797],[26.4095,36.0776],[26.4113,36.0693],[26.4117,36.0641],[26.4099,36.0615],[26.4089,36.0617],[26.4075,36.0609],[26.4076,36.0599],[26.4094,36.0578],[26.4096,36.0568],[26.4111,36.0557],[26.4135,36.0516],[26.4147,36.0443],[26.4145,36.0432]]]}},{"type":"Feature","properties":{"depth":30,"kind":"band"},"geometry":{"type":"MultiPolygon","coordinates":[[[[26.4328,36.9974],[26.4328,36.9977],[26.4325,36.9974],[26.4328,36.9974]]],[[[26.9114,36.9849],[26.9092,36.9849],[26.9099,36.9844],[26.9114,36.9849]]],[[[26.9451,36.9036],[26.9443,36.9038],[26.9443,36.903],[26.9451,36.9036]]],[[[26.3255,36.5974],[26.3243,36.5974],[26.3245,36.5969],[26.3255,36.5974]]],[[[26.454,36.5651],[26.4526,36.5655],[26.4525,36.5651],[26.454,36.5651]]],[[[26.4618,36.5526],[26.4608,36.5526],[26.4609,36.5523],[26.4618,36.5526]]],[[[26.3954,36.5422],[26.3951,36.5422],[26.3953,36.5419],[26.3954,36.5422]]],[[[26.2332,36.5255],[26.2327,36.5255],[26.2328,36.5252],[26.2332,36.5255]]],[[[26.3691,36.512],[26.3682,36.5125],[26.3682,36.512],[26.3691,36.512]]],[[[26.3045,36.163],[26.3036,36.164],[26.3027,36.163],[26.3036,36.1621],[26.3045,36.163]]],[[[27,36.0005],[27,36.7484],[26.9995,36.7495],[26.9974,36.7492],[26.9922,36.7475],[26.9839,36.7466],[26.9807,36.7458],[26.9766,36.7424],[26.9739,36.738],[26.9739,36.737],[26.9745,36.737],[26.9755,36.7359],[26.9753,36.7349],[26.9807,36.7317],[26.9839,36.7286],[26.987,36.7224],[26.9866,36.7214],[26.987,36.7193],[26.9859,36.7181],[26.9859,36.7161],[26.9853,36.7151],[26.9859,36.7141],[26.9839,36.712],[26.9818,36.7126],[26.9797,36.7123],[26.9776,36.7105],[26.9766,36.7102],[26.9745,36.7082],[26.9734,36.7079],[26.9711,36.7036],[26.9699,36.6984],[26.9697,36.6932],[26.9706,36.6859],[26.9699,36.6849],[26.9699,36.6839],[26.9706,36.6828],[26.9714,36.6792],[26.9734,36.6765],[26.9745,36.6759],[26.9745,36.6745],[26.9755,36.6734],[26.9724,36.669],[26.9714,36.6682],[26.9693,36.6681],[26.962,36.6701],[26.9578,36.6719],[26.9516,36.673],[26.9495,36.6741],[26.9453,36.6778],[26.937,36.6806],[26.932,36.6849],[26.9289,36.6901],[26.9262,36.6932],[26.9214,36.6977],[26.9182,36.6995],[26.9141,36.7033],[26.913,36.7035],[26.912,36.7051],[26.9099,36.7063],[26.9087,36.7078],[26.9069,36.7089],[26.9057,36.7105],[26.9047,36.7107],[26.9034,36.712],[26.904,36.713],[26.9036,36.7134],[26.9026,36.7132],[26.8995,36.7161],[26.8987,36.7172],[26.8989,36.7193],[26.897,36.7224],[26.8968,36.7255],[26.8976,36.7266],[26.9006,36.7349],[26.9022,36.7422],[26.9028,36.7536],[26.9038,36.7578],[26.9044,36.7599],[26.9057,36.7609],[26.908,36.7641],[26.9076,36.7651],[26.9097,36.7672],[26.9141,36.7699],[26.9172,36.7707],[26.9182,36.77],[26.9203,36.7709],[26.9214,36.77],[26.9224,36.7702],[26.9245,36.7698],[26.9266,36.7685],[26.937,36.7703],[26.9411,36.7722],[26.9474,36.7736],[26.9526,36.7773],[26.9557,36.7786],[26.9609,36.782],[26.9703,36.7865],[26.9724,36.7881],[26.974,36.7911],[26.9772,36.7932],[26.9797,36.7944],[26.9839,36.7954],[26.9873,36.7984],[26.9911,36.8005],[26.9936,36.8026],[26.998,36.8089],[27,36.8109],[27,36.9276],[26.9995,36.928],[26.9982,36.9214],[26.9953,36.9174],[26.9911,36.915],[26.987,36.9142],[26.9693,36.9158],[26.9651,36.9157],[26.962,36.9147],[26.9589,36.9128],[26.9504,36.9057],[26.9474,36.904],[26.9454,36.9036],[26.9448,36.9026],[26.9432,36.9023],[26.9426,36.9016],[26.9401,36.9017],[26.938,36.9026],[26.9359,36.9025],[26.9362,36.9036],[26.9339,36.9036],[26.9328,36.9044],[26.9311,36.9047],[26.9264,36.9089],[26.9267,36.9109],[26.9285,36.9161],[26.9307,36.9187],[26.9321,36.9193],[26.931,36.9203],[26.9323,36.9214],[26.9318,36.9224],[26.9322,36.9234],[26.9314,36.9266],[26.9307,36.9269],[26.9305,36.9276],[26.931,36.9286],[26.9301,36.9297],[26.9301,36.9307],[26.9289,36.9328],[26.9276,36.9331],[26.9259,36.9359],[26.9239,36.9401],[26.9237,36.9422],[26.9224,36.9436],[26.9203,36.9439],[26.9161,36.9421],[26.9151,36.943],[26.9109,36.9446],[26.9078,36.9475],[26.9065,36.9495],[26.9066,36.9526],[26.9074,36.9547],[26.9109,36.9575],[26.9172,36.961],[26.9231,36.9682],[26.9235,36.9693],[26.9232,36.9703],[26.9214,36.9723],[26.9203,36.9723],[26.9141,36.9696],[26.912,36.9697],[26.906,36.9714],[26.9051,36.9755],[26.9053,36.9786],[26.9036,36.9802],[26.9035,36.9807],[26.9044,36.9818],[26.9036,36.9828],[26.9045,36.9839],[26.9046,36.9859],[26.9057,36.9871],[26.9049,36.9859],[26.9052,36.9849],[26.9068,36.9845],[26.9079,36.9859],[26.9078,36.9871],[26.9089,36.9871],[26.9101,36.988],[26.9103,36.9911],[26.9089,36.9935],[26.9078,36.9937],[26.9068,36.9931],[26.9057,36.9945],[26.9047,36.9948],[26.9036,36.994],[26.9026,36.9956],[26.9016,36.9945],[26.9013,36.9953],[26.902,36.9974],[26.9016,36.9979],[26.9005,36.9972],[26.8993,36.9984],[26.8964,36.9992],[26.8953,37],[26.8922,37],[26.8901,36.9981],[26.888,37],[26.8859,36.9994],[26.8849,37],[26.5036,37],[26.5028,36.9995],[26.5005,36.9961],[26.4984,36.9947],[26.4974,36.9946],[26.4651,36.9948],[26.4568,36.9967],[26.4558,36.9953],[26.4568,36.9935],[26.4576,36.9932],[26.457,36.9922],[26.4568,36.9901],[26.4557,36.9891],[26.4505,36.9891],[26.4484,36.9912],[26.4474,36.9901],[26.4453,36.9901],[26.4443,36.9891],[26.4411,36.9891],[26.4401,36.9901],[26.438,36.9901],[26.437,36.9891],[26.4339,36.9891],[26.4328,36.9901],[26.4297,36.9901],[26.4245,36.9901],[26.4234,36.9891],[26.4182,36.9891],[26.4168,36.9901],[26.4172,36.9913],[26.4155,36.9922],[26.4151,36.9935],[26.414,36.9943],[26.4151,36.9957],[26.4169,36.9964],[26.416,36.9974],[26.4162,36.9984],[26.419,36.9995],[26.4182,37],[26.0005,37],[26,36.9995],[26,36.9401],[26.0005,36.9395],[26.0078,36.9401],[26.0119,36.938],[26.012,36.9372],[26.013,36.9379],[26.0141,36.938],[26.0195,36.937],[26.0255,36.9333],[26.0297,36.9281],[26.0422,36.9208],[26.0453,36.9183],[26.0495,36.9169],[26.0547,36.914],[26.0651,36.9114],[26.0682,36.9096],[26.0745,36.9072],[26.0818,36.9031],[26.088,36.9008],[26.0911,36.8983],[26.0916,36.8974],[26.0911,36.8961],[26.088,36.8928],[26.0839,36.8911],[26.0818,36.8911],[26.0807,36.8901],[26.0703,36.8907],[26.0672,36.8901],[26.0661,36.8908],[26.0641,36.8908],[26.062,36.8901],[26.0609,36.8912],[26.0589,36.8912],[26.0568,36.8932],[26.0557,36.8932],[26.0536,36.8953],[26.0526,36.8953],[26.0505,36.8976],[26.0495,36.8976],[26.0484,36.8964],[26.0474,36.8959],[26.0443,36.896],[26.0432,36.8949],[26.0411,36.896],[26.0401,36.896],[26.038,36.8943],[26.0258,36.8943],[26.0224,36.8932],[26.0214,36.8922],[26.0197,36.8922],[26.0182,36.8912],[26.0172,36.8912],[26.0161,36.8918],[26.0141,36.8918],[26.012,36.8901],[26.0109,36.8901],[26.0099,36.8908],[26.0078,36.8891],[26.0061,36.8891],[26.0026,36.887],[26.0016,36.8878],[26,36.8859],[26,36.0005],[26.0005,36],[26.4307,36],[26.4315,36.0005],[26.4322,36.0026],[26.4332,36.0036],[26.4359,36.0047],[26.437,36.0047],[26.4388,36.0036],[26.4411,36],[26.9995,36],[27,36.0005]],[[26.388,36.9899],[26.3839,36.9899],[26.3776,36.9921],[26.3661,36.9895],[26.363,36.9895],[26.3601,36.9901],[26.3573,36.9922],[26.3578,36.9932],[26.3592,36.9943],[26.3641,36.9967],[26.3745,36.9991],[26.3807,36.9994],[26.3828,36.9992],[26.3891,36.9966],[26.3911,36.9966],[26.3922,36.9973],[26.3931,36.9943],[26.3927,36.9932],[26.3903,36.9911],[26.388,36.9899]],[[26.3276,36.9816],[26.3214,36.9813],[26.3182,36.9819],[26.3179,36.9828],[26.3185,36.9839],[26.3174,36.9849],[26.3179,36.987],[26.3214,36.9895],[26.3255,36.9907],[26.3286,36.9909],[26.3339,36.9894],[26.3359,36.9893],[26.3361,36.988],[26.3344,36.9859],[26.3334,36.9839],[26.3318,36.9826],[26.3276,36.9816]],[[26.2911,36.9672],[26.288,36.9665],[26.2786,36.9666],[26.2703,36.9693],[26.2661,36.9722],[26.2663,36.9786],[26.2683,36.9828],[26.2681,36.9849],[26.2674,36.9859],[26.2675,36.988],[26.2682,36.9896],[26.2693,36.9904],[26.2714,36.9905],[26.2745,36.9897],[26.2755,36.9885],[26.2786,36.9874],[26.2818,36.987],[26.2901,36.9887],[26.2943,36.9914],[26.3005,36.9925],[26.3036,36.9939],[26.3057,36.9939],[26.3089,36.9931],[26.312,36.9912],[26.312,36.9901],[26.3134,36.9891],[26.3149,36.987],[26.3151,36.9849],[26.3137,36.9807],[26.312,36.979],[26.3036,36.9728],[26.2995,36.9718],[26.2966,36.9703],[26.2943,36.9682],[26.2911,36.9672]],[[26.1755,36.8943],[26.1734,36.8934],[26.1714,36.8936],[26.1641,36.8952],[26.1599,36.8967],[26.1578,36.8985],[26.1567,36.8984],[26.156,36.8995],[26.1557,36.9012],[26.1547,36.9011],[26.1542,36.9016],[26.1546,36.9057],[26.1566,36.9078],[26.1573,36.9099],[26.1594,36.913],[26.1618,36.9151],[26.1651,36.9158],[26.1682,36.9158],[26.1714,36.9147],[26.1734,36.913],[26.1749,36.9089],[26.1767,36.9057],[26.1776,36.9005],[26.1775,36.8974],[26.1766,36.8951],[26.1755,36.8943]],[[26.9266,36.8776],[26.9234,36.8768],[26.9214,36.8773],[26.9193,36.8783],[26.9175,36.8807],[26.916,36.8859],[26.9166,36.8891],[26.9182,36.891],[26.9203,36.8923],[26.9266,36.8933],[26.9276,36.8913],[26.9297,36.8911],[26.9307,36.8901],[26.931,36.8849],[26.9303,36.8818],[26.9286,36.8791],[26.9266,36.8776]],[[26.2286,36.542],[26.2266,36.5419],[26.2224,36.5442],[26.2203,36.5444],[26.2184,36.5464],[26.2148,36.5516],[26.2147,36.5536],[26.2156,36.5568],[26.2178,36.5589],[26.2176,36.5599],[26.2185,36.5609],[26.2187,36.562],[26.2224,36.565],[26.2276,36.5656],[26.2307,36.5646],[26.2344,36.562],[26.2371,36.5578],[26.2379,36.5536],[26.2366,36.5484],[26.2365,36.5464],[26.2349,36.545],[26.2339,36.5456],[26.2328,36.5444],[26.2286,36.542]],[[26.4182,36.5316],[26.418,36.5318],[26.4193,36.5336],[26.4203,36.5335],[26.4206,36.5328],[26.4182,36.5316]],[[26.238,36.5284],[26.2377,36.5286],[26.238,36.5289],[26.2386,36.5286],[26.238,36.5284]],[[26.2307,36.5232],[26.2276,36.523],[26.2255,36.5239],[26.2231,36.5286],[26.2228,36.5307],[26.2231,36.5318],[26.2241,36.5328],[26.2239,36.5339],[26.2255,36.5361],[26.2266,36.5362],[26.2276,36.537],[26.2286,36.537],[26.2297,36.5363],[26.2307,36.5368],[26.2318,36.5365],[26.2339,36.5369],[26.2364,36.5339],[26.2375,36.5318],[26.2374,36.5307],[26.2365,36.5297],[26.2365,36.5286],[26.2349,36.5268],[26.2337,36.5266],[26.2343,36.5255],[26.2328,36.5238],[26.2318,36.524],[26.2307,36.5232]],[[26.1464,36.5223],[26.1453,36.522],[26.1422,36.5221],[26.1386,36.5234],[26.1377,36.5245],[26.1359,36.5286],[26.1355,36.5318],[26.1364,36.5391],[26.1358,36.5401],[26.1364,36.5411],[26.1354,36.5422],[26.1352,36.5432],[26.1335,36.5432],[26.1307,36.545],[26.1281,36.5516],[26.1277,36.5557],[26.1297,36.5584],[26.1359,36.5616],[26.1453,36.5648],[26.1484,36.5651],[26.1495,36.5649],[26.1516,36.563],[26.1522,36.5599],[26.1532,36.5589],[26.1538,36.5505],[26.1549,36.5474],[26.1546,36.5464],[26.1561,36.5453],[26.1554,36.5432],[26.1557,36.5412],[26.1568,36.5425],[26.1569,36.5422],[26.1558,36.5411],[26.1556,36.5401],[26.1568,36.5339],[26.1563,36.5328],[26.1568,36.5286],[26.1536,36.5273],[26.1495,36.5239],[26.1464,36.5223]],[[26.3286,36.5026],[26.3245,36.5027],[26.3193,36.5038],[26.3151,36.5057],[26.3129,36.5078],[26.312,36.5109],[26.3109,36.5099],[26.3099,36.5099],[26.3089,36.5109],[26.3089,36.512],[26.3068,36.5141],[26.3068,36.5151],[26.3057,36.5165],[26.3047,36.5161],[26.3041,36.5141],[26.3026,36.513],[26.3005,36.5126],[26.2994,36.513],[26.2974,36.5117],[26.2886,36.513],[26.2867,36.5151],[26.2832,36.5245],[26.2786,36.5334],[26.2735,36.5401],[26.2732,36.5411],[26.2646,36.5484],[26.2613,36.5505],[26.2573,36.5557],[26.2574,36.5599],[26.261,36.563],[26.2614,36.5651],[26.2609,36.5666],[26.26,36.5672],[26.2589,36.5671],[26.2578,36.5677],[26.2568,36.5674],[26.255,36.5693],[26.2526,36.5693],[26.2503,36.5714],[26.2497,36.5745],[26.2502,36.5755],[26.2496,36.5766],[26.2497,36.5786],[26.2492,36.5797],[26.2507,36.5839],[26.2519,36.5849],[26.2522,36.587],[26.2501,36.5891],[26.2503,36.5922],[26.2507,36.5932],[26.2518,36.5943],[26.2578,36.5958],[26.262,36.5981],[26.262,36.5995],[26.2633,36.6016],[26.2661,36.6042],[26.269,36.6078],[26.2714,36.609],[26.2745,36.609],[26.2755,36.6085],[26.2766,36.609],[26.2776,36.6081],[26.2787,36.6089],[26.2786,36.6077],[26.2779,36.6068],[26.2781,36.6057],[26.279,36.6047],[26.2781,36.6036],[26.2786,36.6032],[26.2807,36.6034],[26.2818,36.603],[26.2828,36.6038],[26.2849,36.6034],[26.2859,36.6039],[26.2974,36.6044],[26.3026,36.6036],[26.3036,36.6024],[26.3057,36.6017],[26.3068,36.6026],[26.3099,36.6035],[26.312,36.6026],[26.313,36.6028],[26.3161,36.605],[26.3196,36.6036],[26.3189,36.6026],[26.3189,36.6016],[26.3201,36.6005],[26.3201,36.5995],[26.3193,36.5983],[26.3214,36.5973],[26.3234,36.5991],[26.3255,36.5996],[26.3255,36.5974],[26.3266,36.5979],[26.3276,36.5971],[26.3289,36.5974],[26.3292,36.5953],[26.3316,36.5943],[26.3328,36.5926],[26.3339,36.594],[26.3359,36.5955],[26.337,36.5977],[26.3382,36.5974],[26.3382,36.5984],[26.3396,36.5995],[26.3404,36.6016],[26.3405,36.6036],[26.3401,36.6043],[26.3391,36.6042],[26.3383,36.6057],[26.337,36.6068],[26.3359,36.6066],[26.3349,36.6079],[26.3339,36.6083],[26.3318,36.6109],[26.3305,36.6109],[26.3304,36.612],[26.3286,36.6139],[26.3276,36.6138],[26.3254,36.6151],[26.326,36.6161],[26.329,36.6182],[26.3318,36.6212],[26.3349,36.6222],[26.3391,36.6213],[26.3411,36.6199],[26.3422,36.6203],[26.3443,36.6201],[26.3495,36.6186],[26.3526,36.6145],[26.3547,36.6134],[26.3563,36.612],[26.3609,36.6056],[26.3651,36.6032],[26.3661,36.602],[26.367,36.5995],[26.3682,36.5984],[26.3678,36.5964],[26.3703,36.5942],[26.3714,36.5942],[26.3734,36.5933],[26.3745,36.594],[26.3766,36.5943],[26.3807,36.5968],[26.3839,36.5964],[26.388,36.5976],[26.3887,36.5984],[26.3891,36.6016],[26.388,36.6032],[26.3873,36.6068],[26.3849,36.6086],[26.3828,36.6092],[26.3807,36.6104],[26.375,36.6193],[26.3728,36.6214],[26.3718,36.6234],[26.3714,36.6271],[26.3685,36.6349],[26.3687,36.637],[26.3693,36.638],[26.3728,36.6411],[26.3743,36.6443],[26.3753,36.6453],[26.3797,36.6479],[26.3818,36.6481],[26.3859,36.6472],[26.3901,36.6472],[26.3953,36.6464],[26.4047,36.6431],[26.4128,36.637],[26.4188,36.6339],[26.4245,36.6318],[26.4276,36.6299],[26.4318,36.6255],[26.4453,36.6167],[26.4484,36.6133],[26.4557,36.6102],[26.4682,36.5987],[26.4695,36.5964],[26.4703,36.5927],[26.4778,36.5818],[26.478,36.5786],[26.4776,36.5766],[26.4753,36.5745],[26.4745,36.5728],[26.4732,36.5724],[26.4725,36.5714],[26.4714,36.5714],[26.4689,36.5703],[26.4682,36.5691],[26.4672,36.569],[26.4672,36.5697],[26.468,36.5703],[26.4661,36.5719],[26.4599,36.5698],[26.4544,36.5661],[26.4557,36.5651],[26.457,36.562],[26.4599,36.5613],[26.4594,36.5599],[26.4597,36.5578],[26.4609,36.5568],[26.4621,36.5547],[26.462,36.5526],[26.4614,36.5516],[26.462,36.5508],[26.4661,36.5523],[26.4672,36.5517],[26.4714,36.5483],[26.4734,36.5457],[26.4745,36.5453],[26.4757,36.5432],[26.4772,36.5391],[26.4786,36.5388],[26.4807,36.5372],[26.4813,36.5349],[26.4813,36.5328],[26.4797,36.5297],[26.4786,36.5286],[26.4755,36.5279],[26.4724,36.5255],[26.4714,36.5255],[26.4703,36.5244],[26.4672,36.5245],[26.4661,36.5234],[26.463,36.5234],[26.4578,36.5269],[26.4574,36.5276],[26.4583,36.5297],[26.4578,36.5306],[26.4557,36.5318],[26.4547,36.532],[26.4536,36.5316],[26.4495,36.5325],[26.4473,36.5339],[26.4471,36.537],[26.4443,36.5376],[26.4411,36.5389],[26.4394,36.5391],[26.4348,36.5443],[26.4339,36.5446],[26.4327,36.5443],[26.4323,36.5484],[26.4316,36.5495],[26.432,36.5505],[26.4318,36.5516],[26.4336,36.5526],[26.4338,36.5547],[26.4349,36.5546],[26.4354,36.5557],[26.4382,36.5568],[26.4379,36.5578],[26.4391,36.5579],[26.4399,36.5589],[26.4418,36.5641],[26.4436,36.5651],[26.4432,36.5659],[26.4411,36.5653],[26.4391,36.5663],[26.4349,36.566],[26.4339,36.5654],[26.4307,36.5649],[26.4297,36.5653],[26.4286,36.5645],[26.4259,36.5641],[26.4234,36.5617],[26.4221,36.562],[26.4222,36.5609],[26.4202,36.5589],[26.4214,36.5586],[26.4221,36.5578],[26.4198,36.5557],[26.4172,36.5502],[26.4158,36.5495],[26.4153,36.5474],[26.4163,36.5464],[26.4154,36.5453],[26.4156,36.5443],[26.4172,36.5432],[26.4158,36.5422],[26.4173,36.5411],[26.4172,36.5385],[26.4182,36.5394],[26.4185,36.5391],[26.4181,36.538],[26.4196,36.5359],[26.4195,36.5349],[26.4175,36.5339],[26.4166,36.5328],[26.4166,36.5318],[26.4154,36.5307],[26.4141,36.5307],[26.412,36.5318],[26.4109,36.5318],[26.4087,36.5349],[26.4057,36.5363],[26.4019,36.5401],[26.3984,36.5409],[26.3974,36.5418],[26.3953,36.541],[26.3941,36.5422],[26.3947,36.5432],[26.3943,36.5439],[26.3932,36.5438],[26.3927,36.5443],[26.3931,36.5453],[26.3926,36.5464],[26.3898,36.5474],[26.3911,36.5496],[26.387,36.5502],[26.3867,36.5516],[26.3859,36.5521],[26.3839,36.5509],[26.3818,36.5507],[26.3807,36.55],[26.3797,36.5515],[26.3776,36.5522],[26.3768,36.5516],[26.3779,36.5505],[26.3766,36.5514],[26.3753,36.5505],[26.3745,36.549],[26.3734,36.5493],[26.372,36.5484],[26.37,36.5453],[26.3703,36.5443],[26.3692,36.5432],[26.362,36.5402],[26.3589,36.5397],[26.3568,36.5386],[26.3557,36.5374],[26.3526,36.537],[26.3516,36.5374],[26.3514,36.537],[26.351,36.5328],[26.3589,36.5286],[26.3599,36.5286],[26.3609,36.5276],[26.3613,36.5255],[26.3634,36.5224],[26.3683,36.5172],[26.3694,36.512],[26.3703,36.5116],[26.3705,36.5109],[26.3703,36.5068],[26.3693,36.5057],[26.3661,36.5057],[26.3651,36.5064],[26.3589,36.5066],[26.3557,36.5053],[26.3526,36.5049],[26.3484,36.5054],[26.3432,36.5068],[26.3422,36.5066],[26.3411,36.5074],[26.3387,36.5068],[26.3318,36.5032],[26.3286,36.5026]],[[26.9693,36.4942],[26.9609,36.4941],[26.9584,36.4953],[26.9581,36.4964],[26.9584,36.4984],[26.9607,36.5026],[26.9634,36.5047],[26.9661,36.5078],[26.9672,36.5078],[26.9682,36.5088],[26.9766,36.5088],[26.9776,36.5099],[26.9828,36.5099],[26.9838,36.5089],[26.9838,36.5078],[26.982,36.5057],[26.9828,36.5047],[26.9818,36.5036],[26.9818,36.5026],[26.9797,36.5005],[26.9797,36.4995],[26.9786,36.4984],[26.9755,36.4971],[26.9734,36.4953],[26.9724,36.4952],[26.9714,36.4943],[26.9693,36.4942]],[[26.6245,36.4134],[26.6161,36.413],[26.6141,36.4144],[26.6117,36.4172],[26.6123,36.4182],[26.6118,36.4193],[26.613,36.4229],[26.6151,36.4245],[26.6195,36.4245],[26.6214,36.4248],[26.6224,36.4255],[26.6245,36.4255],[26.6271,36.4224],[26.6278,36.4182],[26.6266,36.4156],[26.6245,36.4134]],[[26.6016,36.4109],[26.5964,36.4114],[26.5928,36.413],[26.5919,36.4151],[26.5921,36.4172],[26.5932,36.4196],[26.5953,36.4214],[26.5974,36.4216],[26.5984,36.4224],[26.6005,36.4224],[26.6026,36.4224],[26.6038,36.4214],[26.6048,36.4193],[26.6045,36.4172],[26.6052,36.4161],[26.6044,36.4141],[26.6047,36.413],[26.6026,36.411],[26.6016,36.4109]],[[26.687,36.3211],[26.6839,36.3206],[26.6818,36.3209],[26.6755,36.3245],[26.6682,36.325],[26.6666,36.3255],[26.6641,36.3271],[26.6613,36.3307],[26.6589,36.3322],[26.6578,36.3339],[26.6579,36.3391],[26.6572,36.3432],[26.6562,36.3464],[26.6526,36.35],[26.6503,36.3568],[26.6511,36.3599],[26.6526,36.3617],[26.6589,36.3655],[26.662,36.3657],[26.6682,36.3681],[26.6703,36.368],[26.6724,36.3666],[26.6728,36.3651],[26.6745,36.3639],[26.6818,36.3628],[26.6839,36.3618],[26.6859,36.36],[26.6929,36.3516],[26.6943,36.3482],[26.6964,36.3467],[26.6995,36.3454],[26.7006,36.3443],[26.7018,36.3422],[26.7016,36.3395],[26.698,36.3328],[26.6949,36.3286],[26.6953,36.3276],[26.6943,36.3255],[26.687,36.3211]],[[26.7307,36.3153],[26.7266,36.3165],[26.724,36.3193],[26.7234,36.3214],[26.7245,36.3248],[26.7297,36.3289],[26.7318,36.3286],[26.7328,36.3278],[26.7339,36.3266],[26.7342,36.3234],[26.7339,36.3181],[26.7323,36.3172],[26.7307,36.3153]],[[26.7526,36.2775],[26.7474,36.2784],[26.7391,36.2788],[26.737,36.2803],[26.7359,36.282],[26.7346,36.2859],[26.735,36.2891],[26.7343,36.2932],[26.733,36.2953],[26.7324,36.2974],[26.7334,36.3036],[26.7325,36.3068],[26.7334,36.3089],[26.7349,36.3101],[26.737,36.3093],[26.7453,36.3085],[26.7477,36.3068],[26.7484,36.3045],[26.7516,36.3037],[26.7547,36.3046],[26.7557,36.3044],[26.7566,36.3036],[26.7599,36.3029],[26.762,36.3018],[26.7644,36.2995],[26.7647,36.2974],[26.7638,36.2964],[26.762,36.2953],[26.7589,36.2959],[26.7578,36.2953],[26.7571,36.2964],[26.7557,36.2959],[26.7536,36.2965],[26.7526,36.2959],[26.7516,36.2965],[26.751,36.2953],[26.7516,36.2952],[26.7519,36.2943],[26.7516,36.2939],[26.7495,36.296],[26.7484,36.2954],[26.7484,36.2942],[26.7504,36.2932],[26.7497,36.2911],[26.7516,36.2886],[26.7521,36.287],[26.7547,36.2842],[26.7557,36.284],[26.7571,36.2818],[26.7572,36.2807],[26.7557,36.279],[26.7526,36.2775]],[[26.6901,36.2763],[26.687,36.2773],[26.6868,36.2786],[26.6891,36.2849],[26.6901,36.2855],[26.6922,36.2853],[26.6944,36.2839],[26.695,36.2807],[26.6932,36.2782],[26.6901,36.2763]],[[26.6297,36.2473],[26.6286,36.2474],[26.6276,36.2485],[26.6286,36.2494],[26.6297,36.2495],[26.6318,36.2493],[26.6332,36.2484],[26.6318,36.2476],[26.6297,36.2473]],[[26.3036,36.1606],[26.3026,36.1621],[26.3026,36.163],[26.3036,36.1641],[26.306,36.1641],[26.3047,36.1615],[26.3036,36.1606]],[[26.412,36.0411],[26.4089,36.0413],[26.4068,36.0422],[26.4057,36.0433],[26.4046,36.0453],[26.4032,36.0505],[26.399,36.0568],[26.3982,36.0609],[26.3934,36.0661],[26.3911,36.0678],[26.3895,36.0703],[26.3893,36.0755],[26.3879,36.0776],[26.3878,36.0807],[26.3888,36.0839],[26.3911,36.0857],[26.3943,36.0863],[26.3964,36.0859],[26.4,36.0839],[26.4078,36.0809],[26.4094,36.0797],[26.4105,36.0776],[26.4122,36.0682],[26.4122,36.0641],[26.4099,36.061],[26.4086,36.0609],[26.4083,36.0599],[26.4104,36.0568],[26.412,36.0565],[26.4119,36.0547],[26.413,36.0543],[26.4151,36.0453],[26.415,36.0432],[26.4141,36.0419],[26.412,36.0411]]]]}},{"type":"Feature","properties":{"depth":30,"kind":"isobath"},"geometry":{"type":"MultiLineString","coordinates":[[[26.4328,36.9974],[26.4328,36.9977],[26.4325,36.9974]],[[26.9114,36.9849],[26.9092,36.9849],[26.9099,36.9844]],[[26.9451,36.9036],[26.9443,36.9038],[26.9443,36.903]],[[26.3255,36.5974],[26.3243,36.5974],[26.3245,36.5969]],[[26.454,36.5651],[26.4526,36.5655],[26.4525,36.5651]],[[26.4618,36.5526],[26.4608,36.5526],[26.4609,36.5523]],[[26.3954,36.5422],[26.3951,36.5422],[26.3953,36.5419]],[[26.2332,36.5255],[26.2327,36.5255],[26.2328,36.5252]],[[26.3691,36.512],[26.3682,36.5125],[26.3682,36.512]],[[26.3045,36.163],[26.3036,36.164],[26.3027,36.163],[26.3036,36.1621]],[[26.9995,36.7495],[26.9974,36.7492],[26.9922,36.7475],[26.9839,36.7466],[26.9807,36.7458],[26.9766,36.7424],[26.9739,36.738],[26.9739,36.737],[26.9745,36.737],[26.9755,36.7359],[26.9753,36.7349],[26.9807,36.7317],[26.9839,36.7286],[26.987,36.7224],[26.9866,36.7214],[26.987,36.7193],[26.9859,36.7181],[26.9859,36.7161],[26.9853,36.7151],[26.9859,36.7141],[26.9839,36.712],[26.9818,36.7126],[26.9797,36.7123],[26.9776,36.7105],[26.9766,36.7102],[26.9745,36.7082],[26.9734,36.7079],[26.9711,36.7036],[26.9699,36.6984],[26.9697,36.6932],[26.9706,36.6859],[26.9699,36.6849],[26.9699,36.6839],[26.9706,36.6828],[26.9714,36.6792],[26.9734,36.6765],[26.9745,36.6759],[26.9745,36.6745],[26.9755,36.6734],[26.9724,36.669],[26.9714,36.6682],[26.9693,36.6681],[26.962,36.6701],[26.9578,36.6719],[26.9516,36.673],[26.9495,36.6741],[26.9453,36.6778],[26.937,36.6806],[26.932,36.6849],[26.9289,36.6901],[26.9262,36.6932],[26.9214,36.6977],[26.9182,36.6995],[26.9141,36.7033],[26.913,36.7035],[26.912,36.7051],[26.9099,36.7063],[26.9087,36.7078],[26.9069,36.7089],[26.9057,36.7105],[26.9047,36.7107],[26.9034,36.712],[26.904,36.713],[26.9036,36.7134],[26.9026,36.7132],[26.8995,36.7161],[26.8987,36.7172],[26.8989,36.7193],[26.897,36.7224],[26.8968,36.7255],[26.8976,36.7266],[26.9006,36.7349],[26.9022,36.7422],[26.9028,36.7536],[26.9038,36.7578],[26.9044,36.7599],[26.9057,36.7609],[26.908,36.7641],[26.9076,36.7651],[26.9097,36.7672],[26.9141,36.7699],[26.9172,36.7707],[26.9182,36.77],[26.9203,36.7709],[26.9214,36.77],[26.9224,36.7702],[26.9245,36.7698],[26.9266,36.7685],[26.937,36.7703],[26.9411,36.7722],[26.9474,36.7736],[26.9526,36.7773],[26.9557,36.7786],[26.9609,36.782],[26.9703,36.7865],[26.9724,36.7881],[26.974,36.7911],[26.9772,36.7932],[26.9797,36.7944],[26.9839,36.7954],[26.9873,36.7984],[26.9911,36.8005],[26.9936,36.8026],[26.998,36.8089]],[[26.9995,36.928],[26.9982,36.9214],[26.9953,36.9174],[26.9911,36.915],[26.987,36.9142],[26.9693,36.9158],[26.9651,36.9157],[26.962,36.9147],[26.9589,36.9128],[26.9504,36.9057],[26.9474,36.904],[26.9454,36.9036],[26.9448,36.9026],[26.9432,36.9023],[26.9426,36.9016],[26.9401,36.9017],[26.938,36.9026],[26.9359,36.9025],[26.9362,36.9036],[26.9339,36.9036],[26.9328,36.9044],[26.9311,36.9047],[26.9264,36.9089],[26.9267,36.9109],[26.9285,36.9161],[26.9307,36.9187],[26.9321,36.9193],[26.931,36.9203],[26.9323,36.9214],[26.9318,36.9224],[26.9322,36.9234],[26.9314,36.9266],[26.9307,36.9269],[26.9305,36.9276],[26.931,36.9286],[26.9301,36.9297],[26.9301,36.9307],[26.9289,36.9328],[26.9276,36.9331],[26.9259,36.9359],[26.9239,36.9401],[26.9237,36.9422],[26.9224,36.9436],[26.9203,36.9439],[26.9161,36.9421],[26.9151,36.943],[26.9109,36.9446],[26.9078,36.9475],[26.9065,36.9495],[26.9066,36.9526],[26.9074,36.9547],[26.9109,36.9575],[26.9172,36.961],[26.9231,36.9682],[26.9235,36.9693],[26.9232,36.9703],[26.9214,36.9723],[26.9203,36.9723],[26.9141,36.9696],[26.912,36.9697],[26.906,36.9714],[26.9051,36.9755],[26.9053,36.9786],[26.9036,36.9802],[26.9035,36.9807],[26.9044,36.9818],[26.9036,36.9828],[26.9045,36.9839],[26.9046,36.9859],[26.9057,36.9871],[26.9049,36.9859],[26.9052,36.9849],[26.9068,36.9845],[26.9079,36.9859],[26.9078,36.9871],[26.9089,36.9871],[26.9101,36.988],[26.9103,36.9911],[26.9089,36.9935],[26.9078,36.9937],[26.9068,36.9931],[26.9057,36.9945],[26.9047,36.9948],[26.9036,36.994],[26.9026,36.9956],[26.9016,36.9945],[26.9013,36.9953],[26.902,36.9974],[26.9016,36.9979],[26.9005,36.9972],[26.8993,36.9984],[26.8964,36.9992]],[[26.5028,36.9995],[26.5005,36.9961],[26.4984,36.9947],[26.4974,36.9946],[26.4651,36.9948],[26.4568,36.9967],[26.4558,36.9953],[26.4568,36.9935],[26.4576,36.9932],[26.457,36.9922],[26.4568,36.9901],[26.4557,36.9891],[26.4505,36.9891],[26.4484,36.9912],[26.4474,36.9901],[26.4453,36.9901],[26.4443,36.9891],[26.4411,36.9891],[26.4401,36.9901],[26.438,36.9901],[26.437,36.9891],[26.4339,36.9891],[26.4328,36.9901],[26.4297,36.9901],[26.4245,36.9901],[26.4234,36.9891],[26.4182,36.9891],[26.4168,36.9901],[26.4172,36.9913],[26.4155,36.9922],[26.4151,36.9935],[26.414,36.9943],[26.4151,36.9957],[26.4169,36.9964],[26.416,36.9974],[26.4162,36.9984],[26.419,36.9995]],[[26.0005,36.9395],[26.0078,36.9401],[26.0119,36.938],[26.012,36.9372],[26.013,36.9379],[26.0141,36.938],[26.0195,36.937],[26.0255,36.9333],[26.0297,36.9281],[26.0422,36.9208],[26.0453,36.9183],[26.0495,36.9169],[26.0547,36.914],[26.0651,36.9114],[26.0682,36.9096],[26.0745,36.9072],[26.0818,36.9031],[26.088,36.9008],[26.0911,36.8983],[26.0916,36.8974],[26.0911,36.8961],[26.088,36.8928],[26.0839,36.8911],[26.0818,36.8911],[26.0807,36.8901],[26.0703,36.8907],[26.0672,36.8901],[26.0661,36.8908],[26.0641,36.8908],[26.062,36.8901],[26.0609,36.8912],[26.0589,36.8912],[26.0568,36.8932],[26.0557,36.8932],[26.0536,36.8953],[26.0526,36.8953],[26.0505,36.8976],[26.0495,36.8976],[26.0484,36.8964],[26.0474,36.8959],[26.0443,36.896],[26.0432,36.8949],[26.0411,36.896],[26.0401,36.896],[26.038,36.8943],[26.0258,36.8943],[26.0224,36.8932],[26.0214,36.8922],[26.0197,36.8922],[26.0182,36.8912],[26.0172,36.8912],[26.0161,36.8918],[26.0141,36.8918],[26.012,36.8901],[26.0109,36.8901],[26.0099,36.8908],[26.0078,36.8891],[26.0061,36.8891],[26.0026,36.887],[26.0016,36.8878]],[[26.4315,36.0005],[26.4322,36.0026],[26.4332,36.0036],[26.4359,36.0047],[26.437,36.0047],[26.4388,36.0036]],[[26.388,36.9899],[26.3839,36.9899],[26.3776,36.9921],[26.3661,36.9895],[26.363,36.9895],[26.3601,36.9901],[26.3573,36.9922],[26.3578,36.9932],[26.3592,36.9943],[26.3641,36.9967],[26.3745,36.9991],[26.3807,36.9994],[26.3828,36.9992],[26.3891,36.9966],[26.3911,36.9966],[26.3922,36.9973],[26.3931,36.9943],[26.3927,36.9932],[26.3903,36.9911]],[[26.3276,36.9816],[26.3214,36.9813],[26.3182,36.9819],[26.3179,36.9828],[26.3185,36.9839],[26.3174,36.9849],[26.3179,36.987],[26.3214,36.9895],[26.3255,36.9907],[26.3286,36.9909],[26.3339,36.9894],[26.3359,36.9893],[26.3361,36.988],[26.3344,36.9859],[26.3334,36.9839],[26.3318,36.9826]],[[26.2911,36.9672],[26.288,36.9665],[26.2786,36.9666],[26.2703,36.9693],[26.2661,36.9722],[26.2663,36.9786],[26.2683,36.9828],[26.2681,36.9849],[26.2674,36.9859],[26.2675,36.988],[26.2682,36.9896],[26.2693,36.9904],[26.2714,36.9905],[26.2745,36.9897],[26.2755,36.9885],[26.2786,36.9874],[26.2818,36.987],[26.2901,36.9887],[26.2943,36.9914],[26.3005,36.9925],[26.3036,36.9939],[26.3057,36.9939],[26.3089,36.9931],[26.312,36.9912],[26.312,36.9901],[26.3134,36.9891],[26.3149,36.987],[26.3151,36.9849],[26.3137,36.9807],[26.312,36.979],[26.3036,36.9728],[26.2995,36.9718],[26.2966,36.9703],[26.2943,36.9682]],[[26.1755,36.8943],[26.1734,36.8934],[26.1714,36.8936],[26.1641,36.8952],[26.1599,36.8967],[26.1578,36.8985],[26.1567,36.8984],[26.156,36.8995],[26.1557,36.9012],[26.1547,36.9011],[26.1542,36.9016],[26.1546,36.9057],[26.1566,36.9078],[26.1573,36.9099],[26.1594,36.913],[26.1618,36.9151],[26.1651,36.9158],[26.1682,36.9158],[26.1714,36.9147],[26.1734,36.913],[26.1749,36.9089],[26.1767,36.9057],[26.1776,36.9005],[26.1775,36.8974],[26.1766,36.8951]],[[26.9266,36.8776],[26.9234,36.8768],[26.9214,36.8773],[26.9193,36.8783],[26.9175,36.8807],[26.916,36.8859],[26.9166,36.8891],[26.9182,36.891],[26.9203,36.8923],[26.9266,36.8933],[26.9276,36.8913],[26.9297,36.8911],[26.9307,36.8901],[26.931,36.8849],[26.9303,36.8818],[26.9286,36.8791]],[[26.2286,36.542],[26.2266,36.5419],[26.2224,36.5442],[26.2203,36.5444],[26.2184,36.5464],[26.2148,36.5516],[26.2147,36.5536],[26.2156,36.5568],[26.2178,36.5589],[26.2176,36.5599],[26.2185,36.5609],[26.2187,36.562],[26.2224,36.565],[26.2276,36.5656],[26.2307,36.5646],[26.2344,36.562],[26.2371,36.5578],[26.2379,36.5536],[26.2366,36.5484],[26.2365,36.5464],[26.2349,36.545],[26.2339,36.5456],[26.2328,36.5444]],[[26.4182,36.5316],[26.418,36.5318],[26.4193,36.5336],[26.4203,36.5335],[26.4206,36.5328]],[[26.238,36.5284],[26.2377,36.5286],[26.238,36.5289],[26.2386,36.5286]],[[26.2307,36.5232],[26.2276,36.523],[26.2255,36.5239],[26.2231,36.5286],[26.2228,36.5307],[26.2231,36.5318],[26.2241,36.5328],[26.2239,36.5339],[26.2255,36.5361],[26.2266,36.5362],[26.2276,36.537],[26.2286,36.537],[26.2297,36.5363],[26.2307,36.5368],[26.2318,36.5365],[26.2339,36.5369],[26.2364,36.5339],[26.2375,36.5318],[26.2374,36.5307],[26.2365,36.5297],[26.2365,36.5286],[26.2349,36.5268],[26.2337,36.5266],[26.2343,36.5255],[26.2328,36.5238],[26.2318,36.524]],[[26.1464,36.5223],[26.1453,36.522],[26.1422,36.5221],[26.1386,36.5234],[26.1377,36.5245],[26.1359,36.5286],[26.1355,36.5318],[26.1364,36.5391],[26.1358,36.5401],[26.1364,36.5411],[26.1354,36.5422],[26.1352,36.5432],[26.1335,36.5432],[26.1307,36.545],[26.1281,36.5516],[26.1277,36.5557],[26.1297,36.5584],[26.1359,36.5616],[26.1453,36.5648],[26.1484,36.5651],[26.1495,36.5649],[26.1516,36.563],[26.1522,36.5599],[26.1532,36.5589],[26.1538,36.5505],[26.1549,36.5474],[26.1546,36.5464],[26.1561,36.5453],[26.1554,36.5432],[26.1557,36.5412],[26.1568,36.5425],[26.1569,36.5422],[26.1558,36.5411],[26.1556,36.5401],[26.1568,36.5339],[26.1563,36.5328],[26.1568,36.5286],[26.1536,36.5273],[26.1495,36.5239]],[[26.3286,36.5026],[26.3245,36.5027],[26.3193,36.5038],[26.3151,36.5057],[26.3129,36.5078],[26.312,36.5109],[26.3109,36.5099],[26.3099,36.5099],[26.3089,36.5109],[26.3089,36.512],[26.3068,36.5141],[26.3068,36.5151],[26.3057,36.5165],[26.3047,36.5161],[26.3041,36.5141],[26.3026,36.513],[26.3005,36.5126],[26.2994,36.513],[26.2974,36.5117],[26.2886,36.513],[26.2867,36.5151],[26.2832,36.5245],[26.2786,36.5334],[26.2735,36.5401],[26.2732,36.5411],[26.2646,36.5484],[26.2613,36.5505],[26.2573,36.5557],[26.2574,36.5599],[26.261,36.563],[26.2614,36.5651],[26.2609,36.5666],[26.26,36.5672],[26.2589,36.5671],[26.2578,36.5677],[26.2568,36.5674],[26.255,36.5693],[26.2526,36.5693],[26.2503,36.5714],[26.2497,36.5745],[26.2502,36.5755],[26.2496,36.5766],[26.2497,36.5786],[26.2492,36.5797],[26.2507,36.5839],[26.2519,36.5849],[26.2522,36.587],[26.2501,36.5891],[26.2503,36.5922],[26.2507,36.5932],[26.2518,36.5943],[26.2578,36.5958],[26.262,36.5981],[26.262,36.5995],[26.2633,36.6016],[26.2661,36.6042],[26.269,36.6078],[26.2714,36.609],[26.2745,36.609],[26.2755,36.6085],[26.2766,36.609],[26.2776,36.6081],[26.2787,36.6089],[26.2786,36.6077],[26.2779,36.6068],[26.2781,36.6057],[26.279,36.6047],[26.2781,36.6036],[26.2786,36.6032],[26.2807,36.6034],[26.2818,36.603],[26.2828,36.6038],[26.2849,36.6034],[26.2859,36.6039],[26.2974,36.6044],[26.3026,36.6036],[26.3036,36.6024],[26.3057,36.6017],[26.3068,36.6026],[26.3099,36.6035],[26.312,36.6026],[26.313,36.6028],[26.3161,36.605],[26.3196,36.6036],[26.3189,36.6026],[26.3189,36.6016],[26.3201,36.6005],[26.3201,36.5995],[26.3193,36.5983],[26.3214,36.5973],[26.3234,36.5991],[26.3255,36.5996],[26.3255,36.5974],[26.3266,36.5979],[26.3276,36.5971],[26.3289,36.5974],[26.3292,36.5953],[26.3316,36.5943],[26.3328,36.5926],[26.3339,36.594],[26.3359,36.5955],[26.337,36.5977],[26.3382,36.5974],[26.3382,36.5984],[26.3396,36.5995],[26.3404,36.6016],[26.3405,36.6036],[26.3401,36.6043],[26.3391,36.6042],[26.3383,36.6057],[26.337,36.6068],[26.3359,36.6066],[26.3349,36.6079],[26.3339,36.6083],[26.3318,36.6109],[26.3305,36.6109],[26.3304,36.612],[26.3286,36.6139],[26.3276,36.6138],[26.3254,36.6151],[26.326,36.6161],[26.329,36.6182],[26.3318,36.6212],[26.3349,36.6222],[26.3391,36.6213],[26.3411,36.6199],[26.3422,36.6203],[26.3443,36.6201],[26.3495,36.6186],[26.3526,36.6145],[26.3547,36.6134],[26.3563,36.612],[26.3609,36.6056],[26.3651,36.6032],[26.3661,36.602],[26.367,36.5995],[26.3682,36.5984],[26.3678,36.5964],[26.3703,36.5942],[26.3714,36.5942],[26.3734,36.5933],[26.3745,36.594],[26.3766,36.5943],[26.3807,36.5968],[26.3839,36.5964],[26.388,36.5976],[26.3887,36.5984],[26.3891,36.6016],[26.388,36.6032],[26.3873,36.6068],[26.3849,36.6086],[26.3828,36.6092],[26.3807,36.6104],[26.375,36.6193],[26.3728,36.6214],[26.3718,36.6234],[26.3714,36.6271],[26.3685,36.6349],[26.3687,36.637],[26.3693,36.638],[26.3728,36.6411],[26.3743,36.6443],[26.3753,36.6453],[26.3797,36.6479],[26.3818,36.6481],[26.3859,36.6472],[26.3901,36.6472],[26.3953,36.6464],[26.4047,36.6431],[26.4128,36.637],[26.4188,36.6339],[26.4245,36.6318],[26.4276,36.6299],[26.4318,36.6255],[26.4453,36.6167],[26.4484,36.6133],[26.4557,36.6102],[26.4682,36.5987],[26.4695,36.5964],[26.4703,36.5927],[26.4778,36.5818],[26.478,36.5786],[26.4776,36.5766],[26.4753,36.5745],[26.4745,36.5728],[26.4732,36.5724],[26.4725,36.5714],[26.4714,36.5714],[26.4689,36.5703],[26.4682,36.5691],[26.4672,36.569],[26.4672,36.5697],[26.468,36.5703],[26.4661,36.5719],[26.4599,36.5698],[26.4544,36.5661],[26.4557,36.5651],[26.457,36.562],[26.4599,36.5613],[26.4594,36.5599],[26.4597,36.5578],[26.4609,36.5568],[26.4621,36.5547],[26.462,36.5526],[26.4614,36.5516],[26.462,36.5508],[26.4661,36.5523],[26.4672,36.5517],[26.4714,36.5483],[26.4734,36.5457],[26.4745,36.5453],[26.4757,36.5432],[26.4772,36.5391],[26.4786,36.5388],[26.4807,36.5372],[26.4813,36.5349],[26.4813,36.5328],[26.4797,36.5297],[26.4786,36.5286],[26.4755,36.5279],[26.4724,36.5255],[26.4714,36.5255],[26.4703,36.5244],[26.4672,36.5245],[26.4661,36.5234],[26.463,36.5234],[26.4578,36.5269],[26.4574,36.5276],[26.4583,36.5297],[26.4578,36.5306],[26.4557,36.5318],[26.4547,36.532],[26.4536,36.5316],[26.4495,36.5325],[26.4473,36.5339],[26.4471,36.537],[26.4443,36.5376],[26.4411,36.5389],[26.4394,36.5391],[26.4348,36.5443],[26.4339,36.5446],[26.4327,36.5443],[26.4323,36.5484],[26.4316,36.5495],[26.432,36.5505],[26.4318,36.5516],[26.4336,36.5526],[26.4338,36.5547],[26.4349,36.5546],[26.4354,36.5557],[26.4382,36.5568],[26.4379,36.5578],[26.4391,36.5579],[26.4399,36.5589],[26.4418,36.5641],[26.4436,36.5651],[26.4432,36.5659],[26.4411,36.5653],[26.4391,36.5663],[26.4349,36.566],[26.4339,36.5654],[26.4307,36.5649],[26.4297,36.5653],[26.4286,36.5645],[26.4259,36.5641],[26.4234,36.5617],[26.4221,36.562],[26.4222,36.5609],[26.4202,36.5589],[26.4214,36.5586],[26.4221,36.5578],[26.4198,36.5557],[26.4172,36.5502],[26.4158,36.5495],[26.4153,36.5474],[26.4163,36.5464],[26.4154,36.5453],[26.4156,36.5443],[26.4172,36.5432],[26.4158,36.5422],[26.4173,36.5411],[26.4172,36.5385],[26.4182,36.5394],[26.4185,36.5391],[26.4181,36.538],[26.4196,36.5359],[26.4195,36.5349],[26.4175,36.5339],[26.4166,36.5328],[26.4166,36.5318],[26.4154,36.5307],[26.4141,36.5307],[26.412,36.5318],[26.4109,36.5318],[26.4087,36.5349],[26.4057,36.5363],[26.4019,36.5401],[26.3984,36.5409],[26.3974,36.5418],[26.3953,36.541],[26.3941,36.5422],[26.3947,36.5432],[26.3943,36.5439],[26.3932,36.5438],[26.3927,36.5443],[26.3931,36.5453],[26.3926,36.5464],[26.3898,36.5474],[26.3911,36.5496],[26.387,36.5502],[26.3867,36.5516],[26.3859,36.5521],[26.3839,36.5509],[26.3818,36.5507],[26.3807,36.55],[26.3797,36.5515],[26.3776,36.5522],[26.3768,36.5516],[26.3779,36.5505],[26.3766,36.5514],[26.3753,36.5505],[26.3745,36.549],[26.3734,36.5493],[26.372,36.5484],[26.37,36.5453],[26.3703,36.5443],[26.3692,36.5432],[26.362,36.5402],[26.3589,36.5397],[26.3568,36.5386],[26.3557,36.5374],[26.3526,36.537],[26.3516,36.5374],[26.3514,36.537],[26.351,36.5328],[26.3589,36.5286],[26.3599,36.5286],[26.3609,36.5276],[26.3613,36.5255],[26.3634,36.5224],[26.3683,36.5172],[26.3694,36.512],[26.3703,36.5116],[26.3705,36.5109],[26.3703,36.5068],[26.3693,36.5057],[26.3661,36.5057],[26.3651,36.5064],[26.3589,36.5066],[26.3557,36.5053],[26.3526,36.5049],[26.3484,36.5054],[26.3432,36.5068],[26.3422,36.5066],[26.3411,36.5074],[26.3387,36.5068],[26.3318,36.5032]],[[26.9693,36.4942],[26.9609,36.4941],[26.9584,36.4953],[26.9581,36.4964],[26.9584,36.4984],[26.9607,36.5026],[26.9634,36.5047],[26.9661,36.5078],[26.9672,36.5078],[26.9682,36.5088],[26.9766,36.5088],[26.9776,36.5099],[26.9828,36.5099],[26.9838,36.5089],[26.9838,36.5078],[26.982,36.5057],[26.9828,36.5047],[26.9818,36.5036],[26.9818,36.5026],[26.9797,36.5005],[26.9797,36.4995],[26.9786,36.4984],[26.9755,36.4971],[26.9734,36.4953],[26.9724,36.4952],[26.9714,36.4943]],[[26.6245,36.4134],[26.6161,36.413],[26.6141,36.4144],[26.6117,36.4172],[26.6123,36.4182],[26.6118,36.4193],[26.613,36.4229],[26.6151,36.4245],[26.6195,36.4245],[26.6214,36.4248],[26.6224,36.4255],[26.6245,36.4255],[26.6271,36.4224],[26.6278,36.4182],[26.6266,36.4156]],[[26.6016,36.4109],[26.5964,36.4114],[26.5928,36.413],[26.5919,36.4151],[26.5921,36.4172],[26.5932,36.4196],[26.5953,36.4214],[26.5974,36.4216],[26.5984,36.4224],[26.6005,36.4224],[26.6026,36.4224],[26.6038,36.4214],[26.6048,36.4193],[26.6045,36.4172],[26.6052,36.4161],[26.6044,36.4141],[26.6047,36.413],[26.6026,36.411]],[[26.687,36.3211],[26.6839,36.3206],[26.6818,36.3209],[26.6755,36.3245],[26.6682,36.325],[26.6666,36.3255],[26.6641,36.3271],[26.6613,36.3307],[26.6589,36.3322],[26.6578,36.3339],[26.6579,36.3391],[26.6572,36.3432],[26.6562,36.3464],[26.6526,36.35],[26.6503,36.3568],[26.6511,36.3599],[26.6526,36.3617],[26.6589,36.3655],[26.662,36.3657],[26.6682,36.3681],[26.6703,36.368],[26.6724,36.3666],[26.6728,36.3651],[26.6745,36.3639],[26.6818,36.3628],[26.6839,36.3618],[26.6859,36.36],[26.6929,36.3516],[26.6943,36.3482],[26.6964,36.3467],[26.6995,36.3454],[26.7006,36.3443],[26.7018,36.3422],[26.7016,36.3395],[26.698,36.3328],[26.6949,36.3286],[26.6953,36.3276],[26.6943,36.3255]],[[26.7307,36.3153],[26.7266,36.3165],[26.724,36.3193],[26.7234,36.3214],[26.7245,36.3248],[26.7297,36.3289],[26.7318,36.3286],[26.7328,36.3278],[26.7339,36.3266],[26.7342,36.3234],[26.7339,36.3181],[26.7323,36.3172]],[[26.7526,36.2775],[26.7474,36.2784],[26.7391,36.2788],[26.737,36.2803],[26.7359,36.282],[26.7346,36.2859],[26.735,36.2891],[26.7343,36.2932],[26.733,36.2953],[26.7324,36.2974],[26.7334,36.3036],[26.7325,36.3068],[26.7334,36.3089],[26.7349,36.3101],[26.737,36.3093],[26.7453,36.3085],[26.7477,36.3068],[26.7484,36.3045],[26.7516,36.3037],[26.7547,36.3046],[26.7557,36.3044],[26.7566,36.3036],[26.7599,36.3029],[26.762,36.3018],[26.7644,36.2995],[26.7647,36.2974],[26.7638,36.2964],[26.762,36.2953],[26.7589,36.2959],[26.7578,36.2953],[26.7571,36.2964],[26.7557,36.2959],[26.7536,36.2965],[26.7526,36.2959],[26.7516,36.2965],[26.751,36.2953],[26.7516,36.2952],[26.7519,36.2943],[26.7516,36.2939],[26.7495,36.296],[26.7484,36.2954],[26.7484,36.2942],[26.7504,36.2932],[26.7497,36.2911],[26.7516,36.2886],[26.7521,36.287],[26.7547,36.2842],[26.7557,36.284],[26.7571,36.2818],[26.7572,36.2807],[26.7557,36.279]],[[26.6901,36.2763],[26.687,36.2773],[26.6868,36.2786],[26.6891,36.2849],[26.6901,36.2855],[26.6922,36.2853],[26.6944,36.2839],[26.695,36.2807],[26.6932,36.2782]],[[26.6297,36.2473],[26.6286,36.2474],[26.6276,36.2485],[26.6286,36.2494],[26.6297,36.2495],[26.6318,36.2493],[26.6332,36.2484],[26.6318,36.2476]],[[26.3036,36.1606],[26.3026,36.1621],[26.3026,36.163],[26.3036,36.1641],[26.306,36.1641],[26.3047,36.1615]],[[26.412,36.0411],[26.4089,36.0413],[26.4068,36.0422],[26.4057,36.0433],[26.4046,36.0453],[26.4032,36.0505],[26.399,36.0568],[26.3982,36.0609],[26.3934,36.0661],[26.3911,36.0678],[26.3895,36.0703],[26.3893,36.0755],[26.3879,36.0776],[26.3878,36.0807],[26.3888,36.0839],[26.3911,36.0857],[26.3943,36.0863],[26.3964,36.0859],[26.4,36.0839],[26.4078,36.0809],[26.4094,36.0797],[26.4105,36.0776],[26.4122,36.0682],[26.4122,36.0641],[26.4099,36.061],[26.4086,36.0609],[26.4083,36.0599],[26.4104,36.0568],[26.412,36.0565],[26.4119,36.0547],[26.413,36.0543],[26.4151,36.0453],[26.415,36.0432],[26.4141,36.0419]]]}},{"type":"Feature","properties":{"depth":40,"kind":"band"},"geometry":{"type":"MultiPolygon","coordinates":[[[[26.9028,36.9943],[26.9026,36.9946],[26.9023,36.9943],[26.9026,36.9934],[26.9028,36.9943]]],[[[26.9036,36.9849],[26.9026,36.9859],[26.9016,36.9849],[26.9026,36.9841],[26.9036,36.9849]]],[[[26.9042,36.9839],[26.9036,36.9848],[26.9029,36.9839],[26.9036,36.9832],[26.9042,36.9839]]],[[[26.904,36.9818],[26.9036,36.9822],[26.9031,36.9818],[26.9036,36.9814],[26.904,36.9818]]],[[[26.9297,36.9182],[26.9283,36.9182],[26.9286,36.9178],[26.9297,36.9182]]],[[[26.92,36.7724],[26.9193,36.7732],[26.9191,36.7724],[26.92,36.7724]]],[[[26.329,36.6099],[26.3286,36.6107],[26.3278,36.6099],[26.3286,36.6094],[26.329,36.6099]]],[[[26.2322,36.538],[26.2318,36.5388],[26.2312,36.538],[26.2318,36.5377],[26.2322,36.538]]],[[[26.4185,36.5339],[26.418,36.5339],[26.4182,36.5335],[26.4185,36.5339]]],[[[26.458,36.5297],[26.4578,36.5301],[26.4568,36.5297],[26.4578,36.5291],[26.458,36.5297]]],[[[26.3044,36.163],[26.3036,36.1639],[26.3029,36.163],[26.3036,36.1623],[26.3044,36.163]]],[[[27,36.0005],[27,36.7484],[26.9995,36.7489],[26.9974,36.7487],[26.9932,36.7471],[26.9839,36.7461],[26.9811,36.7453],[26.9766,36.741],[26.9744,36.738],[26.9744,36.737],[26.9755,36.7354],[26.9816,36.7318],[26.9839,36.7295],[26.9878,36.7224],[26.9876,36.7193],[26.9859,36.7169],[26.9854,36.7151],[26.9859,36.7141],[26.9839,36.712],[26.9818,36.7123],[26.98,36.712],[26.9766,36.7098],[26.9734,36.7068],[26.9714,36.7032],[26.9701,36.6974],[26.97,36.6932],[26.9708,36.6859],[26.9703,36.6839],[26.9714,36.6796],[26.975,36.6755],[26.9748,36.6745],[26.9755,36.6734],[26.9729,36.6682],[26.9732,36.6672],[26.9746,36.6661],[26.9724,36.6647],[26.9706,36.6651],[26.9671,36.6672],[26.9589,36.6707],[26.9516,36.6718],[26.9495,36.673],[26.9453,36.6768],[26.9443,36.6769],[26.9432,36.6778],[26.9411,36.6779],[26.9401,36.6787],[26.937,36.679],[26.9349,36.6808],[26.9339,36.6811],[26.9287,36.6859],[26.9279,36.687],[26.9276,36.6891],[26.9216,36.6953],[26.9141,36.7],[26.913,36.7011],[26.912,36.7014],[26.9109,36.7028],[26.9063,36.7047],[26.9016,36.7085],[26.9005,36.7079],[26.8949,36.7141],[26.8949,36.7172],[26.8909,36.7224],[26.8905,36.7245],[26.8907,36.7266],[26.8918,36.7286],[26.8941,36.7359],[26.8956,36.7422],[26.8959,36.7526],[26.8967,36.7589],[26.8984,36.7629],[26.9005,36.7655],[26.9061,36.7682],[26.9063,36.7693],[26.908,36.7703],[26.9089,36.7717],[26.9099,36.7707],[26.9109,36.7717],[26.9151,36.774],[26.9172,36.7731],[26.9193,36.7735],[26.9203,36.7726],[26.9224,36.7728],[26.9255,36.7714],[26.9266,36.7703],[26.9307,36.7718],[26.9346,36.7724],[26.9484,36.7806],[26.9543,36.7849],[26.9599,36.7869],[26.9634,36.7891],[26.9643,36.7901],[26.9651,36.7922],[26.9648,36.7932],[26.963,36.7937],[26.9628,36.7943],[26.9661,36.7969],[26.9683,36.7974],[26.9724,36.8002],[26.9828,36.8032],[26.9849,36.8048],[26.9872,36.8057],[26.9932,36.8124],[27,36.8161],[27,36.9161],[26.9995,36.9168],[26.9943,36.9127],[26.9901,36.9112],[26.9849,36.9111],[26.9682,36.9131],[26.9594,36.912],[26.9602,36.9109],[26.9589,36.9101],[26.9578,36.9107],[26.9578,36.9086],[26.9568,36.9085],[26.9526,36.9044],[26.9495,36.9028],[26.9422,36.9009],[26.938,36.9011],[26.9339,36.9027],[26.9328,36.9038],[26.9297,36.9045],[26.9286,36.9059],[26.9276,36.9055],[26.9277,36.9068],[26.9256,36.9089],[26.9256,36.9109],[26.9269,36.9151],[26.9281,36.9172],[26.9274,36.9182],[26.9309,36.9214],[26.9305,36.9245],[26.9294,36.9266],[26.93,36.9276],[26.9286,36.9314],[26.9276,36.9319],[26.9247,36.9349],[26.9249,36.9359],[26.9224,36.9416],[26.9203,36.943],[26.9193,36.9423],[26.9182,36.9426],[26.917,36.9422],[26.9176,36.9411],[26.9172,36.9403],[26.9161,36.9415],[26.9151,36.9407],[26.9143,36.9422],[26.9115,36.9432],[26.9089,36.9454],[26.9068,36.9477],[26.906,36.9495],[26.9059,36.9516],[26.9068,36.9548],[26.9089,36.957],[26.9141,36.9597],[26.9168,36.962],[26.9214,36.9672],[26.9225,36.9693],[26.9225,36.9703],[26.9203,36.9714],[26.9161,36.9693],[26.913,36.9689],[26.9099,36.9695],[26.9068,36.9709],[26.9057,36.9708],[26.9051,36.9714],[26.904,36.9786],[26.9023,36.9818],[26.9033,36.9828],[26.9015,36.9849],[26.9026,36.986],[26.9036,36.9851],[26.9052,36.987],[26.9043,36.988],[26.9047,36.9883],[26.9057,36.9875],[26.9068,36.9884],[26.9085,36.988],[26.9087,36.9901],[26.908,36.9911],[26.9079,36.9932],[26.9068,36.9926],[26.9057,36.9931],[26.9047,36.9944],[26.9026,36.9932],[26.9016,36.994],[26.9005,36.9936],[26.9011,36.9964],[26.9005,36.9967],[26.8995,36.996],[26.8984,36.9976],[26.8974,36.9973],[26.8953,36.9979],[26.8943,36.9994],[26.8932,37],[26.8922,37],[26.8901,36.9975],[26.8891,36.9986],[26.8859,36.9988],[26.8839,36.9995],[26.8839,37],[26.5047,37],[26.4995,36.9948],[26.4974,36.9942],[26.4818,36.9941],[26.462,36.9946],[26.4609,36.9953],[26.4568,36.9963],[26.456,36.9953],[26.4568,36.9937],[26.459,36.9943],[26.4572,36.9922],[26.4573,36.9911],[26.4557,36.9891],[26.4505,36.9891],[26.4484,36.9912],[26.4474,36.9901],[26.4453,36.9901],[26.4443,36.9891],[26.4411,36.9891],[26.4401,36.9901],[26.438,36.9901],[26.437,36.9891],[26.4339,36.9891],[26.4328,36.9901],[26.4297,36.9901],[26.4245,36.9901],[26.4234,36.9891],[26.4182,36.9891],[26.4166,36.9901],[26.417,36.9911],[26.4161,36.9919],[26.4143,36.9922],[26.4135,36.9943],[26.4151,36.996],[26.4163,36.9964],[26.4151,36.9973],[26.414,36.9974],[26.4151,36.9987],[26.4176,36.9995],[26.4172,37],[26.3839,37],[26.3833,36.9995],[26.3891,36.9973],[26.3901,36.9975],[26.3911,36.997],[26.3922,36.9977],[26.3927,36.9974],[26.3932,36.9953],[26.3943,36.9952],[26.3944,36.9943],[26.3906,36.9911],[26.387,36.9894],[26.3839,36.9896],[26.3776,36.9916],[26.3661,36.9891],[26.3641,36.9891],[26.3609,36.9895],[26.3578,36.9913],[26.3557,36.9916],[26.3536,36.9931],[26.3526,36.9916],[26.3526,36.9922],[26.3536,36.9933],[26.3557,36.9933],[26.3568,36.9927],[26.3589,36.9946],[26.363,36.9966],[26.3745,36.9995],[26.3745,37],[26.0005,37],[26,36.9995],[26,36.9401],[26.0078,36.9405],[26.012,36.9388],[26.0203,36.9372],[26.026,36.9339],[26.0305,36.9286],[26.0464,36.919],[26.0589,36.9135],[26.062,36.913],[26.0661,36.9116],[26.0713,36.9089],[26.0755,36.9073],[26.0839,36.9027],[26.088,36.9016],[26.0912,36.8995],[26.0923,36.8974],[26.088,36.8925],[26.0839,36.8911],[26.0818,36.8909],[26.0807,36.8901],[26.0703,36.8905],[26.0672,36.8901],[26.0661,36.8906],[26.0641,36.8906],[26.062,36.8901],[26.0609,36.8911],[26.0589,36.8912],[26.0568,36.8932],[26.0557,36.8932],[26.0505,36.8972],[26.0495,36.8972],[26.0474,36.8958],[26.0443,36.8959],[26.0432,36.8948],[26.0411,36.8959],[26.0401,36.8959],[26.038,36.8943],[26.0266,36.8942],[26.0224,36.893],[26.0214,36.8922],[26.0198,36.8922],[26.0182,36.8911],[26.0141,36.8917],[26.012,36.8901],[26.0099,36.8906],[26.0078,36.8891],[26.0062,36.8891],[26.0026,36.887],[26.0016,36.8877],[26,36.8859],[26,36.0005],[26.0005,36],[26.4307,36],[26.431,36.0016],[26.4322,36.0036],[26.4349,36.0052],[26.4359,36.0053],[26.4391,36.0042],[26.4406,36.0026],[26.4412,36.0005],[26.4422,36],[26.9995,36],[27,36.0005]],[[26.2859,36.9661],[26.2786,36.9662],[26.2724,36.9681],[26.2692,36.9693],[26.2655,36.9724],[26.2658,36.9786],[26.2678,36.9839],[26.2669,36.9859],[26.2671,36.988],[26.2684,36.9901],[26.2714,36.9909],[26.2745,36.9903],[26.2755,36.9889],[26.2797,36.9877],[26.2839,36.9876],[26.2891,36.9892],[26.2901,36.989],[26.2922,36.9907],[26.2953,36.9921],[26.2995,36.9928],[26.3047,36.9944],[26.3089,36.9935],[26.3109,36.9925],[26.3124,36.9911],[26.3127,36.9901],[26.3151,36.9885],[26.3172,36.9892],[26.3193,36.9889],[26.3224,36.9904],[26.3276,36.9914],[26.3349,36.9899],[26.3359,36.9904],[26.338,36.9887],[26.3391,36.9893],[26.3395,36.9891],[26.3396,36.988],[26.337,36.9877],[26.3352,36.9859],[26.3349,36.9849],[26.3339,36.9839],[26.3324,36.9828],[26.3276,36.9814],[26.3214,36.9809],[26.3182,36.9814],[26.3176,36.9818],[26.3172,36.9837],[26.3161,36.9836],[26.313,36.9794],[26.3047,36.973],[26.2984,36.9707],[26.2932,36.9672],[26.2891,36.9662],[26.2859,36.9661]],[[26.1766,36.893],[26.1734,36.8922],[26.1661,36.8932],[26.1589,36.8957],[26.1533,36.8995],[26.1522,36.9026],[26.1533,36.9036],[26.1528,36.9047],[26.153,36.9057],[26.1547,36.9078],[26.1559,36.9109],[26.1589,36.9151],[26.1609,36.9164],[26.163,36.9169],[26.1672,36.9172],[26.1714,36.9162],[26.1742,36.9141],[26.1783,36.9057],[26.178,36.9047],[26.179,36.9005],[26.1784,36.8953],[26.1776,36.8937],[26.1766,36.893]],[[26.9266,36.8754],[26.9234,36.8748],[26.9214,36.8752],[26.9193,36.8763],[26.9172,36.8785],[26.9157,36.8818],[26.9154,36.8859],[26.9159,36.8891],[26.9193,36.893],[26.9214,36.8943],[26.9224,36.894],[26.9276,36.8943],[26.9272,36.8932],[26.9276,36.892],[26.9297,36.8924],[26.9324,36.8911],[26.9319,36.8901],[26.9329,36.8859],[26.9322,36.8807],[26.9307,36.8783],[26.9286,36.8764],[26.9266,36.8754]],[[26.3255,36.6075],[26.3255,36.608],[26.3261,36.6078],[26.3255,36.6075]],[[26.2307,36.5223],[26.2276,36.5222],[26.2245,36.5233],[26.2222,36.5266],[26.2209,36.5328],[26.2245,36.5354],[26.2259,36.537],[26.226,36.538],[26.2224,36.5419],[26.2193,36.5428],[26.2175,36.5443],[26.2141,36.5489],[26.2131,36.5495],[26.2123,36.5526],[26.2132,36.5557],[26.2148,36.5578],[26.2165,36.5589],[26.2167,36.5599],[26.2176,36.5609],[26.217,36.562],[26.2203,36.5646],[26.2224,36.5656],[26.2276,36.5662],[26.2297,36.566],[26.2318,36.5651],[26.237,36.5595],[26.2378,36.5557],[26.2385,36.5547],[26.2385,36.5526],[26.2377,36.5505],[26.2379,36.5495],[26.237,36.5484],[26.2376,36.5464],[26.237,36.5454],[26.2358,36.5453],[26.2359,36.5439],[26.2349,36.5442],[26.2339,36.5429],[26.2328,36.5427],[26.2313,36.5401],[26.2319,36.5391],[26.2334,36.538],[26.2359,36.5382],[26.2392,36.5328],[26.2396,36.5307],[26.2392,36.5297],[26.2402,36.5276],[26.2391,36.528],[26.2378,36.5276],[26.2375,36.5266],[26.238,36.5255],[26.237,36.526],[26.2359,36.5277],[26.235,36.5245],[26.2339,36.5241],[26.2328,36.5225],[26.2318,36.5228],[26.2307,36.5223]],[[26.1464,36.5212],[26.1443,36.5208],[26.1404,36.5214],[26.1376,36.5224],[26.1366,36.5234],[26.135,36.5266],[26.1339,36.5307],[26.1344,36.5391],[26.1324,36.5422],[26.1307,36.5425],[26.1298,36.5432],[26.1271,36.5516],[26.1264,36.5557],[26.1272,36.5578],[26.1297,36.5601],[26.1411,36.5647],[26.1474,36.5656],[26.1495,36.5654],[26.1513,36.5641],[26.1522,36.563],[26.1529,36.5599],[26.154,36.5589],[26.1539,36.5568],[26.1554,36.5505],[26.1573,36.5453],[26.1581,36.5443],[26.1582,36.5411],[26.1597,36.5339],[26.1568,36.5281],[26.1495,36.5226],[26.1464,36.5212]],[[26.3307,36.5024],[26.3245,36.5022],[26.3172,36.5039],[26.3144,36.5057],[26.3126,36.5078],[26.312,36.5109],[26.3109,36.5099],[26.3099,36.5099],[26.3089,36.5109],[26.3089,36.512],[26.3068,36.5141],[26.3068,36.5151],[26.3057,36.5159],[26.3047,36.5159],[26.3042,36.5141],[26.3036,36.5135],[26.3016,36.5125],[26.2995,36.5126],[26.2974,36.5113],[26.2911,36.5116],[26.2891,36.5122],[26.287,36.5136],[26.2776,36.5328],[26.2736,36.538],[26.2725,36.5401],[26.2622,36.5484],[26.2567,36.5536],[26.2565,36.5547],[26.2551,36.5568],[26.2552,36.5578],[26.2556,36.5589],[26.2584,36.562],[26.2587,36.5641],[26.2571,36.5651],[26.2557,36.5648],[26.2547,36.5654],[26.2536,36.5672],[26.2505,36.5683],[26.2479,36.5714],[26.2472,36.5745],[26.2475,36.5766],[26.2464,36.5782],[26.2461,36.5807],[26.2469,36.5818],[26.2463,36.5839],[26.2472,36.5849],[26.2475,36.587],[26.2468,36.588],[26.2474,36.592],[26.2479,36.5922],[26.2482,36.5932],[26.2516,36.5952],[26.2591,36.5974],[26.2609,36.5992],[26.263,36.6025],[26.2693,36.6086],[26.2724,36.6098],[26.2776,36.6102],[26.2786,36.6095],[26.2797,36.6098],[26.2799,36.6089],[26.279,36.6068],[26.2797,36.6059],[26.2818,36.6054],[26.2974,36.6062],[26.3026,36.6058],[26.3057,36.6035],[26.3099,36.6058],[26.312,36.6057],[26.313,36.6047],[26.3141,36.6055],[26.3151,36.6047],[26.3172,36.6062],[26.3182,36.6063],[26.3193,36.6051],[26.3218,36.6047],[26.3203,36.6038],[26.3214,36.6031],[26.3286,36.604],[26.3296,36.6016],[26.3307,36.602],[26.3328,36.5998],[26.3349,36.5992],[26.3359,36.5994],[26.337,36.6005],[26.3371,36.6016],[26.3359,36.6036],[26.3339,36.6057],[26.3318,36.6059],[26.3299,36.6089],[26.3286,36.6084],[26.3273,36.6089],[26.3276,36.6109],[26.3272,36.612],[26.3255,36.6125],[26.3246,36.6141],[26.3233,36.6141],[26.3241,36.6161],[26.3286,36.6225],[26.3307,36.6238],[26.3328,36.6242],[26.3339,36.6233],[26.3359,36.6235],[26.338,36.6226],[26.3401,36.6226],[26.3411,36.6216],[26.3474,36.6208],[26.3504,36.6193],[26.3513,36.6182],[26.3516,36.6171],[26.3575,36.612],[26.3609,36.6072],[26.3669,36.6026],[26.3693,36.598],[26.3714,36.5961],[26.3724,36.5968],[26.3745,36.5957],[26.3797,36.5977],[26.3849,36.5972],[26.387,36.5978],[26.3882,36.5984],[26.3884,36.6005],[26.3875,36.6026],[26.3866,36.6068],[26.3839,36.6086],[26.3807,36.6098],[26.376,36.6172],[26.3723,36.6214],[26.3681,36.6349],[26.3688,36.638],[26.372,36.6411],[26.3749,36.6453],[26.3786,36.6478],[26.3818,36.6485],[26.3974,36.6464],[26.3984,36.6456],[26.4056,36.6432],[26.4109,36.639],[26.4144,36.637],[26.4266,36.6313],[26.4328,36.6257],[26.446,36.6172],[26.4476,36.6151],[26.4568,36.6104],[26.4686,36.5995],[26.4702,36.5964],[26.4705,36.5943],[26.4715,36.5922],[26.478,36.5818],[26.4783,36.5786],[26.4778,36.5766],[26.4734,36.5711],[26.4697,36.5703],[26.4705,36.5693],[26.4693,36.57],[26.4672,36.5684],[26.4661,36.5709],[26.4651,36.5709],[26.4609,36.5691],[26.4593,36.5672],[26.4589,36.5654],[26.4583,36.5651],[26.4591,36.563],[26.4605,36.562],[26.4629,36.5578],[26.4627,36.5568],[26.4641,36.5547],[26.4635,36.5536],[26.4641,36.553],[26.4651,36.5534],[26.4661,36.5531],[26.4672,36.554],[26.4677,36.5536],[26.4714,36.5504],[26.4745,36.5465],[26.4757,36.5464],[26.4766,36.5451],[26.4768,36.5422],[26.4776,36.5409],[26.4797,36.5391],[26.4807,36.5394],[26.4809,36.5391],[26.4818,36.5359],[26.4816,36.5328],[26.4806,36.5307],[26.4786,36.5285],[26.4755,36.5276],[26.4724,36.5255],[26.4714,36.5255],[26.4703,36.5241],[26.4693,36.5239],[26.4685,36.5245],[26.4672,36.5245],[26.4661,36.5234],[26.463,36.5234],[26.4578,36.5264],[26.4568,36.5264],[26.4575,36.5286],[26.4557,36.5312],[26.4505,36.5315],[26.4474,36.5328],[26.4464,36.5322],[26.446,36.5328],[26.4468,36.5339],[26.4467,36.5349],[26.4453,36.5367],[26.4432,36.5367],[26.4422,36.5375],[26.4391,36.538],[26.438,36.5389],[26.437,36.539],[26.4352,36.5401],[26.435,36.5422],[26.4314,36.5443],[26.4314,36.5464],[26.4299,36.5484],[26.4315,36.5536],[26.4328,36.5537],[26.4332,36.5547],[26.4345,36.5557],[26.4334,36.5568],[26.4347,36.5589],[26.4359,36.5599],[26.4354,36.562],[26.4339,36.5628],[26.4286,36.5616],[26.4256,36.5589],[26.4256,36.5578],[26.4245,36.5562],[26.4197,36.5526],[26.4198,36.5516],[26.4187,36.5505],[26.4181,36.5484],[26.4184,36.5474],[26.4172,36.5464],[26.4188,36.5443],[26.4182,36.5432],[26.4188,36.5411],[26.4183,36.5401],[26.419,36.5391],[26.4193,36.5375],[26.4197,36.538],[26.4205,36.538],[26.4202,36.537],[26.4216,36.5339],[26.4214,36.5325],[26.4193,36.5317],[26.4182,36.5308],[26.4172,36.5314],[26.4161,36.5304],[26.4141,36.5301],[26.4109,36.5313],[26.4078,36.5342],[26.4068,36.5338],[26.4057,36.5346],[26.4033,36.5349],[26.4026,36.5359],[26.4031,36.537],[26.4026,36.5375],[26.4005,36.5384],[26.3984,36.5385],[26.3974,36.5402],[26.3964,36.5405],[26.3943,36.5399],[26.3922,36.5421],[26.391,36.5422],[26.3905,36.5443],[26.3891,36.5456],[26.388,36.5453],[26.3859,36.5459],[26.3839,36.5468],[26.3828,36.5481],[26.3818,36.5474],[26.3786,36.5485],[26.3766,36.5483],[26.3745,36.5458],[26.3732,36.5453],[26.3733,36.5443],[26.3682,36.5414],[26.3661,36.541],[26.3651,36.5401],[26.362,36.5391],[26.3609,36.5393],[26.3568,36.5374],[26.3532,36.5328],[26.3547,36.5326],[26.3557,36.5315],[26.359,36.5297],[26.3609,36.5278],[26.3619,36.5255],[26.3641,36.5224],[26.3682,36.5179],[26.3707,36.5109],[26.3703,36.5068],[26.3693,36.5057],[26.3599,36.5063],[26.3526,36.5046],[26.3484,36.505],[26.3443,36.5061],[26.3422,36.506],[26.3411,36.5065],[26.3391,36.5061],[26.3307,36.5024]],[[26.9714,36.4943],[26.9609,36.4938],[26.9581,36.4953],[26.9578,36.4974],[26.9599,36.5019],[26.9661,36.5078],[26.9672,36.5078],[26.9682,36.5088],[26.9766,36.5088],[26.9776,36.5099],[26.9828,36.5099],[26.9838,36.5089],[26.9838,36.5078],[26.982,36.5057],[26.9828,36.5047],[26.9818,36.5036],[26.9818,36.5026],[26.9798,36.5005],[26.9797,36.4995],[26.9786,36.4984],[26.9714,36.4943]],[[26.6245,36.412],[26.6234,36.4122],[26.6161,36.4111],[26.6121,36.413],[26.6116,36.4151],[26.6104,36.4161],[26.6115,36.4182],[26.6111,36.4193],[26.6118,36.4203],[26.6118,36.4214],[26.6132,36.4234],[26.6151,36.4246],[26.6193,36.4247],[26.6224,36.4256],[26.6245,36.4255],[26.6258,36.4245],[26.6262,36.4234],[26.6276,36.4224],[26.6282,36.4182],[26.6269,36.4151],[26.6245,36.412]],[[26.6036,36.4094],[26.6026,36.409],[26.5953,36.4099],[26.5925,36.4109],[26.5912,36.412],[26.5906,36.4141],[26.5928,36.4193],[26.5937,36.4203],[26.5952,36.4214],[26.5974,36.4218],[26.5984,36.4224],[26.6026,36.4225],[26.6041,36.4214],[26.6052,36.4193],[26.6049,36.4182],[26.6061,36.4172],[26.606,36.4141],[26.6049,36.4109],[26.6036,36.4094]],[[26.687,36.3203],[26.6839,36.3198],[26.6818,36.3201],[26.6786,36.3214],[26.6755,36.3235],[26.6682,36.3242],[26.6661,36.3248],[26.6641,36.3261],[26.6609,36.3301],[26.6585,36.3318],[26.6574,36.3339],[26.6565,36.3432],[26.6547,36.3471],[26.6526,36.3488],[26.649,36.3568],[26.6499,36.3609],[26.6516,36.3632],[26.6568,36.3659],[26.6578,36.3675],[26.6589,36.3681],[26.6609,36.3684],[26.662,36.368],[26.6641,36.3682],[26.6661,36.3698],[26.6703,36.3698],[26.6724,36.3683],[26.6734,36.3665],[26.6755,36.3645],[26.6786,36.3644],[26.6797,36.3635],[26.6818,36.3633],[26.6843,36.362],[26.6934,36.3516],[26.6943,36.3489],[26.6964,36.3471],[26.6995,36.3459],[26.7012,36.3443],[26.7025,36.3422],[26.702,36.3391],[26.6978,36.3307],[26.6959,36.3286],[26.696,36.3276],[26.6932,36.3235],[26.6922,36.3234],[26.687,36.3203]],[[26.7297,36.3138],[26.7286,36.3141],[26.7289,36.3151],[26.725,36.3161],[26.7234,36.3177],[26.723,36.3214],[26.7234,36.3234],[26.7245,36.3254],[26.7286,36.3288],[26.7297,36.3291],[26.7328,36.3282],[26.7339,36.3266],[26.7345,36.3234],[26.7342,36.3214],[26.735,36.3193],[26.7328,36.3162],[26.7297,36.3138]],[[26.7318,36.3128],[26.7312,36.313],[26.7318,36.3132],[26.7318,36.3128]],[[26.7547,36.2776],[26.7516,36.2769],[26.7474,36.2778],[26.7401,36.2781],[26.738,36.2788],[26.7353,36.2818],[26.7333,36.2859],[26.7334,36.2891],[26.7341,36.2901],[26.7329,36.2922],[26.7331,36.2932],[26.7318,36.2942],[26.731,36.2974],[26.7321,36.3016],[26.7318,36.3078],[26.7335,36.3099],[26.7349,36.3109],[26.7359,36.3112],[26.737,36.3102],[26.7453,36.309],[26.7474,36.3076],[26.7495,36.3047],[26.7516,36.3048],[26.7526,36.3043],[26.7547,36.3049],[26.7561,36.3047],[26.7574,36.3036],[26.762,36.302],[26.7646,36.2995],[26.7651,36.2974],[26.7641,36.295],[26.763,36.2955],[26.762,36.2945],[26.7589,36.2952],[26.7568,36.2946],[26.7557,36.295],[26.7547,36.2945],[26.7536,36.2946],[26.7526,36.2954],[26.7523,36.2943],[26.7512,36.2932],[26.7508,36.2911],[26.7526,36.2871],[26.7536,36.2868],[26.7547,36.2851],[26.7559,36.2859],[26.7561,36.2849],[26.7581,36.2828],[26.7577,36.2807],[26.7557,36.2782],[26.7547,36.2776]],[[26.6901,36.2752],[26.6859,36.2747],[26.685,36.2766],[26.6886,36.2849],[26.6901,36.2859],[26.6922,36.286],[26.6943,36.2852],[26.6953,36.2842],[26.6958,36.2807],[26.6939,36.2776],[26.6901,36.2752]],[[26.6443,36.247],[26.6422,36.2468],[26.6359,36.2475],[26.6318,36.2467],[26.6286,36.2467],[26.6272,36.2474],[26.6267,36.2484],[26.6272,36.2495],[26.6286,36.2502],[26.6318,36.2503],[26.6359,36.2495],[26.6432,36.2503],[26.6453,36.2495],[26.6458,36.2484],[26.6443,36.247]],[[26.3047,36.1609],[26.3036,36.1602],[26.3026,36.1615],[26.3025,36.163],[26.3036,36.1641],[26.3057,36.1644],[26.3063,36.1641],[26.3047,36.1609]],[[26.4141,36.0411],[26.412,36.0405],[26.4089,36.0408],[26.4057,36.0423],[26.403,36.0464],[26.4022,36.0495],[26.4007,36.0526],[26.3995,36.0536],[26.3978,36.0568],[26.3966,36.0609],[26.3929,36.0651],[26.3911,36.0662],[26.3889,36.0693],[26.3882,36.0724],[26.3883,36.0755],[26.3871,36.0776],[26.3872,36.0807],[26.3884,36.0839],[26.3911,36.0862],[26.3943,36.0868],[26.3964,36.0867],[26.4016,36.0842],[26.4078,36.082],[26.4099,36.0807],[26.4109,36.0793],[26.4124,36.0714],[26.413,36.0703],[26.4127,36.0641],[26.4102,36.0599],[26.4102,36.0589],[26.4109,36.0572],[26.413,36.0568],[26.4144,36.0516],[26.4157,36.0443],[26.4141,36.0411]]]]}},{"type":"Feature","properties":{"depth":40,"kind":"isobath"},"geometry":{"type":"MultiLineString","coordinates":[[[26.9028,36.9943],[26.9026,36.9946],[26.9023,36.9943],[26.9026,36.9934]],[[26.9036,36.9849],[26.9026,36.9859],[26.9016,36.9849],[26.9026,36.9841]],[[26.9042,36.9839],[26.9036,36.9848],[26.9029,36.9839],[26.9036,36.9832]],[[26.904,36.9818],[26.9036,36.9822],[26.9031,36.9818],[26.9036,36.9814]],[[26.9297,36.9182],[26.9283,36.9182],[26.9286,36.9178]],[[26.92,36.7724],[26.9193,36.7732],[26.9191,36.7724]],[[26.329,36.6099],[26.3286,36.6107],[26.3278,36.6099],[26.3286,36.6094]],[[26.2322,36.538],[26.2318,36.5388],[26.2312,36.538],[26.2318,36.5377]],[[26.4185,36.5339],[26.418,36.5339],[26.4182,36.5335]],[[26.458,36.5297],[26.4578,36.5301],[26.4568,36.5297],[26.4578,36.5291]],[[26.3044,36.163],[26.3036,36.1639],[26.3029,36.163],[26.3036,36.1623]],[[26.9995,36.7489],[26.9974,36.7487],[26.9932,36.7471],[26.9839,36.7461],[26.9811,36.7453],[26.9766,36.741],[26.9744,36.738],[26.9744,36.737],[26.9755,36.7354],[26.9816,36.7318],[26.9839,36.7295],[26.9878,36.7224],[26.9876,36.7193],[26.9859,36.7169],[26.9854,36.7151],[26.9859,36.7141],[26.9839,36.712],[26.9818,36.7123],[26.98,36.712],[26.9766,36.7098],[26.9734,36.7068],[26.9714,36.7032],[26.9701,36.6974],[26.97,36.6932],[26.9708,36.6859],[26.9703,36.6839],[26.9714,36.6796],[26.975,36.6755],[26.9748,36.6745],[26.9755,36.6734],[26.9729,36.6682],[26.9732,36.6672],[26.9746,36.6661],[26.9724,36.6647],[26.9706,36.6651],[26.9671,36.6672],[26.9589,36.6707],[26.9516,36.6718],[26.9495,36.673],[26.9453,36.6768],[26.9443,36.6769],[26.9432,36.6778],[26.9411,36.6779],[26.9401,36.6787],[26.937,36.679],[26.9349,36.6808],[26.9339,36.6811],[26.9287,36.6859],[26.9279,36.687],[26.9276,36.6891],[26.9216,36.6953],[26.9141,36.7],[26.913,36.7011],[26.912,36.7014],[26.9109,36.7028],[26.9063,36.7047],[26.9016,36.7085],[26.9005,36.7079],[26.8949,36.7141],[26.8949,36.7172],[26.8909,36.7224],[26.8905,36.7245],[26.8907,36.7266],[26.8918,36.7286],[26.8941,36.7359],[26.8956,36.7422],[26.8959,36.7526],[26.8967,36.7589],[26.8984,36.7629],[26.9005,36.7655],[26.9061,36.7682],[26.9063,36.7693],[26.908,36.7703],[26.9089,36.7717],[26.9099,36.7707],[26.9109,36.7717],[26.9151,36.774],[26.9172,36.7731],[26.9193,36.7735],[26.9203,36.7726],[26.9224,36.7728],[26.9255,36.7714],[26.9266,36.7703],[26.9307,36.7718],[26.9346,36.7724],[26.9484,36.7806],[26.9543,36.7849],[26.9599,36.7869],[26.9634,36.7891],[26.9643,36.7901],[26.9651,36.7922],[26.9648,36.7932],[26.963,36.7937],[26.9628,36.7943],[26.9661,36.7969],[26.9683,36.7974],[26.9724,36.8002],[26.9828,36.8032],[26.9849,36.8048],[26.9872,36.8057],[26.9932,36.8124]],[[26.9995,36.9168],[26.9943,36.9127],[26.9901,36.9112],[26.9849,36.9111],[26.9682,36.9131],[26.9594,36.912],[26.9602,36.9109],[26.9589,36.9101],[26.9578,36.9107],[26.9578,36.9086],[26.9568,36.9085],[26.9526,36.9044],[26.9495,36.9028],[26.9422,36.9009],[26.938,36.9011],[26.9339,36.9027],[26.9328,36.9038],[26.9297,36.9045],[26.9286,36.9059],[26.9276,36.9055],[26.9277,36.9068],[26.9256,36.9089],[26.9256,36.9109],[26.9269,36.9151],[26.9281,36.9172],[26.9274,36.9182],[26.9309,36.9214],[26.9305,36.9245],[26.9294,36.9266],[26.93,36.9276],[26.9286,36.9314],[26.9276,36.9319],[26.9247,36.9349],[26.9249,36.9359],[26.9224,36.9416],[26.9203,36.943],[26.9193,36.9423],[26.9182,36.9426],[26.917,36.9422],[26.9176,36.9411],[26.9172,36.9403],[26.9161,36.9415],[26.9151,36.9407],[26.9143,36.9422],[26.9115,36.9432],[26.9089,36.9454],[26.9068,36.9477],[26.906,36.9495],[26.9059,36.9516],[26.9068,36.9548],[26.9089,36.957],[26.9141,36.9597],[26.9168,36.962],[26.9214,36.9672],[26.9225,36.9693],[26.9225,36.9703],[26.9203,36.9714],[26.9161,36.9693],[26.913,36.9689],[26.9099,36.9695],[26.9068,36.9709],[26.9057,36.9708],[26.9051,36.9714],[26.904,36.9786],[26.9023,36.9818],[26.9033,36.9828],[26.9015,36.9849],[26.9026,36.986],[26.9036,36.9851],[26.9052,36.987],[26.9043,36.988],[26.9047,36.9883],[26.9057,36.9875],[26.9068,36.9884],[26.9085,36.988],[26.9087,36.9901],[26.908,36.9911],[26.9079,36.9932],[26.9068,36.9926],[26.9057,36.9931],[26.9047,36.9944],[26.9026,36.9932],[26.9016,36.994],[26.9005,36.9936],[26.9011,36.9964],[26.9005,36.9967],[26.8995,36.996],[26.8984,36.9976],[26.8974,36.9973],[26.8953,36.9979],[26.8943,36.9994]],[[26.8901,36.9975],[26.8891,36.9986],[26.8859,36.9988],[26.8839,36.9995]],[[26.4995,36.9948],[26.4974,36.9942],[26.4818,36.9941],[26.462,36.9946],[26.4609,36.9953],[26.4568,36.9963],[26.456,36.9953],[26.4568,36.9937],[26.459,36.9943],[26.4572,36.9922],[26.4573,36.9911],[26.4557,36.9891],[26.4505,36.9891],[26.4484,36.9912],[26.4474,36.9901],[26.4453,36.9901],[26.4443,36.9891],[26.4411,36.9891],[26.4401,36.9901],[26.438,36.9901],[26.437,36.9891],[26.4339,36.9891],[26.4328,36.9901],[26.4297,36.9901],[26.4245,36.9901],[26.4234,36.9891],[26.4182,36.9891],[26.4166,36.9901],[26.417,36.9911],[26.4161,36.9919],[26.4143,36.9922],[26.4135,36.9943],[26.4151,36.996],[26.4163,36.9964],[26.4151,36.9973],[26.414,36.9974],[26.4151,36.9987],[26.4176,36.9995]],[[26.3833,36.9995],[26.3891,36.9973],[26.3901,36.9975],[26.3911,36.997],[26.3922,36.9977],[26.3927,36.9974],[26.3932,36.9953],[26.3943,36.9952],[26.3944,36.9943],[26.3906,36.9911],[26.387,36.9894],[26.3839,36.9896],[26.3776,36.9916],[26.3661,36.9891],[26.3641,36.9891],[26.3609,36.9895],[26.3578,36.9913],[26.3557,36.9916],[26.3536,36.9931],[26.3526,36.9916],[26.3526,36.9922],[26.3536,36.9933],[26.3557,36.9933],[26.3568,36.9927],[26.3589,36.9946],[26.363,36.9966],[26.3745,36.9995]],[[26.0078,36.9405],[26.012,36.9388],[26.0203,36.9372],[26.026,36.9339],[26.0305,36.9286],[26.0464,36.919],[26.0589,36.9135],[26.062,36.913],[26.0661,36.9116],[26.0713,36.9089],[26.0755,36.9073],[26.0839,36.9027],[26.088,36.9016],[26.0912,36.8995],[26.0923,36.8974],[26.088,36.8925],[26.0839,36.8911],[26.0818,36.8909],[26.0807,36.8901],[26.0703,36.8905],[26.0672,36.8901],[26.0661,36.8906],[26.0641,36.8906],[26.062,36.8901],[26.0609,36.8911],[26.0589,36.8912],[26.0568,36.8932],[26.0557,36.8932],[26.0505,36.8972],[26.0495,36.8972],[26.0474,36.8958],[26.0443,36.8959],[26.0432,36.8948],[26.0411,36.8959],[26.0401,36.8959],[26.038,36.8943],[26.0266,36.8942],[26.0224,36.893],[26.0214,36.8922],[26.0198,36.8922],[26.0182,36.8911],[26.0141,36.8917],[26.012,36.8901],[26.0099,36.8906],[26.0078,36.8891],[26.0062,36.8891],[26.0026,36.887],[26.0016,36.8877]],[[26.431,36.0016],[26.4322,36.0036],[26.4349,36.0052],[26.4359,36.0053],[26.4391,36.0042],[26.4406,36.0026],[26.4412,36.0005]],[[26.2859,36.9661],[26.2786,36.9662],[26.2724,36.9681],[26.2692,36.9693],[26.2655,36.9724],[26.2658,36.9786],[26.2678,36.9839],[26.2669,36.9859],[26.2671,36.988],[26.2684,36.9901],[26.2714,36.9909],[26.2745,36.9903],[26.2755,36.9889],[26.2797,36.9877],[26.2839,36.9876],[26.2891,36.9892],[26.2901,36.989],[26.2922,36.9907],[26.2953,36.9921],[26.2995,36.9928],[26.3047,36.9944],[26.3089,36.9935],[26.3109,36.9925],[26.3124,36.9911],[26.3127,36.9901],[26.3151,36.9885],[26.3172,36.9892],[26.3193,36.9889],[26.3224,36.9904],[26.3276,36.9914],[26.3349,36.9899],[26.3359,36.9904],[26.338,36.9887],[26.3391,36.9893],[26.3395,36.9891],[26.3396,36.988],[26.337,36.9877],[26.3352,36.9859],[26.3349,36.9849],[26.3339,36.9839],[26.3324,36.9828],[26.3276,36.9814],[26.3214,36.9809],[26.3182,36.9814],[26.3176,36.9818],[26.3172,36.9837],[26.3161,36.9836],[26.313,36.9794],[26.3047,36.973],[26.2984,36.9707],[26.2932,36.9672],[26.2891,36.9662]],[[26.1766,36.893],[26.1734,36.8922],[26.1661,36.8932],[26.1589,36.8957],[26.1533,36.8995],[26.1522,36.9026],[26.1533,36.9036],[26.1528,36.9047],[26.153,36.9057],[26.1547,36.9078],[26.1559,36.9109],[26.1589,36.9151],[26.1609,36.9164],[26.163,36.9169],[26.1672,36.9172],[26.1714,36.9162],[26.1742,36.9141],[26.1783,36.9057],[26.178,36.9047],[26.179,36.9005],[26.1784,36.8953],[26.1776,36.8937]],[[26.9266,36.8754],[26.9234,36.8748],[26.9214,36.8752],[26.9193,36.8763],[26.9172,36.8785],[26.9157,36.8818],[26.9154,36.8859],[26.9159,36.8891],[26.9193,36.893],[26.9214,36.8943],[26.9224,36.894],[26.9276,36.8943],[26.9272,36.8932],[26.9276,36.892],[26.9297,36.8924],[26.9324,36.8911],[26.9319,36.8901],[26.9329,36.8859],[26.9322,36.8807],[26.9307,36.8783],[26.9286,36.8764]],[[26.3255,36.6075],[26.3255,36.608],[26.3261,36.6078]],[[26.2307,36.5223],[26.2276,36.5222],[26.2245,36.5233],[26.2222,36.5266],[26.2209,36.5328],[26.2245,36.5354],[26.2259,36.537],[26.226,36.538],[26.2224,36.5419],[26.2193,36.5428],[26.2175,36.5443],[26.2141,36.5489],[26.2131,36.5495],[26.2123,36.5526],[26.2132,36.5557],[26.2148,36.5578],[26.2165,36.5589],[26.2167,36.5599],[26.2176,36.5609],[26.217,36.562],[26.2203,36.5646],[26.2224,36.5656],[26.2276,36.5662],[26.2297,36.566],[26.2318,36.5651],[26.237,36.5595],[26.2378,36.5557],[26.2385,36.5547],[26.2385,36.5526],[26.2377,36.5505],[26.2379,36.5495],[26.237,36.5484],[26.2376,36.5464],[26.237,36.5454],[26.2358,36.5453],[26.2359,36.5439],[26.2349,36.5442],[26.2339,36.5429],[26.2328,36.5427],[26.2313,36.5401],[26.2319,36.5391],[26.2334,36.538],[26.2359,36.5382],[26.2392,36.5328],[26.2396,36.5307],[26.2392,36.5297],[26.2402,36.5276],[26.2391,36.528],[26.2378,36.5276],[26.2375,36.5266],[26.238,36.5255],[26.237,36.526],[26.2359,36.5277],[26.235,36.5245],[26.2339,36.5241],[26.2328,36.5225],[26.2318,36.5228]],[[26.1464,36.5212],[26.1443,36.5208],[26.1404,36.5214],[26.1376,36.5224],[26.1366,36.5234],[26.135,36.5266],[26.1339,36.5307],[26.1344,36.5391],[26.1324,36.5422],[26.1307,36.5425],[26.1298,36.5432],[26.1271,36.5516],[26.1264,36.5557],[26.1272,36.5578],[26.1297,36.5601],[26.1411,36.5647],[26.1474,36.5656],[26.1495,36.5654],[26.1513,36.5641],[26.1522,36.563],[26.1529,36.5599],[26.154,36.5589],[26.1539,36.5568],[26.1554,36.5505],[26.1573,36.5453],[26.1581,36.5443],[26.1582,36.5411],[26.1597,36.5339],[26.1568,36.5281],[26.1495,36.5226]],[[26.3307,36.5024],[26.3245,36.5022],[26.3172,36.5039],[26.3144,36.5057],[26.3126,36.5078],[26.312,36.5109],[26.3109,36.5099],[26.3099,36.5099],[26.3089,36.5109],[26.3089,36.512],[26.3068,36.5141],[26.3068,36.5151],[26.3057,36.5159],[26.3047,36.5159],[26.3042,36.5141],[26.3036,36.5135],[26.3016,36.5125],[26.2995,36.5126],[26.2974,36.5113],[26.2911,36.5116],[26.2891,36.5122],[26.287,36.5136],[26.2776,36.5328],[26.2736,36.538],[26.2725,36.5401],[26.2622,36.5484],[26.2567,36.5536],[26.2565,36.5547],[26.2551,36.5568],[26.2552,36.5578],[26.2556,36.5589],[26.2584,36.562],[26.2587,36.5641],[26.2571,36.5651],[26.2557,36.5648],[26.2547,36.5654],[26.2536,36.5672],[26.2505,36.5683],[26.2479,36.5714],[26.2472,36.5745],[26.2475,36.5766],[26.2464,36.5782],[26.2461,36.5807],[26.2469,36.5818],[26.2463,36.5839],[26.2472,36.5849],[26.2475,36.587],[26.2468,36.588],[26.2474,36.592],[26.2479,36.5922],[26.2482,36.5932],[26.2516,36.5952],[26.2591,36.5974],[26.2609,36.5992],[26.263,36.6025],[26.2693,36.6086],[26.2724,36.6098],[26.2776,36.6102],[26.2786,36.6095],[26.2797,36.6098],[26.2799,36.6089],[26.279,36.6068],[26.2797,36.6059],[26.2818,36.6054],[26.2974,36.6062],[26.3026,36.6058],[26.3057,36.6035],[26.3099,36.6058],[26.312,36.6057],[26.313,36.6047],[26.3141,36.6055],[26.3151,36.6047],[26.3172,36.6062],[26.3182,36.6063],[26.3193,36.6051],[26.3218,36.6047],[26.3203,36.6038],[26.3214,36.6031],[26.3286,36.604],[26.3296,36.6016],[26.3307,36.602],[26.3328,36.5998],[26.3349,36.5992],[26.3359,36.5994],[26.337,36.6005],[26.3371,36.6016],[26.3359,36.6036],[26.3339,36.6057],[26.3318,36.6059],[26.3299,36.6089],[26.3286,36.6084],[26.3273,36.6089],[26.3276,36.6109],[26.3272,36.612],[26.3255,36.6125],[26.3246,36.6141],[26.3233,36.6141],[26.3241,36.6161],[26.3286,36.6225],[26.3307,36.6238],[26.3328,36.6242],[26.3339,36.6233],[26.3359,36.6235],[26.338,36.6226],[26.3401,36.6226],[26.3411,36.6216],[26.3474,36.6208],[26.3504,36.6193],[26.3513,36.6182],[26.3516,36.6171],[26.3575,36.612],[26.3609,36.6072],[26.3669,36.6026],[26.3693,36.598],[26.3714,36.5961],[26.3724,36.5968],[26.3745,36.5957],[26.3797,36.5977],[26.3849,36.5972],[26.387,36.5978],[26.3882,36.5984],[26.3884,36.6005],[26.3875,36.6026],[26.3866,36.6068],[26.3839,36.6086],[26.3807,36.6098],[26.376,36.6172],[26.3723,36.6214],[26.3681,36.6349],[26.3688,36.638],[26.372,36.6411],[26.3749,36.6453],[26.3786,36.6478],[26.3818,36.6485],[26.3974,36.6464],[26.3984,36.6456],[26.4056,36.6432],[26.4109,36.639],[26.4144,36.637],[26.4266,36.6313],[26.4328,36.6257],[26.446,36.6172],[26.4476,36.6151],[26.4568,36.6104],[26.4686,36.5995],[26.4702,36.5964],[26.4705,36.5943],[26.4715,36.5922],[26.478,36.5818],[26.4783,36.5786],[26.4778,36.5766],[26.4734,36.5711],[26.4697,36.5703],[26.4705,36.5693],[26.4693,36.57],[26.4672,36.5684],[26.4661,36.5709],[26.4651,36.5709],[26.4609,36.5691],[26.4593,36.5672],[26.4589,36.5654],[26.4583,36.5651],[26.4591,36.563],[26.4605,36.562],[26.4629,36.5578],[26.4627,36.5568],[26.4641,36.5547],[26.4635,36.5536],[26.4641,36.553],[26.4651,36.5534],[26.4661,36.5531],[26.4672,36.554],[26.4677,36.5536],[26.4714,36.5504],[26.4745,36.5465],[26.4757,36.5464],[26.4766,36.5451],[26.4768,36.5422],[26.4776,36.5409],[26.4797,36.5391],[26.4807,36.5394],[26.4809,36.5391],[26.4818,36.5359],[26.4816,36.5328],[26.4806,36.5307],[26.4786,36.5285],[26.4755,36.5276],[26.4724,36.5255],[26.4714,36.5255],[26.4703,36.5241],[26.4693,36.5239],[26.4685,36.5245],[26.4672,36.5245],[26.4661,36.5234],[26.463,36.5234],[26.4578,36.5264],[26.4568,36.5264],[26.4575,36.5286],[26.4557,36.5312],[26.4505,36.5315],[26.4474,36.5328],[26.4464,36.5322],[26.446,36.5328],[26.4468,36.5339],[26.4467,36.5349],[26.4453,36.5367],[26.4432,36.5367],[26.4422,36.5375],[26.4391,36.538],[26.438,36.5389],[26.437,36.539],[26.4352,36.5401],[26.435,36.5422],[26.4314,36.5443],[26.4314,36.5464],[26.4299,36.5484],[26.4315,36.5536],[26.4328,36.5537],[26.4332,36.5547],[26.4345,36.5557],[26.4334,36.5568],[26.4347,36.5589],[26.4359,36.5599],[26.4354,36.562],[26.4339,36.5628],[26.4286,36.5616],[26.4256,36.5589],[26.4256,36.5578],[26.4245,36.5562],[26.4197,36.5526],[26.4198,36.5516],[26.4187,36.5505],[26.4181,36.5484],[26.4184,36.5474],[26.4172,36.5464],[26.4188,36.5443],[26.4182,36.5432],[26.4188,36.5411],[26.4183,36.5401],[26.419,36.5391],[26.4193,36.5375],[26.4197,36.538],[26.4205,36.538],[26.4202,36.537],[26.4216,36.5339],[26.4214,36.5325],[26.4193,36.5317],[26.4182,36.5308],[26.4172,36.5314],[26.4161,36.5304],[26.4141,36.5301],[26.4109,36.5313],[26.4078,36.5342],[26.4068,36.5338],[26.4057,36.5346],[26.4033,36.5349],[26.4026,36.5359],[26.4031,36.537],[26.4026,36.5375],[26.4005,36.5384],[26.3984,36.5385],[26.3974,36.5402],[26.3964,36.5405],[26.3943,36.5399],[26.3922,36.5421],[26.391,36.5422],[26.3905,36.5443],[26.3891,36.5456],[26.388,36.5453],[26.3859,36.5459],[26.3839,36.5468],[26.3828,36.5481],[26.3818,36.5474],[26.3786,36.5485],[26.3766,36.5483],[26.3745,36.5458],[26.3732,36.5453],[26.3733,36.5443],[26.3682,36.5414],[26.3661,36.541],[26.3651,36.5401],[26.362,36.5391],[26.3609,36.5393],[26.3568,36.5374],[26.3532,36.5328],[26.3547,36.5326],[26.3557,36.5315],[26.359,36.5297],[26.3609,36.5278],[26.3619,36.5255],[26.3641,36.5224],[26.3682,36.5179],[26.3707,36.5109],[26.3703,36.5068],[26.3693,36.5057],[26.3599,36.5063],[26.3526,36.5046],[26.3484,36.505],[26.3443,36.5061],[26.3422,36.506],[26.3411,36.5065],[26.3391,36.5061]],[[26.9714,36.4943],[26.9609,36.4938],[26.9581,36.4953],[26.9578,36.4974],[26.9599,36.5019],[26.9661,36.5078],[26.9672,36.5078],[26.9682,36.5088],[26.9766,36.5088],[26.9776,36.5099],[26.9828,36.5099],[26.9838,36.5089],[26.9838,36.5078],[26.982,36.5057],[26.9828,36.5047],[26.9818,36.5036],[26.9818,36.5026],[26.9798,36.5005],[26.9797,36.4995],[26.9786,36.4984]],[[26.6245,36.412],[26.6234,36.4122],[26.6161,36.4111],[26.6121,36.413],[26.6116,36.4151],[26.6104,36.4161],[26.6115,36.4182],[26.6111,36.4193],[26.6118,36.4203],[26.6118,36.4214],[26.6132,36.4234],[26.6151,36.4246],[26.6193,36.4247],[26.6224,36.4256],[26.6245,36.4255],[26.6258,36.4245],[26.6262,36.4234],[26.6276,36.4224],[26.6282,36.4182],[26.6269,36.4151]],[[26.6036,36.4094],[26.6026,36.409],[26.5953,36.4099],[26.5925,36.4109],[26.5912,36.412],[26.5906,36.4141],[26.5928,36.4193],[26.5937,36.4203],[26.5952,36.4214],[26.5974,36.4218],[26.5984,36.4224],[26.6026,36.4225],[26.6041,36.4214],[26.6052,36.4193],[26.6049,36.4182],[26.6061,36.4172],[26.606,36.4141],[26.6049,36.4109]],[[26.687,36.3203],[26.6839,36.3198],[26.6818,36.3201],[26.6786,36.3214],[26.6755,36.3235],[26.6682,36.3242],[26.6661,36.3248],[26.6641,36.3261],[26.6609,36.3301],[26.6585,36.3318],[26.6574,36.3339],[26.6565,36.3432],[26.6547,36.3471],[26.6526,36.3488],[26.649,36.3568],[26.6499,36.3609],[26.6516,36.3632],[26.6568,36.3659],[26.6578,36.3675],[26.6589,36.3681],[26.6609,36.3684],[26.662,36.368],[26.6641,36.3682],[26.6661,36.3698],[26.6703,36.3698],[26.6724,36.3683],[26.6734,36.3665],[26.6755,36.3645],[26.6786,36.3644],[26.6797,36.3635],[26.6818,36.3633],[26.6843,36.362],[26.6934,36.3516],[26.6943,36.3489],[26.6964,36.3471],[26.6995,36.3459],[26.7012,36.3443],[26.7025,36.3422],[26.702,36.3391],[26.6978,36.3307],[26.6959,36.3286],[26.696,36.3276],[26.6932,36.3235],[26.6922,36.3234]],[[26.7297,36.3138],[26.7286,36.3141],[26.7289,36.3151],[26.725,36.3161],[26.7234,36.3177],[26.723,36.3214],[26.7234,36.3234],[26.7245,36.3254],[26.7286,36.3288],[26.7297,36.3291],[26.7328,36.3282],[26.7339,36.3266],[26.7345,36.3234],[26.7342,36.3214],[26.735,36.3193],[26.7328,36.3162]],[[26.7318,36.3128],[26.7312,36.313],[26.7318,36.3132]],[[26.7547,36.2776],[26.7516,36.2769],[26.7474,36.2778],[26.7401,36.2781],[26.738,36.2788],[26.7353,36.2818],[26.7333,36.2859],[26.7334,36.2891],[26.7341,36.2901],[26.7329,36.2922],[26.7331,36.2932],[26.7318,36.2942],[26.731,36.2974],[26.7321,36.3016],[26.7318,36.3078],[26.7335,36.3099],[26.7349,36.3109],[26.7359,36.3112],[26.737,36.3102],[26.7453,36.309],[26.7474,36.3076],[26.7495,36.3047],[26.7516,36.3048],[26.7526,36.3043],[26.7547,36.3049],[26.7561,36.3047],[26.7574,36.3036],[26.762,36.302],[26.7646,36.2995],[26.7651,36.2974],[26.7641,36.295],[26.763,36.2955],[26.762,36.2945],[26.7589,36.2952],[26.7568,36.2946],[26.7557,36.295],[26.7547,36.2945],[26.7536,36.2946],[26.7526,36.2954],[26.7523,36.2943],[26.7512,36.2932],[26.7508,36.2911],[26.7526,36.2871],[26.7536,36.2868],[26.7547,36.2851],[26.7559,36.2859],[26.7561,36.2849],[26.7581,36.2828],[26.7577,36.2807],[26.7557,36.2782]],[[26.6901,36.2752],[26.6859,36.2747],[26.685,36.2766],[26.6886,36.2849],[26.6901,36.2859],[26.6922,36.286],[26.6943,36.2852],[26.6953,36.2842],[26.6958,36.2807],[26.6939,36.2776]],[[26.6443,36.247],[26.6422,36.2468],[26.6359,36.2475],[26.6318,36.2467],[26.6286,36.2467],[26.6272,36.2474],[26.6267,36.2484],[26.6272,36.2495],[26.6286,36.2502],[26.6318,36.2503],[26.6359,36.2495],[26.6432,36.2503],[26.6453,36.2495],[26.6458,36.2484]],[[26.3047,36.1609],[26.3036,36.1602],[26.3026,36.1615],[26.3025,36.163],[26.3036,36.1641],[26.3057,36.1644],[26.3063,36.1641]],[[26.4141,36.0411],[26.412,36.0405],[26.4089,36.0408],[26.4057,36.0423],[26.403,36.0464],[26.4022,36.0495],[26.4007,36.0526],[26.3995,36.0536],[26.3978,36.0568],[26.3966,36.0609],[26.3929,36.0651],[26.3911,36.0662],[26.3889,36.0693],[26.3882,36.0724],[26.3883,36.0755],[26.3871,36.0776],[26.3872,36.0807],[26.3884,36.0839],[26.3911,36.0862],[26.3943,36.0868],[26.3964,36.0867],[26.4016,36.0842],[26.4078,36.082],[26.4099,36.0807],[26.4109,36.0793],[26.4124,36.0714],[26.413,36.0703],[26.4127,36.0641],[26.4102,36.0599],[26.4102,36.0589],[26.4109,36.0572],[26.413,36.0568],[26.4144,36.0516],[26.4157,36.0443]]]}},{"type":"Feature","properties":{"depth":50,"kind":"band"},"geometry":{"type":"MultiPolygon","coordinates":[[[[26.8919,36.9974],[26.8911,36.9978],[26.8908,36.9974],[26.8911,36.9967],[26.8919,36.9974]]],[[[26.9006,36.9953],[26.9005,36.9961],[26.9001,36.9953],[26.9006,36.9953]]],[[[26.4576,36.9943],[26.4578,36.9948],[26.4595,36.9953],[26.4568,36.996],[26.4563,36.9953],[26.4564,36.9943],[26.4568,36.9939],[26.4576,36.9943]]],[[[26.9075,36.9891],[26.9068,36.9901],[26.9059,36.9891],[26.9075,36.9891]]],[[[26.9032,36.9849],[26.9026,36.9855],[26.902,36.9849],[26.9026,36.9844],[26.9032,36.9849]]],[[[26.904,36.9839],[26.9036,36.9844],[26.9033,36.9839],[26.9036,36.9835],[26.904,36.9839]]],[[[26.9031,36.9828],[26.9026,36.9833],[26.9019,36.9828],[26.9026,36.9823],[26.9031,36.9828]]],[[[26.9317,36.8755],[26.9307,36.8763],[26.9299,36.8755],[26.9307,36.8745],[26.9317,36.8755]]],[[[26.326,36.6089],[26.3255,36.6092],[26.325,36.6089],[26.326,36.6089]]],[[[26.3112,36.6068],[26.3109,36.6074],[26.3106,36.6068],[26.3112,36.6068]]],[[[26.316,36.6068],[26.3151,36.6077],[26.3141,36.6068],[26.3151,36.6063],[26.316,36.6068]]],[[[26.2447,36.5849],[26.2443,36.5856],[26.2432,36.5849],[26.2443,36.5843],[26.2447,36.5849]]],[[[26.4288,36.5578],[26.4286,36.5582],[26.4286,36.5573],[26.4288,36.5578]]],[[[26.6957,36.3255],[26.6953,36.3259],[26.6953,36.3251],[26.6957,36.3255]]],[[[26.732,36.3109],[26.7315,36.3109],[26.7318,36.3105],[26.732,36.3109]]],[[[26.3042,36.163],[26.3036,36.1637],[26.303,36.163],[26.3036,36.1625],[26.3042,36.163]]],[[[27,36.0005],[27,36.7474],[26.9995,36.7484],[26.9932,36.7466],[26.9839,36.7457],[26.9818,36.745],[26.9766,36.7401],[26.9758,36.738],[26.9758,36.7359],[26.9825,36.7318],[26.9844,36.7297],[26.9886,36.7224],[26.9887,36.7214],[26.9882,36.7193],[26.987,36.7169],[26.9859,36.7163],[26.9856,36.7151],[26.9859,36.7141],[26.9839,36.712],[26.9818,36.7121],[26.9797,36.7115],[26.9766,36.7094],[26.9733,36.7057],[26.9714,36.7016],[26.9705,36.6974],[26.9703,36.6932],[26.9712,36.6891],[26.9705,36.6839],[26.9716,36.6797],[26.9752,36.6755],[26.9755,36.6734],[26.9737,36.6682],[26.9739,36.6672],[26.9748,36.6661],[26.9734,36.6641],[26.9724,36.6636],[26.9703,36.6639],[26.9599,36.6694],[26.9568,36.6704],[26.9505,36.6706],[26.9495,36.6695],[26.9484,36.6692],[26.9476,36.6703],[26.9476,36.6724],[26.9443,36.6747],[26.938,36.6764],[26.9283,36.6818],[26.9266,36.6839],[26.9248,36.688],[26.9234,36.6897],[26.921,36.6922],[26.9161,36.6958],[26.9151,36.6961],[26.912,36.6993],[26.9078,36.7002],[26.9057,36.7014],[26.9036,36.7018],[26.9026,36.7015],[26.902,36.6995],[26.9005,36.6989],[26.9,36.6995],[26.8998,36.7016],[26.8995,36.7019],[26.8984,36.7012],[26.8977,36.7016],[26.8974,36.7038],[26.8962,36.7036],[26.8943,36.7081],[26.8929,36.713],[26.8901,36.7151],[26.8908,36.7161],[26.8891,36.7163],[26.888,36.7179],[26.8831,36.7214],[26.8818,36.7234],[26.8813,36.7266],[26.8816,36.7286],[26.8847,36.7328],[26.8866,36.7391],[26.8854,36.7443],[26.8855,36.7474],[26.8841,36.7516],[26.8834,36.7568],[26.8873,36.7641],[26.8878,36.7682],[26.8901,36.7714],[26.8911,36.7721],[26.8922,36.7719],[26.8964,36.7726],[26.9026,36.7746],[26.9056,36.7745],[26.9089,36.7771],[26.9151,36.7789],[26.9172,36.78],[26.9182,36.7787],[26.9214,36.7788],[26.9266,36.7817],[26.9318,36.7835],[26.9339,36.7859],[26.9359,36.7871],[26.9401,36.7866],[26.9408,36.787],[26.9398,36.788],[26.9411,36.7882],[26.9444,36.7922],[26.9474,36.7928],[26.9526,36.7951],[26.9557,36.7993],[26.9609,36.8024],[26.9641,36.8032],[26.9693,36.809],[26.9729,36.812],[26.976,36.813],[26.9786,36.8161],[26.9804,36.8161],[26.9818,36.8152],[26.988,36.8161],[26.9901,36.8171],[26.9901,36.8182],[26.9909,36.8193],[26.998,36.8245],[26.9985,36.8255],[27,36.8266],[27,36.9109],[26.9995,36.9118],[26.9964,36.9096],[26.988,36.9078],[26.9703,36.91],[26.9651,36.9102],[26.9599,36.9078],[26.9568,36.9046],[26.9526,36.9015],[26.9464,36.8998],[26.9432,36.8999],[26.9422,36.8992],[26.9401,36.899],[26.9384,36.9005],[26.9328,36.9023],[26.9318,36.9031],[26.9307,36.9028],[26.9276,36.9049],[26.9269,36.9057],[26.9269,36.9068],[26.9254,36.9068],[26.9258,36.9078],[26.9247,36.9089],[26.9245,36.9109],[26.9264,36.9172],[26.9297,36.9214],[26.9295,36.9245],[26.9288,36.9255],[26.9288,36.9276],[26.9278,36.9297],[26.9267,36.9318],[26.9237,36.9339],[26.9238,36.9359],[26.9214,36.94],[26.9203,36.9406],[26.9182,36.9408],[26.9172,36.9395],[26.9161,36.941],[26.9151,36.9397],[26.9141,36.9399],[26.9139,36.9411],[26.9109,36.9425],[26.9068,36.9464],[26.9055,36.9484],[26.9051,36.9505],[26.9063,36.9557],[26.9089,36.9582],[26.9141,36.9606],[26.9158,36.962],[26.9187,36.9661],[26.9203,36.9672],[26.9209,36.9682],[26.9204,36.9693],[26.9193,36.9697],[26.9151,36.968],[26.912,36.9682],[26.9086,36.9693],[26.9068,36.9705],[26.9057,36.9702],[26.9044,36.9714],[26.9032,36.9766],[26.9029,36.9807],[26.9013,36.9828],[26.9022,36.9839],[26.9014,36.9849],[26.9023,36.9859],[26.9016,36.987],[26.9026,36.9866],[26.9034,36.987],[26.9039,36.988],[26.9056,36.9891],[26.9059,36.9911],[26.9047,36.9937],[26.9026,36.9928],[26.9016,36.9936],[26.9005,36.9928],[26.8998,36.9932],[26.9,36.9943],[26.8995,36.9951],[26.8984,36.9952],[26.8976,36.9964],[26.8964,36.9966],[26.8953,36.9963],[26.8922,36.9973],[26.8911,36.9963],[26.8901,36.9969],[26.8891,36.9963],[26.888,36.998],[26.8849,36.9981],[26.8839,36.9988],[26.8809,36.9995],[26.8807,37],[26.5068,37],[26.5047,36.9993],[26.5016,36.9952],[26.5005,36.9952],[26.4995,36.9943],[26.4974,36.9938],[26.4818,36.9937],[26.4609,36.9944],[26.4589,36.9939],[26.4575,36.9922],[26.4575,36.9911],[26.4557,36.9891],[26.4505,36.9891],[26.4484,36.9911],[26.4474,36.9901],[26.4453,36.9901],[26.4443,36.9891],[26.4411,36.9891],[26.4401,36.9901],[26.438,36.9901],[26.437,36.9891],[26.4339,36.9891],[26.4328,36.9901],[26.4297,36.9901],[26.4245,36.99],[26.4234,36.9891],[26.4203,36.9891],[26.4182,36.9891],[26.4165,36.9901],[26.4168,36.9911],[26.4161,36.9917],[26.4138,36.9922],[26.4125,36.9943],[26.4124,36.9953],[26.414,36.9964],[26.413,36.9973],[26.412,36.9968],[26.4108,36.9974],[26.4161,36.9995],[26.4151,37],[26.3849,37],[26.3845,36.9995],[26.3891,36.9979],[26.3911,36.9973],[26.3922,36.9979],[26.3932,36.9976],[26.3943,36.9962],[26.3969,36.9953],[26.3953,36.995],[26.391,36.9911],[26.387,36.9891],[26.3839,36.9893],[26.3776,36.9912],[26.3651,36.9887],[26.362,36.989],[26.3589,36.9902],[26.3536,36.9911],[26.3526,36.9906],[26.3523,36.9922],[26.3536,36.9935],[26.3568,36.9944],[26.3578,36.9941],[26.3589,36.9952],[26.363,36.9971],[26.3728,36.9995],[26.3724,37],[26.0005,37],[26,36.9995],[26,36.9411],[26.0005,36.9404],[26.0078,36.941],[26.0109,36.9396],[26.0193,36.9381],[26.0222,36.937],[26.0266,36.9345],[26.0307,36.9297],[26.0464,36.9202],[26.0511,36.9182],[26.0536,36.9166],[26.0599,36.9142],[26.0651,36.9131],[26.0693,36.9108],[26.0744,36.9089],[26.0839,36.9033],[26.0891,36.9018],[26.0932,36.8984],[26.0901,36.8941],[26.088,36.8923],[26.0807,36.8901],[26.0672,36.8901],[26.0641,36.8905],[26.062,36.8901],[26.0609,36.8911],[26.0589,36.8911],[26.0565,36.8932],[26.0557,36.8932],[26.0536,36.8949],[26.0526,36.8951],[26.0516,36.8964],[26.0495,36.8966],[26.0474,36.8957],[26.0443,36.8957],[26.0432,36.8947],[26.0426,36.8953],[26.0401,36.8958],[26.038,36.8943],[26.0266,36.8939],[26.0214,36.8922],[26.02,36.8922],[26.0182,36.8911],[26.0141,36.8915],[26.012,36.8901],[26.0099,36.8905],[26.0089,36.8901],[26.0078,36.8891],[26.0063,36.8891],[26.0026,36.887],[26.0016,36.8876],[26,36.8859],[26,36.0005],[26.0005,36],[26.4297,36],[26.4304,36.0026],[26.4318,36.0047],[26.4339,36.0057],[26.4359,36.0059],[26.4394,36.0047],[26.4411,36.0029],[26.4422,36],[26.9995,36],[27,36.0005]],[[26.4109,36.9949],[26.4106,36.9953],[26.4109,36.9958],[26.4116,36.9953],[26.4109,36.9949]],[[26.4078,36.9932],[26.4067,36.9932],[26.4065,36.9943],[26.4078,36.9957],[26.4086,36.9953],[26.4078,36.9932]],[[26.3432,36.9889],[26.3429,36.9891],[26.3453,36.9916],[26.3463,36.9911],[26.347,36.9901],[26.3432,36.9889]],[[26.2901,36.9661],[26.2786,36.9658],[26.2703,36.9684],[26.2657,36.9714],[26.265,36.9724],[26.2653,36.9755],[26.2647,36.9797],[26.267,36.9828],[26.2672,36.9839],[26.2665,36.9859],[26.2667,36.988],[26.268,36.9901],[26.2693,36.9909],[26.2714,36.9912],[26.2745,36.9906],[26.2766,36.9892],[26.2786,36.9885],[26.2839,36.988],[26.288,36.9891],[26.2953,36.9926],[26.2995,36.9932],[26.3047,36.9948],[26.3078,36.9942],[26.3109,36.993],[26.313,36.9906],[26.3151,36.9896],[26.3172,36.9897],[26.3182,36.9903],[26.3203,36.99],[26.3224,36.9909],[26.3286,36.9918],[26.3349,36.9906],[26.337,36.9912],[26.3415,36.9901],[26.3415,36.988],[26.338,36.9869],[26.3318,36.9823],[26.3276,36.9812],[26.3214,36.9806],[26.3182,36.981],[26.3172,36.9807],[26.3161,36.9815],[26.313,36.9786],[26.3078,36.9752],[26.3047,36.9724],[26.2984,36.9701],[26.2932,36.9668],[26.2901,36.9661]],[[26.1766,36.892],[26.1745,36.8912],[26.1703,36.8913],[26.1641,36.8925],[26.1578,36.895],[26.1556,36.8974],[26.1536,36.8988],[26.1517,36.8995],[26.1512,36.9005],[26.1513,36.9026],[26.152,36.9036],[26.1519,36.9057],[26.1533,36.9099],[26.1566,36.9151],[26.1578,36.9164],[26.162,36.9182],[26.1672,36.9185],[26.1724,36.9172],[26.1753,36.9151],[26.1777,36.9099],[26.1788,36.9089],[26.1797,36.9068],[26.1794,36.9047],[26.1802,36.9016],[26.1798,36.8953],[26.1766,36.892]],[[26.9266,36.8734],[26.9245,36.873],[26.9214,36.8738],[26.9203,36.8735],[26.9177,36.8755],[26.9151,36.8797],[26.9144,36.8839],[26.915,36.8891],[26.916,36.8911],[26.9172,36.8923],[26.9224,36.8956],[26.9276,36.8947],[26.9286,36.8933],[26.9328,36.892],[26.9339,36.8899],[26.9347,36.8859],[26.9347,36.8828],[26.934,36.8797],[26.9328,36.8776],[26.9311,36.8766],[26.9319,36.8755],[26.9307,36.8745],[26.9297,36.8753],[26.9286,36.8742],[26.9266,36.8734]],[[26.8974,36.6984],[26.8967,36.6984],[26.8963,36.6995],[26.8974,36.7003],[26.8977,36.6995],[26.8974,36.6984]],[[26.9068,36.6968],[26.9054,36.6984],[26.9068,36.6994],[26.9074,36.6974],[26.9068,36.6968]],[[26.4234,36.5336],[26.4229,36.5339],[26.4234,36.5341],[26.4234,36.5336]],[[26.4547,36.5282],[26.4544,36.5286],[26.4547,36.5292],[26.4554,36.5286],[26.4547,36.5282]],[[26.2328,36.5218],[26.2276,36.5215],[26.2245,36.5221],[26.2234,36.5228],[26.2209,36.5266],[26.2192,36.5307],[26.2198,36.5318],[26.2191,36.5328],[26.2208,36.5349],[26.224,36.5359],[26.2241,36.537],[26.2224,36.5392],[26.2195,36.5401],[26.2175,36.5422],[26.2156,36.5432],[26.2112,36.5484],[26.2099,36.5516],[26.211,36.5557],[26.2154,36.5589],[26.2158,36.5599],[26.215,36.5609],[26.2161,36.5613],[26.2182,36.5646],[26.2203,36.5658],[26.2276,36.567],[26.2318,36.5663],[26.2339,36.5646],[26.2375,36.5599],[26.2383,36.5568],[26.2392,36.5557],[26.2392,36.5526],[26.2386,36.5516],[26.2391,36.5505],[26.2387,36.5495],[26.2392,36.5484],[26.2384,36.5464],[26.2368,36.5443],[26.2367,36.5422],[26.2357,36.5411],[26.2356,36.5401],[26.237,36.5398],[26.2377,36.5391],[26.237,36.5379],[26.238,36.5376],[26.2391,36.5382],[26.2385,36.537],[26.2391,36.5353],[26.2401,36.5365],[26.2405,36.5359],[26.2406,36.5297],[26.2418,36.5276],[26.2411,36.5263],[26.2401,36.5257],[26.2391,36.5261],[26.2395,36.5245],[26.2391,36.5242],[26.2378,36.5245],[26.2373,36.5234],[26.2359,36.5228],[26.2349,36.5235],[26.2328,36.5218]],[[26.1464,36.52],[26.1432,36.5197],[26.138,36.5206],[26.1354,36.5224],[26.1324,36.5297],[26.1328,36.537],[26.1321,36.5411],[26.1318,36.5416],[26.1307,36.5412],[26.1297,36.5418],[26.1279,36.5443],[26.1274,36.5464],[26.1276,36.5474],[26.1263,36.5505],[26.1252,36.5557],[26.1258,36.5578],[26.1287,36.5609],[26.1359,36.5643],[26.1443,36.5665],[26.1495,36.5658],[26.1516,36.5645],[26.1533,36.562],[26.1536,36.5599],[26.1547,36.5589],[26.1542,36.5578],[26.1558,36.5557],[26.1557,36.5526],[26.1566,36.5495],[26.1587,36.5464],[26.1584,36.5453],[26.1589,36.5443],[26.1587,36.5422],[26.1595,36.5411],[26.1605,36.5359],[26.16,36.5328],[26.1557,36.526],[26.1495,36.5214],[26.1464,36.52]],[[26.3318,36.5022],[26.3286,36.5016],[26.3255,36.5016],[26.3182,36.5028],[26.3161,36.5036],[26.3137,36.5057],[26.3112,36.5099],[26.3099,36.5099],[26.3089,36.5109],[26.3089,36.512],[26.3068,36.5141],[26.3068,36.5151],[26.3047,36.5154],[26.3043,36.5141],[26.3036,36.5134],[26.3016,36.5124],[26.2995,36.5121],[26.2974,36.5108],[26.2901,36.5109],[26.2878,36.512],[26.2866,36.513],[26.2839,36.5172],[26.2812,36.5234],[26.2786,36.5281],[26.2728,36.537],[26.269,36.5411],[26.258,36.5505],[26.2536,36.5553],[26.2542,36.5578],[26.2559,36.5599],[26.2558,36.5609],[26.2547,36.5619],[26.2536,36.5619],[26.2516,36.5639],[26.2505,36.5642],[26.2484,36.5675],[26.2463,36.5693],[26.2454,36.5724],[26.2454,36.5755],[26.2438,36.5766],[26.2429,36.5797],[26.2429,36.5818],[26.2439,36.5839],[26.2432,36.5849],[26.2443,36.588],[26.244,36.5891],[26.2452,36.5911],[26.245,36.5922],[26.2484,36.5943],[26.2495,36.5964],[26.2516,36.5968],[26.2526,36.5965],[26.2557,36.5982],[26.2575,36.5984],[26.2588,36.5995],[26.2591,36.6005],[26.2644,36.6047],[26.2672,36.6078],[26.2693,36.6093],[26.2734,36.611],[26.2766,36.6107],[26.2776,36.6112],[26.2786,36.6104],[26.2797,36.6105],[26.2804,36.6089],[26.28,36.6078],[26.2807,36.6069],[26.2818,36.6066],[26.2849,36.6073],[26.2911,36.6072],[26.2984,36.608],[26.3005,36.6077],[26.3016,36.6081],[26.3026,36.6073],[26.3036,36.6074],[26.3057,36.6066],[26.3099,36.6072],[26.3109,36.6079],[26.3141,36.6068],[26.3151,36.6078],[26.3161,36.6068],[26.3172,36.6067],[26.3193,36.608],[26.3203,36.6073],[26.3223,36.6078],[26.322,36.6089],[26.3224,36.6094],[26.3247,36.6109],[26.3224,36.6117],[26.3214,36.6107],[26.3209,36.6109],[26.3216,36.612],[26.3233,36.613],[26.3217,36.6141],[26.3249,36.6224],[26.3263,36.6245],[26.3276,36.6254],[26.3297,36.6263],[26.3318,36.6264],[26.3349,36.6248],[26.337,36.6247],[26.3391,36.6239],[26.3411,36.624],[26.3422,36.623],[26.3484,36.6221],[26.3495,36.6208],[26.3516,36.6204],[26.3526,36.6181],[26.3588,36.612],[26.3621,36.6078],[26.3672,36.6036],[26.3692,36.6005],[26.3724,36.598],[26.3766,36.5975],[26.3776,36.5979],[26.3786,36.5998],[26.3797,36.6002],[26.3809,36.5984],[26.387,36.5982],[26.388,36.6005],[26.3867,36.6026],[26.3864,36.6057],[26.3844,36.6078],[26.3818,36.6085],[26.3801,36.6099],[26.3747,36.6182],[26.372,36.6214],[26.371,36.6234],[26.3704,36.6266],[26.3677,36.6349],[26.3684,36.638],[26.3735,36.6443],[26.3766,36.6471],[26.3807,36.6489],[26.3964,36.6471],[26.4068,36.6434],[26.4092,36.6411],[26.4151,36.6375],[26.4266,36.6322],[26.4288,36.6307],[26.4328,36.6268],[26.4464,36.6179],[26.4484,36.6157],[26.4568,36.6115],[26.4609,36.6081],[26.463,36.6056],[26.4678,36.6016],[26.4694,36.5995],[26.4723,36.5922],[26.4739,36.5901],[26.4783,36.5818],[26.4783,36.5776],[26.4766,36.5745],[26.4734,36.5706],[26.4724,36.57],[26.4703,36.5703],[26.4711,36.5693],[26.4703,36.5689],[26.4693,36.5697],[26.4676,36.5682],[26.4672,36.5673],[26.4661,36.567],[26.4664,36.5693],[26.4657,36.5703],[26.4651,36.5706],[26.4641,36.5693],[26.4626,36.5693],[26.4613,36.5672],[26.4614,36.5651],[26.4608,36.5641],[26.4629,36.562],[26.4622,36.5609],[26.463,36.5605],[26.4641,36.561],[26.4653,36.5557],[26.4672,36.5546],[26.4689,36.5547],[26.4733,36.5505],[26.4745,36.5482],[26.4776,36.5466],[26.4774,36.5443],[26.4778,36.5422],[26.4796,36.5401],[26.4807,36.5402],[26.4818,36.5413],[26.4829,36.5401],[26.4818,36.5408],[26.4811,36.5401],[26.4828,36.5359],[26.4815,36.5318],[26.4786,36.5284],[26.4716,36.5255],[26.4703,36.5239],[26.4693,36.5236],[26.4682,36.5245],[26.4672,36.5245],[26.4661,36.5232],[26.463,36.5232],[26.4609,36.5241],[26.4599,36.525],[26.4568,36.5261],[26.4564,36.5266],[26.4571,36.5286],[26.4548,36.5307],[26.4464,36.5316],[26.4456,36.5328],[26.4463,36.5339],[26.4448,36.5359],[26.4422,36.5358],[26.438,36.5369],[26.4359,36.5394],[26.4349,36.5384],[26.4344,36.5391],[26.4342,36.5411],[26.4328,36.5426],[26.4307,36.5432],[26.4307,36.5446],[26.429,36.5474],[26.429,36.5495],[26.4303,36.5526],[26.4325,36.5547],[26.4297,36.5572],[26.4269,36.5557],[26.4263,36.5547],[26.4245,36.5537],[26.4241,36.5526],[26.4208,36.5484],[26.4198,36.5453],[26.4205,36.5443],[26.4196,36.5391],[26.4226,36.5359],[26.4221,36.5328],[26.4203,36.5307],[26.4193,36.5307],[26.4182,36.53],[26.4172,36.5303],[26.4161,36.5296],[26.4141,36.5295],[26.4109,36.5308],[26.4099,36.5302],[26.4068,36.5327],[26.4026,36.5341],[26.4017,36.5349],[26.4016,36.536],[26.4005,36.5362],[26.3995,36.5373],[26.3984,36.5377],[26.3974,36.5374],[26.3964,36.5392],[26.3943,36.5392],[26.3911,36.5369],[26.3933,36.5401],[26.3919,36.5411],[26.3859,36.5419],[26.3839,36.5441],[26.3818,36.5447],[26.3786,36.5432],[26.3776,36.5447],[26.3773,36.5432],[26.3703,36.5402],[26.3693,36.5412],[26.3661,36.5387],[26.3578,36.537],[26.3555,36.5339],[26.3558,36.5328],[26.3568,36.5318],[26.3578,36.5316],[26.3599,36.5301],[26.362,36.5279],[26.364,36.5234],[26.3661,36.5215],[26.3691,36.5172],[26.3706,36.512],[26.371,36.5089],[26.3703,36.5068],[26.3693,36.5057],[26.3599,36.5059],[26.3547,36.5044],[26.3516,36.5042],[26.3484,36.5045],[26.3443,36.5058],[26.3411,36.5055],[26.3391,36.5053],[26.3318,36.5022]],[[26.9714,36.4942],[26.9609,36.4936],[26.9576,36.4953],[26.9572,36.4964],[26.9599,36.5022],[26.9661,36.5078],[26.9672,36.5078],[26.9682,36.5088],[26.9766,36.5088],[26.9776,36.5099],[26.9828,36.5099],[26.9838,36.5089],[26.9838,36.5078],[26.9821,36.5057],[26.9828,36.5047],[26.9818,36.5036],[26.9818,36.5026],[26.9799,36.5005],[26.9797,36.4995],[26.9786,36.4984],[26.9714,36.4942]],[[26.6193,36.4098],[26.6151,36.4096],[26.6109,36.4116],[26.6099,36.413],[26.6093,36.4151],[26.6092,36.4161],[26.6101,36.4172],[26.6097,36.4182],[26.6128,36.4234],[26.6143,36.4245],[26.6203,36.425],[26.6224,36.4257],[26.6245,36.4255],[26.6279,36.4224],[26.6286,36.4182],[26.6275,36.4151],[26.6279,36.413],[26.6272,36.4109],[26.6266,36.4104],[26.6224,36.4107],[26.6193,36.4098]],[[26.6036,36.4077],[26.6005,36.4073],[26.5901,36.4099],[26.5893,36.4109],[26.589,36.413],[26.5898,36.4151],[26.5911,36.4164],[26.5934,36.4203],[26.5949,36.4214],[26.5984,36.4225],[26.6026,36.4226],[26.6057,36.4204],[26.6055,36.4182],[26.6071,36.4172],[26.6071,36.4141],[26.6061,36.4109],[26.6036,36.4077]],[[26.6859,36.3192],[26.6817,36.3193],[26.6786,36.3205],[26.6755,36.3225],[26.6661,36.3239],[26.663,36.326],[26.6609,36.329],[26.6578,36.3317],[26.6567,36.3349],[26.6562,36.3391],[26.6556,36.3401],[26.6562,36.3411],[26.6548,36.3453],[26.652,36.3484],[26.6513,36.3505],[26.6485,36.3547],[26.6478,36.3568],[26.6479,36.3589],[26.6488,36.362],[26.6503,36.3641],[26.6526,36.366],[26.6557,36.3673],[26.6589,36.3696],[26.6609,36.37],[26.662,36.3694],[26.6641,36.3699],[26.6651,36.371],[26.6672,36.3716],[26.6703,36.3712],[26.673,36.3693],[26.6755,36.3665],[26.6755,36.3651],[26.6766,36.365],[26.6776,36.3659],[26.6786,36.3656],[26.6797,36.3638],[26.6807,36.364],[26.6849,36.362],[26.6938,36.3516],[26.6944,36.3495],[26.6964,36.3476],[26.6995,36.3463],[26.7017,36.3443],[26.7031,36.3422],[26.7027,36.3391],[26.6985,36.3307],[26.6969,36.3286],[26.6969,36.3276],[26.6959,36.3266],[26.6965,36.3255],[26.6953,36.3241],[26.6943,36.3247],[26.6932,36.3227],[26.689,36.3203],[26.6859,36.3192]],[[26.7536,36.2765],[26.7391,36.2777],[26.7361,36.2797],[26.733,36.2839],[26.732,36.287],[26.7327,36.2901],[26.7314,36.2911],[26.7315,36.2922],[26.7298,36.2964],[26.7308,36.3036],[26.7298,36.3068],[26.7302,36.3099],[26.7295,36.3109],[26.73,36.312],[26.7297,36.3127],[26.7286,36.3125],[26.7281,36.313],[26.7281,36.3141],[26.7266,36.3155],[26.7234,36.3154],[26.7224,36.3193],[26.7229,36.3234],[26.724,36.3255],[26.7286,36.3291],[26.7307,36.3293],[26.7328,36.3285],[26.7346,36.3245],[26.7345,36.3214],[26.7351,36.3193],[26.7337,36.3161],[26.7337,36.3141],[26.7321,36.312],[26.7328,36.3113],[26.7359,36.3117],[26.738,36.3106],[26.7453,36.3094],[26.7465,36.3089],[26.7505,36.3052],[26.7568,36.3047],[26.762,36.3022],[26.7648,36.2995],[26.7652,36.2964],[26.7641,36.2943],[26.763,36.2946],[26.762,36.2938],[26.7578,36.2942],[26.7536,36.2933],[26.7518,36.2911],[26.7528,36.288],[26.7563,36.2859],[26.7591,36.2828],[26.7578,36.2797],[26.756,36.2776],[26.7536,36.2765]],[[26.688,36.2733],[26.6859,36.2727],[26.6839,36.273],[26.6834,36.2755],[26.6883,36.2859],[26.6901,36.2868],[26.6922,36.2868],[26.6953,36.286],[26.6965,36.2849],[26.6969,36.2828],[26.697,36.2818],[26.6956,36.2786],[26.6922,36.2754],[26.688,36.2733]],[[26.6443,36.2461],[26.6359,36.2465],[26.6286,36.2461],[26.6266,36.2472],[26.6261,36.2484],[26.6266,36.2497],[26.6286,36.2509],[26.6359,36.2506],[26.6443,36.2511],[26.6464,36.2502],[26.6472,36.2495],[26.6474,36.2484],[26.6467,36.2474],[26.6443,36.2461]],[[26.3036,36.1599],[26.3026,36.161],[26.3024,36.163],[26.3036,36.1642],[26.3057,36.1646],[26.3066,36.1641],[26.3051,36.1609],[26.3036,36.1599]],[[26.413,36.0399],[26.4089,36.0403],[26.4068,36.041],[26.4047,36.0421],[26.4027,36.0443],[26.4009,36.0484],[26.4001,36.0516],[26.3989,36.0526],[26.3969,36.0557],[26.3953,36.0606],[26.3911,36.065],[26.3901,36.0653],[26.388,36.0685],[26.3872,36.0724],[26.3873,36.0745],[26.3862,36.0776],[26.3866,36.0807],[26.3886,36.0849],[26.3911,36.0868],[26.3953,36.0876],[26.3984,36.0869],[26.4005,36.0857],[26.4089,36.0827],[26.4114,36.0807],[26.4124,36.0786],[26.4124,36.0766],[26.4137,36.0693],[26.4133,36.0641],[26.4109,36.0589],[26.4112,36.0578],[26.4139,36.0568],[26.414,36.0536],[26.4149,36.0516],[26.4162,36.0443],[26.4149,36.0411],[26.413,36.0399]]]]}},{"type":"Feature","properties":{"depth":50,"kind":"isobath"},"geometry":{"type":"MultiLineString","coordinates":[[[26.8919,36.9974],[26.8911,36.9978],[26.8908,36.9974],[26.8911,36.9967]],[[26.9006,36.9953],[26.9005,36.9961],[26.9001,36.9953]],[[26.4576,36.9943],[26.4578,36.9948],[26.4595,36.9953],[26.4568,36.996],[26.4563,36.9953],[26.4564,36.9943],[26.4568,36.9939]],[[26.9075,36.9891],[26.9068,36.9901],[26.9059,36.9891]],[[26.9032,36.9849],[26.9026,36.9855],[26.902,36.9849],[26.9026,36.9844]],[[26.904,36.9839],[26.9036,36.9844],[26.9033,36.9839],[26.9036,36.9835]],[[26.9031,36.9828],[26.9026,36.9833],[26.9019,36.9828],[26.9026,36.9823]],[[26.9317,36.8755],[26.9307,36.8763],[26.9299,36.8755],[26.9307,36.8745]],[[26.326,36.6089],[26.3255,36.6092],[26.325,36.6089]],[[26.3112,36.6068],[26.3109,36.6074],[26.3106,36.6068]],[[26.316,36.6068],[26.3151,36.6077],[26.3141,36.6068],[26.3151,36.6063]],[[26.2447,36.5849],[26.2443,36.5856],[26.2432,36.5849],[26.2443,36.5843]],[[26.4288,36.5578],[26.4286,36.5582],[26.4286,36.5573]],[[26.6957,36.3255],[26.6953,36.3259],[26.6953,36.3251]],[[26.732,36.3109],[26.7315,36.3109],[26.7318,36.3105]],[[26.3042,36.163],[26.3036,36.1637],[26.303,36.163],[26.3036,36.1625]],[[26.9995,36.7484],[26.9932,36.7466],[26.9839,36.7457],[26.9818,36.745],[26.9766,36.7401],[26.9758,36.738],[26.9758,36.7359],[26.9825,36.7318],[26.9844,36.7297],[26.9886,36.7224],[26.9887,36.7214],[26.9882,36.7193],[26.987,36.7169],[26.9859,36.7163],[26.9856,36.7151],[26.9859,36.7141],[26.9839,36.712],[26.9818,36.7121],[26.9797,36.7115],[26.9766,36.7094],[26.9733,36.7057],[26.9714,36.7016],[26.9705,36.6974],[26.9703,36.6932],[26.9712,36.6891],[26.9705,36.6839],[26.9716,36.6797],[26.9752,36.6755],[26.9755,36.6734],[26.9737,36.6682],[26.9739,36.6672],[26.9748,36.6661],[26.9734,36.6641],[26.9724,36.6636],[26.9703,36.6639],[26.9599,36.6694],[26.9568,36.6704],[26.9505,36.6706],[26.9495,36.6695],[26.9484,36.6692],[26.9476,36.6703],[26.9476,36.6724],[26.9443,36.6747],[26.938,36.6764],[26.9283,36.6818],[26.9266,36.6839],[26.9248,36.688],[26.9234,36.6897],[26.921,36.6922],[26.9161,36.6958],[26.9151,36.6961],[26.912,36.6993],[26.9078,36.7002],[26.9057,36.7014],[26.9036,36.7018],[26.9026,36.7015],[26.902,36.6995],[26.9005,36.6989],[26.9,36.6995],[26.8998,36.7016],[26.8995,36.7019],[26.8984,36.7012],[26.8977,36.7016],[26.8974,36.7038],[26.8962,36.7036],[26.8943,36.7081],[26.8929,36.713],[26.8901,36.7151],[26.8908,36.7161],[26.8891,36.7163],[26.888,36.7179],[26.8831,36.7214],[26.8818,36.7234],[26.8813,36.7266],[26.8816,36.7286],[26.8847,36.7328],[26.8866,36.7391],[26.8854,36.7443],[26.8855,36.7474],[26.8841,36.7516],[26.8834,36.7568],[26.8873,36.7641],[26.8878,36.7682],[26.8901,36.7714],[26.8911,36.7721],[26.8922,36.7719],[26.8964,36.7726],[26.9026,36.7746],[26.9056,36.7745],[26.9089,36.7771],[26.9151,36.7789],[26.9172,36.78],[26.9182,36.7787],[26.9214,36.7788],[26.9266,36.7817],[26.9318,36.7835],[26.9339,36.7859],[26.9359,36.7871],[26.9401,36.7866],[26.9408,36.787],[26.9398,36.788],[26.9411,36.7882],[26.9444,36.7922],[26.9474,36.7928],[26.9526,36.7951],[26.9557,36.7993],[26.9609,36.8024],[26.9641,36.8032],[26.9693,36.809],[26.9729,36.812],[26.976,36.813],[26.9786,36.8161],[26.9804,36.8161],[26.9818,36.8152],[26.988,36.8161],[26.9901,36.8171],[26.9901,36.8182],[26.9909,36.8193],[26.998,36.8245],[26.9985,36.8255]],[[26.9995,36.9118],[26.9964,36.9096],[26.988,36.9078],[26.9703,36.91],[26.9651,36.9102],[26.9599,36.9078],[26.9568,36.9046],[26.9526,36.9015],[26.9464,36.8998],[26.9432,36.8999],[26.9422,36.8992],[26.9401,36.899],[26.9384,36.9005],[26.9328,36.9023],[26.9318,36.9031],[26.9307,36.9028],[26.9276,36.9049],[26.9269,36.9057],[26.9269,36.9068],[26.9254,36.9068],[26.9258,36.9078],[26.9247,36.9089],[26.9245,36.9109],[26.9264,36.9172],[26.9297,36.9214],[26.9295,36.9245],[26.9288,36.9255],[26.9288,36.9276],[26.9278,36.9297],[26.9267,36.9318],[26.9237,36.9339],[26.9238,36.9359],[26.9214,36.94],[26.9203,36.9406],[26.9182,36.9408],[26.9172,36.9395],[26.9161,36.941],[26.9151,36.9397],[26.9141,36.9399],[26.9139,36.9411],[26.9109,36.9425],[26.9068,36.9464],[26.9055,36.9484],[26.9051,36.9505],[26.9063,36.9557],[26.9089,36.9582],[26.9141,36.9606],[26.9158,36.962],[26.9187,36.9661],[26.9203,36.9672],[26.9209,36.9682],[26.9204,36.9693],[26.9193,36.9697],[26.9151,36.968],[26.912,36.9682],[26.9086,36.9693],[26.9068,36.9705],[26.9057,36.9702],[26.9044,36.9714],[26.9032,36.9766],[26.9029,36.9807],[26.9013,36.9828],[26.9022,36.9839],[26.9014,36.9849],[26.9023,36.9859],[26.9016,36.987],[26.9026,36.9866],[26.9034,36.987],[26.9039,36.988],[26.9056,36.9891],[26.9059,36.9911],[26.9047,36.9937],[26.9026,36.9928],[26.9016,36.9936],[26.9005,36.9928],[26.8998,36.9932],[26.9,36.9943],[26.8995,36.9951],[26.8984,36.9952],[26.8976,36.9964],[26.8964,36.9966],[26.8953,36.9963],[26.8922,36.9973],[26.8911,36.9963],[26.8901,36.9969],[26.8891,36.9963],[26.888,36.998],[26.8849,36.9981],[26.8839,36.9988],[26.8809,36.9995]],[[26.5047,36.9993],[26.5016,36.9952],[26.5005,36.9952],[26.4995,36.9943],[26.4974,36.9938],[26.4818,36.9937],[26.4609,36.9944],[26.4589,36.9939],[26.4575,36.9922],[26.4575,36.9911],[26.4557,36.9891],[26.4505,36.9891],[26.4484,36.9911],[26.4474,36.9901],[26.4453,36.9901],[26.4443,36.9891],[26.4411,36.9891],[26.4401,36.9901],[26.438,36.9901],[26.437,36.9891],[26.4339,36.9891],[26.4328,36.9901],[26.4297,36.9901],[26.4245,36.99],[26.4234,36.9891],[26.4203,36.9891],[26.4182,36.9891],[26.4165,36.9901],[26.4168,36.9911],[26.4161,36.9917],[26.4138,36.9922],[26.4125,36.9943],[26.4124,36.9953],[26.414,36.9964],[26.413,36.9973],[26.412,36.9968],[26.4108,36.9974],[26.4161,36.9995]],[[26.3845,36.9995],[26.3891,36.9979],[26.3911,36.9973],[26.3922,36.9979],[26.3932,36.9976],[26.3943,36.9962],[26.3969,36.9953],[26.3953,36.995],[26.391,36.9911],[26.387,36.9891],[26.3839,36.9893],[26.3776,36.9912],[26.3651,36.9887],[26.362,36.989],[26.3589,36.9902],[26.3536,36.9911],[26.3526,36.9906],[26.3523,36.9922],[26.3536,36.9935],[26.3568,36.9944],[26.3578,36.9941],[26.3589,36.9952],[26.363,36.9971],[26.3728,36.9995]],[[26.0005,36.9404],[26.0078,36.941],[26.0109,36.9396],[26.0193,36.9381],[26.0222,36.937],[26.0266,36.9345],[26.0307,36.9297],[26.0464,36.9202],[26.0511,36.9182],[26.0536,36.9166],[26.0599,36.9142],[26.0651,36.9131],[26.0693,36.9108],[26.0744,36.9089],[26.0839,36.9033],[26.0891,36.9018],[26.0932,36.8984],[26.0901,36.8941],[26.088,36.8923],[26.0807,36.8901],[26.0672,36.8901],[26.0641,36.8905],[26.062,36.8901],[26.0609,36.8911],[26.0589,36.8911],[26.0565,36.8932],[26.0557,36.8932],[26.0536,36.8949],[26.0526,36.8951],[26.0516,36.8964],[26.0495,36.8966],[26.0474,36.8957],[26.0443,36.8957],[26.0432,36.8947],[26.0426,36.8953],[26.0401,36.8958],[26.038,36.8943],[26.0266,36.8939],[26.0214,36.8922],[26.02,36.8922],[26.0182,36.8911],[26.0141,36.8915],[26.012,36.8901],[26.0099,36.8905],[26.0089,36.8901],[26.0078,36.8891],[26.0063,36.8891],[26.0026,36.887],[26.0016,36.8876]],[[26.4304,36.0026],[26.4318,36.0047],[26.4339,36.0057],[26.4359,36.0059],[26.4394,36.0047],[26.4411,36.0029]],[[26.4109,36.9949],[26.4106,36.9953],[26.4109,36.9958],[26.4116,36.9953]],[[26.4078,36.9932],[26.4067,36.9932],[26.4065,36.9943],[26.4078,36.9957],[26.4086,36.9953]],[[26.3432,36.9889],[26.3429,36.9891],[26.3453,36.9916],[26.3463,36.9911],[26.347,36.9901]],[[26.2901,36.9661],[26.2786,36.9658],[26.2703,36.9684],[26.2657,36.9714],[26.265,36.9724],[26.2653,36.9755],[26.2647,36.9797],[26.267,36.9828],[26.2672,36.9839],[26.2665,36.9859],[26.2667,36.988],[26.268,36.9901],[26.2693,36.9909],[26.2714,36.9912],[26.2745,36.9906],[26.2766,36.9892],[26.2786,36.9885],[26.2839,36.988],[26.288,36.9891],[26.2953,36.9926],[26.2995,36.9932],[26.3047,36.9948],[26.3078,36.9942],[26.3109,36.993],[26.313,36.9906],[26.3151,36.9896],[26.3172,36.9897],[26.3182,36.9903],[26.3203,36.99],[26.3224,36.9909],[26.3286,36.9918],[26.3349,36.9906],[26.337,36.9912],[26.3415,36.9901],[26.3415,36.988],[26.338,36.9869],[26.3318,36.9823],[26.3276,36.9812],[26.3214,36.9806],[26.3182,36.981],[26.3172,36.9807],[26.3161,36.9815],[26.313,36.9786],[26.3078,36.9752],[26.3047,36.9724],[26.2984,36.9701],[26.2932,36.9668]],[[26.1766,36.892],[26.1745,36.8912],[26.1703,36.8913],[26.1641,36.8925],[26.1578,36.895],[26.1556,36.8974],[26.1536,36.8988],[26.1517,36.8995],[26.1512,36.9005],[26.1513,36.9026],[26.152,36.9036],[26.1519,36.9057],[26.1533,36.9099],[26.1566,36.9151],[26.1578,36.9164],[26.162,36.9182],[26.1672,36.9185],[26.1724,36.9172],[26.1753,36.9151],[26.1777,36.9099],[26.1788,36.9089],[26.1797,36.9068],[26.1794,36.9047],[26.1802,36.9016],[26.1798,36.8953]],[[26.9266,36.8734],[26.9245,36.873],[26.9214,36.8738],[26.9203,36.8735],[26.9177,36.8755],[26.9151,36.8797],[26.9144,36.8839],[26.915,36.8891],[26.916,36.8911],[26.9172,36.8923],[26.9224,36.8956],[26.9276,36.8947],[26.9286,36.8933],[26.9328,36.892],[26.9339,36.8899],[26.9347,36.8859],[26.9347,36.8828],[26.934,36.8797],[26.9328,36.8776],[26.9311,36.8766],[26.9319,36.8755],[26.9307,36.8745],[26.9297,36.8753],[26.9286,36.8742]],[[26.8974,36.6984],[26.8967,36.6984],[26.8963,36.6995],[26.8974,36.7003],[26.8977,36.6995]],[[26.9068,36.6968],[26.9054,36.6984],[26.9068,36.6994],[26.9074,36.6974]],[[26.4234,36.5336],[26.4229,36.5339],[26.4234,36.5341]],[[26.4547,36.5282],[26.4544,36.5286],[26.4547,36.5292],[26.4554,36.5286]],[[26.2328,36.5218],[26.2276,36.5215],[26.2245,36.5221],[26.2234,36.5228],[26.2209,36.5266],[26.2192,36.5307],[26.2198,36.5318],[26.2191,36.5328],[26.2208,36.5349],[26.224,36.5359],[26.2241,36.537],[26.2224,36.5392],[26.2195,36.5401],[26.2175,36.5422],[26.2156,36.5432],[26.2112,36.5484],[26.2099,36.5516],[26.211,36.5557],[26.2154,36.5589],[26.2158,36.5599],[26.215,36.5609],[26.2161,36.5613],[26.2182,36.5646],[26.2203,36.5658],[26.2276,36.567],[26.2318,36.5663],[26.2339,36.5646],[26.2375,36.5599],[26.2383,36.5568],[26.2392,36.5557],[26.2392,36.5526],[26.2386,36.5516],[26.2391,36.5505],[26.2387,36.5495],[26.2392,36.5484],[26.2384,36.5464],[26.2368,36.5443],[26.2367,36.5422],[26.2357,36.5411],[26.2356,36.5401],[26.237,36.5398],[26.2377,36.5391],[26.237,36.5379],[26.238,36.5376],[26.2391,36.5382],[26.2385,36.537],[26.2391,36.5353],[26.2401,36.5365],[26.2405,36.5359],[26.2406,36.5297],[26.2418,36.5276],[26.2411,36.5263],[26.2401,36.5257],[26.2391,36.5261],[26.2395,36.5245],[26.2391,36.5242],[26.2378,36.5245],[26.2373,36.5234],[26.2359,36.5228],[26.2349,36.5235]],[[26.1464,36.52],[26.1432,36.5197],[26.138,36.5206],[26.1354,36.5224],[26.1324,36.5297],[26.1328,36.537],[26.1321,36.5411],[26.1318,36.5416],[26.1307,36.5412],[26.1297,36.5418],[26.1279,36.5443],[26.1274,36.5464],[26.1276,36.5474],[26.1263,36.5505],[26.1252,36.5557],[26.1258,36.5578],[26.1287,36.5609],[26.1359,36.5643],[26.1443,36.5665],[26.1495,36.5658],[26.1516,36.5645],[26.1533,36.562],[26.1536,36.5599],[26.1547,36.5589],[26.1542,36.5578],[26.1558,36.5557],[26.1557,36.5526],[26.1566,36.5495],[26.1587,36.5464],[26.1584,36.5453],[26.1589,36.5443],[26.1587,36.5422],[26.1595,36.5411],[26.1605,36.5359],[26.16,36.5328],[26.1557,36.526],[26.1495,36.5214]],[[26.3318,36.5022],[26.3286,36.5016],[26.3255,36.5016],[26.3182,36.5028],[26.3161,36.5036],[26.3137,36.5057],[26.3112,36.5099],[26.3099,36.5099],[26.3089,36.5109],[26.3089,36.512],[26.3068,36.5141],[26.3068,36.5151],[26.3047,36.5154],[26.3043,36.5141],[26.3036,36.5134],[26.3016,36.5124],[26.2995,36.5121],[26.2974,36.5108],[26.2901,36.5109],[26.2878,36.512],[26.2866,36.513],[26.2839,36.5172],[26.2812,36.5234],[26.2786,36.5281],[26.2728,36.537],[26.269,36.5411],[26.258,36.5505],[26.2536,36.5553],[26.2542,36.5578],[26.2559,36.5599],[26.2558,36.5609],[26.2547,36.5619],[26.2536,36.5619],[26.2516,36.5639],[26.2505,36.5642],[26.2484,36.5675],[26.2463,36.5693],[26.2454,36.5724],[26.2454,36.5755],[26.2438,36.5766],[26.2429,36.5797],[26.2429,36.5818],[26.2439,36.5839],[26.2432,36.5849],[26.2443,36.588],[26.244,36.5891],[26.2452,36.5911],[26.245,36.5922],[26.2484,36.5943],[26.2495,36.5964],[26.2516,36.5968],[26.2526,36.5965],[26.2557,36.5982],[26.2575,36.5984],[26.2588,36.5995],[26.2591,36.6005],[26.2644,36.6047],[26.2672,36.6078],[26.2693,36.6093],[26.2734,36.611],[26.2766,36.6107],[26.2776,36.6112],[26.2786,36.6104],[26.2797,36.6105],[26.2804,36.6089],[26.28,36.6078],[26.2807,36.6069],[26.2818,36.6066],[26.2849,36.6073],[26.2911,36.6072],[26.2984,36.608],[26.3005,36.6077],[26.3016,36.6081],[26.3026,36.6073],[26.3036,36.6074],[26.3057,36.6066],[26.3099,36.6072],[26.3109,36.6079],[26.3141,36.6068],[26.3151,36.6078],[26.3161,36.6068],[26.3172,36.6067],[26.3193,36.608],[26.3203,36.6073],[26.3223,36.6078],[26.322,36.6089],[26.3224,36.6094],[26.3247,36.6109],[26.3224,36.6117],[26.3214,36.6107],[26.3209,36.6109],[26.3216,36.612],[26.3233,36.613],[26.3217,36.6141],[26.3249,36.6224],[26.3263,36.6245],[26.3276,36.6254],[26.3297,36.6263],[26.3318,36.6264],[26.3349,36.6248],[26.337,36.6247],[26.3391,36.6239],[26.3411,36.624],[26.3422,36.623],[26.3484,36.6221],[26.3495,36.6208],[26.3516,36.6204],[26.3526,36.6181],[26.3588,36.612],[26.3621,36.6078],[26.3672,36.6036],[26.3692,36.6005],[26.3724,36.598],[26.3766,36.5975],[26.3776,36.5979],[26.3786,36.5998],[26.3797,36.6002],[26.3809,36.5984],[26.387,36.5982],[26.388,36.6005],[26.3867,36.6026],[26.3864,36.6057],[26.3844,36.6078],[26.3818,36.6085],[26.3801,36.6099],[26.3747,36.6182],[26.372,36.6214],[26.371,36.6234],[26.3704,36.6266],[26.3677,36.6349],[26.3684,36.638],[26.3735,36.6443],[26.3766,36.6471],[26.3807,36.6489],[26.3964,36.6471],[26.4068,36.6434],[26.4092,36.6411],[26.4151,36.6375],[26.4266,36.6322],[26.4288,36.6307],[26.4328,36.6268],[26.4464,36.6179],[26.4484,36.6157],[26.4568,36.6115],[26.4609,36.6081],[26.463,36.6056],[26.4678,36.6016],[26.4694,36.5995],[26.4723,36.5922],[26.4739,36.5901],[26.4783,36.5818],[26.4783,36.5776],[26.4766,36.5745],[26.4734,36.5706],[26.4724,36.57],[26.4703,36.5703],[26.4711,36.5693],[26.4703,36.5689],[26.4693,36.5697],[26.4676,36.5682],[26.4672,36.5673],[26.4661,36.567],[26.4664,36.5693],[26.4657,36.5703],[26.4651,36.5706],[26.4641,36.5693],[26.4626,36.5693],[26.4613,36.5672],[26.4614,36.5651],[26.4608,36.5641],[26.4629,36.562],[26.4622,36.5609],[26.463,36.5605],[26.4641,36.561],[26.4653,36.5557],[26.4672,36.5546],[26.4689,36.5547],[26.4733,36.5505],[26.4745,36.5482],[26.4776,36.5466],[26.4774,36.5443],[26.4778,36.5422],[26.4796,36.5401],[26.4807,36.5402],[26.4818,36.5413],[26.4829,36.5401],[26.4818,36.5408],[26.4811,36.5401],[26.4828,36.5359],[26.4815,36.5318],[26.4786,36.5284],[26.4716,36.5255],[26.4703,36.5239],[26.4693,36.5236],[26.4682,36.5245],[26.4672,36.5245],[26.4661,36.5232],[26.463,36.5232],[26.4609,36.5241],[26.4599,36.525],[26.4568,36.5261],[26.4564,36.5266],[26.4571,36.5286],[26.4548,36.5307],[26.4464,36.5316],[26.4456,36.5328],[26.4463,36.5339],[26.4448,36.5359],[26.4422,36.5358],[26.438,36.5369],[26.4359,36.5394],[26.4349,36.5384],[26.4344,36.5391],[26.4342,36.5411],[26.4328,36.5426],[26.4307,36.5432],[26.4307,36.5446],[26.429,36.5474],[26.429,36.5495],[26.4303,36.5526],[26.4325,36.5547],[26.4297,36.5572],[26.4269,36.5557],[26.4263,36.5547],[26.4245,36.5537],[26.4241,36.5526],[26.4208,36.5484],[26.4198,36.5453],[26.4205,36.5443],[26.4196,36.5391],[26.4226,36.5359],[26.4221,36.5328],[26.4203,36.5307],[26.4193,36.5307],[26.4182,36.53],[26.4172,36.5303],[26.4161,36.5296],[26.4141,36.5295],[26.4109,36.5308],[26.4099,36.5302],[26.4068,36.5327],[26.4026,36.5341],[26.4017,36.5349],[26.4016,36.536],[26.4005,36.5362],[26.3995,36.5373],[26.3984,36.5377],[26.3974,36.5374],[26.3964,36.5392],[26.3943,36.5392],[26.3911,36.5369],[26.3933,36.5401],[26.3919,36.5411],[26.3859,36.5419],[26.3839,36.5441],[26.3818,36.5447],[26.3786,36.5432],[26.3776,36.5447],[26.3773,36.5432],[26.3703,36.5402],[26.3693,36.5412],[26.3661,36.5387],[26.3578,36.537],[26.3555,36.5339],[26.3558,36.5328],[26.3568,36.5318],[26.3578,36.5316],[26.3599,36.5301],[26.362,36.5279],[26.364,36.5234],[26.3661,36.5215],[26.3691,36.5172],[26.3706,36.512],[26.371,36.5089],[26.3703,36.5068],[26.3693,36.5057],[26.3599,36.5059],[26.3547,36.5044],[26.3516,36.5042],[26.3484,36.5045],[26.3443,36.5058],[26.3411,36.5055],[26.3391,36.5053]],[[26.9714,36.4942],[26.9609,36.4936],[26.9576,36.4953],[26.9572,36.4964],[26.9599,36.5022],[26.9661,36.5078],[26.9672,36.5078],[26.9682,36.5088],[26.9766,36.5088],[26.9776,36.5099],[26.9828,36.5099],[26.9838,36.5089],[26.9838,36.5078],[26.9821,36.5057],[26.9828,36.5047],[26.9818,36.5036],[26.9818,36.5026],[26.9799,36.5005],[26.9797,36.4995],[26.9786,36.4984]],[[26.6193,36.4098],[26.6151,36.4096],[26.6109,36.4116],[26.6099,36.413],[26.6093,36.4151],[26.6092,36.4161],[26.6101,36.4172],[26.6097,36.4182],[26.6128,36.4234],[26.6143,36.4245],[26.6203,36.425],[26.6224,36.4257],[26.6245,36.4255],[26.6279,36.4224],[26.6286,36.4182],[26.6275,36.4151],[26.6279,36.413],[26.6272,36.4109],[26.6266,36.4104],[26.6224,36.4107]],[[26.6036,36.4077],[26.6005,36.4073],[26.5901,36.4099],[26.5893,36.4109],[26.589,36.413],[26.5898,36.4151],[26.5911,36.4164],[26.5934,36.4203],[26.5949,36.4214],[26.5984,36.4225],[26.6026,36.4226],[26.6057,36.4204],[26.6055,36.4182],[26.6071,36.4172],[26.6071,36.4141],[26.6061,36.4109]],[[26.6859,36.3192],[26.6817,36.3193],[26.6786,36.3205],[26.6755,36.3225],[26.6661,36.3239],[26.663,36.326],[26.6609,36.329],[26.6578,36.3317],[26.6567,36.3349],[26.6562,36.3391],[26.6556,36.3401],[26.6562,36.3411],[26.6548,36.3453],[26.652,36.3484],[26.6513,36.3505],[26.6485,36.3547],[26.6478,36.3568],[26.6479,36.3589],[26.6488,36.362],[26.6503,36.3641],[26.6526,36.366],[26.6557,36.3673],[26.6589,36.3696],[26.6609,36.37],[26.662,36.3694],[26.6641,36.3699],[26.6651,36.371],[26.6672,36.3716],[26.6703,36.3712],[26.673,36.3693],[26.6755,36.3665],[26.6755,36.3651],[26.6766,36.365],[26.6776,36.3659],[26.6786,36.3656],[26.6797,36.3638],[26.6807,36.364],[26.6849,36.362],[26.6938,36.3516],[26.6944,36.3495],[26.6964,36.3476],[26.6995,36.3463],[26.7017,36.3443],[26.7031,36.3422],[26.7027,36.3391],[26.6985,36.3307],[26.6969,36.3286],[26.6969,36.3276],[26.6959,36.3266],[26.6965,36.3255],[26.6953,36.3241],[26.6943,36.3247],[26.6932,36.3227],[26.689,36.3203]],[[26.7536,36.2765],[26.7391,36.2777],[26.7361,36.2797],[26.733,36.2839],[26.732,36.287],[26.7327,36.2901],[26.7314,36.2911],[26.7315,36.2922],[26.7298,36.2964],[26.7308,36.3036],[26.7298,36.3068],[26.7302,36.3099],[26.7295,36.3109],[26.73,36.312],[26.7297,36.3127],[26.7286,36.3125],[26.7281,36.313],[26.7281,36.3141],[26.7266,36.3155],[26.7234,36.3154],[26.7224,36.3193],[26.7229,36.3234],[26.724,36.3255],[26.7286,36.3291],[26.7307,36.3293],[26.7328,36.3285],[26.7346,36.3245],[26.7345,36.3214],[26.7351,36.3193],[26.7337,36.3161],[26.7337,36.3141],[26.7321,36.312],[26.7328,36.3113],[26.7359,36.3117],[26.738,36.3106],[26.7453,36.3094],[26.7465,36.3089],[26.7505,36.3052],[26.7568,36.3047],[26.762,36.3022],[26.7648,36.2995],[26.7652,36.2964],[26.7641,36.2943],[26.763,36.2946],[26.762,36.2938],[26.7578,36.2942],[26.7536,36.2933],[26.7518,36.2911],[26.7528,36.288],[26.7563,36.2859],[26.7591,36.2828],[26.7578,36.2797],[26.756,36.2776]],[[26.688,36.2733],[26.6859,36.2727],[26.6839,36.273],[26.6834,36.2755],[26.6883,36.2859],[26.6901,36.2868],[26.6922,36.2868],[26.6953,36.286],[26.6965,36.2849],[26.6969,36.2828],[26.697,36.2818],[26.6956,36.2786],[26.6922,36.2754]],[[26.6443,36.2461],[26.6359,36.2465],[26.6286,36.2461],[26.6266,36.2472],[26.6261,36.2484],[26.6266,36.2497],[26.6286,36.2509],[26.6359,36.2506],[26.6443,36.2511],[26.6464,36.2502],[26.6472,36.2495],[26.6474,36.2484],[26.6467,36.2474]],[[26.3036,36.1599],[26.3026,36.161],[26.3024,36.163],[26.3036,36.1642],[26.3057,36.1646],[26.3066,36.1641],[26.3051,36.1609]],[[26.413,36.0399],[26.4089,36.0403],[26.4068,36.041],[26.4047,36.0421],[26.4027,36.0443],[26.4009,36.0484],[26.4001,36.0516],[26.3989,36.0526],[26.3969,36.0557],[26.3953,36.0606],[26.3911,36.065],[26.3901,36.0653],[26.388,36.0685],[26.3872,36.0724],[26.3873,36.0745],[26.3862,36.0776],[26.3866,36.0807],[26.3886,36.0849],[26.3911,36.0868],[26.3953,36.0876],[26.3984,36.0869],[26.4005,36.0857],[26.4089,36.0827],[26.4114,36.0807],[26.4124,36.0786],[26.4124,36.0766],[26.4137,36.0693],[26.4133,36.0641],[26.4109,36.0589],[26.4112,36.0578],[26.4139,36.0568],[26.414,36.0536],[26.4149,36.0516],[26.4162,36.0443],[26.4149,36.0411]]]}},{"type":"Feature","properties":{"depth":75,"kind":"band"},"geometry":{"type":"MultiPolygon","coordinates":[[[[26.4037,36.9974],[26.4057,36.9975],[26.4064,36.9984],[26.4078,36.9991],[26.4089,36.9982],[26.4113,36.9995],[26.4109,37],[26.3901,37],[26.3892,36.9995],[26.3932,36.9989],[26.3995,36.9969],[26.4016,36.9967],[26.4037,36.9974]]],[[[26.3546,36.9943],[26.3536,36.9951],[26.3528,36.9943],[26.3536,36.994],[26.3546,36.9943]]],[[[26.3531,36.9932],[26.3526,36.9942],[26.3519,36.9932],[26.3526,36.9928],[26.3531,36.9932]]],[[[26.9022,36.988],[26.9016,36.9885],[26.9013,36.988],[26.9022,36.988]]],[[[26.3419,36.987],[26.3408,36.987],[26.3411,36.9861],[26.3419,36.987]]],[[[26.8991,36.987],[26.8984,36.9878],[26.8975,36.987],[26.8984,36.986],[26.8991,36.987]]],[[[26.901,36.987],[26.9005,36.9875],[26.9,36.987],[26.9005,36.9865],[26.901,36.987]]],[[[26.9001,36.9859],[26.8995,36.9866],[26.8985,36.9859],[26.8995,36.9852],[26.9001,36.9859]]],[[[26.9018,36.9859],[26.9016,36.9862],[26.9012,36.9859],[26.9018,36.9859]]],[[[26.901,36.9849],[26.9005,36.9854],[26.8999,36.9849],[26.9005,36.9843],[26.901,36.9849]]],[[[26.9379,36.8755],[26.937,36.8761],[26.9364,36.8755],[26.937,36.8747],[26.9379,36.8755]]],[[[26.9322,36.8745],[26.9315,36.8745],[26.9318,36.8742],[26.9322,36.8745]]],[[[26.9344,36.8724],[26.9339,36.8727],[26.9335,36.8724],[26.9339,36.8714],[26.9344,36.8724]]],[[[26.9246,36.8682],[26.9229,36.8682],[26.9234,36.8676],[26.9246,36.8682]]],[[[26.8883,36.7068],[26.888,36.7073],[26.888,36.706],[26.8883,36.7068]]],[[[26.8894,36.7057],[26.8891,36.7062],[26.8882,36.7057],[26.8891,36.7051],[26.8894,36.7057]]],[[[26.9187,36.6891],[26.9182,36.6896],[26.9175,36.6891],[26.9182,36.6881],[26.9187,36.6891]]],[[[26.9195,36.6766],[26.9191,36.6766],[26.9193,36.6759],[26.9195,36.6766]]],[[[26.3143,36.6141],[26.3141,36.6147],[26.3133,36.6141],[26.3141,36.6137],[26.3143,36.6141]]],[[[26.4697,36.5661],[26.4693,36.5667],[26.4688,36.5661],[26.4693,36.5654],[26.4697,36.5661]]],[[[26.2431,36.5557],[26.2429,36.5568],[26.2432,36.5577],[26.2443,36.5574],[26.2446,36.5589],[26.2432,36.5598],[26.2431,36.5589],[26.2422,36.5581],[26.2411,36.5585],[26.2406,36.5568],[26.2411,36.5556],[26.2422,36.5549],[26.2431,36.5557]]],[[[26.2428,36.5411],[26.2422,36.5417],[26.2416,36.5411],[26.2422,36.5406],[26.2428,36.5411]]],[[[26.4831,36.5411],[26.4828,36.5418],[26.4826,36.5411],[26.4831,36.5411]]],[[[26.4426,36.5339],[26.4422,36.5342],[26.4416,36.5339],[26.4422,36.5332],[26.4426,36.5339]]],[[[26.2361,36.5214],[26.2357,36.5214],[26.2359,36.5205],[26.2361,36.5214]]],[[[26.7353,36.3141],[26.7349,36.3152],[26.7349,36.3136],[26.7353,36.3141]]],[[[26.7554,36.2891],[26.7578,36.292],[26.7586,36.2922],[26.7578,36.2926],[26.7557,36.2921],[26.7543,36.2911],[26.7538,36.2901],[26.754,36.2891],[26.7547,36.2885],[26.7554,36.2891]]],[[[26.7559,36.288],[26.7557,36.2886],[26.7553,36.288],[26.7557,36.2871],[26.7559,36.288]]],[[[27,36.0005],[27,36.7464],[26.9995,36.7469],[26.9964,36.7465],[26.9932,36.7452],[26.9922,36.7441],[26.9891,36.7441],[26.9844,36.7432],[26.9818,36.7418],[26.9792,36.7391],[26.9786,36.7349],[26.9818,36.7341],[26.9849,36.7315],[26.9887,36.7245],[26.9901,36.7234],[26.9906,36.7214],[26.9905,36.7203],[26.9891,36.7182],[26.987,36.7153],[26.9859,36.7152],[26.9859,36.7141],[26.9839,36.712],[26.9797,36.7106],[26.9766,36.7075],[26.9734,36.7035],[26.9714,36.6984],[26.9712,36.6922],[26.9721,36.6891],[26.9714,36.6823],[26.9724,36.6797],[26.9757,36.6755],[26.9758,36.6714],[26.9749,36.6672],[26.9766,36.6646],[26.9799,36.663],[26.98,36.662],[26.9795,36.6609],[26.9776,36.6595],[26.9766,36.6596],[26.9755,36.6589],[26.9745,36.6592],[26.9693,36.659],[26.9661,36.6604],[26.9648,36.663],[26.9589,36.668],[26.9547,36.6688],[26.9516,36.6674],[26.9505,36.6676],[26.9462,36.6693],[26.9401,36.673],[26.9349,36.675],[26.9318,36.6758],[26.9276,36.6753],[26.9255,36.6761],[26.9234,36.6759],[26.9214,36.6765],[26.9193,36.6755],[26.9172,36.6755],[26.9172,36.6769],[26.9197,36.6786],[26.9199,36.6797],[26.9188,36.6818],[26.9194,36.6828],[26.9179,36.6859],[26.9141,36.6899],[26.9109,36.6913],[26.9065,36.6953],[26.9047,36.6962],[26.9036,36.6961],[26.9026,36.6967],[26.9019,36.6964],[26.9016,36.6954],[26.8984,36.6953],[26.8953,36.6959],[26.8922,36.6976],[26.8857,36.6984],[26.8859,36.699],[26.887,36.6988],[26.8891,36.6997],[26.8901,36.6988],[26.8919,36.6995],[26.892,36.7005],[26.8911,36.7022],[26.8901,36.7023],[26.8889,36.7016],[26.8901,36.7036],[26.888,36.7057],[26.8871,36.7036],[26.8873,36.7026],[26.8859,36.7012],[26.8839,36.7005],[26.8828,36.6983],[26.8797,36.6975],[26.8755,36.6991],[26.8743,36.7005],[26.8717,36.7078],[26.8714,36.7099],[26.8684,36.7141],[26.8671,36.7151],[26.8674,36.7161],[26.8665,36.7182],[26.8678,36.7193],[26.8661,36.7206],[26.865,36.7203],[26.863,36.7222],[26.8599,36.7239],[26.8536,36.7259],[26.8526,36.7261],[26.8516,36.7256],[26.8487,36.7286],[26.848,36.7307],[26.849,36.7359],[26.848,36.7443],[26.8494,36.7484],[26.8506,36.7505],[26.8576,36.7578],[26.8599,36.762],[26.8682,36.7672],[26.8745,36.7704],[26.8849,36.7786],[26.8901,36.7813],[26.8938,36.7839],[26.8953,36.7845],[26.8964,36.7841],[26.8998,36.7859],[26.9005,36.787],[26.9016,36.7871],[26.9036,36.7892],[26.9109,36.794],[26.9161,36.798],[26.9297,36.8043],[26.9328,36.8048],[26.9339,36.8045],[26.938,36.8054],[26.9426,36.8078],[26.9484,36.813],[26.9542,36.8203],[26.9609,36.8254],[26.963,36.8279],[26.9645,36.8286],[26.9672,36.8327],[26.967,36.8339],[26.9712,36.8411],[26.9699,36.8422],[26.9695,36.8432],[26.9711,36.8443],[26.9707,36.8453],[26.972,36.8474],[26.9718,36.8495],[26.9755,36.8516],[26.9765,36.863],[26.9762,36.8641],[26.9772,36.8714],[26.9771,36.8807],[26.9758,36.8859],[26.9753,36.8943],[26.9718,36.9026],[26.9705,36.9036],[26.9693,36.9039],[26.9651,36.9038],[26.9578,36.8974],[26.9536,36.8957],[26.9453,36.8948],[26.9411,36.8956],[26.9401,36.8953],[26.9378,36.8964],[26.9368,36.8974],[26.9339,36.8984],[26.9318,36.9001],[26.9259,36.9026],[26.9254,36.9036],[26.9255,36.9057],[26.9245,36.9063],[26.9223,36.9089],[26.9223,36.9109],[26.9235,36.9161],[26.9264,36.9234],[26.9266,36.9245],[26.9254,36.9266],[26.9254,36.9286],[26.924,36.9307],[26.9224,36.9307],[26.9218,36.9339],[26.9193,36.9373],[26.9172,36.9378],[26.9161,36.9367],[26.9152,36.937],[26.9151,36.9384],[26.9141,36.9374],[26.9067,36.9432],[26.904,36.9464],[26.9032,36.9495],[26.9036,36.955],[26.9047,36.9557],[26.9057,36.9582],[26.9069,36.9589],[26.9065,36.9599],[26.9068,36.9602],[26.9078,36.9597],[26.9125,36.962],[26.9142,36.963],[26.9152,36.9651],[26.913,36.9665],[26.9089,36.9674],[26.9057,36.9694],[26.9047,36.9689],[26.9027,36.9714],[26.9018,36.9734],[26.901,36.9786],[26.8992,36.9797],[26.9,36.9807],[26.8995,36.9819],[26.9005,36.9821],[26.9007,36.9828],[26.8973,36.987],[26.8984,36.9883],[26.8995,36.9876],[26.9016,36.9895],[26.9036,36.9901],[26.9026,36.9911],[26.9005,36.9916],[26.8995,36.9912],[26.897,36.9932],[26.8953,36.9931],[26.8943,36.9944],[26.8932,36.994],[26.8922,36.9947],[26.8901,36.9936],[26.8891,36.9955],[26.888,36.9942],[26.887,36.996],[26.8844,36.9964],[26.8797,36.9981],[26.8777,36.9995],[26.8776,37],[26.5078,37],[26.5045,36.9974],[26.5047,36.9962],[26.5057,36.9967],[26.5059,36.9964],[26.5055,36.9953],[26.5036,36.9951],[26.5016,36.9937],[26.4995,36.9932],[26.4891,36.9925],[26.4797,36.9927],[26.4734,36.9934],[26.4599,36.9931],[26.4589,36.9927],[26.4582,36.9911],[26.4557,36.9891],[26.4505,36.9891],[26.4484,36.9911],[26.4474,36.9901],[26.4453,36.99],[26.4443,36.9891],[26.4411,36.9891],[26.4401,36.9901],[26.438,36.9901],[26.437,36.9891],[26.4339,36.9891],[26.4328,36.9901],[26.4297,36.9901],[26.4245,36.9898],[26.4234,36.9891],[26.4182,36.9891],[26.4161,36.9901],[26.4161,36.9913],[26.4141,36.9914],[26.4109,36.9929],[26.4099,36.9923],[26.4097,36.9932],[26.4089,36.9941],[26.4068,36.9918],[26.4036,36.9905],[26.4018,36.9911],[26.4005,36.9931],[26.3964,36.9947],[26.3943,36.9938],[26.3891,36.9895],[26.3859,36.9884],[26.3807,36.9896],[26.3766,36.9898],[26.3651,36.9879],[26.362,36.9883],[26.3589,36.9896],[26.3568,36.9897],[26.3526,36.9888],[26.3516,36.9895],[26.3474,36.9868],[26.3453,36.9867],[26.3443,36.9875],[26.3432,36.9874],[26.3411,36.9859],[26.337,36.9848],[26.3341,36.9828],[26.3307,36.9814],[26.3245,36.9801],[26.3151,36.9792],[26.3036,36.9704],[26.2974,36.9682],[26.2932,36.9658],[26.2901,36.9651],[26.2818,36.9646],[26.2766,36.9651],[26.2698,36.9672],[26.2637,36.9714],[26.263,36.9734],[26.2638,36.9755],[26.2637,36.9776],[26.263,36.9782],[26.262,36.9774],[26.2611,36.9776],[26.2623,36.9797],[26.2642,36.9807],[26.2654,36.9839],[26.265,36.987],[26.266,36.9891],[26.2693,36.9917],[26.2714,36.992],[26.2745,36.9915],[26.2755,36.9917],[26.2776,36.9901],[26.2797,36.9894],[26.2828,36.9893],[26.288,36.9906],[26.2943,36.9936],[26.3047,36.9961],[26.312,36.9943],[26.3138,36.9922],[26.3161,36.991],[26.3234,36.9926],[26.3318,36.9931],[26.3349,36.9924],[26.3401,36.9933],[26.3411,36.993],[26.3453,36.9944],[26.3495,36.9931],[26.3536,36.9955],[26.3622,36.9984],[26.3671,36.9995],[26.3661,37],[26.0005,37],[26,36.9995],[26,36.9422],[26.0078,36.9424],[26.012,36.9407],[26.0203,36.9396],[26.0224,36.9388],[26.0276,36.9363],[26.0318,36.9317],[26.0474,36.9226],[26.0578,36.9175],[26.0651,36.9155],[26.0693,36.9131],[26.0755,36.9105],[26.0797,36.9074],[26.085,36.9047],[26.088,36.9044],[26.0901,36.9037],[26.0945,36.9005],[26.0947,36.8995],[26.0922,36.8953],[26.0924,36.8932],[26.0914,36.8922],[26.0859,36.8905],[26.0797,36.8901],[26.0776,36.8876],[26.0734,36.8886],[26.0682,36.889],[26.0654,36.8901],[26.062,36.8901],[26.0609,36.8911],[26.0589,36.8911],[26.0578,36.8922],[26.0516,36.895],[26.0443,36.8954],[26.0432,36.8943],[26.0423,36.8953],[26.0401,36.8955],[26.0391,36.8945],[26.038,36.8943],[26.0315,36.8943],[26.0307,36.8936],[26.0268,36.8932],[26.0255,36.8923],[26.0211,36.8922],[26.0193,36.8912],[26.0141,36.8912],[26.013,36.8902],[26.0099,36.8902],[26.0078,36.8891],[26.0065,36.8891],[26.0026,36.887],[26.0016,36.8873],[26,36.8859],[26,36.0005],[26.0005,36],[26.4276,36],[26.4283,36.0036],[26.4297,36.0056],[26.4318,36.0071],[26.4359,36.0078],[26.4391,36.007],[26.441,36.0057],[26.4432,36.0031],[26.4443,36],[26.9995,36],[27,36.0005]],[[26.1745,36.8887],[26.1693,36.8882],[26.1641,36.8891],[26.1609,36.8903],[26.1593,36.8901],[26.1557,36.8927],[26.1526,36.8974],[26.1516,36.8969],[26.1499,36.8984],[26.1494,36.9016],[26.15,36.9047],[26.1506,36.9057],[26.1495,36.9063],[26.1482,36.9078],[26.1482,36.9099],[26.1516,36.9155],[26.1547,36.919],[26.1589,36.9211],[26.162,36.9218],[26.1682,36.9217],[26.1745,36.9196],[26.1781,36.9172],[26.1797,36.915],[26.1814,36.9109],[26.1815,36.9089],[26.1837,36.9016],[26.1836,36.8995],[26.1824,36.8964],[26.1775,36.8922],[26.1768,36.8911],[26.1776,36.8902],[26.1786,36.8912],[26.1792,36.8901],[26.1776,36.89],[26.1766,36.8909],[26.1745,36.8887]],[[26.1776,36.8876],[26.1772,36.888],[26.1776,36.8887],[26.1781,36.888],[26.1776,36.8876]],[[26.9245,36.8671],[26.9234,36.867],[26.9224,36.8681],[26.9203,36.8685],[26.9193,36.8704],[26.9182,36.8696],[26.9151,36.8729],[26.913,36.8764],[26.9124,36.8786],[26.9117,36.8818],[26.9121,36.8849],[26.9117,36.8859],[26.9138,36.8922],[26.9151,36.8945],[26.9172,36.8961],[26.9193,36.8956],[26.9203,36.8963],[26.9214,36.8964],[26.9234,36.898],[26.9255,36.8981],[26.9272,36.8974],[26.9276,36.8962],[26.9297,36.8957],[26.9307,36.8949],[26.9339,36.8947],[26.9359,36.8936],[26.9352,36.8911],[26.9385,36.8891],[26.9393,36.888],[26.9399,36.8849],[26.9391,36.8786],[26.9376,36.8766],[26.9382,36.8755],[26.937,36.874],[26.9359,36.8748],[26.9355,36.8745],[26.9353,36.8734],[26.9357,36.8724],[26.9339,36.8712],[26.9325,36.8714],[26.9288,36.8682],[26.9255,36.8677],[26.9245,36.8671]],[[26.2391,36.7233],[26.2369,36.7234],[26.238,36.7238],[26.2391,36.7249],[26.2395,36.7234],[26.2391,36.7233]],[[26.1474,36.5172],[26.1443,36.5168],[26.1359,36.5177],[26.1339,36.5183],[26.1323,36.5203],[26.1293,36.5255],[26.1284,36.5286],[26.1292,36.537],[26.1256,36.5432],[26.1255,36.5453],[26.1247,36.5464],[26.1221,36.5557],[26.1223,36.5578],[26.1231,36.5599],[26.1244,36.5609],[26.1245,36.562],[26.1286,36.5642],[26.1359,36.5667],[26.137,36.5675],[26.1411,36.5683],[26.1422,36.568],[26.1443,36.5685],[26.1495,36.5674],[26.1538,36.5641],[26.1545,36.563],[26.1547,36.5617],[26.1561,36.5599],[26.156,36.5589],[26.1576,36.5568],[26.1585,36.5526],[26.1599,36.5505],[26.1612,36.5474],[26.1609,36.5464],[26.1623,36.5443],[26.1627,36.5422],[26.164,36.5401],[26.1627,36.538],[26.162,36.5349],[26.1622,36.5339],[26.1607,36.5318],[26.1609,36.5307],[26.1593,36.5297],[26.1593,36.5286],[26.1578,36.5277],[26.1578,36.5266],[26.1564,36.5234],[26.1547,36.5215],[26.1517,36.5193],[26.1474,36.5172]],[[26.3307,36.5005],[26.323,36.5005],[26.3172,36.5015],[26.3141,36.5028],[26.3117,36.5068],[26.3111,36.5089],[26.3089,36.5109],[26.3089,36.512],[26.3068,36.5136],[26.3047,36.5138],[26.3036,36.5131],[26.3025,36.513],[26.3005,36.5111],[26.2984,36.5103],[26.2964,36.5088],[26.2943,36.5086],[26.2922,36.5095],[26.2901,36.5089],[26.2863,36.5109],[26.2835,36.5141],[26.2721,36.5328],[26.259,36.5453],[26.2588,36.5464],[26.2578,36.5474],[26.2545,36.5495],[26.2505,36.5541],[26.2495,36.5545],[26.2484,36.5541],[26.2474,36.5547],[26.2464,36.5565],[26.2453,36.5555],[26.2443,36.5553],[26.2432,36.5557],[26.2411,36.5536],[26.2419,36.5505],[26.243,36.5495],[26.2425,36.5474],[26.2434,36.5464],[26.243,36.5453],[26.2416,36.5443],[26.243,36.5432],[26.2426,36.5422],[26.2441,36.5411],[26.2436,36.5391],[26.2442,36.538],[26.2421,36.5359],[26.2418,36.5328],[26.2446,36.5328],[26.243,36.5307],[26.2436,36.5297],[26.2421,36.5255],[26.2427,36.5234],[26.2419,36.5224],[26.2422,36.5214],[26.2403,36.5203],[26.237,36.5196],[26.2349,36.5201],[26.2339,36.5192],[26.2245,36.5199],[26.2234,36.5196],[26.2224,36.52],[26.2193,36.524],[26.217,36.5286],[26.2169,36.5307],[26.2157,36.5318],[26.2156,36.5328],[26.2173,36.5349],[26.2161,36.5351],[26.215,36.537],[26.2134,36.538],[26.2078,36.5437],[26.2078,36.5453],[26.2064,36.5474],[26.2064,36.5526],[26.2074,36.5536],[26.2074,36.5547],[26.213,36.5624],[26.2151,36.5647],[26.2183,36.5672],[26.2193,36.5677],[26.2224,36.5677],[26.2245,36.5685],[26.2276,36.5688],[26.2306,36.5703],[26.2307,36.5714],[26.2319,36.5703],[26.2322,36.5693],[26.2328,36.5688],[26.2333,36.5693],[26.2354,36.5724],[26.235,36.5734],[26.2357,36.5745],[26.2359,36.5807],[26.2365,36.5839],[26.2384,36.5859],[26.2394,36.588],[26.2376,36.588],[26.237,36.5874],[26.2364,36.588],[26.2401,36.5911],[26.2452,36.5984],[26.2472,36.6005],[26.2473,36.6016],[26.2484,36.6029],[26.2497,36.6026],[26.2497,36.6005],[26.2505,36.5996],[26.2516,36.5995],[26.2557,36.6015],[26.2589,36.6047],[26.2599,36.6046],[26.2609,36.6058],[26.262,36.6055],[26.2625,36.6068],[26.2641,36.6075],[26.2651,36.6089],[26.2675,36.6099],[26.2703,36.6123],[26.2766,36.6139],[26.2786,36.6136],[26.2797,36.6127],[26.2807,36.6131],[26.2818,36.612],[26.2849,36.6111],[26.287,36.6109],[26.2911,36.611],[26.2995,36.6124],[26.3047,36.6126],[26.3057,36.6123],[26.3099,36.6134],[26.3109,36.6126],[26.3155,36.6161],[26.3156,36.6182],[26.3167,36.6214],[26.3172,36.6245],[26.3191,36.6276],[26.3217,36.6297],[26.3234,36.6302],[26.3256,36.6318],[26.3276,36.6322],[26.3318,36.632],[26.337,36.6279],[26.3401,36.6278],[26.3411,36.6272],[26.3432,36.6276],[26.3453,36.6273],[26.3474,36.6261],[26.3505,36.6253],[26.352,36.6234],[26.3537,36.6224],[26.3581,36.6161],[26.362,36.6124],[26.3635,36.6099],[26.3672,36.607],[26.3693,36.6062],[26.3703,36.6047],[26.3714,36.6044],[26.3766,36.6058],[26.3773,36.6068],[26.3771,36.6078],[26.3787,36.6089],[26.378,36.6109],[26.3758,36.6141],[26.3756,36.6151],[26.3695,36.6245],[26.3668,36.6328],[26.3664,36.637],[26.368,36.6401],[26.3743,36.6474],[26.3776,36.6493],[26.3807,36.6501],[26.3953,36.6485],[26.4016,36.6467],[26.4047,36.6463],[26.4078,36.6448],[26.4151,36.6399],[26.4214,36.6367],[26.4255,36.6351],[26.4307,36.6319],[26.4328,36.6294],[26.4443,36.6222],[26.4464,36.6203],[26.4474,36.62],[26.4495,36.6178],[26.4547,36.6154],[26.4585,36.613],[26.463,36.6094],[26.4713,36.6005],[26.4714,36.5988],[26.4725,36.5974],[26.4732,36.5943],[26.4765,36.5891],[26.4771,36.5859],[26.478,36.5849],[26.4789,36.5818],[26.479,36.5776],[26.4733,36.5693],[26.4725,36.5661],[26.4706,36.5651],[26.471,36.5641],[26.4703,36.5636],[26.4682,36.5634],[26.4679,36.563],[26.4682,36.5625],[26.4693,36.5624],[26.4695,36.5599],[26.4755,36.5527],[26.4755,36.5514],[26.4784,36.5495],[26.4791,36.5484],[26.4813,36.5422],[26.4825,36.5422],[26.4828,36.5431],[26.4833,36.5422],[26.4848,36.5411],[26.484,36.5391],[26.4844,36.538],[26.4829,36.5349],[26.4828,36.5336],[26.4812,36.5307],[26.4786,36.5279],[26.4745,36.526],[26.4721,36.5255],[26.4717,36.5245],[26.4703,36.5233],[26.4682,36.5233],[26.4677,36.5245],[26.4672,36.5245],[26.4661,36.5229],[26.4609,36.5235],[26.4599,36.5246],[26.4568,36.5253],[26.4558,36.5266],[26.4562,36.5276],[26.4557,36.5281],[26.4536,36.5266],[26.4533,36.5276],[26.4538,36.5286],[26.4536,36.5293],[26.4484,36.5297],[26.4464,36.5293],[26.4453,36.5302],[26.4437,36.5307],[26.4432,36.5318],[26.4422,36.5321],[26.4411,36.5336],[26.438,36.5331],[26.4359,36.5338],[26.4349,36.5359],[26.4337,36.5359],[26.4325,36.538],[26.4307,36.5386],[26.4297,36.5377],[26.4292,36.538],[26.4314,36.5401],[26.4297,36.541],[26.4276,36.5435],[26.4255,36.5437],[26.4234,36.5424],[26.4224,36.5411],[26.4221,36.5401],[26.4239,36.537],[26.4234,36.5356],[26.4244,36.5349],[26.4245,36.5334],[26.4252,36.5328],[26.4245,36.5315],[26.4234,36.5311],[26.4228,36.5297],[26.4193,36.528],[26.4151,36.5278],[26.4031,36.5297],[26.4016,36.5308],[26.4005,36.5329],[26.3984,36.5314],[26.3978,36.5349],[26.3964,36.5356],[26.3953,36.5351],[26.3932,36.5356],[26.3891,36.5349],[26.387,36.5355],[26.3847,36.5339],[26.3818,36.5328],[26.3832,36.5349],[26.3833,36.5359],[26.3828,36.5363],[26.3818,36.5362],[26.3816,36.537],[26.3807,36.5376],[26.3797,36.5375],[26.3766,36.5358],[26.3714,36.5351],[26.3693,36.5341],[26.3682,36.5343],[26.3651,36.5335],[26.3641,36.534],[26.3626,36.5328],[26.3633,36.5307],[26.3628,36.5297],[26.3648,36.5276],[26.3675,36.5214],[26.3703,36.5172],[26.3716,36.5089],[26.3705,36.5068],[26.3693,36.5056],[26.363,36.5055],[26.3547,36.5034],[26.3516,36.5031],[26.3432,36.504],[26.3401,36.5037],[26.3307,36.5005]],[[26.9641,36.4931],[26.9599,36.4932],[26.9589,36.4943],[26.9562,36.4953],[26.9555,36.4964],[26.9564,36.4974],[26.9568,36.4989],[26.9578,36.4994],[26.9597,36.5026],[26.9643,36.5068],[26.966,36.5078],[26.9672,36.5078],[26.9682,36.5088],[26.9766,36.5088],[26.9776,36.5099],[26.9786,36.5101],[26.9828,36.5099],[26.9839,36.5089],[26.9834,36.5068],[26.9823,36.5057],[26.9828,36.5047],[26.9818,36.5036],[26.9818,36.5026],[26.9786,36.4981],[26.9714,36.494],[26.9641,36.4931]],[[26.6047,36.4026],[26.6026,36.4029],[26.6016,36.4037],[26.5995,36.4034],[26.5911,36.4053],[26.5901,36.4048],[26.587,36.4054],[26.5851,36.4078],[26.5857,36.4109],[26.5873,36.4141],[26.5891,36.4166],[26.5927,36.4203],[26.5943,36.4214],[26.5984,36.4227],[26.6026,36.423],[26.6062,36.4214],[26.6068,36.4205],[26.6089,36.4204],[26.6141,36.4248],[26.6182,36.4256],[26.6203,36.4254],[26.6234,36.426],[26.6255,36.4253],[26.6266,36.4242],[26.6276,36.4243],[26.6298,36.4214],[26.6295,36.4203],[26.6299,36.4193],[26.6292,36.4172],[26.6297,36.4141],[26.6295,36.412],[26.63,36.4109],[26.6276,36.4093],[26.6214,36.4063],[26.6141,36.4041],[26.612,36.4044],[26.6109,36.4057],[26.6099,36.4048],[26.6096,36.4057],[26.6089,36.4061],[26.6084,36.4057],[26.6084,36.4047],[26.6068,36.4026],[26.6057,36.4032],[26.6047,36.4026]],[[26.6859,36.317],[26.6807,36.3174],[26.6734,36.3206],[26.6651,36.322],[26.6626,36.3234],[26.6596,36.3276],[26.6578,36.3286],[26.656,36.3318],[26.655,36.3349],[26.6546,36.338],[26.6536,36.3401],[26.6542,36.3411],[26.6536,36.3429],[26.6524,36.3443],[26.6526,36.3453],[26.6506,36.3474],[26.6498,36.3495],[26.6485,36.3505],[26.6473,36.3526],[26.6457,36.3536],[26.6458,36.3547],[26.6449,36.3568],[26.6448,36.3599],[26.6458,36.3641],[26.6478,36.3682],[26.6505,36.3706],[26.6526,36.3716],[26.6578,36.3728],[26.663,36.373],[26.6641,36.374],[26.6672,36.375],[26.6693,36.3741],[26.6703,36.3746],[26.6721,36.3734],[26.6729,36.3724],[26.6745,36.3719],[26.6755,36.3698],[26.6796,36.3672],[26.6802,36.3661],[26.6859,36.3625],[26.6954,36.3505],[26.6984,36.3478],[26.701,36.3464],[26.704,36.3432],[26.7049,36.3401],[26.7047,36.3386],[26.7012,36.3318],[26.7017,36.3307],[26.6999,36.3286],[26.699,36.3266],[26.6974,36.3256],[26.6969,36.3245],[26.6974,36.3242],[26.6984,36.325],[26.6987,36.3245],[26.6974,36.323],[26.6964,36.3241],[26.6953,36.3218],[26.6911,36.3189],[26.688,36.3174],[26.6859,36.317]],[[26.7536,36.2752],[26.7505,36.275],[26.7464,36.2757],[26.7422,36.2757],[26.738,36.2766],[26.7349,36.2785],[26.7327,36.2807],[26.729,36.2859],[26.7286,36.287],[26.7289,36.288],[26.7265,36.2964],[26.7272,36.3026],[26.7272,36.3078],[26.7265,36.312],[26.7248,36.313],[26.7244,36.3141],[26.7234,36.3143],[26.7224,36.3138],[26.7209,36.3151],[26.7202,36.3182],[26.7207,36.3203],[26.7204,36.3214],[26.722,36.3255],[26.7245,36.3285],[26.7276,36.3301],[26.7307,36.33],[26.7331,36.3286],[26.7351,36.3245],[26.7356,36.3203],[26.7354,36.3182],[26.736,36.3172],[26.7356,36.3161],[26.738,36.3126],[26.7401,36.3124],[26.7416,36.3109],[26.7464,36.3098],[26.7536,36.3059],[26.7582,36.3047],[26.7635,36.3016],[26.7655,36.2995],[26.766,36.2964],[26.7651,36.2943],[26.763,36.2916],[26.762,36.2911],[26.7599,36.2911],[26.7589,36.2918],[26.7587,36.2911],[26.756,36.2891],[26.7583,36.288],[26.7599,36.2858],[26.7617,36.2849],[26.7612,36.2839],[26.7621,36.2828],[26.7571,36.2766],[26.7536,36.2752]],[[26.6818,36.2671],[26.6807,36.2681],[26.6793,36.2682],[26.6786,36.2697],[26.6787,36.2714],[26.6807,36.2765],[26.6853,36.2828],[26.687,36.2875],[26.6891,36.2888],[26.6922,36.2893],[26.6984,36.2877],[26.7002,36.2859],[26.7005,36.2849],[26.6998,36.2818],[26.6974,36.2774],[26.6932,36.2732],[26.6891,36.2702],[26.687,36.2694],[26.6859,36.2684],[26.6849,36.2693],[26.6839,36.2682],[26.6818,36.2686],[26.6812,36.2682],[26.6826,36.2672],[26.6818,36.2671]],[[26.6464,36.2451],[26.6432,36.2446],[26.6286,36.245],[26.6258,36.2464],[26.6249,36.2484],[26.6256,36.2505],[26.6268,36.2516],[26.6286,36.2522],[26.6432,36.2529],[26.6464,36.2527],[26.6497,36.2516],[26.6509,36.2495],[26.6507,36.2484],[26.6495,36.2468],[26.6464,36.2451]],[[26.3047,36.1596],[26.3036,36.1593],[26.3026,36.1599],[26.3022,36.163],[26.3036,36.1644],[26.3057,36.165],[26.3071,36.1641],[26.306,36.1609],[26.3047,36.1596]],[[26.4141,36.0389],[26.412,36.0385],[26.4078,36.0391],[26.4036,36.0403],[26.4026,36.0411],[26.3992,36.0453],[26.3978,36.0495],[26.3937,36.0557],[26.3927,36.0589],[26.3867,36.0651],[26.3855,36.0672],[26.3849,36.0693],[26.3848,36.0745],[26.3841,36.0766],[26.3845,36.0797],[26.387,36.0855],[26.3891,36.0876],[26.3911,36.0888],[26.3943,36.0896],[26.3984,36.0894],[26.4109,36.0846],[26.4134,36.0828],[26.4151,36.0797],[26.4147,36.0766],[26.4155,36.0714],[26.4151,36.0672],[26.4147,36.0641],[26.4129,36.0599],[26.413,36.0588],[26.4153,36.0578],[26.4151,36.0556],[26.4171,36.0484],[26.4176,36.0443],[26.4167,36.0411],[26.416,36.0401],[26.4141,36.0389]]]]}},{"type":"Feature","properties":{"depth":75,"kind":"isobath"},"geometry":{"type":"MultiLineString","coordinates":[[[26.3892,36.9995],[26.3932,36.9989],[26.3995,36.9969],[26.4016,36.9967],[26.4037,36.9974],[26.4057,36.9975],[26.4064,36.9984],[26.4078,36.9991],[26.4089,36.9982],[26.4113,36.9995]],[[26.3546,36.9943],[26.3536,36.9951],[26.3528,36.9943],[26.3536,36.994]],[[26.3531,36.9932],[26.3526,36.9942],[26.3519,36.9932],[26.3526,36.9928]],[[26.9022,36.988],[26.9016,36.9885],[26.9013,36.988]],[[26.3419,36.987],[26.3408,36.987],[26.3411,36.9861]],[[26.8991,36.987],[26.8984,36.9878],[26.8975,36.987],[26.8984,36.986]],[[26.901,36.987],[26.9005,36.9875],[26.9,36.987],[26.9005,36.9865]],[[26.9001,36.9859],[26.8995,36.9866],[26.8985,36.9859],[26.8995,36.9852]],[[26.9018,36.9859],[26.9016,36.9862],[26.9012,36.9859]],[[26.901,36.9849],[26.9005,36.9854],[26.8999,36.9849],[26.9005,36.9843]],[[26.9379,36.8755],[26.937,36.8761],[26.9364,36.8755],[26.937,36.8747]],[[26.9322,36.8745],[26.9315,36.8745],[26.9318,36.8742]],[[26.9344,36.8724],[26.9339,36.8727],[26.9335,36.8724],[26.9339,36.8714]],[[26.9246,36.8682],[26.9229,36.8682],[26.9234,36.8676]],[[26.8883,36.7068],[26.888,36.7073],[26.888,36.706]],[[26.8894,36.7057],[26.8891,36.7062],[26.8882,36.7057],[26.8891,36.7051]],[[26.9187,36.6891],[26.9182,36.6896],[26.9175,36.6891],[26.9182,36.6881]],[[26.9195,36.6766],[26.9191,36.6766],[26.9193,36.6759]],[[26.3143,36.6141],[26.3141,36.6147],[26.3133,36.6141],[26.3141,36.6137]],[[26.4697,36.5661],[26.4693,36.5667],[26.4688,36.5661],[26.4693,36.5654]],[[26.2431,36.5557],[26.2429,36.5568],[26.2432,36.5577],[26.2443,36.5574],[26.2446,36.5589],[26.2432,36.5598],[26.2431,36.5589],[26.2422,36.5581],[26.2411,36.5585],[26.2406,36.5568],[26.2411,36.5556],[26.2422,36.5549]],[[26.2428,36.5411],[26.2422,36.5417],[26.2416,36.5411],[26.2422,36.5406]],[[26.4831,36.5411],[26.4828,36.5418],[26.4826,36.5411]],[[26.4426,36.5339],[26.4422,36.5342],[26.4416,36.5339],[26.4422,36.5332]],[[26.2361,36.5214],[26.2357,36.5214],[26.2359,36.5205]],[[26.7353,36.3141],[26.7349,36.3152],[26.7349,36.3136]],[[26.7554,36.2891],[26.7578,36.292],[26.7586,36.2922],[26.7578,36.2926],[26.7557,36.2921],[26.7543,36.2911],[26.7538,36.2901],[26.754,36.2891],[26.7547,36.2885]],[[26.7559,36.288],[26.7557,36.2886],[26.7553,36.288],[26.7557,36.2871]],[[26.9995,36.7469],[26.9964,36.7465],[26.9932,36.7452],[26.9922,36.7441],[26.9891,36.7441],[26.9844,36.7432],[26.9818,36.7418],[26.9792,36.7391],[26.9786,36.7349],[26.9818,36.7341],[26.9849,36.7315],[26.9887,36.7245],[26.9901,36.7234],[26.9906,36.7214],[26.9905,36.7203],[26.9891,36.7182],[26.987,36.7153],[26.9859,36.7152],[26.9859,36.7141],[26.9839,36.712],[26.9797,36.7106],[26.9766,36.7075],[26.9734,36.7035],[26.9714,36.6984],[26.9712,36.6922],[26.9721,36.6891],[26.9714,36.6823],[26.9724,36.6797],[26.9757,36.6755],[26.9758,36.6714],[26.9749,36.6672],[26.9766,36.6646],[26.9799,36.663],[26.98,36.662],[26.9795,36.6609],[26.9776,36.6595],[26.9766,36.6596],[26.9755,36.6589],[26.9745,36.6592],[26.9693,36.659],[26.9661,36.6604],[26.9648,36.663],[26.9589,36.668],[26.9547,36.6688],[26.9516,36.6674],[26.9505,36.6676],[26.9462,36.6693],[26.9401,36.673],[26.9349,36.675],[26.9318,36.6758],[26.9276,36.6753],[26.9255,36.6761],[26.9234,36.6759],[26.9214,36.6765],[26.9193,36.6755],[26.9172,36.6755],[26.9172,36.6769],[26.9197,36.6786],[26.9199,36.6797],[26.9188,36.6818],[26.9194,36.6828],[26.9179,36.6859],[26.9141,36.6899],[26.9109,36.6913],[26.9065,36.6953],[26.9047,36.6962],[26.9036,36.6961],[26.9026,36.6967],[26.9019,36.6964],[26.9016,36.6954],[26.8984,36.6953],[26.8953,36.6959],[26.8922,36.6976],[26.8857,36.6984],[26.8859,36.699],[26.887,36.6988],[26.8891,36.6997],[26.8901,36.6988],[26.8919,36.6995],[26.892,36.7005],[26.8911,36.7022],[26.8901,36.7023],[26.8889,36.7016],[26.8901,36.7036],[26.888,36.7057],[26.8871,36.7036],[26.8873,36.7026],[26.8859,36.7012],[26.8839,36.7005],[26.8828,36.6983],[26.8797,36.6975],[26.8755,36.6991],[26.8743,36.7005],[26.8717,36.7078],[26.8714,36.7099],[26.8684,36.7141],[26.8671,36.7151],[26.8674,36.7161],[26.8665,36.7182],[26.8678,36.7193],[26.8661,36.7206],[26.865,36.7203],[26.863,36.7222],[26.8599,36.7239],[26.8536,36.7259],[26.8526,36.7261],[26.8516,36.7256],[26.8487,36.7286],[26.848,36.7307],[26.849,36.7359],[26.848,36.7443],[26.8494,36.7484],[26.8506,36.7505],[26.8576,36.7578],[26.8599,36.762],[26.8682,36.7672],[26.8745,36.7704],[26.8849,36.7786],[26.8901,36.7813],[26.8938,36.7839],[26.8953,36.7845],[26.8964,36.7841],[26.8998,36.7859],[26.9005,36.787],[26.9016,36.7871],[26.9036,36.7892],[26.9109,36.794],[26.9161,36.798],[26.9297,36.8043],[26.9328,36.8048],[26.9339,36.8045],[26.938,36.8054],[26.9426,36.8078],[26.9484,36.813],[26.9542,36.8203],[26.9609,36.8254],[26.963,36.8279],[26.9645,36.8286],[26.9672,36.8327],[26.967,36.8339],[26.9712,36.8411],[26.9699,36.8422],[26.9695,36.8432],[26.9711,36.8443],[26.9707,36.8453],[26.972,36.8474],[26.9718,36.8495],[26.9755,36.8516],[26.9765,36.863],[26.9762,36.8641],[26.9772,36.8714],[26.9771,36.8807],[26.9758,36.8859],[26.9753,36.8943],[26.9718,36.9026],[26.9705,36.9036],[26.9693,36.9039],[26.9651,36.9038],[26.9578,36.8974],[26.9536,36.8957],[26.9453,36.8948],[26.9411,36.8956],[26.9401,36.8953],[26.9378,36.8964],[26.9368,36.8974],[26.9339,36.8984],[26.9318,36.9001],[26.9259,36.9026],[26.9254,36.9036],[26.9255,36.9057],[26.9245,36.9063],[26.9223,36.9089],[26.9223,36.9109],[26.9235,36.9161],[26.9264,36.9234],[26.9266,36.9245],[26.9254,36.9266],[26.9254,36.9286],[26.924,36.9307],[26.9224,36.9307],[26.9218,36.9339],[26.9193,36.9373],[26.9172,36.9378],[26.9161,36.9367],[26.9152,36.937],[26.9151,36.9384],[26.9141,36.9374],[26.9067,36.9432],[26.904,36.9464],[26.9032,36.9495],[26.9036,36.955],[26.9047,36.9557],[26.9057,36.9582],[26.9069,36.9589],[26.9065,36.9599],[26.9068,36.9602],[26.9078,36.9597],[26.9125,36.962],[26.9142,36.963],[26.9152,36.9651],[26.913,36.9665],[26.9089,36.9674],[26.9057,36.9694],[26.9047,36.9689],[26.9027,36.9714],[26.9018,36.9734],[26.901,36.9786],[26.8992,36.9797],[26.9,36.9807],[26.8995,36.9819],[26.9005,36.9821],[26.9007,36.9828],[26.8973,36.987],[26.8984,36.9883],[26.8995,36.9876],[26.9016,36.9895],[26.9036,36.9901],[26.9026,36.9911],[26.9005,36.9916],[26.8995,36.9912],[26.897,36.9932],[26.8953,36.9931],[26.8943,36.9944],[26.8932,36.994],[26.8922,36.9947],[26.8901,36.9936],[26.8891,36.9955],[26.888,36.9942],[26.887,36.996],[26.8844,36.9964],[26.8797,36.9981],[26.8777,36.9995]],[[26.5045,36.9974],[26.5047,36.9962],[26.5057,36.9967],[26.5059,36.9964],[26.5055,36.9953],[26.5036,36.9951],[26.5016,36.9937],[26.4995,36.9932],[26.4891,36.9925],[26.4797,36.9927],[26.4734,36.9934],[26.4599,36.9931],[26.4589,36.9927],[26.4582,36.9911],[26.4557,36.9891],[26.4505,36.9891],[26.4484,36.9911],[26.4474,36.9901],[26.4453,36.99],[26.4443,36.9891],[26.4411,36.9891],[26.4401,36.9901],[26.438,36.9901],[26.437,36.9891],[26.4339,36.9891],[26.4328,36.9901],[26.4297,36.9901],[26.4245,36.9898],[26.4234,36.9891],[26.4182,36.9891],[26.4161,36.9901],[26.4161,36.9913],[26.4141,36.9914],[26.4109,36.9929],[26.4099,36.9923],[26.4097,36.9932],[26.4089,36.9941],[26.4068,36.9918],[26.4036,36.9905],[26.4018,36.9911],[26.4005,36.9931],[26.3964,36.9947],[26.3943,36.9938],[26.3891,36.9895],[26.3859,36.9884],[26.3807,36.9896],[26.3766,36.9898],[26.3651,36.9879],[26.362,36.9883],[26.3589,36.9896],[26.3568,36.9897],[26.3526,36.9888],[26.3516,36.9895],[26.3474,36.9868],[26.3453,36.9867],[26.3443,36.9875],[26.3432,36.9874],[26.3411,36.9859],[26.337,36.9848],[26.3341,36.9828],[26.3307,36.9814],[26.3245,36.9801],[26.3151,36.9792],[26.3036,36.9704],[26.2974,36.9682],[26.2932,36.9658],[26.2901,36.9651],[26.2818,36.9646],[26.2766,36.9651],[26.2698,36.9672],[26.2637,36.9714],[26.263,36.9734],[26.2638,36.9755],[26.2637,36.9776],[26.263,36.9782],[26.262,36.9774],[26.2611,36.9776],[26.2623,36.9797],[26.2642,36.9807],[26.2654,36.9839],[26.265,36.987],[26.266,36.9891],[26.2693,36.9917],[26.2714,36.992],[26.2745,36.9915],[26.2755,36.9917],[26.2776,36.9901],[26.2797,36.9894],[26.2828,36.9893],[26.288,36.9906],[26.2943,36.9936],[26.3047,36.9961],[26.312,36.9943],[26.3138,36.9922],[26.3161,36.991],[26.3234,36.9926],[26.3318,36.9931],[26.3349,36.9924],[26.3401,36.9933],[26.3411,36.993],[26.3453,36.9944],[26.3495,36.9931],[26.3536,36.9955],[26.3622,36.9984],[26.3671,36.9995]],[[26.0078,36.9424],[26.012,36.9407],[26.0203,36.9396],[26.0224,36.9388],[26.0276,36.9363],[26.0318,36.9317],[26.0474,36.9226],[26.0578,36.9175],[26.0651,36.9155],[26.0693,36.9131],[26.0755,36.9105],[26.0797,36.9074],[26.085,36.9047],[26.088,36.9044],[26.0901,36.9037],[26.0945,36.9005],[26.0947,36.8995],[26.0922,36.8953],[26.0924,36.8932],[26.0914,36.8922],[26.0859,36.8905],[26.0797,36.8901],[26.0776,36.8876],[26.0734,36.8886],[26.0682,36.889],[26.0654,36.8901],[26.062,36.8901],[26.0609,36.8911],[26.0589,36.8911],[26.0578,36.8922],[26.0516,36.895],[26.0443,36.8954],[26.0432,36.8943],[26.0423,36.8953],[26.0401,36.8955],[26.0391,36.8945],[26.038,36.8943],[26.0315,36.8943],[26.0307,36.8936],[26.0268,36.8932],[26.0255,36.8923],[26.0211,36.8922],[26.0193,36.8912],[26.0141,36.8912],[26.013,36.8902],[26.0099,36.8902],[26.0078,36.8891],[26.0065,36.8891],[26.0026,36.887],[26.0016,36.8873]],[[26.4283,36.0036],[26.4297,36.0056],[26.4318,36.0071],[26.4359,36.0078],[26.4391,36.007],[26.441,36.0057],[26.4432,36.0031]],[[26.1745,36.8887],[26.1693,36.8882],[26.1641,36.8891],[26.1609,36.8903],[26.1593,36.8901],[26.1557,36.8927],[26.1526,36.8974],[26.1516,36.8969],[26.1499,36.8984],[26.1494,36.9016],[26.15,36.9047],[26.1506,36.9057],[26.1495,36.9063],[26.1482,36.9078],[26.1482,36.9099],[26.1516,36.9155],[26.1547,36.919],[26.1589,36.9211],[26.162,36.9218],[26.1682,36.9217],[26.1745,36.9196],[26.1781,36.9172],[26.1797,36.915],[26.1814,36.9109],[26.1815,36.9089],[26.1837,36.9016],[26.1836,36.8995],[26.1824,36.8964],[26.1775,36.8922],[26.1768,36.8911],[26.1776,36.8902],[26.1786,36.8912],[26.1792,36.8901],[26.1776,36.89],[26.1766,36.8909]],[[26.1776,36.8876],[26.1772,36.888],[26.1776,36.8887],[26.1781,36.888]],[[26.9245,36.8671],[26.9234,36.867],[26.9224,36.8681],[26.9203,36.8685],[26.9193,36.8704],[26.9182,36.8696],[26.9151,36.8729],[26.913,36.8764],[26.9124,36.8786],[26.9117,36.8818],[26.9121,36.8849],[26.9117,36.8859],[26.9138,36.8922],[26.9151,36.8945],[26.9172,36.8961],[26.9193,36.8956],[26.9203,36.8963],[26.9214,36.8964],[26.9234,36.898],[26.9255,36.8981],[26.9272,36.8974],[26.9276,36.8962],[26.9297,36.8957],[26.9307,36.8949],[26.9339,36.8947],[26.9359,36.8936],[26.9352,36.8911],[26.9385,36.8891],[26.9393,36.888],[26.9399,36.8849],[26.9391,36.8786],[26.9376,36.8766],[26.9382,36.8755],[26.937,36.874],[26.9359,36.8748],[26.9355,36.8745],[26.9353,36.8734],[26.9357,36.8724],[26.9339,36.8712],[26.9325,36.8714],[26.9288,36.8682],[26.9255,36.8677]],[[26.2391,36.7233],[26.2369,36.7234],[26.238,36.7238],[26.2391,36.7249],[26.2395,36.7234]],[[26.1474,36.5172],[26.1443,36.5168],[26.1359,36.5177],[26.1339,36.5183],[26.1323,36.5203],[26.1293,36.5255],[26.1284,36.5286],[26.1292,36.537],[26.1256,36.5432],[26.1255,36.5453],[26.1247,36.5464],[26.1221,36.5557],[26.1223,36.5578],[26.1231,36.5599],[26.1244,36.5609],[26.1245,36.562],[26.1286,36.5642],[26.1359,36.5667],[26.137,36.5675],[26.1411,36.5683],[26.1422,36.568],[26.1443,36.5685],[26.1495,36.5674],[26.1538,36.5641],[26.1545,36.563],[26.1547,36.5617],[26.1561,36.5599],[26.156,36.5589],[26.1576,36.5568],[26.1585,36.5526],[26.1599,36.5505],[26.1612,36.5474],[26.1609,36.5464],[26.1623,36.5443],[26.1627,36.5422],[26.164,36.5401],[26.1627,36.538],[26.162,36.5349],[26.1622,36.5339],[26.1607,36.5318],[26.1609,36.5307],[26.1593,36.5297],[26.1593,36.5286],[26.1578,36.5277],[26.1578,36.5266],[26.1564,36.5234],[26.1547,36.5215],[26.1517,36.5193]],[[26.3307,36.5005],[26.323,36.5005],[26.3172,36.5015],[26.3141,36.5028],[26.3117,36.5068],[26.3111,36.5089],[26.3089,36.5109],[26.3089,36.512],[26.3068,36.5136],[26.3047,36.5138],[26.3036,36.5131],[26.3025,36.513],[26.3005,36.5111],[26.2984,36.5103],[26.2964,36.5088],[26.2943,36.5086],[26.2922,36.5095],[26.2901,36.5089],[26.2863,36.5109],[26.2835,36.5141],[26.2721,36.5328],[26.259,36.5453],[26.2588,36.5464],[26.2578,36.5474],[26.2545,36.5495],[26.2505,36.5541],[26.2495,36.5545],[26.2484,36.5541],[26.2474,36.5547],[26.2464,36.5565],[26.2453,36.5555],[26.2443,36.5553],[26.2432,36.5557],[26.2411,36.5536],[26.2419,36.5505],[26.243,36.5495],[26.2425,36.5474],[26.2434,36.5464],[26.243,36.5453],[26.2416,36.5443],[26.243,36.5432],[26.2426,36.5422],[26.2441,36.5411],[26.2436,36.5391],[26.2442,36.538],[26.2421,36.5359],[26.2418,36.5328],[26.2446,36.5328],[26.243,36.5307],[26.2436,36.5297],[26.2421,36.5255],[26.2427,36.5234],[26.2419,36.5224],[26.2422,36.5214],[26.2403,36.5203],[26.237,36.5196],[26.2349,36.5201],[26.2339,36.5192],[26.2245,36.5199],[26.2234,36.5196],[26.2224,36.52],[26.2193,36.524],[26.217,36.5286],[26.2169,36.5307],[26.2157,36.5318],[26.2156,36.5328],[26.2173,36.5349],[26.2161,36.5351],[26.215,36.537],[26.2134,36.538],[26.2078,36.5437],[26.2078,36.5453],[26.2064,36.5474],[26.2064,36.5526],[26.2074,36.5536],[26.2074,36.5547],[26.213,36.5624],[26.2151,36.5647],[26.2183,36.5672],[26.2193,36.5677],[26.2224,36.5677],[26.2245,36.5685],[26.2276,36.5688],[26.2306,36.5703],[26.2307,36.5714],[26.2319,36.5703],[26.2322,36.5693],[26.2328,36.5688],[26.2333,36.5693],[26.2354,36.5724],[26.235,36.5734],[26.2357,36.5745],[26.2359,36.5807],[26.2365,36.5839],[26.2384,36.5859],[26.2394,36.588],[26.2376,36.588],[26.237,36.5874],[26.2364,36.588],[26.2401,36.5911],[26.2452,36.5984],[26.2472,36.6005],[26.2473,36.6016],[26.2484,36.6029],[26.2497,36.6026],[26.2497,36.6005],[26.2505,36.5996],[26.2516,36.5995],[26.2557,36.6015],[26.2589,36.6047],[26.2599,36.6046],[26.2609,36.6058],[26.262,36.6055],[26.2625,36.6068],[26.2641,36.6075],[26.2651,36.6089],[26.2675,36.6099],[26.2703,36.6123],[26.2766,36.6139],[26.2786,36.6136],[26.2797,36.6127],[26.2807,36.6131],[26.2818,36.612],[26.2849,36.6111],[26.287,36.6109],[26.2911,36.611],[26.2995,36.6124],[26.3047,36.6126],[26.3057,36.6123],[26.3099,36.6134],[26.3109,36.6126],[26.3155,36.6161],[26.3156,36.6182],[26.3167,36.6214],[26.3172,36.6245],[26.3191,36.6276],[26.3217,36.6297],[26.3234,36.6302],[26.3256,36.6318],[26.3276,36.6322],[26.3318,36.632],[26.337,36.6279],[26.3401,36.6278],[26.3411,36.6272],[26.3432,36.6276],[26.3453,36.6273],[26.3474,36.6261],[26.3505,36.6253],[26.352,36.6234],[26.3537,36.6224],[26.3581,36.6161],[26.362,36.6124],[26.3635,36.6099],[26.3672,36.607],[26.3693,36.6062],[26.3703,36.6047],[26.3714,36.6044],[26.3766,36.6058],[26.3773,36.6068],[26.3771,36.6078],[26.3787,36.6089],[26.378,36.6109],[26.3758,36.6141],[26.3756,36.6151],[26.3695,36.6245],[26.3668,36.6328],[26.3664,36.637],[26.368,36.6401],[26.3743,36.6474],[26.3776,36.6493],[26.3807,36.6501],[26.3953,36.6485],[26.4016,36.6467],[26.4047,36.6463],[26.4078,36.6448],[26.4151,36.6399],[26.4214,36.6367],[26.4255,36.6351],[26.4307,36.6319],[26.4328,36.6294],[26.4443,36.6222],[26.4464,36.6203],[26.4474,36.62],[26.4495,36.6178],[26.4547,36.6154],[26.4585,36.613],[26.463,36.6094],[26.4713,36.6005],[26.4714,36.5988],[26.4725,36.5974],[26.4732,36.5943],[26.4765,36.5891],[26.4771,36.5859],[26.478,36.5849],[26.4789,36.5818],[26.479,36.5776],[26.4733,36.5693],[26.4725,36.5661],[26.4706,36.5651],[26.471,36.5641],[26.4703,36.5636],[26.4682,36.5634],[26.4679,36.563],[26.4682,36.5625],[26.4693,36.5624],[26.4695,36.5599],[26.4755,36.5527],[26.4755,36.5514],[26.4784,36.5495],[26.4791,36.5484],[26.4813,36.5422],[26.4825,36.5422],[26.4828,36.5431],[26.4833,36.5422],[26.4848,36.5411],[26.484,36.5391],[26.4844,36.538],[26.4829,36.5349],[26.4828,36.5336],[26.4812,36.5307],[26.4786,36.5279],[26.4745,36.526],[26.4721,36.5255],[26.4717,36.5245],[26.4703,36.5233],[26.4682,36.5233],[26.4677,36.5245],[26.4672,36.5245],[26.4661,36.5229],[26.4609,36.5235],[26.4599,36.5246],[26.4568,36.5253],[26.4558,36.5266],[26.4562,36.5276],[26.4557,36.5281],[26.4536,36.5266],[26.4533,36.5276],[26.4538,36.5286],[26.4536,36.5293],[26.4484,36.5297],[26.4464,36.5293],[26.4453,36.5302],[26.4437,36.5307],[26.4432,36.5318],[26.4422,36.5321],[26.4411,36.5336],[26.438,36.5331],[26.4359,36.5338],[26.4349,36.5359],[26.4337,36.5359],[26.4325,36.538],[26.4307,36.5386],[26.4297,36.5377],[26.4292,36.538],[26.4314,36.5401],[26.4297,36.541],[26.4276,36.5435],[26.4255,36.5437],[26.4234,36.5424],[26.4224,36.5411],[26.4221,36.5401],[26.4239,36.537],[26.4234,36.5356],[26.4244,36.5349],[26.4245,36.5334],[26.4252,36.5328],[26.4245,36.5315],[26.4234,36.5311],[26.4228,36.5297],[26.4193,36.528],[26.4151,36.5278],[26.4031,36.5297],[26.4016,36.5308],[26.4005,36.5329],[26.3984,36.5314],[26.3978,36.5349],[26.3964,36.5356],[26.3953,36.5351],[26.3932,36.5356],[26.3891,36.5349],[26.387,36.5355],[26.3847,36.5339],[26.3818,36.5328],[26.3832,36.5349],[26.3833,36.5359],[26.3828,36.5363],[26.3818,36.5362],[26.3816,36.537],[26.3807,36.5376],[26.3797,36.5375],[26.3766,36.5358],[26.3714,36.5351],[26.3693,36.5341],[26.3682,36.5343],[26.3651,36.5335],[26.3641,36.534],[26.3626,36.5328],[26.3633,36.5307],[26.3628,36.5297],[26.3648,36.5276],[26.3675,36.5214],[26.3703,36.5172],[26.3716,36.5089],[26.3705,36.5068],[26.3693,36.5056],[26.363,36.5055],[26.3547,36.5034],[26.3516,36.5031],[26.3432,36.504],[26.3401,36.5037]],[[26.9641,36.4931],[26.9599,36.4932],[26.9589,36.4943],[26.9562,36.4953],[26.9555,36.4964],[26.9564,36.4974],[26.9568,36.4989],[26.9578,36.4994],[26.9597,36.5026],[26.9643,36.5068],[26.966,36.5078],[26.9672,36.5078],[26.9682,36.5088],[26.9766,36.5088],[26.9776,36.5099],[26.9786,36.5101],[26.9828,36.5099],[26.9839,36.5089],[26.9834,36.5068],[26.9823,36.5057],[26.9828,36.5047],[26.9818,36.5036],[26.9818,36.5026],[26.9786,36.4981],[26.9714,36.494]],[[26.6047,36.4026],[26.6026,36.4029],[26.6016,36.4037],[26.5995,36.4034],[26.5911,36.4053],[26.5901,36.4048],[26.587,36.4054],[26.5851,36.4078],[26.5857,36.4109],[26.5873,36.4141],[26.5891,36.4166],[26.5927,36.4203],[26.5943,36.4214],[26.5984,36.4227],[26.6026,36.423],[26.6062,36.4214],[26.6068,36.4205],[26.6089,36.4204],[26.6141,36.4248],[26.6182,36.4256],[26.6203,36.4254],[26.6234,36.426],[26.6255,36.4253],[26.6266,36.4242],[26.6276,36.4243],[26.6298,36.4214],[26.6295,36.4203],[26.6299,36.4193],[26.6292,36.4172],[26.6297,36.4141],[26.6295,36.412],[26.63,36.4109],[26.6276,36.4093],[26.6214,36.4063],[26.6141,36.4041],[26.612,36.4044],[26.6109,36.4057],[26.6099,36.4048],[26.6096,36.4057],[26.6089,36.4061],[26.6084,36.4057],[26.6084,36.4047],[26.6068,36.4026],[26.6057,36.4032]],[[26.6859,36.317],[26.6807,36.3174],[26.6734,36.3206],[26.6651,36.322],[26.6626,36.3234],[26.6596,36.3276],[26.6578,36.3286],[26.656,36.3318],[26.655,36.3349],[26.6546,36.338],[26.6536,36.3401],[26.6542,36.3411],[26.6536,36.3429],[26.6524,36.3443],[26.6526,36.3453],[26.6506,36.3474],[26.6498,36.3495],[26.6485,36.3505],[26.6473,36.3526],[26.6457,36.3536],[26.6458,36.3547],[26.6449,36.3568],[26.6448,36.3599],[26.6458,36.3641],[26.6478,36.3682],[26.6505,36.3706],[26.6526,36.3716],[26.6578,36.3728],[26.663,36.373],[26.6641,36.374],[26.6672,36.375],[26.6693,36.3741],[26.6703,36.3746],[26.6721,36.3734],[26.6729,36.3724],[26.6745,36.3719],[26.6755,36.3698],[26.6796,36.3672],[26.6802,36.3661],[26.6859,36.3625],[26.6954,36.3505],[26.6984,36.3478],[26.701,36.3464],[26.704,36.3432],[26.7049,36.3401],[26.7047,36.3386],[26.7012,36.3318],[26.7017,36.3307],[26.6999,36.3286],[26.699,36.3266],[26.6974,36.3256],[26.6969,36.3245],[26.6974,36.3242],[26.6984,36.325],[26.6987,36.3245],[26.6974,36.323],[26.6964,36.3241],[26.6953,36.3218],[26.6911,36.3189],[26.688,36.3174]],[[26.7536,36.2752],[26.7505,36.275],[26.7464,36.2757],[26.7422,36.2757],[26.738,36.2766],[26.7349,36.2785],[26.7327,36.2807],[26.729,36.2859],[26.7286,36.287],[26.7289,36.288],[26.7265,36.2964],[26.7272,36.3026],[26.7272,36.3078],[26.7265,36.312],[26.7248,36.313],[26.7244,36.3141],[26.7234,36.3143],[26.7224,36.3138],[26.7209,36.3151],[26.7202,36.3182],[26.7207,36.3203],[26.7204,36.3214],[26.722,36.3255],[26.7245,36.3285],[26.7276,36.3301],[26.7307,36.33],[26.7331,36.3286],[26.7351,36.3245],[26.7356,36.3203],[26.7354,36.3182],[26.736,36.3172],[26.7356,36.3161],[26.738,36.3126],[26.7401,36.3124],[26.7416,36.3109],[26.7464,36.3098],[26.7536,36.3059],[26.7582,36.3047],[26.7635,36.3016],[26.7655,36.2995],[26.766,36.2964],[26.7651,36.2943],[26.763,36.2916],[26.762,36.2911],[26.7599,36.2911],[26.7589,36.2918],[26.7587,36.2911],[26.756,36.2891],[26.7583,36.288],[26.7599,36.2858],[26.7617,36.2849],[26.7612,36.2839],[26.7621,36.2828],[26.7571,36.2766]],[[26.6818,36.2671],[26.6807,36.2681],[26.6793,36.2682],[26.6786,36.2697],[26.6787,36.2714],[26.6807,36.2765],[26.6853,36.2828],[26.687,36.2875],[26.6891,36.2888],[26.6922,36.2893],[26.6984,36.2877],[26.7002,36.2859],[26.7005,36.2849],[26.6998,36.2818],[26.6974,36.2774],[26.6932,36.2732],[26.6891,36.2702],[26.687,36.2694],[26.6859,36.2684],[26.6849,36.2693],[26.6839,36.2682],[26.6818,36.2686],[26.6812,36.2682],[26.6826,36.2672]],[[26.6464,36.2451],[26.6432,36.2446],[26.6286,36.245],[26.6258,36.2464],[26.6249,36.2484],[26.6256,36.2505],[26.6268,36.2516],[26.6286,36.2522],[26.6432,36.2529],[26.6464,36.2527],[26.6497,36.2516],[26.6509,36.2495],[26.6507,36.2484],[26.6495,36.2468]],[[26.3047,36.1596],[26.3036,36.1593],[26.3026,36.1599],[26.3022,36.163],[26.3036,36.1644],[26.3057,36.165],[26.3071,36.1641],[26.306,36.1609]],[[26.4141,36.0389],[26.412,36.0385],[26.4078,36.0391],[26.4036,36.0403],[26.4026,36.0411],[26.3992,36.0453],[26.3978,36.0495],[26.3937,36.0557],[26.3927,36.0589],[26.3867,36.0651],[26.3855,36.0672],[26.3849,36.0693],[26.3848,36.0745],[26.3841,36.0766],[26.3845,36.0797],[26.387,36.0855],[26.3891,36.0876],[26.3911,36.0888],[26.3943,36.0896],[26.3984,36.0894],[26.4109,36.0846],[26.4134,36.0828],[26.4151,36.0797],[26.4147,36.0766],[26.4155,36.0714],[26.4151,36.0672],[26.4147,36.0641],[26.4129,36.0599],[26.413,36.0588],[26.4153,36.0578],[26.4151,36.0556],[26.4171,36.0484],[26.4176,36.0443],[26.4167,36.0411],[26.416,36.0401]]]}},{"type":"Feature","properties":{"depth":100,"kind":"band"},"geometry":{"type":"MultiPolygon","coordinates":[[[[26.404,36.9984],[26.4071,36.9995],[26.4068,37],[26.3953,37],[26.395,36.9995],[26.3984,36.9985],[26.404,36.9984]]],[[[26.3571,36.9891],[26.3566,36.9891],[26.3568,36.9885],[26.3571,36.9891]]],[[[26.8988,36.987],[26.8984,36.9874],[26.8979,36.987],[26.8984,36.9865],[26.8988,36.987]]],[[[26.2629,36.9766],[26.262,36.977],[26.2611,36.9766],[26.262,36.9755],[26.2629,36.9766]]],[[[26.9235,36.9047],[26.9231,36.9047],[26.9234,36.9041],[26.9235,36.9047]]],[[[26.0992,36.8974],[26.0983,36.8974],[26.0984,36.8971],[26.0992,36.8974]]],[[[26.2638,36.7495],[26.263,36.7499],[26.263,36.7487],[26.2638,36.7495]]],[[[26.2649,36.7484],[26.2641,36.7488],[26.2637,36.7484],[26.2649,36.7484]]],[[[26.2669,36.7484],[26.2661,36.7488],[26.2653,36.7484],[26.2661,36.7474],[26.2669,36.7484]]],[[[26.8907,36.6995],[26.8901,36.7],[26.8898,36.6995],[26.8907,36.6995]]],[[[26.9053,36.6932],[26.9063,36.6943],[26.9058,36.6953],[26.9047,36.6961],[26.9026,36.6955],[26.9031,36.6943],[26.9047,36.6926],[26.9053,36.6932]]],[[[26.1675,36.5422],[26.1672,36.5423],[26.1672,36.5418],[26.1675,36.5422]]],[[[26.1654,36.5391],[26.165,36.5391],[26.1651,36.5387],[26.1654,36.5391]]],[[[26.4277,36.538],[26.4266,36.5393],[26.4263,36.5391],[26.4266,36.5379],[26.4276,36.5372],[26.4277,36.538]]],[[[26.3957,36.5328],[26.3953,36.5333],[26.3947,36.5328],[26.3953,36.532],[26.3957,36.5328]]],[[[26.244,36.5224],[26.2432,36.5231],[26.2428,36.5224],[26.2432,36.5215],[26.244,36.5224]]],[[[26.5851,36.4036],[26.5846,36.4036],[26.5849,36.4033],[26.5851,36.4036]]],[[[26.5841,36.4026],[26.5835,36.4026],[26.5839,36.4016],[26.5841,36.4026]]],[[[26.5838,36.4016],[26.5828,36.4019],[26.5822,36.4016],[26.5828,36.401],[26.5838,36.4016]]],[[[26.6791,36.3693],[26.6786,36.3698],[26.6784,36.3693],[26.6791,36.3693]]],[[[26.7369,36.3193],[26.7359,36.3197],[26.7358,36.3193],[26.7359,36.3188],[26.7369,36.3193]]],[[[26.7639,36.288],[26.763,36.2889],[26.7622,36.288],[26.763,36.2873],[26.7639,36.288]]],[[[27,36.0005],[27,36.7453],[26.9995,36.7457],[26.9974,36.7455],[26.9945,36.7443],[26.9932,36.743],[26.9851,36.7422],[26.9831,36.7401],[26.9818,36.737],[26.9826,36.7359],[26.9858,36.7339],[26.9903,36.7245],[26.9924,36.7234],[26.9933,36.7224],[26.9921,36.7193],[26.9891,36.7174],[26.9877,36.7151],[26.9839,36.7117],[26.9799,36.7099],[26.9769,36.7068],[26.9722,36.6984],[26.972,36.6953],[26.9724,36.6943],[26.9719,36.6922],[26.9729,36.6891],[26.972,36.6849],[26.9725,36.6839],[26.972,36.6828],[26.9723,36.6818],[26.9732,36.6797],[26.9762,36.6755],[26.9764,36.6682],[26.9779,36.6661],[26.9781,36.6651],[26.9815,36.662],[26.9776,36.6588],[26.9755,36.658],[26.9734,36.658],[26.9693,36.6581],[26.9651,36.6591],[26.9633,36.6599],[26.9626,36.6609],[26.9585,36.6641],[26.9567,36.6672],[26.9536,36.6674],[26.9516,36.6665],[26.9487,36.6672],[26.9422,36.6695],[26.9349,36.6738],[26.9328,36.6743],[26.9286,36.6736],[26.9255,36.675],[26.9234,36.6746],[26.9224,36.6753],[26.9193,36.6748],[26.9182,36.6745],[26.9172,36.6731],[26.9161,36.6732],[26.9141,36.6745],[26.9127,36.6766],[26.9108,36.6776],[26.91,36.6786],[26.91,36.6807],[26.9094,36.6828],[26.9103,36.6849],[26.9075,36.6891],[26.9005,36.6923],[26.8995,36.6921],[26.8964,36.6936],[26.888,36.6964],[26.8877,36.6974],[26.887,36.6979],[26.8863,36.6974],[26.8869,36.6964],[26.8807,36.6947],[26.8786,36.6948],[26.8766,36.6956],[26.8734,36.6961],[26.8722,36.6974],[26.8714,36.6995],[26.8687,36.7016],[26.8653,36.7057],[26.863,36.7097],[26.8599,36.7128],[26.8578,36.7127],[26.8568,36.7132],[26.8443,36.7117],[26.8411,36.7128],[26.8391,36.7122],[26.837,36.7132],[26.8359,36.7126],[26.8328,36.7172],[26.8315,36.7224],[26.8304,36.7245],[26.8266,36.7297],[26.8257,36.7318],[26.8243,36.7391],[26.824,36.7464],[26.8232,36.7495],[26.8248,36.7516],[26.8307,36.7562],[26.8536,36.769],[26.8609,36.7741],[26.8714,36.7794],[26.8797,36.7865],[26.887,36.789],[26.8922,36.7922],[26.8945,36.7953],[26.8936,36.7984],[26.8943,36.8002],[26.8974,36.8013],[26.9029,36.8047],[26.9043,36.8068],[26.9038,36.8078],[26.9047,36.8084],[26.9058,36.8078],[26.913,36.8109],[26.9151,36.8123],[26.9168,36.812],[26.9165,36.8109],[26.9172,36.8104],[26.9182,36.8115],[26.9203,36.8123],[26.9207,36.813],[26.9197,36.8141],[26.9199,36.8151],[26.9255,36.8201],[26.9287,36.8214],[26.931,36.8255],[26.9369,36.8276],[26.9395,36.8297],[26.9401,36.831],[26.9412,36.8318],[26.9447,36.8411],[26.9455,36.8516],[26.9475,36.8578],[26.948,36.8651],[26.9477,36.8682],[26.9514,36.8734],[26.9551,36.8766],[26.9562,36.8797],[26.9557,36.8828],[26.9531,36.888],[26.9521,36.8891],[26.9503,36.8901],[26.9484,36.8904],[26.9469,36.8901],[26.9455,36.8891],[26.944,36.8807],[26.9442,36.8797],[26.9434,36.8766],[26.9428,36.8703],[26.9421,36.8693],[26.9391,36.867],[26.9359,36.8655],[26.9318,36.8625],[26.9297,36.8618],[26.9245,36.861],[26.9203,36.8631],[26.9193,36.8643],[26.9172,36.865],[26.9165,36.8672],[26.9161,36.8676],[26.915,36.8672],[26.9127,36.8703],[26.9099,36.8757],[26.9089,36.8818],[26.91,36.8891],[26.9115,36.8932],[26.9151,36.8975],[26.9172,36.8984],[26.9182,36.8984],[26.9203,36.8996],[26.9211,36.8995],[26.9204,36.8984],[26.9214,36.8981],[26.9224,36.8984],[26.9232,36.8995],[26.9221,36.9005],[26.9237,36.9016],[26.9233,36.9036],[26.9224,36.9044],[26.9225,36.9057],[26.9221,36.9068],[26.9208,36.9078],[26.9201,36.9099],[26.9208,36.9161],[26.9215,36.9172],[26.9213,36.9182],[26.9227,36.9214],[26.923,36.9234],[26.9226,36.9276],[26.9215,36.9286],[26.9182,36.9343],[26.9161,36.9357],[26.9141,36.9352],[26.913,36.9362],[26.9111,36.937],[26.9103,36.938],[26.9047,36.9421],[26.9022,36.9453],[26.9016,36.9474],[26.9013,36.9516],[26.9016,36.9547],[26.9033,36.9589],[26.9057,36.9596],[26.9107,36.9641],[26.91,36.9651],[26.9078,36.9657],[26.9047,36.9682],[26.9036,36.9682],[26.9026,36.9695],[26.9011,36.9703],[26.8994,36.9734],[26.8983,36.9776],[26.8974,36.9786],[26.8985,36.9818],[26.8984,36.9834],[26.8994,36.9839],[26.8968,36.987],[26.8986,36.9891],[26.8984,36.99],[26.8974,36.9902],[26.8964,36.9912],[26.8943,36.9915],[26.8932,36.9927],[26.8922,36.992],[26.8918,36.9932],[26.8911,36.9936],[26.8901,36.9925],[26.888,36.993],[26.8859,36.9941],[26.8797,36.9961],[26.8771,36.9974],[26.8754,36.9995],[26.8745,37],[26.5099,37],[26.5081,36.9974],[26.5086,36.9964],[26.5085,36.9943],[26.5071,36.9932],[26.5057,36.9938],[26.5036,36.9927],[26.4964,36.9917],[26.4818,36.9915],[26.4755,36.992],[26.4745,36.9925],[26.4693,36.9926],[26.4609,36.9916],[26.4578,36.9905],[26.4557,36.9891],[26.4505,36.9891],[26.4484,36.9908],[26.4443,36.9891],[26.4411,36.9891],[26.4401,36.9901],[26.438,36.9901],[26.437,36.9891],[26.4339,36.9891],[26.4328,36.99],[26.4297,36.9901],[26.4245,36.9896],[26.4234,36.9891],[26.4182,36.9891],[26.4161,36.9894],[26.4151,36.9903],[26.4109,36.9908],[26.4092,36.9922],[26.4093,36.9932],[26.4089,36.9936],[26.4057,36.9903],[26.4026,36.9895],[26.3984,36.9928],[26.3974,36.9921],[26.3953,36.9938],[26.3943,36.9935],[26.3902,36.9901],[26.3904,36.9891],[26.3859,36.9878],[26.3786,36.9886],[26.3682,36.987],[26.3641,36.987],[26.362,36.9874],[26.3589,36.9888],[26.3578,36.9889],[26.3568,36.988],[26.3557,36.9888],[26.3547,36.9886],[26.3526,36.9873],[26.3505,36.987],[26.3474,36.9858],[26.3464,36.9856],[26.3432,36.9864],[26.3422,36.9861],[26.3401,36.9847],[26.337,36.9839],[26.3328,36.9815],[26.3307,36.9808],[26.3161,36.9779],[26.3036,36.9691],[26.2932,36.9648],[26.2807,36.9636],[26.2766,36.964],[26.2703,36.9655],[26.2652,36.9682],[26.2626,36.9714],[26.2622,36.9724],[26.2625,36.9745],[26.262,36.9755],[26.2599,36.9768],[26.2596,36.9776],[26.2609,36.9797],[26.2629,36.9807],[26.2625,36.9818],[26.2637,36.9839],[26.264,36.987],[26.2647,36.988],[26.2641,36.9891],[26.2672,36.9919],[26.2703,36.9929],[26.2734,36.9929],[26.2745,36.9933],[26.2766,36.9917],[26.2797,36.9908],[26.2849,36.991],[26.2943,36.995],[26.3047,36.9974],[26.3078,36.9971],[26.312,36.9953],[26.313,36.9954],[26.313,36.9943],[26.3161,36.9928],[26.3193,36.9936],[26.3318,36.9946],[26.3349,36.9941],[26.338,36.9945],[26.3391,36.9942],[26.3464,36.9956],[26.3505,36.9953],[26.3547,36.9976],[26.361,36.9995],[26.3609,37],[26.0005,37],[26,36.9995],[26,36.9443],[26.0005,36.9435],[26.0078,36.9438],[26.012,36.9423],[26.0224,36.9408],[26.0268,36.9391],[26.0328,36.9349],[26.0328,36.9338],[26.0516,36.9233],[26.0589,36.9198],[26.0661,36.9175],[26.07,36.9151],[26.0766,36.9121],[26.0806,36.9089],[26.0845,36.9068],[26.087,36.906],[26.0901,36.9058],[26.0922,36.9049],[26.0964,36.9021],[26.0974,36.9005],[26.0984,36.9009],[26.099,36.9005],[26.0982,36.8995],[26.1012,36.8953],[26.1037,36.8943],[26.1057,36.892],[26.1089,36.8911],[26.11,36.8922],[26.1095,36.8932],[26.1109,36.8935],[26.113,36.8948],[26.1151,36.8939],[26.1152,36.8953],[26.1168,36.8964],[26.1173,36.8974],[26.1182,36.8976],[26.1199,36.8974],[26.1224,36.8947],[26.1245,36.8956],[26.1255,36.8972],[26.1266,36.8976],[26.1284,36.8995],[26.1286,36.9005],[26.1307,36.902],[26.1318,36.9013],[26.1329,36.9016],[26.1324,36.8995],[26.1314,36.8984],[26.1306,36.8964],[26.1278,36.8932],[26.1278,36.8922],[26.1268,36.8911],[26.1265,36.8891],[26.1257,36.888],[26.1245,36.8875],[26.1182,36.8877],[26.1165,36.8859],[26.1124,36.8839],[26.1128,36.8807],[26.112,36.8796],[26.1109,36.8797],[26.1047,36.8832],[26.1019,36.8839],[26.0995,36.8862],[26.0974,36.887],[26.0943,36.8864],[26.0911,36.8869],[26.087,36.8847],[26.0672,36.8849],[26.0635,36.887],[26.0609,36.8875],[26.0589,36.8886],[26.0526,36.8901],[26.0484,36.8922],[26.0443,36.8929],[26.0359,36.8927],[26.0328,36.8912],[26.0307,36.8916],[26.0224,36.8896],[26.0193,36.8893],[26.0161,36.8879],[26.0078,36.8877],[26.0068,36.8885],[26.0046,36.888],[26.0036,36.8871],[26.0016,36.8871],[26,36.8859],[26,36.0005],[26.0005,36],[26.4255,36],[26.4258,36.0036],[26.4276,36.0067],[26.4318,36.0091],[26.4359,36.0097],[26.4391,36.009],[26.4426,36.0068],[26.4447,36.0047],[26.4464,36],[26.9995,36],[27,36.0005]],[[26.1203,36.8849],[26.1203,36.8853],[26.1212,36.8849],[26.1203,36.8849]],[[26.1255,36.8835],[26.1255,36.8844],[26.1266,36.8849],[26.1264,36.8839],[26.1255,36.8835]],[[26.1839,36.8825],[26.1824,36.8828],[26.1818,36.8836],[26.1797,36.8832],[26.1776,36.8837],[26.177,36.8849],[26.1755,36.8858],[26.1693,36.8852],[26.1651,36.8854],[26.162,36.8857],[26.1599,36.8867],[26.1558,36.887],[26.1557,36.888],[26.1548,36.8891],[26.1516,36.8906],[26.1511,36.8911],[26.152,36.8922],[26.1521,36.8932],[26.1516,36.8953],[26.1505,36.8945],[26.1491,36.8953],[26.1493,36.8964],[26.1479,36.9005],[26.1486,36.9016],[26.1484,36.9027],[26.1474,36.9034],[26.1464,36.903],[26.1453,36.9053],[26.1443,36.906],[26.1431,36.9078],[26.1437,36.9109],[26.1453,36.9141],[26.1495,36.9197],[26.1526,36.9228],[26.1589,36.9247],[26.1609,36.9244],[26.162,36.9251],[26.163,36.9251],[26.1651,36.9251],[26.1661,36.9244],[26.1672,36.9251],[26.1693,36.9248],[26.1734,36.9235],[26.1745,36.9223],[26.176,36.9224],[26.1786,36.9201],[26.1807,36.9195],[26.1818,36.9187],[26.1835,36.9161],[26.1837,36.9151],[26.1827,36.912],[26.1827,36.9109],[26.1841,36.9089],[26.1836,36.9078],[26.1838,36.9068],[26.1852,36.9057],[26.1869,36.9026],[26.1871,36.9005],[26.1879,36.8995],[26.1862,36.8984],[26.1866,36.8974],[26.1859,36.8966],[26.1847,36.8964],[26.1859,36.8953],[26.1872,36.8901],[26.1871,36.888],[26.1891,36.8859],[26.1866,36.8839],[26.1839,36.8825]],[[26.2995,36.7909],[26.2979,36.7911],[26.2983,36.7922],[26.3016,36.797],[26.3036,36.7991],[26.3068,36.8008],[26.3089,36.8006],[26.3099,36.8],[26.3103,36.7995],[26.31,36.7984],[26.3088,36.7974],[26.2995,36.7909]],[[26.288,36.7544],[26.2876,36.7547],[26.288,36.7576],[26.2901,36.7572],[26.2904,36.7568],[26.2901,36.7557],[26.2891,36.7555],[26.288,36.7544]],[[26.2401,36.739],[26.2397,36.7391],[26.2401,36.742],[26.2406,36.7401],[26.2401,36.739]],[[26.2547,36.7314],[26.2505,36.7335],[26.2494,36.7359],[26.2463,36.7391],[26.2469,36.7401],[26.2453,36.7404],[26.2432,36.742],[26.2419,36.7422],[26.2432,36.7435],[26.2445,36.7474],[26.2453,36.7486],[26.25,36.7516],[26.2526,36.7525],[26.2589,36.7524],[26.2609,36.7531],[26.263,36.7531],[26.2637,36.7505],[26.2651,36.7485],[26.2661,36.7497],[26.2684,36.7464],[26.2714,36.7459],[26.2724,36.7464],[26.2736,36.7453],[26.2728,36.7422],[26.2732,36.7401],[26.2724,36.7393],[26.2693,36.7378],[26.2661,36.7385],[26.2651,36.738],[26.2613,36.7349],[26.2568,36.7331],[26.2547,36.7314]],[[26.2401,36.7228],[26.2391,36.7226],[26.2359,36.7234],[26.2356,36.7245],[26.2339,36.7254],[26.2318,36.7239],[26.2307,36.7237],[26.2281,36.7245],[26.2271,36.7255],[26.2268,36.7266],[26.2276,36.7297],[26.2307,36.7318],[26.2318,36.733],[26.2339,36.733],[26.2349,36.7339],[26.2359,36.7333],[26.2365,36.7349],[26.238,36.7365],[26.238,36.7357],[26.2374,36.7349],[26.2375,36.7328],[26.2368,36.7318],[26.2369,36.7307],[26.238,36.7296],[26.2391,36.7296],[26.2413,36.7276],[26.2406,36.7266],[26.2412,36.7255],[26.2411,36.7245],[26.2401,36.7228]],[[26.1474,36.514],[26.1443,36.5138],[26.1349,36.5143],[26.1339,36.5154],[26.1328,36.5148],[26.1318,36.5151],[26.1298,36.5172],[26.1261,36.5234],[26.1243,36.5276],[26.1243,36.5297],[26.1254,36.5349],[26.1253,36.537],[26.1243,36.5411],[26.1224,36.5453],[26.1217,36.5495],[26.1195,36.5547],[26.1195,36.5589],[26.121,36.5599],[26.1209,36.5609],[26.1214,36.5615],[26.1226,36.562],[26.122,36.563],[26.1224,36.5636],[26.1255,36.5661],[26.1266,36.566],[26.1359,36.5701],[26.137,36.5693],[26.1401,36.57],[26.1411,36.5695],[26.1443,36.5701],[26.1484,36.5694],[26.1516,36.5682],[26.1582,36.5609],[26.1636,36.5516],[26.1636,36.5505],[26.1653,36.5484],[26.1651,36.5474],[26.1661,36.5468],[26.1677,36.5443],[26.1675,36.5432],[26.1683,36.5422],[26.1659,36.5401],[26.1667,36.5391],[26.1653,36.538],[26.1667,36.537],[26.1651,36.5362],[26.1643,36.5349],[26.1645,36.5339],[26.1637,36.5318],[26.1631,36.5276],[26.1606,36.5255],[26.1606,36.5245],[26.1589,36.5217],[26.1537,36.5172],[26.1505,36.5151],[26.1474,36.514]],[[26.3286,36.4994],[26.3245,36.4994],[26.3133,36.5005],[26.312,36.5018],[26.3114,36.5047],[26.3102,36.5068],[26.3078,36.5076],[26.3047,36.5075],[26.3036,36.508],[26.2995,36.5071],[26.2974,36.5076],[26.2932,36.5063],[26.2911,36.507],[26.2901,36.5065],[26.2891,36.5066],[26.287,36.5085],[26.2859,36.5087],[26.282,36.513],[26.2693,36.531],[26.2599,36.5401],[26.2577,36.5411],[26.2564,36.5443],[26.2557,36.5449],[26.2547,36.5446],[26.2536,36.5453],[26.2516,36.5447],[26.2484,36.5461],[26.2479,36.5453],[26.2487,36.5443],[26.2486,36.5411],[26.2482,36.5401],[26.2491,36.5391],[26.2474,36.5377],[26.2455,36.537],[26.2443,36.5349],[26.2464,36.5347],[26.2484,36.5361],[26.2505,36.5356],[26.2511,36.5349],[26.2495,36.5344],[26.2451,36.5318],[26.2453,36.5313],[26.2475,36.5307],[26.2464,36.5306],[26.2441,36.5286],[26.2445,36.5276],[26.2441,36.5245],[26.2435,36.5234],[26.2444,36.5224],[26.2433,36.5214],[26.2422,36.5204],[26.2339,36.5177],[26.2297,36.5171],[26.2286,36.518],[26.2276,36.5171],[26.2266,36.5179],[26.2255,36.517],[26.2234,36.5186],[26.2214,36.517],[26.2205,36.5182],[26.2209,36.5193],[26.2203,36.5199],[26.2193,36.5195],[26.2175,36.5214],[26.216,36.5245],[26.2164,36.5255],[26.2143,36.5297],[26.2047,36.5391],[26.2038,36.5401],[26.2037,36.5411],[26.2026,36.5413],[26.2015,36.5443],[26.2014,36.5474],[26.2053,36.5536],[26.2047,36.5557],[26.2051,36.5568],[26.2045,36.5578],[26.2057,36.5585],[26.2068,36.5604],[26.2078,36.5595],[26.209,36.5599],[26.2076,36.562],[26.2091,36.562],[26.2095,36.5651],[26.2109,36.5676],[26.212,36.5683],[26.213,36.5679],[26.2141,36.5684],[26.2151,36.5703],[26.2161,36.571],[26.2193,36.5718],[26.2224,36.5745],[26.2225,36.5766],[26.2213,36.5776],[26.2208,36.5807],[26.2182,36.5823],[26.2176,36.5839],[26.2203,36.5856],[26.2224,36.586],[26.224,36.5891],[26.2245,36.5916],[26.2255,36.5916],[26.2276,36.5933],[26.2286,36.5931],[26.2304,36.5964],[26.2295,36.5984],[26.2297,36.5995],[26.2307,36.6003],[26.2328,36.6007],[26.2359,36.5984],[26.237,36.5985],[26.238,36.5992],[26.2391,36.5992],[26.2432,36.6022],[26.2453,36.6056],[26.2474,36.6058],[26.2484,36.6055],[26.2516,36.6062],[26.2547,36.6062],[26.2599,36.6079],[26.262,36.6082],[26.263,36.6086],[26.2661,36.612],[26.2672,36.6114],[26.2703,36.6143],[26.2734,36.6156],[26.2776,36.6162],[26.2786,36.6168],[26.2797,36.6158],[26.2807,36.6163],[26.2818,36.6155],[26.2839,36.6149],[26.2891,36.6147],[26.2984,36.6165],[26.3057,36.6171],[26.3078,36.6193],[26.3092,36.6266],[26.3119,36.6318],[26.3156,36.6349],[26.3203,36.6372],[26.3216,36.637],[26.3224,36.6379],[26.3276,36.6378],[26.3328,36.6367],[26.3359,36.6349],[26.3368,36.6339],[26.3357,36.6328],[26.3359,36.6325],[26.337,36.6325],[26.338,36.6316],[26.3391,36.6316],[26.3401,36.6323],[26.3427,36.6307],[26.3495,36.6303],[26.3526,36.6285],[26.3547,36.6285],[26.3568,36.6269],[26.3587,36.6245],[26.3599,36.6238],[26.362,36.6238],[26.3641,36.6217],[26.3682,36.6225],[26.3683,36.6234],[26.3663,36.6286],[26.366,36.6307],[26.3649,36.6339],[26.3655,36.6391],[26.3734,36.6485],[26.3776,36.6507],[26.3818,36.6515],[26.3849,36.6508],[26.3984,36.6495],[26.4036,36.6479],[26.4057,36.6478],[26.4089,36.6464],[26.4109,36.6447],[26.419,36.6401],[26.4276,36.6364],[26.4364,36.6297],[26.4474,36.623],[26.4495,36.6214],[26.4505,36.62],[26.4547,36.6181],[26.4609,36.6141],[26.4665,36.6089],[26.4724,36.602],[26.4725,36.6005],[26.4742,36.5974],[26.4745,36.5958],[26.4776,36.5911],[26.4776,36.588],[26.4788,36.5859],[26.4796,36.5797],[26.4796,36.5776],[26.4789,36.5766],[26.4789,36.5755],[26.4776,36.5749],[26.4771,36.5734],[26.4753,36.5714],[26.475,36.5703],[26.4756,36.5693],[26.474,36.563],[26.474,36.5609],[26.4748,36.5589],[26.4758,36.5578],[26.4757,36.5568],[26.4766,36.5557],[26.4771,36.5526],[26.4786,36.5511],[26.4797,36.5516],[26.4818,36.5496],[26.4827,36.5474],[26.4826,36.5464],[26.4855,36.5432],[26.4858,36.5411],[26.485,36.538],[26.4823,36.5318],[26.4788,36.5276],[26.4724,36.5244],[26.4703,36.5225],[26.4672,36.5232],[26.4661,36.5226],[26.4609,36.523],[26.4589,36.5245],[26.4564,36.5245],[26.4536,36.526],[26.4526,36.5281],[26.4443,36.5283],[26.4422,36.53],[26.4401,36.5304],[26.4391,36.5314],[26.434,36.5328],[26.4318,36.5343],[26.4307,36.5337],[26.431,36.5359],[26.4297,36.5371],[26.4294,36.5359],[26.4286,36.5356],[26.428,36.5359],[26.4276,36.5369],[26.4273,36.5349],[26.4286,36.5339],[26.4265,36.5328],[26.4258,36.5318],[26.4262,36.5307],[26.4254,36.5297],[26.4224,36.5275],[26.4182,36.5265],[26.413,36.5267],[26.4099,36.5278],[26.4068,36.5275],[26.4057,36.5283],[26.4047,36.5273],[26.4036,36.5286],[26.4016,36.5281],[26.4,36.5286],[26.3995,36.5293],[26.3984,36.5285],[26.3953,36.5317],[26.3922,36.5323],[26.3839,36.5277],[26.3818,36.5275],[26.3807,36.5283],[26.3766,36.5277],[26.3755,36.5281],[26.3714,36.528],[26.3707,36.5276],[26.3711,36.5255],[26.3696,36.5245],[26.3697,36.5234],[26.3692,36.5224],[26.3712,36.5182],[26.372,36.512],[26.3727,36.5109],[26.3716,36.5078],[26.3693,36.5053],[26.363,36.505],[26.3536,36.5023],[26.3422,36.5022],[26.3349,36.5002],[26.3286,36.4994]],[[26.9474,36.4939],[26.9457,36.4953],[26.9474,36.4959],[26.9482,36.4953],[26.9474,36.4939]],[[26.9682,36.4932],[26.9589,36.4924],[26.9578,36.4941],[26.9539,36.4953],[26.9541,36.4974],[26.9536,36.4984],[26.9547,36.4983],[26.9568,36.5005],[26.9578,36.5005],[26.9582,36.5016],[26.9639,36.5068],[26.9655,36.5078],[26.9672,36.5078],[26.9682,36.5088],[26.9766,36.5089],[26.9776,36.5102],[26.9797,36.5106],[26.9849,36.509],[26.9839,36.5086],[26.9836,36.5068],[26.9824,36.5057],[26.9828,36.5047],[26.9818,36.5036],[26.9818,36.5026],[26.9793,36.4984],[26.9714,36.4939],[26.9682,36.4932]],[[26.9161,36.4907],[26.9151,36.4911],[26.9161,36.4913],[26.9161,36.4907]],[[26.6099,36.3973],[26.6078,36.3984],[26.6068,36.398],[26.6036,36.3984],[26.6016,36.3996],[26.5984,36.3995],[26.5932,36.4003],[26.5927,36.4005],[26.5937,36.4016],[26.5911,36.4024],[26.5891,36.4006],[26.5849,36.4005],[26.5839,36.4015],[26.5828,36.4],[26.5818,36.4007],[26.5807,36.3999],[26.5797,36.4],[26.5786,36.4007],[26.5786,36.4026],[26.5804,36.4036],[26.5831,36.4099],[26.5849,36.412],[26.5862,36.4151],[26.5888,36.4182],[26.5891,36.4192],[26.5901,36.4193],[26.5911,36.4204],[26.5984,36.423],[26.6026,36.4234],[26.6057,36.4222],[26.6078,36.4227],[26.6089,36.4219],[26.6099,36.4234],[26.6115,36.4245],[26.6161,36.4257],[26.6234,36.4263],[26.6282,36.4245],[26.6294,36.4234],[26.6295,36.4224],[26.6306,36.4214],[26.6303,36.4182],[26.6311,36.4172],[26.6304,36.4161],[26.6308,36.412],[26.6304,36.4109],[26.6264,36.4068],[26.6255,36.4051],[26.6224,36.4036],[26.622,36.4026],[26.6214,36.4022],[26.6203,36.4028],[26.6182,36.4011],[26.6151,36.4001],[26.6128,36.3984],[26.6099,36.3973]],[[26.6661,36.3772],[26.6651,36.3768],[26.6647,36.3776],[26.6651,36.378],[26.6667,36.3776],[26.6661,36.3772]],[[26.6859,36.315],[26.6807,36.3152],[26.676,36.3172],[26.6745,36.3174],[26.6734,36.3182],[26.6641,36.32],[26.6609,36.3221],[26.6578,36.3266],[26.6563,36.3276],[26.6536,36.3339],[26.6519,36.3401],[26.6519,36.3422],[26.6505,36.3447],[26.6495,36.3456],[26.6485,36.3484],[26.6439,36.3526],[26.6418,36.3568],[26.6425,36.363],[26.6434,36.3651],[26.6431,36.3672],[26.644,36.3703],[26.6484,36.3749],[26.6516,36.3762],[26.6557,36.3772],[26.6568,36.3764],[26.6578,36.377],[26.6599,36.3769],[26.6609,36.3749],[26.662,36.3758],[26.663,36.3745],[26.6651,36.3763],[26.6688,36.3766],[26.6676,36.3776],[26.6682,36.3785],[26.6684,36.3776],[26.6693,36.3767],[26.6703,36.3766],[26.6714,36.3776],[26.6716,36.3766],[26.674,36.3745],[26.6742,36.3734],[26.6755,36.3738],[26.6764,36.3734],[26.6759,36.3724],[26.6766,36.3715],[26.6778,36.3714],[26.6819,36.3672],[26.6859,36.364],[26.6955,36.3526],[26.6964,36.351],[26.7005,36.3481],[26.7057,36.3434],[26.7054,36.3422],[26.7061,36.3411],[26.7056,36.3401],[26.7053,36.3359],[26.703,36.3307],[26.7016,36.3298],[26.7012,36.3286],[26.7005,36.328],[26.7004,36.3255],[26.6984,36.3234],[26.6974,36.3205],[26.6901,36.3159],[26.6859,36.315]],[[26.0547,36.2765],[26.0533,36.2766],[26.0528,36.2776],[26.053,36.2786],[26.0548,36.2828],[26.0578,36.2862],[26.0599,36.287],[26.063,36.2873],[26.0663,36.287],[26.0686,36.2859],[26.0685,36.2849],[26.0676,36.2839],[26.0609,36.2789],[26.0547,36.2765]],[[26.7495,36.2734],[26.7464,36.2741],[26.7401,36.2744],[26.737,36.2753],[26.7349,36.2766],[26.7286,36.2823],[26.7251,36.288],[26.7243,36.2922],[26.7233,36.2943],[26.7238,36.2974],[26.7236,36.3016],[26.7242,36.3036],[26.7237,36.3089],[26.7225,36.312],[26.7214,36.312],[26.7201,36.313],[26.721,36.3141],[26.7185,36.3151],[26.7182,36.3161],[26.7184,36.3182],[26.718,36.3193],[26.7187,36.3203],[26.7184,36.3214],[26.7194,36.3245],[26.7205,36.3266],[26.7255,36.3311],[26.7266,36.3306],[26.7286,36.3319],[26.7297,36.3319],[26.7328,36.3295],[26.7343,36.3276],[26.7356,36.3245],[26.7358,36.3224],[26.7365,36.3214],[26.7363,36.3203],[26.737,36.3193],[26.7363,36.3182],[26.737,36.3174],[26.738,36.3179],[26.7389,36.3172],[26.7396,36.3151],[26.7411,36.3135],[26.7451,36.3109],[26.7464,36.3108],[26.7505,36.3089],[26.7539,36.3068],[26.7599,36.3048],[26.7608,36.3036],[26.762,36.3033],[26.7644,36.3016],[26.7662,36.2995],[26.7666,36.2984],[26.7664,36.2953],[26.764,36.2911],[26.7641,36.2901],[26.7631,36.2891],[26.7641,36.288],[26.7632,36.287],[26.7641,36.2839],[26.7641,36.2822],[26.7616,36.2797],[26.7609,36.2778],[26.7578,36.2751],[26.7557,36.2743],[26.7495,36.2734]],[[26.6703,36.2525],[26.6672,36.2528],[26.6648,36.2547],[26.6646,36.2578],[26.6652,36.2599],[26.6677,36.2641],[26.6734,36.2678],[26.6745,36.269],[26.6758,36.2724],[26.6774,36.2745],[26.6776,36.2755],[26.6797,36.2773],[26.68,36.2786],[26.6827,36.2818],[26.6843,36.2859],[26.6859,36.2887],[26.688,36.2908],[26.6911,36.2918],[26.6974,36.2909],[26.6995,36.2893],[26.7005,36.2899],[26.7033,36.287],[26.7036,36.2859],[26.7028,36.2849],[26.7036,36.2841],[26.7047,36.2849],[26.7036,36.2824],[26.7026,36.2845],[26.7021,36.2839],[26.7022,36.2807],[26.7005,36.2778],[26.6964,36.2733],[26.6904,36.2682],[26.688,36.2677],[26.6828,36.2637],[26.6803,36.263],[26.6755,36.2556],[26.6724,36.2531],[26.6703,36.2525]],[[26.6484,36.2442],[26.6432,36.2434],[26.6276,36.2443],[26.6246,36.2464],[26.624,36.2474],[26.6239,36.2495],[26.6255,36.2519],[26.6286,36.2533],[26.6443,36.2542],[26.6526,36.2541],[26.6578,36.2547],[26.6609,36.2543],[26.6623,36.2536],[26.6614,36.2516],[26.6594,36.2495],[26.6484,36.2442]],[[26.3036,36.1587],[26.3021,36.1599],[26.302,36.163],[26.3036,36.1645],[26.3057,36.1656],[26.3076,36.1641],[26.3074,36.162],[26.3062,36.1599],[26.3036,36.1587]],[[26.412,36.0368],[26.4026,36.0388],[26.3984,36.0422],[26.3969,36.0443],[26.3943,36.0501],[26.3911,36.0547],[26.3899,36.0578],[26.3849,36.0627],[26.3833,36.0651],[26.3824,36.0682],[26.3823,36.0786],[26.3849,36.085],[26.388,36.0889],[26.3911,36.0908],[26.3953,36.0916],[26.4005,36.0912],[26.4099,36.0874],[26.412,36.087],[26.4161,36.0841],[26.4171,36.0828],[26.4178,36.0807],[26.417,36.0766],[26.4176,36.0724],[26.4169,36.0703],[26.4164,36.0641],[26.4149,36.062],[26.4151,36.0599],[26.4163,36.0589],[26.4161,36.0578],[26.4172,36.0557],[26.417,36.0547],[26.4188,36.0464],[26.4188,36.0422],[26.4172,36.039],[26.4151,36.0375],[26.412,36.0368]]]]}},{"type":"Feature","properties":{"depth":100,"kind":"isobath"},"geometry":{"type":"MultiLineString","coordinates":[[[26.395,36.9995],[26.3984,36.9985],[26.404,36.9984],[26.4071,36.9995]],[[26.3571,36.9891],[26.3566,36.9891],[26.3568,36.9885]],[[26.8988,36.987],[26.8984,36.9874],[26.8979,36.987],[26.8984,36.9865]],[[26.2629,36.9766],[26.262,36.977],[26.2611,36.9766],[26.262,36.9755]],[[26.9235,36.9047],[26.9231,36.9047],[26.9234,36.9041]],[[26.0992,36.8974],[26.0983,36.8974],[26.0984,36.8971]],[[26.2638,36.7495],[26.263,36.7499],[26.263,36.7487]],[[26.2649,36.7484],[26.2641,36.7488],[26.2637,36.7484]],[[26.2669,36.7484],[26.2661,36.7488],[26.2653,36.7484],[26.2661,36.7474]],[[26.8907,36.6995],[26.8901,36.7],[26.8898,36.6995]],[[26.9053,36.6932],[26.9063,36.6943],[26.9058,36.6953],[26.9047,36.6961],[26.9026,36.6955],[26.9031,36.6943],[26.9047,36.6926]],[[26.1675,36.5422],[26.1672,36.5423],[26.1672,36.5418]],[[26.1654,36.5391],[26.165,36.5391],[26.1651,36.5387]],[[26.4277,36.538],[26.4266,36.5393],[26.4263,36.5391],[26.4266,36.5379],[26.4276,36.5372]],[[26.3957,36.5328],[26.3953,36.5333],[26.3947,36.5328],[26.3953,36.532]],[[26.244,36.5224],[26.2432,36.5231],[26.2428,36.5224],[26.2432,36.5215]],[[26.5851,36.4036],[26.5846,36.4036],[26.5849,36.4033]],[[26.5841,36.4026],[26.5835,36.4026],[26.5839,36.4016]],[[26.5838,36.4016],[26.5828,36.4019],[26.5822,36.4016],[26.5828,36.401]],[[26.6791,36.3693],[26.6786,36.3698],[26.6784,36.3693]],[[26.7369,36.3193],[26.7359,36.3197],[26.7358,36.3193],[26.7359,36.3188]],[[26.7639,36.288],[26.763,36.2889],[26.7622,36.288],[26.763,36.2873]],[[26.9995,36.7457],[26.9974,36.7455],[26.9945,36.7443],[26.9932,36.743],[26.9851,36.7422],[26.9831,36.7401],[26.9818,36.737],[26.9826,36.7359],[26.9858,36.7339],[26.9903,36.7245],[26.9924,36.7234],[26.9933,36.7224],[26.9921,36.7193],[26.9891,36.7174],[26.9877,36.7151],[26.9839,36.7117],[26.9799,36.7099],[26.9769,36.7068],[26.9722,36.6984],[26.972,36.6953],[26.9724,36.6943],[26.9719,36.6922],[26.9729,36.6891],[26.972,36.6849],[26.9725,36.6839],[26.972,36.6828],[26.9723,36.6818],[26.9732,36.6797],[26.9762,36.6755],[26.9764,36.6682],[26.9779,36.6661],[26.9781,36.6651],[26.9815,36.662],[26.9776,36.6588],[26.9755,36.658],[26.9734,36.658],[26.9693,36.6581],[26.9651,36.6591],[26.9633,36.6599],[26.9626,36.6609],[26.9585,36.6641],[26.9567,36.6672],[26.9536,36.6674],[26.9516,36.6665],[26.9487,36.6672],[26.9422,36.6695],[26.9349,36.6738],[26.9328,36.6743],[26.9286,36.6736],[26.9255,36.675],[26.9234,36.6746],[26.9224,36.6753],[26.9193,36.6748],[26.9182,36.6745],[26.9172,36.6731],[26.9161,36.6732],[26.9141,36.6745],[26.9127,36.6766],[26.9108,36.6776],[26.91,36.6786],[26.91,36.6807],[26.9094,36.6828],[26.9103,36.6849],[26.9075,36.6891],[26.9005,36.6923],[26.8995,36.6921],[26.8964,36.6936],[26.888,36.6964],[26.8877,36.6974],[26.887,36.6979],[26.8863,36.6974],[26.8869,36.6964],[26.8807,36.6947],[26.8786,36.6948],[26.8766,36.6956],[26.8734,36.6961],[26.8722,36.6974],[26.8714,36.6995],[26.8687,36.7016],[26.8653,36.7057],[26.863,36.7097],[26.8599,36.7128],[26.8578,36.7127],[26.8568,36.7132],[26.8443,36.7117],[26.8411,36.7128],[26.8391,36.7122],[26.837,36.7132],[26.8359,36.7126],[26.8328,36.7172],[26.8315,36.7224],[26.8304,36.7245],[26.8266,36.7297],[26.8257,36.7318],[26.8243,36.7391],[26.824,36.7464],[26.8232,36.7495],[26.8248,36.7516],[26.8307,36.7562],[26.8536,36.769],[26.8609,36.7741],[26.8714,36.7794],[26.8797,36.7865],[26.887,36.789],[26.8922,36.7922],[26.8945,36.7953],[26.8936,36.7984],[26.8943,36.8002],[26.8974,36.8013],[26.9029,36.8047],[26.9043,36.8068],[26.9038,36.8078],[26.9047,36.8084],[26.9058,36.8078],[26.913,36.8109],[26.9151,36.8123],[26.9168,36.812],[26.9165,36.8109],[26.9172,36.8104],[26.9182,36.8115],[26.9203,36.8123],[26.9207,36.813],[26.9197,36.8141],[26.9199,36.8151],[26.9255,36.8201],[26.9287,36.8214],[26.931,36.8255],[26.9369,36.8276],[26.9395,36.8297],[26.9401,36.831],[26.9412,36.8318],[26.9447,36.8411],[26.9455,36.8516],[26.9475,36.8578],[26.948,36.8651],[26.9477,36.8682],[26.9514,36.8734],[26.9551,36.8766],[26.9562,36.8797],[26.9557,36.8828],[26.9531,36.888],[26.9521,36.8891],[26.9503,36.8901],[26.9484,36.8904],[26.9469,36.8901],[26.9455,36.8891],[26.944,36.8807],[26.9442,36.8797],[26.9434,36.8766],[26.9428,36.8703],[26.9421,36.8693],[26.9391,36.867],[26.9359,36.8655],[26.9318,36.8625],[26.9297,36.8618],[26.9245,36.861],[26.9203,36.8631],[26.9193,36.8643],[26.9172,36.865],[26.9165,36.8672],[26.9161,36.8676],[26.915,36.8672],[26.9127,36.8703],[26.9099,36.8757],[26.9089,36.8818],[26.91,36.8891],[26.9115,36.8932],[26.9151,36.8975],[26.9172,36.8984],[26.9182,36.8984],[26.9203,36.8996],[26.9211,36.8995],[26.9204,36.8984],[26.9214,36.8981],[26.9224,36.8984],[26.9232,36.8995],[26.9221,36.9005],[26.9237,36.9016],[26.9233,36.9036],[26.9224,36.9044],[26.9225,36.9057],[26.9221,36.9068],[26.9208,36.9078],[26.9201,36.9099],[26.9208,36.9161],[26.9215,36.9172],[26.9213,36.9182],[26.9227,36.9214],[26.923,36.9234],[26.9226,36.9276],[26.9215,36.9286],[26.9182,36.9343],[26.9161,36.9357],[26.9141,36.9352],[26.913,36.9362],[26.9111,36.937],[26.9103,36.938],[26.9047,36.9421],[26.9022,36.9453],[26.9016,36.9474],[26.9013,36.9516],[26.9016,36.9547],[26.9033,36.9589],[26.9057,36.9596],[26.9107,36.9641],[26.91,36.9651],[26.9078,36.9657],[26.9047,36.9682],[26.9036,36.9682],[26.9026,36.9695],[26.9011,36.9703],[26.8994,36.9734],[26.8983,36.9776],[26.8974,36.9786],[26.8985,36.9818],[26.8984,36.9834],[26.8994,36.9839],[26.8968,36.987],[26.8986,36.9891],[26.8984,36.99],[26.8974,36.9902],[26.8964,36.9912],[26.8943,36.9915],[26.8932,36.9927],[26.8922,36.992],[26.8918,36.9932],[26.8911,36.9936],[26.8901,36.9925],[26.888,36.993],[26.8859,36.9941],[26.8797,36.9961],[26.8771,36.9974],[26.8754,36.9995]],[[26.5081,36.9974],[26.5086,36.9964],[26.5085,36.9943],[26.5071,36.9932],[26.5057,36.9938],[26.5036,36.9927],[26.4964,36.9917],[26.4818,36.9915],[26.4755,36.992],[26.4745,36.9925],[26.4693,36.9926],[26.4609,36.9916],[26.4578,36.9905],[26.4557,36.9891],[26.4505,36.9891],[26.4484,36.9908],[26.4443,36.9891],[26.4411,36.9891],[26.4401,36.9901],[26.438,36.9901],[26.437,36.9891],[26.4339,36.9891],[26.4328,36.99],[26.4297,36.9901],[26.4245,36.9896],[26.4234,36.9891],[26.4182,36.9891],[26.4161,36.9894],[26.4151,36.9903],[26.4109,36.9908],[26.4092,36.9922],[26.4093,36.9932],[26.4089,36.9936],[26.4057,36.9903],[26.4026,36.9895],[26.3984,36.9928],[26.3974,36.9921],[26.3953,36.9938],[26.3943,36.9935],[26.3902,36.9901],[26.3904,36.9891],[26.3859,36.9878],[26.3786,36.9886],[26.3682,36.987],[26.3641,36.987],[26.362,36.9874],[26.3589,36.9888],[26.3578,36.9889],[26.3568,36.988],[26.3557,36.9888],[26.3547,36.9886],[26.3526,36.9873],[26.3505,36.987],[26.3474,36.9858],[26.3464,36.9856],[26.3432,36.9864],[26.3422,36.9861],[26.3401,36.9847],[26.337,36.9839],[26.3328,36.9815],[26.3307,36.9808],[26.3161,36.9779],[26.3036,36.9691],[26.2932,36.9648],[26.2807,36.9636],[26.2766,36.964],[26.2703,36.9655],[26.2652,36.9682],[26.2626,36.9714],[26.2622,36.9724],[26.2625,36.9745],[26.262,36.9755],[26.2599,36.9768],[26.2596,36.9776],[26.2609,36.9797],[26.2629,36.9807],[26.2625,36.9818],[26.2637,36.9839],[26.264,36.987],[26.2647,36.988],[26.2641,36.9891],[26.2672,36.9919],[26.2703,36.9929],[26.2734,36.9929],[26.2745,36.9933],[26.2766,36.9917],[26.2797,36.9908],[26.2849,36.991],[26.2943,36.995],[26.3047,36.9974],[26.3078,36.9971],[26.312,36.9953],[26.313,36.9954],[26.313,36.9943],[26.3161,36.9928],[26.3193,36.9936],[26.3318,36.9946],[26.3349,36.9941],[26.338,36.9945],[26.3391,36.9942],[26.3464,36.9956],[26.3505,36.9953],[26.3547,36.9976],[26.361,36.9995]],[[26.0005,36.9435],[26.0078,36.9438],[26.012,36.9423],[26.0224,36.9408],[26.0268,36.9391],[26.0328,36.9349],[26.0328,36.9338],[26.0516,36.9233],[26.0589,36.9198],[26.0661,36.9175],[26.07,36.9151],[26.0766,36.9121],[26.0806,36.9089],[26.0845,36.9068],[26.087,36.906],[26.0901,36.9058],[26.0922,36.9049],[26.0964,36.9021],[26.0974,36.9005],[26.0984,36.9009],[26.099,36.9005],[26.0982,36.8995],[26.1012,36.8953],[26.1037,36.8943],[26.1057,36.892],[26.1089,36.8911],[26.11,36.8922],[26.1095,36.8932],[26.1109,36.8935],[26.113,36.8948],[26.1151,36.8939],[26.1152,36.8953],[26.1168,36.8964],[26.1173,36.8974],[26.1182,36.8976],[26.1199,36.8974],[26.1224,36.8947],[26.1245,36.8956],[26.1255,36.8972],[26.1266,36.8976],[26.1284,36.8995],[26.1286,36.9005],[26.1307,36.902],[26.1318,36.9013],[26.1329,36.9016],[26.1324,36.8995],[26.1314,36.8984],[26.1306,36.8964],[26.1278,36.8932],[26.1278,36.8922],[26.1268,36.8911],[26.1265,36.8891],[26.1257,36.888],[26.1245,36.8875],[26.1182,36.8877],[26.1165,36.8859],[26.1124,36.8839],[26.1128,36.8807],[26.112,36.8796],[26.1109,36.8797],[26.1047,36.8832],[26.1019,36.8839],[26.0995,36.8862],[26.0974,36.887],[26.0943,36.8864],[26.0911,36.8869],[26.087,36.8847],[26.0672,36.8849],[26.0635,36.887],[26.0609,36.8875],[26.0589,36.8886],[26.0526,36.8901],[26.0484,36.8922],[26.0443,36.8929],[26.0359,36.8927],[26.0328,36.8912],[26.0307,36.8916],[26.0224,36.8896],[26.0193,36.8893],[26.0161,36.8879],[26.0078,36.8877],[26.0068,36.8885],[26.0046,36.888],[26.0036,36.8871],[26.0016,36.8871]],[[26.4258,36.0036],[26.4276,36.0067],[26.4318,36.0091],[26.4359,36.0097],[26.4391,36.009],[26.4426,36.0068],[26.4447,36.0047]],[[26.1203,36.8849],[26.1203,36.8853],[26.1212,36.8849]],[[26.1255,36.8835],[26.1255,36.8844],[26.1266,36.8849],[26.1264,36.8839]],[[26.1839,36.8825],[26.1824,36.8828],[26.1818,36.8836],[26.1797,36.8832],[26.1776,36.8837],[26.177,36.8849],[26.1755,36.8858],[26.1693,36.8852],[26.1651,36.8854],[26.162,36.8857],[26.1599,36.8867],[26.1558,36.887],[26.1557,36.888],[26.1548,36.8891],[26.1516,36.8906],[26.1511,36.8911],[26.152,36.8922],[26.1521,36.8932],[26.1516,36.8953],[26.1505,36.8945],[26.1491,36.8953],[26.1493,36.8964],[26.1479,36.9005],[26.1486,36.9016],[26.1484,36.9027],[26.1474,36.9034],[26.1464,36.903],[26.1453,36.9053],[26.1443,36.906],[26.1431,36.9078],[26.1437,36.9109],[26.1453,36.9141],[26.1495,36.9197],[26.1526,36.9228],[26.1589,36.9247],[26.1609,36.9244],[26.162,36.9251],[26.163,36.9251],[26.1651,36.9251],[26.1661,36.9244],[26.1672,36.9251],[26.1693,36.9248],[26.1734,36.9235],[26.1745,36.9223],[26.176,36.9224],[26.1786,36.9201],[26.1807,36.9195],[26.1818,36.9187],[26.1835,36.9161],[26.1837,36.9151],[26.1827,36.912],[26.1827,36.9109],[26.1841,36.9089],[26.1836,36.9078],[26.1838,36.9068],[26.1852,36.9057],[26.1869,36.9026],[26.1871,36.9005],[26.1879,36.8995],[26.1862,36.8984],[26.1866,36.8974],[26.1859,36.8966],[26.1847,36.8964],[26.1859,36.8953],[26.1872,36.8901],[26.1871,36.888],[26.1891,36.8859],[26.1866,36.8839]],[[26.2995,36.7909],[26.2979,36.7911],[26.2983,36.7922],[26.3016,36.797],[26.3036,36.7991],[26.3068,36.8008],[26.3089,36.8006],[26.3099,36.8],[26.3103,36.7995],[26.31,36.7984],[26.3088,36.7974]],[[26.288,36.7544],[26.2876,36.7547],[26.288,36.7576],[26.2901,36.7572],[26.2904,36.7568],[26.2901,36.7557],[26.2891,36.7555]],[[26.2401,36.739],[26.2397,36.7391],[26.2401,36.742],[26.2406,36.7401]],[[26.2547,36.7314],[26.2505,36.7335],[26.2494,36.7359],[26.2463,36.7391],[26.2469,36.7401],[26.2453,36.7404],[26.2432,36.742],[26.2419,36.7422],[26.2432,36.7435],[26.2445,36.7474],[26.2453,36.7486],[26.25,36.7516],[26.2526,36.7525],[26.2589,36.7524],[26.2609,36.7531],[26.263,36.7531],[26.2637,36.7505],[26.2651,36.7485],[26.2661,36.7497],[26.2684,36.7464],[26.2714,36.7459],[26.2724,36.7464],[26.2736,36.7453],[26.2728,36.7422],[26.2732,36.7401],[26.2724,36.7393],[26.2693,36.7378],[26.2661,36.7385],[26.2651,36.738],[26.2613,36.7349],[26.2568,36.7331]],[[26.2401,36.7228],[26.2391,36.7226],[26.2359,36.7234],[26.2356,36.7245],[26.2339,36.7254],[26.2318,36.7239],[26.2307,36.7237],[26.2281,36.7245],[26.2271,36.7255],[26.2268,36.7266],[26.2276,36.7297],[26.2307,36.7318],[26.2318,36.733],[26.2339,36.733],[26.2349,36.7339],[26.2359,36.7333],[26.2365,36.7349],[26.238,36.7365],[26.238,36.7357],[26.2374,36.7349],[26.2375,36.7328],[26.2368,36.7318],[26.2369,36.7307],[26.238,36.7296],[26.2391,36.7296],[26.2413,36.7276],[26.2406,36.7266],[26.2412,36.7255],[26.2411,36.7245]],[[26.1474,36.514],[26.1443,36.5138],[26.1349,36.5143],[26.1339,36.5154],[26.1328,36.5148],[26.1318,36.5151],[26.1298,36.5172],[26.1261,36.5234],[26.1243,36.5276],[26.1243,36.5297],[26.1254,36.5349],[26.1253,36.537],[26.1243,36.5411],[26.1224,36.5453],[26.1217,36.5495],[26.1195,36.5547],[26.1195,36.5589],[26.121,36.5599],[26.1209,36.5609],[26.1214,36.5615],[26.1226,36.562],[26.122,36.563],[26.1224,36.5636],[26.1255,36.5661],[26.1266,36.566],[26.1359,36.5701],[26.137,36.5693],[26.1401,36.57],[26.1411,36.5695],[26.1443,36.5701],[26.1484,36.5694],[26.1516,36.5682],[26.1582,36.5609],[26.1636,36.5516],[26.1636,36.5505],[26.1653,36.5484],[26.1651,36.5474],[26.1661,36.5468],[26.1677,36.5443],[26.1675,36.5432],[26.1683,36.5422],[26.1659,36.5401],[26.1667,36.5391],[26.1653,36.538],[26.1667,36.537],[26.1651,36.5362],[26.1643,36.5349],[26.1645,36.5339],[26.1637,36.5318],[26.1631,36.5276],[26.1606,36.5255],[26.1606,36.5245],[26.1589,36.5217],[26.1537,36.5172],[26.1505,36.5151]],[[26.3286,36.4994],[26.3245,36.4994],[26.3133,36.5005],[26.312,36.5018],[26.3114,36.5047],[26.3102,36.5068],[26.3078,36.5076],[26.3047,36.5075],[26.3036,36.508],[26.2995,36.5071],[26.2974,36.5076],[26.2932,36.5063],[26.2911,36.507],[26.2901,36.5065],[26.2891,36.5066],[26.287,36.5085],[26.2859,36.5087],[26.282,36.513],[26.2693,36.531],[26.2599,36.5401],[26.2577,36.5411],[26.2564,36.5443],[26.2557,36.5449],[26.2547,36.5446],[26.2536,36.5453],[26.2516,36.5447],[26.2484,36.5461],[26.2479,36.5453],[26.2487,36.5443],[26.2486,36.5411],[26.2482,36.5401],[26.2491,36.5391],[26.2474,36.5377],[26.2455,36.537],[26.2443,36.5349],[26.2464,36.5347],[26.2484,36.5361],[26.2505,36.5356],[26.2511,36.5349],[26.2495,36.5344],[26.2451,36.5318],[26.2453,36.5313],[26.2475,36.5307],[26.2464,36.5306],[26.2441,36.5286],[26.2445,36.5276],[26.2441,36.5245],[26.2435,36.5234],[26.2444,36.5224],[26.2433,36.5214],[26.2422,36.5204],[26.2339,36.5177],[26.2297,36.5171],[26.2286,36.518],[26.2276,36.5171],[26.2266,36.5179],[26.2255,36.517],[26.2234,36.5186],[26.2214,36.517],[26.2205,36.5182],[26.2209,36.5193],[26.2203,36.5199],[26.2193,36.5195],[26.2175,36.5214],[26.216,36.5245],[26.2164,36.5255],[26.2143,36.5297],[26.2047,36.5391],[26.2038,36.5401],[26.2037,36.5411],[26.2026,36.5413],[26.2015,36.5443],[26.2014,36.5474],[26.2053,36.5536],[26.2047,36.5557],[26.2051,36.5568],[26.2045,36.5578],[26.2057,36.5585],[26.2068,36.5604],[26.2078,36.5595],[26.209,36.5599],[26.2076,36.562],[26.2091,36.562],[26.2095,36.5651],[26.2109,36.5676],[26.212,36.5683],[26.213,36.5679],[26.2141,36.5684],[26.2151,36.5703],[26.2161,36.571],[26.2193,36.5718],[26.2224,36.5745],[26.2225,36.5766],[26.2213,36.5776],[26.2208,36.5807],[26.2182,36.5823],[26.2176,36.5839],[26.2203,36.5856],[26.2224,36.586],[26.224,36.5891],[26.2245,36.5916],[26.2255,36.5916],[26.2276,36.5933],[26.2286,36.5931],[26.2304,36.5964],[26.2295,36.5984],[26.2297,36.5995],[26.2307,36.6003],[26.2328,36.6007],[26.2359,36.5984],[26.237,36.5985],[26.238,36.5992],[26.2391,36.5992],[26.2432,36.6022],[26.2453,36.6056],[26.2474,36.6058],[26.2484,36.6055],[26.2516,36.6062],[26.2547,36.6062],[26.2599,36.6079],[26.262,36.6082],[26.263,36.6086],[26.2661,36.612],[26.2672,36.6114],[26.2703,36.6143],[26.2734,36.6156],[26.2776,36.6162],[26.2786,36.6168],[26.2797,36.6158],[26.2807,36.6163],[26.2818,36.6155],[26.2839,36.6149],[26.2891,36.6147],[26.2984,36.6165],[26.3057,36.6171],[26.3078,36.6193],[26.3092,36.6266],[26.3119,36.6318],[26.3156,36.6349],[26.3203,36.6372],[26.3216,36.637],[26.3224,36.6379],[26.3276,36.6378],[26.3328,36.6367],[26.3359,36.6349],[26.3368,36.6339],[26.3357,36.6328],[26.3359,36.6325],[26.337,36.6325],[26.338,36.6316],[26.3391,36.6316],[26.3401,36.6323],[26.3427,36.6307],[26.3495,36.6303],[26.3526,36.6285],[26.3547,36.6285],[26.3568,36.6269],[26.3587,36.6245],[26.3599,36.6238],[26.362,36.6238],[26.3641,36.6217],[26.3682,36.6225],[26.3683,36.6234],[26.3663,36.6286],[26.366,36.6307],[26.3649,36.6339],[26.3655,36.6391],[26.3734,36.6485],[26.3776,36.6507],[26.3818,36.6515],[26.3849,36.6508],[26.3984,36.6495],[26.4036,36.6479],[26.4057,36.6478],[26.4089,36.6464],[26.4109,36.6447],[26.419,36.6401],[26.4276,36.6364],[26.4364,36.6297],[26.4474,36.623],[26.4495,36.6214],[26.4505,36.62],[26.4547,36.6181],[26.4609,36.6141],[26.4665,36.6089],[26.4724,36.602],[26.4725,36.6005],[26.4742,36.5974],[26.4745,36.5958],[26.4776,36.5911],[26.4776,36.588],[26.4788,36.5859],[26.4796,36.5797],[26.4796,36.5776],[26.4789,36.5766],[26.4789,36.5755],[26.4776,36.5749],[26.4771,36.5734],[26.4753,36.5714],[26.475,36.5703],[26.4756,36.5693],[26.474,36.563],[26.474,36.5609],[26.4748,36.5589],[26.4758,36.5578],[26.4757,36.5568],[26.4766,36.5557],[26.4771,36.5526],[26.4786,36.5511],[26.4797,36.5516],[26.4818,36.5496],[26.4827,36.5474],[26.4826,36.5464],[26.4855,36.5432],[26.4858,36.5411],[26.485,36.538],[26.4823,36.5318],[26.4788,36.5276],[26.4724,36.5244],[26.4703,36.5225],[26.4672,36.5232],[26.4661,36.5226],[26.4609,36.523],[26.4589,36.5245],[26.4564,36.5245],[26.4536,36.526],[26.4526,36.5281],[26.4443,36.5283],[26.4422,36.53],[26.4401,36.5304],[26.4391,36.5314],[26.434,36.5328],[26.4318,36.5343],[26.4307,36.5337],[26.431,36.5359],[26.4297,36.5371],[26.4294,36.5359],[26.4286,36.5356],[26.428,36.5359],[26.4276,36.5369],[26.4273,36.5349],[26.4286,36.5339],[26.4265,36.5328],[26.4258,36.5318],[26.4262,36.5307],[26.4254,36.5297],[26.4224,36.5275],[26.4182,36.5265],[26.413,36.5267],[26.4099,36.5278],[26.4068,36.5275],[26.4057,36.5283],[26.4047,36.5273],[26.4036,36.5286],[26.4016,36.5281],[26.4,36.5286],[26.3995,36.5293],[26.3984,36.5285],[26.3953,36.5317],[26.3922,36.5323],[26.3839,36.5277],[26.3818,36.5275],[26.3807,36.5283],[26.3766,36.5277],[26.3755,36.5281],[26.3714,36.528],[26.3707,36.5276],[26.3711,36.5255],[26.3696,36.5245],[26.3697,36.5234],[26.3692,36.5224],[26.3712,36.5182],[26.372,36.512],[26.3727,36.5109],[26.3716,36.5078],[26.3693,36.5053],[26.363,36.505],[26.3536,36.5023],[26.3422,36.5022],[26.3349,36.5002]],[[26.9474,36.4939],[26.9457,36.4953],[26.9474,36.4959],[26.9482,36.4953]],[[26.9682,36.4932],[26.9589,36.4924],[26.9578,36.4941],[26.9539,36.4953],[26.9541,36.4974],[26.9536,36.4984],[26.9547,36.4983],[26.9568,36.5005],[26.9578,36.5005],[26.9582,36.5016],[26.9639,36.5068],[26.9655,36.5078],[26.9672,36.5078],[26.9682,36.5088],[26.9766,36.5089],[26.9776,36.5102],[26.9797,36.5106],[26.9849,36.509],[26.9839,36.5086],[26.9836,36.5068],[26.9824,36.5057],[26.9828,36.5047],[26.9818,36.5036],[26.9818,36.5026],[26.9793,36.4984],[26.9714,36.4939]],[[26.9161,36.4907],[26.9151,36.4911],[26.9161,36.4913]],[[26.6099,36.3973],[26.6078,36.3984],[26.6068,36.398],[26.6036,36.3984],[26.6016,36.3996],[26.5984,36.3995],[26.5932,36.4003],[26.5927,36.4005],[26.5937,36.4016],[26.5911,36.4024],[26.5891,36.4006],[26.5849,36.4005],[26.5839,36.4015],[26.5828,36.4],[26.5818,36.4007],[26.5807,36.3999],[26.5797,36.4],[26.5786,36.4007],[26.5786,36.4026],[26.5804,36.4036],[26.5831,36.4099],[26.5849,36.412],[26.5862,36.4151],[26.5888,36.4182],[26.5891,36.4192],[26.5901,36.4193],[26.5911,36.4204],[26.5984,36.423],[26.6026,36.4234],[26.6057,36.4222],[26.6078,36.4227],[26.6089,36.4219],[26.6099,36.4234],[26.6115,36.4245],[26.6161,36.4257],[26.6234,36.4263],[26.6282,36.4245],[26.6294,36.4234],[26.6295,36.4224],[26.6306,36.4214],[26.6303,36.4182],[26.6311,36.4172],[26.6304,36.4161],[26.6308,36.412],[26.6304,36.4109],[26.6264,36.4068],[26.6255,36.4051],[26.6224,36.4036],[26.622,36.4026],[26.6214,36.4022],[26.6203,36.4028],[26.6182,36.4011],[26.6151,36.4001],[26.6128,36.3984]],[[26.6661,36.3772],[26.6651,36.3768],[26.6647,36.3776],[26.6651,36.378],[26.6667,36.3776]],[[26.6859,36.315],[26.6807,36.3152],[26.676,36.3172],[26.6745,36.3174],[26.6734,36.3182],[26.6641,36.32],[26.6609,36.3221],[26.6578,36.3266],[26.6563,36.3276],[26.6536,36.3339],[26.6519,36.3401],[26.6519,36.3422],[26.6505,36.3447],[26.6495,36.3456],[26.6485,36.3484],[26.6439,36.3526],[26.6418,36.3568],[26.6425,36.363],[26.6434,36.3651],[26.6431,36.3672],[26.644,36.3703],[26.6484,36.3749],[26.6516,36.3762],[26.6557,36.3772],[26.6568,36.3764],[26.6578,36.377],[26.6599,36.3769],[26.6609,36.3749],[26.662,36.3758],[26.663,36.3745],[26.6651,36.3763],[26.6688,36.3766],[26.6676,36.3776],[26.6682,36.3785],[26.6684,36.3776],[26.6693,36.3767],[26.6703,36.3766],[26.6714,36.3776],[26.6716,36.3766],[26.674,36.3745],[26.6742,36.3734],[26.6755,36.3738],[26.6764,36.3734],[26.6759,36.3724],[26.6766,36.3715],[26.6778,36.3714],[26.6819,36.3672],[26.6859,36.364],[26.6955,36.3526],[26.6964,36.351],[26.7005,36.3481],[26.7057,36.3434],[26.7054,36.3422],[26.7061,36.3411],[26.7056,36.3401],[26.7053,36.3359],[26.703,36.3307],[26.7016,36.3298],[26.7012,36.3286],[26.7005,36.328],[26.7004,36.3255],[26.6984,36.3234],[26.6974,36.3205],[26.6901,36.3159]],[[26.0547,36.2765],[26.0533,36.2766],[26.0528,36.2776],[26.053,36.2786],[26.0548,36.2828],[26.0578,36.2862],[26.0599,36.287],[26.063,36.2873],[26.0663,36.287],[26.0686,36.2859],[26.0685,36.2849],[26.0676,36.2839],[26.0609,36.2789]],[[26.7495,36.2734],[26.7464,36.2741],[26.7401,36.2744],[26.737,36.2753],[26.7349,36.2766],[26.7286,36.2823],[26.7251,36.288],[26.7243,36.2922],[26.7233,36.2943],[26.7238,36.2974],[26.7236,36.3016],[26.7242,36.3036],[26.7237,36.3089],[26.7225,36.312],[26.7214,36.312],[26.7201,36.313],[26.721,36.3141],[26.7185,36.3151],[26.7182,36.3161],[26.7184,36.3182],[26.718,36.3193],[26.7187,36.3203],[26.7184,36.3214],[26.7194,36.3245],[26.7205,36.3266],[26.7255,36.3311],[26.7266,36.3306],[26.7286,36.3319],[26.7297,36.3319],[26.7328,36.3295],[26.7343,36.3276],[26.7356,36.3245],[26.7358,36.3224],[26.7365,36.3214],[26.7363,36.3203],[26.737,36.3193],[26.7363,36.3182],[26.737,36.3174],[26.738,36.3179],[26.7389,36.3172],[26.7396,36.3151],[26.7411,36.3135],[26.7451,36.3109],[26.7464,36.3108],[26.7505,36.3089],[26.7539,36.3068],[26.7599,36.3048],[26.7608,36.3036],[26.762,36.3033],[26.7644,36.3016],[26.7662,36.2995],[26.7666,36.2984],[26.7664,36.2953],[26.764,36.2911],[26.7641,36.2901],[26.7631,36.2891],[26.7641,36.288],[26.7632,36.287],[26.7641,36.2839],[26.7641,36.2822],[26.7616,36.2797],[26.7609,36.2778],[26.7578,36.2751],[26.7557,36.2743]],[[26.6703,36.2525],[26.6672,36.2528],[26.6648,36.2547],[26.6646,36.2578],[26.6652,36.2599],[26.6677,36.2641],[26.6734,36.2678],[26.6745,36.269],[26.6758,36.2724],[26.6774,36.2745],[26.6776,36.2755],[26.6797,36.2773],[26.68,36.2786],[26.6827,36.2818],[26.6843,36.2859],[26.6859,36.2887],[26.688,36.2908],[26.6911,36.2918],[26.6974,36.2909],[26.6995,36.2893],[26.7005,36.2899],[26.7033,36.287],[26.7036,36.2859],[26.7028,36.2849],[26.7036,36.2841],[26.7047,36.2849],[26.7036,36.2824],[26.7026,36.2845],[26.7021,36.2839],[26.7022,36.2807],[26.7005,36.2778],[26.6964,36.2733],[26.6904,36.2682],[26.688,36.2677],[26.6828,36.2637],[26.6803,36.263],[26.6755,36.2556],[26.6724,36.2531]],[[26.6484,36.2442],[26.6432,36.2434],[26.6276,36.2443],[26.6246,36.2464],[26.624,36.2474],[26.6239,36.2495],[26.6255,36.2519],[26.6286,36.2533],[26.6443,36.2542],[26.6526,36.2541],[26.6578,36.2547],[26.6609,36.2543],[26.6623,36.2536],[26.6614,36.2516],[26.6594,36.2495]],[[26.3036,36.1587],[26.3021,36.1599],[26.302,36.163],[26.3036,36.1645],[26.3057,36.1656],[26.3076,36.1641],[26.3074,36.162],[26.3062,36.1599]],[[26.412,36.0368],[26.4026,36.0388],[26.3984,36.0422],[26.3969,36.0443],[26.3943,36.0501],[26.3911,36.0547],[26.3899,36.0578],[26.3849,36.0627],[26.3833,36.0651],[26.3824,36.0682],[26.3823,36.0786],[26.3849,36.085],[26.388,36.0889],[26.3911,36.0908],[26.3953,36.0916],[26.4005,36.0912],[26.4099,36.0874],[26.412,36.087],[26.4161,36.0841],[26.4171,36.0828],[26.4178,36.0807],[26.417,36.0766],[26.4176,36.0724],[26.4169,36.0703],[26.4164,36.0641],[26.4149,36.062],[26.4151,36.0599],[26.4163,36.0589],[26.4161,36.0578],[26.4172,36.0557],[26.417,36.0547],[26.4188,36.0464],[26.4188,36.0422],[26.4172,36.039],[26.4151,36.0375]]]}},{"type":"Feature","properties":{"depth":150,"kind":"band"},"geometry":{"type":"MultiPolygon","coordinates":[[[[26.3199,36.9964],[26.3297,36.9966],[26.3349,36.9978],[26.3359,36.9972],[26.338,36.9976],[26.3391,36.9964],[26.3422,36.998],[26.3464,36.9982],[26.3508,36.9995],[26.3505,37],[26.3099,37],[26.3098,36.9995],[26.3172,36.9959],[26.3199,36.9964]]],[[[26.408,36.9901],[26.4074,36.9901],[26.4078,36.9896],[26.408,36.9901]]],[[[26.354,36.987],[26.3533,36.987],[26.3536,36.9862],[26.354,36.987]]],[[[26.9175,36.9078],[26.9172,36.9083],[26.9164,36.9078],[26.9172,36.9073],[26.9175,36.9078]]],[[[26.9123,36.8995],[26.912,36.9],[26.9111,36.8995],[26.9123,36.8995]]],[[[26.2957,36.7776],[26.295,36.7776],[26.2953,36.7771],[26.2957,36.7776]]],[[[26.2983,36.7776],[26.2974,36.7783],[26.297,36.7776],[26.2974,36.7769],[26.2983,36.7776]]],[[[26.297,36.7766],[26.2964,36.777],[26.2958,36.7766],[26.2964,36.776],[26.297,36.7766]]],[[[26.2956,36.7755],[26.2953,36.7758],[26.2949,36.7755],[26.2953,36.7751],[26.2956,36.7755]]],[[[26.2983,36.7745],[26.2974,36.775],[26.2969,36.7745],[26.2974,36.7739],[26.2983,36.7745]]],[[[26.2993,36.7734],[26.2984,36.7743],[26.2979,36.7734],[26.2984,36.7728],[26.2993,36.7734]]],[[[26.8132,36.7693],[26.8123,36.7693],[26.813,36.7687],[26.8132,36.7693]]],[[[26.9053,36.6953],[26.9047,36.6958],[26.9038,36.6953],[26.9047,36.6947],[26.9053,36.6953]]],[[[26.1366,36.5734],[26.1359,36.5743],[26.1352,36.5734],[26.1359,36.5729],[26.1366,36.5734]]],[[[26.4874,36.5453],[26.487,36.5458],[26.4867,36.5453],[26.4874,36.5453]]],[[[26.2737,36.512],[26.2724,36.514],[26.2721,36.512],[26.2737,36.512]]],[[[26.278,36.5057],[26.2776,36.5061],[26.2769,36.5057],[26.2776,36.5052],[26.278,36.5057]]],[[[26.9508,36.4943],[26.9495,36.4946],[26.9491,36.4943],[26.9495,36.4937],[26.9508,36.4943]]],[[[26.953,36.4932],[26.9525,36.4932],[26.9526,36.4923],[26.953,36.4932]]],[[[26.6761,36.3995],[26.6755,36.4006],[26.6745,36.4006],[26.6745,36.3995],[26.6755,36.3987],[26.6761,36.3995]]],[[[26.7,36.2943],[26.6995,36.2951],[26.699,36.2943],[26.6995,36.2939],[26.7,36.2943]]],[[[26.7019,36.2932],[26.7016,36.2937],[26.7012,36.2932],[26.7016,36.2929],[26.7019,36.2932]]],[[[26.7029,36.2922],[26.7026,36.2926],[26.7022,36.2922],[26.7029,36.2922]]],[[[26.7065,36.2776],[26.7057,36.2782],[26.7054,36.2776],[26.7057,36.277],[26.7065,36.2776]]],[[[26.6977,36.2714],[26.6972,36.2714],[26.6974,36.271],[26.6977,36.2714]]],[[[26.303,36.1641],[26.3026,36.1649],[26.3019,36.1641],[26.3026,36.1637],[26.303,36.1641]]],[[[26.3017,36.163],[26.3012,36.163],[26.3016,36.1627],[26.3017,36.163]]],[[[27,36.0005],[27,36.7443],[26.9974,36.7442],[26.994,36.7422],[26.9901,36.741],[26.988,36.7412],[26.9859,36.7407],[26.9854,36.7401],[26.9862,36.7391],[26.9845,36.738],[26.9839,36.737],[26.9884,36.7339],[26.9891,36.7319],[26.9907,36.7307],[26.9917,36.7286],[26.992,36.7266],[26.9949,36.7224],[26.9934,36.7182],[26.9925,36.7172],[26.9899,36.7161],[26.9839,36.7098],[26.9818,36.7094],[26.9797,36.7079],[26.9776,36.7045],[26.9774,36.7026],[26.9738,36.6974],[26.9745,36.6943],[26.9734,36.693],[26.9733,36.6911],[26.9744,36.6901],[26.9746,36.6891],[26.9732,36.6849],[26.9739,36.6839],[26.9742,36.6807],[26.9765,36.6776],[26.9775,36.6745],[26.978,36.6682],[26.9797,36.6652],[26.9819,36.6641],[26.9827,36.662],[26.9818,36.6604],[26.9797,36.6586],[26.9745,36.6555],[26.9693,36.6561],[26.9641,36.6576],[26.96,36.6599],[26.9599,36.661],[26.9557,36.6645],[26.9547,36.664],[26.9456,36.6661],[26.9389,36.6693],[26.9349,36.6717],[26.9339,36.6719],[26.9307,36.6711],[26.9276,36.6713],[26.9245,36.6732],[26.9224,36.6738],[26.9182,36.6731],[26.9172,36.6724],[26.9161,36.6725],[26.9109,36.6752],[26.9097,36.6766],[26.9068,36.6783],[26.9046,36.6786],[26.9036,36.6839],[26.9005,36.687],[26.8953,36.6884],[26.8932,36.6886],[26.8922,36.6878],[26.8891,36.6905],[26.887,36.6915],[26.8807,36.6917],[26.8786,36.6926],[26.8714,36.6936],[26.8703,36.6944],[26.8693,36.6944],[26.8642,36.6995],[26.8609,36.7008],[26.8578,36.7012],[26.8547,36.7005],[26.8505,36.7006],[26.838,36.6988],[26.8328,36.6995],[26.8234,36.7034],[26.8182,36.708],[26.8148,36.7089],[26.8093,36.712],[26.809,36.7172],[26.8063,36.7266],[26.8044,36.7297],[26.7945,36.7391],[26.7923,36.7422],[26.7916,36.7453],[26.7918,36.7474],[26.7964,36.7544],[26.8114,36.7682],[26.8118,36.7693],[26.8109,36.7703],[26.8112,36.7714],[26.8203,36.7789],[26.8248,36.7818],[26.8268,36.7849],[26.837,36.7896],[26.8432,36.7937],[26.8484,36.7959],[26.8547,36.7979],[26.8578,36.7996],[26.8609,36.8021],[26.8642,36.8068],[26.8662,36.8109],[26.8662,36.812],[26.8701,36.8182],[26.8745,36.8217],[26.8755,36.8216],[26.8776,36.8226],[26.8786,36.8222],[26.8818,36.8226],[26.8839,36.8235],[26.885,36.8245],[26.887,36.8276],[26.8871,36.8307],[26.888,36.8329],[26.8968,36.8422],[26.8984,36.8446],[26.8999,36.8484],[26.8991,36.8516],[26.8994,36.8526],[26.907,36.863],[26.907,36.8661],[26.9042,36.8745],[26.9039,36.8776],[26.9043,36.8839],[26.9052,36.8891],[26.9078,36.8973],[26.9107,36.8995],[26.9116,36.9016],[26.9124,36.9016],[26.9125,36.9005],[26.9134,36.9005],[26.9132,36.9016],[26.9163,36.9047],[26.9161,36.9057],[26.9168,36.9068],[26.9159,36.9078],[26.9153,36.912],[26.9177,36.9245],[26.917,36.9266],[26.9149,36.9297],[26.913,36.9306],[26.912,36.9317],[26.9099,36.9325],[26.9078,36.9345],[26.9036,36.9369],[26.9004,36.9401],[26.8989,36.9422],[26.8974,36.9484],[26.8982,36.9568],[26.8995,36.9595],[26.9031,36.963],[26.9027,36.9641],[26.9013,36.9651],[26.9012,36.9661],[26.8973,36.9693],[26.8967,36.9703],[26.8968,36.9714],[26.8957,36.9724],[26.8949,36.9766],[26.8957,36.9818],[26.8949,36.9849],[26.8922,36.9859],[26.8921,36.987],[26.8927,36.988],[26.8922,36.9886],[26.8891,36.9894],[26.887,36.9894],[26.8859,36.9903],[26.8849,36.9903],[26.8755,36.9939],[26.8734,36.9954],[26.8714,37],[26.5266,37],[26.5224,36.9988],[26.5151,36.9987],[26.5131,36.9974],[26.5089,36.9929],[26.5026,36.9902],[26.4995,36.9897],[26.4818,36.9893],[26.4724,36.991],[26.4599,36.9895],[26.4568,36.9884],[26.4526,36.9882],[26.4516,36.9882],[26.4484,36.9896],[26.4411,36.9891],[26.4401,36.9897],[26.437,36.9891],[26.4297,36.9897],[26.4224,36.9887],[26.4161,36.9885],[26.4151,36.9889],[26.4099,36.9881],[26.4089,36.9889],[26.4078,36.9887],[26.4068,36.9896],[26.4057,36.9882],[26.4026,36.9882],[26.3995,36.9891],[26.3984,36.9889],[26.398,36.9891],[26.3986,36.9901],[26.3974,36.9912],[26.3964,36.9904],[26.3943,36.9919],[26.3932,36.9921],[26.3925,36.9911],[26.3925,36.9901],[26.3911,36.9882],[26.3901,36.9882],[26.3891,36.9871],[26.387,36.9871],[26.3859,36.9866],[26.3651,36.9851],[26.3609,36.9856],[26.3599,36.986],[26.3578,36.988],[26.3536,36.9858],[26.3526,36.9859],[26.3484,36.9846],[26.3422,36.9841],[26.338,36.9818],[26.3359,36.9815],[26.3349,36.9808],[26.3172,36.976],[26.3057,36.9673],[26.3016,36.9654],[26.2953,36.9641],[26.2922,36.9628],[26.2818,36.9614],[26.2672,36.963],[26.2651,36.9659],[26.2641,36.9649],[26.2638,36.9651],[26.259,36.9724],[26.2585,36.9745],[26.2571,36.9755],[26.2578,36.9786],[26.26,36.9807],[26.2593,36.9818],[26.2593,36.9828],[26.261,36.9849],[26.2603,36.9859],[26.261,36.987],[26.2606,36.9891],[26.2627,36.9911],[26.2673,36.9943],[26.2714,36.9952],[26.2745,36.9951],[26.2755,36.9956],[26.2797,36.9935],[26.2828,36.9934],[26.288,36.995],[26.2932,36.9976],[26.3005,36.9995],[26.2995,37],[26.0005,37],[26,36.9995],[26,36.9474],[26.0005,36.9465],[26.0089,36.9467],[26.013,36.9453],[26.0234,36.944],[26.0286,36.9423],[26.0339,36.9397],[26.0359,36.9373],[26.0443,36.9326],[26.0749,36.9172],[26.0839,36.9108],[26.0891,36.909],[26.0953,36.9084],[26.0974,36.9073],[26.0984,36.9083],[26.0995,36.9085],[26.1047,36.9083],[26.1109,36.9092],[26.1182,36.9093],[26.1214,36.9113],[26.1249,36.9151],[26.1282,36.9172],[26.1275,36.9182],[26.1297,36.9203],[26.1281,36.9214],[26.1293,36.9224],[26.1287,36.9255],[26.1288,36.9286],[26.1297,36.9304],[26.1328,36.9331],[26.138,36.9337],[26.1443,36.9326],[26.1589,36.9316],[26.1651,36.9319],[26.1724,36.9305],[26.1839,36.9251],[26.1928,36.9224],[26.191,36.9193],[26.1905,36.9161],[26.191,36.9151],[26.1903,36.9141],[26.1902,36.912],[26.188,36.9102],[26.1875,36.9089],[26.1908,36.9078],[26.1932,36.9028],[26.1944,36.9016],[26.1946,36.8995],[26.1931,36.8984],[26.1922,36.8959],[26.1913,36.8911],[26.1924,36.8901],[26.1915,36.887],[26.1891,36.8845],[26.1797,36.8795],[26.1703,36.8776],[26.1641,36.8772],[26.1589,36.8777],[26.1557,36.8762],[26.155,36.8766],[26.1556,36.8776],[26.1552,36.8786],[26.1516,36.8818],[26.1401,36.8809],[26.1359,36.8799],[26.1318,36.883],[26.1297,36.8833],[26.1255,36.8815],[26.1224,36.8823],[26.1193,36.8823],[26.1161,36.8801],[26.112,36.8784],[26.1047,36.8823],[26.1005,36.8833],[26.0964,36.8832],[26.0953,36.8827],[26.0901,36.8823],[26.0776,36.8831],[26.0734,36.8841],[26.0672,36.8841],[26.062,36.8848],[26.0589,36.8868],[26.0547,36.8879],[26.0526,36.8893],[26.0505,36.8898],[26.0495,36.8908],[26.0422,36.8918],[26.0401,36.8918],[26.0338,36.8901],[26.0307,36.8904],[26.0245,36.8885],[26.0172,36.8848],[26.013,36.8855],[26.0089,36.8849],[26.008,36.8839],[26.0089,36.8828],[26.0078,36.8797],[26.0016,36.879],[26.0005,36.8785],[26,36.8776],[26,36.0005],[26.0005,36],[26.4214,36],[26.4218,36.0057],[26.4234,36.0087],[26.4246,36.0099],[26.4286,36.0121],[26.4318,36.0131],[26.4349,36.0134],[26.4391,36.0128],[26.4422,36.0107],[26.4432,36.0108],[26.4443,36.01],[26.445,36.0089],[26.4487,36.0057],[26.4508,36.0005],[26.4516,36],[26.9995,36],[27,36.0005]],[[26.7755,36.7982],[26.7745,36.7979],[26.7734,36.7982],[26.7716,36.7995],[26.7705,36.8016],[26.7705,36.8026],[26.7734,36.8039],[26.7755,36.804],[26.7786,36.8031],[26.7805,36.8016],[26.7797,36.8002],[26.7786,36.8001],[26.7755,36.7982]],[[26.2245,36.7169],[26.2214,36.7162],[26.2182,36.7168],[26.2141,36.7169],[26.209,36.7182],[26.2068,36.7193],[26.2064,36.7203],[26.208,36.7245],[26.2117,36.7286],[26.2131,36.7328],[26.2165,36.738],[26.2172,36.7399],[26.2224,36.7449],[26.2243,36.7474],[26.2307,36.7532],[26.2318,36.7535],[26.237,36.7578],[26.2474,36.7678],[26.2499,36.7693],[26.2526,36.7725],[26.2547,36.7734],[26.2609,36.7783],[26.2693,36.7859],[26.2755,36.7879],[26.2859,36.7938],[26.2943,36.7995],[26.3016,36.806],[26.3068,36.8096],[26.313,36.8118],[26.3151,36.8122],[26.3161,36.8119],[26.3203,36.8131],[26.3205,36.812],[26.3214,36.8112],[26.3224,36.8113],[26.3228,36.8109],[26.3216,36.8099],[26.3232,36.8078],[26.3227,36.8057],[26.3219,36.8047],[26.322,36.8036],[26.3183,36.7995],[26.3161,36.795],[26.3141,36.7936],[26.312,36.7935],[26.3068,36.7891],[26.3023,36.7818],[26.3005,36.7803],[26.2984,36.7797],[26.2988,36.7776],[26.2977,36.7755],[26.2996,36.7734],[26.2989,36.7724],[26.2998,36.7714],[26.2993,36.7703],[26.3016,36.7691],[26.302,36.7682],[26.3036,36.7672],[26.3038,36.7661],[26.3022,36.763],[26.2974,36.7575],[26.287,36.751],[26.2803,36.7453],[26.2775,36.7422],[26.2765,36.7401],[26.2745,36.7385],[26.2714,36.7373],[26.2672,36.7343],[26.2578,36.7311],[26.2547,36.7292],[26.2536,36.7276],[26.2538,36.7255],[26.2505,36.7249],[26.2484,36.7251],[26.2432,36.7236],[26.2411,36.7218],[26.2339,36.7223],[26.2328,36.721],[26.2307,36.7201],[26.2284,36.7182],[26.2245,36.7169]],[[26.212,36.6113],[26.2115,36.613],[26.212,36.6133],[26.2124,36.613],[26.212,36.6113]],[[26.9953,36.5164],[26.9932,36.5162],[26.991,36.5172],[26.9923,36.5214],[26.9915,36.5234],[26.9917,36.5245],[26.9924,36.5245],[26.9932,36.5229],[26.9943,36.5237],[26.995,36.5234],[26.9974,36.5214],[26.997,36.5193],[26.9953,36.5164]],[[26.3151,36.4911],[26.3109,36.4909],[26.3057,36.4926],[26.2975,36.4932],[26.2898,36.4964],[26.2859,36.4989],[26.2828,36.5031],[26.2797,36.5041],[26.2786,36.505],[26.2776,36.5044],[26.2772,36.5047],[26.2755,36.5065],[26.2748,36.5089],[26.2719,36.5109],[26.2701,36.513],[26.2723,36.5141],[26.2703,36.5154],[26.2682,36.515],[26.2672,36.5153],[26.2641,36.5174],[26.263,36.517],[26.263,36.5182],[26.2609,36.5196],[26.2589,36.5205],[26.2578,36.5203],[26.2547,36.5228],[26.2526,36.5235],[26.2505,36.5221],[26.2484,36.5222],[26.2432,36.5206],[26.2419,36.5193],[26.2422,36.5181],[26.2401,36.5179],[26.2391,36.5183],[26.237,36.5167],[26.2359,36.5167],[26.2339,36.5135],[26.2328,36.5137],[26.2305,36.513],[26.2286,36.5147],[26.2276,36.5145],[26.2266,36.5135],[26.2234,36.5124],[26.2224,36.5128],[26.2214,36.512],[26.2203,36.5122],[26.2188,36.5109],[26.2172,36.5106],[26.2143,36.5109],[26.2124,36.512],[26.2032,36.5203],[26.1995,36.5224],[26.1953,36.523],[26.1932,36.5226],[26.1911,36.523],[26.1859,36.5251],[26.1828,36.5254],[26.1797,36.5248],[26.1786,36.5249],[26.1776,36.5257],[26.1766,36.5248],[26.1755,36.5249],[26.1734,36.5234],[26.1724,36.5236],[26.1703,36.523],[26.1672,36.5214],[26.163,36.517],[26.1578,36.5127],[26.1547,36.5105],[26.1495,36.5078],[26.1484,36.5085],[26.1464,36.5077],[26.1432,36.5078],[26.1422,36.5084],[26.138,36.5089],[26.1339,36.5085],[26.1328,36.5088],[26.1312,36.5078],[26.1276,36.5077],[26.1259,36.5089],[26.1245,36.5107],[26.1206,36.5182],[26.1171,36.5224],[26.1155,36.5255],[26.1151,36.5276],[26.1156,36.5297],[26.1166,36.5318],[26.1197,36.5359],[26.1174,36.5464],[26.1141,36.553],[26.114,36.5557],[26.113,36.5567],[26.1135,36.5589],[26.1141,36.5601],[26.1161,36.561],[26.1193,36.5644],[26.1217,36.5682],[26.1237,36.5703],[26.1328,36.5751],[26.1339,36.5755],[26.1349,36.5747],[26.1359,36.5749],[26.138,36.5766],[26.136,36.5745],[26.1391,36.572],[26.1411,36.5729],[26.1422,36.5722],[26.1432,36.5726],[26.1443,36.572],[26.1464,36.5729],[26.1474,36.5722],[26.1495,36.5721],[26.1505,36.5713],[26.1516,36.5713],[26.1526,36.5703],[26.1536,36.5714],[26.1547,36.5703],[26.163,36.5682],[26.1693,36.5684],[26.1776,36.5677],[26.1786,36.5667],[26.1807,36.5664],[26.1828,36.5675],[26.1839,36.5674],[26.1842,36.5682],[26.1859,36.5688],[26.187,36.5699],[26.188,36.5698],[26.1922,36.5724],[26.1943,36.5732],[26.1964,36.575],[26.2005,36.5767],[26.2078,36.5835],[26.2109,36.5874],[26.2151,36.5906],[26.2161,36.5908],[26.2175,36.5932],[26.2203,36.5964],[26.2224,36.5979],[26.2245,36.5982],[26.2268,36.6005],[26.2307,36.6027],[26.2359,36.6039],[26.237,36.604],[26.238,36.6032],[26.2453,36.6071],[26.2484,36.608],[26.2516,36.61],[26.2609,36.6107],[26.2632,36.612],[26.2651,36.6151],[26.2672,36.6169],[26.2682,36.6164],[26.2693,36.6168],[26.271,36.6182],[26.2776,36.6214],[26.2849,36.6221],[26.2891,36.6234],[26.2922,36.6262],[26.2995,36.6359],[26.3039,36.6401],[26.3068,36.6419],[26.3158,36.6443],[26.3224,36.6454],[26.3276,36.6457],[26.3349,36.6439],[26.337,36.6429],[26.3422,36.6419],[26.3443,36.6412],[26.3453,36.6399],[26.3464,36.6395],[26.3474,36.6393],[26.3495,36.6398],[26.3505,36.6392],[26.3516,36.6393],[26.3568,36.6417],[26.3599,36.6426],[26.362,36.6426],[26.3641,36.642],[26.3693,36.6479],[26.3745,36.6521],[26.3776,36.6535],[26.3807,36.654],[26.3995,36.6521],[26.4089,36.6499],[26.4224,36.643],[26.4297,36.6399],[26.4344,36.637],[26.4349,36.636],[26.437,36.6345],[26.4505,36.6262],[26.4526,36.6243],[26.462,36.6187],[26.4726,36.6089],[26.4766,36.6019],[26.4772,36.5984],[26.4786,36.5967],[26.4809,36.5911],[26.4809,36.5859],[26.4804,36.5839],[26.4813,36.5776],[26.4786,36.5714],[26.4793,36.5703],[26.4783,36.5682],[26.4788,36.5672],[26.4786,36.5657],[26.4791,36.5641],[26.4808,36.563],[26.4813,36.5589],[26.4839,36.5553],[26.484,36.5547],[26.4827,36.5526],[26.4839,36.5516],[26.4849,36.5524],[26.4859,36.5514],[26.4872,36.5516],[26.4876,36.5464],[26.4895,36.5453],[26.4866,36.5411],[26.4861,36.5391],[26.4835,36.5339],[26.4833,36.5318],[26.482,36.5297],[26.4797,36.5274],[26.4722,36.5224],[26.4722,36.5203],[26.4729,36.5193],[26.4724,36.5176],[26.4714,36.5174],[26.4703,36.518],[26.4682,36.5214],[26.4672,36.5217],[26.4599,36.5223],[26.4589,36.5231],[26.4536,36.5238],[26.4516,36.5256],[26.4484,36.5266],[26.4443,36.5261],[26.4401,36.5267],[26.4371,36.5276],[26.4365,36.5286],[26.4349,36.5288],[26.4339,36.53],[26.4318,36.5295],[26.4307,36.5299],[26.4286,36.5287],[26.4245,36.5235],[26.4224,36.5243],[26.4214,36.5234],[26.4193,36.5227],[26.4172,36.5232],[26.4161,36.5244],[26.413,36.5232],[26.412,36.524],[26.4057,36.5248],[26.4047,36.5258],[26.4036,36.5235],[26.4026,36.5253],[26.4005,36.5242],[26.3984,36.5256],[26.3974,36.5242],[26.3953,36.5239],[26.3943,36.5247],[26.3932,36.5228],[26.3922,36.5237],[26.3897,36.5245],[26.387,36.5238],[26.3859,36.5246],[26.3828,36.5228],[26.381,36.5203],[26.3797,36.5199],[26.3768,36.5172],[26.3765,36.5151],[26.3757,36.5141],[26.376,36.513],[26.3746,36.512],[26.3745,36.5109],[26.3755,36.51],[26.3766,36.5078],[26.3755,36.5076],[26.3734,36.5089],[26.3724,36.5068],[26.3703,36.5051],[26.3672,36.5038],[26.3639,36.5036],[26.362,36.5025],[26.3609,36.5023],[26.3599,36.5012],[26.3526,36.5004],[26.3516,36.4997],[26.3453,36.4996],[26.3367,36.4964],[26.3266,36.4942],[26.3176,36.4932],[26.3151,36.4911]],[[26.9578,36.4907],[26.9547,36.492],[26.9516,36.4923],[26.9505,36.4916],[26.9474,36.4929],[26.9464,36.4928],[26.9432,36.4949],[26.9427,36.4964],[26.9464,36.4987],[26.9516,36.4992],[26.9526,36.4988],[26.9547,36.5008],[26.9568,36.5014],[26.9589,36.5039],[26.9651,36.5081],[26.9672,36.5081],[26.9682,36.5088],[26.9754,36.5089],[26.975,36.5099],[26.9786,36.512],[26.9839,36.5111],[26.987,36.5099],[26.9852,36.5078],[26.9864,36.5057],[26.9861,36.5047],[26.9849,36.5038],[26.9839,36.504],[26.9828,36.5058],[26.9828,36.5047],[26.9818,36.5036],[26.9818,36.5026],[26.9805,36.4995],[26.9786,36.4974],[26.9703,36.4928],[26.9589,36.4913],[26.9578,36.4907]],[[26.9172,36.489],[26.913,36.4885],[26.9115,36.4901],[26.9118,36.4911],[26.9151,36.4933],[26.9185,36.4901],[26.9182,36.4894],[26.9172,36.489]],[[26.6214,36.3922],[26.6172,36.3915],[26.5943,36.3924],[26.5786,36.3917],[26.5745,36.3932],[26.5735,36.3964],[26.5737,36.3984],[26.5759,36.4047],[26.5786,36.4084],[26.5807,36.4084],[26.5818,36.4094],[26.5832,36.413],[26.5827,36.4141],[26.5838,36.4161],[26.588,36.4203],[26.5911,36.4219],[26.5984,36.4234],[26.6047,36.4236],[26.6089,36.4246],[26.613,36.4266],[26.6151,36.4263],[26.6234,36.4268],[26.6276,36.4254],[26.6297,36.4266],[26.6303,36.4276],[26.6297,36.4284],[26.6297,36.4297],[26.6305,36.4297],[26.6328,36.4266],[26.6316,36.4255],[26.6324,36.4245],[26.6325,36.4234],[26.6336,36.4224],[26.6333,36.4214],[26.6348,36.4203],[26.6347,36.412],[26.6339,36.4105],[26.6328,36.4099],[26.6332,36.4089],[26.6322,36.4068],[26.6311,36.4057],[26.6307,36.4036],[26.6286,36.4004],[26.6268,36.3984],[26.6247,36.3943],[26.6214,36.3922]],[[26.6089,36.3484],[26.6057,36.3485],[26.6038,36.3495],[26.6025,36.3516],[26.6019,36.3547],[26.6024,36.3578],[26.6036,36.3601],[26.6057,36.3619],[26.6078,36.3624],[26.6109,36.362],[26.6134,36.3609],[26.6153,36.3589],[26.616,36.3568],[26.6155,36.3536],[26.6142,36.3516],[26.6119,36.3495],[26.6089,36.3484]],[[26.688,36.3109],[26.6818,36.3106],[26.6745,36.3127],[26.6734,36.3136],[26.662,36.3159],[26.6589,36.318],[26.6531,36.3266],[26.6501,36.3339],[26.6484,36.3418],[26.6443,36.3477],[26.6422,36.349],[26.637,36.3542],[26.6373,36.3557],[26.636,36.3568],[26.6358,36.3578],[26.6359,36.362],[26.6367,36.3661],[26.6326,36.3849],[26.6328,36.388],[26.6337,36.3901],[26.6349,36.391],[26.6411,36.3907],[26.6432,36.3911],[26.6474,36.3905],[26.6495,36.391],[26.6492,36.3922],[26.6505,36.3917],[26.651,36.3922],[26.6511,36.3932],[26.6558,36.3974],[26.657,36.3995],[26.6577,36.4026],[26.6609,36.4044],[26.6672,36.4062],[26.6703,36.4077],[26.6724,36.4079],[26.6755,36.4065],[26.6776,36.405],[26.679,36.4026],[26.6781,36.4005],[26.6751,36.3974],[26.6752,36.3953],[26.6777,36.3922],[26.6779,36.3891],[26.6775,36.387],[26.678,36.3859],[26.6769,36.3849],[26.6781,36.3828],[26.6777,36.3818],[26.6787,36.3786],[26.6797,36.3776],[26.6799,36.3766],[26.6794,36.3755],[26.6797,36.3746],[26.6807,36.375],[26.6809,36.3745],[26.6804,36.3724],[26.6807,36.3714],[26.6874,36.3661],[26.688,36.3646],[26.6979,36.3526],[26.7016,36.3499],[26.7026,36.3484],[26.7036,36.3484],[26.706,36.3464],[26.7078,36.3427],[26.7089,36.3432],[26.708,36.3422],[26.708,36.3411],[26.7088,36.3401],[26.7083,36.3391],[26.709,36.338],[26.7086,36.3359],[26.7048,36.3266],[26.703,36.3245],[26.7031,36.3234],[26.7016,36.3186],[26.6984,36.3154],[26.6932,36.3119],[26.688,36.3109]],[[26.788,36.2879],[26.7859,36.2889],[26.7849,36.289],[26.7845,36.2901],[26.788,36.2915],[26.7901,36.2913],[26.7907,36.2901],[26.7906,36.2891],[26.788,36.2879]],[[26.7568,36.2712],[26.7526,36.2704],[26.7474,36.2704],[26.7411,36.271],[26.737,36.272],[26.7324,36.2745],[26.7286,36.2778],[26.7266,36.2789],[26.7217,36.2839],[26.7167,36.2911],[26.7179,36.3016],[26.719,36.3078],[26.7186,36.3089],[26.719,36.3109],[26.7182,36.3116],[26.7172,36.3116],[26.7148,36.3099],[26.7134,36.3151],[26.7141,36.3154],[26.7144,36.3161],[26.7139,36.3172],[26.7153,36.3193],[26.7153,36.3203],[26.7165,36.3234],[26.7161,36.3245],[26.7163,36.3255],[26.7184,36.3286],[26.7184,36.3297],[26.7214,36.3317],[26.7245,36.3333],[26.7276,36.334],[26.7286,36.3336],[26.7297,36.334],[26.7326,36.3328],[26.7364,36.3276],[26.7364,36.3255],[26.7373,36.3245],[26.7369,36.3234],[26.7379,36.3224],[26.7378,36.3203],[26.7391,36.3203],[26.7411,36.3188],[26.7439,36.3151],[26.7497,36.3109],[26.7526,36.3092],[26.7557,36.3083],[26.7578,36.3067],[26.7599,36.3061],[26.7657,36.3016],[26.7683,36.2984],[26.7678,36.2953],[26.7684,36.2943],[26.7672,36.2938],[26.767,36.2932],[26.7676,36.2922],[26.7656,36.2901],[26.7647,36.288],[26.7656,36.2859],[26.7651,36.2839],[26.7663,36.2839],[26.7658,36.2818],[26.7663,36.2807],[26.7608,36.2734],[26.7568,36.2712]],[[26.0536,36.2659],[26.0505,36.267],[26.0474,36.2676],[26.0464,36.2672],[26.0422,36.2683],[26.0403,36.2693],[26.0397,36.2714],[26.0398,36.2766],[26.0426,36.2859],[26.0456,36.2932],[26.049,36.2984],[26.0557,36.3038],[26.0649,36.3068],[26.0724,36.3085],[26.0766,36.3088],[26.0807,36.3081],[26.0841,36.3068],[26.089,36.3036],[26.0904,36.3016],[26.0904,36.2995],[26.087,36.2954],[26.0846,36.2911],[26.0849,36.2901],[26.0812,36.2839],[26.0786,36.2809],[26.0693,36.2723],[26.0682,36.2721],[26.0672,36.2711],[26.0578,36.267],[26.0547,36.2665],[26.0536,36.2659]],[[26.6505,36.2422],[26.6432,36.2417],[26.6266,36.2432],[26.6244,36.2443],[26.6224,36.2464],[26.6218,36.2484],[26.6221,36.2505],[26.6234,36.2526],[26.627,36.2547],[26.6464,36.257],[26.6495,36.2578],[26.6526,36.2595],[26.657,36.2641],[26.6703,36.2721],[26.6714,36.2728],[26.6724,36.2746],[26.6748,36.2766],[26.6755,36.2782],[26.6766,36.2777],[26.6773,36.2797],[26.6786,36.2812],[26.6799,36.2818],[26.6794,36.2828],[26.6805,36.2849],[26.6812,36.288],[26.6825,36.2891],[26.6831,36.2911],[26.6858,36.2943],[26.688,36.2947],[26.6891,36.2942],[26.6901,36.2958],[26.6911,36.2964],[26.6943,36.2967],[26.6974,36.2961],[26.6984,36.2953],[26.6995,36.2955],[26.7005,36.2946],[26.7016,36.2948],[26.7036,36.2929],[26.7057,36.2938],[26.7078,36.2933],[26.7098,36.2922],[26.7119,36.2901],[26.7109,36.2891],[26.7112,36.288],[26.7074,36.2839],[26.7078,36.2829],[26.7089,36.2833],[26.7099,36.2847],[26.7105,36.2839],[26.7093,36.2828],[26.7089,36.2811],[26.7062,36.2786],[26.707,36.2776],[26.7057,36.2762],[26.7047,36.2766],[26.7036,36.275],[26.7016,36.2743],[26.6995,36.2724],[26.6974,36.2687],[26.6964,36.269],[26.6953,36.2668],[26.688,36.2605],[26.687,36.2609],[26.687,36.2622],[26.6866,36.2589],[26.6835,36.2547],[26.6797,36.2483],[26.677,36.2453],[26.6751,36.2443],[26.6724,36.2436],[26.662,36.2436],[26.6505,36.2422]],[[26.3057,36.1574],[26.3026,36.1572],[26.3006,36.1589],[26.3004,36.1609],[26.299,36.162],[26.3002,36.1641],[26.3026,36.1665],[26.303,36.1651],[26.3036,36.1649],[26.3057,36.1665],[26.3079,36.1651],[26.3091,36.163],[26.3092,36.162],[26.3085,36.1599],[26.3057,36.1574]],[[26.413,36.0338],[26.4109,36.0339],[26.4057,36.0354],[26.4047,36.035],[26.4005,36.0356],[26.3953,36.0389],[26.3932,36.0408],[26.3922,36.0432],[26.3839,36.0557],[26.3804,36.0589],[26.3785,36.062],[26.3774,36.0661],[26.3779,36.0724],[26.3775,36.0745],[26.379,36.0797],[26.3814,36.0849],[26.3852,36.0901],[26.3901,36.0943],[26.3932,36.0953],[26.3984,36.0958],[26.4036,36.0951],[26.4109,36.0923],[26.412,36.0912],[26.4141,36.0915],[26.4178,36.0901],[26.421,36.088],[26.4227,36.0849],[26.4232,36.0828],[26.4224,36.0807],[26.4228,36.0786],[26.4225,36.0755],[26.4211,36.0693],[26.4195,36.0661],[26.4191,36.063],[26.4184,36.062],[26.4187,36.0599],[26.4197,36.0578],[26.4197,36.0557],[26.4216,36.0484],[26.422,36.0432],[26.4206,36.038],[26.4193,36.0362],[26.4161,36.0343],[26.413,36.0338]]]]}},{"type":"Feature","properties":{"depth":150,"kind":"isobath"},"geometry":{"type":"MultiLineString","coordinates":[[[26.3098,36.9995],[26.3172,36.9959],[26.3199,36.9964],[26.3297,36.9966],[26.3349,36.9978],[26.3359,36.9972],[26.338,36.9976],[26.3391,36.9964],[26.3422,36.998],[26.3464,36.9982],[26.3508,36.9995]],[[26.408,36.9901],[26.4074,36.9901],[26.4078,36.9896]],[[26.354,36.987],[26.3533,36.987],[26.3536,36.9862]],[[26.9175,36.9078],[26.9172,36.9083],[26.9164,36.9078],[26.9172,36.9073]],[[26.9123,36.8995],[26.912,36.9],[26.9111,36.8995]],[[26.2957,36.7776],[26.295,36.7776],[26.2953,36.7771]],[[26.2983,36.7776],[26.2974,36.7783],[26.297,36.7776],[26.2974,36.7769]],[[26.297,36.7766],[26.2964,36.777],[26.2958,36.7766],[26.2964,36.776]],[[26.2956,36.7755],[26.2953,36.7758],[26.2949,36.7755],[26.2953,36.7751]],[[26.2983,36.7745],[26.2974,36.775],[26.2969,36.7745],[26.2974,36.7739]],[[26.2993,36.7734],[26.2984,36.7743],[26.2979,36.7734],[26.2984,36.7728]],[[26.8132,36.7693],[26.8123,36.7693],[26.813,36.7687]],[[26.9053,36.6953],[26.9047,36.6958],[26.9038,36.6953],[26.9047,36.6947]],[[26.1366,36.5734],[26.1359,36.5743],[26.1352,36.5734],[26.1359,36.5729]],[[26.4874,36.5453],[26.487,36.5458],[26.4867,36.5453]],[[26.2737,36.512],[26.2724,36.514],[26.2721,36.512]],[[26.278,36.5057],[26.2776,36.5061],[26.2769,36.5057],[26.2776,36.5052]],[[26.9508,36.4943],[26.9495,36.4946],[26.9491,36.4943],[26.9495,36.4937]],[[26.953,36.4932],[26.9525,36.4932],[26.9526,36.4923]],[[26.6761,36.3995],[26.6755,36.4006],[26.6745,36.4006],[26.6745,36.3995],[26.6755,36.3987]],[[26.7,36.2943],[26.6995,36.2951],[26.699,36.2943],[26.6995,36.2939]],[[26.7019,36.2932],[26.7016,36.2937],[26.7012,36.2932],[26.7016,36.2929]],[[26.7029,36.2922],[26.7026,36.2926],[26.7022,36.2922]],[[26.7065,36.2776],[26.7057,36.2782],[26.7054,36.2776],[26.7057,36.277]],[[26.6977,36.2714],[26.6972,36.2714],[26.6974,36.271]],[[26.303,36.1641],[26.3026,36.1649],[26.3019,36.1641],[26.3026,36.1637]],[[26.3017,36.163],[26.3012,36.163],[26.3016,36.1627]],[[26.9974,36.7442],[26.994,36.7422],[26.9901,36.741],[26.988,36.7412],[26.9859,36.7407],[26.9854,36.7401],[26.9862,36.7391],[26.9845,36.738],[26.9839,36.737],[26.9884,36.7339],[26.9891,36.7319],[26.9907,36.7307],[26.9917,36.7286],[26.992,36.7266],[26.9949,36.7224],[26.9934,36.7182],[26.9925,36.7172],[26.9899,36.7161],[26.9839,36.7098],[26.9818,36.7094],[26.9797,36.7079],[26.9776,36.7045],[26.9774,36.7026],[26.9738,36.6974],[26.9745,36.6943],[26.9734,36.693],[26.9733,36.6911],[26.9744,36.6901],[26.9746,36.6891],[26.9732,36.6849],[26.9739,36.6839],[26.9742,36.6807],[26.9765,36.6776],[26.9775,36.6745],[26.978,36.6682],[26.9797,36.6652],[26.9819,36.6641],[26.9827,36.662],[26.9818,36.6604],[26.9797,36.6586],[26.9745,36.6555],[26.9693,36.6561],[26.9641,36.6576],[26.96,36.6599],[26.9599,36.661],[26.9557,36.6645],[26.9547,36.664],[26.9456,36.6661],[26.9389,36.6693],[26.9349,36.6717],[26.9339,36.6719],[26.9307,36.6711],[26.9276,36.6713],[26.9245,36.6732],[26.9224,36.6738],[26.9182,36.6731],[26.9172,36.6724],[26.9161,36.6725],[26.9109,36.6752],[26.9097,36.6766],[26.9068,36.6783],[26.9046,36.6786],[26.9036,36.6839],[26.9005,36.687],[26.8953,36.6884],[26.8932,36.6886],[26.8922,36.6878],[26.8891,36.6905],[26.887,36.6915],[26.8807,36.6917],[26.8786,36.6926],[26.8714,36.6936],[26.8703,36.6944],[26.8693,36.6944],[26.8642,36.6995],[26.8609,36.7008],[26.8578,36.7012],[26.8547,36.7005],[26.8505,36.7006],[26.838,36.6988],[26.8328,36.6995],[26.8234,36.7034],[26.8182,36.708],[26.8148,36.7089],[26.8093,36.712],[26.809,36.7172],[26.8063,36.7266],[26.8044,36.7297],[26.7945,36.7391],[26.7923,36.7422],[26.7916,36.7453],[26.7918,36.7474],[26.7964,36.7544],[26.8114,36.7682],[26.8118,36.7693],[26.8109,36.7703],[26.8112,36.7714],[26.8203,36.7789],[26.8248,36.7818],[26.8268,36.7849],[26.837,36.7896],[26.8432,36.7937],[26.8484,36.7959],[26.8547,36.7979],[26.8578,36.7996],[26.8609,36.8021],[26.8642,36.8068],[26.8662,36.8109],[26.8662,36.812],[26.8701,36.8182],[26.8745,36.8217],[26.8755,36.8216],[26.8776,36.8226],[26.8786,36.8222],[26.8818,36.8226],[26.8839,36.8235],[26.885,36.8245],[26.887,36.8276],[26.8871,36.8307],[26.888,36.8329],[26.8968,36.8422],[26.8984,36.8446],[26.8999,36.8484],[26.8991,36.8516],[26.8994,36.8526],[26.907,36.863],[26.907,36.8661],[26.9042,36.8745],[26.9039,36.8776],[26.9043,36.8839],[26.9052,36.8891],[26.9078,36.8973],[26.9107,36.8995],[26.9116,36.9016],[26.9124,36.9016],[26.9125,36.9005],[26.9134,36.9005],[26.9132,36.9016],[26.9163,36.9047],[26.9161,36.9057],[26.9168,36.9068],[26.9159,36.9078],[26.9153,36.912],[26.9177,36.9245],[26.917,36.9266],[26.9149,36.9297],[26.913,36.9306],[26.912,36.9317],[26.9099,36.9325],[26.9078,36.9345],[26.9036,36.9369],[26.9004,36.9401],[26.8989,36.9422],[26.8974,36.9484],[26.8982,36.9568],[26.8995,36.9595],[26.9031,36.963],[26.9027,36.9641],[26.9013,36.9651],[26.9012,36.9661],[26.8973,36.9693],[26.8967,36.9703],[26.8968,36.9714],[26.8957,36.9724],[26.8949,36.9766],[26.8957,36.9818],[26.8949,36.9849],[26.8922,36.9859],[26.8921,36.987],[26.8927,36.988],[26.8922,36.9886],[26.8891,36.9894],[26.887,36.9894],[26.8859,36.9903],[26.8849,36.9903],[26.8755,36.9939],[26.8734,36.9954]],[[26.5224,36.9988],[26.5151,36.9987],[26.5131,36.9974],[26.5089,36.9929],[26.5026,36.9902],[26.4995,36.9897],[26.4818,36.9893],[26.4724,36.991],[26.4599,36.9895],[26.4568,36.9884],[26.4526,36.9882],[26.4516,36.9882],[26.4484,36.9896],[26.4411,36.9891],[26.4401,36.9897],[26.437,36.9891],[26.4297,36.9897],[26.4224,36.9887],[26.4161,36.9885],[26.4151,36.9889],[26.4099,36.9881],[26.4089,36.9889],[26.4078,36.9887],[26.4068,36.9896],[26.4057,36.9882],[26.4026,36.9882],[26.3995,36.9891],[26.3984,36.9889],[26.398,36.9891],[26.3986,36.9901],[26.3974,36.9912],[26.3964,36.9904],[26.3943,36.9919],[26.3932,36.9921],[26.3925,36.9911],[26.3925,36.9901],[26.3911,36.9882],[26.3901,36.9882],[26.3891,36.9871],[26.387,36.9871],[26.3859,36.9866],[26.3651,36.9851],[26.3609,36.9856],[26.3599,36.986],[26.3578,36.988],[26.3536,36.9858],[26.3526,36.9859],[26.3484,36.9846],[26.3422,36.9841],[26.338,36.9818],[26.3359,36.9815],[26.3349,36.9808],[26.3172,36.976],[26.3057,36.9673],[26.3016,36.9654],[26.2953,36.9641],[26.2922,36.9628],[26.2818,36.9614],[26.2672,36.963],[26.2651,36.9659],[26.2641,36.9649],[26.2638,36.9651],[26.259,36.9724],[26.2585,36.9745],[26.2571,36.9755],[26.2578,36.9786],[26.26,36.9807],[26.2593,36.9818],[26.2593,36.9828],[26.261,36.9849],[26.2603,36.9859],[26.261,36.987],[26.2606,36.9891],[26.2627,36.9911],[26.2673,36.9943],[26.2714,36.9952],[26.2745,36.9951],[26.2755,36.9956],[26.2797,36.9935],[26.2828,36.9934],[26.288,36.995],[26.2932,36.9976],[26.3005,36.9995]],[[26.0005,36.9465],[26.0089,36.9467],[26.013,36.9453],[26.0234,36.944],[26.0286,36.9423],[26.0339,36.9397],[26.0359,36.9373],[26.0443,36.9326],[26.0749,36.9172],[26.0839,36.9108],[26.0891,36.909],[26.0953,36.9084],[26.0974,36.9073],[26.0984,36.9083],[26.0995,36.9085],[26.1047,36.9083],[26.1109,36.9092],[26.1182,36.9093],[26.1214,36.9113],[26.1249,36.9151],[26.1282,36.9172],[26.1275,36.9182],[26.1297,36.9203],[26.1281,36.9214],[26.1293,36.9224],[26.1287,36.9255],[26.1288,36.9286],[26.1297,36.9304],[26.1328,36.9331],[26.138,36.9337],[26.1443,36.9326],[26.1589,36.9316],[26.1651,36.9319],[26.1724,36.9305],[26.1839,36.9251],[26.1928,36.9224],[26.191,36.9193],[26.1905,36.9161],[26.191,36.9151],[26.1903,36.9141],[26.1902,36.912],[26.188,36.9102],[26.1875,36.9089],[26.1908,36.9078],[26.1932,36.9028],[26.1944,36.9016],[26.1946,36.8995],[26.1931,36.8984],[26.1922,36.8959],[26.1913,36.8911],[26.1924,36.8901],[26.1915,36.887],[26.1891,36.8845],[26.1797,36.8795],[26.1703,36.8776],[26.1641,36.8772],[26.1589,36.8777],[26.1557,36.8762],[26.155,36.8766],[26.1556,36.8776],[26.1552,36.8786],[26.1516,36.8818],[26.1401,36.8809],[26.1359,36.8799],[26.1318,36.883],[26.1297,36.8833],[26.1255,36.8815],[26.1224,36.8823],[26.1193,36.8823],[26.1161,36.8801],[26.112,36.8784],[26.1047,36.8823],[26.1005,36.8833],[26.0964,36.8832],[26.0953,36.8827],[26.0901,36.8823],[26.0776,36.8831],[26.0734,36.8841],[26.0672,36.8841],[26.062,36.8848],[26.0589,36.8868],[26.0547,36.8879],[26.0526,36.8893],[26.0505,36.8898],[26.0495,36.8908],[26.0422,36.8918],[26.0401,36.8918],[26.0338,36.8901],[26.0307,36.8904],[26.0245,36.8885],[26.0172,36.8848],[26.013,36.8855],[26.0089,36.8849],[26.008,36.8839],[26.0089,36.8828],[26.0078,36.8797],[26.0016,36.879],[26.0005,36.8785]],[[26.4218,36.0057],[26.4234,36.0087],[26.4246,36.0099],[26.4286,36.0121],[26.4318,36.0131],[26.4349,36.0134],[26.4391,36.0128],[26.4422,36.0107],[26.4432,36.0108],[26.4443,36.01],[26.445,36.0089],[26.4487,36.0057],[26.4508,36.0005]],[[26.7755,36.7982],[26.7745,36.7979],[26.7734,36.7982],[26.7716,36.7995],[26.7705,36.8016],[26.7705,36.8026],[26.7734,36.8039],[26.7755,36.804],[26.7786,36.8031],[26.7805,36.8016],[26.7797,36.8002],[26.7786,36.8001]],[[26.2245,36.7169],[26.2214,36.7162],[26.2182,36.7168],[26.2141,36.7169],[26.209,36.7182],[26.2068,36.7193],[26.2064,36.7203],[26.208,36.7245],[26.2117,36.7286],[26.2131,36.7328],[26.2165,36.738],[26.2172,36.7399],[26.2224,36.7449],[26.2243,36.7474],[26.2307,36.7532],[26.2318,36.7535],[26.237,36.7578],[26.2474,36.7678],[26.2499,36.7693],[26.2526,36.7725],[26.2547,36.7734],[26.2609,36.7783],[26.2693,36.7859],[26.2755,36.7879],[26.2859,36.7938],[26.2943,36.7995],[26.3016,36.806],[26.3068,36.8096],[26.313,36.8118],[26.3151,36.8122],[26.3161,36.8119],[26.3203,36.8131],[26.3205,36.812],[26.3214,36.8112],[26.3224,36.8113],[26.3228,36.8109],[26.3216,36.8099],[26.3232,36.8078],[26.3227,36.8057],[26.3219,36.8047],[26.322,36.8036],[26.3183,36.7995],[26.3161,36.795],[26.3141,36.7936],[26.312,36.7935],[26.3068,36.7891],[26.3023,36.7818],[26.3005,36.7803],[26.2984,36.7797],[26.2988,36.7776],[26.2977,36.7755],[26.2996,36.7734],[26.2989,36.7724],[26.2998,36.7714],[26.2993,36.7703],[26.3016,36.7691],[26.302,36.7682],[26.3036,36.7672],[26.3038,36.7661],[26.3022,36.763],[26.2974,36.7575],[26.287,36.751],[26.2803,36.7453],[26.2775,36.7422],[26.2765,36.7401],[26.2745,36.7385],[26.2714,36.7373],[26.2672,36.7343],[26.2578,36.7311],[26.2547,36.7292],[26.2536,36.7276],[26.2538,36.7255],[26.2505,36.7249],[26.2484,36.7251],[26.2432,36.7236],[26.2411,36.7218],[26.2339,36.7223],[26.2328,36.721],[26.2307,36.7201],[26.2284,36.7182]],[[26.212,36.6113],[26.2115,36.613],[26.212,36.6133],[26.2124,36.613]],[[26.9953,36.5164],[26.9932,36.5162],[26.991,36.5172],[26.9923,36.5214],[26.9915,36.5234],[26.9917,36.5245],[26.9924,36.5245],[26.9932,36.5229],[26.9943,36.5237],[26.995,36.5234],[26.9974,36.5214],[26.997,36.5193]],[[26.3151,36.4911],[26.3109,36.4909],[26.3057,36.4926],[26.2975,36.4932],[26.2898,36.4964],[26.2859,36.4989],[26.2828,36.5031],[26.2797,36.5041],[26.2786,36.505],[26.2776,36.5044],[26.2772,36.5047],[26.2755,36.5065],[26.2748,36.5089],[26.2719,36.5109],[26.2701,36.513],[26.2723,36.5141],[26.2703,36.5154],[26.2682,36.515],[26.2672,36.5153],[26.2641,36.5174],[26.263,36.517],[26.263,36.5182],[26.2609,36.5196],[26.2589,36.5205],[26.2578,36.5203],[26.2547,36.5228],[26.2526,36.5235],[26.2505,36.5221],[26.2484,36.5222],[26.2432,36.5206],[26.2419,36.5193],[26.2422,36.5181],[26.2401,36.5179],[26.2391,36.5183],[26.237,36.5167],[26.2359,36.5167],[26.2339,36.5135],[26.2328,36.5137],[26.2305,36.513],[26.2286,36.5147],[26.2276,36.5145],[26.2266,36.5135],[26.2234,36.5124],[26.2224,36.5128],[26.2214,36.512],[26.2203,36.5122],[26.2188,36.5109],[26.2172,36.5106],[26.2143,36.5109],[26.2124,36.512],[26.2032,36.5203],[26.1995,36.5224],[26.1953,36.523],[26.1932,36.5226],[26.1911,36.523],[26.1859,36.5251],[26.1828,36.5254],[26.1797,36.5248],[26.1786,36.5249],[26.1776,36.5257],[26.1766,36.5248],[26.1755,36.5249],[26.1734,36.5234],[26.1724,36.5236],[26.1703,36.523],[26.1672,36.5214],[26.163,36.517],[26.1578,36.5127],[26.1547,36.5105],[26.1495,36.5078],[26.1484,36.5085],[26.1464,36.5077],[26.1432,36.5078],[26.1422,36.5084],[26.138,36.5089],[26.1339,36.5085],[26.1328,36.5088],[26.1312,36.5078],[26.1276,36.5077],[26.1259,36.5089],[26.1245,36.5107],[26.1206,36.5182],[26.1171,36.5224],[26.1155,36.5255],[26.1151,36.5276],[26.1156,36.5297],[26.1166,36.5318],[26.1197,36.5359],[26.1174,36.5464],[26.1141,36.553],[26.114,36.5557],[26.113,36.5567],[26.1135,36.5589],[26.1141,36.5601],[26.1161,36.561],[26.1193,36.5644],[26.1217,36.5682],[26.1237,36.5703],[26.1328,36.5751],[26.1339,36.5755],[26.1349,36.5747],[26.1359,36.5749],[26.138,36.5766],[26.136,36.5745],[26.1391,36.572],[26.1411,36.5729],[26.1422,36.5722],[26.1432,36.5726],[26.1443,36.572],[26.1464,36.5729],[26.1474,36.5722],[26.1495,36.5721],[26.1505,36.5713],[26.1516,36.5713],[26.1526,36.5703],[26.1536,36.5714],[26.1547,36.5703],[26.163,36.5682],[26.1693,36.5684],[26.1776,36.5677],[26.1786,36.5667],[26.1807,36.5664],[26.1828,36.5675],[26.1839,36.5674],[26.1842,36.5682],[26.1859,36.5688],[26.187,36.5699],[26.188,36.5698],[26.1922,36.5724],[26.1943,36.5732],[26.1964,36.575],[26.2005,36.5767],[26.2078,36.5835],[26.2109,36.5874],[26.2151,36.5906],[26.2161,36.5908],[26.2175,36.5932],[26.2203,36.5964],[26.2224,36.5979],[26.2245,36.5982],[26.2268,36.6005],[26.2307,36.6027],[26.2359,36.6039],[26.237,36.604],[26.238,36.6032],[26.2453,36.6071],[26.2484,36.608],[26.2516,36.61],[26.2609,36.6107],[26.2632,36.612],[26.2651,36.6151],[26.2672,36.6169],[26.2682,36.6164],[26.2693,36.6168],[26.271,36.6182],[26.2776,36.6214],[26.2849,36.6221],[26.2891,36.6234],[26.2922,36.6262],[26.2995,36.6359],[26.3039,36.6401],[26.3068,36.6419],[26.3158,36.6443],[26.3224,36.6454],[26.3276,36.6457],[26.3349,36.6439],[26.337,36.6429],[26.3422,36.6419],[26.3443,36.6412],[26.3453,36.6399],[26.3464,36.6395],[26.3474,36.6393],[26.3495,36.6398],[26.3505,36.6392],[26.3516,36.6393],[26.3568,36.6417],[26.3599,36.6426],[26.362,36.6426],[26.3641,36.642],[26.3693,36.6479],[26.3745,36.6521],[26.3776,36.6535],[26.3807,36.654],[26.3995,36.6521],[26.4089,36.6499],[26.4224,36.643],[26.4297,36.6399],[26.4344,36.637],[26.4349,36.636],[26.437,36.6345],[26.4505,36.6262],[26.4526,36.6243],[26.462,36.6187],[26.4726,36.6089],[26.4766,36.6019],[26.4772,36.5984],[26.4786,36.5967],[26.4809,36.5911],[26.4809,36.5859],[26.4804,36.5839],[26.4813,36.5776],[26.4786,36.5714],[26.4793,36.5703],[26.4783,36.5682],[26.4788,36.5672],[26.4786,36.5657],[26.4791,36.5641],[26.4808,36.563],[26.4813,36.5589],[26.4839,36.5553],[26.484,36.5547],[26.4827,36.5526],[26.4839,36.5516],[26.4849,36.5524],[26.4859,36.5514],[26.4872,36.5516],[26.4876,36.5464],[26.4895,36.5453],[26.4866,36.5411],[26.4861,36.5391],[26.4835,36.5339],[26.4833,36.5318],[26.482,36.5297],[26.4797,36.5274],[26.4722,36.5224],[26.4722,36.5203],[26.4729,36.5193],[26.4724,36.5176],[26.4714,36.5174],[26.4703,36.518],[26.4682,36.5214],[26.4672,36.5217],[26.4599,36.5223],[26.4589,36.5231],[26.4536,36.5238],[26.4516,36.5256],[26.4484,36.5266],[26.4443,36.5261],[26.4401,36.5267],[26.4371,36.5276],[26.4365,36.5286],[26.4349,36.5288],[26.4339,36.53],[26.4318,36.5295],[26.4307,36.5299],[26.4286,36.5287],[26.4245,36.5235],[26.4224,36.5243],[26.4214,36.5234],[26.4193,36.5227],[26.4172,36.5232],[26.4161,36.5244],[26.413,36.5232],[26.412,36.524],[26.4057,36.5248],[26.4047,36.5258],[26.4036,36.5235],[26.4026,36.5253],[26.4005,36.5242],[26.3984,36.5256],[26.3974,36.5242],[26.3953,36.5239],[26.3943,36.5247],[26.3932,36.5228],[26.3922,36.5237],[26.3897,36.5245],[26.387,36.5238],[26.3859,36.5246],[26.3828,36.5228],[26.381,36.5203],[26.3797,36.5199],[26.3768,36.5172],[26.3765,36.5151],[26.3757,36.5141],[26.376,36.513],[26.3746,36.512],[26.3745,36.5109],[26.3755,36.51],[26.3766,36.5078],[26.3755,36.5076],[26.3734,36.5089],[26.3724,36.5068],[26.3703,36.5051],[26.3672,36.5038],[26.3639,36.5036],[26.362,36.5025],[26.3609,36.5023],[26.3599,36.5012],[26.3526,36.5004],[26.3516,36.4997],[26.3453,36.4996],[26.3367,36.4964],[26.3266,36.4942],[26.3176,36.4932]],[[26.9578,36.4907],[26.9547,36.492],[26.9516,36.4923],[26.9505,36.4916],[26.9474,36.4929],[26.9464,36.4928],[26.9432,36.4949],[26.9427,36.4964],[26.9464,36.4987],[26.9516,36.4992],[26.9526,36.4988],[26.9547,36.5008],[26.9568,36.5014],[26.9589,36.5039],[26.9651,36.5081],[26.9672,36.5081],[26.9682,36.5088],[26.9754,36.5089],[26.975,36.5099],[26.9786,36.512],[26.9839,36.5111],[26.987,36.5099],[26.9852,36.5078],[26.9864,36.5057],[26.9861,36.5047],[26.9849,36.5038],[26.9839,36.504],[26.9828,36.5058],[26.9828,36.5047],[26.9818,36.5036],[26.9818,36.5026],[26.9805,36.4995],[26.9786,36.4974],[26.9703,36.4928],[26.9589,36.4913]],[[26.9172,36.489],[26.913,36.4885],[26.9115,36.4901],[26.9118,36.4911],[26.9151,36.4933],[26.9185,36.4901],[26.9182,36.4894]],[[26.6214,36.3922],[26.6172,36.3915],[26.5943,36.3924],[26.5786,36.3917],[26.5745,36.3932],[26.5735,36.3964],[26.5737,36.3984],[26.5759,36.4047],[26.5786,36.4084],[26.5807,36.4084],[26.5818,36.4094],[26.5832,36.413],[26.5827,36.4141],[26.5838,36.4161],[26.588,36.4203],[26.5911,36.4219],[26.5984,36.4234],[26.6047,36.4236],[26.6089,36.4246],[26.613,36.4266],[26.6151,36.4263],[26.6234,36.4268],[26.6276,36.4254],[26.6297,36.4266],[26.6303,36.4276],[26.6297,36.4284],[26.6297,36.4297],[26.6305,36.4297],[26.6328,36.4266],[26.6316,36.4255],[26.6324,36.4245],[26.6325,36.4234],[26.6336,36.4224],[26.6333,36.4214],[26.6348,36.4203],[26.6347,36.412],[26.6339,36.4105],[26.6328,36.4099],[26.6332,36.4089],[26.6322,36.4068],[26.6311,36.4057],[26.6307,36.4036],[26.6286,36.4004],[26.6268,36.3984],[26.6247,36.3943]],[[26.6089,36.3484],[26.6057,36.3485],[26.6038,36.3495],[26.6025,36.3516],[26.6019,36.3547],[26.6024,36.3578],[26.6036,36.3601],[26.6057,36.3619],[26.6078,36.3624],[26.6109,36.362],[26.6134,36.3609],[26.6153,36.3589],[26.616,36.3568],[26.6155,36.3536],[26.6142,36.3516],[26.6119,36.3495]],[[26.688,36.3109],[26.6818,36.3106],[26.6745,36.3127],[26.6734,36.3136],[26.662,36.3159],[26.6589,36.318],[26.6531,36.3266],[26.6501,36.3339],[26.6484,36.3418],[26.6443,36.3477],[26.6422,36.349],[26.637,36.3542],[26.6373,36.3557],[26.636,36.3568],[26.6358,36.3578],[26.6359,36.362],[26.6367,36.3661],[26.6326,36.3849],[26.6328,36.388],[26.6337,36.3901],[26.6349,36.391],[26.6411,36.3907],[26.6432,36.3911],[26.6474,36.3905],[26.6495,36.391],[26.6492,36.3922],[26.6505,36.3917],[26.651,36.3922],[26.6511,36.3932],[26.6558,36.3974],[26.657,36.3995],[26.6577,36.4026],[26.6609,36.4044],[26.6672,36.4062],[26.6703,36.4077],[26.6724,36.4079],[26.6755,36.4065],[26.6776,36.405],[26.679,36.4026],[26.6781,36.4005],[26.6751,36.3974],[26.6752,36.3953],[26.6777,36.3922],[26.6779,36.3891],[26.6775,36.387],[26.678,36.3859],[26.6769,36.3849],[26.6781,36.3828],[26.6777,36.3818],[26.6787,36.3786],[26.6797,36.3776],[26.6799,36.3766],[26.6794,36.3755],[26.6797,36.3746],[26.6807,36.375],[26.6809,36.3745],[26.6804,36.3724],[26.6807,36.3714],[26.6874,36.3661],[26.688,36.3646],[26.6979,36.3526],[26.7016,36.3499],[26.7026,36.3484],[26.7036,36.3484],[26.706,36.3464],[26.7078,36.3427],[26.7089,36.3432],[26.708,36.3422],[26.708,36.3411],[26.7088,36.3401],[26.7083,36.3391],[26.709,36.338],[26.7086,36.3359],[26.7048,36.3266],[26.703,36.3245],[26.7031,36.3234],[26.7016,36.3186],[26.6984,36.3154],[26.6932,36.3119]],[[26.788,36.2879],[26.7859,36.2889],[26.7849,36.289],[26.7845,36.2901],[26.788,36.2915],[26.7901,36.2913],[26.7907,36.2901],[26.7906,36.2891]],[[26.7568,36.2712],[26.7526,36.2704],[26.7474,36.2704],[26.7411,36.271],[26.737,36.272],[26.7324,36.2745],[26.7286,36.2778],[26.7266,36.2789],[26.7217,36.2839],[26.7167,36.2911],[26.7179,36.3016],[26.719,36.3078],[26.7186,36.3089],[26.719,36.3109],[26.7182,36.3116],[26.7172,36.3116],[26.7148,36.3099],[26.7134,36.3151],[26.7141,36.3154],[26.7144,36.3161],[26.7139,36.3172],[26.7153,36.3193],[26.7153,36.3203],[26.7165,36.3234],[26.7161,36.3245],[26.7163,36.3255],[26.7184,36.3286],[26.7184,36.3297],[26.7214,36.3317],[26.7245,36.3333],[26.7276,36.334],[26.7286,36.3336],[26.7297,36.334],[26.7326,36.3328],[26.7364,36.3276],[26.7364,36.3255],[26.7373,36.3245],[26.7369,36.3234],[26.7379,36.3224],[26.7378,36.3203],[26.7391,36.3203],[26.7411,36.3188],[26.7439,36.3151],[26.7497,36.3109],[26.7526,36.3092],[26.7557,36.3083],[26.7578,36.3067],[26.7599,36.3061],[26.7657,36.3016],[26.7683,36.2984],[26.7678,36.2953],[26.7684,36.2943],[26.7672,36.2938],[26.767,36.2932],[26.7676,36.2922],[26.7656,36.2901],[26.7647,36.288],[26.7656,36.2859],[26.7651,36.2839],[26.7663,36.2839],[26.7658,36.2818],[26.7663,36.2807],[26.7608,36.2734]],[[26.0536,36.2659],[26.0505,36.267],[26.0474,36.2676],[26.0464,36.2672],[26.0422,36.2683],[26.0403,36.2693],[26.0397,36.2714],[26.0398,36.2766],[26.0426,36.2859],[26.0456,36.2932],[26.049,36.2984],[26.0557,36.3038],[26.0649,36.3068],[26.0724,36.3085],[26.0766,36.3088],[26.0807,36.3081],[26.0841,36.3068],[26.089,36.3036],[26.0904,36.3016],[26.0904,36.2995],[26.087,36.2954],[26.0846,36.2911],[26.0849,36.2901],[26.0812,36.2839],[26.0786,36.2809],[26.0693,36.2723],[26.0682,36.2721],[26.0672,36.2711],[26.0578,36.267],[26.0547,36.2665]],[[26.6505,36.2422],[26.6432,36.2417],[26.6266,36.2432],[26.6244,36.2443],[26.6224,36.2464],[26.6218,36.2484],[26.6221,36.2505],[26.6234,36.2526],[26.627,36.2547],[26.6464,36.257],[26.6495,36.2578],[26.6526,36.2595],[26.657,36.2641],[26.6703,36.2721],[26.6714,36.2728],[26.6724,36.2746],[26.6748,36.2766],[26.6755,36.2782],[26.6766,36.2777],[26.6773,36.2797],[26.6786,36.2812],[26.6799,36.2818],[26.6794,36.2828],[26.6805,36.2849],[26.6812,36.288],[26.6825,36.2891],[26.6831,36.2911],[26.6858,36.2943],[26.688,36.2947],[26.6891,36.2942],[26.6901,36.2958],[26.6911,36.2964],[26.6943,36.2967],[26.6974,36.2961],[26.6984,36.2953],[26.6995,36.2955],[26.7005,36.2946],[26.7016,36.2948],[26.7036,36.2929],[26.7057,36.2938],[26.7078,36.2933],[26.7098,36.2922],[26.7119,36.2901],[26.7109,36.2891],[26.7112,36.288],[26.7074,36.2839],[26.7078,36.2829],[26.7089,36.2833],[26.7099,36.2847],[26.7105,36.2839],[26.7093,36.2828],[26.7089,36.2811],[26.7062,36.2786],[26.707,36.2776],[26.7057,36.2762],[26.7047,36.2766],[26.7036,36.275],[26.7016,36.2743],[26.6995,36.2724],[26.6974,36.2687],[26.6964,36.269],[26.6953,36.2668],[26.688,36.2605],[26.687,36.2609],[26.687,36.2622],[26.6866,36.2589],[26.6835,36.2547],[26.6797,36.2483],[26.677,36.2453],[26.6751,36.2443],[26.6724,36.2436],[26.662,36.2436]],[[26.3057,36.1574],[26.3026,36.1572],[26.3006,36.1589],[26.3004,36.1609],[26.299,36.162],[26.3002,36.1641],[26.3026,36.1665],[26.303,36.1651],[26.3036,36.1649],[26.3057,36.1665],[26.3079,36.1651],[26.3091,36.163],[26.3092,36.162],[26.3085,36.1599]],[[26.413,36.0338],[26.4109,36.0339],[26.4057,36.0354],[26.4047,36.035],[26.4005,36.0356],[26.3953,36.0389],[26.3932,36.0408],[26.3922,36.0432],[26.3839,36.0557],[26.3804,36.0589],[26.3785,36.062],[26.3774,36.0661],[26.3779,36.0724],[26.3775,36.0745],[26.379,36.0797],[26.3814,36.0849],[26.3852,36.0901],[26.3901,36.0943],[26.3932,36.0953],[26.3984,36.0958],[26.4036,36.0951],[26.4109,36.0923],[26.412,36.0912],[26.4141,36.0915],[26.4178,36.0901],[26.421,36.088],[26.4227,36.0849],[26.4232,36.0828],[26.4224,36.0807],[26.4228,36.0786],[26.4225,36.0755],[26.4211,36.0693],[26.4195,36.0661],[26.4191,36.063],[26.4184,36.062],[26.4187,36.0599],[26.4197,36.0578],[26.4197,36.0557],[26.4216,36.0484],[26.422,36.0432],[26.4206,36.038],[26.4193,36.0362],[26.4161,36.0343]]]}},{"type":"Feature","properties":{"depth":200,"kind":"band"},"geometry":{"type":"MultiPolygon","coordinates":[[[[26.3314,36.9995],[26.3307,37],[26.3161,37],[26.3158,36.9995],[26.3172,36.9993],[26.3182,36.9986],[26.3214,36.9994],[26.3276,36.9989],[26.3314,36.9995]]],[[[26.3394,36.9984],[26.3411,36.9994],[26.3411,37],[26.3391,37],[26.3387,36.9984],[26.3391,36.998],[26.3394,36.9984]]],[[[26.354,36.9849],[26.3535,36.9849],[26.3536,36.9841],[26.354,36.9849]]],[[[26.1947,36.9089],[26.1943,36.9092],[26.1943,36.9086],[26.1947,36.9089]]],[[[26.3337,36.8318],[26.3328,36.8327],[26.3318,36.8318],[26.3328,36.8308],[26.3337,36.8318]]],[[[26.3346,36.8297],[26.3339,36.8305],[26.3331,36.8297],[26.3339,36.8289],[26.3346,36.8297]]],[[[26.4854,36.5859],[26.4856,36.588],[26.4849,36.5892],[26.4841,36.588],[26.4844,36.5859],[26.4849,36.5854],[26.4854,36.5859]]],[[[26.1376,36.5807],[26.137,36.5813],[26.1365,36.5807],[26.137,36.5804],[26.1376,36.5807]]],[[[26.1448,36.5776],[26.1443,36.5779],[26.1441,36.5776],[26.1448,36.5776]]],[[[26.4874,36.5578],[26.487,36.5588],[26.4866,36.5578],[26.487,36.5571],[26.4874,36.5578]]],[[[26.9538,36.5005],[26.9536,36.5014],[26.9533,36.5005],[26.9538,36.5005]]],[[[26.6835,36.3766],[26.6828,36.3767],[26.6828,36.3762],[26.6835,36.3766]]],[[[26.7081,36.3193],[26.7104,36.3224],[26.7096,36.3245],[26.7089,36.3252],[26.7078,36.3248],[26.7077,36.3234],[26.7068,36.3224],[26.7074,36.3203],[26.7071,36.3193],[26.7078,36.3188],[26.7081,36.3193]]],[[[26.707,36.3161],[26.7068,36.3166],[26.7064,36.3161],[26.7068,36.3155],[26.707,36.3161]]],[[[26.6758,36.2807],[26.6755,36.2813],[26.6747,36.2807],[26.6755,36.2804],[26.6758,36.2807]]],[[[26.6746,36.2797],[26.6745,36.2801],[26.6736,36.2797],[26.6746,36.2797]]],[[[26.703,36.2724],[26.7023,36.2724],[26.7026,36.2721],[26.703,36.2724]]],[[[26.7046,36.2714],[26.7036,36.2719],[26.7032,36.2714],[26.7036,36.2708],[26.7046,36.2714]]],[[[26.7008,36.2693],[26.7003,36.2693],[26.7005,36.2686],[26.7008,36.2693]]],[[[26.2996,36.1609],[26.2984,36.1613],[26.298,36.1609],[26.2984,36.1604],[26.2996,36.1609]]],[[[26.3977,36.0984],[26.3974,36.0993],[26.397,36.0984],[26.3977,36.0984]]],[[[26.4437,36.013],[26.4432,36.0138],[26.4427,36.013],[26.4432,36.0126],[26.4437,36.013]]],[[[27,36.0005],[27,36.5172],[26.9995,36.5174],[26.9964,36.5148],[26.9932,36.5143],[26.9911,36.5152],[26.9901,36.5139],[26.9891,36.5155],[26.987,36.5172],[26.9893,36.5224],[26.9893,36.5234],[26.9911,36.5247],[26.9932,36.5243],[26.9943,36.5247],[26.9984,36.5234],[26.9995,36.5216],[27,36.5224],[27,36.7422],[26.9995,36.7427],[26.9974,36.7424],[26.9918,36.7401],[26.9911,36.7391],[26.9901,36.7387],[26.9889,36.7391],[26.9868,36.737],[26.9874,36.7359],[26.9906,36.7339],[26.9906,36.7328],[26.9945,36.7318],[26.995,36.7307],[26.994,36.7276],[26.9941,36.7266],[26.9961,36.7224],[26.9943,36.7172],[26.9891,36.7138],[26.9839,36.7079],[26.9828,36.7079],[26.9809,36.7068],[26.9797,36.7036],[26.9797,36.7016],[26.9773,36.6984],[26.9759,36.6974],[26.9765,36.6943],[26.9763,36.6932],[26.9751,36.6922],[26.9754,36.6911],[26.9763,36.6901],[26.9763,36.6891],[26.9744,36.6849],[26.9755,36.6839],[26.9755,36.6807],[26.9776,36.6785],[26.9787,36.6755],[26.9797,36.6693],[26.9789,36.6682],[26.9797,36.6671],[26.983,36.6651],[26.9831,36.663],[26.9837,36.662],[26.9818,36.6585],[26.9745,36.653],[26.9672,36.6547],[26.9641,36.655],[26.9584,36.6589],[26.9557,36.6617],[26.9536,36.6627],[26.9401,36.6666],[26.9339,36.6698],[26.9266,36.6698],[26.9224,36.6728],[26.9203,36.6719],[26.9172,36.6717],[26.913,36.6729],[26.9109,36.6739],[26.9078,36.6766],[26.9047,36.6776],[26.9016,36.6797],[26.901,36.6807],[26.9012,36.6828],[26.9005,36.6839],[26.8974,36.6857],[26.8922,36.6864],[26.8901,36.6871],[26.887,36.6893],[26.8807,36.6896],[26.8776,36.6908],[26.8693,36.6907],[26.8676,36.6932],[26.8637,36.6974],[26.8609,36.6991],[26.8589,36.6996],[26.8557,36.6995],[26.8516,36.6984],[26.8495,36.6986],[26.8474,36.6975],[26.8401,36.6966],[26.8328,36.6972],[26.8266,36.6995],[26.8214,36.7023],[26.8169,36.7057],[26.8141,36.7065],[26.8078,36.7099],[26.7974,36.713],[26.7932,36.7155],[26.787,36.721],[26.7831,36.7224],[26.7828,36.7234],[26.7834,36.7245],[26.7826,36.7255],[26.7807,36.7307],[26.7794,36.738],[26.7778,36.7401],[26.7781,36.7411],[26.7775,36.7422],[26.7778,36.7432],[26.7775,36.7443],[26.7791,36.7464],[26.7785,36.7484],[26.7792,36.7495],[26.7791,36.7516],[26.7805,36.7526],[26.78,36.7536],[26.7799,36.7557],[26.7802,36.7568],[26.782,36.7589],[26.7825,36.7609],[26.7823,36.762],[26.7837,36.7661],[26.7827,36.7714],[26.7867,36.7745],[26.7911,36.7756],[26.7983,36.7797],[26.7995,36.7818],[26.8036,36.7838],[26.8057,36.7872],[26.8084,36.7932],[26.8141,36.8004],[26.8161,36.8019],[26.8183,36.8026],[26.8203,36.8039],[26.8352,36.8161],[26.8369,36.8193],[26.8377,36.8255],[26.8386,36.8276],[26.8421,36.8318],[26.8515,36.8411],[26.8557,36.8427],[26.8589,36.8425],[26.8622,36.8411],[26.8682,36.8367],[26.8714,36.8358],[26.8755,36.8363],[26.8788,36.838],[26.8801,36.8401],[26.8801,36.8432],[26.8792,36.8453],[26.8758,36.8495],[26.8753,36.8516],[26.8755,36.8527],[26.8769,36.8547],[26.8818,36.8585],[26.8913,36.8672],[26.8978,36.8755],[26.8999,36.8828],[26.8996,36.8839],[26.9006,36.887],[26.9003,36.888],[26.9009,36.8891],[26.9017,36.8953],[26.9051,36.9016],[26.9088,36.9057],[26.9104,36.9089],[26.9123,36.9224],[26.9112,36.9266],[26.9078,36.9289],[26.9068,36.9301],[26.9033,36.9318],[26.8993,36.9349],[26.8964,36.938],[26.8948,36.9411],[26.8935,36.9474],[26.8941,36.9495],[26.8939,36.9516],[26.8947,36.9547],[26.8945,36.9568],[26.8964,36.962],[26.8967,36.9641],[26.8962,36.9651],[26.8943,36.9665],[26.8922,36.9709],[26.8914,36.9714],[26.8905,36.9807],[26.8898,36.9828],[26.8884,36.9839],[26.8883,36.9849],[26.8839,36.9864],[26.8818,36.9878],[26.8737,36.9901],[26.8736,36.9911],[26.8723,36.9911],[26.8703,36.9935],[26.8684,36.9974],[26.868,36.9995],[26.8672,37],[26.5339,37],[26.5318,36.9976],[26.5255,36.9944],[26.5224,36.994],[26.5151,36.9947],[26.5129,36.9943],[26.5109,36.9931],[26.5099,36.9934],[26.5078,36.9894],[26.5026,36.9878],[26.4828,36.9869],[26.4776,36.9876],[26.4734,36.9891],[26.4714,36.9893],[26.4661,36.9887],[26.4609,36.9869],[26.4526,36.9868],[26.4474,36.9888],[26.4401,36.9879],[26.4391,36.9879],[26.4377,36.9891],[26.4297,36.9892],[26.4266,36.9885],[26.4182,36.9881],[26.413,36.9858],[26.4099,36.9849],[26.4057,36.9856],[26.3974,36.9857],[26.3932,36.9864],[26.3911,36.9859],[26.3909,36.9849],[26.3873,36.9839],[26.3786,36.9837],[26.3745,36.9825],[26.3693,36.9819],[26.363,36.9828],[26.3609,36.9839],[26.3589,36.9837],[26.3578,36.9848],[26.3568,36.9851],[26.3557,36.9841],[26.3547,36.9843],[26.3536,36.9838],[26.3526,36.9843],[26.3516,36.9835],[26.3495,36.9837],[26.3474,36.983],[26.3401,36.9825],[26.3349,36.9804],[26.3318,36.9786],[26.3193,36.9747],[26.3078,36.9661],[26.3066,36.9641],[26.3039,36.963],[26.2974,36.9608],[26.287,36.9584],[26.2807,36.9577],[26.2776,36.9568],[26.2745,36.957],[26.2693,36.9557],[26.2679,36.9557],[26.2672,36.9562],[26.2638,36.9599],[26.2636,36.9609],[26.2607,36.9641],[26.2608,36.9651],[26.2586,36.9672],[26.258,36.9693],[26.2569,36.9703],[26.256,36.9724],[26.2558,36.9766],[26.2573,36.9797],[26.2573,36.9818],[26.2566,36.9839],[26.2578,36.9849],[26.2578,36.9883],[26.2599,36.9911],[26.2655,36.9953],[26.2682,36.9967],[26.2714,36.9974],[26.2724,36.9971],[26.2734,36.9976],[26.2755,36.9972],[26.2776,36.9975],[26.2786,36.9968],[26.2828,36.996],[26.2901,36.9988],[26.2912,36.9995],[26.2911,37],[26.0005,37],[26,36.9995],[26,36.9495],[26.012,36.9495],[26.013,36.9489],[26.0224,36.9476],[26.0297,36.9453],[26.0318,36.9438],[26.037,36.9418],[26.0416,36.9391],[26.0547,36.9329],[26.0682,36.9244],[26.0693,36.9243],[26.0755,36.9213],[26.0788,36.9193],[26.0815,36.9161],[26.088,36.9124],[26.0911,36.9116],[26.0943,36.912],[26.0995,36.9113],[26.1078,36.9126],[26.1141,36.9122],[26.1151,36.9129],[26.1155,36.9141],[26.1176,36.9161],[26.118,36.9182],[26.1191,36.9193],[26.1202,36.9214],[26.1203,36.9233],[26.122,36.9276],[26.1212,36.9422],[26.1226,36.9443],[26.1245,36.9459],[26.1286,36.9476],[26.1443,36.947],[26.1526,36.9458],[26.1589,36.9454],[26.1703,36.9458],[26.1734,36.9454],[26.1765,36.9432],[26.1818,36.9359],[26.1873,36.9307],[26.1911,36.9288],[26.2014,36.9255],[26.2019,36.9245],[26.2014,36.9224],[26.1989,36.9182],[26.1976,36.9172],[26.1978,36.9161],[26.1967,36.9141],[26.1952,36.913],[26.1954,36.9109],[26.1948,36.9099],[26.1958,36.9089],[26.1969,36.9047],[26.1985,36.9016],[26.1989,36.8974],[26.1989,36.8964],[26.1968,36.8932],[26.1962,36.8901],[26.1964,36.888],[26.1903,36.8849],[26.182,36.8786],[26.1786,36.8773],[26.1724,36.8762],[26.1641,36.8761],[26.1599,36.8765],[26.1568,36.8753],[26.1547,36.8752],[26.1535,36.8766],[26.1532,36.8786],[26.1505,36.8804],[26.1359,36.8792],[26.1318,36.8818],[26.1297,36.8825],[26.1286,36.8814],[26.1256,36.8807],[26.1203,36.8814],[26.1161,36.8786],[26.1109,36.8779],[26.1066,36.8807],[26.1016,36.8824],[26.0964,36.8824],[26.0901,36.8815],[26.0818,36.8825],[26.0776,36.8825],[26.0734,36.8835],[26.0661,36.8837],[26.062,36.8845],[26.0589,36.8861],[26.0547,36.887],[26.0495,36.8904],[26.0401,36.8911],[26.0349,36.8899],[26.0307,36.8899],[26.0266,36.8887],[26.0172,36.884],[26.012,36.8844],[26.0107,36.8839],[26.01,36.8828],[26.0089,36.8792],[26.0078,36.8786],[26.0047,36.8786],[26.0016,36.878],[26.0005,36.8775],[26,36.8766],[26,36.2922],[26.0036,36.291],[26.0151,36.2893],[26.0161,36.2901],[26.0172,36.2897],[26.0193,36.2902],[26.0234,36.29],[26.0286,36.2913],[26.0328,36.2951],[26.0393,36.3036],[26.0464,36.3096],[26.0536,36.3133],[26.0609,36.315],[26.0745,36.3165],[26.0828,36.3157],[26.0901,36.3138],[26.0947,36.312],[26.0993,36.3089],[26.1012,36.3057],[26.1012,36.3047],[26.0999,36.3026],[26.0974,36.2994],[26.0922,36.2942],[26.0901,36.2911],[26.088,36.287],[26.0875,36.2828],[26.088,36.2818],[26.087,36.2766],[26.0832,36.2714],[26.0786,36.2672],[26.0783,36.2661],[26.0786,36.2658],[26.0807,36.2666],[26.0821,36.2661],[26.0776,36.2614],[26.0672,36.2584],[26.061,36.2547],[26.0568,36.2511],[26.0536,36.25],[26.0495,36.25],[26.0484,36.2509],[26.0432,36.253],[26.0391,36.2544],[26.0359,36.2549],[26.0318,36.2538],[26.0286,36.2514],[26.0276,36.2513],[26.0266,36.2522],[26.0255,36.2511],[26.0193,36.2495],[26.0172,36.2499],[26.0153,36.2474],[26.0106,36.2443],[26.0099,36.2433],[26.0078,36.2429],[26.0057,36.2428],[26.0042,36.2432],[26.0028,36.2443],[26.0032,36.2464],[26.0016,36.2476],[26.0005,36.2478],[26,36.2474],[26,36.0005],[26.0005,36],[26.4172,36],[26.4169,36.0057],[26.4189,36.0099],[26.4203,36.0114],[26.4219,36.012],[26.4234,36.0142],[26.4255,36.0146],[26.4297,36.0165],[26.4339,36.0171],[26.438,36.0168],[26.4411,36.0158],[26.4443,36.0133],[26.4453,36.0135],[26.4484,36.0107],[26.4495,36.0103],[26.4531,36.0057],[26.4537,36.0036],[26.455,36.0026],[26.4557,36],[26.9995,36],[27,36.0005]],[[26.3557,36.8306],[26.353,36.8307],[26.3529,36.8328],[26.3547,36.8337],[26.3557,36.8333],[26.3563,36.8318],[26.3557,36.8306]],[[26.7786,36.7911],[26.7764,36.7911],[26.7755,36.7923],[26.7745,36.7916],[26.7724,36.7928],[26.7703,36.7954],[26.7674,36.8016],[26.7672,36.8026],[26.7682,36.8038],[26.7724,36.8066],[26.7755,36.8073],[26.7807,36.8064],[26.7837,36.8047],[26.7859,36.8016],[26.7859,36.8005],[26.7838,36.7974],[26.7823,36.7932],[26.7786,36.7911]],[[26.212,36.7151],[26.2068,36.7141],[26.2016,36.7157],[26.1974,36.7155],[26.1943,36.7165],[26.1873,36.7161],[26.1828,36.7176],[26.1822,36.7182],[26.1821,36.7203],[26.1828,36.7222],[26.1859,36.7258],[26.1884,36.7318],[26.1932,36.7389],[26.2005,36.7452],[26.2026,36.7483],[26.212,36.755],[26.2141,36.7573],[26.2161,36.7583],[26.2224,36.7597],[26.2283,36.7661],[26.2298,36.7703],[26.2301,36.7734],[26.2328,36.7769],[26.2339,36.7778],[26.2391,36.7792],[26.2453,36.7833],[26.2495,36.7846],[26.2536,36.7851],[26.2589,36.7869],[26.2714,36.7945],[26.2911,36.8046],[26.2977,36.8099],[26.3057,36.8189],[26.3255,36.8309],[26.3286,36.834],[26.3297,36.8343],[26.3305,36.8339],[26.3318,36.8319],[26.3328,36.8336],[26.3329,36.8328],[26.3344,36.8318],[26.334,36.8307],[26.3349,36.8299],[26.3367,36.8297],[26.3359,36.8293],[26.3359,36.8284],[26.338,36.8281],[26.3401,36.8288],[26.3411,36.8309],[26.3422,36.8296],[26.3432,36.8303],[26.3464,36.831],[26.3484,36.8312],[26.3489,36.8307],[26.3483,36.8297],[26.3484,36.8288],[26.349,36.8286],[26.347,36.8276],[26.3474,36.8264],[26.3423,36.8214],[26.3434,36.8203],[26.3422,36.8211],[26.3412,36.8203],[26.3411,36.8193],[26.338,36.8185],[26.3369,36.8172],[26.337,36.8154],[26.3381,36.8151],[26.3386,36.813],[26.337,36.8061],[26.3349,36.8058],[26.3349,36.8046],[26.3339,36.8051],[26.3301,36.8016],[26.3297,36.8003],[26.3286,36.8005],[26.3284,36.7995],[26.3266,36.7989],[26.3255,36.7978],[26.3245,36.7974],[26.3246,36.7964],[26.3234,36.7957],[26.3214,36.7901],[26.3199,36.7891],[26.32,36.788],[26.3193,36.7878],[26.3182,36.7885],[26.3161,36.7878],[26.3141,36.7879],[26.3119,36.787],[26.3096,36.7828],[26.31,36.7818],[26.3087,36.7786],[26.3051,36.7745],[26.3049,36.7714],[26.3058,36.7682],[26.3057,36.7661],[26.303,36.762],[26.2973,36.7568],[26.2964,36.7554],[26.2948,36.7547],[26.2926,36.7526],[26.2881,36.7505],[26.2875,36.7495],[26.2844,36.7474],[26.2828,36.7456],[26.2817,36.7453],[26.2768,36.7391],[26.2714,36.7362],[26.2699,36.7339],[26.2575,36.7297],[26.2548,36.7276],[26.2547,36.7255],[26.2526,36.7245],[26.2484,36.7243],[26.2443,36.7229],[26.242,36.7214],[26.2349,36.7214],[26.2276,36.7168],[26.2234,36.7159],[26.2172,36.7159],[26.212,36.7151]],[[26.9766,36.6482],[26.976,36.6484],[26.9766,36.6487],[26.9766,36.6482]],[[26.9849,36.6449],[26.9841,36.6453],[26.9849,36.6457],[26.9856,36.6453],[26.9849,36.6449]],[[26.9839,36.639],[26.9828,36.6386],[26.9818,36.6392],[26.9804,36.6411],[26.9807,36.6422],[26.9818,36.6433],[26.9839,36.644],[26.9859,36.6439],[26.9876,36.6432],[26.9882,36.6422],[26.9875,36.6411],[26.9859,36.6397],[26.9839,36.639]],[[26.212,36.6087],[26.2089,36.6095],[26.208,36.6109],[26.2081,36.612],[26.2109,36.6148],[26.2141,36.6166],[26.2151,36.6165],[26.2161,36.6151],[26.2161,36.6141],[26.2155,36.6109],[26.213,36.609],[26.212,36.6087]],[[26.3151,36.4859],[26.3099,36.4859],[26.3057,36.485],[26.2984,36.4896],[26.2974,36.4911],[26.2934,36.4932],[26.288,36.4952],[26.2846,36.4974],[26.2805,36.5016],[26.2766,36.5037],[26.2695,36.5057],[26.2651,36.5077],[26.2536,36.5105],[26.2516,36.5117],[26.2474,36.5123],[26.2453,36.5111],[26.2443,36.5111],[26.2422,36.5092],[26.2401,36.5096],[26.2391,36.5093],[26.2387,36.5099],[26.2392,36.5109],[26.2391,36.5126],[26.235,36.5109],[26.2339,36.509],[26.2276,36.5086],[26.2266,36.5095],[26.2247,36.5089],[26.2234,36.5077],[26.2193,36.5076],[26.2161,36.508],[26.212,36.5094],[26.2057,36.5139],[26.2026,36.5157],[26.1974,36.517],[26.1932,36.5171],[26.1849,36.5158],[26.1786,36.5155],[26.1745,36.5146],[26.1693,36.5128],[26.1639,36.5089],[26.1557,36.4996],[26.1536,36.4983],[26.1505,36.4974],[26.1474,36.4976],[26.1418,36.5016],[26.138,36.5032],[26.1255,36.5039],[26.1224,36.5054],[26.1199,36.5078],[26.1111,36.5214],[26.1096,36.5245],[26.1086,36.5286],[26.1091,36.5328],[26.1103,36.5359],[26.114,36.5422],[26.1126,36.5464],[26.1109,36.5486],[26.1059,36.5516],[26.1034,36.5536],[26.1018,36.5557],[26.1018,36.5578],[26.106,36.562],[26.1103,36.5682],[26.112,36.5718],[26.113,36.5682],[26.1141,36.568],[26.1151,36.5684],[26.1171,36.5734],[26.1183,36.5745],[26.1222,36.5766],[26.1245,36.5769],[26.1266,36.5779],[26.1328,36.5818],[26.1349,36.5813],[26.137,36.5821],[26.1401,36.5796],[26.1411,36.5793],[26.1422,36.5801],[26.1432,36.5787],[26.1443,36.5794],[26.1464,36.5784],[26.1484,36.579],[26.1536,36.5769],[26.1641,36.5763],[26.1672,36.5757],[26.1714,36.5773],[26.1734,36.5773],[26.1745,36.578],[26.1755,36.5776],[26.1807,36.5787],[26.1839,36.5785],[26.1911,36.5794],[26.1922,36.5791],[26.1964,36.5802],[26.2005,36.5832],[26.2068,36.5867],[26.2147,36.5964],[26.2203,36.5991],[26.2245,36.6005],[26.2286,36.603],[26.2328,36.6044],[26.238,36.6051],[26.2429,36.6068],[26.2547,36.6121],[26.2568,36.612],[26.263,36.6147],[26.2718,36.6224],[26.2839,36.63],[26.2927,36.6401],[26.3057,36.6488],[26.3099,36.65],[26.3255,36.6507],[26.3359,36.6483],[26.337,36.6487],[26.3391,36.6478],[26.3443,36.6476],[26.3516,36.6465],[26.3536,36.6478],[26.3578,36.6484],[26.3641,36.6511],[26.3651,36.6512],[26.3661,36.6497],[26.3682,36.6507],[26.371,36.6536],[26.3727,36.6547],[26.3776,36.6561],[26.3828,36.6567],[26.3943,36.6549],[26.4016,36.6545],[26.4151,36.6512],[26.4337,36.6422],[26.4395,36.638],[26.4518,36.6307],[26.4568,36.627],[26.4629,36.6234],[26.4661,36.6209],[26.4672,36.6206],[26.4745,36.6129],[26.4755,36.6124],[26.4766,36.613],[26.4801,36.6109],[26.4839,36.6057],[26.4853,36.6047],[26.4894,36.5974],[26.4902,36.5922],[26.4894,36.5891],[26.4886,36.588],[26.4886,36.587],[26.4876,36.5859],[26.4891,36.5845],[26.4904,36.5849],[26.491,36.5807],[26.4896,36.5786],[26.487,36.5773],[26.4859,36.5754],[26.4827,36.5724],[26.482,36.5703],[26.4823,36.5682],[26.4849,36.5634],[26.4859,36.5622],[26.4874,36.562],[26.487,36.5589],[26.488,36.5585],[26.4885,36.5589],[26.4891,36.5601],[26.4922,36.562],[26.4923,36.563],[26.4943,36.5647],[26.5015,36.5641],[26.5038,36.5599],[26.5026,36.559],[26.5005,36.5593],[26.4995,36.562],[26.4984,36.5606],[26.4974,36.5597],[26.4964,36.5595],[26.4924,36.5557],[26.4934,36.5547],[26.4925,36.5536],[26.4928,36.5516],[26.4923,36.5495],[26.493,36.5474],[26.4927,36.5443],[26.4901,36.543],[26.4891,36.5433],[26.4879,36.5422],[26.4875,36.5401],[26.4858,36.538],[26.4863,36.5359],[26.4853,36.5349],[26.4856,36.5328],[26.4835,36.5307],[26.4835,36.5297],[26.4824,36.5286],[26.4753,36.5234],[26.4741,36.5214],[26.4747,36.5203],[26.4747,36.5182],[26.4753,36.5172],[26.4753,36.5151],[26.4746,36.5141],[26.4724,36.5142],[26.4703,36.5154],[26.4694,36.5161],[26.4677,36.5193],[26.4651,36.5207],[26.462,36.5214],[26.4589,36.5211],[26.4568,36.5217],[26.4547,36.5217],[26.4516,36.523],[26.4495,36.5235],[26.4474,36.5232],[26.4464,36.5239],[26.4453,36.523],[26.437,36.521],[26.4355,36.5214],[26.4349,36.5225],[26.434,36.5224],[26.4318,36.521],[26.4307,36.5191],[26.4255,36.5182],[26.4245,36.5187],[26.4234,36.5184],[26.4214,36.5195],[26.4193,36.5189],[26.4161,36.5194],[26.4151,36.5196],[26.4141,36.5205],[26.412,36.5211],[26.4068,36.5205],[26.4057,36.5209],[26.4047,36.5201],[26.3984,36.519],[26.3974,36.5193],[26.3964,36.5187],[26.3943,36.5188],[26.3932,36.5181],[26.3901,36.5174],[26.3859,36.5179],[26.3828,36.5193],[26.3818,36.5189],[26.3807,36.5172],[26.3811,36.5151],[26.3796,36.5068],[26.3777,36.5047],[26.3757,36.5036],[26.365,36.4995],[26.3547,36.4963],[26.3516,36.496],[26.3474,36.4966],[26.3453,36.4962],[26.3427,36.4943],[26.3402,36.4911],[26.3349,36.4889],[26.3328,36.4884],[26.3276,36.489],[26.3151,36.4859]],[[26.9474,36.4848],[26.9443,36.484],[26.9432,36.4843],[26.9404,36.4859],[26.9384,36.488],[26.9377,36.4901],[26.9393,36.4922],[26.9376,36.4964],[26.9375,36.4974],[26.938,36.4984],[26.9422,36.5011],[26.9453,36.5019],[26.9495,36.5024],[26.9516,36.5009],[26.9547,36.5016],[26.9568,36.5037],[26.9626,36.5078],[26.9651,36.5085],[26.9722,36.5089],[26.9734,36.5103],[26.9786,36.5134],[26.9828,36.5123],[26.9845,36.513],[26.987,36.5152],[26.9886,36.513],[26.9884,36.5109],[26.9868,36.5089],[26.9868,36.5078],[26.9881,36.5068],[26.9882,36.5057],[26.9874,36.5036],[26.9859,36.5023],[26.9828,36.5014],[26.9786,36.4969],[26.9715,36.4932],[26.9693,36.4907],[26.9653,36.4901],[26.9651,36.4881],[26.963,36.4871],[26.9599,36.4864],[26.9578,36.4866],[26.9526,36.486],[26.9474,36.4848]],[[26.9224,36.4827],[26.9182,36.4827],[26.9172,36.4833],[26.9155,36.4859],[26.912,36.4873],[26.9109,36.489],[26.9099,36.4884],[26.9087,36.4891],[26.9063,36.4922],[26.9063,36.4932],[26.9096,36.4943],[26.9141,36.4947],[26.9172,36.4932],[26.921,36.4901],[26.9238,36.4859],[26.9236,36.4839],[26.9224,36.4827]],[[26.5807,36.431],[26.5786,36.431],[26.5724,36.4359],[26.5734,36.4394],[26.5745,36.4394],[26.5776,36.4354],[26.5807,36.4328],[26.5814,36.4318],[26.5807,36.431]],[[26.7901,36.288],[26.788,36.2873],[26.7849,36.2873],[26.7828,36.2885],[26.7825,36.2901],[26.7839,36.2916],[26.7859,36.2926],[26.787,36.2929],[26.7891,36.2926],[26.7911,36.2914],[26.7916,36.2901],[26.7916,36.2891],[26.7901,36.288]],[[26.6755,36.2398],[26.6693,36.2392],[26.6578,36.24],[26.6453,36.24],[26.6276,36.2417],[26.6234,36.2432],[26.6214,36.2449],[26.6201,36.2474],[26.6201,36.2505],[26.6218,36.2536],[26.6266,36.2562],[26.6411,36.2581],[26.6471,36.2599],[26.6487,36.2609],[26.6526,36.2659],[26.6557,36.2687],[26.6703,36.2762],[26.6742,36.2807],[26.6766,36.2845],[26.6776,36.2853],[26.6796,36.2891],[26.6794,36.2911],[26.6804,36.2922],[26.6806,36.2932],[26.6826,36.2953],[26.6832,36.2984],[26.6849,36.2997],[26.688,36.2995],[26.6891,36.2982],[26.6922,36.3016],[26.6932,36.3021],[26.6974,36.3017],[26.7005,36.3005],[26.7017,36.2995],[26.7047,36.2992],[26.7057,36.2984],[26.7099,36.3005],[26.7106,36.3016],[26.7111,36.3036],[26.7089,36.3127],[26.7078,36.3146],[26.7057,36.3157],[26.7016,36.3117],[26.6974,36.3088],[26.6932,36.307],[26.6818,36.3062],[26.6797,36.3064],[26.6755,36.3083],[26.6703,36.3097],[26.663,36.3109],[26.6589,36.3124],[26.6557,36.3153],[26.6527,36.3214],[26.6511,36.3234],[26.6495,36.3279],[26.6474,36.3318],[26.6469,36.3349],[26.6443,36.3424],[26.6391,36.3475],[26.6373,36.3484],[26.6349,36.3507],[26.6328,36.3516],[26.6286,36.3515],[26.6245,36.3505],[26.6152,36.3453],[26.6109,36.344],[26.6047,36.344],[26.6026,36.3443],[26.6005,36.3454],[26.5984,36.3482],[26.5979,36.3516],[26.5984,36.3578],[26.6,36.363],[26.6026,36.3668],[26.6068,36.3695],[26.6109,36.3709],[26.6214,36.3724],[26.6218,36.3734],[26.6215,36.3745],[26.6191,36.3807],[26.6161,36.3839],[26.6127,36.3859],[26.6068,36.3873],[26.6005,36.3868],[26.5849,36.3839],[26.5776,36.3836],[26.5755,36.3843],[26.5673,36.3922],[26.566,36.3953],[26.568,36.3995],[26.5703,36.4009],[26.5715,36.4026],[26.5724,36.4091],[26.5776,36.4133],[26.5818,36.4148],[26.5859,36.4198],[26.5901,36.4225],[26.5922,36.4234],[26.6036,36.4244],[26.6089,36.4267],[26.6099,36.4263],[26.6109,36.4276],[26.612,36.4278],[26.6245,36.4274],[26.6255,36.4267],[26.6276,36.4269],[26.6289,36.4276],[26.6297,36.43],[26.6307,36.4302],[26.6328,36.4319],[26.6337,36.4318],[26.638,36.4284],[26.6432,36.4231],[26.6444,36.4214],[26.6447,36.4172],[26.6443,36.4156],[26.6424,36.413],[26.6409,36.4089],[26.6404,36.4068],[26.6408,36.4036],[26.6422,36.4027],[26.6423,36.4016],[26.6432,36.4006],[26.6443,36.4007],[26.6453,36.3994],[26.6484,36.3987],[26.6516,36.3984],[26.6536,36.3999],[26.6554,36.4026],[26.6578,36.4046],[26.6647,36.4078],[26.6714,36.4155],[26.6724,36.4158],[26.676,36.413],[26.6818,36.4099],[26.6821,36.4078],[26.6839,36.4064],[26.6849,36.4044],[26.6862,36.4036],[26.6851,36.4016],[26.6853,36.4005],[26.6875,36.3974],[26.6878,36.3943],[26.6869,36.3922],[26.6883,36.3891],[26.6878,36.388],[26.6879,36.3828],[26.687,36.3769],[26.6859,36.3772],[26.6839,36.3756],[26.6838,36.3745],[26.6827,36.3734],[26.6828,36.373],[26.6849,36.3709],[26.6891,36.3679],[26.6894,36.3661],[26.6912,36.3651],[26.6922,36.3628],[26.6984,36.3553],[26.7016,36.3523],[26.7027,36.3505],[26.7036,36.3502],[26.7049,36.3505],[26.7093,36.3464],[26.7092,36.3453],[26.7114,36.3432],[26.7109,36.3422],[26.7121,36.3391],[26.7123,36.337],[26.7117,36.3349],[26.7121,36.3339],[26.7114,36.3318],[26.7087,36.3276],[26.7084,36.3266],[26.7089,36.3259],[26.7099,36.3248],[26.7109,36.3253],[26.7123,36.3266],[26.7153,36.3318],[26.7161,36.332],[26.7182,36.3344],[26.7224,36.3346],[26.7248,36.3359],[26.7276,36.3392],[26.7307,36.3398],[26.7318,36.3388],[26.7342,36.3339],[26.7366,36.3318],[26.7375,36.3297],[26.738,36.3257],[26.7391,36.3232],[26.7411,36.3206],[26.7434,36.3193],[26.7484,36.3142],[26.7507,36.313],[26.7523,36.3109],[26.7574,36.3089],[26.7599,36.3073],[26.7661,36.3026],[26.7693,36.2992],[26.77,36.2953],[26.7706,36.2943],[26.7681,36.2911],[26.7688,36.2901],[26.7672,36.2884],[26.7678,36.287],[26.7669,36.2859],[26.7678,36.2849],[26.7675,36.2839],[26.7684,36.2828],[26.7683,36.2818],[26.7688,36.2807],[26.7669,36.2755],[26.763,36.2707],[26.7578,36.2682],[26.7536,36.2675],[26.7464,36.2672],[26.7401,36.2678],[26.7359,36.269],[26.7328,36.2706],[26.7318,36.2721],[26.7299,36.2724],[26.7255,36.2758],[26.7245,36.2761],[26.7202,36.2797],[26.7184,36.2818],[26.7172,36.2823],[26.716,36.2818],[26.713,36.2789],[26.7116,36.2755],[26.7099,36.2738],[26.7078,36.2724],[26.7055,36.2724],[26.7036,36.2699],[26.7016,36.271],[26.7013,36.2703],[26.7019,36.2693],[26.6977,36.2651],[26.698,36.2641],[26.6974,36.264],[26.6967,36.262],[26.6953,36.2615],[26.6937,36.2589],[26.688,36.2526],[26.6818,36.2435],[26.679,36.2411],[26.6755,36.2398]],[[26.3057,36.1556],[26.3016,36.1553],[26.3005,36.1557],[26.3003,36.1568],[26.2995,36.157],[26.2973,36.1557],[26.2976,36.1568],[26.2988,36.1578],[26.299,36.1589],[26.2974,36.1608],[26.2963,36.1609],[26.2966,36.162],[26.2981,36.163],[26.2984,36.1653],[26.2995,36.1655],[26.3016,36.1679],[26.3026,36.1683],[26.3036,36.1676],[26.3047,36.1681],[26.3057,36.167],[26.3068,36.1672],[26.3089,36.1656],[26.3108,36.163],[26.3109,36.162],[26.31,36.1589],[26.3089,36.157],[26.3078,36.1561],[26.3057,36.1556]],[[26.4422,36.0961],[26.4391,36.0965],[26.4383,36.0984],[26.4383,36.1005],[26.4391,36.1023],[26.4402,36.1036],[26.442,36.1047],[26.4432,36.1048],[26.4453,36.1032],[26.4457,36.1005],[26.4443,36.0976],[26.4422,36.0961]],[[26.4161,36.0305],[26.4141,36.0304],[26.4057,36.032],[26.4047,36.0316],[26.4036,36.033],[26.4026,36.0321],[26.4005,36.0326],[26.3984,36.0325],[26.3922,36.0355],[26.388,36.0401],[26.3837,36.0422],[26.3818,36.0438],[26.3799,36.0474],[26.3734,36.0545],[26.3724,36.0565],[26.3716,36.0599],[26.3717,36.063],[26.3738,36.0745],[26.3748,36.0755],[26.3741,36.0766],[26.3746,36.0776],[26.3782,36.0849],[26.3807,36.088],[26.383,36.0922],[26.3859,36.0955],[26.3911,36.0986],[26.3964,36.0996],[26.3974,36.0996],[26.3984,36.099],[26.4005,36.0996],[26.4047,36.0993],[26.4161,36.0952],[26.4182,36.0953],[26.4266,36.0932],[26.4288,36.0922],[26.4305,36.0901],[26.4308,36.088],[26.43,36.0839],[26.4287,36.0807],[26.4276,36.0796],[26.4262,36.0734],[26.4244,36.0703],[26.4218,36.063],[26.422,36.0599],[26.4247,36.0464],[26.4248,36.0401],[26.4234,36.0359],[26.4182,36.0314],[26.4161,36.0305]]]]}},{"type":"Feature","properties":{"depth":200,"kind":"isobath"},"geometry":{"type":"MultiLineString","coordinates":[[[26.3158,36.9995],[26.3172,36.9993],[26.3182,36.9986],[26.3214,36.9994],[26.3276,36.9989],[26.3314,36.9995]],[[26.3387,36.9984],[26.3391,36.998],[26.3394,36.9984],[26.3411,36.9994]],[[26.354,36.9849],[26.3535,36.9849],[26.3536,36.9841]],[[26.1947,36.9089],[26.1943,36.9092],[26.1943,36.9086]],[[26.3337,36.8318],[26.3328,36.8327],[26.3318,36.8318],[26.3328,36.8308]],[[26.3346,36.8297],[26.3339,36.8305],[26.3331,36.8297],[26.3339,36.8289]],[[26.4854,36.5859],[26.4856,36.588],[26.4849,36.5892],[26.4841,36.588],[26.4844,36.5859],[26.4849,36.5854]],[[26.1376,36.5807],[26.137,36.5813],[26.1365,36.5807],[26.137,36.5804]],[[26.1448,36.5776],[26.1443,36.5779],[26.1441,36.5776]],[[26.4874,36.5578],[26.487,36.5588],[26.4866,36.5578],[26.487,36.5571]],[[26.9538,36.5005],[26.9536,36.5014],[26.9533,36.5005]],[[26.6835,36.3766],[26.6828,36.3767],[26.6828,36.3762]],[[26.7081,36.3193],[26.7104,36.3224],[26.7096,36.3245],[26.7089,36.3252],[26.7078,36.3248],[26.7077,36.3234],[26.7068,36.3224],[26.7074,36.3203],[26.7071,36.3193],[26.7078,36.3188]],[[26.707,36.3161],[26.7068,36.3166],[26.7064,36.3161],[26.7068,36.3155]],[[26.6758,36.2807],[26.6755,36.2813],[26.6747,36.2807],[26.6755,36.2804]],[[26.6746,36.2797],[26.6745,36.2801],[26.6736,36.2797]],[[26.703,36.2724],[26.7023,36.2724],[26.7026,36.2721]],[[26.7046,36.2714],[26.7036,36.2719],[26.7032,36.2714],[26.7036,36.2708]],[[26.7008,36.2693],[26.7003,36.2693],[26.7005,36.2686]],[[26.2996,36.1609],[26.2984,36.1613],[26.298,36.1609],[26.2984,36.1604]],[[26.3977,36.0984],[26.3974,36.0993],[26.397,36.0984]],[[26.4437,36.013],[26.4432,36.0138],[26.4427,36.013],[26.4432,36.0126]],[[26.9995,36.5174],[26.9964,36.5148],[26.9932,36.5143],[26.9911,36.5152],[26.9901,36.5139],[26.9891,36.5155],[26.987,36.5172],[26.9893,36.5224],[26.9893,36.5234],[26.9911,36.5247],[26.9932,36.5243],[26.9943,36.5247],[26.9984,36.5234],[26.9995,36.5216]],[[26.9995,36.7427],[26.9974,36.7424],[26.9918,36.7401],[26.9911,36.7391],[26.9901,36.7387],[26.9889,36.7391],[26.9868,36.737],[26.9874,36.7359],[26.9906,36.7339],[26.9906,36.7328],[26.9945,36.7318],[26.995,36.7307],[26.994,36.7276],[26.9941,36.7266],[26.9961,36.7224],[26.9943,36.7172],[26.9891,36.7138],[26.9839,36.7079],[26.9828,36.7079],[26.9809,36.7068],[26.9797,36.7036],[26.9797,36.7016],[26.9773,36.6984],[26.9759,36.6974],[26.9765,36.6943],[26.9763,36.6932],[26.9751,36.6922],[26.9754,36.6911],[26.9763,36.6901],[26.9763,36.6891],[26.9744,36.6849],[26.9755,36.6839],[26.9755,36.6807],[26.9776,36.6785],[26.9787,36.6755],[26.9797,36.6693],[26.9789,36.6682],[26.9797,36.6671],[26.983,36.6651],[26.9831,36.663],[26.9837,36.662],[26.9818,36.6585],[26.9745,36.653],[26.9672,36.6547],[26.9641,36.655],[26.9584,36.6589],[26.9557,36.6617],[26.9536,36.6627],[26.9401,36.6666],[26.9339,36.6698],[26.9266,36.6698],[26.9224,36.6728],[26.9203,36.6719],[26.9172,36.6717],[26.913,36.6729],[26.9109,36.6739],[26.9078,36.6766],[26.9047,36.6776],[26.9016,36.6797],[26.901,36.6807],[26.9012,36.6828],[26.9005,36.6839],[26.8974,36.6857],[26.8922,36.6864],[26.8901,36.6871],[26.887,36.6893],[26.8807,36.6896],[26.8776,36.6908],[26.8693,36.6907],[26.8676,36.6932],[26.8637,36.6974],[26.8609,36.6991],[26.8589,36.6996],[26.8557,36.6995],[26.8516,36.6984],[26.8495,36.6986],[26.8474,36.6975],[26.8401,36.6966],[26.8328,36.6972],[26.8266,36.6995],[26.8214,36.7023],[26.8169,36.7057],[26.8141,36.7065],[26.8078,36.7099],[26.7974,36.713],[26.7932,36.7155],[26.787,36.721],[26.7831,36.7224],[26.7828,36.7234],[26.7834,36.7245],[26.7826,36.7255],[26.7807,36.7307],[26.7794,36.738],[26.7778,36.7401],[26.7781,36.7411],[26.7775,36.7422],[26.7778,36.7432],[26.7775,36.7443],[26.7791,36.7464],[26.7785,36.7484],[26.7792,36.7495],[26.7791,36.7516],[26.7805,36.7526],[26.78,36.7536],[26.7799,36.7557],[26.7802,36.7568],[26.782,36.7589],[26.7825,36.7609],[26.7823,36.762],[26.7837,36.7661],[26.7827,36.7714],[26.7867,36.7745],[26.7911,36.7756],[26.7983,36.7797],[26.7995,36.7818],[26.8036,36.7838],[26.8057,36.7872],[26.8084,36.7932],[26.8141,36.8004],[26.8161,36.8019],[26.8183,36.8026],[26.8203,36.8039],[26.8352,36.8161],[26.8369,36.8193],[26.8377,36.8255],[26.8386,36.8276],[26.8421,36.8318],[26.8515,36.8411],[26.8557,36.8427],[26.8589,36.8425],[26.8622,36.8411],[26.8682,36.8367],[26.8714,36.8358],[26.8755,36.8363],[26.8788,36.838],[26.8801,36.8401],[26.8801,36.8432],[26.8792,36.8453],[26.8758,36.8495],[26.8753,36.8516],[26.8755,36.8527],[26.8769,36.8547],[26.8818,36.8585],[26.8913,36.8672],[26.8978,36.8755],[26.8999,36.8828],[26.8996,36.8839],[26.9006,36.887],[26.9003,36.888],[26.9009,36.8891],[26.9017,36.8953],[26.9051,36.9016],[26.9088,36.9057],[26.9104,36.9089],[26.9123,36.9224],[26.9112,36.9266],[26.9078,36.9289],[26.9068,36.9301],[26.9033,36.9318],[26.8993,36.9349],[26.8964,36.938],[26.8948,36.9411],[26.8935,36.9474],[26.8941,36.9495],[26.8939,36.9516],[26.8947,36.9547],[26.8945,36.9568],[26.8964,36.962],[26.8967,36.9641],[26.8962,36.9651],[26.8943,36.9665],[26.8922,36.9709],[26.8914,36.9714],[26.8905,36.9807],[26.8898,36.9828],[26.8884,36.9839],[26.8883,36.9849],[26.8839,36.9864],[26.8818,36.9878],[26.8737,36.9901],[26.8736,36.9911],[26.8723,36.9911],[26.8703,36.9935],[26.8684,36.9974],[26.868,36.9995]],[[26.5318,36.9976],[26.5255,36.9944],[26.5224,36.994],[26.5151,36.9947],[26.5129,36.9943],[26.5109,36.9931],[26.5099,36.9934],[26.5078,36.9894],[26.5026,36.9878],[26.4828,36.9869],[26.4776,36.9876],[26.4734,36.9891],[26.4714,36.9893],[26.4661,36.9887],[26.4609,36.9869],[26.4526,36.9868],[26.4474,36.9888],[26.4401,36.9879],[26.4391,36.9879],[26.4377,36.9891],[26.4297,36.9892],[26.4266,36.9885],[26.4182,36.9881],[26.413,36.9858],[26.4099,36.9849],[26.4057,36.9856],[26.3974,36.9857],[26.3932,36.9864],[26.3911,36.9859],[26.3909,36.9849],[26.3873,36.9839],[26.3786,36.9837],[26.3745,36.9825],[26.3693,36.9819],[26.363,36.9828],[26.3609,36.9839],[26.3589,36.9837],[26.3578,36.9848],[26.3568,36.9851],[26.3557,36.9841],[26.3547,36.9843],[26.3536,36.9838],[26.3526,36.9843],[26.3516,36.9835],[26.3495,36.9837],[26.3474,36.983],[26.3401,36.9825],[26.3349,36.9804],[26.3318,36.9786],[26.3193,36.9747],[26.3078,36.9661],[26.3066,36.9641],[26.3039,36.963],[26.2974,36.9608],[26.287,36.9584],[26.2807,36.9577],[26.2776,36.9568],[26.2745,36.957],[26.2693,36.9557],[26.2679,36.9557],[26.2672,36.9562],[26.2638,36.9599],[26.2636,36.9609],[26.2607,36.9641],[26.2608,36.9651],[26.2586,36.9672],[26.258,36.9693],[26.2569,36.9703],[26.256,36.9724],[26.2558,36.9766],[26.2573,36.9797],[26.2573,36.9818],[26.2566,36.9839],[26.2578,36.9849],[26.2578,36.9883],[26.2599,36.9911],[26.2655,36.9953],[26.2682,36.9967],[26.2714,36.9974],[26.2724,36.9971],[26.2734,36.9976],[26.2755,36.9972],[26.2776,36.9975],[26.2786,36.9968],[26.2828,36.996],[26.2901,36.9988],[26.2912,36.9995]],[[26.012,36.9495],[26.013,36.9489],[26.0224,36.9476],[26.0297,36.9453],[26.0318,36.9438],[26.037,36.9418],[26.0416,36.9391],[26.0547,36.9329],[26.0682,36.9244],[26.0693,36.9243],[26.0755,36.9213],[26.0788,36.9193],[26.0815,36.9161],[26.088,36.9124],[26.0911,36.9116],[26.0943,36.912],[26.0995,36.9113],[26.1078,36.9126],[26.1141,36.9122],[26.1151,36.9129],[26.1155,36.9141],[26.1176,36.9161],[26.118,36.9182],[26.1191,36.9193],[26.1202,36.9214],[26.1203,36.9233],[26.122,36.9276],[26.1212,36.9422],[26.1226,36.9443],[26.1245,36.9459],[26.1286,36.9476],[26.1443,36.947],[26.1526,36.9458],[26.1589,36.9454],[26.1703,36.9458],[26.1734,36.9454],[26.1765,36.9432],[26.1818,36.9359],[26.1873,36.9307],[26.1911,36.9288],[26.2014,36.9255],[26.2019,36.9245],[26.2014,36.9224],[26.1989,36.9182],[26.1976,36.9172],[26.1978,36.9161],[26.1967,36.9141],[26.1952,36.913],[26.1954,36.9109],[26.1948,36.9099],[26.1958,36.9089],[26.1969,36.9047],[26.1985,36.9016],[26.1989,36.8974],[26.1989,36.8964],[26.1968,36.8932],[26.1962,36.8901],[26.1964,36.888],[26.1903,36.8849],[26.182,36.8786],[26.1786,36.8773],[26.1724,36.8762],[26.1641,36.8761],[26.1599,36.8765],[26.1568,36.8753],[26.1547,36.8752],[26.1535,36.8766],[26.1532,36.8786],[26.1505,36.8804],[26.1359,36.8792],[26.1318,36.8818],[26.1297,36.8825],[26.1286,36.8814],[26.1256,36.8807],[26.1203,36.8814],[26.1161,36.8786],[26.1109,36.8779],[26.1066,36.8807],[26.1016,36.8824],[26.0964,36.8824],[26.0901,36.8815],[26.0818,36.8825],[26.0776,36.8825],[26.0734,36.8835],[26.0661,36.8837],[26.062,36.8845],[26.0589,36.8861],[26.0547,36.887],[26.0495,36.8904],[26.0401,36.8911],[26.0349,36.8899],[26.0307,36.8899],[26.0266,36.8887],[26.0172,36.884],[26.012,36.8844],[26.0107,36.8839],[26.01,36.8828],[26.0089,36.8792],[26.0078,36.8786],[26.0047,36.8786],[26.0016,36.878],[26.0005,36.8775]],[[26.0036,36.291],[26.0151,36.2893],[26.0161,36.2901],[26.0172,36.2897],[26.0193,36.2902],[26.0234,36.29],[26.0286,36.2913],[26.0328,36.2951],[26.0393,36.3036],[26.0464,36.3096],[26.0536,36.3133],[26.0609,36.315],[26.0745,36.3165],[26.0828,36.3157],[26.0901,36.3138],[26.0947,36.312],[26.0993,36.3089],[26.1012,36.3057],[26.1012,36.3047],[26.0999,36.3026],[26.0974,36.2994],[26.0922,36.2942],[26.0901,36.2911],[26.088,36.287],[26.0875,36.2828],[26.088,36.2818],[26.087,36.2766],[26.0832,36.2714],[26.0786,36.2672],[26.0783,36.2661],[26.0786,36.2658],[26.0807,36.2666],[26.0821,36.2661],[26.0776,36.2614],[26.0672,36.2584],[26.061,36.2547],[26.0568,36.2511],[26.0536,36.25],[26.0495,36.25],[26.0484,36.2509],[26.0432,36.253],[26.0391,36.2544],[26.0359,36.2549],[26.0318,36.2538],[26.0286,36.2514],[26.0276,36.2513],[26.0266,36.2522],[26.0255,36.2511],[26.0193,36.2495],[26.0172,36.2499],[26.0153,36.2474],[26.0106,36.2443],[26.0099,36.2433],[26.0078,36.2429],[26.0057,36.2428],[26.0042,36.2432],[26.0028,36.2443],[26.0032,36.2464],[26.0016,36.2476],[26.0005,36.2478]],[[26.4169,36.0057],[26.4189,36.0099],[26.4203,36.0114],[26.4219,36.012],[26.4234,36.0142],[26.4255,36.0146],[26.4297,36.0165],[26.4339,36.0171],[26.438,36.0168],[26.4411,36.0158],[26.4443,36.0133],[26.4453,36.0135],[26.4484,36.0107],[26.4495,36.0103],[26.4531,36.0057],[26.4537,36.0036],[26.455,36.0026]],[[26.3557,36.8306],[26.353,36.8307],[26.3529,36.8328],[26.3547,36.8337],[26.3557,36.8333],[26.3563,36.8318]],[[26.7786,36.7911],[26.7764,36.7911],[26.7755,36.7923],[26.7745,36.7916],[26.7724,36.7928],[26.7703,36.7954],[26.7674,36.8016],[26.7672,36.8026],[26.7682,36.8038],[26.7724,36.8066],[26.7755,36.8073],[26.7807,36.8064],[26.7837,36.8047],[26.7859,36.8016],[26.7859,36.8005],[26.7838,36.7974],[26.7823,36.7932]],[[26.212,36.7151],[26.2068,36.7141],[26.2016,36.7157],[26.1974,36.7155],[26.1943,36.7165],[26.1873,36.7161],[26.1828,36.7176],[26.1822,36.7182],[26.1821,36.7203],[26.1828,36.7222],[26.1859,36.7258],[26.1884,36.7318],[26.1932,36.7389],[26.2005,36.7452],[26.2026,36.7483],[26.212,36.755],[26.2141,36.7573],[26.2161,36.7583],[26.2224,36.7597],[26.2283,36.7661],[26.2298,36.7703],[26.2301,36.7734],[26.2328,36.7769],[26.2339,36.7778],[26.2391,36.7792],[26.2453,36.7833],[26.2495,36.7846],[26.2536,36.7851],[26.2589,36.7869],[26.2714,36.7945],[26.2911,36.8046],[26.2977,36.8099],[26.3057,36.8189],[26.3255,36.8309],[26.3286,36.834],[26.3297,36.8343],[26.3305,36.8339],[26.3318,36.8319],[26.3328,36.8336],[26.3329,36.8328],[26.3344,36.8318],[26.334,36.8307],[26.3349,36.8299],[26.3367,36.8297],[26.3359,36.8293],[26.3359,36.8284],[26.338,36.8281],[26.3401,36.8288],[26.3411,36.8309],[26.3422,36.8296],[26.3432,36.8303],[26.3464,36.831],[26.3484,36.8312],[26.3489,36.8307],[26.3483,36.8297],[26.3484,36.8288],[26.349,36.8286],[26.347,36.8276],[26.3474,36.8264],[26.3423,36.8214],[26.3434,36.8203],[26.3422,36.8211],[26.3412,36.8203],[26.3411,36.8193],[26.338,36.8185],[26.3369,36.8172],[26.337,36.8154],[26.3381,36.8151],[26.3386,36.813],[26.337,36.8061],[26.3349,36.8058],[26.3349,36.8046],[26.3339,36.8051],[26.3301,36.8016],[26.3297,36.8003],[26.3286,36.8005],[26.3284,36.7995],[26.3266,36.7989],[26.3255,36.7978],[26.3245,36.7974],[26.3246,36.7964],[26.3234,36.7957],[26.3214,36.7901],[26.3199,36.7891],[26.32,36.788],[26.3193,36.7878],[26.3182,36.7885],[26.3161,36.7878],[26.3141,36.7879],[26.3119,36.787],[26.3096,36.7828],[26.31,36.7818],[26.3087,36.7786],[26.3051,36.7745],[26.3049,36.7714],[26.3058,36.7682],[26.3057,36.7661],[26.303,36.762],[26.2973,36.7568],[26.2964,36.7554],[26.2948,36.7547],[26.2926,36.7526],[26.2881,36.7505],[26.2875,36.7495],[26.2844,36.7474],[26.2828,36.7456],[26.2817,36.7453],[26.2768,36.7391],[26.2714,36.7362],[26.2699,36.7339],[26.2575,36.7297],[26.2548,36.7276],[26.2547,36.7255],[26.2526,36.7245],[26.2484,36.7243],[26.2443,36.7229],[26.242,36.7214],[26.2349,36.7214],[26.2276,36.7168],[26.2234,36.7159],[26.2172,36.7159]],[[26.9766,36.6482],[26.976,36.6484],[26.9766,36.6487]],[[26.9849,36.6449],[26.9841,36.6453],[26.9849,36.6457],[26.9856,36.6453]],[[26.9839,36.639],[26.9828,36.6386],[26.9818,36.6392],[26.9804,36.6411],[26.9807,36.6422],[26.9818,36.6433],[26.9839,36.644],[26.9859,36.6439],[26.9876,36.6432],[26.9882,36.6422],[26.9875,36.6411],[26.9859,36.6397]],[[26.212,36.6087],[26.2089,36.6095],[26.208,36.6109],[26.2081,36.612],[26.2109,36.6148],[26.2141,36.6166],[26.2151,36.6165],[26.2161,36.6151],[26.2161,36.6141],[26.2155,36.6109],[26.213,36.609]],[[26.3151,36.4859],[26.3099,36.4859],[26.3057,36.485],[26.2984,36.4896],[26.2974,36.4911],[26.2934,36.4932],[26.288,36.4952],[26.2846,36.4974],[26.2805,36.5016],[26.2766,36.5037],[26.2695,36.5057],[26.2651,36.5077],[26.2536,36.5105],[26.2516,36.5117],[26.2474,36.5123],[26.2453,36.5111],[26.2443,36.5111],[26.2422,36.5092],[26.2401,36.5096],[26.2391,36.5093],[26.2387,36.5099],[26.2392,36.5109],[26.2391,36.5126],[26.235,36.5109],[26.2339,36.509],[26.2276,36.5086],[26.2266,36.5095],[26.2247,36.5089],[26.2234,36.5077],[26.2193,36.5076],[26.2161,36.508],[26.212,36.5094],[26.2057,36.5139],[26.2026,36.5157],[26.1974,36.517],[26.1932,36.5171],[26.1849,36.5158],[26.1786,36.5155],[26.1745,36.5146],[26.1693,36.5128],[26.1639,36.5089],[26.1557,36.4996],[26.1536,36.4983],[26.1505,36.4974],[26.1474,36.4976],[26.1418,36.5016],[26.138,36.5032],[26.1255,36.5039],[26.1224,36.5054],[26.1199,36.5078],[26.1111,36.5214],[26.1096,36.5245],[26.1086,36.5286],[26.1091,36.5328],[26.1103,36.5359],[26.114,36.5422],[26.1126,36.5464],[26.1109,36.5486],[26.1059,36.5516],[26.1034,36.5536],[26.1018,36.5557],[26.1018,36.5578],[26.106,36.562],[26.1103,36.5682],[26.112,36.5718],[26.113,36.5682],[26.1141,36.568],[26.1151,36.5684],[26.1171,36.5734],[26.1183,36.5745],[26.1222,36.5766],[26.1245,36.5769],[26.1266,36.5779],[26.1328,36.5818],[26.1349,36.5813],[26.137,36.5821],[26.1401,36.5796],[26.1411,36.5793],[26.1422,36.5801],[26.1432,36.5787],[26.1443,36.5794],[26.1464,36.5784],[26.1484,36.579],[26.1536,36.5769],[26.1641,36.5763],[26.1672,36.5757],[26.1714,36.5773],[26.1734,36.5773],[26.1745,36.578],[26.1755,36.5776],[26.1807,36.5787],[26.1839,36.5785],[26.1911,36.5794],[26.1922,36.5791],[26.1964,36.5802],[26.2005,36.5832],[26.2068,36.5867],[26.2147,36.5964],[26.2203,36.5991],[26.2245,36.6005],[26.2286,36.603],[26.2328,36.6044],[26.238,36.6051],[26.2429,36.6068],[26.2547,36.6121],[26.2568,36.612],[26.263,36.6147],[26.2718,36.6224],[26.2839,36.63],[26.2927,36.6401],[26.3057,36.6488],[26.3099,36.65],[26.3255,36.6507],[26.3359,36.6483],[26.337,36.6487],[26.3391,36.6478],[26.3443,36.6476],[26.3516,36.6465],[26.3536,36.6478],[26.3578,36.6484],[26.3641,36.6511],[26.3651,36.6512],[26.3661,36.6497],[26.3682,36.6507],[26.371,36.6536],[26.3727,36.6547],[26.3776,36.6561],[26.3828,36.6567],[26.3943,36.6549],[26.4016,36.6545],[26.4151,36.6512],[26.4337,36.6422],[26.4395,36.638],[26.4518,36.6307],[26.4568,36.627],[26.4629,36.6234],[26.4661,36.6209],[26.4672,36.6206],[26.4745,36.6129],[26.4755,36.6124],[26.4766,36.613],[26.4801,36.6109],[26.4839,36.6057],[26.4853,36.6047],[26.4894,36.5974],[26.4902,36.5922],[26.4894,36.5891],[26.4886,36.588],[26.4886,36.587],[26.4876,36.5859],[26.4891,36.5845],[26.4904,36.5849],[26.491,36.5807],[26.4896,36.5786],[26.487,36.5773],[26.4859,36.5754],[26.4827,36.5724],[26.482,36.5703],[26.4823,36.5682],[26.4849,36.5634],[26.4859,36.5622],[26.4874,36.562],[26.487,36.5589],[26.488,36.5585],[26.4885,36.5589],[26.4891,36.5601],[26.4922,36.562],[26.4923,36.563],[26.4943,36.5647],[26.5015,36.5641],[26.5038,36.5599],[26.5026,36.559],[26.5005,36.5593],[26.4995,36.562],[26.4984,36.5606],[26.4974,36.5597],[26.4964,36.5595],[26.4924,36.5557],[26.4934,36.5547],[26.4925,36.5536],[26.4928,36.5516],[26.4923,36.5495],[26.493,36.5474],[26.4927,36.5443],[26.4901,36.543],[26.4891,36.5433],[26.4879,36.5422],[26.4875,36.5401],[26.4858,36.538],[26.4863,36.5359],[26.4853,36.5349],[26.4856,36.5328],[26.4835,36.5307],[26.4835,36.5297],[26.4824,36.5286],[26.4753,36.5234],[26.4741,36.5214],[26.4747,36.5203],[26.4747,36.5182],[26.4753,36.5172],[26.4753,36.5151],[26.4746,36.5141],[26.4724,36.5142],[26.4703,36.5154],[26.4694,36.5161],[26.4677,36.5193],[26.4651,36.5207],[26.462,36.5214],[26.4589,36.5211],[26.4568,36.5217],[26.4547,36.5217],[26.4516,36.523],[26.4495,36.5235],[26.4474,36.5232],[26.4464,36.5239],[26.4453,36.523],[26.437,36.521],[26.4355,36.5214],[26.4349,36.5225],[26.434,36.5224],[26.4318,36.521],[26.4307,36.5191],[26.4255,36.5182],[26.4245,36.5187],[26.4234,36.5184],[26.4214,36.5195],[26.4193,36.5189],[26.4161,36.5194],[26.4151,36.5196],[26.4141,36.5205],[26.412,36.5211],[26.4068,36.5205],[26.4057,36.5209],[26.4047,36.5201],[26.3984,36.519],[26.3974,36.5193],[26.3964,36.5187],[26.3943,36.5188],[26.3932,36.5181],[26.3901,36.5174],[26.3859,36.5179],[26.3828,36.5193],[26.3818,36.5189],[26.3807,36.5172],[26.3811,36.5151],[26.3796,36.5068],[26.3777,36.5047],[26.3757,36.5036],[26.365,36.4995],[26.3547,36.4963],[26.3516,36.496],[26.3474,36.4966],[26.3453,36.4962],[26.3427,36.4943],[26.3402,36.4911],[26.3349,36.4889],[26.3328,36.4884],[26.3276,36.489]],[[26.9474,36.4848],[26.9443,36.484],[26.9432,36.4843],[26.9404,36.4859],[26.9384,36.488],[26.9377,36.4901],[26.9393,36.4922],[26.9376,36.4964],[26.9375,36.4974],[26.938,36.4984],[26.9422,36.5011],[26.9453,36.5019],[26.9495,36.5024],[26.9516,36.5009],[26.9547,36.5016],[26.9568,36.5037],[26.9626,36.5078],[26.9651,36.5085],[26.9722,36.5089],[26.9734,36.5103],[26.9786,36.5134],[26.9828,36.5123],[26.9845,36.513],[26.987,36.5152],[26.9886,36.513],[26.9884,36.5109],[26.9868,36.5089],[26.9868,36.5078],[26.9881,36.5068],[26.9882,36.5057],[26.9874,36.5036],[26.9859,36.5023],[26.9828,36.5014],[26.9786,36.4969],[26.9715,36.4932],[26.9693,36.4907],[26.9653,36.4901],[26.9651,36.4881],[26.963,36.4871],[26.9599,36.4864],[26.9578,36.4866],[26.9526,36.486]],[[26.9224,36.4827],[26.9182,36.4827],[26.9172,36.4833],[26.9155,36.4859],[26.912,36.4873],[26.9109,36.489],[26.9099,36.4884],[26.9087,36.4891],[26.9063,36.4922],[26.9063,36.4932],[26.9096,36.4943],[26.9141,36.4947],[26.9172,36.4932],[26.921,36.4901],[26.9238,36.4859],[26.9236,36.4839]],[[26.5807,36.431],[26.5786,36.431],[26.5724,36.4359],[26.5734,36.4394],[26.5745,36.4394],[26.5776,36.4354],[26.5807,36.4328],[26.5814,36.4318]],[[26.7901,36.288],[26.788,36.2873],[26.7849,36.2873],[26.7828,36.2885],[26.7825,36.2901],[26.7839,36.2916],[26.7859,36.2926],[26.787,36.2929],[26.7891,36.2926],[26.7911,36.2914],[26.7916,36.2901],[26.7916,36.2891]],[[26.6755,36.2398],[26.6693,36.2392],[26.6578,36.24],[26.6453,36.24],[26.6276,36.2417],[26.6234,36.2432],[26.6214,36.2449],[26.6201,36.2474],[26.6201,36.2505],[26.6218,36.2536],[26.6266,36.2562],[26.6411,36.2581],[26.6471,36.2599],[26.6487,36.2609],[26.6526,36.2659],[26.6557,36.2687],[26.6703,36.2762],[26.6742,36.2807],[26.6766,36.2845],[26.6776,36.2853],[26.6796,36.2891],[26.6794,36.2911],[26.6804,36.2922],[26.6806,36.2932],[26.6826,36.2953],[26.6832,36.2984],[26.6849,36.2997],[26.688,36.2995],[26.6891,36.2982],[26.6922,36.3016],[26.6932,36.3021],[26.6974,36.3017],[26.7005,36.3005],[26.7017,36.2995],[26.7047,36.2992],[26.7057,36.2984],[26.7099,36.3005],[26.7106,36.3016],[26.7111,36.3036],[26.7089,36.3127],[26.7078,36.3146],[26.7057,36.3157],[26.7016,36.3117],[26.6974,36.3088],[26.6932,36.307],[26.6818,36.3062],[26.6797,36.3064],[26.6755,36.3083],[26.6703,36.3097],[26.663,36.3109],[26.6589,36.3124],[26.6557,36.3153],[26.6527,36.3214],[26.6511,36.3234],[26.6495,36.3279],[26.6474,36.3318],[26.6469,36.3349],[26.6443,36.3424],[26.6391,36.3475],[26.6373,36.3484],[26.6349,36.3507],[26.6328,36.3516],[26.6286,36.3515],[26.6245,36.3505],[26.6152,36.3453],[26.6109,36.344],[26.6047,36.344],[26.6026,36.3443],[26.6005,36.3454],[26.5984,36.3482],[26.5979,36.3516],[26.5984,36.3578],[26.6,36.363],[26.6026,36.3668],[26.6068,36.3695],[26.6109,36.3709],[26.6214,36.3724],[26.6218,36.3734],[26.6215,36.3745],[26.6191,36.3807],[26.6161,36.3839],[26.6127,36.3859],[26.6068,36.3873],[26.6005,36.3868],[26.5849,36.3839],[26.5776,36.3836],[26.5755,36.3843],[26.5673,36.3922],[26.566,36.3953],[26.568,36.3995],[26.5703,36.4009],[26.5715,36.4026],[26.5724,36.4091],[26.5776,36.4133],[26.5818,36.4148],[26.5859,36.4198],[26.5901,36.4225],[26.5922,36.4234],[26.6036,36.4244],[26.6089,36.4267],[26.6099,36.4263],[26.6109,36.4276],[26.612,36.4278],[26.6245,36.4274],[26.6255,36.4267],[26.6276,36.4269],[26.6289,36.4276],[26.6297,36.43],[26.6307,36.4302],[26.6328,36.4319],[26.6337,36.4318],[26.638,36.4284],[26.6432,36.4231],[26.6444,36.4214],[26.6447,36.4172],[26.6443,36.4156],[26.6424,36.413],[26.6409,36.4089],[26.6404,36.4068],[26.6408,36.4036],[26.6422,36.4027],[26.6423,36.4016],[26.6432,36.4006],[26.6443,36.4007],[26.6453,36.3994],[26.6484,36.3987],[26.6516,36.3984],[26.6536,36.3999],[26.6554,36.4026],[26.6578,36.4046],[26.6647,36.4078],[26.6714,36.4155],[26.6724,36.4158],[26.676,36.413],[26.6818,36.4099],[26.6821,36.4078],[26.6839,36.4064],[26.6849,36.4044],[26.6862,36.4036],[26.6851,36.4016],[26.6853,36.4005],[26.6875,36.3974],[26.6878,36.3943],[26.6869,36.3922],[26.6883,36.3891],[26.6878,36.388],[26.6879,36.3828],[26.687,36.3769],[26.6859,36.3772],[26.6839,36.3756],[26.6838,36.3745],[26.6827,36.3734],[26.6828,36.373],[26.6849,36.3709],[26.6891,36.3679],[26.6894,36.3661],[26.6912,36.3651],[26.6922,36.3628],[26.6984,36.3553],[26.7016,36.3523],[26.7027,36.3505],[26.7036,36.3502],[26.7049,36.3505],[26.7093,36.3464],[26.7092,36.3453],[26.7114,36.3432],[26.7109,36.3422],[26.7121,36.3391],[26.7123,36.337],[26.7117,36.3349],[26.7121,36.3339],[26.7114,36.3318],[26.7087,36.3276],[26.7084,36.3266],[26.7089,36.3259],[26.7099,36.3248],[26.7109,36.3253],[26.7123,36.3266],[26.7153,36.3318],[26.7161,36.332],[26.7182,36.3344],[26.7224,36.3346],[26.7248,36.3359],[26.7276,36.3392],[26.7307,36.3398],[26.7318,36.3388],[26.7342,36.3339],[26.7366,36.3318],[26.7375,36.3297],[26.738,36.3257],[26.7391,36.3232],[26.7411,36.3206],[26.7434,36.3193],[26.7484,36.3142],[26.7507,36.313],[26.7523,36.3109],[26.7574,36.3089],[26.7599,36.3073],[26.7661,36.3026],[26.7693,36.2992],[26.77,36.2953],[26.7706,36.2943],[26.7681,36.2911],[26.7688,36.2901],[26.7672,36.2884],[26.7678,36.287],[26.7669,36.2859],[26.7678,36.2849],[26.7675,36.2839],[26.7684,36.2828],[26.7683,36.2818],[26.7688,36.2807],[26.7669,36.2755],[26.763,36.2707],[26.7578,36.2682],[26.7536,36.2675],[26.7464,36.2672],[26.7401,36.2678],[26.7359,36.269],[26.7328,36.2706],[26.7318,36.2721],[26.7299,36.2724],[26.7255,36.2758],[26.7245,36.2761],[26.7202,36.2797],[26.7184,36.2818],[26.7172,36.2823],[26.716,36.2818],[26.713,36.2789],[26.7116,36.2755],[26.7099,36.2738],[26.7078,36.2724],[26.7055,36.2724],[26.7036,36.2699],[26.7016,36.271],[26.7013,36.2703],[26.7019,36.2693],[26.6977,36.2651],[26.698,36.2641],[26.6974,36.264],[26.6967,36.262],[26.6953,36.2615],[26.6937,36.2589],[26.688,36.2526],[26.6818,36.2435],[26.679,36.2411]],[[26.3057,36.1556],[26.3016,36.1553],[26.3005,36.1557],[26.3003,36.1568],[26.2995,36.157],[26.2973,36.1557],[26.2976,36.1568],[26.2988,36.1578],[26.299,36.1589],[26.2974,36.1608],[26.2963,36.1609],[26.2966,36.162],[26.2981,36.163],[26.2984,36.1653],[26.2995,36.1655],[26.3016,36.1679],[26.3026,36.1683],[26.3036,36.1676],[26.3047,36.1681],[26.3057,36.167],[26.3068,36.1672],[26.3089,36.1656],[26.3108,36.163],[26.3109,36.162],[26.31,36.1589],[26.3089,36.157],[26.3078,36.1561]],[[26.4422,36.0961],[26.4391,36.0965],[26.4383,36.0984],[26.4383,36.1005],[26.4391,36.1023],[26.4402,36.1036],[26.442,36.1047],[26.4432,36.1048],[26.4453,36.1032],[26.4457,36.1005],[26.4443,36.0976]],[[26.4161,36.0305],[26.4141,36.0304],[26.4057,36.032],[26.4047,36.0316],[26.4036,36.033],[26.4026,36.0321],[26.4005,36.0326],[26.3984,36.0325],[26.3922,36.0355],[26.388,36.0401],[26.3837,36.0422],[26.3818,36.0438],[26.3799,36.0474],[26.3734,36.0545],[26.3724,36.0565],[26.3716,36.0599],[26.3717,36.063],[26.3738,36.0745],[26.3748,36.0755],[26.3741,36.0766],[26.3746,36.0776],[26.3782,36.0849],[26.3807,36.088],[26.383,36.0922],[26.3859,36.0955],[26.3911,36.0986],[26.3964,36.0996],[26.3974,36.0996],[26.3984,36.099],[26.4005,36.0996],[26.4047,36.0993],[26.4161,36.0952],[26.4182,36.0953],[26.4266,36.0932],[26.4288,36.0922],[26.4305,36.0901],[26.4308,36.088],[26.43,36.0839],[26.4287,36.0807],[26.4276,36.0796],[26.4262,36.0734],[26.4244,36.0703],[26.4218,36.063],[26.422,36.0599],[26.4247,36.0464],[26.4248,36.0401],[26.4234,36.0359],[26.4182,36.0314]]]}}]}