{"type":"FeatureCollection","features":[{"type":"Feature","properties":{"depth":5,"kind":"band"},"geometry":{"type":"MultiPolygon","coordinates":[[[[27.2574,37.8661],[27.2568,37.8676],[27.2557,37.8672],[27.2568,37.8656],[27.2574,37.8661]]],[[[27.0481,37.762],[27.0474,37.7623],[27.0474,37.7612],[27.0481,37.762]]],[[[27.0499,37.762],[27.0495,37.7624],[27.0489,37.762],[27.0495,37.7617],[27.0499,37.762]]],[[[27.0378,37.7286],[27.037,37.7297],[27.037,37.7286],[27.0378,37.7286]]],[[[27.0008,37.663],[27.0017,37.6651],[27.0029,37.6714],[27.0026,37.6724],[27.0036,37.6723],[27.0039,37.6734],[27.0059,37.6745],[27.0074,37.6766],[27.0082,37.6807],[27.0077,37.6828],[27.0089,37.6831],[27.0102,37.6859],[27.0099,37.6862],[27.0089,37.6855],[27.0089,37.6869],[27.0111,37.6891],[27.0112,37.6922],[27.0104,37.6922],[27.0099,37.6909],[27.0088,37.6922],[27.0109,37.6945],[27.0141,37.6958],[27.0193,37.6965],[27.0203,37.6974],[27.0203,37.695],[27.0216,37.6932],[27.021,37.6911],[27.0214,37.6903],[27.0224,37.6895],[27.0255,37.6915],[27.0266,37.6918],[27.0359,37.6916],[27.037,37.6905],[27.038,37.6904],[27.0391,37.6889],[27.0401,37.6891],[27.0411,37.6881],[27.0432,37.6883],[27.0474,37.687],[27.0495,37.6841],[27.0516,37.6839],[27.0589,37.6855],[27.0638,37.688],[27.0661,37.6883],[27.0682,37.6875],[27.0714,37.6871],[27.0734,37.6861],[27.0776,37.6863],[27.0797,37.6861],[27.0807,37.6853],[27.087,37.6849],[27.0911,37.6831],[27.1005,37.6832],[27.1056,37.6849],[27.1099,37.6854],[27.1172,37.6875],[27.1234,37.6911],[27.1297,37.6914],[27.1318,37.6922],[27.137,37.6925],[27.1391,37.6933],[27.1443,37.6937],[27.1484,37.6947],[27.1526,37.6974],[27.1536,37.6974],[27.1536,37.6984],[27.1547,37.6995],[27.1641,37.7018],[27.1703,37.7014],[27.1776,37.7034],[27.1828,37.706],[27.188,37.7065],[27.1922,37.7091],[27.1984,37.7113],[27.2005,37.7116],[27.2036,37.7112],[27.2078,37.7123],[27.212,37.7145],[27.2224,37.7224],[27.2276,37.7241],[27.2318,37.7262],[27.2391,37.7333],[27.2457,37.7411],[27.2472,37.7443],[27.2478,37.7474],[27.2507,37.7505],[27.2539,37.7589],[27.2557,37.7621],[27.2593,37.7724],[27.2609,37.7797],[27.2632,37.787],[27.2655,37.7995],[27.2654,37.8099],[27.263,37.8143],[27.2571,37.8203],[27.2547,37.8195],[27.2516,37.8206],[27.2505,37.8199],[27.2474,37.821],[27.2432,37.8216],[27.2411,37.823],[27.2387,37.8276],[27.236,37.8307],[27.2339,37.837],[27.2333,37.8401],[27.2335,37.8453],[27.2373,37.8516],[27.2375,37.8557],[27.237,37.8599],[27.2372,37.8609],[27.2391,37.8632],[27.2401,37.864],[27.2411,37.8641],[27.2421,37.8651],[27.2432,37.865],[27.2473,37.8682],[27.2474,37.8695],[27.2505,37.8677],[27.2526,37.867],[27.2536,37.8679],[27.2547,37.8679],[27.2557,37.8688],[27.2568,37.869],[27.2576,37.8724],[27.2574,37.8734],[27.2614,37.8807],[27.2609,37.8828],[27.2613,37.8839],[27.2604,37.8859],[27.2611,37.8911],[27.263,37.8951],[27.2656,37.8974],[27.266,37.8984],[27.2634,37.9016],[27.2613,37.9026],[27.2607,37.9036],[27.2601,37.9057],[27.2588,37.9078],[27.258,37.9109],[27.2581,37.913],[27.262,37.9195],[27.2647,37.9276],[27.2651,37.9281],[27.2661,37.9272],[27.2672,37.9286],[27.2703,37.9306],[27.272,37.9328],[27.2709,37.9391],[27.27,37.9401],[27.2689,37.9443],[27.2672,37.9474],[27.2599,37.9557],[27.2563,37.9609],[27.2556,37.963],[27.2516,37.9694],[27.2474,37.9739],[27.2464,37.9746],[27.2411,37.9756],[27.2371,37.9786],[27.2356,37.9786],[27.2339,37.9797],[27.2328,37.9795],[27.2307,37.9802],[27.2151,37.9863],[27.2109,37.987],[27.2094,37.988],[27.2098,37.9891],[27.2079,37.9891],[27.2082,37.988],[27.2078,37.987],[27.2047,37.9848],[27.1984,37.9851],[27.1943,37.9846],[27.1901,37.9856],[27.1891,37.9854],[27.1859,37.9839],[27.1839,37.9823],[27.1766,37.9805],[27.1682,37.9775],[27.1651,37.9778],[27.1568,37.9807],[27.1526,37.9815],[27.1474,37.9799],[27.1443,37.9802],[27.1391,37.9819],[27.1359,37.9842],[27.1328,37.9838],[27.1307,37.9841],[27.1293,37.9849],[27.1266,37.9883],[27.1245,37.9889],[27.1182,37.9894],[27.1172,37.9901],[27.1165,37.9911],[27.1165,37.9922],[27.1151,37.9938],[27.1078,38],[27.0005,38],[27,37.9995],[27,37.8005],[27.0026,37.7995],[27.0036,37.7984],[27.0036,37.7974],[27,37.7943],[27,37.7786],[27.013,37.7786],[27.0141,37.7776],[27.0161,37.7776],[27.0172,37.7786],[27.0203,37.7786],[27.0224,37.7771],[27.0266,37.7773],[27.0328,37.7763],[27.038,37.7772],[27.0443,37.7797],[27.0484,37.7801],[27.0505,37.7808],[27.0568,37.7812],[27.0589,37.7819],[27.0609,37.7819],[27.0651,37.7808],[27.0661,37.7797],[27.0672,37.7797],[27.0682,37.7807],[27.0693,37.7797],[27.0682,37.7786],[27.0693,37.7776],[27.0695,37.7766],[27.0703,37.7766],[27.0714,37.7755],[27.0693,37.7734],[27.0672,37.7729],[27.0641,37.771],[27.0611,37.7682],[27.0589,37.7671],[27.0578,37.7677],[27.0536,37.7655],[27.0505,37.763],[27.0498,37.763],[27.0508,37.762],[27.0495,37.7599],[27.0484,37.7618],[27.0475,37.7609],[27.0474,37.7598],[27.0473,37.7609],[27.0453,37.7614],[27.0443,37.7613],[27.0432,37.7599],[27.0401,37.7597],[27.0391,37.7603],[27.038,37.762],[27.0307,37.7616],[27.0301,37.7609],[27.0318,37.7589],[27.0319,37.7578],[27.0307,37.7568],[27.0297,37.7578],[27.0297,37.7584],[27.0276,37.7568],[27.027,37.7568],[27.0286,37.7568],[27.0297,37.7557],[27.0297,37.7547],[27.0276,37.7526],[27.0259,37.7526],[27.0255,37.7516],[27.0276,37.7516],[27.0286,37.7505],[27.0297,37.7516],[27.0307,37.7505],[27.0318,37.7507],[27.0328,37.7495],[27.0318,37.7484],[27.0328,37.7477],[27.0339,37.7501],[27.0349,37.7484],[27.0339,37.7474],[27.0332,37.7474],[27.0339,37.7464],[27.037,37.7464],[27.0391,37.7443],[27.0432,37.7443],[27.0453,37.7422],[27.0453,37.7411],[27.0464,37.7401],[27.0464,37.7389],[27.0453,37.738],[27.0443,37.738],[27.0432,37.7391],[27.0422,37.7391],[27.0422,37.7375],[27.0426,37.737],[27.0406,37.7359],[27.0391,37.7339],[27.038,37.7339],[27.0373,37.7328],[27.037,37.7297],[27.038,37.7287],[27.0401,37.7279],[27.0426,37.7297],[27.0432,37.7307],[27.0464,37.7322],[27.0536,37.7311],[27.0599,37.7309],[27.0609,37.7319],[27.062,37.7309],[27.0682,37.7286],[27.0693,37.7276],[27.0703,37.7255],[27.0705,37.7234],[27.0714,37.7214],[27.0724,37.7203],[27.0725,37.7172],[27.0724,37.7151],[27.0714,37.7141],[27.0672,37.7141],[27.0693,37.712],[27.0693,37.7109],[27.0703,37.7099],[27.0693,37.7078],[27.0661,37.7073],[27.0651,37.7065],[27.0641,37.7067],[27.063,37.7078],[27.0599,37.7078],[27.0589,37.7086],[27.0589,37.7078],[27.0578,37.7068],[27.0568,37.7078],[27.0578,37.7089],[27.0585,37.7089],[27.0578,37.7089],[27.0568,37.7099],[27.0565,37.7109],[27.0552,37.7109],[27.0536,37.7099],[27.0526,37.7099],[27.0526,37.7089],[27.0536,37.7078],[27.0526,37.7068],[27.0516,37.7078],[27.0509,37.7068],[27.0516,37.7068],[27.0529,37.7057],[27.0527,37.7047],[27.0516,37.7036],[27.0505,37.7036],[27.0495,37.7047],[27.0484,37.7047],[27.0474,37.7054],[27.0443,37.7089],[27.0396,37.7068],[27.0391,37.7062],[27.0391,37.7047],[27.0401,37.7036],[27.0406,37.7016],[27.0391,37.7006],[27.0349,37.701],[27.0339,37.7026],[27.0349,37.7036],[27.0349,37.7047],[27.0339,37.7057],[27.0318,37.7054],[27.0297,37.7036],[27.0286,37.7036],[27.0276,37.7026],[27.0266,37.7036],[27.0245,37.7036],[27.0234,37.7047],[27.0233,37.7057],[27.0193,37.7058],[27.0193,37.7036],[27.0161,37.7005],[27.0151,37.7016],[27.0151,37.7025],[27.0141,37.7024],[27.013,37.7016],[27.012,37.7016],[27.0109,37.6992],[27.0078,37.6986],[27.0047,37.6971],[27.0036,37.6962],[27.0022,37.6974],[27.003,37.6984],[27.0005,37.6982],[27,37.6974],[27.0007,37.6964],[27,37.6953],[27,37.663],[27.0005,37.6622],[27.0008,37.663]]],[[[27.1888,37.6057],[27.188,37.6064],[27.1872,37.6057],[27.188,37.6048],[27.1888,37.6057]]],[[[27.1876,37.6047],[27.187,37.6052],[27.1867,37.6047],[27.187,37.6043],[27.1876,37.6047]]],[[[27.2018,37.5964],[27.202,37.5974],[27.2016,37.5978],[27.2005,37.5974],[27.2016,37.5956],[27.2018,37.5964]]],[[[27.1873,37.5953],[27.187,37.5959],[27.1862,37.5953],[27.187,37.5948],[27.1873,37.5953]]],[[[27.2051,37.5932],[27.2057,37.5938],[27.2057,37.5949],[27.2054,37.5953],[27.2038,37.5953],[27.2031,37.5943],[27.2047,37.5928],[27.2051,37.5932]]],[[[27.2001,37.5922],[27.1995,37.5926],[27.1992,37.5922],[27.1995,37.5917],[27.2001,37.5922]]],[[[27.2021,37.5922],[27.2016,37.5943],[27.2005,37.5937],[27.2003,37.5932],[27.201,37.5922],[27.2016,37.5917],[27.2021,37.5922]]],[[[27.1957,37.5901],[27.1953,37.5905],[27.1949,37.5901],[27.1953,37.5891],[27.1957,37.5901]]],[[[27.2007,37.5901],[27.2005,37.5912],[27.1997,37.5901],[27.2007,37.5901]]],[[[27.1935,37.587],[27.195,37.588],[27.1953,37.5891],[27.1943,37.5895],[27.1925,37.588],[27.1932,37.5865],[27.1935,37.587]]],[[[27.1926,37.5818],[27.1922,37.5821],[27.1918,37.5818],[27.1922,37.5808],[27.1926,37.5818]]],[[[27.1789,37.5807],[27.1786,37.5812],[27.1784,37.5807],[27.1789,37.5807]]],[[[27.1849,37.5755],[27.1859,37.5773],[27.1901,37.5786],[27.1899,37.5797],[27.1907,37.5807],[27.1911,37.5844],[27.1932,37.5833],[27.1937,37.5839],[27.1922,37.5849],[27.1929,37.5859],[27.1915,37.587],[27.1911,37.5885],[27.1901,37.5878],[27.1891,37.5888],[27.187,37.5886],[27.1865,37.5901],[27.187,37.5913],[27.1859,37.5918],[27.1848,37.5911],[27.1866,37.5943],[27.1859,37.5952],[27.1849,37.5956],[27.1839,37.5948],[27.1818,37.5957],[27.1814,37.5964],[27.1837,37.5974],[27.1826,37.5984],[27.1807,37.5987],[27.1805,37.6005],[27.1761,37.6026],[27.1767,37.6036],[27.1762,37.6078],[27.1745,37.6078],[27.1724,37.6086],[27.1712,37.6099],[27.1709,37.612],[27.1682,37.6116],[27.162,37.6143],[27.1547,37.6151],[27.1495,37.6139],[27.1464,37.615],[27.1453,37.6143],[27.1464,37.61],[27.1478,37.6089],[27.1474,37.6078],[27.1505,37.6023],[27.1569,37.5964],[27.1589,37.5937],[27.162,37.5915],[27.1625,37.5891],[27.163,37.5885],[27.1641,37.5885],[27.1651,37.5894],[27.1672,37.5863],[27.1682,37.5864],[27.1703,37.5843],[27.1714,37.5844],[27.1724,37.5836],[27.1734,37.5842],[27.1742,37.5839],[27.1755,37.5819],[27.1766,37.5826],[27.1776,37.5819],[27.1786,37.5822],[27.1807,37.5817],[27.1818,37.5767],[27.1828,37.577],[27.1849,37.5755]]],[[[27.1863,37.5734],[27.1859,37.5738],[27.1856,37.5734],[27.1859,37.5731],[27.1863,37.5734]]],[[[27.2138,37.5693],[27.2129,37.5703],[27.2129,37.5714],[27.212,37.5721],[27.212,37.5714],[27.2106,37.5703],[27.212,37.5686],[27.213,37.5683],[27.2138,37.5693]]],[[[27.1926,37.5651],[27.1922,37.5656],[27.1917,37.5651],[27.1922,37.5645],[27.1926,37.5651]]],[[[27.2109,37.5651],[27.2109,37.5667],[27.2096,37.5672],[27.2093,37.5661],[27.2099,37.5661],[27.2109,37.5651]]],[[[27.2696,37.5349],[27.2693,37.5353],[27.2689,37.5349],[27.2693,37.5344],[27.2696,37.5349]]],[[[27.2087,37.4609],[27.2109,37.4614],[27.212,37.4611],[27.2123,37.462],[27.2109,37.4632],[27.2089,37.4632],[27.2064,37.4609],[27.2068,37.4603],[27.2078,37.4602],[27.2087,37.4609]]],[[[27.4172,37.4047],[27.4184,37.4078],[27.4172,37.4089],[27.4157,37.4078],[27.4167,37.4068],[27.416,37.4057],[27.4172,37.4047]]],[[[27.4035,37.3984],[27.4024,37.3984],[27.4026,37.3981],[27.4035,37.3984]]],[[[27.3843,37.3964],[27.3828,37.3968],[27.3825,37.3964],[27.3828,37.3957],[27.3843,37.3964]]],[[[27.4041,37.3964],[27.4036,37.3967],[27.4033,37.3964],[27.4041,37.3964]]],[[[27.3824,37.3953],[27.3818,37.3957],[27.3809,37.3953],[27.3818,37.3946],[27.3824,37.3953]]],[[[27.4023,37.3943],[27.4016,37.3948],[27.4011,37.3943],[27.4016,37.394],[27.4023,37.3943]]],[[[27.4007,37.3932],[27.4005,37.3935],[27.3998,37.3932],[27.4007,37.3932]]],[[[27.4021,37.3891],[27.4036,37.3901],[27.4047,37.3896],[27.4089,37.3907],[27.413,37.3897],[27.4151,37.39],[27.4208,37.3953],[27.4203,37.3964],[27.4193,37.3956],[27.4187,37.3964],[27.4194,37.3974],[27.4193,37.3984],[27.4182,37.3984],[27.4186,37.3995],[27.4172,37.4013],[27.416,37.4016],[27.4166,37.4026],[27.4163,37.4036],[27.4151,37.404],[27.4141,37.4027],[27.413,37.4042],[27.4099,37.4008],[27.4089,37.4014],[27.4078,37.4005],[27.4068,37.4009],[27.4056,37.4005],[27.4058,37.3984],[27.404,37.3984],[27.4049,37.3964],[27.4041,37.3953],[27.4053,37.3943],[27.4047,37.3939],[27.4032,37.3943],[27.4034,37.3932],[27.4026,37.3924],[27.4015,37.3922],[27.4017,37.3911],[27.401,37.3901],[27.4011,37.3891],[27.4021,37.3891]]],[[[27.3726,37.388],[27.3722,37.388],[27.3724,37.3875],[27.3726,37.388]]],[[[27.3717,37.3859],[27.3714,37.3864],[27.3709,37.3859],[27.3714,37.3856],[27.3717,37.3859]]],[[[27.396,37.3766],[27.3953,37.377],[27.3944,37.3766],[27.3953,37.3762],[27.396,37.3766]]],[[[27.3837,37.363],[27.3859,37.365],[27.3866,37.3661],[27.388,37.3661],[27.3885,37.3672],[27.3901,37.3684],[27.3925,37.3714],[27.3932,37.3735],[27.3943,37.3733],[27.3948,37.3745],[27.3939,37.3755],[27.3942,37.3766],[27.3961,37.3786],[27.3951,37.3818],[27.3932,37.3832],[27.391,37.3859],[27.3919,37.388],[27.3894,37.3922],[27.3863,37.3943],[27.3866,37.3953],[27.3859,37.3961],[27.3849,37.3961],[27.3818,37.3941],[27.3807,37.3948],[27.3786,37.3931],[27.3776,37.3938],[27.3766,37.3936],[27.3758,37.3932],[27.3756,37.3911],[27.3743,37.3911],[27.3741,37.3901],[27.3751,37.3891],[27.3726,37.387],[27.3735,37.3859],[27.3723,37.3839],[27.3736,37.3818],[27.3726,37.3807],[27.3725,37.3797],[27.3704,37.3766],[27.3695,37.3734],[27.3708,37.3672],[27.3714,37.3666],[27.3734,37.3664],[27.3786,37.363],[27.3818,37.3627],[27.3837,37.363]]],[[[27.4508,37.3026],[27.4503,37.3026],[27.4505,37.3021],[27.4508,37.3026]]],[[[27.452,37.3016],[27.4516,37.3021],[27.4508,37.3016],[27.4516,37.301],[27.452,37.3016]]],[[[27.45,37.3005],[27.4495,37.3009],[27.4492,37.3005],[27.4495,37.2998],[27.45,37.3005]]],[[[27.4493,37.2995],[27.4484,37.2999],[27.4479,37.2995],[27.4484,37.2988],[27.4493,37.2995]]],[[[27.596,37.2766],[27.5953,37.2776],[27.5944,37.2766],[27.5953,37.2755],[27.596,37.2766]]],[[[27.5953,37.2755],[27.5943,37.2762],[27.5943,37.2748],[27.5953,37.2755]]],[[[27.5464,37.2536],[27.5467,37.2547],[27.5464,37.2552],[27.5459,37.2536],[27.5464,37.2529],[27.5464,37.2536]]],[[[27.508,37.2505],[27.5078,37.2512],[27.5069,37.2505],[27.5078,37.2501],[27.508,37.2505]]],[[[27.5684,37.2453],[27.5682,37.246],[27.5677,37.2453],[27.5684,37.2453]]],[[[27.5407,37.2443],[27.5401,37.2449],[27.5401,37.2434],[27.5407,37.2443]]],[[[27.5552,37.2432],[27.5557,37.2443],[27.5547,37.2453],[27.5547,37.2428],[27.5552,37.2432]]],[[[27.528,37.238],[27.5282,37.2391],[27.5268,37.2391],[27.526,37.238],[27.5266,37.237],[27.528,37.238]]],[[[27.5571,37.238],[27.5568,37.239],[27.5558,37.238],[27.5571,37.238]]],[[[27.5561,37.237],[27.5557,37.238],[27.5551,37.237],[27.5557,37.2362],[27.5561,37.237]]],[[[27.5697,37.2328],[27.5693,37.2335],[27.5689,37.2328],[27.5693,37.2325],[27.5697,37.2328]]],[[[27.5815,37.2297],[27.5835,37.2318],[27.5835,37.2328],[27.5849,37.2344],[27.5856,37.237],[27.587,37.2396],[27.5896,37.2422],[27.5901,37.2434],[27.5911,37.2428],[27.5929,37.2443],[27.5932,37.2453],[27.5943,37.2456],[27.5956,37.2474],[27.5964,37.2495],[27.5979,37.2505],[27.5974,37.2516],[27.5986,37.2526],[27.5998,37.2547],[27.6001,37.2568],[27.6009,37.2578],[27.6002,37.2589],[27.6024,37.262],[27.6015,37.2651],[27.5997,37.2672],[27.5984,37.2669],[27.5985,37.2682],[27.5974,37.2685],[27.5968,37.2745],[27.5964,37.2751],[27.5953,37.2744],[27.5932,37.2741],[27.5925,37.2724],[27.5925,37.2714],[27.5914,37.2693],[27.5859,37.2663],[27.5849,37.2666],[27.5845,37.2661],[27.5849,37.265],[27.5839,37.2657],[27.5797,37.266],[27.5776,37.2667],[27.5763,37.2661],[27.5768,37.2672],[27.5766,37.2676],[27.5734,37.2684],[27.5724,37.2698],[27.5703,37.2711],[27.5651,37.2724],[27.563,37.272],[27.5599,37.2693],[27.5562,37.2672],[27.556,37.2661],[27.5505,37.2609],[27.5482,37.2599],[27.5477,37.2557],[27.5484,37.255],[27.5536,37.2547],[27.5547,37.2536],[27.5547,37.2526],[27.5557,37.2526],[27.5578,37.2505],[27.5589,37.2503],[27.5596,37.2516],[27.5589,37.2516],[27.5578,37.2526],[27.5578,37.2557],[27.5589,37.2568],[27.563,37.2571],[27.5641,37.2557],[27.5651,37.2558],[27.5663,37.2536],[27.5659,37.2526],[27.5667,37.2505],[27.5668,37.2484],[27.5672,37.2476],[27.5683,37.2484],[27.5672,37.2474],[27.5693,37.2461],[27.5695,37.2453],[27.5676,37.2422],[27.5675,37.237],[27.5684,37.2349],[27.5703,37.233],[27.5714,37.2329],[27.5734,37.2318],[27.5745,37.2296],[27.5755,37.2299],[27.5766,37.229],[27.5786,37.2298],[27.5797,37.2309],[27.5807,37.2307],[27.5797,37.2297],[27.5807,37.2291],[27.5815,37.2297]]],[[[27.5337,37.2245],[27.5328,37.2253],[27.5321,37.2245],[27.5328,37.2236],[27.5337,37.2245]]],[[[27.5676,37.2203],[27.5672,37.2206],[27.5668,37.2203],[27.5672,37.2199],[27.5676,37.2203]]],[[[27.565,37.2141],[27.5641,37.2148],[27.5631,37.2141],[27.5641,37.2135],[27.565,37.2141]]],[[[27.5218,37.1901],[27.5214,37.1905],[27.5204,37.1901],[27.5214,37.1894],[27.5218,37.1901]]],[[[27.3589,37.1703],[27.3592,37.1714],[27.3585,37.1714],[27.3589,37.1703]]],[[[27.356,37.1672],[27.3549,37.1672],[27.3557,37.1665],[27.356,37.1672]]],[[[27.5384,37.1536],[27.5393,37.1547],[27.5391,37.1555],[27.538,37.1573],[27.537,37.1576],[27.5372,37.1547],[27.538,37.1534],[27.5384,37.1536]]],[[[27.3498,37.1516],[27.3494,37.1516],[27.3495,37.1506],[27.3498,37.1516]]],[[[27.284,37.1401],[27.2855,37.1411],[27.2849,37.142],[27.2838,37.1411],[27.284,37.1401]]],[[[27.2891,37.1401],[27.288,37.1409],[27.287,37.1401],[27.288,37.1392],[27.2891,37.1401]]],[[[27.5239,37.137],[27.5234,37.1379],[27.5228,37.137],[27.5234,37.1362],[27.5239,37.137]]],[[[27.5732,37.1349],[27.5724,37.1355],[27.5718,37.1349],[27.5724,37.1343],[27.5732,37.1349]]],[[[27.2682,37.0984],[27.2682,37.0995],[27.2673,37.0984],[27.2682,37.0984]]],[[[27.2212,37.0849],[27.2203,37.0859],[27.2198,37.0849],[27.2203,37.0842],[27.2212,37.0849]]],[[[27.973,37.0214],[27.9724,37.0214],[27.9724,37.0205],[27.973,37.0214]]],[[[27.3955,37.0151],[27.3968,37.0161],[27.3979,37.0182],[27.3982,37.0203],[27.3974,37.0224],[27.3953,37.0216],[27.3947,37.0203],[27.394,37.0172],[27.3953,37.0147],[27.3955,37.0151]]],[[[27.0068,37.0047],[27.0068,37.0061],[27.0057,37.0063],[27.0057,37.0047],[27.0068,37.0047]]],[[[27.2483,37.0005],[27.2486,37.0016],[27.2497,37.0026],[27.2493,37.0068],[27.2455,37.0172],[27.2426,37.0224],[27.2402,37.0234],[27.2377,37.0266],[27.237,37.0296],[27.2349,37.0301],[27.2297,37.0351],[27.2276,37.0361],[27.2261,37.038],[27.226,37.0401],[27.2282,37.0453],[27.2317,37.0495],[27.2307,37.0505],[27.2286,37.0505],[27.2255,37.0522],[27.2231,37.0568],[27.2231,37.0589],[27.2249,37.062],[27.2256,37.0651],[27.2282,37.0703],[27.231,37.0724],[27.2308,37.0734],[27.2322,37.0745],[27.2315,37.0766],[27.2301,37.0776],[27.2297,37.0789],[27.2284,37.0797],[27.229,37.0807],[27.2289,37.0828],[27.227,37.0859],[27.228,37.088],[27.2306,37.0911],[27.2349,37.0927],[27.238,37.0932],[27.2391,37.0927],[27.2411,37.0943],[27.2409,37.0932],[27.2415,37.0922],[27.2432,37.0902],[27.2443,37.0898],[27.2448,37.088],[27.2446,37.0859],[27.2451,37.0849],[27.2464,37.084],[27.2484,37.0852],[27.2491,37.087],[27.2495,37.0908],[27.2526,37.0956],[27.2578,37.0961],[27.2609,37.0955],[27.2641,37.096],[27.2682,37.0995],[27.2687,37.1005],[27.2745,37.102],[27.277,37.1036],[27.278,37.1047],[27.2804,37.1099],[27.2802,37.1109],[27.2807,37.112],[27.2803,37.113],[27.2786,37.1133],[27.2776,37.1126],[27.2766,37.1133],[27.2703,37.1102],[27.263,37.1097],[27.2599,37.1088],[27.2589,37.1078],[27.2557,37.1077],[27.2547,37.1067],[27.2555,37.1078],[27.2516,37.1093],[27.251,37.1099],[27.2512,37.1109],[27.2507,37.112],[27.2512,37.113],[27.2507,37.1141],[27.2518,37.1203],[27.2512,37.1286],[27.2516,37.1302],[27.2553,37.1349],[27.2568,37.1355],[27.2609,37.1356],[27.262,37.1362],[27.2651,37.1369],[27.2666,37.1359],[27.2678,37.1359],[27.268,37.137],[27.2693,37.1377],[27.2714,37.1422],[27.2725,37.1432],[27.2776,37.1449],[27.2807,37.145],[27.2849,37.1438],[27.2862,37.1443],[27.2863,37.1432],[27.2851,37.1422],[27.2859,37.1416],[27.287,37.1414],[27.288,37.143],[27.2887,37.1422],[27.2891,37.1401],[27.288,37.1378],[27.2867,37.137],[27.2879,37.1391],[27.287,37.1401],[27.2838,37.138],[27.2833,37.137],[27.2842,37.1359],[27.287,37.1347],[27.2882,37.1318],[27.2881,37.1297],[27.2901,37.1278],[27.2932,37.1273],[27.2953,37.1298],[27.2995,37.1311],[27.3016,37.1302],[27.3075,37.1359],[27.3076,37.138],[27.3089,37.1383],[27.3106,37.1401],[27.3182,37.1457],[27.3206,37.1484],[27.3203,37.1506],[27.3214,37.1507],[27.3217,37.1516],[27.321,37.1526],[27.3215,37.1536],[27.3192,37.1568],[27.3203,37.1573],[27.3211,37.1599],[27.3224,37.1612],[27.3276,37.1618],[27.3339,37.1605],[27.3391,37.1573],[27.3411,37.1552],[27.3443,37.1546],[27.3453,37.1553],[27.3474,37.1541],[27.3495,37.154],[27.3505,37.1519],[27.3513,37.1526],[27.352,37.1547],[27.3532,37.1557],[27.3536,37.1568],[27.3557,37.1575],[27.3574,37.1589],[27.3576,37.1609],[27.3586,37.162],[27.3586,37.163],[27.3568,37.1643],[27.3547,37.1671],[27.3526,37.1678],[27.3515,37.1724],[27.3519,37.1766],[27.3526,37.1777],[27.3547,37.1793],[27.3578,37.1794],[27.3682,37.1765],[27.3721,37.1745],[27.3745,37.1721],[27.3839,37.1682],[27.3847,37.1651],[27.3818,37.1633],[27.3786,37.1599],[27.3755,37.158],[27.3728,37.1578],[27.372,37.1568],[27.3724,37.1557],[27.3721,37.1536],[27.3725,37.1526],[27.3776,37.1527],[27.3799,37.1505],[27.3807,37.1489],[27.3818,37.1493],[27.3828,37.1489],[27.3838,37.1495],[27.384,37.1505],[27.3838,37.1516],[27.3818,37.1536],[27.3818,37.1568],[27.3828,37.1578],[27.3837,37.1578],[27.3859,37.1595],[27.387,37.1597],[27.3886,37.1578],[27.3911,37.1527],[27.3922,37.1521],[27.3926,37.1495],[27.3952,37.1453],[27.3964,37.1445],[27.3962,37.1432],[27.3998,37.1411],[27.3982,37.1391],[27.3981,37.138],[27.3953,37.1349],[27.3922,37.1329],[27.3902,37.1339],[27.388,37.1339],[27.3877,37.1318],[27.387,37.1309],[27.3859,37.1312],[27.3852,37.1307],[27.3852,37.1297],[27.3859,37.1289],[27.388,37.129],[27.3896,37.1276],[27.3897,37.1255],[27.3905,37.1245],[27.3911,37.1224],[27.3922,37.1219],[27.3932,37.1227],[27.3935,37.1245],[27.3926,37.1255],[27.3964,37.1288],[27.3984,37.1323],[27.3999,37.1339],[27.4011,37.137],[27.4016,37.1374],[27.4026,37.1365],[27.4047,37.1382],[27.4068,37.137],[27.4099,37.1375],[27.414,37.137],[27.417,37.1349],[27.4178,37.1328],[27.4224,37.1314],[27.4255,37.1309],[27.4318,37.1314],[27.4349,37.1292],[27.4386,37.1255],[27.4391,37.1226],[27.4432,37.1189],[27.4451,37.1141],[27.4447,37.112],[27.4481,37.1078],[27.4489,37.1057],[27.4485,37.1036],[27.4491,37.1026],[27.4505,37.1024],[27.4516,37.1008],[27.4547,37.0998],[27.4599,37.0995],[27.4609,37.1003],[27.4614,37.0984],[27.463,37.0967],[27.4641,37.0969],[27.4644,37.0964],[27.4651,37.0953],[27.4641,37.0943],[27.4642,37.0922],[27.4615,37.088],[27.4622,37.087],[27.463,37.0862],[27.4651,37.0868],[27.4682,37.0864],[27.4693,37.086],[27.4703,37.0847],[27.4714,37.0844],[27.4727,37.0859],[27.4722,37.088],[27.4734,37.0901],[27.4766,37.0916],[27.4807,37.0948],[27.4818,37.0948],[27.4839,37.0961],[27.4852,37.0984],[27.4853,37.0995],[27.488,37.1032],[27.4911,37.1047],[27.4961,37.1057],[27.4974,37.1065],[27.4995,37.1091],[27.5016,37.1102],[27.5057,37.1114],[27.513,37.1123],[27.5193,37.1164],[27.5214,37.1185],[27.5255,37.1204],[27.5266,37.1205],[27.5276,37.122],[27.5286,37.1224],[27.5288,37.1245],[27.5306,37.1266],[27.5318,37.1268],[27.5356,37.1297],[27.5391,37.1309],[27.5411,37.1324],[27.5443,37.1324],[27.5459,37.1339],[27.5469,37.137],[27.5478,37.138],[27.5474,37.1388],[27.5463,37.1391],[27.5485,37.1411],[27.5474,37.1441],[27.5464,37.144],[27.5456,37.1453],[27.543,37.1464],[27.5426,37.1484],[27.5411,37.1493],[27.54,37.1484],[27.5416,37.1505],[27.5401,37.1521],[27.5391,37.1525],[27.538,37.1509],[27.5383,37.1495],[27.538,37.1488],[27.535,37.1484],[27.5349,37.1467],[27.5353,37.1464],[27.5349,37.1453],[27.5355,37.1443],[27.5325,37.1391],[27.5307,37.1378],[27.5286,37.1377],[27.5276,37.137],[27.5266,37.1371],[27.5234,37.1359],[27.5224,37.1368],[27.5214,37.1358],[27.5208,37.1359],[27.5197,37.137],[27.5182,37.1403],[27.5151,37.1416],[27.5141,37.1414],[27.513,37.1429],[27.5115,37.1411],[27.511,37.1391],[27.5099,37.1382],[27.5077,37.138],[27.5078,37.1391],[27.5103,37.1411],[27.5099,37.142],[27.5089,37.142],[27.5079,37.1411],[27.5077,37.1401],[27.5057,37.1395],[27.5036,37.1379],[27.4984,37.1368],[27.4964,37.1359],[27.4943,37.137],[27.4922,37.1364],[27.488,37.1375],[27.4871,37.1391],[27.4869,37.1411],[27.4882,37.1453],[27.4915,37.1516],[27.492,37.1578],[27.4943,37.1604],[27.4984,37.1622],[27.5016,37.1628],[27.5026,37.1625],[27.5047,37.1644],[27.5047,37.1637],[27.5038,37.163],[27.5043,37.162],[27.5047,37.1617],[27.5071,37.163],[27.5064,37.162],[27.5068,37.1616],[27.5082,37.162],[27.5099,37.1637],[27.5109,37.163],[27.5141,37.1652],[27.5172,37.1647],[27.5266,37.1662],[27.5276,37.1669],[27.5286,37.167],[27.5303,37.1682],[27.5307,37.1699],[27.5318,37.1698],[27.5322,37.1703],[27.532,37.1724],[27.5334,37.1734],[27.5351,37.1766],[27.5328,37.1776],[27.5333,37.1786],[27.5323,37.1797],[27.5332,37.1818],[27.5328,37.182],[27.5318,37.1816],[27.5297,37.1836],[27.5299,37.1849],[27.5307,37.1859],[27.5306,37.187],[27.5276,37.1887],[27.5266,37.1889],[27.5255,37.1883],[27.5252,37.1891],[27.5234,37.19],[27.5229,37.1891],[27.5214,37.1886],[27.5203,37.1901],[27.5208,37.1911],[27.5203,37.192],[27.5182,37.1922],[27.516,37.1911],[27.5167,37.1932],[27.516,37.1943],[27.5164,37.1984],[27.5214,37.2003],[27.5255,37.1998],[27.5266,37.2004],[27.5276,37.1994],[27.5286,37.2009],[27.5292,37.2005],[27.5297,37.1988],[27.5328,37.1986],[27.5359,37.1973],[27.537,37.1978],[27.538,37.1976],[27.5411,37.199],[27.5422,37.1985],[27.5425,37.1995],[27.5443,37.2003],[27.5473,37.2036],[27.5495,37.2051],[27.5505,37.2075],[27.5512,37.2078],[27.5521,37.2078],[27.5519,37.2068],[27.5523,37.2057],[27.5536,37.2055],[27.5557,37.2063],[27.5568,37.2061],[27.5599,37.2077],[27.5594,37.2089],[27.5609,37.2096],[27.562,37.2109],[27.5621,37.212],[27.5632,37.213],[27.563,37.2141],[27.5651,37.2161],[27.5628,37.2193],[27.5636,37.2193],[27.5641,37.2187],[27.5678,37.2224],[27.567,37.2234],[27.5676,37.2255],[27.5667,37.2276],[27.5675,37.2286],[27.5651,37.2325],[27.5641,37.2326],[27.5601,37.2359],[27.5589,37.236],[27.5578,37.2371],[27.5577,37.2359],[27.5557,37.2347],[27.5547,37.2355],[27.5543,37.2349],[27.5516,37.2343],[27.5512,37.2349],[27.5518,37.2359],[27.5518,37.237],[27.5505,37.2367],[27.5484,37.2391],[27.5449,37.2401],[27.5441,37.2411],[27.5443,37.2434],[27.5438,37.2443],[27.5423,37.2443],[27.5413,37.2432],[27.5415,37.2422],[27.5411,37.2416],[27.5384,37.2391],[27.5386,37.238],[27.5374,37.237],[27.5381,37.2359],[27.537,37.2366],[27.5336,37.2339],[27.5349,37.2325],[27.537,37.2319],[27.5366,37.2307],[27.5371,37.2286],[27.535,37.2276],[27.5347,37.2266],[27.5331,37.2255],[27.5342,37.2245],[27.5328,37.2233],[27.5307,37.2245],[27.5301,37.2234],[27.5286,37.2232],[27.5276,37.2222],[27.5266,37.2227],[27.5193,37.2229],[27.5151,37.2226],[27.512,37.2218],[27.5109,37.2227],[27.5068,37.2209],[27.5047,37.221],[27.5036,37.2217],[27.4984,37.2181],[27.4981,37.2203],[27.4998,37.2286],[27.4963,37.2276],[27.4966,37.2318],[27.4953,37.237],[27.4964,37.2397],[27.4995,37.2417],[27.5005,37.2414],[27.5016,37.242],[27.5016,37.2436],[27.5047,37.2443],[27.5047,37.2453],[27.508,37.2484],[27.5067,37.2505],[27.5077,37.2516],[27.5075,37.2526],[27.5069,37.2536],[27.5057,37.2538],[27.5045,37.2557],[27.5051,37.2568],[27.5047,37.2594],[27.5026,37.2604],[27.5016,37.2598],[27.5003,37.2599],[27.4974,37.2614],[27.4964,37.2609],[27.4968,37.262],[27.4964,37.2624],[27.4953,37.2628],[27.4943,37.2624],[27.4932,37.2632],[27.488,37.2623],[27.4847,37.2609],[27.4831,37.2589],[27.4832,37.2568],[27.4811,37.2536],[27.4776,37.2511],[27.4682,37.2516],[27.4661,37.2505],[27.4641,37.2486],[27.4589,37.247],[27.4557,37.2474],[27.4536,37.2487],[27.4515,37.2536],[27.4514,37.2557],[27.4522,37.2589],[27.4593,37.2682],[27.462,37.2707],[27.4651,37.2724],[27.468,37.2755],[27.4679,37.2797],[27.4698,37.2839],[27.4695,37.2849],[27.4707,37.2859],[27.4721,37.2891],[27.4776,37.2924],[27.4818,37.2956],[27.4839,37.2979],[27.4852,37.3005],[27.4849,37.3016],[27.4856,37.3047],[27.4849,37.3057],[27.4866,37.3089],[27.4877,37.313],[27.4872,37.3161],[27.4862,37.3172],[27.4862,37.3193],[27.4849,37.3208],[27.4828,37.3207],[27.4818,37.3216],[27.4793,37.3214],[27.4714,37.3129],[27.4703,37.3133],[27.4682,37.3112],[27.4661,37.311],[27.4626,37.3089],[27.4599,37.3059],[27.4604,37.3047],[27.4578,37.3025],[27.4568,37.3025],[27.4557,37.3054],[27.4536,37.3048],[27.4518,37.3026],[27.4532,37.3016],[27.4526,37.3006],[27.4516,37.2999],[27.4495,37.2994],[27.4484,37.2981],[27.4464,37.3001],[27.4453,37.2994],[27.4421,37.3005],[27.4387,37.3005],[27.4359,37.2984],[27.4328,37.2977],[27.4294,37.2984],[27.4263,37.3005],[27.4245,37.301],[27.4182,37.3003],[27.4109,37.3013],[27.4083,37.3026],[27.4047,37.3057],[27.3984,37.3095],[27.3964,37.3104],[27.3932,37.3102],[27.3901,37.3134],[27.387,37.3117],[27.3859,37.3119],[27.3872,37.3141],[27.387,37.3147],[27.3849,37.3145],[27.3842,37.3151],[27.3842,37.3224],[27.3839,37.3234],[27.3828,37.3236],[27.3814,37.3318],[27.3786,37.3373],[27.3734,37.3371],[27.3724,37.338],[27.3703,37.3386],[27.3674,37.338],[27.3661,37.3399],[27.3651,37.3399],[27.3641,37.339],[27.363,37.3394],[27.3613,37.338],[27.3589,37.3348],[27.3568,37.3362],[27.3557,37.3357],[27.3536,37.336],[27.3495,37.3354],[27.3485,37.3349],[27.3518,37.3339],[27.3484,37.3332],[27.3479,37.3328],[27.3486,37.3318],[27.3464,37.3311],[27.3444,37.3297],[27.3398,37.3224],[27.3359,37.3205],[27.3339,37.3187],[27.3297,37.3169],[27.3255,37.3169],[27.3203,37.3158],[27.3193,37.3163],[27.3172,37.3164],[27.316,37.3172],[27.3161,37.3182],[27.3187,37.3234],[27.3197,37.3276],[27.3172,37.3304],[27.3161,37.3304],[27.3151,37.3312],[27.313,37.3314],[27.3109,37.3327],[27.3083,37.3391],[27.3048,37.3432],[27.3036,37.3436],[27.3026,37.3449],[27.2995,37.3445],[27.2984,37.3435],[27.2974,37.3436],[27.2964,37.345],[27.2859,37.3483],[27.2839,37.347],[27.2828,37.3476],[27.2724,37.3407],[27.2707,37.338],[27.2701,37.3349],[27.268,37.3318],[27.2651,37.33],[27.2609,37.3294],[27.2587,37.3297],[27.2526,37.3319],[27.237,37.334],[27.2339,37.3351],[27.2297,37.3383],[27.2255,37.3403],[27.2234,37.3407],[27.2203,37.3403],[27.2161,37.3411],[27.212,37.3426],[27.2089,37.3451],[27.2058,37.3464],[27.2047,37.3461],[27.1964,37.347],[27.1911,37.3503],[27.1892,37.3526],[27.1898,37.3568],[27.1922,37.3597],[27.1981,37.363],[27.2005,37.3661],[27.2008,37.3682],[27.2004,37.3703],[27.2011,37.3724],[27.2052,37.3786],[27.2055,37.3807],[27.208,37.3859],[27.208,37.3891],[27.2066,37.3932],[27.2067,37.3974],[27.2073,37.3995],[27.2123,37.4047],[27.213,37.4062],[27.2142,37.4068],[27.2141,37.4078],[27.2159,37.4078],[27.2155,37.4089],[27.2163,37.4109],[27.2158,37.412],[27.2141,37.4133],[27.213,37.4128],[27.2126,37.413],[27.2131,37.4161],[27.2125,37.4172],[27.2131,37.4203],[27.2161,37.4245],[27.2163,37.4255],[27.2166,37.4318],[27.2159,37.4359],[27.2172,37.4443],[27.2169,37.4464],[27.215,37.4526],[27.2132,37.4547],[27.2136,37.4557],[27.2128,37.4578],[27.212,37.4586],[27.2109,37.4577],[27.2119,37.4589],[27.2118,37.4599],[27.2109,37.4606],[27.2099,37.4607],[27.2068,37.4577],[27.2059,37.4578],[27.2057,37.4597],[27.2047,37.46],[27.2026,37.4624],[27.1984,37.4639],[27.1911,37.4676],[27.1839,37.4704],[27.1807,37.4723],[27.1799,37.4734],[27.1782,37.4786],[27.1771,37.4859],[27.1787,37.5026],[27.1786,37.5068],[27.1771,37.513],[27.1771,37.5151],[27.1759,37.5182],[27.1734,37.5223],[27.1672,37.5297],[27.1658,37.5307],[27.1641,37.5349],[27.1642,37.5359],[27.1602,37.5453],[27.1591,37.5505],[27.1569,37.5536],[27.157,37.5547],[27.1547,37.559],[27.1505,37.5635],[27.1474,37.5646],[27.1443,37.5642],[27.1427,37.5661],[27.1426,37.5682],[27.1432,37.5691],[27.1443,37.5692],[27.1454,37.5703],[27.1465,37.5724],[27.1464,37.5734],[27.1501,37.5786],[27.1471,37.5818],[27.1471,37.5839],[27.1455,37.588],[27.1434,37.5922],[27.1359,37.6034],[27.1332,37.6089],[27.1322,37.612],[27.1322,37.6151],[27.1318,37.6157],[27.1306,37.6151],[27.1304,37.6161],[27.1318,37.6178],[27.1318,37.6188],[27.1293,37.6193],[27.1255,37.6234],[27.1234,37.625],[27.1203,37.6255],[27.1193,37.6248],[27.1182,37.6248],[27.1172,37.6257],[27.1161,37.6256],[27.1151,37.6264],[27.1099,37.628],[27.1036,37.6288],[27.0985,37.6328],[27.0943,37.6352],[27.0922,37.6357],[27.0786,37.6361],[27.0724,37.6378],[27.0661,37.637],[27.0568,37.6372],[27.0505,37.6398],[27.0464,37.6405],[27.042,37.6422],[27.0391,37.6427],[27.0349,37.6445],[27.0307,37.6454],[27.0263,37.6453],[27.0234,37.6445],[27.0141,37.6446],[27.0078,37.6469],[27.0057,37.6456],[27.0005,37.6458],[27,37.6453],[27,37.4818],[27.0005,37.4812],[27.0036,37.4816],[27.0068,37.4813],[27.0095,37.4786],[27.0095,37.4776],[27.0101,37.4766],[27.0093,37.4745],[27.0083,37.4734],[27.0089,37.4723],[27.0036,37.4742],[27.0026,37.4742],[27.0016,37.4734],[27,37.4734],[27,37.4693],[27.0005,37.4686],[27.0026,37.4684],[27.0089,37.4707],[27.0109,37.4706],[27.0132,37.4682],[27.0139,37.4661],[27.0137,37.4651],[27.0102,37.4599],[27.0107,37.4547],[27.0098,37.4526],[27.0078,37.4509],[27.0057,37.4499],[27,37.4495],[27,37.0224],[27.0016,37.0218],[27.0036,37.0203],[27.0089,37.0187],[27.0141,37.0151],[27.0151,37.015],[27.0182,37.0165],[27.0266,37.0167],[27.0307,37.0176],[27.0359,37.0175],[27.0391,37.0158],[27.047,37.0057],[27.0495,37.0038],[27.0516,37.003],[27.0537,37.0005],[27.0547,37],[27.2026,37],[27.2028,37.0016],[27.2057,37.0027],[27.2072,37.0047],[27.2069,37.0068],[27.2076,37.0078],[27.2091,37.0089],[27.2091,37.0109],[27.2109,37.0127],[27.212,37.0134],[27.2141,37.0138],[27.2151,37.0135],[27.2172,37.0155],[27.2214,37.0161],[27.2266,37.0144],[27.2287,37.012],[27.2297,37.0089],[27.2298,37.0057],[27.2286,37.0046],[27.2276,37.0049],[27.2266,37.0036],[27.2255,37.0039],[27.2245,37.0031],[27.2224,37.0006],[27.2224,37],[27.2474,37],[27.2483,37.0005]],[[27.3672,37.2773],[27.3651,37.277],[27.3625,37.2776],[27.3616,37.2786],[27.3612,37.2807],[27.3617,37.2828],[27.3641,37.2863],[27.3696,37.2891],[27.3724,37.292],[27.3734,37.292],[27.3741,37.2849],[27.3735,37.2818],[27.3714,37.2793],[27.3672,37.2773]],[[27.0953,37.2713],[27.0911,37.2709],[27.0849,37.2718],[27.081,37.2745],[27.0783,37.2786],[27.0786,37.2843],[27.0766,37.2865],[27.076,37.288],[27.0776,37.2981],[27.0818,37.3024],[27.0828,37.3029],[27.0839,37.3028],[27.0835,37.3057],[27.0849,37.3075],[27.0891,37.3094],[27.0922,37.3094],[27.0943,37.3085],[27.097,37.3057],[27.1005,37.3054],[27.1016,37.3047],[27.1032,37.3026],[27.1032,37.2995],[27.1006,37.2953],[27.1004,37.2943],[27.0992,37.2932],[27.0987,37.2911],[27.1005,37.2871],[27.1016,37.2859],[27.1036,37.2852],[27.1063,37.2818],[27.1062,37.2776],[27.1036,37.2748],[27.0953,37.2713]],[[27.3932,37.2504],[27.3911,37.2509],[27.3905,37.2516],[27.3907,37.2526],[27.3922,37.2534],[27.3943,37.253],[27.3949,37.2516],[27.3932,37.2504]],[[27.2901,37.142],[27.2896,37.1422],[27.2901,37.1443],[27.2901,37.142]],[[27.4755,37.1141],[27.4735,37.1141],[27.4735,37.1151],[27.4703,37.1148],[27.4672,37.1165],[27.4661,37.1164],[27.466,37.1172],[27.4666,37.1182],[27.4668,37.1203],[27.468,37.1224],[27.4695,37.1234],[27.4714,37.1257],[27.4734,37.1269],[27.4752,37.1297],[27.4776,37.1318],[27.4807,37.1331],[27.4839,37.1335],[27.4849,37.1332],[27.4863,37.1318],[27.4857,37.1307],[27.4862,37.1276],[27.4856,37.1245],[27.477,37.1172],[27.477,37.1161],[27.4755,37.1141]],[[27.0682,37.0785],[27.0651,37.0792],[27.0638,37.0807],[27.0639,37.0859],[27.0651,37.0871],[27.0674,37.087],[27.0718,37.0828],[27.0718,37.0807],[27.0714,37.0801],[27.0682,37.0785]],[[27.213,37.0775],[27.212,37.0779],[27.2109,37.077],[27.2078,37.0772],[27.2049,37.0786],[27.2032,37.0807],[27.2033,37.0849],[27.2089,37.0914],[27.2161,37.092],[27.2172,37.0913],[27.2175,37.0901],[27.2216,37.0849],[27.2173,37.0797],[27.2161,37.0795],[27.2154,37.0786],[27.2141,37.0784],[27.213,37.0775]],[[27.0839,37.0492],[27.0818,37.049],[27.0793,37.0495],[27.0783,37.0505],[27.0773,37.0536],[27.0758,37.0557],[27.0734,37.0566],[27.0703,37.059],[27.0689,37.062],[27.0691,37.0641],[27.0701,37.0651],[27.0724,37.0659],[27.0734,37.0657],[27.0766,37.0677],[27.0797,37.0685],[27.0859,37.0688],[27.0911,37.0675],[27.0943,37.0662],[27.0995,37.0654],[27.1047,37.0623],[27.1089,37.0612],[27.1101,37.0599],[27.1101,37.0557],[27.1089,37.0544],[27.1016,37.0537],[27.1005,37.0532],[27.0964,37.0529],[27.0932,37.052],[27.0891,37.052],[27.0839,37.0492]],[[27.1484,37.0439],[27.1464,37.0437],[27.1439,37.0443],[27.1431,37.0453],[27.1429,37.0464],[27.1431,37.0495],[27.1443,37.0507],[27.1484,37.052],[27.1526,37.0519],[27.1539,37.0505],[27.154,37.0484],[27.1523,37.0464],[27.1484,37.0439]],[[27.2068,37.0438],[27.2047,37.0435],[27.1996,37.0443],[27.1961,37.0474],[27.1964,37.05],[27.1978,37.0516],[27.2005,37.0528],[27.2047,37.0531],[27.2067,37.0526],[27.2074,37.0505],[27.2076,37.0464],[27.2081,37.0453],[27.2068,37.0438]],[[27.1839,37.0014],[27.1807,37.0011],[27.1787,37.0026],[27.1782,37.0057],[27.1784,37.0068],[27.1793,37.0078],[27.1828,37.0084],[27.1863,37.0078],[27.1864,37.0057],[27.187,37.0047],[27.1867,37.0036],[27.1839,37.0014]]],[[[27.3691,37.0005],[27.3708,37.0016],[27.3717,37.0057],[27.3744,37.012],[27.3744,37.013],[27.3732,37.0141],[27.3724,37.0167],[27.3682,37.016],[27.3672,37.0152],[27.3641,37.0155],[27.362,37.0152],[27.3589,37.0175],[27.3547,37.0153],[27.3526,37.0155],[27.3484,37.0149],[27.3464,37.0153],[27.3432,37.0151],[27.3359,37.0105],[27.3345,37.0089],[27.3342,37.0078],[27.3345,37.0068],[27.3359,37.0057],[27.3411,37.0059],[27.3453,37],[27.3682,37],[27.3691,37.0005]],[[27.363,37.0023],[27.3589,37.0025],[27.3546,37.0047],[27.355,37.0057],[27.3538,37.0078],[27.3536,37.0113],[27.3525,37.012],[27.3536,37.0132],[27.3557,37.0137],[27.3599,37.013],[27.3609,37.0135],[27.363,37.0122],[27.365,37.012],[27.3664,37.0089],[27.366,37.0068],[27.363,37.0023]]],[[[27.4597,37.0005],[27.4568,37.0029],[27.4526,37.0043],[27.4505,37.0057],[27.4476,37.0099],[27.4471,37.012],[27.446,37.013],[27.4459,37.0141],[27.4443,37.0152],[27.4395,37.0172],[27.437,37.0199],[27.4346,37.0214],[27.4328,37.0243],[27.4318,37.0248],[27.4307,37.0263],[27.4297,37.0265],[27.4266,37.026],[27.4245,37.0249],[27.4242,37.0245],[27.4247,37.0224],[27.4224,37.0182],[27.4214,37.0183],[27.4193,37.0173],[27.4161,37.0142],[27.4141,37.0132],[27.4099,37.0132],[27.4078,37.0147],[27.4068,37.0145],[27.4057,37.0153],[27.4047,37.0139],[27.404,37.0141],[27.4036,37.0153],[27.4026,37.0144],[27.4016,37.0145],[27.3992,37.0151],[27.3984,37.0162],[27.3974,37.016],[27.3947,37.013],[27.3952,37.0078],[27.3951,37.0068],[27.394,37.0057],[27.3945,37.0047],[27.3929,37.0036],[27.3913,37.0005],[27.3922,37],[27.4589,37],[27.4597,37.0005]]],[[[27.6907,37.0005],[27.689,37.0005],[27.6891,37],[27.6901,37],[27.6907,37.0005]]],[[[28,37.0005],[28,37.0214],[27.9995,37.0224],[27.9953,37.0243],[27.9943,37.0255],[27.9932,37.0245],[27.9911,37.0238],[27.9797,37.0253],[27.9786,37.0249],[27.9766,37.0227],[27.9726,37.0203],[27.9723,37.0193],[27.9703,37.0177],[27.9661,37.0164],[27.962,37.0159],[27.9578,37.0144],[27.9526,37.0134],[27.9474,37.0133],[27.9432,37.0136],[27.9411,37.0146],[27.9339,37.0224],[27.9307,37.0239],[27.9297,37.0234],[27.9295,37.0245],[27.9276,37.0251],[27.9245,37.025],[27.9214,37.0241],[27.9141,37.0207],[27.9078,37.0198],[27.9047,37.02],[27.9016,37.0217],[27.8974,37.0223],[27.8953,37.0242],[27.8941,37.0245],[27.8936,37.0255],[27.891,37.0255],[27.8891,37.0243],[27.8849,37.0235],[27.8828,37.0222],[27.8797,37.022],[27.8786,37.0213],[27.8755,37.021],[27.8745,37.0203],[27.8714,37.02],[27.8672,37.0182],[27.8651,37.018],[27.8641,37.0172],[27.8568,37.0172],[27.8547,37.0169],[27.8536,37.0161],[27.8484,37.0155],[27.8453,37.0157],[27.8432,37.0147],[27.838,37.0099],[27.8359,37.0089],[27.8297,37.0089],[27.8277,37.0099],[27.8234,37.0096],[27.8203,37.0078],[27.8193,37.0078],[27.8193,37.0068],[27.8175,37.0047],[27.8172,37.0036],[27.8151,37.0016],[27.8131,37.0005],[27.8141,37],[27.9995,37],[28,37.0005]]]]}},{"type":"Feature","properties":{"depth":5,"kind":"isobath"},"geometry":{"type":"MultiLineString","coordinates":[[[27.2574,37.8661],[27.2568,37.8676],[27.2557,37.8672],[27.2568,37.8656]],[[27.0481,37.762],[27.0474,37.7623],[27.0474,37.7612]],[[27.0499,37.762],[27.0495,37.7624],[27.0489,37.762],[27.0495,37.7617]],[[27.0378,37.7286],[27.037,37.7297],[27.037,37.7286]],[[27.0026,37.7995],[27.0036,37.7984],[27.0036,37.7974]],[[27.013,37.7786],[27.0141,37.7776],[27.0161,37.7776],[27.0172,37.7786],[27.0203,37.7786],[27.0224,37.7771],[27.0266,37.7773],[27.0328,37.7763],[27.038,37.7772],[27.0443,37.7797],[27.0484,37.7801],[27.0505,37.7808],[27.0568,37.7812],[27.0589,37.7819],[27.0609,37.7819],[27.0651,37.7808],[27.0661,37.7797],[27.0672,37.7797],[27.0682,37.7807],[27.0693,37.7797],[27.0682,37.7786],[27.0693,37.7776],[27.0695,37.7766],[27.0703,37.7766],[27.0714,37.7755],[27.0693,37.7734],[27.0672,37.7729],[27.0641,37.771],[27.0611,37.7682],[27.0589,37.7671],[27.0578,37.7677],[27.0536,37.7655],[27.0505,37.763],[27.0498,37.763],[27.0508,37.762],[27.0495,37.7599],[27.0484,37.7618],[27.0475,37.7609],[27.0474,37.7598],[27.0473,37.7609],[27.0453,37.7614],[27.0443,37.7613],[27.0432,37.7599],[27.0401,37.7597],[27.0391,37.7603],[27.038,37.762],[27.0307,37.7616],[27.0301,37.7609],[27.0318,37.7589],[27.0319,37.7578],[27.0307,37.7568],[27.0297,37.7578],[27.0297,37.7584],[27.0276,37.7568],[27.027,37.7568],[27.0286,37.7568],[27.0297,37.7557],[27.0297,37.7547],[27.0276,37.7526],[27.0259,37.7526],[27.0255,37.7516],[27.0276,37.7516],[27.0286,37.7505],[27.0297,37.7516],[27.0307,37.7505],[27.0318,37.7507],[27.0328,37.7495],[27.0318,37.7484],[27.0328,37.7477],[27.0339,37.7501],[27.0349,37.7484],[27.0339,37.7474],[27.0332,37.7474],[27.0339,37.7464],[27.037,37.7464],[27.0391,37.7443],[27.0432,37.7443],[27.0453,37.7422],[27.0453,37.7411],[27.0464,37.7401],[27.0464,37.7389],[27.0453,37.738],[27.0443,37.738],[27.0432,37.7391],[27.0422,37.7391],[27.0422,37.7375],[27.0426,37.737],[27.0406,37.7359],[27.0391,37.7339],[27.038,37.7339],[27.0373,37.7328],[27.037,37.7297],[27.038,37.7287],[27.0401,37.7279],[27.0426,37.7297],[27.0432,37.7307],[27.0464,37.7322],[27.0536,37.7311],[27.0599,37.7309],[27.0609,37.7319],[27.062,37.7309],[27.0682,37.7286],[27.0693,37.7276],[27.0703,37.7255],[27.0705,37.7234],[27.0714,37.7214],[27.0724,37.7203],[27.0725,37.7172],[27.0724,37.7151],[27.0714,37.7141],[27.0672,37.7141],[27.0693,37.712],[27.0693,37.7109],[27.0703,37.7099],[27.0693,37.7078],[27.0661,37.7073],[27.0651,37.7065],[27.0641,37.7067],[27.063,37.7078],[27.0599,37.7078],[27.0589,37.7086],[27.0589,37.7078],[27.0578,37.7068],[27.0568,37.7078],[27.0578,37.7089],[27.0585,37.7089],[27.0578,37.7089],[27.0568,37.7099],[27.0565,37.7109],[27.0552,37.7109],[27.0536,37.7099],[27.0526,37.7099],[27.0526,37.7089],[27.0536,37.7078],[27.0526,37.7068],[27.0516,37.7078],[27.0509,37.7068],[27.0516,37.7068],[27.0529,37.7057],[27.0527,37.7047],[27.0516,37.7036],[27.0505,37.7036],[27.0495,37.7047],[27.0484,37.7047],[27.0474,37.7054],[27.0443,37.7089],[27.0396,37.7068],[27.0391,37.7062],[27.0391,37.7047],[27.0401,37.7036],[27.0406,37.7016],[27.0391,37.7006],[27.0349,37.701],[27.0339,37.7026],[27.0349,37.7036],[27.0349,37.7047],[27.0339,37.7057],[27.0318,37.7054],[27.0297,37.7036],[27.0286,37.7036],[27.0276,37.7026],[27.0266,37.7036],[27.0245,37.7036],[27.0234,37.7047],[27.0233,37.7057],[27.0193,37.7058],[27.0193,37.7036],[27.0161,37.7005],[27.0151,37.7016],[27.0151,37.7025],[27.0141,37.7024],[27.013,37.7016],[27.012,37.7016],[27.0109,37.6992],[27.0078,37.6986],[27.0047,37.6971],[27.0036,37.6962],[27.0022,37.6974],[27.003,37.6984],[27.0005,37.6982]],[[27.0005,37.6622],[27.0008,37.663],[27.0017,37.6651],[27.0029,37.6714],[27.0026,37.6724],[27.0036,37.6723],[27.0039,37.6734],[27.0059,37.6745],[27.0074,37.6766],[27.0082,37.6807],[27.0077,37.6828],[27.0089,37.6831],[27.0102,37.6859],[27.0099,37.6862],[27.0089,37.6855],[27.0089,37.6869],[27.0111,37.6891],[27.0112,37.6922],[27.0104,37.6922],[27.0099,37.6909],[27.0088,37.6922],[27.0109,37.6945],[27.0141,37.6958],[27.0193,37.6965],[27.0203,37.6974],[27.0203,37.695],[27.0216,37.6932],[27.021,37.6911],[27.0214,37.6903],[27.0224,37.6895],[27.0255,37.6915],[27.0266,37.6918],[27.0359,37.6916],[27.037,37.6905],[27.038,37.6904],[27.0391,37.6889],[27.0401,37.6891],[27.0411,37.6881],[27.0432,37.6883],[27.0474,37.687],[27.0495,37.6841],[27.0516,37.6839],[27.0589,37.6855],[27.0638,37.688],[27.0661,37.6883],[27.0682,37.6875],[27.0714,37.6871],[27.0734,37.6861],[27.0776,37.6863],[27.0797,37.6861],[27.0807,37.6853],[27.087,37.6849],[27.0911,37.6831],[27.1005,37.6832],[27.1056,37.6849],[27.1099,37.6854],[27.1172,37.6875],[27.1234,37.6911],[27.1297,37.6914],[27.1318,37.6922],[27.137,37.6925],[27.1391,37.6933],[27.1443,37.6937],[27.1484,37.6947],[27.1526,37.6974],[27.1536,37.6974],[27.1536,37.6984],[27.1547,37.6995],[27.1641,37.7018],[27.1703,37.7014],[27.1776,37.7034],[27.1828,37.706],[27.188,37.7065],[27.1922,37.7091],[27.1984,37.7113],[27.2005,37.7116],[27.2036,37.7112],[27.2078,37.7123],[27.212,37.7145],[27.2224,37.7224],[27.2276,37.7241],[27.2318,37.7262],[27.2391,37.7333],[27.2457,37.7411],[27.2472,37.7443],[27.2478,37.7474],[27.2507,37.7505],[27.2539,37.7589],[27.2557,37.7621],[27.2593,37.7724],[27.2609,37.7797],[27.2632,37.787],[27.2655,37.7995],[27.2654,37.8099],[27.263,37.8143],[27.2571,37.8203],[27.2547,37.8195],[27.2516,37.8206],[27.2505,37.8199],[27.2474,37.821],[27.2432,37.8216],[27.2411,37.823],[27.2387,37.8276],[27.236,37.8307],[27.2339,37.837],[27.2333,37.8401],[27.2335,37.8453],[27.2373,37.8516],[27.2375,37.8557],[27.237,37.8599],[27.2372,37.8609],[27.2391,37.8632],[27.2401,37.864],[27.2411,37.8641],[27.2421,37.8651],[27.2432,37.865],[27.2473,37.8682],[27.2474,37.8695],[27.2505,37.8677],[27.2526,37.867],[27.2536,37.8679],[27.2547,37.8679],[27.2557,37.8688],[27.2568,37.869],[27.2576,37.8724],[27.2574,37.8734],[27.2614,37.8807],[27.2609,37.8828],[27.2613,37.8839],[27.2604,37.8859],[27.2611,37.8911],[27.263,37.8951],[27.2656,37.8974],[27.266,37.8984],[27.2634,37.9016],[27.2613,37.9026],[27.2607,37.9036],[27.2601,37.9057],[27.2588,37.9078],[27.258,37.9109],[27.2581,37.913],[27.262,37.9195],[27.2647,37.9276],[27.2651,37.9281],[27.2661,37.9272],[27.2672,37.9286],[27.2703,37.9306],[27.272,37.9328],[27.2709,37.9391],[27.27,37.9401],[27.2689,37.9443],[27.2672,37.9474],[27.2599,37.9557],[27.2563,37.9609],[27.2556,37.963],[27.2516,37.9694],[27.2474,37.9739],[27.2464,37.9746],[27.2411,37.9756],[27.2371,37.9786],[27.2356,37.9786],[27.2339,37.9797],[27.2328,37.9795],[27.2307,37.9802],[27.2151,37.9863],[27.2109,37.987],[27.2094,37.988],[27.2098,37.9891],[27.2079,37.9891],[27.2082,37.988],[27.2078,37.987],[27.2047,37.9848],[27.1984,37.9851],[27.1943,37.9846],[27.1901,37.9856],[27.1891,37.9854],[27.1859,37.9839],[27.1839,37.9823],[27.1766,37.9805],[27.1682,37.9775],[27.1651,37.9778],[27.1568,37.9807],[27.1526,37.9815],[27.1474,37.9799],[27.1443,37.9802],[27.1391,37.9819],[27.1359,37.9842],[27.1328,37.9838],[27.1307,37.9841],[27.1293,37.9849],[27.1266,37.9883],[27.1245,37.9889],[27.1182,37.9894],[27.1172,37.9901],[27.1165,37.9911],[27.1165,37.9922],[27.1151,37.9938]],[[27.1888,37.6057],[27.188,37.6064],[27.1872,37.6057],[27.188,37.6048]],[[27.1876,37.6047],[27.187,37.6052],[27.1867,37.6047],[27.187,37.6043]],[[27.2018,37.5964],[27.202,37.5974],[27.2016,37.5978],[27.2005,37.5974],[27.2016,37.5956]],[[27.1873,37.5953],[27.187,37.5959],[27.1862,37.5953],[27.187,37.5948]],[[27.2051,37.5932],[27.2057,37.5938],[27.2057,37.5949],[27.2054,37.5953],[27.2038,37.5953],[27.2031,37.5943],[27.2047,37.5928]],[[27.2001,37.5922],[27.1995,37.5926],[27.1992,37.5922],[27.1995,37.5917]],[[27.2021,37.5922],[27.2016,37.5943],[27.2005,37.5937],[27.2003,37.5932],[27.201,37.5922],[27.2016,37.5917]],[[27.1957,37.5901],[27.1953,37.5905],[27.1949,37.5901],[27.1953,37.5891]],[[27.2007,37.5901],[27.2005,37.5912],[27.1997,37.5901]],[[27.1935,37.587],[27.195,37.588],[27.1953,37.5891],[27.1943,37.5895],[27.1925,37.588],[27.1932,37.5865]],[[27.1926,37.5818],[27.1922,37.5821],[27.1918,37.5818],[27.1922,37.5808]],[[27.1789,37.5807],[27.1786,37.5812],[27.1784,37.5807]],[[27.1849,37.5755],[27.1859,37.5773],[27.1901,37.5786],[27.1899,37.5797],[27.1907,37.5807],[27.1911,37.5844],[27.1932,37.5833],[27.1937,37.5839],[27.1922,37.5849],[27.1929,37.5859],[27.1915,37.587],[27.1911,37.5885],[27.1901,37.5878],[27.1891,37.5888],[27.187,37.5886],[27.1865,37.5901],[27.187,37.5913],[27.1859,37.5918],[27.1848,37.5911],[27.1866,37.5943],[27.1859,37.5952],[27.1849,37.5956],[27.1839,37.5948],[27.1818,37.5957],[27.1814,37.5964],[27.1837,37.5974],[27.1826,37.5984],[27.1807,37.5987],[27.1805,37.6005],[27.1761,37.6026],[27.1767,37.6036],[27.1762,37.6078],[27.1745,37.6078],[27.1724,37.6086],[27.1712,37.6099],[27.1709,37.612],[27.1682,37.6116],[27.162,37.6143],[27.1547,37.6151],[27.1495,37.6139],[27.1464,37.615],[27.1453,37.6143],[27.1464,37.61],[27.1478,37.6089],[27.1474,37.6078],[27.1505,37.6023],[27.1569,37.5964],[27.1589,37.5937],[27.162,37.5915],[27.1625,37.5891],[27.163,37.5885],[27.1641,37.5885],[27.1651,37.5894],[27.1672,37.5863],[27.1682,37.5864],[27.1703,37.5843],[27.1714,37.5844],[27.1724,37.5836],[27.1734,37.5842],[27.1742,37.5839],[27.1755,37.5819],[27.1766,37.5826],[27.1776,37.5819],[27.1786,37.5822],[27.1807,37.5817],[27.1818,37.5767],[27.1828,37.577]],[[27.1863,37.5734],[27.1859,37.5738],[27.1856,37.5734],[27.1859,37.5731]],[[27.2138,37.5693],[27.2129,37.5703],[27.2129,37.5714],[27.212,37.5721],[27.212,37.5714],[27.2106,37.5703],[27.212,37.5686],[27.213,37.5683]],[[27.1926,37.5651],[27.1922,37.5656],[27.1917,37.5651],[27.1922,37.5645]],[[27.2109,37.5651],[27.2109,37.5667],[27.2096,37.5672],[27.2093,37.5661],[27.2099,37.5661]],[[27.2696,37.5349],[27.2693,37.5353],[27.2689,37.5349],[27.2693,37.5344]],[[27.2087,37.4609],[27.2109,37.4614],[27.212,37.4611],[27.2123,37.462],[27.2109,37.4632],[27.2089,37.4632],[27.2064,37.4609],[27.2068,37.4603],[27.2078,37.4602]],[[27.4172,37.4047],[27.4184,37.4078],[27.4172,37.4089],[27.4157,37.4078],[27.4167,37.4068],[27.416,37.4057]],[[27.4035,37.3984],[27.4024,37.3984],[27.4026,37.3981]],[[27.3843,37.3964],[27.3828,37.3968],[27.3825,37.3964],[27.3828,37.3957]],[[27.4041,37.3964],[27.4036,37.3967],[27.4033,37.3964]],[[27.3824,37.3953],[27.3818,37.3957],[27.3809,37.3953],[27.3818,37.3946]],[[27.4023,37.3943],[27.4016,37.3948],[27.4011,37.3943],[27.4016,37.394]],[[27.4007,37.3932],[27.4005,37.3935],[27.3998,37.3932]],[[27.4021,37.3891],[27.4036,37.3901],[27.4047,37.3896],[27.4089,37.3907],[27.413,37.3897],[27.4151,37.39],[27.4208,37.3953],[27.4203,37.3964],[27.4193,37.3956],[27.4187,37.3964],[27.4194,37.3974],[27.4193,37.3984],[27.4182,37.3984],[27.4186,37.3995],[27.4172,37.4013],[27.416,37.4016],[27.4166,37.4026],[27.4163,37.4036],[27.4151,37.404],[27.4141,37.4027],[27.413,37.4042],[27.4099,37.4008],[27.4089,37.4014],[27.4078,37.4005],[27.4068,37.4009],[27.4056,37.4005],[27.4058,37.3984],[27.404,37.3984],[27.4049,37.3964],[27.4041,37.3953],[27.4053,37.3943],[27.4047,37.3939],[27.4032,37.3943],[27.4034,37.3932],[27.4026,37.3924],[27.4015,37.3922],[27.4017,37.3911],[27.401,37.3901],[27.4011,37.3891]],[[27.3726,37.388],[27.3722,37.388],[27.3724,37.3875]],[[27.3717,37.3859],[27.3714,37.3864],[27.3709,37.3859],[27.3714,37.3856]],[[27.396,37.3766],[27.3953,37.377],[27.3944,37.3766],[27.3953,37.3762]],[[27.3837,37.363],[27.3859,37.365],[27.3866,37.3661],[27.388,37.3661],[27.3885,37.3672],[27.3901,37.3684],[27.3925,37.3714],[27.3932,37.3735],[27.3943,37.3733],[27.3948,37.3745],[27.3939,37.3755],[27.3942,37.3766],[27.3961,37.3786],[27.3951,37.3818],[27.3932,37.3832],[27.391,37.3859],[27.3919,37.388],[27.3894,37.3922],[27.3863,37.3943],[27.3866,37.3953],[27.3859,37.3961],[27.3849,37.3961],[27.3818,37.3941],[27.3807,37.3948],[27.3786,37.3931],[27.3776,37.3938],[27.3766,37.3936],[27.3758,37.3932],[27.3756,37.3911],[27.3743,37.3911],[27.3741,37.3901],[27.3751,37.3891],[27.3726,37.387],[27.3735,37.3859],[27.3723,37.3839],[27.3736,37.3818],[27.3726,37.3807],[27.3725,37.3797],[27.3704,37.3766],[27.3695,37.3734],[27.3708,37.3672],[27.3714,37.3666],[27.3734,37.3664],[27.3786,37.363],[27.3818,37.3627]],[[27.4508,37.3026],[27.4503,37.3026],[27.4505,37.3021]],[[27.452,37.3016],[27.4516,37.3021],[27.4508,37.3016],[27.4516,37.301]],[[27.45,37.3005],[27.4495,37.3009],[27.4492,37.3005],[27.4495,37.2998]],[[27.4493,37.2995],[27.4484,37.2999],[27.4479,37.2995],[27.4484,37.2988]],[[27.596,37.2766],[27.5953,37.2776],[27.5944,37.2766],[27.5953,37.2755]],[[27.5953,37.2755],[27.5943,37.2762],[27.5943,37.2748]],[[27.5464,37.2536],[27.5467,37.2547],[27.5464,37.2552],[27.5459,37.2536],[27.5464,37.2529]],[[27.508,37.2505],[27.5078,37.2512],[27.5069,37.2505],[27.5078,37.2501]],[[27.5684,37.2453],[27.5682,37.246],[27.5677,37.2453]],[[27.5407,37.2443],[27.5401,37.2449],[27.5401,37.2434]],[[27.5552,37.2432],[27.5557,37.2443],[27.5547,37.2453],[27.5547,37.2428]],[[27.528,37.238],[27.5282,37.2391],[27.5268,37.2391],[27.526,37.238],[27.5266,37.237]],[[27.5571,37.238],[27.5568,37.239],[27.5558,37.238]],[[27.5561,37.237],[27.5557,37.238],[27.5551,37.237],[27.5557,37.2362]],[[27.5697,37.2328],[27.5693,37.2335],[27.5689,37.2328],[27.5693,37.2325]],[[27.5815,37.2297],[27.5835,37.2318],[27.5835,37.2328],[27.5849,37.2344],[27.5856,37.237],[27.587,37.2396],[27.5896,37.2422],[27.5901,37.2434],[27.5911,37.2428],[27.5929,37.2443],[27.5932,37.2453],[27.5943,37.2456],[27.5956,37.2474],[27.5964,37.2495],[27.5979,37.2505],[27.5974,37.2516],[27.5986,37.2526],[27.5998,37.2547],[27.6001,37.2568],[27.6009,37.2578],[27.6002,37.2589],[27.6024,37.262],[27.6015,37.2651],[27.5997,37.2672],[27.5984,37.2669],[27.5985,37.2682],[27.5974,37.2685],[27.5968,37.2745],[27.5964,37.2751],[27.5953,37.2744],[27.5932,37.2741],[27.5925,37.2724],[27.5925,37.2714],[27.5914,37.2693],[27.5859,37.2663],[27.5849,37.2666],[27.5845,37.2661],[27.5849,37.265],[27.5839,37.2657],[27.5797,37.266],[27.5776,37.2667],[27.5763,37.2661],[27.5768,37.2672],[27.5766,37.2676],[27.5734,37.2684],[27.5724,37.2698],[27.5703,37.2711],[27.5651,37.2724],[27.563,37.272],[27.5599,37.2693],[27.5562,37.2672],[27.556,37.2661],[27.5505,37.2609],[27.5482,37.2599],[27.5477,37.2557],[27.5484,37.255],[27.5536,37.2547],[27.5547,37.2536],[27.5547,37.2526],[27.5557,37.2526],[27.5578,37.2505],[27.5589,37.2503],[27.5596,37.2516],[27.5589,37.2516],[27.5578,37.2526],[27.5578,37.2557],[27.5589,37.2568],[27.563,37.2571],[27.5641,37.2557],[27.5651,37.2558],[27.5663,37.2536],[27.5659,37.2526],[27.5667,37.2505],[27.5668,37.2484],[27.5672,37.2476],[27.5683,37.2484],[27.5672,37.2474],[27.5693,37.2461],[27.5695,37.2453],[27.5676,37.2422],[27.5675,37.237],[27.5684,37.2349],[27.5703,37.233],[27.5714,37.2329],[27.5734,37.2318],[27.5745,37.2296],[27.5755,37.2299],[27.5766,37.229],[27.5786,37.2298],[27.5797,37.2309],[27.5807,37.2307],[27.5797,37.2297],[27.5807,37.2291]],[[27.5337,37.2245],[27.5328,37.2253],[27.5321,37.2245],[27.5328,37.2236]],[[27.5676,37.2203],[27.5672,37.2206],[27.5668,37.2203],[27.5672,37.2199]],[[27.565,37.2141],[27.5641,37.2148],[27.5631,37.2141],[27.5641,37.2135]],[[27.5218,37.1901],[27.5214,37.1905],[27.5204,37.1901],[27.5214,37.1894]],[[27.3589,37.1703],[27.3592,37.1714],[27.3585,37.1714]],[[27.356,37.1672],[27.3549,37.1672],[27.3557,37.1665]],[[27.5384,37.1536],[27.5393,37.1547],[27.5391,37.1555],[27.538,37.1573],[27.537,37.1576],[27.5372,37.1547],[27.538,37.1534]],[[27.3498,37.1516],[27.3494,37.1516],[27.3495,37.1506]],[[27.284,37.1401],[27.2855,37.1411],[27.2849,37.142],[27.2838,37.1411]],[[27.2891,37.1401],[27.288,37.1409],[27.287,37.1401],[27.288,37.1392]],[[27.5239,37.137],[27.5234,37.1379],[27.5228,37.137],[27.5234,37.1362]],[[27.5732,37.1349],[27.5724,37.1355],[27.5718,37.1349],[27.5724,37.1343]],[[27.2682,37.0984],[27.2682,37.0995],[27.2673,37.0984]],[[27.2212,37.0849],[27.2203,37.0859],[27.2198,37.0849],[27.2203,37.0842]],[[27.973,37.0214],[27.9724,37.0214],[27.9724,37.0205]],[[27.3955,37.0151],[27.3968,37.0161],[27.3979,37.0182],[27.3982,37.0203],[27.3974,37.0224],[27.3953,37.0216],[27.3947,37.0203],[27.394,37.0172],[27.3953,37.0147]],[[27.0068,37.0047],[27.0068,37.0061],[27.0057,37.0063],[27.0057,37.0047]],[[27.0005,37.4812],[27.0036,37.4816],[27.0068,37.4813],[27.0095,37.4786],[27.0095,37.4776],[27.0101,37.4766],[27.0093,37.4745],[27.0083,37.4734],[27.0089,37.4723],[27.0036,37.4742],[27.0026,37.4742],[27.0016,37.4734]],[[27.0005,37.4686],[27.0026,37.4684],[27.0089,37.4707],[27.0109,37.4706],[27.0132,37.4682],[27.0139,37.4661],[27.0137,37.4651],[27.0102,37.4599],[27.0107,37.4547],[27.0098,37.4526],[27.0078,37.4509],[27.0057,37.4499]],[[27.0016,37.0218],[27.0036,37.0203],[27.0089,37.0187],[27.0141,37.0151],[27.0151,37.015],[27.0182,37.0165],[27.0266,37.0167],[27.0307,37.0176],[27.0359,37.0175],[27.0391,37.0158],[27.047,37.0057],[27.0495,37.0038],[27.0516,37.003],[27.0537,37.0005]],[[27.2028,37.0016],[27.2057,37.0027],[27.2072,37.0047],[27.2069,37.0068],[27.2076,37.0078],[27.2091,37.0089],[27.2091,37.0109],[27.2109,37.0127],[27.212,37.0134],[27.2141,37.0138],[27.2151,37.0135],[27.2172,37.0155],[27.2214,37.0161],[27.2266,37.0144],[27.2287,37.012],[27.2297,37.0089],[27.2298,37.0057],[27.2286,37.0046],[27.2276,37.0049],[27.2266,37.0036],[27.2255,37.0039],[27.2245,37.0031],[27.2224,37.0006]],[[27.2483,37.0005],[27.2486,37.0016],[27.2497,37.0026],[27.2493,37.0068],[27.2455,37.0172],[27.2426,37.0224],[27.2402,37.0234],[27.2377,37.0266],[27.237,37.0296],[27.2349,37.0301],[27.2297,37.0351],[27.2276,37.0361],[27.2261,37.038],[27.226,37.0401],[27.2282,37.0453],[27.2317,37.0495],[27.2307,37.0505],[27.2286,37.0505],[27.2255,37.0522],[27.2231,37.0568],[27.2231,37.0589],[27.2249,37.062],[27.2256,37.0651],[27.2282,37.0703],[27.231,37.0724],[27.2308,37.0734],[27.2322,37.0745],[27.2315,37.0766],[27.2301,37.0776],[27.2297,37.0789],[27.2284,37.0797],[27.229,37.0807],[27.2289,37.0828],[27.227,37.0859],[27.228,37.088],[27.2306,37.0911],[27.2349,37.0927],[27.238,37.0932],[27.2391,37.0927],[27.2411,37.0943],[27.2409,37.0932],[27.2415,37.0922],[27.2432,37.0902],[27.2443,37.0898],[27.2448,37.088],[27.2446,37.0859],[27.2451,37.0849],[27.2464,37.084],[27.2484,37.0852],[27.2491,37.087],[27.2495,37.0908],[27.2526,37.0956],[27.2578,37.0961],[27.2609,37.0955],[27.2641,37.096],[27.2682,37.0995],[27.2687,37.1005],[27.2745,37.102],[27.277,37.1036],[27.278,37.1047],[27.2804,37.1099],[27.2802,37.1109],[27.2807,37.112],[27.2803,37.113],[27.2786,37.1133],[27.2776,37.1126],[27.2766,37.1133],[27.2703,37.1102],[27.263,37.1097],[27.2599,37.1088],[27.2589,37.1078],[27.2557,37.1077],[27.2547,37.1067],[27.2555,37.1078],[27.2516,37.1093],[27.251,37.1099],[27.2512,37.1109],[27.2507,37.112],[27.2512,37.113],[27.2507,37.1141],[27.2518,37.1203],[27.2512,37.1286],[27.2516,37.1302],[27.2553,37.1349],[27.2568,37.1355],[27.2609,37.1356],[27.262,37.1362],[27.2651,37.1369],[27.2666,37.1359],[27.2678,37.1359],[27.268,37.137],[27.2693,37.1377],[27.2714,37.1422],[27.2725,37.1432],[27.2776,37.1449],[27.2807,37.145],[27.2849,37.1438],[27.2862,37.1443],[27.2863,37.1432],[27.2851,37.1422],[27.2859,37.1416],[27.287,37.1414],[27.288,37.143],[27.2887,37.1422],[27.2891,37.1401],[27.288,37.1378],[27.2867,37.137],[27.2879,37.1391],[27.287,37.1401],[27.2838,37.138],[27.2833,37.137],[27.2842,37.1359],[27.287,37.1347],[27.2882,37.1318],[27.2881,37.1297],[27.2901,37.1278],[27.2932,37.1273],[27.2953,37.1298],[27.2995,37.1311],[27.3016,37.1302],[27.3075,37.1359],[27.3076,37.138],[27.3089,37.1383],[27.3106,37.1401],[27.3182,37.1457],[27.3206,37.1484],[27.3203,37.1506],[27.3214,37.1507],[27.3217,37.1516],[27.321,37.1526],[27.3215,37.1536],[27.3192,37.1568],[27.3203,37.1573],[27.3211,37.1599],[27.3224,37.1612],[27.3276,37.1618],[27.3339,37.1605],[27.3391,37.1573],[27.3411,37.1552],[27.3443,37.1546],[27.3453,37.1553],[27.3474,37.1541],[27.3495,37.154],[27.3505,37.1519],[27.3513,37.1526],[27.352,37.1547],[27.3532,37.1557],[27.3536,37.1568],[27.3557,37.1575],[27.3574,37.1589],[27.3576,37.1609],[27.3586,37.162],[27.3586,37.163],[27.3568,37.1643],[27.3547,37.1671],[27.3526,37.1678],[27.3515,37.1724],[27.3519,37.1766],[27.3526,37.1777],[27.3547,37.1793],[27.3578,37.1794],[27.3682,37.1765],[27.3721,37.1745],[27.3745,37.1721],[27.3839,37.1682],[27.3847,37.1651],[27.3818,37.1633],[27.3786,37.1599],[27.3755,37.158],[27.3728,37.1578],[27.372,37.1568],[27.3724,37.1557],[27.3721,37.1536],[27.3725,37.1526],[27.3776,37.1527],[27.3799,37.1505],[27.3807,37.1489],[27.3818,37.1493],[27.3828,37.1489],[27.3838,37.1495],[27.384,37.1505],[27.3838,37.1516],[27.3818,37.1536],[27.3818,37.1568],[27.3828,37.1578],[27.3837,37.1578],[27.3859,37.1595],[27.387,37.1597],[27.3886,37.1578],[27.3911,37.1527],[27.3922,37.1521],[27.3926,37.1495],[27.3952,37.1453],[27.3964,37.1445],[27.3962,37.1432],[27.3998,37.1411],[27.3982,37.1391],[27.3981,37.138],[27.3953,37.1349],[27.3922,37.1329],[27.3902,37.1339],[27.388,37.1339],[27.3877,37.1318],[27.387,37.1309],[27.3859,37.1312],[27.3852,37.1307],[27.3852,37.1297],[27.3859,37.1289],[27.388,37.129],[27.3896,37.1276],[27.3897,37.1255],[27.3905,37.1245],[27.3911,37.1224],[27.3922,37.1219],[27.3932,37.1227],[27.3935,37.1245],[27.3926,37.1255],[27.3964,37.1288],[27.3984,37.1323],[27.3999,37.1339],[27.4011,37.137],[27.4016,37.1374],[27.4026,37.1365],[27.4047,37.1382],[27.4068,37.137],[27.4099,37.1375],[27.414,37.137],[27.417,37.1349],[27.4178,37.1328],[27.4224,37.1314],[27.4255,37.1309],[27.4318,37.1314],[27.4349,37.1292],[27.4386,37.1255],[27.4391,37.1226],[27.4432,37.1189],[27.4451,37.1141],[27.4447,37.112],[27.4481,37.1078],[27.4489,37.1057],[27.4485,37.1036],[27.4491,37.1026],[27.4505,37.1024],[27.4516,37.1008],[27.4547,37.0998],[27.4599,37.0995],[27.4609,37.1003],[27.4614,37.0984],[27.463,37.0967],[27.4641,37.0969],[27.4644,37.0964],[27.4651,37.0953],[27.4641,37.0943],[27.4642,37.0922],[27.4615,37.088],[27.4622,37.087],[27.463,37.0862],[27.4651,37.0868],[27.4682,37.0864],[27.4693,37.086],[27.4703,37.0847],[27.4714,37.0844],[27.4727,37.0859],[27.4722,37.088],[27.4734,37.0901],[27.4766,37.0916],[27.4807,37.0948],[27.4818,37.0948],[27.4839,37.0961],[27.4852,37.0984],[27.4853,37.0995],[27.488,37.1032],[27.4911,37.1047],[27.4961,37.1057],[27.4974,37.1065],[27.4995,37.1091],[27.5016,37.1102],[27.5057,37.1114],[27.513,37.1123],[27.5193,37.1164],[27.5214,37.1185],[27.5255,37.1204],[27.5266,37.1205],[27.5276,37.122],[27.5286,37.1224],[27.5288,37.1245],[27.5306,37.1266],[27.5318,37.1268],[27.5356,37.1297],[27.5391,37.1309],[27.5411,37.1324],[27.5443,37.1324],[27.5459,37.1339],[27.5469,37.137],[27.5478,37.138],[27.5474,37.1388],[27.5463,37.1391],[27.5485,37.1411],[27.5474,37.1441],[27.5464,37.144],[27.5456,37.1453],[27.543,37.1464],[27.5426,37.1484],[27.5411,37.1493],[27.54,37.1484],[27.5416,37.1505],[27.5401,37.1521],[27.5391,37.1525],[27.538,37.1509],[27.5383,37.1495],[27.538,37.1488],[27.535,37.1484],[27.5349,37.1467],[27.5353,37.1464],[27.5349,37.1453],[27.5355,37.1443],[27.5325,37.1391],[27.5307,37.1378],[27.5286,37.1377],[27.5276,37.137],[27.5266,37.1371],[27.5234,37.1359],[27.5224,37.1368],[27.5214,37.1358],[27.5208,37.1359],[27.5197,37.137],[27.5182,37.1403],[27.5151,37.1416],[27.5141,37.1414],[27.513,37.1429],[27.5115,37.1411],[27.511,37.1391],[27.5099,37.1382],[27.5077,37.138],[27.5078,37.1391],[27.5103,37.1411],[27.5099,37.142],[27.5089,37.142],[27.5079,37.1411],[27.5077,37.1401],[27.5057,37.1395],[27.5036,37.1379],[27.4984,37.1368],[27.4964,37.1359],[27.4943,37.137],[27.4922,37.1364],[27.488,37.1375],[27.4871,37.1391],[27.4869,37.1411],[27.4882,37.1453],[27.4915,37.1516],[27.492,37.1578],[27.4943,37.1604],[27.4984,37.1622],[27.5016,37.1628],[27.5026,37.1625],[27.5047,37.1644],[27.5047,37.1637],[27.5038,37.163],[27.5043,37.162],[27.5047,37.1617],[27.5071,37.163],[27.5064,37.162],[27.5068,37.1616],[27.5082,37.162],[27.5099,37.1637],[27.5109,37.163],[27.5141,37.1652],[27.5172,37.1647],[27.5266,37.1662],[27.5276,37.1669],[27.5286,37.167],[27.5303,37.1682],[27.5307,37.1699],[27.5318,37.1698],[27.5322,37.1703],[27.532,37.1724],[27.5334,37.1734],[27.5351,37.1766],[27.5328,37.1776],[27.5333,37.1786],[27.5323,37.1797],[27.5332,37.1818],[27.5328,37.182],[27.5318,37.1816],[27.5297,37.1836],[27.5299,37.1849],[27.5307,37.1859],[27.5306,37.187],[27.5276,37.1887],[27.5266,37.1889],[27.5255,37.1883],[27.5252,37.1891],[27.5234,37.19],[27.5229,37.1891],[27.5214,37.1886],[27.5203,37.1901],[27.5208,37.1911],[27.5203,37.192],[27.5182,37.1922],[27.516,37.1911],[27.5167,37.1932],[27.516,37.1943],[27.5164,37.1984],[27.5214,37.2003],[27.5255,37.1998],[27.5266,37.2004],[27.5276,37.1994],[27.5286,37.2009],[27.5292,37.2005],[27.5297,37.1988],[27.5328,37.1986],[27.5359,37.1973],[27.537,37.1978],[27.538,37.1976],[27.5411,37.199],[27.5422,37.1985],[27.5425,37.1995],[27.5443,37.2003],[27.5473,37.2036],[27.5495,37.2051],[27.5505,37.2075],[27.5512,37.2078],[27.5521,37.2078],[27.5519,37.2068],[27.5523,37.2057],[27.5536,37.2055],[27.5557,37.2063],[27.5568,37.2061],[27.5599,37.2077],[27.5594,37.2089],[27.5609,37.2096],[27.562,37.2109],[27.5621,37.212],[27.5632,37.213],[27.563,37.2141],[27.5651,37.2161],[27.5628,37.2193],[27.5636,37.2193],[27.5641,37.2187],[27.5678,37.2224],[27.567,37.2234],[27.5676,37.2255],[27.5667,37.2276],[27.5675,37.2286],[27.5651,37.2325],[27.5641,37.2326],[27.5601,37.2359],[27.5589,37.236],[27.5578,37.2371],[27.5577,37.2359],[27.5557,37.2347],[27.5547,37.2355],[27.5543,37.2349],[27.5516,37.2343],[27.5512,37.2349],[27.5518,37.2359],[27.5518,37.237],[27.5505,37.2367],[27.5484,37.2391],[27.5449,37.2401],[27.5441,37.2411],[27.5443,37.2434],[27.5438,37.2443],[27.5423,37.2443],[27.5413,37.2432],[27.5415,37.2422],[27.5411,37.2416],[27.5384,37.2391],[27.5386,37.238],[27.5374,37.237],[27.5381,37.2359],[27.537,37.2366],[27.5336,37.2339],[27.5349,37.2325],[27.537,37.2319],[27.5366,37.2307],[27.5371,37.2286],[27.535,37.2276],[27.5347,37.2266],[27.5331,37.2255],[27.5342,37.2245],[27.5328,37.2233],[27.5307,37.2245],[27.5301,37.2234],[27.5286,37.2232],[27.5276,37.2222],[27.5266,37.2227],[27.5193,37.2229],[27.5151,37.2226],[27.512,37.2218],[27.5109,37.2227],[27.5068,37.2209],[27.5047,37.221],[27.5036,37.2217],[27.4984,37.2181],[27.4981,37.2203],[27.4998,37.2286],[27.4963,37.2276],[27.4966,37.2318],[27.4953,37.237],[27.4964,37.2397],[27.4995,37.2417],[27.5005,37.2414],[27.5016,37.242],[27.5016,37.2436],[27.5047,37.2443],[27.5047,37.2453],[27.508,37.2484],[27.5067,37.2505],[27.5077,37.2516],[27.5075,37.2526],[27.5069,37.2536],[27.5057,37.2538],[27.5045,37.2557],[27.5051,37.2568],[27.5047,37.2594],[27.5026,37.2604],[27.5016,37.2598],[27.5003,37.2599],[27.4974,37.2614],[27.4964,37.2609],[27.4968,37.262],[27.4964,37.2624],[27.4953,37.2628],[27.4943,37.2624],[27.4932,37.2632],[27.488,37.2623],[27.4847,37.2609],[27.4831,37.2589],[27.4832,37.2568],[27.4811,37.2536],[27.4776,37.2511],[27.4682,37.2516],[27.4661,37.2505],[27.4641,37.2486],[27.4589,37.247],[27.4557,37.2474],[27.4536,37.2487],[27.4515,37.2536],[27.4514,37.2557],[27.4522,37.2589],[27.4593,37.2682],[27.462,37.2707],[27.4651,37.2724],[27.468,37.2755],[27.4679,37.2797],[27.4698,37.2839],[27.4695,37.2849],[27.4707,37.2859],[27.4721,37.2891],[27.4776,37.2924],[27.4818,37.2956],[27.4839,37.2979],[27.4852,37.3005],[27.4849,37.3016],[27.4856,37.3047],[27.4849,37.3057],[27.4866,37.3089],[27.4877,37.313],[27.4872,37.3161],[27.4862,37.3172],[27.4862,37.3193],[27.4849,37.3208],[27.4828,37.3207],[27.4818,37.3216],[27.4793,37.3214],[27.4714,37.3129],[27.4703,37.3133],[27.4682,37.3112],[27.4661,37.311],[27.4626,37.3089],[27.4599,37.3059],[27.4604,37.3047],[27.4578,37.3025],[27.4568,37.3025],[27.4557,37.3054],[27.4536,37.3048],[27.4518,37.3026],[27.4532,37.3016],[27.4526,37.3006],[27.4516,37.2999],[27.4495,37.2994],[27.4484,37.2981],[27.4464,37.3001],[27.4453,37.2994],[27.4421,37.3005],[27.4387,37.3005],[27.4359,37.2984],[27.4328,37.2977],[27.4294,37.2984],[27.4263,37.3005],[27.4245,37.301],[27.4182,37.3003],[27.4109,37.3013],[27.4083,37.3026],[27.4047,37.3057],[27.3984,37.3095],[27.3964,37.3104],[27.3932,37.3102],[27.3901,37.3134],[27.387,37.3117],[27.3859,37.3119],[27.3872,37.3141],[27.387,37.3147],[27.3849,37.3145],[27.3842,37.3151],[27.3842,37.3224],[27.3839,37.3234],[27.3828,37.3236],[27.3814,37.3318],[27.3786,37.3373],[27.3734,37.3371],[27.3724,37.338],[27.3703,37.3386],[27.3674,37.338],[27.3661,37.3399],[27.3651,37.3399],[27.3641,37.339],[27.363,37.3394],[27.3613,37.338],[27.3589,37.3348],[27.3568,37.3362],[27.3557,37.3357],[27.3536,37.336],[27.3495,37.3354],[27.3485,37.3349],[27.3518,37.3339],[27.3484,37.3332],[27.3479,37.3328],[27.3486,37.3318],[27.3464,37.3311],[27.3444,37.3297],[27.3398,37.3224],[27.3359,37.3205],[27.3339,37.3187],[27.3297,37.3169],[27.3255,37.3169],[27.3203,37.3158],[27.3193,37.3163],[27.3172,37.3164],[27.316,37.3172],[27.3161,37.3182],[27.3187,37.3234],[27.3197,37.3276],[27.3172,37.3304],[27.3161,37.3304],[27.3151,37.3312],[27.313,37.3314],[27.3109,37.3327],[27.3083,37.3391],[27.3048,37.3432],[27.3036,37.3436],[27.3026,37.3449],[27.2995,37.3445],[27.2984,37.3435],[27.2974,37.3436],[27.2964,37.345],[27.2859,37.3483],[27.2839,37.347],[27.2828,37.3476],[27.2724,37.3407],[27.2707,37.338],[27.2701,37.3349],[27.268,37.3318],[27.2651,37.33],[27.2609,37.3294],[27.2587,37.3297],[27.2526,37.3319],[27.237,37.334],[27.2339,37.3351],[27.2297,37.3383],[27.2255,37.3403],[27.2234,37.3407],[27.2203,37.3403],[27.2161,37.3411],[27.212,37.3426],[27.2089,37.3451],[27.2058,37.3464],[27.2047,37.3461],[27.1964,37.347],[27.1911,37.3503],[27.1892,37.3526],[27.1898,37.3568],[27.1922,37.3597],[27.1981,37.363],[27.2005,37.3661],[27.2008,37.3682],[27.2004,37.3703],[27.2011,37.3724],[27.2052,37.3786],[27.2055,37.3807],[27.208,37.3859],[27.208,37.3891],[27.2066,37.3932],[27.2067,37.3974],[27.2073,37.3995],[27.2123,37.4047],[27.213,37.4062],[27.2142,37.4068],[27.2141,37.4078],[27.2159,37.4078],[27.2155,37.4089],[27.2163,37.4109],[27.2158,37.412],[27.2141,37.4133],[27.213,37.4128],[27.2126,37.413],[27.2131,37.4161],[27.2125,37.4172],[27.2131,37.4203],[27.2161,37.4245],[27.2163,37.4255],[27.2166,37.4318],[27.2159,37.4359],[27.2172,37.4443],[27.2169,37.4464],[27.215,37.4526],[27.2132,37.4547],[27.2136,37.4557],[27.2128,37.4578],[27.212,37.4586],[27.2109,37.4577],[27.2119,37.4589],[27.2118,37.4599],[27.2109,37.4606],[27.2099,37.4607],[27.2068,37.4577],[27.2059,37.4578],[27.2057,37.4597],[27.2047,37.46],[27.2026,37.4624],[27.1984,37.4639],[27.1911,37.4676],[27.1839,37.4704],[27.1807,37.4723],[27.1799,37.4734],[27.1782,37.4786],[27.1771,37.4859],[27.1787,37.5026],[27.1786,37.5068],[27.1771,37.513],[27.1771,37.5151],[27.1759,37.5182],[27.1734,37.5223],[27.1672,37.5297],[27.1658,37.5307],[27.1641,37.5349],[27.1642,37.5359],[27.1602,37.5453],[27.1591,37.5505],[27.1569,37.5536],[27.157,37.5547],[27.1547,37.559],[27.1505,37.5635],[27.1474,37.5646],[27.1443,37.5642],[27.1427,37.5661],[27.1426,37.5682],[27.1432,37.5691],[27.1443,37.5692],[27.1454,37.5703],[27.1465,37.5724],[27.1464,37.5734],[27.1501,37.5786],[27.1471,37.5818],[27.1471,37.5839],[27.1455,37.588],[27.1434,37.5922],[27.1359,37.6034],[27.1332,37.6089],[27.1322,37.612],[27.1322,37.6151],[27.1318,37.6157],[27.1306,37.6151],[27.1304,37.6161],[27.1318,37.6178],[27.1318,37.6188],[27.1293,37.6193],[27.1255,37.6234],[27.1234,37.625],[27.1203,37.6255],[27.1193,37.6248],[27.1182,37.6248],[27.1172,37.6257],[27.1161,37.6256],[27.1151,37.6264],[27.1099,37.628],[27.1036,37.6288],[27.0985,37.6328],[27.0943,37.6352],[27.0922,37.6357],[27.0786,37.6361],[27.0724,37.6378],[27.0661,37.637],[27.0568,37.6372],[27.0505,37.6398],[27.0464,37.6405],[27.042,37.6422],[27.0391,37.6427],[27.0349,37.6445],[27.0307,37.6454],[27.0263,37.6453],[27.0234,37.6445],[27.0141,37.6446],[27.0078,37.6469],[27.0057,37.6456],[27.0005,37.6458]],[[27.3672,37.2773],[27.3651,37.277],[27.3625,37.2776],[27.3616,37.2786],[27.3612,37.2807],[27.3617,37.2828],[27.3641,37.2863],[27.3696,37.2891],[27.3724,37.292],[27.3734,37.292],[27.3741,37.2849],[27.3735,37.2818],[27.3714,37.2793]],[[27.0953,37.2713],[27.0911,37.2709],[27.0849,37.2718],[27.081,37.2745],[27.0783,37.2786],[27.0786,37.2843],[27.0766,37.2865],[27.076,37.288],[27.0776,37.2981],[27.0818,37.3024],[27.0828,37.3029],[27.0839,37.3028],[27.0835,37.3057],[27.0849,37.3075],[27.0891,37.3094],[27.0922,37.3094],[27.0943,37.3085],[27.097,37.3057],[27.1005,37.3054],[27.1016,37.3047],[27.1032,37.3026],[27.1032,37.2995],[27.1006,37.2953],[27.1004,37.2943],[27.0992,37.2932],[27.0987,37.2911],[27.1005,37.2871],[27.1016,37.2859],[27.1036,37.2852],[27.1063,37.2818],[27.1062,37.2776],[27.1036,37.2748]],[[27.3932,37.2504],[27.3911,37.2509],[27.3905,37.2516],[27.3907,37.2526],[27.3922,37.2534],[27.3943,37.253],[27.3949,37.2516]],[[27.2901,37.142],[27.2896,37.1422],[27.2901,37.1443]],[[27.4755,37.1141],[27.4735,37.1141],[27.4735,37.1151],[27.4703,37.1148],[27.4672,37.1165],[27.4661,37.1164],[27.466,37.1172],[27.4666,37.1182],[27.4668,37.1203],[27.468,37.1224],[27.4695,37.1234],[27.4714,37.1257],[27.4734,37.1269],[27.4752,37.1297],[27.4776,37.1318],[27.4807,37.1331],[27.4839,37.1335],[27.4849,37.1332],[27.4863,37.1318],[27.4857,37.1307],[27.4862,37.1276],[27.4856,37.1245],[27.477,37.1172],[27.477,37.1161]],[[27.0682,37.0785],[27.0651,37.0792],[27.0638,37.0807],[27.0639,37.0859],[27.0651,37.0871],[27.0674,37.087],[27.0718,37.0828],[27.0718,37.0807],[27.0714,37.0801]],[[27.213,37.0775],[27.212,37.0779],[27.2109,37.077],[27.2078,37.0772],[27.2049,37.0786],[27.2032,37.0807],[27.2033,37.0849],[27.2089,37.0914],[27.2161,37.092],[27.2172,37.0913],[27.2175,37.0901],[27.2216,37.0849],[27.2173,37.0797],[27.2161,37.0795],[27.2154,37.0786],[27.2141,37.0784]],[[27.0839,37.0492],[27.0818,37.049],[27.0793,37.0495],[27.0783,37.0505],[27.0773,37.0536],[27.0758,37.0557],[27.0734,37.0566],[27.0703,37.059],[27.0689,37.062],[27.0691,37.0641],[27.0701,37.0651],[27.0724,37.0659],[27.0734,37.0657],[27.0766,37.0677],[27.0797,37.0685],[27.0859,37.0688],[27.0911,37.0675],[27.0943,37.0662],[27.0995,37.0654],[27.1047,37.0623],[27.1089,37.0612],[27.1101,37.0599],[27.1101,37.0557],[27.1089,37.0544],[27.1016,37.0537],[27.1005,37.0532],[27.0964,37.0529],[27.0932,37.052],[27.0891,37.052]],[[27.1484,37.0439],[27.1464,37.0437],[27.1439,37.0443],[27.1431,37.0453],[27.1429,37.0464],[27.1431,37.0495],[27.1443,37.0507],[27.1484,37.052],[27.1526,37.0519],[27.1539,37.0505],[27.154,37.0484],[27.1523,37.0464]],[[27.2068,37.0438],[27.2047,37.0435],[27.1996,37.0443],[27.1961,37.0474],[27.1964,37.05],[27.1978,37.0516],[27.2005,37.0528],[27.2047,37.0531],[27.2067,37.0526],[27.2074,37.0505],[27.2076,37.0464],[27.2081,37.0453]],[[27.1839,37.0014],[27.1807,37.0011],[27.1787,37.0026],[27.1782,37.0057],[27.1784,37.0068],[27.1793,37.0078],[27.1828,37.0084],[27.1863,37.0078],[27.1864,37.0057],[27.187,37.0047],[27.1867,37.0036]],[[27.3691,37.0005],[27.3708,37.0016],[27.3717,37.0057],[27.3744,37.012],[27.3744,37.013],[27.3732,37.0141],[27.3724,37.0167],[27.3682,37.016],[27.3672,37.0152],[27.3641,37.0155],[27.362,37.0152],[27.3589,37.0175],[27.3547,37.0153],[27.3526,37.0155],[27.3484,37.0149],[27.3464,37.0153],[27.3432,37.0151],[27.3359,37.0105],[27.3345,37.0089],[27.3342,37.0078],[27.3345,37.0068],[27.3359,37.0057],[27.3411,37.0059]],[[27.363,37.0023],[27.3589,37.0025],[27.3546,37.0047],[27.355,37.0057],[27.3538,37.0078],[27.3536,37.0113],[27.3525,37.012],[27.3536,37.0132],[27.3557,37.0137],[27.3599,37.013],[27.3609,37.0135],[27.363,37.0122],[27.365,37.012],[27.3664,37.0089],[27.366,37.0068]],[[27.4597,37.0005],[27.4568,37.0029],[27.4526,37.0043],[27.4505,37.0057],[27.4476,37.0099],[27.4471,37.012],[27.446,37.013],[27.4459,37.0141],[27.4443,37.0152],[27.4395,37.0172],[27.437,37.0199],[27.4346,37.0214],[27.4328,37.0243],[27.4318,37.0248],[27.4307,37.0263],[27.4297,37.0265],[27.4266,37.026],[27.4245,37.0249],[27.4242,37.0245],[27.4247,37.0224],[27.4224,37.0182],[27.4214,37.0183],[27.4193,37.0173],[27.4161,37.0142],[27.4141,37.0132],[27.4099,37.0132],[27.4078,37.0147],[27.4068,37.0145],[27.4057,37.0153],[27.4047,37.0139],[27.404,37.0141],[27.4036,37.0153],[27.4026,37.0144],[27.4016,37.0145],[27.3992,37.0151],[27.3984,37.0162],[27.3974,37.016],[27.3947,37.013],[27.3952,37.0078],[27.3951,37.0068],[27.394,37.0057],[27.3945,37.0047],[27.3929,37.0036],[27.3913,37.0005]],[[27.6907,37.0005],[27.689,37.0005]],[[27.9995,37.0224],[27.9953,37.0243],[27.9943,37.0255],[27.9932,37.0245],[27.9911,37.0238],[27.9797,37.0253],[27.9786,37.0249],[27.9766,37.0227],[27.9726,37.0203],[27.9723,37.0193],[27.9703,37.0177],[27.9661,37.0164],[27.962,37.0159],[27.9578,37.0144],[27.9526,37.0134],[27.9474,37.0133],[27.9432,37.0136],[27.9411,37.0146],[27.9339,37.0224],[27.9307,37.0239],[27.9297,37.0234],[27.9295,37.0245],[27.9276,37.0251],[27.9245,37.025],[27.9214,37.0241],[27.9141,37.0207],[27.9078,37.0198],[27.9047,37.02],[27.9016,37.0217],[27.8974,37.0223],[27.8953,37.0242],[27.8941,37.0245],[27.8936,37.0255],[27.891,37.0255],[27.8891,37.0243],[27.8849,37.0235],[27.8828,37.0222],[27.8797,37.022],[27.8786,37.0213],[27.8755,37.021],[27.8745,37.0203],[27.8714,37.02],[27.8672,37.0182],[27.8651,37.018],[27.8641,37.0172],[27.8568,37.0172],[27.8547,37.0169],[27.8536,37.0161],[27.8484,37.0155],[27.8453,37.0157],[27.8432,37.0147],[27.838,37.0099],[27.8359,37.0089],[27.8297,37.0089],[27.8277,37.0099],[27.8234,37.0096],[27.8203,37.0078],[27.8193,37.0078],[27.8193,37.0068],[27.8175,37.0047],[27.8172,37.0036],[27.8151,37.0016],[27.8131,37.0005]]]}},{"type":"Feature","properties":{"depth":10,"kind":"band"},"geometry":{"type":"MultiPolygon","coordinates":[[[[27.2506,37.8703],[27.2526,37.8709],[27.2549,37.8734],[27.2536,37.8743],[27.2529,37.8734],[27.2516,37.8731],[27.2502,37.8714],[27.2506,37.8703]]],[[[27.0328,37.7484],[27.0328,37.749],[27.0318,37.7484],[27.0328,37.7481],[27.0328,37.7484]]],[[[27.0522,37.7068],[27.0516,37.7078],[27.0513,37.7068],[27.0522,37.7068]]],[[[27.0139,37.7016],[27.0129,37.7016],[27.013,37.7007],[27.0139,37.7016]]],[[[27.025,37.6943],[27.0245,37.6948],[27.0243,37.6943],[27.025,37.6943]]],[[[27.1008,37.6839],[27.1161,37.6877],[27.1234,37.6914],[27.137,37.6931],[27.1484,37.6953],[27.154,37.6995],[27.1578,37.7008],[27.1651,37.7026],[27.1693,37.7022],[27.1714,37.7025],[27.1789,37.7047],[27.1828,37.7066],[27.1891,37.7079],[27.1922,37.7097],[27.1984,37.712],[27.2005,37.7125],[27.2047,37.7125],[27.2078,37.7134],[27.213,37.7164],[27.2214,37.723],[27.2276,37.7256],[27.2318,37.7283],[27.2391,37.7355],[27.2444,37.7422],[27.2474,37.7495],[27.2505,37.7539],[27.2561,37.7682],[27.2592,37.7818],[27.2619,37.7901],[27.263,37.7964],[27.2635,37.7995],[27.2629,37.8005],[27.2635,37.8016],[27.2628,37.8047],[27.263,37.8089],[27.262,37.8118],[27.2564,37.8172],[27.2495,37.8184],[27.2432,37.82],[27.2411,37.8212],[27.2352,37.8297],[27.2314,37.8391],[27.2297,37.8464],[27.2306,37.8495],[27.2321,37.8516],[27.2329,37.8536],[27.2319,37.8651],[27.2327,37.8661],[27.2339,37.8667],[27.2391,37.8674],[27.2401,37.867],[27.2411,37.8677],[27.2422,37.8676],[27.2432,37.8682],[27.2464,37.8688],[27.2474,37.8709],[27.2484,37.8718],[27.2495,37.8719],[27.2516,37.8738],[27.2526,37.8737],[27.2544,37.8755],[27.2566,37.8766],[27.2589,37.8785],[27.2592,37.8797],[27.2589,37.8805],[27.2578,37.8807],[27.2589,37.881],[27.2592,37.8828],[27.2575,37.8839],[27.2578,37.8851],[27.2589,37.8859],[27.2587,37.887],[27.2595,37.888],[27.2602,37.8953],[27.2622,37.8984],[27.2621,37.8995],[27.2617,37.9005],[27.2593,37.9026],[27.2579,37.9057],[27.2567,37.9099],[27.2565,37.913],[27.262,37.9244],[27.263,37.9292],[27.2641,37.9313],[27.2669,37.9328],[27.2672,37.9336],[27.2688,37.9349],[27.2684,37.938],[27.2676,37.9391],[27.2674,37.9411],[27.2665,37.9432],[27.2632,37.9484],[27.262,37.949],[27.2606,37.9505],[27.2596,37.9526],[27.2539,37.9599],[27.253,37.962],[27.2518,37.963],[27.2516,37.9644],[27.2504,37.9651],[27.25,37.9661],[27.2474,37.9693],[27.2443,37.9714],[27.2422,37.9717],[27.2401,37.9727],[27.2359,37.976],[27.2339,37.9767],[27.2328,37.9764],[27.2224,37.9816],[27.2151,37.984],[27.2141,37.9837],[27.213,37.9845],[27.2089,37.9846],[27.2057,37.983],[27.1891,37.983],[27.1839,37.9804],[27.1682,37.9758],[27.1645,37.9766],[27.1555,37.9797],[27.1526,37.98],[27.1484,37.9788],[27.1443,37.9791],[27.1411,37.9795],[27.137,37.9809],[27.1349,37.9825],[27.1318,37.9823],[27.1297,37.9828],[27.1278,37.9839],[27.1245,37.987],[27.1203,37.9871],[27.1172,37.9886],[27.1141,37.9928],[27.1089,37.9973],[27.1068,38],[27.0005,38],[27,37.9995],[27,37.8005],[27.0016,37.8002],[27.0039,37.7984],[27.0038,37.7964],[27.0026,37.7943],[27.0016,37.7939],[27.0005,37.7945],[27,37.7943],[27,37.7786],[27.013,37.7786],[27.0141,37.7776],[27.0161,37.7776],[27.0172,37.7786],[27.0193,37.7791],[27.0214,37.7787],[27.0224,37.7776],[27.0266,37.7778],[27.0318,37.7767],[27.037,37.7774],[27.0443,37.7801],[27.0599,37.7826],[27.0661,37.781],[27.0661,37.7797],[27.0672,37.7797],[27.0683,37.7807],[27.0693,37.7797],[27.0682,37.7786],[27.0698,37.7766],[27.0714,37.7755],[27.0693,37.773],[27.0661,37.7716],[27.0619,37.7682],[27.0589,37.7668],[27.0568,37.7665],[27.0523,37.7641],[27.0495,37.7596],[27.0484,37.7602],[27.0464,37.7588],[27.0469,37.7599],[27.0467,37.7609],[27.0457,37.7609],[27.0401,37.7591],[27.038,37.7592],[27.037,37.7584],[27.0358,37.7589],[27.0354,37.7599],[27.038,37.7611],[27.038,37.762],[27.0336,37.762],[27.0328,37.7612],[27.0307,37.761],[27.0307,37.7599],[27.0332,37.7578],[27.0328,37.757],[27.0318,37.7571],[27.0307,37.7566],[27.0297,37.758],[27.0286,37.757],[27.0275,37.7568],[27.0286,37.7568],[27.0297,37.7557],[27.0297,37.7547],[27.0286,37.7529],[27.0264,37.7526],[27.0262,37.7516],[27.0276,37.7516],[27.0286,37.7505],[27.0297,37.7516],[27.0307,37.7511],[27.0318,37.7514],[27.0328,37.7505],[27.0339,37.7511],[27.0349,37.7506],[27.0349,37.7495],[27.0356,37.7484],[27.0336,37.7474],[27.034,37.7464],[27.037,37.7464],[27.0391,37.7447],[27.0432,37.7443],[27.0453,37.7422],[27.0453,37.7411],[27.0464,37.7409],[27.0471,37.7401],[27.0466,37.738],[27.0453,37.7372],[27.0443,37.7377],[27.0432,37.7391],[27.0422,37.7391],[27.0422,37.738],[27.043,37.737],[27.0422,37.7362],[27.041,37.7359],[27.0391,37.7339],[27.038,37.7339],[27.0373,37.7307],[27.0401,37.7287],[27.0411,37.7286],[27.0418,37.7297],[27.0422,37.7318],[27.0464,37.7335],[27.0474,37.7344],[27.0495,37.734],[27.0496,37.7328],[27.0536,37.7318],[27.0568,37.732],[27.0599,37.7315],[27.0609,37.7325],[27.062,37.7313],[27.0661,37.7302],[27.0693,37.7282],[27.0727,37.7203],[27.0729,37.7161],[27.0724,37.7147],[27.0714,37.7137],[27.0672,37.7141],[27.0693,37.712],[27.0693,37.7109],[27.0708,37.7099],[27.0709,37.7089],[27.0702,37.7078],[27.0711,37.7057],[27.0699,37.7057],[27.0702,37.7068],[27.0693,37.7073],[27.0682,37.7066],[27.0661,37.7068],[27.0641,37.7062],[27.0633,37.7068],[27.063,37.7078],[27.0599,37.7078],[27.0589,37.7082],[27.0578,37.7064],[27.0568,37.7078],[27.0581,37.7089],[27.0561,37.7099],[27.0557,37.7109],[27.0536,37.7099],[27.0526,37.7099],[27.0526,37.7089],[27.0536,37.7078],[27.0532,37.7068],[27.0537,37.7047],[27.0516,37.703],[27.0505,37.7034],[27.0495,37.7047],[27.0474,37.7049],[27.0456,37.7068],[27.0453,37.7078],[27.0443,37.7085],[27.0401,37.7068],[27.0391,37.7055],[27.0391,37.7047],[27.0409,37.7036],[27.0414,37.7016],[27.0391,37.6997],[27.038,37.7],[27.037,37.6994],[27.0363,37.7005],[27.0339,37.7002],[27.0332,37.7005],[27.0336,37.7026],[27.0349,37.7036],[27.0349,37.7047],[27.0339,37.7057],[27.0328,37.705],[27.0318,37.705],[27.0307,37.704],[27.0286,37.7036],[27.0276,37.7018],[27.0266,37.7011],[27.0262,37.7016],[27.0266,37.7036],[27.0245,37.7036],[27.0234,37.705],[27.0224,37.7054],[27.0203,37.7053],[27.0193,37.7046],[27.0193,37.7036],[27.0161,37.7005],[27.0151,37.7014],[27.0141,37.7015],[27.0131,37.7005],[27.0161,37.6985],[27.0172,37.6987],[27.0182,37.6981],[27.0193,37.6989],[27.0214,37.6992],[27.0224,37.6977],[27.0234,37.6979],[27.0237,37.6974],[27.0231,37.6964],[27.0234,37.695],[27.0245,37.6956],[27.0255,37.6944],[27.0286,37.6938],[27.0297,37.6927],[27.0318,37.6925],[27.0328,37.6932],[27.0339,37.6925],[27.037,37.6922],[27.038,37.6913],[27.0391,37.6913],[27.0411,37.6896],[27.0422,37.6895],[27.0432,37.6902],[27.0453,37.6882],[27.0474,37.6877],[27.0516,37.685],[27.0589,37.6863],[27.063,37.6883],[27.0661,37.689],[27.0734,37.6871],[27.0776,37.6871],[27.0818,37.686],[27.0859,37.6856],[27.0911,37.6837],[27.1008,37.6839]],[[27.0328,37.752],[27.0325,37.7526],[27.0328,37.7528],[27.0333,37.7526],[27.0328,37.752]]],[[[27.0025,37.6766],[27.0045,37.6786],[27.0043,37.6797],[27.006,37.6839],[27.0045,37.6859],[27.0057,37.6855],[27.0063,37.6859],[27.006,37.688],[27.0066,37.6891],[27.0073,37.6922],[27.0063,37.6943],[27.0079,37.6953],[27.0068,37.6959],[27.0057,37.6954],[27.0047,37.6964],[27.0046,37.6953],[27.0036,37.6951],[27.0029,37.6943],[27.0039,37.6932],[27.0036,37.693],[27.0005,37.6951],[27,37.6943],[27,37.6776],[27.0005,37.6767],[27.0016,37.6761],[27.0025,37.6766]]],[[[27.0012,37.6755],[27.0005,37.6764],[27,37.6755],[27.0005,37.6748],[27.0012,37.6755]]],[[[27.0019,37.6745],[27.0016,37.6749],[27.0011,37.6745],[27.0016,37.6741],[27.0019,37.6745]]],[[[27.0006,37.6734],[27,37.6734],[27.0005,37.6731],[27.0006,37.6734]]],[[[27.1871,37.587],[27.1867,37.587],[27.187,37.5865],[27.1871,37.587]]],[[[27.177,37.5839],[27.1766,37.5845],[27.1762,37.5839],[27.1766,37.5835],[27.177,37.5839]]],[[[27.1873,37.5818],[27.187,37.5822],[27.1861,37.5818],[27.187,37.5809],[27.1873,37.5818]]],[[[27.1853,37.5797],[27.1858,37.5818],[27.1873,37.5839],[27.1868,37.5859],[27.1851,37.587],[27.185,37.5901],[27.1842,37.5911],[27.1845,37.5932],[27.1839,37.5937],[27.1828,37.593],[27.1807,37.594],[27.1803,37.5964],[27.1819,37.5974],[27.1807,37.5981],[27.1797,37.5975],[27.1792,37.5984],[27.1797,37.5997],[27.1786,37.5999],[27.1776,37.6009],[27.1766,37.601],[27.1755,37.602],[27.1751,37.6026],[27.1755,37.6041],[27.1739,37.6068],[27.1717,37.6078],[27.1682,37.6105],[27.1609,37.6132],[27.1557,37.6136],[27.1526,37.6131],[27.1494,37.6109],[27.1491,37.6089],[27.1511,37.6036],[27.1601,37.5943],[27.1609,37.5937],[27.162,37.5937],[27.1633,37.5922],[27.1632,37.5911],[27.1641,37.5898],[27.1672,37.5901],[27.1672,37.588],[27.1693,37.5881],[27.1714,37.5862],[27.1724,37.5863],[27.1734,37.5853],[27.1766,37.5854],[27.1776,37.5842],[27.1797,37.5841],[27.1828,37.585],[27.1823,37.5839],[27.1828,37.5812],[27.1849,37.5794],[27.1853,37.5797]]],[[[27.2134,37.5693],[27.212,37.5704],[27.212,37.5691],[27.213,37.5688],[27.2134,37.5693]]],[[[27.0034,37.4693],[27.0047,37.4696],[27.0066,37.4714],[27.0059,37.4724],[27.0036,37.4739],[27,37.4734],[27,37.4703],[27.0005,37.4695],[27.0016,37.469],[27.0034,37.4693]]],[[[27.2089,37.4578],[27.2092,37.4589],[27.2089,37.4589],[27.2076,37.4578],[27.2078,37.457],[27.2089,37.4578]]],[[[27.4121,37.3943],[27.413,37.3948],[27.4135,37.3964],[27.413,37.3973],[27.412,37.3977],[27.4106,37.3964],[27.4121,37.3943]]],[[[27.3913,37.3755],[27.3902,37.3755],[27.3911,37.3752],[27.3913,37.3755]]],[[[27.3819,37.3661],[27.3847,37.3682],[27.3847,37.3703],[27.3859,37.3719],[27.388,37.372],[27.3886,37.3724],[27.388,37.3729],[27.388,37.3736],[27.3891,37.3735],[27.3906,37.3745],[27.39,37.3755],[27.3906,37.3776],[27.3923,37.3797],[27.3907,37.3807],[27.3902,37.3849],[27.387,37.3886],[27.3859,37.3908],[27.3849,37.3915],[27.3839,37.3916],[27.3828,37.3905],[27.3818,37.3914],[27.3787,37.3891],[27.3786,37.3879],[27.3762,37.3859],[27.3756,37.3849],[27.3755,37.3828],[27.3731,37.3807],[27.3712,37.3755],[27.3713,37.3745],[27.3734,37.3703],[27.3755,37.368],[27.3797,37.3658],[27.3819,37.3661]]],[[[27.3137,37.3255],[27.313,37.326],[27.3125,37.3255],[27.313,37.3248],[27.3137,37.3255]]],[[[27.3785,37.2974],[27.3774,37.2974],[27.3776,37.2971],[27.3785,37.2974]]],[[[27.3774,37.2964],[27.3766,37.297],[27.376,37.2964],[27.3766,37.2956],[27.3774,37.2964]]],[[[27.3786,37.2953],[27.3776,37.2959],[27.3771,37.2953],[27.3776,37.2949],[27.3786,37.2953]]],[[[27.376,37.2943],[27.3762,37.2953],[27.3755,37.2959],[27.3748,37.2943],[27.3755,37.2939],[27.376,37.2943]]],[[[27.3746,37.2932],[27.3745,37.2936],[27.3745,37.2929],[27.3746,37.2932]]],[[[27.5044,37.2495],[27.5036,37.2501],[27.5028,37.2495],[27.5036,37.249],[27.5044,37.2495]]],[[[27.5552,37.2443],[27.5547,37.2447],[27.5547,37.2436],[27.5552,37.2443]]],[[[27.5542,37.2339],[27.5533,37.2339],[27.5536,37.2328],[27.5542,37.2339]]],[[[27.5795,37.2328],[27.5818,37.2343],[27.5831,37.2359],[27.5865,37.2443],[27.587,37.245],[27.5881,37.2453],[27.5879,37.2464],[27.5922,37.2487],[27.5943,37.2535],[27.5965,37.2557],[27.5966,37.2589],[27.5971,37.2599],[27.5964,37.2641],[27.5922,37.265],[27.5891,37.264],[27.5859,37.2636],[27.5849,37.264],[27.5839,37.2631],[27.5828,37.2632],[27.5807,37.2641],[27.579,37.2641],[27.5776,37.2656],[27.5755,37.2651],[27.5745,37.2668],[27.5724,37.2669],[27.5714,37.2687],[27.5693,37.27],[27.5661,37.2709],[27.562,37.2704],[27.5557,37.2656],[27.5541,37.2641],[27.5536,37.2629],[27.5495,37.2594],[27.549,37.2589],[27.5486,37.2557],[27.5502,37.2547],[27.5536,37.2547],[27.5547,37.2536],[27.5547,37.2526],[27.5557,37.2526],[27.5578,37.2505],[27.5583,37.2505],[27.5589,37.2516],[27.5578,37.2526],[27.5578,37.2557],[27.5589,37.2571],[27.562,37.2581],[27.5641,37.2572],[27.5651,37.2572],[27.566,37.2557],[27.5673,37.2547],[27.5682,37.251],[27.5693,37.2499],[27.5704,37.2505],[27.5701,37.2484],[27.5709,37.2474],[27.5692,37.2443],[27.5689,37.2401],[27.5688,37.2391],[27.5703,37.2356],[27.5734,37.2335],[27.5745,37.2322],[27.5766,37.2324],[27.5776,37.2318],[27.5795,37.2328]]],[[[27.5267,37.2026],[27.5266,37.203],[27.5262,37.2026],[27.5267,37.2026]]],[[[27.5315,37.2026],[27.5307,37.2029],[27.5307,37.2019],[27.5315,37.2026]]],[[[27.5423,37.2026],[27.5422,37.2029],[27.5415,37.2026],[27.5423,37.2026]]],[[[27.5311,37.1797],[27.5307,37.1801],[27.5298,37.1797],[27.5307,37.1792],[27.5311,37.1797]]],[[[27.3742,37.1547],[27.3734,37.1556],[27.3734,37.1541],[27.3742,37.1547]]],[[[27.3736,37.1526],[27.3734,37.1533],[27.3733,37.1526],[27.3736,37.1526]]],[[[27.3815,37.1505],[27.3826,37.1516],[27.3815,37.1547],[27.3816,37.1568],[27.3841,37.1589],[27.384,37.1609],[27.3859,37.1634],[27.3873,37.1641],[27.387,37.1643],[27.3849,37.1642],[27.3828,37.1631],[27.3735,37.1557],[27.3758,37.1536],[27.3776,37.1532],[27.3807,37.1503],[27.3815,37.1505]]],[[[27.5401,37.1495],[27.5405,37.1505],[27.5391,37.1513],[27.5387,37.1505],[27.5391,37.1497],[27.5401,37.1495]]],[[[27.5362,37.1484],[27.5357,37.1484],[27.5359,37.1479],[27.5362,37.1484]]],[[[27.2889,37.1443],[27.288,37.1453],[27.2875,37.1443],[27.288,37.1438],[27.2889,37.1443]]],[[[27.5078,37.1391],[27.5078,37.1396],[27.5072,37.1391],[27.5078,37.1386],[27.5078,37.1391]]],[[[27.3896,37.1339],[27.3885,37.1339],[27.3891,37.1328],[27.3896,37.1339]]],[[[27.3969,37.1328],[27.3964,37.1335],[27.3955,37.1328],[27.3964,37.132],[27.3969,37.1328]]],[[[27.5215,37.1193],[27.5214,37.1196],[27.5211,37.1193],[27.5215,37.1193]]],[[[27.2226,37.0807],[27.2214,37.0811],[27.221,37.0807],[27.2214,37.0801],[27.2226,37.0807]]],[[[27.2212,37.0797],[27.2203,37.0803],[27.2197,37.0797],[27.2203,37.0787],[27.2212,37.0797]]],[[[27.2312,37.0495],[27.2304,37.0505],[27.2287,37.0505],[27.2297,37.0485],[27.2312,37.0495]]],[[[27.3968,37.0141],[27.3962,37.0141],[27.3964,37.0136],[27.3968,37.0141]]],[[[27.006,37.0057],[27.0057,37.0058],[27.0057,37.0053],[27.006,37.0057]]],[[[27.1871,37.0057],[27.187,37.006],[27.187,37.0054],[27.1871,37.0057]]],[[[27.205,37.0047],[27.2047,37.005],[27.2042,37.0047],[27.205,37.0047]]],[[[27.2462,37.0005],[27.2463,37.0016],[27.2446,37.0078],[27.2404,37.0172],[27.2372,37.0224],[27.2371,37.0234],[27.2359,37.0235],[27.2345,37.0276],[27.233,37.0286],[27.2283,37.0339],[27.2266,37.035],[27.2244,37.0391],[27.2249,37.0411],[27.2257,37.0422],[27.227,37.0484],[27.228,37.0495],[27.2274,37.0505],[27.2266,37.0508],[27.2255,37.0504],[27.2243,37.0516],[27.2224,37.0558],[27.2221,37.0589],[27.2251,37.0682],[27.2242,37.0693],[27.2266,37.0732],[27.228,37.0734],[27.2265,37.0766],[27.2234,37.08],[27.2224,37.0784],[27.2214,37.0795],[27.2203,37.0786],[27.2193,37.0789],[27.2182,37.0776],[27.2099,37.0754],[27.2036,37.0783],[27.2022,37.0807],[27.2019,37.0828],[27.2029,37.0859],[27.2073,37.0911],[27.2089,37.0921],[27.2172,37.0929],[27.2182,37.0906],[27.2224,37.0899],[27.2245,37.0909],[27.2255,37.0906],[27.2276,37.0911],[27.2328,37.0932],[27.237,37.0938],[27.2411,37.0974],[27.2419,37.0932],[27.2422,37.0929],[27.2432,37.0936],[27.2434,37.0922],[27.2452,37.0901],[27.2458,37.088],[27.2457,37.0859],[27.2464,37.0853],[27.2474,37.0855],[27.2483,37.087],[27.248,37.088],[27.2487,37.0901],[27.2481,37.0922],[27.2504,37.0943],[27.2526,37.0974],[27.2547,37.0969],[27.2568,37.0974],[27.2578,37.0969],[27.263,37.0971],[27.2651,37.0984],[27.2682,37.1015],[27.2734,37.1027],[27.2755,37.1041],[27.2773,37.1068],[27.2776,37.1112],[27.2755,37.1109],[27.2703,37.1089],[27.2693,37.1093],[27.2682,37.1087],[27.2651,37.1087],[27.262,37.1078],[27.2589,37.1078],[27.2578,37.1072],[27.2557,37.1071],[27.2536,37.1055],[27.2526,37.1057],[27.2538,37.1068],[27.2535,37.1078],[27.2505,37.1093],[27.2495,37.112],[27.2489,37.1109],[27.248,37.1109],[27.2495,37.112],[27.2508,37.1182],[27.2509,37.1234],[27.2502,37.1266],[27.2506,37.1297],[27.2547,37.1353],[27.2568,37.1365],[27.2599,37.1366],[27.2657,37.138],[27.2682,37.1395],[27.2711,37.1432],[27.2734,37.1448],[27.2776,37.146],[27.2807,37.1461],[27.2828,37.1454],[27.288,37.1453],[27.2906,37.1443],[27.2911,37.1432],[27.2899,37.1411],[27.2899,37.1401],[27.2891,37.1384],[27.2879,37.137],[27.2886,37.1339],[27.2899,37.1318],[27.2904,37.1297],[27.2911,37.1291],[27.2922,37.1291],[27.2941,37.1307],[27.2943,37.1315],[27.2984,37.1322],[27.2995,37.133],[27.3016,37.1325],[27.3041,37.1349],[27.3043,37.137],[27.3051,37.138],[27.3057,37.1386],[27.308,37.1391],[27.3078,37.1394],[27.3068,37.1392],[27.3065,37.1401],[27.3089,37.1406],[27.312,37.1423],[27.3172,37.1466],[27.3193,37.1502],[27.319,37.1516],[27.3205,37.1536],[27.3193,37.1542],[27.3182,37.1538],[27.3173,37.1547],[27.3171,37.1557],[27.3197,37.1578],[27.3209,37.1609],[27.3224,37.162],[27.3276,37.1629],[27.3297,37.1624],[27.3307,37.1629],[27.337,37.161],[27.3422,37.1578],[27.3453,37.1571],[27.3464,37.1574],[27.3474,37.1567],[27.3505,37.1571],[27.3516,37.1567],[27.3536,37.1582],[27.3545,37.1599],[27.3543,37.162],[27.3536,37.163],[27.3536,37.1642],[27.351,37.1672],[27.3502,37.1703],[27.3505,37.1766],[27.3516,37.1785],[27.3536,37.1802],[27.3557,37.1809],[27.3589,37.1805],[27.3672,37.1782],[27.3714,37.1766],[27.3734,37.1755],[27.3755,37.1735],[27.3779,37.1724],[27.3807,37.1715],[27.3859,37.171],[27.387,37.1698],[27.388,37.1701],[27.3901,37.1644],[27.391,37.1651],[27.3911,37.1658],[27.3913,37.1641],[27.3926,37.162],[27.3921,37.1578],[27.3931,37.1547],[27.3943,37.1545],[27.3951,37.1536],[27.3955,37.1495],[27.399,37.1443],[27.4016,37.1427],[27.4026,37.1427],[27.4028,37.1422],[27.4007,37.1401],[27.4016,37.1387],[27.4026,37.14],[27.4036,37.1403],[27.4047,37.1406],[27.4068,37.1404],[27.4172,37.1384],[27.4192,37.1359],[27.4214,37.1349],[27.4255,37.1338],[27.4297,37.1342],[27.4328,37.1336],[27.4359,37.1306],[27.4391,37.1264],[27.4408,37.1234],[27.4412,37.1214],[27.4432,37.1202],[27.4445,37.1203],[27.4442,37.1182],[27.4465,37.1141],[27.446,37.113],[27.4495,37.1078],[27.4503,37.1057],[27.45,37.1047],[27.4505,37.1039],[27.4526,37.1048],[27.4521,37.1036],[27.4526,37.1024],[27.4578,37.1005],[27.4599,37.1001],[27.4609,37.101],[27.4617,37.1005],[27.462,37.099],[27.4651,37.0974],[27.4649,37.0943],[27.4653,37.0932],[27.4648,37.0911],[27.4651,37.0906],[27.4682,37.0893],[27.4693,37.0895],[27.4703,37.0905],[27.4755,37.0925],[27.4776,37.0942],[27.4799,37.0953],[27.482,37.0974],[27.4818,37.0987],[27.4828,37.0984],[27.4839,37.0992],[27.4839,37.1005],[27.4849,37.101],[27.488,37.1044],[27.4922,37.1072],[27.4932,37.1072],[27.4936,37.1078],[27.496,37.1089],[27.4974,37.1109],[27.5005,37.1121],[27.5016,37.1115],[27.512,37.1129],[27.5193,37.1171],[27.5202,37.1182],[27.5201,37.1193],[27.5214,37.1206],[27.5224,37.1211],[27.5234,37.1208],[27.5263,37.1234],[27.5267,37.1245],[27.5286,37.1252],[27.5298,37.1266],[27.5328,37.128],[27.5349,37.13],[27.5382,37.1318],[27.544,37.137],[27.5454,37.1401],[27.545,37.1422],[27.5432,37.1444],[27.5422,37.1444],[27.5411,37.1455],[27.5401,37.1458],[27.5391,37.1452],[27.5382,37.1453],[27.538,37.1458],[27.537,37.1426],[27.5343,37.1391],[27.5297,37.1371],[27.5286,37.1373],[27.5255,37.1366],[27.5234,37.1356],[27.5224,37.1361],[27.5203,37.1347],[27.5193,37.1349],[27.518,37.1359],[27.5184,37.137],[27.5179,37.138],[27.5183,37.1391],[27.5161,37.1403],[27.5109,37.1386],[27.5089,37.137],[27.5078,37.1376],[27.5067,37.137],[27.5068,37.1381],[27.5057,37.1385],[27.5036,37.1356],[27.5026,37.1366],[27.4984,37.1347],[27.4974,37.1338],[27.4977,37.1349],[27.4974,37.1352],[27.4939,37.1339],[27.4922,37.1342],[27.4901,37.1332],[27.4885,37.1307],[27.4881,37.1276],[27.4885,37.1266],[27.488,37.1241],[27.4859,37.1217],[27.4807,37.1184],[27.4761,37.1141],[27.4745,37.1132],[27.4734,37.1129],[27.4714,37.1139],[27.4693,37.1137],[27.4661,37.1158],[27.4646,37.1161],[27.4667,37.1214],[27.4658,37.1224],[27.4672,37.1229],[27.4703,37.1255],[27.4713,37.1276],[27.4762,37.1328],[27.4797,37.1351],[27.4807,37.1347],[27.4849,37.1377],[27.4855,37.1453],[27.4888,37.1526],[27.4895,37.1578],[27.4904,37.1599],[27.4932,37.163],[27.4964,37.165],[27.5016,37.1669],[27.5036,37.1675],[27.5068,37.1672],[27.5099,37.1682],[27.5109,37.1681],[27.512,37.1688],[27.513,37.168],[27.5141,37.1688],[27.5151,37.1678],[27.5161,37.168],[27.5182,37.1668],[27.5203,37.1668],[27.5214,37.1673],[27.5245,37.1672],[27.5276,37.1693],[27.5288,37.1693],[27.5292,37.1714],[27.5321,37.1745],[27.5309,37.1766],[27.5318,37.1776],[27.5307,37.1776],[27.5296,37.1797],[27.5295,37.1818],[27.5286,37.1839],[27.5297,37.186],[27.5286,37.1864],[27.5276,37.1856],[27.5269,37.1859],[27.527,37.187],[27.5266,37.1874],[27.5224,37.1881],[27.5203,37.1869],[27.52,37.1891],[27.5193,37.19],[27.5172,37.1897],[27.5151,37.1878],[27.5151,37.1893],[27.5129,37.1911],[27.5126,37.1943],[27.5108,37.1984],[27.512,37.2009],[27.5151,37.2021],[27.5203,37.2022],[27.5214,37.203],[27.5224,37.2024],[27.5234,37.2029],[27.5255,37.2029],[27.5266,37.2038],[27.5286,37.2028],[27.5307,37.2047],[27.5318,37.2029],[27.5337,37.2016],[27.5359,37.2008],[27.537,37.201],[27.5422,37.2048],[27.5429,37.2047],[27.5432,37.2035],[27.5447,37.2047],[27.5453,37.206],[27.5464,37.2058],[27.5495,37.2073],[27.5516,37.211],[27.5526,37.2103],[27.5542,37.2109],[27.5536,37.2099],[27.5547,37.2099],[27.5557,37.2106],[27.5568,37.2103],[27.5572,37.2109],[27.5562,37.212],[27.5568,37.2123],[27.5578,37.2117],[27.5604,37.2141],[27.5612,37.2161],[27.5608,37.2172],[27.5599,37.2179],[27.5588,37.2172],[27.5599,37.2187],[27.5609,37.2189],[27.5622,37.2203],[27.5614,37.2224],[27.5624,37.2234],[27.5631,37.2255],[27.5622,37.2286],[27.5599,37.2297],[27.5578,37.2294],[27.5575,37.2297],[27.5578,37.23],[27.5589,37.23],[27.5596,37.2307],[27.5589,37.2313],[27.5568,37.2315],[27.5547,37.2329],[27.5516,37.233],[27.5497,37.2339],[27.5484,37.2363],[27.5453,37.2352],[27.5443,37.2357],[27.5432,37.2373],[27.5422,37.2367],[27.5413,37.237],[27.5411,37.2376],[27.5411,37.237],[27.5393,37.2359],[27.5391,37.2349],[27.5379,37.2339],[27.5389,37.2328],[27.5392,37.2318],[27.5383,37.2286],[27.5365,37.2266],[27.5364,37.2255],[27.5318,37.2217],[27.5266,37.2199],[27.5255,37.2205],[27.5214,37.2209],[27.5151,37.2205],[27.5078,37.2181],[27.5057,37.2169],[27.5042,37.2151],[27.503,37.213],[27.5036,37.2119],[27.5026,37.2127],[27.5016,37.2118],[27.4995,37.2119],[27.496,37.2057],[27.4943,37.2042],[27.4932,37.2041],[27.4911,37.2059],[27.4901,37.2099],[27.4945,37.2214],[27.4938,37.2245],[27.4944,37.2266],[27.494,37.2276],[27.4944,37.2297],[27.4944,37.2328],[27.4939,37.2339],[27.4941,37.237],[27.4931,37.238],[27.4934,37.2391],[27.4949,37.2401],[27.494,37.2411],[27.4964,37.2422],[27.503,37.2484],[27.5025,37.2495],[27.5039,37.2516],[27.5016,37.2537],[27.5013,37.2547],[27.5016,37.2557],[27.5008,37.2578],[27.4974,37.2584],[27.4953,37.2605],[27.4943,37.2606],[27.4891,37.2601],[27.487,37.2594],[27.4857,37.2578],[27.4854,37.2568],[27.4833,37.2547],[27.4842,37.2536],[27.4807,37.25],[27.4797,37.25],[27.4776,37.2474],[27.4766,37.2478],[27.4755,37.2497],[27.4714,37.2491],[27.4703,37.2494],[27.4672,37.2486],[27.4609,37.2455],[27.4589,37.2452],[27.4547,37.2458],[27.4522,37.2474],[27.4509,37.2495],[27.4499,37.2526],[27.4496,37.2557],[27.4507,37.2599],[27.4568,37.2682],[27.4596,37.2714],[27.4613,37.2724],[27.4635,37.2755],[27.4657,37.2776],[27.4655,37.2786],[27.4673,37.2849],[27.4686,37.2859],[27.4693,37.288],[27.4703,37.2891],[27.4701,37.2901],[27.4727,37.2922],[27.4767,37.2943],[27.4797,37.2977],[27.4818,37.2993],[27.4828,37.3016],[27.4818,37.3023],[27.4807,37.3016],[27.4824,37.3036],[27.4837,37.3078],[27.4844,37.3141],[27.4839,37.3163],[27.4818,37.3177],[27.4786,37.3161],[27.4744,37.313],[27.474,37.312],[27.4724,37.3114],[27.4703,37.3097],[27.4693,37.3105],[27.4641,37.3073],[27.4618,37.3047],[27.4568,37.3012],[27.4557,37.3012],[27.4547,37.3025],[27.4543,37.3016],[27.4516,37.2989],[27.4495,37.2973],[27.4484,37.2972],[27.4474,37.2986],[27.4464,37.2981],[27.4453,37.2985],[27.4443,37.2979],[27.4432,37.2982],[27.4413,37.3005],[27.4397,37.3005],[27.4396,37.2995],[27.4349,37.2961],[27.4328,37.2954],[27.4286,37.2955],[27.4245,37.2978],[27.4172,37.2977],[27.4133,37.2984],[27.4068,37.3006],[27.4036,37.3033],[27.4005,37.3042],[27.3974,37.3065],[27.3953,37.307],[27.3922,37.307],[27.387,37.3053],[27.3859,37.3059],[27.3829,37.3036],[27.382,37.3016],[27.3806,37.3005],[27.3811,37.2995],[27.3807,37.2989],[27.3797,37.2999],[27.3794,37.2995],[27.3795,37.2984],[27.3782,37.2964],[27.3787,37.2943],[27.3763,37.2911],[27.3774,37.287],[27.3747,37.2807],[27.3714,37.2773],[27.3693,37.2763],[27.3661,37.2757],[27.363,37.2763],[27.3609,37.278],[27.36,37.2797],[27.3601,37.2828],[27.3633,37.288],[27.3672,37.292],[27.3693,37.2935],[27.3703,37.2937],[27.3709,37.2953],[27.3732,37.2974],[27.3729,37.2984],[27.3745,37.3007],[27.3757,37.3016],[27.3756,37.3026],[27.3765,37.3047],[27.3781,37.3057],[27.3789,37.3078],[27.3786,37.3089],[27.3791,37.3109],[27.3809,37.3151],[27.3812,37.3172],[27.3812,37.3214],[27.3802,37.3224],[27.3785,37.3297],[27.3776,37.331],[27.3776,37.3328],[27.3766,37.3336],[27.3755,37.3355],[27.3734,37.3353],[27.3724,37.3357],[27.3714,37.3354],[27.3703,37.3361],[27.3693,37.3359],[27.3682,37.3365],[27.3661,37.3358],[27.362,37.3363],[27.3568,37.3302],[27.3536,37.3298],[27.3514,37.3286],[27.3483,37.3234],[27.3464,37.3214],[27.3453,37.3217],[27.3422,37.32],[27.3411,37.3206],[27.3401,37.3197],[27.3391,37.3196],[27.3349,37.3176],[27.3297,37.3133],[27.3203,37.3106],[27.3193,37.3112],[27.3172,37.3097],[27.312,37.3075],[27.308,37.3099],[27.3072,37.312],[27.3073,37.3141],[27.3094,37.3172],[27.3102,37.3193],[27.3113,37.3203],[27.3116,37.3214],[27.3108,37.3224],[27.3119,37.3234],[27.3123,37.3245],[27.3109,37.3257],[27.3111,37.3266],[27.3122,37.3276],[27.3123,37.3286],[27.3109,37.3281],[27.3101,37.3286],[27.3099,37.3296],[27.3089,37.3299],[27.3074,37.3318],[27.3068,37.3353],[27.3051,37.338],[27.3026,37.3405],[27.3002,37.3411],[27.2995,37.3418],[27.2984,37.3415],[27.2974,37.3404],[27.2964,37.3403],[27.2953,37.3421],[27.2943,37.3428],[27.2891,37.3443],[27.288,37.344],[27.2839,37.3447],[27.2797,37.3416],[27.2786,37.3411],[27.2776,37.3412],[27.2748,37.3391],[27.2732,37.3349],[27.2709,37.3318],[27.2693,37.3304],[27.2661,37.3286],[27.2609,37.3277],[27.2557,37.3285],[27.2516,37.33],[27.237,37.3319],[27.2313,37.3339],[27.2266,37.3372],[27.2224,37.3382],[27.2203,37.3378],[27.212,37.34],[27.2089,37.3412],[27.2057,37.3433],[27.2047,37.3431],[27.1964,37.3447],[27.1919,37.3474],[27.1886,37.3505],[27.1881,37.3516],[27.1878,37.3547],[27.1901,37.3598],[27.1961,37.3641],[27.1982,37.3672],[27.1994,37.3724],[27.2026,37.3779],[27.2035,37.3807],[27.2043,37.3818],[27.2048,37.3839],[27.206,37.3859],[27.2056,37.387],[27.2061,37.3901],[27.2049,37.3964],[27.2057,37.4015],[27.2078,37.4052],[27.2099,37.4068],[27.212,37.4099],[27.2109,37.4104],[27.2113,37.412],[27.2103,37.4161],[27.2109,37.4204],[27.2138,37.4255],[27.2145,37.4297],[27.2145,37.4328],[27.214,37.4339],[27.2147,37.4432],[27.2143,37.4474],[27.2138,37.4495],[27.2123,37.4516],[27.2109,37.4521],[27.2094,37.4547],[27.207,37.4557],[27.2077,37.4568],[27.2068,37.4571],[27.2057,37.4562],[27.2047,37.4562],[27.2026,37.4602],[27.1891,37.4663],[27.1828,37.4685],[27.1786,37.4708],[27.1776,37.4725],[27.1734,37.4849],[27.1736,37.4995],[27.1728,37.5068],[27.1721,37.5089],[27.1683,37.5172],[27.1626,37.5245],[27.1613,37.5276],[27.1603,37.5349],[27.1589,37.5394],[27.1522,37.5495],[27.1516,37.5516],[27.1474,37.5549],[27.1446,37.5557],[27.1432,37.5567],[27.1388,37.563],[27.1383,37.5651],[27.1385,37.5672],[27.1416,37.5755],[27.1406,37.5839],[27.138,37.5911],[27.1295,37.6099],[27.1282,37.6161],[27.1264,37.6172],[27.1224,37.6217],[27.1203,37.622],[27.1186,37.6214],[27.1167,37.6214],[27.113,37.6242],[27.1101,37.6255],[27.1078,37.6256],[27.1026,37.6277],[27.0996,37.6297],[27.099,37.6307],[27.0932,37.6338],[27.0901,37.6343],[27.0786,37.6347],[27.0724,37.6362],[27.0661,37.6355],[27.0568,37.636],[27.0547,37.6365],[27.0505,37.6385],[27.038,37.6418],[27.0339,37.6435],[27.0297,37.6442],[27.0234,37.6433],[27.0182,37.6432],[27.013,37.6435],[27.0089,37.6446],[27.0036,37.6442],[27.0005,37.6446],[27,37.6443],[27,37.4828],[27.0068,37.4824],[27.0089,37.4812],[27.0107,37.4786],[27.0115,37.4766],[27.0118,37.4745],[27.0115,37.4734],[27.0149,37.4682],[27.0153,37.4661],[27.0126,37.4609],[27.0119,37.4547],[27.0109,37.4523],[27.0078,37.4494],[27.0047,37.4478],[27.0005,37.4473],[27,37.4464],[27,37.0234],[27.0047,37.0211],[27.0057,37.0211],[27.0068,37.0201],[27.012,37.0187],[27.013,37.0175],[27.0161,37.0167],[27.0193,37.0174],[27.0266,37.0176],[27.0328,37.0186],[27.0359,37.0184],[27.038,37.0176],[27.0408,37.0151],[27.0463,37.0078],[27.05,37.0047],[27.0526,37.0034],[27.0557,37],[27.1786,37],[27.1794,37.0005],[27.1783,37.0016],[27.1773,37.0036],[27.1776,37.0068],[27.1782,37.0078],[27.1797,37.0088],[27.1828,37.0093],[27.1869,37.0089],[27.1874,37.0068],[27.1882,37.0057],[27.1859,37.0022],[27.1827,37.0005],[27.1828,37],[27.2005,37],[27.201,37.0005],[27.2007,37.0026],[27.2016,37.0035],[27.2026,37.0036],[27.2022,37.0047],[27.206,37.0078],[27.208,37.0089],[27.2075,37.0099],[27.2109,37.0139],[27.2151,37.0153],[27.2172,37.0173],[27.2182,37.0175],[27.2193,37.017],[27.2214,37.0176],[27.2266,37.0171],[27.2286,37.0162],[27.2299,37.0161],[27.2328,37.0127],[27.2336,37.0109],[27.2336,37.0078],[27.2328,37.0057],[27.2276,37.0018],[27.2245,37.0006],[27.2245,37],[27.2453,37],[27.2462,37.0005]],[[27.0943,37.269],[27.0901,37.2689],[27.088,37.27],[27.0849,37.2706],[27.0797,37.2745],[27.0774,37.2786],[27.0775,37.2807],[27.0786,37.2821],[27.0786,37.2835],[27.0767,37.2849],[27.0752,37.287],[27.0751,37.288],[27.0759,37.2953],[27.0769,37.2984],[27.0817,37.3036],[27.0832,37.3068],[27.0849,37.3086],[27.087,37.3098],[27.0901,37.3106],[27.0932,37.3102],[27.0984,37.3073],[27.1016,37.3061],[27.104,37.3036],[27.1045,37.3016],[27.1044,37.2984],[27.1024,37.2953],[27.1026,37.2943],[27.1012,37.2922],[27.1011,37.2901],[27.1018,37.2891],[27.106,37.2859],[27.1075,37.2807],[27.1073,37.2776],[27.1047,37.2739],[27.0984,37.2703],[27.0943,37.269]],[[27.3943,37.2481],[27.3911,37.2482],[27.3887,37.2495],[27.3877,37.2516],[27.3878,37.2526],[27.3891,37.2544],[27.3911,37.2555],[27.3932,37.2559],[27.3953,37.2553],[27.3974,37.2536],[27.3978,37.2526],[27.3974,37.2505],[27.3943,37.2481]],[[27.4224,37.2182],[27.4203,37.2178],[27.4183,37.2193],[27.4179,37.2203],[27.4183,37.2224],[27.4214,37.2246],[27.4234,37.2241],[27.4244,37.2224],[27.4239,37.2203],[27.4224,37.2182]],[[27.0703,37.0785],[27.0661,37.0778],[27.0641,37.0787],[27.063,37.0806],[27.0628,37.0828],[27.0633,37.0859],[27.0641,37.0871],[27.0651,37.0878],[27.0672,37.0878],[27.0712,37.0849],[27.0724,37.0833],[27.0733,37.0818],[27.0703,37.0785]],[[27.0839,37.0484],[27.0807,37.0482],[27.0786,37.049],[27.0776,37.0499],[27.0745,37.055],[27.0703,37.0578],[27.0682,37.0609],[27.0683,37.0641],[27.0693,37.0653],[27.0714,37.0666],[27.0734,37.0665],[27.0766,37.0686],[27.0776,37.0686],[27.0786,37.0694],[27.0839,37.0699],[27.0911,37.0684],[27.0953,37.0669],[27.0995,37.0663],[27.1047,37.0634],[27.1092,37.062],[27.1108,37.0599],[27.1108,37.0557],[27.1099,37.0542],[27.1089,37.0536],[27.0901,37.0508],[27.0839,37.0484]],[[27.1484,37.0432],[27.1453,37.0429],[27.1429,37.0443],[27.1422,37.0453],[27.1425,37.0495],[27.1443,37.0515],[27.1464,37.0523],[27.1505,37.0531],[27.153,37.0526],[27.1548,37.0505],[27.1548,37.0484],[27.1544,37.0474],[27.1516,37.0445],[27.1484,37.0432]],[[27.2036,37.041],[27.203,37.0411],[27.2034,37.0422],[27.2026,37.0427],[27.1995,37.0432],[27.1964,37.0456],[27.1952,37.0474],[27.1954,37.0495],[27.1974,37.0522],[27.2005,37.0534],[27.2057,37.0542],[27.207,37.0536],[27.2093,37.0464],[27.2077,37.0443],[27.2076,37.0432],[27.2057,37.0418],[27.2036,37.041]]],[[[27.36,37.0005],[27.3563,37.0016],[27.3552,37.0036],[27.3535,37.0036],[27.3538,37.0047],[27.3532,37.0068],[27.3523,37.0078],[27.3505,37.0128],[27.3484,37.0124],[27.3474,37.0129],[27.3443,37.0127],[27.3432,37.0119],[27.3399,37.0109],[27.3391,37.0099],[27.338,37.0099],[27.3368,37.0089],[27.3363,37.0078],[27.337,37.0069],[27.338,37.0073],[27.3391,37.0067],[27.3401,37.0072],[27.3411,37.0069],[27.3422,37.0077],[27.345,37.0026],[27.3463,37.0016],[27.3464,37],[27.3599,37],[27.36,37.0005]]],[[[27.3677,37.0005],[27.3676,37.0016],[27.3703,37.0047],[27.3709,37.0078],[27.3705,37.0099],[27.3725,37.012],[27.3714,37.0136],[27.3703,37.0138],[27.3684,37.012],[27.3682,37.0104],[27.3687,37.0099],[27.3682,37.0098],[27.3668,37.0057],[27.3658,37.0047],[27.3668,37.0036],[27.3651,37.002],[27.3624,37.0005],[27.363,37],[27.3672,37],[27.3677,37.0005]]],[[[27.4582,37.0005],[27.4557,37.0022],[27.4519,37.0036],[27.4504,37.0047],[27.4464,37.0094],[27.4448,37.012],[27.4446,37.013],[27.4373,37.0172],[27.4297,37.0242],[27.4266,37.0227],[27.4224,37.0171],[27.4203,37.0162],[27.4161,37.0128],[27.412,37.0116],[27.4089,37.0121],[27.4068,37.013],[27.4057,37.0127],[27.4047,37.0131],[27.4036,37.0123],[27.4026,37.0132],[27.4005,37.0118],[27.3995,37.0124],[27.3987,37.012],[27.3987,37.0109],[27.398,37.0099],[27.3984,37.0086],[27.3972,37.0068],[27.3986,37.0057],[27.394,37.0026],[27.393,37.0005],[27.3932,37],[27.4255,37],[27.4261,37.0005],[27.4297,37.0013],[27.4307,37],[27.4578,37],[27.4582,37.0005]]],[[[28,37.0005],[28,37.0203],[27.9995,37.0212],[27.9961,37.0224],[27.9943,37.0255],[27.9932,37.0235],[27.9922,37.0237],[27.9901,37.0227],[27.987,37.0228],[27.9859,37.0235],[27.9797,37.0231],[27.9755,37.0207],[27.9703,37.0165],[27.9578,37.0134],[27.9516,37.0123],[27.9443,37.0124],[27.9401,37.0137],[27.9332,37.0203],[27.9301,37.0224],[27.9286,37.022],[27.9276,37.0228],[27.9245,37.0229],[27.9224,37.0224],[27.9182,37.0203],[27.9161,37.0198],[27.9078,37.0189],[27.9047,37.0194],[27.9005,37.0212],[27.8974,37.0217],[27.8932,37.0243],[27.8901,37.024],[27.8859,37.0231],[27.8828,37.0217],[27.8714,37.0195],[27.8641,37.017],[27.8579,37.0172],[27.8495,37.015],[27.8453,37.0151],[27.8432,37.0141],[27.8384,37.0099],[27.8359,37.0087],[27.8307,37.0085],[27.8276,37.0092],[27.8255,37.0092],[27.8234,37.0089],[27.8203,37.0076],[27.8193,37.0078],[27.8189,37.0057],[27.8172,37.0033],[27.8137,37.0005],[27.8141,37],[27.9995,37],[28,37.0005]]]]}},{"type":"Feature","properties":{"depth":10,"kind":"isobath"},"geometry":{"type":"MultiLineString","coordinates":[[[27.2506,37.8703],[27.2526,37.8709],[27.2549,37.8734],[27.2536,37.8743],[27.2529,37.8734],[27.2516,37.8731],[27.2502,37.8714]],[[27.0328,37.7484],[27.0328,37.749],[27.0318,37.7484],[27.0328,37.7481]],[[27.0522,37.7068],[27.0516,37.7078],[27.0513,37.7068]],[[27.0139,37.7016],[27.0129,37.7016],[27.013,37.7007]],[[27.025,37.6943],[27.0245,37.6948],[27.0243,37.6943]],[[27.0016,37.8002],[27.0039,37.7984],[27.0038,37.7964],[27.0026,37.7943],[27.0016,37.7939],[27.0005,37.7945]],[[27.013,37.7786],[27.0141,37.7776],[27.0161,37.7776],[27.0172,37.7786],[27.0193,37.7791],[27.0214,37.7787],[27.0224,37.7776],[27.0266,37.7778],[27.0318,37.7767],[27.037,37.7774],[27.0443,37.7801],[27.0599,37.7826],[27.0661,37.781],[27.0661,37.7797],[27.0672,37.7797],[27.0683,37.7807],[27.0693,37.7797],[27.0682,37.7786],[27.0698,37.7766],[27.0714,37.7755],[27.0693,37.773],[27.0661,37.7716],[27.0619,37.7682],[27.0589,37.7668],[27.0568,37.7665],[27.0523,37.7641],[27.0495,37.7596],[27.0484,37.7602],[27.0464,37.7588],[27.0469,37.7599],[27.0467,37.7609],[27.0457,37.7609],[27.0401,37.7591],[27.038,37.7592],[27.037,37.7584],[27.0358,37.7589],[27.0354,37.7599],[27.038,37.7611],[27.038,37.762],[27.0336,37.762],[27.0328,37.7612],[27.0307,37.761],[27.0307,37.7599],[27.0332,37.7578],[27.0328,37.757],[27.0318,37.7571],[27.0307,37.7566],[27.0297,37.758],[27.0286,37.757],[27.0275,37.7568],[27.0286,37.7568],[27.0297,37.7557],[27.0297,37.7547],[27.0286,37.7529],[27.0264,37.7526],[27.0262,37.7516],[27.0276,37.7516],[27.0286,37.7505],[27.0297,37.7516],[27.0307,37.7511],[27.0318,37.7514],[27.0328,37.7505],[27.0339,37.7511],[27.0349,37.7506],[27.0349,37.7495],[27.0356,37.7484],[27.0336,37.7474],[27.034,37.7464],[27.037,37.7464],[27.0391,37.7447],[27.0432,37.7443],[27.0453,37.7422],[27.0453,37.7411],[27.0464,37.7409],[27.0471,37.7401],[27.0466,37.738],[27.0453,37.7372],[27.0443,37.7377],[27.0432,37.7391],[27.0422,37.7391],[27.0422,37.738],[27.043,37.737],[27.0422,37.7362],[27.041,37.7359],[27.0391,37.7339],[27.038,37.7339],[27.0373,37.7307],[27.0401,37.7287],[27.0411,37.7286],[27.0418,37.7297],[27.0422,37.7318],[27.0464,37.7335],[27.0474,37.7344],[27.0495,37.734],[27.0496,37.7328],[27.0536,37.7318],[27.0568,37.732],[27.0599,37.7315],[27.0609,37.7325],[27.062,37.7313],[27.0661,37.7302],[27.0693,37.7282],[27.0727,37.7203],[27.0729,37.7161],[27.0724,37.7147],[27.0714,37.7137],[27.0672,37.7141],[27.0693,37.712],[27.0693,37.7109],[27.0708,37.7099],[27.0709,37.7089],[27.0702,37.7078],[27.0711,37.7057],[27.0699,37.7057],[27.0702,37.7068],[27.0693,37.7073],[27.0682,37.7066],[27.0661,37.7068],[27.0641,37.7062],[27.0633,37.7068],[27.063,37.7078],[27.0599,37.7078],[27.0589,37.7082],[27.0578,37.7064],[27.0568,37.7078],[27.0581,37.7089],[27.0561,37.7099],[27.0557,37.7109],[27.0536,37.7099],[27.0526,37.7099],[27.0526,37.7089],[27.0536,37.7078],[27.0532,37.7068],[27.0537,37.7047],[27.0516,37.703],[27.0505,37.7034],[27.0495,37.7047],[27.0474,37.7049],[27.0456,37.7068],[27.0453,37.7078],[27.0443,37.7085],[27.0401,37.7068],[27.0391,37.7055],[27.0391,37.7047],[27.0409,37.7036],[27.0414,37.7016],[27.0391,37.6997],[27.038,37.7],[27.037,37.6994],[27.0363,37.7005],[27.0339,37.7002],[27.0332,37.7005],[27.0336,37.7026],[27.0349,37.7036],[27.0349,37.7047],[27.0339,37.7057],[27.0328,37.705],[27.0318,37.705],[27.0307,37.704],[27.0286,37.7036],[27.0276,37.7018],[27.0266,37.7011],[27.0262,37.7016],[27.0266,37.7036],[27.0245,37.7036],[27.0234,37.705],[27.0224,37.7054],[27.0203,37.7053],[27.0193,37.7046],[27.0193,37.7036],[27.0161,37.7005],[27.0151,37.7014],[27.0141,37.7015],[27.0131,37.7005],[27.0161,37.6985],[27.0172,37.6987],[27.0182,37.6981],[27.0193,37.6989],[27.0214,37.6992],[27.0224,37.6977],[27.0234,37.6979],[27.0237,37.6974],[27.0231,37.6964],[27.0234,37.695],[27.0245,37.6956],[27.0255,37.6944],[27.0286,37.6938],[27.0297,37.6927],[27.0318,37.6925],[27.0328,37.6932],[27.0339,37.6925],[27.037,37.6922],[27.038,37.6913],[27.0391,37.6913],[27.0411,37.6896],[27.0422,37.6895],[27.0432,37.6902],[27.0453,37.6882],[27.0474,37.6877],[27.0516,37.685],[27.0589,37.6863],[27.063,37.6883],[27.0661,37.689],[27.0734,37.6871],[27.0776,37.6871],[27.0818,37.686],[27.0859,37.6856],[27.0911,37.6837],[27.1008,37.6839],[27.1161,37.6877],[27.1234,37.6914],[27.137,37.6931],[27.1484,37.6953],[27.154,37.6995],[27.1578,37.7008],[27.1651,37.7026],[27.1693,37.7022],[27.1714,37.7025],[27.1789,37.7047],[27.1828,37.7066],[27.1891,37.7079],[27.1922,37.7097],[27.1984,37.712],[27.2005,37.7125],[27.2047,37.7125],[27.2078,37.7134],[27.213,37.7164],[27.2214,37.723],[27.2276,37.7256],[27.2318,37.7283],[27.2391,37.7355],[27.2444,37.7422],[27.2474,37.7495],[27.2505,37.7539],[27.2561,37.7682],[27.2592,37.7818],[27.2619,37.7901],[27.263,37.7964],[27.2635,37.7995],[27.2629,37.8005],[27.2635,37.8016],[27.2628,37.8047],[27.263,37.8089],[27.262,37.8118],[27.2564,37.8172],[27.2495,37.8184],[27.2432,37.82],[27.2411,37.8212],[27.2352,37.8297],[27.2314,37.8391],[27.2297,37.8464],[27.2306,37.8495],[27.2321,37.8516],[27.2329,37.8536],[27.2319,37.8651],[27.2327,37.8661],[27.2339,37.8667],[27.2391,37.8674],[27.2401,37.867],[27.2411,37.8677],[27.2422,37.8676],[27.2432,37.8682],[27.2464,37.8688],[27.2474,37.8709],[27.2484,37.8718],[27.2495,37.8719],[27.2516,37.8738],[27.2526,37.8737],[27.2544,37.8755],[27.2566,37.8766],[27.2589,37.8785],[27.2592,37.8797],[27.2589,37.8805],[27.2578,37.8807],[27.2589,37.881],[27.2592,37.8828],[27.2575,37.8839],[27.2578,37.8851],[27.2589,37.8859],[27.2587,37.887],[27.2595,37.888],[27.2602,37.8953],[27.2622,37.8984],[27.2621,37.8995],[27.2617,37.9005],[27.2593,37.9026],[27.2579,37.9057],[27.2567,37.9099],[27.2565,37.913],[27.262,37.9244],[27.263,37.9292],[27.2641,37.9313],[27.2669,37.9328],[27.2672,37.9336],[27.2688,37.9349],[27.2684,37.938],[27.2676,37.9391],[27.2674,37.9411],[27.2665,37.9432],[27.2632,37.9484],[27.262,37.949],[27.2606,37.9505],[27.2596,37.9526],[27.2539,37.9599],[27.253,37.962],[27.2518,37.963],[27.2516,37.9644],[27.2504,37.9651],[27.25,37.9661],[27.2474,37.9693],[27.2443,37.9714],[27.2422,37.9717],[27.2401,37.9727],[27.2359,37.976],[27.2339,37.9767],[27.2328,37.9764],[27.2224,37.9816],[27.2151,37.984],[27.2141,37.9837],[27.213,37.9845],[27.2089,37.9846],[27.2057,37.983],[27.1891,37.983],[27.1839,37.9804],[27.1682,37.9758],[27.1645,37.9766],[27.1555,37.9797],[27.1526,37.98],[27.1484,37.9788],[27.1443,37.9791],[27.1411,37.9795],[27.137,37.9809],[27.1349,37.9825],[27.1318,37.9823],[27.1297,37.9828],[27.1278,37.9839],[27.1245,37.987],[27.1203,37.9871],[27.1172,37.9886],[27.1141,37.9928],[27.1089,37.9973]],[[27.0328,37.752],[27.0325,37.7526],[27.0328,37.7528],[27.0333,37.7526]],[[27.0005,37.6767],[27.0016,37.6761],[27.0025,37.6766],[27.0045,37.6786],[27.0043,37.6797],[27.006,37.6839],[27.0045,37.6859],[27.0057,37.6855],[27.0063,37.6859],[27.006,37.688],[27.0066,37.6891],[27.0073,37.6922],[27.0063,37.6943],[27.0079,37.6953],[27.0068,37.6959],[27.0057,37.6954],[27.0047,37.6964],[27.0046,37.6953],[27.0036,37.6951],[27.0029,37.6943],[27.0039,37.6932],[27.0036,37.693],[27.0005,37.6951]],[[27.0005,37.6748],[27.0012,37.6755],[27.0005,37.6764]],[[27.0019,37.6745],[27.0016,37.6749],[27.0011,37.6745],[27.0016,37.6741]],[[27.0005,37.6731],[27.0006,37.6734]],[[27.1871,37.587],[27.1867,37.587],[27.187,37.5865]],[[27.177,37.5839],[27.1766,37.5845],[27.1762,37.5839],[27.1766,37.5835]],[[27.1873,37.5818],[27.187,37.5822],[27.1861,37.5818],[27.187,37.5809]],[[27.1853,37.5797],[27.1858,37.5818],[27.1873,37.5839],[27.1868,37.5859],[27.1851,37.587],[27.185,37.5901],[27.1842,37.5911],[27.1845,37.5932],[27.1839,37.5937],[27.1828,37.593],[27.1807,37.594],[27.1803,37.5964],[27.1819,37.5974],[27.1807,37.5981],[27.1797,37.5975],[27.1792,37.5984],[27.1797,37.5997],[27.1786,37.5999],[27.1776,37.6009],[27.1766,37.601],[27.1755,37.602],[27.1751,37.6026],[27.1755,37.6041],[27.1739,37.6068],[27.1717,37.6078],[27.1682,37.6105],[27.1609,37.6132],[27.1557,37.6136],[27.1526,37.6131],[27.1494,37.6109],[27.1491,37.6089],[27.1511,37.6036],[27.1601,37.5943],[27.1609,37.5937],[27.162,37.5937],[27.1633,37.5922],[27.1632,37.5911],[27.1641,37.5898],[27.1672,37.5901],[27.1672,37.588],[27.1693,37.5881],[27.1714,37.5862],[27.1724,37.5863],[27.1734,37.5853],[27.1766,37.5854],[27.1776,37.5842],[27.1797,37.5841],[27.1828,37.585],[27.1823,37.5839],[27.1828,37.5812],[27.1849,37.5794]],[[27.2134,37.5693],[27.212,37.5704],[27.212,37.5691],[27.213,37.5688]],[[27.0005,37.4695],[27.0016,37.469],[27.0034,37.4693],[27.0047,37.4696],[27.0066,37.4714],[27.0059,37.4724],[27.0036,37.4739]],[[27.2089,37.4578],[27.2092,37.4589],[27.2089,37.4589],[27.2076,37.4578],[27.2078,37.457]],[[27.4121,37.3943],[27.413,37.3948],[27.4135,37.3964],[27.413,37.3973],[27.412,37.3977],[27.4106,37.3964]],[[27.3913,37.3755],[27.3902,37.3755],[27.3911,37.3752]],[[27.3819,37.3661],[27.3847,37.3682],[27.3847,37.3703],[27.3859,37.3719],[27.388,37.372],[27.3886,37.3724],[27.388,37.3729],[27.388,37.3736],[27.3891,37.3735],[27.3906,37.3745],[27.39,37.3755],[27.3906,37.3776],[27.3923,37.3797],[27.3907,37.3807],[27.3902,37.3849],[27.387,37.3886],[27.3859,37.3908],[27.3849,37.3915],[27.3839,37.3916],[27.3828,37.3905],[27.3818,37.3914],[27.3787,37.3891],[27.3786,37.3879],[27.3762,37.3859],[27.3756,37.3849],[27.3755,37.3828],[27.3731,37.3807],[27.3712,37.3755],[27.3713,37.3745],[27.3734,37.3703],[27.3755,37.368],[27.3797,37.3658]],[[27.3137,37.3255],[27.313,37.326],[27.3125,37.3255],[27.313,37.3248]],[[27.3785,37.2974],[27.3774,37.2974],[27.3776,37.2971]],[[27.3774,37.2964],[27.3766,37.297],[27.376,37.2964],[27.3766,37.2956]],[[27.3786,37.2953],[27.3776,37.2959],[27.3771,37.2953],[27.3776,37.2949]],[[27.376,37.2943],[27.3762,37.2953],[27.3755,37.2959],[27.3748,37.2943],[27.3755,37.2939]],[[27.3746,37.2932],[27.3745,37.2936],[27.3745,37.2929]],[[27.5044,37.2495],[27.5036,37.2501],[27.5028,37.2495],[27.5036,37.249]],[[27.5552,37.2443],[27.5547,37.2447],[27.5547,37.2436]],[[27.5542,37.2339],[27.5533,37.2339],[27.5536,37.2328]],[[27.5795,37.2328],[27.5818,37.2343],[27.5831,37.2359],[27.5865,37.2443],[27.587,37.245],[27.5881,37.2453],[27.5879,37.2464],[27.5922,37.2487],[27.5943,37.2535],[27.5965,37.2557],[27.5966,37.2589],[27.5971,37.2599],[27.5964,37.2641],[27.5922,37.265],[27.5891,37.264],[27.5859,37.2636],[27.5849,37.264],[27.5839,37.2631],[27.5828,37.2632],[27.5807,37.2641],[27.579,37.2641],[27.5776,37.2656],[27.5755,37.2651],[27.5745,37.2668],[27.5724,37.2669],[27.5714,37.2687],[27.5693,37.27],[27.5661,37.2709],[27.562,37.2704],[27.5557,37.2656],[27.5541,37.2641],[27.5536,37.2629],[27.5495,37.2594],[27.549,37.2589],[27.5486,37.2557],[27.5502,37.2547],[27.5536,37.2547],[27.5547,37.2536],[27.5547,37.2526],[27.5557,37.2526],[27.5578,37.2505],[27.5583,37.2505],[27.5589,37.2516],[27.5578,37.2526],[27.5578,37.2557],[27.5589,37.2571],[27.562,37.2581],[27.5641,37.2572],[27.5651,37.2572],[27.566,37.2557],[27.5673,37.2547],[27.5682,37.251],[27.5693,37.2499],[27.5704,37.2505],[27.5701,37.2484],[27.5709,37.2474],[27.5692,37.2443],[27.5689,37.2401],[27.5688,37.2391],[27.5703,37.2356],[27.5734,37.2335],[27.5745,37.2322],[27.5766,37.2324],[27.5776,37.2318]],[[27.5267,37.2026],[27.5266,37.203],[27.5262,37.2026]],[[27.5315,37.2026],[27.5307,37.2029],[27.5307,37.2019]],[[27.5423,37.2026],[27.5422,37.2029],[27.5415,37.2026]],[[27.5311,37.1797],[27.5307,37.1801],[27.5298,37.1797],[27.5307,37.1792]],[[27.3742,37.1547],[27.3734,37.1556],[27.3734,37.1541]],[[27.3736,37.1526],[27.3734,37.1533],[27.3733,37.1526]],[[27.3815,37.1505],[27.3826,37.1516],[27.3815,37.1547],[27.3816,37.1568],[27.3841,37.1589],[27.384,37.1609],[27.3859,37.1634],[27.3873,37.1641],[27.387,37.1643],[27.3849,37.1642],[27.3828,37.1631],[27.3735,37.1557],[27.3758,37.1536],[27.3776,37.1532],[27.3807,37.1503]],[[27.5401,37.1495],[27.5405,37.1505],[27.5391,37.1513],[27.5387,37.1505],[27.5391,37.1497]],[[27.5362,37.1484],[27.5357,37.1484],[27.5359,37.1479]],[[27.2889,37.1443],[27.288,37.1453],[27.2875,37.1443],[27.288,37.1438]],[[27.5078,37.1391],[27.5078,37.1396],[27.5072,37.1391],[27.5078,37.1386]],[[27.3896,37.1339],[27.3885,37.1339],[27.3891,37.1328]],[[27.3969,37.1328],[27.3964,37.1335],[27.3955,37.1328],[27.3964,37.132]],[[27.5215,37.1193],[27.5214,37.1196],[27.5211,37.1193]],[[27.2226,37.0807],[27.2214,37.0811],[27.221,37.0807],[27.2214,37.0801]],[[27.2212,37.0797],[27.2203,37.0803],[27.2197,37.0797],[27.2203,37.0787]],[[27.2312,37.0495],[27.2304,37.0505],[27.2287,37.0505],[27.2297,37.0485]],[[27.3968,37.0141],[27.3962,37.0141],[27.3964,37.0136]],[[27.006,37.0057],[27.0057,37.0058],[27.0057,37.0053]],[[27.1871,37.0057],[27.187,37.006],[27.187,37.0054]],[[27.205,37.0047],[27.2047,37.005],[27.2042,37.0047]],[[27.0068,37.4824],[27.0089,37.4812],[27.0107,37.4786],[27.0115,37.4766],[27.0118,37.4745],[27.0115,37.4734],[27.0149,37.4682],[27.0153,37.4661],[27.0126,37.4609],[27.0119,37.4547],[27.0109,37.4523],[27.0078,37.4494],[27.0047,37.4478],[27.0005,37.4473]],[[27.0047,37.0211],[27.0057,37.0211],[27.0068,37.0201],[27.012,37.0187],[27.013,37.0175],[27.0161,37.0167],[27.0193,37.0174],[27.0266,37.0176],[27.0328,37.0186],[27.0359,37.0184],[27.038,37.0176],[27.0408,37.0151],[27.0463,37.0078],[27.05,37.0047],[27.0526,37.0034]],[[27.1794,37.0005],[27.1783,37.0016],[27.1773,37.0036],[27.1776,37.0068],[27.1782,37.0078],[27.1797,37.0088],[27.1828,37.0093],[27.1869,37.0089],[27.1874,37.0068],[27.1882,37.0057],[27.1859,37.0022],[27.1827,37.0005]],[[27.201,37.0005],[27.2007,37.0026],[27.2016,37.0035],[27.2026,37.0036],[27.2022,37.0047],[27.206,37.0078],[27.208,37.0089],[27.2075,37.0099],[27.2109,37.0139],[27.2151,37.0153],[27.2172,37.0173],[27.2182,37.0175],[27.2193,37.017],[27.2214,37.0176],[27.2266,37.0171],[27.2286,37.0162],[27.2299,37.0161],[27.2328,37.0127],[27.2336,37.0109],[27.2336,37.0078],[27.2328,37.0057],[27.2276,37.0018],[27.2245,37.0006]],[[27.2462,37.0005],[27.2463,37.0016],[27.2446,37.0078],[27.2404,37.0172],[27.2372,37.0224],[27.2371,37.0234],[27.2359,37.0235],[27.2345,37.0276],[27.233,37.0286],[27.2283,37.0339],[27.2266,37.035],[27.2244,37.0391],[27.2249,37.0411],[27.2257,37.0422],[27.227,37.0484],[27.228,37.0495],[27.2274,37.0505],[27.2266,37.0508],[27.2255,37.0504],[27.2243,37.0516],[27.2224,37.0558],[27.2221,37.0589],[27.2251,37.0682],[27.2242,37.0693],[27.2266,37.0732],[27.228,37.0734],[27.2265,37.0766],[27.2234,37.08],[27.2224,37.0784],[27.2214,37.0795],[27.2203,37.0786],[27.2193,37.0789],[27.2182,37.0776],[27.2099,37.0754],[27.2036,37.0783],[27.2022,37.0807],[27.2019,37.0828],[27.2029,37.0859],[27.2073,37.0911],[27.2089,37.0921],[27.2172,37.0929],[27.2182,37.0906],[27.2224,37.0899],[27.2245,37.0909],[27.2255,37.0906],[27.2276,37.0911],[27.2328,37.0932],[27.237,37.0938],[27.2411,37.0974],[27.2419,37.0932],[27.2422,37.0929],[27.2432,37.0936],[27.2434,37.0922],[27.2452,37.0901],[27.2458,37.088],[27.2457,37.0859],[27.2464,37.0853],[27.2474,37.0855],[27.2483,37.087],[27.248,37.088],[27.2487,37.0901],[27.2481,37.0922],[27.2504,37.0943],[27.2526,37.0974],[27.2547,37.0969],[27.2568,37.0974],[27.2578,37.0969],[27.263,37.0971],[27.2651,37.0984],[27.2682,37.1015],[27.2734,37.1027],[27.2755,37.1041],[27.2773,37.1068],[27.2776,37.1112],[27.2755,37.1109],[27.2703,37.1089],[27.2693,37.1093],[27.2682,37.1087],[27.2651,37.1087],[27.262,37.1078],[27.2589,37.1078],[27.2578,37.1072],[27.2557,37.1071],[27.2536,37.1055],[27.2526,37.1057],[27.2538,37.1068],[27.2535,37.1078],[27.2505,37.1093],[27.2495,37.112],[27.2489,37.1109],[27.248,37.1109],[27.2495,37.112],[27.2508,37.1182],[27.2509,37.1234],[27.2502,37.1266],[27.2506,37.1297],[27.2547,37.1353],[27.2568,37.1365],[27.2599,37.1366],[27.2657,37.138],[27.2682,37.1395],[27.2711,37.1432],[27.2734,37.1448],[27.2776,37.146],[27.2807,37.1461],[27.2828,37.1454],[27.288,37.1453],[27.2906,37.1443],[27.2911,37.1432],[27.2899,37.1411],[27.2899,37.1401],[27.2891,37.1384],[27.2879,37.137],[27.2886,37.1339],[27.2899,37.1318],[27.2904,37.1297],[27.2911,37.1291],[27.2922,37.1291],[27.2941,37.1307],[27.2943,37.1315],[27.2984,37.1322],[27.2995,37.133],[27.3016,37.1325],[27.3041,37.1349],[27.3043,37.137],[27.3051,37.138],[27.3057,37.1386],[27.308,37.1391],[27.3078,37.1394],[27.3068,37.1392],[27.3065,37.1401],[27.3089,37.1406],[27.312,37.1423],[27.3172,37.1466],[27.3193,37.1502],[27.319,37.1516],[27.3205,37.1536],[27.3193,37.1542],[27.3182,37.1538],[27.3173,37.1547],[27.3171,37.1557],[27.3197,37.1578],[27.3209,37.1609],[27.3224,37.162],[27.3276,37.1629],[27.3297,37.1624],[27.3307,37.1629],[27.337,37.161],[27.3422,37.1578],[27.3453,37.1571],[27.3464,37.1574],[27.3474,37.1567],[27.3505,37.1571],[27.3516,37.1567],[27.3536,37.1582],[27.3545,37.1599],[27.3543,37.162],[27.3536,37.163],[27.3536,37.1642],[27.351,37.1672],[27.3502,37.1703],[27.3505,37.1766],[27.3516,37.1785],[27.3536,37.1802],[27.3557,37.1809],[27.3589,37.1805],[27.3672,37.1782],[27.3714,37.1766],[27.3734,37.1755],[27.3755,37.1735],[27.3779,37.1724],[27.3807,37.1715],[27.3859,37.171],[27.387,37.1698],[27.388,37.1701],[27.3901,37.1644],[27.391,37.1651],[27.3911,37.1658],[27.3913,37.1641],[27.3926,37.162],[27.3921,37.1578],[27.3931,37.1547],[27.3943,37.1545],[27.3951,37.1536],[27.3955,37.1495],[27.399,37.1443],[27.4016,37.1427],[27.4026,37.1427],[27.4028,37.1422],[27.4007,37.1401],[27.4016,37.1387],[27.4026,37.14],[27.4036,37.1403],[27.4047,37.1406],[27.4068,37.1404],[27.4172,37.1384],[27.4192,37.1359],[27.4214,37.1349],[27.4255,37.1338],[27.4297,37.1342],[27.4328,37.1336],[27.4359,37.1306],[27.4391,37.1264],[27.4408,37.1234],[27.4412,37.1214],[27.4432,37.1202],[27.4445,37.1203],[27.4442,37.1182],[27.4465,37.1141],[27.446,37.113],[27.4495,37.1078],[27.4503,37.1057],[27.45,37.1047],[27.4505,37.1039],[27.4526,37.1048],[27.4521,37.1036],[27.4526,37.1024],[27.4578,37.1005],[27.4599,37.1001],[27.4609,37.101],[27.4617,37.1005],[27.462,37.099],[27.4651,37.0974],[27.4649,37.0943],[27.4653,37.0932],[27.4648,37.0911],[27.4651,37.0906],[27.4682,37.0893],[27.4693,37.0895],[27.4703,37.0905],[27.4755,37.0925],[27.4776,37.0942],[27.4799,37.0953],[27.482,37.0974],[27.4818,37.0987],[27.4828,37.0984],[27.4839,37.0992],[27.4839,37.1005],[27.4849,37.101],[27.488,37.1044],[27.4922,37.1072],[27.4932,37.1072],[27.4936,37.1078],[27.496,37.1089],[27.4974,37.1109],[27.5005,37.1121],[27.5016,37.1115],[27.512,37.1129],[27.5193,37.1171],[27.5202,37.1182],[27.5201,37.1193],[27.5214,37.1206],[27.5224,37.1211],[27.5234,37.1208],[27.5263,37.1234],[27.5267,37.1245],[27.5286,37.1252],[27.5298,37.1266],[27.5328,37.128],[27.5349,37.13],[27.5382,37.1318],[27.544,37.137],[27.5454,37.1401],[27.545,37.1422],[27.5432,37.1444],[27.5422,37.1444],[27.5411,37.1455],[27.5401,37.1458],[27.5391,37.1452],[27.5382,37.1453],[27.538,37.1458],[27.537,37.1426],[27.5343,37.1391],[27.5297,37.1371],[27.5286,37.1373],[27.5255,37.1366],[27.5234,37.1356],[27.5224,37.1361],[27.5203,37.1347],[27.5193,37.1349],[27.518,37.1359],[27.5184,37.137],[27.5179,37.138],[27.5183,37.1391],[27.5161,37.1403],[27.5109,37.1386],[27.5089,37.137],[27.5078,37.1376],[27.5067,37.137],[27.5068,37.1381],[27.5057,37.1385],[27.5036,37.1356],[27.5026,37.1366],[27.4984,37.1347],[27.4974,37.1338],[27.4977,37.1349],[27.4974,37.1352],[27.4939,37.1339],[27.4922,37.1342],[27.4901,37.1332],[27.4885,37.1307],[27.4881,37.1276],[27.4885,37.1266],[27.488,37.1241],[27.4859,37.1217],[27.4807,37.1184],[27.4761,37.1141],[27.4745,37.1132],[27.4734,37.1129],[27.4714,37.1139],[27.4693,37.1137],[27.4661,37.1158],[27.4646,37.1161],[27.4667,37.1214],[27.4658,37.1224],[27.4672,37.1229],[27.4703,37.1255],[27.4713,37.1276],[27.4762,37.1328],[27.4797,37.1351],[27.4807,37.1347],[27.4849,37.1377],[27.4855,37.1453],[27.4888,37.1526],[27.4895,37.1578],[27.4904,37.1599],[27.4932,37.163],[27.4964,37.165],[27.5016,37.1669],[27.5036,37.1675],[27.5068,37.1672],[27.5099,37.1682],[27.5109,37.1681],[27.512,37.1688],[27.513,37.168],[27.5141,37.1688],[27.5151,37.1678],[27.5161,37.168],[27.5182,37.1668],[27.5203,37.1668],[27.5214,37.1673],[27.5245,37.1672],[27.5276,37.1693],[27.5288,37.1693],[27.5292,37.1714],[27.5321,37.1745],[27.5309,37.1766],[27.5318,37.1776],[27.5307,37.1776],[27.5296,37.1797],[27.5295,37.1818],[27.5286,37.1839],[27.5297,37.186],[27.5286,37.1864],[27.5276,37.1856],[27.5269,37.1859],[27.527,37.187],[27.5266,37.1874],[27.5224,37.1881],[27.5203,37.1869],[27.52,37.1891],[27.5193,37.19],[27.5172,37.1897],[27.5151,37.1878],[27.5151,37.1893],[27.5129,37.1911],[27.5126,37.1943],[27.5108,37.1984],[27.512,37.2009],[27.5151,37.2021],[27.5203,37.2022],[27.5214,37.203],[27.5224,37.2024],[27.5234,37.2029],[27.5255,37.2029],[27.5266,37.2038],[27.5286,37.2028],[27.5307,37.2047],[27.5318,37.2029],[27.5337,37.2016],[27.5359,37.2008],[27.537,37.201],[27.5422,37.2048],[27.5429,37.2047],[27.5432,37.2035],[27.5447,37.2047],[27.5453,37.206],[27.5464,37.2058],[27.5495,37.2073],[27.5516,37.211],[27.5526,37.2103],[27.5542,37.2109],[27.5536,37.2099],[27.5547,37.2099],[27.5557,37.2106],[27.5568,37.2103],[27.5572,37.2109],[27.5562,37.212],[27.5568,37.2123],[27.5578,37.2117],[27.5604,37.2141],[27.5612,37.2161],[27.5608,37.2172],[27.5599,37.2179],[27.5588,37.2172],[27.5599,37.2187],[27.5609,37.2189],[27.5622,37.2203],[27.5614,37.2224],[27.5624,37.2234],[27.5631,37.2255],[27.5622,37.2286],[27.5599,37.2297],[27.5578,37.2294],[27.5575,37.2297],[27.5578,37.23],[27.5589,37.23],[27.5596,37.2307],[27.5589,37.2313],[27.5568,37.2315],[27.5547,37.2329],[27.5516,37.233],[27.5497,37.2339],[27.5484,37.2363],[27.5453,37.2352],[27.5443,37.2357],[27.5432,37.2373],[27.5422,37.2367],[27.5413,37.237],[27.5411,37.2376],[27.5411,37.237],[27.5393,37.2359],[27.5391,37.2349],[27.5379,37.2339],[27.5389,37.2328],[27.5392,37.2318],[27.5383,37.2286],[27.5365,37.2266],[27.5364,37.2255],[27.5318,37.2217],[27.5266,37.2199],[27.5255,37.2205],[27.5214,37.2209],[27.5151,37.2205],[27.5078,37.2181],[27.5057,37.2169],[27.5042,37.2151],[27.503,37.213],[27.5036,37.2119],[27.5026,37.2127],[27.5016,37.2118],[27.4995,37.2119],[27.496,37.2057],[27.4943,37.2042],[27.4932,37.2041],[27.4911,37.2059],[27.4901,37.2099],[27.4945,37.2214],[27.4938,37.2245],[27.4944,37.2266],[27.494,37.2276],[27.4944,37.2297],[27.4944,37.2328],[27.4939,37.2339],[27.4941,37.237],[27.4931,37.238],[27.4934,37.2391],[27.4949,37.2401],[27.494,37.2411],[27.4964,37.2422],[27.503,37.2484],[27.5025,37.2495],[27.5039,37.2516],[27.5016,37.2537],[27.5013,37.2547],[27.5016,37.2557],[27.5008,37.2578],[27.4974,37.2584],[27.4953,37.2605],[27.4943,37.2606],[27.4891,37.2601],[27.487,37.2594],[27.4857,37.2578],[27.4854,37.2568],[27.4833,37.2547],[27.4842,37.2536],[27.4807,37.25],[27.4797,37.25],[27.4776,37.2474],[27.4766,37.2478],[27.4755,37.2497],[27.4714,37.2491],[27.4703,37.2494],[27.4672,37.2486],[27.4609,37.2455],[27.4589,37.2452],[27.4547,37.2458],[27.4522,37.2474],[27.4509,37.2495],[27.4499,37.2526],[27.4496,37.2557],[27.4507,37.2599],[27.4568,37.2682],[27.4596,37.2714],[27.4613,37.2724],[27.4635,37.2755],[27.4657,37.2776],[27.4655,37.2786],[27.4673,37.2849],[27.4686,37.2859],[27.4693,37.288],[27.4703,37.2891],[27.4701,37.2901],[27.4727,37.2922],[27.4767,37.2943],[27.4797,37.2977],[27.4818,37.2993],[27.4828,37.3016],[27.4818,37.3023],[27.4807,37.3016],[27.4824,37.3036],[27.4837,37.3078],[27.4844,37.3141],[27.4839,37.3163],[27.4818,37.3177],[27.4786,37.3161],[27.4744,37.313],[27.474,37.312],[27.4724,37.3114],[27.4703,37.3097],[27.4693,37.3105],[27.4641,37.3073],[27.4618,37.3047],[27.4568,37.3012],[27.4557,37.3012],[27.4547,37.3025],[27.4543,37.3016],[27.4516,37.2989],[27.4495,37.2973],[27.4484,37.2972],[27.4474,37.2986],[27.4464,37.2981],[27.4453,37.2985],[27.4443,37.2979],[27.4432,37.2982],[27.4413,37.3005],[27.4397,37.3005],[27.4396,37.2995],[27.4349,37.2961],[27.4328,37.2954],[27.4286,37.2955],[27.4245,37.2978],[27.4172,37.2977],[27.4133,37.2984],[27.4068,37.3006],[27.4036,37.3033],[27.4005,37.3042],[27.3974,37.3065],[27.3953,37.307],[27.3922,37.307],[27.387,37.3053],[27.3859,37.3059],[27.3829,37.3036],[27.382,37.3016],[27.3806,37.3005],[27.3811,37.2995],[27.3807,37.2989],[27.3797,37.2999],[27.3794,37.2995],[27.3795,37.2984],[27.3782,37.2964],[27.3787,37.2943],[27.3763,37.2911],[27.3774,37.287],[27.3747,37.2807],[27.3714,37.2773],[27.3693,37.2763],[27.3661,37.2757],[27.363,37.2763],[27.3609,37.278],[27.36,37.2797],[27.3601,37.2828],[27.3633,37.288],[27.3672,37.292],[27.3693,37.2935],[27.3703,37.2937],[27.3709,37.2953],[27.3732,37.2974],[27.3729,37.2984],[27.3745,37.3007],[27.3757,37.3016],[27.3756,37.3026],[27.3765,37.3047],[27.3781,37.3057],[27.3789,37.3078],[27.3786,37.3089],[27.3791,37.3109],[27.3809,37.3151],[27.3812,37.3172],[27.3812,37.3214],[27.3802,37.3224],[27.3785,37.3297],[27.3776,37.331],[27.3776,37.3328],[27.3766,37.3336],[27.3755,37.3355],[27.3734,37.3353],[27.3724,37.3357],[27.3714,37.3354],[27.3703,37.3361],[27.3693,37.3359],[27.3682,37.3365],[27.3661,37.3358],[27.362,37.3363],[27.3568,37.3302],[27.3536,37.3298],[27.3514,37.3286],[27.3483,37.3234],[27.3464,37.3214],[27.3453,37.3217],[27.3422,37.32],[27.3411,37.3206],[27.3401,37.3197],[27.3391,37.3196],[27.3349,37.3176],[27.3297,37.3133],[27.3203,37.3106],[27.3193,37.3112],[27.3172,37.3097],[27.312,37.3075],[27.308,37.3099],[27.3072,37.312],[27.3073,37.3141],[27.3094,37.3172],[27.3102,37.3193],[27.3113,37.3203],[27.3116,37.3214],[27.3108,37.3224],[27.3119,37.3234],[27.3123,37.3245],[27.3109,37.3257],[27.3111,37.3266],[27.3122,37.3276],[27.3123,37.3286],[27.3109,37.3281],[27.3101,37.3286],[27.3099,37.3296],[27.3089,37.3299],[27.3074,37.3318],[27.3068,37.3353],[27.3051,37.338],[27.3026,37.3405],[27.3002,37.3411],[27.2995,37.3418],[27.2984,37.3415],[27.2974,37.3404],[27.2964,37.3403],[27.2953,37.3421],[27.2943,37.3428],[27.2891,37.3443],[27.288,37.344],[27.2839,37.3447],[27.2797,37.3416],[27.2786,37.3411],[27.2776,37.3412],[27.2748,37.3391],[27.2732,37.3349],[27.2709,37.3318],[27.2693,37.3304],[27.2661,37.3286],[27.2609,37.3277],[27.2557,37.3285],[27.2516,37.33],[27.237,37.3319],[27.2313,37.3339],[27.2266,37.3372],[27.2224,37.3382],[27.2203,37.3378],[27.212,37.34],[27.2089,37.3412],[27.2057,37.3433],[27.2047,37.3431],[27.1964,37.3447],[27.1919,37.3474],[27.1886,37.3505],[27.1881,37.3516],[27.1878,37.3547],[27.1901,37.3598],[27.1961,37.3641],[27.1982,37.3672],[27.1994,37.3724],[27.2026,37.3779],[27.2035,37.3807],[27.2043,37.3818],[27.2048,37.3839],[27.206,37.3859],[27.2056,37.387],[27.2061,37.3901],[27.2049,37.3964],[27.2057,37.4015],[27.2078,37.4052],[27.2099,37.4068],[27.212,37.4099],[27.2109,37.4104],[27.2113,37.412],[27.2103,37.4161],[27.2109,37.4204],[27.2138,37.4255],[27.2145,37.4297],[27.2145,37.4328],[27.214,37.4339],[27.2147,37.4432],[27.2143,37.4474],[27.2138,37.4495],[27.2123,37.4516],[27.2109,37.4521],[27.2094,37.4547],[27.207,37.4557],[27.2077,37.4568],[27.2068,37.4571],[27.2057,37.4562],[27.2047,37.4562],[27.2026,37.4602],[27.1891,37.4663],[27.1828,37.4685],[27.1786,37.4708],[27.1776,37.4725],[27.1734,37.4849],[27.1736,37.4995],[27.1728,37.5068],[27.1721,37.5089],[27.1683,37.5172],[27.1626,37.5245],[27.1613,37.5276],[27.1603,37.5349],[27.1589,37.5394],[27.1522,37.5495],[27.1516,37.5516],[27.1474,37.5549],[27.1446,37.5557],[27.1432,37.5567],[27.1388,37.563],[27.1383,37.5651],[27.1385,37.5672],[27.1416,37.5755],[27.1406,37.5839],[27.138,37.5911],[27.1295,37.6099],[27.1282,37.6161],[27.1264,37.6172],[27.1224,37.6217],[27.1203,37.622],[27.1186,37.6214],[27.1167,37.6214],[27.113,37.6242],[27.1101,37.6255],[27.1078,37.6256],[27.1026,37.6277],[27.0996,37.6297],[27.099,37.6307],[27.0932,37.6338],[27.0901,37.6343],[27.0786,37.6347],[27.0724,37.6362],[27.0661,37.6355],[27.0568,37.636],[27.0547,37.6365],[27.0505,37.6385],[27.038,37.6418],[27.0339,37.6435],[27.0297,37.6442],[27.0234,37.6433],[27.0182,37.6432],[27.013,37.6435],[27.0089,37.6446],[27.0036,37.6442],[27.0005,37.6446]],[[27.0943,37.269],[27.0901,37.2689],[27.088,37.27],[27.0849,37.2706],[27.0797,37.2745],[27.0774,37.2786],[27.0775,37.2807],[27.0786,37.2821],[27.0786,37.2835],[27.0767,37.2849],[27.0752,37.287],[27.0751,37.288],[27.0759,37.2953],[27.0769,37.2984],[27.0817,37.3036],[27.0832,37.3068],[27.0849,37.3086],[27.087,37.3098],[27.0901,37.3106],[27.0932,37.3102],[27.0984,37.3073],[27.1016,37.3061],[27.104,37.3036],[27.1045,37.3016],[27.1044,37.2984],[27.1024,37.2953],[27.1026,37.2943],[27.1012,37.2922],[27.1011,37.2901],[27.1018,37.2891],[27.106,37.2859],[27.1075,37.2807],[27.1073,37.2776],[27.1047,37.2739],[27.0984,37.2703]],[[27.3943,37.2481],[27.3911,37.2482],[27.3887,37.2495],[27.3877,37.2516],[27.3878,37.2526],[27.3891,37.2544],[27.3911,37.2555],[27.3932,37.2559],[27.3953,37.2553],[27.3974,37.2536],[27.3978,37.2526],[27.3974,37.2505]],[[27.4224,37.2182],[27.4203,37.2178],[27.4183,37.2193],[27.4179,37.2203],[27.4183,37.2224],[27.4214,37.2246],[27.4234,37.2241],[27.4244,37.2224],[27.4239,37.2203]],[[27.0703,37.0785],[27.0661,37.0778],[27.0641,37.0787],[27.063,37.0806],[27.0628,37.0828],[27.0633,37.0859],[27.0641,37.0871],[27.0651,37.0878],[27.0672,37.0878],[27.0712,37.0849],[27.0724,37.0833],[27.0733,37.0818]],[[27.0839,37.0484],[27.0807,37.0482],[27.0786,37.049],[27.0776,37.0499],[27.0745,37.055],[27.0703,37.0578],[27.0682,37.0609],[27.0683,37.0641],[27.0693,37.0653],[27.0714,37.0666],[27.0734,37.0665],[27.0766,37.0686],[27.0776,37.0686],[27.0786,37.0694],[27.0839,37.0699],[27.0911,37.0684],[27.0953,37.0669],[27.0995,37.0663],[27.1047,37.0634],[27.1092,37.062],[27.1108,37.0599],[27.1108,37.0557],[27.1099,37.0542],[27.1089,37.0536],[27.0901,37.0508]],[[27.1484,37.0432],[27.1453,37.0429],[27.1429,37.0443],[27.1422,37.0453],[27.1425,37.0495],[27.1443,37.0515],[27.1464,37.0523],[27.1505,37.0531],[27.153,37.0526],[27.1548,37.0505],[27.1548,37.0484],[27.1544,37.0474],[27.1516,37.0445]],[[27.2036,37.041],[27.203,37.0411],[27.2034,37.0422],[27.2026,37.0427],[27.1995,37.0432],[27.1964,37.0456],[27.1952,37.0474],[27.1954,37.0495],[27.1974,37.0522],[27.2005,37.0534],[27.2057,37.0542],[27.207,37.0536],[27.2093,37.0464],[27.2077,37.0443],[27.2076,37.0432],[27.2057,37.0418]],[[27.36,37.0005],[27.3563,37.0016],[27.3552,37.0036],[27.3535,37.0036],[27.3538,37.0047],[27.3532,37.0068],[27.3523,37.0078],[27.3505,37.0128],[27.3484,37.0124],[27.3474,37.0129],[27.3443,37.0127],[27.3432,37.0119],[27.3399,37.0109],[27.3391,37.0099],[27.338,37.0099],[27.3368,37.0089],[27.3363,37.0078],[27.337,37.0069],[27.338,37.0073],[27.3391,37.0067],[27.3401,37.0072],[27.3411,37.0069],[27.3422,37.0077],[27.345,37.0026],[27.3463,37.0016]],[[27.3677,37.0005],[27.3676,37.0016],[27.3703,37.0047],[27.3709,37.0078],[27.3705,37.0099],[27.3725,37.012],[27.3714,37.0136],[27.3703,37.0138],[27.3684,37.012],[27.3682,37.0104],[27.3687,37.0099],[27.3682,37.0098],[27.3668,37.0057],[27.3658,37.0047],[27.3668,37.0036],[27.3651,37.002],[27.3624,37.0005]],[[27.4261,37.0005],[27.4297,37.0013]],[[27.4582,37.0005],[27.4557,37.0022],[27.4519,37.0036],[27.4504,37.0047],[27.4464,37.0094],[27.4448,37.012],[27.4446,37.013],[27.4373,37.0172],[27.4297,37.0242],[27.4266,37.0227],[27.4224,37.0171],[27.4203,37.0162],[27.4161,37.0128],[27.412,37.0116],[27.4089,37.0121],[27.4068,37.013],[27.4057,37.0127],[27.4047,37.0131],[27.4036,37.0123],[27.4026,37.0132],[27.4005,37.0118],[27.3995,37.0124],[27.3987,37.012],[27.3987,37.0109],[27.398,37.0099],[27.3984,37.0086],[27.3972,37.0068],[27.3986,37.0057],[27.394,37.0026],[27.393,37.0005]],[[27.9995,37.0212],[27.9961,37.0224],[27.9943,37.0255],[27.9932,37.0235],[27.9922,37.0237],[27.9901,37.0227],[27.987,37.0228],[27.9859,37.0235],[27.9797,37.0231],[27.9755,37.0207],[27.9703,37.0165],[27.9578,37.0134],[27.9516,37.0123],[27.9443,37.0124],[27.9401,37.0137],[27.9332,37.0203],[27.9301,37.0224],[27.9286,37.022],[27.9276,37.0228],[27.9245,37.0229],[27.9224,37.0224],[27.9182,37.0203],[27.9161,37.0198],[27.9078,37.0189],[27.9047,37.0194],[27.9005,37.0212],[27.8974,37.0217],[27.8932,37.0243],[27.8901,37.024],[27.8859,37.0231],[27.8828,37.0217],[27.8714,37.0195],[27.8641,37.017],[27.8579,37.0172],[27.8495,37.015],[27.8453,37.0151],[27.8432,37.0141],[27.8384,37.0099],[27.8359,37.0087],[27.8307,37.0085],[27.8276,37.0092],[27.8255,37.0092],[27.8234,37.0089],[27.8203,37.0076],[27.8193,37.0078],[27.8189,37.0057],[27.8172,37.0033],[27.8137,37.0005]]]}},{"type":"Feature","properties":{"depth":20,"kind":"band"},"geometry":{"type":"MultiPolygon","coordinates":[[[[27.0706,37.712],[27.0703,37.7124],[27.0703,37.7118],[27.0706,37.712]]],[[[27.1016,37.6849],[27.1141,37.6879],[27.1234,37.6921],[27.1464,37.6958],[27.1505,37.6975],[27.1547,37.7007],[27.1641,37.704],[27.1715,37.7047],[27.1786,37.7068],[27.1807,37.7079],[27.188,37.7098],[27.2016,37.7153],[27.2026,37.7148],[27.2068,37.7158],[27.213,37.7199],[27.2172,37.7238],[27.2214,37.7269],[27.2286,37.7303],[27.2349,37.7359],[27.241,37.7432],[27.2436,37.7495],[27.2484,37.7577],[27.2513,37.7651],[27.2527,37.7703],[27.2543,37.7807],[27.2577,37.7911],[27.2587,37.7964],[27.2586,37.8016],[27.2575,37.8036],[27.2579,37.8057],[27.2565,37.8099],[27.2543,37.813],[27.2505,37.8135],[27.2464,37.8155],[27.2437,37.8161],[27.2411,37.8173],[27.238,37.8198],[27.2339,37.8257],[27.2305,37.8328],[27.2296,37.8339],[27.229,37.8359],[27.2279,37.837],[27.226,37.8411],[27.2248,37.8422],[27.2232,37.8474],[27.223,37.8495],[27.2249,37.8578],[27.2235,37.863],[27.2211,37.8672],[27.2213,37.8703],[27.2224,37.873],[27.2255,37.8748],[27.2286,37.8735],[27.2339,37.8726],[27.2349,37.8718],[27.2391,37.8721],[27.2411,37.8715],[27.2453,37.8721],[27.2464,37.8724],[27.2484,37.8758],[27.2495,37.8753],[27.2502,37.8766],[27.2517,37.8766],[27.2531,37.8776],[27.2536,37.8793],[27.2547,37.8795],[27.2545,37.8818],[27.2552,37.8849],[27.2563,37.887],[27.2556,37.8953],[27.2572,37.8995],[27.2554,37.9016],[27.2545,37.9036],[27.253,37.9078],[27.2524,37.912],[27.2536,37.9172],[27.2572,37.9234],[27.2605,37.9318],[27.2622,37.9339],[27.2619,37.9349],[27.2631,37.9359],[27.2626,37.937],[27.263,37.938],[27.2599,37.945],[27.2589,37.9449],[27.2584,37.9453],[27.2583,37.9464],[27.2505,37.9565],[27.2474,37.9587],[27.2453,37.9616],[27.2415,37.9651],[27.2391,37.9661],[27.237,37.9678],[27.2349,37.9705],[27.232,37.9724],[27.2297,37.9728],[27.2245,37.9763],[27.2217,37.9776],[27.2151,37.9798],[27.2109,37.9798],[27.2099,37.9803],[27.2078,37.9796],[27.2036,37.979],[27.1964,37.9793],[27.1891,37.9788],[27.187,37.9775],[27.1724,37.9727],[27.1693,37.9721],[27.1661,37.9728],[27.1599,37.9756],[27.1536,37.9773],[27.1495,37.9769],[27.1484,37.9762],[27.1474,37.9766],[27.1391,37.9768],[27.1359,37.9772],[27.1339,37.9789],[27.1276,37.9795],[27.1245,37.982],[27.1224,37.983],[27.1193,37.9835],[27.1161,37.9857],[27.1138,37.988],[27.1125,37.9901],[27.1068,37.9953],[27.1026,38],[27.0005,38],[27,37.9995],[27,37.8026],[27.0036,37.7998],[27.0047,37.7984],[27.0047,37.7961],[27.0057,37.7963],[27.006,37.7953],[27.0016,37.791],[27.0009,37.7911],[27.0013,37.7922],[27.0005,37.7926],[27,37.7922],[27,37.7828],[27.0005,37.7819],[27.0026,37.7833],[27.0031,37.7828],[27.0026,37.7814],[27.006,37.7807],[27.0068,37.7801],[27.013,37.7797],[27.0161,37.7788],[27.0172,37.7799],[27.0193,37.7799],[27.0214,37.7797],[27.0224,37.7787],[27.0234,37.7785],[27.0318,37.7779],[27.038,37.7786],[27.0443,37.781],[27.0609,37.7839],[27.0651,37.7824],[27.0672,37.7828],[27.0704,37.7807],[27.0727,37.7776],[27.0724,37.7755],[27.0714,37.7735],[27.0703,37.7726],[27.062,37.7672],[27.0557,37.7646],[27.0526,37.762],[27.0525,37.7609],[27.0484,37.7586],[27.0474,37.759],[27.0464,37.7583],[27.0453,37.7592],[27.0422,37.7583],[27.0411,37.7584],[27.0372,37.7568],[27.0358,37.7547],[27.0364,37.7536],[27.0364,37.7516],[27.0376,37.7505],[27.0383,37.7484],[27.0401,37.7468],[27.0411,37.7469],[27.0422,37.7459],[27.0443,37.7456],[27.0464,37.7443],[27.0472,37.7422],[27.0488,37.7401],[27.0493,37.738],[27.0504,37.738],[27.0505,37.7393],[27.0506,37.737],[27.0527,37.7349],[27.0528,37.7339],[27.0536,37.7332],[27.0547,37.733],[27.0557,37.7335],[27.0599,37.7329],[27.0609,37.7347],[27.062,37.7322],[27.0661,37.7312],[27.069,37.7297],[27.07,37.7286],[27.0736,37.7203],[27.0739,37.7161],[27.071,37.7109],[27.0724,37.7099],[27.0724,37.7089],[27.0737,37.7078],[27.0714,37.7055],[27.0693,37.7046],[27.0682,37.7054],[27.0672,37.7045],[27.0661,37.7051],[27.0651,37.7046],[27.063,37.7054],[27.0599,37.7055],[27.0578,37.7046],[27.0568,37.7046],[27.0559,37.7036],[27.0536,37.7028],[27.0516,37.7013],[27.0495,37.7019],[27.0474,37.7011],[27.0453,37.6993],[27.0443,37.7],[27.0432,37.6996],[27.0422,37.7006],[27.0421,37.6995],[27.0411,37.6988],[27.0401,37.6991],[27.0391,37.6977],[27.037,37.6978],[27.0357,37.6974],[27.0349,37.6966],[27.0307,37.6982],[27.0289,37.6964],[27.0318,37.6939],[27.033,37.6943],[27.0349,37.6963],[27.037,37.6945],[27.0391,37.6943],[27.0432,37.6918],[27.0453,37.6916],[27.0465,37.6901],[27.0482,37.6891],[27.0526,37.6875],[27.0578,37.6879],[27.062,37.6894],[27.0661,37.6902],[27.0672,37.6912],[27.0667,37.6901],[27.0693,37.6893],[27.0755,37.688],[27.0776,37.6886],[27.0818,37.6869],[27.087,37.6863],[27.0922,37.6846],[27.0974,37.6845],[27.1016,37.6849]]],[[[27.1796,37.588],[27.1793,37.5901],[27.1797,37.5913],[27.1772,37.5911],[27.1766,37.59],[27.1743,37.5911],[27.1755,37.5915],[27.1766,37.593],[27.1778,37.5932],[27.1766,37.5934],[27.1756,37.5943],[27.1768,37.5953],[27.1766,37.5959],[27.1755,37.5964],[27.1766,37.5965],[27.1773,37.5974],[27.1771,37.5984],[27.1766,37.5989],[27.1755,37.5984],[27.1733,37.6005],[27.1734,37.6016],[27.1714,37.6053],[27.1693,37.6063],[27.1664,37.6089],[27.1641,37.6092],[27.1599,37.6108],[27.1557,37.6109],[27.1534,37.6099],[27.1528,37.6089],[27.1528,37.6068],[27.1536,37.6047],[27.162,37.5961],[27.163,37.5959],[27.1661,37.5927],[27.1672,37.5925],[27.1685,37.5911],[27.1688,37.5901],[27.1724,37.5889],[27.1734,37.5895],[27.1755,37.5877],[27.1766,37.5883],[27.1776,37.5874],[27.1786,37.5873],[27.1796,37.588]],[[27.1724,37.5903],[27.1721,37.5911],[27.1724,37.5917],[27.1727,37.5911],[27.1724,37.5903]]],[[[27.0041,37.4703],[27.0048,37.4714],[27.0037,37.4724],[27.0005,37.4732],[27,37.4724],[27,37.4714],[27.0016,37.47],[27.0041,37.4703]]],[[[27.2103,37.4443],[27.2099,37.4446],[27.2094,37.4443],[27.2099,37.4435],[27.2103,37.4443]]],[[[27.3808,37.3693],[27.3839,37.3711],[27.385,37.3724],[27.3848,37.3745],[27.3863,37.3766],[27.386,37.3776],[27.3877,37.3818],[27.3871,37.3839],[27.3859,37.3845],[27.3828,37.384],[27.3807,37.3828],[27.38,37.3818],[27.3771,37.3797],[27.3749,37.3766],[27.3758,37.3724],[27.3786,37.3697],[27.3808,37.3693]]],[[[27.4789,37.3089],[27.4786,37.3093],[27.4777,37.3089],[27.4786,37.3084],[27.4789,37.3089]]],[[[27.3811,37.2891],[27.3807,37.2894],[27.3805,37.2891],[27.3811,37.2891]]],[[[27.3827,37.2859],[27.3818,37.2867],[27.3811,37.2859],[27.3818,37.2852],[27.3827,37.2859]]],[[[27.4643,37.2849],[27.4641,37.2855],[27.4637,37.2849],[27.4643,37.2849]]],[[[27.4603,37.2776],[27.4599,37.2784],[27.4595,37.2776],[27.4603,37.2776]]],[[[27.4575,37.2745],[27.4568,37.2762],[27.456,37.2745],[27.4568,37.2739],[27.4575,37.2745]]],[[[27.4558,37.2724],[27.4562,37.2734],[27.4557,37.2742],[27.4541,37.2734],[27.4558,37.2724]]],[[[27.5707,37.2536],[27.5703,37.254],[27.5701,37.2536],[27.5707,37.2536]]],[[[27.5585,37.2516],[27.5578,37.2524],[27.557,37.2516],[27.5578,37.2508],[27.5585,37.2516]]],[[[27.5771,37.2359],[27.5806,37.238],[27.5819,37.2432],[27.5832,37.2453],[27.5832,37.2474],[27.588,37.2536],[27.588,37.2568],[27.5849,37.2575],[27.5807,37.2555],[27.5766,37.2557],[27.5755,37.2552],[27.5749,37.2557],[27.5776,37.2561],[27.5786,37.257],[27.5797,37.2569],[27.5806,37.2578],[27.5766,37.2609],[27.5765,37.262],[27.5755,37.2631],[27.5745,37.2628],[27.5734,37.264],[27.5714,37.2645],[27.5693,37.2667],[27.5661,37.2678],[27.5641,37.2681],[27.5609,37.2673],[27.5571,37.2651],[27.5568,37.264],[27.5557,37.2643],[27.5505,37.2584],[27.5494,37.2568],[27.5493,37.2557],[27.5505,37.2552],[27.5526,37.2557],[27.5536,37.2552],[27.5547,37.2536],[27.5547,37.2526],[27.5557,37.2528],[27.5568,37.252],[27.5574,37.2526],[27.5578,37.2542],[27.5578,37.2567],[27.5589,37.2581],[27.5604,37.2589],[27.5599,37.26],[27.562,37.2597],[27.563,37.2606],[27.5641,37.2597],[27.5651,37.2596],[27.5672,37.2602],[27.5679,37.2589],[27.5682,37.2565],[27.5693,37.2569],[27.5694,37.2557],[27.5703,37.2551],[27.5714,37.2545],[27.5724,37.2551],[27.5734,37.2546],[27.574,37.2536],[27.5727,37.2526],[27.5721,37.2495],[27.5735,37.2474],[27.5721,37.2453],[27.5728,37.2443],[27.5725,37.2422],[27.5713,37.2411],[27.5721,37.2401],[27.5721,37.2391],[27.5735,37.238],[27.5734,37.2368],[27.5755,37.2352],[27.5771,37.2359]],[[27.5797,37.2535],[27.5786,37.2532],[27.578,37.2536],[27.5786,37.254],[27.5797,37.2539],[27.5797,37.2535]],[[27.5766,37.2513],[27.5762,37.2516],[27.5766,37.2519],[27.577,37.2516],[27.5766,37.2513]],[[27.5755,37.2483],[27.5751,37.2484],[27.5755,37.2488],[27.5755,37.2483]]],[[[27.5313,37.2089],[27.5307,37.2097],[27.5302,37.2089],[27.5307,37.2081],[27.5313,37.2089]]],[[[27.5089,37.2036],[27.5109,37.2043],[27.5141,37.2069],[27.5151,37.2071],[27.5172,37.2072],[27.5182,37.2066],[27.5224,37.2067],[27.5245,37.208],[27.5266,37.2076],[27.5305,37.2099],[27.5305,37.2109],[27.5318,37.2124],[27.532,37.212],[27.5308,37.2109],[27.5308,37.2099],[27.5318,37.209],[27.5328,37.21],[27.5337,37.2099],[27.5333,37.2089],[27.537,37.2088],[27.538,37.2077],[27.5401,37.2077],[27.5443,37.2093],[27.5474,37.2116],[27.5489,37.212],[27.5495,37.2128],[27.5547,37.2151],[27.5556,37.2161],[27.5562,37.2172],[27.5573,37.2234],[27.5568,37.224],[27.5557,37.223],[27.5555,37.2234],[27.5563,37.2245],[27.5554,37.2255],[27.5558,37.2266],[27.5536,37.2282],[27.5526,37.2274],[27.5523,37.2276],[27.5528,37.2286],[27.5526,37.2295],[27.5505,37.2297],[27.5474,37.2309],[27.5464,37.231],[27.5453,37.2301],[27.5443,37.2302],[27.5435,37.2286],[27.5413,37.2266],[27.5398,37.2245],[27.538,37.2236],[27.5355,37.2214],[27.5337,37.2182],[27.5337,37.2172],[27.532,37.2161],[27.5322,37.2151],[27.5318,37.2149],[27.5297,37.2154],[27.5286,37.2145],[27.5255,37.2146],[27.5241,37.2161],[27.5224,37.2168],[27.5168,37.2161],[27.5141,37.2153],[27.512,37.2154],[27.5115,37.2151],[27.513,37.2129],[27.5109,37.2147],[27.5092,37.2141],[27.5098,37.213],[27.5091,37.2109],[27.5068,37.2089],[27.5078,37.2086],[27.5089,37.2068],[27.5086,37.2057],[27.5089,37.2036]]],[[[27.3908,37.1745],[27.3901,37.1755],[27.3891,37.1745],[27.3901,37.1739],[27.3908,37.1745]]],[[[27.5103,37.1745],[27.5099,37.1749],[27.5099,37.1739],[27.5103,37.1745]]],[[[27.3883,37.1734],[27.3889,37.1745],[27.388,37.1754],[27.3878,37.1734],[27.3883,37.1734]]],[[[27.5122,37.1724],[27.512,37.1729],[27.5118,37.1724],[27.5122,37.1724]]],[[[27.3809,37.1516],[27.3817,37.1526],[27.3802,37.1557],[27.3828,37.1589],[27.3828,37.1613],[27.3807,37.1611],[27.3795,37.1599],[27.3789,37.1589],[27.38,37.1578],[27.3797,37.1568],[27.3786,37.1562],[27.3776,37.157],[27.3766,37.1557],[27.3786,37.1526],[27.3809,37.1516]]],[[[27.3163,37.1505],[27.3161,37.1512],[27.3158,37.1505],[27.3163,37.1505]]],[[[27.3009,37.137],[27.3005,37.1374],[27.3,37.137],[27.3005,37.1361],[27.3009,37.137]]],[[[27.4645,37.1005],[27.4641,37.1015],[27.4637,37.1005],[27.4641,37.1001],[27.4645,37.1005]]],[[[27.0704,37.0682],[27.0703,37.0685],[27.0701,37.0682],[27.0704,37.0682]]],[[[27.2205,37.0578],[27.2198,37.0578],[27.2203,37.057],[27.2205,37.0578]]],[[[27.9925,37.0214],[27.9922,37.0217],[27.9916,37.0214],[27.9922,37.0204],[27.9925,37.0214]]],[[[27.205,37.0089],[27.2047,37.0095],[27.2037,37.0089],[27.205,37.0089]]],[[[27.1964,37.0005],[27.1974,37.002],[27.1985,37.0026],[27.1978,37.0036],[27.1982,37.0047],[27.1995,37.0051],[27.2021,37.0078],[27.2015,37.0089],[27.2021,37.0099],[27.2016,37.0109],[27.2036,37.0123],[27.2047,37.0119],[27.2057,37.0128],[27.2078,37.013],[27.2068,37.0132],[27.2058,37.0141],[27.2068,37.0147],[27.213,37.0171],[27.215,37.0182],[27.2156,37.0193],[27.2172,37.0204],[27.2224,37.0217],[27.2286,37.0214],[27.2305,37.0224],[27.2299,37.0255],[27.2247,37.0318],[27.2232,37.0359],[27.2214,37.0391],[27.2223,37.0401],[27.2228,37.0422],[27.2224,37.0432],[27.2229,37.0474],[27.2203,37.0551],[27.2202,37.0568],[27.2191,37.0578],[27.2204,37.0599],[27.2201,37.0609],[27.2208,37.063],[27.2199,37.0641],[27.2215,37.0693],[27.2217,37.0724],[27.2214,37.0734],[27.2193,37.0745],[27.2099,37.074],[27.2089,37.0734],[27.2068,37.075],[27.2015,37.0766],[27.1993,37.0807],[27.1991,37.0839],[27.1996,37.0859],[27.2047,37.0917],[27.2065,37.0932],[27.2089,37.0943],[27.2161,37.095],[27.2198,37.0943],[27.2193,37.0931],[27.2224,37.0932],[27.2349,37.0961],[27.237,37.0963],[27.238,37.0953],[27.2403,37.0974],[27.2411,37.099],[27.2422,37.099],[27.2432,37.0998],[27.2436,37.0995],[27.2425,37.0984],[27.2432,37.097],[27.2453,37.096],[27.2474,37.0978],[27.2516,37.0998],[27.2536,37.0996],[27.2568,37.1004],[27.2589,37.0993],[27.2614,37.0995],[27.2641,37.1008],[27.2672,37.1039],[27.2708,37.1057],[27.2693,37.1065],[27.2651,37.1068],[27.262,37.1053],[27.2609,37.1057],[27.2578,37.1048],[27.2547,37.1056],[27.2536,37.1046],[27.2526,37.1044],[27.2505,37.1052],[27.2495,37.1044],[27.2484,37.1049],[27.2474,37.1038],[27.2471,37.1047],[27.2484,37.1063],[27.2495,37.1052],[27.2516,37.1068],[27.2516,37.1072],[27.2495,37.1072],[27.2483,37.1089],[27.249,37.1099],[27.2474,37.1101],[27.2466,37.112],[27.2478,37.113],[27.2477,37.1151],[27.2486,37.1214],[27.2482,37.1266],[27.2486,37.1297],[27.2493,37.1318],[27.2514,37.1349],[27.2531,37.137],[27.2547,37.1381],[27.2589,37.1399],[27.2599,37.1397],[27.262,37.1403],[27.2651,37.1417],[27.2693,37.1458],[27.2714,37.1472],[27.2745,37.1484],[27.2797,37.149],[27.2828,37.1484],[27.2859,37.1468],[27.2911,37.1474],[27.2899,37.1453],[27.2923,37.1453],[27.2911,37.1422],[27.2909,37.1401],[27.29,37.1391],[27.2911,37.1358],[27.2922,37.1348],[27.2943,37.1359],[27.2984,37.1361],[27.3005,37.1386],[27.3016,37.1388],[27.3028,37.1401],[27.3036,37.1418],[27.305,37.1422],[27.3053,37.1432],[27.3068,37.143],[27.3099,37.1442],[27.313,37.1467],[27.3148,37.1495],[27.3154,37.1526],[27.3146,37.1536],[27.3154,37.1547],[27.314,37.1557],[27.315,37.1568],[27.3174,37.1578],[27.3187,37.162],[27.3193,37.163],[27.3214,37.1644],[27.3266,37.1652],[27.3286,37.1663],[27.3297,37.1651],[27.3307,37.1668],[27.3339,37.1646],[27.3359,37.165],[27.337,37.1641],[27.3411,37.1639],[27.3443,37.1618],[27.3459,37.162],[27.3474,37.1628],[27.3477,37.1641],[27.3465,37.1661],[27.3462,37.1682],[27.3465,37.1714],[27.3472,37.1724],[27.3462,37.1734],[27.3464,37.1776],[27.3505,37.1825],[27.3526,37.1839],[27.3547,37.1845],[27.3578,37.1845],[27.3651,37.1824],[27.3724,37.1797],[27.3797,37.1755],[27.3807,37.1758],[27.3839,37.175],[27.388,37.1756],[27.3891,37.1745],[27.3901,37.1756],[27.3911,37.1749],[27.3943,37.1756],[27.3964,37.1752],[27.3974,37.1755],[27.3984,37.1749],[27.3993,37.1755],[27.4016,37.1817],[27.4035,37.1849],[27.4057,37.1863],[27.4089,37.1862],[27.411,37.1849],[27.412,37.1828],[27.4122,37.1797],[27.4116,37.1776],[27.4099,37.1747],[27.4073,37.1724],[27.4047,37.1715],[27.4016,37.1714],[27.4005,37.1708],[27.4001,37.1672],[27.3988,37.1661],[27.4001,37.1651],[27.3995,37.1633],[27.3989,37.163],[27.3997,37.162],[27.3975,37.1589],[27.3994,37.1557],[27.3999,37.1516],[27.4016,37.149],[27.4025,37.1484],[27.4026,37.1474],[27.4047,37.1461],[27.4057,37.1467],[27.4064,37.1464],[27.4068,37.1453],[27.4078,37.1454],[27.4089,37.1447],[27.4203,37.1424],[27.4255,37.1398],[27.4318,37.1398],[27.4349,37.1388],[27.437,37.1362],[27.4377,37.1339],[27.4386,37.1328],[27.4411,37.1276],[27.4428,37.1255],[27.4427,37.1245],[27.4447,37.1224],[27.4453,37.1221],[27.4464,37.1224],[27.4457,37.1203],[27.446,37.1193],[27.4526,37.1068],[27.4551,37.1057],[27.4568,37.1042],[27.4589,37.1034],[27.4599,37.1038],[27.4609,37.1026],[27.462,37.1029],[27.4641,37.1016],[27.4654,37.1005],[27.4647,37.0995],[27.4669,37.0974],[27.4664,37.0964],[27.4693,37.0936],[27.4703,37.0936],[27.4714,37.0945],[27.4724,37.0944],[27.4742,37.0953],[27.4745,37.0967],[27.4755,37.0956],[27.4776,37.0989],[27.4786,37.0977],[27.4798,37.0995],[27.4824,37.1016],[27.4826,37.1026],[27.4842,37.1036],[27.4837,37.1047],[27.4854,37.1057],[27.487,37.1079],[27.4974,37.1149],[27.5005,37.1156],[27.5016,37.1147],[27.5026,37.1146],[27.5109,37.1149],[27.5151,37.1169],[27.5187,37.1193],[27.5188,37.1203],[27.5211,37.1234],[27.5203,37.1246],[27.5214,37.1238],[27.5224,37.124],[27.5245,37.126],[27.5255,37.1257],[27.5276,37.1277],[27.5286,37.127],[27.5297,37.1275],[27.5329,37.1297],[27.5364,37.1339],[27.5372,37.1359],[27.5359,37.1368],[27.5349,37.1369],[27.5297,37.1361],[27.5255,37.1362],[27.5234,37.1351],[27.5224,37.1354],[27.5182,37.1331],[27.518,37.1339],[27.5186,37.1349],[27.5167,37.1359],[27.5172,37.137],[27.5145,37.138],[27.512,37.1382],[27.5078,37.1357],[27.5068,37.1363],[27.5057,37.1352],[27.5047,37.1354],[27.5026,37.1331],[27.5016,37.1337],[27.4984,37.1319],[27.4974,37.1325],[27.4964,37.1317],[27.4943,37.1314],[27.4918,37.1286],[27.4919,37.1255],[27.4901,37.1204],[27.4877,37.1182],[27.4794,37.1141],[27.4755,37.1133],[27.4745,37.1123],[27.4724,37.1117],[27.4714,37.1126],[27.4703,37.1119],[27.4682,37.1123],[27.4651,37.1145],[27.4631,37.1151],[27.4637,37.1193],[27.4632,37.1203],[27.4641,37.1214],[27.463,37.1224],[27.4659,37.1245],[27.4681,37.1276],[27.4683,37.1286],[27.4717,37.1318],[27.4752,37.137],[27.48,37.1401],[27.481,37.1432],[27.4819,37.1516],[27.4827,37.1526],[27.4845,37.1589],[27.4878,37.1641],[27.4922,37.1692],[27.4995,37.1743],[27.5047,37.1761],[27.5089,37.1765],[27.5099,37.1776],[27.51,37.1755],[27.5135,37.1724],[27.5138,37.1714],[27.5151,37.172],[27.5172,37.1719],[27.5182,37.1703],[27.5193,37.17],[27.5234,37.1699],[27.5255,37.1706],[27.5286,37.1743],[27.5288,37.1766],[27.5279,37.1776],[27.5279,37.1786],[27.5264,37.1818],[27.5262,37.1839],[27.5255,37.1842],[27.5245,37.184],[27.5224,37.1857],[27.5193,37.1853],[27.5182,37.187],[27.5172,37.1875],[27.5161,37.1872],[27.5141,37.1854],[27.513,37.1855],[27.512,37.1835],[27.5109,37.1827],[27.5089,37.1827],[27.5078,37.1833],[27.5061,37.188],[27.5065,37.1901],[27.5057,37.1911],[27.506,37.1922],[27.5028,37.1964],[27.5027,37.1974],[27.4995,37.2],[27.4984,37.2004],[27.4954,37.1964],[27.4932,37.1953],[27.4911,37.1952],[27.4891,37.1958],[27.488,37.1965],[27.4866,37.1984],[27.4859,37.2036],[27.486,37.2089],[27.4865,37.213],[27.4882,37.2172],[27.4896,37.2245],[27.4908,37.238],[27.4908,37.2391],[27.49,37.2401],[27.4932,37.2448],[27.4958,37.2464],[27.4978,37.2495],[27.4981,37.2526],[27.4974,37.2542],[27.4964,37.2544],[27.4943,37.2561],[27.4911,37.2556],[27.4891,37.2547],[27.4889,37.2536],[27.4862,37.2516],[27.4818,37.2497],[27.4809,37.2484],[27.4797,37.2485],[27.4766,37.2452],[27.4724,37.2458],[27.4693,37.2446],[27.4672,37.243],[27.4661,37.2438],[27.4651,37.2431],[27.4589,37.2411],[27.4536,37.2417],[27.4501,37.2432],[27.4486,37.2443],[27.4468,37.2474],[27.4458,37.2516],[27.4455,37.2557],[27.4464,37.2609],[27.4526,37.2693],[27.4536,37.2714],[27.4536,37.2734],[27.4547,37.2754],[27.4578,37.277],[27.4614,37.2797],[27.462,37.2821],[27.4634,37.2839],[27.4627,37.2849],[27.4651,37.287],[27.4656,37.2911],[27.4682,37.294],[27.4755,37.2985],[27.4776,37.3005],[27.4787,37.3036],[27.4783,37.3057],[27.4773,37.3068],[27.4774,37.3089],[27.4766,37.309],[27.4745,37.3077],[27.4714,37.3069],[27.463,37.302],[27.4599,37.3011],[27.4589,37.3],[27.4568,37.2996],[27.4557,37.2987],[27.4544,37.2995],[27.4536,37.2984],[27.4508,37.2974],[27.4464,37.2942],[27.4453,37.2941],[27.4443,37.293],[27.4439,37.2932],[27.4449,37.2943],[27.4446,37.2953],[27.4432,37.2946],[27.4411,37.2954],[27.438,37.2942],[27.4328,37.2908],[27.4276,37.2895],[27.4255,37.2899],[27.4214,37.2918],[27.4161,37.2925],[27.4078,37.296],[27.4026,37.2968],[27.3941,37.3005],[27.3922,37.3004],[27.3911,37.3011],[27.3891,37.3001],[27.387,37.3002],[27.3856,37.2995],[27.3841,37.2953],[27.3832,37.2943],[27.3838,37.2932],[27.3832,37.2922],[27.3834,37.2911],[27.3817,37.2901],[27.3836,37.2891],[27.3834,37.288],[27.3822,37.287],[27.3832,37.2859],[27.3818,37.2838],[27.3807,37.2853],[27.3803,37.2849],[27.3798,37.2818],[27.3767,37.2776],[27.3746,37.2755],[27.3714,37.2738],[27.3693,37.2731],[27.3651,37.2733],[27.3588,37.2766],[27.3583,37.2776],[27.3567,37.2786],[27.356,37.2818],[27.3564,37.2839],[27.3576,37.2859],[27.364,37.2943],[27.3638,37.2953],[27.3651,37.2964],[27.3691,37.3026],[27.3705,37.3036],[27.371,37.3057],[27.3736,37.3078],[27.3753,37.313],[27.3755,37.3151],[27.3763,37.3161],[27.3758,37.3193],[27.3736,37.3255],[27.3737,37.3276],[27.3714,37.3316],[27.3695,37.3328],[27.3682,37.3324],[27.3661,37.3338],[27.3641,37.3335],[27.362,37.3332],[27.3609,37.3318],[27.3588,37.3276],[27.3584,37.3255],[27.3599,37.3182],[27.3591,37.3161],[27.3578,37.3153],[27.3557,37.3151],[27.3526,37.3165],[27.3495,37.3167],[27.341,37.3161],[27.337,37.314],[27.3331,37.3089],[27.3286,37.3048],[27.3255,37.3036],[27.3234,37.3034],[27.3224,37.3039],[27.3193,37.3023],[27.3078,37.3047],[27.3047,37.3068],[27.3027,37.3099],[27.3021,37.312],[27.3021,37.3151],[27.3035,37.3214],[27.3037,37.3245],[27.3021,37.3318],[27.3005,37.3338],[27.2978,37.3359],[27.2964,37.336],[27.2901,37.3385],[27.288,37.3391],[27.2859,37.3391],[27.2839,37.3386],[27.2807,37.3368],[27.2774,37.3339],[27.2749,37.3297],[27.2734,37.3282],[27.2703,37.3263],[27.2651,37.3246],[27.2578,37.324],[27.2495,37.3259],[27.237,37.3273],[27.232,37.3286],[27.2286,37.3299],[27.2234,37.3328],[27.2224,37.3327],[27.2214,37.3333],[27.2193,37.3332],[27.2099,37.3353],[27.2057,37.3366],[27.2026,37.3384],[27.1964,37.3396],[27.188,37.345],[27.1849,37.3484],[27.1843,37.3516],[27.1845,37.3547],[27.1859,37.3593],[27.188,37.3627],[27.1922,37.3667],[27.1933,37.3672],[27.1952,37.3724],[27.1998,37.3807],[27.1999,37.3818],[27.2014,37.3849],[27.202,37.3901],[27.2009,37.3964],[27.2008,37.3995],[27.2032,37.4068],[27.2041,37.4078],[27.2039,37.4089],[27.2057,37.412],[27.2051,37.4141],[27.206,37.4161],[27.2063,37.4214],[27.2068,37.423],[27.2086,37.4255],[27.2101,37.4307],[27.2097,37.4359],[27.21,37.4422],[27.2098,37.4432],[27.2087,37.4443],[27.2096,37.4464],[27.2094,37.4474],[27.2089,37.4486],[27.2078,37.449],[27.2065,37.4505],[27.2057,37.4532],[27.2047,37.4539],[27.2036,37.4533],[27.2026,37.4561],[27.2016,37.4559],[27.1953,37.4591],[27.1755,37.4663],[27.1743,37.4672],[27.173,37.4693],[27.1712,37.4766],[27.1682,37.4824],[27.1664,37.4849],[27.1653,37.4901],[27.165,37.4974],[27.1641,37.502],[27.1607,37.5099],[27.1557,37.5161],[27.1542,37.5193],[27.1534,37.5224],[27.1536,37.5297],[27.1526,37.5358],[27.1487,37.5422],[27.1464,37.5449],[27.137,37.5504],[27.1347,37.5536],[27.134,37.5568],[27.1336,37.563],[27.1338,37.5724],[27.1334,37.5755],[27.1311,37.5818],[27.1309,37.5859],[27.1291,37.5943],[27.1271,37.6005],[27.123,37.6089],[27.1228,37.6109],[27.1182,37.616],[27.112,37.6185],[27.1094,37.6203],[27.1089,37.6214],[27.1078,37.6221],[27.1036,37.6232],[27.0964,37.6286],[27.0911,37.6309],[27.0745,37.6319],[27.0703,37.6328],[27.0651,37.6325],[27.0568,37.6332],[27.0536,37.634],[27.0484,37.6363],[27.0318,37.6411],[27.0276,37.6414],[27.0172,37.6406],[27.0068,37.6417],[27.0005,37.6418],[27,37.6411],[27,37.4859],[27.0068,37.4852],[27.0089,37.4844],[27.011,37.4828],[27.0146,37.4776],[27.015,37.4745],[27.0181,37.4693],[27.0187,37.4672],[27.0182,37.4651],[27.016,37.4609],[27.0139,37.4526],[27.0127,37.4505],[27.0109,37.4486],[27.0068,37.4464],[27.0047,37.4443],[27.0036,37.4441],[27.0024,37.4432],[27.0005,37.4431],[27,37.4422],[27,37.037],[27.002,37.0359],[27.0005,37.0349],[27,37.0339],[27,37.0255],[27.0026,37.0247],[27.0036,37.0236],[27.0078,37.0229],[27.0089,37.0218],[27.0109,37.0211],[27.012,37.0213],[27.0129,37.0203],[27.0141,37.0203],[27.0161,37.0192],[27.0255,37.0196],[27.0328,37.0204],[27.0359,37.0202],[27.038,37.0195],[27.0411,37.0175],[27.0484,37.0085],[27.0536,37.0049],[27.0578,37],[27.1755,37],[27.176,37.0005],[27.1754,37.0016],[27.1749,37.0057],[27.1755,37.008],[27.1768,37.0099],[27.1797,37.0113],[27.1828,37.0116],[27.1859,37.0112],[27.187,37.0117],[27.1891,37.0105],[27.1911,37.0104],[27.1913,37.0099],[27.1896,37.0078],[27.1884,37.0047],[27.1859,37.001],[27.1844,37.0005],[27.1849,37],[27.1964,37],[27.1964,37.0005]],[[27.0974,37.2648],[27.0932,37.2642],[27.0895,37.2651],[27.0828,37.2689],[27.0776,37.2734],[27.0755,37.2776],[27.0749,37.2807],[27.0752,37.2828],[27.0726,37.288],[27.073,37.2943],[27.0745,37.2999],[27.0798,37.3057],[27.0828,37.3109],[27.087,37.313],[27.0901,37.3135],[27.0932,37.3132],[27.0992,37.3099],[27.1026,37.3086],[27.1051,37.3068],[27.1071,37.3026],[27.1073,37.2984],[27.1066,37.2953],[27.1069,37.2943],[27.1062,37.2932],[27.1071,37.2922],[27.1072,37.2901],[27.1089,37.2886],[27.1098,37.2818],[27.1096,37.2776],[27.1088,37.2755],[27.1068,37.2729],[27.0974,37.2648]],[[27.3953,37.2453],[27.3922,37.2448],[27.3891,37.2452],[27.3866,37.2464],[27.3846,37.2484],[27.3838,37.2505],[27.3841,37.2526],[27.3864,37.2557],[27.3891,37.2577],[27.3932,37.259],[27.3953,37.2589],[27.3984,37.2576],[27.4002,37.2557],[27.4011,37.2526],[27.4006,37.2495],[27.3984,37.2467],[27.3953,37.2453]],[[27.4214,37.2087],[27.4151,37.2091],[27.4108,37.2109],[27.4079,37.213],[27.4072,37.2141],[27.4067,37.2172],[27.407,37.2214],[27.4082,37.2234],[27.4172,37.2294],[27.4224,37.2313],[27.4255,37.2303],[27.4277,37.2286],[27.4292,37.2255],[27.4297,37.2214],[27.4292,37.2182],[27.4263,37.212],[27.4244,37.2099],[27.4214,37.2087]],[[27.4786,37.0997],[27.4786,37.1005],[27.4797,37.1017],[27.48,37.1016],[27.4787,37.1005],[27.4786,37.0997]],[[27.0682,37.0774],[27.0661,37.0768],[27.0641,37.0772],[27.063,37.0766],[27.062,37.0779],[27.061,37.0818],[27.0618,37.087],[27.063,37.0888],[27.0651,37.0897],[27.0682,37.0894],[27.0703,37.0881],[27.0724,37.0865],[27.0751,37.0828],[27.0743,37.0807],[27.0724,37.0792],[27.0703,37.0779],[27.0682,37.0774]],[[27.0839,37.0463],[27.0797,37.0465],[27.0766,37.0481],[27.0734,37.0525],[27.0682,37.0573],[27.0668,37.0599],[27.0661,37.063],[27.0672,37.0675],[27.0678,37.0682],[27.0703,37.0698],[27.0714,37.0689],[27.0724,37.0693],[27.0745,37.069],[27.0766,37.0709],[27.0776,37.071],[27.0797,37.0725],[27.0839,37.0726],[27.0849,37.0718],[27.0943,37.0691],[27.1005,37.0678],[27.1099,37.0637],[27.1119,37.062],[27.1125,37.0599],[27.1124,37.0557],[27.1109,37.0528],[27.109,37.0516],[27.1068,37.0509],[27.1016,37.0505],[27.0903,37.0484],[27.0839,37.0463]],[[27.1484,37.041],[27.1453,37.0409],[27.1422,37.0424],[27.1409,37.0443],[27.1406,37.0474],[27.1417,37.0516],[27.1435,37.0536],[27.1474,37.0553],[27.1516,37.0554],[27.1547,37.054],[27.1559,37.0526],[27.1567,37.0505],[27.1568,37.0484],[27.1555,37.0453],[27.1536,37.0435],[27.1516,37.0421],[27.1484,37.041]],[[27.2016,37.0389],[27.2013,37.0401],[27.1974,37.0416],[27.194,37.0453],[27.1931,37.0484],[27.1935,37.0505],[27.1943,37.0525],[27.1964,37.0545],[27.2036,37.0551],[27.2068,37.056],[27.2089,37.0536],[27.2089,37.0526],[27.2114,37.0484],[27.2117,37.0464],[27.2105,37.0443],[27.2078,37.0411],[27.2068,37.0404],[27.2047,37.0405],[27.2016,37.0389]]],[[[27.3525,37.0005],[27.3503,37.0036],[27.3506,37.0057],[27.3495,37.0073],[27.3474,37.0082],[27.3468,37.0078],[27.3462,37.0068],[27.3464,37.0062],[27.3497,37.0005],[27.3505,37],[27.3525,37.0005]]],[[[27.454,37.0005],[27.4473,37.0036],[27.4407,37.012],[27.438,37.0132],[27.437,37.0143],[27.4359,37.0138],[27.4342,37.0161],[27.4333,37.0161],[27.4328,37.0156],[27.432,37.0172],[27.4307,37.0182],[27.4286,37.0183],[27.4276,37.0181],[27.4255,37.0164],[27.4245,37.0162],[27.4243,37.0151],[27.4234,37.0149],[27.4214,37.0126],[27.4182,37.0104],[27.4151,37.0092],[27.4099,37.0083],[27.4047,37.0092],[27.4005,37.0074],[27.4,37.0068],[27.4011,37.0057],[27.3995,37.0053],[27.399,37.0047],[27.3969,37.0005],[27.3974,37],[27.4172,37],[27.4203,37.002],[27.4255,37.0037],[27.4286,37.004],[27.4328,37.0033],[27.4411,37],[27.4536,37],[27.454,37.0005]]],[[[28,37.0005],[28,37.0182],[27.9943,37.0202],[27.9932,37.021],[27.9922,37.0203],[27.9911,37.0212],[27.9901,37.0202],[27.9859,37.02],[27.9839,37.0206],[27.9828,37.0204],[27.9786,37.0182],[27.9776,37.0183],[27.9755,37.0167],[27.9693,37.0137],[27.9568,37.0108],[27.9516,37.0101],[27.9464,37.0101],[27.9391,37.0108],[27.937,37.0116],[27.9297,37.0178],[27.9286,37.0181],[27.9245,37.0185],[27.9203,37.017],[27.9141,37.0161],[27.913,37.0168],[27.9078,37.0169],[27.9036,37.0181],[27.8995,37.02],[27.8964,37.0208],[27.8943,37.0221],[27.8911,37.0227],[27.8891,37.0225],[27.887,37.0213],[27.8703,37.0183],[27.863,37.0161],[27.8578,37.0162],[27.8484,37.0141],[27.8443,37.0136],[27.8391,37.0096],[27.8349,37.0078],[27.8234,37.0079],[27.8203,37.0063],[27.818,37.0026],[27.8151,37.0005],[27.8151,37],[27.9995,37],[28,37.0005]]]]}},{"type":"Feature","properties":{"depth":20,"kind":"isobath"},"geometry":{"type":"MultiLineString","coordinates":[[[27.0706,37.712],[27.0703,37.7124],[27.0703,37.7118]],[[27.0036,37.7998],[27.0047,37.7984],[27.0047,37.7961],[27.0057,37.7963],[27.006,37.7953],[27.0016,37.791],[27.0009,37.7911],[27.0013,37.7922],[27.0005,37.7926]],[[27.0005,37.7819],[27.0026,37.7833],[27.0031,37.7828],[27.0026,37.7814],[27.006,37.7807],[27.0068,37.7801],[27.013,37.7797],[27.0161,37.7788],[27.0172,37.7799],[27.0193,37.7799],[27.0214,37.7797],[27.0224,37.7787],[27.0234,37.7785],[27.0318,37.7779],[27.038,37.7786],[27.0443,37.781],[27.0609,37.7839],[27.0651,37.7824],[27.0672,37.7828],[27.0704,37.7807],[27.0727,37.7776],[27.0724,37.7755],[27.0714,37.7735],[27.0703,37.7726],[27.062,37.7672],[27.0557,37.7646],[27.0526,37.762],[27.0525,37.7609],[27.0484,37.7586],[27.0474,37.759],[27.0464,37.7583],[27.0453,37.7592],[27.0422,37.7583],[27.0411,37.7584],[27.0372,37.7568],[27.0358,37.7547],[27.0364,37.7536],[27.0364,37.7516],[27.0376,37.7505],[27.0383,37.7484],[27.0401,37.7468],[27.0411,37.7469],[27.0422,37.7459],[27.0443,37.7456],[27.0464,37.7443],[27.0472,37.7422],[27.0488,37.7401],[27.0493,37.738],[27.0504,37.738],[27.0505,37.7393],[27.0506,37.737],[27.0527,37.7349],[27.0528,37.7339],[27.0536,37.7332],[27.0547,37.733],[27.0557,37.7335],[27.0599,37.7329],[27.0609,37.7347],[27.062,37.7322],[27.0661,37.7312],[27.069,37.7297],[27.07,37.7286],[27.0736,37.7203],[27.0739,37.7161],[27.071,37.7109],[27.0724,37.7099],[27.0724,37.7089],[27.0737,37.7078],[27.0714,37.7055],[27.0693,37.7046],[27.0682,37.7054],[27.0672,37.7045],[27.0661,37.7051],[27.0651,37.7046],[27.063,37.7054],[27.0599,37.7055],[27.0578,37.7046],[27.0568,37.7046],[27.0559,37.7036],[27.0536,37.7028],[27.0516,37.7013],[27.0495,37.7019],[27.0474,37.7011],[27.0453,37.6993],[27.0443,37.7],[27.0432,37.6996],[27.0422,37.7006],[27.0421,37.6995],[27.0411,37.6988],[27.0401,37.6991],[27.0391,37.6977],[27.037,37.6978],[27.0357,37.6974],[27.0349,37.6966],[27.0307,37.6982],[27.0289,37.6964],[27.0318,37.6939],[27.033,37.6943],[27.0349,37.6963],[27.037,37.6945],[27.0391,37.6943],[27.0432,37.6918],[27.0453,37.6916],[27.0465,37.6901],[27.0482,37.6891],[27.0526,37.6875],[27.0578,37.6879],[27.062,37.6894],[27.0661,37.6902],[27.0672,37.6912],[27.0667,37.6901],[27.0693,37.6893],[27.0755,37.688],[27.0776,37.6886],[27.0818,37.6869],[27.087,37.6863],[27.0922,37.6846],[27.0974,37.6845],[27.1016,37.6849],[27.1141,37.6879],[27.1234,37.6921],[27.1464,37.6958],[27.1505,37.6975],[27.1547,37.7007],[27.1641,37.704],[27.1715,37.7047],[27.1786,37.7068],[27.1807,37.7079],[27.188,37.7098],[27.2016,37.7153],[27.2026,37.7148],[27.2068,37.7158],[27.213,37.7199],[27.2172,37.7238],[27.2214,37.7269],[27.2286,37.7303],[27.2349,37.7359],[27.241,37.7432],[27.2436,37.7495],[27.2484,37.7577],[27.2513,37.7651],[27.2527,37.7703],[27.2543,37.7807],[27.2577,37.7911],[27.2587,37.7964],[27.2586,37.8016],[27.2575,37.8036],[27.2579,37.8057],[27.2565,37.8099],[27.2543,37.813],[27.2505,37.8135],[27.2464,37.8155],[27.2437,37.8161],[27.2411,37.8173],[27.238,37.8198],[27.2339,37.8257],[27.2305,37.8328],[27.2296,37.8339],[27.229,37.8359],[27.2279,37.837],[27.226,37.8411],[27.2248,37.8422],[27.2232,37.8474],[27.223,37.8495],[27.2249,37.8578],[27.2235,37.863],[27.2211,37.8672],[27.2213,37.8703],[27.2224,37.873],[27.2255,37.8748],[27.2286,37.8735],[27.2339,37.8726],[27.2349,37.8718],[27.2391,37.8721],[27.2411,37.8715],[27.2453,37.8721],[27.2464,37.8724],[27.2484,37.8758],[27.2495,37.8753],[27.2502,37.8766],[27.2517,37.8766],[27.2531,37.8776],[27.2536,37.8793],[27.2547,37.8795],[27.2545,37.8818],[27.2552,37.8849],[27.2563,37.887],[27.2556,37.8953],[27.2572,37.8995],[27.2554,37.9016],[27.2545,37.9036],[27.253,37.9078],[27.2524,37.912],[27.2536,37.9172],[27.2572,37.9234],[27.2605,37.9318],[27.2622,37.9339],[27.2619,37.9349],[27.2631,37.9359],[27.2626,37.937],[27.263,37.938],[27.2599,37.945],[27.2589,37.9449],[27.2584,37.9453],[27.2583,37.9464],[27.2505,37.9565],[27.2474,37.9587],[27.2453,37.9616],[27.2415,37.9651],[27.2391,37.9661],[27.237,37.9678],[27.2349,37.9705],[27.232,37.9724],[27.2297,37.9728],[27.2245,37.9763],[27.2217,37.9776],[27.2151,37.9798],[27.2109,37.9798],[27.2099,37.9803],[27.2078,37.9796],[27.2036,37.979],[27.1964,37.9793],[27.1891,37.9788],[27.187,37.9775],[27.1724,37.9727],[27.1693,37.9721],[27.1661,37.9728],[27.1599,37.9756],[27.1536,37.9773],[27.1495,37.9769],[27.1484,37.9762],[27.1474,37.9766],[27.1391,37.9768],[27.1359,37.9772],[27.1339,37.9789],[27.1276,37.9795],[27.1245,37.982],[27.1224,37.983],[27.1193,37.9835],[27.1161,37.9857],[27.1138,37.988],[27.1125,37.9901],[27.1068,37.9953]],[[27.1796,37.588],[27.1793,37.5901],[27.1797,37.5913],[27.1772,37.5911],[27.1766,37.59],[27.1743,37.5911],[27.1755,37.5915],[27.1766,37.593],[27.1778,37.5932],[27.1766,37.5934],[27.1756,37.5943],[27.1768,37.5953],[27.1766,37.5959],[27.1755,37.5964],[27.1766,37.5965],[27.1773,37.5974],[27.1771,37.5984],[27.1766,37.5989],[27.1755,37.5984],[27.1733,37.6005],[27.1734,37.6016],[27.1714,37.6053],[27.1693,37.6063],[27.1664,37.6089],[27.1641,37.6092],[27.1599,37.6108],[27.1557,37.6109],[27.1534,37.6099],[27.1528,37.6089],[27.1528,37.6068],[27.1536,37.6047],[27.162,37.5961],[27.163,37.5959],[27.1661,37.5927],[27.1672,37.5925],[27.1685,37.5911],[27.1688,37.5901],[27.1724,37.5889],[27.1734,37.5895],[27.1755,37.5877],[27.1766,37.5883],[27.1776,37.5874],[27.1786,37.5873]],[[27.1724,37.5903],[27.1721,37.5911],[27.1724,37.5917],[27.1727,37.5911]],[[27.0016,37.47],[27.0041,37.4703],[27.0048,37.4714],[27.0037,37.4724],[27.0005,37.4732]],[[27.2103,37.4443],[27.2099,37.4446],[27.2094,37.4443],[27.2099,37.4435]],[[27.3808,37.3693],[27.3839,37.3711],[27.385,37.3724],[27.3848,37.3745],[27.3863,37.3766],[27.386,37.3776],[27.3877,37.3818],[27.3871,37.3839],[27.3859,37.3845],[27.3828,37.384],[27.3807,37.3828],[27.38,37.3818],[27.3771,37.3797],[27.3749,37.3766],[27.3758,37.3724],[27.3786,37.3697]],[[27.4789,37.3089],[27.4786,37.3093],[27.4777,37.3089],[27.4786,37.3084]],[[27.3811,37.2891],[27.3807,37.2894],[27.3805,37.2891]],[[27.3827,37.2859],[27.3818,37.2867],[27.3811,37.2859],[27.3818,37.2852]],[[27.4643,37.2849],[27.4641,37.2855],[27.4637,37.2849]],[[27.4603,37.2776],[27.4599,37.2784],[27.4595,37.2776]],[[27.4575,37.2745],[27.4568,37.2762],[27.456,37.2745],[27.4568,37.2739]],[[27.4558,37.2724],[27.4562,37.2734],[27.4557,37.2742],[27.4541,37.2734]],[[27.5707,37.2536],[27.5703,37.254],[27.5701,37.2536]],[[27.5585,37.2516],[27.5578,37.2524],[27.557,37.2516],[27.5578,37.2508]],[[27.5771,37.2359],[27.5806,37.238],[27.5819,37.2432],[27.5832,37.2453],[27.5832,37.2474],[27.588,37.2536],[27.588,37.2568],[27.5849,37.2575],[27.5807,37.2555],[27.5766,37.2557],[27.5755,37.2552],[27.5749,37.2557],[27.5776,37.2561],[27.5786,37.257],[27.5797,37.2569],[27.5806,37.2578],[27.5766,37.2609],[27.5765,37.262],[27.5755,37.2631],[27.5745,37.2628],[27.5734,37.264],[27.5714,37.2645],[27.5693,37.2667],[27.5661,37.2678],[27.5641,37.2681],[27.5609,37.2673],[27.5571,37.2651],[27.5568,37.264],[27.5557,37.2643],[27.5505,37.2584],[27.5494,37.2568],[27.5493,37.2557],[27.5505,37.2552],[27.5526,37.2557],[27.5536,37.2552],[27.5547,37.2536],[27.5547,37.2526],[27.5557,37.2528],[27.5568,37.252],[27.5574,37.2526],[27.5578,37.2542],[27.5578,37.2567],[27.5589,37.2581],[27.5604,37.2589],[27.5599,37.26],[27.562,37.2597],[27.563,37.2606],[27.5641,37.2597],[27.5651,37.2596],[27.5672,37.2602],[27.5679,37.2589],[27.5682,37.2565],[27.5693,37.2569],[27.5694,37.2557],[27.5703,37.2551],[27.5714,37.2545],[27.5724,37.2551],[27.5734,37.2546],[27.574,37.2536],[27.5727,37.2526],[27.5721,37.2495],[27.5735,37.2474],[27.5721,37.2453],[27.5728,37.2443],[27.5725,37.2422],[27.5713,37.2411],[27.5721,37.2401],[27.5721,37.2391],[27.5735,37.238],[27.5734,37.2368],[27.5755,37.2352]],[[27.5797,37.2535],[27.5786,37.2532],[27.578,37.2536],[27.5786,37.254],[27.5797,37.2539]],[[27.5766,37.2513],[27.5762,37.2516],[27.5766,37.2519],[27.577,37.2516]],[[27.5755,37.2483],[27.5751,37.2484],[27.5755,37.2488]],[[27.5313,37.2089],[27.5307,37.2097],[27.5302,37.2089],[27.5307,37.2081]],[[27.5089,37.2036],[27.5109,37.2043],[27.5141,37.2069],[27.5151,37.2071],[27.5172,37.2072],[27.5182,37.2066],[27.5224,37.2067],[27.5245,37.208],[27.5266,37.2076],[27.5305,37.2099],[27.5305,37.2109],[27.5318,37.2124],[27.532,37.212],[27.5308,37.2109],[27.5308,37.2099],[27.5318,37.209],[27.5328,37.21],[27.5337,37.2099],[27.5333,37.2089],[27.537,37.2088],[27.538,37.2077],[27.5401,37.2077],[27.5443,37.2093],[27.5474,37.2116],[27.5489,37.212],[27.5495,37.2128],[27.5547,37.2151],[27.5556,37.2161],[27.5562,37.2172],[27.5573,37.2234],[27.5568,37.224],[27.5557,37.223],[27.5555,37.2234],[27.5563,37.2245],[27.5554,37.2255],[27.5558,37.2266],[27.5536,37.2282],[27.5526,37.2274],[27.5523,37.2276],[27.5528,37.2286],[27.5526,37.2295],[27.5505,37.2297],[27.5474,37.2309],[27.5464,37.231],[27.5453,37.2301],[27.5443,37.2302],[27.5435,37.2286],[27.5413,37.2266],[27.5398,37.2245],[27.538,37.2236],[27.5355,37.2214],[27.5337,37.2182],[27.5337,37.2172],[27.532,37.2161],[27.5322,37.2151],[27.5318,37.2149],[27.5297,37.2154],[27.5286,37.2145],[27.5255,37.2146],[27.5241,37.2161],[27.5224,37.2168],[27.5168,37.2161],[27.5141,37.2153],[27.512,37.2154],[27.5115,37.2151],[27.513,37.2129],[27.5109,37.2147],[27.5092,37.2141],[27.5098,37.213],[27.5091,37.2109],[27.5068,37.2089],[27.5078,37.2086],[27.5089,37.2068],[27.5086,37.2057]],[[27.3908,37.1745],[27.3901,37.1755],[27.3891,37.1745],[27.3901,37.1739]],[[27.5103,37.1745],[27.5099,37.1749],[27.5099,37.1739]],[[27.3883,37.1734],[27.3889,37.1745],[27.388,37.1754],[27.3878,37.1734]],[[27.5122,37.1724],[27.512,37.1729],[27.5118,37.1724]],[[27.3809,37.1516],[27.3817,37.1526],[27.3802,37.1557],[27.3828,37.1589],[27.3828,37.1613],[27.3807,37.1611],[27.3795,37.1599],[27.3789,37.1589],[27.38,37.1578],[27.3797,37.1568],[27.3786,37.1562],[27.3776,37.157],[27.3766,37.1557],[27.3786,37.1526]],[[27.3163,37.1505],[27.3161,37.1512],[27.3158,37.1505]],[[27.3009,37.137],[27.3005,37.1374],[27.3,37.137],[27.3005,37.1361]],[[27.4645,37.1005],[27.4641,37.1015],[27.4637,37.1005],[27.4641,37.1001]],[[27.0704,37.0682],[27.0703,37.0685],[27.0701,37.0682]],[[27.2205,37.0578],[27.2198,37.0578],[27.2203,37.057]],[[27.9925,37.0214],[27.9922,37.0217],[27.9916,37.0214],[27.9922,37.0204]],[[27.205,37.0089],[27.2047,37.0095],[27.2037,37.0089]],[[27.0068,37.4852],[27.0089,37.4844],[27.011,37.4828],[27.0146,37.4776],[27.015,37.4745],[27.0181,37.4693],[27.0187,37.4672],[27.0182,37.4651],[27.016,37.4609],[27.0139,37.4526],[27.0127,37.4505],[27.0109,37.4486],[27.0068,37.4464],[27.0047,37.4443],[27.0036,37.4441],[27.0024,37.4432],[27.0005,37.4431]],[[27.002,37.0359],[27.0005,37.0349]],[[27.0026,37.0247],[27.0036,37.0236],[27.0078,37.0229],[27.0089,37.0218],[27.0109,37.0211],[27.012,37.0213],[27.0129,37.0203],[27.0141,37.0203],[27.0161,37.0192],[27.0255,37.0196],[27.0328,37.0204],[27.0359,37.0202],[27.038,37.0195],[27.0411,37.0175],[27.0484,37.0085],[27.0536,37.0049]],[[27.176,37.0005],[27.1754,37.0016],[27.1749,37.0057],[27.1755,37.008],[27.1768,37.0099],[27.1797,37.0113],[27.1828,37.0116],[27.1859,37.0112],[27.187,37.0117],[27.1891,37.0105],[27.1911,37.0104],[27.1913,37.0099],[27.1896,37.0078],[27.1884,37.0047],[27.1859,37.001],[27.1844,37.0005]],[[27.1964,37.0005],[27.1974,37.002],[27.1985,37.0026],[27.1978,37.0036],[27.1982,37.0047],[27.1995,37.0051],[27.2021,37.0078],[27.2015,37.0089],[27.2021,37.0099],[27.2016,37.0109],[27.2036,37.0123],[27.2047,37.0119],[27.2057,37.0128],[27.2078,37.013],[27.2068,37.0132],[27.2058,37.0141],[27.2068,37.0147],[27.213,37.0171],[27.215,37.0182],[27.2156,37.0193],[27.2172,37.0204],[27.2224,37.0217],[27.2286,37.0214],[27.2305,37.0224],[27.2299,37.0255],[27.2247,37.0318],[27.2232,37.0359],[27.2214,37.0391],[27.2223,37.0401],[27.2228,37.0422],[27.2224,37.0432],[27.2229,37.0474],[27.2203,37.0551],[27.2202,37.0568],[27.2191,37.0578],[27.2204,37.0599],[27.2201,37.0609],[27.2208,37.063],[27.2199,37.0641],[27.2215,37.0693],[27.2217,37.0724],[27.2214,37.0734],[27.2193,37.0745],[27.2099,37.074],[27.2089,37.0734],[27.2068,37.075],[27.2015,37.0766],[27.1993,37.0807],[27.1991,37.0839],[27.1996,37.0859],[27.2047,37.0917],[27.2065,37.0932],[27.2089,37.0943],[27.2161,37.095],[27.2198,37.0943],[27.2193,37.0931],[27.2224,37.0932],[27.2349,37.0961],[27.237,37.0963],[27.238,37.0953],[27.2403,37.0974],[27.2411,37.099],[27.2422,37.099],[27.2432,37.0998],[27.2436,37.0995],[27.2425,37.0984],[27.2432,37.097],[27.2453,37.096],[27.2474,37.0978],[27.2516,37.0998],[27.2536,37.0996],[27.2568,37.1004],[27.2589,37.0993],[27.2614,37.0995],[27.2641,37.1008],[27.2672,37.1039],[27.2708,37.1057],[27.2693,37.1065],[27.2651,37.1068],[27.262,37.1053],[27.2609,37.1057],[27.2578,37.1048],[27.2547,37.1056],[27.2536,37.1046],[27.2526,37.1044],[27.2505,37.1052],[27.2495,37.1044],[27.2484,37.1049],[27.2474,37.1038],[27.2471,37.1047],[27.2484,37.1063],[27.2495,37.1052],[27.2516,37.1068],[27.2516,37.1072],[27.2495,37.1072],[27.2483,37.1089],[27.249,37.1099],[27.2474,37.1101],[27.2466,37.112],[27.2478,37.113],[27.2477,37.1151],[27.2486,37.1214],[27.2482,37.1266],[27.2486,37.1297],[27.2493,37.1318],[27.2514,37.1349],[27.2531,37.137],[27.2547,37.1381],[27.2589,37.1399],[27.2599,37.1397],[27.262,37.1403],[27.2651,37.1417],[27.2693,37.1458],[27.2714,37.1472],[27.2745,37.1484],[27.2797,37.149],[27.2828,37.1484],[27.2859,37.1468],[27.2911,37.1474],[27.2899,37.1453],[27.2923,37.1453],[27.2911,37.1422],[27.2909,37.1401],[27.29,37.1391],[27.2911,37.1358],[27.2922,37.1348],[27.2943,37.1359],[27.2984,37.1361],[27.3005,37.1386],[27.3016,37.1388],[27.3028,37.1401],[27.3036,37.1418],[27.305,37.1422],[27.3053,37.1432],[27.3068,37.143],[27.3099,37.1442],[27.313,37.1467],[27.3148,37.1495],[27.3154,37.1526],[27.3146,37.1536],[27.3154,37.1547],[27.314,37.1557],[27.315,37.1568],[27.3174,37.1578],[27.3187,37.162],[27.3193,37.163],[27.3214,37.1644],[27.3266,37.1652],[27.3286,37.1663],[27.3297,37.1651],[27.3307,37.1668],[27.3339,37.1646],[27.3359,37.165],[27.337,37.1641],[27.3411,37.1639],[27.3443,37.1618],[27.3459,37.162],[27.3474,37.1628],[27.3477,37.1641],[27.3465,37.1661],[27.3462,37.1682],[27.3465,37.1714],[27.3472,37.1724],[27.3462,37.1734],[27.3464,37.1776],[27.3505,37.1825],[27.3526,37.1839],[27.3547,37.1845],[27.3578,37.1845],[27.3651,37.1824],[27.3724,37.1797],[27.3797,37.1755],[27.3807,37.1758],[27.3839,37.175],[27.388,37.1756],[27.3891,37.1745],[27.3901,37.1756],[27.3911,37.1749],[27.3943,37.1756],[27.3964,37.1752],[27.3974,37.1755],[27.3984,37.1749],[27.3993,37.1755],[27.4016,37.1817],[27.4035,37.1849],[27.4057,37.1863],[27.4089,37.1862],[27.411,37.1849],[27.412,37.1828],[27.4122,37.1797],[27.4116,37.1776],[27.4099,37.1747],[27.4073,37.1724],[27.4047,37.1715],[27.4016,37.1714],[27.4005,37.1708],[27.4001,37.1672],[27.3988,37.1661],[27.4001,37.1651],[27.3995,37.1633],[27.3989,37.163],[27.3997,37.162],[27.3975,37.1589],[27.3994,37.1557],[27.3999,37.1516],[27.4016,37.149],[27.4025,37.1484],[27.4026,37.1474],[27.4047,37.1461],[27.4057,37.1467],[27.4064,37.1464],[27.4068,37.1453],[27.4078,37.1454],[27.4089,37.1447],[27.4203,37.1424],[27.4255,37.1398],[27.4318,37.1398],[27.4349,37.1388],[27.437,37.1362],[27.4377,37.1339],[27.4386,37.1328],[27.4411,37.1276],[27.4428,37.1255],[27.4427,37.1245],[27.4447,37.1224],[27.4453,37.1221],[27.4464,37.1224],[27.4457,37.1203],[27.446,37.1193],[27.4526,37.1068],[27.4551,37.1057],[27.4568,37.1042],[27.4589,37.1034],[27.4599,37.1038],[27.4609,37.1026],[27.462,37.1029],[27.4641,37.1016],[27.4654,37.1005],[27.4647,37.0995],[27.4669,37.0974],[27.4664,37.0964],[27.4693,37.0936],[27.4703,37.0936],[27.4714,37.0945],[27.4724,37.0944],[27.4742,37.0953],[27.4745,37.0967],[27.4755,37.0956],[27.4776,37.0989],[27.4786,37.0977],[27.4798,37.0995],[27.4824,37.1016],[27.4826,37.1026],[27.4842,37.1036],[27.4837,37.1047],[27.4854,37.1057],[27.487,37.1079],[27.4974,37.1149],[27.5005,37.1156],[27.5016,37.1147],[27.5026,37.1146],[27.5109,37.1149],[27.5151,37.1169],[27.5187,37.1193],[27.5188,37.1203],[27.5211,37.1234],[27.5203,37.1246],[27.5214,37.1238],[27.5224,37.124],[27.5245,37.126],[27.5255,37.1257],[27.5276,37.1277],[27.5286,37.127],[27.5297,37.1275],[27.5329,37.1297],[27.5364,37.1339],[27.5372,37.1359],[27.5359,37.1368],[27.5349,37.1369],[27.5297,37.1361],[27.5255,37.1362],[27.5234,37.1351],[27.5224,37.1354],[27.5182,37.1331],[27.518,37.1339],[27.5186,37.1349],[27.5167,37.1359],[27.5172,37.137],[27.5145,37.138],[27.512,37.1382],[27.5078,37.1357],[27.5068,37.1363],[27.5057,37.1352],[27.5047,37.1354],[27.5026,37.1331],[27.5016,37.1337],[27.4984,37.1319],[27.4974,37.1325],[27.4964,37.1317],[27.4943,37.1314],[27.4918,37.1286],[27.4919,37.1255],[27.4901,37.1204],[27.4877,37.1182],[27.4794,37.1141],[27.4755,37.1133],[27.4745,37.1123],[27.4724,37.1117],[27.4714,37.1126],[27.4703,37.1119],[27.4682,37.1123],[27.4651,37.1145],[27.4631,37.1151],[27.4637,37.1193],[27.4632,37.1203],[27.4641,37.1214],[27.463,37.1224],[27.4659,37.1245],[27.4681,37.1276],[27.4683,37.1286],[27.4717,37.1318],[27.4752,37.137],[27.48,37.1401],[27.481,37.1432],[27.4819,37.1516],[27.4827,37.1526],[27.4845,37.1589],[27.4878,37.1641],[27.4922,37.1692],[27.4995,37.1743],[27.5047,37.1761],[27.5089,37.1765],[27.5099,37.1776],[27.51,37.1755],[27.5135,37.1724],[27.5138,37.1714],[27.5151,37.172],[27.5172,37.1719],[27.5182,37.1703],[27.5193,37.17],[27.5234,37.1699],[27.5255,37.1706],[27.5286,37.1743],[27.5288,37.1766],[27.5279,37.1776],[27.5279,37.1786],[27.5264,37.1818],[27.5262,37.1839],[27.5255,37.1842],[27.5245,37.184],[27.5224,37.1857],[27.5193,37.1853],[27.5182,37.187],[27.5172,37.1875],[27.5161,37.1872],[27.5141,37.1854],[27.513,37.1855],[27.512,37.1835],[27.5109,37.1827],[27.5089,37.1827],[27.5078,37.1833],[27.5061,37.188],[27.5065,37.1901],[27.5057,37.1911],[27.506,37.1922],[27.5028,37.1964],[27.5027,37.1974],[27.4995,37.2],[27.4984,37.2004],[27.4954,37.1964],[27.4932,37.1953],[27.4911,37.1952],[27.4891,37.1958],[27.488,37.1965],[27.4866,37.1984],[27.4859,37.2036],[27.486,37.2089],[27.4865,37.213],[27.4882,37.2172],[27.4896,37.2245],[27.4908,37.238],[27.4908,37.2391],[27.49,37.2401],[27.4932,37.2448],[27.4958,37.2464],[27.4978,37.2495],[27.4981,37.2526],[27.4974,37.2542],[27.4964,37.2544],[27.4943,37.2561],[27.4911,37.2556],[27.4891,37.2547],[27.4889,37.2536],[27.4862,37.2516],[27.4818,37.2497],[27.4809,37.2484],[27.4797,37.2485],[27.4766,37.2452],[27.4724,37.2458],[27.4693,37.2446],[27.4672,37.243],[27.4661,37.2438],[27.4651,37.2431],[27.4589,37.2411],[27.4536,37.2417],[27.4501,37.2432],[27.4486,37.2443],[27.4468,37.2474],[27.4458,37.2516],[27.4455,37.2557],[27.4464,37.2609],[27.4526,37.2693],[27.4536,37.2714],[27.4536,37.2734],[27.4547,37.2754],[27.4578,37.277],[27.4614,37.2797],[27.462,37.2821],[27.4634,37.2839],[27.4627,37.2849],[27.4651,37.287],[27.4656,37.2911],[27.4682,37.294],[27.4755,37.2985],[27.4776,37.3005],[27.4787,37.3036],[27.4783,37.3057],[27.4773,37.3068],[27.4774,37.3089],[27.4766,37.309],[27.4745,37.3077],[27.4714,37.3069],[27.463,37.302],[27.4599,37.3011],[27.4589,37.3],[27.4568,37.2996],[27.4557,37.2987],[27.4544,37.2995],[27.4536,37.2984],[27.4508,37.2974],[27.4464,37.2942],[27.4453,37.2941],[27.4443,37.293],[27.4439,37.2932],[27.4449,37.2943],[27.4446,37.2953],[27.4432,37.2946],[27.4411,37.2954],[27.438,37.2942],[27.4328,37.2908],[27.4276,37.2895],[27.4255,37.2899],[27.4214,37.2918],[27.4161,37.2925],[27.4078,37.296],[27.4026,37.2968],[27.3941,37.3005],[27.3922,37.3004],[27.3911,37.3011],[27.3891,37.3001],[27.387,37.3002],[27.3856,37.2995],[27.3841,37.2953],[27.3832,37.2943],[27.3838,37.2932],[27.3832,37.2922],[27.3834,37.2911],[27.3817,37.2901],[27.3836,37.2891],[27.3834,37.288],[27.3822,37.287],[27.3832,37.2859],[27.3818,37.2838],[27.3807,37.2853],[27.3803,37.2849],[27.3798,37.2818],[27.3767,37.2776],[27.3746,37.2755],[27.3714,37.2738],[27.3693,37.2731],[27.3651,37.2733],[27.3588,37.2766],[27.3583,37.2776],[27.3567,37.2786],[27.356,37.2818],[27.3564,37.2839],[27.3576,37.2859],[27.364,37.2943],[27.3638,37.2953],[27.3651,37.2964],[27.3691,37.3026],[27.3705,37.3036],[27.371,37.3057],[27.3736,37.3078],[27.3753,37.313],[27.3755,37.3151],[27.3763,37.3161],[27.3758,37.3193],[27.3736,37.3255],[27.3737,37.3276],[27.3714,37.3316],[27.3695,37.3328],[27.3682,37.3324],[27.3661,37.3338],[27.3641,37.3335],[27.362,37.3332],[27.3609,37.3318],[27.3588,37.3276],[27.3584,37.3255],[27.3599,37.3182],[27.3591,37.3161],[27.3578,37.3153],[27.3557,37.3151],[27.3526,37.3165],[27.3495,37.3167],[27.341,37.3161],[27.337,37.314],[27.3331,37.3089],[27.3286,37.3048],[27.3255,37.3036],[27.3234,37.3034],[27.3224,37.3039],[27.3193,37.3023],[27.3078,37.3047],[27.3047,37.3068],[27.3027,37.3099],[27.3021,37.312],[27.3021,37.3151],[27.3035,37.3214],[27.3037,37.3245],[27.3021,37.3318],[27.3005,37.3338],[27.2978,37.3359],[27.2964,37.336],[27.2901,37.3385],[27.288,37.3391],[27.2859,37.3391],[27.2839,37.3386],[27.2807,37.3368],[27.2774,37.3339],[27.2749,37.3297],[27.2734,37.3282],[27.2703,37.3263],[27.2651,37.3246],[27.2578,37.324],[27.2495,37.3259],[27.237,37.3273],[27.232,37.3286],[27.2286,37.3299],[27.2234,37.3328],[27.2224,37.3327],[27.2214,37.3333],[27.2193,37.3332],[27.2099,37.3353],[27.2057,37.3366],[27.2026,37.3384],[27.1964,37.3396],[27.188,37.345],[27.1849,37.3484],[27.1843,37.3516],[27.1845,37.3547],[27.1859,37.3593],[27.188,37.3627],[27.1922,37.3667],[27.1933,37.3672],[27.1952,37.3724],[27.1998,37.3807],[27.1999,37.3818],[27.2014,37.3849],[27.202,37.3901],[27.2009,37.3964],[27.2008,37.3995],[27.2032,37.4068],[27.2041,37.4078],[27.2039,37.4089],[27.2057,37.412],[27.2051,37.4141],[27.206,37.4161],[27.2063,37.4214],[27.2068,37.423],[27.2086,37.4255],[27.2101,37.4307],[27.2097,37.4359],[27.21,37.4422],[27.2098,37.4432],[27.2087,37.4443],[27.2096,37.4464],[27.2094,37.4474],[27.2089,37.4486],[27.2078,37.449],[27.2065,37.4505],[27.2057,37.4532],[27.2047,37.4539],[27.2036,37.4533],[27.2026,37.4561],[27.2016,37.4559],[27.1953,37.4591],[27.1755,37.4663],[27.1743,37.4672],[27.173,37.4693],[27.1712,37.4766],[27.1682,37.4824],[27.1664,37.4849],[27.1653,37.4901],[27.165,37.4974],[27.1641,37.502],[27.1607,37.5099],[27.1557,37.5161],[27.1542,37.5193],[27.1534,37.5224],[27.1536,37.5297],[27.1526,37.5358],[27.1487,37.5422],[27.1464,37.5449],[27.137,37.5504],[27.1347,37.5536],[27.134,37.5568],[27.1336,37.563],[27.1338,37.5724],[27.1334,37.5755],[27.1311,37.5818],[27.1309,37.5859],[27.1291,37.5943],[27.1271,37.6005],[27.123,37.6089],[27.1228,37.6109],[27.1182,37.616],[27.112,37.6185],[27.1094,37.6203],[27.1089,37.6214],[27.1078,37.6221],[27.1036,37.6232],[27.0964,37.6286],[27.0911,37.6309],[27.0745,37.6319],[27.0703,37.6328],[27.0651,37.6325],[27.0568,37.6332],[27.0536,37.634],[27.0484,37.6363],[27.0318,37.6411],[27.0276,37.6414],[27.0172,37.6406],[27.0068,37.6417],[27.0005,37.6418]],[[27.0974,37.2648],[27.0932,37.2642],[27.0895,37.2651],[27.0828,37.2689],[27.0776,37.2734],[27.0755,37.2776],[27.0749,37.2807],[27.0752,37.2828],[27.0726,37.288],[27.073,37.2943],[27.0745,37.2999],[27.0798,37.3057],[27.0828,37.3109],[27.087,37.313],[27.0901,37.3135],[27.0932,37.3132],[27.0992,37.3099],[27.1026,37.3086],[27.1051,37.3068],[27.1071,37.3026],[27.1073,37.2984],[27.1066,37.2953],[27.1069,37.2943],[27.1062,37.2932],[27.1071,37.2922],[27.1072,37.2901],[27.1089,37.2886],[27.1098,37.2818],[27.1096,37.2776],[27.1088,37.2755],[27.1068,37.2729]],[[27.3953,37.2453],[27.3922,37.2448],[27.3891,37.2452],[27.3866,37.2464],[27.3846,37.2484],[27.3838,37.2505],[27.3841,37.2526],[27.3864,37.2557],[27.3891,37.2577],[27.3932,37.259],[27.3953,37.2589],[27.3984,37.2576],[27.4002,37.2557],[27.4011,37.2526],[27.4006,37.2495],[27.3984,37.2467]],[[27.4214,37.2087],[27.4151,37.2091],[27.4108,37.2109],[27.4079,37.213],[27.4072,37.2141],[27.4067,37.2172],[27.407,37.2214],[27.4082,37.2234],[27.4172,37.2294],[27.4224,37.2313],[27.4255,37.2303],[27.4277,37.2286],[27.4292,37.2255],[27.4297,37.2214],[27.4292,37.2182],[27.4263,37.212],[27.4244,37.2099]],[[27.4786,37.0997],[27.4786,37.1005],[27.4797,37.1017],[27.48,37.1016],[27.4787,37.1005]],[[27.0682,37.0774],[27.0661,37.0768],[27.0641,37.0772],[27.063,37.0766],[27.062,37.0779],[27.061,37.0818],[27.0618,37.087],[27.063,37.0888],[27.0651,37.0897],[27.0682,37.0894],[27.0703,37.0881],[27.0724,37.0865],[27.0751,37.0828],[27.0743,37.0807],[27.0724,37.0792],[27.0703,37.0779]],[[27.0839,37.0463],[27.0797,37.0465],[27.0766,37.0481],[27.0734,37.0525],[27.0682,37.0573],[27.0668,37.0599],[27.0661,37.063],[27.0672,37.0675],[27.0678,37.0682],[27.0703,37.0698],[27.0714,37.0689],[27.0724,37.0693],[27.0745,37.069],[27.0766,37.0709],[27.0776,37.071],[27.0797,37.0725],[27.0839,37.0726],[27.0849,37.0718],[27.0943,37.0691],[27.1005,37.0678],[27.1099,37.0637],[27.1119,37.062],[27.1125,37.0599],[27.1124,37.0557],[27.1109,37.0528],[27.109,37.0516],[27.1068,37.0509],[27.1016,37.0505],[27.0903,37.0484]],[[27.1484,37.041],[27.1453,37.0409],[27.1422,37.0424],[27.1409,37.0443],[27.1406,37.0474],[27.1417,37.0516],[27.1435,37.0536],[27.1474,37.0553],[27.1516,37.0554],[27.1547,37.054],[27.1559,37.0526],[27.1567,37.0505],[27.1568,37.0484],[27.1555,37.0453],[27.1536,37.0435],[27.1516,37.0421]],[[27.2016,37.0389],[27.2013,37.0401],[27.1974,37.0416],[27.194,37.0453],[27.1931,37.0484],[27.1935,37.0505],[27.1943,37.0525],[27.1964,37.0545],[27.2036,37.0551],[27.2068,37.056],[27.2089,37.0536],[27.2089,37.0526],[27.2114,37.0484],[27.2117,37.0464],[27.2105,37.0443],[27.2078,37.0411],[27.2068,37.0404],[27.2047,37.0405]],[[27.3525,37.0005],[27.3503,37.0036],[27.3506,37.0057],[27.3495,37.0073],[27.3474,37.0082],[27.3468,37.0078],[27.3462,37.0068],[27.3464,37.0062],[27.3497,37.0005]],[[27.4203,37.002],[27.4255,37.0037],[27.4286,37.004],[27.4328,37.0033]],[[27.454,37.0005],[27.4473,37.0036],[27.4407,37.012],[27.438,37.0132],[27.437,37.0143],[27.4359,37.0138],[27.4342,37.0161],[27.4333,37.0161],[27.4328,37.0156],[27.432,37.0172],[27.4307,37.0182],[27.4286,37.0183],[27.4276,37.0181],[27.4255,37.0164],[27.4245,37.0162],[27.4243,37.0151],[27.4234,37.0149],[27.4214,37.0126],[27.4182,37.0104],[27.4151,37.0092],[27.4099,37.0083],[27.4047,37.0092],[27.4005,37.0074],[27.4,37.0068],[27.4011,37.0057],[27.3995,37.0053],[27.399,37.0047],[27.3969,37.0005]],[[27.9943,37.0202],[27.9932,37.021],[27.9922,37.0203],[27.9911,37.0212],[27.9901,37.0202],[27.9859,37.02],[27.9839,37.0206],[27.9828,37.0204],[27.9786,37.0182],[27.9776,37.0183],[27.9755,37.0167],[27.9693,37.0137],[27.9568,37.0108],[27.9516,37.0101],[27.9464,37.0101],[27.9391,37.0108],[27.937,37.0116],[27.9297,37.0178],[27.9286,37.0181],[27.9245,37.0185],[27.9203,37.017],[27.9141,37.0161],[27.913,37.0168],[27.9078,37.0169],[27.9036,37.0181],[27.8995,37.02],[27.8964,37.0208],[27.8943,37.0221],[27.8911,37.0227],[27.8891,37.0225],[27.887,37.0213],[27.8703,37.0183],[27.863,37.0161],[27.8578,37.0162],[27.8484,37.0141],[27.8443,37.0136],[27.8391,37.0096],[27.8349,37.0078],[27.8234,37.0079],[27.8203,37.0063],[27.818,37.0026],[27.8151,37.0005]]]}},{"type":"Feature","properties":{"depth":30,"kind":"band"},"geometry":{"type":"MultiPolygon","coordinates":[[[[27.0036,37.7859],[27.0026,37.7868],[27.0019,37.7859],[27.0026,37.7852],[27.0036,37.7859]]],[[[27.0017,37.7839],[27.0019,37.7849],[27.0016,37.7852],[27.001,37.7849],[27.0017,37.7839]]],[[[27.1005,37.6859],[27.1142,37.6891],[27.1234,37.693],[27.1453,37.6968],[27.1495,37.6987],[27.1536,37.7014],[27.1651,37.7062],[27.1693,37.7066],[27.1766,37.7085],[27.2026,37.7178],[27.2068,37.7188],[27.212,37.7224],[27.2189,37.7286],[27.2291,37.7349],[27.2335,37.7391],[27.2376,37.7443],[27.2449,37.7578],[27.2469,37.763],[27.2486,37.7693],[27.2499,37.7818],[27.2531,37.7901],[27.2544,37.7953],[27.2547,37.7984],[27.2545,37.8036],[27.2526,37.8082],[27.2495,37.8105],[27.2464,37.8111],[27.2453,37.812],[27.2432,37.8123],[27.2401,37.8139],[27.2359,37.8172],[27.2303,37.8255],[27.2256,37.8349],[27.2203,37.8411],[27.2162,37.8484],[27.2164,37.8516],[27.2181,37.8557],[27.2184,37.8589],[27.2161,37.8672],[27.2159,37.8693],[27.2168,37.8724],[27.218,37.8745],[27.2202,37.8766],[27.2224,37.8777],[27.2255,37.8783],[27.2276,37.8782],[27.2318,37.8761],[27.2422,37.8746],[27.2473,37.8766],[27.2475,37.8776],[27.2499,37.8786],[27.2502,37.8797],[27.2516,37.8806],[27.2518,37.8839],[27.2529,37.887],[27.2519,37.8953],[27.2531,37.8984],[27.2507,37.9026],[27.2491,37.9068],[27.2486,37.9099],[27.2488,37.913],[27.2495,37.9172],[27.2529,37.9234],[27.2553,37.9297],[27.2561,37.9307],[27.2558,37.9318],[27.257,37.9339],[27.2568,37.9349],[27.2575,37.9359],[27.2574,37.9391],[27.2566,37.9411],[27.2544,37.9443],[27.2484,37.9516],[27.2458,37.9536],[27.2453,37.9546],[27.2401,37.9576],[27.2359,37.9615],[27.2349,37.9633],[27.2307,37.967],[27.2245,37.9714],[27.2203,37.9738],[27.2151,37.9756],[27.2109,37.976],[27.2047,37.9749],[27.1953,37.9755],[27.1901,37.9751],[27.1745,37.969],[27.1714,37.9682],[27.1693,37.9684],[27.163,37.9708],[27.1578,37.9736],[27.1547,37.9745],[27.1516,37.9747],[27.1484,37.9741],[27.137,37.974],[27.1339,37.9741],[27.1307,37.9755],[27.1266,37.9756],[27.1214,37.9795],[27.1159,37.9818],[27.0984,38],[27.0005,38],[27,37.9995],[27,37.8036],[27.0005,37.8027],[27.0026,37.8021],[27.0036,37.8011],[27.0055,37.7984],[27.0056,37.7974],[27.0069,37.7964],[27.0068,37.7953],[27.0047,37.7926],[27.0036,37.7922],[27.0026,37.7909],[27,37.7891],[27,37.7859],[27.0005,37.7852],[27.0026,37.7872],[27.0038,37.7859],[27.0033,37.7849],[27.0035,37.7839],[27.0047,37.7839],[27.0078,37.7819],[27.0151,37.7806],[27.0172,37.7811],[27.0182,37.7806],[27.0214,37.7805],[27.0224,37.7799],[27.0318,37.7789],[27.0359,37.7793],[27.0432,37.7818],[27.0599,37.7855],[27.063,37.7854],[27.0651,37.7841],[27.0661,37.7846],[27.0682,37.7846],[27.0703,37.7823],[27.0724,37.7812],[27.0738,37.7786],[27.0741,37.7766],[27.0731,37.7745],[27.0703,37.7712],[27.0609,37.7654],[27.0557,37.7632],[27.0541,37.762],[27.0536,37.7603],[27.0522,37.7599],[27.0526,37.7588],[27.0516,37.7586],[27.0505,37.7592],[27.0474,37.7572],[27.0464,37.7578],[27.0453,37.7571],[27.0443,37.7575],[27.0394,37.7557],[27.0384,37.7547],[27.0393,37.7536],[27.0386,37.7516],[27.0395,37.7505],[27.0395,37.7495],[27.0432,37.7469],[27.0453,37.7466],[27.0481,37.7432],[27.0505,37.7411],[27.0516,37.7385],[27.0526,37.7388],[27.0533,37.738],[27.0532,37.737],[27.0536,37.7366],[27.0547,37.7367],[27.0568,37.7348],[27.0599,37.7343],[27.0609,37.736],[27.063,37.7334],[27.0682,37.7313],[27.0711,37.7286],[27.0745,37.7203],[27.0748,37.7161],[27.0727,37.712],[27.0734,37.7109],[27.0731,37.7099],[27.0747,37.7089],[27.0745,37.7078],[27.0714,37.7053],[27.0693,37.7042],[27.0682,37.7048],[27.0672,37.7039],[27.0641,37.7033],[27.063,37.7039],[27.0599,37.7035],[27.0557,37.7021],[27.0536,37.7003],[27.0516,37.6994],[27.0505,37.6998],[27.0464,37.6996],[27.0443,37.697],[27.0419,37.6964],[27.0422,37.6954],[27.0443,37.6932],[27.0474,37.6926],[27.0495,37.6906],[27.0526,37.6895],[27.0557,37.6893],[27.063,37.6915],[27.0661,37.6914],[27.0682,37.6924],[27.0686,37.6922],[27.068,37.6911],[27.0682,37.6907],[27.0693,37.6909],[27.0766,37.6893],[27.0776,37.69],[27.0797,37.6902],[27.0807,37.6885],[27.087,37.6873],[27.0911,37.6859],[27.0974,37.6855],[27.1005,37.6859]]],[[[27.1705,37.5932],[27.1737,37.5964],[27.1693,37.603],[27.1651,37.6065],[27.162,37.6078],[27.1568,37.6087],[27.1553,37.6078],[27.1549,37.6068],[27.1557,37.6053],[27.1613,37.6005],[27.1642,37.5974],[27.1668,37.5964],[27.1693,37.5938],[27.1705,37.5932]]],[[[27.0012,37.4724],[27,37.4724],[27.0005,37.4718],[27.0012,37.4724]]],[[[27.0025,37.4714],[27.0016,37.4718],[27.0012,37.4714],[27.0025,37.4714]]],[[[27.0216,37.4682],[27.0214,37.4688],[27.0214,37.4681],[27.0216,37.4682]]],[[[27.3799,37.3724],[27.3807,37.3734],[27.3807,37.3745],[27.3797,37.3753],[27.3786,37.3751],[27.3776,37.3734],[27.3786,37.3719],[27.3799,37.3724]]],[[[27.4727,37.3026],[27.472,37.3026],[27.4724,37.3023],[27.4727,37.3026]]],[[[27.4718,37.3016],[27.4714,37.3021],[27.4703,37.3017],[27.4703,37.3006],[27.4718,37.3016]]],[[[27.4672,37.2974],[27.4702,37.3005],[27.4693,37.3007],[27.4682,37.3],[27.4661,37.2995],[27.4655,37.2974],[27.4672,37.2974]]],[[[27.3813,37.2797],[27.3807,37.2801],[27.3804,37.2797],[27.3807,37.2792],[27.3813,37.2797]]],[[[27.5572,37.2536],[27.5575,37.2547],[27.557,37.2568],[27.5578,37.2578],[27.5578,37.2591],[27.563,37.2627],[27.5651,37.2625],[27.5661,37.2617],[27.5672,37.2619],[27.5685,37.263],[27.5682,37.264],[27.5651,37.2662],[27.5641,37.266],[27.563,37.2653],[27.5589,37.2645],[27.5564,37.263],[27.5526,37.2596],[27.5512,37.2578],[27.5512,37.2568],[27.5536,37.2559],[27.5557,37.2534],[27.5568,37.2529],[27.5572,37.2536]]],[[[27.5581,37.2516],[27.5578,37.2519],[27.5575,37.2516],[27.5578,37.2512],[27.5581,37.2516]]],[[[27.5757,37.2391],[27.5777,37.2401],[27.5782,37.2411],[27.5776,37.2425],[27.5766,37.2423],[27.5754,37.2411],[27.5757,37.2391]]],[[[27.5241,37.212],[27.5224,37.2132],[27.5205,37.213],[27.5182,37.212],[27.5224,37.2114],[27.5241,37.212]]],[[[27.5403,37.212],[27.5432,37.2128],[27.5474,37.218],[27.5495,37.2184],[27.5526,37.2201],[27.5531,37.2224],[27.5525,37.2245],[27.5505,37.2251],[27.5484,37.2249],[27.5463,37.2234],[27.5432,37.2199],[27.5422,37.2199],[27.538,37.2166],[27.5367,37.2151],[27.5369,37.2141],[27.538,37.2127],[27.5403,37.212]]],[[[27.5239,37.1734],[27.5255,37.1753],[27.5261,37.1776],[27.526,37.1786],[27.525,37.1797],[27.525,37.1807],[27.5234,37.1821],[27.5203,37.1826],[27.5172,37.1835],[27.5161,37.1843],[27.5151,37.1828],[27.5141,37.1828],[27.513,37.1839],[27.5119,37.1797],[27.5133,37.1786],[27.5133,37.1776],[27.5151,37.1763],[27.5154,37.1755],[27.5151,37.1736],[27.5161,37.174],[27.5172,37.1734],[27.5214,37.1729],[27.5239,37.1734]]],[[[27.3808,37.1578],[27.3821,37.1589],[27.3818,37.1597],[27.3807,37.1598],[27.38,37.1589],[27.3808,37.1578]]],[[[27.3802,37.1536],[27.3797,37.1543],[27.3792,37.1536],[27.3797,37.1532],[27.3802,37.1536]]],[[[27.3041,37.1453],[27.3036,37.1458],[27.3032,37.1453],[27.3041,37.1453]]],[[[27.4951,37.1224],[27.4943,37.1226],[27.4943,37.1219],[27.4951,37.1224]]],[[[27.5189,37.1224],[27.5182,37.1232],[27.5175,37.1224],[27.5182,37.1216],[27.5189,37.1224]]],[[[27.509,37.1172],[27.5151,37.1191],[27.5177,37.1214],[27.5169,37.1224],[27.5182,37.1236],[27.5193,37.1238],[27.5212,37.1266],[27.5224,37.1266],[27.5255,37.1291],[27.5307,37.1299],[27.5325,37.1307],[27.5336,37.1339],[27.533,37.1349],[27.5266,37.1353],[27.5255,37.1347],[27.5245,37.1349],[27.5234,37.1343],[27.5203,37.1339],[27.5182,37.1325],[27.5175,37.1328],[27.5172,37.1341],[27.5161,37.1345],[27.5151,37.1356],[27.513,37.1362],[27.511,37.1359],[27.5113,37.137],[27.5109,37.1372],[27.5105,37.137],[27.5109,37.1359],[27.5099,37.1352],[27.5089,37.1355],[27.5078,37.1344],[27.5068,37.1347],[27.5057,37.1333],[27.5036,37.1326],[27.5026,37.1312],[27.4996,37.1297],[27.498,37.1276],[27.4964,37.1267],[27.4964,37.1255],[27.4947,37.1234],[27.4954,37.1224],[27.4943,37.1209],[27.4943,37.12],[27.4971,37.1203],[27.4984,37.118],[27.4995,37.1183],[27.5005,37.1175],[27.5047,37.117],[27.509,37.1172]]],[[[27.4884,37.1141],[27.4876,37.1141],[27.488,37.1136],[27.4884,37.1141]]],[[[27.2497,37.1026],[27.2495,37.1029],[27.2492,37.1026],[27.2495,37.102],[27.2497,37.1026]]],[[[27.253,37.1016],[27.2544,37.1026],[27.2526,37.1038],[27.2519,37.1026],[27.2523,37.1016],[27.253,37.1016]]],[[[27.2603,37.1016],[27.2589,37.1027],[27.258,37.1016],[27.2589,37.1011],[27.2603,37.1016]]],[[[27.1951,37.0005],[27.195,37.0016],[27.1989,37.0109],[27.1984,37.0123],[27.2005,37.0147],[27.213,37.0196],[27.2141,37.0202],[27.2161,37.0228],[27.2214,37.0253],[27.2238,37.0255],[27.2242,37.0266],[27.2231,37.0276],[27.2227,37.0297],[27.2207,37.0328],[27.221,37.0339],[27.2202,37.0349],[27.2197,37.037],[27.2202,37.0391],[27.2198,37.0401],[27.2203,37.0411],[27.2198,37.0422],[27.2198,37.0453],[27.219,37.0474],[27.2191,37.0495],[27.2177,37.0557],[27.2181,37.0599],[27.2176,37.0609],[27.2186,37.0651],[27.2179,37.0703],[27.2151,37.0718],[27.2089,37.0727],[27.2078,37.0722],[27.2051,37.0745],[27.2005,37.0755],[27.198,37.0766],[27.198,37.0776],[27.1961,37.0818],[27.196,37.0828],[27.1964,37.0859],[27.1983,37.0891],[27.2068,37.0961],[27.2151,37.0975],[27.2182,37.0972],[27.2193,37.0963],[27.2245,37.0961],[27.2307,37.098],[27.2401,37.0993],[27.2422,37.101],[27.2432,37.1008],[27.2443,37.1025],[27.2453,37.102],[27.2459,37.1026],[27.245,37.1036],[27.2453,37.1045],[27.2477,37.1068],[27.2468,37.1089],[27.2453,37.1104],[27.2443,37.11],[27.2441,37.1109],[27.2456,37.113],[27.245,37.1141],[27.2462,37.1214],[27.2464,37.1298],[27.2473,37.1328],[27.2492,37.1359],[27.2532,37.1401],[27.2589,37.1428],[27.2599,37.1425],[27.262,37.143],[27.2693,37.1495],[27.2745,37.1516],[27.2797,37.152],[27.2849,37.1508],[27.2891,37.1478],[27.2911,37.1481],[27.2919,37.1474],[27.2917,37.1464],[27.293,37.1453],[27.2929,37.1443],[27.292,37.1432],[27.2932,37.1392],[27.2943,37.1411],[27.2953,37.1392],[27.2964,37.1395],[27.2983,37.1411],[27.2985,37.1422],[27.2995,37.1424],[27.3,37.1432],[27.2995,37.1444],[27.3005,37.144],[27.3015,37.1453],[27.3036,37.1465],[27.3047,37.1456],[27.3089,37.1465],[27.3112,37.1484],[27.3131,37.1526],[27.3129,37.1536],[27.3117,37.1547],[27.312,37.1555],[27.3148,37.1578],[27.3158,37.162],[27.317,37.1641],[27.3203,37.1668],[27.3266,37.168],[27.3297,37.1694],[27.3307,37.1689],[27.3328,37.1695],[27.3349,37.1669],[27.3401,37.1672],[27.3427,37.1682],[27.3439,37.1703],[27.3442,37.1745],[27.3431,37.1766],[27.344,37.1786],[27.3453,37.1797],[27.3464,37.1829],[27.3478,37.1849],[27.3516,37.1874],[27.3547,37.1882],[27.3589,37.1879],[27.3703,37.1842],[27.3807,37.1794],[27.3828,37.1787],[27.3839,37.1789],[27.3849,37.178],[27.388,37.1796],[27.3891,37.1794],[27.3932,37.1802],[27.3943,37.18],[27.4,37.187],[27.4026,37.1888],[27.4056,37.1901],[27.412,37.1903],[27.4172,37.1885],[27.4197,37.1859],[27.4213,37.1828],[27.4213,37.1807],[27.42,37.1776],[27.4157,37.1714],[27.412,37.1679],[27.4047,37.1634],[27.4035,37.1609],[27.4036,37.1568],[27.4041,37.1557],[27.4038,37.1547],[27.4047,37.1526],[27.4071,37.1505],[27.4068,37.1494],[27.4089,37.1493],[27.4099,37.1483],[27.413,37.1481],[27.4161,37.1472],[27.4224,37.1468],[27.4276,37.1454],[27.4339,37.1451],[27.437,37.1435],[27.4391,37.1413],[27.4392,37.1401],[27.4387,37.1391],[27.4404,37.137],[27.4433,37.1286],[27.4464,37.1245],[27.4466,37.1234],[27.4537,37.1099],[27.4599,37.1054],[27.462,37.1048],[27.463,37.1038],[27.4673,37.1026],[27.4679,37.1016],[27.4667,37.1005],[27.4682,37.1],[27.4693,37.0981],[27.4703,37.0992],[27.4724,37.0972],[27.4745,37.0981],[27.4776,37.1004],[27.4839,37.1072],[27.4864,37.112],[27.4875,37.113],[27.4859,37.1139],[27.4797,37.1119],[27.4786,37.112],[27.4776,37.1114],[27.4745,37.1113],[27.4734,37.1106],[27.4714,37.1102],[27.4703,37.1108],[27.4693,37.1098],[27.4687,37.1109],[27.4672,37.1107],[27.463,37.1134],[27.4614,37.1161],[27.4611,37.1172],[27.4615,37.1193],[27.4606,37.1214],[27.4628,37.1234],[27.4629,37.1255],[27.4642,37.1266],[27.4629,37.1286],[27.4641,37.1282],[27.4675,37.1307],[27.4699,37.1339],[27.4734,37.1409],[27.4762,37.1432],[27.4768,37.1453],[27.4777,37.1536],[27.4797,37.1602],[27.4844,37.1661],[27.4864,37.1703],[27.4888,37.1734],[27.4964,37.1786],[27.4991,37.1828],[27.4999,37.1849],[27.5007,37.188],[27.5005,37.1901],[27.4995,37.1901],[27.4984,37.191],[27.4953,37.1903],[27.4891,37.1902],[27.4839,37.1915],[27.4815,37.1932],[27.4807,37.1964],[27.4808,37.2026],[27.4838,37.2161],[27.4852,37.2203],[27.4875,37.2349],[27.4872,37.2359],[27.488,37.237],[27.4885,37.2391],[27.4902,37.2411],[27.4922,37.2452],[27.492,37.2464],[27.4925,37.2484],[27.4932,37.2492],[27.4943,37.2495],[27.4949,37.2505],[27.4946,37.2516],[27.4932,37.2526],[27.488,37.2496],[27.4859,37.2475],[27.4839,37.2477],[27.4786,37.2456],[27.4745,37.2421],[27.4724,37.2423],[27.4682,37.2413],[27.4672,37.2402],[27.463,37.238],[27.4589,37.2369],[27.4547,37.2371],[27.4484,37.239],[27.4453,37.241],[27.4433,37.2432],[27.4436,37.2443],[27.4426,37.2453],[27.442,37.2474],[27.4415,37.2557],[27.4417,37.2599],[27.4424,37.262],[27.4435,37.2641],[27.4493,37.2714],[27.4588,37.2818],[27.46,37.2849],[27.4619,37.288],[27.4638,37.2943],[27.4644,37.2974],[27.4641,37.2985],[27.463,37.2976],[27.4599,37.2972],[27.4578,37.2961],[27.4568,37.2965],[27.4547,37.296],[27.4495,37.2935],[27.4484,37.2924],[27.4453,37.2913],[27.4443,37.2922],[27.4432,37.2905],[27.4411,37.2911],[27.4318,37.2852],[27.4266,37.2836],[27.4245,37.2838],[27.4214,37.2854],[27.4151,37.2875],[27.4109,37.2907],[27.4068,37.2922],[27.3984,37.2929],[27.3901,37.2956],[27.3891,37.2948],[27.3885,37.2922],[27.3896,37.2911],[27.389,37.2901],[27.3891,37.2891],[27.3867,37.287],[27.3849,37.2823],[27.3817,37.2807],[27.3829,37.2797],[27.3818,37.2789],[27.3807,37.2773],[27.3797,37.2775],[27.3776,37.2734],[27.3766,37.2727],[27.3734,37.2712],[27.3661,37.2702],[27.3574,37.2745],[27.3531,37.2786],[27.3527,37.2797],[27.3533,37.2807],[27.3522,37.2818],[27.3522,37.2828],[27.353,37.2849],[27.3526,37.2859],[27.3547,37.287],[27.3549,37.288],[27.3591,37.2932],[27.361,37.2964],[27.3621,37.2995],[27.3666,37.3057],[27.3664,37.3068],[27.3672,37.3078],[27.3713,37.3109],[27.3713,37.3141],[27.3695,37.3193],[27.3686,37.3245],[27.3694,37.3266],[27.3682,37.3286],[27.3651,37.3309],[27.363,37.3315],[27.3623,37.3307],[27.3614,37.3276],[27.3614,37.3255],[27.3639,37.3161],[27.3638,37.3141],[27.363,37.3129],[27.3609,37.3119],[27.3578,37.3115],[27.3557,37.3118],[27.3516,37.3132],[27.3474,37.3135],[27.3453,37.3129],[27.3443,37.3133],[27.3432,37.3126],[27.3422,37.3127],[27.3397,37.3109],[27.337,37.3078],[27.3369,37.3068],[27.3332,37.3016],[27.3323,37.2995],[27.3297,37.2978],[27.3266,37.2974],[27.3068,37.3019],[27.3047,37.3028],[27.3022,37.3047],[27.2995,37.3078],[27.298,37.312],[27.2979,37.3182],[27.2989,37.3255],[27.2984,37.3269],[27.2973,37.3286],[27.2953,37.3304],[27.2891,37.3331],[27.287,37.3334],[27.2839,37.3325],[27.277,37.3255],[27.2755,37.3251],[27.2724,37.323],[27.2661,37.321],[27.2609,37.3202],[27.2568,37.3201],[27.2349,37.3232],[27.2286,37.3249],[27.2224,37.3276],[27.2068,37.3309],[27.2047,37.3318],[27.2031,37.3318],[27.1943,37.3353],[27.1846,37.3422],[27.1819,37.3453],[27.1807,37.3484],[27.1807,37.3526],[27.1823,37.3589],[27.1839,37.3626],[27.1907,37.3714],[27.195,37.3786],[27.1981,37.3859],[27.1979,37.387],[27.1986,37.3901],[27.1971,37.3953],[27.1966,37.3995],[27.198,37.4047],[27.2002,37.4089],[27.2003,37.4099],[27.2014,37.4109],[27.2012,37.412],[27.202,37.413],[27.2023,37.4151],[27.2013,37.4203],[27.2016,37.4223],[27.2026,37.4223],[27.2029,37.4234],[27.2026,37.4245],[27.2036,37.4249],[27.2053,37.4297],[27.2057,37.4328],[27.2054,37.4453],[27.2044,37.4484],[27.2033,37.4495],[27.2026,37.452],[27.2005,37.4531],[27.1995,37.4524],[27.1953,37.4549],[27.1911,37.4565],[27.1747,37.4609],[27.1707,37.463],[27.1691,37.4651],[27.1677,37.4682],[27.1673,37.4724],[27.1659,37.4766],[27.1628,37.4818],[27.1592,37.4859],[27.1583,37.4901],[27.1584,37.4974],[27.1578,37.5008],[27.1538,37.5099],[27.1506,37.5141],[27.1497,37.5161],[27.1476,37.5286],[27.1463,37.5328],[27.1412,37.5411],[27.1334,37.5464],[27.1318,37.548],[27.1304,37.5505],[27.1288,37.5578],[27.1291,37.5703],[27.1281,37.5734],[27.1254,37.5776],[27.1236,37.5818],[27.1237,37.5891],[27.1231,37.5943],[27.121,37.5995],[27.1153,37.6099],[27.1078,37.6162],[27.1068,37.6177],[27.1005,37.6212],[27.0984,37.6233],[27.0951,37.6255],[27.0911,37.6275],[27.0578,37.6301],[27.0536,37.6311],[27.0473,37.6339],[27.0307,37.6384],[27.0266,37.6387],[27.0161,37.6378],[27.0078,37.6387],[27.0005,37.6389],[27,37.638],[27,37.4891],[27.0005,37.4886],[27.0047,37.4885],[27.0089,37.4875],[27.013,37.4849],[27.0154,37.4818],[27.0174,37.4776],[27.0172,37.4765],[27.0193,37.4726],[27.0214,37.4705],[27.0215,37.4693],[27.0226,37.4682],[27.0222,37.4661],[27.0189,37.4599],[27.0189,37.4589],[27.0182,37.4578],[27.0161,37.4514],[27.0145,37.4484],[27.013,37.4468],[27.0099,37.4449],[27.0011,37.4422],[27,37.4401],[27,37.0443],[27.0008,37.0432],[27.0024,37.038],[27.0035,37.037],[27.003,37.0359],[27,37.0339],[27,37.0276],[27.0005,37.0268],[27.0047,37.0263],[27.005,37.0255],[27.0057,37.0252],[27.0078,37.0257],[27.0099,37.0234],[27.012,37.0233],[27.0151,37.0216],[27.0214,37.0215],[27.0328,37.0226],[27.0359,37.0224],[27.0392,37.0214],[27.0425,37.0193],[27.0495,37.0105],[27.056,37.0057],[27.0599,37],[27.1724,37],[27.1731,37.0005],[27.1723,37.0057],[27.1736,37.0099],[27.1755,37.0119],[27.1776,37.0132],[27.1828,37.0141],[27.187,37.0136],[27.1891,37.0139],[27.1899,37.012],[27.1911,37.0124],[27.1922,37.0122],[27.1926,37.0109],[27.1908,37.0089],[27.19,37.0068],[27.1911,37.0051],[27.1922,37.0063],[27.1932,37.007],[27.1936,37.0068],[27.1911,37.0042],[27.1901,37.0054],[27.1892,37.0047],[27.1891,37.0035],[27.188,37.0039],[27.1865,37.0005],[27.187,37],[27.1943,37],[27.1951,37.0005]],[[27.0964,37.2597],[27.0943,37.2596],[27.0901,37.2607],[27.0877,37.263],[27.0825,37.2661],[27.0762,37.2714],[27.0739,37.2745],[27.0726,37.2776],[27.073,37.2797],[27.0723,37.2807],[27.0724,37.2826],[27.0701,37.288],[27.0703,37.2943],[27.0713,37.2995],[27.0722,37.3016],[27.0764,37.3057],[27.0776,37.3073],[27.0786,37.3099],[27.0807,37.3126],[27.0849,37.3153],[27.0891,37.3164],[27.0911,37.3165],[27.0943,37.3159],[27.0995,37.313],[27.1036,37.3113],[27.1068,37.3091],[27.1089,37.3063],[27.11,37.3026],[27.1097,37.2932],[27.1111,37.2901],[27.1108,37.2891],[27.1124,37.2818],[27.1119,37.2766],[27.1099,37.2728],[27.1016,37.2633],[27.0964,37.2597]],[[27.3953,37.2421],[27.3922,37.2416],[27.3891,37.2418],[27.3846,37.2432],[27.3828,37.2443],[27.381,37.2464],[27.3797,37.2505],[27.3809,37.2536],[27.3849,37.2578],[27.3901,37.2607],[27.3943,37.2619],[27.3984,37.2614],[27.402,37.2599],[27.4039,37.2578],[27.4048,37.2547],[27.4042,37.2495],[27.4034,37.2474],[27.3995,37.2439],[27.3953,37.2421]],[[27.4245,37.2047],[27.4214,37.204],[27.4151,37.2041],[27.4068,37.2073],[27.4049,37.2089],[27.4034,37.2109],[27.4021,37.2172],[27.4023,37.2224],[27.4043,37.2255],[27.4121,37.2307],[27.4193,37.237],[27.4224,37.2381],[27.4245,37.2379],[27.4266,37.237],[27.4286,37.2356],[27.4303,37.2339],[27.4323,37.2297],[27.4335,37.2234],[27.4329,37.2182],[27.4298,37.2099],[27.4276,37.2067],[27.4245,37.2047]],[[27.062,37.074],[27.0611,37.0745],[27.0601,37.0766],[27.0602,37.0776],[27.059,37.0807],[27.059,37.0849],[27.0598,37.088],[27.0612,37.0901],[27.063,37.0915],[27.0661,37.0921],[27.0693,37.0914],[27.0745,37.0874],[27.0764,37.0839],[27.0778,37.0828],[27.0755,37.0806],[27.0734,37.0799],[27.0737,37.0786],[27.0724,37.0784],[27.0714,37.077],[27.0641,37.0754],[27.062,37.074]],[[27.0828,37.0441],[27.0786,37.0446],[27.0752,37.0464],[27.0724,37.0501],[27.0666,37.0557],[27.0642,37.0609],[27.0641,37.0684],[27.0651,37.0677],[27.0671,37.0693],[27.0703,37.0707],[27.0734,37.0706],[27.0755,37.0712],[27.0797,37.074],[27.0807,37.0752],[27.0839,37.0753],[27.0859,37.0741],[27.0953,37.071],[27.0995,37.0704],[27.1029,37.0693],[27.1109,37.0657],[27.1129,37.0641],[27.1147,37.0599],[27.1147,37.0589],[27.1135,37.0536],[27.1124,37.0516],[27.1109,37.0502],[27.1078,37.049],[27.0943,37.047],[27.0828,37.0441]],[[27.1505,37.0391],[27.1464,37.0386],[27.1422,37.0396],[27.1401,37.041],[27.1393,37.0422],[27.1386,37.0453],[27.1385,37.0474],[27.1393,37.0484],[27.1396,37.0516],[27.1405,37.0536],[27.1422,37.0558],[27.1443,37.0571],[27.1464,37.0578],[27.1505,37.0582],[27.155,37.0568],[27.1572,37.0547],[27.159,37.0505],[27.1589,37.0474],[27.1574,37.0443],[27.1536,37.0407],[27.1505,37.0391]],[[27.2016,37.038],[27.2005,37.0385],[27.1984,37.0371],[27.1974,37.0386],[27.1932,37.0422],[27.1919,37.0443],[27.1909,37.0474],[27.1914,37.0516],[27.1943,37.0555],[27.1984,37.0578],[27.1995,37.0568],[27.2005,37.0566],[27.2036,37.0569],[27.2057,37.058],[27.2068,37.057],[27.2078,37.0574],[27.2082,37.0568],[27.2077,37.0557],[27.2104,37.0547],[27.2099,37.0536],[27.2109,37.0534],[27.213,37.0516],[27.213,37.0505],[27.2139,37.0495],[27.2137,37.0474],[27.2144,37.0464],[27.2142,37.0453],[27.2125,37.0443],[27.212,37.0432],[27.2099,37.0425],[27.2068,37.0385],[27.2036,37.0388],[27.2016,37.038]]],[[[27.4167,37.0005],[27.4161,37.0016],[27.4179,37.0036],[27.4245,37.0069],[27.4266,37.0072],[27.4318,37.0071],[27.4391,37.0036],[27.4411,37.0046],[27.4422,37.0034],[27.4432,37.0036],[27.4414,37.0057],[27.4401,37.0087],[27.4391,37.0098],[27.4339,37.0121],[27.4318,37.0125],[27.4307,37.0134],[27.4266,37.0125],[27.4235,37.0109],[27.4203,37.0078],[27.4141,37.0053],[27.4109,37.0047],[27.4099,37.0052],[27.4047,37.0034],[27.4039,37.0047],[27.4034,37.0047],[27.4003,37.0005],[27.4005,37],[27.4161,37],[27.4167,37.0005]]],[[[28,37.0005],[28,37.0151],[27.9995,37.0161],[27.9911,37.0186],[27.9901,37.0178],[27.9849,37.0172],[27.9828,37.0176],[27.9776,37.0153],[27.9724,37.0122],[27.9599,37.009],[27.9516,37.0078],[27.9443,37.0078],[27.9349,37.0087],[27.9266,37.0142],[27.9234,37.0143],[27.9182,37.0133],[27.913,37.0137],[27.9109,37.0146],[27.9078,37.015],[27.9026,37.0168],[27.8995,37.0185],[27.8911,37.0212],[27.887,37.0206],[27.8839,37.0194],[27.8755,37.0184],[27.8651,37.0158],[27.8568,37.0152],[27.8453,37.0126],[27.8435,37.012],[27.8391,37.0086],[27.8359,37.0073],[27.8234,37.0069],[27.8212,37.0057],[27.8202,37.0047],[27.8203,37.0035],[27.8193,37.0031],[27.8166,37.0005],[27.8172,37],[27.9995,37],[28,37.0005]]]]}},{"type":"Feature","properties":{"depth":30,"kind":"isobath"},"geometry":{"type":"MultiLineString","coordinates":[[[27.0036,37.7859],[27.0026,37.7868],[27.0019,37.7859],[27.0026,37.7852]],[[27.0017,37.7839],[27.0019,37.7849],[27.0016,37.7852],[27.001,37.7849]],[[27.0005,37.8027],[27.0026,37.8021],[27.0036,37.8011],[27.0055,37.7984],[27.0056,37.7974],[27.0069,37.7964],[27.0068,37.7953],[27.0047,37.7926],[27.0036,37.7922],[27.0026,37.7909]],[[27.0005,37.7852],[27.0026,37.7872],[27.0038,37.7859],[27.0033,37.7849],[27.0035,37.7839],[27.0047,37.7839],[27.0078,37.7819],[27.0151,37.7806],[27.0172,37.7811],[27.0182,37.7806],[27.0214,37.7805],[27.0224,37.7799],[27.0318,37.7789],[27.0359,37.7793],[27.0432,37.7818],[27.0599,37.7855],[27.063,37.7854],[27.0651,37.7841],[27.0661,37.7846],[27.0682,37.7846],[27.0703,37.7823],[27.0724,37.7812],[27.0738,37.7786],[27.0741,37.7766],[27.0731,37.7745],[27.0703,37.7712],[27.0609,37.7654],[27.0557,37.7632],[27.0541,37.762],[27.0536,37.7603],[27.0522,37.7599],[27.0526,37.7588],[27.0516,37.7586],[27.0505,37.7592],[27.0474,37.7572],[27.0464,37.7578],[27.0453,37.7571],[27.0443,37.7575],[27.0394,37.7557],[27.0384,37.7547],[27.0393,37.7536],[27.0386,37.7516],[27.0395,37.7505],[27.0395,37.7495],[27.0432,37.7469],[27.0453,37.7466],[27.0481,37.7432],[27.0505,37.7411],[27.0516,37.7385],[27.0526,37.7388],[27.0533,37.738],[27.0532,37.737],[27.0536,37.7366],[27.0547,37.7367],[27.0568,37.7348],[27.0599,37.7343],[27.0609,37.736],[27.063,37.7334],[27.0682,37.7313],[27.0711,37.7286],[27.0745,37.7203],[27.0748,37.7161],[27.0727,37.712],[27.0734,37.7109],[27.0731,37.7099],[27.0747,37.7089],[27.0745,37.7078],[27.0714,37.7053],[27.0693,37.7042],[27.0682,37.7048],[27.0672,37.7039],[27.0641,37.7033],[27.063,37.7039],[27.0599,37.7035],[27.0557,37.7021],[27.0536,37.7003],[27.0516,37.6994],[27.0505,37.6998],[27.0464,37.6996],[27.0443,37.697],[27.0419,37.6964],[27.0422,37.6954],[27.0443,37.6932],[27.0474,37.6926],[27.0495,37.6906],[27.0526,37.6895],[27.0557,37.6893],[27.063,37.6915],[27.0661,37.6914],[27.0682,37.6924],[27.0686,37.6922],[27.068,37.6911],[27.0682,37.6907],[27.0693,37.6909],[27.0766,37.6893],[27.0776,37.69],[27.0797,37.6902],[27.0807,37.6885],[27.087,37.6873],[27.0911,37.6859],[27.0974,37.6855],[27.1005,37.6859],[27.1142,37.6891],[27.1234,37.693],[27.1453,37.6968],[27.1495,37.6987],[27.1536,37.7014],[27.1651,37.7062],[27.1693,37.7066],[27.1766,37.7085],[27.2026,37.7178],[27.2068,37.7188],[27.212,37.7224],[27.2189,37.7286],[27.2291,37.7349],[27.2335,37.7391],[27.2376,37.7443],[27.2449,37.7578],[27.2469,37.763],[27.2486,37.7693],[27.2499,37.7818],[27.2531,37.7901],[27.2544,37.7953],[27.2547,37.7984],[27.2545,37.8036],[27.2526,37.8082],[27.2495,37.8105],[27.2464,37.8111],[27.2453,37.812],[27.2432,37.8123],[27.2401,37.8139],[27.2359,37.8172],[27.2303,37.8255],[27.2256,37.8349],[27.2203,37.8411],[27.2162,37.8484],[27.2164,37.8516],[27.2181,37.8557],[27.2184,37.8589],[27.2161,37.8672],[27.2159,37.8693],[27.2168,37.8724],[27.218,37.8745],[27.2202,37.8766],[27.2224,37.8777],[27.2255,37.8783],[27.2276,37.8782],[27.2318,37.8761],[27.2422,37.8746],[27.2473,37.8766],[27.2475,37.8776],[27.2499,37.8786],[27.2502,37.8797],[27.2516,37.8806],[27.2518,37.8839],[27.2529,37.887],[27.2519,37.8953],[27.2531,37.8984],[27.2507,37.9026],[27.2491,37.9068],[27.2486,37.9099],[27.2488,37.913],[27.2495,37.9172],[27.2529,37.9234],[27.2553,37.9297],[27.2561,37.9307],[27.2558,37.9318],[27.257,37.9339],[27.2568,37.9349],[27.2575,37.9359],[27.2574,37.9391],[27.2566,37.9411],[27.2544,37.9443],[27.2484,37.9516],[27.2458,37.9536],[27.2453,37.9546],[27.2401,37.9576],[27.2359,37.9615],[27.2349,37.9633],[27.2307,37.967],[27.2245,37.9714],[27.2203,37.9738],[27.2151,37.9756],[27.2109,37.976],[27.2047,37.9749],[27.1953,37.9755],[27.1901,37.9751],[27.1745,37.969],[27.1714,37.9682],[27.1693,37.9684],[27.163,37.9708],[27.1578,37.9736],[27.1547,37.9745],[27.1516,37.9747],[27.1484,37.9741],[27.137,37.974],[27.1339,37.9741],[27.1307,37.9755],[27.1266,37.9756],[27.1214,37.9795],[27.1159,37.9818]],[[27.1705,37.5932],[27.1737,37.5964],[27.1693,37.603],[27.1651,37.6065],[27.162,37.6078],[27.1568,37.6087],[27.1553,37.6078],[27.1549,37.6068],[27.1557,37.6053],[27.1613,37.6005],[27.1642,37.5974],[27.1668,37.5964],[27.1693,37.5938]],[[27.0005,37.4718],[27.0012,37.4724]],[[27.0025,37.4714],[27.0016,37.4718],[27.0012,37.4714]],[[27.0216,37.4682],[27.0214,37.4688],[27.0214,37.4681]],[[27.3799,37.3724],[27.3807,37.3734],[27.3807,37.3745],[27.3797,37.3753],[27.3786,37.3751],[27.3776,37.3734],[27.3786,37.3719]],[[27.4727,37.3026],[27.472,37.3026],[27.4724,37.3023]],[[27.4718,37.3016],[27.4714,37.3021],[27.4703,37.3017],[27.4703,37.3006]],[[27.4672,37.2974],[27.4702,37.3005],[27.4693,37.3007],[27.4682,37.3],[27.4661,37.2995],[27.4655,37.2974]],[[27.3813,37.2797],[27.3807,37.2801],[27.3804,37.2797],[27.3807,37.2792]],[[27.5572,37.2536],[27.5575,37.2547],[27.557,37.2568],[27.5578,37.2578],[27.5578,37.2591],[27.563,37.2627],[27.5651,37.2625],[27.5661,37.2617],[27.5672,37.2619],[27.5685,37.263],[27.5682,37.264],[27.5651,37.2662],[27.5641,37.266],[27.563,37.2653],[27.5589,37.2645],[27.5564,37.263],[27.5526,37.2596],[27.5512,37.2578],[27.5512,37.2568],[27.5536,37.2559],[27.5557,37.2534],[27.5568,37.2529]],[[27.5581,37.2516],[27.5578,37.2519],[27.5575,37.2516],[27.5578,37.2512]],[[27.5757,37.2391],[27.5777,37.2401],[27.5782,37.2411],[27.5776,37.2425],[27.5766,37.2423],[27.5754,37.2411]],[[27.5241,37.212],[27.5224,37.2132],[27.5205,37.213],[27.5182,37.212],[27.5224,37.2114]],[[27.5403,37.212],[27.5432,37.2128],[27.5474,37.218],[27.5495,37.2184],[27.5526,37.2201],[27.5531,37.2224],[27.5525,37.2245],[27.5505,37.2251],[27.5484,37.2249],[27.5463,37.2234],[27.5432,37.2199],[27.5422,37.2199],[27.538,37.2166],[27.5367,37.2151],[27.5369,37.2141],[27.538,37.2127]],[[27.5239,37.1734],[27.5255,37.1753],[27.5261,37.1776],[27.526,37.1786],[27.525,37.1797],[27.525,37.1807],[27.5234,37.1821],[27.5203,37.1826],[27.5172,37.1835],[27.5161,37.1843],[27.5151,37.1828],[27.5141,37.1828],[27.513,37.1839],[27.5119,37.1797],[27.5133,37.1786],[27.5133,37.1776],[27.5151,37.1763],[27.5154,37.1755],[27.5151,37.1736],[27.5161,37.174],[27.5172,37.1734],[27.5214,37.1729]],[[27.3808,37.1578],[27.3821,37.1589],[27.3818,37.1597],[27.3807,37.1598],[27.38,37.1589]],[[27.3802,37.1536],[27.3797,37.1543],[27.3792,37.1536],[27.3797,37.1532]],[[27.3041,37.1453],[27.3036,37.1458],[27.3032,37.1453]],[[27.4951,37.1224],[27.4943,37.1226],[27.4943,37.1219]],[[27.5189,37.1224],[27.5182,37.1232],[27.5175,37.1224],[27.5182,37.1216]],[[27.509,37.1172],[27.5151,37.1191],[27.5177,37.1214],[27.5169,37.1224],[27.5182,37.1236],[27.5193,37.1238],[27.5212,37.1266],[27.5224,37.1266],[27.5255,37.1291],[27.5307,37.1299],[27.5325,37.1307],[27.5336,37.1339],[27.533,37.1349],[27.5266,37.1353],[27.5255,37.1347],[27.5245,37.1349],[27.5234,37.1343],[27.5203,37.1339],[27.5182,37.1325],[27.5175,37.1328],[27.5172,37.1341],[27.5161,37.1345],[27.5151,37.1356],[27.513,37.1362],[27.511,37.1359],[27.5113,37.137],[27.5109,37.1372],[27.5105,37.137],[27.5109,37.1359],[27.5099,37.1352],[27.5089,37.1355],[27.5078,37.1344],[27.5068,37.1347],[27.5057,37.1333],[27.5036,37.1326],[27.5026,37.1312],[27.4996,37.1297],[27.498,37.1276],[27.4964,37.1267],[27.4964,37.1255],[27.4947,37.1234],[27.4954,37.1224],[27.4943,37.1209],[27.4943,37.12],[27.4971,37.1203],[27.4984,37.118],[27.4995,37.1183],[27.5005,37.1175],[27.5047,37.117]],[[27.4884,37.1141],[27.4876,37.1141],[27.488,37.1136]],[[27.2497,37.1026],[27.2495,37.1029],[27.2492,37.1026],[27.2495,37.102]],[[27.253,37.1016],[27.2544,37.1026],[27.2526,37.1038],[27.2519,37.1026],[27.2523,37.1016]],[[27.2603,37.1016],[27.2589,37.1027],[27.258,37.1016],[27.2589,37.1011]],[[27.0005,37.4886],[27.0047,37.4885],[27.0089,37.4875],[27.013,37.4849],[27.0154,37.4818],[27.0174,37.4776],[27.0172,37.4765],[27.0193,37.4726],[27.0214,37.4705],[27.0215,37.4693],[27.0226,37.4682],[27.0222,37.4661],[27.0189,37.4599],[27.0189,37.4589],[27.0182,37.4578],[27.0161,37.4514],[27.0145,37.4484],[27.013,37.4468],[27.0099,37.4449],[27.0011,37.4422]],[[27.0008,37.0432],[27.0024,37.038],[27.0035,37.037],[27.003,37.0359]],[[27.0005,37.0268],[27.0047,37.0263],[27.005,37.0255],[27.0057,37.0252],[27.0078,37.0257],[27.0099,37.0234],[27.012,37.0233],[27.0151,37.0216],[27.0214,37.0215],[27.0328,37.0226],[27.0359,37.0224],[27.0392,37.0214],[27.0425,37.0193],[27.0495,37.0105],[27.056,37.0057]],[[27.1731,37.0005],[27.1723,37.0057],[27.1736,37.0099],[27.1755,37.0119],[27.1776,37.0132],[27.1828,37.0141],[27.187,37.0136],[27.1891,37.0139],[27.1899,37.012],[27.1911,37.0124],[27.1922,37.0122],[27.1926,37.0109],[27.1908,37.0089],[27.19,37.0068],[27.1911,37.0051],[27.1922,37.0063],[27.1932,37.007],[27.1936,37.0068],[27.1911,37.0042],[27.1901,37.0054],[27.1892,37.0047],[27.1891,37.0035],[27.188,37.0039],[27.1865,37.0005]],[[27.1951,37.0005],[27.195,37.0016],[27.1989,37.0109],[27.1984,37.0123],[27.2005,37.0147],[27.213,37.0196],[27.2141,37.0202],[27.2161,37.0228],[27.2214,37.0253],[27.2238,37.0255],[27.2242,37.0266],[27.2231,37.0276],[27.2227,37.0297],[27.2207,37.0328],[27.221,37.0339],[27.2202,37.0349],[27.2197,37.037],[27.2202,37.0391],[27.2198,37.0401],[27.2203,37.0411],[27.2198,37.0422],[27.2198,37.0453],[27.219,37.0474],[27.2191,37.0495],[27.2177,37.0557],[27.2181,37.0599],[27.2176,37.0609],[27.2186,37.0651],[27.2179,37.0703],[27.2151,37.0718],[27.2089,37.0727],[27.2078,37.0722],[27.2051,37.0745],[27.2005,37.0755],[27.198,37.0766],[27.198,37.0776],[27.1961,37.0818],[27.196,37.0828],[27.1964,37.0859],[27.1983,37.0891],[27.2068,37.0961],[27.2151,37.0975],[27.2182,37.0972],[27.2193,37.0963],[27.2245,37.0961],[27.2307,37.098],[27.2401,37.0993],[27.2422,37.101],[27.2432,37.1008],[27.2443,37.1025],[27.2453,37.102],[27.2459,37.1026],[27.245,37.1036],[27.2453,37.1045],[27.2477,37.1068],[27.2468,37.1089],[27.2453,37.1104],[27.2443,37.11],[27.2441,37.1109],[27.2456,37.113],[27.245,37.1141],[27.2462,37.1214],[27.2464,37.1298],[27.2473,37.1328],[27.2492,37.1359],[27.2532,37.1401],[27.2589,37.1428],[27.2599,37.1425],[27.262,37.143],[27.2693,37.1495],[27.2745,37.1516],[27.2797,37.152],[27.2849,37.1508],[27.2891,37.1478],[27.2911,37.1481],[27.2919,37.1474],[27.2917,37.1464],[27.293,37.1453],[27.2929,37.1443],[27.292,37.1432],[27.2932,37.1392],[27.2943,37.1411],[27.2953,37.1392],[27.2964,37.1395],[27.2983,37.1411],[27.2985,37.1422],[27.2995,37.1424],[27.3,37.1432],[27.2995,37.1444],[27.3005,37.144],[27.3015,37.1453],[27.3036,37.1465],[27.3047,37.1456],[27.3089,37.1465],[27.3112,37.1484],[27.3131,37.1526],[27.3129,37.1536],[27.3117,37.1547],[27.312,37.1555],[27.3148,37.1578],[27.3158,37.162],[27.317,37.1641],[27.3203,37.1668],[27.3266,37.168],[27.3297,37.1694],[27.3307,37.1689],[27.3328,37.1695],[27.3349,37.1669],[27.3401,37.1672],[27.3427,37.1682],[27.3439,37.1703],[27.3442,37.1745],[27.3431,37.1766],[27.344,37.1786],[27.3453,37.1797],[27.3464,37.1829],[27.3478,37.1849],[27.3516,37.1874],[27.3547,37.1882],[27.3589,37.1879],[27.3703,37.1842],[27.3807,37.1794],[27.3828,37.1787],[27.3839,37.1789],[27.3849,37.178],[27.388,37.1796],[27.3891,37.1794],[27.3932,37.1802],[27.3943,37.18],[27.4,37.187],[27.4026,37.1888],[27.4056,37.1901],[27.412,37.1903],[27.4172,37.1885],[27.4197,37.1859],[27.4213,37.1828],[27.4213,37.1807],[27.42,37.1776],[27.4157,37.1714],[27.412,37.1679],[27.4047,37.1634],[27.4035,37.1609],[27.4036,37.1568],[27.4041,37.1557],[27.4038,37.1547],[27.4047,37.1526],[27.4071,37.1505],[27.4068,37.1494],[27.4089,37.1493],[27.4099,37.1483],[27.413,37.1481],[27.4161,37.1472],[27.4224,37.1468],[27.4276,37.1454],[27.4339,37.1451],[27.437,37.1435],[27.4391,37.1413],[27.4392,37.1401],[27.4387,37.1391],[27.4404,37.137],[27.4433,37.1286],[27.4464,37.1245],[27.4466,37.1234],[27.4537,37.1099],[27.4599,37.1054],[27.462,37.1048],[27.463,37.1038],[27.4673,37.1026],[27.4679,37.1016],[27.4667,37.1005],[27.4682,37.1],[27.4693,37.0981],[27.4703,37.0992],[27.4724,37.0972],[27.4745,37.0981],[27.4776,37.1004],[27.4839,37.1072],[27.4864,37.112],[27.4875,37.113],[27.4859,37.1139],[27.4797,37.1119],[27.4786,37.112],[27.4776,37.1114],[27.4745,37.1113],[27.4734,37.1106],[27.4714,37.1102],[27.4703,37.1108],[27.4693,37.1098],[27.4687,37.1109],[27.4672,37.1107],[27.463,37.1134],[27.4614,37.1161],[27.4611,37.1172],[27.4615,37.1193],[27.4606,37.1214],[27.4628,37.1234],[27.4629,37.1255],[27.4642,37.1266],[27.4629,37.1286],[27.4641,37.1282],[27.4675,37.1307],[27.4699,37.1339],[27.4734,37.1409],[27.4762,37.1432],[27.4768,37.1453],[27.4777,37.1536],[27.4797,37.1602],[27.4844,37.1661],[27.4864,37.1703],[27.4888,37.1734],[27.4964,37.1786],[27.4991,37.1828],[27.4999,37.1849],[27.5007,37.188],[27.5005,37.1901],[27.4995,37.1901],[27.4984,37.191],[27.4953,37.1903],[27.4891,37.1902],[27.4839,37.1915],[27.4815,37.1932],[27.4807,37.1964],[27.4808,37.2026],[27.4838,37.2161],[27.4852,37.2203],[27.4875,37.2349],[27.4872,37.2359],[27.488,37.237],[27.4885,37.2391],[27.4902,37.2411],[27.4922,37.2452],[27.492,37.2464],[27.4925,37.2484],[27.4932,37.2492],[27.4943,37.2495],[27.4949,37.2505],[27.4946,37.2516],[27.4932,37.2526],[27.488,37.2496],[27.4859,37.2475],[27.4839,37.2477],[27.4786,37.2456],[27.4745,37.2421],[27.4724,37.2423],[27.4682,37.2413],[27.4672,37.2402],[27.463,37.238],[27.4589,37.2369],[27.4547,37.2371],[27.4484,37.239],[27.4453,37.241],[27.4433,37.2432],[27.4436,37.2443],[27.4426,37.2453],[27.442,37.2474],[27.4415,37.2557],[27.4417,37.2599],[27.4424,37.262],[27.4435,37.2641],[27.4493,37.2714],[27.4588,37.2818],[27.46,37.2849],[27.4619,37.288],[27.4638,37.2943],[27.4644,37.2974],[27.4641,37.2985],[27.463,37.2976],[27.4599,37.2972],[27.4578,37.2961],[27.4568,37.2965],[27.4547,37.296],[27.4495,37.2935],[27.4484,37.2924],[27.4453,37.2913],[27.4443,37.2922],[27.4432,37.2905],[27.4411,37.2911],[27.4318,37.2852],[27.4266,37.2836],[27.4245,37.2838],[27.4214,37.2854],[27.4151,37.2875],[27.4109,37.2907],[27.4068,37.2922],[27.3984,37.2929],[27.3901,37.2956],[27.3891,37.2948],[27.3885,37.2922],[27.3896,37.2911],[27.389,37.2901],[27.3891,37.2891],[27.3867,37.287],[27.3849,37.2823],[27.3817,37.2807],[27.3829,37.2797],[27.3818,37.2789],[27.3807,37.2773],[27.3797,37.2775],[27.3776,37.2734],[27.3766,37.2727],[27.3734,37.2712],[27.3661,37.2702],[27.3574,37.2745],[27.3531,37.2786],[27.3527,37.2797],[27.3533,37.2807],[27.3522,37.2818],[27.3522,37.2828],[27.353,37.2849],[27.3526,37.2859],[27.3547,37.287],[27.3549,37.288],[27.3591,37.2932],[27.361,37.2964],[27.3621,37.2995],[27.3666,37.3057],[27.3664,37.3068],[27.3672,37.3078],[27.3713,37.3109],[27.3713,37.3141],[27.3695,37.3193],[27.3686,37.3245],[27.3694,37.3266],[27.3682,37.3286],[27.3651,37.3309],[27.363,37.3315],[27.3623,37.3307],[27.3614,37.3276],[27.3614,37.3255],[27.3639,37.3161],[27.3638,37.3141],[27.363,37.3129],[27.3609,37.3119],[27.3578,37.3115],[27.3557,37.3118],[27.3516,37.3132],[27.3474,37.3135],[27.3453,37.3129],[27.3443,37.3133],[27.3432,37.3126],[27.3422,37.3127],[27.3397,37.3109],[27.337,37.3078],[27.3369,37.3068],[27.3332,37.3016],[27.3323,37.2995],[27.3297,37.2978],[27.3266,37.2974],[27.3068,37.3019],[27.3047,37.3028],[27.3022,37.3047],[27.2995,37.3078],[27.298,37.312],[27.2979,37.3182],[27.2989,37.3255],[27.2984,37.3269],[27.2973,37.3286],[27.2953,37.3304],[27.2891,37.3331],[27.287,37.3334],[27.2839,37.3325],[27.277,37.3255],[27.2755,37.3251],[27.2724,37.323],[27.2661,37.321],[27.2609,37.3202],[27.2568,37.3201],[27.2349,37.3232],[27.2286,37.3249],[27.2224,37.3276],[27.2068,37.3309],[27.2047,37.3318],[27.2031,37.3318],[27.1943,37.3353],[27.1846,37.3422],[27.1819,37.3453],[27.1807,37.3484],[27.1807,37.3526],[27.1823,37.3589],[27.1839,37.3626],[27.1907,37.3714],[27.195,37.3786],[27.1981,37.3859],[27.1979,37.387],[27.1986,37.3901],[27.1971,37.3953],[27.1966,37.3995],[27.198,37.4047],[27.2002,37.4089],[27.2003,37.4099],[27.2014,37.4109],[27.2012,37.412],[27.202,37.413],[27.2023,37.4151],[27.2013,37.4203],[27.2016,37.4223],[27.2026,37.4223],[27.2029,37.4234],[27.2026,37.4245],[27.2036,37.4249],[27.2053,37.4297],[27.2057,37.4328],[27.2054,37.4453],[27.2044,37.4484],[27.2033,37.4495],[27.2026,37.452],[27.2005,37.4531],[27.1995,37.4524],[27.1953,37.4549],[27.1911,37.4565],[27.1747,37.4609],[27.1707,37.463],[27.1691,37.4651],[27.1677,37.4682],[27.1673,37.4724],[27.1659,37.4766],[27.1628,37.4818],[27.1592,37.4859],[27.1583,37.4901],[27.1584,37.4974],[27.1578,37.5008],[27.1538,37.5099],[27.1506,37.5141],[27.1497,37.5161],[27.1476,37.5286],[27.1463,37.5328],[27.1412,37.5411],[27.1334,37.5464],[27.1318,37.548],[27.1304,37.5505],[27.1288,37.5578],[27.1291,37.5703],[27.1281,37.5734],[27.1254,37.5776],[27.1236,37.5818],[27.1237,37.5891],[27.1231,37.5943],[27.121,37.5995],[27.1153,37.6099],[27.1078,37.6162],[27.1068,37.6177],[27.1005,37.6212],[27.0984,37.6233],[27.0951,37.6255],[27.0911,37.6275],[27.0578,37.6301],[27.0536,37.6311],[27.0473,37.6339],[27.0307,37.6384],[27.0266,37.6387],[27.0161,37.6378],[27.0078,37.6387],[27.0005,37.6389]],[[27.0964,37.2597],[27.0943,37.2596],[27.0901,37.2607],[27.0877,37.263],[27.0825,37.2661],[27.0762,37.2714],[27.0739,37.2745],[27.0726,37.2776],[27.073,37.2797],[27.0723,37.2807],[27.0724,37.2826],[27.0701,37.288],[27.0703,37.2943],[27.0713,37.2995],[27.0722,37.3016],[27.0764,37.3057],[27.0776,37.3073],[27.0786,37.3099],[27.0807,37.3126],[27.0849,37.3153],[27.0891,37.3164],[27.0911,37.3165],[27.0943,37.3159],[27.0995,37.313],[27.1036,37.3113],[27.1068,37.3091],[27.1089,37.3063],[27.11,37.3026],[27.1097,37.2932],[27.1111,37.2901],[27.1108,37.2891],[27.1124,37.2818],[27.1119,37.2766],[27.1099,37.2728],[27.1016,37.2633]],[[27.3953,37.2421],[27.3922,37.2416],[27.3891,37.2418],[27.3846,37.2432],[27.3828,37.2443],[27.381,37.2464],[27.3797,37.2505],[27.3809,37.2536],[27.3849,37.2578],[27.3901,37.2607],[27.3943,37.2619],[27.3984,37.2614],[27.402,37.2599],[27.4039,37.2578],[27.4048,37.2547],[27.4042,37.2495],[27.4034,37.2474],[27.3995,37.2439]],[[27.4245,37.2047],[27.4214,37.204],[27.4151,37.2041],[27.4068,37.2073],[27.4049,37.2089],[27.4034,37.2109],[27.4021,37.2172],[27.4023,37.2224],[27.4043,37.2255],[27.4121,37.2307],[27.4193,37.237],[27.4224,37.2381],[27.4245,37.2379],[27.4266,37.237],[27.4286,37.2356],[27.4303,37.2339],[27.4323,37.2297],[27.4335,37.2234],[27.4329,37.2182],[27.4298,37.2099],[27.4276,37.2067]],[[27.062,37.074],[27.0611,37.0745],[27.0601,37.0766],[27.0602,37.0776],[27.059,37.0807],[27.059,37.0849],[27.0598,37.088],[27.0612,37.0901],[27.063,37.0915],[27.0661,37.0921],[27.0693,37.0914],[27.0745,37.0874],[27.0764,37.0839],[27.0778,37.0828],[27.0755,37.0806],[27.0734,37.0799],[27.0737,37.0786],[27.0724,37.0784],[27.0714,37.077],[27.0641,37.0754]],[[27.0828,37.0441],[27.0786,37.0446],[27.0752,37.0464],[27.0724,37.0501],[27.0666,37.0557],[27.0642,37.0609],[27.0641,37.0684],[27.0651,37.0677],[27.0671,37.0693],[27.0703,37.0707],[27.0734,37.0706],[27.0755,37.0712],[27.0797,37.074],[27.0807,37.0752],[27.0839,37.0753],[27.0859,37.0741],[27.0953,37.071],[27.0995,37.0704],[27.1029,37.0693],[27.1109,37.0657],[27.1129,37.0641],[27.1147,37.0599],[27.1147,37.0589],[27.1135,37.0536],[27.1124,37.0516],[27.1109,37.0502],[27.1078,37.049],[27.0943,37.047]],[[27.1505,37.0391],[27.1464,37.0386],[27.1422,37.0396],[27.1401,37.041],[27.1393,37.0422],[27.1386,37.0453],[27.1385,37.0474],[27.1393,37.0484],[27.1396,37.0516],[27.1405,37.0536],[27.1422,37.0558],[27.1443,37.0571],[27.1464,37.0578],[27.1505,37.0582],[27.155,37.0568],[27.1572,37.0547],[27.159,37.0505],[27.1589,37.0474],[27.1574,37.0443],[27.1536,37.0407]],[[27.2016,37.038],[27.2005,37.0385],[27.1984,37.0371],[27.1974,37.0386],[27.1932,37.0422],[27.1919,37.0443],[27.1909,37.0474],[27.1914,37.0516],[27.1943,37.0555],[27.1984,37.0578],[27.1995,37.0568],[27.2005,37.0566],[27.2036,37.0569],[27.2057,37.058],[27.2068,37.057],[27.2078,37.0574],[27.2082,37.0568],[27.2077,37.0557],[27.2104,37.0547],[27.2099,37.0536],[27.2109,37.0534],[27.213,37.0516],[27.213,37.0505],[27.2139,37.0495],[27.2137,37.0474],[27.2144,37.0464],[27.2142,37.0453],[27.2125,37.0443],[27.212,37.0432],[27.2099,37.0425],[27.2068,37.0385],[27.2036,37.0388]],[[27.4167,37.0005],[27.4161,37.0016],[27.4179,37.0036],[27.4245,37.0069],[27.4266,37.0072],[27.4318,37.0071],[27.4391,37.0036],[27.4411,37.0046],[27.4422,37.0034],[27.4432,37.0036],[27.4414,37.0057],[27.4401,37.0087],[27.4391,37.0098],[27.4339,37.0121],[27.4318,37.0125],[27.4307,37.0134],[27.4266,37.0125],[27.4235,37.0109],[27.4203,37.0078],[27.4141,37.0053],[27.4109,37.0047],[27.4099,37.0052],[27.4047,37.0034],[27.4039,37.0047],[27.4034,37.0047],[27.4003,37.0005]],[[27.9995,37.0161],[27.9911,37.0186],[27.9901,37.0178],[27.9849,37.0172],[27.9828,37.0176],[27.9776,37.0153],[27.9724,37.0122],[27.9599,37.009],[27.9516,37.0078],[27.9443,37.0078],[27.9349,37.0087],[27.9266,37.0142],[27.9234,37.0143],[27.9182,37.0133],[27.913,37.0137],[27.9109,37.0146],[27.9078,37.015],[27.9026,37.0168],[27.8995,37.0185],[27.8911,37.0212],[27.887,37.0206],[27.8839,37.0194],[27.8755,37.0184],[27.8651,37.0158],[27.8568,37.0152],[27.8453,37.0126],[27.8435,37.012],[27.8391,37.0086],[27.8359,37.0073],[27.8234,37.0069],[27.8212,37.0057],[27.8202,37.0047],[27.8203,37.0035],[27.8193,37.0031],[27.8166,37.0005]]]}},{"type":"Feature","properties":{"depth":40,"kind":"band"},"geometry":{"type":"MultiPolygon","coordinates":[[[[27.0995,37.687],[27.113,37.6899],[27.1234,37.6941],[27.1443,37.698],[27.1474,37.699],[27.1557,37.7039],[27.1661,37.7086],[27.1724,37.7094],[27.1849,37.7134],[27.1932,37.7162],[27.2068,37.7219],[27.2092,37.7234],[27.2165,37.7307],[27.2276,37.7377],[27.2307,37.7408],[27.2352,37.7464],[27.2419,37.7589],[27.2444,37.7661],[27.2453,37.7724],[27.2454,37.7818],[27.2467,37.7859],[27.2499,37.7932],[27.2509,37.8005],[27.2499,37.8036],[27.2484,37.8057],[27.237,37.8118],[27.2328,37.8157],[27.2278,37.8234],[27.2242,37.8307],[27.2214,37.8351],[27.2193,37.837],[27.2172,37.8401],[27.2146,37.8422],[27.2117,37.8526],[27.2112,37.8568],[27.2114,37.8599],[27.2092,37.8661],[27.2088,37.8703],[27.2093,37.8724],[27.2119,37.8755],[27.2172,37.8792],[27.2214,37.8809],[27.2266,37.8813],[27.2359,37.8783],[27.2432,37.8776],[27.247,37.8797],[27.2487,37.8828],[27.2493,37.888],[27.2487,37.8911],[27.2485,37.8984],[27.246,37.9036],[27.2449,37.9078],[27.2457,37.9182],[27.2516,37.9295],[27.2529,37.938],[27.2495,37.9432],[27.2443,37.9493],[27.2422,37.9511],[27.2391,37.9523],[27.2359,37.9544],[27.2309,37.9599],[27.2297,37.9621],[27.2245,37.9663],[27.2203,37.9692],[27.2151,37.9713],[27.212,37.9718],[27.2036,37.9708],[27.1974,37.9717],[27.1915,37.9714],[27.1891,37.9709],[27.1755,37.965],[27.1724,37.964],[27.1703,37.9641],[27.1672,37.9652],[27.1641,37.9672],[27.163,37.9674],[27.1599,37.9696],[27.1547,37.9718],[27.1516,37.9722],[27.1359,37.9708],[27.1276,37.9719],[27.1266,37.9716],[27.1245,37.9723],[27.1214,37.9745],[27.1194,37.9766],[27.1182,37.9767],[27.1161,37.978],[27.0974,37.9965],[27.0922,37.9993],[27.0899,37.9995],[27.0891,38],[27.0839,37.9992],[27.0776,37.9995],[27.0766,38],[27.0005,38],[27,37.9995],[27,37.8036],[27.0026,37.803],[27.0036,37.8023],[27.0076,37.7974],[27.0076,37.7964],[27.0057,37.7927],[27.0047,37.7916],[27.0033,37.7911],[27.0038,37.7901],[27.0021,37.788],[27.0047,37.7859],[27.0057,37.7843],[27.0078,37.784],[27.009,37.7828],[27.0099,37.7825],[27.0161,37.7815],[27.0182,37.7821],[27.0224,37.7813],[27.0234,37.7806],[27.0286,37.7801],[27.0339,37.7802],[27.037,37.7808],[27.0474,37.7842],[27.062,37.7874],[27.063,37.7874],[27.0651,37.7858],[27.0661,37.7864],[27.0693,37.7863],[27.0734,37.7829],[27.0742,37.7818],[27.0753,37.7776],[27.0747,37.7745],[27.0724,37.7712],[27.0714,37.7708],[27.0661,37.7671],[27.0578,37.7626],[27.0568,37.7624],[27.0551,37.7609],[27.0548,37.7599],[27.0536,37.7596],[27.0505,37.7568],[27.0484,37.757],[27.0474,37.756],[27.0464,37.7562],[27.0432,37.7551],[27.0414,37.7536],[27.0412,37.7505],[27.0426,37.7484],[27.044,37.7474],[27.0464,37.7474],[27.0464,37.746],[27.0474,37.7457],[27.0516,37.7422],[27.0521,37.7401],[27.0526,37.7398],[27.0547,37.7404],[27.0549,37.738],[27.0574,37.7359],[27.0599,37.7352],[27.0609,37.737],[27.062,37.7354],[27.0682,37.7326],[27.0703,37.7312],[27.0716,37.7297],[27.075,37.7224],[27.0756,37.7193],[27.0758,37.7161],[27.0742,37.712],[27.0745,37.71],[27.0755,37.7099],[27.0751,37.7089],[27.0756,37.7078],[27.0745,37.7075],[27.0714,37.705],[27.0702,37.7047],[27.0703,37.7034],[27.0693,37.7039],[27.0672,37.7032],[27.0661,37.7016],[27.0651,37.7021],[27.062,37.7018],[27.0578,37.7005],[27.0526,37.698],[27.0495,37.6976],[27.0479,37.6964],[27.0473,37.6953],[27.0489,37.6932],[27.0536,37.6911],[27.0568,37.6913],[27.062,37.6931],[27.0693,37.6929],[27.0766,37.6908],[27.0797,37.6917],[27.0807,37.6915],[27.0818,37.6897],[27.0922,37.6869],[27.0995,37.687]]],[[[27.1676,37.5995],[27.1676,37.6005],[27.1661,37.6025],[27.163,37.6046],[27.1609,37.6053],[27.1607,37.6047],[27.1651,37.6003],[27.1661,37.5994],[27.1676,37.5995]]],[[[27.182,37.3401],[27.1808,37.3401],[27.1818,37.3392],[27.182,37.3401]]],[[[27.3641,37.3245],[27.3651,37.3251],[27.3655,37.3266],[27.3641,37.3276],[27.3634,37.3266],[27.3641,37.3245]]],[[[27.3517,37.2859],[27.3516,37.2864],[27.3513,37.2859],[27.3517,37.2859]]],[[[27.3508,37.2797],[27.3505,37.2802],[27.3498,37.2797],[27.3505,37.2792],[27.3508,37.2797]]],[[[27.3856,37.2786],[27.3849,37.279],[27.3846,37.2786],[27.3849,37.278],[27.3856,37.2786]]],[[[27.5541,37.2568],[27.5536,37.2574],[27.5534,37.2568],[27.5541,37.2568]]],[[[27.5571,37.2547],[27.5568,37.256],[27.5558,37.2568],[27.5583,37.2609],[27.5581,37.262],[27.5568,37.2623],[27.5553,37.2609],[27.5547,37.2593],[27.5538,37.2589],[27.5539,37.2578],[27.5555,37.2568],[27.5549,37.2557],[27.555,37.2547],[27.5568,37.2537],[27.5571,37.2547]]],[[[27.4883,37.2443],[27.489,37.2464],[27.487,37.2467],[27.4865,37.2453],[27.4868,37.2443],[27.4883,37.2443]]],[[[27.5235,37.1766],[27.5237,37.1786],[27.5224,37.1795],[27.5193,37.1792],[27.518,37.1776],[27.5186,37.1766],[27.5214,37.1756],[27.5235,37.1766]]],[[[27.2953,37.1443],[27.2943,37.1448],[27.2943,37.144],[27.2953,37.1443]]],[[[27.2968,37.1432],[27.2964,37.1436],[27.2962,37.1432],[27.2968,37.1432]]],[[[27.5082,37.1193],[27.513,37.1203],[27.5161,37.1221],[27.5234,37.1291],[27.5246,37.1286],[27.5254,37.1297],[27.5242,37.1307],[27.5245,37.131],[27.5255,37.1299],[27.5266,37.1297],[27.5297,37.1302],[27.531,37.1307],[27.5315,37.1328],[27.5297,37.1341],[27.5224,37.1331],[27.5214,37.1334],[27.5203,37.1326],[27.5193,37.1328],[27.5172,37.1314],[27.5161,37.1339],[27.5151,37.1332],[27.5141,37.1341],[27.512,37.1344],[27.5089,37.1333],[27.5047,37.1304],[27.5005,37.1267],[27.4998,37.1255],[27.4997,37.1234],[27.4991,37.1224],[27.5005,37.1203],[27.5016,37.1199],[27.5036,37.1193],[27.5082,37.1193]],[[27.5266,37.1314],[27.5257,37.1318],[27.5266,37.1323],[27.5269,37.1318],[27.5266,37.1314]]],[[[27.481,37.1078],[27.4818,37.1089],[27.4807,37.1097],[27.4799,37.1089],[27.4797,37.1078],[27.481,37.1078]]],[[[27.4772,37.1057],[27.4766,37.1062],[27.476,37.1057],[27.4766,37.1052],[27.4772,37.1057]]],[[[27.4754,37.1016],[27.4768,37.1026],[27.477,37.1036],[27.4755,37.1055],[27.4743,37.1057],[27.4774,37.1078],[27.4766,37.1088],[27.4734,37.1079],[27.4714,37.1087],[27.4682,37.1082],[27.4661,37.109],[27.4651,37.11],[27.4636,37.1089],[27.4626,37.1068],[27.4641,37.1053],[27.4651,37.1051],[27.4661,37.1057],[27.4672,37.1038],[27.4682,37.1049],[27.4693,37.1045],[27.4703,37.1054],[27.4711,37.1047],[27.4702,37.1036],[27.4705,37.1026],[27.4714,37.1018],[27.4724,37.1012],[27.4734,37.1016],[27.4745,37.1007],[27.4754,37.1016]],[[27.4714,37.1064],[27.4706,37.1068],[27.4714,37.1073],[27.4717,37.1068],[27.4714,37.1064]]],[[[27.0676,37.0703],[27.0672,37.0712],[27.0668,37.0703],[27.0676,37.0703]]],[[[27.2152,37.0526],[27.216,37.0536],[27.2151,37.0546],[27.214,37.0536],[27.2152,37.0526]]],[[[27.2002,37.037],[27.1995,37.0374],[27.199,37.037],[27.1995,37.0361],[27.2002,37.037]]],[[[27.1903,37.0047],[27.1898,37.0047],[27.1901,37.0042],[27.1903,37.0047]]],[[[27.1937,37.0047],[27.1938,37.0057],[27.1932,37.0059],[27.192,37.0047],[27.1922,37.004],[27.1937,37.0047]]],[[[27.1935,37.0026],[27.1932,37.0029],[27.1928,37.0026],[27.1935,37.0026]]],[[[27.1703,37.0005],[27.1697,37.0047],[27.1706,37.0099],[27.1728,37.013],[27.1766,37.0153],[27.1828,37.0166],[27.1859,37.0164],[27.1911,37.0145],[27.1922,37.0156],[27.1928,37.0151],[27.1927,37.0141],[27.1935,37.013],[27.1935,37.0109],[27.1926,37.0099],[27.193,37.0089],[27.1916,37.0078],[27.1922,37.0071],[27.1953,37.0083],[27.197,37.013],[27.1991,37.0151],[27.1995,37.0162],[27.2005,37.0159],[27.2014,37.0172],[27.2026,37.0178],[27.2141,37.0226],[27.2189,37.0276],[27.2178,37.0318],[27.2182,37.0339],[27.2172,37.0345],[27.2161,37.0336],[27.2159,37.0339],[27.2171,37.037],[27.2141,37.0379],[27.2148,37.0391],[27.2141,37.0404],[27.213,37.0405],[27.2109,37.039],[27.2099,37.0395],[27.2078,37.0367],[27.2026,37.0365],[27.2016,37.0374],[27.1995,37.0359],[27.1984,37.0364],[27.1974,37.0349],[27.1964,37.0364],[27.1938,37.038],[27.1911,37.0407],[27.1887,37.0464],[27.1885,37.0495],[27.1892,37.0526],[27.1922,37.0566],[27.1943,37.0579],[27.1953,37.0575],[27.1964,37.0584],[27.1974,37.0581],[27.1984,37.0588],[27.2005,37.0591],[27.2057,37.0587],[27.2078,37.0584],[27.2099,37.0561],[27.2109,37.0561],[27.212,37.0566],[27.213,37.0554],[27.2147,37.0557],[27.2153,37.0578],[27.2151,37.0609],[27.2162,37.063],[27.2157,37.0661],[27.2162,37.0672],[27.2151,37.069],[27.213,37.0699],[27.2109,37.07],[27.2099,37.0708],[27.2078,37.071],[27.2047,37.0727],[27.2026,37.0747],[27.1995,37.0741],[27.1984,37.0755],[27.1963,37.0755],[27.1953,37.0776],[27.1943,37.0782],[27.1931,37.0818],[27.193,37.0849],[27.1935,37.087],[27.1964,37.0906],[27.2026,37.096],[27.2078,37.0987],[27.2161,37.1],[27.2193,37.0997],[27.2203,37.0984],[27.2214,37.0996],[27.2224,37.0989],[27.2245,37.0986],[27.2258,37.0995],[27.2391,37.1021],[27.2403,37.1026],[27.2411,37.1045],[27.2422,37.1027],[27.2432,37.1035],[27.2454,37.1057],[27.2443,37.1065],[27.2432,37.1064],[27.2422,37.1053],[27.2418,37.1057],[27.2432,37.1074],[27.2443,37.1071],[27.2449,37.1078],[27.2443,37.109],[27.2432,37.1083],[27.2429,37.1089],[27.2434,37.113],[27.2426,37.1141],[27.2438,37.1224],[27.2439,37.1286],[27.2453,37.1339],[27.2474,37.1373],[27.2516,37.1419],[27.2547,37.144],[27.2596,37.1453],[27.2616,37.1464],[27.2672,37.1517],[27.2693,37.1528],[27.2724,37.154],[27.2766,37.1548],[27.2818,37.1548],[27.2849,37.154],[27.2884,37.1516],[27.2901,37.1488],[27.2922,37.1489],[27.293,37.1484],[27.2932,37.1474],[27.2953,37.1453],[27.2984,37.1444],[27.3036,37.1474],[27.3047,37.1485],[27.3068,37.1481],[27.3078,37.1494],[27.3089,37.1497],[27.3102,37.1516],[27.3108,37.1547],[27.3126,37.1578],[27.3135,37.163],[27.3153,37.1661],[27.3172,37.1678],[27.3203,37.1698],[27.3234,37.1699],[27.3255,37.1707],[27.3297,37.1712],[27.3307,37.1708],[27.3339,37.1714],[27.3359,37.1701],[27.34,37.1714],[27.341,37.1766],[27.3424,37.1797],[27.3425,37.1818],[27.3442,37.1859],[27.3474,37.1891],[27.3505,37.1908],[27.3557,37.1918],[27.3589,37.1916],[27.3724,37.1869],[27.3797,37.1836],[27.3839,37.1824],[27.3859,37.1824],[27.387,37.1816],[27.388,37.1824],[27.3918,37.1839],[27.395,37.187],[27.4005,37.1909],[27.412,37.1957],[27.4133,37.1974],[27.4129,37.1984],[27.4085,37.2026],[27.4034,37.2057],[27.4005,37.2095],[27.3986,37.2161],[27.3985,37.2214],[27.3992,37.2245],[27.401,37.2276],[27.4105,37.2339],[27.4161,37.2407],[27.4182,37.2423],[27.4203,37.2428],[27.4255,37.2427],[27.4297,37.2417],[27.4339,37.2391],[27.4364,37.2349],[27.4372,37.2297],[27.4373,37.2224],[27.4339,37.2095],[27.4319,37.2057],[27.4297,37.2032],[27.4225,37.1974],[27.4226,37.1964],[27.4266,37.1912],[27.4347,37.1859],[27.4391,37.182],[27.4398,37.1807],[27.44,37.1786],[27.4391,37.1763],[27.4348,37.1724],[27.4307,37.1706],[27.4266,37.1699],[27.4109,37.1614],[27.4078,37.1591],[27.4076,37.1568],[27.4091,37.1547],[27.412,37.1528],[27.4182,37.1512],[27.4234,37.1508],[27.4325,37.1526],[27.4337,37.1536],[27.4365,37.1578],[27.438,37.1586],[27.4411,37.1582],[27.4432,37.1571],[27.4437,37.1557],[27.4398,37.1484],[27.4418,37.1443],[27.4422,37.1432],[27.4418,37.1422],[27.4426,37.1411],[27.4439,37.1349],[27.4453,37.1307],[27.4551,37.112],[27.4578,37.1098],[27.4599,37.1102],[27.4622,37.1078],[27.4625,37.1089],[27.461,37.1141],[27.4599,37.1143],[27.4592,37.1161],[27.4591,37.1193],[27.4599,37.1214],[27.4607,37.1266],[27.4623,37.1286],[27.4617,37.1297],[27.4636,37.1297],[27.4631,37.1307],[27.4651,37.1318],[27.4672,37.1349],[27.4693,37.14],[27.4714,37.1432],[27.4714,37.1443],[27.4727,37.1474],[27.4729,37.1526],[27.4724,37.1554],[27.4732,37.1589],[27.4799,37.1672],[27.4832,37.1745],[27.4838,37.1776],[27.4836,37.1797],[27.4776,37.1831],[27.4759,37.1849],[27.4752,37.188],[27.4752,37.1964],[27.4758,37.2005],[27.4791,37.2099],[27.481,37.2193],[27.4824,37.2234],[27.4839,37.2318],[27.4834,37.2328],[27.4846,37.2391],[27.4858,37.2411],[27.4862,37.2432],[27.4849,37.244],[27.4839,37.2431],[27.4807,37.2425],[27.4779,37.2401],[27.4755,37.2395],[27.4745,37.2385],[27.4714,37.2383],[27.4693,37.2375],[27.4641,37.2341],[27.4568,37.2322],[27.4526,37.2333],[27.4516,37.2342],[27.4501,37.2339],[27.4443,37.2363],[27.4418,37.238],[27.4399,37.2401],[27.4386,37.2432],[27.4377,37.2484],[27.438,37.2505],[27.4375,37.2516],[27.4375,37.262],[27.4391,37.2651],[27.4505,37.2789],[27.4536,37.2819],[27.4561,37.287],[27.4584,37.2891],[27.4594,37.2922],[27.4589,37.2932],[27.4578,37.2936],[27.4557,37.2927],[27.4513,37.2891],[27.4505,37.2879],[27.4495,37.2879],[27.4484,37.287],[27.4474,37.2872],[27.4464,37.2868],[27.4432,37.2866],[27.4391,37.2851],[27.4318,37.2805],[27.4312,37.2797],[27.4312,37.2766],[27.4299,37.2682],[27.4276,37.2629],[27.4255,37.2609],[27.4224,37.2597],[27.4182,37.2597],[27.4151,37.2604],[27.413,37.26],[27.412,37.2586],[27.4082,37.2474],[27.4068,37.245],[27.4048,37.2432],[27.3995,37.2399],[27.3964,37.2387],[27.3922,37.2379],[27.3859,37.238],[27.3807,37.2398],[27.3774,37.2422],[27.3754,37.2464],[27.3753,37.2495],[27.3757,37.2516],[27.3769,37.2536],[27.3812,37.2578],[27.3859,37.2613],[27.3911,37.2642],[27.3984,37.2654],[27.4099,37.2644],[27.412,37.266],[27.4134,37.2682],[27.4154,37.2755],[27.4155,37.2807],[27.4147,37.2828],[27.4109,37.2858],[27.4078,37.2875],[27.4036,37.2886],[27.3974,37.2884],[27.3938,37.2849],[27.3901,37.2829],[27.3891,37.2816],[27.3863,37.2797],[27.3865,37.2786],[27.3849,37.2769],[27.3834,37.2766],[27.3826,37.2745],[27.3813,37.2734],[27.3818,37.2724],[27.3807,37.2722],[27.378,37.2693],[27.3766,37.2684],[27.3714,37.2672],[27.3682,37.2669],[27.3672,37.2685],[27.3661,37.2677],[27.3526,37.2747],[27.3518,37.2755],[27.3517,37.2766],[27.3505,37.2769],[27.35,37.2786],[27.349,37.2797],[27.3494,37.2807],[27.3484,37.2828],[27.3483,37.2849],[27.3495,37.2864],[27.3505,37.287],[27.3512,37.2891],[27.3557,37.2936],[27.3564,37.2953],[27.3583,37.2974],[27.3587,37.2984],[27.3584,37.2995],[27.361,37.3036],[27.3608,37.3057],[27.3589,37.3073],[27.3516,37.3103],[27.3474,37.3102],[27.3443,37.3094],[27.3422,37.3078],[27.3386,37.3026],[27.3381,37.3005],[27.3341,37.2922],[27.3321,37.2818],[27.3307,37.2775],[27.3286,37.2738],[27.3276,37.273],[27.3266,37.273],[27.325,37.2745],[27.3238,37.2786],[27.3236,37.2818],[27.3243,37.288],[27.3233,37.2932],[27.3211,37.2953],[27.319,37.2964],[27.3036,37.3003],[27.3014,37.3016],[27.2976,37.3047],[27.2942,37.3089],[27.2925,37.312],[27.2916,37.3151],[27.2903,37.3255],[27.2891,37.3276],[27.288,37.3282],[27.287,37.3287],[27.2859,37.3282],[27.2817,37.3234],[27.2755,37.3199],[27.2672,37.3175],[27.2609,37.3163],[27.2536,37.3162],[27.2369,37.3182],[27.2286,37.3203],[27.2172,37.3242],[27.2057,37.3266],[27.2036,37.3263],[27.2005,37.327],[27.1891,37.3335],[27.1818,37.3389],[27.1786,37.3428],[27.1775,37.3453],[27.1767,37.3495],[27.1776,37.3498],[27.1779,37.3505],[27.1776,37.3526],[27.1785,37.3568],[27.1812,37.3641],[27.1828,37.3672],[27.1866,37.3714],[27.1868,37.3724],[27.1893,37.3755],[27.1896,37.3766],[27.1924,37.3807],[27.1944,37.3859],[27.1946,37.3901],[27.1926,37.3974],[27.1926,37.4016],[27.1939,37.4057],[27.1972,37.413],[27.1965,37.4193],[27.197,37.4224],[27.2,37.4276],[27.2012,37.4307],[27.2013,37.4443],[27.2004,37.4464],[27.1986,37.4484],[27.1974,37.4488],[27.1943,37.4511],[27.1891,37.453],[27.1693,37.4575],[27.1662,37.4599],[27.1639,37.463],[27.1629,37.4661],[27.1632,37.4693],[27.1621,37.4745],[27.1609,37.4766],[27.1599,37.4772],[27.1533,37.4859],[27.1527,37.4901],[27.1528,37.4974],[27.1517,37.5016],[27.1483,37.5078],[27.1443,37.512],[27.1431,37.5141],[27.1428,37.5161],[27.1433,37.5266],[27.1422,37.5297],[27.1401,37.5333],[27.1297,37.543],[27.1268,37.5474],[27.125,37.5516],[27.1229,37.5599],[27.1237,37.5661],[27.1234,37.5693],[27.1214,37.5729],[27.1175,37.5776],[27.1156,37.5818],[27.1136,37.5891],[27.1146,37.5943],[27.1147,37.5974],[27.1115,37.6047],[27.1099,37.6099],[27.0984,37.6192],[27.0922,37.6234],[27.0901,37.6242],[27.0849,37.625],[27.0641,37.626],[27.0609,37.6265],[27.0536,37.628],[27.0464,37.6313],[27.0307,37.6356],[27.0266,37.6358],[27.0151,37.635],[27.0005,37.6359],[27,37.6349],[27,37.4922],[27.0068,37.4911],[27.0099,37.4901],[27.013,37.4885],[27.0147,37.487],[27.018,37.4828],[27.0179,37.4818],[27.019,37.4807],[27.0228,37.4724],[27.0254,37.4703],[27.0252,37.4693],[27.0262,37.4682],[27.0255,37.4653],[27.0231,37.462],[27.0224,37.4599],[27.0211,37.4578],[27.0183,37.4495],[27.0154,37.4453],[27.0101,37.4422],[27.0018,37.4401],[27,37.438],[27.0013,37.437],[27,37.4359],[27,37.0484],[27.0027,37.0443],[27.004,37.0411],[27.0042,37.0391],[27.0058,37.038],[27.0036,37.0351],[27.0026,37.0346],[27.0016,37.0329],[27,37.0318],[27,37.0307],[27.0026,37.0284],[27.0057,37.0279],[27.0068,37.0271],[27.0099,37.0269],[27.0109,37.0257],[27.0122,37.0255],[27.0151,37.0237],[27.0193,37.0234],[27.0286,37.0246],[27.0349,37.0247],[27.038,37.0241],[27.0411,37.0228],[27.0445,37.0203],[27.051,37.012],[27.0568,37.0078],[27.0589,37.0057],[27.0615,37.0016],[27.062,37],[27.1693,37],[27.1703,37.0005]],[[27.0974,37.2546],[27.0953,37.2545],[27.0922,37.2554],[27.0883,37.2578],[27.0881,37.2589],[27.0849,37.262],[27.0818,37.2637],[27.0745,37.2695],[27.0712,37.2745],[27.0705,37.2766],[27.0709,37.2786],[27.0699,37.2797],[27.07,37.2807],[27.0691,37.2818],[27.0693,37.2839],[27.0679,37.287],[27.0674,37.2901],[27.0682,37.2984],[27.0691,37.3016],[27.071,37.3047],[27.0786,37.3145],[27.0839,37.3181],[27.0891,37.3193],[27.0922,37.3195],[27.0932,37.3188],[27.0953,37.3187],[27.1036,37.3144],[27.1047,37.3128],[27.1057,37.3133],[27.1063,37.313],[27.1085,37.3109],[27.1086,37.3099],[27.1099,37.3096],[27.1121,37.3068],[27.1119,37.3057],[27.1127,37.3047],[27.1131,37.3005],[27.1124,37.2974],[27.1132,37.2922],[27.1129,37.2911],[27.1152,37.2818],[27.1146,37.2776],[27.1136,37.2755],[27.1139,37.2745],[27.113,37.274],[27.1102,37.2693],[27.1068,37.2656],[27.1005,37.2568],[27.0974,37.2546]],[[27.1016,37.2482],[27.0995,37.2478],[27.0959,37.2484],[27.0949,37.2495],[27.095,37.2505],[27.0964,37.2517],[27.1005,37.2518],[27.1019,37.2505],[27.1021,37.2495],[27.1016,37.2482]],[[27.062,37.073],[27.0609,37.0726],[27.0591,37.0734],[27.0574,37.0786],[27.0568,37.0839],[27.0578,37.089],[27.0609,37.0928],[27.063,37.0937],[27.0672,37.0942],[27.0682,37.0935],[27.0703,37.0934],[27.0755,37.0894],[27.0776,37.0862],[27.0777,37.0849],[27.0787,37.0828],[27.0764,37.0807],[27.0734,37.076],[27.0703,37.0745],[27.0682,37.0749],[27.0672,37.0745],[27.0661,37.0749],[27.063,37.0741],[27.062,37.073]],[[27.0839,37.0421],[27.0807,37.0421],[27.0776,37.0427],[27.0742,37.0443],[27.0708,37.0484],[27.0651,37.0541],[27.0634,37.0568],[27.0619,37.0609],[27.0619,37.0651],[27.0614,37.0672],[27.062,37.0693],[27.0621,37.0682],[27.063,37.0675],[27.0651,37.0708],[27.0672,37.0714],[27.0693,37.0711],[27.0714,37.0718],[27.0734,37.0719],[27.0766,37.0742],[27.0776,37.0741],[27.0786,37.0748],[27.0818,37.0773],[27.0839,37.0772],[27.0943,37.0736],[27.1047,37.0709],[27.112,37.0676],[27.1141,37.0658],[27.1161,37.063],[27.1176,37.062],[27.1165,37.0599],[27.1157,37.0547],[27.1141,37.0503],[27.1109,37.0476],[27.1057,37.0464],[27.0932,37.0445],[27.0839,37.0421]],[[27.1505,37.0367],[27.1474,37.0362],[27.1443,37.0365],[27.1411,37.0375],[27.1387,37.0391],[27.1374,37.0411],[27.1369,37.0432],[27.1367,37.0453],[27.1371,37.0464],[27.1359,37.0474],[27.1378,37.0484],[27.1377,37.0516],[27.1401,37.0567],[27.1432,37.0595],[27.1464,37.0606],[27.1516,37.0607],[27.1568,37.0584],[27.1599,37.0544],[27.1609,37.0504],[27.1608,37.0464],[27.1587,37.0422],[27.1547,37.0387],[27.1505,37.0367]]],[[[27.1928,37.0005],[27.1915,37.0036],[27.1911,37.0037],[27.1908,37.0016],[27.1885,37.0005],[27.1891,37],[27.1922,37],[27.1928,37.0005]]],[[[27.4138,37.0005],[27.4133,37.0016],[27.412,37.0021],[27.4099,37.0016],[27.4089,37.0027],[27.405,37.0005],[27.4057,37],[27.413,37],[27.4138,37.0005]]],[[[28,37.0005],[28,37.013],[27.9995,37.0136],[27.9922,37.0156],[27.9828,37.0149],[27.9724,37.0095],[27.9578,37.0062],[27.9526,37.0055],[27.9391,37.0055],[27.9359,37.0061],[27.9328,37.0062],[27.9245,37.0101],[27.9182,37.01],[27.9141,37.0108],[27.912,37.012],[27.9057,37.0137],[27.8984,37.0172],[27.8932,37.0192],[27.8901,37.0198],[27.8839,37.0181],[27.8797,37.0182],[27.8714,37.0167],[27.8641,37.0148],[27.8568,37.0144],[27.8484,37.0124],[27.8453,37.0112],[27.8443,37.0113],[27.8391,37.0076],[27.8359,37.0064],[27.8276,37.0059],[27.8266,37.0063],[27.8245,37.0059],[27.8224,37.005],[27.8178,37.0005],[27.8182,37],[27.9995,37],[28,37.0005]]]]}},{"type":"Feature","properties":{"depth":40,"kind":"isobath"},"geometry":{"type":"MultiLineString","coordinates":[[[27.0839,37.9992],[27.0776,37.9995]],[[27.0026,37.803],[27.0036,37.8023],[27.0076,37.7974],[27.0076,37.7964],[27.0057,37.7927],[27.0047,37.7916],[27.0033,37.7911],[27.0038,37.7901],[27.0021,37.788],[27.0047,37.7859],[27.0057,37.7843],[27.0078,37.784],[27.009,37.7828],[27.0099,37.7825],[27.0161,37.7815],[27.0182,37.7821],[27.0224,37.7813],[27.0234,37.7806],[27.0286,37.7801],[27.0339,37.7802],[27.037,37.7808],[27.0474,37.7842],[27.062,37.7874],[27.063,37.7874],[27.0651,37.7858],[27.0661,37.7864],[27.0693,37.7863],[27.0734,37.7829],[27.0742,37.7818],[27.0753,37.7776],[27.0747,37.7745],[27.0724,37.7712],[27.0714,37.7708],[27.0661,37.7671],[27.0578,37.7626],[27.0568,37.7624],[27.0551,37.7609],[27.0548,37.7599],[27.0536,37.7596],[27.0505,37.7568],[27.0484,37.757],[27.0474,37.756],[27.0464,37.7562],[27.0432,37.7551],[27.0414,37.7536],[27.0412,37.7505],[27.0426,37.7484],[27.044,37.7474],[27.0464,37.7474],[27.0464,37.746],[27.0474,37.7457],[27.0516,37.7422],[27.0521,37.7401],[27.0526,37.7398],[27.0547,37.7404],[27.0549,37.738],[27.0574,37.7359],[27.0599,37.7352],[27.0609,37.737],[27.062,37.7354],[27.0682,37.7326],[27.0703,37.7312],[27.0716,37.7297],[27.075,37.7224],[27.0756,37.7193],[27.0758,37.7161],[27.0742,37.712],[27.0745,37.71],[27.0755,37.7099],[27.0751,37.7089],[27.0756,37.7078],[27.0745,37.7075],[27.0714,37.705],[27.0702,37.7047],[27.0703,37.7034],[27.0693,37.7039],[27.0672,37.7032],[27.0661,37.7016],[27.0651,37.7021],[27.062,37.7018],[27.0578,37.7005],[27.0526,37.698],[27.0495,37.6976],[27.0479,37.6964],[27.0473,37.6953],[27.0489,37.6932],[27.0536,37.6911],[27.0568,37.6913],[27.062,37.6931],[27.0693,37.6929],[27.0766,37.6908],[27.0797,37.6917],[27.0807,37.6915],[27.0818,37.6897],[27.0922,37.6869],[27.0995,37.687],[27.113,37.6899],[27.1234,37.6941],[27.1443,37.698],[27.1474,37.699],[27.1557,37.7039],[27.1661,37.7086],[27.1724,37.7094],[27.1849,37.7134],[27.1932,37.7162],[27.2068,37.7219],[27.2092,37.7234],[27.2165,37.7307],[27.2276,37.7377],[27.2307,37.7408],[27.2352,37.7464],[27.2419,37.7589],[27.2444,37.7661],[27.2453,37.7724],[27.2454,37.7818],[27.2467,37.7859],[27.2499,37.7932],[27.2509,37.8005],[27.2499,37.8036],[27.2484,37.8057],[27.237,37.8118],[27.2328,37.8157],[27.2278,37.8234],[27.2242,37.8307],[27.2214,37.8351],[27.2193,37.837],[27.2172,37.8401],[27.2146,37.8422],[27.2117,37.8526],[27.2112,37.8568],[27.2114,37.8599],[27.2092,37.8661],[27.2088,37.8703],[27.2093,37.8724],[27.2119,37.8755],[27.2172,37.8792],[27.2214,37.8809],[27.2266,37.8813],[27.2359,37.8783],[27.2432,37.8776],[27.247,37.8797],[27.2487,37.8828],[27.2493,37.888],[27.2487,37.8911],[27.2485,37.8984],[27.246,37.9036],[27.2449,37.9078],[27.2457,37.9182],[27.2516,37.9295],[27.2529,37.938],[27.2495,37.9432],[27.2443,37.9493],[27.2422,37.9511],[27.2391,37.9523],[27.2359,37.9544],[27.2309,37.9599],[27.2297,37.9621],[27.2245,37.9663],[27.2203,37.9692],[27.2151,37.9713],[27.212,37.9718],[27.2036,37.9708],[27.1974,37.9717],[27.1915,37.9714],[27.1891,37.9709],[27.1755,37.965],[27.1724,37.964],[27.1703,37.9641],[27.1672,37.9652],[27.1641,37.9672],[27.163,37.9674],[27.1599,37.9696],[27.1547,37.9718],[27.1516,37.9722],[27.1359,37.9708],[27.1276,37.9719],[27.1266,37.9716],[27.1245,37.9723],[27.1214,37.9745],[27.1194,37.9766],[27.1182,37.9767],[27.1161,37.978],[27.0974,37.9965],[27.0922,37.9993],[27.0899,37.9995]],[[27.1676,37.5995],[27.1676,37.6005],[27.1661,37.6025],[27.163,37.6046],[27.1609,37.6053],[27.1607,37.6047],[27.1651,37.6003],[27.1661,37.5994]],[[27.182,37.3401],[27.1808,37.3401],[27.1818,37.3392]],[[27.3641,37.3245],[27.3651,37.3251],[27.3655,37.3266],[27.3641,37.3276],[27.3634,37.3266]],[[27.3517,37.2859],[27.3516,37.2864],[27.3513,37.2859]],[[27.3508,37.2797],[27.3505,37.2802],[27.3498,37.2797],[27.3505,37.2792]],[[27.3856,37.2786],[27.3849,37.279],[27.3846,37.2786],[27.3849,37.278]],[[27.5541,37.2568],[27.5536,37.2574],[27.5534,37.2568]],[[27.5571,37.2547],[27.5568,37.256],[27.5558,37.2568],[27.5583,37.2609],[27.5581,37.262],[27.5568,37.2623],[27.5553,37.2609],[27.5547,37.2593],[27.5538,37.2589],[27.5539,37.2578],[27.5555,37.2568],[27.5549,37.2557],[27.555,37.2547],[27.5568,37.2537]],[[27.4883,37.2443],[27.489,37.2464],[27.487,37.2467],[27.4865,37.2453],[27.4868,37.2443]],[[27.5235,37.1766],[27.5237,37.1786],[27.5224,37.1795],[27.5193,37.1792],[27.518,37.1776],[27.5186,37.1766],[27.5214,37.1756]],[[27.2953,37.1443],[27.2943,37.1448],[27.2943,37.144]],[[27.2968,37.1432],[27.2964,37.1436],[27.2962,37.1432]],[[27.5082,37.1193],[27.513,37.1203],[27.5161,37.1221],[27.5234,37.1291],[27.5246,37.1286],[27.5254,37.1297],[27.5242,37.1307],[27.5245,37.131],[27.5255,37.1299],[27.5266,37.1297],[27.5297,37.1302],[27.531,37.1307],[27.5315,37.1328],[27.5297,37.1341],[27.5224,37.1331],[27.5214,37.1334],[27.5203,37.1326],[27.5193,37.1328],[27.5172,37.1314],[27.5161,37.1339],[27.5151,37.1332],[27.5141,37.1341],[27.512,37.1344],[27.5089,37.1333],[27.5047,37.1304],[27.5005,37.1267],[27.4998,37.1255],[27.4997,37.1234],[27.4991,37.1224],[27.5005,37.1203],[27.5016,37.1199],[27.5036,37.1193]],[[27.5266,37.1314],[27.5257,37.1318],[27.5266,37.1323],[27.5269,37.1318]],[[27.481,37.1078],[27.4818,37.1089],[27.4807,37.1097],[27.4799,37.1089],[27.4797,37.1078]],[[27.4772,37.1057],[27.4766,37.1062],[27.476,37.1057],[27.4766,37.1052]],[[27.4754,37.1016],[27.4768,37.1026],[27.477,37.1036],[27.4755,37.1055],[27.4743,37.1057],[27.4774,37.1078],[27.4766,37.1088],[27.4734,37.1079],[27.4714,37.1087],[27.4682,37.1082],[27.4661,37.109],[27.4651,37.11],[27.4636,37.1089],[27.4626,37.1068],[27.4641,37.1053],[27.4651,37.1051],[27.4661,37.1057],[27.4672,37.1038],[27.4682,37.1049],[27.4693,37.1045],[27.4703,37.1054],[27.4711,37.1047],[27.4702,37.1036],[27.4705,37.1026],[27.4714,37.1018],[27.4724,37.1012],[27.4734,37.1016],[27.4745,37.1007]],[[27.4714,37.1064],[27.4706,37.1068],[27.4714,37.1073],[27.4717,37.1068]],[[27.0676,37.0703],[27.0672,37.0712],[27.0668,37.0703]],[[27.2152,37.0526],[27.216,37.0536],[27.2151,37.0546],[27.214,37.0536]],[[27.2002,37.037],[27.1995,37.0374],[27.199,37.037],[27.1995,37.0361]],[[27.1903,37.0047],[27.1898,37.0047],[27.1901,37.0042]],[[27.1937,37.0047],[27.1938,37.0057],[27.1932,37.0059],[27.192,37.0047],[27.1922,37.004]],[[27.1935,37.0026],[27.1932,37.0029],[27.1928,37.0026]],[[27.0068,37.4911],[27.0099,37.4901],[27.013,37.4885],[27.0147,37.487],[27.018,37.4828],[27.0179,37.4818],[27.019,37.4807],[27.0228,37.4724],[27.0254,37.4703],[27.0252,37.4693],[27.0262,37.4682],[27.0255,37.4653],[27.0231,37.462],[27.0224,37.4599],[27.0211,37.4578],[27.0183,37.4495],[27.0154,37.4453],[27.0101,37.4422],[27.0018,37.4401]],[[27.0027,37.0443],[27.004,37.0411],[27.0042,37.0391],[27.0058,37.038],[27.0036,37.0351],[27.0026,37.0346],[27.0016,37.0329]],[[27.0026,37.0284],[27.0057,37.0279],[27.0068,37.0271],[27.0099,37.0269],[27.0109,37.0257],[27.0122,37.0255],[27.0151,37.0237],[27.0193,37.0234],[27.0286,37.0246],[27.0349,37.0247],[27.038,37.0241],[27.0411,37.0228],[27.0445,37.0203],[27.051,37.012],[27.0568,37.0078],[27.0589,37.0057],[27.0615,37.0016]],[[27.1703,37.0005],[27.1697,37.0047],[27.1706,37.0099],[27.1728,37.013],[27.1766,37.0153],[27.1828,37.0166],[27.1859,37.0164],[27.1911,37.0145],[27.1922,37.0156],[27.1928,37.0151],[27.1927,37.0141],[27.1935,37.013],[27.1935,37.0109],[27.1926,37.0099],[27.193,37.0089],[27.1916,37.0078],[27.1922,37.0071],[27.1953,37.0083],[27.197,37.013],[27.1991,37.0151],[27.1995,37.0162],[27.2005,37.0159],[27.2014,37.0172],[27.2026,37.0178],[27.2141,37.0226],[27.2189,37.0276],[27.2178,37.0318],[27.2182,37.0339],[27.2172,37.0345],[27.2161,37.0336],[27.2159,37.0339],[27.2171,37.037],[27.2141,37.0379],[27.2148,37.0391],[27.2141,37.0404],[27.213,37.0405],[27.2109,37.039],[27.2099,37.0395],[27.2078,37.0367],[27.2026,37.0365],[27.2016,37.0374],[27.1995,37.0359],[27.1984,37.0364],[27.1974,37.0349],[27.1964,37.0364],[27.1938,37.038],[27.1911,37.0407],[27.1887,37.0464],[27.1885,37.0495],[27.1892,37.0526],[27.1922,37.0566],[27.1943,37.0579],[27.1953,37.0575],[27.1964,37.0584],[27.1974,37.0581],[27.1984,37.0588],[27.2005,37.0591],[27.2057,37.0587],[27.2078,37.0584],[27.2099,37.0561],[27.2109,37.0561],[27.212,37.0566],[27.213,37.0554],[27.2147,37.0557],[27.2153,37.0578],[27.2151,37.0609],[27.2162,37.063],[27.2157,37.0661],[27.2162,37.0672],[27.2151,37.069],[27.213,37.0699],[27.2109,37.07],[27.2099,37.0708],[27.2078,37.071],[27.2047,37.0727],[27.2026,37.0747],[27.1995,37.0741],[27.1984,37.0755],[27.1963,37.0755],[27.1953,37.0776],[27.1943,37.0782],[27.1931,37.0818],[27.193,37.0849],[27.1935,37.087],[27.1964,37.0906],[27.2026,37.096],[27.2078,37.0987],[27.2161,37.1],[27.2193,37.0997],[27.2203,37.0984],[27.2214,37.0996],[27.2224,37.0989],[27.2245,37.0986],[27.2258,37.0995],[27.2391,37.1021],[27.2403,37.1026],[27.2411,37.1045],[27.2422,37.1027],[27.2432,37.1035],[27.2454,37.1057],[27.2443,37.1065],[27.2432,37.1064],[27.2422,37.1053],[27.2418,37.1057],[27.2432,37.1074],[27.2443,37.1071],[27.2449,37.1078],[27.2443,37.109],[27.2432,37.1083],[27.2429,37.1089],[27.2434,37.113],[27.2426,37.1141],[27.2438,37.1224],[27.2439,37.1286],[27.2453,37.1339],[27.2474,37.1373],[27.2516,37.1419],[27.2547,37.144],[27.2596,37.1453],[27.2616,37.1464],[27.2672,37.1517],[27.2693,37.1528],[27.2724,37.154],[27.2766,37.1548],[27.2818,37.1548],[27.2849,37.154],[27.2884,37.1516],[27.2901,37.1488],[27.2922,37.1489],[27.293,37.1484],[27.2932,37.1474],[27.2953,37.1453],[27.2984,37.1444],[27.3036,37.1474],[27.3047,37.1485],[27.3068,37.1481],[27.3078,37.1494],[27.3089,37.1497],[27.3102,37.1516],[27.3108,37.1547],[27.3126,37.1578],[27.3135,37.163],[27.3153,37.1661],[27.3172,37.1678],[27.3203,37.1698],[27.3234,37.1699],[27.3255,37.1707],[27.3297,37.1712],[27.3307,37.1708],[27.3339,37.1714],[27.3359,37.1701],[27.34,37.1714],[27.341,37.1766],[27.3424,37.1797],[27.3425,37.1818],[27.3442,37.1859],[27.3474,37.1891],[27.3505,37.1908],[27.3557,37.1918],[27.3589,37.1916],[27.3724,37.1869],[27.3797,37.1836],[27.3839,37.1824],[27.3859,37.1824],[27.387,37.1816],[27.388,37.1824],[27.3918,37.1839],[27.395,37.187],[27.4005,37.1909],[27.412,37.1957],[27.4133,37.1974],[27.4129,37.1984],[27.4085,37.2026],[27.4034,37.2057],[27.4005,37.2095],[27.3986,37.2161],[27.3985,37.2214],[27.3992,37.2245],[27.401,37.2276],[27.4105,37.2339],[27.4161,37.2407],[27.4182,37.2423],[27.4203,37.2428],[27.4255,37.2427],[27.4297,37.2417],[27.4339,37.2391],[27.4364,37.2349],[27.4372,37.2297],[27.4373,37.2224],[27.4339,37.2095],[27.4319,37.2057],[27.4297,37.2032],[27.4225,37.1974],[27.4226,37.1964],[27.4266,37.1912],[27.4347,37.1859],[27.4391,37.182],[27.4398,37.1807],[27.44,37.1786],[27.4391,37.1763],[27.4348,37.1724],[27.4307,37.1706],[27.4266,37.1699],[27.4109,37.1614],[27.4078,37.1591],[27.4076,37.1568],[27.4091,37.1547],[27.412,37.1528],[27.4182,37.1512],[27.4234,37.1508],[27.4325,37.1526],[27.4337,37.1536],[27.4365,37.1578],[27.438,37.1586],[27.4411,37.1582],[27.4432,37.1571],[27.4437,37.1557],[27.4398,37.1484],[27.4418,37.1443],[27.4422,37.1432],[27.4418,37.1422],[27.4426,37.1411],[27.4439,37.1349],[27.4453,37.1307],[27.4551,37.112],[27.4578,37.1098],[27.4599,37.1102],[27.4622,37.1078],[27.4625,37.1089],[27.461,37.1141],[27.4599,37.1143],[27.4592,37.1161],[27.4591,37.1193],[27.4599,37.1214],[27.4607,37.1266],[27.4623,37.1286],[27.4617,37.1297],[27.4636,37.1297],[27.4631,37.1307],[27.4651,37.1318],[27.4672,37.1349],[27.4693,37.14],[27.4714,37.1432],[27.4714,37.1443],[27.4727,37.1474],[27.4729,37.1526],[27.4724,37.1554],[27.4732,37.1589],[27.4799,37.1672],[27.4832,37.1745],[27.4838,37.1776],[27.4836,37.1797],[27.4776,37.1831],[27.4759,37.1849],[27.4752,37.188],[27.4752,37.1964],[27.4758,37.2005],[27.4791,37.2099],[27.481,37.2193],[27.4824,37.2234],[27.4839,37.2318],[27.4834,37.2328],[27.4846,37.2391],[27.4858,37.2411],[27.4862,37.2432],[27.4849,37.244],[27.4839,37.2431],[27.4807,37.2425],[27.4779,37.2401],[27.4755,37.2395],[27.4745,37.2385],[27.4714,37.2383],[27.4693,37.2375],[27.4641,37.2341],[27.4568,37.2322],[27.4526,37.2333],[27.4516,37.2342],[27.4501,37.2339],[27.4443,37.2363],[27.4418,37.238],[27.4399,37.2401],[27.4386,37.2432],[27.4377,37.2484],[27.438,37.2505],[27.4375,37.2516],[27.4375,37.262],[27.4391,37.2651],[27.4505,37.2789],[27.4536,37.2819],[27.4561,37.287],[27.4584,37.2891],[27.4594,37.2922],[27.4589,37.2932],[27.4578,37.2936],[27.4557,37.2927],[27.4513,37.2891],[27.4505,37.2879],[27.4495,37.2879],[27.4484,37.287],[27.4474,37.2872],[27.4464,37.2868],[27.4432,37.2866],[27.4391,37.2851],[27.4318,37.2805],[27.4312,37.2797],[27.4312,37.2766],[27.4299,37.2682],[27.4276,37.2629],[27.4255,37.2609],[27.4224,37.2597],[27.4182,37.2597],[27.4151,37.2604],[27.413,37.26],[27.412,37.2586],[27.4082,37.2474],[27.4068,37.245],[27.4048,37.2432],[27.3995,37.2399],[27.3964,37.2387],[27.3922,37.2379],[27.3859,37.238],[27.3807,37.2398],[27.3774,37.2422],[27.3754,37.2464],[27.3753,37.2495],[27.3757,37.2516],[27.3769,37.2536],[27.3812,37.2578],[27.3859,37.2613],[27.3911,37.2642],[27.3984,37.2654],[27.4099,37.2644],[27.412,37.266],[27.4134,37.2682],[27.4154,37.2755],[27.4155,37.2807],[27.4147,37.2828],[27.4109,37.2858],[27.4078,37.2875],[27.4036,37.2886],[27.3974,37.2884],[27.3938,37.2849],[27.3901,37.2829],[27.3891,37.2816],[27.3863,37.2797],[27.3865,37.2786],[27.3849,37.2769],[27.3834,37.2766],[27.3826,37.2745],[27.3813,37.2734],[27.3818,37.2724],[27.3807,37.2722],[27.378,37.2693],[27.3766,37.2684],[27.3714,37.2672],[27.3682,37.2669],[27.3672,37.2685],[27.3661,37.2677],[27.3526,37.2747],[27.3518,37.2755],[27.3517,37.2766],[27.3505,37.2769],[27.35,37.2786],[27.349,37.2797],[27.3494,37.2807],[27.3484,37.2828],[27.3483,37.2849],[27.3495,37.2864],[27.3505,37.287],[27.3512,37.2891],[27.3557,37.2936],[27.3564,37.2953],[27.3583,37.2974],[27.3587,37.2984],[27.3584,37.2995],[27.361,37.3036],[27.3608,37.3057],[27.3589,37.3073],[27.3516,37.3103],[27.3474,37.3102],[27.3443,37.3094],[27.3422,37.3078],[27.3386,37.3026],[27.3381,37.3005],[27.3341,37.2922],[27.3321,37.2818],[27.3307,37.2775],[27.3286,37.2738],[27.3276,37.273],[27.3266,37.273],[27.325,37.2745],[27.3238,37.2786],[27.3236,37.2818],[27.3243,37.288],[27.3233,37.2932],[27.3211,37.2953],[27.319,37.2964],[27.3036,37.3003],[27.3014,37.3016],[27.2976,37.3047],[27.2942,37.3089],[27.2925,37.312],[27.2916,37.3151],[27.2903,37.3255],[27.2891,37.3276],[27.288,37.3282],[27.287,37.3287],[27.2859,37.3282],[27.2817,37.3234],[27.2755,37.3199],[27.2672,37.3175],[27.2609,37.3163],[27.2536,37.3162],[27.2369,37.3182],[27.2286,37.3203],[27.2172,37.3242],[27.2057,37.3266],[27.2036,37.3263],[27.2005,37.327],[27.1891,37.3335],[27.1818,37.3389],[27.1786,37.3428],[27.1775,37.3453],[27.1767,37.3495],[27.1776,37.3498],[27.1779,37.3505],[27.1776,37.3526],[27.1785,37.3568],[27.1812,37.3641],[27.1828,37.3672],[27.1866,37.3714],[27.1868,37.3724],[27.1893,37.3755],[27.1896,37.3766],[27.1924,37.3807],[27.1944,37.3859],[27.1946,37.3901],[27.1926,37.3974],[27.1926,37.4016],[27.1939,37.4057],[27.1972,37.413],[27.1965,37.4193],[27.197,37.4224],[27.2,37.4276],[27.2012,37.4307],[27.2013,37.4443],[27.2004,37.4464],[27.1986,37.4484],[27.1974,37.4488],[27.1943,37.4511],[27.1891,37.453],[27.1693,37.4575],[27.1662,37.4599],[27.1639,37.463],[27.1629,37.4661],[27.1632,37.4693],[27.1621,37.4745],[27.1609,37.4766],[27.1599,37.4772],[27.1533,37.4859],[27.1527,37.4901],[27.1528,37.4974],[27.1517,37.5016],[27.1483,37.5078],[27.1443,37.512],[27.1431,37.5141],[27.1428,37.5161],[27.1433,37.5266],[27.1422,37.5297],[27.1401,37.5333],[27.1297,37.543],[27.1268,37.5474],[27.125,37.5516],[27.1229,37.5599],[27.1237,37.5661],[27.1234,37.5693],[27.1214,37.5729],[27.1175,37.5776],[27.1156,37.5818],[27.1136,37.5891],[27.1146,37.5943],[27.1147,37.5974],[27.1115,37.6047],[27.1099,37.6099],[27.0984,37.6192],[27.0922,37.6234],[27.0901,37.6242],[27.0849,37.625],[27.0641,37.626],[27.0609,37.6265],[27.0536,37.628],[27.0464,37.6313],[27.0307,37.6356],[27.0266,37.6358],[27.0151,37.635],[27.0005,37.6359]],[[27.0974,37.2546],[27.0953,37.2545],[27.0922,37.2554],[27.0883,37.2578],[27.0881,37.2589],[27.0849,37.262],[27.0818,37.2637],[27.0745,37.2695],[27.0712,37.2745],[27.0705,37.2766],[27.0709,37.2786],[27.0699,37.2797],[27.07,37.2807],[27.0691,37.2818],[27.0693,37.2839],[27.0679,37.287],[27.0674,37.2901],[27.0682,37.2984],[27.0691,37.3016],[27.071,37.3047],[27.0786,37.3145],[27.0839,37.3181],[27.0891,37.3193],[27.0922,37.3195],[27.0932,37.3188],[27.0953,37.3187],[27.1036,37.3144],[27.1047,37.3128],[27.1057,37.3133],[27.1063,37.313],[27.1085,37.3109],[27.1086,37.3099],[27.1099,37.3096],[27.1121,37.3068],[27.1119,37.3057],[27.1127,37.3047],[27.1131,37.3005],[27.1124,37.2974],[27.1132,37.2922],[27.1129,37.2911],[27.1152,37.2818],[27.1146,37.2776],[27.1136,37.2755],[27.1139,37.2745],[27.113,37.274],[27.1102,37.2693],[27.1068,37.2656],[27.1005,37.2568]],[[27.1016,37.2482],[27.0995,37.2478],[27.0959,37.2484],[27.0949,37.2495],[27.095,37.2505],[27.0964,37.2517],[27.1005,37.2518],[27.1019,37.2505],[27.1021,37.2495]],[[27.062,37.073],[27.0609,37.0726],[27.0591,37.0734],[27.0574,37.0786],[27.0568,37.0839],[27.0578,37.089],[27.0609,37.0928],[27.063,37.0937],[27.0672,37.0942],[27.0682,37.0935],[27.0703,37.0934],[27.0755,37.0894],[27.0776,37.0862],[27.0777,37.0849],[27.0787,37.0828],[27.0764,37.0807],[27.0734,37.076],[27.0703,37.0745],[27.0682,37.0749],[27.0672,37.0745],[27.0661,37.0749],[27.063,37.0741]],[[27.0839,37.0421],[27.0807,37.0421],[27.0776,37.0427],[27.0742,37.0443],[27.0708,37.0484],[27.0651,37.0541],[27.0634,37.0568],[27.0619,37.0609],[27.0619,37.0651],[27.0614,37.0672],[27.062,37.0693],[27.0621,37.0682],[27.063,37.0675],[27.0651,37.0708],[27.0672,37.0714],[27.0693,37.0711],[27.0714,37.0718],[27.0734,37.0719],[27.0766,37.0742],[27.0776,37.0741],[27.0786,37.0748],[27.0818,37.0773],[27.0839,37.0772],[27.0943,37.0736],[27.1047,37.0709],[27.112,37.0676],[27.1141,37.0658],[27.1161,37.063],[27.1176,37.062],[27.1165,37.0599],[27.1157,37.0547],[27.1141,37.0503],[27.1109,37.0476],[27.1057,37.0464],[27.0932,37.0445]],[[27.1505,37.0367],[27.1474,37.0362],[27.1443,37.0365],[27.1411,37.0375],[27.1387,37.0391],[27.1374,37.0411],[27.1369,37.0432],[27.1367,37.0453],[27.1371,37.0464],[27.1359,37.0474],[27.1378,37.0484],[27.1377,37.0516],[27.1401,37.0567],[27.1432,37.0595],[27.1464,37.0606],[27.1516,37.0607],[27.1568,37.0584],[27.1599,37.0544],[27.1609,37.0504],[27.1608,37.0464],[27.1587,37.0422],[27.1547,37.0387]],[[27.1928,37.0005],[27.1915,37.0036],[27.1911,37.0037],[27.1908,37.0016],[27.1885,37.0005]],[[27.4138,37.0005],[27.4133,37.0016],[27.412,37.0021],[27.4099,37.0016],[27.4089,37.0027],[27.405,37.0005]],[[27.9995,37.0136],[27.9922,37.0156],[27.9828,37.0149],[27.9724,37.0095],[27.9578,37.0062],[27.9526,37.0055],[27.9391,37.0055],[27.9359,37.0061],[27.9328,37.0062],[27.9245,37.0101],[27.9182,37.01],[27.9141,37.0108],[27.912,37.012],[27.9057,37.0137],[27.8984,37.0172],[27.8932,37.0192],[27.8901,37.0198],[27.8839,37.0181],[27.8797,37.0182],[27.8714,37.0167],[27.8641,37.0148],[27.8568,37.0144],[27.8484,37.0124],[27.8453,37.0112],[27.8443,37.0113],[27.8391,37.0076],[27.8359,37.0064],[27.8276,37.0059],[27.8266,37.0063],[27.8245,37.0059],[27.8224,37.005],[27.8178,37.0005]]]}},{"type":"Feature","properties":{"depth":50,"kind":"band"},"geometry":{"type":"MultiPolygon","coordinates":[[[[27.0982,37.688],[27.1109,37.6906],[27.1224,37.6949],[27.1349,37.6972],[27.1453,37.6997],[27.1495,37.7016],[27.1568,37.7061],[27.1599,37.7073],[27.1651,37.7102],[27.1714,37.7114],[27.1839,37.7152],[27.1932,37.7184],[27.1995,37.7217],[27.2036,37.7231],[27.2085,37.7266],[27.2182,37.7358],[27.2256,37.7401],[27.2297,37.7443],[27.2328,37.7485],[27.2398,37.762],[27.242,37.7714],[27.2418,37.7745],[27.2405,37.7797],[27.2407,37.7839],[27.2422,37.7882],[27.2464,37.7938],[27.2473,37.7995],[27.246,37.8026],[27.2451,37.8036],[27.2432,37.805],[27.2359,37.8084],[27.2307,37.8131],[27.2259,37.8203],[27.2205,37.8307],[27.2166,37.8359],[27.2133,37.8391],[27.2095,37.8484],[27.2039,37.8578],[27.2018,37.863],[27.2013,37.8651],[27.2012,37.8724],[27.2024,37.8745],[27.2062,37.8776],[27.2193,37.885],[27.2245,37.8856],[27.2276,37.8853],[27.2318,37.8835],[27.2349,37.8812],[27.237,37.8807],[27.2422,37.8809],[27.2448,37.8828],[27.2457,37.8849],[27.246,37.888],[27.2445,37.8953],[27.2446,37.8974],[27.2423,37.9026],[27.2416,37.9057],[27.2416,37.9172],[27.2421,37.9193],[27.248,37.9307],[27.2485,37.9328],[27.2482,37.9349],[27.2432,37.9412],[27.2349,37.9474],[27.2276,37.9551],[27.222,37.9589],[27.2208,37.9609],[27.2201,37.9651],[27.2161,37.9673],[27.213,37.9683],[27.2109,37.9683],[27.2068,37.9666],[27.1995,37.9681],[27.1932,37.9677],[27.1911,37.9674],[27.1818,37.9642],[27.1755,37.9607],[27.1751,37.9599],[27.1755,37.9592],[27.1786,37.9574],[27.1796,37.9557],[27.18,37.9526],[27.1794,37.9505],[27.1776,37.9492],[27.1734,37.9478],[27.1712,37.9495],[27.1701,37.9526],[27.171,37.9568],[27.1726,37.9589],[27.1717,37.9599],[27.1661,37.9616],[27.1641,37.9638],[27.162,37.9646],[27.1578,37.9677],[27.1526,37.9694],[27.1422,37.9692],[27.1339,37.9677],[27.1276,37.9677],[27.1245,37.9682],[27.1151,37.9748],[27.1134,37.9766],[27.113,37.9776],[27.112,37.9778],[27.0974,37.9922],[27.0943,37.9946],[27.0911,37.9962],[27.0828,37.9961],[27.0755,37.9969],[27.0714,37.998],[27.0682,38],[27.0005,38],[27,37.9995],[27,37.8057],[27.0005,37.805],[27.0047,37.8024],[27.0073,37.7995],[27.0076,37.7984],[27.0085,37.7974],[27.0064,37.7932],[27.0057,37.7901],[27.0045,37.7891],[27.0055,37.788],[27.0068,37.7856],[27.0109,37.7837],[27.0172,37.7825],[27.0182,37.783],[27.0214,37.7827],[27.0234,37.782],[27.0286,37.7813],[27.0349,37.7815],[27.0495,37.7862],[27.062,37.7891],[27.0651,37.7884],[27.0672,37.7886],[27.0682,37.788],[27.0693,37.7883],[27.0714,37.7874],[27.0745,37.7849],[27.0761,37.7818],[27.0765,37.7776],[27.0757,37.7734],[27.0746,37.7724],[27.0745,37.7714],[27.0734,37.7715],[27.0733,37.7703],[27.0651,37.7652],[27.0606,37.763],[27.0563,37.7599],[27.0536,37.7591],[27.0505,37.7558],[27.0443,37.7539],[27.0426,37.7526],[27.0424,37.7516],[27.0432,37.7492],[27.0443,37.7484],[27.0464,37.7479],[27.0505,37.7446],[27.0536,37.7408],[27.0547,37.7417],[27.0557,37.7415],[27.057,37.7422],[27.056,37.7411],[27.0558,37.7391],[27.0578,37.7372],[27.0599,37.7366],[27.0609,37.7378],[27.0693,37.7334],[27.0714,37.7318],[27.0729,37.7297],[27.0753,37.7245],[27.0765,37.7203],[27.0769,37.7161],[27.0753,37.7109],[27.0762,37.7099],[27.0759,37.7078],[27.071,37.7047],[27.071,37.7036],[27.0693,37.7022],[27.0672,37.7023],[27.0661,37.7008],[27.0599,37.6995],[27.0578,37.6979],[27.0536,37.6962],[27.0516,37.6955],[27.0505,37.6959],[27.0493,37.6953],[27.0528,37.6932],[27.0547,37.6927],[27.0568,37.6928],[27.0589,37.6945],[27.0599,37.6942],[27.062,37.695],[27.0672,37.6942],[27.0703,37.6946],[27.0724,37.6932],[27.0766,37.6923],[27.0797,37.6931],[27.0818,37.6923],[27.0822,37.6911],[27.0901,37.6891],[27.0911,37.6883],[27.0982,37.688]],[[27.1943,37.9191],[27.1932,37.9186],[27.1922,37.9188],[27.19,37.9214],[27.1896,37.9245],[27.1898,37.9359],[27.1922,37.9387],[27.1943,37.9397],[27.2026,37.9393],[27.2035,37.938],[27.2032,37.937],[27.1986,37.9286],[27.1963,37.9224],[27.1943,37.9191]],[[27.2255,37.9047],[27.2245,37.9048],[27.2231,37.9057],[27.2232,37.9068],[27.2255,37.9075],[27.2266,37.9071],[27.2269,37.9057],[27.2255,37.9047]]],[[[27.1748,37.3495],[27.1745,37.3499],[27.1735,37.3495],[27.1745,37.3491],[27.1748,37.3495]]],[[[27.106,37.3151],[27.1057,37.3155],[27.1057,37.3149],[27.106,37.3151]]],[[[27.4373,37.2693],[27.4399,37.2714],[27.4464,37.2797],[27.4469,37.2807],[27.4453,37.2828],[27.4401,37.2814],[27.4385,37.2807],[27.4377,37.2797],[27.4363,37.2703],[27.4364,37.2693],[27.4373,37.2693]]],[[[27.3695,37.2651],[27.369,37.2651],[27.3693,37.2645],[27.3695,37.2651]]],[[[27.4335,37.2495],[27.4342,37.2526],[27.433,37.2557],[27.4334,37.2578],[27.4328,37.2585],[27.4318,37.2567],[27.4305,37.2557],[27.4266,37.254],[27.4224,37.2531],[27.421,37.2516],[27.4214,37.2498],[27.4234,37.2489],[27.4297,37.249],[27.4328,37.2486],[27.4335,37.2495]]],[[[27.5297,37.1307],[27.5305,37.1318],[27.5297,37.1326],[27.5286,37.1328],[27.5276,37.1323],[27.5276,37.1308],[27.5297,37.1307]]],[[[27.5218,37.1297],[27.5224,37.1307],[27.5219,37.1318],[27.5214,37.1319],[27.5199,37.1297],[27.5203,37.129],[27.5218,37.1297]]],[[[27.5103,37.1214],[27.5137,37.1224],[27.5172,37.1244],[27.52,37.1276],[27.5201,37.1286],[27.5187,37.1297],[27.5203,37.1307],[27.519,37.1318],[27.5182,37.1318],[27.5172,37.131],[27.5161,37.1319],[27.5151,37.1317],[27.5141,37.1323],[27.513,37.132],[27.512,37.1328],[27.5084,37.1307],[27.5032,37.1266],[27.5011,37.1234],[27.5026,37.1216],[27.5103,37.1214]]],[[[27.4564,37.1172],[27.4576,37.1203],[27.457,37.1224],[27.4574,37.1234],[27.4606,37.1297],[27.4642,37.1349],[27.4672,37.1411],[27.4669,37.1422],[27.4687,37.1474],[27.4683,37.1557],[27.4694,37.1609],[27.4706,37.163],[27.4748,37.1682],[27.4765,37.1714],[27.4772,37.1734],[27.4766,37.1766],[27.4727,37.1807],[27.4708,37.1839],[27.47,37.188],[27.472,37.2016],[27.4755,37.2109],[27.4771,37.2214],[27.4797,37.2276],[27.4798,37.2318],[27.4792,37.2328],[27.4795,37.2349],[27.4793,37.2359],[27.4786,37.2362],[27.4714,37.2342],[27.4651,37.2304],[27.4631,37.2297],[27.4599,37.2267],[27.4575,37.2255],[27.4547,37.2257],[27.4484,37.2292],[27.4464,37.2284],[27.4443,37.2257],[27.4422,37.2214],[27.4391,37.213],[27.4371,37.2057],[27.4339,37.1984],[27.4343,37.1964],[27.4359,37.1942],[27.4383,37.1922],[27.4443,37.1887],[27.4459,37.187],[27.4469,37.1849],[27.4469,37.1786],[27.445,37.1682],[27.4465,37.1641],[27.4496,37.1589],[27.4503,37.1557],[27.4495,37.1533],[27.4464,37.1474],[27.4451,37.1432],[27.4472,37.1328],[27.4485,37.1307],[27.4496,37.1276],[27.4516,37.1245],[27.4536,37.1189],[27.4557,37.1166],[27.4564,37.1172]]],[[[27.4747,37.1047],[27.4741,37.1047],[27.4745,37.1042],[27.4747,37.1047]]],[[[27.4743,37.1036],[27.4734,37.1045],[27.4719,37.1036],[27.4734,37.1027],[27.4743,37.1036]]],[[[27.0636,37.0724],[27.0638,37.0734],[27.063,37.0736],[27.0626,37.0724],[27.0636,37.0724]]],[[[27.0665,37.0724],[27.0651,37.073],[27.0644,37.0724],[27.0651,37.072],[27.0665,37.0724]]],[[[27.1624,37.0516],[27.162,37.0524],[27.1616,37.0516],[27.162,37.0506],[27.1624,37.0516]]],[[[27.1627,37.0464],[27.162,37.0469],[27.1616,37.0464],[27.162,37.0458],[27.1627,37.0464]]],[[[27.1978,37.0151],[27.1974,37.0156],[27.1974,37.0147],[27.1978,37.0151]]],[[[27.1676,37.0005],[27.1673,37.0057],[27.168,37.0099],[27.1695,37.012],[27.1702,37.0141],[27.1725,37.0151],[27.1731,37.0161],[27.1746,37.0172],[27.1797,37.0188],[27.1859,37.019],[27.1889,37.0182],[27.1899,37.0161],[27.1911,37.0155],[27.1922,37.0166],[27.1953,37.015],[27.2011,37.0182],[27.2016,37.0195],[27.2026,37.019],[27.2057,37.0201],[27.2141,37.026],[27.2151,37.0258],[27.215,37.0276],[27.2159,37.0297],[27.214,37.0328],[27.213,37.0359],[27.212,37.0352],[27.2109,37.0361],[27.2099,37.0352],[27.2089,37.0362],[27.2078,37.0346],[27.2047,37.034],[27.2036,37.0346],[27.2026,37.0346],[27.2016,37.0338],[27.2021,37.0349],[27.2005,37.0363],[27.1995,37.0353],[27.1984,37.0353],[27.1974,37.0336],[27.1964,37.0335],[27.1932,37.0353],[27.1893,37.0391],[27.1868,37.0453],[27.186,37.0464],[27.1869,37.0474],[27.1863,37.0484],[27.1862,37.0505],[27.1862,37.0516],[27.1871,37.0526],[27.1869,37.0536],[27.1887,37.0547],[27.1885,37.0557],[27.1892,37.0568],[27.1901,37.0579],[27.1911,37.0583],[27.1922,37.0598],[27.1932,37.0588],[27.1974,37.0593],[27.1995,37.0603],[27.2057,37.0603],[27.2068,37.0597],[27.2109,37.0595],[27.2132,37.062],[27.2135,37.063],[27.2135,37.0641],[27.212,37.0644],[27.2117,37.0651],[27.2122,37.0661],[27.212,37.0676],[27.2026,37.072],[27.2016,37.0737],[27.1995,37.0736],[27.1981,37.0745],[27.1964,37.0745],[27.1953,37.074],[27.1939,37.0745],[27.1906,37.0797],[27.19,37.0828],[27.1904,37.087],[27.192,37.0901],[27.1941,37.0922],[27.2016,37.0979],[27.2068,37.1009],[27.2109,37.1018],[27.2182,37.1025],[27.2214,37.1009],[27.2224,37.1013],[27.2234,37.1009],[27.2255,37.1012],[27.2307,37.1032],[27.2349,37.1031],[27.2409,37.1057],[27.2414,37.1078],[27.2409,37.1099],[27.2417,37.112],[27.2405,37.1141],[27.2405,37.1151],[27.2415,37.1224],[27.2415,37.1266],[27.2426,37.1328],[27.2452,37.138],[27.2505,37.1442],[27.2547,37.1466],[27.2589,37.148],[27.263,37.1512],[27.2661,37.1543],[27.2685,37.1557],[27.2703,37.1566],[27.2755,37.1577],[27.2818,37.1577],[27.2859,37.1568],[27.2891,37.1541],[27.2901,37.1539],[27.2933,37.1495],[27.2953,37.1484],[27.2964,37.1494],[27.2974,37.1475],[27.2984,37.1471],[27.3005,37.1475],[27.3016,37.1484],[27.3026,37.1482],[27.3078,37.1523],[27.3095,37.1547],[27.3107,37.162],[27.3123,37.1661],[27.3141,37.1687],[27.3172,37.1709],[27.3182,37.1709],[27.3214,37.1727],[27.3234,37.1721],[27.3255,37.1735],[27.3286,37.1737],[27.3307,37.1731],[27.3318,37.1735],[27.3328,37.1729],[27.3339,37.173],[27.337,37.1743],[27.3383,37.1755],[27.3393,37.1776],[27.3388,37.1786],[27.3392,37.1818],[27.3405,37.1859],[27.3417,37.188],[27.3453,37.1922],[27.3484,37.1939],[27.3536,37.1952],[27.3599,37.1949],[27.3714,37.1908],[27.3839,37.1856],[27.3859,37.1853],[27.388,37.1857],[27.3908,37.188],[27.4011,37.1943],[27.4053,37.1974],[27.4057,37.1984],[27.4054,37.1995],[27.3997,37.2057],[27.3971,37.2099],[27.3959,37.213],[27.3939,37.2214],[27.3938,37.2276],[27.3944,37.2307],[27.3923,37.2318],[27.3901,37.2321],[27.3818,37.232],[27.3734,37.2352],[27.3714,37.2366],[27.3704,37.238],[27.3694,37.2432],[27.3719,37.2516],[27.3749,37.2557],[27.388,37.266],[27.3922,37.2685],[27.3964,37.27],[27.4036,37.271],[27.4067,37.2724],[27.4097,37.2766],[27.4097,37.2797],[27.4089,37.2821],[27.4076,37.2839],[27.4047,37.2849],[27.4026,37.2849],[27.3964,37.2811],[27.3911,37.2798],[27.387,37.2744],[27.3853,37.2714],[27.3828,37.2684],[27.3807,37.2668],[27.3776,37.2654],[27.3766,37.2657],[27.3755,37.2647],[27.3693,37.2639],[27.3682,37.2647],[27.3661,37.2651],[27.3615,37.2672],[27.3589,37.2693],[27.3536,37.271],[27.3505,37.273],[27.3484,37.2747],[27.348,37.2755],[27.3484,37.2766],[27.3469,37.2776],[27.3464,37.2794],[27.3458,37.2797],[27.3459,37.2807],[27.3449,37.2818],[27.3443,37.287],[27.347,37.2891],[27.3526,37.2957],[27.3564,37.3026],[27.3565,37.3036],[27.3548,37.3047],[27.3495,37.3074],[27.3484,37.3076],[27.3474,37.3073],[27.3438,37.3047],[27.3432,37.3036],[27.3409,37.2953],[27.3398,37.288],[27.3346,37.2734],[27.3314,37.262],[27.3312,37.2599],[27.3342,37.2516],[27.3334,37.2464],[27.3355,37.2432],[27.336,37.2411],[27.3349,37.2392],[27.3328,37.2389],[27.331,37.2401],[27.3309,37.2411],[27.3319,37.2432],[27.3307,37.2435],[27.3286,37.2427],[27.3276,37.2432],[27.3253,37.2474],[27.3246,37.2516],[27.3257,37.2568],[27.3253,37.263],[27.3247,37.2651],[27.3201,37.2734],[27.3191,37.2818],[27.3195,37.2901],[27.3189,37.2922],[27.3172,37.2939],[27.312,37.2958],[27.3036,37.2978],[27.2967,37.3016],[27.2892,37.3078],[27.2848,37.313],[27.2797,37.3168],[27.2776,37.3168],[27.2689,37.3141],[27.2599,37.3123],[27.2484,37.3123],[27.2359,37.3133],[27.2109,37.3197],[27.1953,37.3221],[27.1932,37.3233],[27.1902,37.3266],[27.1798,37.3349],[27.1765,37.338],[27.1748,37.3411],[27.1739,37.3432],[27.1734,37.3464],[27.1738,37.3484],[27.1734,37.3495],[27.1746,37.3516],[27.1744,37.3536],[27.176,37.3599],[27.1789,37.3672],[27.1885,37.3807],[27.191,37.3859],[27.1913,37.388],[27.191,37.3911],[27.188,37.3984],[27.1877,37.4005],[27.1879,37.4036],[27.1905,37.4109],[27.1883,37.4214],[27.1894,37.4245],[27.1953,37.4293],[27.1964,37.4307],[27.197,37.4359],[27.1966,37.4453],[27.1943,37.4474],[27.1901,37.4492],[27.1745,37.4511],[27.1714,37.4522],[27.1672,37.4547],[27.163,37.4582],[27.1611,37.4609],[27.1598,37.4641],[27.1582,37.4714],[27.1568,37.4741],[27.1547,37.4762],[27.1494,37.4797],[27.1451,37.4849],[27.1439,37.488],[27.1438,37.4901],[27.146,37.4974],[27.1453,37.5016],[27.1441,37.5036],[27.1371,37.5099],[27.135,37.513],[27.1337,37.5161],[27.1335,37.5193],[27.1353,37.5255],[27.1352,37.5276],[27.1334,37.5297],[27.1276,37.5336],[27.1253,37.5359],[27.1219,37.5443],[27.1173,37.5536],[27.1161,37.563],[27.115,37.5661],[27.1122,37.5703],[27.1048,37.5776],[27.1026,37.5828],[27.1021,37.5859],[27.1054,37.6016],[27.1047,37.6057],[27.1048,37.6099],[27.1026,37.6121],[27.0992,37.6141],[27.0974,37.6161],[27.0891,37.621],[27.0839,37.6217],[27.063,37.6228],[27.0536,37.625],[27.0453,37.6287],[27.0297,37.633],[27.0245,37.6331],[27.0161,37.6322],[27.0099,37.6327],[27.0005,37.6328],[27,37.6318],[27,37.4964],[27.0005,37.4954],[27.0016,37.4949],[27.0099,37.4932],[27.0151,37.4904],[27.0195,37.4859],[27.0208,37.4839],[27.0213,37.4807],[27.0224,37.4803],[27.0252,37.4745],[27.0291,37.4714],[27.0296,37.4703],[27.0285,37.4693],[27.0303,37.4682],[27.0291,37.4651],[27.0239,37.4568],[27.0214,37.4503],[27.0193,37.4474],[27.0196,37.4464],[27.0193,37.4459],[27.0161,37.4427],[27.012,37.4402],[27.0068,37.439],[27.0026,37.4373],[27.0024,37.437],[27.0031,37.4359],[27.0015,37.4359],[27,37.4328],[27.0011,37.4276],[27.0011,37.4266],[27,37.4255],[27.0013,37.4245],[27,37.4224],[27,37.0505],[27.0016,37.0494],[27.0047,37.0449],[27.0059,37.0422],[27.0061,37.0391],[27.0074,37.038],[27.0054,37.0359],[27.0042,37.0318],[27.0057,37.0297],[27.0109,37.0282],[27.012,37.0271],[27.0151,37.0258],[27.0182,37.0254],[27.0286,37.0267],[27.0349,37.0269],[27.038,37.0264],[27.0432,37.0241],[27.0464,37.0214],[27.0519,37.0141],[27.0578,37.0099],[27.0609,37.0068],[27.0636,37.0026],[27.0641,37],[27.1672,37],[27.1676,37.0005]],[[27.1026,37.2452],[27.0995,37.2446],[27.0964,37.2449],[27.0932,37.2459],[27.0913,37.2474],[27.0904,37.2495],[27.0903,37.2526],[27.0869,37.2557],[27.0859,37.2579],[27.0828,37.2597],[27.0804,37.262],[27.0732,37.2672],[27.0706,37.2703],[27.0686,37.2745],[27.0684,37.2766],[27.0674,37.2776],[27.0674,37.2786],[27.0666,37.2807],[27.0667,37.2828],[27.0657,37.2849],[27.0649,37.2891],[27.0647,37.2932],[27.0662,37.3016],[27.0678,37.3047],[27.073,37.3109],[27.0732,37.312],[27.0754,37.3151],[27.0786,37.3181],[27.0828,37.3208],[27.0849,37.3215],[27.0901,37.3224],[27.0932,37.3224],[27.0943,37.3212],[27.0953,37.3218],[27.0968,37.3214],[27.1016,37.3184],[27.1057,37.3166],[27.1068,37.3154],[27.1089,37.3147],[27.1135,37.3099],[27.1151,37.3068],[27.1149,37.3057],[27.1159,37.3036],[27.116,37.3005],[27.1153,37.2974],[27.1161,37.2964],[27.1156,37.2922],[27.1158,37.2901],[27.1171,37.287],[27.117,37.2839],[27.1175,37.2818],[27.117,37.2797],[27.1174,37.2776],[27.1161,37.2756],[27.1154,37.2724],[27.1135,37.2703],[27.112,37.2677],[27.1086,37.2641],[27.107,37.2609],[27.1034,37.2557],[27.1033,37.2547],[27.1057,37.2516],[27.106,37.2495],[27.1047,37.2465],[27.1026,37.2452]],[[27.0859,37.04],[27.0807,37.0399],[27.0766,37.0407],[27.0745,37.0416],[27.072,37.0432],[27.0682,37.048],[27.0643,37.0516],[27.0621,37.0547],[27.0599,37.0609],[27.0596,37.0672],[27.0603,37.0682],[27.0598,37.0693],[27.0601,37.0703],[27.0623,37.0714],[27.062,37.0719],[27.0589,37.072],[27.0578,37.0727],[27.0554,37.0776],[27.0546,37.0828],[27.055,37.087],[27.0559,37.0901],[27.0578,37.0931],[27.0609,37.0954],[27.0661,37.0965],[27.0672,37.0964],[27.0682,37.0953],[27.0693,37.0964],[27.0703,37.0954],[27.0714,37.0951],[27.0724,37.0938],[27.0734,37.094],[27.0766,37.0913],[27.0783,37.0891],[27.0789,37.087],[27.0801,37.0859],[27.0791,37.0849],[27.0802,37.0839],[27.0782,37.0818],[27.0782,37.0797],[27.0776,37.0786],[27.0774,37.0776],[27.0783,37.0766],[27.0797,37.0764],[27.0818,37.0783],[27.0828,37.0782],[27.0839,37.0789],[27.0849,37.0789],[27.0953,37.0754],[27.1016,37.0742],[27.1133,37.0693],[27.1161,37.0666],[27.1193,37.0622],[27.1179,37.0609],[27.1176,37.0599],[27.1173,37.0547],[27.115,37.0505],[27.1146,37.0484],[27.113,37.0464],[27.1109,37.0452],[27.0922,37.0421],[27.0859,37.04]],[[27.1526,37.0349],[27.1505,37.0343],[27.1453,37.0341],[27.1422,37.0347],[27.1391,37.0359],[27.137,37.0375],[27.1359,37.0391],[27.1349,37.0443],[27.1336,37.0464],[27.1364,37.0484],[27.1366,37.0495],[27.1359,37.0516],[27.1369,37.0547],[27.1359,37.0557],[27.1364,37.0557],[27.137,37.0548],[27.1397,37.0589],[27.1395,37.0599],[27.1411,37.0613],[27.1443,37.0628],[27.1464,37.0633],[27.1516,37.0632],[27.1527,37.063],[27.1536,37.0619],[27.1557,37.0619],[27.1578,37.0603],[27.1588,37.0589],[27.1589,37.0574],[27.1599,37.0579],[27.1609,37.0571],[27.1617,37.0557],[27.1613,37.0547],[27.1623,37.0536],[27.1621,37.0526],[27.1636,37.0516],[27.1636,37.0484],[27.1626,37.0474],[27.1637,37.0464],[27.1627,37.0453],[27.1626,37.0443],[27.1602,37.0422],[27.1609,37.041],[27.1599,37.0415],[27.1589,37.0391],[27.1557,37.0366],[27.1526,37.0349]]],[[[28,37.0005],[28,37.0109],[27.9932,37.0122],[27.9911,37.0134],[27.9901,37.0127],[27.9839,37.0123],[27.9734,37.0072],[27.9599,37.004],[27.9505,37.0029],[27.9359,37.003],[27.9307,37.0037],[27.9245,37.0063],[27.9172,37.0072],[27.9109,37.0095],[27.9057,37.0121],[27.9047,37.0121],[27.8984,37.0156],[27.8901,37.0183],[27.8839,37.0169],[27.8828,37.0173],[27.8786,37.0169],[27.8661,37.0144],[27.8578,37.0137],[27.8526,37.0127],[27.8432,37.0096],[27.8391,37.0068],[27.8359,37.0057],[27.8286,37.0054],[27.8276,37.0049],[27.8266,37.0053],[27.8245,37.0048],[27.8191,37.0005],[27.8193,37],[27.9995,37],[28,37.0005]]]]}},{"type":"Feature","properties":{"depth":50,"kind":"isobath"},"geometry":{"type":"MultiLineString","coordinates":[[[27.0005,37.805],[27.0047,37.8024],[27.0073,37.7995],[27.0076,37.7984],[27.0085,37.7974],[27.0064,37.7932],[27.0057,37.7901],[27.0045,37.7891],[27.0055,37.788],[27.0068,37.7856],[27.0109,37.7837],[27.0172,37.7825],[27.0182,37.783],[27.0214,37.7827],[27.0234,37.782],[27.0286,37.7813],[27.0349,37.7815],[27.0495,37.7862],[27.062,37.7891],[27.0651,37.7884],[27.0672,37.7886],[27.0682,37.788],[27.0693,37.7883],[27.0714,37.7874],[27.0745,37.7849],[27.0761,37.7818],[27.0765,37.7776],[27.0757,37.7734],[27.0746,37.7724],[27.0745,37.7714],[27.0734,37.7715],[27.0733,37.7703],[27.0651,37.7652],[27.0606,37.763],[27.0563,37.7599],[27.0536,37.7591],[27.0505,37.7558],[27.0443,37.7539],[27.0426,37.7526],[27.0424,37.7516],[27.0432,37.7492],[27.0443,37.7484],[27.0464,37.7479],[27.0505,37.7446],[27.0536,37.7408],[27.0547,37.7417],[27.0557,37.7415],[27.057,37.7422],[27.056,37.7411],[27.0558,37.7391],[27.0578,37.7372],[27.0599,37.7366],[27.0609,37.7378],[27.0693,37.7334],[27.0714,37.7318],[27.0729,37.7297],[27.0753,37.7245],[27.0765,37.7203],[27.0769,37.7161],[27.0753,37.7109],[27.0762,37.7099],[27.0759,37.7078],[27.071,37.7047],[27.071,37.7036],[27.0693,37.7022],[27.0672,37.7023],[27.0661,37.7008],[27.0599,37.6995],[27.0578,37.6979],[27.0536,37.6962],[27.0516,37.6955],[27.0505,37.6959],[27.0493,37.6953],[27.0528,37.6932],[27.0547,37.6927],[27.0568,37.6928],[27.0589,37.6945],[27.0599,37.6942],[27.062,37.695],[27.0672,37.6942],[27.0703,37.6946],[27.0724,37.6932],[27.0766,37.6923],[27.0797,37.6931],[27.0818,37.6923],[27.0822,37.6911],[27.0901,37.6891],[27.0911,37.6883],[27.0982,37.688],[27.1109,37.6906],[27.1224,37.6949],[27.1349,37.6972],[27.1453,37.6997],[27.1495,37.7016],[27.1568,37.7061],[27.1599,37.7073],[27.1651,37.7102],[27.1714,37.7114],[27.1839,37.7152],[27.1932,37.7184],[27.1995,37.7217],[27.2036,37.7231],[27.2085,37.7266],[27.2182,37.7358],[27.2256,37.7401],[27.2297,37.7443],[27.2328,37.7485],[27.2398,37.762],[27.242,37.7714],[27.2418,37.7745],[27.2405,37.7797],[27.2407,37.7839],[27.2422,37.7882],[27.2464,37.7938],[27.2473,37.7995],[27.246,37.8026],[27.2451,37.8036],[27.2432,37.805],[27.2359,37.8084],[27.2307,37.8131],[27.2259,37.8203],[27.2205,37.8307],[27.2166,37.8359],[27.2133,37.8391],[27.2095,37.8484],[27.2039,37.8578],[27.2018,37.863],[27.2013,37.8651],[27.2012,37.8724],[27.2024,37.8745],[27.2062,37.8776],[27.2193,37.885],[27.2245,37.8856],[27.2276,37.8853],[27.2318,37.8835],[27.2349,37.8812],[27.237,37.8807],[27.2422,37.8809],[27.2448,37.8828],[27.2457,37.8849],[27.246,37.888],[27.2445,37.8953],[27.2446,37.8974],[27.2423,37.9026],[27.2416,37.9057],[27.2416,37.9172],[27.2421,37.9193],[27.248,37.9307],[27.2485,37.9328],[27.2482,37.9349],[27.2432,37.9412],[27.2349,37.9474],[27.2276,37.9551],[27.222,37.9589],[27.2208,37.9609],[27.2201,37.9651],[27.2161,37.9673],[27.213,37.9683],[27.2109,37.9683],[27.2068,37.9666],[27.1995,37.9681],[27.1932,37.9677],[27.1911,37.9674],[27.1818,37.9642],[27.1755,37.9607],[27.1751,37.9599],[27.1755,37.9592],[27.1786,37.9574],[27.1796,37.9557],[27.18,37.9526],[27.1794,37.9505],[27.1776,37.9492],[27.1734,37.9478],[27.1712,37.9495],[27.1701,37.9526],[27.171,37.9568],[27.1726,37.9589],[27.1717,37.9599],[27.1661,37.9616],[27.1641,37.9638],[27.162,37.9646],[27.1578,37.9677],[27.1526,37.9694],[27.1422,37.9692],[27.1339,37.9677],[27.1276,37.9677],[27.1245,37.9682],[27.1151,37.9748],[27.1134,37.9766],[27.113,37.9776],[27.112,37.9778],[27.0974,37.9922],[27.0943,37.9946],[27.0911,37.9962],[27.0828,37.9961],[27.0755,37.9969],[27.0714,37.998]],[[27.1943,37.9191],[27.1932,37.9186],[27.1922,37.9188],[27.19,37.9214],[27.1896,37.9245],[27.1898,37.9359],[27.1922,37.9387],[27.1943,37.9397],[27.2026,37.9393],[27.2035,37.938],[27.2032,37.937],[27.1986,37.9286],[27.1963,37.9224]],[[27.2255,37.9047],[27.2245,37.9048],[27.2231,37.9057],[27.2232,37.9068],[27.2255,37.9075],[27.2266,37.9071],[27.2269,37.9057]],[[27.1748,37.3495],[27.1745,37.3499],[27.1735,37.3495],[27.1745,37.3491]],[[27.106,37.3151],[27.1057,37.3155],[27.1057,37.3149]],[[27.4373,37.2693],[27.4399,37.2714],[27.4464,37.2797],[27.4469,37.2807],[27.4453,37.2828],[27.4401,37.2814],[27.4385,37.2807],[27.4377,37.2797],[27.4363,37.2703],[27.4364,37.2693]],[[27.3695,37.2651],[27.369,37.2651],[27.3693,37.2645]],[[27.4335,37.2495],[27.4342,37.2526],[27.433,37.2557],[27.4334,37.2578],[27.4328,37.2585],[27.4318,37.2567],[27.4305,37.2557],[27.4266,37.254],[27.4224,37.2531],[27.421,37.2516],[27.4214,37.2498],[27.4234,37.2489],[27.4297,37.249],[27.4328,37.2486]],[[27.5297,37.1307],[27.5305,37.1318],[27.5297,37.1326],[27.5286,37.1328],[27.5276,37.1323],[27.5276,37.1308]],[[27.5218,37.1297],[27.5224,37.1307],[27.5219,37.1318],[27.5214,37.1319],[27.5199,37.1297],[27.5203,37.129]],[[27.5103,37.1214],[27.5137,37.1224],[27.5172,37.1244],[27.52,37.1276],[27.5201,37.1286],[27.5187,37.1297],[27.5203,37.1307],[27.519,37.1318],[27.5182,37.1318],[27.5172,37.131],[27.5161,37.1319],[27.5151,37.1317],[27.5141,37.1323],[27.513,37.132],[27.512,37.1328],[27.5084,37.1307],[27.5032,37.1266],[27.5011,37.1234],[27.5026,37.1216]],[[27.4564,37.1172],[27.4576,37.1203],[27.457,37.1224],[27.4574,37.1234],[27.4606,37.1297],[27.4642,37.1349],[27.4672,37.1411],[27.4669,37.1422],[27.4687,37.1474],[27.4683,37.1557],[27.4694,37.1609],[27.4706,37.163],[27.4748,37.1682],[27.4765,37.1714],[27.4772,37.1734],[27.4766,37.1766],[27.4727,37.1807],[27.4708,37.1839],[27.47,37.188],[27.472,37.2016],[27.4755,37.2109],[27.4771,37.2214],[27.4797,37.2276],[27.4798,37.2318],[27.4792,37.2328],[27.4795,37.2349],[27.4793,37.2359],[27.4786,37.2362],[27.4714,37.2342],[27.4651,37.2304],[27.4631,37.2297],[27.4599,37.2267],[27.4575,37.2255],[27.4547,37.2257],[27.4484,37.2292],[27.4464,37.2284],[27.4443,37.2257],[27.4422,37.2214],[27.4391,37.213],[27.4371,37.2057],[27.4339,37.1984],[27.4343,37.1964],[27.4359,37.1942],[27.4383,37.1922],[27.4443,37.1887],[27.4459,37.187],[27.4469,37.1849],[27.4469,37.1786],[27.445,37.1682],[27.4465,37.1641],[27.4496,37.1589],[27.4503,37.1557],[27.4495,37.1533],[27.4464,37.1474],[27.4451,37.1432],[27.4472,37.1328],[27.4485,37.1307],[27.4496,37.1276],[27.4516,37.1245],[27.4536,37.1189],[27.4557,37.1166]],[[27.4747,37.1047],[27.4741,37.1047],[27.4745,37.1042]],[[27.4743,37.1036],[27.4734,37.1045],[27.4719,37.1036],[27.4734,37.1027]],[[27.0636,37.0724],[27.0638,37.0734],[27.063,37.0736],[27.0626,37.0724]],[[27.0665,37.0724],[27.0651,37.073],[27.0644,37.0724],[27.0651,37.072]],[[27.1624,37.0516],[27.162,37.0524],[27.1616,37.0516],[27.162,37.0506]],[[27.1627,37.0464],[27.162,37.0469],[27.1616,37.0464],[27.162,37.0458]],[[27.1978,37.0151],[27.1974,37.0156],[27.1974,37.0147]],[[27.0005,37.4954],[27.0016,37.4949],[27.0099,37.4932],[27.0151,37.4904],[27.0195,37.4859],[27.0208,37.4839],[27.0213,37.4807],[27.0224,37.4803],[27.0252,37.4745],[27.0291,37.4714],[27.0296,37.4703],[27.0285,37.4693],[27.0303,37.4682],[27.0291,37.4651],[27.0239,37.4568],[27.0214,37.4503],[27.0193,37.4474],[27.0196,37.4464],[27.0193,37.4459],[27.0161,37.4427],[27.012,37.4402],[27.0068,37.439],[27.0026,37.4373],[27.0024,37.437],[27.0031,37.4359],[27.0015,37.4359]],[[27.0011,37.4276],[27.0011,37.4266]],[[27.0016,37.0494],[27.0047,37.0449],[27.0059,37.0422],[27.0061,37.0391],[27.0074,37.038],[27.0054,37.0359],[27.0042,37.0318],[27.0057,37.0297],[27.0109,37.0282],[27.012,37.0271],[27.0151,37.0258],[27.0182,37.0254],[27.0286,37.0267],[27.0349,37.0269],[27.038,37.0264],[27.0432,37.0241],[27.0464,37.0214],[27.0519,37.0141],[27.0578,37.0099],[27.0609,37.0068],[27.0636,37.0026]],[[27.1676,37.0005],[27.1673,37.0057],[27.168,37.0099],[27.1695,37.012],[27.1702,37.0141],[27.1725,37.0151],[27.1731,37.0161],[27.1746,37.0172],[27.1797,37.0188],[27.1859,37.019],[27.1889,37.0182],[27.1899,37.0161],[27.1911,37.0155],[27.1922,37.0166],[27.1953,37.015],[27.2011,37.0182],[27.2016,37.0195],[27.2026,37.019],[27.2057,37.0201],[27.2141,37.026],[27.2151,37.0258],[27.215,37.0276],[27.2159,37.0297],[27.214,37.0328],[27.213,37.0359],[27.212,37.0352],[27.2109,37.0361],[27.2099,37.0352],[27.2089,37.0362],[27.2078,37.0346],[27.2047,37.034],[27.2036,37.0346],[27.2026,37.0346],[27.2016,37.0338],[27.2021,37.0349],[27.2005,37.0363],[27.1995,37.0353],[27.1984,37.0353],[27.1974,37.0336],[27.1964,37.0335],[27.1932,37.0353],[27.1893,37.0391],[27.1868,37.0453],[27.186,37.0464],[27.1869,37.0474],[27.1863,37.0484],[27.1862,37.0505],[27.1862,37.0516],[27.1871,37.0526],[27.1869,37.0536],[27.1887,37.0547],[27.1885,37.0557],[27.1892,37.0568],[27.1901,37.0579],[27.1911,37.0583],[27.1922,37.0598],[27.1932,37.0588],[27.1974,37.0593],[27.1995,37.0603],[27.2057,37.0603],[27.2068,37.0597],[27.2109,37.0595],[27.2132,37.062],[27.2135,37.063],[27.2135,37.0641],[27.212,37.0644],[27.2117,37.0651],[27.2122,37.0661],[27.212,37.0676],[27.2026,37.072],[27.2016,37.0737],[27.1995,37.0736],[27.1981,37.0745],[27.1964,37.0745],[27.1953,37.074],[27.1939,37.0745],[27.1906,37.0797],[27.19,37.0828],[27.1904,37.087],[27.192,37.0901],[27.1941,37.0922],[27.2016,37.0979],[27.2068,37.1009],[27.2109,37.1018],[27.2182,37.1025],[27.2214,37.1009],[27.2224,37.1013],[27.2234,37.1009],[27.2255,37.1012],[27.2307,37.1032],[27.2349,37.1031],[27.2409,37.1057],[27.2414,37.1078],[27.2409,37.1099],[27.2417,37.112],[27.2405,37.1141],[27.2405,37.1151],[27.2415,37.1224],[27.2415,37.1266],[27.2426,37.1328],[27.2452,37.138],[27.2505,37.1442],[27.2547,37.1466],[27.2589,37.148],[27.263,37.1512],[27.2661,37.1543],[27.2685,37.1557],[27.2703,37.1566],[27.2755,37.1577],[27.2818,37.1577],[27.2859,37.1568],[27.2891,37.1541],[27.2901,37.1539],[27.2933,37.1495],[27.2953,37.1484],[27.2964,37.1494],[27.2974,37.1475],[27.2984,37.1471],[27.3005,37.1475],[27.3016,37.1484],[27.3026,37.1482],[27.3078,37.1523],[27.3095,37.1547],[27.3107,37.162],[27.3123,37.1661],[27.3141,37.1687],[27.3172,37.1709],[27.3182,37.1709],[27.3214,37.1727],[27.3234,37.1721],[27.3255,37.1735],[27.3286,37.1737],[27.3307,37.1731],[27.3318,37.1735],[27.3328,37.1729],[27.3339,37.173],[27.337,37.1743],[27.3383,37.1755],[27.3393,37.1776],[27.3388,37.1786],[27.3392,37.1818],[27.3405,37.1859],[27.3417,37.188],[27.3453,37.1922],[27.3484,37.1939],[27.3536,37.1952],[27.3599,37.1949],[27.3714,37.1908],[27.3839,37.1856],[27.3859,37.1853],[27.388,37.1857],[27.3908,37.188],[27.4011,37.1943],[27.4053,37.1974],[27.4057,37.1984],[27.4054,37.1995],[27.3997,37.2057],[27.3971,37.2099],[27.3959,37.213],[27.3939,37.2214],[27.3938,37.2276],[27.3944,37.2307],[27.3923,37.2318],[27.3901,37.2321],[27.3818,37.232],[27.3734,37.2352],[27.3714,37.2366],[27.3704,37.238],[27.3694,37.2432],[27.3719,37.2516],[27.3749,37.2557],[27.388,37.266],[27.3922,37.2685],[27.3964,37.27],[27.4036,37.271],[27.4067,37.2724],[27.4097,37.2766],[27.4097,37.2797],[27.4089,37.2821],[27.4076,37.2839],[27.4047,37.2849],[27.4026,37.2849],[27.3964,37.2811],[27.3911,37.2798],[27.387,37.2744],[27.3853,37.2714],[27.3828,37.2684],[27.3807,37.2668],[27.3776,37.2654],[27.3766,37.2657],[27.3755,37.2647],[27.3693,37.2639],[27.3682,37.2647],[27.3661,37.2651],[27.3615,37.2672],[27.3589,37.2693],[27.3536,37.271],[27.3505,37.273],[27.3484,37.2747],[27.348,37.2755],[27.3484,37.2766],[27.3469,37.2776],[27.3464,37.2794],[27.3458,37.2797],[27.3459,37.2807],[27.3449,37.2818],[27.3443,37.287],[27.347,37.2891],[27.3526,37.2957],[27.3564,37.3026],[27.3565,37.3036],[27.3548,37.3047],[27.3495,37.3074],[27.3484,37.3076],[27.3474,37.3073],[27.3438,37.3047],[27.3432,37.3036],[27.3409,37.2953],[27.3398,37.288],[27.3346,37.2734],[27.3314,37.262],[27.3312,37.2599],[27.3342,37.2516],[27.3334,37.2464],[27.3355,37.2432],[27.336,37.2411],[27.3349,37.2392],[27.3328,37.2389],[27.331,37.2401],[27.3309,37.2411],[27.3319,37.2432],[27.3307,37.2435],[27.3286,37.2427],[27.3276,37.2432],[27.3253,37.2474],[27.3246,37.2516],[27.3257,37.2568],[27.3253,37.263],[27.3247,37.2651],[27.3201,37.2734],[27.3191,37.2818],[27.3195,37.2901],[27.3189,37.2922],[27.3172,37.2939],[27.312,37.2958],[27.3036,37.2978],[27.2967,37.3016],[27.2892,37.3078],[27.2848,37.313],[27.2797,37.3168],[27.2776,37.3168],[27.2689,37.3141],[27.2599,37.3123],[27.2484,37.3123],[27.2359,37.3133],[27.2109,37.3197],[27.1953,37.3221],[27.1932,37.3233],[27.1902,37.3266],[27.1798,37.3349],[27.1765,37.338],[27.1748,37.3411],[27.1739,37.3432],[27.1734,37.3464],[27.1738,37.3484],[27.1734,37.3495],[27.1746,37.3516],[27.1744,37.3536],[27.176,37.3599],[27.1789,37.3672],[27.1885,37.3807],[27.191,37.3859],[27.1913,37.388],[27.191,37.3911],[27.188,37.3984],[27.1877,37.4005],[27.1879,37.4036],[27.1905,37.4109],[27.1883,37.4214],[27.1894,37.4245],[27.1953,37.4293],[27.1964,37.4307],[27.197,37.4359],[27.1966,37.4453],[27.1943,37.4474],[27.1901,37.4492],[27.1745,37.4511],[27.1714,37.4522],[27.1672,37.4547],[27.163,37.4582],[27.1611,37.4609],[27.1598,37.4641],[27.1582,37.4714],[27.1568,37.4741],[27.1547,37.4762],[27.1494,37.4797],[27.1451,37.4849],[27.1439,37.488],[27.1438,37.4901],[27.146,37.4974],[27.1453,37.5016],[27.1441,37.5036],[27.1371,37.5099],[27.135,37.513],[27.1337,37.5161],[27.1335,37.5193],[27.1353,37.5255],[27.1352,37.5276],[27.1334,37.5297],[27.1276,37.5336],[27.1253,37.5359],[27.1219,37.5443],[27.1173,37.5536],[27.1161,37.563],[27.115,37.5661],[27.1122,37.5703],[27.1048,37.5776],[27.1026,37.5828],[27.1021,37.5859],[27.1054,37.6016],[27.1047,37.6057],[27.1048,37.6099],[27.1026,37.6121],[27.0992,37.6141],[27.0974,37.6161],[27.0891,37.621],[27.0839,37.6217],[27.063,37.6228],[27.0536,37.625],[27.0453,37.6287],[27.0297,37.633],[27.0245,37.6331],[27.0161,37.6322],[27.0099,37.6327],[27.0005,37.6328]],[[27.1026,37.2452],[27.0995,37.2446],[27.0964,37.2449],[27.0932,37.2459],[27.0913,37.2474],[27.0904,37.2495],[27.0903,37.2526],[27.0869,37.2557],[27.0859,37.2579],[27.0828,37.2597],[27.0804,37.262],[27.0732,37.2672],[27.0706,37.2703],[27.0686,37.2745],[27.0684,37.2766],[27.0674,37.2776],[27.0674,37.2786],[27.0666,37.2807],[27.0667,37.2828],[27.0657,37.2849],[27.0649,37.2891],[27.0647,37.2932],[27.0662,37.3016],[27.0678,37.3047],[27.073,37.3109],[27.0732,37.312],[27.0754,37.3151],[27.0786,37.3181],[27.0828,37.3208],[27.0849,37.3215],[27.0901,37.3224],[27.0932,37.3224],[27.0943,37.3212],[27.0953,37.3218],[27.0968,37.3214],[27.1016,37.3184],[27.1057,37.3166],[27.1068,37.3154],[27.1089,37.3147],[27.1135,37.3099],[27.1151,37.3068],[27.1149,37.3057],[27.1159,37.3036],[27.116,37.3005],[27.1153,37.2974],[27.1161,37.2964],[27.1156,37.2922],[27.1158,37.2901],[27.1171,37.287],[27.117,37.2839],[27.1175,37.2818],[27.117,37.2797],[27.1174,37.2776],[27.1161,37.2756],[27.1154,37.2724],[27.1135,37.2703],[27.112,37.2677],[27.1086,37.2641],[27.107,37.2609],[27.1034,37.2557],[27.1033,37.2547],[27.1057,37.2516],[27.106,37.2495],[27.1047,37.2465]],[[27.0859,37.04],[27.0807,37.0399],[27.0766,37.0407],[27.0745,37.0416],[27.072,37.0432],[27.0682,37.048],[27.0643,37.0516],[27.0621,37.0547],[27.0599,37.0609],[27.0596,37.0672],[27.0603,37.0682],[27.0598,37.0693],[27.0601,37.0703],[27.0623,37.0714],[27.062,37.0719],[27.0589,37.072],[27.0578,37.0727],[27.0554,37.0776],[27.0546,37.0828],[27.055,37.087],[27.0559,37.0901],[27.0578,37.0931],[27.0609,37.0954],[27.0661,37.0965],[27.0672,37.0964],[27.0682,37.0953],[27.0693,37.0964],[27.0703,37.0954],[27.0714,37.0951],[27.0724,37.0938],[27.0734,37.094],[27.0766,37.0913],[27.0783,37.0891],[27.0789,37.087],[27.0801,37.0859],[27.0791,37.0849],[27.0802,37.0839],[27.0782,37.0818],[27.0782,37.0797],[27.0776,37.0786],[27.0774,37.0776],[27.0783,37.0766],[27.0797,37.0764],[27.0818,37.0783],[27.0828,37.0782],[27.0839,37.0789],[27.0849,37.0789],[27.0953,37.0754],[27.1016,37.0742],[27.1133,37.0693],[27.1161,37.0666],[27.1193,37.0622],[27.1179,37.0609],[27.1176,37.0599],[27.1173,37.0547],[27.115,37.0505],[27.1146,37.0484],[27.113,37.0464],[27.1109,37.0452],[27.0922,37.0421]],[[27.1526,37.0349],[27.1505,37.0343],[27.1453,37.0341],[27.1422,37.0347],[27.1391,37.0359],[27.137,37.0375],[27.1359,37.0391],[27.1349,37.0443],[27.1336,37.0464],[27.1364,37.0484],[27.1366,37.0495],[27.1359,37.0516],[27.1369,37.0547],[27.1359,37.0557],[27.1364,37.0557],[27.137,37.0548],[27.1397,37.0589],[27.1395,37.0599],[27.1411,37.0613],[27.1443,37.0628],[27.1464,37.0633],[27.1516,37.0632],[27.1527,37.063],[27.1536,37.0619],[27.1557,37.0619],[27.1578,37.0603],[27.1588,37.0589],[27.1589,37.0574],[27.1599,37.0579],[27.1609,37.0571],[27.1617,37.0557],[27.1613,37.0547],[27.1623,37.0536],[27.1621,37.0526],[27.1636,37.0516],[27.1636,37.0484],[27.1626,37.0474],[27.1637,37.0464],[27.1627,37.0453],[27.1626,37.0443],[27.1602,37.0422],[27.1609,37.041],[27.1599,37.0415],[27.1589,37.0391],[27.1557,37.0366]],[[27.9932,37.0122],[27.9911,37.0134],[27.9901,37.0127],[27.9839,37.0123],[27.9734,37.0072],[27.9599,37.004],[27.9505,37.0029],[27.9359,37.003],[27.9307,37.0037],[27.9245,37.0063],[27.9172,37.0072],[27.9109,37.0095],[27.9057,37.0121],[27.9047,37.0121],[27.8984,37.0156],[27.8901,37.0183],[27.8839,37.0169],[27.8828,37.0173],[27.8786,37.0169],[27.8661,37.0144],[27.8578,37.0137],[27.8526,37.0127],[27.8432,37.0096],[27.8391,37.0068],[27.8359,37.0057],[27.8286,37.0054],[27.8276,37.0049],[27.8266,37.0053],[27.8245,37.0048],[27.8191,37.0005]]]}},{"type":"Feature","properties":{"depth":75,"kind":"band"},"geometry":{"type":"MultiPolygon","coordinates":[[[[27.0577,37.7411],[27.0566,37.7411],[27.0568,37.7408],[27.0577,37.7411]]],[[[27.0764,37.7068],[27.0752,37.7068],[27.0755,37.7058],[27.0764,37.7068]]],[[[27.0991,37.6911],[27.112,37.6938],[27.1224,37.6978],[27.1339,37.7],[27.1432,37.7023],[27.1474,37.7041],[27.1557,37.7089],[27.1568,37.7101],[27.1605,37.712],[27.163,37.7144],[27.1661,37.7157],[27.1724,37.717],[27.1922,37.7234],[27.1974,37.726],[27.2027,37.7297],[27.2058,37.7328],[27.2126,37.7443],[27.215,37.7474],[27.2172,37.7538],[27.2211,37.7609],[27.2249,37.7661],[27.2273,37.7714],[27.2282,37.7755],[27.2283,37.7818],[27.2278,37.7891],[27.2263,37.7943],[27.2258,37.8005],[27.2226,37.8068],[27.2165,37.8161],[27.2121,37.8255],[27.2071,37.8318],[27.201,37.8432],[27.1964,37.8479],[27.1907,37.8526],[27.1792,37.8599],[27.1752,37.863],[27.1738,37.8651],[27.173,37.8682],[27.1734,37.8717],[27.1745,37.8735],[27.1807,37.8792],[27.1826,37.8818],[27.1852,37.888],[27.1855,37.8932],[27.1848,37.8953],[27.1808,37.9016],[27.1755,37.9082],[27.1714,37.9119],[27.1682,37.914],[27.162,37.9168],[27.1557,37.9178],[27.1538,37.9193],[27.1524,37.9214],[27.1522,37.9234],[27.1536,37.9263],[27.1557,37.9282],[27.1613,37.9307],[27.1625,37.9328],[27.1631,37.9349],[27.1609,37.9391],[27.1557,37.9436],[27.1539,37.9474],[27.1543,37.9516],[27.1566,37.9557],[27.1577,37.9589],[27.1578,37.9599],[27.1572,37.9609],[27.1547,37.9625],[27.1526,37.9633],[27.1495,37.9635],[27.1411,37.9629],[27.1382,37.962],[27.1349,37.9578],[27.1307,37.9547],[27.1266,37.9535],[27.1234,37.9537],[27.1172,37.9571],[27.112,37.962],[27.1054,37.9724],[27.1036,37.9741],[27.1016,37.9745],[27.0984,37.9713],[27.0953,37.9694],[27.0943,37.9689],[27.0924,37.9693],[27.09,37.9724],[27.0871,37.9776],[27.0776,37.9867],[27.0703,37.991],[27.0651,37.9933],[27.0547,38],[27.0005,38],[27,37.9995],[27,37.8089],[27.0005,37.808],[27.0057,37.8053],[27.0102,37.7995],[27.0095,37.7964],[27.0086,37.7953],[27.009,37.7932],[27.0085,37.7922],[27.0087,37.7901],[27.0093,37.7891],[27.0092,37.788],[27.0099,37.787],[27.012,37.786],[27.0161,37.7862],[27.0182,37.7853],[27.0286,37.7841],[27.0328,37.7841],[27.037,37.7851],[27.0484,37.7893],[27.063,37.7935],[27.0703,37.7933],[27.0734,37.792],[27.0745,37.7921],[27.0776,37.789],[27.0796,37.7859],[27.0802,37.7807],[27.0798,37.7755],[27.0783,37.7714],[27.0745,37.7678],[27.0547,37.7555],[27.0526,37.7548],[27.0516,37.7535],[27.0478,37.7516],[27.0472,37.7505],[27.048,37.7495],[27.0495,37.7491],[27.0526,37.7469],[27.054,37.7443],[27.0547,37.7437],[27.0557,37.7438],[27.0578,37.7422],[27.058,37.7411],[27.0609,37.7396],[27.0631,37.7401],[27.0637,37.7391],[27.0682,37.7371],[27.0724,37.7347],[27.0741,37.7328],[27.0765,37.7286],[27.0793,37.7203],[27.0796,37.7151],[27.0782,37.7099],[27.0784,37.7089],[27.0768,37.7078],[27.0766,37.7068],[27.0732,37.7026],[27.0731,37.7005],[27.0724,37.6984],[27.0734,37.6969],[27.0745,37.6964],[27.0786,37.6962],[27.0797,37.6951],[27.0828,37.695],[27.0849,37.6935],[27.0922,37.6911],[27.0991,37.6911]]],[[[27.019,37.5026],[27.0196,37.5047],[27.0232,37.5068],[27.0235,37.5078],[27.0225,37.513],[27.0232,37.5151],[27.0249,37.5172],[27.0286,37.5199],[27.031,37.5224],[27.0325,37.5266],[27.0329,37.5297],[27.0325,37.5318],[27.0286,37.5361],[27.0235,37.5391],[27.0224,37.5402],[27.0212,37.5422],[27.0203,37.5453],[27.019,37.5474],[27.0193,37.5487],[27.0214,37.549],[27.0224,37.5482],[27.0266,37.5477],[27.0273,37.5484],[27.0275,37.5495],[27.0266,37.55],[27.0234,37.5497],[27.0226,37.5505],[27.0227,37.5516],[27.0234,37.5523],[27.0255,37.5528],[27.0266,37.5524],[27.0279,37.5505],[27.0349,37.5496],[27.0401,37.5479],[27.0682,37.5479],[27.0693,37.5484],[27.0695,37.5495],[27.0686,37.5516],[27.0693,37.5522],[27.0724,37.5519],[27.0734,37.5524],[27.076,37.5547],[27.0776,37.5578],[27.0768,37.5609],[27.0753,37.563],[27.0734,37.5645],[27.0724,37.5645],[27.0699,37.563],[27.0672,37.5621],[27.0651,37.5606],[27.0641,37.5606],[27.0623,37.562],[27.0586,37.563],[27.0526,37.5662],[27.0484,37.5704],[27.0422,37.574],[27.0401,37.5747],[27.0349,37.5748],[27.0318,37.5736],[27.0311,37.5724],[27.0313,37.5693],[27.0307,37.5676],[27.0295,37.5661],[27.0266,37.5644],[27.0245,37.5641],[27.0224,37.5649],[27.019,37.5682],[27.0186,37.5703],[27.0185,37.5797],[27.0193,37.582],[27.0276,37.5855],[27.0349,37.5853],[27.0374,37.587],[27.041,37.588],[27.0443,37.5897],[27.0516,37.5895],[27.0568,37.5911],[27.0578,37.5917],[27.0589,37.5932],[27.0607,37.5995],[27.0606,37.6016],[27.0601,37.6026],[27.0505,37.6122],[27.0477,37.6193],[27.0464,37.6214],[27.0445,37.6224],[27.0411,37.6231],[27.038,37.6245],[27.0339,37.6249],[27.0304,37.6266],[27.0286,37.6268],[27.0245,37.6268],[27.0224,37.6261],[27.0171,37.6255],[27.0146,37.6245],[27.0141,37.6218],[27.012,37.6207],[27.0078,37.6205],[27.0026,37.6215],[27,37.6214],[27,37.5057],[27.0005,37.5052],[27.0047,37.5044],[27.012,37.5016],[27.0151,37.5022],[27.0172,37.5016],[27.019,37.5026]],[[27.0161,37.5043],[27.0151,37.504],[27.0144,37.5047],[27.0144,37.5057],[27.0151,37.5066],[27.0176,37.5078],[27.0184,37.5099],[27.0193,37.5107],[27.0203,37.5107],[27.0211,37.5099],[27.0203,37.5081],[27.0182,37.5057],[27.0161,37.5043]]],[[[27.1225,37.4099],[27.1225,37.4109],[27.1211,37.4109],[27.1212,37.4099],[27.1225,37.4099]]],[[[27.1557,37.3557],[27.1562,37.3568],[27.1555,37.3578],[27.1526,37.3602],[27.1512,37.3599],[27.1508,37.3589],[27.1514,37.3568],[27.1536,37.3557],[27.1557,37.3557]]],[[[27.0704,37.3203],[27.0725,37.3224],[27.0724,37.3232],[27.0703,37.3236],[27.0685,37.3224],[27.0693,37.3199],[27.0704,37.3203]]],[[[27.167,37.2922],[27.1682,37.2932],[27.1672,37.2942],[27.1651,37.2939],[27.1644,37.2932],[27.1651,37.2918],[27.1661,37.2917],[27.167,37.2922]]],[[[27.0017,37.287],[27.0021,37.2891],[27.0005,37.2894],[27,37.2891],[27,37.288],[27.0016,37.2865],[27.0017,37.287]]],[[[27.3581,37.2641],[27.3578,37.2644],[27.3568,37.2641],[27.3578,37.2632],[27.3581,37.2641]]],[[[27.3628,37.2547],[27.3671,37.2578],[27.3663,37.2589],[27.3641,37.2594],[27.363,37.2611],[27.3613,37.2609],[27.3604,37.262],[27.3578,37.2629],[27.3536,37.2663],[27.3516,37.2659],[27.3464,37.2676],[27.3453,37.2676],[27.3443,37.2663],[27.3438,37.2641],[27.3447,37.2609],[27.3464,37.2585],[27.3495,37.2559],[27.3526,37.2545],[27.3557,37.2538],[27.3599,37.2537],[27.3628,37.2547]]],[[[27.4574,37.1911],[27.4594,37.1932],[27.461,37.1964],[27.4617,37.1995],[27.4622,37.2057],[27.4617,37.2078],[27.4601,37.2099],[27.4578,37.2113],[27.4557,37.2116],[27.4526,37.2101],[27.4505,37.208],[27.4475,37.2026],[27.4472,37.2005],[27.4483,37.1974],[27.4505,37.1951],[27.4557,37.191],[27.4574,37.1911]]],[[[27.459,37.1714],[27.4602,37.1724],[27.4603,37.1734],[27.4598,37.1745],[27.4578,37.1762],[27.4567,37.1755],[27.4563,37.1734],[27.4565,37.1724],[27.4578,37.1712],[27.459,37.1714]]],[[[27.456,37.1339],[27.4597,37.1401],[27.4589,37.1421],[27.4568,37.1437],[27.4557,37.1435],[27.4547,37.1426],[27.452,37.138],[27.4524,37.1359],[27.4536,37.1342],[27.4557,37.1335],[27.456,37.1339]]],[[[27.5124,37.1266],[27.5138,37.1276],[27.513,37.1284],[27.512,37.1276],[27.5117,37.1266],[27.5124,37.1266]]],[[[27.0753,37.0974],[27.0745,37.0981],[27.074,37.0974],[27.0745,37.097],[27.0753,37.0974]]],[[[27.2001,37.0672],[27.1995,37.0677],[27.1984,37.0674],[27.1964,37.0681],[27.1955,37.0672],[27.1974,37.0665],[27.1984,37.0669],[27.1995,37.0666],[27.2001,37.0672]]],[[[27.1612,37.062],[27.1609,37.0624],[27.1607,37.062],[27.1612,37.062]]],[[[27.1639,37.062],[27.163,37.063],[27.163,37.0617],[27.1639,37.062]]],[[[27.1986,37.062],[27.1988,37.063],[27.2005,37.0642],[27.2016,37.0641],[27.2039,37.0651],[27.2016,37.0664],[27.2005,37.0658],[27.1984,37.0657],[27.1974,37.0648],[27.1964,37.0654],[27.1953,37.0644],[27.1953,37.0639],[27.1964,37.064],[27.1978,37.063],[27.1964,37.0622],[27.1953,37.0622],[27.1953,37.0618],[27.1986,37.062]]],[[[27.1209,37.0599],[27.1203,37.0603],[27.1203,37.0597],[27.1209,37.0599]]],[[[27.1689,37.0516],[27.1682,37.0523],[27.1678,37.0516],[27.1682,37.0509],[27.1689,37.0516]]],[[[27.1351,37.0328],[27.1342,37.0328],[27.1349,37.0319],[27.1351,37.0328]]],[[[27.1615,37.0005],[27.1623,37.0026],[27.1616,37.0036],[27.1622,37.0047],[27.1622,37.0057],[27.162,37.0061],[27.1609,37.0057],[27.1613,37.0068],[27.1615,37.012],[27.163,37.0148],[27.1654,37.0161],[27.1648,37.0172],[27.1682,37.0206],[27.1693,37.0208],[27.1703,37.0219],[27.1734,37.0235],[27.1745,37.0232],[27.1776,37.0246],[27.1786,37.0243],[27.1818,37.0253],[27.188,37.0253],[27.1922,37.0238],[27.1932,37.0229],[27.1953,37.0231],[27.1967,37.0245],[27.1966,37.0266],[27.1953,37.0276],[27.1943,37.0271],[27.1911,37.029],[27.1858,37.0339],[27.1839,37.0371],[27.1828,37.0413],[27.1811,37.0432],[27.1815,37.0443],[27.1808,37.0453],[27.1818,37.0464],[27.1805,37.0484],[27.181,37.0495],[27.1806,37.0505],[27.1812,37.0536],[27.1822,37.0547],[27.1828,37.0571],[27.1854,37.0599],[27.1853,37.0609],[27.1859,37.0611],[27.187,37.0631],[27.1891,37.0655],[27.1915,37.0672],[27.1921,37.0682],[27.1903,37.0703],[27.1884,37.0714],[27.1859,37.0739],[27.1834,37.0755],[27.1812,37.0786],[27.1803,37.0828],[27.1806,37.087],[27.181,37.0891],[27.1825,37.0911],[27.1859,37.0941],[27.187,37.094],[27.1882,37.0953],[27.1974,37.1018],[27.1995,37.1024],[27.2016,37.1042],[27.2047,37.106],[27.212,37.1079],[27.2182,37.1086],[27.2255,37.1084],[27.2328,37.1103],[27.2341,37.112],[27.2371,37.1339],[27.2395,37.1391],[27.2427,37.1443],[27.2462,37.1484],[27.2505,37.1514],[27.2557,37.1531],[27.2575,37.1547],[27.2589,37.1599],[27.2599,37.1616],[27.262,37.1631],[27.2651,37.1648],[27.2682,37.1658],[27.2818,37.1689],[27.2859,37.1689],[27.288,37.1698],[27.2891,37.1695],[27.2909,37.1651],[27.2984,37.1555],[27.2995,37.1547],[27.3016,37.1551],[27.3026,37.1555],[27.3038,37.1568],[27.305,37.1651],[27.3057,37.1667],[27.3079,37.1693],[27.3077,37.1703],[27.3089,37.1724],[27.3107,37.1745],[27.3172,37.1782],[27.3203,37.1783],[27.3234,37.1799],[27.3266,37.1809],[27.3286,37.1802],[27.3295,37.1807],[27.3266,37.1828],[27.3234,37.1838],[27.3182,37.1845],[27.3141,37.1842],[27.3078,37.1822],[27.3036,37.1796],[27.2984,37.1752],[27.2943,37.1731],[27.2922,37.1726],[27.2859,37.1725],[27.2849,37.1735],[27.2829,37.1776],[27.2801,37.1807],[27.2766,37.1907],[27.2755,37.1919],[27.2734,37.193],[27.2726,37.1953],[27.2727,37.1974],[27.2734,37.1986],[27.2797,37.2023],[27.2837,37.2057],[27.2848,37.2078],[27.2862,37.213],[27.2876,37.2161],[27.2908,37.2203],[27.2942,37.2234],[27.2997,37.2307],[27.3049,37.2401],[27.3085,37.2495],[27.312,37.2641],[27.3108,37.2766],[27.3106,37.2839],[27.31,37.287],[27.3089,37.2892],[27.3059,37.2911],[27.2943,37.2944],[27.2891,37.2953],[27.2807,37.2955],[27.2745,37.2945],[27.2703,37.2922],[27.2688,37.2901],[27.2688,37.2891],[27.2698,37.287],[27.2747,37.2807],[27.2753,37.2776],[27.2745,37.275],[27.2714,37.2712],[27.2679,37.2682],[27.2641,37.2673],[27.2599,37.2675],[27.2505,37.2708],[27.2484,37.2722],[27.2477,37.2734],[27.2467,37.2766],[27.2458,37.2828],[27.246,37.287],[27.2479,37.2891],[27.2474,37.2896],[27.2443,37.2894],[27.2422,37.2907],[27.2391,37.2912],[27.2224,37.2911],[27.2172,37.2895],[27.2026,37.2896],[27.1995,37.2903],[27.1984,37.29],[27.1965,37.288],[27.1953,37.2875],[27.1922,37.2874],[27.1908,37.288],[27.1894,37.2901],[27.1891,37.2923],[27.1901,37.294],[27.2099,37.2936],[27.213,37.2915],[27.2151,37.292],[27.2152,37.2932],[27.2119,37.2943],[27.21,37.2984],[27.2054,37.3026],[27.1901,37.3061],[27.1818,37.3061],[27.1797,37.3074],[27.1776,37.31],[27.1755,37.311],[27.1661,37.3107],[27.1653,37.3109],[27.1682,37.3125],[27.1724,37.3114],[27.1734,37.3125],[27.1732,37.3141],[27.1714,37.3152],[27.1682,37.3144],[27.1599,37.3145],[27.1589,37.3152],[27.1568,37.3184],[27.1557,37.3184],[27.1555,37.3172],[27.1559,37.3151],[27.1568,37.3143],[27.1589,37.3135],[27.1605,37.3109],[27.1602,37.3068],[27.1609,37.3061],[27.162,37.3061],[27.1636,37.3078],[27.1641,37.3095],[27.1644,37.3026],[27.165,37.3016],[27.1684,37.2984],[27.1693,37.2953],[27.1703,37.2944],[27.1724,37.2941],[27.1732,37.2932],[27.1738,37.2911],[27.1735,37.2901],[27.1714,37.2894],[27.1651,37.2899],[27.1609,37.2873],[27.1578,37.287],[27.1516,37.2881],[27.1474,37.2897],[27.1432,37.2898],[27.1401,37.2934],[27.1359,37.2937],[27.1318,37.2952],[27.1245,37.2928],[27.1234,37.2922],[27.123,37.2911],[27.1244,37.2797],[27.1229,37.2734],[27.1193,37.2663],[27.1127,37.2589],[27.1123,37.2578],[27.1135,37.2568],[27.1144,37.2547],[27.1145,37.2516],[27.1124,37.2464],[27.1105,37.2432],[27.1068,37.2401],[27.1026,37.2393],[27.0911,37.2411],[27.087,37.2426],[27.0839,37.2453],[27.0825,37.2474],[27.0819,37.2495],[27.0818,37.2526],[27.0812,37.2536],[27.0677,37.2641],[27.0633,37.2703],[27.0614,37.2755],[27.0612,37.2786],[27.0595,37.2839],[27.0584,37.2932],[27.0592,37.3016],[27.0622,37.3089],[27.0668,37.3141],[27.0682,37.319],[27.0661,37.3191],[27.0641,37.3184],[27.0609,37.3149],[27.0599,37.3144],[27.0536,37.3148],[27.0512,37.3141],[27.0505,37.313],[27.0495,37.3085],[27.0478,37.3057],[27.0481,37.3026],[27.0474,37.3016],[27.0401,37.298],[27.0391,37.298],[27.038,37.2988],[27.0373,37.3026],[27.0353,37.3068],[27.0355,37.3141],[27.0338,37.3172],[27.0333,37.3193],[27.0334,37.3276],[27.0356,37.3318],[27.0353,37.3349],[27.0357,37.3359],[27.037,37.3371],[27.0391,37.3378],[27.0432,37.3377],[27.0484,37.3396],[27.0547,37.3397],[27.0568,37.3395],[27.0599,37.3384],[27.0641,37.3357],[27.0661,37.3351],[27.0766,37.3354],[27.0786,37.3358],[27.0808,37.337],[27.0824,37.3391],[27.0839,37.3432],[27.0831,37.3495],[27.0837,37.3589],[27.0842,37.3609],[27.0906,37.3703],[27.0932,37.3765],[27.1184,37.4016],[27.1191,37.4036],[27.119,37.4141],[27.1172,37.417],[27.1159,37.4214],[27.1116,37.4255],[27.1102,37.4276],[27.1106,37.4339],[27.1099,37.4361],[27.1078,37.4364],[27.1059,37.4349],[27.1059,37.4339],[27.1072,37.4318],[27.1068,37.4315],[27.1026,37.4314],[27.0964,37.4286],[27.0932,37.4284],[27.0849,37.4293],[27.0807,37.4315],[27.0797,37.4316],[27.0734,37.4311],[27.0724,37.4316],[27.0668,37.437],[27.0599,37.4396],[27.0557,37.4397],[27.0505,37.4418],[27.0484,37.4432],[27.0474,37.4448],[27.0451,37.4526],[27.0443,37.4537],[27.0411,37.4558],[27.0391,37.4562],[27.0297,37.4537],[27.0286,37.4524],[27.0249,37.4422],[27.0214,37.4374],[27.0182,37.4355],[27.013,37.4336],[27.0089,37.4331],[27.0078,37.4322],[27.0074,37.4307],[27.0075,37.4224],[27.0053,37.4172],[27.0029,37.4141],[27,37.412],[27,37.3349],[27.0005,37.3341],[27.0026,37.3357],[27.0047,37.3359],[27.0089,37.3338],[27.0124,37.3328],[27.0176,37.3286],[27.0186,37.3276],[27.0186,37.3266],[27.0036,37.3116],[27.0016,37.3102],[27,37.3099],[27,37.3047],[27.0005,37.3046],[27.0022,37.3016],[27.0023,37.2901],[27.0026,37.2896],[27.0041,37.2901],[27.0035,37.2911],[27.0038,37.2932],[27.0047,37.294],[27.0057,37.294],[27.0078,37.2915],[27.0102,37.2901],[27.0101,37.2891],[27.0077,37.288],[27.0057,37.2852],[27.0036,37.2847],[27.0028,37.2839],[27.0023,37.2818],[27.0005,37.2806],[27,37.2797],[27,37.0578],[27.0026,37.0557],[27.0078,37.0501],[27.0099,37.0464],[27.011,37.0432],[27.0113,37.0401],[27.0099,37.0359],[27.0115,37.0349],[27.0115,37.0339],[27.013,37.0322],[27.0172,37.0307],[27.0307,37.0323],[27.038,37.032],[27.046,37.0286],[27.0488,37.0266],[27.0516,37.0237],[27.0557,37.0176],[27.062,37.0131],[27.0651,37.0102],[27.0675,37.0068],[27.0703,37],[27.1609,37],[27.1615,37.0005]],[[27.0359,37.4335],[27.0339,37.433],[27.0307,37.4333],[27.0291,37.4339],[27.0266,37.4358],[27.0255,37.4359],[27.0234,37.4348],[27.0232,37.4359],[27.028,37.4401],[27.0349,37.4419],[27.0359,37.4417],[27.037,37.4408],[27.0379,37.438],[27.0374,37.4349],[27.0359,37.4335]],[[27.087,37.0347],[27.0797,37.0343],[27.0776,37.0345],[27.0766,37.0361],[27.0745,37.0354],[27.0724,37.0364],[27.0682,37.0393],[27.0599,37.0483],[27.0577,37.0516],[27.0573,37.0536],[27.0554,37.0578],[27.0557,37.0589],[27.0551,37.0599],[27.0548,37.062],[27.0557,37.0703],[27.0526,37.0713],[27.051,37.0734],[27.0495,37.0786],[27.0499,37.0807],[27.0493,37.0828],[27.05,37.0839],[27.0496,37.0859],[27.0499,37.088],[27.0506,37.0891],[27.0501,37.0901],[27.0503,37.0911],[27.0516,37.0922],[27.0526,37.0943],[27.0524,37.0953],[27.0536,37.0951],[27.0538,37.0964],[27.0568,37.0988],[27.0589,37.099],[27.0599,37.1005],[27.0609,37.1004],[27.0641,37.1018],[27.0682,37.1018],[27.0693,37.1017],[27.0703,37.1009],[27.0714,37.1014],[27.0751,37.0995],[27.0748,37.0984],[27.0755,37.0976],[27.0766,37.0981],[27.0829,37.0922],[27.0841,37.0891],[27.0834,37.0859],[27.0839,37.0849],[27.0859,37.0838],[27.0922,37.0821],[27.0974,37.0801],[27.1016,37.0796],[27.1047,37.0786],[27.1151,37.0745],[27.1167,37.0734],[27.1172,37.0723],[27.1182,37.0719],[27.1216,37.0682],[27.1238,37.0641],[27.1224,37.0625],[27.121,37.062],[27.1217,37.0609],[27.1209,37.0589],[27.1219,37.0578],[27.1217,37.0547],[27.1204,37.0536],[27.1215,37.0526],[27.1188,37.0474],[27.1187,37.0453],[27.1173,37.0432],[27.1174,37.0422],[27.1161,37.0425],[27.1141,37.0407],[27.1078,37.039],[27.0943,37.0369],[27.087,37.0347]],[[27.1526,37.0284],[27.1516,37.0288],[27.1495,37.0282],[27.1474,37.0287],[27.1464,37.0281],[27.1453,37.0289],[27.1443,37.0284],[27.1432,37.0289],[27.1422,37.0288],[27.1417,37.0297],[27.1419,37.0307],[27.1411,37.031],[27.1391,37.0294],[27.138,37.0297],[27.1349,37.0316],[27.1325,37.0339],[27.13,37.038],[27.1303,37.0391],[27.1295,37.0401],[27.1295,37.0411],[27.1314,37.0453],[27.1341,37.0484],[27.132,37.0516],[27.1318,37.0526],[27.1361,37.0568],[27.1359,37.0584],[27.1339,37.0596],[27.1331,37.0609],[27.1346,37.062],[27.1349,37.0634],[27.138,37.0668],[27.1443,37.0696],[27.1484,37.0697],[27.1495,37.0691],[27.1557,37.0686],[27.1598,37.0661],[27.1599,37.0649],[27.1609,37.0654],[27.1617,37.0651],[27.1615,37.063],[27.162,37.0627],[27.163,37.063],[27.1651,37.0614],[27.1654,37.0599],[27.1664,37.0589],[27.1658,37.0578],[27.1672,37.0568],[27.1661,37.0556],[27.1672,37.0554],[27.1687,37.0557],[27.1676,37.0536],[27.1697,37.0516],[27.1694,37.0484],[27.1686,37.0464],[27.169,37.0453],[27.1663,37.0401],[27.1661,37.0388],[27.1651,37.038],[27.1641,37.0361],[27.1589,37.0317],[27.1557,37.0297],[27.1526,37.0284]]],[[[27.1631,37.0005],[27.1627,37.0005],[27.163,37],[27.1631,37.0005]]],[[[27.9165,37.0005],[27.9143,37.0026],[27.9068,37.0061],[27.8995,37.0108],[27.8922,37.0142],[27.887,37.0147],[27.8828,37.014],[27.8766,37.0141],[27.8651,37.0121],[27.8568,37.0114],[27.8464,37.0084],[27.8391,37.0046],[27.8339,37.0034],[27.8276,37.0032],[27.8227,37.0005],[27.8234,37],[27.9161,37],[27.9165,37.0005]]],[[[28,37.0005],[28,37.0047],[27.9995,37.0054],[27.988,37.0067],[27.9849,37.0062],[27.9807,37.0034],[27.973,37.0005],[27.9734,37],[27.9995,37],[28,37.0005]]]]}},{"type":"Feature","properties":{"depth":75,"kind":"isobath"},"geometry":{"type":"MultiLineString","coordinates":[[[27.0577,37.7411],[27.0566,37.7411],[27.0568,37.7408]],[[27.0764,37.7068],[27.0752,37.7068],[27.0755,37.7058]],[[27.0005,37.808],[27.0057,37.8053],[27.0102,37.7995],[27.0095,37.7964],[27.0086,37.7953],[27.009,37.7932],[27.0085,37.7922],[27.0087,37.7901],[27.0093,37.7891],[27.0092,37.788],[27.0099,37.787],[27.012,37.786],[27.0161,37.7862],[27.0182,37.7853],[27.0286,37.7841],[27.0328,37.7841],[27.037,37.7851],[27.0484,37.7893],[27.063,37.7935],[27.0703,37.7933],[27.0734,37.792],[27.0745,37.7921],[27.0776,37.789],[27.0796,37.7859],[27.0802,37.7807],[27.0798,37.7755],[27.0783,37.7714],[27.0745,37.7678],[27.0547,37.7555],[27.0526,37.7548],[27.0516,37.7535],[27.0478,37.7516],[27.0472,37.7505],[27.048,37.7495],[27.0495,37.7491],[27.0526,37.7469],[27.054,37.7443],[27.0547,37.7437],[27.0557,37.7438],[27.0578,37.7422],[27.058,37.7411],[27.0609,37.7396],[27.0631,37.7401],[27.0637,37.7391],[27.0682,37.7371],[27.0724,37.7347],[27.0741,37.7328],[27.0765,37.7286],[27.0793,37.7203],[27.0796,37.7151],[27.0782,37.7099],[27.0784,37.7089],[27.0768,37.7078],[27.0766,37.7068],[27.0732,37.7026],[27.0731,37.7005],[27.0724,37.6984],[27.0734,37.6969],[27.0745,37.6964],[27.0786,37.6962],[27.0797,37.6951],[27.0828,37.695],[27.0849,37.6935],[27.0922,37.6911],[27.0991,37.6911],[27.112,37.6938],[27.1224,37.6978],[27.1339,37.7],[27.1432,37.7023],[27.1474,37.7041],[27.1557,37.7089],[27.1568,37.7101],[27.1605,37.712],[27.163,37.7144],[27.1661,37.7157],[27.1724,37.717],[27.1922,37.7234],[27.1974,37.726],[27.2027,37.7297],[27.2058,37.7328],[27.2126,37.7443],[27.215,37.7474],[27.2172,37.7538],[27.2211,37.7609],[27.2249,37.7661],[27.2273,37.7714],[27.2282,37.7755],[27.2283,37.7818],[27.2278,37.7891],[27.2263,37.7943],[27.2258,37.8005],[27.2226,37.8068],[27.2165,37.8161],[27.2121,37.8255],[27.2071,37.8318],[27.201,37.8432],[27.1964,37.8479],[27.1907,37.8526],[27.1792,37.8599],[27.1752,37.863],[27.1738,37.8651],[27.173,37.8682],[27.1734,37.8717],[27.1745,37.8735],[27.1807,37.8792],[27.1826,37.8818],[27.1852,37.888],[27.1855,37.8932],[27.1848,37.8953],[27.1808,37.9016],[27.1755,37.9082],[27.1714,37.9119],[27.1682,37.914],[27.162,37.9168],[27.1557,37.9178],[27.1538,37.9193],[27.1524,37.9214],[27.1522,37.9234],[27.1536,37.9263],[27.1557,37.9282],[27.1613,37.9307],[27.1625,37.9328],[27.1631,37.9349],[27.1609,37.9391],[27.1557,37.9436],[27.1539,37.9474],[27.1543,37.9516],[27.1566,37.9557],[27.1577,37.9589],[27.1578,37.9599],[27.1572,37.9609],[27.1547,37.9625],[27.1526,37.9633],[27.1495,37.9635],[27.1411,37.9629],[27.1382,37.962],[27.1349,37.9578],[27.1307,37.9547],[27.1266,37.9535],[27.1234,37.9537],[27.1172,37.9571],[27.112,37.962],[27.1054,37.9724],[27.1036,37.9741],[27.1016,37.9745],[27.0984,37.9713],[27.0953,37.9694],[27.0943,37.9689],[27.0924,37.9693],[27.09,37.9724],[27.0871,37.9776],[27.0776,37.9867],[27.0703,37.991],[27.0651,37.9933]],[[27.0005,37.5052],[27.0047,37.5044],[27.012,37.5016],[27.0151,37.5022],[27.0172,37.5016],[27.019,37.5026],[27.0196,37.5047],[27.0232,37.5068],[27.0235,37.5078],[27.0225,37.513],[27.0232,37.5151],[27.0249,37.5172],[27.0286,37.5199],[27.031,37.5224],[27.0325,37.5266],[27.0329,37.5297],[27.0325,37.5318],[27.0286,37.5361],[27.0235,37.5391],[27.0224,37.5402],[27.0212,37.5422],[27.0203,37.5453],[27.019,37.5474],[27.0193,37.5487],[27.0214,37.549],[27.0224,37.5482],[27.0266,37.5477],[27.0273,37.5484],[27.0275,37.5495],[27.0266,37.55],[27.0234,37.5497],[27.0226,37.5505],[27.0227,37.5516],[27.0234,37.5523],[27.0255,37.5528],[27.0266,37.5524],[27.0279,37.5505],[27.0349,37.5496],[27.0401,37.5479],[27.0682,37.5479],[27.0693,37.5484],[27.0695,37.5495],[27.0686,37.5516],[27.0693,37.5522],[27.0724,37.5519],[27.0734,37.5524],[27.076,37.5547],[27.0776,37.5578],[27.0768,37.5609],[27.0753,37.563],[27.0734,37.5645],[27.0724,37.5645],[27.0699,37.563],[27.0672,37.5621],[27.0651,37.5606],[27.0641,37.5606],[27.0623,37.562],[27.0586,37.563],[27.0526,37.5662],[27.0484,37.5704],[27.0422,37.574],[27.0401,37.5747],[27.0349,37.5748],[27.0318,37.5736],[27.0311,37.5724],[27.0313,37.5693],[27.0307,37.5676],[27.0295,37.5661],[27.0266,37.5644],[27.0245,37.5641],[27.0224,37.5649],[27.019,37.5682],[27.0186,37.5703],[27.0185,37.5797],[27.0193,37.582],[27.0276,37.5855],[27.0349,37.5853],[27.0374,37.587],[27.041,37.588],[27.0443,37.5897],[27.0516,37.5895],[27.0568,37.5911],[27.0578,37.5917],[27.0589,37.5932],[27.0607,37.5995],[27.0606,37.6016],[27.0601,37.6026],[27.0505,37.6122],[27.0477,37.6193],[27.0464,37.6214],[27.0445,37.6224],[27.0411,37.6231],[27.038,37.6245],[27.0339,37.6249],[27.0304,37.6266],[27.0286,37.6268],[27.0245,37.6268],[27.0224,37.6261],[27.0171,37.6255],[27.0146,37.6245],[27.0141,37.6218],[27.012,37.6207],[27.0078,37.6205],[27.0026,37.6215]],[[27.0161,37.5043],[27.0151,37.504],[27.0144,37.5047],[27.0144,37.5057],[27.0151,37.5066],[27.0176,37.5078],[27.0184,37.5099],[27.0193,37.5107],[27.0203,37.5107],[27.0211,37.5099],[27.0203,37.5081],[27.0182,37.5057]],[[27.1225,37.4099],[27.1225,37.4109],[27.1211,37.4109],[27.1212,37.4099]],[[27.1557,37.3557],[27.1562,37.3568],[27.1555,37.3578],[27.1526,37.3602],[27.1512,37.3599],[27.1508,37.3589],[27.1514,37.3568],[27.1536,37.3557]],[[27.0704,37.3203],[27.0725,37.3224],[27.0724,37.3232],[27.0703,37.3236],[27.0685,37.3224],[27.0693,37.3199]],[[27.167,37.2922],[27.1682,37.2932],[27.1672,37.2942],[27.1651,37.2939],[27.1644,37.2932],[27.1651,37.2918],[27.1661,37.2917]],[[27.0016,37.2865],[27.0017,37.287],[27.0021,37.2891],[27.0005,37.2894]],[[27.3581,37.2641],[27.3578,37.2644],[27.3568,37.2641],[27.3578,37.2632]],[[27.3628,37.2547],[27.3671,37.2578],[27.3663,37.2589],[27.3641,37.2594],[27.363,37.2611],[27.3613,37.2609],[27.3604,37.262],[27.3578,37.2629],[27.3536,37.2663],[27.3516,37.2659],[27.3464,37.2676],[27.3453,37.2676],[27.3443,37.2663],[27.3438,37.2641],[27.3447,37.2609],[27.3464,37.2585],[27.3495,37.2559],[27.3526,37.2545],[27.3557,37.2538],[27.3599,37.2537]],[[27.4574,37.1911],[27.4594,37.1932],[27.461,37.1964],[27.4617,37.1995],[27.4622,37.2057],[27.4617,37.2078],[27.4601,37.2099],[27.4578,37.2113],[27.4557,37.2116],[27.4526,37.2101],[27.4505,37.208],[27.4475,37.2026],[27.4472,37.2005],[27.4483,37.1974],[27.4505,37.1951],[27.4557,37.191]],[[27.459,37.1714],[27.4602,37.1724],[27.4603,37.1734],[27.4598,37.1745],[27.4578,37.1762],[27.4567,37.1755],[27.4563,37.1734],[27.4565,37.1724],[27.4578,37.1712]],[[27.456,37.1339],[27.4597,37.1401],[27.4589,37.1421],[27.4568,37.1437],[27.4557,37.1435],[27.4547,37.1426],[27.452,37.138],[27.4524,37.1359],[27.4536,37.1342],[27.4557,37.1335]],[[27.5124,37.1266],[27.5138,37.1276],[27.513,37.1284],[27.512,37.1276],[27.5117,37.1266]],[[27.0753,37.0974],[27.0745,37.0981],[27.074,37.0974],[27.0745,37.097]],[[27.2001,37.0672],[27.1995,37.0677],[27.1984,37.0674],[27.1964,37.0681],[27.1955,37.0672],[27.1974,37.0665],[27.1984,37.0669],[27.1995,37.0666]],[[27.1612,37.062],[27.1609,37.0624],[27.1607,37.062]],[[27.1639,37.062],[27.163,37.063],[27.163,37.0617]],[[27.1986,37.062],[27.1988,37.063],[27.2005,37.0642],[27.2016,37.0641],[27.2039,37.0651],[27.2016,37.0664],[27.2005,37.0658],[27.1984,37.0657],[27.1974,37.0648],[27.1964,37.0654],[27.1953,37.0644],[27.1953,37.0639],[27.1964,37.064],[27.1978,37.063],[27.1964,37.0622],[27.1953,37.0622],[27.1953,37.0618]],[[27.1209,37.0599],[27.1203,37.0603],[27.1203,37.0597]],[[27.1689,37.0516],[27.1682,37.0523],[27.1678,37.0516],[27.1682,37.0509]],[[27.1351,37.0328],[27.1342,37.0328],[27.1349,37.0319]],[[27.0005,37.3341],[27.0026,37.3357],[27.0047,37.3359],[27.0089,37.3338],[27.0124,37.3328],[27.0176,37.3286],[27.0186,37.3276],[27.0186,37.3266],[27.0036,37.3116],[27.0016,37.3102]],[[27.0005,37.3046],[27.0022,37.3016],[27.0023,37.2901],[27.0026,37.2896],[27.0041,37.2901],[27.0035,37.2911],[27.0038,37.2932],[27.0047,37.294],[27.0057,37.294],[27.0078,37.2915],[27.0102,37.2901],[27.0101,37.2891],[27.0077,37.288],[27.0057,37.2852],[27.0036,37.2847],[27.0028,37.2839],[27.0023,37.2818],[27.0005,37.2806]],[[27.0026,37.0557],[27.0078,37.0501],[27.0099,37.0464],[27.011,37.0432],[27.0113,37.0401],[27.0099,37.0359],[27.0115,37.0349],[27.0115,37.0339],[27.013,37.0322],[27.0172,37.0307],[27.0307,37.0323],[27.038,37.032],[27.046,37.0286],[27.0488,37.0266],[27.0516,37.0237],[27.0557,37.0176],[27.062,37.0131],[27.0651,37.0102],[27.0675,37.0068]],[[27.1615,37.0005],[27.1623,37.0026],[27.1616,37.0036],[27.1622,37.0047],[27.1622,37.0057],[27.162,37.0061],[27.1609,37.0057],[27.1613,37.0068],[27.1615,37.012],[27.163,37.0148],[27.1654,37.0161],[27.1648,37.0172],[27.1682,37.0206],[27.1693,37.0208],[27.1703,37.0219],[27.1734,37.0235],[27.1745,37.0232],[27.1776,37.0246],[27.1786,37.0243],[27.1818,37.0253],[27.188,37.0253],[27.1922,37.0238],[27.1932,37.0229],[27.1953,37.0231],[27.1967,37.0245],[27.1966,37.0266],[27.1953,37.0276],[27.1943,37.0271],[27.1911,37.029],[27.1858,37.0339],[27.1839,37.0371],[27.1828,37.0413],[27.1811,37.0432],[27.1815,37.0443],[27.1808,37.0453],[27.1818,37.0464],[27.1805,37.0484],[27.181,37.0495],[27.1806,37.0505],[27.1812,37.0536],[27.1822,37.0547],[27.1828,37.0571],[27.1854,37.0599],[27.1853,37.0609],[27.1859,37.0611],[27.187,37.0631],[27.1891,37.0655],[27.1915,37.0672],[27.1921,37.0682],[27.1903,37.0703],[27.1884,37.0714],[27.1859,37.0739],[27.1834,37.0755],[27.1812,37.0786],[27.1803,37.0828],[27.1806,37.087],[27.181,37.0891],[27.1825,37.0911],[27.1859,37.0941],[27.187,37.094],[27.1882,37.0953],[27.1974,37.1018],[27.1995,37.1024],[27.2016,37.1042],[27.2047,37.106],[27.212,37.1079],[27.2182,37.1086],[27.2255,37.1084],[27.2328,37.1103],[27.2341,37.112],[27.2371,37.1339],[27.2395,37.1391],[27.2427,37.1443],[27.2462,37.1484],[27.2505,37.1514],[27.2557,37.1531],[27.2575,37.1547],[27.2589,37.1599],[27.2599,37.1616],[27.262,37.1631],[27.2651,37.1648],[27.2682,37.1658],[27.2818,37.1689],[27.2859,37.1689],[27.288,37.1698],[27.2891,37.1695],[27.2909,37.1651],[27.2984,37.1555],[27.2995,37.1547],[27.3016,37.1551],[27.3026,37.1555],[27.3038,37.1568],[27.305,37.1651],[27.3057,37.1667],[27.3079,37.1693],[27.3077,37.1703],[27.3089,37.1724],[27.3107,37.1745],[27.3172,37.1782],[27.3203,37.1783],[27.3234,37.1799],[27.3266,37.1809],[27.3286,37.1802],[27.3295,37.1807],[27.3266,37.1828],[27.3234,37.1838],[27.3182,37.1845],[27.3141,37.1842],[27.3078,37.1822],[27.3036,37.1796],[27.2984,37.1752],[27.2943,37.1731],[27.2922,37.1726],[27.2859,37.1725],[27.2849,37.1735],[27.2829,37.1776],[27.2801,37.1807],[27.2766,37.1907],[27.2755,37.1919],[27.2734,37.193],[27.2726,37.1953],[27.2727,37.1974],[27.2734,37.1986],[27.2797,37.2023],[27.2837,37.2057],[27.2848,37.2078],[27.2862,37.213],[27.2876,37.2161],[27.2908,37.2203],[27.2942,37.2234],[27.2997,37.2307],[27.3049,37.2401],[27.3085,37.2495],[27.312,37.2641],[27.3108,37.2766],[27.3106,37.2839],[27.31,37.287],[27.3089,37.2892],[27.3059,37.2911],[27.2943,37.2944],[27.2891,37.2953],[27.2807,37.2955],[27.2745,37.2945],[27.2703,37.2922],[27.2688,37.2901],[27.2688,37.2891],[27.2698,37.287],[27.2747,37.2807],[27.2753,37.2776],[27.2745,37.275],[27.2714,37.2712],[27.2679,37.2682],[27.2641,37.2673],[27.2599,37.2675],[27.2505,37.2708],[27.2484,37.2722],[27.2477,37.2734],[27.2467,37.2766],[27.2458,37.2828],[27.246,37.287],[27.2479,37.2891],[27.2474,37.2896],[27.2443,37.2894],[27.2422,37.2907],[27.2391,37.2912],[27.2224,37.2911],[27.2172,37.2895],[27.2026,37.2896],[27.1995,37.2903],[27.1984,37.29],[27.1965,37.288],[27.1953,37.2875],[27.1922,37.2874],[27.1908,37.288],[27.1894,37.2901],[27.1891,37.2923],[27.1901,37.294],[27.2099,37.2936],[27.213,37.2915],[27.2151,37.292],[27.2152,37.2932],[27.2119,37.2943],[27.21,37.2984],[27.2054,37.3026],[27.1901,37.3061],[27.1818,37.3061],[27.1797,37.3074],[27.1776,37.31],[27.1755,37.311],[27.1661,37.3107],[27.1653,37.3109],[27.1682,37.3125],[27.1724,37.3114],[27.1734,37.3125],[27.1732,37.3141],[27.1714,37.3152],[27.1682,37.3144],[27.1599,37.3145],[27.1589,37.3152],[27.1568,37.3184],[27.1557,37.3184],[27.1555,37.3172],[27.1559,37.3151],[27.1568,37.3143],[27.1589,37.3135],[27.1605,37.3109],[27.1602,37.3068],[27.1609,37.3061],[27.162,37.3061],[27.1636,37.3078],[27.1641,37.3095],[27.1644,37.3026],[27.165,37.3016],[27.1684,37.2984],[27.1693,37.2953],[27.1703,37.2944],[27.1724,37.2941],[27.1732,37.2932],[27.1738,37.2911],[27.1735,37.2901],[27.1714,37.2894],[27.1651,37.2899],[27.1609,37.2873],[27.1578,37.287],[27.1516,37.2881],[27.1474,37.2897],[27.1432,37.2898],[27.1401,37.2934],[27.1359,37.2937],[27.1318,37.2952],[27.1245,37.2928],[27.1234,37.2922],[27.123,37.2911],[27.1244,37.2797],[27.1229,37.2734],[27.1193,37.2663],[27.1127,37.2589],[27.1123,37.2578],[27.1135,37.2568],[27.1144,37.2547],[27.1145,37.2516],[27.1124,37.2464],[27.1105,37.2432],[27.1068,37.2401],[27.1026,37.2393],[27.0911,37.2411],[27.087,37.2426],[27.0839,37.2453],[27.0825,37.2474],[27.0819,37.2495],[27.0818,37.2526],[27.0812,37.2536],[27.0677,37.2641],[27.0633,37.2703],[27.0614,37.2755],[27.0612,37.2786],[27.0595,37.2839],[27.0584,37.2932],[27.0592,37.3016],[27.0622,37.3089],[27.0668,37.3141],[27.0682,37.319],[27.0661,37.3191],[27.0641,37.3184],[27.0609,37.3149],[27.0599,37.3144],[27.0536,37.3148],[27.0512,37.3141],[27.0505,37.313],[27.0495,37.3085],[27.0478,37.3057],[27.0481,37.3026],[27.0474,37.3016],[27.0401,37.298],[27.0391,37.298],[27.038,37.2988],[27.0373,37.3026],[27.0353,37.3068],[27.0355,37.3141],[27.0338,37.3172],[27.0333,37.3193],[27.0334,37.3276],[27.0356,37.3318],[27.0353,37.3349],[27.0357,37.3359],[27.037,37.3371],[27.0391,37.3378],[27.0432,37.3377],[27.0484,37.3396],[27.0547,37.3397],[27.0568,37.3395],[27.0599,37.3384],[27.0641,37.3357],[27.0661,37.3351],[27.0766,37.3354],[27.0786,37.3358],[27.0808,37.337],[27.0824,37.3391],[27.0839,37.3432],[27.0831,37.3495],[27.0837,37.3589],[27.0842,37.3609],[27.0906,37.3703],[27.0932,37.3765],[27.1184,37.4016],[27.1191,37.4036],[27.119,37.4141],[27.1172,37.417],[27.1159,37.4214],[27.1116,37.4255],[27.1102,37.4276],[27.1106,37.4339],[27.1099,37.4361],[27.1078,37.4364],[27.1059,37.4349],[27.1059,37.4339],[27.1072,37.4318],[27.1068,37.4315],[27.1026,37.4314],[27.0964,37.4286],[27.0932,37.4284],[27.0849,37.4293],[27.0807,37.4315],[27.0797,37.4316],[27.0734,37.4311],[27.0724,37.4316],[27.0668,37.437],[27.0599,37.4396],[27.0557,37.4397],[27.0505,37.4418],[27.0484,37.4432],[27.0474,37.4448],[27.0451,37.4526],[27.0443,37.4537],[27.0411,37.4558],[27.0391,37.4562],[27.0297,37.4537],[27.0286,37.4524],[27.0249,37.4422],[27.0214,37.4374],[27.0182,37.4355],[27.013,37.4336],[27.0089,37.4331],[27.0078,37.4322],[27.0074,37.4307],[27.0075,37.4224],[27.0053,37.4172],[27.0029,37.4141]],[[27.0359,37.4335],[27.0339,37.433],[27.0307,37.4333],[27.0291,37.4339],[27.0266,37.4358],[27.0255,37.4359],[27.0234,37.4348],[27.0232,37.4359],[27.028,37.4401],[27.0349,37.4419],[27.0359,37.4417],[27.037,37.4408],[27.0379,37.438],[27.0374,37.4349]],[[27.087,37.0347],[27.0797,37.0343],[27.0776,37.0345],[27.0766,37.0361],[27.0745,37.0354],[27.0724,37.0364],[27.0682,37.0393],[27.0599,37.0483],[27.0577,37.0516],[27.0573,37.0536],[27.0554,37.0578],[27.0557,37.0589],[27.0551,37.0599],[27.0548,37.062],[27.0557,37.0703],[27.0526,37.0713],[27.051,37.0734],[27.0495,37.0786],[27.0499,37.0807],[27.0493,37.0828],[27.05,37.0839],[27.0496,37.0859],[27.0499,37.088],[27.0506,37.0891],[27.0501,37.0901],[27.0503,37.0911],[27.0516,37.0922],[27.0526,37.0943],[27.0524,37.0953],[27.0536,37.0951],[27.0538,37.0964],[27.0568,37.0988],[27.0589,37.099],[27.0599,37.1005],[27.0609,37.1004],[27.0641,37.1018],[27.0682,37.1018],[27.0693,37.1017],[27.0703,37.1009],[27.0714,37.1014],[27.0751,37.0995],[27.0748,37.0984],[27.0755,37.0976],[27.0766,37.0981],[27.0829,37.0922],[27.0841,37.0891],[27.0834,37.0859],[27.0839,37.0849],[27.0859,37.0838],[27.0922,37.0821],[27.0974,37.0801],[27.1016,37.0796],[27.1047,37.0786],[27.1151,37.0745],[27.1167,37.0734],[27.1172,37.0723],[27.1182,37.0719],[27.1216,37.0682],[27.1238,37.0641],[27.1224,37.0625],[27.121,37.062],[27.1217,37.0609],[27.1209,37.0589],[27.1219,37.0578],[27.1217,37.0547],[27.1204,37.0536],[27.1215,37.0526],[27.1188,37.0474],[27.1187,37.0453],[27.1173,37.0432],[27.1174,37.0422],[27.1161,37.0425],[27.1141,37.0407],[27.1078,37.039],[27.0943,37.0369]],[[27.1526,37.0284],[27.1516,37.0288],[27.1495,37.0282],[27.1474,37.0287],[27.1464,37.0281],[27.1453,37.0289],[27.1443,37.0284],[27.1432,37.0289],[27.1422,37.0288],[27.1417,37.0297],[27.1419,37.0307],[27.1411,37.031],[27.1391,37.0294],[27.138,37.0297],[27.1349,37.0316],[27.1325,37.0339],[27.13,37.038],[27.1303,37.0391],[27.1295,37.0401],[27.1295,37.0411],[27.1314,37.0453],[27.1341,37.0484],[27.132,37.0516],[27.1318,37.0526],[27.1361,37.0568],[27.1359,37.0584],[27.1339,37.0596],[27.1331,37.0609],[27.1346,37.062],[27.1349,37.0634],[27.138,37.0668],[27.1443,37.0696],[27.1484,37.0697],[27.1495,37.0691],[27.1557,37.0686],[27.1598,37.0661],[27.1599,37.0649],[27.1609,37.0654],[27.1617,37.0651],[27.1615,37.063],[27.162,37.0627],[27.163,37.063],[27.1651,37.0614],[27.1654,37.0599],[27.1664,37.0589],[27.1658,37.0578],[27.1672,37.0568],[27.1661,37.0556],[27.1672,37.0554],[27.1687,37.0557],[27.1676,37.0536],[27.1697,37.0516],[27.1694,37.0484],[27.1686,37.0464],[27.169,37.0453],[27.1663,37.0401],[27.1661,37.0388],[27.1651,37.038],[27.1641,37.0361],[27.1589,37.0317],[27.1557,37.0297]],[[27.1631,37.0005],[27.1627,37.0005]],[[27.9165,37.0005],[27.9143,37.0026],[27.9068,37.0061],[27.8995,37.0108],[27.8922,37.0142],[27.887,37.0147],[27.8828,37.014],[27.8766,37.0141],[27.8651,37.0121],[27.8568,37.0114],[27.8464,37.0084],[27.8391,37.0046],[27.8339,37.0034],[27.8276,37.0032],[27.8227,37.0005]],[[27.9995,37.0054],[27.988,37.0067],[27.9849,37.0062],[27.9807,37.0034],[27.973,37.0005]]]}},{"type":"Feature","properties":{"depth":100,"kind":"band"},"geometry":{"type":"MultiPolygon","coordinates":[[[[27.0802,37.7932],[27.0797,37.794],[27.0794,37.7932],[27.0802,37.7932]]],[[[27.0824,37.7891],[27.0818,37.7896],[27.0813,37.7891],[27.0818,37.7886],[27.0824,37.7891]]],[[[27.0825,37.7734],[27.0818,37.774],[27.0813,37.7734],[27.0818,37.7729],[27.0825,37.7734]]],[[[27.1003,37.6943],[27.1109,37.6963],[27.1219,37.7005],[27.1359,37.7033],[27.1443,37.7056],[27.1495,37.7085],[27.1661,37.7214],[27.1703,37.7219],[27.1724,37.7226],[27.1734,37.7224],[27.1766,37.7233],[27.1803,37.7245],[27.1818,37.7256],[27.183,37.7255],[27.1901,37.7275],[27.1947,37.7297],[27.2003,37.7359],[27.2035,37.7422],[27.2049,37.7484],[27.2049,37.7599],[27.2055,37.7641],[27.2071,37.7672],[27.2122,37.7714],[27.2147,37.7745],[27.2158,37.7776],[27.2152,37.7818],[27.2136,37.7849],[27.2123,37.7901],[27.2109,37.793],[27.2075,37.7974],[27.2007,37.8026],[27.1958,37.8089],[27.195,37.8109],[27.1953,37.8141],[27.194,37.8182],[27.1923,37.8203],[27.1877,37.8234],[27.1807,37.8341],[27.1794,37.8391],[27.1775,37.8422],[27.1746,37.8453],[27.1724,37.8468],[27.1599,37.8502],[27.1579,37.8516],[27.1572,37.8526],[27.1546,37.8609],[27.1574,37.8745],[27.1621,37.8911],[27.1616,37.8943],[27.1578,37.8996],[27.1547,37.9015],[27.1484,37.9032],[27.1443,37.9036],[27.1411,37.9029],[27.1359,37.9002],[27.1328,37.8972],[27.1307,37.8962],[27.1276,37.8964],[27.1182,37.8956],[27.1099,37.893],[27.1026,37.8931],[27.0984,37.8927],[27.0953,37.8932],[27.0929,37.8943],[27.0894,37.8974],[27.087,37.9022],[27.084,37.9068],[27.0832,37.9099],[27.0829,37.9172],[27.0807,37.9245],[27.0796,37.9266],[27.0693,37.9341],[27.062,37.9361],[27.0557,37.9366],[27.0505,37.9376],[27.0484,37.939],[27.0464,37.9413],[27.0447,37.9464],[27.0447,37.9495],[27.047,37.9547],[27.0504,37.9599],[27.0514,37.9641],[27.0495,37.9755],[27.0492,37.9818],[27.0487,37.9839],[27.0461,37.9891],[27.0401,37.9961],[27.038,38],[27.0005,38],[27,37.9995],[27,37.812],[27.0005,37.8112],[27.0068,37.8078],[27.0099,37.8047],[27.0122,37.7995],[27.0114,37.7984],[27.012,37.7974],[27.0113,37.7943],[27.0123,37.7911],[27.0134,37.7901],[27.0182,37.7892],[27.0193,37.7882],[27.0245,37.7872],[27.0328,37.7869],[27.0359,37.7878],[27.0432,37.7911],[27.0609,37.7972],[27.0641,37.7979],[27.0703,37.7976],[27.0714,37.798],[27.0745,37.7966],[27.0755,37.7968],[27.077,37.7964],[27.0776,37.795],[27.0791,37.7953],[27.0814,37.7932],[27.0811,37.7911],[27.0833,37.7891],[27.0832,37.788],[27.0839,37.7859],[27.0835,37.7766],[27.0834,37.7755],[27.0824,37.7745],[27.0834,37.7734],[27.0825,37.7724],[27.0818,37.7705],[27.0807,37.77],[27.0792,37.7672],[27.0776,37.7657],[27.0641,37.7582],[27.0568,37.7532],[27.0549,37.7526],[27.0545,37.7505],[27.0557,37.749],[27.0568,37.7495],[27.0559,37.7484],[27.0561,37.7474],[27.0572,37.7464],[27.0564,37.7453],[27.0589,37.7445],[27.0641,37.7417],[27.0693,37.7398],[27.0741,37.737],[27.0766,37.7341],[27.079,37.7297],[27.0818,37.7214],[27.0823,37.7141],[27.0809,37.7089],[27.0782,37.7047],[27.0771,37.7016],[27.0791,37.6995],[27.0828,37.6977],[27.0839,37.6967],[27.087,37.6962],[27.0932,37.694],[27.0964,37.6938],[27.1003,37.6943]],[[27.1286,37.8076],[27.1255,37.8072],[27.1203,37.8078],[27.1172,37.8097],[27.1159,37.812],[27.1156,37.8161],[27.1166,37.8193],[27.1203,37.8229],[27.1234,37.8245],[27.1276,37.825],[27.1307,37.8243],[27.1328,37.823],[27.1357,37.8193],[27.1358,37.8161],[27.1341,37.8109],[27.1318,37.8089],[27.1286,37.8076]]],[[[27.1023,37.0849],[27.1017,37.0859],[27.0984,37.0875],[27.0964,37.0876],[27.0948,37.087],[27.0964,37.0867],[27.0969,37.0859],[27.0995,37.0846],[27.1023,37.0849]]],[[[27.0412,37.0714],[27.0422,37.0721],[27.0432,37.0743],[27.0437,37.0807],[27.0443,37.0818],[27.0435,37.0828],[27.0443,37.085],[27.0432,37.0865],[27.0422,37.0869],[27.0391,37.0851],[27.0366,37.0828],[27.0352,37.0807],[27.0351,37.0797],[27.0357,37.0724],[27.038,37.0709],[27.0412,37.0714]]],[[[27.1266,37.0703],[27.1277,37.0714],[27.1284,37.0745],[27.1278,37.0766],[27.1266,37.0771],[27.1245,37.0763],[27.1234,37.0745],[27.1266,37.0703]]],[[[27.0183,37.0349],[27.0231,37.037],[27.0232,37.0391],[27.0209,37.0422],[27.0161,37.0453],[27.0158,37.038],[27.0164,37.0359],[27.0172,37.0351],[27.0183,37.0349]]],[[[27.9079,37.0005],[27.9011,37.0047],[27.8984,37.0069],[27.8903,37.0109],[27.8786,37.0115],[27.8745,37.0113],[27.8672,37.01],[27.8568,37.0093],[27.8495,37.0073],[27.838,37.002],[27.8273,37.0005],[27.8276,37],[27.9078,37],[27.9079,37.0005]]]]}},{"type":"Feature","properties":{"depth":100,"kind":"isobath"},"geometry":{"type":"MultiLineString","coordinates":[[[27.0802,37.7932],[27.0797,37.794],[27.0794,37.7932]],[[27.0824,37.7891],[27.0818,37.7896],[27.0813,37.7891],[27.0818,37.7886]],[[27.0825,37.7734],[27.0818,37.774],[27.0813,37.7734],[27.0818,37.7729]],[[27.0005,37.8112],[27.0068,37.8078],[27.0099,37.8047],[27.0122,37.7995],[27.0114,37.7984],[27.012,37.7974],[27.0113,37.7943],[27.0123,37.7911],[27.0134,37.7901],[27.0182,37.7892],[27.0193,37.7882],[27.0245,37.7872],[27.0328,37.7869],[27.0359,37.7878],[27.0432,37.7911],[27.0609,37.7972],[27.0641,37.7979],[27.0703,37.7976],[27.0714,37.798],[27.0745,37.7966],[27.0755,37.7968],[27.077,37.7964],[27.0776,37.795],[27.0791,37.7953],[27.0814,37.7932],[27.0811,37.7911],[27.0833,37.7891],[27.0832,37.788],[27.0839,37.7859],[27.0835,37.7766],[27.0834,37.7755],[27.0824,37.7745],[27.0834,37.7734],[27.0825,37.7724],[27.0818,37.7705],[27.0807,37.77],[27.0792,37.7672],[27.0776,37.7657],[27.0641,37.7582],[27.0568,37.7532],[27.0549,37.7526],[27.0545,37.7505],[27.0557,37.749],[27.0568,37.7495],[27.0559,37.7484],[27.0561,37.7474],[27.0572,37.7464],[27.0564,37.7453],[27.0589,37.7445],[27.0641,37.7417],[27.0693,37.7398],[27.0741,37.737],[27.0766,37.7341],[27.079,37.7297],[27.0818,37.7214],[27.0823,37.7141],[27.0809,37.7089],[27.0782,37.7047],[27.0771,37.7016],[27.0791,37.6995],[27.0828,37.6977],[27.0839,37.6967],[27.087,37.6962],[27.0932,37.694],[27.0964,37.6938],[27.1003,37.6943],[27.1109,37.6963],[27.1219,37.7005],[27.1359,37.7033],[27.1443,37.7056],[27.1495,37.7085],[27.1661,37.7214],[27.1703,37.7219],[27.1724,37.7226],[27.1734,37.7224],[27.1766,37.7233],[27.1803,37.7245],[27.1818,37.7256],[27.183,37.7255],[27.1901,37.7275],[27.1947,37.7297],[27.2003,37.7359],[27.2035,37.7422],[27.2049,37.7484],[27.2049,37.7599],[27.2055,37.7641],[27.2071,37.7672],[27.2122,37.7714],[27.2147,37.7745],[27.2158,37.7776],[27.2152,37.7818],[27.2136,37.7849],[27.2123,37.7901],[27.2109,37.793],[27.2075,37.7974],[27.2007,37.8026],[27.1958,37.8089],[27.195,37.8109],[27.1953,37.8141],[27.194,37.8182],[27.1923,37.8203],[27.1877,37.8234],[27.1807,37.8341],[27.1794,37.8391],[27.1775,37.8422],[27.1746,37.8453],[27.1724,37.8468],[27.1599,37.8502],[27.1579,37.8516],[27.1572,37.8526],[27.1546,37.8609],[27.1574,37.8745],[27.1621,37.8911],[27.1616,37.8943],[27.1578,37.8996],[27.1547,37.9015],[27.1484,37.9032],[27.1443,37.9036],[27.1411,37.9029],[27.1359,37.9002],[27.1328,37.8972],[27.1307,37.8962],[27.1276,37.8964],[27.1182,37.8956],[27.1099,37.893],[27.1026,37.8931],[27.0984,37.8927],[27.0953,37.8932],[27.0929,37.8943],[27.0894,37.8974],[27.087,37.9022],[27.084,37.9068],[27.0832,37.9099],[27.0829,37.9172],[27.0807,37.9245],[27.0796,37.9266],[27.0693,37.9341],[27.062,37.9361],[27.0557,37.9366],[27.0505,37.9376],[27.0484,37.939],[27.0464,37.9413],[27.0447,37.9464],[27.0447,37.9495],[27.047,37.9547],[27.0504,37.9599],[27.0514,37.9641],[27.0495,37.9755],[27.0492,37.9818],[27.0487,37.9839],[27.0461,37.9891],[27.0401,37.9961]],[[27.1286,37.8076],[27.1255,37.8072],[27.1203,37.8078],[27.1172,37.8097],[27.1159,37.812],[27.1156,37.8161],[27.1166,37.8193],[27.1203,37.8229],[27.1234,37.8245],[27.1276,37.825],[27.1307,37.8243],[27.1328,37.823],[27.1357,37.8193],[27.1358,37.8161],[27.1341,37.8109],[27.1318,37.8089]],[[27.1023,37.0849],[27.1017,37.0859],[27.0984,37.0875],[27.0964,37.0876],[27.0948,37.087],[27.0964,37.0867],[27.0969,37.0859],[27.0995,37.0846]],[[27.0412,37.0714],[27.0422,37.0721],[27.0432,37.0743],[27.0437,37.0807],[27.0443,37.0818],[27.0435,37.0828],[27.0443,37.085],[27.0432,37.0865],[27.0422,37.0869],[27.0391,37.0851],[27.0366,37.0828],[27.0352,37.0807],[27.0351,37.0797],[27.0357,37.0724],[27.038,37.0709]],[[27.1266,37.0703],[27.1277,37.0714],[27.1284,37.0745],[27.1278,37.0766],[27.1266,37.0771],[27.1245,37.0763],[27.1234,37.0745]],[[27.0183,37.0349],[27.0231,37.037],[27.0232,37.0391],[27.0209,37.0422],[27.0161,37.0453],[27.0158,37.038],[27.0164,37.0359],[27.0172,37.0351]],[[27.9079,37.0005],[27.9011,37.0047],[27.8984,37.0069],[27.8903,37.0109],[27.8786,37.0115],[27.8745,37.0113],[27.8672,37.01],[27.8568,37.0093],[27.8495,37.0073],[27.838,37.002],[27.8273,37.0005]]]}},{"type":"Feature","properties":{"depth":150,"kind":"band"},"geometry":{"type":"MultiPolygon","coordinates":[[[[27.0342,37.7932],[27.0401,37.7961],[27.0493,37.7995],[27.0509,37.8005],[27.0518,37.8026],[27.0512,37.8099],[27.0523,37.8151],[27.0631,37.8286],[27.0678,37.838],[27.0703,37.8414],[27.0745,37.844],[27.0776,37.8446],[27.0828,37.8432],[27.0891,37.8398],[27.0922,37.8387],[27.0943,37.8385],[27.0964,37.8392],[27.0995,37.8419],[27.1027,37.8474],[27.1053,37.8557],[27.1054,37.8578],[27.1039,37.8609],[27.1005,37.8638],[27.0964,37.8661],[27.0886,37.8693],[27.0828,37.8734],[27.0797,37.8788],[27.0774,37.8849],[27.0755,37.8872],[27.0724,37.8894],[27.063,37.8935],[27.0589,37.8962],[27.0568,37.8995],[27.0543,37.9089],[27.0516,37.9137],[27.0474,37.9177],[27.036,37.9266],[27.03,37.9328],[27.0272,37.937],[27.024,37.9443],[27.0204,37.9589],[27.0193,37.9614],[27.0172,37.9641],[27.003,37.9786],[27.002,37.9807],[27.0023,37.9818],[27.0035,37.9828],[27.0078,37.9857],[27.0126,37.9922],[27.0147,37.9964],[27.0149,37.9995],[27.0141,38],[27.0005,38],[27,37.9995],[27,37.8172],[27.0098,37.812],[27.0111,37.8099],[27.013,37.8092],[27.0133,37.8078],[27.0145,37.8068],[27.0145,37.8057],[27.0154,37.8036],[27.0149,37.8026],[27.016,37.8016],[27.0167,37.7995],[27.0165,37.7974],[27.0182,37.7948],[27.0245,37.7925],[27.0307,37.7923],[27.0342,37.7932]]],[[[27.1037,37.7005],[27.1089,37.7016],[27.1182,37.7049],[27.1391,37.71],[27.1432,37.7116],[27.1474,37.714],[27.1526,37.7181],[27.154,37.7193],[27.1544,37.7203],[27.1599,37.7249],[27.1696,37.7297],[27.1786,37.7361],[27.1891,37.7401],[27.1922,37.7421],[27.1943,37.7444],[27.196,37.7474],[27.197,37.7526],[27.1959,37.7568],[27.1926,37.762],[27.1907,37.7661],[27.1902,37.7703],[27.1901,37.7776],[27.189,37.7807],[27.1841,37.7849],[27.1797,37.7875],[27.1734,37.7899],[27.1672,37.7914],[27.1349,37.7926],[27.1245,37.7939],[27.1068,37.7982],[27.1005,37.7971],[27.0964,37.7953],[27.0943,37.7939],[27.093,37.7922],[27.0908,37.7859],[27.0901,37.7736],[27.089,37.7714],[27.0893,37.7703],[27.0891,37.7695],[27.0872,37.7661],[27.0839,37.7625],[27.0825,37.762],[27.0818,37.7611],[27.0797,37.7602],[27.0786,37.7591],[27.0776,37.7592],[27.0766,37.7581],[27.0664,37.7526],[27.0651,37.7516],[27.0648,37.7495],[27.0652,37.7484],[27.0667,37.7474],[27.0768,37.7422],[27.0807,37.7381],[27.0836,37.7328],[27.0865,37.7245],[27.088,37.7172],[27.0878,37.712],[27.0863,37.7057],[27.0868,37.7036],[27.0901,37.7011],[27.0932,37.6999],[27.0974,37.6996],[27.1037,37.7005]]],[[[27.8935,37.0005],[27.8891,37.0048],[27.8745,37.0064],[27.8557,37.0048],[27.8516,37.0036],[27.8451,37.0005],[27.8453,37],[27.8932,37],[27.8935,37.0005]]]]}},{"type":"Feature","properties":{"depth":150,"kind":"isobath"},"geometry":{"type":"MultiLineString","coordinates":[[[27.0098,37.812],[27.0111,37.8099],[27.013,37.8092],[27.0133,37.8078],[27.0145,37.8068],[27.0145,37.8057],[27.0154,37.8036],[27.0149,37.8026],[27.016,37.8016],[27.0167,37.7995],[27.0165,37.7974],[27.0182,37.7948],[27.0245,37.7925],[27.0307,37.7923],[27.0342,37.7932],[27.0401,37.7961],[27.0493,37.7995],[27.0509,37.8005],[27.0518,37.8026],[27.0512,37.8099],[27.0523,37.8151],[27.0631,37.8286],[27.0678,37.838],[27.0703,37.8414],[27.0745,37.844],[27.0776,37.8446],[27.0828,37.8432],[27.0891,37.8398],[27.0922,37.8387],[27.0943,37.8385],[27.0964,37.8392],[27.0995,37.8419],[27.1027,37.8474],[27.1053,37.8557],[27.1054,37.8578],[27.1039,37.8609],[27.1005,37.8638],[27.0964,37.8661],[27.0886,37.8693],[27.0828,37.8734],[27.0797,37.8788],[27.0774,37.8849],[27.0755,37.8872],[27.0724,37.8894],[27.063,37.8935],[27.0589,37.8962],[27.0568,37.8995],[27.0543,37.9089],[27.0516,37.9137],[27.0474,37.9177],[27.036,37.9266],[27.03,37.9328],[27.0272,37.937],[27.024,37.9443],[27.0204,37.9589],[27.0193,37.9614],[27.0172,37.9641],[27.003,37.9786],[27.002,37.9807],[27.0023,37.9818],[27.0035,37.9828],[27.0078,37.9857],[27.0126,37.9922],[27.0147,37.9964],[27.0149,37.9995]],[[27.1037,37.7005],[27.1089,37.7016],[27.1182,37.7049],[27.1391,37.71],[27.1432,37.7116],[27.1474,37.714],[27.1526,37.7181],[27.154,37.7193],[27.1544,37.7203],[27.1599,37.7249],[27.1696,37.7297],[27.1786,37.7361],[27.1891,37.7401],[27.1922,37.7421],[27.1943,37.7444],[27.196,37.7474],[27.197,37.7526],[27.1959,37.7568],[27.1926,37.762],[27.1907,37.7661],[27.1902,37.7703],[27.1901,37.7776],[27.189,37.7807],[27.1841,37.7849],[27.1797,37.7875],[27.1734,37.7899],[27.1672,37.7914],[27.1349,37.7926],[27.1245,37.7939],[27.1068,37.7982],[27.1005,37.7971],[27.0964,37.7953],[27.0943,37.7939],[27.093,37.7922],[27.0908,37.7859],[27.0901,37.7736],[27.089,37.7714],[27.0893,37.7703],[27.0891,37.7695],[27.0872,37.7661],[27.0839,37.7625],[27.0825,37.762],[27.0818,37.7611],[27.0797,37.7602],[27.0786,37.7591],[27.0776,37.7592],[27.0766,37.7581],[27.0664,37.7526],[27.0651,37.7516],[27.0648,37.7495],[27.0652,37.7484],[27.0667,37.7474],[27.0768,37.7422],[27.0807,37.7381],[27.0836,37.7328],[27.0865,37.7245],[27.088,37.7172],[27.0878,37.712],[27.0863,37.7057],[27.0868,37.7036],[27.0901,37.7011],[27.0932,37.6999],[27.0974,37.6996]],[[27.8935,37.0005],[27.8891,37.0048],[27.8745,37.0064],[27.8557,37.0048],[27.8516,37.0036],[27.8451,37.0005]]]}},{"type":"Feature","properties":{"depth":200,"kind":"band"},"geometry":{"type":"MultiPolygon","coordinates":[[[[27.0283,37.7974],[27.0302,37.7984],[27.0321,37.8005],[27.0353,37.8068],[27.0396,37.8182],[27.0464,37.8261],[27.048,37.8297],[27.0481,37.8318],[27.047,37.8339],[27.0453,37.8353],[27.0385,37.8391],[27.0364,37.8422],[27.0361,37.8443],[27.0367,37.8464],[27.0381,37.8484],[27.0411,37.8505],[27.0495,37.8543],[27.0521,37.8568],[27.0543,37.8599],[27.0547,37.8641],[27.0524,37.8714],[27.052,37.8745],[27.053,37.8807],[27.0529,37.8839],[27.0493,37.8922],[27.0482,37.8995],[27.0464,37.9032],[27.0135,37.9307],[27.0085,37.9359],[27.0047,37.9407],[27.0005,37.9446],[27,37.9443],[27,37.8245],[27.003,37.8224],[27.0047,37.8202],[27.0109,37.8172],[27.0161,37.8135],[27.0186,37.8099],[27.0208,37.8026],[27.0224,37.7992],[27.025,37.7974],[27.0283,37.7974]]],[[[27.1083,37.7099],[27.1214,37.7123],[27.1414,37.7193],[27.1432,37.7204],[27.1526,37.7297],[27.1588,37.7349],[27.16,37.737],[27.1603,37.7411],[27.1589,37.745],[27.1559,37.7484],[27.1551,37.7505],[27.1609,37.7589],[27.1613,37.7609],[27.161,37.763],[27.1601,37.7651],[27.1568,37.769],[27.1547,37.7701],[27.1443,37.7737],[27.1401,37.7748],[27.1349,37.7752],[27.1109,37.7835],[27.1057,37.7837],[27.1025,37.7818],[27.1013,37.7797],[27.1006,37.7766],[27.0996,37.7609],[27.1004,37.7557],[27.1025,37.7505],[27.1012,37.7453],[27.1013,37.7432],[27.1041,37.737],[27.1041,37.7359],[27.1036,37.7348],[27.1016,37.7329],[27.0943,37.7293],[27.0933,37.7276],[27.0933,37.7255],[27.0947,37.7193],[27.0949,37.713],[27.0961,37.7109],[27.0984,37.7098],[27.1016,37.7091],[27.1047,37.7092],[27.1083,37.7099]],[[27.1484,37.7492],[27.1464,37.7492],[27.1432,37.7502],[27.1421,37.7516],[27.1423,37.7526],[27.1436,37.7536],[27.1453,37.7539],[27.1484,37.7535],[27.1513,37.7526],[27.1522,37.7516],[27.1484,37.7492]]],[[[27.8797,37.0005],[27.8788,37.0016],[27.8766,37.002],[27.863,37.0013],[27.8565,37.0005],[27.8568,37],[27.8797,37],[27.8797,37.0005]]]]}},{"type":"Feature","properties":{"depth":200,"kind":"isobath"},"geometry":{"type":"MultiLineString","coordinates":[[[27.003,37.8224],[27.0047,37.8202],[27.0109,37.8172],[27.0161,37.8135],[27.0186,37.8099],[27.0208,37.8026],[27.0224,37.7992],[27.025,37.7974],[27.0283,37.7974],[27.0302,37.7984],[27.0321,37.8005],[27.0353,37.8068],[27.0396,37.8182],[27.0464,37.8261],[27.048,37.8297],[27.0481,37.8318],[27.047,37.8339],[27.0453,37.8353],[27.0385,37.8391],[27.0364,37.8422],[27.0361,37.8443],[27.0367,37.8464],[27.0381,37.8484],[27.0411,37.8505],[27.0495,37.8543],[27.0521,37.8568],[27.0543,37.8599],[27.0547,37.8641],[27.0524,37.8714],[27.052,37.8745],[27.053,37.8807],[27.0529,37.8839],[27.0493,37.8922],[27.0482,37.8995],[27.0464,37.9032],[27.0135,37.9307],[27.0085,37.9359],[27.0047,37.9407],[27.0005,37.9446]],[[27.1083,37.7099],[27.1214,37.7123],[27.1414,37.7193],[27.1432,37.7204],[27.1526,37.7297],[27.1588,37.7349],[27.16,37.737],[27.1603,37.7411],[27.1589,37.745],[27.1559,37.7484],[27.1551,37.7505],[27.1609,37.7589],[27.1613,37.7609],[27.161,37.763],[27.1601,37.7651],[27.1568,37.769],[27.1547,37.7701],[27.1443,37.7737],[27.1401,37.7748],[27.1349,37.7752],[27.1109,37.7835],[27.1057,37.7837],[27.1025,37.7818],[27.1013,37.7797],[27.1006,37.7766],[27.0996,37.7609],[27.1004,37.7557],[27.1025,37.7505],[27.1012,37.7453],[27.1013,37.7432],[27.1041,37.737],[27.1041,37.7359],[27.1036,37.7348],[27.1016,37.7329],[27.0943,37.7293],[27.0933,37.7276],[27.0933,37.7255],[27.0947,37.7193],[27.0949,37.713],[27.0961,37.7109],[27.0984,37.7098],[27.1016,37.7091],[27.1047,37.7092]],[[27.1484,37.7492],[27.1464,37.7492],[27.1432,37.7502],[27.1421,37.7516],[27.1423,37.7526],[27.1436,37.7536],[27.1453,37.7539],[27.1484,37.7535],[27.1513,37.7526],[27.1522,37.7516]],[[27.8797,37.0005],[27.8788,37.0016],[27.8766,37.002],[27.863,37.0013],[27.8565,37.0005]]]}}]}