{"type":"FeatureCollection","features":[{"type":"Feature","properties":{"depth":5,"kind":"band"},"geometry":{"type":"MultiPolygon","coordinates":[[[[27.5137,40.9714],[27.5132,40.9714],[27.513,40.9712],[27.513,40.9707],[27.5132,40.9707],[27.5137,40.9712],[27.5139,40.9714],[27.5139,40.9714],[27.5137,40.9714]]],[[[27.5149,40.9714],[27.5146,40.9714],[27.5146,40.9712],[27.5149,40.9708],[27.5151,40.9708],[27.5151,40.9712],[27.5151,40.9714],[27.5151,40.9714],[27.5149,40.9714]]],[[[27.9636,40.9722],[27.9627,40.9737],[27.9617,40.9742],[27.9606,40.9737],[27.9601,40.9731],[27.96,40.9727],[27.961,40.9722],[27.9631,40.9717],[27.9641,40.9714],[27.9641,40.9714],[27.9636,40.9722]]],[[[27.5147,40.9705],[27.5143,40.971],[27.5139,40.971],[27.5134,40.9705],[27.5134,40.9701],[27.5139,40.9698],[27.5143,40.9698],[27.5147,40.9701],[27.5149,40.9703],[27.5149,40.9703],[27.5147,40.9705]]],[[[27.3323,40.7316],[27.332,40.7313],[27.332,40.7313],[27.3323,40.7316],[27.3324,40.7318],[27.3324,40.7318],[27.3323,40.7316]]],[[[27.6778,40.6029],[27.6777,40.6034],[27.6776,40.6031],[27.6776,40.6022],[27.6777,40.6019],[27.6778,40.6024],[27.6779,40.6026],[27.6779,40.6026],[27.6778,40.6029]]],[[[27.6682,40.5977],[27.6685,40.5981],[27.6683,40.5987],[27.6674,40.5992],[27.6665,40.5993],[27.6656,40.5989],[27.6654,40.5982],[27.6659,40.5971],[27.6666,40.5968],[27.6675,40.5972],[27.668,40.5974],[27.668,40.5974],[27.6682,40.5977]]],[[[27.5037,40.5456],[27.5036,40.5461],[27.5034,40.5464],[27.5029,40.5464],[27.5025,40.5461],[27.5023,40.5456],[27.5023,40.5451],[27.5025,40.5447],[27.5029,40.5447],[27.5035,40.5451],[27.5038,40.5453],[27.5038,40.5453],[27.5037,40.5456]]],[[[27.7571,40.5237],[27.7576,40.5242],[27.7576,40.5251],[27.7571,40.5262],[27.7568,40.526],[27.7568,40.5243],[27.7568,40.5234],[27.7568,40.5234],[27.7571,40.5237]]],[[[27.5518,40.513],[27.5513,40.513],[27.5513,40.513],[27.5518,40.513],[27.552,40.513],[27.552,40.513],[27.5518,40.513]]],[[[27.5875,40.5081],[27.5872,40.5086],[27.5867,40.5089],[27.586,40.5089],[27.5856,40.5086],[27.5857,40.5081],[27.5862,40.5078],[27.5871,40.5078],[27.5876,40.5078],[27.5876,40.5078],[27.5875,40.5081]]],[[[27.4932,40.5069],[27.4932,40.5073],[27.4931,40.5073],[27.4928,40.5069],[27.4928,40.5068],[27.4931,40.5068],[27.4932,40.5068],[27.4932,40.5068],[27.4932,40.5069]]],[[[27.6901,40.5049],[27.6901,40.5052],[27.6901,40.5052],[27.6901,40.5049],[27.6901,40.5047],[27.6901,40.5047],[27.6901,40.5049]]],[[[27.9593,40.4996],[27.959,40.4999],[27.959,40.4999],[27.9593,40.4996],[27.9594,40.4995],[27.9594,40.4995],[27.9593,40.4996]]],[[[27.6461,40.4964],[27.6456,40.4988],[27.6451,40.4995],[27.6446,40.4988],[27.6446,40.4976],[27.6451,40.4961],[27.6456,40.4953],[27.6461,40.4953],[27.6464,40.4953],[27.6464,40.4953],[27.6461,40.4964]]],[[[27.5929,40.4901],[27.5921,40.4901],[27.5919,40.4898],[27.5921,40.4894],[27.5925,40.4894],[27.593,40.4898],[27.5932,40.4901],[27.5932,40.4901],[27.5929,40.4901]]],[[[27.6539,40.4861],[27.6537,40.4864],[27.6537,40.4864],[27.6539,40.4861],[27.654,40.4859],[27.654,40.4859],[27.6539,40.4861]]],[[[27.6528,40.4849],[27.6521,40.4849],[27.6519,40.4847],[27.6524,40.4842],[27.6527,40.4842],[27.653,40.4847],[27.6531,40.4849],[27.6531,40.4849],[27.6528,40.4849]]],[[[27.6514,40.4842],[27.6515,40.4847],[27.6513,40.4849],[27.6508,40.4849],[27.6505,40.4844],[27.6505,40.4835],[27.6507,40.4832],[27.6512,40.4837],[27.6514,40.4839],[27.6514,40.4839],[27.6514,40.4842]]],[[[27.5729,40.4623],[27.5726,40.4628],[27.5721,40.4628],[27.5717,40.4623],[27.5717,40.4618],[27.5721,40.4613],[27.5726,40.4613],[27.5729,40.4618],[27.5731,40.462],[27.5731,40.462],[27.5729,40.4623]]],[[[27.651,40.462],[27.6504,40.462],[27.6504,40.462],[27.651,40.462],[27.6513,40.462],[27.6513,40.462],[27.651,40.462]]],[[[27.6518,40.4562],[27.6523,40.4573],[27.652,40.4583],[27.651,40.4594],[27.6505,40.4589],[27.6505,40.4571],[27.6508,40.456],[27.6513,40.4558],[27.6516,40.4557],[27.6516,40.4557],[27.6518,40.4562]]],[[[27.1339,40.4507],[27.1339,40.4512],[27.1336,40.4513],[27.1331,40.4512],[27.1331,40.451],[27.1336,40.4506],[27.1339,40.4505],[27.1339,40.4505],[27.1339,40.4507]]],[[[27.6664,40.4508],[27.6669,40.4513],[27.6669,40.4516],[27.6664,40.4516],[27.6661,40.4513],[27.6661,40.4508],[27.6661,40.4505],[27.6661,40.4505],[27.6664,40.4508]]],[[[27.3167,40.4476],[27.3163,40.4479],[27.3163,40.4479],[27.3167,40.4476],[27.3169,40.4474],[27.3169,40.4474],[27.3167,40.4476]]],[[[27.0967,40.4453],[27.096,40.4453],[27.096,40.4453],[27.0967,40.4453],[27.097,40.4453],[27.097,40.4453],[27.0967,40.4453]]],[[[27.7398,40.4424],[27.7393,40.4427],[27.7389,40.4427],[27.7385,40.4424],[27.7385,40.442],[27.7389,40.4415],[27.7393,40.4415],[27.7398,40.442],[27.74,40.4422],[27.74,40.4422],[27.7398,40.4424]]],[[[27.9907,40.4307],[27.9903,40.4307],[27.9901,40.4305],[27.9901,40.43],[27.9903,40.43],[27.9907,40.4305],[27.9909,40.4307],[27.9909,40.4307],[27.9907,40.4307]]],[[[27.954,40.4196],[27.9537,40.42],[27.9534,40.42],[27.9529,40.4196],[27.9529,40.4191],[27.9534,40.4187],[27.9537,40.4187],[27.954,40.4191],[27.9541,40.4193],[27.9541,40.4193],[27.954,40.4196]]],[[[27.3207,40.406],[27.3209,40.4065],[27.3204,40.4068],[27.3194,40.4068],[27.319,40.4064],[27.3192,40.4058],[27.3197,40.4055],[27.3204,40.4056],[27.3207,40.4057],[27.3207,40.4057],[27.3207,40.406]]],[[[27.9154,40.3998],[27.9152,40.4003],[27.915,40.4003],[27.9147,40.3998],[27.9148,40.3995],[27.9153,40.3995],[27.9155,40.3995],[27.9155,40.3995],[27.9154,40.3998]]],[[[27.9207,40.3983],[27.9204,40.398],[27.9204,40.398],[27.9207,40.3983],[27.9208,40.3984],[27.9208,40.3984],[27.9207,40.3983]]],[[[27.8216,40.3967],[27.8218,40.3971],[27.8217,40.3974],[27.8213,40.3974],[27.8212,40.3971],[27.8214,40.3967],[27.8215,40.3964],[27.8215,40.3964],[27.8216,40.3967]]],[[[27.9134,40.3925],[27.9138,40.393],[27.9138,40.3933],[27.9133,40.3936],[27.9129,40.3933],[27.9127,40.3926],[27.9128,40.3922],[27.9131,40.3922],[27.9132,40.3922],[27.9132,40.3922],[27.9134,40.3925]]],[[[27.9123,40.3901],[27.9118,40.3901],[27.9118,40.3901],[27.9123,40.3901],[27.9126,40.3901],[27.9126,40.3901],[27.9123,40.3901]]],[[[27.9109,40.3891],[27.91,40.3891],[27.91,40.3891],[27.9109,40.3891],[27.9113,40.3891],[27.9113,40.3891],[27.9109,40.3891]]],[[[27.841,40.3849],[27.8398,40.3849],[27.8394,40.3847],[27.8399,40.3843],[27.8405,40.3843],[27.8412,40.3847],[27.8416,40.3849],[27.8416,40.3849],[27.841,40.3849]]],[[[27.9072,40.3853],[27.9083,40.3859],[27.909,40.3867],[27.9092,40.3876],[27.9084,40.3883],[27.9066,40.3888],[27.9052,40.3888],[27.9041,40.3883],[27.9035,40.3877],[27.9032,40.3873],[27.9032,40.3866],[27.9035,40.3857],[27.9044,40.3851],[27.9059,40.385],[27.9066,40.3849],[27.9066,40.3849],[27.9072,40.3853]]],[[[27.3248,40.3797],[27.3243,40.3797],[27.3243,40.3797],[27.3248,40.3797],[27.325,40.3797],[27.325,40.3797],[27.3248,40.3797]]],[[[27.3228,40.3767],[27.3225,40.377],[27.3225,40.377],[27.3228,40.3767],[27.3229,40.3766],[27.3229,40.3766],[27.3228,40.3767]]],[[[27.857,40.3641],[27.8564,40.3641],[27.8564,40.3641],[27.857,40.3641],[27.8573,40.3641],[27.8573,40.3641],[27.857,40.3641]]],[[[27.9532,40.3602],[27.9542,40.3607],[27.9578,40.3611],[27.9641,40.3613],[27.968,40.362],[27.9695,40.3631],[27.9719,40.3643],[27.975,40.3655],[27.9782,40.3664],[27.9813,40.3669],[27.9839,40.3676],[27.986,40.3687],[27.9886,40.3692],[27.9917,40.3694],[27.9949,40.3699],[27.9983,40.3709],[27.9999,40.387],[27.9996,40.4181],[27.9974,40.4328],[27.9932,40.4311],[27.9909,40.4298],[27.9904,40.429],[27.9897,40.4284],[27.9886,40.4279],[27.9875,40.4281],[27.9864,40.4292],[27.9851,40.4288],[27.9836,40.4271],[27.9805,40.4246],[27.9758,40.4213],[27.9722,40.4195],[27.9698,40.4194],[27.9678,40.4201],[27.9662,40.4216],[27.9644,40.4224],[27.9625,40.4224],[27.9609,40.4214],[27.9596,40.4195],[27.958,40.4182],[27.9562,40.4175],[27.9547,40.4162],[27.9534,40.414],[27.952,40.4123],[27.9503,40.4107],[27.9459,40.4089],[27.9386,40.4065],[27.9339,40.4043],[27.9318,40.402],[27.9306,40.4016],[27.9303,40.4029],[27.9297,40.4036],[27.929,40.4035],[27.9284,40.4038],[27.9279,40.4043],[27.9258,40.4027],[27.9221,40.3991],[27.9193,40.3972],[27.9172,40.3969],[27.9159,40.3969],[27.9154,40.3974],[27.9148,40.3973],[27.9143,40.3967],[27.9142,40.3961],[27.9145,40.3956],[27.9144,40.3951],[27.9137,40.3946],[27.9138,40.394],[27.9149,40.3935],[27.9152,40.3927],[27.9147,40.3916],[27.9145,40.3903],[27.9146,40.3888],[27.9151,40.388],[27.9158,40.388],[27.9162,40.3874],[27.9161,40.3862],[27.9167,40.3857],[27.9178,40.3858],[27.9183,40.3854],[27.9182,40.3844],[27.9187,40.3828],[27.9198,40.3806],[27.9206,40.3797],[27.9211,40.3802],[27.9216,40.3803],[27.9222,40.38],[27.9227,40.3802],[27.9232,40.3808],[27.9237,40.381],[27.9242,40.3808],[27.9241,40.3799],[27.9234,40.3784],[27.9248,40.3752],[27.9281,40.3705],[27.9308,40.3676],[27.9329,40.3667],[27.9355,40.3661],[27.9386,40.3658],[27.9406,40.3652],[27.9417,40.3643],[27.9448,40.3628],[27.9501,40.3609],[27.9527,40.3599],[27.9527,40.3599],[27.9532,40.3602]]],[[[27.6769,40.31],[27.6767,40.3104],[27.6765,40.3104],[27.6763,40.31],[27.6764,40.3099],[27.6768,40.3099],[27.677,40.3099],[27.677,40.3099],[27.6769,40.31]]],[[[27.5504,40.3101],[27.5602,40.3123],[27.5688,40.3155],[27.5761,40.3194],[27.5841,40.323],[27.593,40.3266],[27.6005,40.3289],[27.6068,40.3299],[27.6154,40.3307],[27.6263,40.3311],[27.6336,40.331],[27.6373,40.3304],[27.6464,40.3262],[27.6609,40.3183],[27.6695,40.3144],[27.6721,40.3146],[27.6739,40.3142],[27.675,40.3133],[27.6771,40.3129],[27.6802,40.3131],[27.6826,40.313],[27.6841,40.3127],[27.6853,40.3121],[27.6862,40.3113],[27.6871,40.3109],[27.6882,40.3109],[27.6888,40.3113],[27.689,40.3121],[27.6896,40.3129],[27.6905,40.3137],[27.6921,40.3146],[27.6942,40.3155],[27.6982,40.3168],[27.7039,40.3183],[27.7094,40.3189],[27.7146,40.3187],[27.718,40.3183],[27.7195,40.3178],[27.7206,40.3171],[27.7211,40.3163],[27.7223,40.3155],[27.724,40.3146],[27.7263,40.3137],[27.7292,40.3128],[27.7328,40.3123],[27.737,40.312],[27.7409,40.3121],[27.7446,40.3124],[27.749,40.312],[27.7542,40.3109],[27.7615,40.3116],[27.7708,40.3143],[27.7763,40.3156],[27.7778,40.3155],[27.7791,40.3158],[27.7802,40.3162],[27.7809,40.3162],[27.7812,40.3155],[27.7818,40.3151],[27.7825,40.3151],[27.7828,40.3155],[27.7828,40.3164],[27.7826,40.3169],[27.7821,40.3171],[27.7824,40.3177],[27.7837,40.3188],[27.7852,40.3207],[27.7871,40.3235],[27.7905,40.3261],[27.7955,40.3285],[27.7981,40.33],[27.7983,40.3306],[27.7985,40.3306],[27.7987,40.33],[27.7992,40.3297],[27.8001,40.3297],[27.8003,40.3302],[27.8,40.3313],[27.8005,40.3325],[27.8019,40.3339],[27.8076,40.3382],[27.8175,40.3453],[27.8253,40.35],[27.831,40.3522],[27.8344,40.3539],[27.8354,40.3551],[27.8367,40.3561],[27.8383,40.3569],[27.8406,40.3577],[27.8438,40.3584],[27.8469,40.3598],[27.85,40.3619],[27.8519,40.3629],[27.8524,40.3628],[27.8528,40.3631],[27.8531,40.3637],[27.8541,40.3644],[27.8559,40.3651],[27.8571,40.3652],[27.8576,40.3649],[27.8589,40.366],[27.861,40.3686],[27.863,40.3702],[27.8651,40.3707],[27.867,40.3715],[27.8687,40.3728],[27.8694,40.3739],[27.8694,40.3751],[27.868,40.3762],[27.8654,40.3773],[27.8623,40.3783],[27.8586,40.3792],[27.856,40.3802],[27.8544,40.3813],[27.8526,40.3819],[27.8505,40.3819],[27.8482,40.3825],[27.8456,40.3838],[27.8435,40.3841],[27.8419,40.3836],[27.8406,40.3837],[27.8396,40.3844],[27.8388,40.3847],[27.8383,40.3845],[27.838,40.3851],[27.8381,40.3864],[27.8376,40.3874],[27.8365,40.3882],[27.8323,40.3902],[27.825,40.3932],[27.821,40.3944],[27.8201,40.3936],[27.8199,40.3927],[27.8202,40.3916],[27.8201,40.3911],[27.8196,40.3911],[27.819,40.3906],[27.8185,40.3897],[27.8174,40.389],[27.8159,40.3885],[27.8136,40.3881],[27.8105,40.388],[27.8086,40.3867],[27.8081,40.384],[27.8065,40.3817],[27.8039,40.3797],[27.8013,40.3786],[27.7987,40.3785],[27.7969,40.3788],[27.7958,40.3797],[27.7948,40.3801],[27.7937,40.3802],[27.7932,40.3798],[27.7932,40.379],[27.7938,40.3781],[27.7949,40.3771],[27.7949,40.376],[27.7938,40.3748],[27.7927,40.3743],[27.7916,40.3744],[27.7912,40.374],[27.7913,40.3729],[27.7908,40.3716],[27.7897,40.37],[27.7878,40.369],[27.7852,40.3687],[27.7828,40.369],[27.7808,40.3699],[27.7793,40.3716],[27.7784,40.3742],[27.7783,40.3768],[27.7788,40.3794],[27.7795,40.3813],[27.7803,40.3823],[27.7812,40.3829],[27.7823,40.3828],[27.7832,40.383],[27.7841,40.3836],[27.7844,40.3842],[27.7842,40.3847],[27.7851,40.3846],[27.787,40.3841],[27.7885,40.3843],[27.7894,40.3854],[27.7897,40.3863],[27.7893,40.3871],[27.7881,40.3874],[27.7861,40.3871],[27.7855,40.3875],[27.7862,40.3886],[27.7859,40.3896],[27.7845,40.3906],[27.7836,40.3932],[27.7831,40.3974],[27.7832,40.4011],[27.7837,40.4042],[27.7826,40.4057],[27.7799,40.4056],[27.7767,40.4064],[27.7728,40.4081],[27.7676,40.4115],[27.7612,40.4167],[27.7552,40.4206],[27.7496,40.4232],[27.7462,40.425],[27.7451,40.4261],[27.744,40.4276],[27.7429,40.4297],[27.7421,40.432],[27.7416,40.4346],[27.7416,40.4362],[27.742,40.4369],[27.7417,40.4377],[27.7406,40.4386],[27.7404,40.4394],[27.7411,40.4399],[27.7405,40.4406],[27.7387,40.4417],[27.7384,40.4429],[27.7395,40.4442],[27.741,40.4452],[27.7429,40.446],[27.7433,40.4472],[27.7422,40.4487],[27.7416,40.4505],[27.7413,40.4526],[27.7403,40.4531],[27.7388,40.4521],[27.7375,40.4503],[27.7364,40.4476],[27.7357,40.4467],[27.7352,40.4476],[27.7347,40.4478],[27.7341,40.4474],[27.7334,40.4474],[27.7323,40.4477],[27.7305,40.4485],[27.7279,40.4498],[27.724,40.4508],[27.7187,40.4516],[27.7143,40.4532],[27.7107,40.4559],[27.7087,40.4576],[27.7083,40.4585],[27.7075,40.459],[27.7063,40.4592],[27.7057,40.46],[27.7057,40.4613],[27.7039,40.463],[27.7002,40.4651],[27.6979,40.4666],[27.6969,40.4677],[27.6963,40.4687],[27.696,40.4698],[27.6948,40.4703],[27.6926,40.4703],[27.6909,40.4697],[27.6897,40.4685],[27.6886,40.4678],[27.6875,40.4677],[27.6861,40.468],[27.6842,40.4689],[27.6832,40.4701],[27.6831,40.4716],[27.6826,40.4727],[27.6817,40.4731],[27.6813,40.4737],[27.6816,40.4742],[27.6814,40.4753],[27.6807,40.4768],[27.6806,40.4779],[27.681,40.4784],[27.6808,40.4787],[27.6801,40.4788],[27.6795,40.4793],[27.679,40.4802],[27.6794,40.482],[27.6805,40.4846],[27.6811,40.4867],[27.6811,40.4883],[27.6808,40.4895],[27.6801,40.4904],[27.6797,40.4914],[27.6796,40.4926],[27.6802,40.4958],[27.6815,40.501],[27.6826,40.5041],[27.6835,40.505],[27.6852,40.5058],[27.6877,40.5065],[27.6909,40.5082],[27.6946,40.5111],[27.6972,40.5138],[27.6987,40.5163],[27.7008,40.5183],[27.7034,40.5196],[27.7049,40.5216],[27.7054,40.5242],[27.7062,40.5262],[27.7073,40.5275],[27.7089,40.5282],[27.7109,40.5281],[27.713,40.5274],[27.7151,40.5259],[27.72,40.5255],[27.7279,40.5264],[27.7334,40.5273],[27.7365,40.5281],[27.7388,40.528],[27.7404,40.5271],[27.7416,40.5258],[27.7423,40.5242],[27.7424,40.5232],[27.7421,40.5227],[27.7422,40.5214],[27.7429,40.5193],[27.7437,40.5182],[27.7448,40.5182],[27.7456,40.5188],[27.7461,40.5199],[27.7456,40.5218],[27.7439,40.5243],[27.7439,40.5261],[27.7456,40.5274],[27.748,40.5286],[27.7511,40.5297],[27.7537,40.5302],[27.7558,40.5298],[27.7571,40.529],[27.7576,40.5277],[27.7596,40.5271],[27.7633,40.5274],[27.7659,40.5269],[27.7674,40.5256],[27.7688,40.5251],[27.7701,40.5254],[27.7705,40.5253],[27.77,40.5248],[27.7699,40.5242],[27.7702,40.5237],[27.7707,40.5234],[27.7714,40.5234],[27.7717,40.5242],[27.7716,40.5258],[27.7723,40.527],[27.7738,40.5278],[27.7755,40.5282],[27.7776,40.5282],[27.7793,40.5278],[27.7806,40.527],[27.7815,40.5261],[27.782,40.525],[27.7823,40.5227],[27.7822,40.519],[27.7829,40.5162],[27.7842,40.5141],[27.786,40.5137],[27.7881,40.5152],[27.7899,40.5173],[27.7914,40.5202],[27.793,40.522],[27.7945,40.5227],[27.7959,40.5229],[27.7972,40.5226],[27.7985,40.5216],[27.7998,40.5199],[27.801,40.519],[27.8021,40.5188],[27.8034,40.5187],[27.8049,40.5187],[27.8086,40.5196],[27.8143,40.5213],[27.8196,40.5215],[27.8243,40.5202],[27.8279,40.5197],[27.8305,40.52],[27.8331,40.5189],[27.8357,40.5166],[27.8373,40.5159],[27.8378,40.5169],[27.8383,40.5173],[27.8388,40.5171],[27.8401,40.5175],[27.8422,40.5186],[27.8503,40.5191],[27.8644,40.5193],[27.8725,40.5188],[27.8748,40.5177],[27.8802,40.5169],[27.8889,40.5162],[27.8938,40.5149],[27.895,40.513],[27.8963,40.5122],[27.8977,40.5126],[27.8995,40.5125],[27.9015,40.5118],[27.906,40.5116],[27.9127,40.5119],[27.9185,40.5116],[27.9232,40.5107],[27.9273,40.5094],[27.931,40.5077],[27.9354,40.5063],[27.9406,40.505],[27.9439,40.5036],[27.9454,40.5023],[27.946,40.5013],[27.9459,40.5008],[27.9486,40.5011],[27.9541,40.5023],[27.9591,40.5016],[27.9638,40.4991],[27.9746,40.4964],[27.9915,40.4936],[27.9999,40.6192],[27.9996,40.8731],[27.9972,41],[27.9925,41],[27.9898,40.9978],[27.9893,40.9933],[27.9886,40.9903],[27.9879,40.9888],[27.9861,40.986],[27.9832,40.982],[27.9802,40.9794],[27.9771,40.9783],[27.9748,40.9771],[27.9733,40.9761],[27.9721,40.9747],[27.9712,40.9732],[27.971,40.9719],[27.9713,40.9708],[27.9713,40.9695],[27.9709,40.968],[27.9698,40.9663],[27.9681,40.9646],[27.9654,40.9632],[27.9617,40.9621],[27.9581,40.9615],[27.9544,40.9615],[27.9521,40.9619],[27.951,40.9626],[27.9498,40.963],[27.9484,40.963],[27.9471,40.9624],[27.9459,40.9612],[27.9435,40.9601],[27.9398,40.9591],[27.9375,40.9586],[27.9364,40.9587],[27.9356,40.959],[27.935,40.9596],[27.9333,40.9596],[27.9304,40.9592],[27.9285,40.9592],[27.9276,40.9596],[27.9274,40.9604],[27.9279,40.9615],[27.9275,40.9624],[27.9262,40.9632],[27.9253,40.9642],[27.9248,40.9655],[27.9239,40.9664],[27.9228,40.9669],[27.9215,40.9672],[27.92,40.9672],[27.9177,40.9667],[27.9146,40.9656],[27.9114,40.9654],[27.9083,40.9658],[27.9059,40.9657],[27.9044,40.9648],[27.9005,40.9636],[27.8942,40.9619],[27.8898,40.9613],[27.8872,40.9617],[27.8854,40.9625],[27.8844,40.9636],[27.8831,40.9641],[27.8815,40.9641],[27.8802,40.9636],[27.8791,40.9627],[27.8781,40.9622],[27.8771,40.9622],[27.873,40.9635],[27.8657,40.966],[27.8601,40.9696],[27.8564,40.9743],[27.8541,40.9774],[27.8533,40.9789],[27.8518,40.9806],[27.8495,40.9825],[27.8466,40.9842],[27.8429,40.9857],[27.8367,40.9879],[27.8278,40.9906],[27.8177,40.9931],[27.8062,40.9954],[27.7987,40.9974],[27.795,40.9991],[27.7737,41],[27.7346,41],[27.7143,40.9996],[27.7128,40.9988],[27.7099,40.9979],[27.7057,40.9969],[27.6987,40.9964],[27.6888,40.9963],[27.6821,40.9958],[27.6784,40.9949],[27.675,40.9946],[27.6719,40.9949],[27.6702,40.9956],[27.6698,40.9968],[27.6695,40.9974],[27.669,40.9974],[27.6685,40.9969],[27.6682,40.9958],[27.667,40.9946],[27.6651,40.9931],[27.6589,40.9918],[27.6484,40.9906],[27.6391,40.989],[27.6308,40.9868],[27.6245,40.9856],[27.6203,40.9851],[27.6156,40.9841],[27.6104,40.9826],[27.6055,40.9816],[27.6008,40.9812],[27.5969,40.9805],[27.5938,40.9793],[27.5904,40.9786],[27.5867,40.9781],[27.5833,40.9783],[27.5802,40.9792],[27.5768,40.9789],[27.5732,40.9776],[27.5695,40.9768],[27.5656,40.9767],[27.5607,40.9756],[27.5546,40.9735],[27.5485,40.9724],[27.5422,40.9725],[27.5378,40.9731],[27.5352,40.9744],[27.5334,40.975],[27.5323,40.975],[27.5308,40.9738],[27.5287,40.9713],[27.5258,40.9696],[27.5221,40.9688],[27.5195,40.968],[27.518,40.9671],[27.5167,40.9656],[27.5156,40.9635],[27.5138,40.9613],[27.5112,40.959],[27.5075,40.9571],[27.5028,40.9555],[27.4981,40.9505],[27.4935,40.9422],[27.4895,40.9341],[27.486,40.9263],[27.4818,40.9198],[27.4769,40.9146],[27.4743,40.9112],[27.474,40.9097],[27.474,40.9086],[27.4744,40.9081],[27.474,40.9073],[27.4729,40.9062],[27.4726,40.9055],[27.4731,40.905],[27.4739,40.9048],[27.475,40.9048],[27.4757,40.9041],[27.476,40.9024],[27.4749,40.8993],[27.4723,40.8946],[27.4703,40.8917],[27.4689,40.8906],[27.4678,40.8901],[27.4669,40.8901],[27.4667,40.8898],[27.467,40.8894],[27.4669,40.8893],[27.4664,40.8897],[27.4658,40.8894],[27.4653,40.8885],[27.4646,40.8833],[27.4638,40.874],[27.4638,40.869],[27.4647,40.8683],[27.4652,40.8673],[27.4653,40.8658],[27.4647,40.8641],[27.4634,40.862],[27.4626,40.8596],[27.4622,40.857],[27.4613,40.8541],[27.4598,40.8511],[27.459,40.8485],[27.4589,40.8464],[27.4581,40.8445],[27.4565,40.843],[27.4549,40.8419],[27.4534,40.8414],[27.4505,40.839],[27.4464,40.8349],[27.4438,40.8328],[27.4427,40.8328],[27.4409,40.8315],[27.4383,40.8289],[27.4362,40.8273],[27.4347,40.8269],[27.4323,40.8256],[27.4292,40.8235],[27.4274,40.8227],[27.4269,40.8232],[27.4266,40.8232],[27.4266,40.8227],[27.4256,40.8214],[27.4235,40.8192],[27.4216,40.8179],[27.4201,40.8175],[27.4188,40.8167],[27.4177,40.8156],[27.4164,40.8151],[27.4149,40.8151],[27.4136,40.8149],[27.4125,40.8144],[27.4112,40.8133],[27.4097,40.8117],[27.4068,40.8101],[27.4026,40.8086],[27.399,40.8068],[27.3959,40.8047],[27.3938,40.8026],[27.3927,40.8005],[27.3909,40.7992],[27.3883,40.7987],[27.3841,40.7953],[27.3784,40.789],[27.374,40.7849],[27.3709,40.7828],[27.3685,40.7805],[27.3669,40.7779],[27.3656,40.7766],[27.3646,40.7766],[27.3615,40.7743],[27.3562,40.7696],[27.3531,40.7671],[27.3521,40.767],[27.3508,40.7662],[27.3492,40.7648],[27.3479,40.7641],[27.3469,40.7641],[27.3451,40.762],[27.3427,40.7578],[27.341,40.7557],[27.3403,40.7557],[27.3396,40.7534],[27.3391,40.7487],[27.3381,40.7447],[27.3366,40.7414],[27.3354,40.7377],[27.3344,40.7338],[27.3323,40.73],[27.3292,40.7265],[27.3267,40.7233],[27.325,40.7206],[27.3234,40.7187],[27.3221,40.7176],[27.3216,40.7158],[27.3221,40.7133],[27.3219,40.7112],[27.321,40.7097],[27.3182,40.7064],[27.3133,40.7014],[27.3091,40.6979],[27.3054,40.6957],[27.3023,40.6936],[27.2997,40.6915],[27.2962,40.6895],[27.2918,40.6879],[27.2858,40.6848],[27.2783,40.6803],[27.2729,40.6766],[27.2698,40.6735],[27.2671,40.6718],[27.2648,40.6715],[27.2634,40.6719],[27.263,40.6729],[27.2626,40.6734],[27.2622,40.6734],[27.2617,40.673],[27.2612,40.6721],[27.259,40.6705],[27.2553,40.6683],[27.2522,40.6662],[27.2499,40.664],[27.2476,40.6616],[27.2454,40.6587],[27.2427,40.6569],[27.2396,40.656],[27.2375,40.6559],[27.2364,40.6565],[27.2351,40.6568],[27.2336,40.6568],[27.2318,40.656],[27.2297,40.6546],[27.2242,40.652],[27.2153,40.6485],[27.2083,40.6449],[27.2031,40.6412],[27.1982,40.6386],[27.1935,40.6372],[27.1894,40.6343],[27.1861,40.6298],[27.1832,40.6267],[27.1809,40.6248],[27.1784,40.624],[27.1757,40.6244],[27.171,40.6227],[27.1643,40.6192],[27.1573,40.616],[27.15,40.6129],[27.145,40.6116],[27.1421,40.6119],[27.14,40.6115],[27.1387,40.6105],[27.1359,40.6096],[27.1318,40.6087],[27.1283,40.6084],[27.1254,40.6087],[27.1222,40.6078],[27.1189,40.6057],[27.1154,40.6046],[27.1117,40.6047],[27.1094,40.6052],[27.1083,40.6063],[27.107,40.6061],[27.1055,40.6046],[27.1037,40.6038],[27.1016,40.6035],[27.0996,40.6037],[27.0977,40.6044],[27.0964,40.6043],[27.0957,40.6035],[27.0945,40.6028],[27.093,40.6023],[27.0896,40.6017],[27.0844,40.6012],[27.0808,40.601],[27.0787,40.6012],[27.0769,40.6016],[27.0756,40.6023],[27.074,40.6021],[27.0723,40.6011],[27.0704,40.6004],[27.0683,40.6],[27.0612,40.5977],[27.0492,40.5934],[27.0409,40.5901],[27.0362,40.5878],[27.0273,40.5812],[27.014,40.5705],[27.0069,40.5646],[27.0058,40.5635],[27.0049,40.5617],[27.0039,40.5591],[27.0026,40.5568],[27.0009,40.5547],[27.0001,40.5129],[27.0004,40.4313],[27.0039,40.3911],[27.0107,40.3923],[27.0162,40.3935],[27.0203,40.3948],[27.0227,40.3951],[27.0232,40.3944],[27.0263,40.3944],[27.032,40.395],[27.0354,40.3957],[27.0365,40.3964],[27.0378,40.3984],[27.0393,40.4017],[27.0416,40.4044],[27.0446,40.4067],[27.0459,40.4083],[27.0455,40.4094],[27.0445,40.4099],[27.043,40.4099],[27.0417,40.409],[27.0406,40.4072],[27.0399,40.4063],[27.0394,40.4063],[27.0389,40.4064],[27.0386,40.4067],[27.0385,40.4071],[27.0387,40.4076],[27.0384,40.408],[27.0374,40.4083],[27.0362,40.4079],[27.0347,40.4068],[27.0352,40.4085],[27.0377,40.4129],[27.0405,40.4155],[27.0437,40.4162],[27.0469,40.4165],[27.05,40.4165],[27.0521,40.4161],[27.0531,40.4154],[27.0544,40.4152],[27.056,40.4157],[27.0575,40.417],[27.059,40.4192],[27.0591,40.4208],[27.0578,40.4219],[27.0576,40.4243],[27.0585,40.428],[27.0599,40.4303],[27.062,40.4312],[27.0648,40.4314],[27.0685,40.431],[27.0714,40.4313],[27.0735,40.4322],[27.0753,40.4337],[27.0768,40.436],[27.0781,40.4373],[27.0792,40.4376],[27.0805,40.4375],[27.082,40.4372],[27.083,40.4375],[27.0835,40.4386],[27.0843,40.4395],[27.0854,40.4402],[27.0864,40.4406],[27.0875,40.4405],[27.0878,40.4411],[27.0875,40.4425],[27.0891,40.4452],[27.0926,40.4491],[27.0953,40.4511],[27.0974,40.4513],[27.0992,40.4509],[27.1009,40.45],[27.1015,40.449],[27.101,40.4479],[27.1009,40.4471],[27.1014,40.4466],[27.1026,40.4462],[27.1047,40.4461],[27.1078,40.4466],[27.112,40.4479],[27.1159,40.4502],[27.1196,40.4536],[27.1222,40.4553],[27.1237,40.4552],[27.1269,40.4544],[27.1316,40.4527],[27.1352,40.4534],[27.1379,40.4563],[27.1405,40.458],[27.143,40.4583],[27.1456,40.4576],[27.1482,40.4559],[27.1516,40.4549],[27.1557,40.4546],[27.1607,40.4526],[27.1664,40.4488],[27.1711,40.4463],[27.1748,40.4453],[27.18,40.4429],[27.1867,40.4392],[27.1912,40.4373],[27.1933,40.4371],[27.1961,40.4376],[27.1998,40.4389],[27.2023,40.4404],[27.2038,40.4423],[27.2061,40.4439],[27.2093,40.4454],[27.2167,40.4479],[27.2281,40.4516],[27.2354,40.4543],[27.2386,40.4562],[27.2409,40.4572],[27.2424,40.4575],[27.2439,40.4574],[27.2453,40.457],[27.2466,40.4574],[27.2478,40.4586],[27.25,40.4599],[27.2531,40.4611],[27.256,40.462],[27.2586,40.4625],[27.2614,40.4634],[27.2646,40.4647],[27.2666,40.4653],[27.2677,40.4651],[27.2681,40.4659],[27.2678,40.4674],[27.2689,40.4696],[27.2712,40.4723],[27.2748,40.4746],[27.2795,40.4763],[27.2831,40.4773],[27.2857,40.4774],[27.2877,40.4769],[27.2892,40.476],[27.2905,40.474],[27.2916,40.471],[27.2946,40.4668],[27.2994,40.4616],[27.3051,40.4569],[27.3118,40.4529],[27.3154,40.4504],[27.3159,40.4494],[27.3169,40.4484],[27.3185,40.4473],[27.3203,40.4451],[27.3222,40.4418],[27.3233,40.4393],[27.3234,40.4378],[27.324,40.4361],[27.325,40.4343],[27.3255,40.4322],[27.3254,40.4298],[27.3259,40.4288],[27.327,40.4291],[27.3284,40.4291],[27.3299,40.4288],[27.3318,40.4281],[27.3339,40.4272],[27.3353,40.4262],[27.3362,40.4251],[27.3367,40.4227],[27.3368,40.419],[27.3373,40.4149],[27.3382,40.4102],[27.3379,40.4068],[27.3366,40.4046],[27.3354,40.4033],[27.3345,40.4029],[27.3339,40.4018],[27.3337,40.4003],[27.3321,40.3984],[27.3291,40.3962],[27.3272,40.3946],[27.3264,40.3937],[27.3259,40.3925],[27.3256,40.391],[27.3252,40.391],[27.3246,40.3925],[27.3238,40.3922],[27.3228,40.3901],[27.3232,40.3881],[27.3251,40.386],[27.3261,40.3847],[27.3263,40.3842],[27.3261,40.3834],[27.3254,40.3823],[27.3251,40.3814],[27.3254,40.3807],[27.3258,40.3804],[27.3263,40.3808],[27.3273,40.3803],[27.3286,40.3792],[27.3296,40.3787],[27.3303,40.3789],[27.3307,40.3787],[27.3308,40.378],[27.3329,40.3763],[27.337,40.3737],[27.344,40.3699],[27.354,40.365],[27.3638,40.3608],[27.3737,40.3574],[27.3851,40.353],[27.3982,40.3475],[27.4102,40.342],[27.4211,40.3366],[27.431,40.3322],[27.4399,40.3289],[27.4545,40.3243],[27.4748,40.3187],[27.4899,40.3148],[27.4998,40.3127],[27.5104,40.3109],[27.5219,40.3093],[27.5305,40.3084],[27.5362,40.3081],[27.5407,40.3082],[27.5439,40.3087],[27.5455,40.3089],[27.5455,40.3089],[27.5504,40.3101]],[[27.4883,40.6343],[27.4867,40.6342],[27.4851,40.6344],[27.4836,40.6349],[27.4817,40.6364],[27.4794,40.6389],[27.4784,40.641],[27.4785,40.6428],[27.4799,40.6449],[27.4826,40.6474],[27.4857,40.6487],[27.4893,40.6489],[27.4914,40.6487],[27.4919,40.6479],[27.4923,40.6465],[27.4924,40.6443],[27.4921,40.6424],[27.4913,40.6409],[27.4908,40.6391],[27.4907,40.637],[27.4902,40.6355],[27.4895,40.6348],[27.4891,40.6344],[27.4891,40.6344],[27.4883,40.6343]],[[27.7601,40.6282],[27.7586,40.6278],[27.7573,40.6279],[27.7562,40.6284],[27.7554,40.6291],[27.7547,40.6302],[27.7545,40.6315],[27.7548,40.6331],[27.7557,40.6343],[27.7571,40.6352],[27.7586,40.6357],[27.7601,40.6358],[27.7614,40.6354],[27.7623,40.6344],[27.7628,40.6334],[27.7629,40.6323],[27.7625,40.6309],[27.7614,40.6292],[27.7609,40.6283],[27.7609,40.6283],[27.7601,40.6282]],[[27.6073,40.572],[27.6021,40.5733],[27.5992,40.5749],[27.5985,40.5767],[27.5967,40.5773],[27.5937,40.5768],[27.5904,40.5765],[27.5867,40.5766],[27.5844,40.5756],[27.5833,40.5737],[27.5818,40.5732],[27.5797,40.5741],[27.5781,40.5739],[27.5771,40.5727],[27.5761,40.572],[27.575,40.5717],[27.5727,40.5723],[27.569,40.5737],[27.5659,40.5756],[27.5633,40.5779],[27.5591,40.5798],[27.5534,40.5811],[27.5495,40.5832],[27.5474,40.5859],[27.5446,40.588],[27.5409,40.5896],[27.5386,40.5911],[27.5375,40.5925],[27.5362,40.5928],[27.5347,40.592],[27.5324,40.5923],[27.5294,40.5936],[27.5277,40.5946],[27.5272,40.5951],[27.5268,40.5969],[27.5263,40.6],[27.5252,40.6029],[27.5237,40.6055],[27.5229,40.6073],[27.5228,40.6084],[27.523,40.6094],[27.5235,40.6104],[27.5253,40.6114],[27.5282,40.6124],[27.53,40.6135],[27.5307,40.6146],[27.5309,40.6156],[27.5308,40.6167],[27.5297,40.6183],[27.5276,40.6205],[27.5263,40.6223],[27.5256,40.6238],[27.5248,40.6247],[27.5239,40.6251],[27.5232,40.6259],[27.5228,40.627],[27.5228,40.6297],[27.5231,40.6338],[27.5236,40.6362],[27.5242,40.6367],[27.525,40.637],[27.5261,40.637],[27.5266,40.6375],[27.5266,40.6386],[27.5261,40.6394],[27.525,40.6398],[27.5246,40.6409],[27.5249,40.6424],[27.527,40.6449],[27.5309,40.6482],[27.5349,40.6503],[27.539,40.6512],[27.5427,40.6533],[27.5458,40.6566],[27.5485,40.6583],[27.5506,40.6584],[27.5524,40.658],[27.5539,40.6572],[27.555,40.6563],[27.5557,40.6552],[27.5559,40.6541],[27.5558,40.653],[27.5559,40.6522],[27.5564,40.6518],[27.5572,40.6517],[27.5583,40.6519],[27.5593,40.6516],[27.56,40.6509],[27.5602,40.6498],[27.56,40.6484],[27.5594,40.6476],[27.5583,40.6475],[27.5573,40.6469],[27.5562,40.6458],[27.5562,40.6453],[27.5573,40.6453],[27.5581,40.6451],[27.5586,40.6446],[27.5594,40.6448],[27.5604,40.6459],[27.562,40.6466],[27.5641,40.6471],[27.5658,40.6471],[27.5671,40.6466],[27.5683,40.6482],[27.5692,40.6518],[27.5706,40.6542],[27.5725,40.6554],[27.575,40.6563],[27.5781,40.6569],[27.5811,40.6571],[27.5839,40.6569],[27.5873,40.6574],[27.5912,40.6585],[27.5942,40.6591],[27.5963,40.659],[27.5975,40.6594],[27.598,40.6604],[27.5996,40.6615],[27.6023,40.6625],[27.6044,40.6629],[27.606,40.6625],[27.6071,40.6617],[27.6076,40.6605],[27.6083,40.66],[27.6094,40.6602],[27.6102,40.6601],[27.6107,40.6598],[27.6117,40.6605],[27.6133,40.6623],[27.6157,40.6632],[27.6188,40.6632],[27.6218,40.6642],[27.6249,40.6662],[27.6276,40.6672],[27.6299,40.6672],[27.6315,40.668],[27.6324,40.6695],[27.6336,40.6703],[27.6351,40.6703],[27.6372,40.6698],[27.6398,40.6687],[27.6416,40.6676],[27.6427,40.6663],[27.6438,40.6655],[27.6449,40.6652],[27.646,40.6642],[27.6469,40.6623],[27.6487,40.6614],[27.6513,40.6612],[27.6531,40.6614],[27.6542,40.6618],[27.655,40.6625],[27.6555,40.6636],[27.657,40.6644],[27.6596,40.6649],[27.662,40.6634],[27.6641,40.6597],[27.6656,40.6578],[27.6667,40.6578],[27.6674,40.6589],[27.6677,40.661],[27.6692,40.6631],[27.672,40.6652],[27.6751,40.6662],[27.6784,40.6661],[27.6808,40.6656],[27.6823,40.6646],[27.6831,40.6625],[27.6832,40.6594],[27.6831,40.6576],[27.6828,40.6571],[27.6832,40.6563],[27.6843,40.6555],[27.6857,40.6549],[27.6872,40.6546],[27.6893,40.655],[27.6919,40.6559],[27.6943,40.656],[27.6964,40.6553],[27.7003,40.6547],[27.706,40.6542],[27.7099,40.6535],[27.712,40.6524],[27.7138,40.6509],[27.7153,40.6492],[27.7198,40.6472],[27.7271,40.6451],[27.731,40.6436],[27.7315,40.6427],[27.7321,40.6426],[27.7326,40.6435],[27.7339,40.6439],[27.736,40.6438],[27.7379,40.6423],[27.7398,40.6394],[27.7411,40.6381],[27.7418,40.6382],[27.7425,40.6379],[27.743,40.6371],[27.7437,40.6366],[27.7448,40.6364],[27.7456,40.6357],[27.7462,40.6345],[27.7465,40.6331],[27.7465,40.6315],[27.7456,40.6291],[27.7437,40.6261],[27.7421,40.6241],[27.7408,40.6233],[27.7392,40.623],[27.7373,40.6233],[27.7363,40.6229],[27.736,40.6219],[27.734,40.6202],[27.7304,40.6177],[27.7273,40.6162],[27.7247,40.6155],[27.7208,40.6139],[27.7156,40.6113],[27.7113,40.6105],[27.7078,40.6115],[27.7052,40.6108],[27.7035,40.6083],[27.7021,40.6071],[27.701,40.607],[27.7002,40.6071],[27.6995,40.6076],[27.6992,40.6075],[27.6993,40.6071],[27.6986,40.6063],[27.6971,40.6051],[27.6946,40.6041],[27.6909,40.6031],[27.6875,40.6018],[27.6844,40.6003],[27.6823,40.5995],[27.6812,40.5995],[27.6797,40.6],[27.6776,40.6012],[27.6755,40.6014],[27.6733,40.6008],[27.6714,40.5997],[27.6697,40.5982],[27.669,40.5964],[27.6693,40.5943],[27.6686,40.5927],[27.6669,40.5916],[27.6656,40.5903],[27.6646,40.5886],[27.6588,40.5863],[27.6481,40.5833],[27.6402,40.5803],[27.6353,40.5773],[27.632,40.5758],[27.6305,40.5758],[27.6288,40.5765],[27.6271,40.5779],[27.6257,40.5786],[27.6246,40.5786],[27.6234,40.5774],[27.6221,40.5749],[27.6196,40.5735],[27.6159,40.5734],[27.6131,40.5728],[27.611,40.5718],[27.6099,40.5713],[27.6099,40.5713],[27.6073,40.572]],[[27.4753,40.5104],[27.475,40.5115],[27.475,40.5128],[27.4753,40.5143],[27.4763,40.5157],[27.4778,40.5169],[27.4791,40.5176],[27.4802,40.5177],[27.4813,40.5171],[27.4824,40.5157],[27.4828,40.5143],[27.4823,40.5128],[27.4812,40.5115],[27.4795,40.5104],[27.4778,40.5099],[27.4763,40.5099],[27.4755,40.5099],[27.4755,40.5099],[27.4753,40.5104]],[[27.4909,40.4642],[27.4883,40.4645],[27.4862,40.4653],[27.4847,40.4666],[27.4841,40.4696],[27.4845,40.4743],[27.4844,40.4774],[27.4838,40.4789],[27.4826,40.4804],[27.4807,40.4818],[27.4791,40.4834],[27.4781,40.4851],[27.4771,40.488],[27.4761,40.4922],[27.4767,40.4959],[27.4787,40.499],[27.4808,40.5009],[27.4829,40.5018],[27.4857,40.5037],[27.4893,40.5066],[27.4916,40.5097],[27.4927,40.513],[27.4937,40.5149],[27.4948,40.5155],[27.4949,40.5172],[27.4942,40.52],[27.4943,40.5224],[27.4953,40.5245],[27.4966,40.5263],[27.4982,40.5278],[27.4995,40.5304],[27.5004,40.5341],[27.5005,40.5367],[27.4998,40.5383],[27.4981,40.5394],[27.4955,40.5399],[27.4936,40.5406],[27.4924,40.5417],[27.4916,40.5427],[27.4913,40.5438],[27.4909,40.5443],[27.4904,40.5443],[27.4893,40.5432],[27.4878,40.5411],[27.4857,40.5394],[27.4831,40.5382],[27.4808,40.5368],[27.4787,40.5352],[27.4763,40.5343],[27.4737,40.5343],[27.4719,40.5338],[27.4708,40.533],[27.4695,40.5327],[27.468,40.5328],[27.4664,40.5339],[27.4647,40.536],[27.4638,40.5383],[27.4635,40.5409],[27.4636,40.5435],[27.4643,40.5461],[27.4653,40.5481],[27.4666,40.5493],[27.4709,40.551],[27.4782,40.5532],[27.4862,40.5548],[27.4951,40.5559],[27.5013,40.5561],[27.505,40.5555],[27.5073,40.5548],[27.5084,40.554],[27.5097,40.5523],[27.5112,40.5497],[27.5114,40.5474],[27.5103,40.5453],[27.51,40.544],[27.5103,40.5435],[27.5129,40.5425],[27.5179,40.541],[27.5208,40.5396],[27.5219,40.5383],[27.5234,40.5369],[27.5254,40.5356],[27.5267,40.5343],[27.5273,40.5331],[27.5294,40.5323],[27.5331,40.5318],[27.5367,40.5301],[27.5404,40.5272],[27.5453,40.5255],[27.5516,40.5252],[27.5552,40.5244],[27.5561,40.5231],[27.5567,40.5214],[27.5568,40.5193],[27.5555,40.5166],[27.5529,40.5134],[27.5513,40.512],[27.5508,40.5125],[27.5493,40.5123],[27.547,40.5114],[27.5426,40.5087],[27.5361,40.5041],[27.5326,40.5015],[27.5323,40.5009],[27.5323,40.5],[27.5328,40.4989],[27.5335,40.4982],[27.5344,40.4979],[27.5357,40.4979],[27.5372,40.4984],[27.5386,40.4983],[27.5398,40.4977],[27.5404,40.4972],[27.5403,40.4967],[27.5408,40.4959],[27.5417,40.4948],[27.5423,40.4933],[27.5424,40.4912],[27.5428,40.4898],[27.5433,40.4894],[27.5434,40.4888],[27.5429,40.4883],[27.5428,40.4877],[27.5431,40.4872],[27.5414,40.486],[27.5377,40.4843],[27.5351,40.4838],[27.5336,40.4845],[27.5326,40.484],[27.5321,40.4823],[27.5256,40.4795],[27.5131,40.4756],[27.505,40.4719],[27.5013,40.4683],[27.4977,40.4659],[27.494,40.4646],[27.4922,40.464],[27.4922,40.464],[27.4909,40.4642]],[[27.6734,40.4556],[27.6734,40.456],[27.6734,40.456],[27.6734,40.4556],[27.6734,40.4554],[27.6734,40.4554],[27.6734,40.4556]],[[27.7378,40.4472],[27.7375,40.4474],[27.7378,40.4481],[27.7387,40.4494],[27.7393,40.4496],[27.7398,40.4488],[27.7395,40.4481],[27.7385,40.4475],[27.738,40.4472],[27.738,40.4472],[27.7378,40.4472]],[[27.6651,40.441],[27.663,40.4407],[27.6602,40.4409],[27.6565,40.4415],[27.6535,40.4427],[27.651,40.4445],[27.6494,40.4458],[27.6487,40.4467],[27.6427,40.449],[27.6312,40.4527],[27.6242,40.4546],[27.6216,40.4547],[27.618,40.4544],[27.6133,40.4537],[27.6101,40.4537],[27.6086,40.4545],[27.6075,40.4556],[27.6068,40.4571],[27.6059,40.4578],[27.6046,40.4578],[27.6031,40.4569],[27.6014,40.4552],[27.5995,40.4543],[27.5974,40.4542],[27.5943,40.455],[27.5901,40.4567],[27.587,40.4584],[27.5849,40.4601],[27.5831,40.4609],[27.5815,40.4609],[27.5799,40.4603],[27.5784,40.4591],[27.5766,40.4593],[27.5745,40.461],[27.5732,40.4616],[27.5726,40.4611],[27.5721,40.4612],[27.5717,40.4617],[27.5701,40.4606],[27.5674,40.4578],[27.5651,40.4562],[27.563,40.4557],[27.5612,40.4557],[27.5597,40.4565],[27.5586,40.4573],[27.5579,40.4584],[27.5577,40.4607],[27.5579,40.4643],[27.5582,40.4669],[27.5587,40.4685],[27.5597,40.4701],[27.5612,40.4719],[27.5636,40.4727],[27.5667,40.4728],[27.5692,40.4724],[27.5713,40.4718],[27.5723,40.471],[27.5724,40.4703],[27.5729,40.47],[27.5738,40.4702],[27.5738,40.4685],[27.5729,40.4648],[27.5729,40.4626],[27.574,40.4619],[27.5748,40.4622],[27.5755,40.4635],[27.576,40.4651],[27.5763,40.4672],[27.576,40.4687],[27.5751,40.4698],[27.5762,40.4742],[27.5795,40.482],[27.5809,40.4862],[27.5804,40.4867],[27.5808,40.4873],[27.5821,40.4878],[27.5814,40.4888],[27.5789,40.4905],[27.5764,40.4913],[27.574,40.4912],[27.5719,40.4922],[27.57,40.4943],[27.5692,40.4964],[27.5696,40.4985],[27.5696,40.4998],[27.5691,40.5003],[27.5696,40.5013],[27.5709,40.5028],[27.5718,40.506],[27.5722,40.5107],[27.5732,40.5134],[27.5747,40.5142],[27.5755,40.516],[27.5755,40.5188],[27.5768,40.5205],[27.5794,40.5211],[27.5801,40.5224],[27.5791,40.5245],[27.5786,40.526],[27.5788,40.5271],[27.5794,40.5281],[27.5803,40.5291],[27.5818,40.5299],[27.5839,40.5304],[27.586,40.5305],[27.5881,40.53],[27.5897,40.5292],[27.5907,40.5281],[27.5916,40.5263],[27.5923,40.5237],[27.5931,40.5221],[27.594,40.5217],[27.5933,40.5202],[27.5912,40.5177],[27.5898,40.5148],[27.5892,40.5116],[27.5899,40.5063],[27.5918,40.499],[27.5929,40.494],[27.5932,40.4914],[27.593,40.4898],[27.5925,40.4892],[27.5914,40.4888],[27.5899,40.4885],[27.5883,40.4886],[27.5868,40.4889],[27.5858,40.4886],[27.5855,40.4875],[27.5863,40.4864],[27.5882,40.4851],[27.5901,40.4848],[27.5922,40.4854],[27.5943,40.4857],[27.5964,40.4856],[27.5978,40.4859],[27.5986,40.4866],[27.5992,40.4886],[27.5997,40.4917],[27.5994,40.495],[27.5983,40.4987],[27.5979,40.5018],[27.5982,40.5044],[27.5979,40.5059],[27.5969,40.5062],[27.5962,40.507],[27.5957,40.5082],[27.5957,40.5094],[27.5962,40.5105],[27.5969,40.5114],[27.5979,40.5122],[27.5995,40.5126],[27.6016,40.5126],[27.6034,40.5117],[27.6049,40.5098],[27.606,40.5089],[27.6065,40.5089],[27.6071,40.5094],[27.6077,40.5104],[27.6116,40.5117],[27.6188,40.5132],[27.6233,40.5132],[27.625,40.5117],[27.6256,40.5104],[27.6253,40.5094],[27.6246,40.5084],[27.6235,40.5073],[27.6233,40.5065],[27.6238,40.506],[27.6252,40.5057],[27.6275,40.5056],[27.6289,40.5047],[27.6294,40.5031],[27.63,40.5027],[27.6305,40.5034],[27.6315,40.5032],[27.6331,40.5021],[27.6357,40.5016],[27.6393,40.5019],[27.6419,40.5015],[27.6435,40.5006],[27.6456,40.5007],[27.6482,40.502],[27.6503,40.5024],[27.6518,40.5019],[27.6531,40.4999],[27.6542,40.4962],[27.6548,40.493],[27.6549,40.4904],[27.6552,40.4888],[27.6557,40.4883],[27.6556,40.4881],[27.655,40.4882],[27.6546,40.488],[27.6545,40.4873],[27.6549,40.4867],[27.6558,40.4862],[27.6551,40.4853],[27.6528,40.4841],[27.6506,40.4818],[27.6485,40.4785],[27.6456,40.4759],[27.6419,40.4741],[27.6399,40.4726],[27.6394,40.4714],[27.6396,40.4705],[27.6406,40.4698],[27.6424,40.4694],[27.6451,40.4693],[27.6469,40.4688],[27.6479,40.4681],[27.6484,40.4673],[27.6484,40.4664],[27.6489,40.4659],[27.65,40.4658],[27.6526,40.4666],[27.6568,40.4685],[27.6602,40.4695],[27.6628,40.4697],[27.6646,40.4705],[27.6656,40.4718],[27.6664,40.4725],[27.6669,40.4726],[27.6677,40.4713],[27.6687,40.4686],[27.6698,40.4672],[27.6709,40.4672],[27.6713,40.4667],[27.671,40.4656],[27.6713,40.4649],[27.6723,40.4644],[27.673,40.4636],[27.6735,40.4625],[27.6735,40.4615],[27.673,40.4604],[27.6729,40.4596],[27.6734,40.4592],[27.6729,40.4576],[27.6714,40.4549],[27.6712,40.4531],[27.6721,40.4521],[27.6722,40.4511],[27.6715,40.45],[27.6712,40.4482],[27.6711,40.4456],[27.6706,40.4438],[27.6698,40.4427],[27.6686,40.4419],[27.6669,40.4414],[27.6661,40.4411],[27.6661,40.4411],[27.6651,40.441]]],[[[27.032,40.0289],[27.0325,40.0294],[27.0325,40.03],[27.032,40.0305],[27.0313,40.0307],[27.0302,40.0307],[27.0297,40.0305],[27.0297,40.03],[27.0302,40.0294],[27.0313,40.0289],[27.0318,40.0286],[27.0318,40.0286],[27.032,40.0289]]]]}},{"type":"Feature","properties":{"depth":5,"kind":"isobath"},"geometry":{"type":"MultiLineString","coordinates":[[[27.5139,40.9714],[27.5137,40.9714],[27.5132,40.9714],[27.513,40.9712],[27.513,40.9707],[27.5132,40.9707],[27.5137,40.9712],[27.5139,40.9714]],[[27.5151,40.9714],[27.5149,40.9714],[27.5146,40.9714],[27.5146,40.9712],[27.5149,40.9708],[27.5151,40.9708],[27.5151,40.9712],[27.5151,40.9714]],[[27.9641,40.9714],[27.9636,40.9722],[27.9627,40.9737],[27.9617,40.9742],[27.9606,40.9737],[27.9601,40.9731],[27.96,40.9727],[27.961,40.9722],[27.9631,40.9717],[27.9641,40.9714]],[[27.5149,40.9703],[27.5147,40.9705],[27.5143,40.971],[27.5139,40.971],[27.5134,40.9705],[27.5134,40.9701],[27.5139,40.9698],[27.5143,40.9698],[27.5147,40.9701],[27.5149,40.9703]],[[27.3324,40.7318],[27.3323,40.7316],[27.332,40.7313],[27.332,40.7313],[27.3323,40.7316],[27.3324,40.7318]],[[27.6779,40.6026],[27.6778,40.6029],[27.6777,40.6034],[27.6776,40.6031],[27.6776,40.6022],[27.6777,40.6019],[27.6778,40.6024],[27.6779,40.6026]],[[27.668,40.5974],[27.6682,40.5977],[27.6685,40.5981],[27.6683,40.5987],[27.6674,40.5992],[27.6665,40.5993],[27.6656,40.5989],[27.6654,40.5982],[27.6659,40.5971],[27.6666,40.5968],[27.6675,40.5972],[27.668,40.5974]],[[27.5038,40.5453],[27.5037,40.5456],[27.5036,40.5461],[27.5034,40.5464],[27.5029,40.5464],[27.5025,40.5461],[27.5023,40.5456],[27.5023,40.5451],[27.5025,40.5447],[27.5029,40.5447],[27.5035,40.5451],[27.5038,40.5453]],[[27.7568,40.5234],[27.7571,40.5237],[27.7576,40.5242],[27.7576,40.5251],[27.7571,40.5262],[27.7568,40.526],[27.7568,40.5243],[27.7568,40.5234]],[[27.552,40.513],[27.5518,40.513],[27.5513,40.513],[27.5513,40.513],[27.5518,40.513],[27.552,40.513]],[[27.5876,40.5078],[27.5875,40.5081],[27.5872,40.5086],[27.5867,40.5089],[27.586,40.5089],[27.5856,40.5086],[27.5857,40.5081],[27.5862,40.5078],[27.5871,40.5078],[27.5876,40.5078]],[[27.4932,40.5068],[27.4932,40.5069],[27.4932,40.5073],[27.4931,40.5073],[27.4928,40.5069],[27.4928,40.5068],[27.4931,40.5068],[27.4932,40.5068]],[[27.6901,40.5047],[27.6901,40.5049],[27.6901,40.5052],[27.6901,40.5052],[27.6901,40.5049],[27.6901,40.5047]],[[27.9594,40.4995],[27.9593,40.4996],[27.959,40.4999],[27.959,40.4999],[27.9593,40.4996],[27.9594,40.4995]],[[27.6464,40.4953],[27.6461,40.4964],[27.6456,40.4988],[27.6451,40.4995],[27.6446,40.4988],[27.6446,40.4976],[27.6451,40.4961],[27.6456,40.4953],[27.6461,40.4953],[27.6464,40.4953]],[[27.5932,40.4901],[27.5929,40.4901],[27.5921,40.4901],[27.5919,40.4898],[27.5921,40.4894],[27.5925,40.4894],[27.593,40.4898],[27.5932,40.4901]],[[27.654,40.4859],[27.6539,40.4861],[27.6537,40.4864],[27.6537,40.4864],[27.6539,40.4861],[27.654,40.4859]],[[27.6531,40.4849],[27.6528,40.4849],[27.6521,40.4849],[27.6519,40.4847],[27.6524,40.4842],[27.6527,40.4842],[27.653,40.4847],[27.6531,40.4849]],[[27.6514,40.4839],[27.6514,40.4842],[27.6515,40.4847],[27.6513,40.4849],[27.6508,40.4849],[27.6505,40.4844],[27.6505,40.4835],[27.6507,40.4832],[27.6512,40.4837],[27.6514,40.4839]],[[27.5731,40.462],[27.5729,40.4623],[27.5726,40.4628],[27.5721,40.4628],[27.5717,40.4623],[27.5717,40.4618],[27.5721,40.4613],[27.5726,40.4613],[27.5729,40.4618],[27.5731,40.462]],[[27.6513,40.462],[27.651,40.462],[27.6504,40.462],[27.6504,40.462],[27.651,40.462],[27.6513,40.462]],[[27.6516,40.4557],[27.6518,40.4562],[27.6523,40.4573],[27.652,40.4583],[27.651,40.4594],[27.6505,40.4589],[27.6505,40.4571],[27.6508,40.456],[27.6513,40.4558],[27.6516,40.4557]],[[27.1339,40.4505],[27.1339,40.4507],[27.1339,40.4512],[27.1336,40.4513],[27.1331,40.4512],[27.1331,40.451],[27.1336,40.4506],[27.1339,40.4505]],[[27.6661,40.4505],[27.6664,40.4508],[27.6669,40.4513],[27.6669,40.4516],[27.6664,40.4516],[27.6661,40.4513],[27.6661,40.4508],[27.6661,40.4505]],[[27.3169,40.4474],[27.3167,40.4476],[27.3163,40.4479],[27.3163,40.4479],[27.3167,40.4476],[27.3169,40.4474]],[[27.097,40.4453],[27.0967,40.4453],[27.096,40.4453],[27.096,40.4453],[27.0967,40.4453],[27.097,40.4453]],[[27.74,40.4422],[27.7398,40.4424],[27.7393,40.4427],[27.7389,40.4427],[27.7385,40.4424],[27.7385,40.442],[27.7389,40.4415],[27.7393,40.4415],[27.7398,40.442],[27.74,40.4422]],[[27.9909,40.4307],[27.9907,40.4307],[27.9903,40.4307],[27.9901,40.4305],[27.9901,40.43],[27.9903,40.43],[27.9907,40.4305],[27.9909,40.4307]],[[27.9541,40.4193],[27.954,40.4196],[27.9537,40.42],[27.9534,40.42],[27.9529,40.4196],[27.9529,40.4191],[27.9534,40.4187],[27.9537,40.4187],[27.954,40.4191],[27.9541,40.4193]],[[27.3207,40.4057],[27.3207,40.406],[27.3209,40.4065],[27.3204,40.4068],[27.3194,40.4068],[27.319,40.4064],[27.3192,40.4058],[27.3197,40.4055],[27.3204,40.4056],[27.3207,40.4057]],[[27.9155,40.3995],[27.9154,40.3998],[27.9152,40.4003],[27.915,40.4003],[27.9147,40.3998],[27.9148,40.3995],[27.9153,40.3995],[27.9155,40.3995]],[[27.9208,40.3984],[27.9207,40.3983],[27.9204,40.398],[27.9204,40.398],[27.9207,40.3983],[27.9208,40.3984]],[[27.8215,40.3964],[27.8216,40.3967],[27.8218,40.3971],[27.8217,40.3974],[27.8213,40.3974],[27.8212,40.3971],[27.8214,40.3967],[27.8215,40.3964]],[[27.9132,40.3922],[27.9134,40.3925],[27.9138,40.393],[27.9138,40.3933],[27.9133,40.3936],[27.9129,40.3933],[27.9127,40.3926],[27.9128,40.3922],[27.9131,40.3922],[27.9132,40.3922]],[[27.9126,40.3901],[27.9123,40.3901],[27.9118,40.3901],[27.9118,40.3901],[27.9123,40.3901],[27.9126,40.3901]],[[27.9113,40.3891],[27.9109,40.3891],[27.91,40.3891],[27.91,40.3891],[27.9109,40.3891],[27.9113,40.3891]],[[27.8416,40.3849],[27.841,40.3849],[27.8398,40.3849],[27.8394,40.3847],[27.8399,40.3843],[27.8405,40.3843],[27.8412,40.3847],[27.8416,40.3849]],[[27.9066,40.3849],[27.9072,40.3853],[27.9083,40.3859],[27.909,40.3867],[27.9092,40.3876],[27.9084,40.3883],[27.9066,40.3888],[27.9052,40.3888],[27.9041,40.3883],[27.9035,40.3877],[27.9032,40.3873],[27.9032,40.3866],[27.9035,40.3857],[27.9044,40.3851],[27.9059,40.385],[27.9066,40.3849]],[[27.325,40.3797],[27.3248,40.3797],[27.3243,40.3797],[27.3243,40.3797],[27.3248,40.3797],[27.325,40.3797]],[[27.3229,40.3766],[27.3228,40.3767],[27.3225,40.377],[27.3225,40.377],[27.3228,40.3767],[27.3229,40.3766]],[[27.8573,40.3641],[27.857,40.3641],[27.8564,40.3641],[27.8564,40.3641],[27.857,40.3641],[27.8573,40.3641]],[[27.9995,40.4337],[27.9974,40.4328],[27.9932,40.4311],[27.9909,40.4298],[27.9904,40.429],[27.9897,40.4284],[27.9886,40.4279],[27.9875,40.4281],[27.9864,40.4292],[27.9851,40.4288],[27.9836,40.4271],[27.9805,40.4246],[27.9758,40.4213],[27.9722,40.4195],[27.9698,40.4194],[27.9678,40.4201],[27.9662,40.4216],[27.9644,40.4224],[27.9625,40.4224],[27.9609,40.4214],[27.9596,40.4195],[27.958,40.4182],[27.9562,40.4175],[27.9547,40.4162],[27.9534,40.414],[27.952,40.4123],[27.9503,40.4107],[27.9459,40.4089],[27.9386,40.4065],[27.9339,40.4043],[27.9318,40.402],[27.9306,40.4016],[27.9303,40.4029],[27.9297,40.4036],[27.929,40.4035],[27.9284,40.4038],[27.9279,40.4043],[27.9258,40.4027],[27.9221,40.3991],[27.9193,40.3972],[27.9172,40.3969],[27.9159,40.3969],[27.9154,40.3974],[27.9148,40.3973],[27.9143,40.3967],[27.9142,40.3961],[27.9145,40.3956],[27.9144,40.3951],[27.9137,40.3946],[27.9138,40.394],[27.9149,40.3935],[27.9152,40.3927],[27.9147,40.3916],[27.9145,40.3903],[27.9146,40.3888],[27.9151,40.388],[27.9158,40.388],[27.9162,40.3874],[27.9161,40.3862],[27.9167,40.3857],[27.9178,40.3858],[27.9183,40.3854],[27.9182,40.3844],[27.9187,40.3828],[27.9198,40.3806],[27.9206,40.3797],[27.9211,40.3802],[27.9216,40.3803],[27.9222,40.38],[27.9227,40.3802],[27.9232,40.3808],[27.9237,40.381],[27.9242,40.3808],[27.9241,40.3799],[27.9234,40.3784],[27.9248,40.3752],[27.9281,40.3705],[27.9308,40.3676],[27.9329,40.3667],[27.9355,40.3661],[27.9386,40.3658],[27.9406,40.3652],[27.9417,40.3643],[27.9448,40.3628],[27.9501,40.3609],[27.9527,40.3599],[27.9527,40.3599],[27.9532,40.3602],[27.9542,40.3607],[27.9578,40.3611],[27.9641,40.3613],[27.968,40.362],[27.9695,40.3631],[27.9719,40.3643],[27.975,40.3655],[27.9782,40.3664],[27.9813,40.3669],[27.9839,40.3676],[27.986,40.3687],[27.9886,40.3692],[27.9917,40.3694],[27.9932,40.3694]],[[27.677,40.3099],[27.6769,40.31],[27.6767,40.3104],[27.6765,40.3104],[27.6763,40.31],[27.6764,40.3099],[27.6768,40.3099],[27.677,40.3099]],[[27.989,40.9911],[27.9886,40.9903],[27.9879,40.9888],[27.9861,40.986],[27.9832,40.982],[27.9802,40.9794],[27.9771,40.9783],[27.9748,40.9771],[27.9733,40.9761],[27.9721,40.9747],[27.9712,40.9732],[27.971,40.9719],[27.9713,40.9708],[27.9713,40.9695],[27.9709,40.968],[27.9698,40.9663],[27.9681,40.9646],[27.9654,40.9632],[27.9617,40.9621],[27.9581,40.9615],[27.9544,40.9615],[27.9521,40.9619],[27.951,40.9626],[27.9498,40.963],[27.9484,40.963],[27.9471,40.9624],[27.9459,40.9612],[27.9435,40.9601],[27.9398,40.9591],[27.9375,40.9586],[27.9364,40.9587],[27.9356,40.959],[27.935,40.9596],[27.9333,40.9596],[27.9304,40.9592],[27.9285,40.9592],[27.9276,40.9596],[27.9274,40.9604],[27.9279,40.9615],[27.9275,40.9624],[27.9262,40.9632],[27.9253,40.9642],[27.9248,40.9655],[27.9239,40.9664],[27.9228,40.9669],[27.9215,40.9672],[27.92,40.9672],[27.9177,40.9667],[27.9146,40.9656],[27.9114,40.9654],[27.9083,40.9658],[27.9059,40.9657],[27.9044,40.9648],[27.9005,40.9636],[27.8942,40.9619],[27.8898,40.9613],[27.8872,40.9617],[27.8854,40.9625],[27.8844,40.9636],[27.8831,40.9641],[27.8815,40.9641],[27.8802,40.9636],[27.8791,40.9627],[27.8781,40.9622],[27.8771,40.9622],[27.873,40.9635],[27.8657,40.966],[27.8601,40.9696],[27.8564,40.9743],[27.8541,40.9774],[27.8533,40.9789],[27.8518,40.9806],[27.8495,40.9825],[27.8466,40.9842],[27.8429,40.9857],[27.8367,40.9879],[27.8278,40.9906],[27.8177,40.9931],[27.8062,40.9954],[27.8005,40.9965]],[[27.712,40.9984],[27.7099,40.9979],[27.7057,40.9969],[27.6987,40.9964],[27.6888,40.9963],[27.6821,40.9958],[27.6784,40.9949],[27.675,40.9946],[27.6719,40.9949],[27.6702,40.9956],[27.6698,40.9968],[27.6695,40.9974],[27.669,40.9974],[27.6685,40.9969],[27.6682,40.9958],[27.667,40.9946],[27.6651,40.9931],[27.6589,40.9918],[27.6484,40.9906],[27.6391,40.989],[27.6308,40.9868],[27.6245,40.9856],[27.6203,40.9851],[27.6156,40.9841],[27.6104,40.9826],[27.6055,40.9816],[27.6008,40.9812],[27.5969,40.9805],[27.5938,40.9793],[27.5904,40.9786],[27.5867,40.9781],[27.5833,40.9783],[27.5802,40.9792],[27.5768,40.9789],[27.5732,40.9776],[27.5695,40.9768],[27.5656,40.9767],[27.5607,40.9756],[27.5546,40.9735],[27.5485,40.9724],[27.5422,40.9725],[27.5378,40.9731],[27.5352,40.9744],[27.5334,40.975],[27.5323,40.975],[27.5308,40.9738],[27.5287,40.9713],[27.5258,40.9696],[27.5221,40.9688],[27.5195,40.968],[27.518,40.9671],[27.5167,40.9656],[27.5156,40.9635],[27.5138,40.9613],[27.5112,40.959],[27.5075,40.9571],[27.5028,40.9555],[27.4981,40.9505],[27.4935,40.9422],[27.4895,40.9341],[27.486,40.9263],[27.4818,40.9198],[27.4769,40.9146],[27.4743,40.9112],[27.474,40.9097],[27.474,40.9086],[27.4744,40.9081],[27.474,40.9073],[27.4729,40.9062],[27.4726,40.9055],[27.4731,40.905],[27.4739,40.9048],[27.475,40.9048],[27.4757,40.9041],[27.476,40.9024],[27.4749,40.8993],[27.4723,40.8946],[27.4703,40.8917],[27.4689,40.8906],[27.4678,40.8901],[27.4669,40.8901],[27.4667,40.8898],[27.467,40.8894],[27.4669,40.8893],[27.4664,40.8897],[27.4658,40.8894],[27.4653,40.8885],[27.4646,40.8833],[27.4638,40.874],[27.4638,40.869],[27.4647,40.8683],[27.4652,40.8673],[27.4653,40.8658],[27.4647,40.8641],[27.4634,40.862],[27.4626,40.8596],[27.4622,40.857],[27.4613,40.8541],[27.4598,40.8511],[27.459,40.8485],[27.4589,40.8464],[27.4581,40.8445],[27.4565,40.843],[27.4549,40.8419],[27.4534,40.8414],[27.4505,40.839],[27.4464,40.8349],[27.4438,40.8328],[27.4427,40.8328],[27.4409,40.8315],[27.4383,40.8289],[27.4362,40.8273],[27.4347,40.8269],[27.4323,40.8256],[27.4292,40.8235],[27.4274,40.8227],[27.4269,40.8232],[27.4266,40.8232],[27.4266,40.8227],[27.4256,40.8214],[27.4235,40.8192],[27.4216,40.8179],[27.4201,40.8175],[27.4188,40.8167],[27.4177,40.8156],[27.4164,40.8151],[27.4149,40.8151],[27.4136,40.8149],[27.4125,40.8144],[27.4112,40.8133],[27.4097,40.8117],[27.4068,40.8101],[27.4026,40.8086],[27.399,40.8068],[27.3959,40.8047],[27.3938,40.8026],[27.3927,40.8005],[27.3909,40.7992],[27.3883,40.7987],[27.3841,40.7953],[27.3784,40.789],[27.374,40.7849],[27.3709,40.7828],[27.3685,40.7805],[27.3669,40.7779],[27.3656,40.7766],[27.3646,40.7766],[27.3615,40.7743],[27.3562,40.7696],[27.3531,40.7671],[27.3521,40.767],[27.3508,40.7662],[27.3492,40.7648],[27.3479,40.7641],[27.3469,40.7641],[27.3451,40.762],[27.3427,40.7578],[27.341,40.7557],[27.3403,40.7557],[27.3396,40.7534],[27.3391,40.7487],[27.3381,40.7447],[27.3366,40.7414],[27.3354,40.7377],[27.3344,40.7338],[27.3323,40.73],[27.3292,40.7265],[27.3267,40.7233],[27.325,40.7206],[27.3234,40.7187],[27.3221,40.7176],[27.3216,40.7158],[27.3221,40.7133],[27.3219,40.7112],[27.321,40.7097],[27.3182,40.7064],[27.3133,40.7014],[27.3091,40.6979],[27.3054,40.6957],[27.3023,40.6936],[27.2997,40.6915],[27.2962,40.6895],[27.2918,40.6879],[27.2858,40.6848],[27.2783,40.6803],[27.2729,40.6766],[27.2698,40.6735],[27.2671,40.6718],[27.2648,40.6715],[27.2634,40.6719],[27.263,40.6729],[27.2626,40.6734],[27.2622,40.6734],[27.2617,40.673],[27.2612,40.6721],[27.259,40.6705],[27.2553,40.6683],[27.2522,40.6662],[27.2499,40.664],[27.2476,40.6616],[27.2454,40.6587],[27.2427,40.6569],[27.2396,40.656],[27.2375,40.6559],[27.2364,40.6565],[27.2351,40.6568],[27.2336,40.6568],[27.2318,40.656],[27.2297,40.6546],[27.2242,40.652],[27.2153,40.6485],[27.2083,40.6449],[27.2031,40.6412],[27.1982,40.6386],[27.1935,40.6372],[27.1894,40.6343],[27.1861,40.6298],[27.1832,40.6267],[27.1809,40.6248],[27.1784,40.624],[27.1757,40.6244],[27.171,40.6227],[27.1643,40.6192],[27.1573,40.616],[27.15,40.6129],[27.145,40.6116],[27.1421,40.6119],[27.14,40.6115],[27.1387,40.6105],[27.1359,40.6096],[27.1318,40.6087],[27.1283,40.6084],[27.1254,40.6087],[27.1222,40.6078],[27.1189,40.6057],[27.1154,40.6046],[27.1117,40.6047],[27.1094,40.6052],[27.1083,40.6063],[27.107,40.6061],[27.1055,40.6046],[27.1037,40.6038],[27.1016,40.6035],[27.0996,40.6037],[27.0977,40.6044],[27.0964,40.6043],[27.0957,40.6035],[27.0945,40.6028],[27.093,40.6023],[27.0896,40.6017],[27.0844,40.6012],[27.0808,40.601],[27.0787,40.6012],[27.0769,40.6016],[27.0756,40.6023],[27.074,40.6021],[27.0723,40.6011],[27.0704,40.6004],[27.0683,40.6],[27.0612,40.5977],[27.0492,40.5934],[27.0409,40.5901],[27.0362,40.5878],[27.0273,40.5812],[27.014,40.5705],[27.0069,40.5646],[27.0058,40.5635],[27.0049,40.5617],[27.0039,40.5591],[27.0035,40.5578]],[[27.0005,40.3906],[27.0039,40.3911],[27.0107,40.3923],[27.0162,40.3935],[27.0203,40.3948],[27.0227,40.3951],[27.0232,40.3944],[27.0263,40.3944],[27.032,40.395],[27.0354,40.3957],[27.0365,40.3964],[27.0378,40.3984],[27.0393,40.4017],[27.0416,40.4044],[27.0446,40.4067],[27.0459,40.4083],[27.0455,40.4094],[27.0445,40.4099],[27.043,40.4099],[27.0417,40.409],[27.0406,40.4072],[27.0399,40.4063],[27.0394,40.4063],[27.0389,40.4064],[27.0386,40.4067],[27.0385,40.4071],[27.0387,40.4076],[27.0384,40.408],[27.0374,40.4083],[27.0362,40.4079],[27.0347,40.4068],[27.0352,40.4085],[27.0377,40.4129],[27.0405,40.4155],[27.0437,40.4162],[27.0469,40.4165],[27.05,40.4165],[27.0521,40.4161],[27.0531,40.4154],[27.0544,40.4152],[27.056,40.4157],[27.0575,40.417],[27.059,40.4192],[27.0591,40.4208],[27.0578,40.4219],[27.0576,40.4243],[27.0585,40.428],[27.0599,40.4303],[27.062,40.4312],[27.0648,40.4314],[27.0685,40.431],[27.0714,40.4313],[27.0735,40.4322],[27.0753,40.4337],[27.0768,40.436],[27.0781,40.4373],[27.0792,40.4376],[27.0805,40.4375],[27.082,40.4372],[27.083,40.4375],[27.0835,40.4386],[27.0843,40.4395],[27.0854,40.4402],[27.0864,40.4406],[27.0875,40.4405],[27.0878,40.4411],[27.0875,40.4425],[27.0891,40.4452],[27.0926,40.4491],[27.0953,40.4511],[27.0974,40.4513],[27.0992,40.4509],[27.1009,40.45],[27.1015,40.449],[27.101,40.4479],[27.1009,40.4471],[27.1014,40.4466],[27.1026,40.4462],[27.1047,40.4461],[27.1078,40.4466],[27.112,40.4479],[27.1159,40.4502],[27.1196,40.4536],[27.1222,40.4553],[27.1237,40.4552],[27.1269,40.4544],[27.1316,40.4527],[27.1352,40.4534],[27.1379,40.4563],[27.1405,40.458],[27.143,40.4583],[27.1456,40.4576],[27.1482,40.4559],[27.1516,40.4549],[27.1557,40.4546],[27.1607,40.4526],[27.1664,40.4488],[27.1711,40.4463],[27.1748,40.4453],[27.18,40.4429],[27.1867,40.4392],[27.1912,40.4373],[27.1933,40.4371],[27.1961,40.4376],[27.1998,40.4389],[27.2023,40.4404],[27.2038,40.4423],[27.2061,40.4439],[27.2093,40.4454],[27.2167,40.4479],[27.2281,40.4516],[27.2354,40.4543],[27.2386,40.4562],[27.2409,40.4572],[27.2424,40.4575],[27.2439,40.4574],[27.2453,40.457],[27.2466,40.4574],[27.2478,40.4586],[27.25,40.4599],[27.2531,40.4611],[27.256,40.462],[27.2586,40.4625],[27.2614,40.4634],[27.2646,40.4647],[27.2666,40.4653],[27.2677,40.4651],[27.2681,40.4659],[27.2678,40.4674],[27.2689,40.4696],[27.2712,40.4723],[27.2748,40.4746],[27.2795,40.4763],[27.2831,40.4773],[27.2857,40.4774],[27.2877,40.4769],[27.2892,40.476],[27.2905,40.474],[27.2916,40.471],[27.2946,40.4668],[27.2994,40.4616],[27.3051,40.4569],[27.3118,40.4529],[27.3154,40.4504],[27.3159,40.4494],[27.3169,40.4484],[27.3185,40.4473],[27.3203,40.4451],[27.3222,40.4418],[27.3233,40.4393],[27.3234,40.4378],[27.324,40.4361],[27.325,40.4343],[27.3255,40.4322],[27.3254,40.4298],[27.3259,40.4288],[27.327,40.4291],[27.3284,40.4291],[27.3299,40.4288],[27.3318,40.4281],[27.3339,40.4272],[27.3353,40.4262],[27.3362,40.4251],[27.3367,40.4227],[27.3368,40.419],[27.3373,40.4149],[27.3382,40.4102],[27.3379,40.4068],[27.3366,40.4046],[27.3354,40.4033],[27.3345,40.4029],[27.3339,40.4018],[27.3337,40.4003],[27.3321,40.3984],[27.3291,40.3962],[27.3272,40.3946],[27.3264,40.3937],[27.3259,40.3925],[27.3256,40.391],[27.3252,40.391],[27.3246,40.3925],[27.3238,40.3922],[27.3228,40.3901],[27.3232,40.3881],[27.3251,40.386],[27.3261,40.3847],[27.3263,40.3842],[27.3261,40.3834],[27.3254,40.3823],[27.3251,40.3814],[27.3254,40.3807],[27.3258,40.3804],[27.3263,40.3808],[27.3273,40.3803],[27.3286,40.3792],[27.3296,40.3787],[27.3303,40.3789],[27.3307,40.3787],[27.3308,40.378],[27.3329,40.3763],[27.337,40.3737],[27.344,40.3699],[27.354,40.365],[27.3638,40.3608],[27.3737,40.3574],[27.3851,40.353],[27.3982,40.3475],[27.4102,40.342],[27.4211,40.3366],[27.431,40.3322],[27.4399,40.3289],[27.4545,40.3243],[27.4748,40.3187],[27.4899,40.3148],[27.4998,40.3127],[27.5104,40.3109],[27.5219,40.3093],[27.5305,40.3084],[27.5362,40.3081],[27.5407,40.3082],[27.5439,40.3087],[27.5455,40.3089],[27.5455,40.3089],[27.5504,40.3101],[27.5602,40.3123],[27.5688,40.3155],[27.5761,40.3194],[27.5841,40.323],[27.593,40.3266],[27.6005,40.3289],[27.6068,40.3299],[27.6154,40.3307],[27.6263,40.3311],[27.6336,40.331],[27.6373,40.3304],[27.6464,40.3262],[27.6609,40.3183],[27.6695,40.3144],[27.6721,40.3146],[27.6739,40.3142],[27.675,40.3133],[27.6771,40.3129],[27.6802,40.3131],[27.6826,40.313],[27.6841,40.3127],[27.6853,40.3121],[27.6862,40.3113],[27.6871,40.3109],[27.6882,40.3109],[27.6888,40.3113],[27.689,40.3121],[27.6896,40.3129],[27.6905,40.3137],[27.6921,40.3146],[27.6942,40.3155],[27.6982,40.3168],[27.7039,40.3183],[27.7094,40.3189],[27.7146,40.3187],[27.718,40.3183],[27.7195,40.3178],[27.7206,40.3171],[27.7211,40.3163],[27.7223,40.3155],[27.724,40.3146],[27.7263,40.3137],[27.7292,40.3128],[27.7328,40.3123],[27.737,40.312],[27.7409,40.3121],[27.7446,40.3124],[27.749,40.312],[27.7542,40.3109],[27.7615,40.3116],[27.7708,40.3143],[27.7763,40.3156],[27.7778,40.3155],[27.7791,40.3158],[27.7802,40.3162],[27.7809,40.3162],[27.7812,40.3155],[27.7818,40.3151],[27.7825,40.3151],[27.7828,40.3155],[27.7828,40.3164],[27.7826,40.3169],[27.7821,40.3171],[27.7824,40.3177],[27.7837,40.3188],[27.7852,40.3207],[27.7871,40.3235],[27.7905,40.3261],[27.7955,40.3285],[27.7981,40.33],[27.7983,40.3306],[27.7985,40.3306],[27.7987,40.33],[27.7992,40.3297],[27.8001,40.3297],[27.8003,40.3302],[27.8,40.3313],[27.8005,40.3325],[27.8019,40.3339],[27.8076,40.3382],[27.8175,40.3453],[27.8253,40.35],[27.831,40.3522],[27.8344,40.3539],[27.8354,40.3551],[27.8367,40.3561],[27.8383,40.3569],[27.8406,40.3577],[27.8438,40.3584],[27.8469,40.3598],[27.85,40.3619],[27.8519,40.3629],[27.8524,40.3628],[27.8528,40.3631],[27.8531,40.3637],[27.8541,40.3644],[27.8559,40.3651],[27.8571,40.3652],[27.8576,40.3649],[27.8589,40.366],[27.861,40.3686],[27.863,40.3702],[27.8651,40.3707],[27.867,40.3715],[27.8687,40.3728],[27.8694,40.3739],[27.8694,40.3751],[27.868,40.3762],[27.8654,40.3773],[27.8623,40.3783],[27.8586,40.3792],[27.856,40.3802],[27.8544,40.3813],[27.8526,40.3819],[27.8505,40.3819],[27.8482,40.3825],[27.8456,40.3838],[27.8435,40.3841],[27.8419,40.3836],[27.8406,40.3837],[27.8396,40.3844],[27.8388,40.3847],[27.8383,40.3845],[27.838,40.3851],[27.8381,40.3864],[27.8376,40.3874],[27.8365,40.3882],[27.8323,40.3902],[27.825,40.3932],[27.821,40.3944],[27.8201,40.3936],[27.8199,40.3927],[27.8202,40.3916],[27.8201,40.3911],[27.8196,40.3911],[27.819,40.3906],[27.8185,40.3897],[27.8174,40.389],[27.8159,40.3885],[27.8136,40.3881],[27.8105,40.388],[27.8086,40.3867],[27.8081,40.384],[27.8065,40.3817],[27.8039,40.3797],[27.8013,40.3786],[27.7987,40.3785],[27.7969,40.3788],[27.7958,40.3797],[27.7948,40.3801],[27.7937,40.3802],[27.7932,40.3798],[27.7932,40.379],[27.7938,40.3781],[27.7949,40.3771],[27.7949,40.376],[27.7938,40.3748],[27.7927,40.3743],[27.7916,40.3744],[27.7912,40.374],[27.7913,40.3729],[27.7908,40.3716],[27.7897,40.37],[27.7878,40.369],[27.7852,40.3687],[27.7828,40.369],[27.7808,40.3699],[27.7793,40.3716],[27.7784,40.3742],[27.7783,40.3768],[27.7788,40.3794],[27.7795,40.3813],[27.7803,40.3823],[27.7812,40.3829],[27.7823,40.3828],[27.7832,40.383],[27.7841,40.3836],[27.7844,40.3842],[27.7842,40.3847],[27.7851,40.3846],[27.787,40.3841],[27.7885,40.3843],[27.7894,40.3854],[27.7897,40.3863],[27.7893,40.3871],[27.7881,40.3874],[27.7861,40.3871],[27.7855,40.3875],[27.7862,40.3886],[27.7859,40.3896],[27.7845,40.3906],[27.7836,40.3932],[27.7831,40.3974],[27.7832,40.4011],[27.7837,40.4042],[27.7826,40.4057],[27.7799,40.4056],[27.7767,40.4064],[27.7728,40.4081],[27.7676,40.4115],[27.7612,40.4167],[27.7552,40.4206],[27.7496,40.4232],[27.7462,40.425],[27.7451,40.4261],[27.744,40.4276],[27.7429,40.4297],[27.7421,40.432],[27.7416,40.4346],[27.7416,40.4362],[27.742,40.4369],[27.7417,40.4377],[27.7406,40.4386],[27.7404,40.4394],[27.7411,40.4399],[27.7405,40.4406],[27.7387,40.4417],[27.7384,40.4429],[27.7395,40.4442],[27.741,40.4452],[27.7429,40.446],[27.7433,40.4472],[27.7422,40.4487],[27.7416,40.4505],[27.7413,40.4526],[27.7403,40.4531],[27.7388,40.4521],[27.7375,40.4503],[27.7364,40.4476],[27.7357,40.4467],[27.7352,40.4476],[27.7347,40.4478],[27.7341,40.4474],[27.7334,40.4474],[27.7323,40.4477],[27.7305,40.4485],[27.7279,40.4498],[27.724,40.4508],[27.7187,40.4516],[27.7143,40.4532],[27.7107,40.4559],[27.7087,40.4576],[27.7083,40.4585],[27.7075,40.459],[27.7063,40.4592],[27.7057,40.46],[27.7057,40.4613],[27.7039,40.463],[27.7002,40.4651],[27.6979,40.4666],[27.6969,40.4677],[27.6963,40.4687],[27.696,40.4698],[27.6948,40.4703],[27.6926,40.4703],[27.6909,40.4697],[27.6897,40.4685],[27.6886,40.4678],[27.6875,40.4677],[27.6861,40.468],[27.6842,40.4689],[27.6832,40.4701],[27.6831,40.4716],[27.6826,40.4727],[27.6817,40.4731],[27.6813,40.4737],[27.6816,40.4742],[27.6814,40.4753],[27.6807,40.4768],[27.6806,40.4779],[27.681,40.4784],[27.6808,40.4787],[27.6801,40.4788],[27.6795,40.4793],[27.679,40.4802],[27.6794,40.482],[27.6805,40.4846],[27.6811,40.4867],[27.6811,40.4883],[27.6808,40.4895],[27.6801,40.4904],[27.6797,40.4914],[27.6796,40.4926],[27.6802,40.4958],[27.6815,40.501],[27.6826,40.5041],[27.6835,40.505],[27.6852,40.5058],[27.6877,40.5065],[27.6909,40.5082],[27.6946,40.5111],[27.6972,40.5138],[27.6987,40.5163],[27.7008,40.5183],[27.7034,40.5196],[27.7049,40.5216],[27.7054,40.5242],[27.7062,40.5262],[27.7073,40.5275],[27.7089,40.5282],[27.7109,40.5281],[27.713,40.5274],[27.7151,40.5259],[27.72,40.5255],[27.7279,40.5264],[27.7334,40.5273],[27.7365,40.5281],[27.7388,40.528],[27.7404,40.5271],[27.7416,40.5258],[27.7423,40.5242],[27.7424,40.5232],[27.7421,40.5227],[27.7422,40.5214],[27.7429,40.5193],[27.7437,40.5182],[27.7448,40.5182],[27.7456,40.5188],[27.7461,40.5199],[27.7456,40.5218],[27.7439,40.5243],[27.7439,40.5261],[27.7456,40.5274],[27.748,40.5286],[27.7511,40.5297],[27.7537,40.5302],[27.7558,40.5298],[27.7571,40.529],[27.7576,40.5277],[27.7596,40.5271],[27.7633,40.5274],[27.7659,40.5269],[27.7674,40.5256],[27.7688,40.5251],[27.7701,40.5254],[27.7705,40.5253],[27.77,40.5248],[27.7699,40.5242],[27.7702,40.5237],[27.7707,40.5234],[27.7714,40.5234],[27.7717,40.5242],[27.7716,40.5258],[27.7723,40.527],[27.7738,40.5278],[27.7755,40.5282],[27.7776,40.5282],[27.7793,40.5278],[27.7806,40.527],[27.7815,40.5261],[27.782,40.525],[27.7823,40.5227],[27.7822,40.519],[27.7829,40.5162],[27.7842,40.5141],[27.786,40.5137],[27.7881,40.5152],[27.7899,40.5173],[27.7914,40.5202],[27.793,40.522],[27.7945,40.5227],[27.7959,40.5229],[27.7972,40.5226],[27.7985,40.5216],[27.7998,40.5199],[27.801,40.519],[27.8021,40.5188],[27.8034,40.5187],[27.8049,40.5187],[27.8086,40.5196],[27.8143,40.5213],[27.8196,40.5215],[27.8243,40.5202],[27.8279,40.5197],[27.8305,40.52],[27.8331,40.5189],[27.8357,40.5166],[27.8373,40.5159],[27.8378,40.5169],[27.8383,40.5173],[27.8388,40.5171],[27.8401,40.5175],[27.8422,40.5186],[27.8503,40.5191],[27.8644,40.5193],[27.8725,40.5188],[27.8748,40.5177],[27.8802,40.5169],[27.8889,40.5162],[27.8938,40.5149],[27.895,40.513],[27.8963,40.5122],[27.8977,40.5126],[27.8995,40.5125],[27.9015,40.5118],[27.906,40.5116],[27.9127,40.5119],[27.9185,40.5116],[27.9232,40.5107],[27.9273,40.5094],[27.931,40.5077],[27.9354,40.5063],[27.9406,40.505],[27.9439,40.5036],[27.9454,40.5023],[27.946,40.5013],[27.9459,40.5008],[27.9486,40.5011],[27.9541,40.5023],[27.9591,40.5016],[27.9638,40.4991],[27.9661,40.4978]],[[27.4891,40.6344],[27.4883,40.6343],[27.4867,40.6342],[27.4851,40.6344],[27.4836,40.6349],[27.4817,40.6364],[27.4794,40.6389],[27.4784,40.641],[27.4785,40.6428],[27.4799,40.6449],[27.4826,40.6474],[27.4857,40.6487],[27.4893,40.6489],[27.4914,40.6487],[27.4919,40.6479],[27.4923,40.6465],[27.4924,40.6443],[27.4921,40.6424],[27.4913,40.6409],[27.4908,40.6391],[27.4907,40.637],[27.4902,40.6355],[27.4895,40.6348],[27.4891,40.6344]],[[27.7609,40.6283],[27.7601,40.6282],[27.7586,40.6278],[27.7573,40.6279],[27.7562,40.6284],[27.7554,40.6291],[27.7547,40.6302],[27.7545,40.6315],[27.7548,40.6331],[27.7557,40.6343],[27.7571,40.6352],[27.7586,40.6357],[27.7601,40.6358],[27.7614,40.6354],[27.7623,40.6344],[27.7628,40.6334],[27.7629,40.6323],[27.7625,40.6309],[27.7614,40.6292],[27.7609,40.6283]],[[27.6099,40.5713],[27.6073,40.572],[27.6021,40.5733],[27.5992,40.5749],[27.5985,40.5767],[27.5967,40.5773],[27.5937,40.5768],[27.5904,40.5765],[27.5867,40.5766],[27.5844,40.5756],[27.5833,40.5737],[27.5818,40.5732],[27.5797,40.5741],[27.5781,40.5739],[27.5771,40.5727],[27.5761,40.572],[27.575,40.5717],[27.5727,40.5723],[27.569,40.5737],[27.5659,40.5756],[27.5633,40.5779],[27.5591,40.5798],[27.5534,40.5811],[27.5495,40.5832],[27.5474,40.5859],[27.5446,40.588],[27.5409,40.5896],[27.5386,40.5911],[27.5375,40.5925],[27.5362,40.5928],[27.5347,40.592],[27.5324,40.5923],[27.5294,40.5936],[27.5277,40.5946],[27.5272,40.5951],[27.5268,40.5969],[27.5263,40.6],[27.5252,40.6029],[27.5237,40.6055],[27.5229,40.6073],[27.5228,40.6084],[27.523,40.6094],[27.5235,40.6104],[27.5253,40.6114],[27.5282,40.6124],[27.53,40.6135],[27.5307,40.6146],[27.5309,40.6156],[27.5308,40.6167],[27.5297,40.6183],[27.5276,40.6205],[27.5263,40.6223],[27.5256,40.6238],[27.5248,40.6247],[27.5239,40.6251],[27.5232,40.6259],[27.5228,40.627],[27.5228,40.6297],[27.5231,40.6338],[27.5236,40.6362],[27.5242,40.6367],[27.525,40.637],[27.5261,40.637],[27.5266,40.6375],[27.5266,40.6386],[27.5261,40.6394],[27.525,40.6398],[27.5246,40.6409],[27.5249,40.6424],[27.527,40.6449],[27.5309,40.6482],[27.5349,40.6503],[27.539,40.6512],[27.5427,40.6533],[27.5458,40.6566],[27.5485,40.6583],[27.5506,40.6584],[27.5524,40.658],[27.5539,40.6572],[27.555,40.6563],[27.5557,40.6552],[27.5559,40.6541],[27.5558,40.653],[27.5559,40.6522],[27.5564,40.6518],[27.5572,40.6517],[27.5583,40.6519],[27.5593,40.6516],[27.56,40.6509],[27.5602,40.6498],[27.56,40.6484],[27.5594,40.6476],[27.5583,40.6475],[27.5573,40.6469],[27.5562,40.6458],[27.5562,40.6453],[27.5573,40.6453],[27.5581,40.6451],[27.5586,40.6446],[27.5594,40.6448],[27.5604,40.6459],[27.562,40.6466],[27.5641,40.6471],[27.5658,40.6471],[27.5671,40.6466],[27.5683,40.6482],[27.5692,40.6518],[27.5706,40.6542],[27.5725,40.6554],[27.575,40.6563],[27.5781,40.6569],[27.5811,40.6571],[27.5839,40.6569],[27.5873,40.6574],[27.5912,40.6585],[27.5942,40.6591],[27.5963,40.659],[27.5975,40.6594],[27.598,40.6604],[27.5996,40.6615],[27.6023,40.6625],[27.6044,40.6629],[27.606,40.6625],[27.6071,40.6617],[27.6076,40.6605],[27.6083,40.66],[27.6094,40.6602],[27.6102,40.6601],[27.6107,40.6598],[27.6117,40.6605],[27.6133,40.6623],[27.6157,40.6632],[27.6188,40.6632],[27.6218,40.6642],[27.6249,40.6662],[27.6276,40.6672],[27.6299,40.6672],[27.6315,40.668],[27.6324,40.6695],[27.6336,40.6703],[27.6351,40.6703],[27.6372,40.6698],[27.6398,40.6687],[27.6416,40.6676],[27.6427,40.6663],[27.6438,40.6655],[27.6449,40.6652],[27.646,40.6642],[27.6469,40.6623],[27.6487,40.6614],[27.6513,40.6612],[27.6531,40.6614],[27.6542,40.6618],[27.655,40.6625],[27.6555,40.6636],[27.657,40.6644],[27.6596,40.6649],[27.662,40.6634],[27.6641,40.6597],[27.6656,40.6578],[27.6667,40.6578],[27.6674,40.6589],[27.6677,40.661],[27.6692,40.6631],[27.672,40.6652],[27.6751,40.6662],[27.6784,40.6661],[27.6808,40.6656],[27.6823,40.6646],[27.6831,40.6625],[27.6832,40.6594],[27.6831,40.6576],[27.6828,40.6571],[27.6832,40.6563],[27.6843,40.6555],[27.6857,40.6549],[27.6872,40.6546],[27.6893,40.655],[27.6919,40.6559],[27.6943,40.656],[27.6964,40.6553],[27.7003,40.6547],[27.706,40.6542],[27.7099,40.6535],[27.712,40.6524],[27.7138,40.6509],[27.7153,40.6492],[27.7198,40.6472],[27.7271,40.6451],[27.731,40.6436],[27.7315,40.6427],[27.7321,40.6426],[27.7326,40.6435],[27.7339,40.6439],[27.736,40.6438],[27.7379,40.6423],[27.7398,40.6394],[27.7411,40.6381],[27.7418,40.6382],[27.7425,40.6379],[27.743,40.6371],[27.7437,40.6366],[27.7448,40.6364],[27.7456,40.6357],[27.7462,40.6345],[27.7465,40.6331],[27.7465,40.6315],[27.7456,40.6291],[27.7437,40.6261],[27.7421,40.6241],[27.7408,40.6233],[27.7392,40.623],[27.7373,40.6233],[27.7363,40.6229],[27.736,40.6219],[27.734,40.6202],[27.7304,40.6177],[27.7273,40.6162],[27.7247,40.6155],[27.7208,40.6139],[27.7156,40.6113],[27.7113,40.6105],[27.7078,40.6115],[27.7052,40.6108],[27.7035,40.6083],[27.7021,40.6071],[27.701,40.607],[27.7002,40.6071],[27.6995,40.6076],[27.6992,40.6075],[27.6993,40.6071],[27.6986,40.6063],[27.6971,40.6051],[27.6946,40.6041],[27.6909,40.6031],[27.6875,40.6018],[27.6844,40.6003],[27.6823,40.5995],[27.6812,40.5995],[27.6797,40.6],[27.6776,40.6012],[27.6755,40.6014],[27.6733,40.6008],[27.6714,40.5997],[27.6697,40.5982],[27.669,40.5964],[27.6693,40.5943],[27.6686,40.5927],[27.6669,40.5916],[27.6656,40.5903],[27.6646,40.5886],[27.6588,40.5863],[27.6481,40.5833],[27.6402,40.5803],[27.6353,40.5773],[27.632,40.5758],[27.6305,40.5758],[27.6288,40.5765],[27.6271,40.5779],[27.6257,40.5786],[27.6246,40.5786],[27.6234,40.5774],[27.6221,40.5749],[27.6196,40.5735],[27.6159,40.5734],[27.6131,40.5728],[27.611,40.5718],[27.6099,40.5713]],[[27.4755,40.5099],[27.4753,40.5104],[27.475,40.5115],[27.475,40.5128],[27.4753,40.5143],[27.4763,40.5157],[27.4778,40.5169],[27.4791,40.5176],[27.4802,40.5177],[27.4813,40.5171],[27.4824,40.5157],[27.4828,40.5143],[27.4823,40.5128],[27.4812,40.5115],[27.4795,40.5104],[27.4778,40.5099],[27.4763,40.5099],[27.4755,40.5099]],[[27.4922,40.464],[27.4909,40.4642],[27.4883,40.4645],[27.4862,40.4653],[27.4847,40.4666],[27.4841,40.4696],[27.4845,40.4743],[27.4844,40.4774],[27.4838,40.4789],[27.4826,40.4804],[27.4807,40.4818],[27.4791,40.4834],[27.4781,40.4851],[27.4771,40.488],[27.4761,40.4922],[27.4767,40.4959],[27.4787,40.499],[27.4808,40.5009],[27.4829,40.5018],[27.4857,40.5037],[27.4893,40.5066],[27.4916,40.5097],[27.4927,40.513],[27.4937,40.5149],[27.4948,40.5155],[27.4949,40.5172],[27.4942,40.52],[27.4943,40.5224],[27.4953,40.5245],[27.4966,40.5263],[27.4982,40.5278],[27.4995,40.5304],[27.5004,40.5341],[27.5005,40.5367],[27.4998,40.5383],[27.4981,40.5394],[27.4955,40.5399],[27.4936,40.5406],[27.4924,40.5417],[27.4916,40.5427],[27.4913,40.5438],[27.4909,40.5443],[27.4904,40.5443],[27.4893,40.5432],[27.4878,40.5411],[27.4857,40.5394],[27.4831,40.5382],[27.4808,40.5368],[27.4787,40.5352],[27.4763,40.5343],[27.4737,40.5343],[27.4719,40.5338],[27.4708,40.533],[27.4695,40.5327],[27.468,40.5328],[27.4664,40.5339],[27.4647,40.536],[27.4638,40.5383],[27.4635,40.5409],[27.4636,40.5435],[27.4643,40.5461],[27.4653,40.5481],[27.4666,40.5493],[27.4709,40.551],[27.4782,40.5532],[27.4862,40.5548],[27.4951,40.5559],[27.5013,40.5561],[27.505,40.5555],[27.5073,40.5548],[27.5084,40.554],[27.5097,40.5523],[27.5112,40.5497],[27.5114,40.5474],[27.5103,40.5453],[27.51,40.544],[27.5103,40.5435],[27.5129,40.5425],[27.5179,40.541],[27.5208,40.5396],[27.5219,40.5383],[27.5234,40.5369],[27.5254,40.5356],[27.5267,40.5343],[27.5273,40.5331],[27.5294,40.5323],[27.5331,40.5318],[27.5367,40.5301],[27.5404,40.5272],[27.5453,40.5255],[27.5516,40.5252],[27.5552,40.5244],[27.5561,40.5231],[27.5567,40.5214],[27.5568,40.5193],[27.5555,40.5166],[27.5529,40.5134],[27.5513,40.512],[27.5508,40.5125],[27.5493,40.5123],[27.547,40.5114],[27.5426,40.5087],[27.5361,40.5041],[27.5326,40.5015],[27.5323,40.5009],[27.5323,40.5],[27.5328,40.4989],[27.5335,40.4982],[27.5344,40.4979],[27.5357,40.4979],[27.5372,40.4984],[27.5386,40.4983],[27.5398,40.4977],[27.5404,40.4972],[27.5403,40.4967],[27.5408,40.4959],[27.5417,40.4948],[27.5423,40.4933],[27.5424,40.4912],[27.5428,40.4898],[27.5433,40.4894],[27.5434,40.4888],[27.5429,40.4883],[27.5428,40.4877],[27.5431,40.4872],[27.5414,40.486],[27.5377,40.4843],[27.5351,40.4838],[27.5336,40.4845],[27.5326,40.484],[27.5321,40.4823],[27.5256,40.4795],[27.5131,40.4756],[27.505,40.4719],[27.5013,40.4683],[27.4977,40.4659],[27.494,40.4646],[27.4922,40.464]],[[27.6734,40.4554],[27.6734,40.4556],[27.6734,40.456],[27.6734,40.456],[27.6734,40.4556],[27.6734,40.4554]],[[27.738,40.4472],[27.7378,40.4472],[27.7375,40.4474],[27.7378,40.4481],[27.7387,40.4494],[27.7393,40.4496],[27.7398,40.4488],[27.7395,40.4481],[27.7385,40.4475],[27.738,40.4472]],[[27.6661,40.4411],[27.6651,40.441],[27.663,40.4407],[27.6602,40.4409],[27.6565,40.4415],[27.6535,40.4427],[27.651,40.4445],[27.6494,40.4458],[27.6487,40.4467],[27.6427,40.449],[27.6312,40.4527],[27.6242,40.4546],[27.6216,40.4547],[27.618,40.4544],[27.6133,40.4537],[27.6101,40.4537],[27.6086,40.4545],[27.6075,40.4556],[27.6068,40.4571],[27.6059,40.4578],[27.6046,40.4578],[27.6031,40.4569],[27.6014,40.4552],[27.5995,40.4543],[27.5974,40.4542],[27.5943,40.455],[27.5901,40.4567],[27.587,40.4584],[27.5849,40.4601],[27.5831,40.4609],[27.5815,40.4609],[27.5799,40.4603],[27.5784,40.4591],[27.5766,40.4593],[27.5745,40.461],[27.5732,40.4616],[27.5726,40.4611],[27.5721,40.4612],[27.5717,40.4617],[27.5701,40.4606],[27.5674,40.4578],[27.5651,40.4562],[27.563,40.4557],[27.5612,40.4557],[27.5597,40.4565],[27.5586,40.4573],[27.5579,40.4584],[27.5577,40.4607],[27.5579,40.4643],[27.5582,40.4669],[27.5587,40.4685],[27.5597,40.4701],[27.5612,40.4719],[27.5636,40.4727],[27.5667,40.4728],[27.5692,40.4724],[27.5713,40.4718],[27.5723,40.471],[27.5724,40.4703],[27.5729,40.47],[27.5738,40.4702],[27.5738,40.4685],[27.5729,40.4648],[27.5729,40.4626],[27.574,40.4619],[27.5748,40.4622],[27.5755,40.4635],[27.576,40.4651],[27.5763,40.4672],[27.576,40.4687],[27.5751,40.4698],[27.5762,40.4742],[27.5795,40.482],[27.5809,40.4862],[27.5804,40.4867],[27.5808,40.4873],[27.5821,40.4878],[27.5814,40.4888],[27.5789,40.4905],[27.5764,40.4913],[27.574,40.4912],[27.5719,40.4922],[27.57,40.4943],[27.5692,40.4964],[27.5696,40.4985],[27.5696,40.4998],[27.5691,40.5003],[27.5696,40.5013],[27.5709,40.5028],[27.5718,40.506],[27.5722,40.5107],[27.5732,40.5134],[27.5747,40.5142],[27.5755,40.516],[27.5755,40.5188],[27.5768,40.5205],[27.5794,40.5211],[27.5801,40.5224],[27.5791,40.5245],[27.5786,40.526],[27.5788,40.5271],[27.5794,40.5281],[27.5803,40.5291],[27.5818,40.5299],[27.5839,40.5304],[27.586,40.5305],[27.5881,40.53],[27.5897,40.5292],[27.5907,40.5281],[27.5916,40.5263],[27.5923,40.5237],[27.5931,40.5221],[27.594,40.5217],[27.5933,40.5202],[27.5912,40.5177],[27.5898,40.5148],[27.5892,40.5116],[27.5899,40.5063],[27.5918,40.499],[27.5929,40.494],[27.5932,40.4914],[27.593,40.4898],[27.5925,40.4892],[27.5914,40.4888],[27.5899,40.4885],[27.5883,40.4886],[27.5868,40.4889],[27.5858,40.4886],[27.5855,40.4875],[27.5863,40.4864],[27.5882,40.4851],[27.5901,40.4848],[27.5922,40.4854],[27.5943,40.4857],[27.5964,40.4856],[27.5978,40.4859],[27.5986,40.4866],[27.5992,40.4886],[27.5997,40.4917],[27.5994,40.495],[27.5983,40.4987],[27.5979,40.5018],[27.5982,40.5044],[27.5979,40.5059],[27.5969,40.5062],[27.5962,40.507],[27.5957,40.5082],[27.5957,40.5094],[27.5962,40.5105],[27.5969,40.5114],[27.5979,40.5122],[27.5995,40.5126],[27.6016,40.5126],[27.6034,40.5117],[27.6049,40.5098],[27.606,40.5089],[27.6065,40.5089],[27.6071,40.5094],[27.6077,40.5104],[27.6116,40.5117],[27.6188,40.5132],[27.6233,40.5132],[27.625,40.5117],[27.6256,40.5104],[27.6253,40.5094],[27.6246,40.5084],[27.6235,40.5073],[27.6233,40.5065],[27.6238,40.506],[27.6252,40.5057],[27.6275,40.5056],[27.6289,40.5047],[27.6294,40.5031],[27.63,40.5027],[27.6305,40.5034],[27.6315,40.5032],[27.6331,40.5021],[27.6357,40.5016],[27.6393,40.5019],[27.6419,40.5015],[27.6435,40.5006],[27.6456,40.5007],[27.6482,40.502],[27.6503,40.5024],[27.6518,40.5019],[27.6531,40.4999],[27.6542,40.4962],[27.6548,40.493],[27.6549,40.4904],[27.6552,40.4888],[27.6557,40.4883],[27.6556,40.4881],[27.655,40.4882],[27.6546,40.488],[27.6545,40.4873],[27.6549,40.4867],[27.6558,40.4862],[27.6551,40.4853],[27.6528,40.4841],[27.6506,40.4818],[27.6485,40.4785],[27.6456,40.4759],[27.6419,40.4741],[27.6399,40.4726],[27.6394,40.4714],[27.6396,40.4705],[27.6406,40.4698],[27.6424,40.4694],[27.6451,40.4693],[27.6469,40.4688],[27.6479,40.4681],[27.6484,40.4673],[27.6484,40.4664],[27.6489,40.4659],[27.65,40.4658],[27.6526,40.4666],[27.6568,40.4685],[27.6602,40.4695],[27.6628,40.4697],[27.6646,40.4705],[27.6656,40.4718],[27.6664,40.4725],[27.6669,40.4726],[27.6677,40.4713],[27.6687,40.4686],[27.6698,40.4672],[27.6709,40.4672],[27.6713,40.4667],[27.671,40.4656],[27.6713,40.4649],[27.6723,40.4644],[27.673,40.4636],[27.6735,40.4625],[27.6735,40.4615],[27.673,40.4604],[27.6729,40.4596],[27.6734,40.4592],[27.6729,40.4576],[27.6714,40.4549],[27.6712,40.4531],[27.6721,40.4521],[27.6722,40.4511],[27.6715,40.45],[27.6712,40.4482],[27.6711,40.4456],[27.6706,40.4438],[27.6698,40.4427],[27.6686,40.4419],[27.6669,40.4414],[27.6661,40.4411]],[[27.0318,40.0286],[27.032,40.0289],[27.0325,40.0294],[27.0325,40.03],[27.032,40.0305],[27.0313,40.0307],[27.0302,40.0307],[27.0297,40.0305],[27.0297,40.03],[27.0302,40.0294],[27.0313,40.0289],[27.0318,40.0286]]]}},{"type":"Feature","properties":{"depth":10,"kind":"band"},"geometry":{"type":"MultiPolygon","coordinates":[[[[27.9623,40.9728],[27.9614,40.9735],[27.9607,40.9735],[27.9603,40.9728],[27.9608,40.9724],[27.9621,40.9724],[27.9627,40.9724],[27.9627,40.9724],[27.9623,40.9728]]],[[[27.9634,40.9717],[27.9631,40.9722],[27.9631,40.9722],[27.9634,40.9717],[27.9635,40.9714],[27.9635,40.9714],[27.9634,40.9717]]],[[[27.6082,40.66],[27.6079,40.6603],[27.6079,40.6603],[27.6082,40.66],[27.6083,40.6599],[27.6083,40.6599],[27.6082,40.66]]],[[[27.5591,40.6448],[27.5595,40.6459],[27.5592,40.6466],[27.5583,40.647],[27.5574,40.6467],[27.5565,40.6458],[27.5565,40.6453],[27.5574,40.6453],[27.5581,40.6451],[27.5586,40.6446],[27.5589,40.6443],[27.5589,40.6443],[27.5591,40.6448]]],[[[27.6666,40.5977],[27.6672,40.5981],[27.6672,40.5986],[27.6665,40.5991],[27.6659,40.5991],[27.6656,40.5986],[27.6656,40.5981],[27.6661,40.5977],[27.6663,40.5974],[27.6663,40.5974],[27.6666,40.5977]]],[[[27.4909,40.5443],[27.4904,40.5443],[27.4904,40.5443],[27.4909,40.5443],[27.4911,40.5443],[27.4911,40.5443],[27.4909,40.5443]]],[[[27.4969,40.5359],[27.4963,40.5359],[27.4963,40.5359],[27.4969,40.5359],[27.4972,40.5359],[27.4972,40.5359],[27.4969,40.5359]]],[[[27.5779,40.5266],[27.5772,40.5266],[27.5772,40.5266],[27.5779,40.5266],[27.5783,40.5266],[27.5783,40.5266],[27.5779,40.5266]]],[[[27.7574,40.5247],[27.757,40.5251],[27.7568,40.5249],[27.7568,40.5241],[27.757,40.5239],[27.7574,40.5243],[27.7576,40.5245],[27.7576,40.5245],[27.7574,40.5247]]],[[[27.5779,40.5236],[27.5777,40.5239],[27.5775,40.5239],[27.5772,40.5236],[27.5773,40.5234],[27.5778,40.5234],[27.578,40.5234],[27.578,40.5234],[27.5779,40.5236]]],[[[27.7708,40.5236],[27.7705,40.5241],[27.7705,40.5241],[27.7708,40.5236],[27.7709,40.5234],[27.7709,40.5234],[27.7708,40.5236]]],[[[27.4913,40.5228],[27.4912,40.5235],[27.4909,40.5238],[27.4905,40.5235],[27.4906,40.5232],[27.4911,40.5227],[27.4913,40.5224],[27.4913,40.5224],[27.4913,40.5228]]],[[[27.5805,40.5218],[27.5799,40.5227],[27.5793,40.5229],[27.5785,40.5226],[27.5781,40.5221],[27.578,40.5217],[27.5787,40.5214],[27.58,40.5214],[27.5807,40.5214],[27.5807,40.5214],[27.5805,40.5218]]],[[[27.745,40.5187],[27.7455,40.5198],[27.7454,40.5207],[27.7447,40.5214],[27.7439,40.5214],[27.743,40.5207],[27.7428,40.5199],[27.7431,40.5192],[27.7436,40.5187],[27.7443,40.5184],[27.7447,40.5182],[27.7447,40.5182],[27.745,40.5187]]],[[[27.6068,40.5091],[27.6068,40.5094],[27.6065,40.5095],[27.606,40.5092],[27.606,40.509],[27.6065,40.5089],[27.6068,40.5089],[27.6068,40.5089],[27.6068,40.5091]]],[[[27.6255,40.507],[27.6248,40.5074],[27.6243,40.5074],[27.6239,40.507],[27.6242,40.5068],[27.6253,40.5068],[27.6258,40.5068],[27.6258,40.5068],[27.6255,40.507]]],[[[27.5969,40.4909],[27.5976,40.4924],[27.5978,40.494],[27.5977,40.4956],[27.597,40.4968],[27.5959,40.4977],[27.5949,40.4974],[27.5941,40.496],[27.594,40.4943],[27.5946,40.4922],[27.5953,40.4909],[27.5961,40.4904],[27.5965,40.4901],[27.5965,40.4901],[27.5969,40.4909]]],[[[27.5333,40.4847],[27.533,40.4843],[27.533,40.4843],[27.5333,40.4847],[27.5335,40.4849],[27.5335,40.4849],[27.5333,40.4847]]],[[[27.651,40.4847],[27.6507,40.4842],[27.6507,40.4842],[27.651,40.4847],[27.6511,40.4849],[27.6511,40.4849],[27.651,40.4847]]],[[[27.5748,40.4778],[27.5746,40.4781],[27.5743,40.4781],[27.574,40.4778],[27.5741,40.4776],[27.5746,40.4776],[27.5749,40.4776],[27.5749,40.4776],[27.5748,40.4778]]],[[[27.5577,40.4714],[27.5572,40.4714],[27.5572,40.4714],[27.5577,40.4714],[27.558,40.4714],[27.558,40.4714],[27.5577,40.4714]]],[[[27.2682,40.4664],[27.2682,40.4669],[27.2678,40.4671],[27.2669,40.4672],[27.2664,40.4669],[27.2663,40.4664],[27.2667,40.4659],[27.2677,40.4655],[27.2682,40.4655],[27.2682,40.4659],[27.2682,40.4661],[27.2682,40.4661],[27.2682,40.4664]]],[[[27.6513,40.4579],[27.6508,40.4583],[27.6505,40.4581],[27.6505,40.4575],[27.6508,40.4574],[27.6513,40.4577],[27.6515,40.4578],[27.6515,40.4578],[27.6513,40.4579]]],[[[27.6516,40.4561],[27.6516,40.457],[27.6516,40.457],[27.6516,40.4561],[27.6516,40.4557],[27.6516,40.4557],[27.6516,40.4561]]],[[[27.7414,40.4529],[27.7412,40.4534],[27.7407,40.4534],[27.7399,40.4529],[27.7397,40.4524],[27.74,40.452],[27.7405,40.452],[27.7412,40.4524],[27.7415,40.4526],[27.7415,40.4526],[27.7414,40.4529]]],[[[27.9862,40.4289],[27.986,40.4294],[27.9858,40.4294],[27.9857,40.4289],[27.9858,40.4286],[27.9861,40.4286],[27.9863,40.4286],[27.9863,40.4286],[27.9862,40.4289]]],[[[27.9536,40.4201],[27.9536,40.4196],[27.9536,40.4196],[27.9536,40.4201],[27.9536,40.4203],[27.9536,40.4203],[27.9536,40.4201]]],[[[27.045,40.4083],[27.0451,40.4094],[27.0445,40.4099],[27.043,40.4099],[27.0422,40.4096],[27.0422,40.4088],[27.0429,40.4083],[27.0442,40.408],[27.0449,40.4078],[27.0449,40.4078],[27.045,40.4083]]],[[[27.7837,40.4057],[27.7834,40.4057],[27.7834,40.4055],[27.7837,40.4052],[27.7839,40.4052],[27.7839,40.4055],[27.7839,40.4057],[27.7839,40.4057],[27.7837,40.4057]]],[[[27.7768,40.4026],[27.7761,40.4026],[27.776,40.4024],[27.7764,40.4021],[27.7767,40.4021],[27.777,40.4024],[27.7771,40.4026],[27.7771,40.4026],[27.7768,40.4026]]],[[[27.333,40.3971],[27.3329,40.3967],[27.3329,40.3967],[27.333,40.3971],[27.3331,40.3974],[27.3331,40.3974],[27.333,40.3971]]],[[[27.8103,40.3862],[27.8108,40.3867],[27.8106,40.3873],[27.8097,40.3877],[27.8092,40.3876],[27.809,40.3867],[27.8092,40.3862],[27.8098,40.386],[27.8101,40.3859],[27.8101,40.3859],[27.8103,40.3862]]],[[[27.781,40.3849],[27.7805,40.3849],[27.7805,40.3849],[27.781,40.3849],[27.7812,40.3849],[27.7812,40.3849],[27.781,40.3849]]],[[[27.7915,40.3744],[27.7912,40.3741],[27.7912,40.3741],[27.7915,40.3744],[27.7916,40.3745],[27.7916,40.3745],[27.7915,40.3744]]],[[[27.9574,40.3632],[27.9632,40.3637],[27.9685,40.365],[27.9732,40.3671],[27.9781,40.3688],[27.9833,40.3703],[27.9877,40.3711],[27.9914,40.3714],[27.9949,40.372],[27.9983,40.3729],[27.9999,40.3879],[27.9996,40.417],[27.9966,40.4301],[27.9909,40.4272],[27.9875,40.4259],[27.9864,40.4261],[27.9857,40.426],[27.9852,40.4255],[27.9847,40.4256],[27.9841,40.4263],[27.9834,40.4257],[27.9823,40.4238],[27.9795,40.4215],[27.9748,40.4186],[27.9711,40.4173],[27.9685,40.4174],[27.9666,40.4187],[27.9653,40.4212],[27.9641,40.4224],[27.9628,40.4224],[27.9614,40.4208],[27.9598,40.4177],[27.9576,40.4146],[27.9545,40.4115],[27.9516,40.4091],[27.9488,40.4074],[27.9448,40.4058],[27.9396,40.4042],[27.9358,40.4027],[27.9333,40.4012],[27.932,40.4003],[27.9319,40.3998],[27.9313,40.3994],[27.9302,40.3991],[27.9294,40.3993],[27.9289,40.4002],[27.9284,40.4005],[27.9279,40.4004],[27.9268,40.3996],[27.9253,40.3981],[27.9237,40.3969],[27.9222,40.396],[27.9211,40.3956],[27.9206,40.3958],[27.9204,40.3952],[27.9207,40.3939],[27.9204,40.3929],[27.9197,40.3924],[27.9195,40.3924],[27.9198,40.3929],[27.9198,40.3934],[27.9195,40.3937],[27.9186,40.3934],[27.9173,40.3926],[27.9165,40.3917],[27.9164,40.3906],[27.9166,40.3896],[27.9174,40.3885],[27.9184,40.3877],[27.9197,40.3873],[27.9207,40.3863],[27.9212,40.3847],[27.9216,40.3839],[27.9222,40.3836],[27.9227,40.3836],[27.9232,40.3839],[27.9239,40.3837],[27.9248,40.3831],[27.925,40.3826],[27.9244,40.3821],[27.9244,40.3815],[27.9249,40.381],[27.9251,40.3804],[27.9248,40.38],[27.9264,40.3775],[27.93,40.373],[27.9336,40.3703],[27.9373,40.3693],[27.9401,40.3681],[27.9422,40.3668],[27.9453,40.3654],[27.9495,40.3639],[27.9523,40.3631],[27.9538,40.363],[27.9545,40.363],[27.9545,40.363],[27.9574,40.3632]]],[[[27.8379,40.3599],[27.8375,40.3599],[27.8375,40.3599],[27.8379,40.3599],[27.8381,40.3599],[27.8381,40.3599],[27.8379,40.3599]]],[[[27.8005,40.3299],[27.8005,40.3302],[27.8005,40.3302],[27.8005,40.3299],[27.8005,40.3297],[27.8005,40.3297],[27.8005,40.3299]]],[[[27.7622,40.3152],[27.7704,40.3173],[27.7758,40.3183],[27.7784,40.3181],[27.7807,40.3196],[27.7826,40.3229],[27.7846,40.3255],[27.7869,40.3276],[27.7905,40.3297],[27.7955,40.3318],[27.7989,40.334],[27.8007,40.3365],[27.8068,40.3414],[27.8171,40.3489],[27.8249,40.3536],[27.8302,40.3555],[27.8333,40.3569],[27.8344,40.3576],[27.8352,40.3586],[27.8357,40.3597],[27.8362,40.3602],[27.8367,40.3601],[27.837,40.3605],[27.837,40.3616],[27.8375,40.3617],[27.8386,40.361],[27.8401,40.3612],[27.8422,40.3623],[27.8437,40.3629],[27.8448,40.3628],[27.8458,40.3634],[27.8469,40.3645],[27.8478,40.365],[27.8485,40.3651],[27.8488,40.3654],[27.8485,40.3661],[27.8492,40.3663],[27.8508,40.366],[27.8529,40.3667],[27.8554,40.3684],[27.8575,40.3706],[27.8592,40.3732],[27.8595,40.3747],[27.8584,40.3751],[27.8576,40.3751],[27.8571,40.3746],[27.857,40.3746],[27.8573,40.3752],[27.8573,40.3759],[27.857,40.3765],[27.855,40.3777],[27.8513,40.3794],[27.8492,40.38],[27.8487,40.3796],[27.8482,40.3797],[27.8477,40.3805],[27.8472,40.3806],[27.8466,40.3801],[27.8453,40.3805],[27.8433,40.3816],[27.8419,40.3819],[27.8414,40.3814],[27.8409,40.3814],[27.8404,40.382],[27.8396,40.382],[27.8385,40.3814],[27.8375,40.3815],[27.8366,40.3824],[27.836,40.3832],[27.836,40.3839],[27.8351,40.3848],[27.8336,40.3858],[27.8313,40.3867],[27.8282,40.3876],[27.8248,40.3872],[27.8211,40.3857],[27.8191,40.3852],[27.8186,40.3857],[27.8181,40.3857],[27.8175,40.3854],[27.8167,40.3855],[27.8156,40.3861],[27.8149,40.3862],[27.8144,40.3858],[27.8136,40.3857],[27.8125,40.3858],[27.8119,40.3857],[27.812,40.3852],[27.8117,40.3851],[27.8112,40.3854],[27.8105,40.3846],[27.8096,40.3827],[27.8093,40.3815],[27.8096,40.381],[27.809,40.38],[27.8075,40.3785],[27.804,40.3767],[27.7983,40.3745],[27.7956,40.3731],[27.7957,40.3727],[27.7953,40.3722],[27.7944,40.3717],[27.794,40.3711],[27.7942,40.3704],[27.794,40.3701],[27.7935,40.3702],[27.7929,40.3697],[27.7922,40.3687],[27.7911,40.3678],[27.7898,40.3671],[27.7875,40.3666],[27.7844,40.3663],[27.7815,40.3669],[27.7789,40.3683],[27.7771,40.3704],[27.776,40.3731],[27.7759,40.3763],[27.7766,40.38],[27.7773,40.3825],[27.7782,40.3841],[27.7791,40.3851],[27.7802,40.3859],[27.7812,40.3862],[27.7823,40.3861],[27.7832,40.3866],[27.7839,40.3875],[27.7833,40.3888],[27.7816,40.3905],[27.7801,40.3934],[27.779,40.3975],[27.7788,40.4005],[27.7797,40.4026],[27.7792,40.403],[27.7775,40.4019],[27.7756,40.402],[27.7735,40.4033],[27.7721,40.4039],[27.7714,40.4037],[27.7709,40.4042],[27.7705,40.4055],[27.7691,40.4068],[27.7667,40.4082],[27.7631,40.411],[27.7583,40.4151],[27.753,40.4187],[27.7472,40.4216],[27.7431,40.4247],[27.7407,40.428],[27.7394,40.4315],[27.7391,40.4352],[27.7388,40.4374],[27.7383,40.4382],[27.7375,40.4385],[27.7364,40.4382],[27.7359,40.439],[27.7359,40.441],[27.7345,40.4426],[27.7316,40.4437],[27.7292,40.4451],[27.7275,40.4466],[27.723,40.4483],[27.7157,40.45],[27.7104,40.4521],[27.7073,40.4547],[27.7049,40.4571],[27.7034,40.4594],[27.7012,40.4614],[27.6983,40.4632],[27.6965,40.4647],[27.6957,40.4658],[27.6953,40.4673],[27.6952,40.4693],[27.6943,40.4703],[27.6927,40.4703],[27.6915,40.4694],[27.6906,40.4677],[27.6893,40.4661],[27.6878,40.4647],[27.6862,40.4647],[27.6847,40.4661],[27.6834,40.4668],[27.6823,40.4667],[27.6817,40.4673],[27.6816,40.4686],[27.6809,40.4698],[27.6797,40.4709],[27.6784,40.474],[27.677,40.4792],[27.6769,40.4828],[27.678,40.4849],[27.6784,40.4875],[27.678,40.4906],[27.6786,40.4953],[27.6803,40.5016],[27.6818,40.5054],[27.6832,40.507],[27.6847,40.5078],[27.6862,40.5079],[27.6888,40.5095],[27.6925,40.5125],[27.6959,40.516],[27.699,40.5199],[27.7008,40.5219],[27.7013,40.522],[27.7026,40.5237],[27.7047,40.527],[27.707,40.5289],[27.7096,40.5294],[27.7133,40.529],[27.718,40.5278],[27.7242,40.5278],[27.732,40.5291],[27.7377,40.5295],[27.7414,40.5291],[27.7461,40.5296],[27.7518,40.5309],[27.7555,40.5315],[27.757,40.5312],[27.7583,40.5307],[27.7594,40.5298],[27.7614,40.5292],[27.7646,40.5287],[27.7666,40.528],[27.7677,40.5271],[27.7693,40.5272],[27.7714,40.5285],[27.774,40.5292],[27.7771,40.5293],[27.7794,40.529],[27.781,40.5281],[27.7823,40.5269],[27.7832,40.5253],[27.7839,40.5225],[27.7846,40.5186],[27.7854,40.5166],[27.7865,40.5166],[27.788,40.5182],[27.7901,40.5212],[27.7919,40.5232],[27.7935,40.5238],[27.7956,40.524],[27.7982,40.5235],[27.8003,40.5227],[27.8018,40.5214],[27.8065,40.5214],[27.8143,40.5227],[27.8198,40.5228],[27.8229,40.5219],[27.8263,40.5214],[27.83,40.5214],[27.8326,40.5208],[27.8341,40.5197],[27.8354,40.519],[27.8365,40.5188],[27.8391,40.5192],[27.8432,40.5201],[27.8516,40.5206],[27.8641,40.5207],[27.8734,40.52],[27.8797,40.5187],[27.8854,40.5179],[27.8906,40.5176],[27.8938,40.5168],[27.8949,40.5157],[27.8973,40.5148],[27.9008,40.5141],[27.9073,40.5136],[27.9167,40.5131],[27.9271,40.5111],[27.9386,40.5077],[27.9448,40.5055],[27.9459,40.5044],[27.949,40.5042],[27.9542,40.5047],[27.9589,40.5039],[27.963,40.5018],[27.9667,40.5003],[27.9698,40.4994],[27.9782,40.4979],[27.9917,40.4956],[27.9988,40.4946],[27.9996,40.4951],[27.9999,40.6215],[27.9996,40.8738],[27.998,40.9999],[27.9951,40.9996],[27.9933,40.9977],[27.9926,40.994],[27.9906,40.9896],[27.9875,40.9846],[27.9859,40.9818],[27.986,40.981],[27.9852,40.9801],[27.9836,40.9788],[27.9817,40.9777],[27.9796,40.977],[27.9774,40.9758],[27.9751,40.9742],[27.9736,40.9726],[27.9727,40.9711],[27.9722,40.9695],[27.972,40.968],[27.971,40.9662],[27.9691,40.9643],[27.9659,40.9626],[27.9612,40.9613],[27.9573,40.9606],[27.9542,40.9606],[27.9521,40.9608],[27.951,40.9611],[27.9504,40.9617],[27.9501,40.9626],[27.9496,40.963],[27.9489,40.963],[27.9478,40.9622],[27.9461,40.9607],[27.9432,40.9594],[27.9391,40.9583],[27.9362,40.9581],[27.9347,40.9585],[27.9339,40.9591],[27.934,40.9596],[27.9329,40.9593],[27.9308,40.9582],[27.9289,40.9579],[27.9274,40.9584],[27.9266,40.9594],[27.9266,40.9608],[27.9259,40.9619],[27.9245,40.9626],[27.9237,40.9635],[27.9235,40.9645],[27.9229,40.9652],[27.9219,40.9655],[27.9196,40.9651],[27.9159,40.9642],[27.9125,40.9639],[27.9094,40.9643],[27.9063,40.9639],[27.9031,40.9626],[27.8993,40.9614],[27.8946,40.9603],[27.8906,40.96],[27.8875,40.9605],[27.8854,40.9616],[27.8844,40.9633],[27.8831,40.9641],[27.8815,40.9641],[27.8799,40.9632],[27.8784,40.9614],[27.8766,40.9607],[27.8745,40.961],[27.8703,40.9623],[27.864,40.9644],[27.8604,40.9664],[27.8594,40.9681],[27.8573,40.9706],[27.8542,40.9737],[27.8524,40.9759],[27.8519,40.9772],[27.8506,40.9787],[27.8485,40.9805],[27.8417,40.9831],[27.8302,40.9866],[27.8183,40.9895],[27.8058,40.992],[27.7938,40.9949],[27.7823,40.9983],[27.7758,41],[27.7742,41],[27.7729,40.9995],[27.7719,40.9986],[27.7709,40.9983],[27.7698,40.9986],[27.7683,40.9983],[27.7662,40.9974],[27.7641,40.997],[27.762,40.9969],[27.7594,40.9973],[27.7563,40.998],[27.7544,40.9988],[27.7539,40.9996],[27.7476,41],[27.7357,41],[27.7253,40.9984],[27.7164,40.9952],[27.7097,40.9931],[27.705,40.9921],[27.6982,40.9915],[27.6893,40.9912],[27.6826,40.9908],[27.6779,40.9901],[27.674,40.99],[27.6709,40.9905],[27.668,40.9901],[27.6654,40.9888],[27.6592,40.9878],[27.6493,40.9872],[27.6315,40.9842],[27.606,40.9789],[27.5911,40.9761],[27.587,40.9756],[27.5831,40.9757],[27.5794,40.9761],[27.5766,40.976],[27.5745,40.9751],[27.5713,40.9745],[27.5672,40.974],[27.5617,40.9728],[27.555,40.9709],[27.5487,40.9699],[27.543,40.9698],[27.5382,40.9701],[27.5344,40.971],[27.5313,40.9704],[27.5288,40.9683],[27.5261,40.9667],[27.523,40.9654],[27.5206,40.9638],[27.519,40.9618],[27.5171,40.96],[27.515,40.9586],[27.5109,40.9563],[27.5048,40.9532],[27.5009,40.9503],[27.499,40.9477],[27.4949,40.9401],[27.4887,40.9277],[27.4835,40.9193],[27.4792,40.9151],[27.4769,40.9122],[27.4766,40.9107],[27.4767,40.9097],[27.4772,40.9092],[27.4766,40.9084],[27.475,40.9073],[27.4748,40.9068],[27.476,40.9067],[27.4769,40.9064],[27.4774,40.9058],[27.4776,40.9045],[27.4776,40.9026],[27.4761,40.899],[27.473,40.8937],[27.4703,40.8903],[27.4683,40.8888],[27.4665,40.8851],[27.4652,40.8795],[27.4644,40.875],[27.4642,40.8719],[27.4646,40.8695],[27.4655,40.868],[27.466,40.8664],[27.4659,40.8649],[27.4652,40.8631],[27.4639,40.861],[27.4631,40.8589],[27.4627,40.8568],[27.4617,40.8541],[27.4602,40.8511],[27.4593,40.8485],[27.459,40.8464],[27.4581,40.8445],[27.4565,40.843],[27.4547,40.8417],[27.4526,40.8406],[27.4498,40.8383],[27.4461,40.8346],[27.4438,40.8328],[27.4427,40.8328],[27.4409,40.8315],[27.4383,40.8289],[27.4362,40.8273],[27.4347,40.8269],[27.4323,40.8256],[27.4292,40.8235],[27.4274,40.8226],[27.4269,40.8231],[27.4256,40.822],[27.4235,40.8195],[27.4216,40.8179],[27.4201,40.8175],[27.4188,40.8167],[27.4177,40.8156],[27.4164,40.8151],[27.4149,40.8151],[27.4136,40.8148],[27.4125,40.8143],[27.4112,40.8132],[27.4097,40.8117],[27.4078,40.8106],[27.4058,40.8102],[27.4022,40.8083],[27.3972,40.8052],[27.3941,40.8026],[27.3928,40.8005],[27.3906,40.799],[27.3875,40.7978],[27.3833,40.7945],[27.3781,40.7888],[27.3753,40.7859],[27.3748,40.7859],[27.3729,40.7846],[27.3698,40.782],[27.3677,40.7797],[27.3666,40.7776],[27.3656,40.7766],[27.3646,40.7766],[27.3615,40.7742],[27.3562,40.7694],[27.3523,40.7663],[27.3497,40.7648],[27.3479,40.7641],[27.3469,40.7641],[27.3459,40.7631],[27.3448,40.761],[27.3443,40.7597],[27.3445,40.7592],[27.3436,40.7576],[27.3416,40.7549],[27.3405,40.7518],[27.3404,40.7482],[27.34,40.7454],[27.3393,40.7432],[27.3392,40.7419],[27.3395,40.7414],[27.339,40.7399],[27.3377,40.7376],[27.3368,40.7355],[27.3364,40.7337],[27.3333,40.7289],[27.3274,40.7211],[27.3243,40.7159],[27.3239,40.7133],[27.3233,40.711],[27.3224,40.7089],[27.3193,40.7052],[27.3142,40.7],[27.3086,40.6953],[27.3025,40.691],[27.2972,40.6879],[27.2925,40.686],[27.2878,40.6837],[27.2831,40.681],[27.2779,40.6774],[27.2722,40.673],[27.2667,40.67],[27.2615,40.6688],[27.2571,40.6668],[27.2536,40.6643],[27.2507,40.6617],[27.2486,40.6591],[27.2467,40.6572],[27.2451,40.6561],[27.243,40.6552],[27.2404,40.6545],[27.2378,40.6543],[27.2352,40.6548],[27.2329,40.6543],[27.2308,40.6529],[27.2253,40.6504],[27.2164,40.6469],[27.2094,40.6434],[27.2042,40.6398],[27.1998,40.6376],[27.1961,40.6365],[27.1934,40.6354],[27.1917,40.6344],[27.1894,40.6319],[27.1864,40.628],[27.1839,40.6252],[27.1818,40.6238],[27.1799,40.6229],[27.1784,40.6226],[27.1771,40.623],[27.176,40.624],[27.1747,40.6238],[27.1732,40.6222],[27.1667,40.6188],[27.1552,40.6134],[27.1482,40.6105],[27.1456,40.6102],[27.1439,40.6105],[27.1431,40.6115],[27.1424,40.612],[27.1418,40.612],[27.1409,40.6112],[27.1397,40.6095],[27.1368,40.6082],[27.1321,40.6073],[27.1292,40.6069],[27.1281,40.607],[27.1273,40.6075],[27.1266,40.6084],[27.1259,40.6089],[27.125,40.6089],[27.1241,40.6081],[27.123,40.6064],[27.1214,40.605],[27.1193,40.6038],[27.1159,40.6032],[27.1112,40.603],[27.1071,40.6026],[27.1034,40.6018],[27.1006,40.6015],[27.0985,40.6017],[27.0961,40.6013],[27.0935,40.6005],[27.0899,40.5997],[27.0852,40.599],[27.081,40.5989],[27.0773,40.5994],[27.0729,40.5988],[27.0677,40.5972],[27.0583,40.5936],[27.0448,40.5881],[27.0365,40.5842],[27.0334,40.5821],[27.0298,40.5791],[27.0259,40.5753],[27.0204,40.5709],[27.0134,40.5659],[27.0099,40.5631],[27.0099,40.5623],[27.0093,40.5612],[27.0082,40.5597],[27.0057,40.5568],[27.0019,40.5526],[27.0001,40.511],[27.0004,40.432],[27.0036,40.393],[27.0099,40.3941],[27.0154,40.3953],[27.0201,40.3969],[27.0235,40.3974],[27.0256,40.3969],[27.0281,40.3971],[27.0313,40.398],[27.0331,40.3987],[27.0338,40.3992],[27.0341,40.4003],[27.0342,40.4018],[27.0347,40.4031],[27.0356,40.4042],[27.0351,40.4047],[27.0331,40.4047],[27.032,40.405],[27.0318,40.4055],[27.0321,40.4062],[27.0329,40.4073],[27.0331,40.4081],[27.0326,40.4086],[27.0329,40.4094],[27.034,40.4104],[27.0352,40.412],[27.0364,40.4143],[27.0378,40.4158],[27.0393,40.4167],[27.0425,40.4174],[27.0472,40.418],[27.0498,40.4186],[27.0503,40.4193],[27.0508,40.4194],[27.0513,40.4189],[27.0521,40.4187],[27.0531,40.4189],[27.054,40.4196],[27.0547,40.4208],[27.055,40.4219],[27.0548,40.4229],[27.0552,40.4239],[27.0561,40.425],[27.0565,40.426],[27.0562,40.4271],[27.0566,40.4284],[27.0575,40.4299],[27.0592,40.4313],[27.0617,40.4325],[27.0648,40.4331],[27.0685,40.4331],[27.0719,40.4344],[27.075,40.4369],[27.0779,40.4386],[27.0805,40.4393],[27.0828,40.4405],[27.0849,40.4421],[27.0875,40.445],[27.0906,40.4491],[27.0927,40.4514],[27.0938,40.4519],[27.0953,40.4523],[27.0974,40.4526],[27.0992,40.4525],[27.1008,40.452],[27.1019,40.4514],[27.1026,40.4508],[27.1028,40.4501],[27.1027,40.4495],[27.1034,40.4489],[27.1049,40.4484],[27.1073,40.4486],[27.1104,40.4495],[27.1138,40.4514],[27.1175,40.4544],[27.1203,40.4561],[27.1224,40.4566],[27.1258,40.4562],[27.1305,40.4551],[27.1346,40.4558],[27.1383,40.4583],[27.1412,40.4596],[27.1433,40.4597],[27.1459,40.4589],[27.149,40.4574],[27.1526,40.4564],[27.1568,40.4559],[27.1618,40.4538],[27.1675,40.4503],[27.1721,40.4479],[27.1758,40.4467],[27.1807,40.4445],[27.187,40.4414],[27.1914,40.4398],[27.194,40.4398],[27.1961,40.44],[27.1976,40.4405],[27.201,40.4424],[27.2063,40.4457],[27.2125,40.4486],[27.2198,40.4512],[27.2255,40.453],[27.2297,40.454],[27.2336,40.4555],[27.2373,40.4574],[27.2404,40.4585],[27.243,40.4589],[27.2465,40.4601],[27.251,40.462],[27.2561,40.4638],[27.2619,40.4653],[27.2657,40.4671],[27.2674,40.4693],[27.2683,40.4708],[27.2684,40.4719],[27.2692,40.473],[27.2707,40.4741],[27.2735,40.4755],[27.2776,40.4772],[27.2815,40.4782],[27.2852,40.4785],[27.288,40.4781],[27.2899,40.4771],[27.2914,40.4753],[27.2925,40.4727],[27.2941,40.4701],[27.296,40.4674],[27.2986,40.4645],[27.3019,40.4615],[27.3067,40.458],[27.313,40.4542],[27.3163,40.4519],[27.3168,40.451],[27.3178,40.45],[27.3194,40.4489],[27.3224,40.4448],[27.3268,40.4375],[27.3309,40.4326],[27.3346,40.4299],[27.3372,40.4278],[27.3385,40.4263],[27.3395,40.4242],[27.3403,40.4216],[27.3411,40.4166],[27.3419,40.4094],[27.342,40.4049],[27.3414,40.4031],[27.3396,40.4011],[27.3365,40.3986],[27.3349,40.3971],[27.3348,40.3967],[27.334,40.3956],[27.3323,40.394],[27.3312,40.3927],[27.3307,40.3916],[27.3305,40.3897],[27.3306,40.387],[27.3321,40.3846],[27.3349,40.3828],[27.3364,40.3815],[27.3365,40.381],[27.3421,40.3777],[27.3533,40.3716],[27.3644,40.3669],[27.3753,40.3634],[27.3859,40.3597],[27.3964,40.3556],[27.4076,40.3502],[27.4195,40.3435],[27.4294,40.3384],[27.4372,40.3351],[27.4533,40.33],[27.4779,40.3231],[27.4943,40.3189],[27.5026,40.3174],[27.5128,40.316],[27.5247,40.3148],[27.5331,40.3142],[27.5378,40.3142],[27.5453,40.3151],[27.5557,40.3169],[27.5625,40.3184],[27.5656,40.3196],[27.5698,40.3217],[27.575,40.3246],[27.58,40.3268],[27.5847,40.3284],[27.5895,40.3303],[27.5946,40.3327],[27.6053,40.3342],[27.6216,40.3349],[27.6323,40.3349],[27.6375,40.3341],[27.6471,40.3301],[27.6612,40.3229],[27.6698,40.3191],[27.6729,40.3188],[27.675,40.318],[27.6761,40.3167],[27.6776,40.3163],[27.6797,40.3168],[27.6823,40.3164],[27.6854,40.3154],[27.6886,40.3158],[27.6917,40.3178],[27.6953,40.3194],[27.6995,40.3207],[27.7047,40.3214],[27.711,40.3217],[27.7156,40.3215],[27.7188,40.3208],[27.7214,40.3197],[27.7235,40.3182],[27.7261,40.3169],[27.7291,40.3159],[27.7349,40.3153],[27.7432,40.3152],[27.7492,40.3147],[27.7529,40.3138],[27.7556,40.3135],[27.7573,40.3139],[27.7581,40.3141],[27.7581,40.3141],[27.7622,40.3152]],[[27.486,40.6331],[27.4839,40.6336],[27.4821,40.6343],[27.4807,40.6354],[27.4794,40.6368],[27.4782,40.6386],[27.4776,40.6402],[27.4775,40.6415],[27.4778,40.643],[27.4787,40.6445],[27.48,40.6461],[27.4819,40.6478],[27.4849,40.649],[27.489,40.6498],[27.4917,40.6492],[27.4928,40.6474],[27.493,40.6438],[27.4921,40.6385],[27.492,40.6357],[27.4925,40.6352],[27.4927,40.6346],[27.4924,40.634],[27.4909,40.6335],[27.4883,40.633],[27.487,40.6328],[27.487,40.6328],[27.486,40.6331]],[[27.7586,40.6265],[27.756,40.6273],[27.7544,40.6284],[27.7538,40.6299],[27.7538,40.632],[27.7544,40.6346],[27.7558,40.6364],[27.7579,40.6373],[27.7597,40.6376],[27.7612,40.6373],[27.7626,40.6361],[27.7638,40.6339],[27.7642,40.6318],[27.7637,40.6297],[27.7625,40.628],[27.7608,40.6268],[27.7599,40.6262],[27.7599,40.6262],[27.7586,40.6265]],[[27.5359,40.59],[27.5359,40.5905],[27.5362,40.5906],[27.5367,40.5903],[27.5367,40.59],[27.5362,40.5898],[27.5359,40.5897],[27.5359,40.5897],[27.5359,40.59]],[[27.6104,40.5702],[27.6073,40.5702],[27.6041,40.5708],[27.6011,40.5721],[27.5992,40.5732],[27.5985,40.5741],[27.5982,40.5751],[27.5983,40.5763],[27.5982,40.5771],[27.5977,40.5774],[27.5958,40.5769],[27.5927,40.5757],[27.5896,40.5754],[27.5865,40.5762],[27.585,40.5758],[27.5851,40.5742],[27.5845,40.5729],[27.5834,40.5718],[27.582,40.5716],[27.5805,40.5721],[27.5797,40.5729],[27.5797,40.5739],[27.5794,40.5745],[27.5789,40.5745],[27.5779,40.5735],[27.5764,40.5714],[27.5749,40.5704],[27.5732,40.5706],[27.5708,40.5714],[27.5677,40.5727],[27.5648,40.5745],[27.5622,40.5767],[27.5581,40.5786],[27.5524,40.5802],[27.5484,40.5822],[27.5462,40.5847],[27.5431,40.587],[27.5391,40.5891],[27.5371,40.5909],[27.537,40.5924],[27.5367,40.5928],[27.5362,40.592],[27.5351,40.5914],[27.5336,40.5909],[27.5313,40.5915],[27.5281,40.5932],[27.5253,40.5977],[27.5229,40.6052],[27.5218,40.6097],[27.5222,40.6112],[27.5229,40.6124],[27.524,40.6132],[27.5253,40.6135],[27.5268,40.6133],[27.528,40.6137],[27.5289,40.6146],[27.5293,40.6154],[27.5292,40.6159],[27.5283,40.6174],[27.5264,40.6201],[27.525,40.6216],[27.5239,40.6219],[27.5235,40.6224],[27.5235,40.623],[27.5232,40.6237],[27.5224,40.6242],[27.5219,40.6258],[27.5216,40.6284],[27.5217,40.6313],[27.5222,40.6344],[27.5235,40.6362],[27.5256,40.6367],[27.5266,40.6375],[27.5266,40.6385],[27.5258,40.6387],[27.5242,40.6381],[27.5236,40.6381],[27.5239,40.6388],[27.524,40.6399],[27.5237,40.6414],[27.5249,40.644],[27.5278,40.6477],[27.5301,40.65],[27.5319,40.6509],[27.5344,40.6516],[27.5375,40.6522],[27.5409,40.6541],[27.5446,40.6572],[27.5477,40.659],[27.5503,40.6593],[27.5531,40.6586],[27.556,40.6567],[27.5573,40.6548],[27.557,40.6531],[27.5573,40.6525],[27.5584,40.6532],[27.5602,40.6521],[27.5628,40.6493],[27.5647,40.6483],[27.5659,40.6491],[27.5667,40.6505],[27.5671,40.6526],[27.5683,40.6543],[27.5704,40.6557],[27.5774,40.6573],[27.5893,40.6591],[27.5957,40.6597],[27.5964,40.6592],[27.5968,40.6594],[27.5971,40.6604],[27.5986,40.6615],[27.6013,40.6626],[27.6034,40.6633],[27.6049,40.6635],[27.6065,40.6633],[27.6081,40.6625],[27.6104,40.6627],[27.6136,40.6636],[27.6164,40.6641],[27.619,40.6642],[27.6221,40.6652],[27.6258,40.6671],[27.6283,40.6679],[27.6297,40.6674],[27.6303,40.6675],[27.6301,40.668],[27.6305,40.6687],[27.6314,40.6698],[27.6329,40.6704],[27.6349,40.6707],[27.6385,40.6694],[27.6436,40.6665],[27.6465,40.6644],[27.6471,40.663],[27.6492,40.6622],[27.6529,40.6621],[27.655,40.6626],[27.6555,40.6639],[27.657,40.6648],[27.6596,40.6656],[27.6619,40.6644],[27.664,40.6614],[27.665,40.6594],[27.6651,40.6583],[27.6656,40.6578],[27.6667,40.6578],[27.667,40.6583],[27.6665,40.6594],[27.6663,40.6604],[27.6666,40.6615],[27.6684,40.6632],[27.6717,40.6656],[27.6752,40.6668],[27.6789,40.6667],[27.6814,40.6663],[27.6829,40.6655],[27.6842,40.663],[27.6853,40.6589],[27.6877,40.6569],[27.6914,40.6573],[27.6948,40.657],[27.6979,40.6561],[27.7021,40.6555],[27.7073,40.655],[27.7109,40.6542],[27.7128,40.6531],[27.7147,40.6518],[27.7164,40.6501],[27.7203,40.6482],[27.7266,40.6461],[27.7318,40.645],[27.7359,40.6448],[27.7388,40.6437],[27.7403,40.6416],[27.7414,40.6404],[27.7419,40.6401],[27.7425,40.6401],[27.743,40.6404],[27.7439,40.6396],[27.7454,40.6379],[27.7465,40.636],[27.7472,40.6339],[27.7475,40.6323],[27.7475,40.6312],[27.7466,40.6288],[27.7451,40.6251],[27.7427,40.6227],[27.7396,40.6218],[27.7357,40.6197],[27.731,40.6164],[27.7273,40.6144],[27.7247,40.6137],[27.7211,40.6122],[27.7164,40.6099],[27.7123,40.6088],[27.7086,40.6088],[27.706,40.6082],[27.7044,40.6067],[27.6987,40.6041],[27.6888,40.6002],[27.6821,40.598],[27.6784,40.5975],[27.6763,40.597],[27.6758,40.5965],[27.6755,40.597],[27.6755,40.5983],[27.6753,40.5989],[27.6748,40.5988],[27.674,40.5984],[27.6729,40.5977],[27.6722,40.5964],[27.6717,40.5943],[27.6707,40.5926],[27.669,40.5915],[27.6677,40.5909],[27.6666,40.591],[27.6661,40.5906],[27.666,40.5896],[27.6655,40.5884],[27.6646,40.5869],[27.6589,40.5847],[27.6484,40.5816],[27.6406,40.5786],[27.6354,40.5756],[27.6317,40.5741],[27.6297,40.5742],[27.6281,40.5751],[27.6271,40.5769],[27.6261,40.578],[27.625,40.5783],[27.6243,40.5783],[27.6238,40.5778],[27.6236,40.5768],[27.6237,40.5753],[27.6231,40.5739],[27.622,40.5726],[27.6191,40.5715],[27.6144,40.5706],[27.612,40.5702],[27.612,40.5702],[27.6104,40.5702]],[[27.4813,40.5096],[27.4802,40.5092],[27.4782,40.5092],[27.4751,40.5097],[27.4737,40.5112],[27.4741,40.5138],[27.4753,40.5161],[27.4772,40.5183],[27.4789,40.5193],[27.4805,40.5193],[27.4812,40.5196],[27.4809,40.5202],[27.4817,40.5197],[27.4836,40.518],[27.4843,40.5167],[27.4838,40.5156],[27.4839,40.5146],[27.4844,40.5135],[27.4839,40.5122],[27.4825,40.5106],[27.4818,40.5098],[27.4818,40.5098],[27.4813,40.5096]],[[27.5409,40.5011],[27.5404,40.5015],[27.5407,40.502],[27.5417,40.5027],[27.5419,40.5026],[27.5414,40.5015],[27.5411,40.501],[27.5411,40.501],[27.5409,40.5011]],[[27.4901,40.4622],[27.488,40.4625],[27.486,40.4636],[27.4839,40.4653],[27.4826,40.4687],[27.4821,40.474],[27.4817,40.4771],[27.4814,40.4781],[27.4807,40.4789],[27.4796,40.4794],[27.4788,40.4802],[27.4782,40.4813],[27.477,40.4847],[27.4751,40.4904],[27.4744,40.4943],[27.4748,40.4964],[27.4757,40.4983],[27.477,40.5],[27.4797,40.502],[27.4838,40.5042],[27.4868,40.5065],[27.4887,40.5088],[27.49,40.5112],[27.4908,40.5138],[27.4909,40.5172],[27.4904,40.5213],[27.4904,40.524],[27.4909,40.5253],[27.4924,40.5271],[27.4949,40.5295],[27.496,40.5318],[27.4959,40.5339],[27.4952,40.5349],[27.4939,40.5348],[27.4932,40.5354],[27.4932,40.5364],[27.4922,40.5372],[27.4901,40.5375],[27.4873,40.5368],[27.4836,40.535],[27.4784,40.5333],[27.4716,40.5318],[27.4674,40.5313],[27.4659,40.5319],[27.4646,40.5332],[27.4635,40.5352],[27.4628,40.5379],[27.4624,40.5415],[27.4627,40.5445],[27.4637,40.5471],[27.4652,40.5492],[27.4672,40.5507],[27.4716,40.5523],[27.4784,40.5542],[27.4862,40.5557],[27.4951,40.5568],[27.5013,40.5571],[27.505,40.5566],[27.5073,40.556],[27.5084,40.5554],[27.5101,40.5537],[27.5125,40.5509],[27.5135,40.5485],[27.513,40.5463],[27.5149,40.5443],[27.5192,40.5422],[27.523,40.5399],[27.5261,40.5374],[27.528,40.5356],[27.5287,40.5345],[27.5308,40.5336],[27.5342,40.533],[27.5377,40.5314],[27.5414,40.5288],[27.5469,40.5272],[27.5542,40.5265],[27.5577,40.5258],[27.5574,40.5249],[27.5576,40.5229],[27.5583,40.5198],[27.5579,40.517],[27.5564,40.5147],[27.5549,40.5131],[27.5533,40.5124],[27.5525,40.5117],[27.5526,40.5109],[27.5511,40.5101],[27.5479,40.5091],[27.5447,40.5071],[27.5414,40.5041],[27.5397,40.5021],[27.5398,40.501],[27.5401,40.5005],[27.5408,40.5004],[27.5414,40.4999],[27.5419,40.4988],[27.5426,40.4983],[27.5435,40.4984],[27.5441,40.4966],[27.5444,40.4929],[27.5449,40.4906],[27.5456,40.4896],[27.5455,40.4883],[27.5447,40.4866],[27.544,40.4859],[27.5435,40.486],[27.543,40.4856],[27.5425,40.4847],[27.5406,40.4832],[27.5375,40.4812],[27.5357,40.4804],[27.5352,40.4807],[27.5341,40.4806],[27.5326,40.4803],[27.5313,40.4797],[27.5302,40.4788],[27.5279,40.4779],[27.5242,40.477],[27.519,40.4753],[27.5123,40.4727],[27.5066,40.4696],[27.5019,40.4659],[27.4974,40.4636],[27.4932,40.4625],[27.4911,40.462],[27.4911,40.462],[27.4901,40.4622]],[[27.6659,40.4388],[27.6633,40.4384],[27.6599,40.4387],[27.6557,40.4395],[27.6518,40.4412],[27.6482,40.4437],[27.6412,40.4466],[27.6307,40.4501],[27.6245,40.452],[27.6224,40.4523],[27.6188,40.4522],[27.6135,40.4515],[27.6091,40.4521],[27.6054,40.4538],[27.6026,40.4541],[27.6005,40.4528],[27.5982,40.4522],[27.5956,40.4523],[27.5922,40.4535],[27.5879,40.4557],[27.5853,40.4578],[27.5844,40.4599],[27.5831,40.4609],[27.5815,40.4609],[27.5799,40.4599],[27.5784,40.4579],[27.5763,40.4572],[27.5737,40.4578],[27.5711,40.4571],[27.5685,40.4551],[27.5667,40.454],[27.5656,40.4538],[27.5641,40.4536],[27.562,40.4535],[27.56,40.454],[27.5581,40.4551],[27.5566,40.4568],[27.5555,40.4589],[27.5548,40.4612],[27.5543,40.4638],[27.5544,40.4654],[27.5549,40.4658],[27.555,40.4664],[27.5547,40.4669],[27.5548,40.4675],[27.5553,40.468],[27.5559,40.4693],[27.5564,40.4714],[27.5585,40.4733],[27.5622,40.475],[27.5651,40.4755],[27.5672,40.4749],[27.5693,40.4748],[27.5714,40.4751],[27.5726,40.4759],[27.5732,40.4772],[27.574,40.478],[27.5751,40.4784],[27.5762,40.4802],[27.5772,40.4833],[27.5775,40.4852],[27.5772,40.4857],[27.5772,40.4864],[27.5776,40.4875],[27.577,40.4883],[27.5753,40.4891],[27.5739,40.4893],[27.5726,40.4892],[27.5718,40.4897],[27.5715,40.4908],[27.5704,40.4919],[27.5683,40.4931],[27.5673,40.4951],[27.5674,40.4981],[27.5672,40.4998],[27.5664,40.5003],[27.5666,40.5008],[27.5675,40.5013],[27.5681,40.5021],[27.5682,40.5031],[27.5685,40.5039],[27.5691,40.5044],[27.5691,40.505],[27.5686,40.5054],[27.5689,40.5062],[27.57,40.5073],[27.5703,40.5081],[27.57,40.5086],[27.5701,40.5102],[27.5707,40.5128],[27.5716,40.5144],[27.5728,40.5151],[27.5739,40.5154],[27.575,40.5153],[27.5755,40.5157],[27.5755,40.5166],[27.5751,40.5174],[27.5744,40.5179],[27.574,40.519],[27.5738,40.5206],[27.5744,40.5217],[27.5756,40.5221],[27.5765,40.5232],[27.577,40.5247],[27.5769,40.526],[27.576,40.5271],[27.5757,40.5279],[27.5762,40.5283],[27.578,40.5294],[27.5812,40.5311],[27.5844,40.5318],[27.5875,40.5315],[27.5899,40.531],[27.5914,40.5301],[27.5927,40.5281],[27.5938,40.525],[27.5951,40.5232],[27.5966,40.5227],[27.5963,40.5216],[27.594,40.5201],[27.5924,40.5177],[27.5913,40.5146],[27.5907,40.5112],[27.5908,40.5075],[27.5914,40.5047],[27.5926,40.5026],[27.5938,40.5023],[27.5949,40.5039],[27.5952,40.5058],[27.5945,40.5079],[27.5944,40.5099],[27.5947,40.512],[27.5955,40.5138],[27.5968,40.5153],[27.5982,40.5162],[27.5997,40.5163],[27.6013,40.5159],[27.6028,40.515],[27.6039,40.514],[27.6044,40.5129],[27.6078,40.5132],[27.6141,40.5149],[27.6185,40.5157],[27.6211,40.5157],[27.6236,40.515],[27.6261,40.5137],[27.6274,40.5127],[27.6277,40.5123],[27.6276,40.5115],[27.6272,40.5104],[27.6282,40.509],[27.6306,40.5071],[27.6349,40.5053],[27.6412,40.5036],[27.6456,40.5032],[27.6482,40.5041],[27.6505,40.5041],[27.6526,40.5033],[27.654,40.5023],[27.6547,40.5011],[27.6555,40.4986],[27.6564,40.4947],[27.657,40.4918],[27.6573,40.49],[27.6573,40.4888],[27.6569,40.4883],[27.6571,40.4878],[27.658,40.4873],[27.6584,40.4867],[27.6583,40.4862],[27.6564,40.4833],[27.6525,40.4781],[27.6504,40.4745],[27.6501,40.4724],[27.6503,40.4711],[27.6512,40.4703],[27.6534,40.4707],[27.6571,40.4722],[27.6591,40.4727],[27.6597,40.4724],[27.6604,40.4725],[27.6615,40.473],[27.6622,40.4731],[27.6628,40.4726],[27.6635,40.4724],[27.6646,40.4725],[27.6656,40.4732],[27.6667,40.4745],[27.668,40.474],[27.6695,40.4716],[27.671,40.4699],[27.6725,40.4688],[27.6738,40.4667],[27.6749,40.4636],[27.6754,40.4612],[27.6752,40.4597],[27.6755,40.4584],[27.6764,40.4573],[27.6764,40.4565],[27.6756,40.456],[27.6752,40.4549],[27.6751,40.4534],[27.6748,40.4523],[27.6743,40.4519],[27.6738,40.4495],[27.6735,40.4453],[27.6728,40.4426],[27.6719,40.4414],[27.6704,40.4403],[27.6683,40.4394],[27.6672,40.4389],[27.6672,40.4389],[27.6659,40.4388]]],[[[27.032,40.0289],[27.0323,40.0294],[27.0323,40.0299],[27.032,40.0302],[27.0313,40.0305],[27.0302,40.0306],[27.0297,40.0305],[27.0297,40.03],[27.0302,40.0294],[27.0313,40.0289],[27.0318,40.0286],[27.0318,40.0286],[27.032,40.0289]]]]}},{"type":"Feature","properties":{"depth":10,"kind":"isobath"},"geometry":{"type":"MultiLineString","coordinates":[[[27.9627,40.9724],[27.9623,40.9728],[27.9614,40.9735],[27.9607,40.9735],[27.9603,40.9728],[27.9608,40.9724],[27.9621,40.9724],[27.9627,40.9724]],[[27.9635,40.9714],[27.9634,40.9717],[27.9631,40.9722],[27.9631,40.9722],[27.9634,40.9717],[27.9635,40.9714]],[[27.6083,40.6599],[27.6082,40.66],[27.6079,40.6603],[27.6079,40.6603],[27.6082,40.66],[27.6083,40.6599]],[[27.5589,40.6443],[27.5591,40.6448],[27.5595,40.6459],[27.5592,40.6466],[27.5583,40.647],[27.5574,40.6467],[27.5565,40.6458],[27.5565,40.6453],[27.5574,40.6453],[27.5581,40.6451],[27.5586,40.6446],[27.5589,40.6443]],[[27.6663,40.5974],[27.6666,40.5977],[27.6672,40.5981],[27.6672,40.5986],[27.6665,40.5991],[27.6659,40.5991],[27.6656,40.5986],[27.6656,40.5981],[27.6661,40.5977],[27.6663,40.5974]],[[27.4911,40.5443],[27.4909,40.5443],[27.4904,40.5443],[27.4904,40.5443],[27.4909,40.5443],[27.4911,40.5443]],[[27.4972,40.5359],[27.4969,40.5359],[27.4963,40.5359],[27.4963,40.5359],[27.4969,40.5359],[27.4972,40.5359]],[[27.5783,40.5266],[27.5779,40.5266],[27.5772,40.5266],[27.5772,40.5266],[27.5779,40.5266],[27.5783,40.5266]],[[27.7576,40.5245],[27.7574,40.5247],[27.757,40.5251],[27.7568,40.5249],[27.7568,40.5241],[27.757,40.5239],[27.7574,40.5243],[27.7576,40.5245]],[[27.578,40.5234],[27.5779,40.5236],[27.5777,40.5239],[27.5775,40.5239],[27.5772,40.5236],[27.5773,40.5234],[27.5778,40.5234],[27.578,40.5234]],[[27.7709,40.5234],[27.7708,40.5236],[27.7705,40.5241],[27.7705,40.5241],[27.7708,40.5236],[27.7709,40.5234]],[[27.4913,40.5224],[27.4913,40.5228],[27.4912,40.5235],[27.4909,40.5238],[27.4905,40.5235],[27.4906,40.5232],[27.4911,40.5227],[27.4913,40.5224]],[[27.5807,40.5214],[27.5805,40.5218],[27.5799,40.5227],[27.5793,40.5229],[27.5785,40.5226],[27.5781,40.5221],[27.578,40.5217],[27.5787,40.5214],[27.58,40.5214],[27.5807,40.5214]],[[27.7447,40.5182],[27.745,40.5187],[27.7455,40.5198],[27.7454,40.5207],[27.7447,40.5214],[27.7439,40.5214],[27.743,40.5207],[27.7428,40.5199],[27.7431,40.5192],[27.7436,40.5187],[27.7443,40.5184],[27.7447,40.5182]],[[27.6068,40.5089],[27.6068,40.5091],[27.6068,40.5094],[27.6065,40.5095],[27.606,40.5092],[27.606,40.509],[27.6065,40.5089],[27.6068,40.5089]],[[27.6258,40.5068],[27.6255,40.507],[27.6248,40.5074],[27.6243,40.5074],[27.6239,40.507],[27.6242,40.5068],[27.6253,40.5068],[27.6258,40.5068]],[[27.5965,40.4901],[27.5969,40.4909],[27.5976,40.4924],[27.5978,40.494],[27.5977,40.4956],[27.597,40.4968],[27.5959,40.4977],[27.5949,40.4974],[27.5941,40.496],[27.594,40.4943],[27.5946,40.4922],[27.5953,40.4909],[27.5961,40.4904],[27.5965,40.4901]],[[27.5335,40.4849],[27.5333,40.4847],[27.533,40.4843],[27.533,40.4843],[27.5333,40.4847],[27.5335,40.4849]],[[27.6511,40.4849],[27.651,40.4847],[27.6507,40.4842],[27.6507,40.4842],[27.651,40.4847],[27.6511,40.4849]],[[27.5749,40.4776],[27.5748,40.4778],[27.5746,40.4781],[27.5743,40.4781],[27.574,40.4778],[27.5741,40.4776],[27.5746,40.4776],[27.5749,40.4776]],[[27.558,40.4714],[27.5577,40.4714],[27.5572,40.4714],[27.5572,40.4714],[27.5577,40.4714],[27.558,40.4714]],[[27.2682,40.4661],[27.2682,40.4664],[27.2682,40.4669],[27.2678,40.4671],[27.2669,40.4672],[27.2664,40.4669],[27.2663,40.4664],[27.2667,40.4659],[27.2677,40.4655],[27.2682,40.4655],[27.2682,40.4659],[27.2682,40.4661]],[[27.6515,40.4578],[27.6513,40.4579],[27.6508,40.4583],[27.6505,40.4581],[27.6505,40.4575],[27.6508,40.4574],[27.6513,40.4577],[27.6515,40.4578]],[[27.6516,40.4557],[27.6516,40.4561],[27.6516,40.457],[27.6516,40.457],[27.6516,40.4561],[27.6516,40.4557]],[[27.7415,40.4526],[27.7414,40.4529],[27.7412,40.4534],[27.7407,40.4534],[27.7399,40.4529],[27.7397,40.4524],[27.74,40.452],[27.7405,40.452],[27.7412,40.4524],[27.7415,40.4526]],[[27.9863,40.4286],[27.9862,40.4289],[27.986,40.4294],[27.9858,40.4294],[27.9857,40.4289],[27.9858,40.4286],[27.9861,40.4286],[27.9863,40.4286]],[[27.9536,40.4203],[27.9536,40.4201],[27.9536,40.4196],[27.9536,40.4196],[27.9536,40.4201],[27.9536,40.4203]],[[27.0449,40.4078],[27.045,40.4083],[27.0451,40.4094],[27.0445,40.4099],[27.043,40.4099],[27.0422,40.4096],[27.0422,40.4088],[27.0429,40.4083],[27.0442,40.408],[27.0449,40.4078]],[[27.7839,40.4057],[27.7837,40.4057],[27.7834,40.4057],[27.7834,40.4055],[27.7837,40.4052],[27.7839,40.4052],[27.7839,40.4055],[27.7839,40.4057]],[[27.7771,40.4026],[27.7768,40.4026],[27.7761,40.4026],[27.776,40.4024],[27.7764,40.4021],[27.7767,40.4021],[27.777,40.4024],[27.7771,40.4026]],[[27.3331,40.3974],[27.333,40.3971],[27.3329,40.3967],[27.3329,40.3967],[27.333,40.3971],[27.3331,40.3974]],[[27.8101,40.3859],[27.8103,40.3862],[27.8108,40.3867],[27.8106,40.3873],[27.8097,40.3877],[27.8092,40.3876],[27.809,40.3867],[27.8092,40.3862],[27.8098,40.386],[27.8101,40.3859]],[[27.7812,40.3849],[27.781,40.3849],[27.7805,40.3849],[27.7805,40.3849],[27.781,40.3849],[27.7812,40.3849]],[[27.7916,40.3745],[27.7915,40.3744],[27.7912,40.3741],[27.7912,40.3741],[27.7915,40.3744],[27.7916,40.3745]],[[27.9995,40.4315],[27.9966,40.4301],[27.9909,40.4272],[27.9875,40.4259],[27.9864,40.4261],[27.9857,40.426],[27.9852,40.4255],[27.9847,40.4256],[27.9841,40.4263],[27.9834,40.4257],[27.9823,40.4238],[27.9795,40.4215],[27.9748,40.4186],[27.9711,40.4173],[27.9685,40.4174],[27.9666,40.4187],[27.9653,40.4212],[27.9641,40.4224],[27.9628,40.4224],[27.9614,40.4208],[27.9598,40.4177],[27.9576,40.4146],[27.9545,40.4115],[27.9516,40.4091],[27.9488,40.4074],[27.9448,40.4058],[27.9396,40.4042],[27.9358,40.4027],[27.9333,40.4012],[27.932,40.4003],[27.9319,40.3998],[27.9313,40.3994],[27.9302,40.3991],[27.9294,40.3993],[27.9289,40.4002],[27.9284,40.4005],[27.9279,40.4004],[27.9268,40.3996],[27.9253,40.3981],[27.9237,40.3969],[27.9222,40.396],[27.9211,40.3956],[27.9206,40.3958],[27.9204,40.3952],[27.9207,40.3939],[27.9204,40.3929],[27.9197,40.3924],[27.9195,40.3924],[27.9198,40.3929],[27.9198,40.3934],[27.9195,40.3937],[27.9186,40.3934],[27.9173,40.3926],[27.9165,40.3917],[27.9164,40.3906],[27.9166,40.3896],[27.9174,40.3885],[27.9184,40.3877],[27.9197,40.3873],[27.9207,40.3863],[27.9212,40.3847],[27.9216,40.3839],[27.9222,40.3836],[27.9227,40.3836],[27.9232,40.3839],[27.9239,40.3837],[27.9248,40.3831],[27.925,40.3826],[27.9244,40.3821],[27.9244,40.3815],[27.9249,40.381],[27.9251,40.3804],[27.9248,40.38],[27.9264,40.3775],[27.93,40.373],[27.9336,40.3703],[27.9373,40.3693],[27.9401,40.3681],[27.9422,40.3668],[27.9453,40.3654],[27.9495,40.3639],[27.9523,40.3631],[27.9538,40.363],[27.9545,40.363],[27.9545,40.363],[27.9574,40.3632],[27.9632,40.3637],[27.9685,40.365],[27.9732,40.3671],[27.9781,40.3688],[27.9833,40.3703],[27.9877,40.3711],[27.9914,40.3714],[27.9932,40.3715]],[[27.8381,40.3599],[27.8379,40.3599],[27.8375,40.3599],[27.8375,40.3599],[27.8379,40.3599],[27.8381,40.3599]],[[27.8005,40.3297],[27.8005,40.3299],[27.8005,40.3302],[27.8005,40.3302],[27.8005,40.3299],[27.8005,40.3297]],[[27.9936,40.9995],[27.9933,40.9977],[27.9926,40.994],[27.9906,40.9896],[27.9875,40.9846],[27.9859,40.9818],[27.986,40.981],[27.9852,40.9801],[27.9836,40.9788],[27.9817,40.9777],[27.9796,40.977],[27.9774,40.9758],[27.9751,40.9742],[27.9736,40.9726],[27.9727,40.9711],[27.9722,40.9695],[27.972,40.968],[27.971,40.9662],[27.9691,40.9643],[27.9659,40.9626],[27.9612,40.9613],[27.9573,40.9606],[27.9542,40.9606],[27.9521,40.9608],[27.951,40.9611],[27.9504,40.9617],[27.9501,40.9626],[27.9496,40.963],[27.9489,40.963],[27.9478,40.9622],[27.9461,40.9607],[27.9432,40.9594],[27.9391,40.9583],[27.9362,40.9581],[27.9347,40.9585],[27.9339,40.9591],[27.934,40.9596],[27.9329,40.9593],[27.9308,40.9582],[27.9289,40.9579],[27.9274,40.9584],[27.9266,40.9594],[27.9266,40.9608],[27.9259,40.9619],[27.9245,40.9626],[27.9237,40.9635],[27.9235,40.9645],[27.9229,40.9652],[27.9219,40.9655],[27.9196,40.9651],[27.9159,40.9642],[27.9125,40.9639],[27.9094,40.9643],[27.9063,40.9639],[27.9031,40.9626],[27.8993,40.9614],[27.8946,40.9603],[27.8906,40.96],[27.8875,40.9605],[27.8854,40.9616],[27.8844,40.9633],[27.8831,40.9641],[27.8815,40.9641],[27.8799,40.9632],[27.8784,40.9614],[27.8766,40.9607],[27.8745,40.961],[27.8703,40.9623],[27.864,40.9644],[27.8604,40.9664],[27.8594,40.9681],[27.8573,40.9706],[27.8542,40.9737],[27.8524,40.9759],[27.8519,40.9772],[27.8506,40.9787],[27.8485,40.9805],[27.8417,40.9831],[27.8302,40.9866],[27.8183,40.9895],[27.8058,40.992],[27.7995,40.9932]],[[27.7714,40.9981],[27.7709,40.9983],[27.7698,40.9986],[27.7683,40.9983],[27.7662,40.9974],[27.7641,40.997],[27.762,40.9969],[27.7594,40.9973],[27.7563,40.998],[27.7547,40.9984]],[[27.712,40.9936],[27.7097,40.9931],[27.705,40.9921],[27.6982,40.9915],[27.6893,40.9912],[27.6826,40.9908],[27.6779,40.9901],[27.674,40.99],[27.6709,40.9905],[27.668,40.9901],[27.6654,40.9888],[27.6592,40.9878],[27.6493,40.9872],[27.6315,40.9842],[27.606,40.9789],[27.5911,40.9761],[27.587,40.9756],[27.5831,40.9757],[27.5794,40.9761],[27.5766,40.976],[27.5745,40.9751],[27.5713,40.9745],[27.5672,40.974],[27.5617,40.9728],[27.555,40.9709],[27.5487,40.9699],[27.543,40.9698],[27.5382,40.9701],[27.5344,40.971],[27.5313,40.9704],[27.5288,40.9683],[27.5261,40.9667],[27.523,40.9654],[27.5206,40.9638],[27.519,40.9618],[27.5171,40.96],[27.515,40.9586],[27.5109,40.9563],[27.5048,40.9532],[27.5009,40.9503],[27.499,40.9477],[27.4949,40.9401],[27.4887,40.9277],[27.4835,40.9193],[27.4792,40.9151],[27.4769,40.9122],[27.4766,40.9107],[27.4767,40.9097],[27.4772,40.9092],[27.4766,40.9084],[27.475,40.9073],[27.4748,40.9068],[27.476,40.9067],[27.4769,40.9064],[27.4774,40.9058],[27.4776,40.9045],[27.4776,40.9026],[27.4761,40.899],[27.473,40.8937],[27.4703,40.8903],[27.4683,40.8888],[27.4665,40.8851],[27.4652,40.8795],[27.4644,40.875],[27.4642,40.8719],[27.4646,40.8695],[27.4655,40.868],[27.466,40.8664],[27.4659,40.8649],[27.4652,40.8631],[27.4639,40.861],[27.4631,40.8589],[27.4627,40.8568],[27.4617,40.8541],[27.4602,40.8511],[27.4593,40.8485],[27.459,40.8464],[27.4581,40.8445],[27.4565,40.843],[27.4547,40.8417],[27.4526,40.8406],[27.4498,40.8383],[27.4461,40.8346],[27.4438,40.8328],[27.4427,40.8328],[27.4409,40.8315],[27.4383,40.8289],[27.4362,40.8273],[27.4347,40.8269],[27.4323,40.8256],[27.4292,40.8235],[27.4274,40.8226],[27.4269,40.8231],[27.4256,40.822],[27.4235,40.8195],[27.4216,40.8179],[27.4201,40.8175],[27.4188,40.8167],[27.4177,40.8156],[27.4164,40.8151],[27.4149,40.8151],[27.4136,40.8148],[27.4125,40.8143],[27.4112,40.8132],[27.4097,40.8117],[27.4078,40.8106],[27.4058,40.8102],[27.4022,40.8083],[27.3972,40.8052],[27.3941,40.8026],[27.3928,40.8005],[27.3906,40.799],[27.3875,40.7978],[27.3833,40.7945],[27.3781,40.7888],[27.3753,40.7859],[27.3748,40.7859],[27.3729,40.7846],[27.3698,40.782],[27.3677,40.7797],[27.3666,40.7776],[27.3656,40.7766],[27.3646,40.7766],[27.3615,40.7742],[27.3562,40.7694],[27.3523,40.7663],[27.3497,40.7648],[27.3479,40.7641],[27.3469,40.7641],[27.3459,40.7631],[27.3448,40.761],[27.3443,40.7597],[27.3445,40.7592],[27.3436,40.7576],[27.3416,40.7549],[27.3405,40.7518],[27.3404,40.7482],[27.34,40.7454],[27.3393,40.7432],[27.3392,40.7419],[27.3395,40.7414],[27.339,40.7399],[27.3377,40.7376],[27.3368,40.7355],[27.3364,40.7337],[27.3333,40.7289],[27.3274,40.7211],[27.3243,40.7159],[27.3239,40.7133],[27.3233,40.711],[27.3224,40.7089],[27.3193,40.7052],[27.3142,40.7],[27.3086,40.6953],[27.3025,40.691],[27.2972,40.6879],[27.2925,40.686],[27.2878,40.6837],[27.2831,40.681],[27.2779,40.6774],[27.2722,40.673],[27.2667,40.67],[27.2615,40.6688],[27.2571,40.6668],[27.2536,40.6643],[27.2507,40.6617],[27.2486,40.6591],[27.2467,40.6572],[27.2451,40.6561],[27.243,40.6552],[27.2404,40.6545],[27.2378,40.6543],[27.2352,40.6548],[27.2329,40.6543],[27.2308,40.6529],[27.2253,40.6504],[27.2164,40.6469],[27.2094,40.6434],[27.2042,40.6398],[27.1998,40.6376],[27.1961,40.6365],[27.1934,40.6354],[27.1917,40.6344],[27.1894,40.6319],[27.1864,40.628],[27.1839,40.6252],[27.1818,40.6238],[27.1799,40.6229],[27.1784,40.6226],[27.1771,40.623],[27.176,40.624],[27.1747,40.6238],[27.1732,40.6222],[27.1667,40.6188],[27.1552,40.6134],[27.1482,40.6105],[27.1456,40.6102],[27.1439,40.6105],[27.1431,40.6115],[27.1424,40.612],[27.1418,40.612],[27.1409,40.6112],[27.1397,40.6095],[27.1368,40.6082],[27.1321,40.6073],[27.1292,40.6069],[27.1281,40.607],[27.1273,40.6075],[27.1266,40.6084],[27.1259,40.6089],[27.125,40.6089],[27.1241,40.6081],[27.123,40.6064],[27.1214,40.605],[27.1193,40.6038],[27.1159,40.6032],[27.1112,40.603],[27.1071,40.6026],[27.1034,40.6018],[27.1006,40.6015],[27.0985,40.6017],[27.0961,40.6013],[27.0935,40.6005],[27.0899,40.5997],[27.0852,40.599],[27.081,40.5989],[27.0773,40.5994],[27.0729,40.5988],[27.0677,40.5972],[27.0583,40.5936],[27.0448,40.5881],[27.0365,40.5842],[27.0334,40.5821],[27.0298,40.5791],[27.0259,40.5753],[27.0204,40.5709],[27.0134,40.5659],[27.0099,40.5631],[27.0099,40.5623],[27.0093,40.5612],[27.0082,40.5597],[27.0076,40.5589]],[[27.0005,40.3925],[27.0036,40.393],[27.0099,40.3941],[27.0154,40.3953],[27.0201,40.3969],[27.0235,40.3974],[27.0256,40.3969],[27.0281,40.3971],[27.0313,40.398],[27.0331,40.3987],[27.0338,40.3992],[27.0341,40.4003],[27.0342,40.4018],[27.0347,40.4031],[27.0356,40.4042],[27.0351,40.4047],[27.0331,40.4047],[27.032,40.405],[27.0318,40.4055],[27.0321,40.4062],[27.0329,40.4073],[27.0331,40.4081],[27.0326,40.4086],[27.0329,40.4094],[27.034,40.4104],[27.0352,40.412],[27.0364,40.4143],[27.0378,40.4158],[27.0393,40.4167],[27.0425,40.4174],[27.0472,40.418],[27.0498,40.4186],[27.0503,40.4193],[27.0508,40.4194],[27.0513,40.4189],[27.0521,40.4187],[27.0531,40.4189],[27.054,40.4196],[27.0547,40.4208],[27.055,40.4219],[27.0548,40.4229],[27.0552,40.4239],[27.0561,40.425],[27.0565,40.426],[27.0562,40.4271],[27.0566,40.4284],[27.0575,40.4299],[27.0592,40.4313],[27.0617,40.4325],[27.0648,40.4331],[27.0685,40.4331],[27.0719,40.4344],[27.075,40.4369],[27.0779,40.4386],[27.0805,40.4393],[27.0828,40.4405],[27.0849,40.4421],[27.0875,40.445],[27.0906,40.4491],[27.0927,40.4514],[27.0938,40.4519],[27.0953,40.4523],[27.0974,40.4526],[27.0992,40.4525],[27.1008,40.452],[27.1019,40.4514],[27.1026,40.4508],[27.1028,40.4501],[27.1027,40.4495],[27.1034,40.4489],[27.1049,40.4484],[27.1073,40.4486],[27.1104,40.4495],[27.1138,40.4514],[27.1175,40.4544],[27.1203,40.4561],[27.1224,40.4566],[27.1258,40.4562],[27.1305,40.4551],[27.1346,40.4558],[27.1383,40.4583],[27.1412,40.4596],[27.1433,40.4597],[27.1459,40.4589],[27.149,40.4574],[27.1526,40.4564],[27.1568,40.4559],[27.1618,40.4538],[27.1675,40.4503],[27.1721,40.4479],[27.1758,40.4467],[27.1807,40.4445],[27.187,40.4414],[27.1914,40.4398],[27.194,40.4398],[27.1961,40.44],[27.1976,40.4405],[27.201,40.4424],[27.2063,40.4457],[27.2125,40.4486],[27.2198,40.4512],[27.2255,40.453],[27.2297,40.454],[27.2336,40.4555],[27.2373,40.4574],[27.2404,40.4585],[27.243,40.4589],[27.2465,40.4601],[27.251,40.462],[27.2561,40.4638],[27.2619,40.4653],[27.2657,40.4671],[27.2674,40.4693],[27.2683,40.4708],[27.2684,40.4719],[27.2692,40.473],[27.2707,40.4741],[27.2735,40.4755],[27.2776,40.4772],[27.2815,40.4782],[27.2852,40.4785],[27.288,40.4781],[27.2899,40.4771],[27.2914,40.4753],[27.2925,40.4727],[27.2941,40.4701],[27.296,40.4674],[27.2986,40.4645],[27.3019,40.4615],[27.3067,40.458],[27.313,40.4542],[27.3163,40.4519],[27.3168,40.451],[27.3178,40.45],[27.3194,40.4489],[27.3224,40.4448],[27.3268,40.4375],[27.3309,40.4326],[27.3346,40.4299],[27.3372,40.4278],[27.3385,40.4263],[27.3395,40.4242],[27.3403,40.4216],[27.3411,40.4166],[27.3419,40.4094],[27.342,40.4049],[27.3414,40.4031],[27.3396,40.4011],[27.3365,40.3986],[27.3349,40.3971],[27.3348,40.3967],[27.334,40.3956],[27.3323,40.394],[27.3312,40.3927],[27.3307,40.3916],[27.3305,40.3897],[27.3306,40.387],[27.3321,40.3846],[27.3349,40.3828],[27.3364,40.3815],[27.3365,40.381],[27.3421,40.3777],[27.3533,40.3716],[27.3644,40.3669],[27.3753,40.3634],[27.3859,40.3597],[27.3964,40.3556],[27.4076,40.3502],[27.4195,40.3435],[27.4294,40.3384],[27.4372,40.3351],[27.4533,40.33],[27.4779,40.3231],[27.4943,40.3189],[27.5026,40.3174],[27.5128,40.316],[27.5247,40.3148],[27.5331,40.3142],[27.5378,40.3142],[27.5453,40.3151],[27.5557,40.3169],[27.5625,40.3184],[27.5656,40.3196],[27.5698,40.3217],[27.575,40.3246],[27.58,40.3268],[27.5847,40.3284],[27.5895,40.3303],[27.5946,40.3327],[27.6053,40.3342],[27.6216,40.3349],[27.6323,40.3349],[27.6375,40.3341],[27.6471,40.3301],[27.6612,40.3229],[27.6698,40.3191],[27.6729,40.3188],[27.675,40.318],[27.6761,40.3167],[27.6776,40.3163],[27.6797,40.3168],[27.6823,40.3164],[27.6854,40.3154],[27.6886,40.3158],[27.6917,40.3178],[27.6953,40.3194],[27.6995,40.3207],[27.7047,40.3214],[27.711,40.3217],[27.7156,40.3215],[27.7188,40.3208],[27.7214,40.3197],[27.7235,40.3182],[27.7261,40.3169],[27.7291,40.3159],[27.7349,40.3153],[27.7432,40.3152],[27.7492,40.3147],[27.7529,40.3138],[27.7556,40.3135],[27.7573,40.3139],[27.7581,40.3141],[27.7581,40.3141],[27.7622,40.3152],[27.7704,40.3173],[27.7758,40.3183],[27.7784,40.3181],[27.7807,40.3196],[27.7826,40.3229],[27.7846,40.3255],[27.7869,40.3276],[27.7905,40.3297],[27.7955,40.3318],[27.7989,40.334],[27.8007,40.3365],[27.8068,40.3414],[27.8171,40.3489],[27.8249,40.3536],[27.8302,40.3555],[27.8333,40.3569],[27.8344,40.3576],[27.8352,40.3586],[27.8357,40.3597],[27.8362,40.3602],[27.8367,40.3601],[27.837,40.3605],[27.837,40.3616],[27.8375,40.3617],[27.8386,40.361],[27.8401,40.3612],[27.8422,40.3623],[27.8437,40.3629],[27.8448,40.3628],[27.8458,40.3634],[27.8469,40.3645],[27.8478,40.365],[27.8485,40.3651],[27.8488,40.3654],[27.8485,40.3661],[27.8492,40.3663],[27.8508,40.366],[27.8529,40.3667],[27.8554,40.3684],[27.8575,40.3706],[27.8592,40.3732],[27.8595,40.3747],[27.8584,40.3751],[27.8576,40.3751],[27.8571,40.3746],[27.857,40.3746],[27.8573,40.3752],[27.8573,40.3759],[27.857,40.3765],[27.855,40.3777],[27.8513,40.3794],[27.8492,40.38],[27.8487,40.3796],[27.8482,40.3797],[27.8477,40.3805],[27.8472,40.3806],[27.8466,40.3801],[27.8453,40.3805],[27.8433,40.3816],[27.8419,40.3819],[27.8414,40.3814],[27.8409,40.3814],[27.8404,40.382],[27.8396,40.382],[27.8385,40.3814],[27.8375,40.3815],[27.8366,40.3824],[27.836,40.3832],[27.836,40.3839],[27.8351,40.3848],[27.8336,40.3858],[27.8313,40.3867],[27.8282,40.3876],[27.8248,40.3872],[27.8211,40.3857],[27.8191,40.3852],[27.8186,40.3857],[27.8181,40.3857],[27.8175,40.3854],[27.8167,40.3855],[27.8156,40.3861],[27.8149,40.3862],[27.8144,40.3858],[27.8136,40.3857],[27.8125,40.3858],[27.8119,40.3857],[27.812,40.3852],[27.8117,40.3851],[27.8112,40.3854],[27.8105,40.3846],[27.8096,40.3827],[27.8093,40.3815],[27.8096,40.381],[27.809,40.38],[27.8075,40.3785],[27.804,40.3767],[27.7983,40.3745],[27.7956,40.3731],[27.7957,40.3727],[27.7953,40.3722],[27.7944,40.3717],[27.794,40.3711],[27.7942,40.3704],[27.794,40.3701],[27.7935,40.3702],[27.7929,40.3697],[27.7922,40.3687],[27.7911,40.3678],[27.7898,40.3671],[27.7875,40.3666],[27.7844,40.3663],[27.7815,40.3669],[27.7789,40.3683],[27.7771,40.3704],[27.776,40.3731],[27.7759,40.3763],[27.7766,40.38],[27.7773,40.3825],[27.7782,40.3841],[27.7791,40.3851],[27.7802,40.3859],[27.7812,40.3862],[27.7823,40.3861],[27.7832,40.3866],[27.7839,40.3875],[27.7833,40.3888],[27.7816,40.3905],[27.7801,40.3934],[27.779,40.3975],[27.7788,40.4005],[27.7797,40.4026],[27.7792,40.403],[27.7775,40.4019],[27.7756,40.402],[27.7735,40.4033],[27.7721,40.4039],[27.7714,40.4037],[27.7709,40.4042],[27.7705,40.4055],[27.7691,40.4068],[27.7667,40.4082],[27.7631,40.411],[27.7583,40.4151],[27.753,40.4187],[27.7472,40.4216],[27.7431,40.4247],[27.7407,40.428],[27.7394,40.4315],[27.7391,40.4352],[27.7388,40.4374],[27.7383,40.4382],[27.7375,40.4385],[27.7364,40.4382],[27.7359,40.439],[27.7359,40.441],[27.7345,40.4426],[27.7316,40.4437],[27.7292,40.4451],[27.7275,40.4466],[27.723,40.4483],[27.7157,40.45],[27.7104,40.4521],[27.7073,40.4547],[27.7049,40.4571],[27.7034,40.4594],[27.7012,40.4614],[27.6983,40.4632],[27.6965,40.4647],[27.6957,40.4658],[27.6953,40.4673],[27.6952,40.4693],[27.6943,40.4703],[27.6927,40.4703],[27.6915,40.4694],[27.6906,40.4677],[27.6893,40.4661],[27.6878,40.4647],[27.6862,40.4647],[27.6847,40.4661],[27.6834,40.4668],[27.6823,40.4667],[27.6817,40.4673],[27.6816,40.4686],[27.6809,40.4698],[27.6797,40.4709],[27.6784,40.474],[27.677,40.4792],[27.6769,40.4828],[27.678,40.4849],[27.6784,40.4875],[27.678,40.4906],[27.6786,40.4953],[27.6803,40.5016],[27.6818,40.5054],[27.6832,40.507],[27.6847,40.5078],[27.6862,40.5079],[27.6888,40.5095],[27.6925,40.5125],[27.6959,40.516],[27.699,40.5199],[27.7008,40.5219],[27.7013,40.522],[27.7026,40.5237],[27.7047,40.527],[27.707,40.5289],[27.7096,40.5294],[27.7133,40.529],[27.718,40.5278],[27.7242,40.5278],[27.732,40.5291],[27.7377,40.5295],[27.7414,40.5291],[27.7461,40.5296],[27.7518,40.5309],[27.7555,40.5315],[27.757,40.5312],[27.7583,40.5307],[27.7594,40.5298],[27.7614,40.5292],[27.7646,40.5287],[27.7666,40.528],[27.7677,40.5271],[27.7693,40.5272],[27.7714,40.5285],[27.774,40.5292],[27.7771,40.5293],[27.7794,40.529],[27.781,40.5281],[27.7823,40.5269],[27.7832,40.5253],[27.7839,40.5225],[27.7846,40.5186],[27.7854,40.5166],[27.7865,40.5166],[27.788,40.5182],[27.7901,40.5212],[27.7919,40.5232],[27.7935,40.5238],[27.7956,40.524],[27.7982,40.5235],[27.8003,40.5227],[27.8018,40.5214],[27.8065,40.5214],[27.8143,40.5227],[27.8198,40.5228],[27.8229,40.5219],[27.8263,40.5214],[27.83,40.5214],[27.8326,40.5208],[27.8341,40.5197],[27.8354,40.519],[27.8365,40.5188],[27.8391,40.5192],[27.8432,40.5201],[27.8516,40.5206],[27.8641,40.5207],[27.8734,40.52],[27.8797,40.5187],[27.8854,40.5179],[27.8906,40.5176],[27.8938,40.5168],[27.8949,40.5157],[27.8973,40.5148],[27.9008,40.5141],[27.9073,40.5136],[27.9167,40.5131],[27.9271,40.5111],[27.9386,40.5077],[27.9448,40.5055],[27.9459,40.5044],[27.949,40.5042],[27.9542,40.5047],[27.9589,40.5039],[27.963,40.5018],[27.9667,40.5003],[27.9698,40.4994],[27.9782,40.4979],[27.9917,40.4956],[27.9984,40.4944]],[[27.487,40.6328],[27.486,40.6331],[27.4839,40.6336],[27.4821,40.6343],[27.4807,40.6354],[27.4794,40.6368],[27.4782,40.6386],[27.4776,40.6402],[27.4775,40.6415],[27.4778,40.643],[27.4787,40.6445],[27.48,40.6461],[27.4819,40.6478],[27.4849,40.649],[27.489,40.6498],[27.4917,40.6492],[27.4928,40.6474],[27.493,40.6438],[27.4921,40.6385],[27.492,40.6357],[27.4925,40.6352],[27.4927,40.6346],[27.4924,40.634],[27.4909,40.6335],[27.4883,40.633],[27.487,40.6328]],[[27.7599,40.6262],[27.7586,40.6265],[27.756,40.6273],[27.7544,40.6284],[27.7538,40.6299],[27.7538,40.632],[27.7544,40.6346],[27.7558,40.6364],[27.7579,40.6373],[27.7597,40.6376],[27.7612,40.6373],[27.7626,40.6361],[27.7638,40.6339],[27.7642,40.6318],[27.7637,40.6297],[27.7625,40.628],[27.7608,40.6268],[27.7599,40.6262]],[[27.5359,40.5897],[27.5359,40.59],[27.5359,40.5905],[27.5362,40.5906],[27.5367,40.5903],[27.5367,40.59],[27.5362,40.5898],[27.5359,40.5897]],[[27.612,40.5702],[27.6104,40.5702],[27.6073,40.5702],[27.6041,40.5708],[27.6011,40.5721],[27.5992,40.5732],[27.5985,40.5741],[27.5982,40.5751],[27.5983,40.5763],[27.5982,40.5771],[27.5977,40.5774],[27.5958,40.5769],[27.5927,40.5757],[27.5896,40.5754],[27.5865,40.5762],[27.585,40.5758],[27.5851,40.5742],[27.5845,40.5729],[27.5834,40.5718],[27.582,40.5716],[27.5805,40.5721],[27.5797,40.5729],[27.5797,40.5739],[27.5794,40.5745],[27.5789,40.5745],[27.5779,40.5735],[27.5764,40.5714],[27.5749,40.5704],[27.5732,40.5706],[27.5708,40.5714],[27.5677,40.5727],[27.5648,40.5745],[27.5622,40.5767],[27.5581,40.5786],[27.5524,40.5802],[27.5484,40.5822],[27.5462,40.5847],[27.5431,40.587],[27.5391,40.5891],[27.5371,40.5909],[27.537,40.5924],[27.5367,40.5928],[27.5362,40.592],[27.5351,40.5914],[27.5336,40.5909],[27.5313,40.5915],[27.5281,40.5932],[27.5253,40.5977],[27.5229,40.6052],[27.5218,40.6097],[27.5222,40.6112],[27.5229,40.6124],[27.524,40.6132],[27.5253,40.6135],[27.5268,40.6133],[27.528,40.6137],[27.5289,40.6146],[27.5293,40.6154],[27.5292,40.6159],[27.5283,40.6174],[27.5264,40.6201],[27.525,40.6216],[27.5239,40.6219],[27.5235,40.6224],[27.5235,40.623],[27.5232,40.6237],[27.5224,40.6242],[27.5219,40.6258],[27.5216,40.6284],[27.5217,40.6313],[27.5222,40.6344],[27.5235,40.6362],[27.5256,40.6367],[27.5266,40.6375],[27.5266,40.6385],[27.5258,40.6387],[27.5242,40.6381],[27.5236,40.6381],[27.5239,40.6388],[27.524,40.6399],[27.5237,40.6414],[27.5249,40.644],[27.5278,40.6477],[27.5301,40.65],[27.5319,40.6509],[27.5344,40.6516],[27.5375,40.6522],[27.5409,40.6541],[27.5446,40.6572],[27.5477,40.659],[27.5503,40.6593],[27.5531,40.6586],[27.556,40.6567],[27.5573,40.6548],[27.557,40.6531],[27.5573,40.6525],[27.5584,40.6532],[27.5602,40.6521],[27.5628,40.6493],[27.5647,40.6483],[27.5659,40.6491],[27.5667,40.6505],[27.5671,40.6526],[27.5683,40.6543],[27.5704,40.6557],[27.5774,40.6573],[27.5893,40.6591],[27.5957,40.6597],[27.5964,40.6592],[27.5968,40.6594],[27.5971,40.6604],[27.5986,40.6615],[27.6013,40.6626],[27.6034,40.6633],[27.6049,40.6635],[27.6065,40.6633],[27.6081,40.6625],[27.6104,40.6627],[27.6136,40.6636],[27.6164,40.6641],[27.619,40.6642],[27.6221,40.6652],[27.6258,40.6671],[27.6283,40.6679],[27.6297,40.6674],[27.6303,40.6675],[27.6301,40.668],[27.6305,40.6687],[27.6314,40.6698],[27.6329,40.6704],[27.6349,40.6707],[27.6385,40.6694],[27.6436,40.6665],[27.6465,40.6644],[27.6471,40.663],[27.6492,40.6622],[27.6529,40.6621],[27.655,40.6626],[27.6555,40.6639],[27.657,40.6648],[27.6596,40.6656],[27.6619,40.6644],[27.664,40.6614],[27.665,40.6594],[27.6651,40.6583],[27.6656,40.6578],[27.6667,40.6578],[27.667,40.6583],[27.6665,40.6594],[27.6663,40.6604],[27.6666,40.6615],[27.6684,40.6632],[27.6717,40.6656],[27.6752,40.6668],[27.6789,40.6667],[27.6814,40.6663],[27.6829,40.6655],[27.6842,40.663],[27.6853,40.6589],[27.6877,40.6569],[27.6914,40.6573],[27.6948,40.657],[27.6979,40.6561],[27.7021,40.6555],[27.7073,40.655],[27.7109,40.6542],[27.7128,40.6531],[27.7147,40.6518],[27.7164,40.6501],[27.7203,40.6482],[27.7266,40.6461],[27.7318,40.645],[27.7359,40.6448],[27.7388,40.6437],[27.7403,40.6416],[27.7414,40.6404],[27.7419,40.6401],[27.7425,40.6401],[27.743,40.6404],[27.7439,40.6396],[27.7454,40.6379],[27.7465,40.636],[27.7472,40.6339],[27.7475,40.6323],[27.7475,40.6312],[27.7466,40.6288],[27.7451,40.6251],[27.7427,40.6227],[27.7396,40.6218],[27.7357,40.6197],[27.731,40.6164],[27.7273,40.6144],[27.7247,40.6137],[27.7211,40.6122],[27.7164,40.6099],[27.7123,40.6088],[27.7086,40.6088],[27.706,40.6082],[27.7044,40.6067],[27.6987,40.6041],[27.6888,40.6002],[27.6821,40.598],[27.6784,40.5975],[27.6763,40.597],[27.6758,40.5965],[27.6755,40.597],[27.6755,40.5983],[27.6753,40.5989],[27.6748,40.5988],[27.674,40.5984],[27.6729,40.5977],[27.6722,40.5964],[27.6717,40.5943],[27.6707,40.5926],[27.669,40.5915],[27.6677,40.5909],[27.6666,40.591],[27.6661,40.5906],[27.666,40.5896],[27.6655,40.5884],[27.6646,40.5869],[27.6589,40.5847],[27.6484,40.5816],[27.6406,40.5786],[27.6354,40.5756],[27.6317,40.5741],[27.6297,40.5742],[27.6281,40.5751],[27.6271,40.5769],[27.6261,40.578],[27.625,40.5783],[27.6243,40.5783],[27.6238,40.5778],[27.6236,40.5768],[27.6237,40.5753],[27.6231,40.5739],[27.622,40.5726],[27.6191,40.5715],[27.6144,40.5706],[27.612,40.5702]],[[27.4818,40.5098],[27.4813,40.5096],[27.4802,40.5092],[27.4782,40.5092],[27.4751,40.5097],[27.4737,40.5112],[27.4741,40.5138],[27.4753,40.5161],[27.4772,40.5183],[27.4789,40.5193],[27.4805,40.5193],[27.4812,40.5196],[27.4809,40.5202],[27.4817,40.5197],[27.4836,40.518],[27.4843,40.5167],[27.4838,40.5156],[27.4839,40.5146],[27.4844,40.5135],[27.4839,40.5122],[27.4825,40.5106],[27.4818,40.5098]],[[27.5411,40.501],[27.5409,40.5011],[27.5404,40.5015],[27.5407,40.502],[27.5417,40.5027],[27.5419,40.5026],[27.5414,40.5015],[27.5411,40.501]],[[27.4911,40.462],[27.4901,40.4622],[27.488,40.4625],[27.486,40.4636],[27.4839,40.4653],[27.4826,40.4687],[27.4821,40.474],[27.4817,40.4771],[27.4814,40.4781],[27.4807,40.4789],[27.4796,40.4794],[27.4788,40.4802],[27.4782,40.4813],[27.477,40.4847],[27.4751,40.4904],[27.4744,40.4943],[27.4748,40.4964],[27.4757,40.4983],[27.477,40.5],[27.4797,40.502],[27.4838,40.5042],[27.4868,40.5065],[27.4887,40.5088],[27.49,40.5112],[27.4908,40.5138],[27.4909,40.5172],[27.4904,40.5213],[27.4904,40.524],[27.4909,40.5253],[27.4924,40.5271],[27.4949,40.5295],[27.496,40.5318],[27.4959,40.5339],[27.4952,40.5349],[27.4939,40.5348],[27.4932,40.5354],[27.4932,40.5364],[27.4922,40.5372],[27.4901,40.5375],[27.4873,40.5368],[27.4836,40.535],[27.4784,40.5333],[27.4716,40.5318],[27.4674,40.5313],[27.4659,40.5319],[27.4646,40.5332],[27.4635,40.5352],[27.4628,40.5379],[27.4624,40.5415],[27.4627,40.5445],[27.4637,40.5471],[27.4652,40.5492],[27.4672,40.5507],[27.4716,40.5523],[27.4784,40.5542],[27.4862,40.5557],[27.4951,40.5568],[27.5013,40.5571],[27.505,40.5566],[27.5073,40.556],[27.5084,40.5554],[27.5101,40.5537],[27.5125,40.5509],[27.5135,40.5485],[27.513,40.5463],[27.5149,40.5443],[27.5192,40.5422],[27.523,40.5399],[27.5261,40.5374],[27.528,40.5356],[27.5287,40.5345],[27.5308,40.5336],[27.5342,40.533],[27.5377,40.5314],[27.5414,40.5288],[27.5469,40.5272],[27.5542,40.5265],[27.5577,40.5258],[27.5574,40.5249],[27.5576,40.5229],[27.5583,40.5198],[27.5579,40.517],[27.5564,40.5147],[27.5549,40.5131],[27.5533,40.5124],[27.5525,40.5117],[27.5526,40.5109],[27.5511,40.5101],[27.5479,40.5091],[27.5447,40.5071],[27.5414,40.5041],[27.5397,40.5021],[27.5398,40.501],[27.5401,40.5005],[27.5408,40.5004],[27.5414,40.4999],[27.5419,40.4988],[27.5426,40.4983],[27.5435,40.4984],[27.5441,40.4966],[27.5444,40.4929],[27.5449,40.4906],[27.5456,40.4896],[27.5455,40.4883],[27.5447,40.4866],[27.544,40.4859],[27.5435,40.486],[27.543,40.4856],[27.5425,40.4847],[27.5406,40.4832],[27.5375,40.4812],[27.5357,40.4804],[27.5352,40.4807],[27.5341,40.4806],[27.5326,40.4803],[27.5313,40.4797],[27.5302,40.4788],[27.5279,40.4779],[27.5242,40.477],[27.519,40.4753],[27.5123,40.4727],[27.5066,40.4696],[27.5019,40.4659],[27.4974,40.4636],[27.4932,40.4625],[27.4911,40.462]],[[27.6672,40.4389],[27.6659,40.4388],[27.6633,40.4384],[27.6599,40.4387],[27.6557,40.4395],[27.6518,40.4412],[27.6482,40.4437],[27.6412,40.4466],[27.6307,40.4501],[27.6245,40.452],[27.6224,40.4523],[27.6188,40.4522],[27.6135,40.4515],[27.6091,40.4521],[27.6054,40.4538],[27.6026,40.4541],[27.6005,40.4528],[27.5982,40.4522],[27.5956,40.4523],[27.5922,40.4535],[27.5879,40.4557],[27.5853,40.4578],[27.5844,40.4599],[27.5831,40.4609],[27.5815,40.4609],[27.5799,40.4599],[27.5784,40.4579],[27.5763,40.4572],[27.5737,40.4578],[27.5711,40.4571],[27.5685,40.4551],[27.5667,40.454],[27.5656,40.4538],[27.5641,40.4536],[27.562,40.4535],[27.56,40.454],[27.5581,40.4551],[27.5566,40.4568],[27.5555,40.4589],[27.5548,40.4612],[27.5543,40.4638],[27.5544,40.4654],[27.5549,40.4658],[27.555,40.4664],[27.5547,40.4669],[27.5548,40.4675],[27.5553,40.468],[27.5559,40.4693],[27.5564,40.4714],[27.5585,40.4733],[27.5622,40.475],[27.5651,40.4755],[27.5672,40.4749],[27.5693,40.4748],[27.5714,40.4751],[27.5726,40.4759],[27.5732,40.4772],[27.574,40.478],[27.5751,40.4784],[27.5762,40.4802],[27.5772,40.4833],[27.5775,40.4852],[27.5772,40.4857],[27.5772,40.4864],[27.5776,40.4875],[27.577,40.4883],[27.5753,40.4891],[27.5739,40.4893],[27.5726,40.4892],[27.5718,40.4897],[27.5715,40.4908],[27.5704,40.4919],[27.5683,40.4931],[27.5673,40.4951],[27.5674,40.4981],[27.5672,40.4998],[27.5664,40.5003],[27.5666,40.5008],[27.5675,40.5013],[27.5681,40.5021],[27.5682,40.5031],[27.5685,40.5039],[27.5691,40.5044],[27.5691,40.505],[27.5686,40.5054],[27.5689,40.5062],[27.57,40.5073],[27.5703,40.5081],[27.57,40.5086],[27.5701,40.5102],[27.5707,40.5128],[27.5716,40.5144],[27.5728,40.5151],[27.5739,40.5154],[27.575,40.5153],[27.5755,40.5157],[27.5755,40.5166],[27.5751,40.5174],[27.5744,40.5179],[27.574,40.519],[27.5738,40.5206],[27.5744,40.5217],[27.5756,40.5221],[27.5765,40.5232],[27.577,40.5247],[27.5769,40.526],[27.576,40.5271],[27.5757,40.5279],[27.5762,40.5283],[27.578,40.5294],[27.5812,40.5311],[27.5844,40.5318],[27.5875,40.5315],[27.5899,40.531],[27.5914,40.5301],[27.5927,40.5281],[27.5938,40.525],[27.5951,40.5232],[27.5966,40.5227],[27.5963,40.5216],[27.594,40.5201],[27.5924,40.5177],[27.5913,40.5146],[27.5907,40.5112],[27.5908,40.5075],[27.5914,40.5047],[27.5926,40.5026],[27.5938,40.5023],[27.5949,40.5039],[27.5952,40.5058],[27.5945,40.5079],[27.5944,40.5099],[27.5947,40.512],[27.5955,40.5138],[27.5968,40.5153],[27.5982,40.5162],[27.5997,40.5163],[27.6013,40.5159],[27.6028,40.515],[27.6039,40.514],[27.6044,40.5129],[27.6078,40.5132],[27.6141,40.5149],[27.6185,40.5157],[27.6211,40.5157],[27.6236,40.515],[27.6261,40.5137],[27.6274,40.5127],[27.6277,40.5123],[27.6276,40.5115],[27.6272,40.5104],[27.6282,40.509],[27.6306,40.5071],[27.6349,40.5053],[27.6412,40.5036],[27.6456,40.5032],[27.6482,40.5041],[27.6505,40.5041],[27.6526,40.5033],[27.654,40.5023],[27.6547,40.5011],[27.6555,40.4986],[27.6564,40.4947],[27.657,40.4918],[27.6573,40.49],[27.6573,40.4888],[27.6569,40.4883],[27.6571,40.4878],[27.658,40.4873],[27.6584,40.4867],[27.6583,40.4862],[27.6564,40.4833],[27.6525,40.4781],[27.6504,40.4745],[27.6501,40.4724],[27.6503,40.4711],[27.6512,40.4703],[27.6534,40.4707],[27.6571,40.4722],[27.6591,40.4727],[27.6597,40.4724],[27.6604,40.4725],[27.6615,40.473],[27.6622,40.4731],[27.6628,40.4726],[27.6635,40.4724],[27.6646,40.4725],[27.6656,40.4732],[27.6667,40.4745],[27.668,40.474],[27.6695,40.4716],[27.671,40.4699],[27.6725,40.4688],[27.6738,40.4667],[27.6749,40.4636],[27.6754,40.4612],[27.6752,40.4597],[27.6755,40.4584],[27.6764,40.4573],[27.6764,40.4565],[27.6756,40.456],[27.6752,40.4549],[27.6751,40.4534],[27.6748,40.4523],[27.6743,40.4519],[27.6738,40.4495],[27.6735,40.4453],[27.6728,40.4426],[27.6719,40.4414],[27.6704,40.4403],[27.6683,40.4394],[27.6672,40.4389]],[[27.0318,40.0286],[27.032,40.0289],[27.0323,40.0294],[27.0323,40.0299],[27.032,40.0302],[27.0313,40.0305],[27.0302,40.0306],[27.0297,40.0305],[27.0297,40.03],[27.0302,40.0294],[27.0313,40.0289],[27.0318,40.0286]]]}},{"type":"Feature","properties":{"depth":15,"kind":"band"},"geometry":{"type":"MultiPolygon","coordinates":[[[[27.7663,40.9941],[27.7662,40.9937],[27.7662,40.9937],[27.7663,40.9941],[27.7664,40.9943],[27.7664,40.9943],[27.7663,40.9941]]],[[[27.9614,40.9726],[27.9611,40.9731],[27.9608,40.9731],[27.9606,40.9726],[27.9608,40.9724],[27.9613,40.9724],[27.9615,40.9724],[27.9615,40.9724],[27.9614,40.9726]]],[[[27.9334,40.9592],[27.9335,40.9596],[27.9334,40.9599],[27.933,40.9599],[27.9328,40.9594],[27.9328,40.9585],[27.933,40.9582],[27.9333,40.9587],[27.9334,40.9589],[27.9334,40.9589],[27.9334,40.9592]]],[[[27.3468,40.764],[27.3465,40.7637],[27.3465,40.7637],[27.3468,40.764],[27.3469,40.7641],[27.3469,40.7641],[27.3468,40.764]]],[[[27.6547,40.6625],[27.6547,40.6634],[27.6545,40.6634],[27.6542,40.6625],[27.6542,40.662],[27.6545,40.662],[27.6547,40.662],[27.6547,40.662],[27.6547,40.6625]]],[[[27.6669,40.658],[27.6664,40.6583],[27.6661,40.6583],[27.666,40.658],[27.6662,40.6578],[27.6669,40.6578],[27.6672,40.6578],[27.6672,40.6578],[27.6669,40.658]]],[[[27.5587,40.6464],[27.5577,40.6464],[27.5574,40.6462],[27.5577,40.6457],[27.5582,40.6457],[27.5589,40.6462],[27.5592,40.6464],[27.5592,40.6464],[27.5587,40.6464]]],[[[27.5574,40.6453],[27.5567,40.6453],[27.5567,40.6453],[27.5574,40.6453],[27.5577,40.6453],[27.5577,40.6453],[27.5574,40.6453]]],[[[27.5589,40.6445],[27.5589,40.6449],[27.5589,40.6449],[27.5589,40.6445],[27.5589,40.6443],[27.5589,40.6443],[27.5589,40.6445]]],[[[27.7418,40.6445],[27.7413,40.6448],[27.741,40.6448],[27.7409,40.6445],[27.7411,40.6443],[27.7417,40.6443],[27.742,40.6443],[27.742,40.6443],[27.7418,40.6445]]],[[[27.5234,40.6391],[27.523,40.6391],[27.523,40.6391],[27.5234,40.6391],[27.5236,40.6391],[27.5236,40.6391],[27.5234,40.6391]]],[[[27.5265,40.6374],[27.5265,40.6383],[27.526,40.6385],[27.5249,40.6382],[27.5244,40.6377],[27.5246,40.6373],[27.5251,40.637],[27.526,40.637],[27.5264,40.637],[27.5264,40.637],[27.5265,40.6374]]],[[[27.4937,40.6339],[27.493,40.6339],[27.4928,40.6337],[27.4931,40.6334],[27.4934,40.6334],[27.4938,40.6337],[27.494,40.6339],[27.494,40.6339],[27.4937,40.6339]]],[[[27.6664,40.5984],[27.6661,40.5984],[27.6661,40.5984],[27.6664,40.5984],[27.6666,40.5984],[27.6666,40.5984],[27.6664,40.5984]]],[[[27.5371,40.5925],[27.5371,40.593],[27.5371,40.593],[27.5371,40.5925],[27.5372,40.5922],[27.5372,40.5922],[27.5371,40.5925]]],[[[27.6257,40.5769],[27.6256,40.5776],[27.6251,40.5778],[27.6244,40.5777],[27.6241,40.5772],[27.6244,40.5765],[27.6248,40.5762],[27.6255,40.5765],[27.6258,40.5766],[27.6258,40.5766],[27.6257,40.5769]]],[[[27.5867,40.5758],[27.5866,40.5763],[27.5862,40.5766],[27.5856,40.5766],[27.5855,40.5762],[27.5858,40.5752],[27.5861,40.575],[27.5865,40.5753],[27.5867,40.5755],[27.5867,40.5755],[27.5867,40.5758]]],[[[27.5797,40.5737],[27.5797,40.5742],[27.5794,40.5745],[27.5789,40.5745],[27.5786,40.5741],[27.5786,40.5732],[27.5789,40.573],[27.5794,40.5733],[27.5797,40.5734],[27.5797,40.5734],[27.5797,40.5737]]],[[[27.5873,40.5734],[27.5866,40.5734],[27.5866,40.5734],[27.5873,40.5734],[27.5876,40.5734],[27.5876,40.5734],[27.5873,40.5734]]],[[[27.5861,40.5726],[27.586,40.5729],[27.5858,40.5729],[27.5856,40.5726],[27.5857,40.5724],[27.586,40.5724],[27.5862,40.5724],[27.5862,40.5724],[27.5861,40.5726]]],[[[27.77,40.5299],[27.7695,40.5304],[27.7691,40.5304],[27.7687,40.5299],[27.7689,40.5297],[27.7698,40.5297],[27.7702,40.5297],[27.7702,40.5297],[27.77,40.5299]]],[[[27.5969,40.5268],[27.5966,40.5272],[27.5963,40.5272],[27.596,40.5268],[27.596,40.5264],[27.5963,40.5261],[27.5966,40.5261],[27.5969,40.5264],[27.597,40.5266],[27.597,40.5266],[27.5969,40.5268]]],[[[27.7571,40.5246],[27.7569,40.5248],[27.7568,40.5247],[27.7568,40.5243],[27.7569,40.5242],[27.7571,40.5244],[27.7572,40.5245],[27.7572,40.5245],[27.7571,40.5246]]],[[[27.4857,40.5216],[27.4852,40.5219],[27.4847,40.5219],[27.4842,40.5216],[27.4842,40.5212],[27.4847,40.5207],[27.4852,40.5207],[27.4857,40.5212],[27.4859,40.5214],[27.4859,40.5214],[27.4857,40.5216]]],[[[27.5803,40.5218],[27.5799,40.5225],[27.5794,40.5227],[27.5789,40.5225],[27.5787,40.5221],[27.5788,40.5217],[27.5792,40.5214],[27.5801,40.5214],[27.5805,40.5214],[27.5805,40.5214],[27.5803,40.5218]]],[[[27.7451,40.5198],[27.7446,40.5207],[27.744,40.5209],[27.7433,40.5205],[27.7433,40.5198],[27.744,40.5188],[27.7446,40.5186],[27.7451,40.5191],[27.7453,40.5193],[27.7453,40.5193],[27.7451,40.5198]]],[[[27.5751,40.5161],[27.5744,40.5161],[27.5744,40.5161],[27.5751,40.5161],[27.5755,40.5161],[27.5755,40.5161],[27.5751,40.5161]]],[[[27.5933,40.5113],[27.5932,40.5122],[27.5932,40.5122],[27.5933,40.5113],[27.5933,40.5109],[27.5933,40.5109],[27.5933,40.5113]]],[[[27.6299,40.5112],[27.6302,40.5117],[27.6302,40.5121],[27.6299,40.5122],[27.6297,40.5119],[27.6297,40.5112],[27.6297,40.5109],[27.6297,40.5109],[27.6299,40.5112]]],[[[27.5956,40.4953],[27.5951,40.4953],[27.595,40.4951],[27.5952,40.4948],[27.5954,40.4948],[27.5957,40.4951],[27.5958,40.4953],[27.5958,40.4953],[27.5956,40.4953]]],[[[27.5745,40.487],[27.574,40.487],[27.574,40.487],[27.5745,40.487],[27.5748,40.487],[27.5748,40.487],[27.5745,40.487]]],[[[27.6701,40.4757],[27.6696,40.4762],[27.6692,40.4762],[27.669,40.4757],[27.6693,40.4755],[27.67,40.4755],[27.6703,40.4755],[27.6703,40.4755],[27.6701,40.4757]]],[[[27.5581,40.4747],[27.5579,40.475],[27.5576,40.475],[27.5572,40.4747],[27.5573,40.4745],[27.5579,40.4745],[27.5582,40.4745],[27.5582,40.4745],[27.5581,40.4747]]],[[[27.6748,40.4724],[27.6732,40.4743],[27.6722,40.4751],[27.6719,40.4747],[27.6721,40.4737],[27.673,40.4722],[27.674,40.4714],[27.6751,40.4714],[27.6756,40.4714],[27.6756,40.4714],[27.6748,40.4724]]],[[[27.6937,40.4687],[27.6944,40.4698],[27.6941,40.4703],[27.693,40.4703],[27.6925,40.4698],[27.6926,40.4687],[27.6929,40.4682],[27.6932,40.4682],[27.6934,40.4682],[27.6934,40.4682],[27.6937,40.4687]]],[[[27.2679,40.4661],[27.2673,40.4661],[27.2673,40.4661],[27.2679,40.4661],[27.2682,40.4661],[27.2682,40.4661],[27.2679,40.4661]]],[[[27.5528,40.4661],[27.5521,40.4661],[27.5519,40.466],[27.5524,40.4656],[27.5527,40.4656],[27.553,40.466],[27.5531,40.4661],[27.5531,40.4661],[27.5528,40.4661]]],[[[27.1336,40.4581],[27.1331,40.4585],[27.1326,40.4585],[27.1323,40.4581],[27.1323,40.4576],[27.1326,40.4573],[27.1331,40.4573],[27.1336,40.4576],[27.1338,40.4578],[27.1338,40.4578],[27.1336,40.4581]]],[[[27.741,40.4529],[27.7411,40.4534],[27.7409,40.4536],[27.7404,40.4536],[27.74,40.4534],[27.7399,40.4529],[27.7401,40.4526],[27.7406,40.4526],[27.7409,40.4526],[27.7409,40.4526],[27.741,40.4529]]],[[[27.9859,40.4295],[27.9859,40.429],[27.9859,40.429],[27.9859,40.4295],[27.9859,40.4297],[27.9859,40.4297],[27.9859,40.4295]]],[[[27.9642,40.4217],[27.9642,40.4222],[27.9639,40.4224],[27.9632,40.4224],[27.9632,40.4222],[27.9639,40.4217],[27.9642,40.4214],[27.9642,40.4214],[27.9642,40.4217]]],[[[27.0447,40.4092],[27.0448,40.4097],[27.0443,40.4099],[27.0432,40.4099],[27.0428,40.4096],[27.0431,40.4089],[27.0436,40.4087],[27.0443,40.4088],[27.0447,40.4089],[27.0447,40.4089],[27.0447,40.4092]]],[[[27.7768,40.3997],[27.7766,40.4],[27.7762,40.4],[27.7753,40.3997],[27.775,40.3993],[27.7753,40.3989],[27.7758,40.3989],[27.7765,40.3993],[27.7768,40.3995],[27.7768,40.3995],[27.7768,40.3997]]],[[[27.9261,40.3839],[27.9256,40.3839],[27.9256,40.3839],[27.9261,40.3839],[27.9263,40.3839],[27.9263,40.3839],[27.9261,40.3839]]],[[[27.9677,40.3679],[27.9792,40.3714],[27.9867,40.3732],[27.9904,40.3735],[27.9942,40.3741],[27.9981,40.375],[28,40.3888],[28,40.4153],[27.9975,40.4275],[27.9926,40.4253],[27.9899,40.4244],[27.9894,40.4249],[27.9883,40.4244],[27.9867,40.4231],[27.9851,40.4222],[27.9836,40.4217],[27.9826,40.4211],[27.9821,40.4204],[27.9797,40.4189],[27.9755,40.4166],[27.9719,40.4152],[27.9688,40.4147],[27.9666,40.4149],[27.9655,40.4157],[27.9647,40.4167],[27.9643,40.4179],[27.9636,40.4184],[27.9625,40.4181],[27.9614,40.4172],[27.9603,40.4158],[27.9595,40.4143],[27.9591,40.4126],[27.9564,40.41],[27.9514,40.4065],[27.9446,40.4032],[27.9361,40.4003],[27.9315,40.3983],[27.931,40.3974],[27.9302,40.397],[27.9291,40.3971],[27.9273,40.3962],[27.9247,40.3941],[27.9226,40.3928],[27.9211,40.3924],[27.9211,40.3906],[27.9228,40.3875],[27.9242,40.3857],[27.9255,40.3852],[27.9261,40.3844],[27.9262,40.3833],[27.9279,40.3806],[27.9312,40.3763],[27.9378,40.372],[27.9477,40.3677],[27.955,40.3657],[27.9597,40.366],[27.962,40.3661],[27.962,40.3661],[27.9677,40.3679]]],[[[27.763,40.3183],[27.7707,40.3204],[27.775,40.3213],[27.7761,40.321],[27.7787,40.3231],[27.7828,40.3275],[27.7862,40.3305],[27.7888,40.3321],[27.7909,40.333],[27.7924,40.3333],[27.7945,40.3347],[27.7971,40.3374],[27.8034,40.3424],[27.8133,40.3497],[27.8213,40.3548],[27.8276,40.3577],[27.8323,40.3603],[27.8354,40.3626],[27.8385,40.3641],[27.8414,40.3648],[27.8435,40.3655],[27.8447,40.3664],[27.8471,40.3675],[27.8508,40.3688],[27.8531,40.3699],[27.8542,40.3709],[27.8547,40.372],[27.8547,40.3732],[27.8537,40.3744],[27.8516,40.3757],[27.8479,40.3769],[27.8427,40.3781],[27.8399,40.379],[27.8393,40.3797],[27.8386,40.3799],[27.8375,40.3795],[27.8354,40.3804],[27.8323,40.3823],[27.8292,40.3837],[27.8261,40.3844],[27.8235,40.3845],[27.8214,40.384],[27.8201,40.3834],[27.8196,40.3828],[27.8185,40.3825],[27.8169,40.3826],[27.8159,40.3823],[27.8154,40.3818],[27.8149,40.3817],[27.8144,40.382],[27.8125,40.3804],[27.8094,40.3769],[27.805,40.3738],[27.7993,40.3711],[27.7963,40.3694],[27.796,40.3686],[27.7947,40.3673],[27.7923,40.3655],[27.7896,40.3643],[27.7865,40.3637],[27.7833,40.3637],[27.7802,40.3645],[27.7779,40.3654],[27.7764,40.3666],[27.775,40.369],[27.7735,40.3727],[27.7728,40.3755],[27.7729,40.3776],[27.7733,40.3796],[27.7741,40.3817],[27.7755,40.384],[27.7776,40.3865],[27.7789,40.3879],[27.7796,40.3879],[27.7799,40.3883],[27.7798,40.3889],[27.7791,40.3894],[27.7779,40.3899],[27.7774,40.3909],[27.7775,40.3924],[27.7767,40.395],[27.775,40.3987],[27.7732,40.4008],[27.7713,40.4014],[27.7659,40.4052],[27.757,40.4123],[27.7499,40.4172],[27.7446,40.42],[27.7406,40.4232],[27.7381,40.4268],[27.7364,40.4304],[27.7356,40.4341],[27.7348,40.4362],[27.7341,40.4367],[27.7338,40.4379],[27.7338,40.4398],[27.7318,40.4417],[27.7276,40.4438],[27.7227,40.4453],[27.717,40.4462],[27.7131,40.4471],[27.7112,40.448],[27.7088,40.4496],[27.7061,40.452],[27.7038,40.4544],[27.702,40.4567],[27.6991,40.4591],[27.6952,40.4616],[27.6933,40.4635],[27.6935,40.4645],[27.6933,40.4658],[27.6926,40.4673],[27.6914,40.4668],[27.6897,40.4643],[27.689,40.4628],[27.6891,40.4623],[27.6888,40.4621],[27.6883,40.4622],[27.6875,40.462],[27.6864,40.4613],[27.6851,40.462],[27.6836,40.4641],[27.6826,40.465],[27.6821,40.4647],[27.6816,40.4647],[27.6812,40.465],[27.6809,40.4654],[27.6808,40.4661],[27.6802,40.4659],[27.6791,40.4649],[27.6788,40.4651],[27.6791,40.4665],[27.6786,40.468],[27.6773,40.4696],[27.6763,40.4702],[27.6758,40.4697],[27.6761,40.4676],[27.6772,40.4639],[27.6774,40.4617],[27.6766,40.4612],[27.677,40.4601],[27.6786,40.4586],[27.6789,40.457],[27.6778,40.4555],[27.6769,40.4516],[27.6762,40.4453],[27.6747,40.4411],[27.6725,40.4388],[27.6691,40.4373],[27.6644,40.4364],[27.6594,40.4364],[27.6542,40.4375],[27.6503,40.4391],[27.6477,40.4412],[27.6415,40.4439],[27.6316,40.4473],[27.625,40.4492],[27.6219,40.4497],[27.618,40.4496],[27.6133,40.4491],[27.6088,40.4495],[27.6047,40.4511],[27.6021,40.4513],[27.601,40.4504],[27.5987,40.45],[27.595,40.4502],[27.5907,40.4517],[27.5857,40.4544],[27.5833,40.457],[27.5835,40.4596],[27.583,40.4609],[27.5817,40.4609],[27.5799,40.4592],[27.5777,40.4557],[27.5761,40.4539],[27.575,40.4538],[27.574,40.454],[27.5729,40.4545],[27.5708,40.4539],[27.5677,40.4522],[27.5645,40.4514],[27.5615,40.4513],[27.5589,40.4519],[27.5568,40.4532],[27.555,40.4551],[27.5535,40.4576],[27.5524,40.4607],[27.5517,40.4643],[27.5522,40.4674],[27.5537,40.4701],[27.5539,40.4714],[27.553,40.4714],[27.5535,40.4719],[27.5554,40.4729],[27.5567,40.4741],[27.5574,40.4757],[27.5581,40.4761],[27.5586,40.4755],[27.5594,40.4757],[27.5604,40.4767],[27.5612,40.477],[27.5617,40.4765],[27.5624,40.4765],[27.5633,40.4773],[27.5648,40.4775],[27.5671,40.4771],[27.5687,40.4772],[27.5698,40.4775],[27.5714,40.479],[27.5735,40.4815],[27.5746,40.4833],[27.5747,40.4844],[27.5745,40.4854],[27.5738,40.4864],[27.5728,40.4872],[27.5715,40.4877],[27.5704,40.4889],[27.5697,40.4908],[27.5684,40.4921],[27.5665,40.4928],[27.5652,40.4948],[27.5643,40.4979],[27.5643,40.5],[27.5651,40.5011],[27.5653,40.5019],[27.565,40.5024],[27.5652,40.5029],[27.566,40.5034],[27.5663,40.5039],[27.5662,40.5044],[27.5666,40.5052],[27.5675,40.5063],[27.568,40.5084],[27.5681,40.5114],[27.5692,40.5141],[27.5713,40.5162],[27.5724,40.5177],[27.5727,40.5188],[27.5726,40.5201],[27.5721,40.5216],[27.5722,40.5232],[27.5727,40.5247],[27.5729,40.5259],[27.5726,40.5266],[27.5736,40.5276],[27.5759,40.529],[27.5766,40.53],[27.5759,40.5306],[27.5779,40.5317],[27.5826,40.5332],[27.5867,40.5336],[27.5904,40.5329],[27.5936,40.531],[27.5964,40.5281],[27.5976,40.5263],[27.5973,40.5258],[27.5974,40.5247],[27.5979,40.5232],[27.5974,40.5219],[27.5959,40.5208],[27.595,40.519],[27.5945,40.5163],[27.5948,40.5152],[27.5959,40.5158],[27.5969,40.5172],[27.5979,40.5194],[27.5986,40.5202],[27.5989,40.5196],[27.6,40.5191],[27.6017,40.5186],[27.6034,40.5178],[27.6049,40.5167],[27.6099,40.5167],[27.6182,40.5176],[27.624,40.517],[27.627,40.515],[27.629,40.514],[27.6299,40.5141],[27.6304,40.5131],[27.6305,40.511],[27.6312,40.5095],[27.6323,40.5087],[27.6331,40.5084],[27.6336,40.5087],[27.6342,40.5085],[27.6346,40.5079],[27.6367,40.5071],[27.6404,40.5061],[27.6443,40.5058],[27.6484,40.5062],[27.6516,40.5061],[27.6537,40.5054],[27.6556,40.5027],[27.6573,40.4977],[27.6583,40.4935],[27.6587,40.4898],[27.6592,40.4878],[27.6598,40.4873],[27.6594,40.4862],[27.658,40.4847],[27.6574,40.4834],[27.6577,40.4823],[27.6572,40.4805],[27.656,40.4779],[27.6555,40.4762],[27.6556,40.4755],[27.656,40.4751],[27.6565,40.475],[27.6576,40.4752],[27.6591,40.4755],[27.6612,40.4756],[27.6638,40.4753],[27.6654,40.4755],[27.6659,40.476],[27.6669,40.4764],[27.6685,40.4765],[27.6698,40.4763],[27.6709,40.4758],[27.6716,40.4758],[27.6722,40.4764],[27.6729,40.4759],[27.674,40.4744],[27.6748,40.4736],[27.6753,40.4735],[27.6756,40.4748],[27.6759,40.4773],[27.6759,40.4788],[27.6756,40.4791],[27.6754,40.4788],[27.6753,40.478],[27.6749,40.4776],[27.6743,40.4776],[27.6745,40.4797],[27.6757,40.4838],[27.6762,40.4883],[27.6762,40.493],[27.6773,40.4984],[27.6794,40.5047],[27.6823,40.5088],[27.6861,40.5109],[27.689,40.5127],[27.691,40.5143],[27.6939,40.5172],[27.6976,40.5213],[27.7004,40.5247],[27.7021,40.5273],[27.7044,40.5293],[27.7074,40.5307],[27.7105,40.5313],[27.7136,40.531],[27.7154,40.5306],[27.7159,40.5299],[27.7172,40.5295],[27.7193,40.5292],[27.7242,40.5296],[27.732,40.5308],[27.7375,40.5312],[27.7406,40.5308],[27.7451,40.5313],[27.7507,40.5326],[27.7549,40.5331],[27.7576,40.5328],[27.7592,40.5322],[27.7596,40.5315],[27.7617,40.5307],[27.7654,40.5299],[27.7677,40.5298],[27.7688,40.5305],[27.7696,40.5306],[27.7701,40.5301],[27.7711,40.5301],[27.7726,40.5306],[27.7745,40.5309],[27.7765,40.531],[27.7789,40.5304],[27.7815,40.5294],[27.7829,40.5283],[27.783,40.5272],[27.784,40.5252],[27.786,40.5224],[27.788,40.5221],[27.7901,40.5243],[27.7922,40.5255],[27.7943,40.5257],[27.7966,40.5257],[27.7992,40.5253],[27.801,40.5246],[27.8021,40.5233],[27.8065,40.5233],[27.8143,40.5244],[27.8198,40.5245],[27.8229,40.5236],[27.8266,40.5232],[27.8307,40.5231],[27.8333,40.5225],[27.8344,40.5216],[27.8354,40.521],[27.8365,40.5208],[27.8394,40.5211],[27.8441,40.522],[27.8526,40.5224],[27.8652,40.5224],[27.8745,40.5218],[27.8808,40.5204],[27.8862,40.5197],[27.8909,40.5194],[27.894,40.5187],[27.8956,40.5176],[27.8972,40.5168],[27.8987,40.5165],[27.9019,40.516],[27.9066,40.5155],[27.911,40.5153],[27.9151,40.5154],[27.9196,40.5151],[27.9243,40.5142],[27.9284,40.5131],[27.9321,40.5116],[27.9362,40.5104],[27.9409,40.5093],[27.9443,40.5082],[27.9464,40.5069],[27.9505,40.5064],[27.9568,40.5068],[27.9604,40.5067],[27.9615,40.5061],[27.962,40.5055],[27.962,40.505],[27.9649,40.5038],[27.9706,40.5021],[27.9799,40.5001],[27.993,40.4979],[27.9996,40.497],[27.9999,40.4973],[27.9999,40.6231],[27.9996,40.8744],[27.999,41],[27.9979,41],[27.9967,40.9978],[27.9953,40.9933],[27.9927,40.988],[27.9889,40.9819],[27.9862,40.9782],[27.9847,40.977],[27.9821,40.9757],[27.9785,40.9741],[27.9766,40.9731],[27.9765,40.9727],[27.9759,40.9722],[27.9749,40.9717],[27.9741,40.9704],[27.9736,40.9683],[27.972,40.966],[27.9695,40.9635],[27.9659,40.9617],[27.9612,40.9604],[27.956,40.9598],[27.9503,40.96],[27.9469,40.9598],[27.9458,40.9591],[27.943,40.9582],[27.9383,40.9572],[27.9354,40.9571],[27.9344,40.9579],[27.9336,40.9581],[27.9331,40.9578],[27.9326,40.9578],[27.9321,40.9581],[27.9313,40.9578],[27.9302,40.9569],[27.9284,40.9568],[27.9258,40.9575],[27.9245,40.9582],[27.9245,40.9591],[27.9248,40.9596],[27.9253,40.96],[27.9253,40.9601],[27.9248,40.9602],[27.9237,40.9611],[27.9222,40.9629],[27.9193,40.9633],[27.9151,40.9624],[27.9112,40.962],[27.9075,40.9622],[27.9044,40.9617],[27.9018,40.9605],[27.8979,40.9595],[27.8927,40.9586],[27.8891,40.9584],[27.887,40.9587],[27.8853,40.9597],[27.8841,40.9612],[27.8835,40.9625],[27.8835,40.9636],[27.8829,40.9641],[27.8817,40.9641],[27.8802,40.9629],[27.8785,40.9604],[27.8763,40.9592],[27.8737,40.9593],[27.869,40.9605],[27.8623,40.9628],[27.8589,40.9645],[27.8589,40.9657],[27.8566,40.9688],[27.8519,40.9737],[27.8485,40.977],[27.8464,40.9785],[27.8435,40.9799],[27.8398,40.981],[27.8281,40.9837],[27.8083,40.9878],[27.7945,40.9909],[27.7867,40.993],[27.781,40.9944],[27.7773,40.9949],[27.7732,40.9947],[27.7685,40.9936],[27.7659,40.9933],[27.7654,40.9937],[27.7646,40.9937],[27.7635,40.9934],[27.7628,40.9935],[27.7623,40.994],[27.7612,40.994],[27.7597,40.9937],[27.7571,40.9938],[27.7534,40.9945],[27.7511,40.9953],[27.75,40.9963],[27.7487,40.9971],[27.7472,40.9976],[27.7422,40.9971],[27.7339,40.9955],[27.7255,40.9933],[27.7172,40.9904],[27.7104,40.9884],[27.7052,40.9872],[27.6956,40.9862],[27.6815,40.9853],[27.6735,40.985],[27.6714,40.9853],[27.669,40.9851],[27.6664,40.9844],[27.6604,40.9839],[27.6511,40.9838],[27.6326,40.9811],[27.6049,40.9758],[27.5875,40.9732],[27.5802,40.9732],[27.5701,40.9717],[27.557,40.9686],[27.5458,40.9672],[27.5365,40.9673],[27.5295,40.9659],[27.5248,40.9631],[27.5211,40.9605],[27.5185,40.9582],[27.5149,40.9558],[27.5102,40.9532],[27.507,40.9514],[27.5055,40.9501],[27.5044,40.9494],[27.5039,40.9495],[27.5023,40.9477],[27.4997,40.9441],[27.4957,40.9371],[27.4904,40.9266],[27.4856,40.9193],[27.4815,40.9151],[27.4795,40.9122],[27.4796,40.9107],[27.4794,40.9094],[27.4787,40.9083],[27.4789,40.9076],[27.48,40.9071],[27.4799,40.905],[27.4788,40.9013],[27.477,40.8977],[27.4746,40.894],[27.4721,40.8909],[27.4695,40.8883],[27.4681,40.886],[27.4679,40.8839],[27.4672,40.8813],[27.4659,40.8782],[27.4655,40.8758],[27.4658,40.8742],[27.4657,40.8726],[27.4654,40.8711],[27.4656,40.869],[27.4665,40.8664],[27.4651,40.8612],[27.4616,40.8534],[27.4596,40.8485],[27.4591,40.8464],[27.4581,40.8445],[27.4565,40.843],[27.4547,40.8417],[27.4527,40.8406],[27.4499,40.8383],[27.4462,40.8346],[27.4438,40.8328],[27.4427,40.8328],[27.4409,40.8315],[27.4383,40.8289],[27.4362,40.8273],[27.4347,40.8269],[27.4323,40.8256],[27.4292,40.8235],[27.4274,40.8226],[27.4269,40.8231],[27.4256,40.822],[27.4235,40.8195],[27.4216,40.8179],[27.4201,40.8175],[27.4188,40.8167],[27.4177,40.8156],[27.4164,40.8151],[27.4149,40.815],[27.4128,40.814],[27.4102,40.8119],[27.4068,40.8101],[27.4026,40.8084],[27.3992,40.8066],[27.3965,40.8046],[27.3944,40.8026],[27.3929,40.8005],[27.3906,40.7989],[27.3875,40.7976],[27.3833,40.7942],[27.3781,40.7887],[27.3753,40.7859],[27.3748,40.7859],[27.373,40.7846],[27.3699,40.782],[27.3678,40.7797],[27.3667,40.7776],[27.3656,40.7766],[27.3646,40.7765],[27.3625,40.7747],[27.3594,40.7714],[27.3551,40.768],[27.3498,40.7647],[27.3464,40.7612],[27.3449,40.7575],[27.3438,40.7554],[27.3431,40.755],[27.3428,40.7544],[27.3431,40.7537],[27.3429,40.7531],[27.3423,40.7528],[27.3417,40.7503],[27.3411,40.7456],[27.341,40.743],[27.3414,40.7425],[27.3405,40.7393],[27.3382,40.7336],[27.3344,40.7272],[27.3292,40.7201],[27.326,40.7144],[27.3247,40.71],[27.3211,40.7047],[27.315,40.6986],[27.3094,40.6936],[27.3043,40.6899],[27.2991,40.6869],[27.2938,40.6846],[27.2885,40.682],[27.2833,40.6789],[27.2784,40.6754],[27.2737,40.6717],[27.2683,40.6688],[27.262,40.6666],[27.2555,40.6627],[27.2487,40.657],[27.2443,40.6537],[27.2422,40.6529],[27.2396,40.6526],[27.2365,40.6527],[27.2339,40.6524],[27.2318,40.6517],[27.2302,40.651],[27.2291,40.6501],[27.2252,40.6483],[27.2185,40.6457],[27.2125,40.6428],[27.2073,40.6395],[27.2022,40.6369],[27.1971,40.6349],[27.1915,40.631],[27.1856,40.6253],[27.1816,40.6221],[27.1796,40.6216],[27.1776,40.6213],[27.1755,40.6214],[27.168,40.6183],[27.1549,40.612],[27.1466,40.609],[27.1429,40.6091],[27.1401,40.6085],[27.138,40.6072],[27.1354,40.6062],[27.1323,40.6057],[27.1297,40.6055],[27.1276,40.6057],[27.1263,40.6066],[27.1255,40.6081],[27.1252,40.6084],[27.1251,40.6073],[27.1238,40.6057],[27.1215,40.6034],[27.1198,40.602],[27.1187,40.6016],[27.1128,40.6009],[27.1019,40.6],[27.0933,40.5987],[27.087,40.5973],[27.0816,40.5965],[27.0769,40.5964],[27.0722,40.5957],[27.0675,40.5942],[27.0599,40.5913],[27.0495,40.5869],[27.0422,40.5836],[27.038,40.5813],[27.0337,40.578],[27.0294,40.5736],[27.0239,40.5692],[27.0174,40.5649],[27.0133,40.562],[27.0117,40.5606],[27.0096,40.5581],[27.0069,40.5544],[27.0041,40.5516],[27.0014,40.5495],[27.0001,40.51],[27.0004,40.433],[27.0034,40.3951],[27.0091,40.3961],[27.0149,40.3975],[27.0206,40.3992],[27.0247,40.4002],[27.0273,40.4003],[27.0287,40.4015],[27.0288,40.4036],[27.0292,40.4052],[27.0299,40.4063],[27.0301,40.4071],[27.0298,40.4076],[27.0303,40.4083],[27.0316,40.4094],[27.0324,40.4107],[27.0327,40.4122],[27.0338,40.414],[27.0355,40.4162],[27.0373,40.4176],[27.0392,40.4184],[27.0425,40.4191],[27.0472,40.4196],[27.05,40.4206],[27.0511,40.4219],[27.0519,40.4222],[27.0524,40.4216],[27.0528,40.4218],[27.0531,40.4229],[27.0536,40.4237],[27.0545,40.4242],[27.0546,40.425],[27.0539,40.4261],[27.054,40.4276],[27.0548,40.4297],[27.0572,40.4318],[27.0611,40.4339],[27.0648,40.4352],[27.0685,40.4356],[27.0716,40.4368],[27.0742,40.4387],[27.0763,40.4398],[27.0778,40.4399],[27.0794,40.4404],[27.081,40.4413],[27.0825,40.4424],[27.0839,40.4437],[27.0858,40.4461],[27.0883,40.4498],[27.0904,40.4521],[27.0923,40.453],[27.095,40.4537],[27.0987,40.4541],[27.1018,40.4534],[27.1044,40.4515],[27.1065,40.4507],[27.1081,40.4509],[27.1112,40.4526],[27.1159,40.4557],[27.1195,40.4576],[27.1221,40.4581],[27.1252,40.4581],[27.1289,40.4576],[27.1312,40.4578],[27.1323,40.4585],[27.1331,40.4587],[27.1336,40.4582],[27.1352,40.4588],[27.1378,40.4603],[27.1404,40.4612],[27.143,40.4613],[27.1459,40.4608],[27.149,40.4594],[27.1529,40.4583],[27.1576,40.4575],[27.1628,40.4553],[27.1685,40.452],[27.1732,40.4497],[27.1768,40.4486],[27.1812,40.4467],[27.1865,40.444],[27.1904,40.4425],[27.193,40.4422],[27.198,40.4439],[27.2053,40.4476],[27.2144,40.4512],[27.2253,40.4547],[27.2328,40.4574],[27.237,40.4593],[27.2404,40.4604],[27.243,40.4607],[27.2464,40.4619],[27.2505,40.4639],[27.255,40.4655],[27.2597,40.4666],[27.263,40.4677],[27.2649,40.4688],[27.2661,40.4703],[27.2668,40.4724],[27.2684,40.4744],[27.2711,40.4763],[27.2745,40.478],[27.2786,40.4793],[27.2823,40.4801],[27.2854,40.4802],[27.2882,40.4796],[27.2907,40.4783],[27.2933,40.4753],[27.2962,40.4706],[27.2987,40.4672],[27.3008,40.4651],[27.3031,40.4631],[27.3056,40.4612],[27.3093,40.4588],[27.3142,40.4561],[27.3168,40.4544],[27.3171,40.4538],[27.3175,40.4535],[27.318,40.4536],[27.3185,40.4531],[27.319,40.4521],[27.3195,40.4516],[27.3201,40.4516],[27.3214,40.4504],[27.3235,40.4479],[27.3261,40.444],[27.3292,40.4387],[27.3334,40.434],[27.3387,40.4297],[27.3418,40.426],[27.3429,40.423],[27.3442,40.4175],[27.3457,40.4096],[27.3462,40.4049],[27.3455,40.4034],[27.3453,40.4024],[27.3457,40.4019],[27.3453,40.4006],[27.3443,40.3984],[27.3423,40.3958],[27.3392,40.3927],[27.3376,40.3906],[27.3374,40.3896],[27.3379,40.3883],[27.3391,40.3867],[27.3455,40.3826],[27.3572,40.3759],[27.3695,40.3709],[27.3826,40.3676],[27.3909,40.3649],[27.3946,40.3628],[27.3987,40.3615],[27.4034,40.361],[27.4062,40.36],[27.4071,40.3585],[27.4121,40.3549],[27.421,40.349],[27.4299,40.344],[27.4388,40.3399],[27.4555,40.3345],[27.48,40.3277],[27.4959,40.3238],[27.5032,40.3225],[27.5136,40.3213],[27.5271,40.3203],[27.5362,40.3199],[27.5409,40.3202],[27.5477,40.3211],[27.5566,40.3226],[27.5628,40.3241],[27.5664,40.3254],[27.5698,40.3273],[27.5729,40.3296],[27.5771,40.3313],[27.5823,40.3326],[27.5867,40.3344],[27.5902,40.3368],[27.5928,40.3383],[27.5945,40.3389],[27.5997,40.339],[27.6086,40.3387],[27.6174,40.3387],[27.6263,40.339],[27.6336,40.3386],[27.6393,40.3376],[27.6459,40.3355],[27.6532,40.3324],[27.6597,40.329],[27.6654,40.3255],[27.6721,40.3227],[27.68,40.3206],[27.6852,40.3197],[27.6878,40.32],[27.6904,40.3208],[27.693,40.3221],[27.6959,40.3231],[27.699,40.3238],[27.7036,40.3243],[27.7099,40.3246],[27.7148,40.3244],[27.7185,40.3238],[27.7211,40.3232],[27.7226,40.3224],[27.7237,40.3217],[27.7242,40.321],[27.7263,40.32],[27.73,40.3189],[27.7355,40.3182],[27.7428,40.318],[27.7487,40.3176],[27.7534,40.3169],[27.7566,40.3167],[27.7583,40.317],[27.7592,40.3172],[27.7592,40.3172],[27.763,40.3183]],[[27.4881,40.6317],[27.486,40.6317],[27.4839,40.6322],[27.4818,40.6332],[27.4798,40.6348],[27.4781,40.6369],[27.477,40.6391],[27.4767,40.6412],[27.4769,40.643],[27.4776,40.6445],[27.4792,40.6463],[27.4816,40.6484],[27.4852,40.65],[27.4899,40.6511],[27.4924,40.6517],[27.4927,40.6516],[27.4933,40.65],[27.494,40.6469],[27.494,40.6432],[27.4933,40.6391],[27.4932,40.6365],[27.4935,40.6354],[27.4941,40.6347],[27.495,40.6342],[27.4949,40.6335],[27.4938,40.6326],[27.493,40.6324],[27.4925,40.6329],[27.4919,40.6328],[27.4914,40.6322],[27.4906,40.6319],[27.4896,40.6318],[27.4891,40.6317],[27.4891,40.6317],[27.4881,40.6317]],[[27.7599,40.625],[27.7578,40.6249],[27.7557,40.6255],[27.7535,40.6269],[27.7525,40.63],[27.7528,40.6347],[27.7536,40.6375],[27.755,40.6384],[27.757,40.639],[27.7596,40.6394],[27.7614,40.6394],[27.7625,40.6389],[27.7635,40.638],[27.7646,40.6366],[27.7653,40.6344],[27.7656,40.6313],[27.7654,40.629],[27.7645,40.6276],[27.7633,40.6264],[27.7617,40.6255],[27.7609,40.625],[27.7609,40.625],[27.7599,40.625]],[[27.6094,40.5684],[27.6063,40.5687],[27.6033,40.5695],[27.6004,40.5707],[27.5987,40.5719],[27.598,40.5729],[27.5978,40.5742],[27.5981,40.5758],[27.5981,40.5768],[27.5976,40.5771],[27.5969,40.5768],[27.5958,40.5758],[27.5935,40.5747],[27.5898,40.5734],[27.5875,40.5724],[27.5864,40.5715],[27.5857,40.5713],[27.5852,40.5718],[27.5844,40.5715],[27.5833,40.5706],[27.5815,40.5701],[27.5789,40.5701],[27.5771,40.5697],[27.576,40.569],[27.5747,40.5687],[27.5732,40.569],[27.5708,40.5698],[27.5677,40.5711],[27.5643,40.573],[27.5607,40.5757],[27.5566,40.5776],[27.5519,40.5788],[27.5482,40.5808],[27.5455,40.5835],[27.5419,40.5859],[27.5374,40.5881],[27.5351,40.5896],[27.535,40.5905],[27.5344,40.5906],[27.5333,40.5897],[27.531,40.5902],[27.5273,40.5922],[27.5241,40.5971],[27.5214,40.605],[27.5201,40.6094],[27.5203,40.6104],[27.521,40.6117],[27.5223,40.6133],[27.5236,40.6145],[27.5249,40.6152],[27.526,40.6154],[27.5271,40.6152],[27.5276,40.6154],[27.5277,40.6159],[27.5259,40.6181],[27.5222,40.6222],[27.5202,40.6256],[27.5199,40.6283],[27.5205,40.6318],[27.5221,40.6359],[27.5228,40.6383],[27.5225,40.6388],[27.5226,40.6406],[27.5231,40.6437],[27.5245,40.6465],[27.5265,40.6491],[27.5287,40.6511],[27.5308,40.6525],[27.533,40.6533],[27.5354,40.6535],[27.5388,40.6552],[27.5431,40.6585],[27.5469,40.6603],[27.55,40.6607],[27.5526,40.6605],[27.5547,40.6598],[27.5564,40.6588],[27.5579,40.6575],[27.5587,40.6563],[27.5588,40.6552],[27.5597,40.6542],[27.5614,40.6531],[27.5623,40.6521],[27.5626,40.651],[27.563,40.6503],[27.5638,40.6498],[27.5644,40.6498],[27.5649,40.6501],[27.5653,40.6511],[27.5656,40.6528],[27.5662,40.654],[27.5669,40.6549],[27.5685,40.656],[27.5711,40.6575],[27.5779,40.6588],[27.5888,40.6599],[27.5969,40.6614],[27.6021,40.6633],[27.6058,40.6639],[27.6079,40.6633],[27.6115,40.6634],[27.6167,40.6643],[27.6224,40.6662],[27.6287,40.6692],[27.6328,40.6709],[27.6349,40.6712],[27.6382,40.67],[27.6427,40.6674],[27.6454,40.6661],[27.6461,40.6661],[27.647,40.6655],[27.6479,40.6643],[27.6489,40.6635],[27.65,40.663],[27.651,40.6627],[27.6521,40.6626],[27.6537,40.6633],[27.6558,40.6646],[27.6578,40.6656],[27.6599,40.6662],[27.6614,40.6658],[27.6625,40.6643],[27.6638,40.6635],[27.6653,40.6633],[27.6679,40.6643],[27.6716,40.6664],[27.6755,40.6674],[27.6796,40.6673],[27.6823,40.6669],[27.6836,40.6664],[27.6846,40.6651],[27.6851,40.663],[27.6861,40.6612],[27.6874,40.6598],[27.6893,40.659],[27.6919,40.6589],[27.6974,40.658],[27.7057,40.6563],[27.7115,40.6548],[27.7146,40.6535],[27.7164,40.6523],[27.7169,40.6512],[27.7188,40.6504],[27.7219,40.6498],[27.7247,40.6489],[27.7273,40.6476],[27.7315,40.6469],[27.7372,40.6466],[27.7417,40.6447],[27.7449,40.641],[27.747,40.6381],[27.7481,40.636],[27.7486,40.6344],[27.7486,40.6333],[27.7481,40.6305],[27.747,40.6257],[27.746,40.6229],[27.7451,40.6219],[27.743,40.6209],[27.7397,40.6199],[27.7365,40.6183],[27.7334,40.616],[27.7276,40.6131],[27.7193,40.6095],[27.7133,40.6072],[27.7096,40.6062],[27.7076,40.606],[27.7071,40.6066],[27.7058,40.6061],[27.7037,40.6046],[27.6948,40.6008],[27.6792,40.5947],[27.6709,40.5912],[27.6698,40.5903],[27.6685,40.5901],[27.6669,40.5908],[27.6663,40.5906],[27.6666,40.5896],[27.6661,40.588],[27.6648,40.5857],[27.6599,40.5833],[27.6516,40.5809],[27.644,40.578],[27.6373,40.5745],[27.6321,40.5727],[27.6284,40.5725],[27.6264,40.5727],[27.626,40.5732],[27.626,40.5738],[27.6264,40.5745],[27.6263,40.5748],[27.6258,40.5748],[27.6245,40.5737],[27.6224,40.5714],[27.6188,40.5697],[27.6135,40.5687],[27.6109,40.5682],[27.6109,40.5682],[27.6094,40.5684]],[[27.4956,40.4606],[27.494,40.4602],[27.4919,40.4601],[27.4893,40.4603],[27.4864,40.4613],[27.4833,40.4632],[27.4814,40.4649],[27.4807,40.4664],[27.4801,40.4696],[27.4796,40.4743],[27.4785,40.4776],[27.4769,40.4797],[27.4752,40.4836],[27.4733,40.4893],[27.4725,40.4932],[27.4726,40.4954],[27.4734,40.4977],[27.4747,40.5003],[27.4762,40.5022],[27.4778,40.5034],[27.48,40.5044],[27.4827,40.5053],[27.4849,40.507],[27.4866,40.5096],[27.487,40.511],[27.4863,40.5112],[27.4841,40.5103],[27.4804,40.5083],[27.4779,40.5077],[27.4766,40.5085],[27.4751,40.5089],[27.4735,40.5089],[27.4725,40.5094],[27.472,40.5104],[27.4718,40.512],[27.4719,40.5141],[27.4739,40.5167],[27.4778,40.52],[27.48,40.5215],[27.4805,40.5213],[27.4809,40.5213],[27.4814,40.5214],[27.4817,40.5217],[27.4818,40.5222],[27.4828,40.5225],[27.4849,40.5226],[27.4864,40.5233],[27.4873,40.5248],[27.4886,40.5263],[27.4904,40.5278],[27.4917,40.5296],[27.4926,40.5318],[27.4928,40.5332],[27.4924,40.5339],[27.4917,40.5343],[27.4906,40.5344],[27.4878,40.5336],[27.4831,40.5319],[27.4794,40.5309],[27.4768,40.5306],[27.4745,40.5307],[27.4724,40.5311],[27.4698,40.531],[27.4667,40.5305],[27.4642,40.5316],[27.4624,40.5345],[27.4613,40.5372],[27.4608,40.5398],[27.461,40.5429],[27.4619,40.5466],[27.4628,40.549],[27.4637,40.5501],[27.4649,40.5512],[27.4664,40.5521],[27.4709,40.5535],[27.4782,40.5555],[27.486,40.5571],[27.4943,40.5582],[27.5005,40.5584],[27.5047,40.5579],[27.5076,40.5572],[27.5091,40.5563],[27.5114,40.5543],[27.5145,40.5511],[27.5158,40.5489],[27.5153,40.5477],[27.5188,40.5444],[27.5261,40.539],[27.5315,40.5358],[27.5352,40.5348],[27.5388,40.5331],[27.5425,40.5308],[27.5477,40.5293],[27.5544,40.5287],[27.5583,40.5259],[27.5594,40.5208],[27.5589,40.5166],[27.5568,40.5133],[27.5552,40.5115],[27.5541,40.5112],[27.5531,40.5103],[27.5521,40.5088],[27.5503,40.5073],[27.5477,40.5057],[27.5466,40.5046],[27.5469,40.5039],[27.5464,40.5031],[27.5449,40.5021],[27.5446,40.5008],[27.5455,40.4992],[27.5458,40.498],[27.5455,40.4972],[27.5456,40.4954],[27.5463,40.4925],[27.5469,40.4909],[27.5474,40.4904],[27.5466,40.4883],[27.5446,40.4846],[27.5417,40.4812],[27.5378,40.4781],[27.5355,40.4765],[27.5347,40.4766],[27.5342,40.4771],[27.534,40.4782],[27.5339,40.4784],[27.5338,40.4779],[27.533,40.4771],[27.5315,40.476],[27.5305,40.4758],[27.53,40.4763],[27.5294,40.4762],[27.5289,40.4756],[27.5245,40.4739],[27.5162,40.4713],[27.5094,40.4681],[27.5042,40.4646],[27.5003,40.4623],[27.4977,40.4613],[27.4964,40.4608],[27.4964,40.4608],[27.4956,40.4606]]],[[[27.0318,40.0299],[27.0311,40.0304],[27.0305,40.0304],[27.03,40.0301],[27.03,40.0297],[27.0305,40.0292],[27.0311,40.0292],[27.0318,40.0295],[27.0322,40.0297],[27.0322,40.0297],[27.0318,40.0299]]]]}},{"type":"Feature","properties":{"depth":15,"kind":"isobath"},"geometry":{"type":"MultiLineString","coordinates":[[[27.7664,40.9943],[27.7663,40.9941],[27.7662,40.9937],[27.7662,40.9937],[27.7663,40.9941],[27.7664,40.9943]],[[27.9615,40.9724],[27.9614,40.9726],[27.9611,40.9731],[27.9608,40.9731],[27.9606,40.9726],[27.9608,40.9724],[27.9613,40.9724],[27.9615,40.9724]],[[27.9334,40.9589],[27.9334,40.9592],[27.9335,40.9596],[27.9334,40.9599],[27.933,40.9599],[27.9328,40.9594],[27.9328,40.9585],[27.933,40.9582],[27.9333,40.9587],[27.9334,40.9589]],[[27.3469,40.7641],[27.3468,40.764],[27.3465,40.7637],[27.3465,40.7637],[27.3468,40.764],[27.3469,40.7641]],[[27.6547,40.662],[27.6547,40.6625],[27.6547,40.6634],[27.6545,40.6634],[27.6542,40.6625],[27.6542,40.662],[27.6545,40.662],[27.6547,40.662]],[[27.6672,40.6578],[27.6669,40.658],[27.6664,40.6583],[27.6661,40.6583],[27.666,40.658],[27.6662,40.6578],[27.6669,40.6578],[27.6672,40.6578]],[[27.5592,40.6464],[27.5587,40.6464],[27.5577,40.6464],[27.5574,40.6462],[27.5577,40.6457],[27.5582,40.6457],[27.5589,40.6462],[27.5592,40.6464]],[[27.5577,40.6453],[27.5574,40.6453],[27.5567,40.6453],[27.5567,40.6453],[27.5574,40.6453],[27.5577,40.6453]],[[27.5589,40.6443],[27.5589,40.6445],[27.5589,40.6449],[27.5589,40.6449],[27.5589,40.6445],[27.5589,40.6443]],[[27.742,40.6443],[27.7418,40.6445],[27.7413,40.6448],[27.741,40.6448],[27.7409,40.6445],[27.7411,40.6443],[27.7417,40.6443],[27.742,40.6443]],[[27.5236,40.6391],[27.5234,40.6391],[27.523,40.6391],[27.523,40.6391],[27.5234,40.6391],[27.5236,40.6391]],[[27.5264,40.637],[27.5265,40.6374],[27.5265,40.6383],[27.526,40.6385],[27.5249,40.6382],[27.5244,40.6377],[27.5246,40.6373],[27.5251,40.637],[27.526,40.637],[27.5264,40.637]],[[27.494,40.6339],[27.4937,40.6339],[27.493,40.6339],[27.4928,40.6337],[27.4931,40.6334],[27.4934,40.6334],[27.4938,40.6337],[27.494,40.6339]],[[27.6666,40.5984],[27.6664,40.5984],[27.6661,40.5984],[27.6661,40.5984],[27.6664,40.5984],[27.6666,40.5984]],[[27.5372,40.5922],[27.5371,40.5925],[27.5371,40.593],[27.5371,40.593],[27.5371,40.5925],[27.5372,40.5922]],[[27.6258,40.5766],[27.6257,40.5769],[27.6256,40.5776],[27.6251,40.5778],[27.6244,40.5777],[27.6241,40.5772],[27.6244,40.5765],[27.6248,40.5762],[27.6255,40.5765],[27.6258,40.5766]],[[27.5867,40.5755],[27.5867,40.5758],[27.5866,40.5763],[27.5862,40.5766],[27.5856,40.5766],[27.5855,40.5762],[27.5858,40.5752],[27.5861,40.575],[27.5865,40.5753],[27.5867,40.5755]],[[27.5797,40.5734],[27.5797,40.5737],[27.5797,40.5742],[27.5794,40.5745],[27.5789,40.5745],[27.5786,40.5741],[27.5786,40.5732],[27.5789,40.573],[27.5794,40.5733],[27.5797,40.5734]],[[27.5876,40.5734],[27.5873,40.5734],[27.5866,40.5734],[27.5866,40.5734],[27.5873,40.5734],[27.5876,40.5734]],[[27.5862,40.5724],[27.5861,40.5726],[27.586,40.5729],[27.5858,40.5729],[27.5856,40.5726],[27.5857,40.5724],[27.586,40.5724],[27.5862,40.5724]],[[27.7702,40.5297],[27.77,40.5299],[27.7695,40.5304],[27.7691,40.5304],[27.7687,40.5299],[27.7689,40.5297],[27.7698,40.5297],[27.7702,40.5297]],[[27.597,40.5266],[27.5969,40.5268],[27.5966,40.5272],[27.5963,40.5272],[27.596,40.5268],[27.596,40.5264],[27.5963,40.5261],[27.5966,40.5261],[27.5969,40.5264],[27.597,40.5266]],[[27.7572,40.5245],[27.7571,40.5246],[27.7569,40.5248],[27.7568,40.5247],[27.7568,40.5243],[27.7569,40.5242],[27.7571,40.5244],[27.7572,40.5245]],[[27.4859,40.5214],[27.4857,40.5216],[27.4852,40.5219],[27.4847,40.5219],[27.4842,40.5216],[27.4842,40.5212],[27.4847,40.5207],[27.4852,40.5207],[27.4857,40.5212],[27.4859,40.5214]],[[27.5805,40.5214],[27.5803,40.5218],[27.5799,40.5225],[27.5794,40.5227],[27.5789,40.5225],[27.5787,40.5221],[27.5788,40.5217],[27.5792,40.5214],[27.5801,40.5214],[27.5805,40.5214]],[[27.7453,40.5193],[27.7451,40.5198],[27.7446,40.5207],[27.744,40.5209],[27.7433,40.5205],[27.7433,40.5198],[27.744,40.5188],[27.7446,40.5186],[27.7451,40.5191],[27.7453,40.5193]],[[27.5755,40.5161],[27.5751,40.5161],[27.5744,40.5161],[27.5744,40.5161],[27.5751,40.5161],[27.5755,40.5161]],[[27.5933,40.5109],[27.5933,40.5113],[27.5932,40.5122],[27.5932,40.5122],[27.5933,40.5113],[27.5933,40.5109]],[[27.6297,40.5109],[27.6299,40.5112],[27.6302,40.5117],[27.6302,40.5121],[27.6299,40.5122],[27.6297,40.5119],[27.6297,40.5112],[27.6297,40.5109]],[[27.5958,40.4953],[27.5956,40.4953],[27.5951,40.4953],[27.595,40.4951],[27.5952,40.4948],[27.5954,40.4948],[27.5957,40.4951],[27.5958,40.4953]],[[27.5748,40.487],[27.5745,40.487],[27.574,40.487],[27.574,40.487],[27.5745,40.487],[27.5748,40.487]],[[27.6703,40.4755],[27.6701,40.4757],[27.6696,40.4762],[27.6692,40.4762],[27.669,40.4757],[27.6693,40.4755],[27.67,40.4755],[27.6703,40.4755]],[[27.5582,40.4745],[27.5581,40.4747],[27.5579,40.475],[27.5576,40.475],[27.5572,40.4747],[27.5573,40.4745],[27.5579,40.4745],[27.5582,40.4745]],[[27.6756,40.4714],[27.6748,40.4724],[27.6732,40.4743],[27.6722,40.4751],[27.6719,40.4747],[27.6721,40.4737],[27.673,40.4722],[27.674,40.4714],[27.6751,40.4714],[27.6756,40.4714]],[[27.6934,40.4682],[27.6937,40.4687],[27.6944,40.4698],[27.6941,40.4703],[27.693,40.4703],[27.6925,40.4698],[27.6926,40.4687],[27.6929,40.4682],[27.6932,40.4682],[27.6934,40.4682]],[[27.2682,40.4661],[27.2679,40.4661],[27.2673,40.4661],[27.2673,40.4661],[27.2679,40.4661],[27.2682,40.4661]],[[27.5531,40.4661],[27.5528,40.4661],[27.5521,40.4661],[27.5519,40.466],[27.5524,40.4656],[27.5527,40.4656],[27.553,40.466],[27.5531,40.4661]],[[27.1338,40.4578],[27.1336,40.4581],[27.1331,40.4585],[27.1326,40.4585],[27.1323,40.4581],[27.1323,40.4576],[27.1326,40.4573],[27.1331,40.4573],[27.1336,40.4576],[27.1338,40.4578]],[[27.7409,40.4526],[27.741,40.4529],[27.7411,40.4534],[27.7409,40.4536],[27.7404,40.4536],[27.74,40.4534],[27.7399,40.4529],[27.7401,40.4526],[27.7406,40.4526],[27.7409,40.4526]],[[27.9859,40.4297],[27.9859,40.4295],[27.9859,40.429],[27.9859,40.429],[27.9859,40.4295],[27.9859,40.4297]],[[27.9642,40.4214],[27.9642,40.4217],[27.9642,40.4222],[27.9639,40.4224],[27.9632,40.4224],[27.9632,40.4222],[27.9639,40.4217],[27.9642,40.4214]],[[27.0447,40.4089],[27.0447,40.4092],[27.0448,40.4097],[27.0443,40.4099],[27.0432,40.4099],[27.0428,40.4096],[27.0431,40.4089],[27.0436,40.4087],[27.0443,40.4088],[27.0447,40.4089]],[[27.7768,40.3995],[27.7768,40.3997],[27.7766,40.4],[27.7762,40.4],[27.7753,40.3997],[27.775,40.3993],[27.7753,40.3989],[27.7758,40.3989],[27.7765,40.3993],[27.7768,40.3995]],[[27.9263,40.3839],[27.9261,40.3839],[27.9256,40.3839],[27.9256,40.3839],[27.9261,40.3839],[27.9263,40.3839]],[[27.9901,40.4242],[27.9899,40.4244],[27.9894,40.4249],[27.9883,40.4244],[27.9867,40.4231],[27.9851,40.4222],[27.9836,40.4217],[27.9826,40.4211],[27.9821,40.4204],[27.9797,40.4189],[27.9755,40.4166],[27.9719,40.4152],[27.9688,40.4147],[27.9666,40.4149],[27.9655,40.4157],[27.9647,40.4167],[27.9643,40.4179],[27.9636,40.4184],[27.9625,40.4181],[27.9614,40.4172],[27.9603,40.4158],[27.9595,40.4143],[27.9591,40.4126],[27.9564,40.41],[27.9514,40.4065],[27.9446,40.4032],[27.9361,40.4003],[27.9315,40.3983],[27.931,40.3974],[27.9302,40.397],[27.9291,40.3971],[27.9273,40.3962],[27.9247,40.3941],[27.9226,40.3928],[27.9211,40.3924],[27.9211,40.3906],[27.9228,40.3875],[27.9242,40.3857],[27.9255,40.3852],[27.9261,40.3844],[27.9262,40.3833],[27.9279,40.3806],[27.9312,40.3763],[27.9378,40.372],[27.9477,40.3677],[27.955,40.3657],[27.9597,40.366],[27.962,40.3661],[27.962,40.3661],[27.9677,40.3679],[27.9792,40.3714],[27.9867,40.3732],[27.9904,40.3735],[27.9922,40.3736]],[[27.9946,40.9911],[27.9927,40.988],[27.9889,40.9819],[27.9862,40.9782],[27.9847,40.977],[27.9821,40.9757],[27.9785,40.9741],[27.9766,40.9731],[27.9765,40.9727],[27.9759,40.9722],[27.9749,40.9717],[27.9741,40.9704],[27.9736,40.9683],[27.972,40.966],[27.9695,40.9635],[27.9659,40.9617],[27.9612,40.9604],[27.956,40.9598],[27.9503,40.96],[27.9469,40.9598],[27.9458,40.9591],[27.943,40.9582],[27.9383,40.9572],[27.9354,40.9571],[27.9344,40.9579],[27.9336,40.9581],[27.9331,40.9578],[27.9326,40.9578],[27.9321,40.9581],[27.9313,40.9578],[27.9302,40.9569],[27.9284,40.9568],[27.9258,40.9575],[27.9245,40.9582],[27.9245,40.9591],[27.9248,40.9596],[27.9253,40.96],[27.9253,40.9601],[27.9248,40.9602],[27.9237,40.9611],[27.9222,40.9629],[27.9193,40.9633],[27.9151,40.9624],[27.9112,40.962],[27.9075,40.9622],[27.9044,40.9617],[27.9018,40.9605],[27.8979,40.9595],[27.8927,40.9586],[27.8891,40.9584],[27.887,40.9587],[27.8853,40.9597],[27.8841,40.9612],[27.8835,40.9625],[27.8835,40.9636],[27.8829,40.9641],[27.8817,40.9641],[27.8802,40.9629],[27.8785,40.9604],[27.8763,40.9592],[27.8737,40.9593],[27.869,40.9605],[27.8623,40.9628],[27.8589,40.9645],[27.8589,40.9657],[27.8566,40.9688],[27.8519,40.9737],[27.8485,40.977],[27.8464,40.9785],[27.8435,40.9799],[27.8398,40.981],[27.8281,40.9837],[27.8083,40.9878],[27.7945,40.9909],[27.7867,40.993],[27.781,40.9944],[27.7773,40.9949],[27.7732,40.9947],[27.7685,40.9936],[27.7659,40.9933],[27.7654,40.9937],[27.7646,40.9937],[27.7635,40.9934],[27.7628,40.9935],[27.7623,40.994],[27.7612,40.994],[27.7597,40.9937],[27.7571,40.9938],[27.7534,40.9945],[27.7511,40.9953],[27.75,40.9963],[27.7487,40.9971],[27.7472,40.9976],[27.7422,40.9971],[27.7339,40.9955],[27.7255,40.9933],[27.7172,40.9904],[27.7104,40.9884],[27.7052,40.9872],[27.6956,40.9862],[27.6815,40.9853],[27.6735,40.985],[27.6714,40.9853],[27.669,40.9851],[27.6664,40.9844],[27.6604,40.9839],[27.6511,40.9838],[27.6326,40.9811],[27.6049,40.9758],[27.5875,40.9732],[27.5802,40.9732],[27.5701,40.9717],[27.557,40.9686],[27.5458,40.9672],[27.5365,40.9673],[27.5295,40.9659],[27.5248,40.9631],[27.5211,40.9605],[27.5185,40.9582],[27.5149,40.9558],[27.5102,40.9532],[27.507,40.9514],[27.5055,40.9501],[27.5044,40.9494],[27.5039,40.9495],[27.5023,40.9477],[27.4997,40.9441],[27.4957,40.9371],[27.4904,40.9266],[27.4856,40.9193],[27.4815,40.9151],[27.4795,40.9122],[27.4796,40.9107],[27.4794,40.9094],[27.4787,40.9083],[27.4789,40.9076],[27.48,40.9071],[27.4799,40.905],[27.4788,40.9013],[27.477,40.8977],[27.4746,40.894],[27.4721,40.8909],[27.4695,40.8883],[27.4681,40.886],[27.4679,40.8839],[27.4672,40.8813],[27.4659,40.8782],[27.4655,40.8758],[27.4658,40.8742],[27.4657,40.8726],[27.4654,40.8711],[27.4656,40.869],[27.4665,40.8664],[27.4651,40.8612],[27.4616,40.8534],[27.4596,40.8485],[27.4591,40.8464],[27.4581,40.8445],[27.4565,40.843],[27.4547,40.8417],[27.4527,40.8406],[27.4499,40.8383],[27.4462,40.8346],[27.4438,40.8328],[27.4427,40.8328],[27.4409,40.8315],[27.4383,40.8289],[27.4362,40.8273],[27.4347,40.8269],[27.4323,40.8256],[27.4292,40.8235],[27.4274,40.8226],[27.4269,40.8231],[27.4256,40.822],[27.4235,40.8195],[27.4216,40.8179],[27.4201,40.8175],[27.4188,40.8167],[27.4177,40.8156],[27.4164,40.8151],[27.4149,40.815],[27.4128,40.814],[27.4102,40.8119],[27.4068,40.8101],[27.4026,40.8084],[27.3992,40.8066],[27.3965,40.8046],[27.3944,40.8026],[27.3929,40.8005],[27.3906,40.7989],[27.3875,40.7976],[27.3833,40.7942],[27.3781,40.7887],[27.3753,40.7859],[27.3748,40.7859],[27.373,40.7846],[27.3699,40.782],[27.3678,40.7797],[27.3667,40.7776],[27.3656,40.7766],[27.3646,40.7765],[27.3625,40.7747],[27.3594,40.7714],[27.3551,40.768],[27.3498,40.7647],[27.3464,40.7612],[27.3449,40.7575],[27.3438,40.7554],[27.3431,40.755],[27.3428,40.7544],[27.3431,40.7537],[27.3429,40.7531],[27.3423,40.7528],[27.3417,40.7503],[27.3411,40.7456],[27.341,40.743],[27.3414,40.7425],[27.3405,40.7393],[27.3382,40.7336],[27.3344,40.7272],[27.3292,40.7201],[27.326,40.7144],[27.3247,40.71],[27.3211,40.7047],[27.315,40.6986],[27.3094,40.6936],[27.3043,40.6899],[27.2991,40.6869],[27.2938,40.6846],[27.2885,40.682],[27.2833,40.6789],[27.2784,40.6754],[27.2737,40.6717],[27.2683,40.6688],[27.262,40.6666],[27.2555,40.6627],[27.2487,40.657],[27.2443,40.6537],[27.2422,40.6529],[27.2396,40.6526],[27.2365,40.6527],[27.2339,40.6524],[27.2318,40.6517],[27.2302,40.651],[27.2291,40.6501],[27.2252,40.6483],[27.2185,40.6457],[27.2125,40.6428],[27.2073,40.6395],[27.2022,40.6369],[27.1971,40.6349],[27.1915,40.631],[27.1856,40.6253],[27.1816,40.6221],[27.1796,40.6216],[27.1776,40.6213],[27.1755,40.6214],[27.168,40.6183],[27.1549,40.612],[27.1466,40.609],[27.1429,40.6091],[27.1401,40.6085],[27.138,40.6072],[27.1354,40.6062],[27.1323,40.6057],[27.1297,40.6055],[27.1276,40.6057],[27.1263,40.6066],[27.1255,40.6081],[27.1252,40.6084],[27.1251,40.6073],[27.1238,40.6057],[27.1215,40.6034],[27.1198,40.602],[27.1187,40.6016],[27.1128,40.6009],[27.1019,40.6],[27.0933,40.5987],[27.087,40.5973],[27.0816,40.5965],[27.0769,40.5964],[27.0722,40.5957],[27.0675,40.5942],[27.0599,40.5913],[27.0495,40.5869],[27.0422,40.5836],[27.038,40.5813],[27.0337,40.578],[27.0294,40.5736],[27.0239,40.5692],[27.0174,40.5649],[27.0133,40.562],[27.0117,40.5606],[27.0096,40.5581],[27.0069,40.5544],[27.0055,40.5526]],[[27.0005,40.3946],[27.0034,40.3951],[27.0091,40.3961],[27.0149,40.3975],[27.0206,40.3992],[27.0247,40.4002],[27.0273,40.4003],[27.0287,40.4015],[27.0288,40.4036],[27.0292,40.4052],[27.0299,40.4063],[27.0301,40.4071],[27.0298,40.4076],[27.0303,40.4083],[27.0316,40.4094],[27.0324,40.4107],[27.0327,40.4122],[27.0338,40.414],[27.0355,40.4162],[27.0373,40.4176],[27.0392,40.4184],[27.0425,40.4191],[27.0472,40.4196],[27.05,40.4206],[27.0511,40.4219],[27.0519,40.4222],[27.0524,40.4216],[27.0528,40.4218],[27.0531,40.4229],[27.0536,40.4237],[27.0545,40.4242],[27.0546,40.425],[27.0539,40.4261],[27.054,40.4276],[27.0548,40.4297],[27.0572,40.4318],[27.0611,40.4339],[27.0648,40.4352],[27.0685,40.4356],[27.0716,40.4368],[27.0742,40.4387],[27.0763,40.4398],[27.0778,40.4399],[27.0794,40.4404],[27.081,40.4413],[27.0825,40.4424],[27.0839,40.4437],[27.0858,40.4461],[27.0883,40.4498],[27.0904,40.4521],[27.0923,40.453],[27.095,40.4537],[27.0987,40.4541],[27.1018,40.4534],[27.1044,40.4515],[27.1065,40.4507],[27.1081,40.4509],[27.1112,40.4526],[27.1159,40.4557],[27.1195,40.4576],[27.1221,40.4581],[27.1252,40.4581],[27.1289,40.4576],[27.1312,40.4578],[27.1323,40.4585],[27.1331,40.4587],[27.1336,40.4582],[27.1352,40.4588],[27.1378,40.4603],[27.1404,40.4612],[27.143,40.4613],[27.1459,40.4608],[27.149,40.4594],[27.1529,40.4583],[27.1576,40.4575],[27.1628,40.4553],[27.1685,40.452],[27.1732,40.4497],[27.1768,40.4486],[27.1812,40.4467],[27.1865,40.444],[27.1904,40.4425],[27.193,40.4422],[27.198,40.4439],[27.2053,40.4476],[27.2144,40.4512],[27.2253,40.4547],[27.2328,40.4574],[27.237,40.4593],[27.2404,40.4604],[27.243,40.4607],[27.2464,40.4619],[27.2505,40.4639],[27.255,40.4655],[27.2597,40.4666],[27.263,40.4677],[27.2649,40.4688],[27.2661,40.4703],[27.2668,40.4724],[27.2684,40.4744],[27.2711,40.4763],[27.2745,40.478],[27.2786,40.4793],[27.2823,40.4801],[27.2854,40.4802],[27.2882,40.4796],[27.2907,40.4783],[27.2933,40.4753],[27.2962,40.4706],[27.2987,40.4672],[27.3008,40.4651],[27.3031,40.4631],[27.3056,40.4612],[27.3093,40.4588],[27.3142,40.4561],[27.3168,40.4544],[27.3171,40.4538],[27.3175,40.4535],[27.318,40.4536],[27.3185,40.4531],[27.319,40.4521],[27.3195,40.4516],[27.3201,40.4516],[27.3214,40.4504],[27.3235,40.4479],[27.3261,40.444],[27.3292,40.4387],[27.3334,40.434],[27.3387,40.4297],[27.3418,40.426],[27.3429,40.423],[27.3442,40.4175],[27.3457,40.4096],[27.3462,40.4049],[27.3455,40.4034],[27.3453,40.4024],[27.3457,40.4019],[27.3453,40.4006],[27.3443,40.3984],[27.3423,40.3958],[27.3392,40.3927],[27.3376,40.3906],[27.3374,40.3896],[27.3379,40.3883],[27.3391,40.3867],[27.3455,40.3826],[27.3572,40.3759],[27.3695,40.3709],[27.3826,40.3676],[27.3909,40.3649],[27.3946,40.3628],[27.3987,40.3615],[27.4034,40.361],[27.4062,40.36],[27.4071,40.3585],[27.4121,40.3549],[27.421,40.349],[27.4299,40.344],[27.4388,40.3399],[27.4555,40.3345],[27.48,40.3277],[27.4959,40.3238],[27.5032,40.3225],[27.5136,40.3213],[27.5271,40.3203],[27.5362,40.3199],[27.5409,40.3202],[27.5477,40.3211],[27.5566,40.3226],[27.5628,40.3241],[27.5664,40.3254],[27.5698,40.3273],[27.5729,40.3296],[27.5771,40.3313],[27.5823,40.3326],[27.5867,40.3344],[27.5902,40.3368],[27.5928,40.3383],[27.5945,40.3389],[27.5997,40.339],[27.6086,40.3387],[27.6174,40.3387],[27.6263,40.339],[27.6336,40.3386],[27.6393,40.3376],[27.6459,40.3355],[27.6532,40.3324],[27.6597,40.329],[27.6654,40.3255],[27.6721,40.3227],[27.68,40.3206],[27.6852,40.3197],[27.6878,40.32],[27.6904,40.3208],[27.693,40.3221],[27.6959,40.3231],[27.699,40.3238],[27.7036,40.3243],[27.7099,40.3246],[27.7148,40.3244],[27.7185,40.3238],[27.7211,40.3232],[27.7226,40.3224],[27.7237,40.3217],[27.7242,40.321],[27.7263,40.32],[27.73,40.3189],[27.7355,40.3182],[27.7428,40.318],[27.7487,40.3176],[27.7534,40.3169],[27.7566,40.3167],[27.7583,40.317],[27.7592,40.3172],[27.7592,40.3172],[27.763,40.3183],[27.7707,40.3204],[27.775,40.3213],[27.7761,40.321],[27.7787,40.3231],[27.7828,40.3275],[27.7862,40.3305],[27.7888,40.3321],[27.7909,40.333],[27.7924,40.3333],[27.7945,40.3347],[27.7971,40.3374],[27.8034,40.3424],[27.8133,40.3497],[27.8213,40.3548],[27.8276,40.3577],[27.8323,40.3603],[27.8354,40.3626],[27.8385,40.3641],[27.8414,40.3648],[27.8435,40.3655],[27.8447,40.3664],[27.8471,40.3675],[27.8508,40.3688],[27.8531,40.3699],[27.8542,40.3709],[27.8547,40.372],[27.8547,40.3732],[27.8537,40.3744],[27.8516,40.3757],[27.8479,40.3769],[27.8427,40.3781],[27.8399,40.379],[27.8393,40.3797],[27.8386,40.3799],[27.8375,40.3795],[27.8354,40.3804],[27.8323,40.3823],[27.8292,40.3837],[27.8261,40.3844],[27.8235,40.3845],[27.8214,40.384],[27.8201,40.3834],[27.8196,40.3828],[27.8185,40.3825],[27.8169,40.3826],[27.8159,40.3823],[27.8154,40.3818],[27.8149,40.3817],[27.8144,40.382],[27.8125,40.3804],[27.8094,40.3769],[27.805,40.3738],[27.7993,40.3711],[27.7963,40.3694],[27.796,40.3686],[27.7947,40.3673],[27.7923,40.3655],[27.7896,40.3643],[27.7865,40.3637],[27.7833,40.3637],[27.7802,40.3645],[27.7779,40.3654],[27.7764,40.3666],[27.775,40.369],[27.7735,40.3727],[27.7728,40.3755],[27.7729,40.3776],[27.7733,40.3796],[27.7741,40.3817],[27.7755,40.384],[27.7776,40.3865],[27.7789,40.3879],[27.7796,40.3879],[27.7799,40.3883],[27.7798,40.3889],[27.7791,40.3894],[27.7779,40.3899],[27.7774,40.3909],[27.7775,40.3924],[27.7767,40.395],[27.775,40.3987],[27.7732,40.4008],[27.7713,40.4014],[27.7659,40.4052],[27.757,40.4123],[27.7499,40.4172],[27.7446,40.42],[27.7406,40.4232],[27.7381,40.4268],[27.7364,40.4304],[27.7356,40.4341],[27.7348,40.4362],[27.7341,40.4367],[27.7338,40.4379],[27.7338,40.4398],[27.7318,40.4417],[27.7276,40.4438],[27.7227,40.4453],[27.717,40.4462],[27.7131,40.4471],[27.7112,40.448],[27.7088,40.4496],[27.7061,40.452],[27.7038,40.4544],[27.702,40.4567],[27.6991,40.4591],[27.6952,40.4616],[27.6933,40.4635],[27.6935,40.4645],[27.6933,40.4658],[27.6926,40.4673],[27.6914,40.4668],[27.6897,40.4643],[27.689,40.4628],[27.6891,40.4623],[27.6888,40.4621],[27.6883,40.4622],[27.6875,40.462],[27.6864,40.4613],[27.6851,40.462],[27.6836,40.4641],[27.6826,40.465],[27.6821,40.4647],[27.6816,40.4647],[27.6812,40.465],[27.6809,40.4654],[27.6808,40.4661],[27.6802,40.4659],[27.6791,40.4649],[27.6788,40.4651],[27.6791,40.4665],[27.6786,40.468],[27.6773,40.4696],[27.6763,40.4702],[27.6758,40.4697],[27.6761,40.4676],[27.6772,40.4639],[27.6774,40.4617],[27.6766,40.4612],[27.677,40.4601],[27.6786,40.4586],[27.6789,40.457],[27.6778,40.4555],[27.6769,40.4516],[27.6762,40.4453],[27.6747,40.4411],[27.6725,40.4388],[27.6691,40.4373],[27.6644,40.4364],[27.6594,40.4364],[27.6542,40.4375],[27.6503,40.4391],[27.6477,40.4412],[27.6415,40.4439],[27.6316,40.4473],[27.625,40.4492],[27.6219,40.4497],[27.618,40.4496],[27.6133,40.4491],[27.6088,40.4495],[27.6047,40.4511],[27.6021,40.4513],[27.601,40.4504],[27.5987,40.45],[27.595,40.4502],[27.5907,40.4517],[27.5857,40.4544],[27.5833,40.457],[27.5835,40.4596],[27.583,40.4609],[27.5817,40.4609],[27.5799,40.4592],[27.5777,40.4557],[27.5761,40.4539],[27.575,40.4538],[27.574,40.454],[27.5729,40.4545],[27.5708,40.4539],[27.5677,40.4522],[27.5645,40.4514],[27.5615,40.4513],[27.5589,40.4519],[27.5568,40.4532],[27.555,40.4551],[27.5535,40.4576],[27.5524,40.4607],[27.5517,40.4643],[27.5522,40.4674],[27.5537,40.4701],[27.5539,40.4714],[27.553,40.4714],[27.5535,40.4719],[27.5554,40.4729],[27.5567,40.4741],[27.5574,40.4757],[27.5581,40.4761],[27.5586,40.4755],[27.5594,40.4757],[27.5604,40.4767],[27.5612,40.477],[27.5617,40.4765],[27.5624,40.4765],[27.5633,40.4773],[27.5648,40.4775],[27.5671,40.4771],[27.5687,40.4772],[27.5698,40.4775],[27.5714,40.479],[27.5735,40.4815],[27.5746,40.4833],[27.5747,40.4844],[27.5745,40.4854],[27.5738,40.4864],[27.5728,40.4872],[27.5715,40.4877],[27.5704,40.4889],[27.5697,40.4908],[27.5684,40.4921],[27.5665,40.4928],[27.5652,40.4948],[27.5643,40.4979],[27.5643,40.5],[27.5651,40.5011],[27.5653,40.5019],[27.565,40.5024],[27.5652,40.5029],[27.566,40.5034],[27.5663,40.5039],[27.5662,40.5044],[27.5666,40.5052],[27.5675,40.5063],[27.568,40.5084],[27.5681,40.5114],[27.5692,40.5141],[27.5713,40.5162],[27.5724,40.5177],[27.5727,40.5188],[27.5726,40.5201],[27.5721,40.5216],[27.5722,40.5232],[27.5727,40.5247],[27.5729,40.5259],[27.5726,40.5266],[27.5736,40.5276],[27.5759,40.529],[27.5766,40.53],[27.5759,40.5306],[27.5779,40.5317],[27.5826,40.5332],[27.5867,40.5336],[27.5904,40.5329],[27.5936,40.531],[27.5964,40.5281],[27.5976,40.5263],[27.5973,40.5258],[27.5974,40.5247],[27.5979,40.5232],[27.5974,40.5219],[27.5959,40.5208],[27.595,40.519],[27.5945,40.5163],[27.5948,40.5152],[27.5959,40.5158],[27.5969,40.5172],[27.5979,40.5194],[27.5986,40.5202],[27.5989,40.5196],[27.6,40.5191],[27.6017,40.5186],[27.6034,40.5178],[27.6049,40.5167],[27.6099,40.5167],[27.6182,40.5176],[27.624,40.517],[27.627,40.515],[27.629,40.514],[27.6299,40.5141],[27.6304,40.5131],[27.6305,40.511],[27.6312,40.5095],[27.6323,40.5087],[27.6331,40.5084],[27.6336,40.5087],[27.6342,40.5085],[27.6346,40.5079],[27.6367,40.5071],[27.6404,40.5061],[27.6443,40.5058],[27.6484,40.5062],[27.6516,40.5061],[27.6537,40.5054],[27.6556,40.5027],[27.6573,40.4977],[27.6583,40.4935],[27.6587,40.4898],[27.6592,40.4878],[27.6598,40.4873],[27.6594,40.4862],[27.658,40.4847],[27.6574,40.4834],[27.6577,40.4823],[27.6572,40.4805],[27.656,40.4779],[27.6555,40.4762],[27.6556,40.4755],[27.656,40.4751],[27.6565,40.475],[27.6576,40.4752],[27.6591,40.4755],[27.6612,40.4756],[27.6638,40.4753],[27.6654,40.4755],[27.6659,40.476],[27.6669,40.4764],[27.6685,40.4765],[27.6698,40.4763],[27.6709,40.4758],[27.6716,40.4758],[27.6722,40.4764],[27.6729,40.4759],[27.674,40.4744],[27.6748,40.4736],[27.6753,40.4735],[27.6756,40.4748],[27.6759,40.4773],[27.6759,40.4788],[27.6756,40.4791],[27.6754,40.4788],[27.6753,40.478],[27.6749,40.4776],[27.6743,40.4776],[27.6745,40.4797],[27.6757,40.4838],[27.6762,40.4883],[27.6762,40.493],[27.6773,40.4984],[27.6794,40.5047],[27.6823,40.5088],[27.6861,40.5109],[27.689,40.5127],[27.691,40.5143],[27.6939,40.5172],[27.6976,40.5213],[27.7004,40.5247],[27.7021,40.5273],[27.7044,40.5293],[27.7074,40.5307],[27.7105,40.5313],[27.7136,40.531],[27.7154,40.5306],[27.7159,40.5299],[27.7172,40.5295],[27.7193,40.5292],[27.7242,40.5296],[27.732,40.5308],[27.7375,40.5312],[27.7406,40.5308],[27.7451,40.5313],[27.7507,40.5326],[27.7549,40.5331],[27.7576,40.5328],[27.7592,40.5322],[27.7596,40.5315],[27.7617,40.5307],[27.7654,40.5299],[27.7677,40.5298],[27.7688,40.5305],[27.7696,40.5306],[27.7701,40.5301],[27.7711,40.5301],[27.7726,40.5306],[27.7745,40.5309],[27.7765,40.531],[27.7789,40.5304],[27.7815,40.5294],[27.7829,40.5283],[27.783,40.5272],[27.784,40.5252],[27.786,40.5224],[27.788,40.5221],[27.7901,40.5243],[27.7922,40.5255],[27.7943,40.5257],[27.7966,40.5257],[27.7992,40.5253],[27.801,40.5246],[27.8021,40.5233],[27.8065,40.5233],[27.8143,40.5244],[27.8198,40.5245],[27.8229,40.5236],[27.8266,40.5232],[27.8307,40.5231],[27.8333,40.5225],[27.8344,40.5216],[27.8354,40.521],[27.8365,40.5208],[27.8394,40.5211],[27.8441,40.522],[27.8526,40.5224],[27.8652,40.5224],[27.8745,40.5218],[27.8808,40.5204],[27.8862,40.5197],[27.8909,40.5194],[27.894,40.5187],[27.8956,40.5176],[27.8972,40.5168],[27.8987,40.5165],[27.9019,40.516],[27.9066,40.5155],[27.911,40.5153],[27.9151,40.5154],[27.9196,40.5151],[27.9243,40.5142],[27.9284,40.5131],[27.9321,40.5116],[27.9362,40.5104],[27.9409,40.5093],[27.9443,40.5082],[27.9464,40.5069],[27.9505,40.5064],[27.9568,40.5068],[27.9604,40.5067],[27.9615,40.5061],[27.962,40.5055],[27.962,40.505],[27.9649,40.5038],[27.9706,40.5021],[27.9799,40.5001],[27.993,40.4979],[27.9995,40.4968]],[[27.4891,40.6317],[27.4881,40.6317],[27.486,40.6317],[27.4839,40.6322],[27.4818,40.6332],[27.4798,40.6348],[27.4781,40.6369],[27.477,40.6391],[27.4767,40.6412],[27.4769,40.643],[27.4776,40.6445],[27.4792,40.6463],[27.4816,40.6484],[27.4852,40.65],[27.4899,40.6511],[27.4924,40.6517],[27.4927,40.6516],[27.4933,40.65],[27.494,40.6469],[27.494,40.6432],[27.4933,40.6391],[27.4932,40.6365],[27.4935,40.6354],[27.4941,40.6347],[27.495,40.6342],[27.4949,40.6335],[27.4938,40.6326],[27.493,40.6324],[27.4925,40.6329],[27.4919,40.6328],[27.4914,40.6322],[27.4906,40.6319],[27.4896,40.6318],[27.4891,40.6317]],[[27.7609,40.625],[27.7599,40.625],[27.7578,40.6249],[27.7557,40.6255],[27.7535,40.6269],[27.7525,40.63],[27.7528,40.6347],[27.7536,40.6375],[27.755,40.6384],[27.757,40.639],[27.7596,40.6394],[27.7614,40.6394],[27.7625,40.6389],[27.7635,40.638],[27.7646,40.6366],[27.7653,40.6344],[27.7656,40.6313],[27.7654,40.629],[27.7645,40.6276],[27.7633,40.6264],[27.7617,40.6255],[27.7609,40.625]],[[27.6109,40.5682],[27.6094,40.5684],[27.6063,40.5687],[27.6033,40.5695],[27.6004,40.5707],[27.5987,40.5719],[27.598,40.5729],[27.5978,40.5742],[27.5981,40.5758],[27.5981,40.5768],[27.5976,40.5771],[27.5969,40.5768],[27.5958,40.5758],[27.5935,40.5747],[27.5898,40.5734],[27.5875,40.5724],[27.5864,40.5715],[27.5857,40.5713],[27.5852,40.5718],[27.5844,40.5715],[27.5833,40.5706],[27.5815,40.5701],[27.5789,40.5701],[27.5771,40.5697],[27.576,40.569],[27.5747,40.5687],[27.5732,40.569],[27.5708,40.5698],[27.5677,40.5711],[27.5643,40.573],[27.5607,40.5757],[27.5566,40.5776],[27.5519,40.5788],[27.5482,40.5808],[27.5455,40.5835],[27.5419,40.5859],[27.5374,40.5881],[27.5351,40.5896],[27.535,40.5905],[27.5344,40.5906],[27.5333,40.5897],[27.531,40.5902],[27.5273,40.5922],[27.5241,40.5971],[27.5214,40.605],[27.5201,40.6094],[27.5203,40.6104],[27.521,40.6117],[27.5223,40.6133],[27.5236,40.6145],[27.5249,40.6152],[27.526,40.6154],[27.5271,40.6152],[27.5276,40.6154],[27.5277,40.6159],[27.5259,40.6181],[27.5222,40.6222],[27.5202,40.6256],[27.5199,40.6283],[27.5205,40.6318],[27.5221,40.6359],[27.5228,40.6383],[27.5225,40.6388],[27.5226,40.6406],[27.5231,40.6437],[27.5245,40.6465],[27.5265,40.6491],[27.5287,40.6511],[27.5308,40.6525],[27.533,40.6533],[27.5354,40.6535],[27.5388,40.6552],[27.5431,40.6585],[27.5469,40.6603],[27.55,40.6607],[27.5526,40.6605],[27.5547,40.6598],[27.5564,40.6588],[27.5579,40.6575],[27.5587,40.6563],[27.5588,40.6552],[27.5597,40.6542],[27.5614,40.6531],[27.5623,40.6521],[27.5626,40.651],[27.563,40.6503],[27.5638,40.6498],[27.5644,40.6498],[27.5649,40.6501],[27.5653,40.6511],[27.5656,40.6528],[27.5662,40.654],[27.5669,40.6549],[27.5685,40.656],[27.5711,40.6575],[27.5779,40.6588],[27.5888,40.6599],[27.5969,40.6614],[27.6021,40.6633],[27.6058,40.6639],[27.6079,40.6633],[27.6115,40.6634],[27.6167,40.6643],[27.6224,40.6662],[27.6287,40.6692],[27.6328,40.6709],[27.6349,40.6712],[27.6382,40.67],[27.6427,40.6674],[27.6454,40.6661],[27.6461,40.6661],[27.647,40.6655],[27.6479,40.6643],[27.6489,40.6635],[27.65,40.663],[27.651,40.6627],[27.6521,40.6626],[27.6537,40.6633],[27.6558,40.6646],[27.6578,40.6656],[27.6599,40.6662],[27.6614,40.6658],[27.6625,40.6643],[27.6638,40.6635],[27.6653,40.6633],[27.6679,40.6643],[27.6716,40.6664],[27.6755,40.6674],[27.6796,40.6673],[27.6823,40.6669],[27.6836,40.6664],[27.6846,40.6651],[27.6851,40.663],[27.6861,40.6612],[27.6874,40.6598],[27.6893,40.659],[27.6919,40.6589],[27.6974,40.658],[27.7057,40.6563],[27.7115,40.6548],[27.7146,40.6535],[27.7164,40.6523],[27.7169,40.6512],[27.7188,40.6504],[27.7219,40.6498],[27.7247,40.6489],[27.7273,40.6476],[27.7315,40.6469],[27.7372,40.6466],[27.7417,40.6447],[27.7449,40.641],[27.747,40.6381],[27.7481,40.636],[27.7486,40.6344],[27.7486,40.6333],[27.7481,40.6305],[27.747,40.6257],[27.746,40.6229],[27.7451,40.6219],[27.743,40.6209],[27.7397,40.6199],[27.7365,40.6183],[27.7334,40.616],[27.7276,40.6131],[27.7193,40.6095],[27.7133,40.6072],[27.7096,40.6062],[27.7076,40.606],[27.7071,40.6066],[27.7058,40.6061],[27.7037,40.6046],[27.6948,40.6008],[27.6792,40.5947],[27.6709,40.5912],[27.6698,40.5903],[27.6685,40.5901],[27.6669,40.5908],[27.6663,40.5906],[27.6666,40.5896],[27.6661,40.588],[27.6648,40.5857],[27.6599,40.5833],[27.6516,40.5809],[27.644,40.578],[27.6373,40.5745],[27.6321,40.5727],[27.6284,40.5725],[27.6264,40.5727],[27.626,40.5732],[27.626,40.5738],[27.6264,40.5745],[27.6263,40.5748],[27.6258,40.5748],[27.6245,40.5737],[27.6224,40.5714],[27.6188,40.5697],[27.6135,40.5687],[27.6109,40.5682]],[[27.4964,40.4608],[27.4956,40.4606],[27.494,40.4602],[27.4919,40.4601],[27.4893,40.4603],[27.4864,40.4613],[27.4833,40.4632],[27.4814,40.4649],[27.4807,40.4664],[27.4801,40.4696],[27.4796,40.4743],[27.4785,40.4776],[27.4769,40.4797],[27.4752,40.4836],[27.4733,40.4893],[27.4725,40.4932],[27.4726,40.4954],[27.4734,40.4977],[27.4747,40.5003],[27.4762,40.5022],[27.4778,40.5034],[27.48,40.5044],[27.4827,40.5053],[27.4849,40.507],[27.4866,40.5096],[27.487,40.511],[27.4863,40.5112],[27.4841,40.5103],[27.4804,40.5083],[27.4779,40.5077],[27.4766,40.5085],[27.4751,40.5089],[27.4735,40.5089],[27.4725,40.5094],[27.472,40.5104],[27.4718,40.512],[27.4719,40.5141],[27.4739,40.5167],[27.4778,40.52],[27.48,40.5215],[27.4805,40.5213],[27.4809,40.5213],[27.4814,40.5214],[27.4817,40.5217],[27.4818,40.5222],[27.4828,40.5225],[27.4849,40.5226],[27.4864,40.5233],[27.4873,40.5248],[27.4886,40.5263],[27.4904,40.5278],[27.4917,40.5296],[27.4926,40.5318],[27.4928,40.5332],[27.4924,40.5339],[27.4917,40.5343],[27.4906,40.5344],[27.4878,40.5336],[27.4831,40.5319],[27.4794,40.5309],[27.4768,40.5306],[27.4745,40.5307],[27.4724,40.5311],[27.4698,40.531],[27.4667,40.5305],[27.4642,40.5316],[27.4624,40.5345],[27.4613,40.5372],[27.4608,40.5398],[27.461,40.5429],[27.4619,40.5466],[27.4628,40.549],[27.4637,40.5501],[27.4649,40.5512],[27.4664,40.5521],[27.4709,40.5535],[27.4782,40.5555],[27.486,40.5571],[27.4943,40.5582],[27.5005,40.5584],[27.5047,40.5579],[27.5076,40.5572],[27.5091,40.5563],[27.5114,40.5543],[27.5145,40.5511],[27.5158,40.5489],[27.5153,40.5477],[27.5188,40.5444],[27.5261,40.539],[27.5315,40.5358],[27.5352,40.5348],[27.5388,40.5331],[27.5425,40.5308],[27.5477,40.5293],[27.5544,40.5287],[27.5583,40.5259],[27.5594,40.5208],[27.5589,40.5166],[27.5568,40.5133],[27.5552,40.5115],[27.5541,40.5112],[27.5531,40.5103],[27.5521,40.5088],[27.5503,40.5073],[27.5477,40.5057],[27.5466,40.5046],[27.5469,40.5039],[27.5464,40.5031],[27.5449,40.5021],[27.5446,40.5008],[27.5455,40.4992],[27.5458,40.498],[27.5455,40.4972],[27.5456,40.4954],[27.5463,40.4925],[27.5469,40.4909],[27.5474,40.4904],[27.5466,40.4883],[27.5446,40.4846],[27.5417,40.4812],[27.5378,40.4781],[27.5355,40.4765],[27.5347,40.4766],[27.5342,40.4771],[27.534,40.4782],[27.5339,40.4784],[27.5338,40.4779],[27.533,40.4771],[27.5315,40.476],[27.5305,40.4758],[27.53,40.4763],[27.5294,40.4762],[27.5289,40.4756],[27.5245,40.4739],[27.5162,40.4713],[27.5094,40.4681],[27.5042,40.4646],[27.5003,40.4623],[27.4977,40.4613],[27.4964,40.4608]],[[27.0322,40.0297],[27.0318,40.0299],[27.0311,40.0304],[27.0305,40.0304],[27.03,40.0301],[27.03,40.0297],[27.0305,40.0292],[27.0311,40.0292],[27.0318,40.0295],[27.0322,40.0297]]]}},{"type":"Feature","properties":{"depth":20,"kind":"band"},"geometry":{"type":"MultiPolygon","coordinates":[[[[27.9331,40.9592],[27.9332,40.9596],[27.9332,40.9596],[27.9331,40.9592],[27.933,40.9589],[27.933,40.9589],[27.9331,40.9592]]],[[[27.4665,40.8757],[27.4662,40.876],[27.4662,40.876],[27.4665,40.8757],[27.4666,40.8755],[27.4666,40.8755],[27.4665,40.8757]]],[[[27.3429,40.7401],[27.3423,40.7401],[27.3423,40.7401],[27.3429,40.7401],[27.3432,40.7401],[27.3432,40.7401],[27.3429,40.7401]]],[[[27.6547,40.6621],[27.6547,40.6625],[27.6547,40.6625],[27.6547,40.6621],[27.6547,40.662],[27.6547,40.662],[27.6547,40.6621]]],[[[27.5582,40.6464],[27.5579,40.6464],[27.5579,40.6464],[27.5582,40.6464],[27.5583,40.6464],[27.5583,40.6464],[27.5582,40.6464]]],[[[27.5262,40.6374],[27.5264,40.6381],[27.5263,40.6383],[27.5256,40.6381],[27.5252,40.6377],[27.525,40.6373],[27.5252,40.637],[27.5258,40.637],[27.526,40.637],[27.526,40.637],[27.5262,40.6374]]],[[[27.537,40.593],[27.537,40.5926],[27.537,40.5926],[27.537,40.593],[27.537,40.5932],[27.537,40.5932],[27.537,40.593]]],[[[27.6667,40.5909],[27.6663,40.5906],[27.6663,40.5906],[27.6667,40.5909],[27.6669,40.5911],[27.6669,40.5911],[27.6667,40.5909]]],[[[27.6687,40.5891],[27.6682,40.5891],[27.6682,40.5891],[27.6687,40.5891],[27.6689,40.5891],[27.6689,40.5891],[27.6687,40.5891]]],[[[27.5861,40.5764],[27.586,40.5761],[27.586,40.5761],[27.5861,40.5764],[27.5862,40.5766],[27.5862,40.5766],[27.5861,40.5764]]],[[[27.5976,40.5766],[27.5969,40.5766],[27.5967,40.5764],[27.5972,40.5759],[27.5975,40.5759],[27.5978,40.5764],[27.5979,40.5766],[27.5979,40.5766],[27.5976,40.5766]]],[[[27.597,40.5757],[27.5966,40.5762],[27.5963,40.5762],[27.596,40.5757],[27.596,40.5753],[27.5963,40.5748],[27.5966,40.5748],[27.597,40.5753],[27.5972,40.5755],[27.5972,40.5755],[27.597,40.5757]]],[[[27.5791,40.5743],[27.5788,40.5738],[27.5788,40.5738],[27.5791,40.5743],[27.5792,40.5745],[27.5792,40.5745],[27.5791,40.5743]]],[[[27.6,40.5226],[27.5997,40.5231],[27.5994,40.5231],[27.5991,40.5226],[27.5991,40.5222],[27.5994,40.5219],[27.5997,40.5219],[27.6,40.5222],[27.6002,40.5224],[27.6002,40.5224],[27.6,40.5226]]],[[[27.58,40.5217],[27.5797,40.5221],[27.5794,40.5221],[27.5792,40.5217],[27.5794,40.5214],[27.5799,40.5214],[27.5802,40.5214],[27.5802,40.5214],[27.58,40.5217]]],[[[27.5975,40.5206],[27.5976,40.5211],[27.5976,40.5211],[27.5975,40.5206],[27.5974,40.5203],[27.5974,40.5203],[27.5975,40.5206]]],[[[27.6124,40.5195],[27.6121,40.5198],[27.6119,40.5198],[27.6116,40.5195],[27.6118,40.5193],[27.6123,40.5193],[27.6125,40.5193],[27.6125,40.5193],[27.6124,40.5195]]],[[[27.7448,40.5197],[27.7445,40.5204],[27.7441,40.5207],[27.7437,40.5204],[27.7437,40.5199],[27.7441,40.519],[27.7445,40.5188],[27.7448,40.5191],[27.745,40.5193],[27.745,40.5193],[27.7448,40.5197]]],[[[27.6939,40.4703],[27.6933,40.4703],[27.6931,40.4701],[27.6932,40.4698],[27.6935,40.4698],[27.694,40.4701],[27.6942,40.4703],[27.6942,40.4703],[27.6939,40.4703]]],[[[27.5831,40.4602],[27.5832,40.4607],[27.5828,40.4609],[27.5819,40.4609],[27.5815,40.4605],[27.5817,40.4597],[27.5821,40.4594],[27.5828,40.4598],[27.5831,40.4599],[27.5831,40.4599],[27.5831,40.4602]]],[[[27.0441,40.4099],[27.0433,40.4099],[27.0433,40.4097],[27.044,40.4093],[27.0444,40.4093],[27.0445,40.4097],[27.0445,40.4099],[27.0445,40.4099],[27.0441,40.4099]]],[[[27.8499,40.3724],[27.8492,40.3724],[27.8492,40.3724],[27.8499,40.3724],[27.8503,40.3724],[27.8503,40.3724],[27.8499,40.3724]]],[[[27.9577,40.3684],[27.9612,40.3687],[27.9687,40.3705],[27.9802,40.3738],[27.9894,40.376],[27.9965,40.377],[28,40.3899],[28,40.4144],[27.9981,40.4256],[27.9942,40.4237],[27.9906,40.4222],[27.9875,40.4212],[27.9839,40.4193],[27.9798,40.4165],[27.9764,40.4145],[27.9737,40.4134],[27.9703,40.4127],[27.9662,40.4127],[27.9638,40.4135],[27.9633,40.4151],[27.9624,40.4147],[27.9611,40.4122],[27.9582,40.4091],[27.9538,40.4054],[27.947,40.4017],[27.9378,40.3982],[27.9314,40.3951],[27.9277,40.3924],[27.9259,40.3901],[27.9258,40.388],[27.9265,40.3865],[27.9278,40.3854],[27.9295,40.3832],[27.9317,40.3799],[27.9336,40.3775],[27.9351,40.3762],[27.9366,40.3754],[27.9383,40.3751],[27.9407,40.374],[27.9438,40.3722],[27.9471,40.3705],[27.9508,40.3691],[27.9534,40.3684],[27.9551,40.3683],[27.9559,40.3682],[27.9559,40.3682],[27.9577,40.3684]]],[[[27.7934,40.3372],[27.7933,40.3375],[27.793,40.3375],[27.7927,40.3372],[27.7927,40.337],[27.7932,40.337],[27.7934,40.337],[27.7934,40.337],[27.7934,40.3372]]],[[[27.7768,40.3247],[27.7766,40.3251],[27.7764,40.3251],[27.776,40.3247],[27.7761,40.3245],[27.7766,40.3245],[27.7768,40.3245],[27.7768,40.3245],[27.7768,40.3247]]],[[[27.7632,40.3212],[27.77,40.323],[27.7737,40.3238],[27.7742,40.3235],[27.7766,40.3254],[27.7807,40.3295],[27.7857,40.3333],[27.7914,40.3368],[27.8003,40.3432],[27.8122,40.3525],[27.8247,40.3603],[27.8378,40.3668],[27.8448,40.3706],[27.8458,40.3718],[27.8462,40.3729],[27.8459,40.374],[27.8454,40.3744],[27.8447,40.3741],[27.8401,40.3757],[27.8317,40.379],[27.8262,40.3808],[27.8237,40.3808],[27.8211,40.3804],[27.8185,40.3796],[27.8164,40.3783],[27.8149,40.3766],[27.8128,40.3748],[27.8102,40.3731],[27.8068,40.3712],[27.8026,40.3691],[27.8,40.368],[27.7989,40.3679],[27.7976,40.3668],[27.7961,40.3647],[27.7943,40.3631],[27.7922,40.3621],[27.7893,40.3614],[27.7857,40.3609],[27.7825,40.361],[27.7798,40.3617],[27.7773,40.3628],[27.7751,40.3643],[27.773,40.3672],[27.7711,40.3713],[27.7702,40.3751],[27.7703,40.3785],[27.7716,40.3822],[27.7741,40.3861],[27.7753,40.3891],[27.7752,40.3912],[27.7747,40.393],[27.7738,40.3945],[27.7734,40.3958],[27.7738,40.3969],[27.7735,40.3973],[27.7728,40.3973],[27.7719,40.3977],[27.7708,40.3988],[27.7685,40.4003],[27.7648,40.4025],[27.7602,40.4059],[27.7545,40.4107],[27.7498,40.4139],[27.7461,40.4154],[27.7432,40.417],[27.741,40.4185],[27.7385,40.4211],[27.7359,40.4248],[27.7342,40.4287],[27.7336,40.4328],[27.7329,40.4354],[27.7321,40.4365],[27.732,40.4374],[27.7325,40.4382],[27.7323,40.4389],[27.7312,40.4395],[27.7305,40.4397],[27.73,40.4394],[27.7297,40.4399],[27.7297,40.441],[27.7266,40.4419],[27.7203,40.4428],[27.7154,40.4437],[27.7117,40.4447],[27.7083,40.4465],[27.705,40.4492],[27.7022,40.4518],[27.6999,40.4544],[27.6974,40.4567],[27.6946,40.4587],[27.693,40.4606],[27.6925,40.4624],[27.6919,40.4633],[27.6914,40.4634],[27.6903,40.4624],[27.6888,40.4606],[27.6872,40.4595],[27.6857,40.4592],[27.6844,40.4595],[27.6833,40.4606],[27.6824,40.4611],[27.6815,40.4609],[27.6811,40.4601],[27.6812,40.4586],[27.6809,40.4576],[27.6802,40.4571],[27.6796,40.4532],[27.6792,40.4459],[27.678,40.4409],[27.6759,40.4383],[27.6735,40.4364],[27.6707,40.435],[27.6675,40.4341],[27.6638,40.4337],[27.6594,40.4339],[27.6542,40.4348],[27.6498,40.4366],[27.6461,40.4391],[27.6394,40.442],[27.6295,40.4454],[27.6214,40.4468],[27.6151,40.4464],[27.6097,40.4469],[27.605,40.4482],[27.6018,40.4486],[27.6003,40.4479],[27.5974,40.4478],[27.5932,40.4483],[27.589,40.4496],[27.5849,40.4517],[27.5823,40.4539],[27.5812,40.4561],[27.5797,40.4558],[27.5776,40.453],[27.5756,40.4517],[27.5735,40.4518],[27.5708,40.4512],[27.5677,40.4499],[27.5645,40.4491],[27.5615,40.4488],[27.5586,40.4494],[27.5559,40.4509],[27.5541,40.4522],[27.5531,40.4535],[27.552,40.4553],[27.5509,40.4577],[27.55,40.4607],[27.5495,40.4643],[27.5499,40.4674],[27.5513,40.4701],[27.5537,40.473],[27.5572,40.4763],[27.5597,40.4782],[27.5612,40.4787],[27.5638,40.4789],[27.5675,40.479],[27.5701,40.4797],[27.5716,40.4811],[27.5724,40.4827],[27.5724,40.4844],[27.5719,40.4855],[27.5708,40.4859],[27.5695,40.4873],[27.568,40.4896],[27.5663,40.4914],[27.5646,40.4926],[27.5634,40.4948],[27.5629,40.4979],[27.5634,40.5011],[27.565,40.5041],[27.566,40.507],[27.5663,40.5096],[27.5674,40.513],[27.5695,40.5172],[27.5707,40.5209],[27.571,40.524],[27.5716,40.5266],[27.5727,40.5287],[27.5748,40.531],[27.5781,40.5335],[27.581,40.5351],[27.5836,40.5356],[27.5862,40.5357],[27.5888,40.5354],[27.5912,40.5349],[27.5933,40.534],[27.5955,40.5323],[27.598,40.5298],[27.5993,40.5273],[27.5994,40.5247],[27.6011,40.5224],[27.6041,40.5204],[27.6068,40.5193],[27.6089,40.5191],[27.6104,40.5193],[27.6115,40.5201],[27.6123,40.5202],[27.6128,40.5197],[27.6154,40.5197],[27.6201,40.52],[27.624,40.5193],[27.627,40.5176],[27.6289,40.5164],[27.6294,40.5155],[27.6301,40.5151],[27.6309,40.5151],[27.6314,40.5146],[27.6317,40.5137],[27.6323,40.5129],[27.6334,40.5123],[27.6337,40.5117],[27.6334,40.5112],[27.6334,40.5107],[27.6337,40.5102],[27.6368,40.5094],[27.6425,40.5082],[27.6469,40.5078],[27.65,40.5083],[27.6526,40.5081],[27.6547,40.5073],[27.657,40.503],[27.6596,40.4951],[27.6611,40.4898],[27.6614,40.4872],[27.6612,40.4854],[27.6603,40.4844],[27.6598,40.4831],[27.6598,40.4815],[27.6611,40.4803],[27.6638,40.4795],[27.6654,40.4793],[27.6659,40.4796],[27.6664,40.4793],[27.6669,40.4785],[27.668,40.4779],[27.6695,40.4774],[27.6711,40.4776],[27.6727,40.4783],[27.6737,40.4828],[27.6741,40.4911],[27.6753,40.4987],[27.6773,40.5055],[27.6813,40.5108],[27.6872,40.5145],[27.6921,40.5184],[27.6962,40.5225],[27.6986,40.5253],[27.6993,40.5268],[27.7004,40.5283],[27.7019,40.5297],[27.7034,40.5309],[27.7049,40.532],[27.7065,40.5326],[27.7081,40.533],[27.7118,40.5325],[27.7175,40.5314],[27.7242,40.5314],[27.732,40.5325],[27.7377,40.533],[27.7414,40.5327],[27.7458,40.5332],[27.751,40.5343],[27.7552,40.5346],[27.7583,40.5341],[27.7607,40.5334],[27.7622,40.5326],[27.7646,40.532],[27.7677,40.5317],[27.7698,40.5318],[27.7709,40.5323],[27.7732,40.5325],[27.7768,40.5324],[27.7797,40.532],[27.7818,40.5311],[27.7839,40.5291],[27.786,40.5259],[27.788,40.5249],[27.7901,40.5262],[27.7922,40.527],[27.7943,40.5273],[27.7969,40.5272],[27.8,40.5269],[27.8019,40.5263],[27.8024,40.5255],[27.8066,40.5255],[27.8145,40.5262],[27.8199,40.5262],[27.823,40.5253],[27.8267,40.5248],[27.831,40.5246],[27.8341,40.5241],[27.836,40.5232],[27.8396,40.5231],[27.8448,40.5238],[27.8537,40.5242],[27.8662,40.5241],[27.8753,40.5235],[27.881,40.5223],[27.8862,40.5216],[27.8909,40.5213],[27.8948,40.5204],[27.8979,40.5189],[27.9039,40.518],[27.9128,40.5176],[27.9196,40.5171],[27.9243,40.5162],[27.931,40.5146],[27.9399,40.5121],[27.9453,40.5103],[27.9474,40.5092],[27.9505,40.5088],[27.9547,40.5093],[27.9578,40.5094],[27.9599,40.5091],[27.9625,40.5081],[27.9656,40.5064],[27.969,40.505],[27.9727,40.504],[27.9807,40.5025],[27.9933,40.5005],[27.9995,40.6234],[27.9995,40.8711],[27.999,40.9939],[27.9979,40.9917],[27.9955,40.9879],[27.9917,40.9824],[27.9898,40.9792],[27.9897,40.9781],[27.9864,40.9758],[27.9799,40.9723],[27.9753,40.9689],[27.9727,40.9657],[27.9703,40.9633],[27.9683,40.9616],[27.9654,40.9602],[27.9617,40.9593],[27.9568,40.9589],[27.9505,40.959],[27.9451,40.9582],[27.9404,40.9567],[27.9372,40.956],[27.9357,40.9561],[27.9347,40.9565],[27.9342,40.9572],[27.9334,40.9572],[27.9323,40.9565],[27.9315,40.9564],[27.931,40.9568],[27.9302,40.9567],[27.9291,40.9559],[27.9273,40.9558],[27.9247,40.9563],[27.9231,40.9568],[27.9224,40.9575],[27.9224,40.9583],[27.9229,40.9594],[27.9225,40.9604],[27.921,40.9613],[27.9185,40.9614],[27.9148,40.9606],[27.9117,40.9603],[27.9091,40.9606],[27.9047,40.9598],[27.8984,40.9581],[27.8932,40.9572],[27.8891,40.9571],[27.8862,40.9573],[27.8847,40.9578],[27.8834,40.9587],[27.8825,40.9602],[27.8823,40.9617],[27.8828,40.9633],[27.8827,40.9641],[27.8819,40.9641],[27.8815,40.9636],[27.8815,40.9625],[27.8805,40.961],[27.8786,40.9589],[27.8763,40.9578],[27.8737,40.9577],[27.8688,40.9587],[27.8615,40.9609],[27.8579,40.9628],[27.8578,40.9643],[27.8549,40.9677],[27.8492,40.9728],[27.8456,40.9759],[27.844,40.9768],[27.8414,40.9777],[27.8377,40.9787],[27.8258,40.9811],[27.8055,40.9849],[27.7922,40.9876],[27.7859,40.9892],[27.78,40.9902],[27.7743,40.9906],[27.7696,40.9906],[27.7659,40.9901],[27.7628,40.9901],[27.7602,40.9904],[27.7586,40.9904],[27.7581,40.9901],[27.7544,40.9905],[27.7477,40.9916],[27.7409,40.9917],[27.7341,40.9908],[27.7268,40.9889],[27.719,40.9861],[27.7122,40.984],[27.7065,40.9826],[27.6945,40.9814],[27.6763,40.9803],[27.662,40.9798],[27.6516,40.9801],[27.6334,40.9778],[27.6073,40.9731],[27.5901,40.9706],[27.5818,40.9705],[27.5721,40.9691],[27.5612,40.9664],[27.5531,40.9648],[27.5479,40.9643],[27.5425,40.964],[27.5368,40.964],[27.5308,40.9628],[27.5245,40.9605],[27.5206,40.9582],[27.519,40.9561],[27.5156,40.9537],[27.5104,40.9512],[27.5066,40.9488],[27.5041,40.9465],[27.4994,40.9391],[27.4925,40.9266],[27.4873,40.9185],[27.4837,40.9148],[27.482,40.9114],[27.4822,40.9084],[27.4818,40.9052],[27.4807,40.9021],[27.479,40.8987],[27.4768,40.895],[27.4742,40.8917],[27.4713,40.8886],[27.4697,40.886],[27.4695,40.8839],[27.4686,40.8815],[27.4672,40.8789],[27.4666,40.8771],[27.4671,40.876],[27.4669,40.8742],[27.4662,40.8716],[27.4664,40.8698],[27.4675,40.8687],[27.468,40.8674],[27.4678,40.8659],[27.4655,40.8602],[27.4611,40.8503],[27.4553,40.8422],[27.448,40.8359],[27.4438,40.8328],[27.4427,40.8328],[27.4409,40.8315],[27.4383,40.8289],[27.4362,40.8273],[27.4347,40.8269],[27.4323,40.8256],[27.4292,40.8235],[27.4274,40.8226],[27.4269,40.823],[27.4256,40.822],[27.4235,40.8195],[27.4216,40.8179],[27.4201,40.8175],[27.4188,40.8167],[27.4177,40.8156],[27.4164,40.8151],[27.4149,40.815],[27.4128,40.8139],[27.4102,40.8119],[27.4068,40.81],[27.4026,40.8083],[27.3992,40.8065],[27.3966,40.8046],[27.3945,40.8026],[27.393,40.8005],[27.3906,40.7988],[27.3875,40.7975],[27.3833,40.7941],[27.3781,40.7886],[27.3738,40.7846],[27.3703,40.782],[27.3679,40.7797],[27.3667,40.7776],[27.3656,40.7765],[27.3646,40.7764],[27.3625,40.7746],[27.3594,40.7711],[27.3555,40.7677],[27.3508,40.7646],[27.3475,40.7617],[27.3458,40.7591],[27.3446,40.7568],[27.3439,40.7547],[27.3434,40.7505],[27.3429,40.7442],[27.3428,40.7409],[27.3431,40.7404],[27.3424,40.7386],[27.3409,40.7355],[27.3399,40.7329],[27.3395,40.7308],[27.3364,40.7261],[27.3307,40.7188],[27.328,40.7149],[27.3282,40.7144],[27.3282,40.7133],[27.3277,40.7117],[27.3269,40.7096],[27.3256,40.707],[27.3214,40.7023],[27.3145,40.6956],[27.3092,40.6909],[27.3055,40.6882],[27.3008,40.6856],[27.2951,40.683],[27.2896,40.6802],[27.2844,40.6771],[27.279,40.6735],[27.2734,40.6693],[27.2677,40.6662],[27.2618,40.6641],[27.2558,40.6605],[27.2497,40.6552],[27.2452,40.6521],[27.2425,40.651],[27.2388,40.6502],[27.2341,40.6496],[27.2279,40.6477],[27.22,40.6444],[27.2138,40.6413],[27.2091,40.6384],[27.2037,40.6356],[27.1974,40.6328],[27.1917,40.6289],[27.1865,40.6239],[27.1813,40.6209],[27.176,40.6198],[27.1713,40.6181],[27.1672,40.6158],[27.1609,40.6128],[27.1526,40.6092],[27.1463,40.6073],[27.1422,40.607],[27.1391,40.6063],[27.137,40.6052],[27.1346,40.6044],[27.132,40.6039],[27.1292,40.6038],[27.1261,40.6039],[27.1229,40.6028],[27.1197,40.6006],[27.1129,40.5989],[27.1026,40.5979],[27.094,40.5965],[27.0873,40.595],[27.0813,40.594],[27.076,40.5937],[27.0664,40.5905],[27.0523,40.5846],[27.043,40.5803],[27.0383,40.5776],[27.0339,40.5739],[27.03,40.5695],[27.0245,40.5651],[27.0174,40.561],[27.0126,40.5573],[27.0101,40.5541],[27.0067,40.5507],[27.0022,40.5471],[27.0001,40.5081],[27.0004,40.4338],[27.0052,40.3976],[27.0146,40.3995],[27.0209,40.4014],[27.024,40.4031],[27.0258,40.4039],[27.0263,40.4035],[27.0276,40.4058],[27.0295,40.4106],[27.0314,40.4141],[27.0331,40.4163],[27.0349,40.4181],[27.037,40.4194],[27.0404,40.4205],[27.0451,40.4214],[27.0484,40.4222],[27.0503,40.423],[27.0517,40.4252],[27.0528,40.4289],[27.0542,40.4315],[27.056,40.4331],[27.0584,40.4346],[27.0615,40.4361],[27.0643,40.437],[27.0669,40.4373],[27.0703,40.4386],[27.0745,40.4409],[27.0774,40.4422],[27.0789,40.4425],[27.0805,40.4434],[27.0822,40.4447],[27.0837,40.4466],[27.0852,40.4493],[27.0875,40.4517],[27.0906,40.4538],[27.0943,40.4552],[27.0984,40.4558],[27.1013,40.4559],[27.1028,40.4556],[27.1038,40.4549],[27.1043,40.4541],[27.1053,40.4534],[27.107,40.4531],[27.1086,40.4532],[27.1101,40.454],[27.1113,40.4549],[27.1121,40.4562],[27.1142,40.4574],[27.1176,40.4586],[27.1206,40.4594],[27.1232,40.4599],[27.1255,40.46],[27.1276,40.4596],[27.131,40.4603],[27.1357,40.4618],[27.1396,40.4627],[27.1427,40.4629],[27.1482,40.462],[27.156,40.4599],[27.163,40.4572],[27.1693,40.4539],[27.1763,40.4508],[27.184,40.4478],[27.188,40.4461],[27.1881,40.4456],[27.1888,40.4451],[27.1901,40.4446],[27.1916,40.4443],[27.1934,40.4443],[27.198,40.4461],[27.2053,40.4497],[27.2144,40.4532],[27.2253,40.4566],[27.2328,40.4593],[27.237,40.4612],[27.2405,40.4624],[27.2432,40.4628],[27.2487,40.4646],[27.2568,40.4677],[27.2614,40.4696],[27.2625,40.4701],[27.2641,40.4718],[27.2662,40.4746],[27.2688,40.4769],[27.2719,40.4787],[27.275,40.4801],[27.2781,40.481],[27.2815,40.4816],[27.2852,40.4818],[27.2883,40.4814],[27.2909,40.4803],[27.294,40.4772],[27.2975,40.4719],[27.3008,40.4678],[27.3041,40.4648],[27.3094,40.4612],[27.3167,40.4569],[27.3203,40.4544],[27.3203,40.4537],[27.3211,40.4529],[27.3226,40.452],[27.3242,40.4506],[27.3258,40.4487],[27.3271,40.4466],[27.3281,40.4443],[27.3292,40.4427],[27.3303,40.4416],[27.3311,40.4403],[27.3316,40.4387],[27.3349,40.4356],[27.3411,40.4309],[27.3458,40.4229],[27.349,40.4114],[27.3505,40.4042],[27.3502,40.4011],[27.3497,40.3982],[27.3489,40.3956],[27.3495,40.393],[27.3516,40.3904],[27.3537,40.3886],[27.3558,40.3877],[27.3576,40.3863],[27.3591,40.3846],[27.362,40.3825],[27.3661,40.3803],[27.3693,40.3791],[27.3714,40.3792],[27.3742,40.3798],[27.3779,40.3809],[27.381,40.381],[27.3836,40.3801],[27.3862,40.3784],[27.3888,40.3759],[27.3909,40.3746],[27.3924,40.3747],[27.3945,40.3753],[27.3971,40.3766],[27.3996,40.3771],[27.4021,40.3768],[27.4101,40.3696],[27.4236,40.3555],[27.4343,40.3467],[27.4424,40.3432],[27.4498,40.3406],[27.4565,40.3389],[27.4612,40.338],[27.4638,40.3381],[27.4686,40.3368],[27.4756,40.3341],[27.4829,40.3318],[27.4905,40.3297],[27.4966,40.3284],[27.5013,40.328],[27.5044,40.3275],[27.506,40.327],[27.5107,40.3268],[27.5185,40.327],[27.5253,40.3267],[27.531,40.326],[27.5415,40.3265],[27.5566,40.3282],[27.5662,40.3308],[27.5703,40.3341],[27.575,40.3361],[27.5802,40.3368],[27.5839,40.3378],[27.5859,40.3393],[27.5875,40.3407],[27.5886,40.342],[27.5904,40.3431],[27.593,40.344],[27.5951,40.3446],[27.5966,40.3448],[27.6005,40.3443],[27.6068,40.343],[27.6149,40.3425],[27.6248,40.3428],[27.6331,40.3423],[27.6398,40.3413],[27.6471,40.3392],[27.655,40.3361],[27.6615,40.3329],[27.6667,40.3296],[27.6732,40.3268],[27.681,40.3246],[27.688,40.3243],[27.6943,40.3259],[27.7009,40.3269],[27.7079,40.3274],[27.7136,40.3273],[27.7181,40.3268],[27.7224,40.3255],[27.7265,40.3234],[27.7297,40.322],[27.7318,40.3215],[27.7378,40.3208],[27.7477,40.32],[27.7544,40.3198],[27.758,40.3201],[27.7598,40.3203],[27.7598,40.3203],[27.7632,40.3212]],[[27.493,40.6304],[27.4925,40.6308],[27.4909,40.6307],[27.4883,40.6302],[27.486,40.6302],[27.4839,40.6307],[27.4818,40.6316],[27.4797,40.6331],[27.4779,40.6349],[27.4764,40.637],[27.4755,40.6388],[27.4753,40.6403],[27.4755,40.6422],[27.4761,40.6443],[27.4778,40.6465],[27.4805,40.6489],[27.4844,40.6508],[27.4896,40.6522],[27.4927,40.6529],[27.4938,40.6528],[27.4941,40.6522],[27.4936,40.6511],[27.4937,40.6497],[27.4945,40.6482],[27.495,40.6464],[27.4953,40.6443],[27.4951,40.6417],[27.4946,40.6386],[27.4945,40.6367],[27.4948,40.6362],[27.4948,40.6357],[27.4943,40.6352],[27.4945,40.6347],[27.4953,40.6342],[27.4951,40.633],[27.4938,40.6312],[27.4932,40.6303],[27.4932,40.6303],[27.493,40.6304]],[[27.6131,40.5669],[27.611,40.5665],[27.6083,40.5665],[27.6052,40.567],[27.6018,40.568],[27.5982,40.5695],[27.5964,40.5708],[27.5963,40.5719],[27.5958,40.5728],[27.5948,40.5734],[27.5938,40.5734],[27.5927,40.5725],[27.5914,40.5719],[27.5899,40.5714],[27.5888,40.5713],[27.5883,40.5717],[27.5878,40.5714],[27.5875,40.5707],[27.5867,40.5703],[27.5855,40.5702],[27.5847,40.5699],[27.5842,40.5692],[27.5836,40.5689],[27.5831,40.5692],[27.5818,40.5689],[27.5797,40.5682],[27.5784,40.5681],[27.5779,40.5686],[27.5774,40.5685],[27.5769,40.5678],[27.5758,40.5675],[27.5742,40.5674],[27.5713,40.5681],[27.5672,40.5698],[27.5634,40.5718],[27.5599,40.5743],[27.556,40.5761],[27.5517,40.5773],[27.5479,40.5793],[27.5448,40.5821],[27.5422,40.5842],[27.5401,40.5855],[27.5378,40.5867],[27.5352,40.588],[27.5336,40.5884],[27.5331,40.588],[27.5323,40.5879],[27.5312,40.5882],[27.5292,40.5892],[27.5261,40.5911],[27.524,40.5928],[27.523,40.5945],[27.5215,40.5987],[27.5194,40.6055],[27.5187,40.6099],[27.5193,40.612],[27.5206,40.6137],[27.5225,40.6152],[27.5235,40.6165],[27.5237,40.6176],[27.5226,40.6198],[27.5201,40.6229],[27.5186,40.6255],[27.5183,40.6276],[27.5185,40.6291],[27.5192,40.6302],[27.5199,40.6325],[27.5206,40.6362],[27.5214,40.6385],[27.5221,40.6396],[27.5222,40.6404],[27.5216,40.6409],[27.5215,40.6424],[27.522,40.6451],[27.5236,40.6481],[27.5263,40.6514],[27.5292,40.6537],[27.5323,40.6551],[27.5344,40.6557],[27.5354,40.6554],[27.5371,40.6565],[27.5396,40.6588],[27.5414,40.6602],[27.5426,40.6606],[27.5453,40.6612],[27.5495,40.662],[27.5529,40.662],[27.5554,40.6612],[27.5571,40.6601],[27.5578,40.6586],[27.5592,40.6571],[27.5611,40.6556],[27.5628,40.6546],[27.5643,40.6541],[27.5659,40.655],[27.5674,40.6575],[27.5693,40.659],[27.5714,40.6595],[27.5755,40.6599],[27.5818,40.6599],[27.5873,40.6603],[27.592,40.6611],[27.5969,40.6623],[27.6021,40.664],[27.606,40.6647],[27.6086,40.6644],[27.6123,40.6646],[27.617,40.6654],[27.6232,40.6672],[27.631,40.6703],[27.636,40.6715],[27.6381,40.6709],[27.6404,40.6697],[27.643,40.6679],[27.645,40.6668],[27.6465,40.6663],[27.6475,40.6657],[27.6481,40.6648],[27.6487,40.6646],[27.6492,40.6651],[27.6495,40.665],[27.6495,40.6641],[27.65,40.6638],[27.6511,40.6642],[27.6521,40.6641],[27.6531,40.6638],[27.6554,40.6645],[27.6591,40.6662],[27.6614,40.6664],[27.6625,40.6651],[27.6635,40.6644],[27.6646,40.6641],[27.6659,40.6642],[27.6674,40.6646],[27.6687,40.6653],[27.6698,40.6664],[27.6711,40.6672],[27.6726,40.6678],[27.6747,40.6682],[27.6773,40.6684],[27.6801,40.6682],[27.683,40.6675],[27.6849,40.6669],[27.6858,40.6664],[27.6864,40.6651],[27.6867,40.663],[27.6875,40.6616],[27.6886,40.6609],[27.6946,40.6595],[27.7055,40.6575],[27.7122,40.656],[27.7148,40.6551],[27.7166,40.654],[27.7177,40.6527],[27.7211,40.6511],[27.7268,40.6491],[27.7318,40.6482],[27.7359,40.6485],[27.7393,40.6484],[27.7419,40.6479],[27.7443,40.6458],[27.7464,40.642],[27.7476,40.6393],[27.7479,40.6378],[27.7484,40.637],[27.7491,40.6369],[27.7498,40.6364],[27.7503,40.6357],[27.7513,40.6364],[27.7528,40.6386],[27.7544,40.64],[27.756,40.6407],[27.7578,40.6412],[27.7599,40.6415],[27.762,40.6413],[27.7643,40.6405],[27.766,40.6385],[27.7671,40.6355],[27.7676,40.6329],[27.7677,40.6308],[27.7673,40.6289],[27.7666,40.6274],[27.7654,40.6259],[27.7638,40.6245],[27.7617,40.6236],[27.7591,40.6231],[27.7563,40.6235],[27.7532,40.625],[27.7515,40.6262],[27.7512,40.6271],[27.7514,40.6287],[27.7519,40.6308],[27.752,40.6323],[27.7517,40.6332],[27.7511,40.634],[27.75,40.6347],[27.7493,40.633],[27.7488,40.6287],[27.7478,40.6249],[27.7461,40.6214],[27.744,40.6194],[27.7414,40.6188],[27.7378,40.617],[27.7331,40.6141],[27.7271,40.611],[27.7198,40.6078],[27.7148,40.6059],[27.7122,40.6052],[27.7104,40.605],[27.7094,40.6052],[27.7084,40.6049],[27.7073,40.6042],[27.7065,40.6039],[27.706,40.6041],[27.7052,40.6038],[27.7041,40.6029],[27.7008,40.6015],[27.6951,40.5994],[27.6888,40.5968],[27.6819,40.5938],[27.677,40.5918],[27.6739,40.5911],[27.6719,40.5901],[27.6708,40.589],[27.6701,40.5885],[27.6696,40.5888],[27.6693,40.5883],[27.6693,40.5871],[27.669,40.5866],[27.6683,40.5869],[27.6675,40.5862],[27.6666,40.5846],[27.6659,40.5842],[27.6654,40.5849],[27.6646,40.5846],[27.6635,40.5832],[27.6591,40.5814],[27.6513,40.5792],[27.644,40.5764],[27.6373,40.5729],[27.6318,40.571],[27.6276,40.5707],[27.6253,40.5709],[27.6248,40.5713],[27.624,40.5709],[27.6229,40.5694],[27.6203,40.5683],[27.6162,40.5675],[27.6141,40.5671],[27.6141,40.5671],[27.6131,40.5669]],[[27.4941,40.4585],[27.4894,40.4586],[27.4853,40.4597],[27.4818,40.4619],[27.4793,40.4664],[27.4778,40.4732],[27.4764,40.4774],[27.4751,40.4789],[27.4736,40.4821],[27.4719,40.4868],[27.4711,40.4916],[27.4713,40.4965],[27.4727,40.5004],[27.4754,40.5033],[27.4762,40.5055],[27.4752,40.507],[27.4736,40.5081],[27.4713,40.5086],[27.4701,40.5111],[27.4703,40.5156],[27.4724,40.5191],[27.4765,40.5216],[27.4794,40.523],[27.4811,40.5233],[27.4817,40.5247],[27.4812,40.5273],[27.478,40.529],[27.4722,40.5299],[27.4679,40.5299],[27.4652,40.529],[27.4629,40.5302],[27.4612,40.5333],[27.46,40.5365],[27.4593,40.5396],[27.4595,40.5431],[27.4604,40.5471],[27.462,40.5501],[27.464,40.5521],[27.4688,40.5542],[27.4761,40.5564],[27.4844,40.5582],[27.4937,40.5595],[27.5005,40.5598],[27.5047,40.5593],[27.5075,40.5587],[27.5089,40.5581],[27.5115,40.556],[27.5153,40.5524],[27.5171,40.5501],[27.5168,40.549],[27.5201,40.5458],[27.5269,40.5406],[27.5328,40.5373],[27.5377,40.5357],[27.5414,40.5341],[27.544,40.5325],[27.5484,40.5312],[27.5547,40.5304],[27.5581,40.5298],[27.5586,40.5293],[27.5589,40.5281],[27.5588,40.5264],[27.5592,40.5247],[27.5601,40.5232],[27.5607,40.5214],[27.5612,40.5193],[27.5613,40.5177],[27.561,40.5166],[27.5599,40.5153],[27.5582,40.5138],[27.5567,40.5118],[27.5554,40.5093],[27.5534,40.5069],[27.5508,40.5046],[27.5489,40.5032],[27.5476,40.5028],[27.5475,40.4995],[27.5486,40.4932],[27.5484,40.4893],[27.5471,40.4878],[27.5465,40.4867],[27.5467,40.4862],[27.5464,40.4851],[27.5456,40.4836],[27.5447,40.4823],[27.5436,40.4812],[27.5421,40.4801],[27.5401,40.479],[27.5381,40.4774],[27.536,40.4754],[27.5344,40.4746],[27.5333,40.4749],[27.5326,40.4747],[27.5321,40.4738],[27.5295,40.4729],[27.5248,40.472],[27.5201,40.4706],[27.5154,40.4688],[27.5104,40.4662],[27.5052,40.4626],[27.5011,40.4603],[27.498,40.459],[27.4964,40.4584],[27.4964,40.4584],[27.4941,40.4585]]],[[[27.0317,40.0298],[27.031,40.0302],[27.0305,40.0302],[27.0302,40.0298],[27.0305,40.0297],[27.0315,40.0297],[27.032,40.0297],[27.032,40.0297],[27.0317,40.0298]]]]}},{"type":"Feature","properties":{"depth":20,"kind":"isobath"},"geometry":{"type":"MultiLineString","coordinates":[[[27.933,40.9589],[27.9331,40.9592],[27.9332,40.9596],[27.9332,40.9596],[27.9331,40.9592],[27.933,40.9589]],[[27.4666,40.8755],[27.4665,40.8757],[27.4662,40.876],[27.4662,40.876],[27.4665,40.8757],[27.4666,40.8755]],[[27.3432,40.7401],[27.3429,40.7401],[27.3423,40.7401],[27.3423,40.7401],[27.3429,40.7401],[27.3432,40.7401]],[[27.6547,40.662],[27.6547,40.6621],[27.6547,40.6625],[27.6547,40.6625],[27.6547,40.6621],[27.6547,40.662]],[[27.5583,40.6464],[27.5582,40.6464],[27.5579,40.6464],[27.5579,40.6464],[27.5582,40.6464],[27.5583,40.6464]],[[27.526,40.637],[27.5262,40.6374],[27.5264,40.6381],[27.5263,40.6383],[27.5256,40.6381],[27.5252,40.6377],[27.525,40.6373],[27.5252,40.637],[27.5258,40.637],[27.526,40.637]],[[27.537,40.5932],[27.537,40.593],[27.537,40.5926],[27.537,40.5926],[27.537,40.593],[27.537,40.5932]],[[27.6669,40.5911],[27.6667,40.5909],[27.6663,40.5906],[27.6663,40.5906],[27.6667,40.5909],[27.6669,40.5911]],[[27.6689,40.5891],[27.6687,40.5891],[27.6682,40.5891],[27.6682,40.5891],[27.6687,40.5891],[27.6689,40.5891]],[[27.5862,40.5766],[27.5861,40.5764],[27.586,40.5761],[27.586,40.5761],[27.5861,40.5764],[27.5862,40.5766]],[[27.5979,40.5766],[27.5976,40.5766],[27.5969,40.5766],[27.5967,40.5764],[27.5972,40.5759],[27.5975,40.5759],[27.5978,40.5764],[27.5979,40.5766]],[[27.5972,40.5755],[27.597,40.5757],[27.5966,40.5762],[27.5963,40.5762],[27.596,40.5757],[27.596,40.5753],[27.5963,40.5748],[27.5966,40.5748],[27.597,40.5753],[27.5972,40.5755]],[[27.5792,40.5745],[27.5791,40.5743],[27.5788,40.5738],[27.5788,40.5738],[27.5791,40.5743],[27.5792,40.5745]],[[27.6002,40.5224],[27.6,40.5226],[27.5997,40.5231],[27.5994,40.5231],[27.5991,40.5226],[27.5991,40.5222],[27.5994,40.5219],[27.5997,40.5219],[27.6,40.5222],[27.6002,40.5224]],[[27.5802,40.5214],[27.58,40.5217],[27.5797,40.5221],[27.5794,40.5221],[27.5792,40.5217],[27.5794,40.5214],[27.5799,40.5214],[27.5802,40.5214]],[[27.5974,40.5203],[27.5975,40.5206],[27.5976,40.5211],[27.5976,40.5211],[27.5975,40.5206],[27.5974,40.5203]],[[27.6125,40.5193],[27.6124,40.5195],[27.6121,40.5198],[27.6119,40.5198],[27.6116,40.5195],[27.6118,40.5193],[27.6123,40.5193],[27.6125,40.5193]],[[27.745,40.5193],[27.7448,40.5197],[27.7445,40.5204],[27.7441,40.5207],[27.7437,40.5204],[27.7437,40.5199],[27.7441,40.519],[27.7445,40.5188],[27.7448,40.5191],[27.745,40.5193]],[[27.6942,40.4703],[27.6939,40.4703],[27.6933,40.4703],[27.6931,40.4701],[27.6932,40.4698],[27.6935,40.4698],[27.694,40.4701],[27.6942,40.4703]],[[27.5831,40.4599],[27.5831,40.4602],[27.5832,40.4607],[27.5828,40.4609],[27.5819,40.4609],[27.5815,40.4605],[27.5817,40.4597],[27.5821,40.4594],[27.5828,40.4598],[27.5831,40.4599]],[[27.0445,40.4099],[27.0441,40.4099],[27.0433,40.4099],[27.0433,40.4097],[27.044,40.4093],[27.0444,40.4093],[27.0445,40.4097],[27.0445,40.4099]],[[27.8503,40.3724],[27.8499,40.3724],[27.8492,40.3724],[27.8492,40.3724],[27.8499,40.3724],[27.8503,40.3724]],[[27.9922,40.4227],[27.9906,40.4222],[27.9875,40.4212],[27.9839,40.4193],[27.9798,40.4165],[27.9764,40.4145],[27.9737,40.4134],[27.9703,40.4127],[27.9662,40.4127],[27.9638,40.4135],[27.9633,40.4151],[27.9624,40.4147],[27.9611,40.4122],[27.9582,40.4091],[27.9538,40.4054],[27.947,40.4017],[27.9378,40.3982],[27.9314,40.3951],[27.9277,40.3924],[27.9259,40.3901],[27.9258,40.388],[27.9265,40.3865],[27.9278,40.3854],[27.9295,40.3832],[27.9317,40.3799],[27.9336,40.3775],[27.9351,40.3762],[27.9366,40.3754],[27.9383,40.3751],[27.9407,40.374],[27.9438,40.3722],[27.9471,40.3705],[27.9508,40.3691],[27.9534,40.3684],[27.9551,40.3683],[27.9559,40.3682],[27.9559,40.3682],[27.9577,40.3684],[27.9612,40.3687],[27.9687,40.3705],[27.9802,40.3738],[27.9859,40.3754]],[[27.7934,40.337],[27.7934,40.3372],[27.7933,40.3375],[27.793,40.3375],[27.7927,40.3372],[27.7927,40.337],[27.7932,40.337],[27.7934,40.337]],[[27.7768,40.3245],[27.7768,40.3247],[27.7766,40.3251],[27.7764,40.3251],[27.776,40.3247],[27.7761,40.3245],[27.7766,40.3245],[27.7768,40.3245]],[[27.0005,40.3966],[27.0052,40.3976],[27.0146,40.3995],[27.0209,40.4014],[27.024,40.4031],[27.0258,40.4039],[27.0263,40.4035],[27.0276,40.4058],[27.0295,40.4106],[27.0314,40.4141],[27.0331,40.4163],[27.0349,40.4181],[27.037,40.4194],[27.0404,40.4205],[27.0451,40.4214],[27.0484,40.4222],[27.0503,40.423],[27.0517,40.4252],[27.0528,40.4289],[27.0542,40.4315],[27.056,40.4331],[27.0584,40.4346],[27.0615,40.4361],[27.0643,40.437],[27.0669,40.4373],[27.0703,40.4386],[27.0745,40.4409],[27.0774,40.4422],[27.0789,40.4425],[27.0805,40.4434],[27.0822,40.4447],[27.0837,40.4466],[27.0852,40.4493],[27.0875,40.4517],[27.0906,40.4538],[27.0943,40.4552],[27.0984,40.4558],[27.1013,40.4559],[27.1028,40.4556],[27.1038,40.4549],[27.1043,40.4541],[27.1053,40.4534],[27.107,40.4531],[27.1086,40.4532],[27.1101,40.454],[27.1113,40.4549],[27.1121,40.4562],[27.1142,40.4574],[27.1176,40.4586],[27.1206,40.4594],[27.1232,40.4599],[27.1255,40.46],[27.1276,40.4596],[27.131,40.4603],[27.1357,40.4618],[27.1396,40.4627],[27.1427,40.4629],[27.1482,40.462],[27.156,40.4599],[27.163,40.4572],[27.1693,40.4539],[27.1763,40.4508],[27.184,40.4478],[27.188,40.4461],[27.1881,40.4456],[27.1888,40.4451],[27.1901,40.4446],[27.1916,40.4443],[27.1934,40.4443],[27.198,40.4461],[27.2053,40.4497],[27.2144,40.4532],[27.2253,40.4566],[27.2328,40.4593],[27.237,40.4612],[27.2405,40.4624],[27.2432,40.4628],[27.2487,40.4646],[27.2568,40.4677],[27.2614,40.4696],[27.2625,40.4701],[27.2641,40.4718],[27.2662,40.4746],[27.2688,40.4769],[27.2719,40.4787],[27.275,40.4801],[27.2781,40.481],[27.2815,40.4816],[27.2852,40.4818],[27.2883,40.4814],[27.2909,40.4803],[27.294,40.4772],[27.2975,40.4719],[27.3008,40.4678],[27.3041,40.4648],[27.3094,40.4612],[27.3167,40.4569],[27.3203,40.4544],[27.3203,40.4537],[27.3211,40.4529],[27.3226,40.452],[27.3242,40.4506],[27.3258,40.4487],[27.3271,40.4466],[27.3281,40.4443],[27.3292,40.4427],[27.3303,40.4416],[27.3311,40.4403],[27.3316,40.4387],[27.3349,40.4356],[27.3411,40.4309],[27.3458,40.4229],[27.349,40.4114],[27.3505,40.4042],[27.3502,40.4011],[27.3497,40.3982],[27.3489,40.3956],[27.3495,40.393],[27.3516,40.3904],[27.3537,40.3886],[27.3558,40.3877],[27.3576,40.3863],[27.3591,40.3846],[27.362,40.3825],[27.3661,40.3803],[27.3693,40.3791],[27.3714,40.3792],[27.3742,40.3798],[27.3779,40.3809],[27.381,40.381],[27.3836,40.3801],[27.3862,40.3784],[27.3888,40.3759],[27.3909,40.3746],[27.3924,40.3747],[27.3945,40.3753],[27.3971,40.3766],[27.3996,40.3771],[27.4021,40.3768],[27.4101,40.3696],[27.4236,40.3555],[27.4343,40.3467],[27.4424,40.3432],[27.4498,40.3406],[27.4565,40.3389],[27.4612,40.338],[27.4638,40.3381],[27.4686,40.3368],[27.4756,40.3341],[27.4829,40.3318],[27.4905,40.3297],[27.4966,40.3284],[27.5013,40.328],[27.5044,40.3275],[27.506,40.327],[27.5107,40.3268],[27.5185,40.327],[27.5253,40.3267],[27.531,40.326],[27.5415,40.3265],[27.5566,40.3282],[27.5662,40.3308],[27.5703,40.3341],[27.575,40.3361],[27.5802,40.3368],[27.5839,40.3378],[27.5859,40.3393],[27.5875,40.3407],[27.5886,40.342],[27.5904,40.3431],[27.593,40.344],[27.5951,40.3446],[27.5966,40.3448],[27.6005,40.3443],[27.6068,40.343],[27.6149,40.3425],[27.6248,40.3428],[27.6331,40.3423],[27.6398,40.3413],[27.6471,40.3392],[27.655,40.3361],[27.6615,40.3329],[27.6667,40.3296],[27.6732,40.3268],[27.681,40.3246],[27.688,40.3243],[27.6943,40.3259],[27.7009,40.3269],[27.7079,40.3274],[27.7136,40.3273],[27.7181,40.3268],[27.7224,40.3255],[27.7265,40.3234],[27.7297,40.322],[27.7318,40.3215],[27.7378,40.3208],[27.7477,40.32],[27.7544,40.3198],[27.758,40.3201],[27.7598,40.3203],[27.7598,40.3203],[27.7632,40.3212],[27.77,40.323],[27.7737,40.3238],[27.7742,40.3235],[27.7766,40.3254],[27.7807,40.3295],[27.7857,40.3333],[27.7914,40.3368],[27.8003,40.3432],[27.8122,40.3525],[27.8247,40.3603],[27.8378,40.3668],[27.8448,40.3706],[27.8458,40.3718],[27.8462,40.3729],[27.8459,40.374],[27.8454,40.3744],[27.8447,40.3741],[27.8401,40.3757],[27.8317,40.379],[27.8262,40.3808],[27.8237,40.3808],[27.8211,40.3804],[27.8185,40.3796],[27.8164,40.3783],[27.8149,40.3766],[27.8128,40.3748],[27.8102,40.3731],[27.8068,40.3712],[27.8026,40.3691],[27.8,40.368],[27.7989,40.3679],[27.7976,40.3668],[27.7961,40.3647],[27.7943,40.3631],[27.7922,40.3621],[27.7893,40.3614],[27.7857,40.3609],[27.7825,40.361],[27.7798,40.3617],[27.7773,40.3628],[27.7751,40.3643],[27.773,40.3672],[27.7711,40.3713],[27.7702,40.3751],[27.7703,40.3785],[27.7716,40.3822],[27.7741,40.3861],[27.7753,40.3891],[27.7752,40.3912],[27.7747,40.393],[27.7738,40.3945],[27.7734,40.3958],[27.7738,40.3969],[27.7735,40.3973],[27.7728,40.3973],[27.7719,40.3977],[27.7708,40.3988],[27.7685,40.4003],[27.7648,40.4025],[27.7602,40.4059],[27.7545,40.4107],[27.7498,40.4139],[27.7461,40.4154],[27.7432,40.417],[27.741,40.4185],[27.7385,40.4211],[27.7359,40.4248],[27.7342,40.4287],[27.7336,40.4328],[27.7329,40.4354],[27.7321,40.4365],[27.732,40.4374],[27.7325,40.4382],[27.7323,40.4389],[27.7312,40.4395],[27.7305,40.4397],[27.73,40.4394],[27.7297,40.4399],[27.7297,40.441],[27.7266,40.4419],[27.7203,40.4428],[27.7154,40.4437],[27.7117,40.4447],[27.7083,40.4465],[27.705,40.4492],[27.7022,40.4518],[27.6999,40.4544],[27.6974,40.4567],[27.6946,40.4587],[27.693,40.4606],[27.6925,40.4624],[27.6919,40.4633],[27.6914,40.4634],[27.6903,40.4624],[27.6888,40.4606],[27.6872,40.4595],[27.6857,40.4592],[27.6844,40.4595],[27.6833,40.4606],[27.6824,40.4611],[27.6815,40.4609],[27.6811,40.4601],[27.6812,40.4586],[27.6809,40.4576],[27.6802,40.4571],[27.6796,40.4532],[27.6792,40.4459],[27.678,40.4409],[27.6759,40.4383],[27.6735,40.4364],[27.6707,40.435],[27.6675,40.4341],[27.6638,40.4337],[27.6594,40.4339],[27.6542,40.4348],[27.6498,40.4366],[27.6461,40.4391],[27.6394,40.442],[27.6295,40.4454],[27.6214,40.4468],[27.6151,40.4464],[27.6097,40.4469],[27.605,40.4482],[27.6018,40.4486],[27.6003,40.4479],[27.5974,40.4478],[27.5932,40.4483],[27.589,40.4496],[27.5849,40.4517],[27.5823,40.4539],[27.5812,40.4561],[27.5797,40.4558],[27.5776,40.453],[27.5756,40.4517],[27.5735,40.4518],[27.5708,40.4512],[27.5677,40.4499],[27.5645,40.4491],[27.5615,40.4488],[27.5586,40.4494],[27.5559,40.4509],[27.5541,40.4522],[27.5531,40.4535],[27.552,40.4553],[27.5509,40.4577],[27.55,40.4607],[27.5495,40.4643],[27.5499,40.4674],[27.5513,40.4701],[27.5537,40.473],[27.5572,40.4763],[27.5597,40.4782],[27.5612,40.4787],[27.5638,40.4789],[27.5675,40.479],[27.5701,40.4797],[27.5716,40.4811],[27.5724,40.4827],[27.5724,40.4844],[27.5719,40.4855],[27.5708,40.4859],[27.5695,40.4873],[27.568,40.4896],[27.5663,40.4914],[27.5646,40.4926],[27.5634,40.4948],[27.5629,40.4979],[27.5634,40.5011],[27.565,40.5041],[27.566,40.507],[27.5663,40.5096],[27.5674,40.513],[27.5695,40.5172],[27.5707,40.5209],[27.571,40.524],[27.5716,40.5266],[27.5727,40.5287],[27.5748,40.531],[27.5781,40.5335],[27.581,40.5351],[27.5836,40.5356],[27.5862,40.5357],[27.5888,40.5354],[27.5912,40.5349],[27.5933,40.534],[27.5955,40.5323],[27.598,40.5298],[27.5993,40.5273],[27.5994,40.5247],[27.6011,40.5224],[27.6041,40.5204],[27.6068,40.5193],[27.6089,40.5191],[27.6104,40.5193],[27.6115,40.5201],[27.6123,40.5202],[27.6128,40.5197],[27.6154,40.5197],[27.6201,40.52],[27.624,40.5193],[27.627,40.5176],[27.6289,40.5164],[27.6294,40.5155],[27.6301,40.5151],[27.6309,40.5151],[27.6314,40.5146],[27.6317,40.5137],[27.6323,40.5129],[27.6334,40.5123],[27.6337,40.5117],[27.6334,40.5112],[27.6334,40.5107],[27.6337,40.5102],[27.6368,40.5094],[27.6425,40.5082],[27.6469,40.5078],[27.65,40.5083],[27.6526,40.5081],[27.6547,40.5073],[27.657,40.503],[27.6596,40.4951],[27.6611,40.4898],[27.6614,40.4872],[27.6612,40.4854],[27.6603,40.4844],[27.6598,40.4831],[27.6598,40.4815],[27.6611,40.4803],[27.6638,40.4795],[27.6654,40.4793],[27.6659,40.4796],[27.6664,40.4793],[27.6669,40.4785],[27.668,40.4779],[27.6695,40.4774],[27.6711,40.4776],[27.6727,40.4783],[27.6737,40.4828],[27.6741,40.4911],[27.6753,40.4987],[27.6773,40.5055],[27.6813,40.5108],[27.6872,40.5145],[27.6921,40.5184],[27.6962,40.5225],[27.6986,40.5253],[27.6993,40.5268],[27.7004,40.5283],[27.7019,40.5297],[27.7034,40.5309],[27.7049,40.532],[27.7065,40.5326],[27.7081,40.533],[27.7118,40.5325],[27.7175,40.5314],[27.7242,40.5314],[27.732,40.5325],[27.7377,40.533],[27.7414,40.5327],[27.7458,40.5332],[27.751,40.5343],[27.7552,40.5346],[27.7583,40.5341],[27.7607,40.5334],[27.7622,40.5326],[27.7646,40.532],[27.7677,40.5317],[27.7698,40.5318],[27.7709,40.5323],[27.7732,40.5325],[27.7768,40.5324],[27.7797,40.532],[27.7818,40.5311],[27.7839,40.5291],[27.786,40.5259],[27.788,40.5249],[27.7901,40.5262],[27.7922,40.527],[27.7943,40.5273],[27.7969,40.5272],[27.8,40.5269],[27.8019,40.5263],[27.8024,40.5255],[27.8066,40.5255],[27.8145,40.5262],[27.8199,40.5262],[27.823,40.5253],[27.8267,40.5248],[27.831,40.5246],[27.8341,40.5241],[27.836,40.5232],[27.8396,40.5231],[27.8448,40.5238],[27.8537,40.5242],[27.8662,40.5241],[27.8753,40.5235],[27.881,40.5223],[27.8862,40.5216],[27.8909,40.5213],[27.8948,40.5204],[27.8979,40.5189],[27.9039,40.518],[27.9128,40.5176],[27.9196,40.5171],[27.9243,40.5162],[27.931,40.5146],[27.9399,40.5121],[27.9453,40.5103],[27.9474,40.5092],[27.9505,40.5088],[27.9547,40.5093],[27.9578,40.5094],[27.9599,40.5091],[27.9625,40.5081],[27.9656,40.5064],[27.969,40.505],[27.9727,40.504],[27.9807,40.5025],[27.9933,40.5005],[27.9995,40.6234],[27.9995,40.8711],[27.999,40.9939],[27.9979,40.9917],[27.9955,40.9879],[27.9917,40.9824],[27.9898,40.9792],[27.9897,40.9781],[27.9864,40.9758],[27.9799,40.9723],[27.9753,40.9689],[27.9727,40.9657],[27.9703,40.9633],[27.9683,40.9616],[27.9654,40.9602],[27.9617,40.9593],[27.9568,40.9589],[27.9505,40.959],[27.9451,40.9582],[27.9404,40.9567],[27.9372,40.956],[27.9357,40.9561],[27.9347,40.9565],[27.9342,40.9572],[27.9334,40.9572],[27.9323,40.9565],[27.9315,40.9564],[27.931,40.9568],[27.9302,40.9567],[27.9291,40.9559],[27.9273,40.9558],[27.9247,40.9563],[27.9231,40.9568],[27.9224,40.9575],[27.9224,40.9583],[27.9229,40.9594],[27.9225,40.9604],[27.921,40.9613],[27.9185,40.9614],[27.9148,40.9606],[27.9117,40.9603],[27.9091,40.9606],[27.9047,40.9598],[27.8984,40.9581],[27.8932,40.9572],[27.8891,40.9571],[27.8862,40.9573],[27.8847,40.9578],[27.8834,40.9587],[27.8825,40.9602],[27.8823,40.9617],[27.8828,40.9633],[27.8827,40.9641],[27.8819,40.9641],[27.8815,40.9636],[27.8815,40.9625],[27.8805,40.961],[27.8786,40.9589],[27.8763,40.9578],[27.8737,40.9577],[27.8688,40.9587],[27.8615,40.9609],[27.8579,40.9628],[27.8578,40.9643],[27.8549,40.9677],[27.8492,40.9728],[27.8456,40.9759],[27.844,40.9768],[27.8414,40.9777],[27.8377,40.9787],[27.8258,40.9811],[27.8055,40.9849],[27.7922,40.9876],[27.7859,40.9892],[27.78,40.9902],[27.7743,40.9906],[27.7696,40.9906],[27.7659,40.9901],[27.7628,40.9901],[27.7602,40.9904],[27.7586,40.9904],[27.7581,40.9901],[27.7544,40.9905],[27.7477,40.9916],[27.7409,40.9917],[27.7341,40.9908],[27.7268,40.9889],[27.719,40.9861],[27.7122,40.984],[27.7065,40.9826],[27.6945,40.9814],[27.6763,40.9803],[27.662,40.9798],[27.6516,40.9801],[27.6334,40.9778],[27.6073,40.9731],[27.5901,40.9706],[27.5818,40.9705],[27.5721,40.9691],[27.5612,40.9664],[27.5531,40.9648],[27.5479,40.9643],[27.5425,40.964],[27.5368,40.964],[27.5308,40.9628],[27.5245,40.9605],[27.5206,40.9582],[27.519,40.9561],[27.5156,40.9537],[27.5104,40.9512],[27.5066,40.9488],[27.5041,40.9465],[27.4994,40.9391],[27.4925,40.9266],[27.4873,40.9185],[27.4837,40.9148],[27.482,40.9114],[27.4822,40.9084],[27.4818,40.9052],[27.4807,40.9021],[27.479,40.8987],[27.4768,40.895],[27.4742,40.8917],[27.4713,40.8886],[27.4697,40.886],[27.4695,40.8839],[27.4686,40.8815],[27.4672,40.8789],[27.4666,40.8771],[27.4671,40.876],[27.4669,40.8742],[27.4662,40.8716],[27.4664,40.8698],[27.4675,40.8687],[27.468,40.8674],[27.4678,40.8659],[27.4655,40.8602],[27.4611,40.8503],[27.4553,40.8422],[27.448,40.8359],[27.4438,40.8328],[27.4427,40.8328],[27.4409,40.8315],[27.4383,40.8289],[27.4362,40.8273],[27.4347,40.8269],[27.4323,40.8256],[27.4292,40.8235],[27.4274,40.8226],[27.4269,40.823],[27.4256,40.822],[27.4235,40.8195],[27.4216,40.8179],[27.4201,40.8175],[27.4188,40.8167],[27.4177,40.8156],[27.4164,40.8151],[27.4149,40.815],[27.4128,40.8139],[27.4102,40.8119],[27.4068,40.81],[27.4026,40.8083],[27.3992,40.8065],[27.3966,40.8046],[27.3945,40.8026],[27.393,40.8005],[27.3906,40.7988],[27.3875,40.7975],[27.3833,40.7941],[27.3781,40.7886],[27.3738,40.7846],[27.3703,40.782],[27.3679,40.7797],[27.3667,40.7776],[27.3656,40.7765],[27.3646,40.7764],[27.3625,40.7746],[27.3594,40.7711],[27.3555,40.7677],[27.3508,40.7646],[27.3475,40.7617],[27.3458,40.7591],[27.3446,40.7568],[27.3439,40.7547],[27.3434,40.7505],[27.3429,40.7442],[27.3428,40.7409],[27.3431,40.7404],[27.3424,40.7386],[27.3409,40.7355],[27.3399,40.7329],[27.3395,40.7308],[27.3364,40.7261],[27.3307,40.7188],[27.328,40.7149],[27.3282,40.7144],[27.3282,40.7133],[27.3277,40.7117],[27.3269,40.7096],[27.3256,40.707],[27.3214,40.7023],[27.3145,40.6956],[27.3092,40.6909],[27.3055,40.6882],[27.3008,40.6856],[27.2951,40.683],[27.2896,40.6802],[27.2844,40.6771],[27.279,40.6735],[27.2734,40.6693],[27.2677,40.6662],[27.2618,40.6641],[27.2558,40.6605],[27.2497,40.6552],[27.2452,40.6521],[27.2425,40.651],[27.2388,40.6502],[27.2341,40.6496],[27.2279,40.6477],[27.22,40.6444],[27.2138,40.6413],[27.2091,40.6384],[27.2037,40.6356],[27.1974,40.6328],[27.1917,40.6289],[27.1865,40.6239],[27.1813,40.6209],[27.176,40.6198],[27.1713,40.6181],[27.1672,40.6158],[27.1609,40.6128],[27.1526,40.6092],[27.1463,40.6073],[27.1422,40.607],[27.1391,40.6063],[27.137,40.6052],[27.1346,40.6044],[27.132,40.6039],[27.1292,40.6038],[27.1261,40.6039],[27.1229,40.6028],[27.1197,40.6006],[27.1129,40.5989],[27.1026,40.5979],[27.094,40.5965],[27.0873,40.595],[27.0813,40.594],[27.076,40.5937],[27.0664,40.5905],[27.0523,40.5846],[27.043,40.5803],[27.0383,40.5776],[27.0339,40.5739],[27.03,40.5695],[27.0245,40.5651],[27.0174,40.561],[27.0126,40.5573],[27.0101,40.5541],[27.0089,40.5525]],[[27.4932,40.6303],[27.493,40.6304],[27.4925,40.6308],[27.4909,40.6307],[27.4883,40.6302],[27.486,40.6302],[27.4839,40.6307],[27.4818,40.6316],[27.4797,40.6331],[27.4779,40.6349],[27.4764,40.637],[27.4755,40.6388],[27.4753,40.6403],[27.4755,40.6422],[27.4761,40.6443],[27.4778,40.6465],[27.4805,40.6489],[27.4844,40.6508],[27.4896,40.6522],[27.4927,40.6529],[27.4938,40.6528],[27.4941,40.6522],[27.4936,40.6511],[27.4937,40.6497],[27.4945,40.6482],[27.495,40.6464],[27.4953,40.6443],[27.4951,40.6417],[27.4946,40.6386],[27.4945,40.6367],[27.4948,40.6362],[27.4948,40.6357],[27.4943,40.6352],[27.4945,40.6347],[27.4953,40.6342],[27.4951,40.633],[27.4938,40.6312],[27.4932,40.6303]],[[27.6141,40.5671],[27.6131,40.5669],[27.611,40.5665],[27.6083,40.5665],[27.6052,40.567],[27.6018,40.568],[27.5982,40.5695],[27.5964,40.5708],[27.5963,40.5719],[27.5958,40.5728],[27.5948,40.5734],[27.5938,40.5734],[27.5927,40.5725],[27.5914,40.5719],[27.5899,40.5714],[27.5888,40.5713],[27.5883,40.5717],[27.5878,40.5714],[27.5875,40.5707],[27.5867,40.5703],[27.5855,40.5702],[27.5847,40.5699],[27.5842,40.5692],[27.5836,40.5689],[27.5831,40.5692],[27.5818,40.5689],[27.5797,40.5682],[27.5784,40.5681],[27.5779,40.5686],[27.5774,40.5685],[27.5769,40.5678],[27.5758,40.5675],[27.5742,40.5674],[27.5713,40.5681],[27.5672,40.5698],[27.5634,40.5718],[27.5599,40.5743],[27.556,40.5761],[27.5517,40.5773],[27.5479,40.5793],[27.5448,40.5821],[27.5422,40.5842],[27.5401,40.5855],[27.5378,40.5867],[27.5352,40.588],[27.5336,40.5884],[27.5331,40.588],[27.5323,40.5879],[27.5312,40.5882],[27.5292,40.5892],[27.5261,40.5911],[27.524,40.5928],[27.523,40.5945],[27.5215,40.5987],[27.5194,40.6055],[27.5187,40.6099],[27.5193,40.612],[27.5206,40.6137],[27.5225,40.6152],[27.5235,40.6165],[27.5237,40.6176],[27.5226,40.6198],[27.5201,40.6229],[27.5186,40.6255],[27.5183,40.6276],[27.5185,40.6291],[27.5192,40.6302],[27.5199,40.6325],[27.5206,40.6362],[27.5214,40.6385],[27.5221,40.6396],[27.5222,40.6404],[27.5216,40.6409],[27.5215,40.6424],[27.522,40.6451],[27.5236,40.6481],[27.5263,40.6514],[27.5292,40.6537],[27.5323,40.6551],[27.5344,40.6557],[27.5354,40.6554],[27.5371,40.6565],[27.5396,40.6588],[27.5414,40.6602],[27.5426,40.6606],[27.5453,40.6612],[27.5495,40.662],[27.5529,40.662],[27.5554,40.6612],[27.5571,40.6601],[27.5578,40.6586],[27.5592,40.6571],[27.5611,40.6556],[27.5628,40.6546],[27.5643,40.6541],[27.5659,40.655],[27.5674,40.6575],[27.5693,40.659],[27.5714,40.6595],[27.5755,40.6599],[27.5818,40.6599],[27.5873,40.6603],[27.592,40.6611],[27.5969,40.6623],[27.6021,40.664],[27.606,40.6647],[27.6086,40.6644],[27.6123,40.6646],[27.617,40.6654],[27.6232,40.6672],[27.631,40.6703],[27.636,40.6715],[27.6381,40.6709],[27.6404,40.6697],[27.643,40.6679],[27.645,40.6668],[27.6465,40.6663],[27.6475,40.6657],[27.6481,40.6648],[27.6487,40.6646],[27.6492,40.6651],[27.6495,40.665],[27.6495,40.6641],[27.65,40.6638],[27.6511,40.6642],[27.6521,40.6641],[27.6531,40.6638],[27.6554,40.6645],[27.6591,40.6662],[27.6614,40.6664],[27.6625,40.6651],[27.6635,40.6644],[27.6646,40.6641],[27.6659,40.6642],[27.6674,40.6646],[27.6687,40.6653],[27.6698,40.6664],[27.6711,40.6672],[27.6726,40.6678],[27.6747,40.6682],[27.6773,40.6684],[27.6801,40.6682],[27.683,40.6675],[27.6849,40.6669],[27.6858,40.6664],[27.6864,40.6651],[27.6867,40.663],[27.6875,40.6616],[27.6886,40.6609],[27.6946,40.6595],[27.7055,40.6575],[27.7122,40.656],[27.7148,40.6551],[27.7166,40.654],[27.7177,40.6527],[27.7211,40.6511],[27.7268,40.6491],[27.7318,40.6482],[27.7359,40.6485],[27.7393,40.6484],[27.7419,40.6479],[27.7443,40.6458],[27.7464,40.642],[27.7476,40.6393],[27.7479,40.6378],[27.7484,40.637],[27.7491,40.6369],[27.7498,40.6364],[27.7503,40.6357],[27.7513,40.6364],[27.7528,40.6386],[27.7544,40.64],[27.756,40.6407],[27.7578,40.6412],[27.7599,40.6415],[27.762,40.6413],[27.7643,40.6405],[27.766,40.6385],[27.7671,40.6355],[27.7676,40.6329],[27.7677,40.6308],[27.7673,40.6289],[27.7666,40.6274],[27.7654,40.6259],[27.7638,40.6245],[27.7617,40.6236],[27.7591,40.6231],[27.7563,40.6235],[27.7532,40.625],[27.7515,40.6262],[27.7512,40.6271],[27.7514,40.6287],[27.7519,40.6308],[27.752,40.6323],[27.7517,40.6332],[27.7511,40.634],[27.75,40.6347],[27.7493,40.633],[27.7488,40.6287],[27.7478,40.6249],[27.7461,40.6214],[27.744,40.6194],[27.7414,40.6188],[27.7378,40.617],[27.7331,40.6141],[27.7271,40.611],[27.7198,40.6078],[27.7148,40.6059],[27.7122,40.6052],[27.7104,40.605],[27.7094,40.6052],[27.7084,40.6049],[27.7073,40.6042],[27.7065,40.6039],[27.706,40.6041],[27.7052,40.6038],[27.7041,40.6029],[27.7008,40.6015],[27.6951,40.5994],[27.6888,40.5968],[27.6819,40.5938],[27.677,40.5918],[27.6739,40.5911],[27.6719,40.5901],[27.6708,40.589],[27.6701,40.5885],[27.6696,40.5888],[27.6693,40.5883],[27.6693,40.5871],[27.669,40.5866],[27.6683,40.5869],[27.6675,40.5862],[27.6666,40.5846],[27.6659,40.5842],[27.6654,40.5849],[27.6646,40.5846],[27.6635,40.5832],[27.6591,40.5814],[27.6513,40.5792],[27.644,40.5764],[27.6373,40.5729],[27.6318,40.571],[27.6276,40.5707],[27.6253,40.5709],[27.6248,40.5713],[27.624,40.5709],[27.6229,40.5694],[27.6203,40.5683],[27.6162,40.5675],[27.6141,40.5671]],[[27.4964,40.4584],[27.4941,40.4585],[27.4894,40.4586],[27.4853,40.4597],[27.4818,40.4619],[27.4793,40.4664],[27.4778,40.4732],[27.4764,40.4774],[27.4751,40.4789],[27.4736,40.4821],[27.4719,40.4868],[27.4711,40.4916],[27.4713,40.4965],[27.4727,40.5004],[27.4754,40.5033],[27.4762,40.5055],[27.4752,40.507],[27.4736,40.5081],[27.4713,40.5086],[27.4701,40.5111],[27.4703,40.5156],[27.4724,40.5191],[27.4765,40.5216],[27.4794,40.523],[27.4811,40.5233],[27.4817,40.5247],[27.4812,40.5273],[27.478,40.529],[27.4722,40.5299],[27.4679,40.5299],[27.4652,40.529],[27.4629,40.5302],[27.4612,40.5333],[27.46,40.5365],[27.4593,40.5396],[27.4595,40.5431],[27.4604,40.5471],[27.462,40.5501],[27.464,40.5521],[27.4688,40.5542],[27.4761,40.5564],[27.4844,40.5582],[27.4937,40.5595],[27.5005,40.5598],[27.5047,40.5593],[27.5075,40.5587],[27.5089,40.5581],[27.5115,40.556],[27.5153,40.5524],[27.5171,40.5501],[27.5168,40.549],[27.5201,40.5458],[27.5269,40.5406],[27.5328,40.5373],[27.5377,40.5357],[27.5414,40.5341],[27.544,40.5325],[27.5484,40.5312],[27.5547,40.5304],[27.5581,40.5298],[27.5586,40.5293],[27.5589,40.5281],[27.5588,40.5264],[27.5592,40.5247],[27.5601,40.5232],[27.5607,40.5214],[27.5612,40.5193],[27.5613,40.5177],[27.561,40.5166],[27.5599,40.5153],[27.5582,40.5138],[27.5567,40.5118],[27.5554,40.5093],[27.5534,40.5069],[27.5508,40.5046],[27.5489,40.5032],[27.5476,40.5028],[27.5475,40.4995],[27.5486,40.4932],[27.5484,40.4893],[27.5471,40.4878],[27.5465,40.4867],[27.5467,40.4862],[27.5464,40.4851],[27.5456,40.4836],[27.5447,40.4823],[27.5436,40.4812],[27.5421,40.4801],[27.5401,40.479],[27.5381,40.4774],[27.536,40.4754],[27.5344,40.4746],[27.5333,40.4749],[27.5326,40.4747],[27.5321,40.4738],[27.5295,40.4729],[27.5248,40.472],[27.5201,40.4706],[27.5154,40.4688],[27.5104,40.4662],[27.5052,40.4626],[27.5011,40.4603],[27.498,40.459],[27.4964,40.4584]],[[27.032,40.0297],[27.0317,40.0298],[27.031,40.0302],[27.0305,40.0302],[27.0302,40.0298],[27.0305,40.0297],[27.0315,40.0297],[27.032,40.0297]]]}},{"type":"Feature","properties":{"depth":25,"kind":"band"},"geometry":{"type":"MultiPolygon","coordinates":[[[[27.933,40.9597],[27.9329,40.9594],[27.9329,40.9594],[27.933,40.9597],[27.933,40.9599],[27.933,40.9599],[27.933,40.9597]]],[[[27.4677,40.8776],[27.4672,40.8776],[27.4672,40.8776],[27.4677,40.8776],[27.4679,40.8776],[27.4679,40.8776],[27.4677,40.8776]]],[[[27.5172,40.6274],[27.5172,40.6271],[27.5172,40.6271],[27.5172,40.6274],[27.5172,40.6276],[27.5172,40.6276],[27.5172,40.6274]]],[[[27.5188,40.6143],[27.5184,40.6146],[27.5181,40.6146],[27.5179,40.6143],[27.5181,40.6141],[27.5187,40.6141],[27.519,40.6141],[27.519,40.6141],[27.5188,40.6143]]],[[[27.6665,40.591],[27.6662,40.5907],[27.6662,40.5907],[27.6665,40.591],[27.6666,40.5911],[27.6666,40.5911],[27.6665,40.591]]],[[[27.6732,40.5901],[27.6726,40.5901],[27.6726,40.5901],[27.6732,40.5901],[27.6735,40.5901],[27.6735,40.5901],[27.6732,40.5901]]],[[[27.5799,40.5215],[27.5798,40.5218],[27.5798,40.5218],[27.5799,40.5215],[27.5799,40.5214],[27.5799,40.5214],[27.5799,40.5215]]],[[[27.7447,40.5196],[27.7444,40.5201],[27.7442,40.5201],[27.7439,40.5196],[27.7441,40.5193],[27.7446,40.5193],[27.7448,40.5193],[27.7448,40.5193],[27.7447,40.5196]]],[[[27.5826,40.4609],[27.582,40.4609],[27.582,40.4609],[27.5826,40.4609],[27.5829,40.4609],[27.5829,40.4609],[27.5826,40.4609]]],[[[27.7285,40.4401],[27.7282,40.4401],[27.7282,40.4401],[27.7285,40.4401],[27.7287,40.4401],[27.7287,40.4401],[27.7285,40.4401]]],[[[27.9748,40.412],[27.9743,40.412],[27.9741,40.4118],[27.9744,40.4113],[27.9746,40.4113],[27.975,40.4118],[27.9751,40.412],[27.9751,40.412],[27.9748,40.412]]],[[[27.0269,40.4068],[27.0262,40.4068],[27.0262,40.4068],[27.0269,40.4068],[27.0272,40.4068],[27.0272,40.4068],[27.0269,40.4068]]],[[[27.7694,40.3974],[27.7689,40.3974],[27.7688,40.3971],[27.7691,40.3967],[27.7694,40.3967],[27.7695,40.3971],[27.7696,40.3974],[27.7696,40.3974],[27.7694,40.3974]]],[[[27.9695,40.3729],[27.9798,40.376],[27.9886,40.3781],[27.9959,40.3792],[27.9995,40.3909],[27.9995,40.4132],[27.9964,40.4229],[27.9901,40.4202],[27.9839,40.4168],[27.9776,40.4128],[27.9742,40.411],[27.9737,40.4113],[27.9729,40.4112],[27.9719,40.4108],[27.9703,40.4107],[27.9683,40.4109],[27.9667,40.4113],[27.9656,40.4118],[27.9649,40.4118],[27.9643,40.4111],[27.9638,40.4109],[27.9633,40.4111],[27.9623,40.4104],[27.9609,40.4087],[27.9578,40.4059],[27.9529,40.402],[27.9455,40.3979],[27.9355,40.3934],[27.9303,40.3903],[27.9299,40.3888],[27.9311,40.3859],[27.9339,40.3818],[27.936,40.3792],[27.9373,40.3781],[27.9417,40.376],[27.949,40.3727],[27.9555,40.3712],[27.9614,40.3713],[27.9643,40.3714],[27.9643,40.3714],[27.9695,40.3729]]],[[[27.8406,40.3706],[27.8412,40.3711],[27.8412,40.3717],[27.8404,40.3722],[27.8396,40.3722],[27.8386,40.3717],[27.8387,40.3711],[27.8398,40.3706],[27.8403,40.3703],[27.8403,40.3703],[27.8406,40.3706]]],[[[27.7618,40.3237],[27.7703,40.3262],[27.7763,40.3291],[27.78,40.3325],[27.7831,40.3351],[27.7857,40.3368],[27.788,40.338],[27.7901,40.3387],[27.7919,40.3399],[27.7935,40.3417],[27.7995,40.3465],[27.8099,40.3545],[27.8206,40.3614],[27.8315,40.3673],[27.8372,40.3708],[27.8377,40.3719],[27.8351,40.3736],[27.8294,40.376],[27.8258,40.3772],[27.8242,40.3771],[27.8219,40.3765],[27.8188,40.3754],[27.8156,40.3736],[27.8125,40.3711],[27.8083,40.3687],[27.8031,40.3664],[27.8005,40.3649],[27.8004,40.3644],[27.7994,40.3633],[27.7975,40.3617],[27.7952,40.3604],[27.7925,40.3593],[27.7893,40.3586],[27.7857,40.3582],[27.7816,40.3587],[27.7769,40.36],[27.7745,40.3613],[27.7745,40.3624],[27.774,40.3629],[27.7729,40.3629],[27.7716,40.3642],[27.7701,40.3667],[27.7688,40.3696],[27.7677,40.3729],[27.7671,40.3761],[27.7672,40.3791],[27.7676,40.381],[27.7683,40.3815],[27.7687,40.3826],[27.7689,40.3841],[27.7695,40.3854],[27.7704,40.3865],[27.7712,40.388],[27.7719,40.3901],[27.7715,40.3924],[27.77,40.3951],[27.7675,40.3975],[27.7638,40.3996],[27.7589,40.4032],[27.7527,40.4083],[27.7477,40.4117],[27.744,40.4133],[27.7406,40.4154],[27.7375,40.418],[27.7348,40.4211],[27.7325,40.4248],[27.7313,40.4287],[27.731,40.4328],[27.7305,40.4352],[27.7295,40.4356],[27.7293,40.4362],[27.7299,40.4367],[27.7295,40.4378],[27.7282,40.4393],[27.7268,40.4398],[27.7253,40.4392],[27.7214,40.4394],[27.7151,40.4405],[27.7112,40.4414],[27.7097,40.4421],[27.7081,40.443],[27.7065,40.4439],[27.7026,40.4472],[27.6963,40.453],[27.6928,40.4564],[27.6919,40.4573],[27.6913,40.4582],[27.6912,40.459],[27.6901,40.4587],[27.688,40.4572],[27.6862,40.4565],[27.6847,40.4567],[27.6839,40.4565],[27.6839,40.456],[27.6836,40.4557],[27.6831,40.4556],[27.6826,40.4522],[27.6821,40.4456],[27.6812,40.4409],[27.6798,40.4383],[27.6772,40.4358],[27.6733,40.4333],[27.6698,40.4318],[27.6667,40.4313],[27.6636,40.431],[27.6605,40.4311],[27.6568,40.4316],[27.6526,40.4326],[27.6484,40.4345],[27.6443,40.4374],[27.638,40.4402],[27.6295,40.4429],[27.6243,40.4444],[27.6224,40.4448],[27.6188,40.4446],[27.6135,40.4442],[27.6088,40.4444],[27.6047,40.4455],[27.6018,40.4457],[27.6003,40.4453],[27.5979,40.4451],[27.5948,40.4453],[27.5904,40.4467],[27.5847,40.4492],[27.5815,40.451],[27.581,40.4519],[27.5805,40.4524],[27.5799,40.4524],[27.5789,40.4517],[27.5774,40.4501],[27.5756,40.4493],[27.5735,40.4493],[27.5706,40.4485],[27.5669,40.4471],[27.563,40.4466],[27.5589,40.4469],[27.5553,40.4484],[27.5523,40.4512],[27.5501,40.4539],[27.5488,40.4565],[27.548,40.4589],[27.5477,40.461],[27.5477,40.463],[27.548,40.4651],[27.5497,40.4685],[27.5527,40.4731],[27.5556,40.4765],[27.5585,40.4784],[27.562,40.4797],[27.5661,40.4804],[27.5688,40.4812],[27.5701,40.4823],[27.5706,40.4834],[27.5704,40.4845],[27.5695,40.4852],[27.568,40.4855],[27.5669,40.4867],[27.5664,40.4888],[27.5659,40.4898],[27.5654,40.4895],[27.5646,40.4898],[27.5635,40.4908],[27.5626,40.4926],[27.5617,40.4951],[27.5614,40.4974],[27.5617,40.4995],[27.5623,40.5013],[27.5632,40.5028],[27.5636,40.5052],[27.5637,40.5083],[27.5645,40.5115],[27.566,40.5146],[27.5675,40.5169],[27.5688,40.5185],[27.5693,40.5196],[27.569,40.5201],[27.5693,40.5216],[27.5702,40.5242],[27.5717,40.5276],[27.5737,40.5318],[27.577,40.5348],[27.5816,40.5366],[27.586,40.5373],[27.5901,40.537],[27.5934,40.5361],[27.5957,40.5346],[27.5976,40.5331],[27.5989,40.5316],[27.5999,40.5292],[27.6007,40.5261],[27.6016,40.5245],[27.6027,40.5245],[27.6033,40.5241],[27.6035,40.5234],[27.6052,40.5226],[27.6083,40.5219],[27.612,40.5218],[27.6161,40.5223],[27.6198,40.5224],[27.6229,40.522],[27.6253,40.5214],[27.6268,40.5206],[27.6285,40.5195],[27.6302,40.518],[27.6315,40.5164],[27.6322,40.5149],[27.6329,40.5142],[27.6336,40.5144],[27.6344,40.5139],[27.6354,40.5126],[27.6375,40.5115],[27.6406,40.5107],[27.6451,40.5103],[27.6508,40.5102],[27.6544,40.5098],[27.656,40.5091],[27.6584,40.5043],[27.6615,40.4955],[27.6633,40.4901],[27.6638,40.488],[27.6639,40.4862],[27.6637,40.4847],[27.664,40.4834],[27.6649,40.4823],[27.6663,40.4815],[27.6683,40.4809],[27.6691,40.4809],[27.6687,40.4815],[27.6691,40.4821],[27.6704,40.4825],[27.6714,40.4859],[27.6721,40.4922],[27.6734,40.4987],[27.6753,40.5055],[27.6791,40.511],[27.685,40.5151],[27.6916,40.521],[27.6989,40.5287],[27.7044,40.5331],[27.7081,40.5343],[27.7125,40.5344],[27.7177,40.5332],[27.7242,40.5332],[27.732,40.5343],[27.7375,40.5346],[27.7406,40.5342],[27.7453,40.5346],[27.7516,40.5359],[27.7576,40.5357],[27.7633,40.5341],[27.7672,40.5335],[27.7693,40.534],[27.7729,40.534],[27.7781,40.5336],[27.7815,40.533],[27.7831,40.5322],[27.7844,40.5308],[27.7853,40.5287],[27.7864,40.5274],[27.7875,40.5269],[27.7885,40.5267],[27.7896,40.5268],[27.7906,40.5273],[27.7917,40.5283],[27.793,40.5289],[27.7945,40.529],[27.7979,40.5285],[27.8031,40.5275],[27.8088,40.5272],[27.8151,40.5279],[27.82,40.5278],[27.8237,40.5269],[27.8273,40.5264],[27.831,40.5262],[27.8339,40.5257],[27.8359,40.5248],[27.8396,40.5248],[27.8448,40.5255],[27.8529,40.5259],[27.8638,40.5261],[27.8732,40.5254],[27.881,40.5241],[27.887,40.5233],[27.8911,40.5231],[27.895,40.5222],[27.8987,40.5207],[27.9047,40.5198],[27.913,40.5196],[27.9201,40.519],[27.9258,40.518],[27.9341,40.5159],[27.945,40.5127],[27.9523,40.5113],[27.956,40.5117],[27.9586,40.5118],[27.9601,40.5114],[27.9646,40.5099],[27.9719,40.5071],[27.9815,40.5048],[27.9935,40.5029],[27.9995,40.6239],[27.9995,40.8677],[27.9978,40.9874],[27.9944,40.9829],[27.9923,40.9797],[27.9915,40.9776],[27.9906,40.976],[27.9896,40.975],[27.9862,40.9733],[27.9805,40.9709],[27.9768,40.9691],[27.9751,40.9678],[27.9736,40.9662],[27.9721,40.9641],[27.9701,40.9621],[27.9674,40.9602],[27.9646,40.959],[27.9615,40.9583],[27.957,40.9579],[27.9513,40.9578],[27.9448,40.9569],[27.9375,40.9554],[27.9336,40.9551],[27.9331,40.956],[27.9318,40.9559],[27.9297,40.9549],[27.9273,40.9545],[27.9247,40.9548],[27.9226,40.9554],[27.9211,40.9563],[27.9207,40.9573],[27.9215,40.9584],[27.9215,40.9591],[27.9207,40.9595],[27.9167,40.9594],[27.9094,40.9587],[27.9044,40.9579],[27.9018,40.957],[27.8982,40.9561],[27.8935,40.9555],[27.8893,40.9553],[27.8857,40.9556],[27.8831,40.9566],[27.8815,40.9583],[27.8797,40.9583],[27.8776,40.9564],[27.8745,40.9558],[27.8703,40.9563],[27.8656,40.9574],[27.8603,40.9591],[27.8572,40.9606],[27.8562,40.962],[27.8557,40.9631],[27.8557,40.9639],[27.8549,40.9651],[27.8534,40.9666],[27.8497,40.9693],[27.844,40.9732],[27.8323,40.9768],[27.8146,40.9799],[27.8003,40.9826],[27.7894,40.9851],[27.7823,40.9863],[27.7792,40.9862],[27.7763,40.9864],[27.7737,40.9868],[27.7693,40.9869],[27.763,40.9864],[27.7578,40.9865],[27.7537,40.9871],[27.7469,40.987],[27.7375,40.9863],[27.7302,40.9847],[27.725,40.9823],[27.7175,40.9799],[27.7076,40.9775],[27.6982,40.976],[27.6893,40.9755],[27.675,40.9756],[27.6552,40.9763],[27.6359,40.9749],[27.6172,40.9714],[27.6047,40.9693],[27.5984,40.9684],[27.5914,40.9679],[27.5836,40.9677],[27.5735,40.9662],[27.561,40.9636],[27.5492,40.9618],[27.5383,40.9609],[27.5307,40.9596],[27.5266,40.958],[27.5231,40.9561],[27.5202,40.9538],[27.5155,40.9508],[27.509,40.9471],[27.5018,40.9387],[27.494,40.9254],[27.4889,40.9176],[27.4864,40.9153],[27.4841,40.9102],[27.4819,40.9023],[27.4788,40.8958],[27.4747,40.8906],[27.4722,40.8867],[27.4714,40.8841],[27.4702,40.8818],[27.4687,40.8797],[27.4678,40.877],[27.4677,40.874],[27.4674,40.8722],[27.4669,40.8717],[27.4666,40.8711],[27.4667,40.8706],[27.4671,40.8701],[27.4678,40.8698],[27.4686,40.8698],[27.4693,40.8701],[27.4695,40.8693],[27.4692,40.8672],[27.4665,40.8609],[27.4616,40.8505],[27.4554,40.8422],[27.448,40.8359],[27.4438,40.8328],[27.4427,40.8328],[27.4409,40.8315],[27.4383,40.8289],[27.4362,40.8273],[27.4347,40.8269],[27.4323,40.8256],[27.4292,40.8235],[27.4274,40.8226],[27.4269,40.8229],[27.4256,40.8219],[27.4235,40.8194],[27.4216,40.8179],[27.4201,40.8175],[27.4188,40.8167],[27.4177,40.8156],[27.4164,40.815],[27.4149,40.8149],[27.4128,40.8138],[27.4102,40.8119],[27.4068,40.81],[27.4026,40.8082],[27.3992,40.8063],[27.3966,40.8044],[27.3945,40.8024],[27.393,40.8005],[27.3906,40.7988],[27.3875,40.7973],[27.3833,40.7939],[27.3781,40.7886],[27.3738,40.7846],[27.3704,40.782],[27.3681,40.7797],[27.3668,40.7776],[27.3656,40.7765],[27.3646,40.7762],[27.3625,40.7743],[27.3594,40.7708],[27.3555,40.7674],[27.3508,40.7641],[27.3473,40.7603],[27.3451,40.7558],[27.3442,40.7513],[27.3445,40.7466],[27.3444,40.743],[27.3441,40.7404],[27.3437,40.7388],[27.3432,40.7383],[27.3431,40.7375],[27.3434,40.7364],[27.343,40.7346],[27.3419,40.732],[27.3387,40.7271],[27.3336,40.7198],[27.3308,40.7151],[27.3303,40.713],[27.3292,40.7102],[27.3275,40.7067],[27.3232,40.7015],[27.3164,40.6947],[27.3109,40.6898],[27.3068,40.6869],[27.2998,40.6829],[27.2899,40.6779],[27.2815,40.673],[27.2748,40.6681],[27.2683,40.6644],[27.2621,40.6621],[27.2561,40.6584],[27.2503,40.6535],[27.2458,40.6504],[27.2427,40.6491],[27.2396,40.6484],[27.2365,40.6482],[27.2302,40.6463],[27.2208,40.6426],[27.214,40.6395],[27.2099,40.637],[27.205,40.6346],[27.1993,40.6321],[27.1942,40.6287],[27.1899,40.6245],[27.1865,40.6217],[27.184,40.6201],[27.1805,40.619],[27.1758,40.618],[27.1674,40.6147],[27.1555,40.6089],[27.1484,40.6058],[27.1464,40.6054],[27.1445,40.6053],[27.143,40.6055],[27.1399,40.6048],[27.1352,40.6031],[27.131,40.6022],[27.1273,40.6022],[27.125,40.602],[27.1239,40.6016],[27.1227,40.6007],[27.1212,40.5991],[27.1196,40.5981],[27.118,40.5977],[27.113,40.5968],[27.1047,40.5956],[27.0997,40.5951],[27.0982,40.5951],[27.0953,40.5946],[27.0912,40.5933],[27.0857,40.5923],[27.0789,40.5916],[27.0732,40.5904],[27.0685,40.5889],[27.0596,40.5849],[27.0466,40.5784],[27.0379,40.5727],[27.0336,40.5676],[27.028,40.5633],[27.0211,40.5596],[27.0152,40.5555],[27.0103,40.5508],[27.0059,40.5471],[27.002,40.5445],[27.0001,40.507],[27.0004,40.4347],[27.0049,40.3996],[27.0138,40.4018],[27.0185,40.4028],[27.019,40.4026],[27.0209,40.4033],[27.024,40.4048],[27.0255,40.4059],[27.0254,40.4065],[27.0259,40.4073],[27.0268,40.4084],[27.0272,40.4092],[27.0271,40.4097],[27.0273,40.4102],[27.028,40.4106],[27.0288,40.4122],[27.0297,40.4148],[27.0311,40.417],[27.033,40.4187],[27.0349,40.4201],[27.037,40.4212],[27.0406,40.4224],[27.0458,40.4237],[27.0489,40.425],[27.05,40.4263],[27.0506,40.4276],[27.0507,40.429],[27.052,40.431],[27.0546,40.4336],[27.0621,40.4375],[27.0745,40.4428],[27.082,40.4472],[27.0846,40.4509],[27.0875,40.4536],[27.0906,40.4555],[27.0948,40.4566],[27.1,40.4571],[27.1039,40.4567],[27.1065,40.4556],[27.1091,40.4559],[27.1117,40.4577],[27.1148,40.4592],[27.1185,40.4604],[27.1224,40.4611],[27.1265,40.4612],[27.1312,40.4621],[27.1365,40.4636],[27.1404,40.4645],[27.143,40.4646],[27.1485,40.4635],[27.1568,40.4614],[27.1674,40.4573],[27.1805,40.4513],[27.188,40.4479],[27.1901,40.447],[27.1919,40.4466],[27.1935,40.4465],[27.1948,40.4467],[27.1959,40.447],[27.1969,40.4478],[27.1979,40.449],[27.2008,40.4505],[27.2055,40.4523],[27.2133,40.4549],[27.2242,40.4582],[27.237,40.4625],[27.2516,40.4679],[27.2594,40.471],[27.2604,40.472],[27.2612,40.4724],[27.2617,40.4723],[27.262,40.4725],[27.2621,40.4731],[27.2631,40.4744],[27.2651,40.4765],[27.2674,40.4783],[27.2701,40.4797],[27.2737,40.4812],[27.2784,40.4826],[27.2825,40.4833],[27.2862,40.4834],[27.2893,40.4828],[27.2919,40.4816],[27.2951,40.4783],[27.2989,40.473],[27.3018,40.4694],[27.3037,40.4675],[27.3084,40.4643],[27.3158,40.46],[27.3205,40.457],[27.3224,40.4553],[27.3245,40.4535],[27.3266,40.4515],[27.3291,40.4476],[27.3322,40.442],[27.335,40.4383],[27.3374,40.4367],[27.3388,40.4356],[27.339,40.435],[27.3396,40.4347],[27.3406,40.4346],[27.3422,40.4338],[27.3443,40.4322],[27.3464,40.4294],[27.3485,40.4254],[27.3505,40.4203],[27.3524,40.414],[27.3537,40.409],[27.3544,40.4052],[27.3557,40.4026],[27.3577,40.4012],[27.3593,40.3998],[27.3604,40.3983],[27.3638,40.3961],[27.3695,40.3932],[27.3737,40.3922],[27.3763,40.3933],[27.3809,40.3937],[27.3874,40.3934],[27.3919,40.392],[27.3942,40.3897],[27.3987,40.3871],[27.4055,40.3842],[27.4099,40.3813],[27.4118,40.3782],[27.4149,40.3745],[27.4192,40.3703],[27.4218,40.3671],[27.4229,40.3649],[27.4247,40.3631],[27.4273,40.3616],[27.4299,40.3596],[27.4326,40.3568],[27.4355,40.3551],[27.4386,40.3544],[27.4438,40.3522],[27.4511,40.3487],[27.4584,40.3461],[27.4657,40.3445],[27.4703,40.3437],[27.4724,40.3436],[27.4753,40.343],[27.4792,40.3417],[27.4823,40.3403],[27.4847,40.3387],[27.488,40.3373],[27.4922,40.336],[27.4961,40.3354],[27.4998,40.3355],[27.5029,40.3351],[27.5055,40.3343],[27.5097,40.334],[27.5154,40.3341],[27.5195,40.3337],[27.5221,40.3328],[27.5276,40.3324],[27.5359,40.3323],[27.544,40.3327],[27.5518,40.3336],[27.5575,40.3339],[27.5612,40.3336],[27.5651,40.3347],[27.5693,40.3371],[27.5735,40.3388],[27.5776,40.3399],[27.5821,40.3419],[27.5868,40.3448],[27.5904,40.3466],[27.593,40.3476],[27.5964,40.348],[27.6005,40.3479],[27.6044,40.3474],[27.6081,40.3463],[27.6151,40.346],[27.6255,40.3463],[27.6333,40.3462],[27.6385,40.3455],[27.6437,40.3442],[27.649,40.3423],[27.6537,40.341],[27.6578,40.3402],[27.6628,40.3376],[27.6685,40.3333],[27.6737,40.3304],[27.6784,40.329],[27.6818,40.3282],[27.6839,40.3279],[27.6888,40.3283],[27.6966,40.3294],[27.7044,40.33],[27.7122,40.3301],[27.7174,40.3299],[27.7201,40.3294],[27.723,40.3283],[27.7261,40.3266],[27.7292,40.3254],[27.7323,40.3245],[27.7398,40.3236],[27.7516,40.3228],[27.7575,40.3224],[27.7575,40.3224],[27.7618,40.3237]],[[27.4875,40.6288],[27.4844,40.6291],[27.4818,40.63],[27.4797,40.6313],[27.4777,40.6332],[27.4758,40.6357],[27.4746,40.6383],[27.4743,40.6409],[27.4746,40.6433],[27.4755,40.6454],[27.4769,40.6473],[27.4788,40.6491],[27.4834,40.6512],[27.4907,40.6536],[27.4946,40.6545],[27.4951,40.6539],[27.4951,40.6531],[27.4944,40.6521],[27.4945,40.6511],[27.4952,40.65],[27.4957,40.6485],[27.4961,40.6464],[27.4961,40.6432],[27.4956,40.6391],[27.4957,40.6365],[27.4962,40.6354],[27.4957,40.6334],[27.494,40.6305],[27.4922,40.6289],[27.4901,40.6287],[27.4891,40.6286],[27.4891,40.6286],[27.4875,40.6288]],[[27.612,40.565],[27.6099,40.5647],[27.6073,40.5649],[27.6042,40.5654],[27.6011,40.5664],[27.598,40.5678],[27.5959,40.5694],[27.5948,40.5711],[27.5938,40.5713],[27.5928,40.57],[27.592,40.5694],[27.5914,40.5698],[27.5906,40.5695],[27.5896,40.5686],[27.5886,40.5686],[27.5875,40.5693],[27.5862,40.569],[27.5847,40.5676],[27.5831,40.5668],[27.5815,40.5666],[27.5805,40.5667],[27.5799,40.567],[27.5792,40.5668],[27.5781,40.5661],[27.5771,40.5657],[27.576,40.5656],[27.5747,40.5656],[27.5732,40.5658],[27.5706,40.5666],[27.5669,40.5681],[27.563,40.5702],[27.5589,40.5731],[27.5547,40.5751],[27.5505,40.5762],[27.545,40.5794],[27.5383,40.5845],[27.5344,40.5869],[27.5333,40.5864],[27.532,40.5865],[27.5305,40.587],[27.5281,40.5882],[27.5248,40.5901],[27.5215,40.5953],[27.5183,40.6036],[27.517,40.6091],[27.5175,40.6117],[27.5176,40.6133],[27.5171,40.6138],[27.518,40.6148],[27.5203,40.6161],[27.5215,40.6171],[27.5217,40.6179],[27.5211,40.6185],[27.5197,40.619],[27.5192,40.6196],[27.5196,40.6201],[27.5191,40.6214],[27.5176,40.6235],[27.517,40.625],[27.5171,40.6261],[27.5168,40.6269],[27.5161,40.6274],[27.5163,40.6284],[27.5176,40.6299],[27.5185,40.632],[27.519,40.6346],[27.5198,40.637],[27.5209,40.6391],[27.5211,40.6404],[27.5204,40.6409],[27.5205,40.6427],[27.5213,40.6458],[27.5224,40.6487],[27.5238,40.6513],[27.5255,40.6534],[27.5276,40.6549],[27.5294,40.6558],[27.531,40.6559],[27.5326,40.6563],[27.5341,40.6571],[27.5357,40.6582],[27.5372,40.6596],[27.5401,40.661],[27.5443,40.6624],[27.5477,40.6632],[27.5503,40.6635],[27.5529,40.6634],[27.5555,40.6629],[27.5572,40.6625],[27.5579,40.6622],[27.5585,40.6612],[27.559,40.6597],[27.5604,40.6582],[27.5629,40.6567],[27.5644,40.6561],[27.5649,40.6562],[27.5659,40.6575],[27.5674,40.6598],[27.5706,40.6611],[27.5753,40.6616],[27.5794,40.6617],[27.5831,40.6614],[27.5875,40.6616],[27.5927,40.6623],[27.5977,40.6633],[27.6024,40.6647],[27.606,40.6653],[27.6086,40.665],[27.6125,40.6655],[27.6177,40.6666],[27.624,40.6685],[27.6313,40.671],[27.636,40.672],[27.6381,40.6715],[27.6407,40.6701],[27.6438,40.668],[27.6459,40.667],[27.647,40.6671],[27.6478,40.6666],[27.6482,40.6655],[27.6487,40.6652],[27.6492,40.6657],[27.6498,40.6656],[27.6503,40.665],[27.651,40.6648],[27.6521,40.6649],[27.6529,40.6648],[27.6534,40.6643],[27.6539,40.6643],[27.6544,40.665],[27.6563,40.6658],[27.6594,40.6669],[27.6617,40.6668],[27.6633,40.6656],[27.6651,40.6652],[27.6672,40.6656],[27.6695,40.6666],[27.6721,40.6681],[27.6755,40.6689],[27.6797,40.669],[27.6831,40.6685],[27.6857,40.6676],[27.6869,40.6667],[27.6866,40.6656],[27.6873,40.6643],[27.6888,40.6628],[27.6956,40.6607],[27.7078,40.6581],[27.715,40.6564],[27.7171,40.6555],[27.7184,40.6547],[27.7189,40.654],[27.7218,40.6528],[27.7271,40.6511],[27.7323,40.6501],[27.7375,40.65],[27.7414,40.6498],[27.744,40.6493],[27.7455,40.6478],[27.7458,40.6455],[27.7471,40.6429],[27.7494,40.6401],[27.7516,40.6396],[27.7537,40.6413],[27.7558,40.6425],[27.7579,40.6432],[27.7597,40.6437],[27.7612,40.6438],[27.763,40.6433],[27.7651,40.6422],[27.7669,40.64],[27.7684,40.6366],[27.7692,40.6339],[27.7695,40.6317],[27.7693,40.6296],[27.7686,40.6274],[27.7672,40.6253],[27.7651,40.6232],[27.7631,40.6219],[27.761,40.6213],[27.7583,40.6212],[27.7552,40.6217],[27.7528,40.6227],[27.7513,40.6244],[27.75,40.6248],[27.7491,40.6239],[27.748,40.6221],[27.7468,40.6195],[27.7449,40.618],[27.7424,40.6175],[27.7388,40.6158],[27.7341,40.6129],[27.7279,40.6097],[27.72,40.6062],[27.7138,40.6039],[27.7091,40.6028],[27.7003,40.5996],[27.6872,40.5943],[27.6799,40.5916],[27.6783,40.5913],[27.6765,40.5904],[27.6744,40.589],[27.6732,40.5884],[27.6727,40.5885],[27.6724,40.5881],[27.6724,40.5873],[27.6719,40.5871],[27.6708,40.5874],[27.6703,40.5871],[27.6703,40.586],[27.6688,40.5844],[27.6657,40.5823],[27.6602,40.5801],[27.6523,40.5779],[27.645,40.575],[27.6383,40.5713],[27.6328,40.5692],[27.6287,40.5685],[27.6263,40.5685],[27.6258,40.569],[27.6245,40.5685],[27.6224,40.5672],[27.6193,40.5662],[27.6151,40.5655],[27.613,40.5651],[27.613,40.5651],[27.612,40.565]],[[27.4971,40.4564],[27.4945,40.456],[27.4917,40.456],[27.4886,40.4563],[27.4857,40.457],[27.4832,40.4583],[27.481,40.4597],[27.4793,40.4612],[27.4779,40.4633],[27.4769,40.4659],[27.4761,40.4693],[27.4756,40.4734],[27.475,40.4758],[27.4744,40.4763],[27.4731,40.4789],[27.4711,40.4836],[27.4698,40.4875],[27.4691,40.4906],[27.4689,40.4938],[27.4691,40.4968],[27.4695,40.4992],[27.4702,40.5008],[27.4713,40.5024],[27.473,40.5039],[27.4735,40.5052],[27.4728,40.5063],[27.4714,40.5073],[27.4695,40.5084],[27.4684,40.5097],[27.4682,40.5112],[27.4686,40.5136],[27.4695,40.5167],[27.4713,40.519],[27.4741,40.5207],[27.476,40.5226],[27.4771,40.5249],[27.4774,40.5264],[27.4769,40.5272],[27.4748,40.528],[27.4711,40.5289],[27.4688,40.5291],[27.4677,40.5286],[27.4669,40.5286],[27.4664,40.5291],[27.4656,40.529],[27.4646,40.5285],[27.4636,40.5283],[27.4625,40.5286],[27.4612,40.53],[27.4596,40.5326],[27.4585,40.5357],[27.4578,40.5393],[27.458,40.5432],[27.4589,40.5474],[27.4608,40.5508],[27.4636,40.5534],[27.4687,40.5558],[27.476,40.5579],[27.4844,40.5596],[27.4937,40.5609],[27.5013,40.561],[27.507,40.5599],[27.5117,40.5576],[27.5154,40.5541],[27.5174,40.5515],[27.518,40.5499],[27.5213,40.5468],[27.5276,40.5421],[27.5331,40.539],[27.5378,40.5377],[27.5417,40.5361],[27.5448,40.5344],[27.5493,40.533],[27.555,40.5322],[27.5583,40.5312],[27.5592,40.5302],[27.5598,40.5289],[27.5599,40.5274],[27.5605,40.5258],[27.5614,40.5242],[27.5621,40.5224],[27.5626,40.5203],[27.5627,40.5185],[27.5626,40.5169],[27.5619,40.5156],[27.5606,40.5146],[27.5601,40.5138],[27.5606,40.5133],[27.5597,40.5117],[27.5576,40.5091],[27.5567,40.5076],[27.557,40.5071],[27.5554,40.5052],[27.5519,40.5021],[27.5503,40.4979],[27.5506,40.4927],[27.55,40.4883],[27.5485,40.4846],[27.5466,40.4818],[27.5441,40.4797],[27.5421,40.4776],[27.5408,40.4758],[27.5388,40.474],[27.5362,40.4723],[27.5347,40.4717],[27.5341,40.4722],[27.5336,40.472],[27.5331,40.4713],[27.53,40.4703],[27.5243,40.469],[27.5196,40.4677],[27.5159,40.4663],[27.5115,40.4639],[27.5062,40.4605],[27.5023,40.4583],[27.4997,40.4572],[27.4984,40.4566],[27.4984,40.4566],[27.4971,40.4564]]],[[[27.0314,40.0297],[27.0307,40.0297],[27.0307,40.0297],[27.0314,40.0297],[27.0317,40.0297],[27.0317,40.0297],[27.0314,40.0297]]]]}},{"type":"Feature","properties":{"depth":25,"kind":"isobath"},"geometry":{"type":"MultiLineString","coordinates":[[[27.933,40.9599],[27.933,40.9597],[27.9329,40.9594],[27.9329,40.9594],[27.933,40.9597],[27.933,40.9599]],[[27.4679,40.8776],[27.4677,40.8776],[27.4672,40.8776],[27.4672,40.8776],[27.4677,40.8776],[27.4679,40.8776]],[[27.5172,40.6276],[27.5172,40.6274],[27.5172,40.6271],[27.5172,40.6271],[27.5172,40.6274],[27.5172,40.6276]],[[27.519,40.6141],[27.5188,40.6143],[27.5184,40.6146],[27.5181,40.6146],[27.5179,40.6143],[27.5181,40.6141],[27.5187,40.6141],[27.519,40.6141]],[[27.6666,40.5911],[27.6665,40.591],[27.6662,40.5907],[27.6662,40.5907],[27.6665,40.591],[27.6666,40.5911]],[[27.6735,40.5901],[27.6732,40.5901],[27.6726,40.5901],[27.6726,40.5901],[27.6732,40.5901],[27.6735,40.5901]],[[27.5799,40.5214],[27.5799,40.5215],[27.5798,40.5218],[27.5798,40.5218],[27.5799,40.5215],[27.5799,40.5214]],[[27.7448,40.5193],[27.7447,40.5196],[27.7444,40.5201],[27.7442,40.5201],[27.7439,40.5196],[27.7441,40.5193],[27.7446,40.5193],[27.7448,40.5193]],[[27.5829,40.4609],[27.5826,40.4609],[27.582,40.4609],[27.582,40.4609],[27.5826,40.4609],[27.5829,40.4609]],[[27.7287,40.4401],[27.7285,40.4401],[27.7282,40.4401],[27.7282,40.4401],[27.7285,40.4401],[27.7287,40.4401]],[[27.9751,40.412],[27.9748,40.412],[27.9743,40.412],[27.9741,40.4118],[27.9744,40.4113],[27.9746,40.4113],[27.975,40.4118],[27.9751,40.412]],[[27.0272,40.4068],[27.0269,40.4068],[27.0262,40.4068],[27.0262,40.4068],[27.0269,40.4068],[27.0272,40.4068]],[[27.7696,40.3974],[27.7694,40.3974],[27.7689,40.3974],[27.7688,40.3971],[27.7691,40.3967],[27.7694,40.3967],[27.7695,40.3971],[27.7696,40.3974]],[[27.9643,40.3714],[27.9695,40.3729],[27.9798,40.376],[27.9886,40.3781],[27.9959,40.3792],[27.9995,40.3909],[27.9995,40.4132],[27.9964,40.4229],[27.9901,40.4202],[27.9839,40.4168],[27.9776,40.4128],[27.9742,40.411],[27.9737,40.4113],[27.9729,40.4112],[27.9719,40.4108],[27.9703,40.4107],[27.9683,40.4109],[27.9667,40.4113],[27.9656,40.4118],[27.9649,40.4118],[27.9643,40.4111],[27.9638,40.4109],[27.9633,40.4111],[27.9623,40.4104],[27.9609,40.4087],[27.9578,40.4059],[27.9529,40.402],[27.9455,40.3979],[27.9355,40.3934],[27.9303,40.3903],[27.9299,40.3888],[27.9311,40.3859],[27.9339,40.3818],[27.936,40.3792],[27.9373,40.3781],[27.9417,40.376],[27.949,40.3727],[27.9555,40.3712],[27.9614,40.3713],[27.9643,40.3714]],[[27.8403,40.3703],[27.8406,40.3706],[27.8412,40.3711],[27.8412,40.3717],[27.8404,40.3722],[27.8396,40.3722],[27.8386,40.3717],[27.8387,40.3711],[27.8398,40.3706],[27.8403,40.3703]],[[27.0005,40.3985],[27.0049,40.3996],[27.0138,40.4018],[27.0185,40.4028],[27.019,40.4026],[27.0209,40.4033],[27.024,40.4048],[27.0255,40.4059],[27.0254,40.4065],[27.0259,40.4073],[27.0268,40.4084],[27.0272,40.4092],[27.0271,40.4097],[27.0273,40.4102],[27.028,40.4106],[27.0288,40.4122],[27.0297,40.4148],[27.0311,40.417],[27.033,40.4187],[27.0349,40.4201],[27.037,40.4212],[27.0406,40.4224],[27.0458,40.4237],[27.0489,40.425],[27.05,40.4263],[27.0506,40.4276],[27.0507,40.429],[27.052,40.431],[27.0546,40.4336],[27.0621,40.4375],[27.0745,40.4428],[27.082,40.4472],[27.0846,40.4509],[27.0875,40.4536],[27.0906,40.4555],[27.0948,40.4566],[27.1,40.4571],[27.1039,40.4567],[27.1065,40.4556],[27.1091,40.4559],[27.1117,40.4577],[27.1148,40.4592],[27.1185,40.4604],[27.1224,40.4611],[27.1265,40.4612],[27.1312,40.4621],[27.1365,40.4636],[27.1404,40.4645],[27.143,40.4646],[27.1485,40.4635],[27.1568,40.4614],[27.1674,40.4573],[27.1805,40.4513],[27.188,40.4479],[27.1901,40.447],[27.1919,40.4466],[27.1935,40.4465],[27.1948,40.4467],[27.1959,40.447],[27.1969,40.4478],[27.1979,40.449],[27.2008,40.4505],[27.2055,40.4523],[27.2133,40.4549],[27.2242,40.4582],[27.237,40.4625],[27.2516,40.4679],[27.2594,40.471],[27.2604,40.472],[27.2612,40.4724],[27.2617,40.4723],[27.262,40.4725],[27.2621,40.4731],[27.2631,40.4744],[27.2651,40.4765],[27.2674,40.4783],[27.2701,40.4797],[27.2737,40.4812],[27.2784,40.4826],[27.2825,40.4833],[27.2862,40.4834],[27.2893,40.4828],[27.2919,40.4816],[27.2951,40.4783],[27.2989,40.473],[27.3018,40.4694],[27.3037,40.4675],[27.3084,40.4643],[27.3158,40.46],[27.3205,40.457],[27.3224,40.4553],[27.3245,40.4535],[27.3266,40.4515],[27.3291,40.4476],[27.3322,40.442],[27.335,40.4383],[27.3374,40.4367],[27.3388,40.4356],[27.339,40.435],[27.3396,40.4347],[27.3406,40.4346],[27.3422,40.4338],[27.3443,40.4322],[27.3464,40.4294],[27.3485,40.4254],[27.3505,40.4203],[27.3524,40.414],[27.3537,40.409],[27.3544,40.4052],[27.3557,40.4026],[27.3577,40.4012],[27.3593,40.3998],[27.3604,40.3983],[27.3638,40.3961],[27.3695,40.3932],[27.3737,40.3922],[27.3763,40.3933],[27.3809,40.3937],[27.3874,40.3934],[27.3919,40.392],[27.3942,40.3897],[27.3987,40.3871],[27.4055,40.3842],[27.4099,40.3813],[27.4118,40.3782],[27.4149,40.3745],[27.4192,40.3703],[27.4218,40.3671],[27.4229,40.3649],[27.4247,40.3631],[27.4273,40.3616],[27.4299,40.3596],[27.4326,40.3568],[27.4355,40.3551],[27.4386,40.3544],[27.4438,40.3522],[27.4511,40.3487],[27.4584,40.3461],[27.4657,40.3445],[27.4703,40.3437],[27.4724,40.3436],[27.4753,40.343],[27.4792,40.3417],[27.4823,40.3403],[27.4847,40.3387],[27.488,40.3373],[27.4922,40.336],[27.4961,40.3354],[27.4998,40.3355],[27.5029,40.3351],[27.5055,40.3343],[27.5097,40.334],[27.5154,40.3341],[27.5195,40.3337],[27.5221,40.3328],[27.5276,40.3324],[27.5359,40.3323],[27.544,40.3327],[27.5518,40.3336],[27.5575,40.3339],[27.5612,40.3336],[27.5651,40.3347],[27.5693,40.3371],[27.5735,40.3388],[27.5776,40.3399],[27.5821,40.3419],[27.5868,40.3448],[27.5904,40.3466],[27.593,40.3476],[27.5964,40.348],[27.6005,40.3479],[27.6044,40.3474],[27.6081,40.3463],[27.6151,40.346],[27.6255,40.3463],[27.6333,40.3462],[27.6385,40.3455],[27.6437,40.3442],[27.649,40.3423],[27.6537,40.341],[27.6578,40.3402],[27.6628,40.3376],[27.6685,40.3333],[27.6737,40.3304],[27.6784,40.329],[27.6818,40.3282],[27.6839,40.3279],[27.6888,40.3283],[27.6966,40.3294],[27.7044,40.33],[27.7122,40.3301],[27.7174,40.3299],[27.7201,40.3294],[27.723,40.3283],[27.7261,40.3266],[27.7292,40.3254],[27.7323,40.3245],[27.7398,40.3236],[27.7516,40.3228],[27.7575,40.3224],[27.7575,40.3224],[27.7618,40.3237],[27.7703,40.3262],[27.7763,40.3291],[27.78,40.3325],[27.7831,40.3351],[27.7857,40.3368],[27.788,40.338],[27.7901,40.3387],[27.7919,40.3399],[27.7935,40.3417],[27.7995,40.3465],[27.8099,40.3545],[27.8206,40.3614],[27.8315,40.3673],[27.8372,40.3708],[27.8377,40.3719],[27.8351,40.3736],[27.8294,40.376],[27.8258,40.3772],[27.8242,40.3771],[27.8219,40.3765],[27.8188,40.3754],[27.8156,40.3736],[27.8125,40.3711],[27.8083,40.3687],[27.8031,40.3664],[27.8005,40.3649],[27.8004,40.3644],[27.7994,40.3633],[27.7975,40.3617],[27.7952,40.3604],[27.7925,40.3593],[27.7893,40.3586],[27.7857,40.3582],[27.7816,40.3587],[27.7769,40.36],[27.7745,40.3613],[27.7745,40.3624],[27.774,40.3629],[27.7729,40.3629],[27.7716,40.3642],[27.7701,40.3667],[27.7688,40.3696],[27.7677,40.3729],[27.7671,40.3761],[27.7672,40.3791],[27.7676,40.381],[27.7683,40.3815],[27.7687,40.3826],[27.7689,40.3841],[27.7695,40.3854],[27.7704,40.3865],[27.7712,40.388],[27.7719,40.3901],[27.7715,40.3924],[27.77,40.3951],[27.7675,40.3975],[27.7638,40.3996],[27.7589,40.4032],[27.7527,40.4083],[27.7477,40.4117],[27.744,40.4133],[27.7406,40.4154],[27.7375,40.418],[27.7348,40.4211],[27.7325,40.4248],[27.7313,40.4287],[27.731,40.4328],[27.7305,40.4352],[27.7295,40.4356],[27.7293,40.4362],[27.7299,40.4367],[27.7295,40.4378],[27.7282,40.4393],[27.7268,40.4398],[27.7253,40.4392],[27.7214,40.4394],[27.7151,40.4405],[27.7112,40.4414],[27.7097,40.4421],[27.7081,40.443],[27.7065,40.4439],[27.7026,40.4472],[27.6963,40.453],[27.6928,40.4564],[27.6919,40.4573],[27.6913,40.4582],[27.6912,40.459],[27.6901,40.4587],[27.688,40.4572],[27.6862,40.4565],[27.6847,40.4567],[27.6839,40.4565],[27.6839,40.456],[27.6836,40.4557],[27.6831,40.4556],[27.6826,40.4522],[27.6821,40.4456],[27.6812,40.4409],[27.6798,40.4383],[27.6772,40.4358],[27.6733,40.4333],[27.6698,40.4318],[27.6667,40.4313],[27.6636,40.431],[27.6605,40.4311],[27.6568,40.4316],[27.6526,40.4326],[27.6484,40.4345],[27.6443,40.4374],[27.638,40.4402],[27.6295,40.4429],[27.6243,40.4444],[27.6224,40.4448],[27.6188,40.4446],[27.6135,40.4442],[27.6088,40.4444],[27.6047,40.4455],[27.6018,40.4457],[27.6003,40.4453],[27.5979,40.4451],[27.5948,40.4453],[27.5904,40.4467],[27.5847,40.4492],[27.5815,40.451],[27.581,40.4519],[27.5805,40.4524],[27.5799,40.4524],[27.5789,40.4517],[27.5774,40.4501],[27.5756,40.4493],[27.5735,40.4493],[27.5706,40.4485],[27.5669,40.4471],[27.563,40.4466],[27.5589,40.4469],[27.5553,40.4484],[27.5523,40.4512],[27.5501,40.4539],[27.5488,40.4565],[27.548,40.4589],[27.5477,40.461],[27.5477,40.463],[27.548,40.4651],[27.5497,40.4685],[27.5527,40.4731],[27.5556,40.4765],[27.5585,40.4784],[27.562,40.4797],[27.5661,40.4804],[27.5688,40.4812],[27.5701,40.4823],[27.5706,40.4834],[27.5704,40.4845],[27.5695,40.4852],[27.568,40.4855],[27.5669,40.4867],[27.5664,40.4888],[27.5659,40.4898],[27.5654,40.4895],[27.5646,40.4898],[27.5635,40.4908],[27.5626,40.4926],[27.5617,40.4951],[27.5614,40.4974],[27.5617,40.4995],[27.5623,40.5013],[27.5632,40.5028],[27.5636,40.5052],[27.5637,40.5083],[27.5645,40.5115],[27.566,40.5146],[27.5675,40.5169],[27.5688,40.5185],[27.5693,40.5196],[27.569,40.5201],[27.5693,40.5216],[27.5702,40.5242],[27.5717,40.5276],[27.5737,40.5318],[27.577,40.5348],[27.5816,40.5366],[27.586,40.5373],[27.5901,40.537],[27.5934,40.5361],[27.5957,40.5346],[27.5976,40.5331],[27.5989,40.5316],[27.5999,40.5292],[27.6007,40.5261],[27.6016,40.5245],[27.6027,40.5245],[27.6033,40.5241],[27.6035,40.5234],[27.6052,40.5226],[27.6083,40.5219],[27.612,40.5218],[27.6161,40.5223],[27.6198,40.5224],[27.6229,40.522],[27.6253,40.5214],[27.6268,40.5206],[27.6285,40.5195],[27.6302,40.518],[27.6315,40.5164],[27.6322,40.5149],[27.6329,40.5142],[27.6336,40.5144],[27.6344,40.5139],[27.6354,40.5126],[27.6375,40.5115],[27.6406,40.5107],[27.6451,40.5103],[27.6508,40.5102],[27.6544,40.5098],[27.656,40.5091],[27.6584,40.5043],[27.6615,40.4955],[27.6633,40.4901],[27.6638,40.488],[27.6639,40.4862],[27.6637,40.4847],[27.664,40.4834],[27.6649,40.4823],[27.6663,40.4815],[27.6683,40.4809],[27.6691,40.4809],[27.6687,40.4815],[27.6691,40.4821],[27.6704,40.4825],[27.6714,40.4859],[27.6721,40.4922],[27.6734,40.4987],[27.6753,40.5055],[27.6791,40.511],[27.685,40.5151],[27.6916,40.521],[27.6989,40.5287],[27.7044,40.5331],[27.7081,40.5343],[27.7125,40.5344],[27.7177,40.5332],[27.7242,40.5332],[27.732,40.5343],[27.7375,40.5346],[27.7406,40.5342],[27.7453,40.5346],[27.7516,40.5359],[27.7576,40.5357],[27.7633,40.5341],[27.7672,40.5335],[27.7693,40.534],[27.7729,40.534],[27.7781,40.5336],[27.7815,40.533],[27.7831,40.5322],[27.7844,40.5308],[27.7853,40.5287],[27.7864,40.5274],[27.7875,40.5269],[27.7885,40.5267],[27.7896,40.5268],[27.7906,40.5273],[27.7917,40.5283],[27.793,40.5289],[27.7945,40.529],[27.7979,40.5285],[27.8031,40.5275],[27.8088,40.5272],[27.8151,40.5279],[27.82,40.5278],[27.8237,40.5269],[27.8273,40.5264],[27.831,40.5262],[27.8339,40.5257],[27.8359,40.5248],[27.8396,40.5248],[27.8448,40.5255],[27.8529,40.5259],[27.8638,40.5261],[27.8732,40.5254],[27.881,40.5241],[27.887,40.5233],[27.8911,40.5231],[27.895,40.5222],[27.8987,40.5207],[27.9047,40.5198],[27.913,40.5196],[27.9201,40.519],[27.9258,40.518],[27.9341,40.5159],[27.945,40.5127],[27.9523,40.5113],[27.956,40.5117],[27.9586,40.5118],[27.9601,40.5114],[27.9646,40.5099],[27.9719,40.5071],[27.9815,40.5048],[27.9935,40.5029],[27.9995,40.6239],[27.9995,40.8677],[27.9978,40.9874],[27.9944,40.9829],[27.9923,40.9797],[27.9915,40.9776],[27.9906,40.976],[27.9896,40.975],[27.9862,40.9733],[27.9805,40.9709],[27.9768,40.9691],[27.9751,40.9678],[27.9736,40.9662],[27.9721,40.9641],[27.9701,40.9621],[27.9674,40.9602],[27.9646,40.959],[27.9615,40.9583],[27.957,40.9579],[27.9513,40.9578],[27.9448,40.9569],[27.9375,40.9554],[27.9336,40.9551],[27.9331,40.956],[27.9318,40.9559],[27.9297,40.9549],[27.9273,40.9545],[27.9247,40.9548],[27.9226,40.9554],[27.9211,40.9563],[27.9207,40.9573],[27.9215,40.9584],[27.9215,40.9591],[27.9207,40.9595],[27.9167,40.9594],[27.9094,40.9587],[27.9044,40.9579],[27.9018,40.957],[27.8982,40.9561],[27.8935,40.9555],[27.8893,40.9553],[27.8857,40.9556],[27.8831,40.9566],[27.8815,40.9583],[27.8797,40.9583],[27.8776,40.9564],[27.8745,40.9558],[27.8703,40.9563],[27.8656,40.9574],[27.8603,40.9591],[27.8572,40.9606],[27.8562,40.962],[27.8557,40.9631],[27.8557,40.9639],[27.8549,40.9651],[27.8534,40.9666],[27.8497,40.9693],[27.844,40.9732],[27.8323,40.9768],[27.8146,40.9799],[27.8003,40.9826],[27.7894,40.9851],[27.7823,40.9863],[27.7792,40.9862],[27.7763,40.9864],[27.7737,40.9868],[27.7693,40.9869],[27.763,40.9864],[27.7578,40.9865],[27.7537,40.9871],[27.7469,40.987],[27.7375,40.9863],[27.7302,40.9847],[27.725,40.9823],[27.7175,40.9799],[27.7076,40.9775],[27.6982,40.976],[27.6893,40.9755],[27.675,40.9756],[27.6552,40.9763],[27.6359,40.9749],[27.6172,40.9714],[27.6047,40.9693],[27.5984,40.9684],[27.5914,40.9679],[27.5836,40.9677],[27.5735,40.9662],[27.561,40.9636],[27.5492,40.9618],[27.5383,40.9609],[27.5307,40.9596],[27.5266,40.958],[27.5231,40.9561],[27.5202,40.9538],[27.5155,40.9508],[27.509,40.9471],[27.5018,40.9387],[27.494,40.9254],[27.4889,40.9176],[27.4864,40.9153],[27.4841,40.9102],[27.4819,40.9023],[27.4788,40.8958],[27.4747,40.8906],[27.4722,40.8867],[27.4714,40.8841],[27.4702,40.8818],[27.4687,40.8797],[27.4678,40.877],[27.4677,40.874],[27.4674,40.8722],[27.4669,40.8717],[27.4666,40.8711],[27.4667,40.8706],[27.4671,40.8701],[27.4678,40.8698],[27.4686,40.8698],[27.4693,40.8701],[27.4695,40.8693],[27.4692,40.8672],[27.4665,40.8609],[27.4616,40.8505],[27.4554,40.8422],[27.448,40.8359],[27.4438,40.8328],[27.4427,40.8328],[27.4409,40.8315],[27.4383,40.8289],[27.4362,40.8273],[27.4347,40.8269],[27.4323,40.8256],[27.4292,40.8235],[27.4274,40.8226],[27.4269,40.8229],[27.4256,40.8219],[27.4235,40.8194],[27.4216,40.8179],[27.4201,40.8175],[27.4188,40.8167],[27.4177,40.8156],[27.4164,40.815],[27.4149,40.8149],[27.4128,40.8138],[27.4102,40.8119],[27.4068,40.81],[27.4026,40.8082],[27.3992,40.8063],[27.3966,40.8044],[27.3945,40.8024],[27.393,40.8005],[27.3906,40.7988],[27.3875,40.7973],[27.3833,40.7939],[27.3781,40.7886],[27.3738,40.7846],[27.3704,40.782],[27.3681,40.7797],[27.3668,40.7776],[27.3656,40.7765],[27.3646,40.7762],[27.3625,40.7743],[27.3594,40.7708],[27.3555,40.7674],[27.3508,40.7641],[27.3473,40.7603],[27.3451,40.7558],[27.3442,40.7513],[27.3445,40.7466],[27.3444,40.743],[27.3441,40.7404],[27.3437,40.7388],[27.3432,40.7383],[27.3431,40.7375],[27.3434,40.7364],[27.343,40.7346],[27.3419,40.732],[27.3387,40.7271],[27.3336,40.7198],[27.3308,40.7151],[27.3303,40.713],[27.3292,40.7102],[27.3275,40.7067],[27.3232,40.7015],[27.3164,40.6947],[27.3109,40.6898],[27.3068,40.6869],[27.2998,40.6829],[27.2899,40.6779],[27.2815,40.673],[27.2748,40.6681],[27.2683,40.6644],[27.2621,40.6621],[27.2561,40.6584],[27.2503,40.6535],[27.2458,40.6504],[27.2427,40.6491],[27.2396,40.6484],[27.2365,40.6482],[27.2302,40.6463],[27.2208,40.6426],[27.214,40.6395],[27.2099,40.637],[27.205,40.6346],[27.1993,40.6321],[27.1942,40.6287],[27.1899,40.6245],[27.1865,40.6217],[27.184,40.6201],[27.1805,40.619],[27.1758,40.618],[27.1674,40.6147],[27.1555,40.6089],[27.1484,40.6058],[27.1464,40.6054],[27.1445,40.6053],[27.143,40.6055],[27.1399,40.6048],[27.1352,40.6031],[27.131,40.6022],[27.1273,40.6022],[27.125,40.602],[27.1239,40.6016],[27.1227,40.6007],[27.1212,40.5991],[27.1196,40.5981],[27.118,40.5977],[27.113,40.5968],[27.1047,40.5956],[27.0997,40.5951],[27.0982,40.5951],[27.0953,40.5946],[27.0912,40.5933],[27.0857,40.5923],[27.0789,40.5916],[27.0732,40.5904],[27.0685,40.5889],[27.0596,40.5849],[27.0466,40.5784],[27.0379,40.5727],[27.0336,40.5676],[27.028,40.5633],[27.0211,40.5596],[27.0152,40.5555],[27.0103,40.5508],[27.0079,40.5484]],[[27.4891,40.6286],[27.4875,40.6288],[27.4844,40.6291],[27.4818,40.63],[27.4797,40.6313],[27.4777,40.6332],[27.4758,40.6357],[27.4746,40.6383],[27.4743,40.6409],[27.4746,40.6433],[27.4755,40.6454],[27.4769,40.6473],[27.4788,40.6491],[27.4834,40.6512],[27.4907,40.6536],[27.4946,40.6545],[27.4951,40.6539],[27.4951,40.6531],[27.4944,40.6521],[27.4945,40.6511],[27.4952,40.65],[27.4957,40.6485],[27.4961,40.6464],[27.4961,40.6432],[27.4956,40.6391],[27.4957,40.6365],[27.4962,40.6354],[27.4957,40.6334],[27.494,40.6305],[27.4922,40.6289],[27.4901,40.6287],[27.4891,40.6286]],[[27.613,40.5651],[27.612,40.565],[27.6099,40.5647],[27.6073,40.5649],[27.6042,40.5654],[27.6011,40.5664],[27.598,40.5678],[27.5959,40.5694],[27.5948,40.5711],[27.5938,40.5713],[27.5928,40.57],[27.592,40.5694],[27.5914,40.5698],[27.5906,40.5695],[27.5896,40.5686],[27.5886,40.5686],[27.5875,40.5693],[27.5862,40.569],[27.5847,40.5676],[27.5831,40.5668],[27.5815,40.5666],[27.5805,40.5667],[27.5799,40.567],[27.5792,40.5668],[27.5781,40.5661],[27.5771,40.5657],[27.576,40.5656],[27.5747,40.5656],[27.5732,40.5658],[27.5706,40.5666],[27.5669,40.5681],[27.563,40.5702],[27.5589,40.5731],[27.5547,40.5751],[27.5505,40.5762],[27.545,40.5794],[27.5383,40.5845],[27.5344,40.5869],[27.5333,40.5864],[27.532,40.5865],[27.5305,40.587],[27.5281,40.5882],[27.5248,40.5901],[27.5215,40.5953],[27.5183,40.6036],[27.517,40.6091],[27.5175,40.6117],[27.5176,40.6133],[27.5171,40.6138],[27.518,40.6148],[27.5203,40.6161],[27.5215,40.6171],[27.5217,40.6179],[27.5211,40.6185],[27.5197,40.619],[27.5192,40.6196],[27.5196,40.6201],[27.5191,40.6214],[27.5176,40.6235],[27.517,40.625],[27.5171,40.6261],[27.5168,40.6269],[27.5161,40.6274],[27.5163,40.6284],[27.5176,40.6299],[27.5185,40.632],[27.519,40.6346],[27.5198,40.637],[27.5209,40.6391],[27.5211,40.6404],[27.5204,40.6409],[27.5205,40.6427],[27.5213,40.6458],[27.5224,40.6487],[27.5238,40.6513],[27.5255,40.6534],[27.5276,40.6549],[27.5294,40.6558],[27.531,40.6559],[27.5326,40.6563],[27.5341,40.6571],[27.5357,40.6582],[27.5372,40.6596],[27.5401,40.661],[27.5443,40.6624],[27.5477,40.6632],[27.5503,40.6635],[27.5529,40.6634],[27.5555,40.6629],[27.5572,40.6625],[27.5579,40.6622],[27.5585,40.6612],[27.559,40.6597],[27.5604,40.6582],[27.5629,40.6567],[27.5644,40.6561],[27.5649,40.6562],[27.5659,40.6575],[27.5674,40.6598],[27.5706,40.6611],[27.5753,40.6616],[27.5794,40.6617],[27.5831,40.6614],[27.5875,40.6616],[27.5927,40.6623],[27.5977,40.6633],[27.6024,40.6647],[27.606,40.6653],[27.6086,40.665],[27.6125,40.6655],[27.6177,40.6666],[27.624,40.6685],[27.6313,40.671],[27.636,40.672],[27.6381,40.6715],[27.6407,40.6701],[27.6438,40.668],[27.6459,40.667],[27.647,40.6671],[27.6478,40.6666],[27.6482,40.6655],[27.6487,40.6652],[27.6492,40.6657],[27.6498,40.6656],[27.6503,40.665],[27.651,40.6648],[27.6521,40.6649],[27.6529,40.6648],[27.6534,40.6643],[27.6539,40.6643],[27.6544,40.665],[27.6563,40.6658],[27.6594,40.6669],[27.6617,40.6668],[27.6633,40.6656],[27.6651,40.6652],[27.6672,40.6656],[27.6695,40.6666],[27.6721,40.6681],[27.6755,40.6689],[27.6797,40.669],[27.6831,40.6685],[27.6857,40.6676],[27.6869,40.6667],[27.6866,40.6656],[27.6873,40.6643],[27.6888,40.6628],[27.6956,40.6607],[27.7078,40.6581],[27.715,40.6564],[27.7171,40.6555],[27.7184,40.6547],[27.7189,40.654],[27.7218,40.6528],[27.7271,40.6511],[27.7323,40.6501],[27.7375,40.65],[27.7414,40.6498],[27.744,40.6493],[27.7455,40.6478],[27.7458,40.6455],[27.7471,40.6429],[27.7494,40.6401],[27.7516,40.6396],[27.7537,40.6413],[27.7558,40.6425],[27.7579,40.6432],[27.7597,40.6437],[27.7612,40.6438],[27.763,40.6433],[27.7651,40.6422],[27.7669,40.64],[27.7684,40.6366],[27.7692,40.6339],[27.7695,40.6317],[27.7693,40.6296],[27.7686,40.6274],[27.7672,40.6253],[27.7651,40.6232],[27.7631,40.6219],[27.761,40.6213],[27.7583,40.6212],[27.7552,40.6217],[27.7528,40.6227],[27.7513,40.6244],[27.75,40.6248],[27.7491,40.6239],[27.748,40.6221],[27.7468,40.6195],[27.7449,40.618],[27.7424,40.6175],[27.7388,40.6158],[27.7341,40.6129],[27.7279,40.6097],[27.72,40.6062],[27.7138,40.6039],[27.7091,40.6028],[27.7003,40.5996],[27.6872,40.5943],[27.6799,40.5916],[27.6783,40.5913],[27.6765,40.5904],[27.6744,40.589],[27.6732,40.5884],[27.6727,40.5885],[27.6724,40.5881],[27.6724,40.5873],[27.6719,40.5871],[27.6708,40.5874],[27.6703,40.5871],[27.6703,40.586],[27.6688,40.5844],[27.6657,40.5823],[27.6602,40.5801],[27.6523,40.5779],[27.645,40.575],[27.6383,40.5713],[27.6328,40.5692],[27.6287,40.5685],[27.6263,40.5685],[27.6258,40.569],[27.6245,40.5685],[27.6224,40.5672],[27.6193,40.5662],[27.6151,40.5655],[27.613,40.5651]],[[27.4984,40.4566],[27.4971,40.4564],[27.4945,40.456],[27.4917,40.456],[27.4886,40.4563],[27.4857,40.457],[27.4832,40.4583],[27.481,40.4597],[27.4793,40.4612],[27.4779,40.4633],[27.4769,40.4659],[27.4761,40.4693],[27.4756,40.4734],[27.475,40.4758],[27.4744,40.4763],[27.4731,40.4789],[27.4711,40.4836],[27.4698,40.4875],[27.4691,40.4906],[27.4689,40.4938],[27.4691,40.4968],[27.4695,40.4992],[27.4702,40.5008],[27.4713,40.5024],[27.473,40.5039],[27.4735,40.5052],[27.4728,40.5063],[27.4714,40.5073],[27.4695,40.5084],[27.4684,40.5097],[27.4682,40.5112],[27.4686,40.5136],[27.4695,40.5167],[27.4713,40.519],[27.4741,40.5207],[27.476,40.5226],[27.4771,40.5249],[27.4774,40.5264],[27.4769,40.5272],[27.4748,40.528],[27.4711,40.5289],[27.4688,40.5291],[27.4677,40.5286],[27.4669,40.5286],[27.4664,40.5291],[27.4656,40.529],[27.4646,40.5285],[27.4636,40.5283],[27.4625,40.5286],[27.4612,40.53],[27.4596,40.5326],[27.4585,40.5357],[27.4578,40.5393],[27.458,40.5432],[27.4589,40.5474],[27.4608,40.5508],[27.4636,40.5534],[27.4687,40.5558],[27.476,40.5579],[27.4844,40.5596],[27.4937,40.5609],[27.5013,40.561],[27.507,40.5599],[27.5117,40.5576],[27.5154,40.5541],[27.5174,40.5515],[27.518,40.5499],[27.5213,40.5468],[27.5276,40.5421],[27.5331,40.539],[27.5378,40.5377],[27.5417,40.5361],[27.5448,40.5344],[27.5493,40.533],[27.555,40.5322],[27.5583,40.5312],[27.5592,40.5302],[27.5598,40.5289],[27.5599,40.5274],[27.5605,40.5258],[27.5614,40.5242],[27.5621,40.5224],[27.5626,40.5203],[27.5627,40.5185],[27.5626,40.5169],[27.5619,40.5156],[27.5606,40.5146],[27.5601,40.5138],[27.5606,40.5133],[27.5597,40.5117],[27.5576,40.5091],[27.5567,40.5076],[27.557,40.5071],[27.5554,40.5052],[27.5519,40.5021],[27.5503,40.4979],[27.5506,40.4927],[27.55,40.4883],[27.5485,40.4846],[27.5466,40.4818],[27.5441,40.4797],[27.5421,40.4776],[27.5408,40.4758],[27.5388,40.474],[27.5362,40.4723],[27.5347,40.4717],[27.5341,40.4722],[27.5336,40.472],[27.5331,40.4713],[27.53,40.4703],[27.5243,40.469],[27.5196,40.4677],[27.5159,40.4663],[27.5115,40.4639],[27.5062,40.4605],[27.5023,40.4583],[27.4997,40.4572],[27.4984,40.4566]],[[27.0317,40.0297],[27.0314,40.0297],[27.0307,40.0297],[27.0307,40.0297],[27.0314,40.0297],[27.0317,40.0297]]]}},{"type":"Feature","properties":{"depth":30,"kind":"band"},"geometry":{"type":"MultiPolygon","coordinates":[[[[27.5309,40.6568],[27.5306,40.6568],[27.5306,40.6568],[27.5309,40.6568],[27.531,40.6568],[27.531,40.6568],[27.5309,40.6568]]],[[[27.5179,40.6195],[27.5174,40.62],[27.517,40.62],[27.5165,40.6195],[27.5165,40.6191],[27.517,40.6188],[27.5174,40.6188],[27.5179,40.6191],[27.5181,40.6193],[27.5181,40.6193],[27.5179,40.6195]]],[[[27.5196,40.6183],[27.5187,40.6186],[27.5182,40.6184],[27.5182,40.6177],[27.5187,40.6175],[27.5196,40.618],[27.5201,40.6182],[27.5201,40.6182],[27.5196,40.6183]]],[[[27.674,40.587],[27.6734,40.587],[27.6732,40.5868],[27.6733,40.5865],[27.6736,40.5865],[27.6741,40.5868],[27.6743,40.587],[27.6743,40.587],[27.674,40.587]]],[[[27.6717,40.5858],[27.6715,40.5855],[27.6715,40.5855],[27.6717,40.5858],[27.6718,40.5859],[27.6718,40.5859],[27.6717,40.5858]]],[[[27.5841,40.566],[27.584,40.5657],[27.584,40.5657],[27.5841,40.566],[27.5842,40.5661],[27.5842,40.5661],[27.5841,40.566]]],[[[27.5716,40.5278],[27.5715,40.5281],[27.5712,40.5281],[27.5709,40.5278],[27.5709,40.5276],[27.5714,40.5276],[27.5716,40.5276],[27.5716,40.5276],[27.5716,40.5278]]],[[[27.5625,40.4828],[27.562,40.4828],[27.562,40.4828],[27.5625,40.4828],[27.5628,40.4828],[27.5628,40.4828],[27.5625,40.4828]]],[[[27.568,40.4828],[27.5673,40.4828],[27.5673,40.4828],[27.568,40.4828],[27.5683,40.4828],[27.5683,40.4828],[27.568,40.4828]]],[[[27.7682,40.387],[27.7679,40.387],[27.7679,40.387],[27.7682,40.387],[27.7684,40.387],[27.7684,40.387],[27.7682,40.387]]],[[[27.9696,40.375],[27.9805,40.3782],[27.9893,40.3803],[27.9961,40.3814],[27.9995,40.3919],[27.9995,40.412],[27.9977,40.421],[27.994,40.4189],[27.9914,40.4178],[27.9899,40.4175],[27.9888,40.4171],[27.9883,40.4166],[27.9878,40.4165],[27.9873,40.4168],[27.9862,40.4161],[27.9847,40.4146],[27.9829,40.4133],[27.9808,40.4122],[27.9794,40.4118],[27.9789,40.4119],[27.9776,40.4112],[27.9755,40.4098],[27.9722,40.4091],[27.9675,40.4091],[27.9646,40.409],[27.9635,40.4085],[27.9615,40.4067],[27.9584,40.4033],[27.9558,40.4009],[27.9537,40.3995],[27.9482,40.3966],[27.9395,40.3923],[27.9349,40.3893],[27.9347,40.3878],[27.9351,40.3858],[27.9364,40.3835],[27.9375,40.3818],[27.9386,40.3809],[27.9427,40.3787],[27.95,40.3752],[27.9562,40.3735],[27.9615,40.3734],[27.9641,40.3734],[27.9641,40.3734],[27.9696,40.375]]],[[[27.7622,40.3265],[27.769,40.3284],[27.7745,40.3313],[27.7786,40.3351],[27.7828,40.338],[27.787,40.3401],[27.7891,40.3414],[27.7891,40.3419],[27.7938,40.3456],[27.8031,40.3523],[27.8099,40.3575],[27.814,40.3611],[27.8182,40.3638],[27.8224,40.3655],[27.8259,40.3677],[27.8286,40.3702],[27.8286,40.372],[27.8259,40.3733],[27.824,40.3738],[27.8229,40.3735],[27.8199,40.3718],[27.815,40.3688],[27.8103,40.3662],[27.8058,40.3641],[27.8023,40.3619],[27.7997,40.3598],[27.7961,40.3579],[27.7914,40.3562],[27.7868,40.3555],[27.7821,40.3556],[27.7794,40.3561],[27.7789,40.3569],[27.7782,40.3572],[27.7774,40.3569],[27.7764,40.3571],[27.7751,40.3578],[27.7742,40.3587],[27.7737,40.3598],[27.773,40.3602],[27.7721,40.36],[27.771,40.3607],[27.7697,40.3622],[27.768,40.3651],[27.7659,40.3693],[27.7648,40.3737],[27.7647,40.3784],[27.7656,40.3833],[27.7676,40.3885],[27.7683,40.3918],[27.7676,40.3933],[27.7654,40.3952],[27.7617,40.3975],[27.757,40.401],[27.7513,40.4057],[27.7463,40.4091],[27.742,40.411],[27.7384,40.4133],[27.7354,40.4159],[27.7327,40.419],[27.7302,40.4227],[27.7286,40.4269],[27.7278,40.4316],[27.7269,40.4346],[27.726,40.4359],[27.7234,40.4367],[27.7193,40.4368],[27.7147,40.4377],[27.7096,40.4393],[27.7031,40.4436],[27.6951,40.4506],[27.6909,40.4542],[27.6904,40.4543],[27.6891,40.4534],[27.6871,40.4514],[27.6857,40.4482],[27.685,40.4435],[27.6838,40.4395],[27.6821,40.4365],[27.679,40.4337],[27.6746,40.4312],[27.6706,40.4296],[27.6669,40.4288],[27.6633,40.4286],[27.6596,40.4287],[27.6563,40.4293],[27.6531,40.4303],[27.6513,40.4307],[27.6508,40.4304],[27.6479,40.432],[27.6427,40.4353],[27.6365,40.4382],[27.6292,40.4405],[27.624,40.4418],[27.6209,40.4421],[27.6175,40.442],[27.6138,40.4417],[27.6097,40.442],[27.605,40.4429],[27.6013,40.4432],[27.5987,40.4428],[27.5958,40.4428],[27.5927,40.4431],[27.5888,40.4444],[27.5841,40.4465],[27.5813,40.4481],[27.5802,40.4492],[27.5792,40.4491],[27.5781,40.4478],[27.5763,40.4471],[27.5737,40.447],[27.5706,40.4463],[27.5669,40.4448],[27.5638,40.444],[27.5612,40.444],[27.5594,40.4443],[27.5583,40.4448],[27.5576,40.4448],[27.5571,40.4445],[27.555,40.4459],[27.5513,40.4489],[27.5485,40.4523],[27.5465,40.456],[27.5454,40.4591],[27.5449,40.4617],[27.5451,40.4642],[27.546,40.4665],[27.5466,40.4672],[27.5472,40.4661],[27.5479,40.4674],[27.549,40.4709],[27.5502,40.4737],[27.5515,40.4756],[27.5539,40.4782],[27.5574,40.4812],[27.5588,40.483],[27.5581,40.4833],[27.5573,40.483],[27.5562,40.4821],[27.5553,40.4819],[27.5544,40.4825],[27.5541,40.4836],[27.5545,40.4851],[27.555,40.4859],[27.5555,40.4858],[27.5557,40.4861],[27.5557,40.4867],[27.5562,40.4869],[27.5573,40.4866],[27.5589,40.4868],[27.5612,40.4876],[27.562,40.4883],[27.5615,40.4888],[27.5611,40.4901],[27.5609,40.4922],[27.5604,40.4937],[27.5596,40.4948],[27.5589,40.4969],[27.5583,40.5],[27.559,40.5026],[27.561,40.5046],[27.562,40.5062],[27.5621,40.5073],[27.5618,40.5081],[27.5612,40.5087],[27.559,40.5069],[27.5551,40.5026],[27.5532,40.4979],[27.5531,40.4927],[27.5525,40.4896],[27.5516,40.4885],[27.5508,40.4865],[27.5501,40.4834],[27.5478,40.48],[27.5437,40.4763],[27.5407,40.4734],[27.5389,40.4711],[27.5375,40.4697],[27.5364,40.4691],[27.5357,40.469],[27.5352,40.4693],[27.5346,40.4691],[27.5341,40.4685],[27.531,40.4677],[27.5253,40.4668],[27.5208,40.4657],[27.5177,40.4645],[27.512,40.4616],[27.5037,40.4569],[27.4974,40.4544],[27.4932,40.4539],[27.4888,40.4544],[27.4841,40.4557],[27.4808,40.4572],[27.4787,40.4589],[27.4771,40.4605],[27.4762,40.4622],[27.4752,40.4659],[27.4742,40.4716],[27.4724,40.4771],[27.4697,40.4823],[27.4681,40.4865],[27.4674,40.4896],[27.4673,40.4932],[27.4676,40.4974],[27.468,40.5],[27.4683,40.5011],[27.469,40.5021],[27.4703,40.5031],[27.4699,40.5049],[27.4679,40.5076],[27.4669,40.5107],[27.4669,40.5143],[27.4672,40.5166],[27.4678,40.5177],[27.4684,40.5182],[27.469,40.5181],[27.4704,40.5189],[27.4725,40.5206],[27.4742,40.5222],[27.4755,40.5237],[27.4757,40.5251],[27.4749,40.5263],[27.4735,40.5271],[27.4714,40.5274],[27.4701,40.5278],[27.4696,40.5284],[27.4688,40.5285],[27.4677,40.5281],[27.4667,40.5281],[27.4656,40.5285],[27.4646,40.5283],[27.4635,40.5276],[27.4624,40.5273],[27.4612,40.5275],[27.4599,40.5289],[27.4584,40.5315],[27.4573,40.5344],[27.4564,40.5375],[27.4563,40.5414],[27.457,40.5461],[27.458,40.5495],[27.4593,40.5516],[27.4607,40.5533],[27.4622,40.5546],[27.4674,40.5566],[27.4763,40.5593],[27.4849,40.5612],[27.4932,40.5623],[27.4998,40.5626],[27.5045,40.5621],[27.5084,40.5611],[27.5115,40.5595],[27.5151,40.5561],[27.5193,40.5508],[27.5235,40.5467],[27.5276,40.5436],[27.5341,40.5404],[27.543,40.537],[27.5503,40.5346],[27.556,40.5333],[27.5595,40.5311],[27.5607,40.5281],[27.5619,40.5258],[27.5631,40.5242],[27.5641,40.5222],[27.5648,40.5197],[27.5659,40.5192],[27.5675,40.5207],[27.5683,40.5222],[27.5684,40.5237],[27.5689,40.5248],[27.5698,40.5255],[27.5703,40.5263],[27.5702,40.5272],[27.5708,40.5289],[27.5722,40.5315],[27.5727,40.5331],[27.5724,40.5336],[27.5724,40.5342],[27.5728,40.5347],[27.5752,40.5359],[27.5796,40.5379],[27.5831,40.5391],[27.5857,40.5394],[27.5883,40.5394],[27.5909,40.5391],[27.5939,40.5379],[27.5973,40.5359],[27.5998,40.5339],[27.6013,40.5318],[27.6023,40.5297],[27.6028,40.5276],[27.6034,40.5266],[27.6043,40.5265],[27.6052,40.5259],[27.6063,40.525],[27.6107,40.5245],[27.6185,40.5244],[27.6233,40.5242],[27.625,40.5237],[27.6268,40.5226],[27.6289,40.5211],[27.6301,40.5199],[27.6305,40.519],[27.6312,40.5185],[27.6323,40.5184],[27.6327,40.518],[27.6326,40.5175],[27.6331,40.5169],[27.6344,40.5164],[27.6352,40.5156],[27.6357,40.5145],[27.6377,40.5136],[27.6414,40.5129],[27.6453,40.5125],[27.6495,40.5126],[27.6524,40.5125],[27.6541,40.5122],[27.6558,40.5115],[27.6576,40.5104],[27.6583,40.5094],[27.658,40.5083],[27.6584,40.5068],[27.6595,40.5047],[27.66,40.5034],[27.6599,40.5029],[27.6603,40.5024],[27.6613,40.5019],[27.6622,40.5008],[27.6629,40.4992],[27.6639,40.4953],[27.6652,40.489],[27.6662,40.4854],[27.6669,40.4843],[27.6678,40.4846],[27.6689,40.4862],[27.6699,40.4899],[27.6706,40.4955],[27.6723,40.5018],[27.6747,40.5086],[27.6791,40.5141],[27.6854,40.5182],[27.6915,40.5236],[27.6975,40.53],[27.7018,40.534],[27.7044,40.5353],[27.7068,40.5361],[27.7089,40.5364],[27.7128,40.5361],[27.7185,40.5349],[27.7248,40.5349],[27.7315,40.5359],[27.737,40.5363],[27.7411,40.5362],[27.7461,40.5366],[27.7518,40.5377],[27.7576,40.5373],[27.7633,40.5355],[27.7672,40.5348],[27.7693,40.5353],[27.7732,40.5353],[27.7789,40.5349],[27.7826,40.5343],[27.7841,40.5334],[27.7857,40.5319],[27.7872,40.5301],[27.7898,40.5295],[27.7935,40.5303],[27.7977,40.5302],[27.8024,40.5292],[27.8081,40.529],[27.8148,40.5295],[27.8232,40.529],[27.8331,40.5274],[27.8406,40.5269],[27.8458,40.5275],[27.8542,40.5278],[27.8657,40.5278],[27.8748,40.5272],[27.8815,40.5259],[27.8875,40.525],[27.8927,40.5246],[27.8966,40.5238],[27.8992,40.5225],[27.9047,40.5218],[27.913,40.5215],[27.9198,40.521],[27.925,40.5202],[27.9328,40.5183],[27.9432,40.5153],[27.9515,40.5138],[27.9578,40.5139],[27.9648,40.5124],[27.9727,40.5095],[27.9825,40.5072],[27.9942,40.5055],[27.9999,40.6248],[27.9996,40.8651],[27.9984,40.9841],[27.9962,40.9818],[27.9952,40.9802],[27.9953,40.9791],[27.994,40.9774],[27.9914,40.9751],[27.9878,40.973],[27.9831,40.9712],[27.9795,40.9695],[27.977,40.968],[27.9752,40.9664],[27.974,40.9647],[27.9716,40.9624],[27.9679,40.9597],[27.9643,40.9579],[27.9607,40.9572],[27.9563,40.9567],[27.951,40.9566],[27.9461,40.9559],[27.9414,40.9547],[27.9375,40.954],[27.9344,40.9536],[27.9326,40.9537],[27.9321,40.9542],[27.9308,40.9542],[27.9287,40.9537],[27.9263,40.9539],[27.9237,40.9546],[27.9216,40.9548],[27.9201,40.9547],[27.9193,40.9553],[27.9193,40.9569],[27.9159,40.9573],[27.9091,40.9568],[27.9047,40.9561],[27.9026,40.9552],[27.8998,40.9545],[27.8961,40.954],[27.8912,40.9538],[27.8849,40.9538],[27.8818,40.9544],[27.8818,40.9553],[27.8813,40.956],[27.8802,40.9565],[27.8789,40.956],[27.8774,40.9546],[27.8756,40.9539],[27.8735,40.954],[27.8695,40.9547],[27.8638,40.9559],[27.8604,40.957],[27.8594,40.958],[27.8586,40.9583],[27.8581,40.9579],[27.8571,40.9585],[27.8558,40.9601],[27.855,40.9616],[27.8548,40.9629],[27.8544,40.9635],[27.8539,40.9634],[27.8521,40.9647],[27.849,40.9675],[27.8453,40.97],[27.8412,40.9721],[27.8336,40.974],[27.8227,40.9757],[27.8164,40.9765],[27.8149,40.9764],[27.8133,40.9767],[27.8117,40.9774],[27.8099,40.9776],[27.8078,40.9776],[27.805,40.9781],[27.8013,40.9793],[27.793,40.9808],[27.7799,40.9827],[27.7706,40.9833],[27.7649,40.9828],[27.7586,40.9829],[27.7518,40.9838],[27.745,40.9836],[27.7383,40.9824],[27.7323,40.9807],[27.7271,40.9786],[27.7209,40.9765],[27.7136,40.9745],[27.7021,40.973],[27.6864,40.9719],[27.6729,40.9716],[27.6614,40.9721],[27.6534,40.9727],[27.6487,40.9734],[27.6365,40.9719],[27.6167,40.9682],[27.5993,40.9658],[27.5842,40.9647],[27.5711,40.963],[27.5602,40.9606],[27.5495,40.9589],[27.5391,40.9578],[27.5321,40.9566],[27.5284,40.9554],[27.5217,40.9519],[27.512,40.9461],[27.5034,40.937],[27.4959,40.9247],[27.4907,40.9166],[27.4876,40.9128],[27.4861,40.9104],[27.4861,40.9094],[27.4855,40.9081],[27.4843,40.9065],[27.4841,40.9055],[27.4848,40.905],[27.4848,40.9037],[27.4841,40.9016],[27.4813,40.8974],[27.4764,40.8911],[27.4736,40.8867],[27.4729,40.8841],[27.4716,40.8818],[27.4699,40.8797],[27.4691,40.8784],[27.4693,40.8779],[27.4691,40.8771],[27.4685,40.876],[27.4684,40.875],[27.4688,40.8739],[27.4685,40.8729],[27.4675,40.8719],[27.4673,40.8711],[27.4679,40.8703],[27.4688,40.8701],[27.4699,40.8702],[27.4704,40.8693],[27.4701,40.8672],[27.4693,40.8651],[27.4678,40.863],[27.4666,40.8607],[27.4657,40.8581],[27.4638,40.8539],[27.4607,40.8482],[27.4555,40.8422],[27.448,40.8359],[27.4438,40.8328],[27.4427,40.8328],[27.4409,40.8315],[27.4383,40.8289],[27.4362,40.8273],[27.4347,40.8269],[27.4323,40.8256],[27.4292,40.8235],[27.4274,40.8226],[27.4269,40.8229],[27.4256,40.8219],[27.4235,40.8194],[27.4216,40.8179],[27.4201,40.8175],[27.4188,40.8167],[27.4177,40.8156],[27.4164,40.815],[27.4149,40.8148],[27.4128,40.8138],[27.4102,40.8118],[27.4068,40.81],[27.4026,40.8081],[27.3992,40.8062],[27.3966,40.8043],[27.3945,40.8023],[27.393,40.8005],[27.3904,40.7985],[27.3867,40.7966],[27.3826,40.7932],[27.3779,40.7883],[27.3739,40.7846],[27.3706,40.782],[27.3682,40.7797],[27.3668,40.7776],[27.3656,40.7764],[27.3646,40.7761],[27.3625,40.7741],[27.3594,40.7706],[27.3555,40.7671],[27.3508,40.7636],[27.3474,40.7598],[27.3455,40.7557],[27.3449,40.7526],[27.3456,40.7505],[27.346,40.7482],[27.3461,40.7456],[27.3457,40.7433],[27.3449,40.7412],[27.3442,40.7378],[27.3435,40.7331],[27.3407,40.7271],[27.3357,40.7198],[27.3325,40.714],[27.3312,40.7099],[27.3299,40.7068],[27.3286,40.7047],[27.3245,40.7002],[27.3176,40.6933],[27.3115,40.688],[27.3062,40.6843],[27.2995,40.6804],[27.2912,40.6762],[27.2831,40.6715],[27.2753,40.6661],[27.2688,40.6624],[27.2635,40.6604],[27.2575,40.6567],[27.2508,40.6515],[27.2461,40.6483],[27.2435,40.6474],[27.2404,40.6467],[27.2367,40.6462],[27.2305,40.6442],[27.2216,40.6407],[27.2123,40.6366],[27.2023,40.6317],[27.1953,40.6272],[27.1911,40.6234],[27.1872,40.6204],[27.1836,40.6182],[27.1797,40.6168],[27.1755,40.6159],[27.1674,40.6127],[27.1555,40.607],[27.1472,40.6039],[27.1425,40.6033],[27.138,40.6023],[27.1339,40.6009],[27.1305,40.6003],[27.1279,40.6004],[27.1253,40.5995],[27.1227,40.5978],[27.1204,40.5965],[27.1183,40.5959],[27.1068,40.5937],[27.0859,40.5902],[27.0734,40.5877],[27.0693,40.5863],[27.0646,40.5841],[27.0593,40.5812],[27.0528,40.5779],[27.045,40.5743],[27.0404,40.5717],[27.0389,40.5701],[27.0376,40.568],[27.0365,40.5654],[27.0349,40.5633],[27.033,40.5617],[27.0294,40.5599],[27.0243,40.5578],[27.0175,40.5534],[27.009,40.5465],[27.0035,40.5426],[27.0012,40.5416],[27,40.506],[27,40.4357],[27.0048,40.4015],[27.0145,40.4035],[27.0201,40.4049],[27.0216,40.4057],[27.0228,40.406],[27.0235,40.4058],[27.0242,40.4063],[27.0251,40.4074],[27.0255,40.4087],[27.0254,40.4102],[27.0259,40.4114],[27.0268,40.4125],[27.0273,40.4135],[27.0274,40.4146],[27.0285,40.4164],[27.0307,40.419],[27.0331,40.421],[27.0357,40.4225],[27.0396,40.4239],[27.0448,40.4253],[27.0482,40.4275],[27.0498,40.4304],[27.0516,40.4329],[27.0537,40.435],[27.0604,40.4385],[27.0719,40.4434],[27.0793,40.4478],[27.0828,40.4517],[27.0859,40.4545],[27.0887,40.4564],[27.0932,40.4576],[27.0995,40.4582],[27.1039,40.4581],[27.1065,40.4572],[27.1086,40.4575],[27.1101,40.4589],[27.1135,40.4604],[27.1188,40.462],[27.1232,40.4629],[27.1268,40.463],[27.1307,40.4636],[27.1349,40.4649],[27.1394,40.4656],[27.1441,40.466],[27.1508,40.4648],[27.1597,40.4623],[27.1704,40.4581],[27.1829,40.4524],[27.1904,40.4493],[27.193,40.449],[27.1951,40.4489],[27.1966,40.4493],[27.2,40.4508],[27.2052,40.4537],[27.2203,40.4593],[27.2453,40.4677],[27.2599,40.4739],[27.264,40.4778],[27.2674,40.4804],[27.2701,40.4817],[27.2735,40.4829],[27.2776,40.4842],[27.2815,40.4849],[27.2852,40.485],[27.2886,40.4846],[27.2916,40.4836],[27.2963,40.4793],[27.3026,40.4718],[27.3094,40.466],[27.3167,40.4619],[27.3222,40.4583],[27.3259,40.4552],[27.3286,40.4526],[27.3303,40.4505],[27.3323,40.4472],[27.3347,40.4428],[27.337,40.4397],[27.339,40.438],[27.3404,40.4372],[27.3409,40.4374],[27.3428,40.4363],[27.3462,40.434],[27.3486,40.432],[27.3499,40.4305],[27.3512,40.4271],[27.3527,40.4219],[27.354,40.4182],[27.3551,40.4161],[27.3599,40.4129],[27.3682,40.4086],[27.3748,40.4064],[27.3795,40.4062],[27.3852,40.4046],[27.3919,40.4015],[27.3983,40.3982],[27.4042,40.3949],[27.4081,40.3922],[27.41,40.3903],[27.4127,40.3884],[27.4164,40.3867],[27.4192,40.3843],[27.4211,40.3812],[27.4234,40.379],[27.4262,40.3776],[27.4284,40.3771],[27.4299,40.3775],[27.4309,40.3764],[27.4314,40.3737],[27.4335,40.3706],[27.4372,40.3669],[27.4404,40.3649],[27.443,40.3645],[27.4451,40.3634],[27.4466,40.3616],[27.4487,40.3606],[27.4513,40.3603],[27.4533,40.3593],[27.4548,40.3576],[27.4566,40.3561],[27.4588,40.3548],[27.4612,40.3541],[27.4638,40.354],[27.469,40.3525],[27.4768,40.3496],[27.4818,40.3481],[27.4839,40.348],[27.4862,40.3474],[27.4888,40.3463],[27.4953,40.3447],[27.5057,40.3426],[27.5138,40.3416],[27.5195,40.3417],[27.525,40.3412],[27.5302,40.3401],[27.5365,40.3395],[27.5438,40.3395],[27.5487,40.3399],[27.5513,40.3406],[27.5542,40.3406],[27.5573,40.3398],[27.5623,40.3405],[27.569,40.3426],[27.5737,40.3438],[27.5763,40.3439],[27.5805,40.3457],[27.5862,40.349],[27.5912,40.3513],[27.5953,40.3526],[27.5987,40.353],[27.6013,40.3524],[27.6052,40.3521],[27.6104,40.352],[27.6146,40.3525],[27.6177,40.3536],[27.6211,40.3541],[27.6248,40.3541],[27.6279,40.3536],[27.6305,40.3525],[27.6336,40.3521],[27.6373,40.3522],[27.643,40.3513],[27.6508,40.3495],[27.6581,40.347],[27.6648,40.3437],[27.6698,40.3407],[27.6729,40.3379],[27.6782,40.3353],[27.6855,40.3328],[27.6946,40.332],[27.7055,40.3329],[27.7133,40.3331],[27.718,40.3325],[27.724,40.3308],[27.7313,40.3281],[27.7399,40.3263],[27.7498,40.3254],[27.7557,40.3251],[27.7578,40.3254],[27.7588,40.3255],[27.7588,40.3255],[27.7622,40.3265]],[[27.5839,40.9372],[27.5818,40.9375],[27.5803,40.938],[27.5796,40.9388],[27.5796,40.9395],[27.5803,40.9402],[27.582,40.9408],[27.5846,40.9415],[27.587,40.9418],[27.589,40.9417],[27.5905,40.9412],[27.5913,40.9405],[27.59,40.9393],[27.5866,40.9378],[27.5849,40.937],[27.5849,40.937],[27.5839,40.9372]],[[27.489,40.6276],[27.4849,40.6277],[27.4816,40.6285],[27.4791,40.63],[27.4769,40.632],[27.4748,40.6346],[27.4735,40.6372],[27.473,40.6398],[27.4732,40.6424],[27.4741,40.6451],[27.4753,40.6472],[27.4768,40.6489],[27.4787,40.6504],[27.4808,40.6516],[27.4834,40.6525],[27.4865,40.6528],[27.4896,40.6537],[27.4927,40.655],[27.4947,40.6554],[27.4956,40.6549],[27.4958,40.6539],[27.4953,40.6524],[27.4955,40.6508],[27.4962,40.6492],[27.4968,40.6466],[27.4971,40.6429],[27.4971,40.6401],[27.4967,40.638],[27.4967,40.6365],[27.4972,40.6354],[27.4964,40.6332],[27.4943,40.6297],[27.4927,40.6278],[27.4916,40.6276],[27.4911,40.6275],[27.4911,40.6275],[27.489,40.6276]],[[27.6091,40.563],[27.6054,40.5634],[27.6017,40.5642],[27.5979,40.5655],[27.5956,40.567],[27.5947,40.5687],[27.5937,40.5692],[27.5926,40.5685],[27.5921,40.5678],[27.5922,40.5671],[27.5917,40.5672],[27.5906,40.5681],[27.5899,40.5682],[27.5896,40.5675],[27.5891,40.5673],[27.5884,40.5675],[27.5878,40.5672],[27.5873,40.5664],[27.5867,40.5661],[27.5862,40.5662],[27.5854,40.566],[27.5844,40.5653],[27.5834,40.5652],[27.5823,40.5656],[27.5802,40.5653],[27.5771,40.5642],[27.5747,40.5639],[27.5732,40.5642],[27.5703,40.5652],[27.5662,40.5669],[27.5625,40.5689],[27.5594,40.5712],[27.5553,40.5731],[27.5503,40.5747],[27.5461,40.5769],[27.5428,40.5799],[27.5393,40.5823],[27.5357,40.5844],[27.5336,40.5852],[27.5331,40.5848],[27.532,40.5849],[27.5305,40.5854],[27.5279,40.5867],[27.5242,40.5888],[27.5216,40.5914],[27.5199,40.5948],[27.518,40.599],[27.5162,40.6042],[27.5153,40.6084],[27.5154,40.6115],[27.5162,40.6141],[27.5175,40.6162],[27.5177,40.6177],[27.5166,40.6188],[27.5165,40.6198],[27.5172,40.6209],[27.5171,40.6222],[27.5163,40.6237],[27.516,40.625],[27.5162,40.6261],[27.5157,40.6266],[27.5145,40.6266],[27.5145,40.6271],[27.5157,40.6281],[27.5168,40.631],[27.5177,40.6357],[27.5184,40.6385],[27.5191,40.6396],[27.5193,40.6404],[27.519,40.6409],[27.5195,40.6429],[27.5208,40.6466],[27.5214,40.6487],[27.5211,40.6492],[27.5219,40.6508],[27.5236,40.6533],[27.5282,40.6565],[27.5355,40.6607],[27.542,40.6633],[27.5477,40.6644],[27.5523,40.6647],[27.556,40.6643],[27.5589,40.6629],[27.561,40.6604],[27.5638,40.66],[27.5675,40.6617],[27.5716,40.6626],[27.5763,40.6629],[27.5802,40.6628],[27.5833,40.6625],[27.5854,40.6625],[27.5865,40.6629],[27.5886,40.6631],[27.5917,40.663],[27.5961,40.6638],[27.6018,40.6653],[27.606,40.666],[27.6086,40.6659],[27.612,40.6662],[27.6161,40.6671],[27.6221,40.6689],[27.63,40.6715],[27.6352,40.6726],[27.6378,40.6721],[27.6408,40.6707],[27.6441,40.6683],[27.6475,40.667],[27.6509,40.6666],[27.6529,40.6661],[27.6534,40.6654],[27.6554,40.6657],[27.6591,40.667],[27.6622,40.6673],[27.6648,40.6664],[27.6674,40.6668],[27.6701,40.6685],[27.6732,40.6696],[27.6768,40.6701],[27.6804,40.6701],[27.6841,40.6693],[27.6867,40.6677],[27.6883,40.6651],[27.6933,40.663],[27.7016,40.6613],[27.7117,40.6583],[27.7237,40.654],[27.7323,40.6517],[27.7375,40.6516],[27.7417,40.6512],[27.7448,40.6506],[27.7468,40.6488],[27.7475,40.6458],[27.7488,40.6437],[27.7507,40.6424],[27.7524,40.6425],[27.7539,40.6441],[27.7568,40.6451],[27.7609,40.6454],[27.7641,40.6448],[27.7662,40.6433],[27.7672,40.642],[27.7672,40.6409],[27.768,40.6395],[27.7695,40.638],[27.7703,40.6362],[27.7703,40.6341],[27.7706,40.6332],[27.7713,40.6337],[27.7713,40.6321],[27.7707,40.6284],[27.7697,40.6256],[27.7682,40.6235],[27.7661,40.6216],[27.7634,40.6201],[27.7604,40.6194],[27.7573,40.6195],[27.7544,40.6201],[27.7518,40.6211],[27.7492,40.6202],[27.7466,40.6175],[27.744,40.6157],[27.7414,40.615],[27.738,40.6134],[27.7339,40.6109],[27.7274,40.6078],[27.7185,40.604],[27.7128,40.6019],[27.7102,40.6014],[27.7008,40.5981],[27.6847,40.592],[27.6753,40.5877],[27.6727,40.5852],[27.6711,40.5841],[27.6706,40.5844],[27.6695,40.5836],[27.668,40.5819],[27.6669,40.5811],[27.6664,40.5812],[27.6656,40.5808],[27.6646,40.5798],[27.66,40.5781],[27.6517,40.5757],[27.6449,40.573],[27.6396,40.57],[27.6349,40.568],[27.6307,40.5671],[27.6281,40.5668],[27.6271,40.5672],[27.625,40.5667],[27.6219,40.5654],[27.618,40.5643],[27.6133,40.5634],[27.6109,40.5629],[27.6109,40.5629],[27.6091,40.563]]]]}},{"type":"Feature","properties":{"depth":30,"kind":"isobath"},"geometry":{"type":"MultiLineString","coordinates":[[[27.531,40.6568],[27.5309,40.6568],[27.5306,40.6568],[27.5306,40.6568],[27.5309,40.6568],[27.531,40.6568]],[[27.5181,40.6193],[27.5179,40.6195],[27.5174,40.62],[27.517,40.62],[27.5165,40.6195],[27.5165,40.6191],[27.517,40.6188],[27.5174,40.6188],[27.5179,40.6191],[27.5181,40.6193]],[[27.5201,40.6182],[27.5196,40.6183],[27.5187,40.6186],[27.5182,40.6184],[27.5182,40.6177],[27.5187,40.6175],[27.5196,40.618],[27.5201,40.6182]],[[27.6743,40.587],[27.674,40.587],[27.6734,40.587],[27.6732,40.5868],[27.6733,40.5865],[27.6736,40.5865],[27.6741,40.5868],[27.6743,40.587]],[[27.6718,40.5859],[27.6717,40.5858],[27.6715,40.5855],[27.6715,40.5855],[27.6717,40.5858],[27.6718,40.5859]],[[27.5842,40.5661],[27.5841,40.566],[27.584,40.5657],[27.584,40.5657],[27.5841,40.566],[27.5842,40.5661]],[[27.5716,40.5276],[27.5716,40.5278],[27.5715,40.5281],[27.5712,40.5281],[27.5709,40.5278],[27.5709,40.5276],[27.5714,40.5276],[27.5716,40.5276]],[[27.5628,40.4828],[27.5625,40.4828],[27.562,40.4828],[27.562,40.4828],[27.5625,40.4828],[27.5628,40.4828]],[[27.5683,40.4828],[27.568,40.4828],[27.5673,40.4828],[27.5673,40.4828],[27.568,40.4828],[27.5683,40.4828]],[[27.7684,40.387],[27.7682,40.387],[27.7679,40.387],[27.7679,40.387],[27.7682,40.387],[27.7684,40.387]],[[27.9641,40.3734],[27.9696,40.375],[27.9805,40.3782],[27.9893,40.3803],[27.9961,40.3814],[27.9995,40.3919],[27.9995,40.412],[27.9977,40.421],[27.994,40.4189],[27.9914,40.4178],[27.9899,40.4175],[27.9888,40.4171],[27.9883,40.4166],[27.9878,40.4165],[27.9873,40.4168],[27.9862,40.4161],[27.9847,40.4146],[27.9829,40.4133],[27.9808,40.4122],[27.9794,40.4118],[27.9789,40.4119],[27.9776,40.4112],[27.9755,40.4098],[27.9722,40.4091],[27.9675,40.4091],[27.9646,40.409],[27.9635,40.4085],[27.9615,40.4067],[27.9584,40.4033],[27.9558,40.4009],[27.9537,40.3995],[27.9482,40.3966],[27.9395,40.3923],[27.9349,40.3893],[27.9347,40.3878],[27.9351,40.3858],[27.9364,40.3835],[27.9375,40.3818],[27.9386,40.3809],[27.9427,40.3787],[27.95,40.3752],[27.9562,40.3735],[27.9615,40.3734],[27.9641,40.3734]],[[27.9995,40.9852],[27.9984,40.9841],[27.9962,40.9818],[27.9952,40.9802],[27.9953,40.9791],[27.994,40.9774],[27.9914,40.9751],[27.9878,40.973],[27.9831,40.9712],[27.9795,40.9695],[27.977,40.968],[27.9752,40.9664],[27.974,40.9647],[27.9716,40.9624],[27.9679,40.9597],[27.9643,40.9579],[27.9607,40.9572],[27.9563,40.9567],[27.951,40.9566],[27.9461,40.9559],[27.9414,40.9547],[27.9375,40.954],[27.9344,40.9536],[27.9326,40.9537],[27.9321,40.9542],[27.9308,40.9542],[27.9287,40.9537],[27.9263,40.9539],[27.9237,40.9546],[27.9216,40.9548],[27.9201,40.9547],[27.9193,40.9553],[27.9193,40.9569],[27.9159,40.9573],[27.9091,40.9568],[27.9047,40.9561],[27.9026,40.9552],[27.8998,40.9545],[27.8961,40.954],[27.8912,40.9538],[27.8849,40.9538],[27.8818,40.9544],[27.8818,40.9553],[27.8813,40.956],[27.8802,40.9565],[27.8789,40.956],[27.8774,40.9546],[27.8756,40.9539],[27.8735,40.954],[27.8695,40.9547],[27.8638,40.9559],[27.8604,40.957],[27.8594,40.958],[27.8586,40.9583],[27.8581,40.9579],[27.8571,40.9585],[27.8558,40.9601],[27.855,40.9616],[27.8548,40.9629],[27.8544,40.9635],[27.8539,40.9634],[27.8521,40.9647],[27.849,40.9675],[27.8453,40.97],[27.8412,40.9721],[27.8336,40.974],[27.8227,40.9757],[27.8164,40.9765],[27.8149,40.9764],[27.8133,40.9767],[27.8117,40.9774],[27.8099,40.9776],[27.8078,40.9776],[27.805,40.9781],[27.8013,40.9793],[27.793,40.9808],[27.7799,40.9827],[27.7706,40.9833],[27.7649,40.9828],[27.7586,40.9829],[27.7518,40.9838],[27.745,40.9836],[27.7383,40.9824],[27.7323,40.9807],[27.7271,40.9786],[27.7209,40.9765],[27.7136,40.9745],[27.7021,40.973],[27.6864,40.9719],[27.6729,40.9716],[27.6614,40.9721],[27.6534,40.9727],[27.6487,40.9734],[27.6365,40.9719],[27.6167,40.9682],[27.5993,40.9658],[27.5842,40.9647],[27.5711,40.963],[27.5602,40.9606],[27.5495,40.9589],[27.5391,40.9578],[27.5321,40.9566],[27.5284,40.9554],[27.5217,40.9519],[27.512,40.9461],[27.5034,40.937],[27.4959,40.9247],[27.4907,40.9166],[27.4876,40.9128],[27.4861,40.9104],[27.4861,40.9094],[27.4855,40.9081],[27.4843,40.9065],[27.4841,40.9055],[27.4848,40.905],[27.4848,40.9037],[27.4841,40.9016],[27.4813,40.8974],[27.4764,40.8911],[27.4736,40.8867],[27.4729,40.8841],[27.4716,40.8818],[27.4699,40.8797],[27.4691,40.8784],[27.4693,40.8779],[27.4691,40.8771],[27.4685,40.876],[27.4684,40.875],[27.4688,40.8739],[27.4685,40.8729],[27.4675,40.8719],[27.4673,40.8711],[27.4679,40.8703],[27.4688,40.8701],[27.4699,40.8702],[27.4704,40.8693],[27.4701,40.8672],[27.4693,40.8651],[27.4678,40.863],[27.4666,40.8607],[27.4657,40.8581],[27.4638,40.8539],[27.4607,40.8482],[27.4555,40.8422],[27.448,40.8359],[27.4438,40.8328],[27.4427,40.8328],[27.4409,40.8315],[27.4383,40.8289],[27.4362,40.8273],[27.4347,40.8269],[27.4323,40.8256],[27.4292,40.8235],[27.4274,40.8226],[27.4269,40.8229],[27.4256,40.8219],[27.4235,40.8194],[27.4216,40.8179],[27.4201,40.8175],[27.4188,40.8167],[27.4177,40.8156],[27.4164,40.815],[27.4149,40.8148],[27.4128,40.8138],[27.4102,40.8118],[27.4068,40.81],[27.4026,40.8081],[27.3992,40.8062],[27.3966,40.8043],[27.3945,40.8023],[27.393,40.8005],[27.3904,40.7985],[27.3867,40.7966],[27.3826,40.7932],[27.3779,40.7883],[27.3739,40.7846],[27.3706,40.782],[27.3682,40.7797],[27.3668,40.7776],[27.3656,40.7764],[27.3646,40.7761],[27.3625,40.7741],[27.3594,40.7706],[27.3555,40.7671],[27.3508,40.7636],[27.3474,40.7598],[27.3455,40.7557],[27.3449,40.7526],[27.3456,40.7505],[27.346,40.7482],[27.3461,40.7456],[27.3457,40.7433],[27.3449,40.7412],[27.3442,40.7378],[27.3435,40.7331],[27.3407,40.7271],[27.3357,40.7198],[27.3325,40.714],[27.3312,40.7099],[27.3299,40.7068],[27.3286,40.7047],[27.3245,40.7002],[27.3176,40.6933],[27.3115,40.688],[27.3062,40.6843],[27.2995,40.6804],[27.2912,40.6762],[27.2831,40.6715],[27.2753,40.6661],[27.2688,40.6624],[27.2635,40.6604],[27.2575,40.6567],[27.2508,40.6515],[27.2461,40.6483],[27.2435,40.6474],[27.2404,40.6467],[27.2367,40.6462],[27.2305,40.6442],[27.2216,40.6407],[27.2123,40.6366],[27.2023,40.6317],[27.1953,40.6272],[27.1911,40.6234],[27.1872,40.6204],[27.1836,40.6182],[27.1797,40.6168],[27.1755,40.6159],[27.1674,40.6127],[27.1555,40.607],[27.1472,40.6039],[27.1425,40.6033],[27.138,40.6023],[27.1339,40.6009],[27.1305,40.6003],[27.1279,40.6004],[27.1253,40.5995],[27.1227,40.5978],[27.1204,40.5965],[27.1183,40.5959],[27.1068,40.5937],[27.0859,40.5902],[27.0734,40.5877],[27.0693,40.5863],[27.0646,40.5841],[27.0593,40.5812],[27.0528,40.5779],[27.045,40.5743],[27.0404,40.5717],[27.0389,40.5701],[27.0376,40.568],[27.0365,40.5654],[27.0349,40.5633],[27.033,40.5617],[27.0294,40.5599],[27.0243,40.5578],[27.0175,40.5534],[27.009,40.5465],[27.0047,40.5431]],[[27.0193,40.4045],[27.0201,40.4049],[27.0216,40.4057],[27.0228,40.406],[27.0235,40.4058],[27.0242,40.4063],[27.0251,40.4074],[27.0255,40.4087],[27.0254,40.4102],[27.0259,40.4114],[27.0268,40.4125],[27.0273,40.4135],[27.0274,40.4146],[27.0285,40.4164],[27.0307,40.419],[27.0331,40.421],[27.0357,40.4225],[27.0396,40.4239],[27.0448,40.4253],[27.0482,40.4275],[27.0498,40.4304],[27.0516,40.4329],[27.0537,40.435],[27.0604,40.4385],[27.0719,40.4434],[27.0793,40.4478],[27.0828,40.4517],[27.0859,40.4545],[27.0887,40.4564],[27.0932,40.4576],[27.0995,40.4582],[27.1039,40.4581],[27.1065,40.4572],[27.1086,40.4575],[27.1101,40.4589],[27.1135,40.4604],[27.1188,40.462],[27.1232,40.4629],[27.1268,40.463],[27.1307,40.4636],[27.1349,40.4649],[27.1394,40.4656],[27.1441,40.466],[27.1508,40.4648],[27.1597,40.4623],[27.1704,40.4581],[27.1829,40.4524],[27.1904,40.4493],[27.193,40.449],[27.1951,40.4489],[27.1966,40.4493],[27.2,40.4508],[27.2052,40.4537],[27.2203,40.4593],[27.2453,40.4677],[27.2599,40.4739],[27.264,40.4778],[27.2674,40.4804],[27.2701,40.4817],[27.2735,40.4829],[27.2776,40.4842],[27.2815,40.4849],[27.2852,40.485],[27.2886,40.4846],[27.2916,40.4836],[27.2963,40.4793],[27.3026,40.4718],[27.3094,40.466],[27.3167,40.4619],[27.3222,40.4583],[27.3259,40.4552],[27.3286,40.4526],[27.3303,40.4505],[27.3323,40.4472],[27.3347,40.4428],[27.337,40.4397],[27.339,40.438],[27.3404,40.4372],[27.3409,40.4374],[27.3428,40.4363],[27.3462,40.434],[27.3486,40.432],[27.3499,40.4305],[27.3512,40.4271],[27.3527,40.4219],[27.354,40.4182],[27.3551,40.4161],[27.3599,40.4129],[27.3682,40.4086],[27.3748,40.4064],[27.3795,40.4062],[27.3852,40.4046],[27.3919,40.4015],[27.3983,40.3982],[27.4042,40.3949],[27.4081,40.3922],[27.41,40.3903],[27.4127,40.3884],[27.4164,40.3867],[27.4192,40.3843],[27.4211,40.3812],[27.4234,40.379],[27.4262,40.3776],[27.4284,40.3771],[27.4299,40.3775],[27.4309,40.3764],[27.4314,40.3737],[27.4335,40.3706],[27.4372,40.3669],[27.4404,40.3649],[27.443,40.3645],[27.4451,40.3634],[27.4466,40.3616],[27.4487,40.3606],[27.4513,40.3603],[27.4533,40.3593],[27.4548,40.3576],[27.4566,40.3561],[27.4588,40.3548],[27.4612,40.3541],[27.4638,40.354],[27.469,40.3525],[27.4768,40.3496],[27.4818,40.3481],[27.4839,40.348],[27.4862,40.3474],[27.4888,40.3463],[27.4953,40.3447],[27.5057,40.3426],[27.5138,40.3416],[27.5195,40.3417],[27.525,40.3412],[27.5302,40.3401],[27.5365,40.3395],[27.5438,40.3395],[27.5487,40.3399],[27.5513,40.3406],[27.5542,40.3406],[27.5573,40.3398],[27.5623,40.3405],[27.569,40.3426],[27.5737,40.3438],[27.5763,40.3439],[27.5805,40.3457],[27.5862,40.349],[27.5912,40.3513],[27.5953,40.3526],[27.5987,40.353],[27.6013,40.3524],[27.6052,40.3521],[27.6104,40.352],[27.6146,40.3525],[27.6177,40.3536],[27.6211,40.3541],[27.6248,40.3541],[27.6279,40.3536],[27.6305,40.3525],[27.6336,40.3521],[27.6373,40.3522],[27.643,40.3513],[27.6508,40.3495],[27.6581,40.347],[27.6648,40.3437],[27.6698,40.3407],[27.6729,40.3379],[27.6782,40.3353],[27.6855,40.3328],[27.6946,40.332],[27.7055,40.3329],[27.7133,40.3331],[27.718,40.3325],[27.724,40.3308],[27.7313,40.3281],[27.7399,40.3263],[27.7498,40.3254],[27.7557,40.3251],[27.7578,40.3254],[27.7588,40.3255],[27.7588,40.3255],[27.7622,40.3265],[27.769,40.3284],[27.7745,40.3313],[27.7786,40.3351],[27.7828,40.338],[27.787,40.3401],[27.7891,40.3414],[27.7891,40.3419],[27.7938,40.3456],[27.8031,40.3523],[27.8099,40.3575],[27.814,40.3611],[27.8182,40.3638],[27.8224,40.3655],[27.8259,40.3677],[27.8286,40.3702],[27.8286,40.372],[27.8259,40.3733],[27.824,40.3738],[27.8229,40.3735],[27.8199,40.3718],[27.815,40.3688],[27.8103,40.3662],[27.8058,40.3641],[27.8023,40.3619],[27.7997,40.3598],[27.7961,40.3579],[27.7914,40.3562],[27.7868,40.3555],[27.7821,40.3556],[27.7794,40.3561],[27.7789,40.3569],[27.7782,40.3572],[27.7774,40.3569],[27.7764,40.3571],[27.7751,40.3578],[27.7742,40.3587],[27.7737,40.3598],[27.773,40.3602],[27.7721,40.36],[27.771,40.3607],[27.7697,40.3622],[27.768,40.3651],[27.7659,40.3693],[27.7648,40.3737],[27.7647,40.3784],[27.7656,40.3833],[27.7676,40.3885],[27.7683,40.3918],[27.7676,40.3933],[27.7654,40.3952],[27.7617,40.3975],[27.757,40.401],[27.7513,40.4057],[27.7463,40.4091],[27.742,40.411],[27.7384,40.4133],[27.7354,40.4159],[27.7327,40.419],[27.7302,40.4227],[27.7286,40.4269],[27.7278,40.4316],[27.7269,40.4346],[27.726,40.4359],[27.7234,40.4367],[27.7193,40.4368],[27.7147,40.4377],[27.7096,40.4393],[27.7031,40.4436],[27.6951,40.4506],[27.6909,40.4542],[27.6904,40.4543],[27.6891,40.4534],[27.6871,40.4514],[27.6857,40.4482],[27.685,40.4435],[27.6838,40.4395],[27.6821,40.4365],[27.679,40.4337],[27.6746,40.4312],[27.6706,40.4296],[27.6669,40.4288],[27.6633,40.4286],[27.6596,40.4287],[27.6563,40.4293],[27.6531,40.4303],[27.6513,40.4307],[27.6508,40.4304],[27.6479,40.432],[27.6427,40.4353],[27.6365,40.4382],[27.6292,40.4405],[27.624,40.4418],[27.6209,40.4421],[27.6175,40.442],[27.6138,40.4417],[27.6097,40.442],[27.605,40.4429],[27.6013,40.4432],[27.5987,40.4428],[27.5958,40.4428],[27.5927,40.4431],[27.5888,40.4444],[27.5841,40.4465],[27.5813,40.4481],[27.5802,40.4492],[27.5792,40.4491],[27.5781,40.4478],[27.5763,40.4471],[27.5737,40.447],[27.5706,40.4463],[27.5669,40.4448],[27.5638,40.444],[27.5612,40.444],[27.5594,40.4443],[27.5583,40.4448],[27.5576,40.4448],[27.5571,40.4445],[27.555,40.4459],[27.5513,40.4489],[27.5485,40.4523],[27.5465,40.456],[27.5454,40.4591],[27.5449,40.4617],[27.5451,40.4642],[27.546,40.4665],[27.5466,40.4672],[27.5472,40.4661],[27.5479,40.4674],[27.549,40.4709],[27.5502,40.4737],[27.5515,40.4756],[27.5539,40.4782],[27.5574,40.4812],[27.5588,40.483],[27.5581,40.4833],[27.5573,40.483],[27.5562,40.4821],[27.5553,40.4819],[27.5544,40.4825],[27.5541,40.4836],[27.5545,40.4851],[27.555,40.4859],[27.5555,40.4858],[27.5557,40.4861],[27.5557,40.4867],[27.5562,40.4869],[27.5573,40.4866],[27.5589,40.4868],[27.5612,40.4876],[27.562,40.4883],[27.5615,40.4888],[27.5611,40.4901],[27.5609,40.4922],[27.5604,40.4937],[27.5596,40.4948],[27.5589,40.4969],[27.5583,40.5],[27.559,40.5026],[27.561,40.5046],[27.562,40.5062],[27.5621,40.5073],[27.5618,40.5081],[27.5612,40.5087],[27.559,40.5069],[27.5551,40.5026],[27.5532,40.4979],[27.5531,40.4927],[27.5525,40.4896],[27.5516,40.4885],[27.5508,40.4865],[27.5501,40.4834],[27.5478,40.48],[27.5437,40.4763],[27.5407,40.4734],[27.5389,40.4711],[27.5375,40.4697],[27.5364,40.4691],[27.5357,40.469],[27.5352,40.4693],[27.5346,40.4691],[27.5341,40.4685],[27.531,40.4677],[27.5253,40.4668],[27.5208,40.4657],[27.5177,40.4645],[27.512,40.4616],[27.5037,40.4569],[27.4974,40.4544],[27.4932,40.4539],[27.4888,40.4544],[27.4841,40.4557],[27.4808,40.4572],[27.4787,40.4589],[27.4771,40.4605],[27.4762,40.4622],[27.4752,40.4659],[27.4742,40.4716],[27.4724,40.4771],[27.4697,40.4823],[27.4681,40.4865],[27.4674,40.4896],[27.4673,40.4932],[27.4676,40.4974],[27.468,40.5],[27.4683,40.5011],[27.469,40.5021],[27.4703,40.5031],[27.4699,40.5049],[27.4679,40.5076],[27.4669,40.5107],[27.4669,40.5143],[27.4672,40.5166],[27.4678,40.5177],[27.4684,40.5182],[27.469,40.5181],[27.4704,40.5189],[27.4725,40.5206],[27.4742,40.5222],[27.4755,40.5237],[27.4757,40.5251],[27.4749,40.5263],[27.4735,40.5271],[27.4714,40.5274],[27.4701,40.5278],[27.4696,40.5284],[27.4688,40.5285],[27.4677,40.5281],[27.4667,40.5281],[27.4656,40.5285],[27.4646,40.5283],[27.4635,40.5276],[27.4624,40.5273],[27.4612,40.5275],[27.4599,40.5289],[27.4584,40.5315],[27.4573,40.5344],[27.4564,40.5375],[27.4563,40.5414],[27.457,40.5461],[27.458,40.5495],[27.4593,40.5516],[27.4607,40.5533],[27.4622,40.5546],[27.4674,40.5566],[27.4763,40.5593],[27.4849,40.5612],[27.4932,40.5623],[27.4998,40.5626],[27.5045,40.5621],[27.5084,40.5611],[27.5115,40.5595],[27.5151,40.5561],[27.5193,40.5508],[27.5235,40.5467],[27.5276,40.5436],[27.5341,40.5404],[27.543,40.537],[27.5503,40.5346],[27.556,40.5333],[27.5595,40.5311],[27.5607,40.5281],[27.5619,40.5258],[27.5631,40.5242],[27.5641,40.5222],[27.5648,40.5197],[27.5659,40.5192],[27.5675,40.5207],[27.5683,40.5222],[27.5684,40.5237],[27.5689,40.5248],[27.5698,40.5255],[27.5703,40.5263],[27.5702,40.5272],[27.5708,40.5289],[27.5722,40.5315],[27.5727,40.5331],[27.5724,40.5336],[27.5724,40.5342],[27.5728,40.5347],[27.5752,40.5359],[27.5796,40.5379],[27.5831,40.5391],[27.5857,40.5394],[27.5883,40.5394],[27.5909,40.5391],[27.5939,40.5379],[27.5973,40.5359],[27.5998,40.5339],[27.6013,40.5318],[27.6023,40.5297],[27.6028,40.5276],[27.6034,40.5266],[27.6043,40.5265],[27.6052,40.5259],[27.6063,40.525],[27.6107,40.5245],[27.6185,40.5244],[27.6233,40.5242],[27.625,40.5237],[27.6268,40.5226],[27.6289,40.5211],[27.6301,40.5199],[27.6305,40.519],[27.6312,40.5185],[27.6323,40.5184],[27.6327,40.518],[27.6326,40.5175],[27.6331,40.5169],[27.6344,40.5164],[27.6352,40.5156],[27.6357,40.5145],[27.6377,40.5136],[27.6414,40.5129],[27.6453,40.5125],[27.6495,40.5126],[27.6524,40.5125],[27.6541,40.5122],[27.6558,40.5115],[27.6576,40.5104],[27.6583,40.5094],[27.658,40.5083],[27.6584,40.5068],[27.6595,40.5047],[27.66,40.5034],[27.6599,40.5029],[27.6603,40.5024],[27.6613,40.5019],[27.6622,40.5008],[27.6629,40.4992],[27.6639,40.4953],[27.6652,40.489],[27.6662,40.4854],[27.6669,40.4843],[27.6678,40.4846],[27.6689,40.4862],[27.6699,40.4899],[27.6706,40.4955],[27.6723,40.5018],[27.6747,40.5086],[27.6791,40.5141],[27.6854,40.5182],[27.6915,40.5236],[27.6975,40.53],[27.7018,40.534],[27.7044,40.5353],[27.7068,40.5361],[27.7089,40.5364],[27.7128,40.5361],[27.7185,40.5349],[27.7248,40.5349],[27.7315,40.5359],[27.737,40.5363],[27.7411,40.5362],[27.7461,40.5366],[27.7518,40.5377],[27.7576,40.5373],[27.7633,40.5355],[27.7672,40.5348],[27.7693,40.5353],[27.7732,40.5353],[27.7789,40.5349],[27.7826,40.5343],[27.7841,40.5334],[27.7857,40.5319],[27.7872,40.5301],[27.7898,40.5295],[27.7935,40.5303],[27.7977,40.5302],[27.8024,40.5292],[27.8081,40.529],[27.8148,40.5295],[27.8232,40.529],[27.8331,40.5274],[27.8406,40.5269],[27.8458,40.5275],[27.8542,40.5278],[27.8657,40.5278],[27.8748,40.5272],[27.8815,40.5259],[27.8875,40.525],[27.8927,40.5246],[27.8966,40.5238],[27.8992,40.5225],[27.9047,40.5218],[27.913,40.5215],[27.9198,40.521],[27.925,40.5202],[27.9328,40.5183],[27.9432,40.5153],[27.9515,40.5138],[27.9578,40.5139],[27.9648,40.5124],[27.9727,40.5095],[27.9766,40.508]],[[27.5849,40.937],[27.5839,40.9372],[27.5818,40.9375],[27.5803,40.938],[27.5796,40.9388],[27.5796,40.9395],[27.5803,40.9402],[27.582,40.9408],[27.5846,40.9415],[27.587,40.9418],[27.589,40.9417],[27.5905,40.9412],[27.5913,40.9405],[27.59,40.9393],[27.5866,40.9378],[27.5849,40.937]],[[27.4911,40.6275],[27.489,40.6276],[27.4849,40.6277],[27.4816,40.6285],[27.4791,40.63],[27.4769,40.632],[27.4748,40.6346],[27.4735,40.6372],[27.473,40.6398],[27.4732,40.6424],[27.4741,40.6451],[27.4753,40.6472],[27.4768,40.6489],[27.4787,40.6504],[27.4808,40.6516],[27.4834,40.6525],[27.4865,40.6528],[27.4896,40.6537],[27.4927,40.655],[27.4947,40.6554],[27.4956,40.6549],[27.4958,40.6539],[27.4953,40.6524],[27.4955,40.6508],[27.4962,40.6492],[27.4968,40.6466],[27.4971,40.6429],[27.4971,40.6401],[27.4967,40.638],[27.4967,40.6365],[27.4972,40.6354],[27.4964,40.6332],[27.4943,40.6297],[27.4927,40.6278],[27.4916,40.6276],[27.4911,40.6275]],[[27.6109,40.5629],[27.6091,40.563],[27.6054,40.5634],[27.6017,40.5642],[27.5979,40.5655],[27.5956,40.567],[27.5947,40.5687],[27.5937,40.5692],[27.5926,40.5685],[27.5921,40.5678],[27.5922,40.5671],[27.5917,40.5672],[27.5906,40.5681],[27.5899,40.5682],[27.5896,40.5675],[27.5891,40.5673],[27.5884,40.5675],[27.5878,40.5672],[27.5873,40.5664],[27.5867,40.5661],[27.5862,40.5662],[27.5854,40.566],[27.5844,40.5653],[27.5834,40.5652],[27.5823,40.5656],[27.5802,40.5653],[27.5771,40.5642],[27.5747,40.5639],[27.5732,40.5642],[27.5703,40.5652],[27.5662,40.5669],[27.5625,40.5689],[27.5594,40.5712],[27.5553,40.5731],[27.5503,40.5747],[27.5461,40.5769],[27.5428,40.5799],[27.5393,40.5823],[27.5357,40.5844],[27.5336,40.5852],[27.5331,40.5848],[27.532,40.5849],[27.5305,40.5854],[27.5279,40.5867],[27.5242,40.5888],[27.5216,40.5914],[27.5199,40.5948],[27.518,40.599],[27.5162,40.6042],[27.5153,40.6084],[27.5154,40.6115],[27.5162,40.6141],[27.5175,40.6162],[27.5177,40.6177],[27.5166,40.6188],[27.5165,40.6198],[27.5172,40.6209],[27.5171,40.6222],[27.5163,40.6237],[27.516,40.625],[27.5162,40.6261],[27.5157,40.6266],[27.5145,40.6266],[27.5145,40.6271],[27.5157,40.6281],[27.5168,40.631],[27.5177,40.6357],[27.5184,40.6385],[27.5191,40.6396],[27.5193,40.6404],[27.519,40.6409],[27.5195,40.6429],[27.5208,40.6466],[27.5214,40.6487],[27.5211,40.6492],[27.5219,40.6508],[27.5236,40.6533],[27.5282,40.6565],[27.5355,40.6607],[27.542,40.6633],[27.5477,40.6644],[27.5523,40.6647],[27.556,40.6643],[27.5589,40.6629],[27.561,40.6604],[27.5638,40.66],[27.5675,40.6617],[27.5716,40.6626],[27.5763,40.6629],[27.5802,40.6628],[27.5833,40.6625],[27.5854,40.6625],[27.5865,40.6629],[27.5886,40.6631],[27.5917,40.663],[27.5961,40.6638],[27.6018,40.6653],[27.606,40.666],[27.6086,40.6659],[27.612,40.6662],[27.6161,40.6671],[27.6221,40.6689],[27.63,40.6715],[27.6352,40.6726],[27.6378,40.6721],[27.6408,40.6707],[27.6441,40.6683],[27.6475,40.667],[27.6509,40.6666],[27.6529,40.6661],[27.6534,40.6654],[27.6554,40.6657],[27.6591,40.667],[27.6622,40.6673],[27.6648,40.6664],[27.6674,40.6668],[27.6701,40.6685],[27.6732,40.6696],[27.6768,40.6701],[27.6804,40.6701],[27.6841,40.6693],[27.6867,40.6677],[27.6883,40.6651],[27.6933,40.663],[27.7016,40.6613],[27.7117,40.6583],[27.7237,40.654],[27.7323,40.6517],[27.7375,40.6516],[27.7417,40.6512],[27.7448,40.6506],[27.7468,40.6488],[27.7475,40.6458],[27.7488,40.6437],[27.7507,40.6424],[27.7524,40.6425],[27.7539,40.6441],[27.7568,40.6451],[27.7609,40.6454],[27.7641,40.6448],[27.7662,40.6433],[27.7672,40.642],[27.7672,40.6409],[27.768,40.6395],[27.7695,40.638],[27.7703,40.6362],[27.7703,40.6341],[27.7706,40.6332],[27.7713,40.6337],[27.7713,40.6321],[27.7707,40.6284],[27.7697,40.6256],[27.7682,40.6235],[27.7661,40.6216],[27.7634,40.6201],[27.7604,40.6194],[27.7573,40.6195],[27.7544,40.6201],[27.7518,40.6211],[27.7492,40.6202],[27.7466,40.6175],[27.744,40.6157],[27.7414,40.615],[27.738,40.6134],[27.7339,40.6109],[27.7274,40.6078],[27.7185,40.604],[27.7128,40.6019],[27.7102,40.6014],[27.7008,40.5981],[27.6847,40.592],[27.6753,40.5877],[27.6727,40.5852],[27.6711,40.5841],[27.6706,40.5844],[27.6695,40.5836],[27.668,40.5819],[27.6669,40.5811],[27.6664,40.5812],[27.6656,40.5808],[27.6646,40.5798],[27.66,40.5781],[27.6517,40.5757],[27.6449,40.573],[27.6396,40.57],[27.6349,40.568],[27.6307,40.5671],[27.6281,40.5668],[27.6271,40.5672],[27.625,40.5667],[27.6219,40.5654],[27.618,40.5643],[27.6133,40.5634],[27.6109,40.5629]]]}},{"type":"Feature","properties":{"depth":40,"kind":"band"},"geometry":{"type":"MultiPolygon","coordinates":[[[[27.4695,40.8714],[27.4691,40.8714],[27.4691,40.8714],[27.4695,40.8714],[27.4697,40.8714],[27.4697,40.8714],[27.4695,40.8714]]],[[[27.6759,40.5849],[27.6755,40.5849],[27.6755,40.5849],[27.6759,40.5849],[27.6761,40.5849],[27.6761,40.5849],[27.6759,40.5849]]],[[[27.4903,40.4503],[27.4902,40.4498],[27.4902,40.4498],[27.4903,40.4503],[27.4903,40.4505],[27.4903,40.4505],[27.4903,40.4503]]],[[[27.5854,40.3823],[27.5851,40.3832],[27.5847,40.3837],[27.5842,40.3838],[27.5825,40.3833],[27.5797,40.3823],[27.5797,40.3816],[27.5825,40.3811],[27.5843,40.3811],[27.5852,40.3816],[27.5856,40.3818],[27.5856,40.3818],[27.5854,40.3823]]],[[[27.9699,40.3798],[27.9785,40.3821],[27.9871,40.384],[27.9957,40.3853],[28,40.3935],[28,40.4086],[27.9973,40.4151],[27.9918,40.4132],[27.9857,40.4103],[27.9789,40.4065],[27.9732,40.4044],[27.9685,40.404],[27.964,40.402],[27.9598,40.3983],[27.9557,40.3954],[27.9518,40.3933],[27.9493,40.3917],[27.9484,40.3906],[27.9479,40.3891],[27.9478,40.387],[27.948,40.3851],[27.9485,40.3836],[27.95,40.3818],[27.9525,40.3797],[27.9555,40.3784],[27.9591,40.3779],[27.9621,40.3779],[27.9644,40.3784],[27.9656,40.3786],[27.9656,40.3786],[27.9699,40.3798]]],[[[27.5441,40.3698],[27.5444,40.3709],[27.5454,40.3719],[27.5473,40.3729],[27.5483,40.3742],[27.5484,40.376],[27.5466,40.3753],[27.5429,40.3724],[27.5409,40.3708],[27.5404,40.3707],[27.5399,40.3711],[27.5396,40.372],[27.5403,40.3729],[27.542,40.374],[27.5433,40.3752],[27.544,40.3766],[27.545,40.3776],[27.5464,40.3783],[27.5474,40.3793],[27.5481,40.3808],[27.5512,40.3813],[27.5569,40.3809],[27.559,40.3804],[27.5575,40.3797],[27.5555,40.3792],[27.5529,40.3791],[27.5511,40.3786],[27.55,40.3779],[27.556,40.3773],[27.569,40.3769],[27.5761,40.3772],[27.5772,40.3781],[27.5777,40.3791],[27.5777,40.3802],[27.5774,40.381],[27.5769,40.3815],[27.5758,40.3811],[27.5742,40.3799],[27.5724,40.3797],[27.5705,40.3804],[27.571,40.3808],[27.574,40.3808],[27.576,40.3821],[27.5771,40.3844],[27.5844,40.3855],[27.5979,40.3851],[27.6051,40.3852],[27.606,40.3857],[27.6062,40.3864],[27.6059,40.3874],[27.6039,40.3877],[27.6002,40.3873],[27.5982,40.3876],[27.5979,40.3886],[27.5981,40.3893],[27.5991,40.3898],[27.6185,40.3898],[27.6565,40.3894],[27.676,40.3894],[27.6769,40.3899],[27.6776,40.3908],[27.6783,40.3922],[27.6793,40.3932],[27.6808,40.394],[27.6818,40.395],[27.6825,40.3965],[27.6835,40.3975],[27.685,40.3981],[27.6858,40.3991],[27.6859,40.4004],[27.6854,40.4014],[27.6844,40.4021],[27.6829,40.4023],[27.681,40.4018],[27.6802,40.4006],[27.6805,40.3984],[27.6793,40.3961],[27.6766,40.3935],[27.6748,40.392],[27.6739,40.3916],[27.6732,40.3916],[27.6729,40.392],[27.6729,40.3927],[27.6732,40.3936],[27.6742,40.3941],[27.6758,40.3943],[27.6768,40.3946],[27.6772,40.3951],[27.6774,40.4029],[27.6774,40.418],[27.6736,40.425],[27.6659,40.4239],[27.6604,40.4236],[27.6573,40.424],[27.6539,40.4247],[27.6502,40.4256],[27.6471,40.4267],[27.6445,40.428],[27.6422,40.4296],[27.6401,40.4313],[27.6362,40.4333],[27.6305,40.4355],[27.6261,40.4369],[27.623,40.4374],[27.6188,40.4375],[27.6135,40.437],[27.6088,40.4372],[27.6047,40.4379],[27.6013,40.4381],[27.5987,40.4377],[27.5956,40.4379],[27.5919,40.4386],[27.5875,40.4401],[27.5823,40.4425],[27.5794,40.4435],[27.5789,40.443],[27.5773,40.4426],[27.5747,40.4423],[27.5719,40.4414],[27.5688,40.4401],[27.5649,40.4393],[27.5602,40.4392],[27.5576,40.4395],[27.5571,40.4404],[27.5563,40.4407],[27.5552,40.4405],[27.5539,40.4408],[27.5524,40.4417],[27.5504,40.4432],[27.5481,40.4453],[27.5463,40.4473],[27.545,40.449],[27.543,40.453],[27.5404,40.4591],[27.5355,40.4622],[27.5282,40.4621],[27.5224,40.4613],[27.5182,40.4596],[27.513,40.4569],[27.5067,40.4532],[27.502,40.4509],[27.499,40.45],[27.4948,40.4496],[27.4896,40.4499],[27.4847,40.4511],[27.48,40.4533],[27.4768,40.4551],[27.4753,40.4565],[27.4739,40.4584],[27.4727,40.4608],[27.4717,40.4647],[27.4708,40.47],[27.469,40.4754],[27.4663,40.4811],[27.4646,40.4855],[27.464,40.4885],[27.4638,40.4922],[27.4639,40.4963],[27.4644,40.5],[27.4653,40.5031],[27.4652,40.5055],[27.4641,40.507],[27.4634,40.5094],[27.4633,40.5125],[27.4636,40.5149],[27.4643,40.5164],[27.4658,40.518],[27.4683,40.5195],[27.4695,40.5208],[27.4696,40.5219],[27.469,40.523],[27.4678,40.5241],[27.4659,40.5247],[27.4633,40.5246],[27.4617,40.5244],[27.4612,40.5239],[27.4607,40.524],[27.4602,40.5246],[27.4597,40.5248],[27.4592,40.5246],[27.4581,40.5258],[27.4564,40.5284],[27.455,40.5315],[27.4538,40.5352],[27.4533,40.5394],[27.4534,40.5441],[27.4541,40.5478],[27.4551,40.5505],[27.4568,40.5531],[27.4589,40.5554],[27.4612,40.5572],[27.4638,40.5585],[27.4688,40.5602],[27.4761,40.5623],[27.4836,40.5639],[27.4914,40.5649],[27.4987,40.5652],[27.5055,40.5646],[27.5102,40.5636],[27.5128,40.5622],[27.5152,40.5603],[27.5174,40.558],[27.5189,40.5558],[27.5198,40.5537],[27.5228,40.5508],[27.5281,40.5471],[27.5318,40.5448],[27.5339,40.5437],[27.5405,40.5416],[27.5516,40.5385],[27.5576,40.5368],[27.5585,40.5364],[27.5592,40.5358],[27.5597,40.5349],[27.5602,40.5345],[27.5607,40.5348],[27.561,40.5344],[27.5613,40.5333],[27.5621,40.5322],[27.5634,40.5309],[27.5646,40.5304],[27.5656,40.5307],[27.5666,40.5308],[27.5677,40.5305],[27.5688,40.5315],[27.57,40.5338],[27.5705,40.5352],[27.5704,40.5359],[27.5719,40.5373],[27.575,40.5396],[27.5769,40.5406],[27.5774,40.5403],[27.5781,40.5405],[27.5792,40.5413],[27.5815,40.5421],[27.5852,40.5428],[27.589,40.543],[27.5931,40.5425],[27.5968,40.5412],[27.6004,40.539],[27.6038,40.5358],[27.6072,40.5313],[27.6128,40.5288],[27.6206,40.5285],[27.6263,40.5273],[27.63,40.5253],[27.6334,40.5227],[27.6365,40.5197],[27.6393,40.5178],[27.6419,40.5172],[27.6458,40.5168],[27.651,40.5165],[27.6547,40.5161],[27.6568,40.5154],[27.6589,40.5144],[27.661,40.5131],[27.6621,40.5118],[27.6621,40.5105],[27.6617,40.5097],[27.6606,40.5092],[27.6612,40.5084],[27.6634,40.5073],[27.6643,40.5065],[27.6638,40.506],[27.6644,40.5047],[27.6663,40.5026],[27.6678,40.5021],[27.6689,40.5031],[27.6693,40.5041],[27.6688,40.5052],[27.6689,40.5067],[27.6696,40.5089],[27.6704,40.5104],[27.6713,40.5115],[27.6716,40.5123],[27.6713,40.5127],[27.6745,40.5154],[27.6812,40.5201],[27.6884,40.5261],[27.6961,40.5334],[27.7022,40.5377],[27.7067,40.5392],[27.7123,40.5394],[27.719,40.5383],[27.7261,40.5383],[27.7334,40.5394],[27.738,40.5397],[27.7401,40.5394],[27.7437,40.5398],[27.749,40.5409],[27.7526,40.5414],[27.7547,40.5413],[27.7586,40.5403],[27.7643,40.5383],[27.7685,40.5376],[27.7711,40.5381],[27.7748,40.5382],[27.7795,40.5381],[27.7826,40.5377],[27.7842,40.5372],[27.786,40.5359],[27.7881,40.5339],[27.7909,40.5331],[27.7946,40.5336],[27.7987,40.5332],[27.8034,40.5321],[27.8091,40.5319],[27.8159,40.5326],[27.8209,40.5325],[27.824,40.5318],[27.8279,40.5313],[27.8326,40.531],[27.8352,40.5306],[27.8357,40.5302],[27.8417,40.5304],[27.8531,40.5313],[27.8625,40.5316],[27.8698,40.5313],[27.8765,40.5306],[27.8828,40.5293],[27.8885,40.5286],[27.8938,40.5283],[27.8977,40.5275],[27.9003,40.5263],[27.9058,40.5256],[27.9141,40.5253],[27.9213,40.5247],[27.9276,40.5238],[27.9354,40.5221],[27.9448,40.5196],[27.9524,40.5184],[27.9581,40.5185],[27.9627,40.518],[27.9664,40.5169],[27.9693,40.5157],[27.9714,40.5144],[27.9742,40.5133],[27.9779,40.5124],[27.9847,40.5112],[27.9946,40.51],[27.9996,40.5095],[27.9999,40.5098],[27.9999,40.6272],[27.9996,40.8617],[27.9959,40.976],[27.9886,40.9698],[27.9841,40.9668],[27.9826,40.9668],[27.9808,40.9663],[27.9787,40.9653],[27.9763,40.9636],[27.9737,40.9611],[27.9711,40.9591],[27.9685,40.9575],[27.9591,40.9554],[27.943,40.9529],[27.9307,40.9518],[27.9224,40.9521],[27.9172,40.9526],[27.9151,40.9533],[27.9089,40.9528],[27.8984,40.9512],[27.8919,40.9505],[27.8893,40.9506],[27.887,40.951],[27.8849,40.9517],[27.8831,40.9519],[27.8815,40.9514],[27.8805,40.9514],[27.88,40.9517],[27.8789,40.9515],[27.8774,40.9508],[27.875,40.9506],[27.8719,40.9509],[27.8685,40.9514],[27.8648,40.952],[27.862,40.9527],[27.8599,40.9536],[27.8586,40.9545],[27.8581,40.9555],[27.8576,40.9557],[27.8571,40.9552],[27.8552,40.9567],[27.852,40.9602],[27.8476,40.9636],[27.8419,40.9668],[27.8321,40.9695],[27.818,40.9718],[27.8083,40.973],[27.8031,40.9731],[27.7937,40.9743],[27.7802,40.9766],[27.7706,40.9775],[27.7649,40.9772],[27.7586,40.9772],[27.7518,40.9777],[27.745,40.9774],[27.7383,40.9765],[27.7326,40.9749],[27.7279,40.9728],[27.7224,40.9709],[27.7161,40.9693],[27.7078,40.9681],[27.6974,40.9673],[27.6891,40.9663],[27.6828,40.9651],[27.6768,40.9649],[27.6711,40.9657],[27.6641,40.9662],[27.6558,40.9663],[27.6498,40.966],[27.6461,40.9651],[27.643,40.964],[27.6404,40.9624],[27.6357,40.9616],[27.6289,40.9613],[27.6237,40.9606],[27.62,40.9595],[27.6172,40.9582],[27.6151,40.9568],[27.6129,40.956],[27.6106,40.9558],[27.6092,40.9552],[27.6087,40.9541],[27.6085,40.9523],[27.6086,40.9497],[27.6076,40.9466],[27.6056,40.9429],[27.601,40.9394],[27.5937,40.9359],[27.589,40.9339],[27.587,40.9334],[27.5841,40.9334],[27.5804,40.9341],[27.5767,40.9353],[27.573,40.9371],[27.571,40.9385],[27.5707,40.9396],[27.5712,40.9408],[27.5727,40.9423],[27.5766,40.9439],[27.5829,40.9456],[27.5883,40.9477],[27.5928,40.9503],[27.5958,40.9524],[27.5973,40.9539],[27.5981,40.955],[27.5982,40.9555],[27.5979,40.956],[27.5974,40.9565],[27.5954,40.9575],[27.5919,40.9588],[27.5888,40.9596],[27.5862,40.9598],[27.5818,40.9593],[27.5755,40.9581],[27.5706,40.9568],[27.5669,40.9555],[27.5589,40.9541],[27.5464,40.9528],[27.5365,40.9512],[27.5292,40.9495],[27.5218,40.9465],[27.5143,40.9422],[27.5053,40.9323],[27.4948,40.9167],[27.4894,40.9081],[27.4893,40.9065],[27.4883,40.9036],[27.4864,40.8995],[27.4851,40.8968],[27.4843,40.8956],[27.4826,40.894],[27.4799,40.8919],[27.4778,40.8896],[27.4761,40.8871],[27.4754,40.8857],[27.4757,40.8852],[27.4756,40.8844],[27.4751,40.8833],[27.4742,40.882],[27.4727,40.8805],[27.4716,40.8789],[27.4709,40.8774],[27.4707,40.8763],[27.4712,40.8758],[27.4713,40.875],[27.4712,40.8739],[27.4708,40.8731],[27.4701,40.8727],[27.4705,40.8719],[27.472,40.8708],[27.4726,40.8699],[27.4725,40.8691],[27.471,40.8657],[27.4681,40.8598],[27.4649,40.8539],[27.4614,40.8482],[27.4558,40.8422],[27.4481,40.8359],[27.4438,40.8328],[27.4427,40.8327],[27.4409,40.8314],[27.4383,40.8289],[27.4362,40.8273],[27.4347,40.8269],[27.4323,40.8256],[27.4292,40.8235],[27.4274,40.8226],[27.4269,40.8229],[27.4256,40.8218],[27.4235,40.8194],[27.4169,40.8154],[27.406,40.8097],[27.3984,40.8051],[27.3943,40.8014],[27.3904,40.7985],[27.3867,40.7963],[27.3802,40.7906],[27.3708,40.7813],[27.3656,40.7763],[27.3646,40.7758],[27.3625,40.7737],[27.3594,40.7701],[27.3557,40.7665],[27.3514,40.7628],[27.3485,40.7594],[27.347,40.7563],[27.3467,40.7544],[27.3476,40.7539],[27.3479,40.7534],[27.3474,40.7529],[27.3474,40.7524],[27.3479,40.7519],[27.3484,40.75],[27.3489,40.7469],[27.3489,40.7443],[27.3486,40.7422],[27.3479,40.7403],[27.3469,40.7388],[27.3464,40.7372],[27.3463,40.7357],[27.3466,40.7347],[27.3471,40.7342],[27.3469,40.7323],[27.346,40.7292],[27.3435,40.7245],[27.3394,40.7182],[27.3367,40.7133],[27.3355,40.7096],[27.3339,40.7061],[27.3318,40.7028],[27.3263,40.6968],[27.3174,40.6882],[27.3117,40.683],[27.3091,40.6811],[27.3036,40.6781],[27.2953,40.674],[27.2875,40.6694],[27.2802,40.6644],[27.2732,40.6604],[27.2664,40.6573],[27.2596,40.6532],[27.2529,40.6481],[27.2474,40.6448],[27.2432,40.6431],[27.2401,40.6421],[27.238,40.6418],[27.2321,40.6399],[27.2222,40.6366],[27.2128,40.6328],[27.2039,40.6285],[27.1974,40.6246],[27.1932,40.621],[27.1893,40.6181],[27.1857,40.6158],[27.1813,40.6141],[27.176,40.6128],[27.1674,40.6094],[27.1555,40.6037],[27.1479,40.6006],[27.1448,40.6003],[27.1406,40.5993],[27.1354,40.5976],[27.1313,40.5966],[27.1282,40.5964],[27.1258,40.5957],[27.1242,40.5944],[27.1221,40.5934],[27.1195,40.5925],[27.107,40.5897],[27.0846,40.5851],[27.0721,40.582],[27.0695,40.5804],[27.0664,40.5777],[27.0627,40.5739],[27.0547,40.5677],[27.0424,40.559],[27.0343,40.5537],[27.0305,40.5517],[27.0258,40.5498],[27.0201,40.5481],[27.0151,40.5454],[27.011,40.5419],[27.0067,40.5391],[27.0022,40.537],[27.0001,40.503],[27.0004,40.4371],[27.0054,40.4055],[27.0154,40.4081],[27.0213,40.4114],[27.0232,40.4153],[27.025,40.418],[27.0267,40.4195],[27.0276,40.4206],[27.0276,40.4212],[27.0279,40.4214],[27.0284,40.4211],[27.0294,40.4219],[27.031,40.4236],[27.0326,40.4248],[27.0341,40.4255],[27.0352,40.4258],[27.0357,40.4255],[27.0364,40.4258],[27.0375,40.4265],[27.0398,40.4274],[27.0435,40.4284],[27.0459,40.4294],[27.047,40.4303],[27.048,40.4318],[27.0488,40.4339],[27.0506,40.4361],[27.0533,40.4386],[27.0583,40.4412],[27.0656,40.4439],[27.0708,40.4464],[27.0741,40.4485],[27.0783,40.4519],[27.0834,40.4567],[27.0867,40.4594],[27.0883,40.46],[27.0914,40.4607],[27.0961,40.4613],[27.1008,40.4613],[27.1055,40.4604],[27.1109,40.4615],[27.1172,40.4644],[27.1224,40.4659],[27.1265,40.4661],[27.1312,40.467],[27.1365,40.4685],[27.1407,40.4693],[27.1438,40.4694],[27.15,40.4683],[27.1594,40.4658],[27.1714,40.4617],[27.1859,40.4559],[27.1963,40.4544],[27.2026,40.4573],[27.2112,40.4603],[27.2221,40.4634],[27.2352,40.4679],[27.2503,40.4736],[27.2596,40.478],[27.2633,40.4813],[27.2672,40.4839],[27.2713,40.4857],[27.2752,40.487],[27.2789,40.4878],[27.2825,40.4882],[27.2862,40.4883],[27.2891,40.4881],[27.2912,40.4876],[27.2938,40.4862],[27.2969,40.4839],[27.3002,40.4805],[27.3038,40.4758],[27.3069,40.4722],[27.3096,40.4699],[27.3139,40.4673],[27.3199,40.4644],[27.3249,40.4615],[27.3288,40.4585],[27.3336,40.4533],[27.3393,40.4457],[27.3435,40.4415],[27.3461,40.4404],[27.3487,40.4404],[27.3513,40.4412],[27.3555,40.4417],[27.3612,40.4416],[27.3649,40.4414],[27.3664,40.441],[27.3709,40.4373],[27.3782,40.4304],[27.3826,40.427],[27.3841,40.4271],[27.3868,40.4258],[27.3905,40.4228],[27.3981,40.4186],[27.4094,40.413],[27.4178,40.4094],[27.4233,40.4076],[27.4321,40.4038],[27.4444,40.3978],[27.4529,40.3936],[27.4576,40.3911],[27.4617,40.3884],[27.4654,40.3854],[27.4688,40.3832],[27.4719,40.3817],[27.4742,40.3811],[27.4758,40.3813],[27.4768,40.3812],[27.4771,40.3809],[27.477,40.3799],[27.4767,40.3784],[27.4768,40.3775],[27.4773,40.3772],[27.4794,40.3771],[27.4831,40.3772],[27.4873,40.3762],[27.492,40.3739],[27.4961,40.3728],[27.4998,40.373],[27.5029,40.372],[27.5055,40.3697],[27.5157,40.3684],[27.5334,40.3683],[27.5427,40.3686],[27.5436,40.3691],[27.544,40.3693],[27.544,40.3693],[27.5441,40.3698]],[[27.4893,40.6244],[27.4857,40.6244],[27.4826,40.625],[27.4801,40.6261],[27.4778,40.6274],[27.476,40.6289],[27.4742,40.6308],[27.4727,40.6329],[27.4715,40.6355],[27.4707,40.6385],[27.4706,40.6414],[27.4712,40.644],[27.4725,40.6467],[27.4745,40.6494],[27.4771,40.6517],[27.4804,40.6537],[27.483,40.655],[27.4849,40.6555],[27.4864,40.6556],[27.4875,40.6553],[27.4896,40.6558],[27.4927,40.6573],[27.4948,40.6574],[27.4959,40.6563],[27.4967,40.6536],[27.4972,40.6495],[27.4978,40.6466],[27.4987,40.6451],[27.4991,40.642],[27.4992,40.6373],[27.4988,40.6347],[27.4981,40.6342],[27.4978,40.6336],[27.498,40.6331],[27.4977,40.6327],[27.4968,40.6325],[27.4964,40.632],[27.4964,40.6311],[27.496,40.6307],[27.4953,40.6307],[27.4948,40.6296],[27.4945,40.6272],[27.4935,40.6257],[27.4919,40.6248],[27.4911,40.6244],[27.4911,40.6244],[27.4893,40.6244]],[[27.6112,40.5597],[27.6055,40.5598],[27.6011,40.5606],[27.598,40.5621],[27.5959,40.5628],[27.5948,40.5627],[27.5938,40.563],[27.5927,40.5637],[27.5917,40.5638],[27.5906,40.5634],[27.5899,40.5635],[27.5893,40.564],[27.5883,40.5638],[27.5867,40.5628],[27.5846,40.5621],[27.582,40.5616],[27.5805,40.5615],[27.5799,40.5618],[27.5792,40.5616],[27.5781,40.5609],[27.5761,40.5607],[27.573,40.561],[27.5691,40.5622],[27.5644,40.5643],[27.5604,40.5664],[27.5573,40.5687],[27.5536,40.5704],[27.5495,40.5717],[27.5451,40.5742],[27.5404,40.5781],[27.5352,40.581],[27.5295,40.5828],[27.5249,40.5848],[27.5216,40.587],[27.5182,40.5918],[27.5147,40.5995],[27.5128,40.605],[27.5123,40.6083],[27.5129,40.6123],[27.5144,40.617],[27.5146,40.6209],[27.5135,40.624],[27.5133,40.6263],[27.5141,40.6278],[27.5146,40.6302],[27.5149,40.6333],[27.5157,40.6367],[27.517,40.6404],[27.518,40.644],[27.5185,40.6477],[27.5196,40.6511],[27.5215,40.6544],[27.5229,40.6562],[27.5238,40.6566],[27.5251,40.6576],[27.5268,40.6593],[27.53,40.6614],[27.5347,40.6641],[27.5404,40.6659],[27.5471,40.6671],[27.5526,40.6674],[27.5568,40.667],[27.5602,40.666],[27.5628,40.6644],[27.5659,40.664],[27.5696,40.6649],[27.5753,40.6652],[27.5831,40.6649],[27.5927,40.6654],[27.6042,40.6668],[27.6162,40.6692],[27.6286,40.6726],[27.636,40.674],[27.6381,40.6735],[27.6409,40.6719],[27.6446,40.6693],[27.6472,40.6682],[27.6487,40.6685],[27.6503,40.6682],[27.6518,40.6674],[27.6537,40.6671],[27.6558,40.6672],[27.6581,40.6677],[27.6607,40.6688],[27.6628,40.6693],[27.6643,40.6693],[27.6656,40.6689],[27.6667,40.6682],[27.6685,40.6687],[27.6711,40.6704],[27.674,40.6715],[27.6771,40.672],[27.6807,40.6717],[27.6849,40.6709],[27.6883,40.6693],[27.6909,40.667],[27.6982,40.6643],[27.7101,40.6611],[27.7164,40.6593],[27.7169,40.6588],[27.7183,40.6584],[27.7203,40.6582],[27.7235,40.6574],[27.7276,40.656],[27.7334,40.6549],[27.7407,40.654],[27.7446,40.6533],[27.7451,40.6527],[27.7458,40.6524],[27.7469,40.6523],[27.7477,40.6516],[27.7482,40.6504],[27.7489,40.6497],[27.75,40.6496],[27.7508,40.6492],[27.7513,40.6484],[27.7532,40.6487],[27.7563,40.6498],[27.7591,40.6503],[27.7617,40.65],[27.7644,40.6488],[27.7671,40.6465],[27.7687,40.6445],[27.7692,40.643],[27.7702,40.6419],[27.7717,40.6414],[27.7726,40.6398],[27.7729,40.6372],[27.7735,40.6354],[27.7742,40.6344],[27.7746,40.6323],[27.7746,40.6292],[27.7744,40.6268],[27.7739,40.6253],[27.7721,40.6228],[27.7688,40.6195],[27.7656,40.6173],[27.7625,40.6162],[27.7586,40.616],[27.7539,40.6165],[27.7506,40.616],[27.7485,40.6144],[27.7461,40.6132],[27.7435,40.6124],[27.7396,40.6105],[27.7344,40.6075],[27.7302,40.6055],[27.7271,40.6045],[27.7234,40.6029],[27.7193,40.6007],[27.7146,40.5989],[27.7094,40.5976],[27.6998,40.5944],[27.6857,40.5893],[27.6779,40.5857],[27.6765,40.5838],[27.6755,40.5829],[27.6748,40.5831],[27.6745,40.5828],[27.6743,40.5822],[27.6728,40.5807],[27.6697,40.5786],[27.6641,40.5763],[27.6558,40.5738],[27.6474,40.5704],[27.6391,40.5662],[27.6326,40.5638],[27.6279,40.5632],[27.625,40.5625],[27.6239,40.5618],[27.6211,40.561],[27.6164,40.5601],[27.6141,40.5596],[27.6141,40.5596],[27.6112,40.5597]],[[27.6458,40.3913],[27.626,40.3912],[27.6159,40.3912],[27.6154,40.3913],[27.6149,40.3918],[27.6146,40.3927],[27.6148,40.3935],[27.6157,40.3939],[27.6169,40.3941],[27.6185,40.3938],[27.6282,40.3938],[27.6459,40.3941],[27.6551,40.3939],[27.656,40.3935],[27.6562,40.3927],[27.6559,40.3918],[27.6557,40.3913],[27.6557,40.3913],[27.6458,40.3913]],[[27.5664,40.3812],[27.5627,40.3812],[27.5607,40.3814],[27.5602,40.3817],[27.56,40.3826],[27.5601,40.3841],[27.5607,40.3851],[27.5616,40.3856],[27.5636,40.3858],[27.5667,40.3857],[27.5685,40.3849],[27.569,40.3835],[27.569,40.3824],[27.5685,40.3816],[27.5682,40.3812],[27.5682,40.3812],[27.5664,40.3812]]],[[[27.5308,40.3644],[27.5313,40.3648],[27.5313,40.3656],[27.5309,40.3666],[27.5302,40.3672],[27.5291,40.3674],[27.5282,40.3671],[27.5273,40.3665],[27.5271,40.3656],[27.5276,40.3646],[27.5285,40.3641],[27.5298,40.3641],[27.5305,40.3641],[27.5305,40.3641],[27.5308,40.3644]]],[[[27.7606,40.3633],[27.7606,40.3638],[27.7602,40.3643],[27.7593,40.3648],[27.7576,40.365],[27.7549,40.365],[27.7532,40.3648],[27.7523,40.3643],[27.7521,40.3636],[27.7524,40.3626],[27.7529,40.3621],[27.7534,40.362],[27.7552,40.3621],[27.7583,40.3622],[27.7601,40.3624],[27.7604,40.3628],[27.7606,40.363],[27.7606,40.363],[27.7606,40.3633]]],[[[27.7713,40.3536],[27.7708,40.3536],[27.7708,40.3534],[27.7712,40.353],[27.7714,40.353],[27.7715,40.3534],[27.7715,40.3536],[27.7715,40.3536],[27.7713,40.3536]]],[[[27.7731,40.3526],[27.772,40.3526],[27.772,40.3526],[27.7731,40.3526],[27.7736,40.3526],[27.7736,40.3526],[27.7731,40.3526]]],[[[27.7371,40.3435],[27.7372,40.344],[27.7369,40.3443],[27.7362,40.3443],[27.7358,40.344],[27.7359,40.3435],[27.7362,40.3432],[27.7368,40.3432],[27.7371,40.3432],[27.7371,40.3432],[27.7371,40.3435]]],[[[27.7508,40.3343],[27.752,40.3352],[27.7537,40.3356],[27.7558,40.3357],[27.7587,40.3376],[27.7624,40.3413],[27.7643,40.3443],[27.7644,40.3464],[27.7656,40.3477],[27.7678,40.3481],[27.769,40.35],[27.769,40.3531],[27.7678,40.3552],[27.7656,40.3563],[27.7646,40.3573],[27.7649,40.3584],[27.7649,40.3592],[27.7644,40.36],[27.7602,40.3604],[27.7523,40.3605],[27.7473,40.3596],[27.7451,40.3578],[27.744,40.3558],[27.7439,40.3537],[27.7428,40.3513],[27.7405,40.3487],[27.7394,40.3456],[27.7394,40.3419],[27.7409,40.3385],[27.7438,40.3354],[27.7465,40.3338],[27.749,40.3339],[27.7502,40.3339],[27.7502,40.3339],[27.7508,40.3343]]]]}},{"type":"Feature","properties":{"depth":40,"kind":"isobath"},"geometry":{"type":"MultiLineString","coordinates":[[[27.4697,40.8714],[27.4695,40.8714],[27.4691,40.8714],[27.4691,40.8714],[27.4695,40.8714],[27.4697,40.8714]],[[27.6761,40.5849],[27.6759,40.5849],[27.6755,40.5849],[27.6755,40.5849],[27.6759,40.5849],[27.6761,40.5849]],[[27.4903,40.4505],[27.4903,40.4503],[27.4902,40.4498],[27.4902,40.4498],[27.4903,40.4503],[27.4903,40.4505]],[[27.5856,40.3818],[27.5854,40.3823],[27.5851,40.3832],[27.5847,40.3837],[27.5842,40.3838],[27.5825,40.3833],[27.5797,40.3823],[27.5797,40.3816],[27.5825,40.3811],[27.5843,40.3811],[27.5852,40.3816],[27.5856,40.3818]],[[27.9891,40.4122],[27.9857,40.4103],[27.9789,40.4065],[27.9732,40.4044],[27.9685,40.404],[27.964,40.402],[27.9598,40.3983],[27.9557,40.3954],[27.9518,40.3933],[27.9493,40.3917],[27.9484,40.3906],[27.9479,40.3891],[27.9478,40.387],[27.948,40.3851],[27.9485,40.3836],[27.95,40.3818],[27.9525,40.3797],[27.9555,40.3784],[27.9591,40.3779],[27.9621,40.3779],[27.9644,40.3784],[27.9656,40.3786],[27.9656,40.3786],[27.9699,40.3798],[27.9785,40.3821],[27.9828,40.3833]],[[27.9995,40.979],[27.9959,40.976],[27.9886,40.9698],[27.9841,40.9668],[27.9826,40.9668],[27.9808,40.9663],[27.9787,40.9653],[27.9763,40.9636],[27.9737,40.9611],[27.9711,40.9591],[27.9685,40.9575],[27.9591,40.9554],[27.943,40.9529],[27.9307,40.9518],[27.9224,40.9521],[27.9172,40.9526],[27.9151,40.9533],[27.9089,40.9528],[27.8984,40.9512],[27.8919,40.9505],[27.8893,40.9506],[27.887,40.951],[27.8849,40.9517],[27.8831,40.9519],[27.8815,40.9514],[27.8805,40.9514],[27.88,40.9517],[27.8789,40.9515],[27.8774,40.9508],[27.875,40.9506],[27.8719,40.9509],[27.8685,40.9514],[27.8648,40.952],[27.862,40.9527],[27.8599,40.9536],[27.8586,40.9545],[27.8581,40.9555],[27.8576,40.9557],[27.8571,40.9552],[27.8552,40.9567],[27.852,40.9602],[27.8476,40.9636],[27.8419,40.9668],[27.8321,40.9695],[27.818,40.9718],[27.8083,40.973],[27.8031,40.9731],[27.7937,40.9743],[27.7802,40.9766],[27.7706,40.9775],[27.7649,40.9772],[27.7586,40.9772],[27.7518,40.9777],[27.745,40.9774],[27.7383,40.9765],[27.7326,40.9749],[27.7279,40.9728],[27.7224,40.9709],[27.7161,40.9693],[27.7078,40.9681],[27.6974,40.9673],[27.6891,40.9663],[27.6828,40.9651],[27.6768,40.9649],[27.6711,40.9657],[27.6641,40.9662],[27.6558,40.9663],[27.6498,40.966],[27.6461,40.9651],[27.643,40.964],[27.6404,40.9624],[27.6357,40.9616],[27.6289,40.9613],[27.6237,40.9606],[27.62,40.9595],[27.6172,40.9582],[27.6151,40.9568],[27.6129,40.956],[27.6106,40.9558],[27.6092,40.9552],[27.6087,40.9541],[27.6085,40.9523],[27.6086,40.9497],[27.6076,40.9466],[27.6056,40.9429],[27.601,40.9394],[27.5937,40.9359],[27.589,40.9339],[27.587,40.9334],[27.5841,40.9334],[27.5804,40.9341],[27.5767,40.9353],[27.573,40.9371],[27.571,40.9385],[27.5707,40.9396],[27.5712,40.9408],[27.5727,40.9423],[27.5766,40.9439],[27.5829,40.9456],[27.5883,40.9477],[27.5928,40.9503],[27.5958,40.9524],[27.5973,40.9539],[27.5981,40.955],[27.5982,40.9555],[27.5979,40.956],[27.5974,40.9565],[27.5954,40.9575],[27.5919,40.9588],[27.5888,40.9596],[27.5862,40.9598],[27.5818,40.9593],[27.5755,40.9581],[27.5706,40.9568],[27.5669,40.9555],[27.5589,40.9541],[27.5464,40.9528],[27.5365,40.9512],[27.5292,40.9495],[27.5218,40.9465],[27.5143,40.9422],[27.5053,40.9323],[27.4948,40.9167],[27.4894,40.9081],[27.4893,40.9065],[27.4883,40.9036],[27.4864,40.8995],[27.4851,40.8968],[27.4843,40.8956],[27.4826,40.894],[27.4799,40.8919],[27.4778,40.8896],[27.4761,40.8871],[27.4754,40.8857],[27.4757,40.8852],[27.4756,40.8844],[27.4751,40.8833],[27.4742,40.882],[27.4727,40.8805],[27.4716,40.8789],[27.4709,40.8774],[27.4707,40.8763],[27.4712,40.8758],[27.4713,40.875],[27.4712,40.8739],[27.4708,40.8731],[27.4701,40.8727],[27.4705,40.8719],[27.472,40.8708],[27.4726,40.8699],[27.4725,40.8691],[27.471,40.8657],[27.4681,40.8598],[27.4649,40.8539],[27.4614,40.8482],[27.4558,40.8422],[27.4481,40.8359],[27.4438,40.8328],[27.4427,40.8327],[27.4409,40.8314],[27.4383,40.8289],[27.4362,40.8273],[27.4347,40.8269],[27.4323,40.8256],[27.4292,40.8235],[27.4274,40.8226],[27.4269,40.8229],[27.4256,40.8218],[27.4235,40.8194],[27.4169,40.8154],[27.406,40.8097],[27.3984,40.8051],[27.3943,40.8014],[27.3904,40.7985],[27.3867,40.7963],[27.3802,40.7906],[27.3708,40.7813],[27.3656,40.7763],[27.3646,40.7758],[27.3625,40.7737],[27.3594,40.7701],[27.3557,40.7665],[27.3514,40.7628],[27.3485,40.7594],[27.347,40.7563],[27.3467,40.7544],[27.3476,40.7539],[27.3479,40.7534],[27.3474,40.7529],[27.3474,40.7524],[27.3479,40.7519],[27.3484,40.75],[27.3489,40.7469],[27.3489,40.7443],[27.3486,40.7422],[27.3479,40.7403],[27.3469,40.7388],[27.3464,40.7372],[27.3463,40.7357],[27.3466,40.7347],[27.3471,40.7342],[27.3469,40.7323],[27.346,40.7292],[27.3435,40.7245],[27.3394,40.7182],[27.3367,40.7133],[27.3355,40.7096],[27.3339,40.7061],[27.3318,40.7028],[27.3263,40.6968],[27.3174,40.6882],[27.3117,40.683],[27.3091,40.6811],[27.3036,40.6781],[27.2953,40.674],[27.2875,40.6694],[27.2802,40.6644],[27.2732,40.6604],[27.2664,40.6573],[27.2596,40.6532],[27.2529,40.6481],[27.2474,40.6448],[27.2432,40.6431],[27.2401,40.6421],[27.238,40.6418],[27.2321,40.6399],[27.2222,40.6366],[27.2128,40.6328],[27.2039,40.6285],[27.1974,40.6246],[27.1932,40.621],[27.1893,40.6181],[27.1857,40.6158],[27.1813,40.6141],[27.176,40.6128],[27.1674,40.6094],[27.1555,40.6037],[27.1479,40.6006],[27.1448,40.6003],[27.1406,40.5993],[27.1354,40.5976],[27.1313,40.5966],[27.1282,40.5964],[27.1258,40.5957],[27.1242,40.5944],[27.1221,40.5934],[27.1195,40.5925],[27.107,40.5897],[27.0846,40.5851],[27.0721,40.582],[27.0695,40.5804],[27.0664,40.5777],[27.0627,40.5739],[27.0547,40.5677],[27.0424,40.559],[27.0343,40.5537],[27.0305,40.5517],[27.0258,40.5498],[27.0201,40.5481],[27.0151,40.5454],[27.011,40.5419],[27.0089,40.5401]],[[27.0005,40.4042],[27.0054,40.4055],[27.0154,40.4081],[27.0213,40.4114],[27.0232,40.4153],[27.025,40.418],[27.0267,40.4195],[27.0276,40.4206],[27.0276,40.4212],[27.0279,40.4214],[27.0284,40.4211],[27.0294,40.4219],[27.031,40.4236],[27.0326,40.4248],[27.0341,40.4255],[27.0352,40.4258],[27.0357,40.4255],[27.0364,40.4258],[27.0375,40.4265],[27.0398,40.4274],[27.0435,40.4284],[27.0459,40.4294],[27.047,40.4303],[27.048,40.4318],[27.0488,40.4339],[27.0506,40.4361],[27.0533,40.4386],[27.0583,40.4412],[27.0656,40.4439],[27.0708,40.4464],[27.0741,40.4485],[27.0783,40.4519],[27.0834,40.4567],[27.0867,40.4594],[27.0883,40.46],[27.0914,40.4607],[27.0961,40.4613],[27.1008,40.4613],[27.1055,40.4604],[27.1109,40.4615],[27.1172,40.4644],[27.1224,40.4659],[27.1265,40.4661],[27.1312,40.467],[27.1365,40.4685],[27.1407,40.4693],[27.1438,40.4694],[27.15,40.4683],[27.1594,40.4658],[27.1714,40.4617],[27.1859,40.4559],[27.1963,40.4544],[27.2026,40.4573],[27.2112,40.4603],[27.2221,40.4634],[27.2352,40.4679],[27.2503,40.4736],[27.2596,40.478],[27.2633,40.4813],[27.2672,40.4839],[27.2713,40.4857],[27.2752,40.487],[27.2789,40.4878],[27.2825,40.4882],[27.2862,40.4883],[27.2891,40.4881],[27.2912,40.4876],[27.2938,40.4862],[27.2969,40.4839],[27.3002,40.4805],[27.3038,40.4758],[27.3069,40.4722],[27.3096,40.4699],[27.3139,40.4673],[27.3199,40.4644],[27.3249,40.4615],[27.3288,40.4585],[27.3336,40.4533],[27.3393,40.4457],[27.3435,40.4415],[27.3461,40.4404],[27.3487,40.4404],[27.3513,40.4412],[27.3555,40.4417],[27.3612,40.4416],[27.3649,40.4414],[27.3664,40.441],[27.3709,40.4373],[27.3782,40.4304],[27.3826,40.427],[27.3841,40.4271],[27.3868,40.4258],[27.3905,40.4228],[27.3981,40.4186],[27.4094,40.413],[27.4178,40.4094],[27.4233,40.4076],[27.4321,40.4038],[27.4444,40.3978],[27.4529,40.3936],[27.4576,40.3911],[27.4617,40.3884],[27.4654,40.3854],[27.4688,40.3832],[27.4719,40.3817],[27.4742,40.3811],[27.4758,40.3813],[27.4768,40.3812],[27.4771,40.3809],[27.477,40.3799],[27.4767,40.3784],[27.4768,40.3775],[27.4773,40.3772],[27.4794,40.3771],[27.4831,40.3772],[27.4873,40.3762],[27.492,40.3739],[27.4961,40.3728],[27.4998,40.373],[27.5029,40.372],[27.5055,40.3697],[27.5157,40.3684],[27.5334,40.3683],[27.5427,40.3686],[27.5436,40.3691],[27.544,40.3693],[27.544,40.3693],[27.5441,40.3698],[27.5444,40.3709],[27.5454,40.3719],[27.5473,40.3729],[27.5483,40.3742],[27.5484,40.376],[27.5466,40.3753],[27.5429,40.3724],[27.5409,40.3708],[27.5404,40.3707],[27.5399,40.3711],[27.5396,40.372],[27.5403,40.3729],[27.542,40.374],[27.5433,40.3752],[27.544,40.3766],[27.545,40.3776],[27.5464,40.3783],[27.5474,40.3793],[27.5481,40.3808],[27.5512,40.3813],[27.5569,40.3809],[27.559,40.3804],[27.5575,40.3797],[27.5555,40.3792],[27.5529,40.3791],[27.5511,40.3786],[27.55,40.3779],[27.556,40.3773],[27.569,40.3769],[27.5761,40.3772],[27.5772,40.3781],[27.5777,40.3791],[27.5777,40.3802],[27.5774,40.381],[27.5769,40.3815],[27.5758,40.3811],[27.5742,40.3799],[27.5724,40.3797],[27.5705,40.3804],[27.571,40.3808],[27.574,40.3808],[27.576,40.3821],[27.5771,40.3844],[27.5844,40.3855],[27.5979,40.3851],[27.6051,40.3852],[27.606,40.3857],[27.6062,40.3864],[27.6059,40.3874],[27.6039,40.3877],[27.6002,40.3873],[27.5982,40.3876],[27.5979,40.3886],[27.5981,40.3893],[27.5991,40.3898],[27.6185,40.3898],[27.6565,40.3894],[27.676,40.3894],[27.6769,40.3899],[27.6776,40.3908],[27.6783,40.3922],[27.6793,40.3932],[27.6808,40.394],[27.6818,40.395],[27.6825,40.3965],[27.6835,40.3975],[27.685,40.3981],[27.6858,40.3991],[27.6859,40.4004],[27.6854,40.4014],[27.6844,40.4021],[27.6829,40.4023],[27.681,40.4018],[27.6802,40.4006],[27.6805,40.3984],[27.6793,40.3961],[27.6766,40.3935],[27.6748,40.392],[27.6739,40.3916],[27.6732,40.3916],[27.6729,40.392],[27.6729,40.3927],[27.6732,40.3936],[27.6742,40.3941],[27.6758,40.3943],[27.6768,40.3946],[27.6772,40.3951],[27.6774,40.4029],[27.6774,40.418],[27.6736,40.425],[27.6659,40.4239],[27.6604,40.4236],[27.6573,40.424],[27.6539,40.4247],[27.6502,40.4256],[27.6471,40.4267],[27.6445,40.428],[27.6422,40.4296],[27.6401,40.4313],[27.6362,40.4333],[27.6305,40.4355],[27.6261,40.4369],[27.623,40.4374],[27.6188,40.4375],[27.6135,40.437],[27.6088,40.4372],[27.6047,40.4379],[27.6013,40.4381],[27.5987,40.4377],[27.5956,40.4379],[27.5919,40.4386],[27.5875,40.4401],[27.5823,40.4425],[27.5794,40.4435],[27.5789,40.443],[27.5773,40.4426],[27.5747,40.4423],[27.5719,40.4414],[27.5688,40.4401],[27.5649,40.4393],[27.5602,40.4392],[27.5576,40.4395],[27.5571,40.4404],[27.5563,40.4407],[27.5552,40.4405],[27.5539,40.4408],[27.5524,40.4417],[27.5504,40.4432],[27.5481,40.4453],[27.5463,40.4473],[27.545,40.449],[27.543,40.453],[27.5404,40.4591],[27.5355,40.4622],[27.5282,40.4621],[27.5224,40.4613],[27.5182,40.4596],[27.513,40.4569],[27.5067,40.4532],[27.502,40.4509],[27.499,40.45],[27.4948,40.4496],[27.4896,40.4499],[27.4847,40.4511],[27.48,40.4533],[27.4768,40.4551],[27.4753,40.4565],[27.4739,40.4584],[27.4727,40.4608],[27.4717,40.4647],[27.4708,40.47],[27.469,40.4754],[27.4663,40.4811],[27.4646,40.4855],[27.464,40.4885],[27.4638,40.4922],[27.4639,40.4963],[27.4644,40.5],[27.4653,40.5031],[27.4652,40.5055],[27.4641,40.507],[27.4634,40.5094],[27.4633,40.5125],[27.4636,40.5149],[27.4643,40.5164],[27.4658,40.518],[27.4683,40.5195],[27.4695,40.5208],[27.4696,40.5219],[27.469,40.523],[27.4678,40.5241],[27.4659,40.5247],[27.4633,40.5246],[27.4617,40.5244],[27.4612,40.5239],[27.4607,40.524],[27.4602,40.5246],[27.4597,40.5248],[27.4592,40.5246],[27.4581,40.5258],[27.4564,40.5284],[27.455,40.5315],[27.4538,40.5352],[27.4533,40.5394],[27.4534,40.5441],[27.4541,40.5478],[27.4551,40.5505],[27.4568,40.5531],[27.4589,40.5554],[27.4612,40.5572],[27.4638,40.5585],[27.4688,40.5602],[27.4761,40.5623],[27.4836,40.5639],[27.4914,40.5649],[27.4987,40.5652],[27.5055,40.5646],[27.5102,40.5636],[27.5128,40.5622],[27.5152,40.5603],[27.5174,40.558],[27.5189,40.5558],[27.5198,40.5537],[27.5228,40.5508],[27.5281,40.5471],[27.5318,40.5448],[27.5339,40.5437],[27.5405,40.5416],[27.5516,40.5385],[27.5576,40.5368],[27.5585,40.5364],[27.5592,40.5358],[27.5597,40.5349],[27.5602,40.5345],[27.5607,40.5348],[27.561,40.5344],[27.5613,40.5333],[27.5621,40.5322],[27.5634,40.5309],[27.5646,40.5304],[27.5656,40.5307],[27.5666,40.5308],[27.5677,40.5305],[27.5688,40.5315],[27.57,40.5338],[27.5705,40.5352],[27.5704,40.5359],[27.5719,40.5373],[27.575,40.5396],[27.5769,40.5406],[27.5774,40.5403],[27.5781,40.5405],[27.5792,40.5413],[27.5815,40.5421],[27.5852,40.5428],[27.589,40.543],[27.5931,40.5425],[27.5968,40.5412],[27.6004,40.539],[27.6038,40.5358],[27.6072,40.5313],[27.6128,40.5288],[27.6206,40.5285],[27.6263,40.5273],[27.63,40.5253],[27.6334,40.5227],[27.6365,40.5197],[27.6393,40.5178],[27.6419,40.5172],[27.6458,40.5168],[27.651,40.5165],[27.6547,40.5161],[27.6568,40.5154],[27.6589,40.5144],[27.661,40.5131],[27.6621,40.5118],[27.6621,40.5105],[27.6617,40.5097],[27.6606,40.5092],[27.6612,40.5084],[27.6634,40.5073],[27.6643,40.5065],[27.6638,40.506],[27.6644,40.5047],[27.6663,40.5026],[27.6678,40.5021],[27.6689,40.5031],[27.6693,40.5041],[27.6688,40.5052],[27.6689,40.5067],[27.6696,40.5089],[27.6704,40.5104],[27.6713,40.5115],[27.6716,40.5123],[27.6713,40.5127],[27.6745,40.5154],[27.6812,40.5201],[27.6884,40.5261],[27.6961,40.5334],[27.7022,40.5377],[27.7067,40.5392],[27.7123,40.5394],[27.719,40.5383],[27.7261,40.5383],[27.7334,40.5394],[27.738,40.5397],[27.7401,40.5394],[27.7437,40.5398],[27.749,40.5409],[27.7526,40.5414],[27.7547,40.5413],[27.7586,40.5403],[27.7643,40.5383],[27.7685,40.5376],[27.7711,40.5381],[27.7748,40.5382],[27.7795,40.5381],[27.7826,40.5377],[27.7842,40.5372],[27.786,40.5359],[27.7881,40.5339],[27.7909,40.5331],[27.7946,40.5336],[27.7987,40.5332],[27.8034,40.5321],[27.8091,40.5319],[27.8159,40.5326],[27.8209,40.5325],[27.824,40.5318],[27.8279,40.5313],[27.8326,40.531],[27.8352,40.5306],[27.8357,40.5302],[27.8417,40.5304],[27.8531,40.5313],[27.8625,40.5316],[27.8698,40.5313],[27.8765,40.5306],[27.8828,40.5293],[27.8885,40.5286],[27.8938,40.5283],[27.8977,40.5275],[27.9003,40.5263],[27.9058,40.5256],[27.9141,40.5253],[27.9213,40.5247],[27.9276,40.5238],[27.9354,40.5221],[27.9448,40.5196],[27.9524,40.5184],[27.9581,40.5185],[27.9627,40.518],[27.9664,40.5169],[27.9693,40.5157],[27.9714,40.5144],[27.9742,40.5133],[27.9779,40.5124],[27.9847,40.5112],[27.9946,40.51],[27.9995,40.5093]],[[27.4911,40.6244],[27.4893,40.6244],[27.4857,40.6244],[27.4826,40.625],[27.4801,40.6261],[27.4778,40.6274],[27.476,40.6289],[27.4742,40.6308],[27.4727,40.6329],[27.4715,40.6355],[27.4707,40.6385],[27.4706,40.6414],[27.4712,40.644],[27.4725,40.6467],[27.4745,40.6494],[27.4771,40.6517],[27.4804,40.6537],[27.483,40.655],[27.4849,40.6555],[27.4864,40.6556],[27.4875,40.6553],[27.4896,40.6558],[27.4927,40.6573],[27.4948,40.6574],[27.4959,40.6563],[27.4967,40.6536],[27.4972,40.6495],[27.4978,40.6466],[27.4987,40.6451],[27.4991,40.642],[27.4992,40.6373],[27.4988,40.6347],[27.4981,40.6342],[27.4978,40.6336],[27.498,40.6331],[27.4977,40.6327],[27.4968,40.6325],[27.4964,40.632],[27.4964,40.6311],[27.496,40.6307],[27.4953,40.6307],[27.4948,40.6296],[27.4945,40.6272],[27.4935,40.6257],[27.4919,40.6248],[27.4911,40.6244]],[[27.6141,40.5596],[27.6112,40.5597],[27.6055,40.5598],[27.6011,40.5606],[27.598,40.5621],[27.5959,40.5628],[27.5948,40.5627],[27.5938,40.563],[27.5927,40.5637],[27.5917,40.5638],[27.5906,40.5634],[27.5899,40.5635],[27.5893,40.564],[27.5883,40.5638],[27.5867,40.5628],[27.5846,40.5621],[27.582,40.5616],[27.5805,40.5615],[27.5799,40.5618],[27.5792,40.5616],[27.5781,40.5609],[27.5761,40.5607],[27.573,40.561],[27.5691,40.5622],[27.5644,40.5643],[27.5604,40.5664],[27.5573,40.5687],[27.5536,40.5704],[27.5495,40.5717],[27.5451,40.5742],[27.5404,40.5781],[27.5352,40.581],[27.5295,40.5828],[27.5249,40.5848],[27.5216,40.587],[27.5182,40.5918],[27.5147,40.5995],[27.5128,40.605],[27.5123,40.6083],[27.5129,40.6123],[27.5144,40.617],[27.5146,40.6209],[27.5135,40.624],[27.5133,40.6263],[27.5141,40.6278],[27.5146,40.6302],[27.5149,40.6333],[27.5157,40.6367],[27.517,40.6404],[27.518,40.644],[27.5185,40.6477],[27.5196,40.6511],[27.5215,40.6544],[27.5229,40.6562],[27.5238,40.6566],[27.5251,40.6576],[27.5268,40.6593],[27.53,40.6614],[27.5347,40.6641],[27.5404,40.6659],[27.5471,40.6671],[27.5526,40.6674],[27.5568,40.667],[27.5602,40.666],[27.5628,40.6644],[27.5659,40.664],[27.5696,40.6649],[27.5753,40.6652],[27.5831,40.6649],[27.5927,40.6654],[27.6042,40.6668],[27.6162,40.6692],[27.6286,40.6726],[27.636,40.674],[27.6381,40.6735],[27.6409,40.6719],[27.6446,40.6693],[27.6472,40.6682],[27.6487,40.6685],[27.6503,40.6682],[27.6518,40.6674],[27.6537,40.6671],[27.6558,40.6672],[27.6581,40.6677],[27.6607,40.6688],[27.6628,40.6693],[27.6643,40.6693],[27.6656,40.6689],[27.6667,40.6682],[27.6685,40.6687],[27.6711,40.6704],[27.674,40.6715],[27.6771,40.672],[27.6807,40.6717],[27.6849,40.6709],[27.6883,40.6693],[27.6909,40.667],[27.6982,40.6643],[27.7101,40.6611],[27.7164,40.6593],[27.7169,40.6588],[27.7183,40.6584],[27.7203,40.6582],[27.7235,40.6574],[27.7276,40.656],[27.7334,40.6549],[27.7407,40.654],[27.7446,40.6533],[27.7451,40.6527],[27.7458,40.6524],[27.7469,40.6523],[27.7477,40.6516],[27.7482,40.6504],[27.7489,40.6497],[27.75,40.6496],[27.7508,40.6492],[27.7513,40.6484],[27.7532,40.6487],[27.7563,40.6498],[27.7591,40.6503],[27.7617,40.65],[27.7644,40.6488],[27.7671,40.6465],[27.7687,40.6445],[27.7692,40.643],[27.7702,40.6419],[27.7717,40.6414],[27.7726,40.6398],[27.7729,40.6372],[27.7735,40.6354],[27.7742,40.6344],[27.7746,40.6323],[27.7746,40.6292],[27.7744,40.6268],[27.7739,40.6253],[27.7721,40.6228],[27.7688,40.6195],[27.7656,40.6173],[27.7625,40.6162],[27.7586,40.616],[27.7539,40.6165],[27.7506,40.616],[27.7485,40.6144],[27.7461,40.6132],[27.7435,40.6124],[27.7396,40.6105],[27.7344,40.6075],[27.7302,40.6055],[27.7271,40.6045],[27.7234,40.6029],[27.7193,40.6007],[27.7146,40.5989],[27.7094,40.5976],[27.6998,40.5944],[27.6857,40.5893],[27.6779,40.5857],[27.6765,40.5838],[27.6755,40.5829],[27.6748,40.5831],[27.6745,40.5828],[27.6743,40.5822],[27.6728,40.5807],[27.6697,40.5786],[27.6641,40.5763],[27.6558,40.5738],[27.6474,40.5704],[27.6391,40.5662],[27.6326,40.5638],[27.6279,40.5632],[27.625,40.5625],[27.6239,40.5618],[27.6211,40.561],[27.6164,40.5601],[27.6141,40.5596]],[[27.6557,40.3913],[27.6458,40.3913],[27.626,40.3912],[27.6159,40.3912],[27.6154,40.3913],[27.6149,40.3918],[27.6146,40.3927],[27.6148,40.3935],[27.6157,40.3939],[27.6169,40.3941],[27.6185,40.3938],[27.6282,40.3938],[27.6459,40.3941],[27.6551,40.3939],[27.656,40.3935],[27.6562,40.3927],[27.6559,40.3918],[27.6557,40.3913]],[[27.5682,40.3812],[27.5664,40.3812],[27.5627,40.3812],[27.5607,40.3814],[27.5602,40.3817],[27.56,40.3826],[27.5601,40.3841],[27.5607,40.3851],[27.5616,40.3856],[27.5636,40.3858],[27.5667,40.3857],[27.5685,40.3849],[27.569,40.3835],[27.569,40.3824],[27.5685,40.3816],[27.5682,40.3812]],[[27.5305,40.3641],[27.5308,40.3644],[27.5313,40.3648],[27.5313,40.3656],[27.5309,40.3666],[27.5302,40.3672],[27.5291,40.3674],[27.5282,40.3671],[27.5273,40.3665],[27.5271,40.3656],[27.5276,40.3646],[27.5285,40.3641],[27.5298,40.3641],[27.5305,40.3641]],[[27.7606,40.363],[27.7606,40.3633],[27.7606,40.3638],[27.7602,40.3643],[27.7593,40.3648],[27.7576,40.365],[27.7549,40.365],[27.7532,40.3648],[27.7523,40.3643],[27.7521,40.3636],[27.7524,40.3626],[27.7529,40.3621],[27.7534,40.362],[27.7552,40.3621],[27.7583,40.3622],[27.7601,40.3624],[27.7604,40.3628],[27.7606,40.363]],[[27.7715,40.3536],[27.7713,40.3536],[27.7708,40.3536],[27.7708,40.3534],[27.7712,40.353],[27.7714,40.353],[27.7715,40.3534],[27.7715,40.3536]],[[27.7736,40.3526],[27.7731,40.3526],[27.772,40.3526],[27.772,40.3526],[27.7731,40.3526],[27.7736,40.3526]],[[27.7371,40.3432],[27.7371,40.3435],[27.7372,40.344],[27.7369,40.3443],[27.7362,40.3443],[27.7358,40.344],[27.7359,40.3435],[27.7362,40.3432],[27.7368,40.3432],[27.7371,40.3432]],[[27.7502,40.3339],[27.7508,40.3343],[27.752,40.3352],[27.7537,40.3356],[27.7558,40.3357],[27.7587,40.3376],[27.7624,40.3413],[27.7643,40.3443],[27.7644,40.3464],[27.7656,40.3477],[27.7678,40.3481],[27.769,40.35],[27.769,40.3531],[27.7678,40.3552],[27.7656,40.3563],[27.7646,40.3573],[27.7649,40.3584],[27.7649,40.3592],[27.7644,40.36],[27.7602,40.3604],[27.7523,40.3605],[27.7473,40.3596],[27.7451,40.3578],[27.744,40.3558],[27.7439,40.3537],[27.7428,40.3513],[27.7405,40.3487],[27.7394,40.3456],[27.7394,40.3419],[27.7409,40.3385],[27.7438,40.3354],[27.7465,40.3338],[27.749,40.3339],[27.7502,40.3339]]]}},{"type":"Feature","properties":{"depth":50,"kind":"band"},"geometry":{"type":"MultiPolygon","coordinates":[[[[27.9934,40.9682],[27.9931,40.9682],[27.9931,40.9682],[27.9934,40.9682],[27.9936,40.9682],[27.9936,40.9682],[27.9934,40.9682]]],[[[27.9924,40.967],[27.9923,40.9665],[27.9923,40.9665],[27.9924,40.967],[27.9924,40.9672],[27.9924,40.9672],[27.9924,40.967]]],[[[27.349,40.7559],[27.3486,40.7562],[27.3484,40.7562],[27.3483,40.7559],[27.3485,40.7557],[27.349,40.7557],[27.3492,40.7557],[27.3492,40.7557],[27.349,40.7559]]],[[[27.7549,40.6536],[27.7542,40.6536],[27.7542,40.6536],[27.7549,40.6536],[27.7552,40.6536],[27.7552,40.6536],[27.7549,40.6536]]],[[[27.7622,40.6538],[27.7621,40.6543],[27.7621,40.6543],[27.7622,40.6538],[27.7622,40.6536],[27.7622,40.6536],[27.7622,40.6538]]],[[[27.4991,40.6518],[27.4986,40.6522],[27.4983,40.6522],[27.498,40.6518],[27.498,40.6514],[27.4983,40.6511],[27.4986,40.6511],[27.4991,40.6514],[27.4993,40.6516],[27.4993,40.6516],[27.4991,40.6518]]],[[[27.5683,40.538],[27.5679,40.538],[27.5679,40.538],[27.5683,40.538],[27.5684,40.538],[27.5684,40.538],[27.5683,40.538]]],[[[27.0052,40.4092],[27.0075,40.4097],[27.011,40.411],[27.0158,40.4132],[27.0187,40.4153],[27.0197,40.4172],[27.0218,40.4199],[27.025,40.4232],[27.0276,40.4256],[27.0297,40.4271],[27.031,40.4277],[27.0315,40.4275],[27.0323,40.4278],[27.0334,40.4286],[27.0362,40.4298],[27.0409,40.4314],[27.0456,40.4347],[27.0503,40.4397],[27.0563,40.4437],[27.0636,40.4467],[27.0711,40.4514],[27.0788,40.4577],[27.083,40.4608],[27.0836,40.4607],[27.0849,40.4613],[27.087,40.4626],[27.0909,40.4636],[27.0966,40.4643],[27.1013,40.4644],[27.105,40.4639],[27.1102,40.465],[27.1169,40.4677],[27.1221,40.4691],[27.1258,40.4693],[27.1305,40.4701],[27.1362,40.4716],[27.1409,40.4724],[27.1446,40.4725],[27.1516,40.4713],[27.162,40.4686],[27.1696,40.4662],[27.1743,40.4641],[27.1782,40.463],[27.1813,40.4629],[27.1841,40.4626],[27.1867,40.4619],[27.1888,40.4609],[27.1903,40.4595],[27.1919,40.4585],[27.1935,40.4579],[27.1972,40.4589],[27.2029,40.4615],[27.2112,40.4642],[27.2221,40.4671],[27.23,40.4696],[27.2347,40.4717],[27.2412,40.4743],[27.2494,40.4772],[27.2556,40.4802],[27.2597,40.4833],[27.2636,40.4858],[27.2674,40.4876],[27.2711,40.4891],[27.2748,40.4902],[27.2784,40.491],[27.2821,40.4913],[27.2855,40.4915],[27.2886,40.4914],[27.2915,40.4908],[27.2942,40.4897],[27.2968,40.4882],[27.2993,40.4863],[27.3034,40.4821],[27.3091,40.4756],[27.3141,40.4712],[27.3182,40.4691],[27.3215,40.4678],[27.3238,40.4674],[27.3258,40.4678],[27.3277,40.469],[27.3291,40.4703],[27.33,40.4717],[27.3308,40.4725],[27.3315,40.4726],[27.3319,40.4724],[27.3321,40.4717],[27.3318,40.4701],[27.3309,40.4674],[27.3308,40.4657],[27.3315,40.4649],[27.3336,40.4645],[27.3373,40.4645],[27.3404,40.4651],[27.343,40.4662],[27.3526,40.4667],[27.3693,40.4667],[27.3787,40.4662],[27.3808,40.4651],[27.3828,40.4645],[27.3849,40.4644],[27.387,40.4639],[27.3891,40.4628],[27.393,40.4616],[27.3987,40.46],[27.4029,40.4584],[27.4055,40.4567],[27.4076,40.4549],[27.4091,40.4532],[27.4112,40.4523],[27.4138,40.4519],[27.4162,40.4508],[27.4183,40.4487],[27.4214,40.4477],[27.4255,40.4477],[27.4294,40.4469],[27.4329,40.4452],[27.436,40.4431],[27.4387,40.4406],[27.443,40.4395],[27.4487,40.4396],[27.4529,40.4386],[27.4555,40.4363],[27.4578,40.4352],[27.4599,40.4351],[27.462,40.4341],[27.464,40.432],[27.4659,40.4311],[27.4674,40.4313],[27.4695,40.4308],[27.4721,40.4297],[27.4755,40.4291],[27.4797,40.4291],[27.4837,40.4305],[27.4874,40.4335],[27.4895,40.4375],[27.4898,40.4427],[27.4885,40.4457],[27.4854,40.4464],[27.4821,40.4477],[27.4784,40.4495],[27.4758,40.451],[27.4742,40.4522],[27.4724,40.4541],[27.4705,40.4566],[27.469,40.4594],[27.4681,40.4625],[27.4674,40.4662],[27.4671,40.4703],[27.4656,40.4748],[27.4631,40.4795],[27.4614,40.4836],[27.4607,40.4873],[27.4606,40.4927],[27.4611,40.5],[27.4609,40.5052],[27.4599,40.5083],[27.4594,40.5112],[27.4594,40.5138],[27.4599,40.5164],[27.4608,40.519],[27.4601,40.5207],[27.4579,40.5214],[27.4559,40.5232],[27.454,40.5261],[27.4524,40.5294],[27.4511,40.5331],[27.4503,40.537],[27.4502,40.5411],[27.4503,40.5445],[27.4508,40.5471],[27.4519,40.5502],[27.4538,40.5539],[27.456,40.5567],[27.4586,40.5588],[27.461,40.5603],[27.4631,40.5613],[27.4685,40.563],[27.4774,40.5654],[27.4841,40.5669],[27.4888,40.5676],[27.4937,40.568],[27.499,40.5683],[27.5042,40.5678],[27.5093,40.5667],[27.5126,40.5657],[27.5143,40.5648],[27.5163,40.5632],[27.5186,40.561],[27.5205,40.5586],[27.522,40.556],[27.5252,40.5529],[27.5303,40.5495],[27.5388,40.546],[27.5508,40.5425],[27.5578,40.5403],[27.5599,40.5395],[27.5609,40.5388],[27.5609,40.5382],[27.5614,40.5375],[27.5625,40.5369],[27.5638,40.5367],[27.5653,40.5371],[27.5677,40.5386],[27.5708,40.5413],[27.5726,40.5425],[27.5732,40.5422],[27.5739,40.5425],[27.575,40.5436],[27.5776,40.5447],[27.5818,40.5459],[27.5862,40.5465],[27.5909,40.5465],[27.5963,40.5455],[27.6026,40.5435],[27.6068,40.5424],[27.6089,40.5422],[27.6123,40.5409],[27.617,40.5384],[27.6199,40.5361],[27.6211,40.5339],[27.6221,40.5326],[27.623,40.5323],[27.6242,40.5323],[27.6258,40.5326],[27.63,40.5302],[27.6367,40.5253],[27.6422,40.5223],[27.6463,40.5213],[27.6502,40.5207],[27.6539,40.5206],[27.6583,40.5192],[27.6635,40.5166],[27.6699,40.5176],[27.6774,40.5222],[27.6853,40.5282],[27.6934,40.5355],[27.6976,40.5392],[27.6982,40.5391],[27.6997,40.5398],[27.7023,40.5415],[27.7054,40.5425],[27.7091,40.543],[27.714,40.5426],[27.7203,40.5416],[27.7258,40.5415],[27.7305,40.5424],[27.7352,40.5429],[27.7399,40.5428],[27.7453,40.5432],[27.7516,40.5441],[27.7584,40.5434],[27.7657,40.5412],[27.7703,40.5404],[27.7724,40.541],[27.7752,40.5413],[27.7789,40.5412],[27.782,40.5408],[27.7846,40.5401],[27.7867,40.5391],[27.7883,40.5378],[27.7914,40.5371],[27.7961,40.5369],[27.8,40.5363],[27.8031,40.5354],[27.8086,40.5352],[27.8164,40.5358],[27.8247,40.5354],[27.8336,40.5341],[27.8437,40.5339],[27.8552,40.5348],[27.8633,40.5352],[27.868,40.535],[27.8745,40.5342],[27.8828,40.5327],[27.8894,40.5319],[27.8941,40.5318],[27.899,40.531],[27.9042,40.5295],[27.9099,40.5288],[27.9162,40.5288],[27.9227,40.5283],[27.9294,40.5274],[27.9357,40.5271],[27.9414,40.5274],[27.9443,40.5281],[27.9444,40.5292],[27.9439,40.5305],[27.943,40.532],[27.9411,40.5332],[27.9384,40.534],[27.9346,40.5361],[27.9298,40.5394],[27.9263,40.5448],[27.9242,40.5521],[27.9224,40.5569],[27.921,40.5592],[27.9198,40.5607],[27.9187,40.5614],[27.9172,40.5618],[27.9151,40.5621],[27.9112,40.5632],[27.9053,40.5651],[27.9015,40.5672],[27.8998,40.5693],[27.8984,40.5721],[27.8973,40.5758],[27.8972,40.5789],[27.8981,40.5815],[27.8995,40.5846],[27.9016,40.5882],[27.9055,40.5914],[27.9112,40.5943],[27.9162,40.5958],[27.9203,40.5959],[27.9235,40.5955],[27.9256,40.5944],[27.9276,40.5939],[27.9297,40.5938],[27.932,40.5933],[27.9346,40.5922],[27.9367,40.5902],[27.9382,40.5873],[27.9392,40.5857],[27.9398,40.5854],[27.9419,40.5853],[27.9456,40.5855],[27.9482,40.5843],[27.9497,40.5817],[27.951,40.58],[27.9521,40.5793],[27.9537,40.579],[27.9558,40.5791],[27.9586,40.5802],[27.9623,40.5823],[27.9662,40.5833],[27.9703,40.5834],[27.9744,40.583],[27.9783,40.5822],[27.9827,40.5799],[27.9876,40.576],[27.9918,40.5718],[27.9952,40.5673],[27.9976,40.5649],[27.9989,40.5646],[27.9996,40.5646],[27.9999,40.5649],[28,40.6672],[28,40.8713],[27.9994,40.9727],[27.9981,40.9711],[27.9972,40.9706],[27.9967,40.971],[27.9958,40.9707],[27.9947,40.9698],[27.9943,40.969],[27.9946,40.9685],[27.9943,40.9676],[27.9936,40.9665],[27.9927,40.966],[27.9916,40.9661],[27.9903,40.9656],[27.9888,40.9645],[27.987,40.9636],[27.9849,40.9629],[27.9821,40.9625],[27.9784,40.9622],[27.9753,40.9606],[27.9727,40.9579],[27.9698,40.9559],[27.9667,40.9546],[27.9568,40.9528],[27.9401,40.9503],[27.9308,40.9491],[27.9287,40.949],[27.9268,40.9493],[27.9253,40.95],[27.9242,40.95],[27.9237,40.9495],[27.9211,40.9493],[27.9164,40.9494],[27.9097,40.9489],[27.9008,40.9478],[27.8933,40.9473],[27.887,40.9475],[27.8836,40.9478],[27.8831,40.9482],[27.8823,40.948],[27.8812,40.9473],[27.8805,40.9471],[27.88,40.9475],[27.8789,40.9475],[27.8774,40.9472],[27.873,40.9474],[27.8657,40.9481],[27.8607,40.949],[27.8581,40.9503],[27.856,40.9519],[27.8543,40.9538],[27.853,40.9548],[27.8521,40.9549],[27.8503,40.9564],[27.8477,40.9591],[27.8456,40.961],[27.844,40.9619],[27.8402,40.963],[27.8343,40.9644],[27.8293,40.9651],[27.8254,40.9652],[27.8211,40.9661],[27.8164,40.9679],[27.8131,40.9689],[27.811,40.969],[27.8068,40.9684],[27.8005,40.9671],[27.7953,40.9665],[27.7912,40.9668],[27.7873,40.9676],[27.7836,40.969],[27.7771,40.9702],[27.7677,40.9711],[27.7615,40.9716],[27.7584,40.9715],[27.7545,40.971],[27.7498,40.9701],[27.7445,40.9701],[27.7388,40.971],[27.7335,40.9698],[27.7288,40.9667],[27.7252,40.9637],[27.7227,40.9608],[27.7191,40.9592],[27.7144,40.9588],[27.7094,40.9576],[27.7042,40.9556],[27.7006,40.9551],[27.6985,40.956],[27.6966,40.9564],[27.6951,40.9565],[27.6935,40.9558],[27.6919,40.9544],[27.6912,40.9534],[27.6916,40.9529],[27.6913,40.9523],[27.6905,40.9516],[27.6899,40.9514],[27.6894,40.9517],[27.6875,40.9511],[27.6844,40.9497],[27.681,40.9491],[27.6773,40.9492],[27.6737,40.9498],[27.67,40.951],[27.6669,40.9513],[27.6643,40.9507],[27.6615,40.9504],[27.6584,40.9503],[27.655,40.9507],[27.6513,40.9518],[27.6487,40.9521],[27.6472,40.9516],[27.6457,40.9506],[27.6442,40.9491],[27.6418,40.9478],[27.6386,40.9466],[27.636,40.946],[27.6339,40.9459],[27.6315,40.9464],[27.6289,40.9473],[27.6266,40.9479],[27.6245,40.948],[27.6225,40.9471],[27.6206,40.9453],[27.6167,40.9425],[27.6108,40.9388],[27.6026,40.9348],[27.5922,40.9307],[27.5859,40.9286],[27.5839,40.9287],[27.5813,40.9292],[27.5782,40.9301],[27.5735,40.9318],[27.5672,40.9343],[27.562,40.9372],[27.5578,40.9403],[27.5539,40.9423],[27.5502,40.9432],[27.5448,40.9426],[27.5377,40.9403],[27.5317,40.9378],[27.5269,40.9351],[27.5229,40.9336],[27.5198,40.9333],[27.5174,40.9324],[27.5159,40.9307],[27.5138,40.9295],[27.5112,40.9286],[27.5083,40.927],[27.5052,40.9247],[27.5011,40.9196],[27.496,40.9117],[27.4927,40.9057],[27.491,40.9016],[27.489,40.8985],[27.4867,40.8964],[27.4852,40.8945],[27.4843,40.893],[27.4826,40.8912],[27.4802,40.8891],[27.4785,40.8867],[27.4778,40.8841],[27.4765,40.8813],[27.4746,40.8782],[27.4734,40.8756],[27.4731,40.8735],[27.4733,40.8722],[27.4741,40.8717],[27.4735,40.8696],[27.4716,40.8659],[27.4703,40.863],[27.4696,40.8607],[27.467,40.856],[27.4623,40.8489],[27.4542,40.8409],[27.4427,40.832],[27.4362,40.8273],[27.4347,40.8269],[27.4323,40.8256],[27.4292,40.8235],[27.4274,40.8225],[27.4269,40.8228],[27.4256,40.8217],[27.4235,40.8194],[27.418,40.816],[27.4091,40.8114],[27.4027,40.8078],[27.3986,40.805],[27.3954,40.8026],[27.3933,40.8005],[27.3912,40.799],[27.3891,40.7979],[27.3822,40.7919],[27.3706,40.781],[27.3611,40.7716],[27.3537,40.7638],[27.3497,40.7591],[27.349,40.7576],[27.3495,40.7545],[27.3512,40.7498],[27.3521,40.7464],[27.3522,40.7443],[27.3519,40.7427],[27.3514,40.7416],[27.3511,40.7393],[27.351,40.7357],[27.3506,40.7334],[27.3499,40.7323],[27.3491,40.7297],[27.3482,40.7255],[27.3458,40.7207],[27.342,40.7152],[27.3396,40.7108],[27.3386,40.7074],[27.3368,40.7036],[27.3342,40.6995],[27.33,40.6945],[27.3241,40.6888],[27.3192,40.6842],[27.3151,40.6809],[27.3117,40.6785],[27.3091,40.6768],[27.3047,40.6745],[27.2984,40.6717],[27.2908,40.6672],[27.2817,40.6609],[27.2741,40.6565],[27.268,40.6539],[27.2615,40.65],[27.2546,40.6448],[27.2491,40.6414],[27.2452,40.6397],[27.2393,40.6379],[27.2316,40.6359],[27.2253,40.634],[27.2206,40.6323],[27.2138,40.6293],[27.2049,40.625],[27.1981,40.621],[27.1934,40.6171],[27.1897,40.6144],[27.1872,40.613],[27.1831,40.6115],[27.1774,40.6098],[27.1685,40.6061],[27.1565,40.6004],[27.1448,40.5962],[27.1333,40.5933],[27.1258,40.5911],[27.1221,40.5894],[27.1177,40.5882],[27.1125,40.5873],[27.107,40.5856],[27.1013,40.5828],[27.0961,40.5792],[27.0915,40.5747],[27.0894,40.5708],[27.0898,40.5677],[27.0896,40.5653],[27.0889,40.5638],[27.0866,40.5624],[27.0827,40.5613],[27.0809,40.5615],[27.0812,40.5633],[27.0812,40.5643],[27.0809,40.5646],[27.0789,40.5648],[27.0752,40.5648],[27.0729,40.5642],[27.0719,40.5631],[27.0709,40.5611],[27.0699,40.5582],[27.067,40.5555],[27.0623,40.553],[27.0583,40.5499],[27.0552,40.5464],[27.0523,40.5439],[27.0497,40.5426],[27.0469,40.5417],[27.0438,40.5414],[27.0397,40.5399],[27.0346,40.5372],[27.0307,40.5347],[27.028,40.5323],[27.0227,40.5311],[27.0148,40.5313],[27.0082,40.5301],[27.0027,40.5278],[27.0001,40.5261],[27.0004,40.5252],[27.0008,40.5247],[27.0013,40.5248],[27.0018,40.5245],[27.002,40.5238],[27.0017,40.5229],[27.0006,40.5219],[27,40.4933],[27,40.437],[27.0001,40.4087],[27.0004,40.4082],[27.0014,40.4082],[27.0031,40.4087],[27.004,40.4089],[27.004,40.4089],[27.0052,40.4092]],[[27.9964,40.969],[27.9964,40.9695],[27.9964,40.9695],[27.9964,40.969],[27.9964,40.9687],[27.9964,40.9687],[27.9964,40.969]],[[27.489,40.6214],[27.4849,40.6214],[27.481,40.6225],[27.4773,40.6246],[27.4741,40.6272],[27.4714,40.6302],[27.4695,40.6336],[27.4684,40.6373],[27.4683,40.6412],[27.4692,40.6453],[27.4701,40.6477],[27.4711,40.6482],[27.4727,40.6497],[27.4748,40.6523],[27.4784,40.6547],[27.4834,40.6568],[27.488,40.6583],[27.4922,40.6592],[27.4952,40.6589],[27.4969,40.6575],[27.4976,40.6558],[27.4973,40.6537],[27.4974,40.6529],[27.4981,40.6533],[27.499,40.6528],[27.5001,40.6513],[27.5004,40.6507],[27.4998,40.6512],[27.4992,40.6507],[27.4985,40.6492],[27.4982,40.6483],[27.4983,40.648],[27.499,40.648],[27.5003,40.6483],[27.5011,40.6453],[27.5014,40.639],[27.5014,40.6354],[27.5012,40.6344],[27.5,40.6334],[27.4978,40.6323],[27.4972,40.631],[27.4982,40.6294],[27.4985,40.6284],[27.498,40.6279],[27.498,40.6271],[27.4983,40.626],[27.4979,40.6249],[27.4969,40.6237],[27.4951,40.6227],[27.4924,40.6218],[27.4911,40.6213],[27.4911,40.6213],[27.489,40.6214]],[[27.6117,40.5556],[27.6091,40.5554],[27.6065,40.5555],[27.6039,40.556],[27.5997,40.5572],[27.594,40.5593],[27.5898,40.5598],[27.5872,40.5587],[27.5849,40.5582],[27.5828,40.5583],[27.581,40.5581],[27.5794,40.5576],[27.5765,40.5575],[27.5724,40.558],[27.5685,40.5589],[27.5648,40.5605],[27.5607,40.5627],[27.556,40.5658],[27.5515,40.5681],[27.5472,40.5696],[27.5428,40.5721],[27.5383,40.5758],[27.5332,40.5786],[27.5274,40.5805],[27.5237,40.5818],[27.5222,40.5826],[27.5211,40.5835],[27.5206,40.5844],[27.5201,40.5848],[27.5196,40.5847],[27.5189,40.5849],[27.5181,40.5856],[27.5168,40.5875],[27.5149,40.5906],[27.5139,40.593],[27.5137,40.5945],[27.5126,40.5974],[27.5107,40.6015],[27.5096,40.6057],[27.5093,40.6099],[27.5098,40.6136],[27.5111,40.6167],[27.5115,40.62],[27.5109,40.6237],[27.511,40.626],[27.5119,40.6271],[27.5123,40.6289],[27.5122,40.6315],[27.513,40.6349],[27.5147,40.639],[27.5156,40.6422],[27.5158,40.6443],[27.5166,40.6469],[27.5179,40.65],[27.5197,40.6535],[27.5222,40.6572],[27.5238,40.6593],[27.5245,40.6597],[27.5249,40.6604],[27.5249,40.6615],[27.5261,40.6628],[27.5285,40.6643],[27.5349,40.6664],[27.5453,40.669],[27.551,40.6701],[27.5521,40.6697],[27.5537,40.6696],[27.5558,40.6698],[27.5597,40.6692],[27.5654,40.6679],[27.57,40.6674],[27.5737,40.6678],[27.5805,40.6678],[27.5904,40.6673],[27.6,40.6677],[27.6094,40.669],[27.618,40.6709],[27.6258,40.6734],[27.6313,40.6749],[27.6344,40.6754],[27.637,40.6751],[27.6391,40.6742],[27.6417,40.6725],[27.6448,40.6702],[27.6474,40.6692],[27.6495,40.6697],[27.6518,40.6694],[27.6544,40.6684],[27.6568,40.6684],[27.6589,40.6694],[27.6602,40.6698],[27.6607,40.6695],[27.6614,40.67],[27.6625,40.6711],[27.6635,40.6716],[27.6646,40.6715],[27.6654,40.6712],[27.6659,40.6705],[27.6666,40.6702],[27.6677,40.6703],[27.669,40.6711],[27.6706,40.6724],[27.6737,40.6733],[27.6784,40.6737],[27.6825,40.6733],[27.6862,40.6722],[27.6891,40.671],[27.6912,40.6697],[27.6987,40.6669],[27.7117,40.6626],[27.7193,40.6604],[27.7214,40.6605],[27.7245,40.66],[27.7286,40.659],[27.732,40.6584],[27.7346,40.6584],[27.7396,40.657],[27.7469,40.6545],[27.751,40.6532],[27.7521,40.6532],[27.7531,40.6536],[27.7542,40.6544],[27.7563,40.6548],[27.7594,40.6549],[27.7614,40.6547],[27.7625,40.6542],[27.7633,40.6542],[27.764,40.6545],[27.7644,40.6537],[27.7647,40.6516],[27.7654,40.6505],[27.7666,40.6504],[27.7674,40.65],[27.768,40.6494],[27.7685,40.6492],[27.769,40.6494],[27.7713,40.6469],[27.7752,40.6417],[27.777,40.6386],[27.7767,40.6375],[27.7768,40.6367],[27.7774,40.6362],[27.778,40.6349],[27.7785,40.6328],[27.7783,40.6297],[27.7776,40.6255],[27.776,40.6218],[27.7736,40.6187],[27.7711,40.6162],[27.7685,40.6143],[27.7654,40.613],[27.7617,40.6123],[27.7591,40.612],[27.7576,40.6123],[27.7552,40.6122],[27.7521,40.6117],[27.7422,40.6077],[27.7255,40.6],[27.7154,40.5957],[27.7117,40.5949],[27.7031,40.5919],[27.6896,40.5867],[27.68,40.582],[27.6744,40.5777],[27.6669,40.5739],[27.6574,40.5709],[27.649,40.5673],[27.6417,40.5633],[27.6318,40.5599],[27.6193,40.5571],[27.613,40.5557],[27.613,40.5557],[27.6117,40.5556]]],[[[27.987,40.391],[27.9884,40.3929],[27.9907,40.3939],[27.9939,40.3942],[27.9952,40.3951],[27.9945,40.3966],[27.9934,40.3977],[27.9919,40.3984],[27.9908,40.3994],[27.9902,40.4009],[27.9894,40.4019],[27.9885,40.4024],[27.9875,40.4026],[27.9864,40.4025],[27.9857,40.4019],[27.9852,40.401],[27.9851,40.399],[27.9854,40.3959],[27.9852,40.3935],[27.9848,40.3919],[27.9846,40.3908],[27.9848,40.3901],[27.9853,40.3899],[27.986,40.39],[27.9863,40.3901],[27.9863,40.3901],[27.987,40.391]]],[[[27.9999,40.391],[27.9996,40.3928],[27.9986,40.3936],[27.9967,40.3933],[27.9961,40.3924],[27.9968,40.3909],[27.9978,40.3901],[27.9993,40.3901],[28,40.3901],[28,40.3901],[27.9999,40.391]]]]}},{"type":"Feature","properties":{"depth":50,"kind":"isobath"},"geometry":{"type":"MultiLineString","coordinates":[[[27.9936,40.9682],[27.9934,40.9682],[27.9931,40.9682],[27.9931,40.9682],[27.9934,40.9682],[27.9936,40.9682]],[[27.9924,40.9672],[27.9924,40.967],[27.9923,40.9665],[27.9923,40.9665],[27.9924,40.967],[27.9924,40.9672]],[[27.3492,40.7557],[27.349,40.7559],[27.3486,40.7562],[27.3484,40.7562],[27.3483,40.7559],[27.3485,40.7557],[27.349,40.7557],[27.3492,40.7557]],[[27.7552,40.6536],[27.7549,40.6536],[27.7542,40.6536],[27.7542,40.6536],[27.7549,40.6536],[27.7552,40.6536]],[[27.7622,40.6536],[27.7622,40.6538],[27.7621,40.6543],[27.7621,40.6543],[27.7622,40.6538],[27.7622,40.6536]],[[27.4993,40.6516],[27.4991,40.6518],[27.4986,40.6522],[27.4983,40.6522],[27.498,40.6518],[27.498,40.6514],[27.4983,40.6511],[27.4986,40.6511],[27.4991,40.6514],[27.4993,40.6516]],[[27.5684,40.538],[27.5683,40.538],[27.5679,40.538],[27.5679,40.538],[27.5683,40.538],[27.5684,40.538]],[[27.9974,40.9704],[27.9972,40.9706],[27.9967,40.971],[27.9958,40.9707],[27.9947,40.9698],[27.9943,40.969],[27.9946,40.9685],[27.9943,40.9676],[27.9936,40.9665],[27.9927,40.966],[27.9916,40.9661],[27.9903,40.9656],[27.9888,40.9645],[27.987,40.9636],[27.9849,40.9629],[27.9821,40.9625],[27.9784,40.9622],[27.9753,40.9606],[27.9727,40.9579],[27.9698,40.9559],[27.9667,40.9546],[27.9568,40.9528],[27.9401,40.9503],[27.9308,40.9491],[27.9287,40.949],[27.9268,40.9493],[27.9253,40.95],[27.9242,40.95],[27.9237,40.9495],[27.9211,40.9493],[27.9164,40.9494],[27.9097,40.9489],[27.9008,40.9478],[27.8933,40.9473],[27.887,40.9475],[27.8836,40.9478],[27.8831,40.9482],[27.8823,40.948],[27.8812,40.9473],[27.8805,40.9471],[27.88,40.9475],[27.8789,40.9475],[27.8774,40.9472],[27.873,40.9474],[27.8657,40.9481],[27.8607,40.949],[27.8581,40.9503],[27.856,40.9519],[27.8543,40.9538],[27.853,40.9548],[27.8521,40.9549],[27.8503,40.9564],[27.8477,40.9591],[27.8456,40.961],[27.844,40.9619],[27.8402,40.963],[27.8343,40.9644],[27.8293,40.9651],[27.8254,40.9652],[27.8211,40.9661],[27.8164,40.9679],[27.8131,40.9689],[27.811,40.969],[27.8068,40.9684],[27.8005,40.9671],[27.7953,40.9665],[27.7912,40.9668],[27.7873,40.9676],[27.7836,40.969],[27.7771,40.9702],[27.7677,40.9711],[27.7615,40.9716],[27.7584,40.9715],[27.7545,40.971],[27.7498,40.9701],[27.7445,40.9701],[27.7388,40.971],[27.7335,40.9698],[27.7288,40.9667],[27.7252,40.9637],[27.7227,40.9608],[27.7191,40.9592],[27.7144,40.9588],[27.7094,40.9576],[27.7042,40.9556],[27.7006,40.9551],[27.6985,40.956],[27.6966,40.9564],[27.6951,40.9565],[27.6935,40.9558],[27.6919,40.9544],[27.6912,40.9534],[27.6916,40.9529],[27.6913,40.9523],[27.6905,40.9516],[27.6899,40.9514],[27.6894,40.9517],[27.6875,40.9511],[27.6844,40.9497],[27.681,40.9491],[27.6773,40.9492],[27.6737,40.9498],[27.67,40.951],[27.6669,40.9513],[27.6643,40.9507],[27.6615,40.9504],[27.6584,40.9503],[27.655,40.9507],[27.6513,40.9518],[27.6487,40.9521],[27.6472,40.9516],[27.6457,40.9506],[27.6442,40.9491],[27.6418,40.9478],[27.6386,40.9466],[27.636,40.946],[27.6339,40.9459],[27.6315,40.9464],[27.6289,40.9473],[27.6266,40.9479],[27.6245,40.948],[27.6225,40.9471],[27.6206,40.9453],[27.6167,40.9425],[27.6108,40.9388],[27.6026,40.9348],[27.5922,40.9307],[27.5859,40.9286],[27.5839,40.9287],[27.5813,40.9292],[27.5782,40.9301],[27.5735,40.9318],[27.5672,40.9343],[27.562,40.9372],[27.5578,40.9403],[27.5539,40.9423],[27.5502,40.9432],[27.5448,40.9426],[27.5377,40.9403],[27.5317,40.9378],[27.5269,40.9351],[27.5229,40.9336],[27.5198,40.9333],[27.5174,40.9324],[27.5159,40.9307],[27.5138,40.9295],[27.5112,40.9286],[27.5083,40.927],[27.5052,40.9247],[27.5011,40.9196],[27.496,40.9117],[27.4927,40.9057],[27.491,40.9016],[27.489,40.8985],[27.4867,40.8964],[27.4852,40.8945],[27.4843,40.893],[27.4826,40.8912],[27.4802,40.8891],[27.4785,40.8867],[27.4778,40.8841],[27.4765,40.8813],[27.4746,40.8782],[27.4734,40.8756],[27.4731,40.8735],[27.4733,40.8722],[27.4741,40.8717],[27.4735,40.8696],[27.4716,40.8659],[27.4703,40.863],[27.4696,40.8607],[27.467,40.856],[27.4623,40.8489],[27.4542,40.8409],[27.4427,40.832],[27.4362,40.8273],[27.4347,40.8269],[27.4323,40.8256],[27.4292,40.8235],[27.4274,40.8225],[27.4269,40.8228],[27.4256,40.8217],[27.4235,40.8194],[27.418,40.816],[27.4091,40.8114],[27.4027,40.8078],[27.3986,40.805],[27.3954,40.8026],[27.3933,40.8005],[27.3912,40.799],[27.3891,40.7979],[27.3822,40.7919],[27.3706,40.781],[27.3611,40.7716],[27.3537,40.7638],[27.3497,40.7591],[27.349,40.7576],[27.3495,40.7545],[27.3512,40.7498],[27.3521,40.7464],[27.3522,40.7443],[27.3519,40.7427],[27.3514,40.7416],[27.3511,40.7393],[27.351,40.7357],[27.3506,40.7334],[27.3499,40.7323],[27.3491,40.7297],[27.3482,40.7255],[27.3458,40.7207],[27.342,40.7152],[27.3396,40.7108],[27.3386,40.7074],[27.3368,40.7036],[27.3342,40.6995],[27.33,40.6945],[27.3241,40.6888],[27.3192,40.6842],[27.3151,40.6809],[27.3117,40.6785],[27.3091,40.6768],[27.3047,40.6745],[27.2984,40.6717],[27.2908,40.6672],[27.2817,40.6609],[27.2741,40.6565],[27.268,40.6539],[27.2615,40.65],[27.2546,40.6448],[27.2491,40.6414],[27.2452,40.6397],[27.2393,40.6379],[27.2316,40.6359],[27.2253,40.634],[27.2206,40.6323],[27.2138,40.6293],[27.2049,40.625],[27.1981,40.621],[27.1934,40.6171],[27.1897,40.6144],[27.1872,40.613],[27.1831,40.6115],[27.1774,40.6098],[27.1685,40.6061],[27.1565,40.6004],[27.1448,40.5962],[27.1333,40.5933],[27.1258,40.5911],[27.1221,40.5894],[27.1177,40.5882],[27.1125,40.5873],[27.107,40.5856],[27.1013,40.5828],[27.0961,40.5792],[27.0915,40.5747],[27.0894,40.5708],[27.0898,40.5677],[27.0896,40.5653],[27.0889,40.5638],[27.0866,40.5624],[27.0827,40.5613],[27.0809,40.5615],[27.0812,40.5633],[27.0812,40.5643],[27.0809,40.5646],[27.0789,40.5648],[27.0752,40.5648],[27.0729,40.5642],[27.0719,40.5631],[27.0709,40.5611],[27.0699,40.5582],[27.067,40.5555],[27.0623,40.553],[27.0583,40.5499],[27.0552,40.5464],[27.0523,40.5439],[27.0497,40.5426],[27.0469,40.5417],[27.0438,40.5414],[27.0397,40.5399],[27.0346,40.5372],[27.0307,40.5347],[27.028,40.5323],[27.0227,40.5311],[27.0148,40.5313],[27.0109,40.5313]],[[27.0005,40.5247],[27.0008,40.5247],[27.0013,40.5248],[27.0018,40.5245],[27.002,40.5238],[27.0022,40.5234]],[[27.0005,40.4079],[27.0014,40.4082],[27.0031,40.4087],[27.004,40.4089],[27.004,40.4089],[27.0052,40.4092],[27.0075,40.4097],[27.011,40.411],[27.0158,40.4132],[27.0187,40.4153],[27.0197,40.4172],[27.0218,40.4199],[27.025,40.4232],[27.0276,40.4256],[27.0297,40.4271],[27.031,40.4277],[27.0315,40.4275],[27.0323,40.4278],[27.0334,40.4286],[27.0362,40.4298],[27.0409,40.4314],[27.0456,40.4347],[27.0503,40.4397],[27.0563,40.4437],[27.0636,40.4467],[27.0711,40.4514],[27.0788,40.4577],[27.083,40.4608],[27.0836,40.4607],[27.0849,40.4613],[27.087,40.4626],[27.0909,40.4636],[27.0966,40.4643],[27.1013,40.4644],[27.105,40.4639],[27.1102,40.465],[27.1169,40.4677],[27.1221,40.4691],[27.1258,40.4693],[27.1305,40.4701],[27.1362,40.4716],[27.1409,40.4724],[27.1446,40.4725],[27.1516,40.4713],[27.162,40.4686],[27.1696,40.4662],[27.1743,40.4641],[27.1782,40.463],[27.1813,40.4629],[27.1841,40.4626],[27.1867,40.4619],[27.1888,40.4609],[27.1903,40.4595],[27.1919,40.4585],[27.1935,40.4579],[27.1972,40.4589],[27.2029,40.4615],[27.2112,40.4642],[27.2221,40.4671],[27.23,40.4696],[27.2347,40.4717],[27.2412,40.4743],[27.2494,40.4772],[27.2556,40.4802],[27.2597,40.4833],[27.2636,40.4858],[27.2674,40.4876],[27.2711,40.4891],[27.2748,40.4902],[27.2784,40.491],[27.2821,40.4913],[27.2855,40.4915],[27.2886,40.4914],[27.2915,40.4908],[27.2942,40.4897],[27.2968,40.4882],[27.2993,40.4863],[27.3034,40.4821],[27.3091,40.4756],[27.3141,40.4712],[27.3182,40.4691],[27.3215,40.4678],[27.3238,40.4674],[27.3258,40.4678],[27.3277,40.469],[27.3291,40.4703],[27.33,40.4717],[27.3308,40.4725],[27.3315,40.4726],[27.3319,40.4724],[27.3321,40.4717],[27.3318,40.4701],[27.3309,40.4674],[27.3308,40.4657],[27.3315,40.4649],[27.3336,40.4645],[27.3373,40.4645],[27.3404,40.4651],[27.343,40.4662],[27.3526,40.4667],[27.3693,40.4667],[27.3787,40.4662],[27.3808,40.4651],[27.3828,40.4645],[27.3849,40.4644],[27.387,40.4639],[27.3891,40.4628],[27.393,40.4616],[27.3987,40.46],[27.4029,40.4584],[27.4055,40.4567],[27.4076,40.4549],[27.4091,40.4532],[27.4112,40.4523],[27.4138,40.4519],[27.4162,40.4508],[27.4183,40.4487],[27.4214,40.4477],[27.4255,40.4477],[27.4294,40.4469],[27.4329,40.4452],[27.436,40.4431],[27.4387,40.4406],[27.443,40.4395],[27.4487,40.4396],[27.4529,40.4386],[27.4555,40.4363],[27.4578,40.4352],[27.4599,40.4351],[27.462,40.4341],[27.464,40.432],[27.4659,40.4311],[27.4674,40.4313],[27.4695,40.4308],[27.4721,40.4297],[27.4755,40.4291],[27.4797,40.4291],[27.4837,40.4305],[27.4874,40.4335],[27.4895,40.4375],[27.4898,40.4427],[27.4885,40.4457],[27.4854,40.4464],[27.4821,40.4477],[27.4784,40.4495],[27.4758,40.451],[27.4742,40.4522],[27.4724,40.4541],[27.4705,40.4566],[27.469,40.4594],[27.4681,40.4625],[27.4674,40.4662],[27.4671,40.4703],[27.4656,40.4748],[27.4631,40.4795],[27.4614,40.4836],[27.4607,40.4873],[27.4606,40.4927],[27.4611,40.5],[27.4609,40.5052],[27.4599,40.5083],[27.4594,40.5112],[27.4594,40.5138],[27.4599,40.5164],[27.4608,40.519],[27.4601,40.5207],[27.4579,40.5214],[27.4559,40.5232],[27.454,40.5261],[27.4524,40.5294],[27.4511,40.5331],[27.4503,40.537],[27.4502,40.5411],[27.4503,40.5445],[27.4508,40.5471],[27.4519,40.5502],[27.4538,40.5539],[27.456,40.5567],[27.4586,40.5588],[27.461,40.5603],[27.4631,40.5613],[27.4685,40.563],[27.4774,40.5654],[27.4841,40.5669],[27.4888,40.5676],[27.4937,40.568],[27.499,40.5683],[27.5042,40.5678],[27.5093,40.5667],[27.5126,40.5657],[27.5143,40.5648],[27.5163,40.5632],[27.5186,40.561],[27.5205,40.5586],[27.522,40.556],[27.5252,40.5529],[27.5303,40.5495],[27.5388,40.546],[27.5508,40.5425],[27.5578,40.5403],[27.5599,40.5395],[27.5609,40.5388],[27.5609,40.5382],[27.5614,40.5375],[27.5625,40.5369],[27.5638,40.5367],[27.5653,40.5371],[27.5677,40.5386],[27.5708,40.5413],[27.5726,40.5425],[27.5732,40.5422],[27.5739,40.5425],[27.575,40.5436],[27.5776,40.5447],[27.5818,40.5459],[27.5862,40.5465],[27.5909,40.5465],[27.5963,40.5455],[27.6026,40.5435],[27.6068,40.5424],[27.6089,40.5422],[27.6123,40.5409],[27.617,40.5384],[27.6199,40.5361],[27.6211,40.5339],[27.6221,40.5326],[27.623,40.5323],[27.6242,40.5323],[27.6258,40.5326],[27.63,40.5302],[27.6367,40.5253],[27.6422,40.5223],[27.6463,40.5213],[27.6502,40.5207],[27.6539,40.5206],[27.6583,40.5192],[27.6635,40.5166],[27.6699,40.5176],[27.6774,40.5222],[27.6853,40.5282],[27.6934,40.5355],[27.6976,40.5392],[27.6982,40.5391],[27.6997,40.5398],[27.7023,40.5415],[27.7054,40.5425],[27.7091,40.543],[27.714,40.5426],[27.7203,40.5416],[27.7258,40.5415],[27.7305,40.5424],[27.7352,40.5429],[27.7399,40.5428],[27.7453,40.5432],[27.7516,40.5441],[27.7584,40.5434],[27.7657,40.5412],[27.7703,40.5404],[27.7724,40.541],[27.7752,40.5413],[27.7789,40.5412],[27.782,40.5408],[27.7846,40.5401],[27.7867,40.5391],[27.7883,40.5378],[27.7914,40.5371],[27.7961,40.5369],[27.8,40.5363],[27.8031,40.5354],[27.8086,40.5352],[27.8164,40.5358],[27.8247,40.5354],[27.8336,40.5341],[27.8437,40.5339],[27.8552,40.5348],[27.8633,40.5352],[27.868,40.535],[27.8745,40.5342],[27.8828,40.5327],[27.8894,40.5319],[27.8941,40.5318],[27.899,40.531],[27.9042,40.5295],[27.9099,40.5288],[27.9162,40.5288],[27.9227,40.5283],[27.9294,40.5274],[27.9357,40.5271],[27.9414,40.5274],[27.9443,40.5281],[27.9444,40.5292],[27.9439,40.5305],[27.943,40.532],[27.9411,40.5332],[27.9384,40.534],[27.9346,40.5361],[27.9298,40.5394],[27.9263,40.5448],[27.9242,40.5521],[27.9224,40.5569],[27.921,40.5592],[27.9198,40.5607],[27.9187,40.5614],[27.9172,40.5618],[27.9151,40.5621],[27.9112,40.5632],[27.9053,40.5651],[27.9015,40.5672],[27.8998,40.5693],[27.8984,40.5721],[27.8973,40.5758],[27.8972,40.5789],[27.8981,40.5815],[27.8995,40.5846],[27.9016,40.5882],[27.9055,40.5914],[27.9112,40.5943],[27.9162,40.5958],[27.9203,40.5959],[27.9235,40.5955],[27.9256,40.5944],[27.9276,40.5939],[27.9297,40.5938],[27.932,40.5933],[27.9346,40.5922],[27.9367,40.5902],[27.9382,40.5873],[27.9392,40.5857],[27.9398,40.5854],[27.9419,40.5853],[27.9456,40.5855],[27.9482,40.5843],[27.9497,40.5817],[27.951,40.58],[27.9521,40.5793],[27.9537,40.579],[27.9558,40.5791],[27.9586,40.5802],[27.9623,40.5823],[27.9662,40.5833],[27.9703,40.5834],[27.9744,40.583],[27.9783,40.5822],[27.9827,40.5799],[27.9876,40.576],[27.9918,40.5718],[27.9952,40.5673],[27.9976,40.5649],[27.9989,40.5646],[27.9995,40.5644]],[[27.9964,40.9687],[27.9964,40.969],[27.9964,40.9695],[27.9964,40.9695],[27.9964,40.969],[27.9964,40.9687]],[[27.4911,40.6213],[27.489,40.6214],[27.4849,40.6214],[27.481,40.6225],[27.4773,40.6246],[27.4741,40.6272],[27.4714,40.6302],[27.4695,40.6336],[27.4684,40.6373],[27.4683,40.6412],[27.4692,40.6453],[27.4701,40.6477],[27.4711,40.6482],[27.4727,40.6497],[27.4748,40.6523],[27.4784,40.6547],[27.4834,40.6568],[27.488,40.6583],[27.4922,40.6592],[27.4952,40.6589],[27.4969,40.6575],[27.4976,40.6558],[27.4973,40.6537],[27.4974,40.6529],[27.4981,40.6533],[27.499,40.6528],[27.5001,40.6513],[27.5004,40.6507],[27.4998,40.6512],[27.4992,40.6507],[27.4985,40.6492],[27.4982,40.6483],[27.4983,40.648],[27.499,40.648],[27.5003,40.6483],[27.5011,40.6453],[27.5014,40.639],[27.5014,40.6354],[27.5012,40.6344],[27.5,40.6334],[27.4978,40.6323],[27.4972,40.631],[27.4982,40.6294],[27.4985,40.6284],[27.498,40.6279],[27.498,40.6271],[27.4983,40.626],[27.4979,40.6249],[27.4969,40.6237],[27.4951,40.6227],[27.4924,40.6218],[27.4911,40.6213]],[[27.613,40.5557],[27.6117,40.5556],[27.6091,40.5554],[27.6065,40.5555],[27.6039,40.556],[27.5997,40.5572],[27.594,40.5593],[27.5898,40.5598],[27.5872,40.5587],[27.5849,40.5582],[27.5828,40.5583],[27.581,40.5581],[27.5794,40.5576],[27.5765,40.5575],[27.5724,40.558],[27.5685,40.5589],[27.5648,40.5605],[27.5607,40.5627],[27.556,40.5658],[27.5515,40.5681],[27.5472,40.5696],[27.5428,40.5721],[27.5383,40.5758],[27.5332,40.5786],[27.5274,40.5805],[27.5237,40.5818],[27.5222,40.5826],[27.5211,40.5835],[27.5206,40.5844],[27.5201,40.5848],[27.5196,40.5847],[27.5189,40.5849],[27.5181,40.5856],[27.5168,40.5875],[27.5149,40.5906],[27.5139,40.593],[27.5137,40.5945],[27.5126,40.5974],[27.5107,40.6015],[27.5096,40.6057],[27.5093,40.6099],[27.5098,40.6136],[27.5111,40.6167],[27.5115,40.62],[27.5109,40.6237],[27.511,40.626],[27.5119,40.6271],[27.5123,40.6289],[27.5122,40.6315],[27.513,40.6349],[27.5147,40.639],[27.5156,40.6422],[27.5158,40.6443],[27.5166,40.6469],[27.5179,40.65],[27.5197,40.6535],[27.5222,40.6572],[27.5238,40.6593],[27.5245,40.6597],[27.5249,40.6604],[27.5249,40.6615],[27.5261,40.6628],[27.5285,40.6643],[27.5349,40.6664],[27.5453,40.669],[27.551,40.6701],[27.5521,40.6697],[27.5537,40.6696],[27.5558,40.6698],[27.5597,40.6692],[27.5654,40.6679],[27.57,40.6674],[27.5737,40.6678],[27.5805,40.6678],[27.5904,40.6673],[27.6,40.6677],[27.6094,40.669],[27.618,40.6709],[27.6258,40.6734],[27.6313,40.6749],[27.6344,40.6754],[27.637,40.6751],[27.6391,40.6742],[27.6417,40.6725],[27.6448,40.6702],[27.6474,40.6692],[27.6495,40.6697],[27.6518,40.6694],[27.6544,40.6684],[27.6568,40.6684],[27.6589,40.6694],[27.6602,40.6698],[27.6607,40.6695],[27.6614,40.67],[27.6625,40.6711],[27.6635,40.6716],[27.6646,40.6715],[27.6654,40.6712],[27.6659,40.6705],[27.6666,40.6702],[27.6677,40.6703],[27.669,40.6711],[27.6706,40.6724],[27.6737,40.6733],[27.6784,40.6737],[27.6825,40.6733],[27.6862,40.6722],[27.6891,40.671],[27.6912,40.6697],[27.6987,40.6669],[27.7117,40.6626],[27.7193,40.6604],[27.7214,40.6605],[27.7245,40.66],[27.7286,40.659],[27.732,40.6584],[27.7346,40.6584],[27.7396,40.657],[27.7469,40.6545],[27.751,40.6532],[27.7521,40.6532],[27.7531,40.6536],[27.7542,40.6544],[27.7563,40.6548],[27.7594,40.6549],[27.7614,40.6547],[27.7625,40.6542],[27.7633,40.6542],[27.764,40.6545],[27.7644,40.6537],[27.7647,40.6516],[27.7654,40.6505],[27.7666,40.6504],[27.7674,40.65],[27.768,40.6494],[27.7685,40.6492],[27.769,40.6494],[27.7713,40.6469],[27.7752,40.6417],[27.777,40.6386],[27.7767,40.6375],[27.7768,40.6367],[27.7774,40.6362],[27.778,40.6349],[27.7785,40.6328],[27.7783,40.6297],[27.7776,40.6255],[27.776,40.6218],[27.7736,40.6187],[27.7711,40.6162],[27.7685,40.6143],[27.7654,40.613],[27.7617,40.6123],[27.7591,40.612],[27.7576,40.6123],[27.7552,40.6122],[27.7521,40.6117],[27.7422,40.6077],[27.7255,40.6],[27.7154,40.5957],[27.7117,40.5949],[27.7031,40.5919],[27.6896,40.5867],[27.68,40.582],[27.6744,40.5777],[27.6669,40.5739],[27.6574,40.5709],[27.649,40.5673],[27.6417,40.5633],[27.6318,40.5599],[27.6193,40.5571],[27.613,40.5557]],[[27.9863,40.3901],[27.987,40.391],[27.9884,40.3929],[27.9907,40.3939],[27.9939,40.3942],[27.9952,40.3951],[27.9945,40.3966],[27.9934,40.3977],[27.9919,40.3984],[27.9908,40.3994],[27.9902,40.4009],[27.9894,40.4019],[27.9885,40.4024],[27.9875,40.4026],[27.9864,40.4025],[27.9857,40.4019],[27.9852,40.401],[27.9851,40.399],[27.9854,40.3959],[27.9852,40.3935],[27.9848,40.3919],[27.9846,40.3908],[27.9848,40.3901],[27.9853,40.3899],[27.986,40.39],[27.9863,40.3901]],[[27.9995,40.3937],[27.9986,40.3936],[27.9967,40.3933],[27.9961,40.3924],[27.9968,40.3909],[27.9971,40.3901]]]}},{"type":"Feature","properties":{"depth":60,"kind":"band"},"geometry":{"type":"MultiPolygon","coordinates":[[[[27.4975,40.6539],[27.4975,40.6544],[27.4975,40.6544],[27.4975,40.6539],[27.4976,40.6536],[27.4976,40.6536],[27.4975,40.6539]]],[[[27.4694,40.6484],[27.4687,40.6484],[27.4687,40.6484],[27.4694,40.6484],[27.4697,40.6484],[27.4697,40.6484],[27.4694,40.6484]]],[[[27.5921,40.5557],[27.591,40.5557],[27.591,40.5557],[27.5921,40.5557],[27.5927,40.5557],[27.5927,40.5557],[27.5921,40.5557]]],[[[27.5905,40.555],[27.5896,40.5555],[27.5888,40.5555],[27.5883,40.555],[27.5887,40.5547],[27.5902,40.5547],[27.5909,40.5547],[27.5909,40.5547],[27.5905,40.555]]],[[[27.4191,40.4867],[27.4192,40.4882],[27.4183,40.4893],[27.4162,40.4898],[27.4151,40.4909],[27.4151,40.4924],[27.4141,40.4937],[27.412,40.4945],[27.4107,40.4927],[27.4104,40.4882],[27.4124,40.4859],[27.4168,40.4859],[27.419,40.4859],[27.419,40.4859],[27.4191,40.4867]]],[[[27.0039,40.4219],[27.01,40.4231],[27.018,40.4258],[27.0279,40.4302],[27.0346,40.4328],[27.0381,40.4335],[27.0422,40.4364],[27.0471,40.4413],[27.0532,40.4453],[27.0605,40.4483],[27.067,40.4525],[27.0727,40.4578],[27.0786,40.462],[27.0849,40.4649],[27.0911,40.4667],[27.0974,40.4674],[27.1021,40.4675],[27.1052,40.467],[27.1097,40.4679],[27.1154,40.4702],[27.1242,40.4724],[27.1362,40.4746],[27.1487,40.4746],[27.1617,40.4723],[27.1713,40.4735],[27.1776,40.4785],[27.1828,40.4817],[27.187,40.4832],[27.1935,40.484],[27.2024,40.4839],[27.2086,40.4838],[27.2123,40.4835],[27.2154,40.4829],[27.218,40.4818],[27.2222,40.4812],[27.2279,40.4812],[27.2336,40.4832],[27.2393,40.4872],[27.2459,40.4897],[27.2532,40.4906],[27.2581,40.4906],[27.2607,40.4897],[27.2659,40.4905],[27.2737,40.493],[27.2813,40.4943],[27.2886,40.4942],[27.294,40.4931],[27.2977,40.4912],[27.3013,40.4884],[27.305,40.4849],[27.3084,40.4831],[27.3115,40.483],[27.3146,40.4836],[27.3177,40.485],[27.3233,40.4886],[27.3312,40.4945],[27.3353,40.4987],[27.3356,40.5013],[27.3367,40.5047],[27.3387,40.5088],[27.3396,40.5117],[27.3395,40.5133],[27.3404,40.5152],[27.3423,40.5174],[27.3474,40.5185],[27.3557,40.5185],[27.3599,40.5192],[27.3599,40.5204],[27.359,40.5212],[27.3571,40.5213],[27.3563,40.5219],[27.3566,40.5228],[27.3597,40.5231],[27.3654,40.5228],[27.3685,40.5238],[27.369,40.5262],[27.3743,40.5273],[27.3842,40.5273],[27.3894,40.5262],[27.3899,40.5238],[27.3911,40.5226],[27.393,40.5225],[27.3939,40.5206],[27.3936,40.5169],[27.3942,40.5151],[27.3955,40.5151],[27.3962,40.5161],[27.3963,40.518],[27.3968,40.5188],[27.3977,40.5184],[27.398,40.5154],[27.3978,40.5097],[27.3984,40.5065],[27.3998,40.5058],[27.401,40.5046],[27.4021,40.5028],[27.403,40.5023],[27.4037,40.5032],[27.403,40.5052],[27.4009,40.5083],[27.4003,40.5101],[27.4012,40.5104],[27.4021,40.5097],[27.4031,40.5079],[27.4043,40.5067],[27.4058,40.506],[27.4066,40.5037],[27.4067,40.4997],[27.4105,40.4977],[27.4178,40.4978],[27.4222,40.499],[27.4237,40.5015],[27.4263,40.5024],[27.43,40.5019],[27.4321,40.5007],[27.4326,40.4988],[27.4365,40.4978],[27.444,40.4975],[27.4478,40.4966],[27.4479,40.4951],[27.4449,40.4942],[27.4389,40.4939],[27.4347,40.4939],[27.4323,40.4942],[27.431,40.4951],[27.4308,40.4967],[27.4289,40.4975],[27.4252,40.4976],[27.4233,40.4968],[27.4232,40.4951],[27.422,40.494],[27.4197,40.4935],[27.4188,40.4922],[27.4191,40.4902],[27.4274,40.4893],[27.4435,40.4894],[27.4529,40.4907],[27.4554,40.4931],[27.4557,40.4944],[27.4536,40.4947],[27.4525,40.4952],[27.4522,40.496],[27.4519,40.4995],[27.4517,40.5058],[27.4525,40.5112],[27.4543,40.5159],[27.4536,40.5211],[27.4505,40.5268],[27.4484,40.5328],[27.4475,40.5391],[27.4477,40.5448],[27.449,40.55],[27.4517,40.555],[27.4558,40.5597],[27.4641,40.564],[27.4766,40.5677],[27.4875,40.57],[27.4969,40.5707],[27.505,40.5703],[27.5117,40.5686],[27.518,40.5647],[27.5237,40.5587],[27.5291,40.554],[27.5344,40.5505],[27.5404,40.5485],[27.5471,40.5478],[27.5531,40.5465],[27.5583,40.5447],[27.5625,40.5437],[27.5656,40.5436],[27.5726,40.546],[27.5833,40.5511],[27.5883,40.5539],[27.5874,40.5545],[27.5826,40.5549],[27.5737,40.5552],[27.563,40.5583],[27.5506,40.5644],[27.5417,40.5694],[27.5365,40.5733],[27.5303,40.5767],[27.523,40.5795],[27.5177,40.5824],[27.5146,40.5855],[27.5113,40.5912],[27.508,40.5995],[27.5062,40.6057],[27.5061,40.6099],[27.5066,40.6138],[27.5077,40.6175],[27.5077,40.6206],[27.5067,40.6232],[27.5069,40.6255],[27.5082,40.6276],[27.5105,40.6333],[27.5138,40.6427],[27.5153,40.6481],[27.5152,40.6496],[27.5164,40.6514],[27.519,40.6536],[27.5212,40.6563],[27.5231,40.6593],[27.5237,40.6612],[27.523,40.6617],[27.523,40.6625],[27.5237,40.6636],[27.5235,40.6644],[27.5223,40.6649],[27.5284,40.667],[27.5417,40.6708],[27.5521,40.6725],[27.5594,40.6721],[27.5643,40.6716],[27.5669,40.6711],[27.5685,40.6704],[27.569,40.6696],[27.5719,40.6694],[27.5771,40.6699],[27.5836,40.6697],[27.5914,40.669],[27.6003,40.6693],[27.6102,40.6706],[27.6203,40.6727],[27.6307,40.6754],[27.6385,40.6751],[27.6438,40.6718],[27.649,40.6698],[27.6542,40.6694],[27.6581,40.6696],[27.6607,40.6705],[27.6628,40.6716],[27.6643,40.6731],[27.6654,40.6733],[27.6659,40.6723],[27.6677,40.6728],[27.6708,40.6747],[27.675,40.6756],[27.6802,40.6756],[27.6919,40.6724],[27.7102,40.666],[27.7237,40.6625],[27.7326,40.6618],[27.7403,40.6603],[27.7468,40.658],[27.7507,40.6573],[27.752,40.6582],[27.7542,40.6589],[27.7573,40.6592],[27.7614,40.6587],[27.7664,40.6574],[27.7683,40.6558],[27.767,40.6537],[27.7688,40.6516],[27.7739,40.6495],[27.7772,40.6466],[27.7789,40.6429],[27.7812,40.6396],[27.7841,40.6365],[27.7856,40.632],[27.7855,40.6263],[27.7843,40.6211],[27.7819,40.6165],[27.7784,40.6128],[27.7737,40.6099],[27.7696,40.6081],[27.7659,40.6075],[27.7607,40.6074],[27.7539,40.6077],[27.7487,40.6073],[27.745,40.606],[27.737,40.6023],[27.7245,40.5961],[27.7099,40.5903],[27.6932,40.5848],[27.6826,40.58],[27.6779,40.576],[27.6692,40.5718],[27.6565,40.5673],[27.6477,40.5636],[27.643,40.5605],[27.6413,40.5583],[27.6426,40.5571],[27.6443,40.5565],[27.6464,40.5564],[27.6511,40.5548],[27.6584,40.5517],[27.6646,40.5486],[27.6698,40.5455],[27.6745,40.5439],[27.6786,40.5438],[27.6828,40.5428],[27.687,40.5407],[27.6899,40.5397],[27.6914,40.5397],[27.6943,40.541],[27.6984,40.5436],[27.7026,40.5454],[27.7068,40.5465],[27.7125,40.5463],[27.7198,40.5447],[27.7255,40.5445],[27.7297,40.5456],[27.7373,40.5465],[27.7481,40.5473],[27.7567,40.5468],[27.763,40.5448],[27.77,40.5439],[27.7779,40.544],[27.7841,40.5431],[27.7888,40.5412],[27.795,40.5397],[27.8029,40.5385],[27.8105,40.5382],[27.8178,40.5387],[27.8261,40.5384],[27.8354,40.5372],[27.8461,40.5384],[27.8581,40.5418],[27.8664,40.5426],[27.8711,40.5405],[27.8794,40.5395],[27.8914,40.5395],[27.8987,40.5407],[27.9013,40.5433],[27.9026,40.5452],[27.9026,40.5468],[27.9015,40.5477],[27.8995,40.548],[27.8979,40.5471],[27.8969,40.5449],[27.8937,40.5437],[27.8884,40.5433],[27.8856,40.5453],[27.8855,40.5495],[27.8858,40.552],[27.8866,40.5527],[27.8874,40.5527],[27.8881,40.552],[27.8883,40.5506],[27.8877,40.5485],[27.8879,40.5467],[27.8887,40.5452],[27.8893,40.5471],[27.8898,40.5522],[27.8893,40.5591],[27.8878,40.568],[27.8845,40.5789],[27.8795,40.5919],[27.877,40.6],[27.8769,40.6031],[27.8773,40.6057],[27.8782,40.6078],[27.8799,40.6096],[27.8824,40.6112],[27.8853,40.6127],[27.8885,40.614],[27.8919,40.6147],[27.8956,40.6146],[27.8985,40.6151],[27.9006,40.6162],[27.9089,40.6173],[27.9234,40.6184],[27.9328,40.6172],[27.937,40.6139],[27.9422,40.6111],[27.9485,40.609],[27.9552,40.6074],[27.9625,40.6063],[27.9719,40.6029],[27.9834,40.597],[27.9901,40.5931],[27.9922,40.591],[27.9948,40.5896],[27.9979,40.5889],[27.9995,40.6824],[27.9995,40.8701],[27.9985,40.9634],[27.9964,40.9623],[27.9942,40.9618],[27.992,40.9619],[27.9899,40.961],[27.988,40.959],[27.9805,40.9563],[27.9674,40.9529],[27.9528,40.95],[27.9367,40.9474],[27.9159,40.9455],[27.8904,40.9441],[27.8721,40.944],[27.8612,40.945],[27.8544,40.9463],[27.8518,40.9477],[27.8508,40.9493],[27.8513,40.951],[27.8503,40.9523],[27.8477,40.953],[27.8404,40.9539],[27.8284,40.9549],[27.8214,40.956],[27.8193,40.9572],[27.8176,40.9591],[27.8163,40.9617],[27.815,40.9633],[27.8137,40.9639],[27.8122,40.964],[27.8107,40.9637],[27.8081,40.9619],[27.8044,40.9588],[27.8011,40.9568],[27.7979,40.9559],[27.7881,40.957],[27.7714,40.96],[27.7591,40.9613],[27.7513,40.961],[27.7453,40.9612],[27.7412,40.9621],[27.7383,40.9623],[27.7367,40.962],[27.7342,40.96],[27.7307,40.9565],[27.7276,40.954],[27.7248,40.9526],[27.7216,40.9523],[27.7179,40.9531],[27.7146,40.9529],[27.7115,40.9517],[27.7099,40.9507],[27.7099,40.9498],[27.7091,40.9489],[27.7076,40.948],[27.7037,40.9469],[27.6974,40.9458],[27.6925,40.9444],[27.6888,40.9428],[27.6797,40.9424],[27.6651,40.9431],[27.6568,40.9432],[27.6547,40.9425],[27.6534,40.9425],[27.6529,40.9432],[27.6524,40.9432],[27.6518,40.9425],[27.6506,40.9422],[27.6485,40.9424],[27.6476,40.9422],[27.648,40.9414],[27.6475,40.9413],[27.646,40.9418],[27.6438,40.9412],[27.6407,40.9395],[27.6355,40.9383],[27.6282,40.9376],[27.6201,40.9354],[27.6112,40.9316],[27.6021,40.9283],[27.5927,40.9256],[27.5854,40.9245],[27.5802,40.9251],[27.5734,40.9268],[27.5651,40.9294],[27.5586,40.9307],[27.5539,40.9306],[27.55,40.93],[27.5469,40.9289],[27.5435,40.9269],[27.5398,40.9238],[27.5365,40.9216],[27.5334,40.9202],[27.5276,40.9193],[27.5193,40.919],[27.5136,40.9182],[27.5105,40.9169],[27.5073,40.9153],[27.5042,40.9134],[27.497,40.9058],[27.4859,40.8925],[27.4792,40.8825],[27.4769,40.8758],[27.4746,40.8703],[27.4721,40.8662],[27.4705,40.8622],[27.4697,40.8584],[27.4664,40.853],[27.4607,40.846],[27.457,40.8422],[27.4554,40.8414],[27.4539,40.8401],[27.4526,40.838],[27.4495,40.8358],[27.4446,40.8333],[27.4412,40.831],[27.4391,40.8287],[27.4352,40.8264],[27.4295,40.8239],[27.4256,40.8216],[27.4235,40.8193],[27.418,40.8159],[27.4091,40.8114],[27.4003,40.8059],[27.3915,40.7996],[27.3806,40.7894],[27.3675,40.7755],[27.3584,40.7664],[27.3533,40.7621],[27.3507,40.7583],[27.3506,40.7552],[27.352,40.751],[27.355,40.7458],[27.3559,40.7385],[27.3546,40.7292],[27.3511,40.7181],[27.3452,40.7052],[27.3411,40.6973],[27.3388,40.6946],[27.3349,40.6911],[27.3294,40.687],[27.3245,40.682],[27.3202,40.6763],[27.3139,40.6716],[27.3057,40.6681],[27.2901,40.6594],[27.2672,40.6455],[27.2526,40.6372],[27.2463,40.6343],[27.2351,40.6308],[27.2189,40.6266],[27.2086,40.6235],[27.2042,40.6214],[27.1983,40.6175],[27.1908,40.6119],[27.1839,40.6082],[27.1776,40.6065],[27.1692,40.603],[27.1586,40.5979],[27.149,40.5942],[27.1403,40.5919],[27.1323,40.5886],[27.1251,40.5841],[27.1193,40.5797],[27.115,40.5755],[27.1111,40.5711],[27.1076,40.5664],[27.103,40.5592],[27.0971,40.5493],[27.0856,40.5357],[27.0685,40.5186],[27.0578,40.5089],[27.0535,40.5068],[27.049,40.5034],[27.0441,40.4987],[27.0396,40.4961],[27.0354,40.4956],[27.0316,40.4938],[27.0283,40.4909],[27.0246,40.4893],[27.0205,40.4892],[27.0187,40.487],[27.0191,40.483],[27.0232,40.481],[27.031,40.4814],[27.0367,40.4808],[27.0404,40.4792],[27.0436,40.477],[27.0464,40.4739],[27.0472,40.4708],[27.0459,40.4677],[27.044,40.4648],[27.0416,40.4622],[27.0383,40.4599],[27.034,40.4578],[27.0304,40.4555],[27.0276,40.4529],[27.0197,40.4485],[27.0066,40.4422],[27.0002,40.4347],[27.0007,40.4258],[27.0009,40.4214],[27.0009,40.4214],[27.0039,40.4219]],[[27.4885,40.6183],[27.4833,40.6187],[27.4787,40.6203],[27.4746,40.6231],[27.4713,40.6261],[27.4688,40.6291],[27.4671,40.6328],[27.4661,40.637],[27.4658,40.6404],[27.4661,40.643],[27.4678,40.6467],[27.4709,40.6515],[27.4779,40.656],[27.4888,40.6601],[27.4954,40.661],[27.4975,40.6589],[27.4983,40.657],[27.4977,40.6555],[27.498,40.6547],[27.4993,40.6547],[27.4997,40.6542],[27.4994,40.6531],[27.4998,40.6521],[27.5009,40.651],[27.5012,40.6503],[27.5005,40.6498],[27.5009,40.6485],[27.5023,40.6464],[27.5032,40.6432],[27.5037,40.6391],[27.5032,40.6357],[27.5017,40.6331],[27.5013,40.6302],[27.5018,40.6271],[27.5016,40.6248],[27.5009,40.6233],[27.4995,40.6217],[27.4974,40.6202],[27.4951,40.6191],[27.4924,40.6184],[27.4911,40.6181],[27.4911,40.6181],[27.4885,40.6183]],[[27.8373,40.581],[27.8359,40.5815],[27.8351,40.5828],[27.8349,40.5849],[27.833,40.5868],[27.8294,40.5885],[27.8245,40.5894],[27.8182,40.5893],[27.815,40.5903],[27.8148,40.5922],[27.8138,40.5933],[27.8119,40.5934],[27.8105,40.594],[27.8097,40.5949],[27.8075,40.599],[27.804,40.6063],[27.8023,40.6104],[27.8026,40.6115],[27.8087,40.6147],[27.8206,40.6201],[27.8289,40.6227],[27.8336,40.6226],[27.8383,40.6189],[27.843,40.6115],[27.8471,40.6062],[27.8506,40.6032],[27.8529,40.6003],[27.8538,40.5977],[27.8541,40.5951],[27.8537,40.5924],[27.852,40.5895],[27.8489,40.5865],[27.8451,40.5839],[27.8404,40.5818],[27.838,40.5807],[27.838,40.5807],[27.8373,40.581]],[[27.4482,40.5002],[27.4476,40.5032],[27.4479,40.5052],[27.449,40.5062],[27.4497,40.5059],[27.4501,40.5044],[27.4498,40.5024],[27.4489,40.4999],[27.4484,40.4987],[27.4484,40.4987],[27.4482,40.5002]]]]}},{"type":"Feature","properties":{"depth":60,"kind":"isobath"},"geometry":{"type":"MultiLineString","coordinates":[[[27.4976,40.6536],[27.4975,40.6539],[27.4975,40.6544],[27.4975,40.6544],[27.4975,40.6539],[27.4976,40.6536]],[[27.4697,40.6484],[27.4694,40.6484],[27.4687,40.6484],[27.4687,40.6484],[27.4694,40.6484],[27.4697,40.6484]],[[27.5927,40.5557],[27.5921,40.5557],[27.591,40.5557],[27.591,40.5557],[27.5921,40.5557],[27.5927,40.5557]],[[27.5909,40.5547],[27.5905,40.555],[27.5896,40.5555],[27.5888,40.5555],[27.5883,40.555],[27.5887,40.5547],[27.5902,40.5547],[27.5909,40.5547]],[[27.419,40.4859],[27.4191,40.4867],[27.4192,40.4882],[27.4183,40.4893],[27.4162,40.4898],[27.4151,40.4909],[27.4151,40.4924],[27.4141,40.4937],[27.412,40.4945],[27.4107,40.4927],[27.4104,40.4882],[27.4124,40.4859],[27.4168,40.4859],[27.419,40.4859]],[[27.0009,40.4214],[27.0009,40.4214],[27.0009,40.4214],[27.0039,40.4219],[27.01,40.4231],[27.018,40.4258],[27.0279,40.4302],[27.0346,40.4328],[27.0381,40.4335],[27.0422,40.4364],[27.0471,40.4413],[27.0532,40.4453],[27.0605,40.4483],[27.067,40.4525],[27.0727,40.4578],[27.0786,40.462],[27.0849,40.4649],[27.0911,40.4667],[27.0974,40.4674],[27.1021,40.4675],[27.1052,40.467],[27.1097,40.4679],[27.1154,40.4702],[27.1242,40.4724],[27.1362,40.4746],[27.1487,40.4746],[27.1617,40.4723],[27.1713,40.4735],[27.1776,40.4785],[27.1828,40.4817],[27.187,40.4832],[27.1935,40.484],[27.2024,40.4839],[27.2086,40.4838],[27.2123,40.4835],[27.2154,40.4829],[27.218,40.4818],[27.2222,40.4812],[27.2279,40.4812],[27.2336,40.4832],[27.2393,40.4872],[27.2459,40.4897],[27.2532,40.4906],[27.2581,40.4906],[27.2607,40.4897],[27.2659,40.4905],[27.2737,40.493],[27.2813,40.4943],[27.2886,40.4942],[27.294,40.4931],[27.2977,40.4912],[27.3013,40.4884],[27.305,40.4849],[27.3084,40.4831],[27.3115,40.483],[27.3146,40.4836],[27.3177,40.485],[27.3233,40.4886],[27.3312,40.4945],[27.3353,40.4987],[27.3356,40.5013],[27.3367,40.5047],[27.3387,40.5088],[27.3396,40.5117],[27.3395,40.5133],[27.3404,40.5152],[27.3423,40.5174],[27.3474,40.5185],[27.3557,40.5185],[27.3599,40.5192],[27.3599,40.5204],[27.359,40.5212],[27.3571,40.5213],[27.3563,40.5219],[27.3566,40.5228],[27.3597,40.5231],[27.3654,40.5228],[27.3685,40.5238],[27.369,40.5262],[27.3743,40.5273],[27.3842,40.5273],[27.3894,40.5262],[27.3899,40.5238],[27.3911,40.5226],[27.393,40.5225],[27.3939,40.5206],[27.3936,40.5169],[27.3942,40.5151],[27.3955,40.5151],[27.3962,40.5161],[27.3963,40.518],[27.3968,40.5188],[27.3977,40.5184],[27.398,40.5154],[27.3978,40.5097],[27.3984,40.5065],[27.3998,40.5058],[27.401,40.5046],[27.4021,40.5028],[27.403,40.5023],[27.4037,40.5032],[27.403,40.5052],[27.4009,40.5083],[27.4003,40.5101],[27.4012,40.5104],[27.4021,40.5097],[27.4031,40.5079],[27.4043,40.5067],[27.4058,40.506],[27.4066,40.5037],[27.4067,40.4997],[27.4105,40.4977],[27.4178,40.4978],[27.4222,40.499],[27.4237,40.5015],[27.4263,40.5024],[27.43,40.5019],[27.4321,40.5007],[27.4326,40.4988],[27.4365,40.4978],[27.444,40.4975],[27.4478,40.4966],[27.4479,40.4951],[27.4449,40.4942],[27.4389,40.4939],[27.4347,40.4939],[27.4323,40.4942],[27.431,40.4951],[27.4308,40.4967],[27.4289,40.4975],[27.4252,40.4976],[27.4233,40.4968],[27.4232,40.4951],[27.422,40.494],[27.4197,40.4935],[27.4188,40.4922],[27.4191,40.4902],[27.4274,40.4893],[27.4435,40.4894],[27.4529,40.4907],[27.4554,40.4931],[27.4557,40.4944],[27.4536,40.4947],[27.4525,40.4952],[27.4522,40.496],[27.4519,40.4995],[27.4517,40.5058],[27.4525,40.5112],[27.4543,40.5159],[27.4536,40.5211],[27.4505,40.5268],[27.4484,40.5328],[27.4475,40.5391],[27.4477,40.5448],[27.449,40.55],[27.4517,40.555],[27.4558,40.5597],[27.4641,40.564],[27.4766,40.5677],[27.4875,40.57],[27.4969,40.5707],[27.505,40.5703],[27.5117,40.5686],[27.518,40.5647],[27.5237,40.5587],[27.5291,40.554],[27.5344,40.5505],[27.5404,40.5485],[27.5471,40.5478],[27.5531,40.5465],[27.5583,40.5447],[27.5625,40.5437],[27.5656,40.5436],[27.5726,40.546],[27.5833,40.5511],[27.5883,40.5539],[27.5874,40.5545],[27.5826,40.5549],[27.5737,40.5552],[27.563,40.5583],[27.5506,40.5644],[27.5417,40.5694],[27.5365,40.5733],[27.5303,40.5767],[27.523,40.5795],[27.5177,40.5824],[27.5146,40.5855],[27.5113,40.5912],[27.508,40.5995],[27.5062,40.6057],[27.5061,40.6099],[27.5066,40.6138],[27.5077,40.6175],[27.5077,40.6206],[27.5067,40.6232],[27.5069,40.6255],[27.5082,40.6276],[27.5105,40.6333],[27.5138,40.6427],[27.5153,40.6481],[27.5152,40.6496],[27.5164,40.6514],[27.519,40.6536],[27.5212,40.6563],[27.5231,40.6593],[27.5237,40.6612],[27.523,40.6617],[27.523,40.6625],[27.5237,40.6636],[27.5235,40.6644],[27.5223,40.6649],[27.5284,40.667],[27.5417,40.6708],[27.5521,40.6725],[27.5594,40.6721],[27.5643,40.6716],[27.5669,40.6711],[27.5685,40.6704],[27.569,40.6696],[27.5719,40.6694],[27.5771,40.6699],[27.5836,40.6697],[27.5914,40.669],[27.6003,40.6693],[27.6102,40.6706],[27.6203,40.6727],[27.6307,40.6754],[27.6385,40.6751],[27.6438,40.6718],[27.649,40.6698],[27.6542,40.6694],[27.6581,40.6696],[27.6607,40.6705],[27.6628,40.6716],[27.6643,40.6731],[27.6654,40.6733],[27.6659,40.6723],[27.6677,40.6728],[27.6708,40.6747],[27.675,40.6756],[27.6802,40.6756],[27.6919,40.6724],[27.7102,40.666],[27.7237,40.6625],[27.7326,40.6618],[27.7403,40.6603],[27.7468,40.658],[27.7507,40.6573],[27.752,40.6582],[27.7542,40.6589],[27.7573,40.6592],[27.7614,40.6587],[27.7664,40.6574],[27.7683,40.6558],[27.767,40.6537],[27.7688,40.6516],[27.7739,40.6495],[27.7772,40.6466],[27.7789,40.6429],[27.7812,40.6396],[27.7841,40.6365],[27.7856,40.632],[27.7855,40.6263],[27.7843,40.6211],[27.7819,40.6165],[27.7784,40.6128],[27.7737,40.6099],[27.7696,40.6081],[27.7659,40.6075],[27.7607,40.6074],[27.7539,40.6077],[27.7487,40.6073],[27.745,40.606],[27.737,40.6023],[27.7245,40.5961],[27.7099,40.5903],[27.6932,40.5848],[27.6826,40.58],[27.6779,40.576],[27.6692,40.5718],[27.6565,40.5673],[27.6477,40.5636],[27.643,40.5605],[27.6413,40.5583],[27.6426,40.5571],[27.6443,40.5565],[27.6464,40.5564],[27.6511,40.5548],[27.6584,40.5517],[27.6646,40.5486],[27.6698,40.5455],[27.6745,40.5439],[27.6786,40.5438],[27.6828,40.5428],[27.687,40.5407],[27.6899,40.5397],[27.6914,40.5397],[27.6943,40.541],[27.6984,40.5436],[27.7026,40.5454],[27.7068,40.5465],[27.7125,40.5463],[27.7198,40.5447],[27.7255,40.5445],[27.7297,40.5456],[27.7373,40.5465],[27.7481,40.5473],[27.7567,40.5468],[27.763,40.5448],[27.77,40.5439],[27.7779,40.544],[27.7841,40.5431],[27.7888,40.5412],[27.795,40.5397],[27.8029,40.5385],[27.8105,40.5382],[27.8178,40.5387],[27.8261,40.5384],[27.8354,40.5372],[27.8461,40.5384],[27.8581,40.5418],[27.8664,40.5426],[27.8711,40.5405],[27.8794,40.5395],[27.8914,40.5395],[27.8987,40.5407],[27.9013,40.5433],[27.9026,40.5452],[27.9026,40.5468],[27.9015,40.5477],[27.8995,40.548],[27.8979,40.5471],[27.8969,40.5449],[27.8937,40.5437],[27.8884,40.5433],[27.8856,40.5453],[27.8855,40.5495],[27.8858,40.552],[27.8866,40.5527],[27.8874,40.5527],[27.8881,40.552],[27.8883,40.5506],[27.8877,40.5485],[27.8879,40.5467],[27.8887,40.5452],[27.8893,40.5471],[27.8898,40.5522],[27.8893,40.5591],[27.8878,40.568],[27.8845,40.5789],[27.8795,40.5919],[27.877,40.6],[27.8769,40.6031],[27.8773,40.6057],[27.8782,40.6078],[27.8799,40.6096],[27.8824,40.6112],[27.8853,40.6127],[27.8885,40.614],[27.8919,40.6147],[27.8956,40.6146],[27.8985,40.6151],[27.9006,40.6162],[27.9089,40.6173],[27.9234,40.6184],[27.9328,40.6172],[27.937,40.6139],[27.9422,40.6111],[27.9485,40.609],[27.9552,40.6074],[27.9625,40.6063],[27.9719,40.6029],[27.9834,40.597],[27.9901,40.5931],[27.9922,40.591],[27.9948,40.5896],[27.9979,40.5889],[27.9995,40.6824],[27.9995,40.8701],[27.9985,40.9634],[27.9964,40.9623],[27.9942,40.9618],[27.992,40.9619],[27.9899,40.961],[27.988,40.959],[27.9805,40.9563],[27.9674,40.9529],[27.9528,40.95],[27.9367,40.9474],[27.9159,40.9455],[27.8904,40.9441],[27.8721,40.944],[27.8612,40.945],[27.8544,40.9463],[27.8518,40.9477],[27.8508,40.9493],[27.8513,40.951],[27.8503,40.9523],[27.8477,40.953],[27.8404,40.9539],[27.8284,40.9549],[27.8214,40.956],[27.8193,40.9572],[27.8176,40.9591],[27.8163,40.9617],[27.815,40.9633],[27.8137,40.9639],[27.8122,40.964],[27.8107,40.9637],[27.8081,40.9619],[27.8044,40.9588],[27.8011,40.9568],[27.7979,40.9559],[27.7881,40.957],[27.7714,40.96],[27.7591,40.9613],[27.7513,40.961],[27.7453,40.9612],[27.7412,40.9621],[27.7383,40.9623],[27.7367,40.962],[27.7342,40.96],[27.7307,40.9565],[27.7276,40.954],[27.7248,40.9526],[27.7216,40.9523],[27.7179,40.9531],[27.7146,40.9529],[27.7115,40.9517],[27.7099,40.9507],[27.7099,40.9498],[27.7091,40.9489],[27.7076,40.948],[27.7037,40.9469],[27.6974,40.9458],[27.6925,40.9444],[27.6888,40.9428],[27.6797,40.9424],[27.6651,40.9431],[27.6568,40.9432],[27.6547,40.9425],[27.6534,40.9425],[27.6529,40.9432],[27.6524,40.9432],[27.6518,40.9425],[27.6506,40.9422],[27.6485,40.9424],[27.6476,40.9422],[27.648,40.9414],[27.6475,40.9413],[27.646,40.9418],[27.6438,40.9412],[27.6407,40.9395],[27.6355,40.9383],[27.6282,40.9376],[27.6201,40.9354],[27.6112,40.9316],[27.6021,40.9283],[27.5927,40.9256],[27.5854,40.9245],[27.5802,40.9251],[27.5734,40.9268],[27.5651,40.9294],[27.5586,40.9307],[27.5539,40.9306],[27.55,40.93],[27.5469,40.9289],[27.5435,40.9269],[27.5398,40.9238],[27.5365,40.9216],[27.5334,40.9202],[27.5276,40.9193],[27.5193,40.919],[27.5136,40.9182],[27.5105,40.9169],[27.5073,40.9153],[27.5042,40.9134],[27.497,40.9058],[27.4859,40.8925],[27.4792,40.8825],[27.4769,40.8758],[27.4746,40.8703],[27.4721,40.8662],[27.4705,40.8622],[27.4697,40.8584],[27.4664,40.853],[27.4607,40.846],[27.457,40.8422],[27.4554,40.8414],[27.4539,40.8401],[27.4526,40.838],[27.4495,40.8358],[27.4446,40.8333],[27.4412,40.831],[27.4391,40.8287],[27.4352,40.8264],[27.4295,40.8239],[27.4256,40.8216],[27.4235,40.8193],[27.418,40.8159],[27.4091,40.8114],[27.4003,40.8059],[27.3915,40.7996],[27.3806,40.7894],[27.3675,40.7755],[27.3584,40.7664],[27.3533,40.7621],[27.3507,40.7583],[27.3506,40.7552],[27.352,40.751],[27.355,40.7458],[27.3559,40.7385],[27.3546,40.7292],[27.3511,40.7181],[27.3452,40.7052],[27.3411,40.6973],[27.3388,40.6946],[27.3349,40.6911],[27.3294,40.687],[27.3245,40.682],[27.3202,40.6763],[27.3139,40.6716],[27.3057,40.6681],[27.2901,40.6594],[27.2672,40.6455],[27.2526,40.6372],[27.2463,40.6343],[27.2351,40.6308],[27.2189,40.6266],[27.2086,40.6235],[27.2042,40.6214],[27.1983,40.6175],[27.1908,40.6119],[27.1839,40.6082],[27.1776,40.6065],[27.1692,40.603],[27.1586,40.5979],[27.149,40.5942],[27.1403,40.5919],[27.1323,40.5886],[27.1251,40.5841],[27.1193,40.5797],[27.115,40.5755],[27.1111,40.5711],[27.1076,40.5664],[27.103,40.5592],[27.0971,40.5493],[27.0856,40.5357],[27.0685,40.5186],[27.0578,40.5089],[27.0535,40.5068],[27.049,40.5034],[27.0441,40.4987],[27.0396,40.4961],[27.0354,40.4956],[27.0316,40.4938],[27.0283,40.4909],[27.0246,40.4893],[27.0205,40.4892],[27.0187,40.487],[27.0191,40.483],[27.0232,40.481],[27.031,40.4814],[27.0367,40.4808],[27.0404,40.4792],[27.0436,40.477],[27.0464,40.4739],[27.0472,40.4708],[27.0459,40.4677],[27.044,40.4648],[27.0416,40.4622],[27.0383,40.4599],[27.034,40.4578],[27.0304,40.4555],[27.0276,40.4529],[27.0262,40.4516]],[[27.4911,40.6181],[27.4885,40.6183],[27.4833,40.6187],[27.4787,40.6203],[27.4746,40.6231],[27.4713,40.6261],[27.4688,40.6291],[27.4671,40.6328],[27.4661,40.637],[27.4658,40.6404],[27.4661,40.643],[27.4678,40.6467],[27.4709,40.6515],[27.4779,40.656],[27.4888,40.6601],[27.4954,40.661],[27.4975,40.6589],[27.4983,40.657],[27.4977,40.6555],[27.498,40.6547],[27.4993,40.6547],[27.4997,40.6542],[27.4994,40.6531],[27.4998,40.6521],[27.5009,40.651],[27.5012,40.6503],[27.5005,40.6498],[27.5009,40.6485],[27.5023,40.6464],[27.5032,40.6432],[27.5037,40.6391],[27.5032,40.6357],[27.5017,40.6331],[27.5013,40.6302],[27.5018,40.6271],[27.5016,40.6248],[27.5009,40.6233],[27.4995,40.6217],[27.4974,40.6202],[27.4951,40.6191],[27.4924,40.6184],[27.4911,40.6181]],[[27.838,40.5807],[27.8373,40.581],[27.8359,40.5815],[27.8351,40.5828],[27.8349,40.5849],[27.833,40.5868],[27.8294,40.5885],[27.8245,40.5894],[27.8182,40.5893],[27.815,40.5903],[27.8148,40.5922],[27.8138,40.5933],[27.8119,40.5934],[27.8105,40.594],[27.8097,40.5949],[27.8075,40.599],[27.804,40.6063],[27.8023,40.6104],[27.8026,40.6115],[27.8087,40.6147],[27.8206,40.6201],[27.8289,40.6227],[27.8336,40.6226],[27.8383,40.6189],[27.843,40.6115],[27.8471,40.6062],[27.8506,40.6032],[27.8529,40.6003],[27.8538,40.5977],[27.8541,40.5951],[27.8537,40.5924],[27.852,40.5895],[27.8489,40.5865],[27.8451,40.5839],[27.8404,40.5818],[27.838,40.5807]],[[27.4484,40.4987],[27.4482,40.5002],[27.4476,40.5032],[27.4479,40.5052],[27.449,40.5062],[27.4497,40.5059],[27.4501,40.5044],[27.4498,40.5024],[27.4489,40.4999],[27.4484,40.4987]]]}},{"type":"Feature","properties":{"depth":75,"kind":"band"},"geometry":{"type":"MultiPolygon","coordinates":[[[[27.7424,40.9547],[27.7416,40.9547],[27.7416,40.9547],[27.7424,40.9547],[27.7428,40.9547],[27.7428,40.9547],[27.7424,40.9547]]],[[[27.7449,40.9484],[27.744,40.9484],[27.744,40.9484],[27.7449,40.9484],[27.7453,40.9484],[27.7453,40.9484],[27.7449,40.9484]]],[[[27.8412,40.9435],[27.8411,40.9441],[27.8411,40.9441],[27.8412,40.9435],[27.8412,40.9432],[27.8412,40.9432],[27.8412,40.9435]]],[[[27.8475,40.9422],[27.8464,40.9422],[27.8464,40.9422],[27.8475,40.9422],[27.848,40.9422],[27.848,40.9422],[27.8475,40.9422]]],[[[27.8458,40.9411],[27.8448,40.9411],[27.8448,40.9411],[27.8458,40.9411],[27.8463,40.9411],[27.8463,40.9411],[27.8458,40.9411]]],[[[27.6583,40.9318],[27.6578,40.9318],[27.6578,40.9318],[27.6583,40.9318],[27.6585,40.9318],[27.6585,40.9318],[27.6583,40.9318]]],[[[27.5854,40.9172],[27.5839,40.9172],[27.5839,40.9172],[27.5854,40.9172],[27.5862,40.9172],[27.5862,40.9172],[27.5854,40.9172]]],[[[27.5651,40.913],[27.5686,40.915],[27.5732,40.9163],[27.5789,40.9169],[27.5779,40.918],[27.57,40.9197],[27.5652,40.9189],[27.5635,40.9157],[27.5625,40.9136],[27.5622,40.9125],[27.5624,40.912],[27.5631,40.912],[27.5634,40.912],[27.5634,40.912],[27.5651,40.913]]],[[[27.4813,40.8818],[27.4807,40.8818],[27.4807,40.8818],[27.4813,40.8818],[27.4816,40.8818],[27.4816,40.8818],[27.4813,40.8818]]],[[[27.4814,40.8797],[27.4807,40.8797],[27.4807,40.8797],[27.4814,40.8797],[27.4817,40.8797],[27.4817,40.8797],[27.4814,40.8797]]],[[[27.7181,40.6672],[27.7169,40.6672],[27.7169,40.6672],[27.7181,40.6672],[27.7187,40.6672],[27.7187,40.6672],[27.7181,40.6672]]],[[[27.4372,40.5864],[27.435,40.5874],[27.4332,40.5877],[27.4317,40.5872],[27.4315,40.5865],[27.4324,40.5854],[27.4342,40.5852],[27.4369,40.5857],[27.4383,40.5859],[27.4383,40.5859],[27.4372,40.5864]]],[[[27.4415,40.5793],[27.4406,40.5826],[27.4399,40.5826],[27.4395,40.5793],[27.44,40.5776],[27.4413,40.5776],[27.442,40.5776],[27.442,40.5776],[27.4415,40.5793]]],[[[27.5073,40.5751],[27.5014,40.5764],[27.4974,40.5766],[27.4954,40.5759],[27.4984,40.5752],[27.5063,40.5748],[27.5102,40.5745],[27.5102,40.5745],[27.5073,40.5751]]],[[[27.1837,40.5752],[27.1837,40.5789],[27.1832,40.5809],[27.1823,40.5812],[27.1816,40.5794],[27.1812,40.5754],[27.1817,40.5734],[27.183,40.5734],[27.1837,40.5734],[27.1837,40.5734],[27.1837,40.5752]]],[[[27.2675,40.5447],[27.2714,40.5456],[27.2778,40.5481],[27.2867,40.5522],[27.2961,40.5574],[27.306,40.5638],[27.3148,40.5677],[27.3227,40.5694],[27.3279,40.5698],[27.3305,40.5691],[27.3349,40.5687],[27.3412,40.5689],[27.3487,40.571],[27.3576,40.5751],[27.367,40.5762],[27.3769,40.5741],[27.3839,40.5735],[27.388,40.5746],[27.3974,40.5788],[27.412,40.5861],[27.424,40.5898],[27.4333,40.5899],[27.4393,40.5889],[27.4419,40.5868],[27.4432,40.5805],[27.4432,40.57],[27.4443,40.5658],[27.4464,40.5677],[27.4513,40.5686],[27.4591,40.5683],[27.4648,40.5685],[27.4685,40.5691],[27.4727,40.5704],[27.4776,40.5724],[27.4776,40.5739],[27.4727,40.5748],[27.468,40.5745],[27.4633,40.573],[27.4609,40.5733],[27.4608,40.5755],[27.4597,40.5767],[27.4578,40.5768],[27.4565,40.5773],[27.456,40.5782],[27.4558,40.5833],[27.456,40.5927],[27.4587,40.5995],[27.4638,40.6036],[27.4676,40.6091],[27.4699,40.6159],[27.4693,40.6216],[27.466,40.6263],[27.4639,40.6299],[27.463,40.6326],[27.4625,40.6357],[27.4622,40.6392],[27.4627,40.6431],[27.4642,40.6474],[27.4673,40.6516],[27.4721,40.6558],[27.4779,40.6594],[27.4846,40.6625],[27.4896,40.6643],[27.4927,40.6648],[27.4951,40.6647],[27.4966,40.6638],[27.4979,40.6621],[27.499,40.6596],[27.4999,40.6585],[27.5008,40.6588],[27.5007,40.6581],[27.4998,40.6565],[27.5004,40.6558],[27.5025,40.6559],[27.5043,40.6554],[27.5058,40.6542],[27.506,40.6528],[27.5049,40.6513],[27.5052,40.6478],[27.5069,40.6424],[27.5084,40.6406],[27.5096,40.6423],[27.5108,40.6458],[27.5121,40.651],[27.5148,40.6552],[27.5189,40.6583],[27.5203,40.6602],[27.5192,40.6606],[27.519,40.6614],[27.5198,40.6625],[27.5199,40.6633],[27.5192,40.6638],[27.5192,40.6644],[27.5199,40.6649],[27.5198,40.6654],[27.5187,40.6659],[27.5187,40.6659],[27.5198,40.6654],[27.5207,40.6657],[27.5215,40.6667],[27.5217,40.668],[27.5212,40.6695],[27.5227,40.6711],[27.526,40.6727],[27.5328,40.6743],[27.5432,40.6759],[27.5513,40.6766],[27.557,40.6765],[27.5604,40.6768],[27.5615,40.6776],[27.5703,40.6762],[27.587,40.6728],[27.6055,40.673],[27.6258,40.6768],[27.637,40.6784],[27.6391,40.6778],[27.6419,40.676],[27.6456,40.6729],[27.6498,40.6712],[27.6545,40.6709],[27.6607,40.6726],[27.6685,40.6763],[27.675,40.6781],[27.6802,40.6781],[27.6883,40.6769],[27.6992,40.6746],[27.7052,40.6728],[27.7063,40.6714],[27.7084,40.67],[27.7115,40.6688],[27.7141,40.6688],[27.7162,40.6701],[27.718,40.6708],[27.7195,40.6708],[27.7238,40.6702],[27.7307,40.6689],[27.7325,40.668],[27.729,40.6675],[27.7276,40.667],[27.7283,40.6666],[27.7377,40.6661],[27.756,40.6654],[27.7659,40.6643],[27.7674,40.663],[27.7706,40.6619],[27.7753,40.661],[27.782,40.6605],[27.7909,40.6604],[27.7972,40.6594],[27.801,40.6577],[27.8039,40.6538],[27.8058,40.6478],[27.8078,40.644],[27.8099,40.6426],[27.8133,40.6415],[27.818,40.641],[27.8229,40.6418],[27.8281,40.644],[27.8336,40.6449],[27.8393,40.6445],[27.8453,40.6427],[27.8516,40.6396],[27.8564,40.6354],[27.8599,40.6302],[27.8625,40.6271],[27.8642,40.6261],[27.8732,40.6279],[27.8893,40.6325],[27.9034,40.6352],[27.9154,40.6359],[27.9219,40.6356],[27.9229,40.6343],[27.925,40.6332],[27.9281,40.6325],[27.9306,40.6312],[27.9324,40.6295],[27.9338,40.6273],[27.9347,40.6247],[27.9377,40.622],[27.9428,40.6191],[27.9471,40.6174],[27.9508,40.6167],[27.9552,40.6167],[27.9604,40.6172],[27.9685,40.6192],[27.9794,40.6225],[27.9857,40.6241],[27.9872,40.6239],[27.9898,40.6223],[27.9935,40.6192],[27.9964,40.6173],[27.9985,40.6168],[27.9995,40.7013],[27.9995,40.8709],[27.9985,40.9559],[27.9964,40.9564],[27.9945,40.9558],[27.993,40.9541],[27.9904,40.9526],[27.9867,40.9512],[27.9831,40.9511],[27.9794,40.9524],[27.9771,40.9519],[27.976,40.9496],[27.9742,40.9482],[27.9716,40.9477],[27.9664,40.9476],[27.9586,40.9479],[27.9461,40.946],[27.9289,40.9421],[27.9193,40.9404],[27.9172,40.941],[27.9133,40.9408],[27.9076,40.9398],[27.8998,40.9396],[27.8898,40.9401],[27.8844,40.9397],[27.8833,40.9386],[27.8786,40.9382],[27.8703,40.9387],[27.8614,40.9382],[27.8521,40.9366],[27.8472,40.9362],[27.8466,40.9368],[27.8469,40.9379],[27.8479,40.9394],[27.8473,40.9404],[27.8452,40.9409],[27.8446,40.9416],[27.8455,40.9427],[27.8453,40.9437],[27.844,40.9448],[27.8438,40.9456],[27.8447,40.9461],[27.8449,40.9467],[27.8445,40.9473],[27.8437,40.947],[27.8424,40.9459],[27.842,40.9451],[27.8425,40.9446],[27.8425,40.943],[27.8418,40.9404],[27.8416,40.9386],[27.842,40.9377],[27.8427,40.9372],[27.8438,40.9371],[27.8401,40.9367],[27.8318,40.9362],[27.8271,40.9364],[27.826,40.9375],[27.8247,40.938],[27.8232,40.938],[27.8227,40.9385],[27.8234,40.9396],[27.8221,40.9422],[27.8188,40.9463],[27.8165,40.9471],[27.8152,40.9445],[27.8143,40.9424],[27.814,40.9409],[27.8141,40.9399],[27.8148,40.9394],[27.8094,40.9394],[27.7979,40.9399],[27.7919,40.9399],[27.7914,40.9394],[27.7909,40.9396],[27.7904,40.9406],[27.7862,40.9416],[27.7784,40.9427],[27.774,40.9437],[27.7729,40.9447],[27.7677,40.945],[27.7583,40.9445],[27.7523,40.9454],[27.7497,40.9477],[27.7476,40.9484],[27.7461,40.9475],[27.7443,40.9473],[27.7422,40.9478],[27.7408,40.9468],[27.7403,40.9444],[27.7406,40.9429],[27.7417,40.9425],[27.7417,40.9417],[27.7406,40.9406],[27.7378,40.9396],[27.7331,40.9385],[27.7299,40.9389],[27.7284,40.9407],[27.7271,40.9407],[27.7261,40.9389],[27.725,40.938],[27.7239,40.938],[27.7231,40.9385],[27.7227,40.9396],[27.7204,40.9413],[27.7162,40.9437],[27.7132,40.9432],[27.7115,40.9397],[27.7115,40.9375],[27.7132,40.9364],[27.7132,40.9359],[27.7117,40.9359],[27.7107,40.9354],[27.7102,40.9343],[27.7068,40.9335],[27.7005,40.9331],[27.6956,40.932],[27.6919,40.9304],[27.687,40.9298],[27.6807,40.9301],[27.6774,40.9306],[27.6769,40.9314],[27.6756,40.9315],[27.6735,40.931],[27.669,40.931],[27.6623,40.9315],[27.6587,40.9312],[27.6582,40.9302],[27.6571,40.9294],[27.6555,40.9289],[27.6531,40.9286],[27.65,40.9286],[27.6479,40.929],[27.6469,40.9297],[27.6464,40.9295],[27.6464,40.9282],[27.6428,40.9271],[27.6355,40.926],[27.6291,40.9245],[27.6236,40.9224],[27.6199,40.9219],[27.6181,40.9229],[27.6162,40.9231],[27.6141,40.9226],[27.6128,40.9218],[27.6123,40.9208],[27.6078,40.92],[27.5995,40.9193],[27.594,40.9183],[27.5915,40.9168],[27.5855,40.9155],[27.5761,40.9142],[27.5701,40.9129],[27.5676,40.9116],[27.5653,40.9109],[27.5632,40.9109],[27.5596,40.9122],[27.5543,40.9147],[27.5485,40.9148],[27.5422,40.9125],[27.5344,40.9112],[27.525,40.9111],[27.5175,40.9101],[27.5118,40.9082],[27.5053,40.9044],[27.498,40.8989],[27.4936,40.8949],[27.4922,40.8924],[27.4896,40.8899],[27.4858,40.8875],[27.4833,40.8854],[27.482,40.8837],[27.4815,40.882],[27.4817,40.8805],[27.4811,40.8779],[27.4795,40.8742],[27.4772,40.8707],[27.474,40.8674],[27.4721,40.8632],[27.4716,40.8582],[27.4692,40.8536],[27.4651,40.8495],[27.4623,40.8461],[27.4609,40.8435],[27.4591,40.8419],[27.4568,40.8414],[27.4549,40.8401],[27.4534,40.838],[27.4501,40.8356],[27.445,40.8331],[27.4415,40.8308],[27.4395,40.8286],[27.4356,40.8264],[27.4296,40.8239],[27.4261,40.8218],[27.425,40.8201],[27.4196,40.8166],[27.4097,40.8114],[27.4009,40.8059],[27.3933,40.8002],[27.3829,40.7901],[27.3696,40.7754],[27.3609,40.7663],[27.3566,40.7627],[27.3538,40.7596],[27.3525,40.757],[27.3523,40.755],[27.3532,40.7534],[27.3581,40.7517],[27.367,40.7498],[27.3728,40.7477],[27.3757,40.7454],[27.3775,40.7435],[27.3784,40.7419],[27.3787,40.7388],[27.3785,40.7341],[27.3795,40.7266],[27.3817,40.7161],[27.3817,40.707],[27.3795,40.6992],[27.3772,40.6936],[27.3747,40.6902],[27.3721,40.6874],[27.3695,40.6852],[27.3612,40.6808],[27.3471,40.6741],[27.3378,40.6687],[27.3331,40.6645],[27.325,40.6618],[27.3135,40.6606],[27.3042,40.6564],[27.2969,40.6491],[27.288,40.6422],[27.2776,40.6357],[27.2703,40.6314],[27.2662,40.6294],[27.2612,40.6278],[27.2555,40.6268],[27.2503,40.6246],[27.2456,40.6215],[27.2364,40.6167],[27.2229,40.6102],[27.2144,40.6066],[27.211,40.606],[27.2084,40.6047],[27.2066,40.6029],[27.2049,40.602],[27.2034,40.6021],[27.2011,40.6015],[27.198,40.6002],[27.1938,40.5972],[27.1885,40.5925],[27.1856,40.5852],[27.1851,40.5753],[27.1852,40.5699],[27.1857,40.569],[27.1869,40.5685],[27.1888,40.5683],[27.1899,40.5673],[27.19,40.5653],[27.1911,40.5643],[27.193,40.5642],[27.194,40.5631],[27.1942,40.5612],[27.1961,40.5603],[27.1998,40.5606],[27.2019,40.5595],[27.2024,40.5572],[27.2055,40.5561],[27.2112,40.5564],[27.2206,40.5533],[27.2336,40.5468],[27.2465,40.5438],[27.2592,40.5441],[27.2655,40.5443],[27.2655,40.5443],[27.2675,40.5447]],[[27.7469,40.9432],[27.746,40.9432],[27.746,40.9432],[27.7469,40.9432],[27.7474,40.9432],[27.7474,40.9432],[27.7469,40.9432]],[[27.7209,40.9382],[27.7198,40.9385],[27.7198,40.9389],[27.7209,40.9394],[27.7214,40.9392],[27.7214,40.9384],[27.7214,40.938],[27.7214,40.938],[27.7209,40.9382]],[[27.4531,40.5815],[27.4522,40.5824],[27.4519,40.5856],[27.4524,40.5912],[27.4531,40.5936],[27.4542,40.5927],[27.4544,40.5894],[27.4539,40.5838],[27.4536,40.581],[27.4536,40.581],[27.4531,40.5815]]]]}},{"type":"Feature","properties":{"depth":75,"kind":"isobath"},"geometry":{"type":"MultiLineString","coordinates":[[[27.7428,40.9547],[27.7424,40.9547],[27.7416,40.9547],[27.7416,40.9547],[27.7424,40.9547],[27.7428,40.9547]],[[27.7453,40.9484],[27.7449,40.9484],[27.744,40.9484],[27.744,40.9484],[27.7449,40.9484],[27.7453,40.9484]],[[27.8412,40.9432],[27.8412,40.9435],[27.8411,40.9441],[27.8411,40.9441],[27.8412,40.9435],[27.8412,40.9432]],[[27.848,40.9422],[27.8475,40.9422],[27.8464,40.9422],[27.8464,40.9422],[27.8475,40.9422],[27.848,40.9422]],[[27.8463,40.9411],[27.8458,40.9411],[27.8448,40.9411],[27.8448,40.9411],[27.8458,40.9411],[27.8463,40.9411]],[[27.6585,40.9318],[27.6583,40.9318],[27.6578,40.9318],[27.6578,40.9318],[27.6583,40.9318],[27.6585,40.9318]],[[27.5862,40.9172],[27.5854,40.9172],[27.5839,40.9172],[27.5839,40.9172],[27.5854,40.9172],[27.5862,40.9172]],[[27.5634,40.912],[27.5651,40.913],[27.5686,40.915],[27.5732,40.9163],[27.5789,40.9169],[27.5779,40.918],[27.57,40.9197],[27.5652,40.9189],[27.5635,40.9157],[27.5625,40.9136],[27.5622,40.9125],[27.5624,40.912],[27.5631,40.912],[27.5634,40.912]],[[27.4816,40.8818],[27.4813,40.8818],[27.4807,40.8818],[27.4807,40.8818],[27.4813,40.8818],[27.4816,40.8818]],[[27.4817,40.8797],[27.4814,40.8797],[27.4807,40.8797],[27.4807,40.8797],[27.4814,40.8797],[27.4817,40.8797]],[[27.7187,40.6672],[27.7181,40.6672],[27.7169,40.6672],[27.7169,40.6672],[27.7181,40.6672],[27.7187,40.6672]],[[27.4383,40.5859],[27.4372,40.5864],[27.435,40.5874],[27.4332,40.5877],[27.4317,40.5872],[27.4315,40.5865],[27.4324,40.5854],[27.4342,40.5852],[27.4369,40.5857],[27.4383,40.5859]],[[27.442,40.5776],[27.4415,40.5793],[27.4406,40.5826],[27.4399,40.5826],[27.4395,40.5793],[27.44,40.5776],[27.4413,40.5776],[27.442,40.5776]],[[27.5102,40.5745],[27.5073,40.5751],[27.5014,40.5764],[27.4974,40.5766],[27.4954,40.5759],[27.4984,40.5752],[27.5063,40.5748],[27.5102,40.5745]],[[27.1837,40.5734],[27.1837,40.5752],[27.1837,40.5789],[27.1832,40.5809],[27.1823,40.5812],[27.1816,40.5794],[27.1812,40.5754],[27.1817,40.5734],[27.183,40.5734],[27.1837,40.5734]],[[27.2655,40.5443],[27.2675,40.5447],[27.2714,40.5456],[27.2778,40.5481],[27.2867,40.5522],[27.2961,40.5574],[27.306,40.5638],[27.3148,40.5677],[27.3227,40.5694],[27.3279,40.5698],[27.3305,40.5691],[27.3349,40.5687],[27.3412,40.5689],[27.3487,40.571],[27.3576,40.5751],[27.367,40.5762],[27.3769,40.5741],[27.3839,40.5735],[27.388,40.5746],[27.3974,40.5788],[27.412,40.5861],[27.424,40.5898],[27.4333,40.5899],[27.4393,40.5889],[27.4419,40.5868],[27.4432,40.5805],[27.4432,40.57],[27.4443,40.5658],[27.4464,40.5677],[27.4513,40.5686],[27.4591,40.5683],[27.4648,40.5685],[27.4685,40.5691],[27.4727,40.5704],[27.4776,40.5724],[27.4776,40.5739],[27.4727,40.5748],[27.468,40.5745],[27.4633,40.573],[27.4609,40.5733],[27.4608,40.5755],[27.4597,40.5767],[27.4578,40.5768],[27.4565,40.5773],[27.456,40.5782],[27.4558,40.5833],[27.456,40.5927],[27.4587,40.5995],[27.4638,40.6036],[27.4676,40.6091],[27.4699,40.6159],[27.4693,40.6216],[27.466,40.6263],[27.4639,40.6299],[27.463,40.6326],[27.4625,40.6357],[27.4622,40.6392],[27.4627,40.6431],[27.4642,40.6474],[27.4673,40.6516],[27.4721,40.6558],[27.4779,40.6594],[27.4846,40.6625],[27.4896,40.6643],[27.4927,40.6648],[27.4951,40.6647],[27.4966,40.6638],[27.4979,40.6621],[27.499,40.6596],[27.4999,40.6585],[27.5008,40.6588],[27.5007,40.6581],[27.4998,40.6565],[27.5004,40.6558],[27.5025,40.6559],[27.5043,40.6554],[27.5058,40.6542],[27.506,40.6528],[27.5049,40.6513],[27.5052,40.6478],[27.5069,40.6424],[27.5084,40.6406],[27.5096,40.6423],[27.5108,40.6458],[27.5121,40.651],[27.5148,40.6552],[27.5189,40.6583],[27.5203,40.6602],[27.5192,40.6606],[27.519,40.6614],[27.5198,40.6625],[27.5199,40.6633],[27.5192,40.6638],[27.5192,40.6644],[27.5199,40.6649],[27.5198,40.6654],[27.5187,40.6659],[27.5187,40.6659],[27.5198,40.6654],[27.5207,40.6657],[27.5215,40.6667],[27.5217,40.668],[27.5212,40.6695],[27.5227,40.6711],[27.526,40.6727],[27.5328,40.6743],[27.5432,40.6759],[27.5513,40.6766],[27.557,40.6765],[27.5604,40.6768],[27.5615,40.6776],[27.5703,40.6762],[27.587,40.6728],[27.6055,40.673],[27.6258,40.6768],[27.637,40.6784],[27.6391,40.6778],[27.6419,40.676],[27.6456,40.6729],[27.6498,40.6712],[27.6545,40.6709],[27.6607,40.6726],[27.6685,40.6763],[27.675,40.6781],[27.6802,40.6781],[27.6883,40.6769],[27.6992,40.6746],[27.7052,40.6728],[27.7063,40.6714],[27.7084,40.67],[27.7115,40.6688],[27.7141,40.6688],[27.7162,40.6701],[27.718,40.6708],[27.7195,40.6708],[27.7238,40.6702],[27.7307,40.6689],[27.7325,40.668],[27.729,40.6675],[27.7276,40.667],[27.7283,40.6666],[27.7377,40.6661],[27.756,40.6654],[27.7659,40.6643],[27.7674,40.663],[27.7706,40.6619],[27.7753,40.661],[27.782,40.6605],[27.7909,40.6604],[27.7972,40.6594],[27.801,40.6577],[27.8039,40.6538],[27.8058,40.6478],[27.8078,40.644],[27.8099,40.6426],[27.8133,40.6415],[27.818,40.641],[27.8229,40.6418],[27.8281,40.644],[27.8336,40.6449],[27.8393,40.6445],[27.8453,40.6427],[27.8516,40.6396],[27.8564,40.6354],[27.8599,40.6302],[27.8625,40.6271],[27.8642,40.6261],[27.8732,40.6279],[27.8893,40.6325],[27.9034,40.6352],[27.9154,40.6359],[27.9219,40.6356],[27.9229,40.6343],[27.925,40.6332],[27.9281,40.6325],[27.9306,40.6312],[27.9324,40.6295],[27.9338,40.6273],[27.9347,40.6247],[27.9377,40.622],[27.9428,40.6191],[27.9471,40.6174],[27.9508,40.6167],[27.9552,40.6167],[27.9604,40.6172],[27.9685,40.6192],[27.9794,40.6225],[27.9857,40.6241],[27.9872,40.6239],[27.9898,40.6223],[27.9935,40.6192],[27.9964,40.6173],[27.9985,40.6168],[27.9995,40.7013],[27.9995,40.8709],[27.9985,40.9559],[27.9964,40.9564],[27.9945,40.9558],[27.993,40.9541],[27.9904,40.9526],[27.9867,40.9512],[27.9831,40.9511],[27.9794,40.9524],[27.9771,40.9519],[27.976,40.9496],[27.9742,40.9482],[27.9716,40.9477],[27.9664,40.9476],[27.9586,40.9479],[27.9461,40.946],[27.9289,40.9421],[27.9193,40.9404],[27.9172,40.941],[27.9133,40.9408],[27.9076,40.9398],[27.8998,40.9396],[27.8898,40.9401],[27.8844,40.9397],[27.8833,40.9386],[27.8786,40.9382],[27.8703,40.9387],[27.8614,40.9382],[27.8521,40.9366],[27.8472,40.9362],[27.8466,40.9368],[27.8469,40.9379],[27.8479,40.9394],[27.8473,40.9404],[27.8452,40.9409],[27.8446,40.9416],[27.8455,40.9427],[27.8453,40.9437],[27.844,40.9448],[27.8438,40.9456],[27.8447,40.9461],[27.8449,40.9467],[27.8445,40.9473],[27.8437,40.947],[27.8424,40.9459],[27.842,40.9451],[27.8425,40.9446],[27.8425,40.943],[27.8418,40.9404],[27.8416,40.9386],[27.842,40.9377],[27.8427,40.9372],[27.8438,40.9371],[27.8401,40.9367],[27.8318,40.9362],[27.8271,40.9364],[27.826,40.9375],[27.8247,40.938],[27.8232,40.938],[27.8227,40.9385],[27.8234,40.9396],[27.8221,40.9422],[27.8188,40.9463],[27.8165,40.9471],[27.8152,40.9445],[27.8143,40.9424],[27.814,40.9409],[27.8141,40.9399],[27.8148,40.9394],[27.8094,40.9394],[27.7979,40.9399],[27.7919,40.9399],[27.7914,40.9394],[27.7909,40.9396],[27.7904,40.9406],[27.7862,40.9416],[27.7784,40.9427],[27.774,40.9437],[27.7729,40.9447],[27.7677,40.945],[27.7583,40.9445],[27.7523,40.9454],[27.7497,40.9477],[27.7476,40.9484],[27.7461,40.9475],[27.7443,40.9473],[27.7422,40.9478],[27.7408,40.9468],[27.7403,40.9444],[27.7406,40.9429],[27.7417,40.9425],[27.7417,40.9417],[27.7406,40.9406],[27.7378,40.9396],[27.7331,40.9385],[27.7299,40.9389],[27.7284,40.9407],[27.7271,40.9407],[27.7261,40.9389],[27.725,40.938],[27.7239,40.938],[27.7231,40.9385],[27.7227,40.9396],[27.7204,40.9413],[27.7162,40.9437],[27.7132,40.9432],[27.7115,40.9397],[27.7115,40.9375],[27.7132,40.9364],[27.7132,40.9359],[27.7117,40.9359],[27.7107,40.9354],[27.7102,40.9343],[27.7068,40.9335],[27.7005,40.9331],[27.6956,40.932],[27.6919,40.9304],[27.687,40.9298],[27.6807,40.9301],[27.6774,40.9306],[27.6769,40.9314],[27.6756,40.9315],[27.6735,40.931],[27.669,40.931],[27.6623,40.9315],[27.6587,40.9312],[27.6582,40.9302],[27.6571,40.9294],[27.6555,40.9289],[27.6531,40.9286],[27.65,40.9286],[27.6479,40.929],[27.6469,40.9297],[27.6464,40.9295],[27.6464,40.9282],[27.6428,40.9271],[27.6355,40.926],[27.6291,40.9245],[27.6236,40.9224],[27.6199,40.9219],[27.6181,40.9229],[27.6162,40.9231],[27.6141,40.9226],[27.6128,40.9218],[27.6123,40.9208],[27.6078,40.92],[27.5995,40.9193],[27.594,40.9183],[27.5915,40.9168],[27.5855,40.9155],[27.5761,40.9142],[27.5701,40.9129],[27.5676,40.9116],[27.5653,40.9109],[27.5632,40.9109],[27.5596,40.9122],[27.5543,40.9147],[27.5485,40.9148],[27.5422,40.9125],[27.5344,40.9112],[27.525,40.9111],[27.5175,40.9101],[27.5118,40.9082],[27.5053,40.9044],[27.498,40.8989],[27.4936,40.8949],[27.4922,40.8924],[27.4896,40.8899],[27.4858,40.8875],[27.4833,40.8854],[27.482,40.8837],[27.4815,40.882],[27.4817,40.8805],[27.4811,40.8779],[27.4795,40.8742],[27.4772,40.8707],[27.474,40.8674],[27.4721,40.8632],[27.4716,40.8582],[27.4692,40.8536],[27.4651,40.8495],[27.4623,40.8461],[27.4609,40.8435],[27.4591,40.8419],[27.4568,40.8414],[27.4549,40.8401],[27.4534,40.838],[27.4501,40.8356],[27.445,40.8331],[27.4415,40.8308],[27.4395,40.8286],[27.4356,40.8264],[27.4296,40.8239],[27.4261,40.8218],[27.425,40.8201],[27.4196,40.8166],[27.4097,40.8114],[27.4009,40.8059],[27.3933,40.8002],[27.3829,40.7901],[27.3696,40.7754],[27.3609,40.7663],[27.3566,40.7627],[27.3538,40.7596],[27.3525,40.757],[27.3523,40.755],[27.3532,40.7534],[27.3581,40.7517],[27.367,40.7498],[27.3728,40.7477],[27.3757,40.7454],[27.3775,40.7435],[27.3784,40.7419],[27.3787,40.7388],[27.3785,40.7341],[27.3795,40.7266],[27.3817,40.7161],[27.3817,40.707],[27.3795,40.6992],[27.3772,40.6936],[27.3747,40.6902],[27.3721,40.6874],[27.3695,40.6852],[27.3612,40.6808],[27.3471,40.6741],[27.3378,40.6687],[27.3331,40.6645],[27.325,40.6618],[27.3135,40.6606],[27.3042,40.6564],[27.2969,40.6491],[27.288,40.6422],[27.2776,40.6357],[27.2703,40.6314],[27.2662,40.6294],[27.2612,40.6278],[27.2555,40.6268],[27.2503,40.6246],[27.2456,40.6215],[27.2364,40.6167],[27.2229,40.6102],[27.2144,40.6066],[27.211,40.606],[27.2084,40.6047],[27.2066,40.6029],[27.2049,40.602],[27.2034,40.6021],[27.2011,40.6015],[27.198,40.6002],[27.1938,40.5972],[27.1885,40.5925],[27.1856,40.5852],[27.1851,40.5753],[27.1852,40.5699],[27.1857,40.569],[27.1869,40.5685],[27.1888,40.5683],[27.1899,40.5673],[27.19,40.5653],[27.1911,40.5643],[27.193,40.5642],[27.194,40.5631],[27.1942,40.5612],[27.1961,40.5603],[27.1998,40.5606],[27.2019,40.5595],[27.2024,40.5572],[27.2055,40.5561],[27.2112,40.5564],[27.2206,40.5533],[27.2336,40.5468],[27.2465,40.5438],[27.2592,40.5441],[27.2655,40.5443]],[[27.7474,40.9432],[27.7469,40.9432],[27.746,40.9432],[27.746,40.9432],[27.7469,40.9432],[27.7474,40.9432]],[[27.7214,40.938],[27.7209,40.9382],[27.7198,40.9385],[27.7198,40.9389],[27.7209,40.9394],[27.7214,40.9392],[27.7214,40.9384],[27.7214,40.938]],[[27.4536,40.581],[27.4531,40.5815],[27.4522,40.5824],[27.4519,40.5856],[27.4524,40.5912],[27.4531,40.5936],[27.4542,40.5927],[27.4544,40.5894],[27.4539,40.5838],[27.4536,40.581]]]}},{"type":"Feature","properties":{"depth":100,"kind":"band"},"geometry":{"type":"MultiPolygon","coordinates":[[[[27.4019,40.7036],[27.4013,40.7036],[27.4013,40.7036],[27.4019,40.7036],[27.4022,40.7036],[27.4022,40.7036],[27.4019,40.7036]]],[[[27.3923,40.6995],[27.3917,40.6995],[27.3917,40.6995],[27.3923,40.6995],[27.3926,40.6995],[27.3926,40.6995],[27.3923,40.6995]]],[[[27.3936,40.6868],[27.3933,40.6863],[27.3933,40.6863],[27.3936,40.6868],[27.3937,40.687],[27.3937,40.687],[27.3936,40.6868]]],[[[27.656,40.6724],[27.6553,40.6724],[27.6553,40.6724],[27.656,40.6724],[27.6563,40.6724],[27.6563,40.6724],[27.656,40.6724]]],[[[27.503,40.6693],[27.5024,40.6693],[27.5024,40.6693],[27.503,40.6693],[27.5032,40.6693],[27.5032,40.6693],[27.503,40.6693]]],[[[27.3019,40.5852],[27.3086,40.5878],[27.3145,40.5913],[27.3198,40.5956],[27.3263,40.599],[27.3341,40.6016],[27.3466,40.6029],[27.3638,40.603],[27.3761,40.6037],[27.3834,40.6052],[27.394,40.6101],[27.4081,40.6184],[27.4196,40.6264],[27.4285,40.6341],[27.4345,40.6404],[27.4376,40.6451],[27.4407,40.6483],[27.4438,40.6502],[27.4518,40.6533],[27.4649,40.6576],[27.4756,40.6622],[27.4839,40.6673],[27.4893,40.6702],[27.4919,40.6711],[27.4937,40.6711],[27.4948,40.6704],[27.4973,40.6704],[27.5013,40.671],[27.5032,40.6719],[27.5031,40.6729],[27.5035,40.6739],[27.5044,40.675],[27.5044,40.6758],[27.5035,40.6763],[27.5037,40.6771],[27.505,40.6781],[27.5099,40.6797],[27.5182,40.6819],[27.5242,40.6827],[27.5279,40.682],[27.5308,40.6821],[27.5328,40.6831],[27.5344,40.6845],[27.5354,40.6863],[27.5383,40.6873],[27.543,40.6875],[27.5461,40.6885],[27.5476,40.6902],[27.5526,40.6916],[27.5609,40.6925],[27.5693,40.6923],[27.5776,40.6908],[27.5868,40.687],[27.5967,40.6807],[27.6026,40.6777],[27.6047,40.6778],[27.6062,40.6783],[27.6071,40.6792],[27.6072,40.6805],[27.6067,40.682],[27.6068,40.6834],[27.6075,40.6845],[27.6094,40.6851],[27.6125,40.685],[27.6162,40.684],[27.6203,40.6819],[27.6234,40.6819],[27.6253,40.6839],[27.6265,40.6857],[27.6268,40.6872],[27.6289,40.6879],[27.6329,40.6876],[27.6357,40.6866],[27.6374,40.6848],[27.6377,40.6836],[27.6367,40.6831],[27.6394,40.6805],[27.6459,40.6758],[27.6505,40.6732],[27.6533,40.6727],[27.6555,40.6725],[27.657,40.6724],[27.6596,40.6737],[27.6631,40.6763],[27.6652,40.6787],[27.6658,40.6808],[27.6654,40.6828],[27.6641,40.6849],[27.6649,40.686],[27.6678,40.6861],[27.6703,40.6866],[27.6724,40.6875],[27.682,40.6869],[27.6992,40.6847],[27.7086,40.6829],[27.7101,40.6816],[27.7117,40.6812],[27.7133,40.6818],[27.7151,40.6818],[27.7172,40.6811],[27.7208,40.6811],[27.726,40.6816],[27.7312,40.6808],[27.7365,40.6787],[27.7391,40.6772],[27.739,40.6761],[27.7398,40.6751],[27.7414,40.6742],[27.756,40.6736],[27.7837,40.6735],[27.8009,40.6721],[27.8076,40.6695],[27.8121,40.6666],[27.8142,40.6636],[27.8146,40.6612],[27.8134,40.6597],[27.8125,40.6573],[27.8118,40.6542],[27.8126,40.6517],[27.8149,40.6498],[27.8169,40.6489],[27.8185,40.6489],[27.82,40.6496],[27.8213,40.6509],[27.8225,40.6529],[27.8236,40.6555],[27.824,40.6582],[27.8236,40.6609],[27.8242,40.6626],[27.8258,40.6633],[27.8305,40.6633],[27.8383,40.6627],[27.8435,40.6631],[27.846,40.6644],[27.8471,40.6659],[27.8469,40.6674],[27.8477,40.6685],[27.8496,40.6689],[27.8507,40.6679],[27.8512,40.6654],[27.8525,40.6635],[27.8546,40.6624],[27.8588,40.6613],[27.865,40.6604],[27.8685,40.6586],[27.8693,40.656],[27.8702,40.6544],[27.8713,40.6539],[27.8717,40.6531],[27.8714,40.6521],[27.8734,40.6509],[27.8776,40.6496],[27.8805,40.6488],[27.882,40.6488],[27.8838,40.6494],[27.8857,40.6509],[27.8866,40.6524],[27.8865,40.6539],[27.8881,40.6554],[27.8915,40.6567],[27.8969,40.6567],[27.9042,40.6554],[27.9089,40.654],[27.911,40.6527],[27.916,40.6511],[27.9241,40.6493],[27.9302,40.6471],[27.9345,40.6445],[27.9367,40.6424],[27.9368,40.6409],[27.9375,40.6396],[27.9387,40.6385],[27.9391,40.6357],[27.9386,40.631],[27.9401,40.6269],[27.9436,40.6237],[27.9492,40.6219],[27.957,40.6216],[27.9627,40.6224],[27.9663,40.6245],[27.9689,40.6255],[27.9706,40.6255],[27.9719,40.626],[27.973,40.6271],[27.9738,40.6294],[27.9744,40.6331],[27.9736,40.638],[27.9713,40.6443],[27.971,40.6482],[27.9728,40.6497],[27.9736,40.6511],[27.9735,40.6522],[27.9742,40.6533],[27.9758,40.6542],[27.9754,40.655],[27.9729,40.6555],[27.9734,40.6559],[27.9769,40.6562],[27.9794,40.6574],[27.981,40.6595],[27.9823,40.6606],[27.9834,40.6607],[27.9854,40.6599],[27.9886,40.6582],[27.9908,40.6591],[27.9923,40.6624],[27.9917,40.6644],[27.9892,40.6649],[27.9895,40.6652],[27.9927,40.6655],[27.9951,40.667],[27.9966,40.67],[27.9981,40.6717],[27.9994,40.6722],[28,40.7427],[28,40.8833],[27.9988,40.9541],[27.9965,40.9551],[27.994,40.9544],[27.9914,40.952],[27.9888,40.9505],[27.9862,40.9498],[27.9833,40.95],[27.9802,40.9511],[27.9781,40.9504],[27.9771,40.9481],[27.9756,40.9463],[27.9735,40.9453],[27.968,40.9452],[27.9591,40.9463],[27.9477,40.9453],[27.9336,40.9422],[27.924,40.9406],[27.9187,40.9407],[27.9133,40.9399],[27.9076,40.9383],[27.9031,40.9379],[27.9,40.9386],[27.8971,40.9385],[27.8945,40.9373],[27.8927,40.9373],[27.8916,40.9382],[27.8906,40.9382],[27.8896,40.9371],[27.8883,40.937],[27.8867,40.9378],[27.8851,40.9379],[27.8836,40.9374],[27.8794,40.9374],[27.8727,40.9379],[27.8636,40.9374],[27.8521,40.9361],[27.8461,40.9363],[27.8456,40.9381],[27.8451,40.9384],[27.8446,40.9372],[27.8425,40.9365],[27.8388,40.9362],[27.8367,40.9354],[27.8362,40.9343],[27.8351,40.9344],[27.8336,40.9357],[27.8315,40.9362],[27.8289,40.9359],[27.8271,40.9362],[27.826,40.9371],[27.8247,40.9374],[27.8232,40.9371],[27.8214,40.9375],[27.8193,40.9386],[27.8177,40.9386],[27.8166,40.9376],[27.8159,40.9374],[27.8154,40.9381],[27.8115,40.9388],[27.8042,40.9393],[27.7982,40.9393],[27.7935,40.9388],[27.7864,40.9396],[27.7771,40.9419],[27.7685,40.9434],[27.7607,40.9441],[27.7545,40.9441],[27.7498,40.9432],[27.7464,40.943],[27.7443,40.9435],[27.7419,40.9424],[27.7393,40.9395],[27.7362,40.9379],[27.7325,40.9374],[27.7299,40.9376],[27.7284,40.9382],[27.7268,40.9382],[27.7253,40.9373],[27.7227,40.9373],[27.719,40.938],[27.7164,40.9369],[27.7149,40.9343],[27.7133,40.9334],[27.7117,40.9343],[27.7091,40.9341],[27.7054,40.933],[27.7021,40.9324],[27.6989,40.9325],[27.6956,40.9315],[27.6919,40.9296],[27.687,40.9288],[27.6807,40.9292],[27.6774,40.9298],[27.6769,40.9305],[27.6724,40.9307],[27.6641,40.9302],[27.6586,40.9295],[27.656,40.9286],[27.649,40.9273],[27.6375,40.9258],[27.6289,40.9239],[27.6232,40.9215],[27.6198,40.9207],[27.6187,40.9212],[27.6148,40.921],[27.6081,40.9201],[27.5995,40.9181],[27.5891,40.9152],[27.5823,40.9136],[27.5792,40.9136],[27.5768,40.9129],[27.5753,40.9116],[27.5735,40.9111],[27.5714,40.9116],[27.5672,40.9108],[27.5609,40.9089],[27.5565,40.908],[27.5539,40.9084],[27.5481,40.9063],[27.539,40.9018],[27.5314,40.9003],[27.5254,40.9019],[27.5198,40.9023],[27.5146,40.9015],[27.5086,40.8984],[27.5018,40.8932],[27.4974,40.8904],[27.4955,40.8902],[27.4928,40.8883],[27.4895,40.8846],[27.487,40.881],[27.4855,40.8773],[27.4844,40.8734],[27.4838,40.8693],[27.4829,40.8667],[27.4816,40.8656],[27.4799,40.8654],[27.4777,40.8659],[27.4761,40.8656],[27.475,40.8645],[27.4745,40.8611],[27.4746,40.8554],[27.4728,40.8507],[27.4691,40.8468],[27.4662,40.8443],[27.4641,40.8434],[27.4626,40.8422],[27.4617,40.8408],[27.4598,40.84],[27.4571,40.8397],[27.4549,40.8387],[27.4534,40.837],[27.4472,40.8327],[27.4363,40.8258],[27.4298,40.8222],[27.4277,40.8219],[27.4265,40.8211],[27.4262,40.8199],[27.4221,40.8166],[27.414,40.8111],[27.4088,40.8083],[27.4067,40.808],[27.4009,40.8034],[27.3914,40.7945],[27.3848,40.7891],[27.3809,40.787],[27.3779,40.7843],[27.3756,40.7813],[27.3744,40.7789],[27.3742,40.7774],[27.3696,40.7719],[27.3607,40.7625],[27.3558,40.757],[27.3551,40.7555],[27.3552,40.7543],[27.3563,40.7535],[27.3578,40.7529],[27.3599,40.7524],[27.3643,40.7526],[27.3711,40.7535],[27.3779,40.7517],[27.3846,40.7474],[27.3882,40.7439],[27.3885,40.7414],[27.39,40.7385],[27.3927,40.7355],[27.3941,40.7331],[27.3942,40.7315],[27.3956,40.7299],[27.3982,40.7282],[27.4022,40.7246],[27.4076,40.7189],[27.4103,40.7148],[27.4102,40.7122],[27.409,40.7096],[27.4066,40.707],[27.4047,40.7056],[27.4033,40.7053],[27.403,40.7048],[27.4037,40.704],[27.4032,40.7025],[27.4014,40.7002],[27.399,40.6993],[27.3959,40.6996],[27.3935,40.6994],[27.3919,40.6985],[27.3913,40.6969],[27.3917,40.6944],[27.3924,40.6932],[27.3933,40.6932],[27.3934,40.6927],[27.3926,40.6916],[27.3927,40.6913],[27.3938,40.6918],[27.3942,40.691],[27.3939,40.689],[27.3943,40.6865],[27.3954,40.6834],[27.3965,40.6816],[27.3978,40.6811],[27.3988,40.6811],[27.3995,40.6816],[27.3922,40.6743],[27.3769,40.6593],[27.3683,40.6486],[27.3662,40.6423],[27.3642,40.6378],[27.3623,40.6352],[27.3594,40.6331],[27.3555,40.6314],[27.3505,40.6304],[27.3442,40.6299],[27.337,40.6277],[27.3287,40.6238],[27.3206,40.6192],[27.3128,40.6139],[27.306,40.6103],[27.3003,40.6085],[27.2948,40.605],[27.2896,40.6],[27.2863,40.5957],[27.2848,40.592],[27.2843,40.5891],[27.2847,40.587],[27.2865,40.5853],[27.2896,40.5841],[27.293,40.5836],[27.2967,40.5838],[27.2986,40.5839],[27.2986,40.5839],[27.3019,40.5852]],[[27.946,40.9418],[27.9453,40.9421],[27.9453,40.9423],[27.946,40.9426],[27.9464,40.9425],[27.9464,40.942],[27.9464,40.9417],[27.9464,40.9417],[27.946,40.9418]],[[27.7137,40.9317],[27.713,40.9318],[27.713,40.932],[27.7137,40.9325],[27.7141,40.9324],[27.7141,40.9319],[27.7141,40.9316],[27.7141,40.9316],[27.7137,40.9317]],[[27.3953,40.6934],[27.3953,40.6948],[27.3956,40.6952],[27.3961,40.6946],[27.3961,40.6939],[27.3956,40.6931],[27.3953,40.6927],[27.3953,40.6927],[27.3953,40.6934]],[[27.3977,40.684],[27.3982,40.6847],[27.3982,40.6847],[27.3977,40.684],[27.3974,40.6837],[27.3974,40.6837],[27.3977,40.684]]]]}},{"type":"Feature","properties":{"depth":100,"kind":"isobath"},"geometry":{"type":"MultiLineString","coordinates":[[[27.4022,40.7036],[27.4019,40.7036],[27.4013,40.7036],[27.4013,40.7036],[27.4019,40.7036],[27.4022,40.7036]],[[27.3926,40.6995],[27.3923,40.6995],[27.3917,40.6995],[27.3917,40.6995],[27.3923,40.6995],[27.3926,40.6995]],[[27.3937,40.687],[27.3936,40.6868],[27.3933,40.6863],[27.3933,40.6863],[27.3936,40.6868],[27.3937,40.687]],[[27.6563,40.6724],[27.656,40.6724],[27.6553,40.6724],[27.6553,40.6724],[27.656,40.6724],[27.6563,40.6724]],[[27.5032,40.6693],[27.503,40.6693],[27.5024,40.6693],[27.5024,40.6693],[27.503,40.6693],[27.5032,40.6693]],[[27.9953,40.9556],[27.994,40.9544],[27.9914,40.952],[27.9888,40.9505],[27.9862,40.9498],[27.9833,40.95],[27.9802,40.9511],[27.9781,40.9504],[27.9771,40.9481],[27.9756,40.9463],[27.9735,40.9453],[27.968,40.9452],[27.9591,40.9463],[27.9477,40.9453],[27.9336,40.9422],[27.924,40.9406],[27.9187,40.9407],[27.9133,40.9399],[27.9076,40.9383],[27.9031,40.9379],[27.9,40.9386],[27.8971,40.9385],[27.8945,40.9373],[27.8927,40.9373],[27.8916,40.9382],[27.8906,40.9382],[27.8896,40.9371],[27.8883,40.937],[27.8867,40.9378],[27.8851,40.9379],[27.8836,40.9374],[27.8794,40.9374],[27.8727,40.9379],[27.8636,40.9374],[27.8521,40.9361],[27.8461,40.9363],[27.8456,40.9381],[27.8451,40.9384],[27.8446,40.9372],[27.8425,40.9365],[27.8388,40.9362],[27.8367,40.9354],[27.8362,40.9343],[27.8351,40.9344],[27.8336,40.9357],[27.8315,40.9362],[27.8289,40.9359],[27.8271,40.9362],[27.826,40.9371],[27.8247,40.9374],[27.8232,40.9371],[27.8214,40.9375],[27.8193,40.9386],[27.8177,40.9386],[27.8166,40.9376],[27.8159,40.9374],[27.8154,40.9381],[27.8115,40.9388],[27.8042,40.9393],[27.7982,40.9393],[27.7935,40.9388],[27.7864,40.9396],[27.7771,40.9419],[27.7685,40.9434],[27.7607,40.9441],[27.7545,40.9441],[27.7498,40.9432],[27.7464,40.943],[27.7443,40.9435],[27.7419,40.9424],[27.7393,40.9395],[27.7362,40.9379],[27.7325,40.9374],[27.7299,40.9376],[27.7284,40.9382],[27.7268,40.9382],[27.7253,40.9373],[27.7227,40.9373],[27.719,40.938],[27.7164,40.9369],[27.7149,40.9343],[27.7133,40.9334],[27.7117,40.9343],[27.7091,40.9341],[27.7054,40.933],[27.7021,40.9324],[27.6989,40.9325],[27.6956,40.9315],[27.6919,40.9296],[27.687,40.9288],[27.6807,40.9292],[27.6774,40.9298],[27.6769,40.9305],[27.6724,40.9307],[27.6641,40.9302],[27.6586,40.9295],[27.656,40.9286],[27.649,40.9273],[27.6375,40.9258],[27.6289,40.9239],[27.6232,40.9215],[27.6198,40.9207],[27.6187,40.9212],[27.6148,40.921],[27.6081,40.9201],[27.5995,40.9181],[27.5891,40.9152],[27.5823,40.9136],[27.5792,40.9136],[27.5768,40.9129],[27.5753,40.9116],[27.5735,40.9111],[27.5714,40.9116],[27.5672,40.9108],[27.5609,40.9089],[27.5565,40.908],[27.5539,40.9084],[27.5481,40.9063],[27.539,40.9018],[27.5314,40.9003],[27.5254,40.9019],[27.5198,40.9023],[27.5146,40.9015],[27.5086,40.8984],[27.5018,40.8932],[27.4974,40.8904],[27.4955,40.8902],[27.4928,40.8883],[27.4895,40.8846],[27.487,40.881],[27.4855,40.8773],[27.4844,40.8734],[27.4838,40.8693],[27.4829,40.8667],[27.4816,40.8656],[27.4799,40.8654],[27.4777,40.8659],[27.4761,40.8656],[27.475,40.8645],[27.4745,40.8611],[27.4746,40.8554],[27.4728,40.8507],[27.4691,40.8468],[27.4662,40.8443],[27.4641,40.8434],[27.4626,40.8422],[27.4617,40.8408],[27.4598,40.84],[27.4571,40.8397],[27.4549,40.8387],[27.4534,40.837],[27.4472,40.8327],[27.4363,40.8258],[27.4298,40.8222],[27.4277,40.8219],[27.4265,40.8211],[27.4262,40.8199],[27.4221,40.8166],[27.414,40.8111],[27.4088,40.8083],[27.4067,40.808],[27.4009,40.8034],[27.3914,40.7945],[27.3848,40.7891],[27.3809,40.787],[27.3779,40.7843],[27.3756,40.7813],[27.3744,40.7789],[27.3742,40.7774],[27.3696,40.7719],[27.3607,40.7625],[27.3558,40.757],[27.3551,40.7555],[27.3552,40.7543],[27.3563,40.7535],[27.3578,40.7529],[27.3599,40.7524],[27.3643,40.7526],[27.3711,40.7535],[27.3779,40.7517],[27.3846,40.7474],[27.3882,40.7439],[27.3885,40.7414],[27.39,40.7385],[27.3927,40.7355],[27.3941,40.7331],[27.3942,40.7315],[27.3956,40.7299],[27.3982,40.7282],[27.4022,40.7246],[27.4076,40.7189],[27.4103,40.7148],[27.4102,40.7122],[27.409,40.7096],[27.4066,40.707],[27.4047,40.7056],[27.4033,40.7053],[27.403,40.7048],[27.4037,40.704],[27.4032,40.7025],[27.4014,40.7002],[27.399,40.6993],[27.3959,40.6996],[27.3935,40.6994],[27.3919,40.6985],[27.3913,40.6969],[27.3917,40.6944],[27.3924,40.6932],[27.3933,40.6932],[27.3934,40.6927],[27.3926,40.6916],[27.3927,40.6913],[27.3938,40.6918],[27.3942,40.691],[27.3939,40.689],[27.3943,40.6865],[27.3954,40.6834],[27.3965,40.6816],[27.3978,40.6811],[27.3988,40.6811],[27.3995,40.6816],[27.3922,40.6743],[27.3769,40.6593],[27.3683,40.6486],[27.3662,40.6423],[27.3642,40.6378],[27.3623,40.6352],[27.3594,40.6331],[27.3555,40.6314],[27.3505,40.6304],[27.3442,40.6299],[27.337,40.6277],[27.3287,40.6238],[27.3206,40.6192],[27.3128,40.6139],[27.306,40.6103],[27.3003,40.6085],[27.2948,40.605],[27.2896,40.6],[27.2863,40.5957],[27.2848,40.592],[27.2843,40.5891],[27.2847,40.587],[27.2865,40.5853],[27.2896,40.5841],[27.293,40.5836],[27.2967,40.5838],[27.2986,40.5839],[27.2986,40.5839],[27.3019,40.5852],[27.3086,40.5878],[27.3145,40.5913],[27.3198,40.5956],[27.3263,40.599],[27.3341,40.6016],[27.3466,40.6029],[27.3638,40.603],[27.3761,40.6037],[27.3834,40.6052],[27.394,40.6101],[27.4081,40.6184],[27.4196,40.6264],[27.4285,40.6341],[27.4345,40.6404],[27.4376,40.6451],[27.4407,40.6483],[27.4438,40.6502],[27.4518,40.6533],[27.4649,40.6576],[27.4756,40.6622],[27.4839,40.6673],[27.4893,40.6702],[27.4919,40.6711],[27.4937,40.6711],[27.4948,40.6704],[27.4973,40.6704],[27.5013,40.671],[27.5032,40.6719],[27.5031,40.6729],[27.5035,40.6739],[27.5044,40.675],[27.5044,40.6758],[27.5035,40.6763],[27.5037,40.6771],[27.505,40.6781],[27.5099,40.6797],[27.5182,40.6819],[27.5242,40.6827],[27.5279,40.682],[27.5308,40.6821],[27.5328,40.6831],[27.5344,40.6845],[27.5354,40.6863],[27.5383,40.6873],[27.543,40.6875],[27.5461,40.6885],[27.5476,40.6902],[27.5526,40.6916],[27.5609,40.6925],[27.5693,40.6923],[27.5776,40.6908],[27.5868,40.687],[27.5967,40.6807],[27.6026,40.6777],[27.6047,40.6778],[27.6062,40.6783],[27.6071,40.6792],[27.6072,40.6805],[27.6067,40.682],[27.6068,40.6834],[27.6075,40.6845],[27.6094,40.6851],[27.6125,40.685],[27.6162,40.684],[27.6203,40.6819],[27.6234,40.6819],[27.6253,40.6839],[27.6265,40.6857],[27.6268,40.6872],[27.6289,40.6879],[27.6329,40.6876],[27.6357,40.6866],[27.6374,40.6848],[27.6377,40.6836],[27.6367,40.6831],[27.6394,40.6805],[27.6459,40.6758],[27.6505,40.6732],[27.6533,40.6727],[27.6555,40.6725],[27.657,40.6724],[27.6596,40.6737],[27.6631,40.6763],[27.6652,40.6787],[27.6658,40.6808],[27.6654,40.6828],[27.6641,40.6849],[27.6649,40.686],[27.6678,40.6861],[27.6703,40.6866],[27.6724,40.6875],[27.682,40.6869],[27.6992,40.6847],[27.7086,40.6829],[27.7101,40.6816],[27.7117,40.6812],[27.7133,40.6818],[27.7151,40.6818],[27.7172,40.6811],[27.7208,40.6811],[27.726,40.6816],[27.7312,40.6808],[27.7365,40.6787],[27.7391,40.6772],[27.739,40.6761],[27.7398,40.6751],[27.7414,40.6742],[27.756,40.6736],[27.7837,40.6735],[27.8009,40.6721],[27.8076,40.6695],[27.8121,40.6666],[27.8142,40.6636],[27.8146,40.6612],[27.8134,40.6597],[27.8125,40.6573],[27.8118,40.6542],[27.8126,40.6517],[27.8149,40.6498],[27.8169,40.6489],[27.8185,40.6489],[27.82,40.6496],[27.8213,40.6509],[27.8225,40.6529],[27.8236,40.6555],[27.824,40.6582],[27.8236,40.6609],[27.8242,40.6626],[27.8258,40.6633],[27.8305,40.6633],[27.8383,40.6627],[27.8435,40.6631],[27.846,40.6644],[27.8471,40.6659],[27.8469,40.6674],[27.8477,40.6685],[27.8496,40.6689],[27.8507,40.6679],[27.8512,40.6654],[27.8525,40.6635],[27.8546,40.6624],[27.8588,40.6613],[27.865,40.6604],[27.8685,40.6586],[27.8693,40.656],[27.8702,40.6544],[27.8713,40.6539],[27.8717,40.6531],[27.8714,40.6521],[27.8734,40.6509],[27.8776,40.6496],[27.8805,40.6488],[27.882,40.6488],[27.8838,40.6494],[27.8857,40.6509],[27.8866,40.6524],[27.8865,40.6539],[27.8881,40.6554],[27.8915,40.6567],[27.8969,40.6567],[27.9042,40.6554],[27.9089,40.654],[27.911,40.6527],[27.916,40.6511],[27.9241,40.6493],[27.9302,40.6471],[27.9345,40.6445],[27.9367,40.6424],[27.9368,40.6409],[27.9375,40.6396],[27.9387,40.6385],[27.9391,40.6357],[27.9386,40.631],[27.9401,40.6269],[27.9436,40.6237],[27.9492,40.6219],[27.957,40.6216],[27.9627,40.6224],[27.9663,40.6245],[27.9689,40.6255],[27.9706,40.6255],[27.9719,40.626],[27.973,40.6271],[27.9738,40.6294],[27.9744,40.6331],[27.9736,40.638],[27.9713,40.6443],[27.971,40.6482],[27.9728,40.6497],[27.9736,40.6511],[27.9735,40.6522],[27.9742,40.6533],[27.9758,40.6542],[27.9754,40.655],[27.9729,40.6555],[27.9734,40.6559],[27.9769,40.6562],[27.9794,40.6574],[27.981,40.6595],[27.9823,40.6606],[27.9834,40.6607],[27.9854,40.6599],[27.9886,40.6582],[27.9908,40.6591],[27.9923,40.6624],[27.9917,40.6644],[27.9892,40.6649],[27.9895,40.6652],[27.9927,40.6655],[27.9951,40.667],[27.9966,40.67],[27.9974,40.6714]],[[27.9464,40.9417],[27.946,40.9418],[27.9453,40.9421],[27.9453,40.9423],[27.946,40.9426],[27.9464,40.9425],[27.9464,40.942],[27.9464,40.9417]],[[27.7141,40.9316],[27.7137,40.9317],[27.713,40.9318],[27.713,40.932],[27.7137,40.9325],[27.7141,40.9324],[27.7141,40.9319],[27.7141,40.9316]],[[27.3953,40.6927],[27.3953,40.6934],[27.3953,40.6948],[27.3956,40.6952],[27.3961,40.6946],[27.3961,40.6939],[27.3956,40.6931],[27.3953,40.6927]],[[27.3974,40.6837],[27.3977,40.684],[27.3982,40.6847],[27.3982,40.6847],[27.3977,40.684],[27.3974,40.6837]]]}},{"type":"Feature","properties":{"depth":150,"kind":"band"},"geometry":{"type":"MultiPolygon","coordinates":[[[[27.8454,40.9362],[27.8453,40.9368],[27.8453,40.9368],[27.8454,40.9362],[27.8454,40.9359],[27.8454,40.9359],[27.8454,40.9362]]],[[[27.4105,40.6974],[27.41,40.6974],[27.41,40.6974],[27.4105,40.6974],[27.4107,40.6974],[27.4107,40.6974],[27.4105,40.6974]]],[[[27.9605,40.6313],[27.9633,40.6344],[27.9643,40.6359],[27.9634,40.6358],[27.9632,40.636],[27.9637,40.6367],[27.9632,40.6375],[27.9617,40.6386],[27.9616,40.6391],[27.963,40.6391],[27.9638,40.6387],[27.964,40.6377],[27.9643,40.6378],[27.9649,40.6389],[27.9651,40.6386],[27.9651,40.6371],[27.9659,40.6367],[27.9676,40.6376],[27.9685,40.6396],[27.9688,40.6427],[27.9683,40.6448],[27.967,40.6459],[27.9672,40.6482],[27.969,40.6518],[27.9691,40.6546],[27.9674,40.6568],[27.9694,40.658],[27.9749,40.6583],[27.9776,40.6591],[27.9776,40.6605],[27.979,40.6622],[27.9817,40.6641],[27.9833,40.6664],[27.9838,40.669],[27.9836,40.6713],[27.9828,40.6735],[27.9854,40.675],[27.9913,40.6761],[27.9957,40.6774],[27.9986,40.6789],[28,40.7474],[28,40.8828],[27.9991,40.9515],[27.9973,40.9534],[27.9948,40.9531],[27.9917,40.9504],[27.9888,40.9485],[27.9862,40.9474],[27.9833,40.9475],[27.9802,40.9487],[27.9784,40.9481],[27.9779,40.9456],[27.9771,40.9441],[27.976,40.9437],[27.9734,40.9437],[27.9693,40.944],[27.9664,40.9438],[27.9649,40.9429],[27.9631,40.9431],[27.961,40.9444],[27.9591,40.9443],[27.9576,40.9427],[27.9563,40.9427],[27.9552,40.9443],[27.9537,40.9449],[27.9516,40.9446],[27.9497,40.9435],[27.9482,40.9415],[27.9461,40.941],[27.9435,40.942],[27.9401,40.9425],[27.936,40.9424],[27.9323,40.9417],[27.9292,40.9405],[27.9247,40.9399],[27.919,40.9398],[27.9151,40.9393],[27.913,40.9384],[27.9089,40.9378],[27.9026,40.9376],[27.8984,40.9371],[27.8964,40.9362],[27.8943,40.936],[27.8922,40.9365],[27.8867,40.9364],[27.8778,40.9358],[27.8724,40.9358],[27.8703,40.9364],[27.867,40.9363],[27.8623,40.9353],[27.8594,40.9353],[27.8583,40.9362],[27.8521,40.9357],[27.8406,40.9339],[27.834,40.9337],[27.8321,40.9352],[27.8303,40.9357],[27.8285,40.9353],[27.8261,40.9357],[27.823,40.9368],[27.8201,40.9372],[27.8174,40.9367],[27.8127,40.937],[27.806,40.9381],[27.8018,40.9382],[27.8003,40.9373],[27.7987,40.9373],[27.7972,40.938],[27.7951,40.938],[27.7924,40.9374],[27.788,40.9377],[27.7817,40.939],[27.7768,40.9395],[27.7732,40.9394],[27.7704,40.9399],[27.7683,40.9412],[27.7643,40.9422],[27.7586,40.9429],[27.7529,40.943],[27.7472,40.9425],[27.7437,40.9419],[27.7424,40.9414],[27.7408,40.9398],[27.7391,40.9372],[27.7366,40.9353],[27.7334,40.9342],[27.7308,40.9346],[27.7287,40.9365],[27.7268,40.9368],[27.7253,40.9354],[27.724,40.9348],[27.723,40.9349],[27.7225,40.9353],[27.7224,40.936],[27.7222,40.9361],[27.7216,40.9356],[27.7203,40.9356],[27.7183,40.9362],[27.7172,40.9356],[27.7172,40.9337],[27.7164,40.9322],[27.7149,40.9312],[27.7128,40.9312],[27.7102,40.9322],[27.7068,40.9322],[27.7026,40.9309],[27.6997,40.9306],[27.6982,40.9314],[27.6958,40.9308],[27.6927,40.9287],[27.6898,40.9275],[27.6872,40.927],[27.6823,40.9273],[27.675,40.9286],[27.6688,40.9291],[27.6635,40.929],[27.6568,40.9279],[27.6485,40.9259],[27.643,40.9252],[27.6404,40.9257],[27.638,40.9256],[27.6357,40.9249],[27.6349,40.924],[27.6357,40.9229],[27.635,40.9218],[27.6329,40.9205],[27.631,40.9205],[27.6294,40.9216],[27.6255,40.9214],[27.6192,40.9199],[27.6135,40.919],[27.6083,40.9189],[27.6011,40.9176],[27.592,40.9153],[27.5867,40.9136],[27.5854,40.9125],[27.5832,40.9121],[27.5801,40.9125],[27.5776,40.9118],[27.5755,40.9102],[27.5737,40.9097],[27.5722,40.9102],[27.5706,40.9101],[27.569,40.9091],[27.5667,40.9087],[27.5636,40.9086],[27.5617,40.9081],[27.5612,40.9075],[27.5588,40.9067],[27.5547,40.906],[27.5516,40.9048],[27.5495,40.9033],[27.5474,40.9027],[27.5453,40.9031],[27.5386,40.9005],[27.5271,40.895],[27.5201,40.8911],[27.5174,40.889],[27.5146,40.8874],[27.5114,40.8865],[27.5089,40.8847],[27.5069,40.882],[27.5035,40.8798],[27.4988,40.8778],[27.4956,40.876],[27.494,40.8743],[27.493,40.8721],[27.4927,40.8695],[27.4916,40.8669],[27.4898,40.8643],[27.4877,40.8621],[27.4852,40.8602],[27.4827,40.8595],[27.4805,40.8598],[27.4791,40.8583],[27.4787,40.8552],[27.4776,40.8523],[27.4757,40.8497],[27.4737,40.8479],[27.4716,40.8469],[27.4695,40.8452],[27.4672,40.8427],[27.4651,40.8407],[27.463,40.8392],[27.4607,40.8385],[27.4581,40.8384],[27.456,40.8374],[27.4544,40.8354],[27.4526,40.8343],[27.4505,40.834],[27.4409,40.8282],[27.4237,40.8172],[27.4141,40.8104],[27.412,40.808],[27.41,40.8068],[27.4079,40.8067],[27.4063,40.8053],[27.4052,40.8024],[27.4036,40.7999],[27.4014,40.7976],[27.3951,40.7935],[27.3848,40.7878],[27.3798,40.7841],[27.3801,40.7826],[27.3797,40.7813],[27.3788,40.7802],[27.3779,40.7779],[27.377,40.7742],[27.3749,40.77],[27.3714,40.7653],[27.3701,40.7624],[27.371,40.7611],[27.3742,40.7597],[27.3799,40.7585],[27.3833,40.7568],[27.3845,40.7547],[27.3863,40.7528],[27.3888,40.7513],[27.3911,40.7484],[27.3934,40.7443],[27.4004,40.7359],[27.4122,40.7235],[27.417,40.7151],[27.4147,40.711],[27.4138,40.7076],[27.4141,40.7049],[27.4138,40.7026],[27.4131,40.7005],[27.4119,40.6985],[27.4102,40.6964],[27.4095,40.6932],[27.4097,40.6891],[27.4079,40.6839],[27.4041,40.6776],[27.4026,40.6729],[27.4033,40.6698],[27.4047,40.6668],[27.4068,40.6638],[27.4091,40.6625],[27.4117,40.6625],[27.4154,40.6643],[27.4201,40.6676],[27.4255,40.6703],[27.4318,40.6723],[27.4396,40.6734],[27.4489,40.6735],[27.4557,40.6732],[27.4599,40.6724],[27.4623,40.6715],[27.4628,40.6707],[27.4646,40.6705],[27.4677,40.6712],[27.4698,40.6709],[27.4709,40.6698],[27.4736,40.6711],[27.4779,40.6747],[27.4842,40.6787],[27.4923,40.6829],[27.5,40.6851],[27.5073,40.6852],[27.513,40.6858],[27.5172,40.6869],[27.5219,40.6864],[27.5271,40.6842],[27.531,40.6846],[27.5336,40.6877],[27.5357,40.6889],[27.5372,40.6882],[27.5396,40.6882],[27.5429,40.6888],[27.5448,40.6896],[27.5455,40.6906],[27.5481,40.6916],[27.5527,40.6927],[27.5559,40.6942],[27.5577,40.6964],[27.5597,40.6977],[27.5619,40.6982],[27.5647,40.6982],[27.5683,40.6977],[27.5704,40.6966],[27.5711,40.6951],[27.5724,40.6936],[27.5745,40.6922],[27.5776,40.6913],[27.5818,40.6908],[27.586,40.6892],[27.5901,40.6864],[27.593,40.6849],[27.5945,40.6847],[27.5958,40.6839],[27.5969,40.6824],[27.5985,40.6811],[27.6006,40.68],[27.6024,40.6796],[27.6039,40.6799],[27.6046,40.6807],[27.6044,40.6821],[27.6049,40.6836],[27.6062,40.6853],[27.6084,40.6862],[27.6115,40.6865],[27.6151,40.6856],[27.6193,40.6835],[27.6222,40.683],[27.6237,40.6843],[27.6244,40.6861],[27.6245,40.6884],[27.6274,40.6897],[27.6331,40.69],[27.6368,40.6891],[27.6385,40.6869],[27.64,40.6858],[27.6415,40.6854],[27.643,40.6845],[27.6445,40.6829],[27.6458,40.6821],[27.6469,40.6822],[27.6486,40.6811],[27.6509,40.6788],[27.6533,40.6773],[27.6556,40.6767],[27.6578,40.677],[27.6597,40.6781],[27.6611,40.6794],[27.662,40.681],[27.662,40.684],[27.6613,40.6884],[27.6627,40.69],[27.6664,40.6887],[27.6695,40.689],[27.6721,40.6907],[27.6747,40.6908],[27.6773,40.6894],[27.6791,40.6892],[27.6802,40.6901],[27.6818,40.6907],[27.6839,40.6908],[27.6901,40.6898],[27.7005,40.6879],[27.7068,40.6863],[27.7089,40.6852],[27.7117,40.6849],[27.7154,40.6854],[27.7175,40.685],[27.718,40.6835],[27.719,40.6829],[27.7206,40.683],[27.7219,40.6836],[27.7229,40.6847],[27.7237,40.6849],[27.7242,40.6842],[27.725,40.6841],[27.7261,40.6847],[27.7292,40.6844],[27.7344,40.6831],[27.7378,40.6828],[27.7393,40.6837],[27.7406,40.6833],[27.7415,40.6816],[27.7418,40.6802],[27.7415,40.6791],[27.7418,40.6784],[27.7427,40.6779],[27.7435,40.6781],[27.744,40.6787],[27.7451,40.6784],[27.7466,40.677],[27.7485,40.6774],[27.7506,40.6796],[27.7529,40.6797],[27.7555,40.6778],[27.7571,40.6774],[27.7576,40.6785],[27.7583,40.6791],[27.7594,40.6791],[27.7612,40.6779],[27.7638,40.6756],[27.7662,40.6747],[27.7683,40.6754],[27.7716,40.6753],[27.7763,40.6746],[27.7836,40.6743],[27.7935,40.6744],[27.801,40.6733],[27.8063,40.6711],[27.8097,40.6701],[27.8112,40.6702],[27.8136,40.6679],[27.8167,40.6633],[27.8189,40.6613],[27.8202,40.6618],[27.8214,40.6633],[27.8225,40.6659],[27.8229,40.6683],[27.8226,40.6705],[27.8235,40.6718],[27.8257,40.6722],[27.8273,40.6706],[27.8282,40.6669],[27.8297,40.6649],[27.8318,40.6646],[27.8341,40.6651],[27.8367,40.6667],[27.8387,40.6668],[27.8401,40.6657],[27.843,40.667],[27.8473,40.6707],[27.8511,40.6724],[27.8541,40.6722],[27.856,40.6719],[27.8567,40.6716],[27.8567,40.6711],[27.856,40.6706],[27.856,40.6691],[27.8565,40.6668],[27.8602,40.6649],[27.8669,40.6636],[27.8708,40.6621],[27.8719,40.6607],[27.8722,40.6589],[27.8719,40.6568],[27.8724,40.6557],[27.8738,40.6557],[27.8745,40.6549],[27.8744,40.6534],[27.875,40.6524],[27.8762,40.6519],[27.8783,40.6515],[27.8813,40.6512],[27.8832,40.6514],[27.8839,40.6522],[27.8842,40.6539],[27.884,40.6564],[27.8847,40.6575],[27.8862,40.657],[27.8888,40.6573],[27.8925,40.6585],[27.8982,40.6585],[27.906,40.6575],[27.9112,40.656],[27.9138,40.6539],[27.9172,40.6527],[27.9213,40.6524],[27.9242,40.6518],[27.9258,40.6509],[27.9278,40.651],[27.9302,40.652],[27.9321,40.6511],[27.9334,40.648],[27.9354,40.6457],[27.9379,40.6441],[27.9401,40.6432],[27.9422,40.6427],[27.9437,40.6427],[27.9448,40.6432],[27.945,40.6419],[27.9445,40.6386],[27.9453,40.6354],[27.9474,40.6321],[27.9511,40.6303],[27.9564,40.6299],[27.9591,40.6297],[27.9591,40.6297],[27.9605,40.6313]],[[27.7458,40.9372],[27.7467,40.9377],[27.7467,40.9377],[27.7458,40.9372],[27.7453,40.9369],[27.7453,40.9369],[27.7458,40.9372]],[[27.7416,40.9359],[27.7405,40.9359],[27.7405,40.9359],[27.7416,40.9359],[27.7422,40.9359],[27.7422,40.9359],[27.7416,40.9359]],[[27.8622,40.6654],[27.8627,40.6659],[27.8627,40.6659],[27.8622,40.6654],[27.862,40.6652],[27.862,40.6652],[27.8622,40.6654]]]]}},{"type":"Feature","properties":{"depth":150,"kind":"isobath"},"geometry":{"type":"MultiLineString","coordinates":[[[27.8454,40.9359],[27.8454,40.9362],[27.8453,40.9368],[27.8453,40.9368],[27.8454,40.9362],[27.8454,40.9359]],[[27.4107,40.6974],[27.4105,40.6974],[27.41,40.6974],[27.41,40.6974],[27.4105,40.6974],[27.4107,40.6974]],[[27.9964,40.9544],[27.9948,40.9531],[27.9917,40.9504],[27.9888,40.9485],[27.9862,40.9474],[27.9833,40.9475],[27.9802,40.9487],[27.9784,40.9481],[27.9779,40.9456],[27.9771,40.9441],[27.976,40.9437],[27.9734,40.9437],[27.9693,40.944],[27.9664,40.9438],[27.9649,40.9429],[27.9631,40.9431],[27.961,40.9444],[27.9591,40.9443],[27.9576,40.9427],[27.9563,40.9427],[27.9552,40.9443],[27.9537,40.9449],[27.9516,40.9446],[27.9497,40.9435],[27.9482,40.9415],[27.9461,40.941],[27.9435,40.942],[27.9401,40.9425],[27.936,40.9424],[27.9323,40.9417],[27.9292,40.9405],[27.9247,40.9399],[27.919,40.9398],[27.9151,40.9393],[27.913,40.9384],[27.9089,40.9378],[27.9026,40.9376],[27.8984,40.9371],[27.8964,40.9362],[27.8943,40.936],[27.8922,40.9365],[27.8867,40.9364],[27.8778,40.9358],[27.8724,40.9358],[27.8703,40.9364],[27.867,40.9363],[27.8623,40.9353],[27.8594,40.9353],[27.8583,40.9362],[27.8521,40.9357],[27.8406,40.9339],[27.834,40.9337],[27.8321,40.9352],[27.8303,40.9357],[27.8285,40.9353],[27.8261,40.9357],[27.823,40.9368],[27.8201,40.9372],[27.8174,40.9367],[27.8127,40.937],[27.806,40.9381],[27.8018,40.9382],[27.8003,40.9373],[27.7987,40.9373],[27.7972,40.938],[27.7951,40.938],[27.7924,40.9374],[27.788,40.9377],[27.7817,40.939],[27.7768,40.9395],[27.7732,40.9394],[27.7704,40.9399],[27.7683,40.9412],[27.7643,40.9422],[27.7586,40.9429],[27.7529,40.943],[27.7472,40.9425],[27.7437,40.9419],[27.7424,40.9414],[27.7408,40.9398],[27.7391,40.9372],[27.7366,40.9353],[27.7334,40.9342],[27.7308,40.9346],[27.7287,40.9365],[27.7268,40.9368],[27.7253,40.9354],[27.724,40.9348],[27.723,40.9349],[27.7225,40.9353],[27.7224,40.936],[27.7222,40.9361],[27.7216,40.9356],[27.7203,40.9356],[27.7183,40.9362],[27.7172,40.9356],[27.7172,40.9337],[27.7164,40.9322],[27.7149,40.9312],[27.7128,40.9312],[27.7102,40.9322],[27.7068,40.9322],[27.7026,40.9309],[27.6997,40.9306],[27.6982,40.9314],[27.6958,40.9308],[27.6927,40.9287],[27.6898,40.9275],[27.6872,40.927],[27.6823,40.9273],[27.675,40.9286],[27.6688,40.9291],[27.6635,40.929],[27.6568,40.9279],[27.6485,40.9259],[27.643,40.9252],[27.6404,40.9257],[27.638,40.9256],[27.6357,40.9249],[27.6349,40.924],[27.6357,40.9229],[27.635,40.9218],[27.6329,40.9205],[27.631,40.9205],[27.6294,40.9216],[27.6255,40.9214],[27.6192,40.9199],[27.6135,40.919],[27.6083,40.9189],[27.6011,40.9176],[27.592,40.9153],[27.5867,40.9136],[27.5854,40.9125],[27.5832,40.9121],[27.5801,40.9125],[27.5776,40.9118],[27.5755,40.9102],[27.5737,40.9097],[27.5722,40.9102],[27.5706,40.9101],[27.569,40.9091],[27.5667,40.9087],[27.5636,40.9086],[27.5617,40.9081],[27.5612,40.9075],[27.5588,40.9067],[27.5547,40.906],[27.5516,40.9048],[27.5495,40.9033],[27.5474,40.9027],[27.5453,40.9031],[27.5386,40.9005],[27.5271,40.895],[27.5201,40.8911],[27.5174,40.889],[27.5146,40.8874],[27.5114,40.8865],[27.5089,40.8847],[27.5069,40.882],[27.5035,40.8798],[27.4988,40.8778],[27.4956,40.876],[27.494,40.8743],[27.493,40.8721],[27.4927,40.8695],[27.4916,40.8669],[27.4898,40.8643],[27.4877,40.8621],[27.4852,40.8602],[27.4827,40.8595],[27.4805,40.8598],[27.4791,40.8583],[27.4787,40.8552],[27.4776,40.8523],[27.4757,40.8497],[27.4737,40.8479],[27.4716,40.8469],[27.4695,40.8452],[27.4672,40.8427],[27.4651,40.8407],[27.463,40.8392],[27.4607,40.8385],[27.4581,40.8384],[27.456,40.8374],[27.4544,40.8354],[27.4526,40.8343],[27.4505,40.834],[27.4409,40.8282],[27.4237,40.8172],[27.4141,40.8104],[27.412,40.808],[27.41,40.8068],[27.4079,40.8067],[27.4063,40.8053],[27.4052,40.8024],[27.4036,40.7999],[27.4014,40.7976],[27.3951,40.7935],[27.3848,40.7878],[27.3798,40.7841],[27.3801,40.7826],[27.3797,40.7813],[27.3788,40.7802],[27.3779,40.7779],[27.377,40.7742],[27.3749,40.77],[27.3714,40.7653],[27.3701,40.7624],[27.371,40.7611],[27.3742,40.7597],[27.3799,40.7585],[27.3833,40.7568],[27.3845,40.7547],[27.3863,40.7528],[27.3888,40.7513],[27.3911,40.7484],[27.3934,40.7443],[27.4004,40.7359],[27.4122,40.7235],[27.417,40.7151],[27.4147,40.711],[27.4138,40.7076],[27.4141,40.7049],[27.4138,40.7026],[27.4131,40.7005],[27.4119,40.6985],[27.4102,40.6964],[27.4095,40.6932],[27.4097,40.6891],[27.4079,40.6839],[27.4041,40.6776],[27.4026,40.6729],[27.4033,40.6698],[27.4047,40.6668],[27.4068,40.6638],[27.4091,40.6625],[27.4117,40.6625],[27.4154,40.6643],[27.4201,40.6676],[27.4255,40.6703],[27.4318,40.6723],[27.4396,40.6734],[27.4489,40.6735],[27.4557,40.6732],[27.4599,40.6724],[27.4623,40.6715],[27.4628,40.6707],[27.4646,40.6705],[27.4677,40.6712],[27.4698,40.6709],[27.4709,40.6698],[27.4736,40.6711],[27.4779,40.6747],[27.4842,40.6787],[27.4923,40.6829],[27.5,40.6851],[27.5073,40.6852],[27.513,40.6858],[27.5172,40.6869],[27.5219,40.6864],[27.5271,40.6842],[27.531,40.6846],[27.5336,40.6877],[27.5357,40.6889],[27.5372,40.6882],[27.5396,40.6882],[27.5429,40.6888],[27.5448,40.6896],[27.5455,40.6906],[27.5481,40.6916],[27.5527,40.6927],[27.5559,40.6942],[27.5577,40.6964],[27.5597,40.6977],[27.5619,40.6982],[27.5647,40.6982],[27.5683,40.6977],[27.5704,40.6966],[27.5711,40.6951],[27.5724,40.6936],[27.5745,40.6922],[27.5776,40.6913],[27.5818,40.6908],[27.586,40.6892],[27.5901,40.6864],[27.593,40.6849],[27.5945,40.6847],[27.5958,40.6839],[27.5969,40.6824],[27.5985,40.6811],[27.6006,40.68],[27.6024,40.6796],[27.6039,40.6799],[27.6046,40.6807],[27.6044,40.6821],[27.6049,40.6836],[27.6062,40.6853],[27.6084,40.6862],[27.6115,40.6865],[27.6151,40.6856],[27.6193,40.6835],[27.6222,40.683],[27.6237,40.6843],[27.6244,40.6861],[27.6245,40.6884],[27.6274,40.6897],[27.6331,40.69],[27.6368,40.6891],[27.6385,40.6869],[27.64,40.6858],[27.6415,40.6854],[27.643,40.6845],[27.6445,40.6829],[27.6458,40.6821],[27.6469,40.6822],[27.6486,40.6811],[27.6509,40.6788],[27.6533,40.6773],[27.6556,40.6767],[27.6578,40.677],[27.6597,40.6781],[27.6611,40.6794],[27.662,40.681],[27.662,40.684],[27.6613,40.6884],[27.6627,40.69],[27.6664,40.6887],[27.6695,40.689],[27.6721,40.6907],[27.6747,40.6908],[27.6773,40.6894],[27.6791,40.6892],[27.6802,40.6901],[27.6818,40.6907],[27.6839,40.6908],[27.6901,40.6898],[27.7005,40.6879],[27.7068,40.6863],[27.7089,40.6852],[27.7117,40.6849],[27.7154,40.6854],[27.7175,40.685],[27.718,40.6835],[27.719,40.6829],[27.7206,40.683],[27.7219,40.6836],[27.7229,40.6847],[27.7237,40.6849],[27.7242,40.6842],[27.725,40.6841],[27.7261,40.6847],[27.7292,40.6844],[27.7344,40.6831],[27.7378,40.6828],[27.7393,40.6837],[27.7406,40.6833],[27.7415,40.6816],[27.7418,40.6802],[27.7415,40.6791],[27.7418,40.6784],[27.7427,40.6779],[27.7435,40.6781],[27.744,40.6787],[27.7451,40.6784],[27.7466,40.677],[27.7485,40.6774],[27.7506,40.6796],[27.7529,40.6797],[27.7555,40.6778],[27.7571,40.6774],[27.7576,40.6785],[27.7583,40.6791],[27.7594,40.6791],[27.7612,40.6779],[27.7638,40.6756],[27.7662,40.6747],[27.7683,40.6754],[27.7716,40.6753],[27.7763,40.6746],[27.7836,40.6743],[27.7935,40.6744],[27.801,40.6733],[27.8063,40.6711],[27.8097,40.6701],[27.8112,40.6702],[27.8136,40.6679],[27.8167,40.6633],[27.8189,40.6613],[27.8202,40.6618],[27.8214,40.6633],[27.8225,40.6659],[27.8229,40.6683],[27.8226,40.6705],[27.8235,40.6718],[27.8257,40.6722],[27.8273,40.6706],[27.8282,40.6669],[27.8297,40.6649],[27.8318,40.6646],[27.8341,40.6651],[27.8367,40.6667],[27.8387,40.6668],[27.8401,40.6657],[27.843,40.667],[27.8473,40.6707],[27.8511,40.6724],[27.8541,40.6722],[27.856,40.6719],[27.8567,40.6716],[27.8567,40.6711],[27.856,40.6706],[27.856,40.6691],[27.8565,40.6668],[27.8602,40.6649],[27.8669,40.6636],[27.8708,40.6621],[27.8719,40.6607],[27.8722,40.6589],[27.8719,40.6568],[27.8724,40.6557],[27.8738,40.6557],[27.8745,40.6549],[27.8744,40.6534],[27.875,40.6524],[27.8762,40.6519],[27.8783,40.6515],[27.8813,40.6512],[27.8832,40.6514],[27.8839,40.6522],[27.8842,40.6539],[27.884,40.6564],[27.8847,40.6575],[27.8862,40.657],[27.8888,40.6573],[27.8925,40.6585],[27.8982,40.6585],[27.906,40.6575],[27.9112,40.656],[27.9138,40.6539],[27.9172,40.6527],[27.9213,40.6524],[27.9242,40.6518],[27.9258,40.6509],[27.9278,40.651],[27.9302,40.652],[27.9321,40.6511],[27.9334,40.648],[27.9354,40.6457],[27.9379,40.6441],[27.9401,40.6432],[27.9422,40.6427],[27.9437,40.6427],[27.9448,40.6432],[27.945,40.6419],[27.9445,40.6386],[27.9453,40.6354],[27.9474,40.6321],[27.9511,40.6303],[27.9564,40.6299],[27.9591,40.6297],[27.9591,40.6297],[27.9605,40.6313],[27.9633,40.6344],[27.9643,40.6359],[27.9634,40.6358],[27.9632,40.636],[27.9637,40.6367],[27.9632,40.6375],[27.9617,40.6386],[27.9616,40.6391],[27.963,40.6391],[27.9638,40.6387],[27.964,40.6377],[27.9643,40.6378],[27.9649,40.6389],[27.9651,40.6386],[27.9651,40.6371],[27.9659,40.6367],[27.9676,40.6376],[27.9685,40.6396],[27.9688,40.6427],[27.9683,40.6448],[27.967,40.6459],[27.9672,40.6482],[27.969,40.6518],[27.9691,40.6546],[27.9674,40.6568],[27.9694,40.658],[27.9749,40.6583],[27.9776,40.6591],[27.9776,40.6605],[27.979,40.6622],[27.9817,40.6641],[27.9833,40.6664],[27.9838,40.669],[27.9836,40.6713],[27.9828,40.6735],[27.9854,40.675],[27.9913,40.6761],[27.9943,40.6766]],[[27.7453,40.9369],[27.7458,40.9372],[27.7467,40.9377],[27.7467,40.9377],[27.7458,40.9372],[27.7453,40.9369]],[[27.7422,40.9359],[27.7416,40.9359],[27.7405,40.9359],[27.7405,40.9359],[27.7416,40.9359],[27.7422,40.9359]],[[27.862,40.6652],[27.8622,40.6654],[27.8627,40.6659],[27.8627,40.6659],[27.8622,40.6654],[27.862,40.6652]]]}},{"type":"Feature","properties":{"depth":200,"kind":"band"},"geometry":{"type":"MultiPolygon","coordinates":[[[[27.7444,40.938],[27.7457,40.9401],[27.7448,40.9403],[27.7416,40.9388],[27.7409,40.9378],[27.7428,40.9373],[27.7437,40.937],[27.7437,40.937],[27.7444,40.938]]],[[[27.4182,40.6886],[27.4194,40.6916],[27.4193,40.694],[27.4179,40.6956],[27.4164,40.6951],[27.4149,40.6924],[27.415,40.6901],[27.4167,40.688],[27.4176,40.687],[27.4176,40.687],[27.4182,40.6886]]],[[[27.9525,40.6376],[27.954,40.6387],[27.9555,40.6388],[27.957,40.6376],[27.9581,40.6383],[27.9586,40.6408],[27.9607,40.6421],[27.9642,40.6422],[27.9648,40.6448],[27.9624,40.65],[27.9626,40.6531],[27.9653,40.6542],[27.9661,40.656],[27.9648,40.6585],[27.967,40.6598],[27.9727,40.6599],[27.9753,40.6614],[27.9747,40.6644],[27.9758,40.6658],[27.9784,40.6655],[27.9802,40.6666],[27.9812,40.6691],[27.9805,40.6716],[27.9781,40.6742],[27.9827,40.6773],[27.9942,40.681],[28,40.7487],[28,40.8805],[27.9994,40.9478],[27.9981,40.9507],[27.9945,40.9504],[27.9888,40.9469],[27.9846,40.9458],[27.982,40.9472],[27.9799,40.9468],[27.9784,40.9446],[27.9745,40.9429],[27.9682,40.9419],[27.9638,40.9419],[27.9612,40.9431],[27.9568,40.9427],[27.9505,40.9408],[27.9443,40.9402],[27.938,40.941],[27.925,40.9398],[27.9052,40.9367],[27.8859,40.9352],[27.8672,40.9353],[27.8531,40.9347],[27.8438,40.9333],[27.8347,40.9337],[27.8258,40.9359],[27.8086,40.9373],[27.7831,40.9378],[27.7667,40.9391],[27.7594,40.9412],[27.7539,40.9421],[27.7502,40.9416],[27.7484,40.9403],[27.7484,40.938],[27.7443,40.936],[27.736,40.9341],[27.7283,40.9336],[27.7212,40.9345],[27.7168,40.9337],[27.715,40.9314],[27.7099,40.9302],[27.7016,40.9302],[27.6945,40.9291],[27.6888,40.927],[27.6797,40.9264],[27.6672,40.9273],[27.6557,40.9269],[27.6453,40.925],[27.6381,40.9229],[27.634,40.9205],[27.6254,40.919],[27.6123,40.9183],[27.601,40.9161],[27.5917,40.9122],[27.5852,40.9106],[27.5815,40.911],[27.5735,40.9097],[27.561,40.9065],[27.5472,40.9018],[27.5321,40.8954],[27.519,40.8886],[27.5079,40.8813],[27.4936,40.8681],[27.476,40.8491],[27.462,40.8374],[27.4515,40.8329],[27.4366,40.8245],[27.4173,40.812],[27.4063,40.8034],[27.4039,40.7988],[27.3976,40.7934],[27.3875,40.7871],[27.3816,40.7803],[27.38,40.773],[27.3781,40.768],[27.3759,40.7654],[27.3789,40.7625],[27.387,40.7594],[27.3909,40.757],[27.3904,40.7555],[27.3915,40.7537],[27.3942,40.7516],[27.3959,40.7487],[27.3968,40.745],[27.4004,40.7409],[27.4067,40.7362],[27.4131,40.73],[27.4194,40.7221],[27.4216,40.7154],[27.4195,40.7097],[27.4192,40.7029],[27.4206,40.695],[27.4192,40.6882],[27.4151,40.6824],[27.4193,40.6814],[27.4318,40.6853],[27.4456,40.6862],[27.4607,40.6842],[27.4685,40.6826],[27.469,40.6813],[27.473,40.6809],[27.4803,40.6814],[27.4873,40.6834],[27.494,40.6869],[27.5029,40.6889],[27.5138,40.6893],[27.5214,40.6887],[27.5255,40.687],[27.5292,40.6873],[27.5323,40.6896],[27.536,40.6903],[27.5401,40.6894],[27.5474,40.6916],[27.5578,40.697],[27.5648,40.6995],[27.5685,40.699],[27.5716,40.6972],[27.5742,40.6942],[27.5776,40.6923],[27.5818,40.6918],[27.5881,40.689],[27.5964,40.6839],[27.6029,40.6829],[27.6076,40.686],[27.6128,40.6866],[27.6185,40.6848],[27.6219,40.6859],[27.6229,40.6898],[27.6276,40.6919],[27.6359,40.6921],[27.6412,40.6907],[27.6433,40.6876],[27.6456,40.6865],[27.6482,40.6877],[27.6513,40.6862],[27.655,40.6821],[27.6575,40.6811],[27.6589,40.683],[27.6592,40.6861],[27.6583,40.6906],[27.6602,40.6923],[27.6649,40.6912],[27.6683,40.6921],[27.6704,40.6948],[27.6727,40.6963],[27.6753,40.6966],[27.6855,40.6945],[27.7032,40.6899],[27.7133,40.6881],[27.7159,40.6889],[27.718,40.6882],[27.7195,40.6859],[27.7216,40.6858],[27.7242,40.6878],[27.7268,40.688],[27.7294,40.6863],[27.7336,40.6856],[27.7394,40.6858],[27.7425,40.6847],[27.743,40.6824],[27.7443,40.6807],[27.7464,40.6797],[27.7479,40.68],[27.749,40.6815],[27.7511,40.6818],[27.7542,40.6807],[27.7568,40.6811],[27.7589,40.6828],[27.7607,40.6818],[27.7622,40.6783],[27.7638,40.6764],[27.7653,40.6763],[27.7661,40.6769],[27.7661,40.6782],[27.7765,40.6775],[27.7974,40.6749],[27.8091,40.6732],[27.8117,40.6725],[27.8143,40.6701],[27.8169,40.6661],[27.8195,40.6664],[27.8221,40.6711],[27.8247,40.6734],[27.8273,40.6734],[27.8297,40.6716],[27.8318,40.6681],[27.8341,40.667],[27.8367,40.6686],[27.8385,40.6688],[27.8396,40.6676],[27.8419,40.6692],[27.8456,40.6735],[27.8485,40.6749],[27.8506,40.6736],[27.8542,40.6734],[27.8594,40.6743],[27.8612,40.6731],[27.8595,40.6698],[27.8623,40.6678],[27.8697,40.6668],[27.8735,40.6643],[27.8737,40.66],[27.8748,40.6568],[27.8767,40.6548],[27.8786,40.6538],[27.8806,40.6537],[27.8819,40.655],[27.8825,40.658],[27.8854,40.6597],[27.8906,40.6602],[27.8974,40.66],[27.9057,40.6591],[27.9141,40.6569],[27.9224,40.6534],[27.9279,40.6523],[27.9305,40.6536],[27.9336,40.6519],[27.9373,40.6474],[27.9401,40.6448],[27.9422,40.6441],[27.944,40.6445],[27.9457,40.6458],[27.9467,40.6447],[27.9472,40.6413],[27.9485,40.639],[27.9506,40.6377],[27.9517,40.637],[27.9517,40.637],[27.9525,40.6376]],[[27.6659,40.6981],[27.6633,40.6983],[27.663,40.699],[27.6651,40.7001],[27.6664,40.7],[27.6669,40.6987],[27.6672,40.698],[27.6672,40.698],[27.6659,40.6981]]]]}},{"type":"Feature","properties":{"depth":200,"kind":"isobath"},"geometry":{"type":"MultiLineString","coordinates":[[[27.7437,40.937],[27.7444,40.938],[27.7457,40.9401],[27.7448,40.9403],[27.7416,40.9388],[27.7409,40.9378],[27.7428,40.9373],[27.7437,40.937]],[[27.4176,40.687],[27.4182,40.6886],[27.4194,40.6916],[27.4193,40.694],[27.4179,40.6956],[27.4164,40.6951],[27.4149,40.6924],[27.415,40.6901],[27.4167,40.688],[27.4176,40.687]],[[27.9974,40.9521],[27.9945,40.9504],[27.9888,40.9469],[27.9846,40.9458],[27.982,40.9472],[27.9799,40.9468],[27.9784,40.9446],[27.9745,40.9429],[27.9682,40.9419],[27.9638,40.9419],[27.9612,40.9431],[27.9568,40.9427],[27.9505,40.9408],[27.9443,40.9402],[27.938,40.941],[27.925,40.9398],[27.9052,40.9367],[27.8859,40.9352],[27.8672,40.9353],[27.8531,40.9347],[27.8438,40.9333],[27.8347,40.9337],[27.8258,40.9359],[27.8086,40.9373],[27.7831,40.9378],[27.7667,40.9391],[27.7594,40.9412],[27.7539,40.9421],[27.7502,40.9416],[27.7484,40.9403],[27.7484,40.938],[27.7443,40.936],[27.736,40.9341],[27.7283,40.9336],[27.7212,40.9345],[27.7168,40.9337],[27.715,40.9314],[27.7099,40.9302],[27.7016,40.9302],[27.6945,40.9291],[27.6888,40.927],[27.6797,40.9264],[27.6672,40.9273],[27.6557,40.9269],[27.6453,40.925],[27.6381,40.9229],[27.634,40.9205],[27.6254,40.919],[27.6123,40.9183],[27.601,40.9161],[27.5917,40.9122],[27.5852,40.9106],[27.5815,40.911],[27.5735,40.9097],[27.561,40.9065],[27.5472,40.9018],[27.5321,40.8954],[27.519,40.8886],[27.5079,40.8813],[27.4936,40.8681],[27.476,40.8491],[27.462,40.8374],[27.4515,40.8329],[27.4366,40.8245],[27.4173,40.812],[27.4063,40.8034],[27.4039,40.7988],[27.3976,40.7934],[27.3875,40.7871],[27.3816,40.7803],[27.38,40.773],[27.3781,40.768],[27.3759,40.7654],[27.3789,40.7625],[27.387,40.7594],[27.3909,40.757],[27.3904,40.7555],[27.3915,40.7537],[27.3942,40.7516],[27.3959,40.7487],[27.3968,40.745],[27.4004,40.7409],[27.4067,40.7362],[27.4131,40.73],[27.4194,40.7221],[27.4216,40.7154],[27.4195,40.7097],[27.4192,40.7029],[27.4206,40.695],[27.4192,40.6882],[27.4151,40.6824],[27.4193,40.6814],[27.4318,40.6853],[27.4456,40.6862],[27.4607,40.6842],[27.4685,40.6826],[27.469,40.6813],[27.473,40.6809],[27.4803,40.6814],[27.4873,40.6834],[27.494,40.6869],[27.5029,40.6889],[27.5138,40.6893],[27.5214,40.6887],[27.5255,40.687],[27.5292,40.6873],[27.5323,40.6896],[27.536,40.6903],[27.5401,40.6894],[27.5474,40.6916],[27.5578,40.697],[27.5648,40.6995],[27.5685,40.699],[27.5716,40.6972],[27.5742,40.6942],[27.5776,40.6923],[27.5818,40.6918],[27.5881,40.689],[27.5964,40.6839],[27.6029,40.6829],[27.6076,40.686],[27.6128,40.6866],[27.6185,40.6848],[27.6219,40.6859],[27.6229,40.6898],[27.6276,40.6919],[27.6359,40.6921],[27.6412,40.6907],[27.6433,40.6876],[27.6456,40.6865],[27.6482,40.6877],[27.6513,40.6862],[27.655,40.6821],[27.6575,40.6811],[27.6589,40.683],[27.6592,40.6861],[27.6583,40.6906],[27.6602,40.6923],[27.6649,40.6912],[27.6683,40.6921],[27.6704,40.6948],[27.6727,40.6963],[27.6753,40.6966],[27.6855,40.6945],[27.7032,40.6899],[27.7133,40.6881],[27.7159,40.6889],[27.718,40.6882],[27.7195,40.6859],[27.7216,40.6858],[27.7242,40.6878],[27.7268,40.688],[27.7294,40.6863],[27.7336,40.6856],[27.7394,40.6858],[27.7425,40.6847],[27.743,40.6824],[27.7443,40.6807],[27.7464,40.6797],[27.7479,40.68],[27.749,40.6815],[27.7511,40.6818],[27.7542,40.6807],[27.7568,40.6811],[27.7589,40.6828],[27.7607,40.6818],[27.7622,40.6783],[27.7638,40.6764],[27.7653,40.6763],[27.7661,40.6769],[27.7661,40.6782],[27.7765,40.6775],[27.7974,40.6749],[27.8091,40.6732],[27.8117,40.6725],[27.8143,40.6701],[27.8169,40.6661],[27.8195,40.6664],[27.8221,40.6711],[27.8247,40.6734],[27.8273,40.6734],[27.8297,40.6716],[27.8318,40.6681],[27.8341,40.667],[27.8367,40.6686],[27.8385,40.6688],[27.8396,40.6676],[27.8419,40.6692],[27.8456,40.6735],[27.8485,40.6749],[27.8506,40.6736],[27.8542,40.6734],[27.8594,40.6743],[27.8612,40.6731],[27.8595,40.6698],[27.8623,40.6678],[27.8697,40.6668],[27.8735,40.6643],[27.8737,40.66],[27.8748,40.6568],[27.8767,40.6548],[27.8786,40.6538],[27.8806,40.6537],[27.8819,40.655],[27.8825,40.658],[27.8854,40.6597],[27.8906,40.6602],[27.8974,40.66],[27.9057,40.6591],[27.9141,40.6569],[27.9224,40.6534],[27.9279,40.6523],[27.9305,40.6536],[27.9336,40.6519],[27.9373,40.6474],[27.9401,40.6448],[27.9422,40.6441],[27.944,40.6445],[27.9457,40.6458],[27.9467,40.6447],[27.9472,40.6413],[27.9485,40.639],[27.9506,40.6377],[27.9517,40.637],[27.9517,40.637],[27.9525,40.6376],[27.954,40.6387],[27.9555,40.6388],[27.957,40.6376],[27.9581,40.6383],[27.9586,40.6408],[27.9607,40.6421],[27.9642,40.6422],[27.9648,40.6448],[27.9624,40.65],[27.9626,40.6531],[27.9653,40.6542],[27.9661,40.656],[27.9648,40.6585],[27.967,40.6598],[27.9727,40.6599],[27.9753,40.6614],[27.9747,40.6644],[27.9758,40.6658],[27.9784,40.6655],[27.9802,40.6666],[27.9812,40.6691],[27.9805,40.6716],[27.9781,40.6742],[27.9769,40.6755]],[[27.6672,40.698],[27.6659,40.6981],[27.6633,40.6983],[27.663,40.699],[27.6651,40.7001],[27.6664,40.7],[27.6669,40.6987],[27.6672,40.698]]]}},{"type":"Feature","properties":{"depth":300,"kind":"band"},"geometry":{"type":"MultiPolygon","coordinates":[[[[27.7444,40.9388],[27.7436,40.9403],[27.7436,40.9403],[27.7444,40.9388],[27.7448,40.938],[27.7448,40.938],[27.7444,40.9388]]],[[[27.9554,40.6451],[27.9577,40.6466],[27.9577,40.6484],[27.9554,40.6506],[27.9552,40.6529],[27.9573,40.6555],[27.9563,40.6594],[27.9523,40.6646],[27.9548,40.666],[27.9637,40.6637],[27.9684,40.6642],[27.9688,40.6676],[27.9705,40.6693],[27.9733,40.6693],[27.9748,40.6701],[27.9749,40.6716],[27.972,40.6748],[27.9661,40.6795],[27.9639,40.6825],[27.9654,40.684],[27.9687,40.6837],[27.974,40.6817],[27.9782,40.6818],[27.9813,40.6841],[27.9844,40.6848],[27.9875,40.6841],[27.9898,40.6845],[27.9914,40.6862],[27.9941,40.687],[27.998,40.687],[28,40.7503],[28,40.8768],[27.9991,40.9419],[27.9973,40.9456],[27.9941,40.946],[27.9894,40.9431],[27.9857,40.9424],[27.9831,40.9441],[27.9805,40.9437],[27.9779,40.9413],[27.9735,40.9397],[27.9672,40.9388],[27.9631,40.9392],[27.961,40.9407],[27.9581,40.9413],[27.9544,40.941],[27.9508,40.9396],[27.9471,40.9371],[27.9427,40.9366],[27.9375,40.9383],[27.9292,40.9381],[27.9177,40.936],[27.8938,40.9341],[27.8573,40.9325],[27.8344,40.9326],[27.825,40.9345],[27.8078,40.9356],[27.7828,40.9359],[27.7661,40.937],[27.7578,40.9389],[27.7523,40.9388],[27.7497,40.9367],[27.7411,40.935],[27.7266,40.9337],[27.7183,40.9322],[27.7163,40.9305],[27.7111,40.9295],[27.7026,40.9292],[27.6966,40.9281],[27.6929,40.9262],[27.6844,40.9253],[27.6709,40.9254],[27.6498,40.9231],[27.6211,40.9184],[27.6063,40.9151],[27.6052,40.913],[27.5901,40.9085],[27.561,40.9016],[27.5412,40.8958],[27.5309,40.8914],[27.5226,40.886],[27.5164,40.8797],[27.5114,40.8766],[27.5076,40.8766],[27.4976,40.867],[27.4815,40.8479],[27.4672,40.836],[27.4547,40.8313],[27.4411,40.8243],[27.4266,40.8148],[27.4171,40.8085],[27.4128,40.8052],[27.4092,40.8013],[27.4064,40.7966],[27.4004,40.7912],[27.3912,40.7849],[27.386,40.7805],[27.3849,40.7779],[27.3845,40.774],[27.385,40.7687],[27.3843,40.7656],[27.3826,40.7646],[27.3855,40.7641],[27.3931,40.7641],[27.3981,40.7592],[27.4004,40.7493],[27.4079,40.742],[27.4204,40.7373],[27.4269,40.7318],[27.4273,40.7255],[27.4286,40.7224],[27.4309,40.7224],[27.4314,40.7219],[27.4301,40.7208],[27.43,40.7193],[27.431,40.7171],[27.4298,40.714],[27.4265,40.7099],[27.4265,40.7047],[27.4299,40.6984],[27.4311,40.6943],[27.4302,40.6923],[27.4344,40.6919],[27.4437,40.6932],[27.4508,40.6921],[27.4555,40.6887],[27.4607,40.6876],[27.4664,40.6886],[27.4711,40.6882],[27.4748,40.6862],[27.4787,40.6853],[27.4828,40.6856],[27.4873,40.6872],[27.492,40.6902],[27.498,40.6921],[27.5053,40.6929],[27.5133,40.6924],[27.5222,40.6905],[27.5284,40.6905],[27.5321,40.6924],[27.5357,40.6924],[27.5393,40.6904],[27.5429,40.6915],[27.5466,40.6957],[27.5521,40.6987],[27.5594,40.7006],[27.5654,40.7011],[27.5701,40.7004],[27.5737,40.6988],[27.5763,40.6963],[27.5787,40.6953],[27.5808,40.696],[27.5862,40.6933],[27.5951,40.6872],[27.6016,40.6853],[27.6057,40.6878],[27.6109,40.6888],[27.617,40.6883],[27.6196,40.6896],[27.6189,40.6927],[27.6195,40.6946],[27.6214,40.6951],[27.6232,40.6972],[27.6247,40.7011],[27.6266,40.7016],[27.6287,40.6989],[27.631,40.6978],[27.6336,40.6983],[27.6351,40.6996],[27.6357,40.7016],[27.6367,40.7013],[27.6383,40.6987],[27.6407,40.6986],[27.6438,40.701],[27.6459,40.6999],[27.647,40.6955],[27.6491,40.6921],[27.6521,40.6898],[27.6546,40.6914],[27.6566,40.6968],[27.6616,40.7033],[27.6695,40.7109],[27.6722,40.7125],[27.6697,40.7079],[27.6702,40.7066],[27.6737,40.7083],[27.6794,40.7095],[27.6872,40.71],[27.6902,40.7091],[27.6884,40.7068],[27.6879,40.7049],[27.6887,40.7033],[27.6956,40.7002],[27.7086,40.6957],[27.7159,40.6946],[27.7174,40.697],[27.7193,40.6963],[27.7214,40.6926],[27.7235,40.6917],[27.7256,40.6938],[27.7279,40.6941],[27.7305,40.6927],[27.7326,40.694],[27.7341,40.698],[27.7354,40.6979],[27.7365,40.6938],[27.738,40.6908],[27.7401,40.6891],[27.7427,40.6886],[27.7458,40.6895],[27.7474,40.6888],[27.7474,40.6866],[27.7487,40.6862],[27.7513,40.6876],[27.7537,40.6878],[27.7558,40.6867],[27.7581,40.689],[27.7607,40.6947],[27.7628,40.6939],[27.7645,40.6865],[27.7666,40.6834],[27.7691,40.6845],[27.7719,40.6837],[27.775,40.6811],[27.7779,40.6797],[27.7805,40.6794],[27.7821,40.6803],[27.7826,40.6822],[27.7849,40.682],[27.789,40.6797],[27.7922,40.6791],[27.7943,40.6802],[27.7995,40.6794],[27.8078,40.6769],[27.8128,40.6765],[27.8143,40.6783],[27.8156,40.6777],[27.8167,40.6746],[27.8184,40.6739],[27.8209,40.6757],[27.822,40.6784],[27.8217,40.6821],[27.8223,40.6842],[27.8238,40.6847],[27.8269,40.6814],[27.8316,40.6743],[27.8353,40.6712],[27.8382,40.672],[27.841,40.6744],[27.8439,40.6784],[27.8479,40.6795],[27.8531,40.6778],[27.857,40.6779],[27.8596,40.6798],[27.8622,40.68],[27.8648,40.6785],[27.8674,40.6781],[27.8701,40.6788],[27.8702,40.6772],[27.8679,40.6733],[27.8689,40.6713],[27.8733,40.6712],[27.8766,40.6689],[27.8787,40.6644],[27.8823,40.664],[27.8875,40.6677],[27.8917,40.6681],[27.8948,40.6652],[27.8977,40.6635],[27.9003,40.6628],[27.9021,40.6631],[27.9031,40.6644],[27.9075,40.6632],[27.9154,40.6595],[27.9227,40.6575],[27.9294,40.6572],[27.9349,40.6548],[27.939,40.6503],[27.942,40.6492],[27.9437,40.6515],[27.9461,40.6505],[27.9493,40.6464],[27.9518,40.6443],[27.9535,40.6443],[27.9543,40.6443],[27.9543,40.6443],[27.9554,40.6451]]]]}},{"type":"Feature","properties":{"depth":300,"kind":"isobath"},"geometry":{"type":"MultiLineString","coordinates":[[[27.7448,40.938],[27.7444,40.9388],[27.7436,40.9403],[27.7436,40.9403],[27.7444,40.9388],[27.7448,40.938]],[[27.9964,40.9474],[27.9941,40.946],[27.9894,40.9431],[27.9857,40.9424],[27.9831,40.9441],[27.9805,40.9437],[27.9779,40.9413],[27.9735,40.9397],[27.9672,40.9388],[27.9631,40.9392],[27.961,40.9407],[27.9581,40.9413],[27.9544,40.941],[27.9508,40.9396],[27.9471,40.9371],[27.9427,40.9366],[27.9375,40.9383],[27.9292,40.9381],[27.9177,40.936],[27.8938,40.9341],[27.8573,40.9325],[27.8344,40.9326],[27.825,40.9345],[27.8078,40.9356],[27.7828,40.9359],[27.7661,40.937],[27.7578,40.9389],[27.7523,40.9388],[27.7497,40.9367],[27.7411,40.935],[27.7266,40.9337],[27.7183,40.9322],[27.7163,40.9305],[27.7111,40.9295],[27.7026,40.9292],[27.6966,40.9281],[27.6929,40.9262],[27.6844,40.9253],[27.6709,40.9254],[27.6498,40.9231],[27.6211,40.9184],[27.6063,40.9151],[27.6052,40.913],[27.5901,40.9085],[27.561,40.9016],[27.5412,40.8958],[27.5309,40.8914],[27.5226,40.886],[27.5164,40.8797],[27.5114,40.8766],[27.5076,40.8766],[27.4976,40.867],[27.4815,40.8479],[27.4672,40.836],[27.4547,40.8313],[27.4411,40.8243],[27.4266,40.8148],[27.4171,40.8085],[27.4128,40.8052],[27.4092,40.8013],[27.4064,40.7966],[27.4004,40.7912],[27.3912,40.7849],[27.386,40.7805],[27.3849,40.7779],[27.3845,40.774],[27.385,40.7687],[27.3843,40.7656],[27.3826,40.7646],[27.3855,40.7641],[27.3931,40.7641],[27.3981,40.7592],[27.4004,40.7493],[27.4079,40.742],[27.4204,40.7373],[27.4269,40.7318],[27.4273,40.7255],[27.4286,40.7224],[27.4309,40.7224],[27.4314,40.7219],[27.4301,40.7208],[27.43,40.7193],[27.431,40.7171],[27.4298,40.714],[27.4265,40.7099],[27.4265,40.7047],[27.4299,40.6984],[27.4311,40.6943],[27.4302,40.6923],[27.4344,40.6919],[27.4437,40.6932],[27.4508,40.6921],[27.4555,40.6887],[27.4607,40.6876],[27.4664,40.6886],[27.4711,40.6882],[27.4748,40.6862],[27.4787,40.6853],[27.4828,40.6856],[27.4873,40.6872],[27.492,40.6902],[27.498,40.6921],[27.5053,40.6929],[27.5133,40.6924],[27.5222,40.6905],[27.5284,40.6905],[27.5321,40.6924],[27.5357,40.6924],[27.5393,40.6904],[27.5429,40.6915],[27.5466,40.6957],[27.5521,40.6987],[27.5594,40.7006],[27.5654,40.7011],[27.5701,40.7004],[27.5737,40.6988],[27.5763,40.6963],[27.5787,40.6953],[27.5808,40.696],[27.5862,40.6933],[27.5951,40.6872],[27.6016,40.6853],[27.6057,40.6878],[27.6109,40.6888],[27.617,40.6883],[27.6196,40.6896],[27.6189,40.6927],[27.6195,40.6946],[27.6214,40.6951],[27.6232,40.6972],[27.6247,40.7011],[27.6266,40.7016],[27.6287,40.6989],[27.631,40.6978],[27.6336,40.6983],[27.6351,40.6996],[27.6357,40.7016],[27.6367,40.7013],[27.6383,40.6987],[27.6407,40.6986],[27.6438,40.701],[27.6459,40.6999],[27.647,40.6955],[27.6491,40.6921],[27.6521,40.6898],[27.6546,40.6914],[27.6566,40.6968],[27.6616,40.7033],[27.6695,40.7109],[27.6722,40.7125],[27.6697,40.7079],[27.6702,40.7066],[27.6737,40.7083],[27.6794,40.7095],[27.6872,40.71],[27.6902,40.7091],[27.6884,40.7068],[27.6879,40.7049],[27.6887,40.7033],[27.6956,40.7002],[27.7086,40.6957],[27.7159,40.6946],[27.7174,40.697],[27.7193,40.6963],[27.7214,40.6926],[27.7235,40.6917],[27.7256,40.6938],[27.7279,40.6941],[27.7305,40.6927],[27.7326,40.694],[27.7341,40.698],[27.7354,40.6979],[27.7365,40.6938],[27.738,40.6908],[27.7401,40.6891],[27.7427,40.6886],[27.7458,40.6895],[27.7474,40.6888],[27.7474,40.6866],[27.7487,40.6862],[27.7513,40.6876],[27.7537,40.6878],[27.7558,40.6867],[27.7581,40.689],[27.7607,40.6947],[27.7628,40.6939],[27.7645,40.6865],[27.7666,40.6834],[27.7691,40.6845],[27.7719,40.6837],[27.775,40.6811],[27.7779,40.6797],[27.7805,40.6794],[27.7821,40.6803],[27.7826,40.6822],[27.7849,40.682],[27.789,40.6797],[27.7922,40.6791],[27.7943,40.6802],[27.7995,40.6794],[27.8078,40.6769],[27.8128,40.6765],[27.8143,40.6783],[27.8156,40.6777],[27.8167,40.6746],[27.8184,40.6739],[27.8209,40.6757],[27.822,40.6784],[27.8217,40.6821],[27.8223,40.6842],[27.8238,40.6847],[27.8269,40.6814],[27.8316,40.6743],[27.8353,40.6712],[27.8382,40.672],[27.841,40.6744],[27.8439,40.6784],[27.8479,40.6795],[27.8531,40.6778],[27.857,40.6779],[27.8596,40.6798],[27.8622,40.68],[27.8648,40.6785],[27.8674,40.6781],[27.8701,40.6788],[27.8702,40.6772],[27.8679,40.6733],[27.8689,40.6713],[27.8733,40.6712],[27.8766,40.6689],[27.8787,40.6644],[27.8823,40.664],[27.8875,40.6677],[27.8917,40.6681],[27.8948,40.6652],[27.8977,40.6635],[27.9003,40.6628],[27.9021,40.6631],[27.9031,40.6644],[27.9075,40.6632],[27.9154,40.6595],[27.9227,40.6575],[27.9294,40.6572],[27.9349,40.6548],[27.939,40.6503],[27.942,40.6492],[27.9437,40.6515],[27.9461,40.6505],[27.9493,40.6464],[27.9518,40.6443],[27.9535,40.6443],[27.9543,40.6443],[27.9543,40.6443],[27.9554,40.6451],[27.9577,40.6466],[27.9577,40.6484],[27.9554,40.6506],[27.9552,40.6529],[27.9573,40.6555],[27.9563,40.6594],[27.9523,40.6646],[27.9548,40.666],[27.9637,40.6637],[27.9684,40.6642],[27.9688,40.6676],[27.9705,40.6693],[27.9733,40.6693],[27.9748,40.6701],[27.9749,40.6716],[27.972,40.6748],[27.9661,40.6795],[27.9639,40.6825],[27.9654,40.684],[27.9687,40.6837],[27.974,40.6817],[27.9782,40.6818],[27.9813,40.6841],[27.9844,40.6848],[27.9875,40.6841],[27.9898,40.6845],[27.9914,40.6862],[27.9921,40.687]]]}},{"type":"Feature","properties":{"depth":500,"kind":"band"},"geometry":{"type":"MultiPolygon","coordinates":[[[[27.9438,40.6663],[27.9393,40.6748],[27.9413,40.6787],[27.9498,40.678],[27.9492,40.681],[27.9393,40.6877],[27.9334,40.6939],[27.9316,40.6995],[27.9372,40.7014],[27.9503,40.6996],[27.9578,40.7009],[27.9599,40.7051],[27.9635,40.7067],[27.9688,40.7056],[27.9711,40.7028],[27.9706,40.6984],[27.9737,40.6957],[27.9805,40.6949],[27.9852,40.6964],[27.9878,40.7005],[27.9918,40.7018],[27.9973,40.7002],[28,40.7584],[28,40.8761],[27.9983,40.9363],[27.9949,40.9392],[27.9922,40.939],[27.9901,40.9357],[27.9875,40.9345],[27.9844,40.9353],[27.9826,40.9319],[27.9821,40.9243],[27.9795,40.9236],[27.9748,40.9297],[27.9706,40.9312],[27.9669,40.9279],[27.9638,40.9278],[27.9612,40.9309],[27.9583,40.9318],[27.9552,40.9305],[27.9534,40.9256],[27.9529,40.917],[27.9484,40.9163],[27.9401,40.9234],[27.9341,40.9246],[27.9304,40.9199],[27.9273,40.9194],[27.9247,40.923],[27.9226,40.9236],[27.9211,40.9211],[27.9193,40.9207],[27.9172,40.9225],[27.9153,40.9184],[27.9138,40.9085],[27.9115,40.9038],[27.9086,40.9044],[27.9068,40.9097],[27.9061,40.9198],[27.9029,40.9253],[27.8972,40.9262],[27.8927,40.9241],[27.8896,40.9191],[27.8878,40.9195],[27.8873,40.9252],[27.8547,40.9299],[27.7901,40.9336],[27.7247,40.9305],[27.6586,40.9205],[27.6112,40.9117],[27.5825,40.9042],[27.5534,40.8926],[27.5238,40.8771],[27.502,40.8612],[27.4881,40.8451],[27.468,40.8302],[27.4417,40.8167],[27.4201,40.8008],[27.4032,40.7825],[27.4093,40.7648],[27.4384,40.7477],[27.4553,40.7344],[27.46,40.725],[27.4604,40.7182],[27.4567,40.7141],[27.4568,40.7119],[27.461,40.7116],[27.4635,40.7096],[27.4646,40.7058],[27.4669,40.7053],[27.4706,40.7081],[27.4742,40.7067],[27.4779,40.7012],[27.481,40.7005],[27.4836,40.7048],[27.4857,40.7056],[27.4872,40.7029],[27.4906,40.7026],[27.4958,40.7045],[27.4997,40.7036],[27.5023,40.7],[27.5049,40.6991],[27.5076,40.7011],[27.5141,40.7008],[27.5245,40.6981],[27.5305,40.6981],[27.532,40.7008],[27.5346,40.7014],[27.5383,40.6998],[27.5471,40.7012],[27.5612,40.7055],[27.5713,40.7064],[27.5776,40.7039],[27.5825,40.7047],[27.5862,40.7088],[27.5888,40.7077],[27.5903,40.7014],[27.5956,40.6972],[27.6044,40.6952],[27.6084,40.6955],[27.6073,40.698],[27.6091,40.7004],[27.6138,40.7025],[27.6179,40.7076],[27.6216,40.7154],[27.6271,40.7206],[27.6344,40.723],[27.6422,40.7202],[27.6505,40.7123],[27.6562,40.7147],[27.6591,40.7275],[27.6588,40.7383],[27.6551,40.7472],[27.6546,40.7526],[27.6575,40.7545],[27.6615,40.7531],[27.6667,40.7486],[27.6719,40.7474],[27.6771,40.7496],[27.6839,40.7495],[27.6922,40.747],[27.6988,40.7425],[27.7035,40.736],[27.7042,40.7305],[27.7011,40.7258],[27.7013,40.7239],[27.705,40.7248],[27.7086,40.7229],[27.7123,40.7182],[27.7149,40.7181],[27.7164,40.7227],[27.7185,40.7217],[27.7211,40.7154],[27.724,40.717],[27.7271,40.7266],[27.7328,40.7299],[27.7412,40.727],[27.7464,40.7192],[27.7485,40.7066],[27.7507,40.703],[27.753,40.7083],[27.7572,40.7123],[27.7631,40.7151],[27.7692,40.7123],[27.7755,40.7038],[27.7804,40.7033],[27.7841,40.7108],[27.7884,40.7139],[27.7934,40.7127],[27.7947,40.7087],[27.7923,40.7019],[27.7935,40.6999],[27.7982,40.7025],[27.8031,40.7014],[27.8083,40.6965],[27.8116,40.6983],[27.813,40.7067],[27.8172,40.711],[27.8241,40.7111],[27.8305,40.7058],[27.8362,40.695],[27.8417,40.6923],[27.8469,40.6976],[27.8524,40.6986],[27.8581,40.6951],[27.8614,40.6954],[27.8625,40.6997],[27.8651,40.6988],[27.8693,40.6928],[27.8745,40.69],[27.8808,40.6904],[27.8836,40.6883],[27.8831,40.6835],[27.8846,40.6831],[27.8883,40.6868],[27.8919,40.6865],[27.8956,40.6822],[27.8982,40.6823],[27.8997,40.6868],[27.9026,40.6864],[27.9068,40.6809],[27.9105,40.6791],[27.9136,40.681],[27.9156,40.6804],[27.9167,40.6771],[27.9244,40.6721],[27.9388,40.6654],[27.946,40.662],[27.946,40.662],[27.9438,40.6663]],[[27.7289,40.8245],[27.7357,40.8312],[27.7357,40.8312],[27.7289,40.8245],[27.7255,40.8211],[27.7255,40.8211],[27.7289,40.8245]],[[27.6243,40.7263],[27.622,40.7293],[27.622,40.7324],[27.6243,40.7359],[27.6255,40.7344],[27.6255,40.7281],[27.6255,40.7249],[27.6255,40.7249],[27.6243,40.7263]]]]}},{"type":"Feature","properties":{"depth":500,"kind":"isobath"},"geometry":{"type":"MultiLineString","coordinates":[[[27.9932,40.9406],[27.9922,40.939],[27.9901,40.9357],[27.9875,40.9345],[27.9844,40.9353],[27.9826,40.9319],[27.9821,40.9243],[27.9795,40.9236],[27.9748,40.9297],[27.9706,40.9312],[27.9669,40.9279],[27.9638,40.9278],[27.9612,40.9309],[27.9583,40.9318],[27.9552,40.9305],[27.9534,40.9256],[27.9529,40.917],[27.9484,40.9163],[27.9401,40.9234],[27.9341,40.9246],[27.9304,40.9199],[27.9273,40.9194],[27.9247,40.923],[27.9226,40.9236],[27.9211,40.9211],[27.9193,40.9207],[27.9172,40.9225],[27.9153,40.9184],[27.9138,40.9085],[27.9115,40.9038],[27.9086,40.9044],[27.9068,40.9097],[27.9061,40.9198],[27.9029,40.9253],[27.8972,40.9262],[27.8927,40.9241],[27.8896,40.9191],[27.8878,40.9195],[27.8873,40.9252],[27.8547,40.9299],[27.7901,40.9336],[27.7247,40.9305],[27.6586,40.9205],[27.6112,40.9117],[27.5825,40.9042],[27.5534,40.8926],[27.5238,40.8771],[27.502,40.8612],[27.4881,40.8451],[27.468,40.8302],[27.4417,40.8167],[27.4201,40.8008],[27.4032,40.7825],[27.4093,40.7648],[27.4384,40.7477],[27.4553,40.7344],[27.46,40.725],[27.4604,40.7182],[27.4567,40.7141],[27.4568,40.7119],[27.461,40.7116],[27.4635,40.7096],[27.4646,40.7058],[27.4669,40.7053],[27.4706,40.7081],[27.4742,40.7067],[27.4779,40.7012],[27.481,40.7005],[27.4836,40.7048],[27.4857,40.7056],[27.4872,40.7029],[27.4906,40.7026],[27.4958,40.7045],[27.4997,40.7036],[27.5023,40.7],[27.5049,40.6991],[27.5076,40.7011],[27.5141,40.7008],[27.5245,40.6981],[27.5305,40.6981],[27.532,40.7008],[27.5346,40.7014],[27.5383,40.6998],[27.5471,40.7012],[27.5612,40.7055],[27.5713,40.7064],[27.5776,40.7039],[27.5825,40.7047],[27.5862,40.7088],[27.5888,40.7077],[27.5903,40.7014],[27.5956,40.6972],[27.6044,40.6952],[27.6084,40.6955],[27.6073,40.698],[27.6091,40.7004],[27.6138,40.7025],[27.6179,40.7076],[27.6216,40.7154],[27.6271,40.7206],[27.6344,40.723],[27.6422,40.7202],[27.6505,40.7123],[27.6562,40.7147],[27.6591,40.7275],[27.6588,40.7383],[27.6551,40.7472],[27.6546,40.7526],[27.6575,40.7545],[27.6615,40.7531],[27.6667,40.7486],[27.6719,40.7474],[27.6771,40.7496],[27.6839,40.7495],[27.6922,40.747],[27.6988,40.7425],[27.7035,40.736],[27.7042,40.7305],[27.7011,40.7258],[27.7013,40.7239],[27.705,40.7248],[27.7086,40.7229],[27.7123,40.7182],[27.7149,40.7181],[27.7164,40.7227],[27.7185,40.7217],[27.7211,40.7154],[27.724,40.717],[27.7271,40.7266],[27.7328,40.7299],[27.7412,40.727],[27.7464,40.7192],[27.7485,40.7066],[27.7507,40.703],[27.753,40.7083],[27.7572,40.7123],[27.7631,40.7151],[27.7692,40.7123],[27.7755,40.7038],[27.7804,40.7033],[27.7841,40.7108],[27.7884,40.7139],[27.7934,40.7127],[27.7947,40.7087],[27.7923,40.7019],[27.7935,40.6999],[27.7982,40.7025],[27.8031,40.7014],[27.8083,40.6965],[27.8116,40.6983],[27.813,40.7067],[27.8172,40.711],[27.8241,40.7111],[27.8305,40.7058],[27.8362,40.695],[27.8417,40.6923],[27.8469,40.6976],[27.8524,40.6986],[27.8581,40.6951],[27.8614,40.6954],[27.8625,40.6997],[27.8651,40.6988],[27.8693,40.6928],[27.8745,40.69],[27.8808,40.6904],[27.8836,40.6883],[27.8831,40.6835],[27.8846,40.6831],[27.8883,40.6868],[27.8919,40.6865],[27.8956,40.6822],[27.8982,40.6823],[27.8997,40.6868],[27.9026,40.6864],[27.9068,40.6809],[27.9105,40.6791],[27.9136,40.681],[27.9156,40.6804],[27.9167,40.6771],[27.9244,40.6721],[27.9388,40.6654],[27.946,40.662],[27.946,40.662],[27.9438,40.6663],[27.9393,40.6748],[27.9413,40.6787],[27.9498,40.678],[27.9492,40.681],[27.9393,40.6877],[27.9334,40.6939],[27.9316,40.6995],[27.9372,40.7014],[27.9503,40.6996],[27.9578,40.7009],[27.9599,40.7051],[27.9635,40.7067],[27.9688,40.7056],[27.9711,40.7028],[27.9706,40.6984],[27.9737,40.6957],[27.9805,40.6949],[27.9852,40.6964],[27.9878,40.7005],[27.9891,40.7025]],[[27.7255,40.8211],[27.7289,40.8245],[27.7357,40.8312],[27.7357,40.8312],[27.7289,40.8245],[27.7255,40.8211]],[[27.6255,40.7249],[27.6243,40.7263],[27.622,40.7293],[27.622,40.7324],[27.6243,40.7359],[27.6255,40.7344],[27.6255,40.7281],[27.6255,40.7249]]]}},{"type":"Feature","properties":{"depth":750,"kind":"band"},"geometry":{"type":"MultiPolygon","coordinates":[[[[27.5425,40.7156],[27.5472,40.7168],[27.5511,40.7203],[27.5542,40.7262],[27.5575,40.7276],[27.5612,40.7246],[27.5646,40.7266],[27.5677,40.7337],[27.5711,40.7364],[27.5748,40.7349],[27.5771,40.7311],[27.5781,40.725],[27.5825,40.7243],[27.5904,40.7288],[27.5969,40.73],[27.6021,40.7278],[27.6052,40.7308],[27.6062,40.7391],[27.6051,40.7476],[27.602,40.7565],[27.6028,40.7633],[27.6078,40.768],[27.6122,40.7704],[27.6162,40.7704],[27.6239,40.7646],[27.6354,40.7527],[27.6394,40.7511],[27.636,40.7598],[27.6365,40.7684],[27.641,40.777],[27.6606,40.7895],[27.6956,40.8059],[27.7098,40.8157],[27.7035,40.8188],[27.7051,40.8226],[27.7146,40.8273],[27.7284,40.8379],[27.7466,40.8543],[27.7719,40.8675],[27.8042,40.8774],[27.8299,40.8832],[27.8493,40.885],[27.8553,40.8862],[27.848,40.8867],[27.844,40.889],[27.8435,40.8929],[27.8396,40.8946],[27.8323,40.894],[27.8278,40.8971],[27.8263,40.904],[27.824,40.9048],[27.8209,40.8995],[27.818,40.9002],[27.8154,40.9069],[27.8123,40.9082],[27.8086,40.9041],[27.8068,40.9056],[27.8068,40.9129],[27.8047,40.915],[27.8005,40.9119],[27.7982,40.9125],[27.7977,40.9171],[27.7958,40.9178],[27.7927,40.9148],[27.7898,40.9143],[27.7872,40.9161],[27.7846,40.9154],[27.782,40.9121],[27.7811,40.9132],[27.7818,40.9187],[27.7785,40.9222],[27.771,40.9239],[27.7646,40.9244],[27.7594,40.9237],[27.7565,40.9205],[27.756,40.9148],[27.7542,40.9151],[27.7511,40.9215],[27.7451,40.925],[27.7362,40.9255],[27.7034,40.921],[27.6466,40.9115],[27.6052,40.9029],[27.5791,40.8952],[27.5539,40.8844],[27.5294,40.8705],[27.5125,40.8579],[27.503,40.8467],[27.488,40.8359],[27.4673,40.8255],[27.4441,40.8094],[27.4184,40.7875],[27.4105,40.7744],[27.4205,40.7699],[27.4357,40.7674],[27.456,40.7668],[27.476,40.7605],[27.4958,40.7485],[27.505,40.7398],[27.5035,40.7345],[27.5057,40.7315],[27.5117,40.731],[27.5146,40.7278],[27.5143,40.7222],[27.516,40.72],[27.5196,40.7215],[27.5222,40.7208],[27.5237,40.7181],[27.5261,40.721],[27.5292,40.7295],[27.5331,40.7291],[27.5378,40.7198],[27.5402,40.7151],[27.5402,40.7151],[27.5425,40.7156]]],[[[27.9168,40.7029],[27.9136,40.7076],[27.9151,40.7171],[27.9214,40.7314],[27.9297,40.7358],[27.9401,40.7305],[27.9458,40.7291],[27.9469,40.7317],[27.9518,40.7326],[27.9607,40.7319],[27.9716,40.7284],[27.9846,40.7222],[27.9933,40.7199],[27.9978,40.7216],[28,40.7722],[28,40.8716],[27.9986,40.9223],[27.9957,40.9242],[27.9933,40.9208],[27.9912,40.9122],[27.9849,40.9092],[27.9745,40.9118],[27.9654,40.9095],[27.9575,40.9022],[27.9476,40.8987],[27.9357,40.8989],[27.9266,40.8959],[27.9203,40.8896],[27.8997,40.8822],[27.8646,40.8736],[27.8502,40.8641],[27.8564,40.8536],[27.8588,40.8455],[27.8575,40.8396],[27.8438,40.8311],[27.8177,40.8198],[27.8063,40.8133],[27.8095,40.8117],[27.8051,40.8084],[27.793,40.8033],[27.7863,40.7961],[27.7848,40.7866],[27.7755,40.7779],[27.7582,40.77],[27.7565,40.7657],[27.7706,40.7649],[27.7792,40.761],[27.7823,40.754],[27.7886,40.7533],[27.7979,40.759],[27.8044,40.7568],[27.8081,40.7466],[27.8117,40.7455],[27.8154,40.7532],[27.8209,40.758],[27.8282,40.76],[27.8347,40.7555],[27.8404,40.7445],[27.8443,40.7382],[27.8464,40.7367],[27.8487,40.7374],[27.8513,40.7404],[27.8544,40.7402],[27.8581,40.7367],[27.8607,40.7417],[27.8623,40.7553],[27.868,40.7612],[27.8779,40.7595],[27.8874,40.7503],[27.8965,40.7338],[27.9005,40.7221],[27.8994,40.7154],[27.9037,40.7091],[27.9135,40.7034],[27.9184,40.7005],[27.9184,40.7005],[27.9168,40.7029]]]]}},{"type":"Feature","properties":{"depth":750,"kind":"isobath"},"geometry":{"type":"MultiLineString","coordinates":[[[27.5402,40.7151],[27.5425,40.7156],[27.5472,40.7168],[27.5511,40.7203],[27.5542,40.7262],[27.5575,40.7276],[27.5612,40.7246],[27.5646,40.7266],[27.5677,40.7337],[27.5711,40.7364],[27.5748,40.7349],[27.5771,40.7311],[27.5781,40.725],[27.5825,40.7243],[27.5904,40.7288],[27.5969,40.73],[27.6021,40.7278],[27.6052,40.7308],[27.6062,40.7391],[27.6051,40.7476],[27.602,40.7565],[27.6028,40.7633],[27.6078,40.768],[27.6122,40.7704],[27.6162,40.7704],[27.6239,40.7646],[27.6354,40.7527],[27.6394,40.7511],[27.636,40.7598],[27.6365,40.7684],[27.641,40.777],[27.6606,40.7895],[27.6956,40.8059],[27.7098,40.8157],[27.7035,40.8188],[27.7051,40.8226],[27.7146,40.8273],[27.7284,40.8379],[27.7466,40.8543],[27.7719,40.8675],[27.8042,40.8774],[27.8299,40.8832],[27.8493,40.885],[27.8553,40.8862],[27.848,40.8867],[27.844,40.889],[27.8435,40.8929],[27.8396,40.8946],[27.8323,40.894],[27.8278,40.8971],[27.8263,40.904],[27.824,40.9048],[27.8209,40.8995],[27.818,40.9002],[27.8154,40.9069],[27.8123,40.9082],[27.8086,40.9041],[27.8068,40.9056],[27.8068,40.9129],[27.8047,40.915],[27.8005,40.9119],[27.7982,40.9125],[27.7977,40.9171],[27.7958,40.9178],[27.7927,40.9148],[27.7898,40.9143],[27.7872,40.9161],[27.7846,40.9154],[27.782,40.9121],[27.7811,40.9132],[27.7818,40.9187],[27.7785,40.9222],[27.771,40.9239],[27.7646,40.9244],[27.7594,40.9237],[27.7565,40.9205],[27.756,40.9148],[27.7542,40.9151],[27.7511,40.9215],[27.7451,40.925],[27.7362,40.9255],[27.7034,40.921],[27.6466,40.9115],[27.6052,40.9029],[27.5791,40.8952],[27.5539,40.8844],[27.5294,40.8705],[27.5125,40.8579],[27.503,40.8467],[27.488,40.8359],[27.4673,40.8255],[27.4441,40.8094],[27.4184,40.7875],[27.4105,40.7744],[27.4205,40.7699],[27.4357,40.7674],[27.456,40.7668],[27.476,40.7605],[27.4958,40.7485],[27.505,40.7398],[27.5035,40.7345],[27.5057,40.7315],[27.5117,40.731],[27.5146,40.7278],[27.5143,40.7222],[27.516,40.72],[27.5196,40.7215],[27.5222,40.7208],[27.5237,40.7181],[27.5261,40.721],[27.5292,40.7295],[27.5331,40.7291],[27.5378,40.7198],[27.5402,40.7151]],[[27.9943,40.9251],[27.9933,40.9208],[27.9912,40.9122],[27.9849,40.9092],[27.9745,40.9118],[27.9654,40.9095],[27.9575,40.9022],[27.9476,40.8987],[27.9357,40.8989],[27.9266,40.8959],[27.9203,40.8896],[27.8997,40.8822],[27.8646,40.8736],[27.8502,40.8641],[27.8564,40.8536],[27.8588,40.8455],[27.8575,40.8396],[27.8438,40.8311],[27.8177,40.8198],[27.8063,40.8133],[27.8095,40.8117],[27.8051,40.8084],[27.793,40.8033],[27.7863,40.7961],[27.7848,40.7866],[27.7755,40.7779],[27.7582,40.77],[27.7565,40.7657],[27.7706,40.7649],[27.7792,40.761],[27.7823,40.754],[27.7886,40.7533],[27.7979,40.759],[27.8044,40.7568],[27.8081,40.7466],[27.8117,40.7455],[27.8154,40.7532],[27.8209,40.758],[27.8282,40.76],[27.8347,40.7555],[27.8404,40.7445],[27.8443,40.7382],[27.8464,40.7367],[27.8487,40.7374],[27.8513,40.7404],[27.8544,40.7402],[27.8581,40.7367],[27.8607,40.7417],[27.8623,40.7553],[27.868,40.7612],[27.8779,40.7595],[27.8874,40.7503],[27.8965,40.7338],[27.9005,40.7221],[27.8994,40.7154],[27.9037,40.7091],[27.9135,40.7034],[27.9184,40.7005],[27.9184,40.7005],[27.9168,40.7029],[27.9136,40.7076],[27.9151,40.7171],[27.9214,40.7314],[27.9297,40.7358],[27.9401,40.7305],[27.9458,40.7291],[27.9469,40.7317],[27.9518,40.7326],[27.9607,40.7319],[27.9716,40.7284],[27.9846,40.7222],[27.9911,40.7191]]]}},{"type":"Feature","properties":{"depth":1000,"kind":"band"},"geometry":{"type":"MultiPolygon","coordinates":[[[[27.8306,40.7891],[27.8281,40.7891],[27.8281,40.7891],[27.8306,40.7891],[27.8318,40.7891],[27.8318,40.7891],[27.8306,40.7891]]],[[[27.5515,40.754],[27.555,40.763],[27.5618,40.7656],[27.5717,40.7617],[27.5763,40.7648],[27.5756,40.7747],[27.5774,40.7812],[27.5817,40.7841],[27.5912,40.7874],[27.6057,40.7909],[27.6172,40.791],[27.6255,40.7876],[27.6305,40.7886],[27.632,40.7939],[27.6441,40.8009],[27.6666,40.8097],[27.6866,40.8235],[27.7042,40.8422],[27.7235,40.8586],[27.7445,40.8727],[27.751,40.8811],[27.7431,40.884],[27.7373,40.8842],[27.7336,40.8817],[27.7297,40.8821],[27.7255,40.8854],[27.7232,40.8852],[27.7227,40.8817],[27.7203,40.8802],[27.7162,40.8807],[27.7118,40.8821],[27.7071,40.8842],[27.7037,40.8881],[27.7016,40.8936],[27.6992,40.8945],[27.6966,40.8908],[27.6932,40.8907],[27.6891,40.8942],[27.6865,40.8935],[27.6854,40.8885],[27.682,40.889],[27.6763,40.8947],[27.6724,40.8956],[27.6703,40.8915],[27.668,40.8913],[27.6654,40.895],[27.662,40.8949],[27.6578,40.891],[27.6505,40.8908],[27.6401,40.8943],[27.6336,40.8941],[27.631,40.8902],[27.6281,40.8895],[27.625,40.892],[27.6115,40.8915],[27.5876,40.8878],[27.5624,40.8788],[27.5357,40.8645],[27.5182,40.8522],[27.5099,40.8417],[27.4962,40.8319],[27.4771,40.8228],[27.4548,40.8081],[27.4293,40.7877],[27.429,40.7815],[27.4539,40.7893],[27.4717,40.7933],[27.4826,40.7937],[27.4956,40.789],[27.5107,40.7793],[27.5203,40.7695],[27.5245,40.7594],[27.5302,40.755],[27.5375,40.7565],[27.5433,40.7553],[27.5476,40.7514],[27.5497,40.7495],[27.5497,40.7495],[27.5515,40.754]]],[[[27.9977,40.7797],[27.9992,40.8588],[27.9934,40.8985],[27.9801,40.8987],[27.9613,40.8914],[27.9371,40.8767],[27.9219,40.8662],[27.9158,40.8599],[27.916,40.8529],[27.9227,40.845],[27.9246,40.8381],[27.9217,40.832],[27.8989,40.8211],[27.8561,40.8053],[27.8374,40.7939],[27.8427,40.7868],[27.8521,40.7837],[27.8656,40.7844],[27.8791,40.7809],[27.8926,40.7732],[27.9014,40.7631],[27.9057,40.7508],[27.9091,40.7474],[27.9116,40.7529],[27.9157,40.7561],[27.9216,40.7569],[27.9289,40.7552],[27.9378,40.7509],[27.9487,40.7493],[27.9617,40.7502],[27.9754,40.748],[27.9897,40.7427],[27.9969,40.7401],[27.9969,40.7401],[27.9977,40.7797]]]]}},{"type":"Feature","properties":{"depth":1000,"kind":"isobath"},"geometry":{"type":"MultiLineString","coordinates":[[[27.8318,40.7891],[27.8306,40.7891],[27.8281,40.7891],[27.8281,40.7891],[27.8306,40.7891],[27.8318,40.7891]],[[27.5497,40.7495],[27.5515,40.754],[27.555,40.763],[27.5618,40.7656],[27.5717,40.7617],[27.5763,40.7648],[27.5756,40.7747],[27.5774,40.7812],[27.5817,40.7841],[27.5912,40.7874],[27.6057,40.7909],[27.6172,40.791],[27.6255,40.7876],[27.6305,40.7886],[27.632,40.7939],[27.6441,40.8009],[27.6666,40.8097],[27.6866,40.8235],[27.7042,40.8422],[27.7235,40.8586],[27.7445,40.8727],[27.751,40.8811],[27.7431,40.884],[27.7373,40.8842],[27.7336,40.8817],[27.7297,40.8821],[27.7255,40.8854],[27.7232,40.8852],[27.7227,40.8817],[27.7203,40.8802],[27.7162,40.8807],[27.7118,40.8821],[27.7071,40.8842],[27.7037,40.8881],[27.7016,40.8936],[27.6992,40.8945],[27.6966,40.8908],[27.6932,40.8907],[27.6891,40.8942],[27.6865,40.8935],[27.6854,40.8885],[27.682,40.889],[27.6763,40.8947],[27.6724,40.8956],[27.6703,40.8915],[27.668,40.8913],[27.6654,40.895],[27.662,40.8949],[27.6578,40.891],[27.6505,40.8908],[27.6401,40.8943],[27.6336,40.8941],[27.631,40.8902],[27.6281,40.8895],[27.625,40.892],[27.6115,40.8915],[27.5876,40.8878],[27.5624,40.8788],[27.5357,40.8645],[27.5182,40.8522],[27.5099,40.8417],[27.4962,40.8319],[27.4771,40.8228],[27.4548,40.8081],[27.4293,40.7877],[27.429,40.7815],[27.4539,40.7893],[27.4717,40.7933],[27.4826,40.7937],[27.4956,40.789],[27.5107,40.7793],[27.5203,40.7695],[27.5245,40.7594],[27.5302,40.755],[27.5375,40.7565],[27.5433,40.7553],[27.5476,40.7514],[27.5497,40.7495]],[[27.9734,40.8988],[27.9613,40.8914],[27.9371,40.8767],[27.9219,40.8662],[27.9158,40.8599],[27.916,40.8529],[27.9227,40.845],[27.9246,40.8381],[27.9217,40.832],[27.8989,40.8211],[27.8561,40.8053],[27.8374,40.7939],[27.8427,40.7868],[27.8521,40.7837],[27.8656,40.7844],[27.8791,40.7809],[27.8926,40.7732],[27.9014,40.7631],[27.9057,40.7508],[27.9091,40.7474],[27.9116,40.7529],[27.9157,40.7561],[27.9216,40.7569],[27.9289,40.7552],[27.9378,40.7509],[27.9487,40.7493],[27.9617,40.7502],[27.9754,40.748],[27.9897,40.7427],[27.9969,40.7401],[27.9969,40.7401],[27.9969,40.7401]]]}}]}